year,sex,age,citizenship,count
2022,m,19,UKR,10098
2022,f,32,UKR,32406
2022,f,41,UKR,30483
2022,f,25,UKR,31401
2022,f,28,UKR,30841
2022,f,37,UKR,34739
2022,f,40,UKR,31592
2022,f,55,IND,20
2022,f,39,UKR,34899
2022,f,44,BLR,1191
2022,f,55,UKR,15568
2022,m,45,IND,434
2022,m,44,IDN,87
2022,m,34,UKR,30541
2022,f,83,ARM,10
2022,f,23,UKR,28307
2022,f,1,UKR,14472
2022,f,30,UKR,31740
2022,m,25,UKR,29671
2022,m,30,UKR,30590
2022,m,4,UKR,17174
2022,f,31,UKR,31958
2022,m,41,IND,749
2022,m,22,UKR,21899
2022,m,30,BLR,4639
2022,f,54,UKR,16728
2022,f,33,UKR,33186
2022,m,41,UKR,24215
2022,f,46,UKR,27219
2022,f,2,UKR,16199
2022,m,40,UKR,25324
2022,f,8,UKR,21807
2022,f,6,UKR,19500
2022,f,59,UKR,12650
2022,m,36,UKR,30410
2022,f,63,NLD,16
2022,m,11,UKR,21095
2022,f,10,UKR,22216
2022,f,27,RUS,543
2022,m,58,UKR,6789
2022,m,35,UKR,30357
2022,m,5,UKR,18468
2022,m,42,UKR,23969
2022,f,45,UKR,27608
2022,m,22,BLR,2939
2022,m,6,UKR,19836
2022,f,21,UKR,25941
2022,f,0,UKR,8072
2022,f,17,UKR,20109
2022,f,5,UKR,18268
2022,m,38,ROU,339
2022,f,16,UKR,20435
2022,m,48,UKR,18724
2022,m,26,UKR,31139
2022,f,29,UKR,31047
2022,m,43,UKR,22845
2022,f,19,UKR,24225
2022,m,65,UKR,3295
2022,m,37,UKR,28392
2022,m,60,UNKNOWN,121
2022,m,33,RUS,763
2022,f,24,UKR,30177
2022,f,51,UKR,21225
2022,m,29,UKR,30608
2022,m,21,KAZ,199
2022,m,61,UKR,6748
2022,f,34,UKR,34900
2022,f,18,UKR,22342
2022,f,52,UKR,19745
2022,m,56,BLR,1029
2022,m,35,BLR,5156
2022,m,33,UKR,29767
2022,m,23,UKR,23938
2022,m,27,UKR,30906
2022,f,44,CZE,57
2022,m,26,IDN,256
2022,f,2,IND,123
2022,m,69,UKR,1591
2022,f,50,UKR,22906
2022,m,20,UKR,13610
2022,m,8,UKR,22487
2022,m,48,CHN,245
2022,m,12,UKR,20321
2022,f,14,UKR,21066
2022,m,28,ETH,83
2022,f,20,UKR,24953
2022,m,32,UKR,29833
2022,f,38,UKR,34766
2022,m,9,UKR,22051
2022,m,30,HUN,82
2022,m,7,UKR,20875
2022,f,59,FRA,41
2022,f,49,UKR,22996
2022,f,26,BLR,2517
2022,m,45,UKR,21032
2022,m,24,UKR,27148
2022,f,47,SWE,59
2022,m,57,UKR,7778
2022,m,56,UKR,9114
2022,f,26,LVA,23
2022,f,25,PER,10
2022,f,63,UKR,9299
2022,m,55,JPN,80
2022,f,26,UKR,31683
2022,f,27,UKR,31315
2022,f,36,BLR,1921
2022,f,62,UKR,10470
2022,m,70,UKR,1472
2022,m,35,SWE,65
2022,f,22,UKR,27799
2022,m,44,UZB,267
2022,m,54,CZE,68
2022,f,42,UKR,30280
2022,m,44,UKR,22107
2022,m,53,AUT,70
2022,f,66,UKR,6675
2022,f,64,UKR,8650
2022,m,13,UKR,20890
2022,m,46,SVK,84
2022,m,24,BLR,3790
2022,f,9,UKR,21663
2022,f,70,UKR,4295
2022,f,15,UKR,20356
2022,f,43,UKR,29443
2022,m,54,UKR,11482
2022,m,52,UKR,14785
2022,m,3,UKR,16712
2022,f,67,UNKNOWN,176
2022,m,49,UKR,17628
2022,f,75,SWE,64
2022,m,58,GBR,225
2022,m,25,BLR,4107
2022,m,52,DEU,698
2022,f,75,UKR,2094
2022,f,35,UKR,35290
2022,m,60,UKR,6664
2022,m,21,TUR,496
2022,m,15,UKR,19037
2022,m,51,UKR,16156
2022,m,21,KOSOVO,24
2022,m,49,FRA,202
2022,m,15,BLR,545
2022,m,27,UZB,309
2022,m,21,BLR,2316
2022,m,32,BEL,45
2022,m,41,CHN,393
2022,f,47,UKR,26008
2022,m,38,UKR,28723
2022,m,62,BLR,408
2022,f,36,UKR,36669
2022,m,1,UKR,15226
2022,m,10,UKR,22443
2022,m,18,CAN,8
2022,f,47,BLR,988
2022,m,47,UKR,19649
2022,m,50,NGA,33
2022,m,30,AZE,306
2022,m,49,BLR,2160
2022,m,29,BLR,4392
2022,m,36,BLR,5266
2022,m,67,BLR,112
2022,m,22,MDA,1003
2022,m,39,UKR,28335
2022,f,61,RUS,171
2022,m,59,AUT,77
2022,f,33,AUT,23
2022,m,31,UKR,30277
2022,f,30,KOR,67
2022,f,68,RUS,95
2022,f,59,BGR,51
2022,m,35,VEN,19
2022,m,55,FRA,171
2022,m,50,UKR,17161
2022,f,46,BLR,1032
2022,m,51,KOR,197
2022,f,56,UKR,14787
2022,f,44,DEU,254
2022,f,32,IND,471
2022,m,44,RUS,572
2022,m,46,UKR,20550
2022,f,67,UKR,5857
2022,f,81,UKR,908
2022,m,17,UKR,20959
2022,m,28,UKR,30712
2022,m,23,ETH,147
2022,m,64,ITA,173
2022,m,39,GBR,227
2022,m,4,HUN,9
2022,f,47,RUS,343
2022,m,90,DEU,76
2022,m,14,UKR,20466
2022,m,32,AZE,269
2022,m,61,VNM,98
2022,f,44,UKR,28332
2022,f,43,BLR,1250
2022,m,38,ISR,30
2022,m,59,SOM,1
2022,m,16,UKR,18997
2022,m,21,UKR,17271
2022,m,27,IRQ,32
2022,m,32,MDA,997
2022,f,12,UKR,20471
2022,m,33,BLR,5095
2022,f,66,FRA,23
2022,m,53,UKR,12847
2022,m,47,KOR,182
2022,m,24,LKA,15
2022,m,30,IND,1525
2022,m,32,CHN,388
2022,f,34,BLR,2023
2022,f,3,UKR,16043
2022,f,19,SVN,1
2022,m,42,BLR,3494
2022,m,2,UKR,16850
2022,m,29,NGA,146
2022,m,0,UNKNOWN,31
2022,f,71,UKR,3723
2022,m,28,ITA,311
2022,m,0,UKR,8371
2022,m,23,SAU,7
2022,f,57,UKR,13386
2022,m,3,BLR,715
2022,m,16,RUS,254
2022,f,4,UKR,16941
2022,m,34,BLR,5240
2022,m,41,BLR,3857
2022,f,28,ITA,164
2022,f,24,MDA,462
2022,f,58,UKR,12909
2022,f,61,UKR,11208
2022,f,90,DEU,44
2022,f,65,UKR,7585
2022,f,13,UKR,20985
2022,m,26,BLR,4127
2022,m,47,ETH,9
2022,m,35,TUR,745
2022,m,32,BLR,4950
2022,f,33,CHN,326
2022,m,30,KOR,109
2022,m,48,RUS,489
2022,m,88,GRC,11
2022,f,35,BLR,1966
2022,f,8,BLR,744
2022,f,42,RUS,438
2022,m,40,ROU,299
2022,m,14,BLR,489
2022,f,54,MDA,210
2022,m,45,KAZ,86
2022,f,52,KOR,62
2022,m,43,TUR,361
2022,m,39,ARM,127
2022,f,35,JPN,44
2022,f,4,IND,139
2022,m,50,BGR,133
2022,f,91,DEU,67
2022,m,66,UKR,2730
2022,m,50,DEU,647
2022,m,34,TUR,866
2022,f,60,UKR,11885
2022,m,33,ITA,309
2022,f,50,CZE,49
2022,m,67,CHN,44
2022,m,39,MDA,1017
2022,f,59,MDA,82
2022,m,60,DEU,820
2022,m,86,UKR,107
2022,m,11,BLR,675
2022,m,19,BLR,1398
2022,m,39,PHL,381
2022,f,7,UKR,20206
2022,f,53,UKR,17779
2022,f,11,UKR,20901
2022,f,57,RUS,198
2022,m,41,DEU,646
2022,m,18,UKR,22602
2022,m,59,UKR,6225
2022,m,39,BLR,4635
2022,f,48,UKR,25062
2022,m,27,PAK,104
2022,m,28,BLR,4355
2022,f,57,BLR,401
2022,m,64,UKR,4098
2022,m,46,TUR,292
2022,m,26,ZWE,74
2022,m,33,TUN,105
2022,m,52,UZB,112
2022,m,32,DEU,362
2022,m,96,GRC,29
2022,m,58,UNKNOWN,110
2022,m,41,LTU,120
2022,m,15,RUS,256
2022,m,71,UKR,1213
2022,f,48,MDA,376
2022,f,73,UKR,3294
2022,m,57,UNKNOWN,101
2022,m,34,LVA,94
2022,m,36,ROU,401
2022,f,37,BLR,1841
2022,m,34,AZE,205
2022,m,24,UZB,319
2022,m,27,GEO,1768
2022,m,50,MDA,568
2022,f,30,TUR,573
2022,m,36,MDA,1118
2022,f,4,BLR,653
2022,m,54,BLR,1304
2022,f,24,ROU,128
2022,f,78,AUT,13
2022,f,23,MDA,495
2022,f,26,RUS,561
2022,m,38,IND,952
2022,m,30,ESP,286
2022,f,18,BLR,1561
2022,m,32,IND,1392
2022,m,27,ROU,215
2022,f,28,BLR,2409
2022,m,9,BLR,710
2022,m,46,HUN,73
2022,f,13,IND,41
2022,m,37,BLR,4877
2022,m,64,VNM,90
2022,f,25,TUR,731
2022,m,43,BGR,191
2022,f,28,GHA,11
2022,f,0,VNM,100
2022,f,29,BLR,2213
2022,m,39,RUS,719
2022,m,39,DEU,608
2022,m,36,EGY,176
2022,m,32,GEO,2000
2022,m,7,BLR,848
2022,f,34,TUR,477
2022,m,49,DEU,554
2022,m,24,BGD,113
2022,m,41,IRL,67
2022,f,49,LTU,50
2022,f,40,UNKNOWN,184
2022,m,19,MDA,324
2022,m,35,RUS,769
2022,m,45,UZB,256
2022,m,50,BLR,2034
2022,m,43,BLR,3253
2022,f,68,MNG,6
2022,f,36,NLD,41
2022,m,25,IND,898
2022,m,37,RUS,750
2022,f,37,KAZ,75
2022,f,45,LVA,29
2022,m,50,GEO,952
2022,f,45,MDA,407
2022,f,71,AUT,51
2022,m,19,UZB,356
2022,f,82,ITA,7
2022,f,59,DEU,366
2022,m,55,RUS,300
2022,m,55,UKR,10172
2022,m,63,UKR,4892
2022,m,33,NPL,249
2022,f,35,PHL,332
2022,f,65,SVK,8
2022,m,44,BLR,3081
2022,m,40,ITA,322
2022,f,79,UKR,687
2022,m,59,UNKNOWN,113
2022,f,69,SWE,99
2022,m,44,ARM,113
2022,m,27,BLR,4415
2022,m,43,IND,563
2022,m,33,UZB,343
2022,m,30,ITA,288
2022,m,49,NLD,122
2022,m,47,ITA,285
2022,m,47,RUS,496
2022,f,8,CHN,54
2022,f,47,VNM,116
2022,m,27,KOR,79
2022,m,47,VNM,242
2022,m,33,GHA,19
2022,f,19,MDA,181
2022,m,30,NPL,325
2022,f,24,CHN,307
2022,f,20,GEO,108
2022,m,33,CHN,422
2022,m,4,KGZ,5
2022,m,0,TJK,9
2022,f,40,CHN,261
2022,f,32,TUR,653
2022,f,28,TUR,424
2022,m,22,YEM,6
2022,m,2,ROU,94
2022,m,32,PHL,211
2022,f,7,VNM,113
2022,m,53,GEO,784
2022,m,33,PHL,235
2022,m,40,MDA,895
2022,f,40,BRA,52
2022,m,39,VNM,385
2022,f,68,UKR,5501
2022,m,22,BGD,65
2022,m,36,ITA,305
2022,m,18,BLR,1182
2022,m,34,COL,87
2022,m,29,MDA,1139
2022,f,46,DEU,227
2022,f,48,VNM,108
2022,m,30,SAU,118
2022,m,31,IND,1339
2022,m,64,NLD,72
2022,m,32,LVA,75
2022,m,56,AUT,66
2022,m,5,BLR,754
2022,f,66,DEU,367
2022,f,11,SYR,6
2022,m,49,VNM,218
2022,m,31,BLR,4779
2022,f,15,SWE,9
2022,f,29,IDN,83
2022,m,14,ECU,1
2022,f,61,UNKNOWN,246
2022,m,71,DEU,516
2022,f,63,UNKNOWN,225
2022,m,26,JOR,39
2022,m,51,GEO,959
2022,f,52,UNKNOWN,302
2022,m,22,AZE,316
2022,m,26,GTM,13
2022,m,20,KAZ,261
2022,m,24,IDN,251
2022,f,52,ITA,26
2022,f,45,GEO,351
2022,m,38,SYR,33
2022,f,69,UKR,4736
2022,m,45,BLR,2932
2022,m,38,PHL,348
2022,f,37,IRN,38
2022,m,8,BLR,822
2022,m,46,UZB,223
2022,m,65,JPN,23
2022,m,72,DEU,534
2022,m,42,GEO,1452
2022,f,53,ITA,29
2022,m,42,PHL,328
2022,m,62,UKR,5806
2022,m,24,RWA,85
2022,m,39,TUR,441
2022,m,64,CHN,53
2022,f,50,UNKNOWN,337
2022,m,67,UKR,2262
2022,m,22,ECU,12
2022,m,38,GEO,1632
2022,f,30,CRI,6
2022,m,22,TUR,704
2022,m,35,IND,1194
2022,m,32,TUR,1156
2022,f,9,BGD,2
2022,m,41,GEO,1583
2022,m,45,UNKNOWN,110
2022,f,18,RUS,279
2022,m,31,GEO,2047
2022,m,45,USA,147
2022,m,36,MAR,50
2022,f,43,KOR,97
2022,f,22,MDA,446
2022,m,22,RUS,380
2022,m,29,EGY,106
2022,m,42,RUS,614
2022,m,36,MKD,6
2022,f,40,CMR,7
2022,f,45,CAN,22
2022,m,54,TUR,137
2022,m,29,GEO,1628
2022,f,24,RUS,466
2022,f,31,CZE,52
2022,m,24,GEO,1404
2022,m,1,AFG,14
2022,m,58,SVK,41
2022,f,35,ROU,162
2022,f,34,CHN,311
2022,m,23,AZE,337
2022,m,40,CZE,95
2022,m,51,NLD,147
2022,m,61,BLR,485
2022,f,42,PHL,225
2022,m,47,BLR,2481
2022,m,53,USA,143
2022,m,4,VNM,108
2022,f,62,BLR,251
2022,m,27,MEX,47
2022,m,32,UZB,342
2022,m,46,BLR,2747
2022,f,34,KOR,52
2022,m,45,GEO,1366
2022,f,90,RUS,15
2022,f,40,TUR,99
2022,m,31,IRL,34
2022,m,54,CYP,6
2022,m,74,UNKNOWN,48
2022,f,46,KAZ,58
2022,f,53,SVK,28
2022,m,10,BLR,691
2022,m,49,GEO,1018
2022,f,18,ARM,27
2022,m,41,RUS,629
2022,f,25,IRN,18
2022,m,28,NPL,308
2022,m,19,IND,98
2022,f,72,UKR,3308
2022,m,23,GHA,12
2022,m,52,FRA,183
2022,m,21,GEO,955
2022,m,75,UKR,589
2022,m,37,IND,1151
2022,m,26,GEO,1737
2022,m,34,GEO,1681
2022,m,49,BEL,49
2022,m,27,IND,1406
2022,m,23,BLR,3422
2022,m,36,TUR,643
2022,m,33,ZWE,37
2022,m,43,ROU,265
2022,f,29,CHN,240
2022,f,56,CHN,63
2022,f,72,SWE,89
2022,f,41,PHL,250
2022,m,28,RUS,592
2022,f,46,MDA,423
2022,f,27,GEO,263
2022,m,28,UNKNOWN,68
2022,m,55,HRV,24
2022,m,30,TUR,1150
2022,m,38,ALB,52
2022,m,34,TJK,95
2022,f,26,KEN,30
2022,m,68,UKR,1939
2022,m,57,LVA,34
2022,m,36,CYP,6
2022,f,45,BLR,1113
2022,m,51,BLR,1990
2022,m,64,BLR,256
2022,m,44,MDA,800
2022,m,53,BLR,1405
2022,m,56,UNKNOWN,97
2022,m,24,RUS,509
2022,f,2,MDA,38
2022,m,38,FRA,221
2022,m,61,DEU,777
2022,m,28,ZWE,68
2022,m,23,RUS,444
2022,m,28,GEO,1710
2022,m,40,NZL,8
2022,m,8,SWE,5
2022,m,41,ROU,323
2022,m,43,IRQ,34
2022,m,21,RUS,366
2022,m,54,MDA,430
2022,m,50,CHN,249
2022,m,6,NPL,4
2022,m,36,CZE,108
2022,m,12,BLR,535
2022,m,52,KOR,195
2022,m,26,ROU,172
2022,m,51,ARM,97
2022,m,57,DNK,80
2022,m,23,VNM,182
2022,m,34,ROU,402
2022,m,17,RUS,249
2022,f,22,BLR,2525
2022,f,50,GEO,287
2022,m,9,ROU,71
2022,f,23,TUR,611
2022,f,26,COG,11
2022,f,49,BGR,82
2022,f,49,BLR,951
2022,f,40,AUT,45
2022,f,54,CHN,100
2022,m,34,RUS,821
2022,f,70,AUT,56
2022,m,42,MDA,803
2022,f,82,UKR,798
2022,m,27,CHN,225
2022,f,91,UKR,85
2022,f,24,BLR,2654
2022,f,84,UKR,684
2022,m,39,GEO,1546
2022,m,42,CHN,337
2022,m,15,KOR,56
2022,m,32,ITA,324
2022,f,20,MAR,14
2022,f,5,ROU,72
2022,f,18,PHL,2
2022,m,35,NPL,243
2022,m,25,AGO,19
2022,m,44,KOR,183
2022,f,74,UKR,2379
2022,m,40,BGR,180
2022,m,55,DEU,773
2022,m,2,GEO,71
2022,f,52,CHN,115
2022,m,33,IND,1300
2022,m,33,VNM,367
2022,f,32,GEO,325
2022,f,11,ROU,62
2022,m,69,SWE,90
2022,f,11,RUS,177
2022,f,28,UZB,33
2022,m,43,MDA,807
2022,f,11,GEO,46
2022,m,45,RUS,522
2022,m,66,VNM,57
2022,m,41,MDA,850
2022,f,62,JPN,15
2022,m,31,PRT,115
2022,f,30,CHN,268
2022,m,25,TUR,1174
2022,f,21,FRA,116
2022,m,42,ESP,174
2022,m,33,MAR,59
2022,f,26,ESP,156
2022,m,34,PAK,140
2022,f,69,VNM,42
2022,m,46,GEO,1322
2022,m,51,CHN,229
2022,m,35,KOR,116
2022,m,58,AUT,64
2022,m,28,MDA,1141
2022,m,30,GRC,59
2022,m,53,LBN,11
2022,m,45,FRA,184
2022,m,31,IRQ,36
2022,m,33,GEO,1792
2022,f,42,EST,11
2022,m,37,VNM,444
2022,m,40,KAZ,111
2022,f,32,RUS,636
2022,m,43,ESP,182
2022,m,40,BLR,4095
2022,m,54,GEO,706
2022,m,47,MDA,708
2022,m,22,JOR,16
2022,f,26,AZE,83
2022,m,19,JPN,18
2022,f,33,FRA,73
2022,m,27,MLI,6
2022,f,32,SRB,24
2022,m,41,PER,12
2022,f,39,IND,222
2022,f,48,BLR,992
2022,m,54,DEU,750
2022,m,24,TUN,28
2022,m,38,TJK,68
2022,f,14,KOR,62
2022,f,28,DEU,132
2022,m,49,TUR,237
2022,f,28,IND,382
2022,f,49,UNKNOWN,291
2022,m,60,GRC,42
2022,f,30,GBR,45
2022,m,8,IND,110
2022,m,25,ESP,262
2022,m,39,CHN,406
2022,m,43,UZB,312
2022,m,37,BRA,87
2022,m,59,GEO,386
2022,m,25,PAK,74
2022,m,22,COL,50
2022,m,20,IND,142
2022,f,43,IND,110
2022,m,84,UKR,188
2022,m,44,BRA,41
2022,m,54,BGR,140
2022,m,22,DEU,125
2022,m,46,CHN,242
2022,f,25,NPL,57
2022,m,29,TUR,1042
2022,f,37,HUN,55
2022,m,64,DEU,707
2022,m,61,CZE,48
2022,m,5,VNM,91
2022,m,42,GRC,50
2022,m,53,DEU,753
2022,m,37,TKM,82
2022,m,52,BLR,1622
2022,m,39,ROU,318
2022,m,52,PHL,78
2022,f,55,MDA,181
2022,f,76,UKR,1710
2022,m,43,ARM,151
2022,m,27,NPL,306
2022,m,38,LVA,98
2022,f,49,DEU,204
2022,f,36,COG,8
2022,f,23,ARM,36
2022,m,27,TUR,828
2022,m,85,RUS,16
2022,f,7,BLR,805
2022,m,47,UNKNOWN,99
2022,f,9,BLR,719
2022,m,20,GEO,744
2022,f,43,GEO,371
2022,m,22,IDN,273
2022,m,25,ROU,184
2022,f,27,BLR,2428
2022,f,14,JPN,14
2022,m,56,DEU,835
2022,m,43,USA,180
2022,f,29,MDA,439
2022,f,38,ROU,138
2022,f,43,TKM,8
2022,f,51,RUS,334
2022,f,54,USA,45
2022,m,31,LVA,67
2022,f,29,NOR,32
2022,m,57,KOR,111
2022,f,48,RUS,323
2022,f,21,CYP,1
2022,f,98,GRC,7
2022,m,43,GBR,234
2022,m,35,SAU,48
2022,f,64,USA,56
2022,m,62,SWE,60
2022,m,57,GBR,255
2022,m,6,KOR,44
2022,m,43,RUS,571
2022,f,27,IDN,106
2022,m,63,GBR,145
2022,m,23,TUR,907
2022,f,27,CAN,19
2022,m,58,CHN,134
2022,f,57,GEO,158
2022,m,13,CHN,53
2022,m,31,PHL,181
2022,m,64,RUS,112
2022,m,38,BLR,4663
2022,f,22,RUS,398
2022,m,54,AUT,83
2022,m,46,KAZ,80
2022,f,20,TUR,104
2022,m,47,CZE,131
2022,m,25,IDN,288
2022,m,26,ITA,264
2022,f,47,UNKNOWN,261
2022,m,44,PAK,93
2022,m,5,ROU,76
2022,m,31,MDA,1012
2022,m,18,BGR,65
2022,m,24,NAM,3
2022,m,48,BGR,169
2022,m,34,ESP,255
2022,f,60,MDA,76
2022,f,21,MDA,366
2022,m,34,NPL,266
2022,m,26,FRA,231
2022,f,107,RUS,2
2022,f,29,PHL,145
2022,m,48,DEU,601
2022,m,8,BGR,63
2022,m,22,UZB,430
2022,f,12,BLR,589
2022,f,35,CHN,311
2022,m,31,IDN,200
2022,m,42,BGD,131
2022,m,45,UNKNOWN,12
2022,m,48,BLR,2379
2022,f,13,EGY,7
2022,f,57,BRA,4
2022,f,36,HRV,12
2022,f,3,BLR,607
2022,f,49,CHN,148
2022,m,28,IND,1492
2022,m,31,CHN,271
2022,f,31,BLR,2099
2022,f,18,SWE,8
2022,f,39,PHL,273
2022,m,42,CZE,91
2022,m,64,SVK,21
2022,m,34,AUS,21
2022,m,27,IDN,270
2022,m,37,CAN,52
2022,f,22,USA,75
2022,m,38,VNM,401
2022,m,17,BGR,64
2022,m,2,IND,120
2022,m,52,RUS,412
2022,m,44,DEU,663
2022,m,34,ITA,323
2022,m,53,MAR,19
2022,m,37,UZB,386
2022,f,77,UKR,960
2022,f,19,TKM,2
2022,m,25,RUS,536
2022,m,21,TJK,47
2022,m,34,PRT,129
2022,m,42,MKD,11
2022,m,43,VNM,222
2022,m,20,BLR,1693
2022,f,44,CHN,166
2022,f,26,KAZ,142
2022,m,35,CUB,25
2022,m,18,MDA,138
2022,f,71,CAN,9
2022,m,36,IND,1206
2022,f,55,GEO,168
2022,m,57,GEO,530
2022,m,47,PHL,184
2022,f,50,DEU,220
2022,m,30,BGD,214
2022,f,25,MDA,449
2022,m,25,KAZ,183
2022,f,45,UNKNOWN,184
2022,m,44,CHL,12
2022,m,39,AZE,134
2022,m,4,MDA,35
2022,f,57,DEU,291
2022,f,40,RUS,523
2022,m,22,KGZ,77
2022,m,38,NPL,193
2022,m,23,CHN,131
2022,f,31,HRV,25
2022,m,61,FRA,114
2022,m,42,IND,675
2022,f,38,BLR,1696
2022,f,87,UKR,216
2022,m,23,MDA,1102
2022,m,41,BGD,118
2022,m,56,VNM,150
2022,m,61,ISR,11
2022,f,74,SYR,1
2022,m,24,MDA,1167
2022,f,30,GEO,329
2022,f,32,MDA,371
2022,m,21,NPL,64
2022,m,28,TUR,975
2022,m,17,BLR,718
2022,m,46,GBR,240
2022,f,29,IND,374
2022,m,66,USA,85
2022,m,3,ROU,79
2022,m,43,UGA,7
2022,m,18,EGY,15
2022,f,48,ITA,29
2022,m,33,IRN,59
2022,m,46,ARM,132
2022,m,45,KHM,2
2022,m,58,YEM,3
2022,m,30,GTM,14
2022,f,47,BGR,85
2022,f,26,NLD,42
2022,m,22,GEO,1169
2022,m,50,CHE,19
2022,f,2,CHN,49
2022,m,37,USA,204
2022,m,28,IRQ,41
2022,f,23,HRV,13
2022,f,57,IRN,5
2022,m,26,MDA,1159
2022,f,54,FRA,69
2022,f,38,GBR,63
2022,f,37,MDA,416
2022,f,46,PHL,106
2022,m,57,MDA,248
2022,m,37,MDA,1037
2022,f,33,RUS,689
2022,f,67,SWE,101
2022,m,2,BLR,583
2022,m,41,COG,9
2022,m,36,GBR,184
2022,f,34,CAN,30
2022,f,5,IND,125
2022,m,35,USA,189
2022,m,65,CHN,60
2022,m,40,IND,833
2022,f,54,UNKNOWN,252
2022,m,30,LBN,35
2022,f,52,MDA,260
2022,m,45,PAK,80
2022,f,25,ESP,221
2022,m,41,ITA,289
2022,m,23,ESP,212
2022,m,46,NZL,14
2022,m,6,BLR,897
2022,m,27,ITA,296
2022,m,44,CZE,128
2022,m,78,YUG,3
2022,m,65,UNKNOWN,11
2022,m,27,ISL,1
2022,m,51,UZB,124
2022,m,32,BGR,153
2022,f,41,GEO,388
2022,m,49,ISR,37
2022,f,12,PRT,6
2022,m,38,MDA,1001
2022,f,26,PRT,38
2022,m,27,ESP,248
2022,m,29,SWE,60
2022,m,20,IRQ,15
2022,f,19,SVK,10
2022,f,42,BLR,1249
2022,f,42,VNM,149
2022,m,36,CHN,408
2022,f,5,BLR,714
2022,m,46,BGD,59
2022,f,53,UNKNOWN,20
2022,f,41,SVK,74
2022,m,46,VNM,270
2022,m,105,HUN,1
2022,f,67,DEU,373
2022,f,50,MDA,357
2022,m,24,DNK,13
2022,f,64,NLD,12
2022,f,62,USA,31
2022,f,3,SVK,5
2022,m,18,GEO,207
2022,f,43,LBY,7
2022,m,35,FRA,232
2022,m,30,FRA,210
2022,f,34,ROU,130
2022,f,30,BLR,2324
2022,f,39,BLR,1576
2022,f,6,BLR,830
2022,m,4,BLR,707
2022,m,73,USA,44
2022,m,44,GEO,1407
2022,f,39,GEO,326
2022,f,39,TWN,20
2022,m,52,MDA,500
2022,m,62,DEU,745
2022,f,33,PRK,47
2022,f,56,RUS,230
2022,f,37,ESP,69
2022,m,48,IND,239
2022,m,22,IND,386
2022,m,68,ITA,135
2022,f,33,BLR,2187
2022,f,26,IND,297
2022,m,38,UNKNOWN,160
2022,m,30,ROU,297
2022,f,36,IND,329
2022,f,19,RUS,379
2022,f,83,UKR,744
2022,m,49,CHN,259
2022,m,18,KGZ,36
2022,m,26,TUR,1036
2022,m,42,GBR,266
2022,f,29,ROU,123
2022,f,49,MDA,371
2022,m,61,GEO,253
2022,f,64,VNM,67
2022,m,59,MDA,207
2022,m,39,EGY,146
2022,m,35,GEO,1663
2022,m,33,CZE,89
2022,m,54,KGZ,7
2022,m,56,KOR,111
2022,m,43,LVA,81
2022,m,25,PRT,79
2022,m,28,VNM,329
2022,f,51,LBY,4
2022,f,24,GBR,29
2022,m,70,NLD,68
2022,m,40,RUS,635
2022,m,41,VNM,295
2022,m,38,BEL,62
2022,m,28,UZB,314
2022,m,22,ZWE,219
2022,f,48,ROU,73
2022,m,63,SWE,69
2022,f,52,VNM,111
2022,m,0,BRA,10
2022,f,26,CHN,242
2022,m,37,MEX,51
2022,f,61,DEU,319
2022,m,10,TJK,3
2022,m,26,BGD,198
2022,f,41,LVA,35
2022,m,40,CHN,465
2022,f,33,MYS,28
2022,f,24,ZAF,9
2022,m,32,KOR,116
2022,f,28,IDN,90
2022,f,63,DEU,389
2022,m,26,GRC,45
2022,m,56,GEO,579
2022,f,41,KOR,102
2022,f,33,UNKNOWN,74
2022,m,49,CZE,113
2022,f,20,ZWE,250
2022,m,74,DEU,381
2022,f,15,BLR,525
2022,m,56,NLD,122
2022,m,9,CHN,50
2022,f,20,BLR,1850
2022,m,37,ARM,148
2022,f,55,CHN,52
2022,m,25,CUB,14
2022,f,29,HUN,57
2022,f,31,MDA,394
2022,f,60,RUS,199
2022,f,56,THA,31
2022,f,26,HUN,40
2022,f,22,BRA,13
2022,m,65,NLD,72
2022,f,16,SYR,8
2022,m,55,GBR,217
2022,m,23,GEO,1263
2022,m,49,RUS,495
2022,m,21,ESP,184
2022,f,54,BLR,598
2022,f,2,TUR,23
2022,m,55,ITA,235
2022,f,42,UNKNOWN,14
2022,m,49,IRL,55
2022,f,4,EGY,10
2022,m,36,RUS,791
2022,m,21,TUN,5
2022,m,18,DEU,72
2022,f,57,LTU,40
2022,m,40,DEU,653
2022,m,41,FRA,221
2022,m,25,AZE,381
2022,m,31,TUR,1166
2022,m,26,RUS,629
2022,m,27,DEU,197
2022,m,18,FRA,47
2022,m,23,MNG,11
2022,m,25,MDA,1123
2022,m,26,AZE,403
2022,f,40,ZWE,28
2022,f,19,KAZ,242
2022,m,44,AUT,55
2022,m,43,SVK,111
2022,m,51,SWE,76
2022,m,50,ARM,106
2022,m,19,GEO,500
2022,f,70,VNM,38
2022,m,45,FIN,25
2022,f,35,USA,123
2022,m,54,FRA,174
2022,f,25,BLR,2519
2022,f,59,CHN,80
2022,m,61,AZE,18
2022,f,76,ESP,4
2022,m,34,UZB,352
2022,m,68,TUR,24
2022,f,58,DEU,312
2022,m,33,MDA,1005
2022,f,31,COL,49
2022,f,37,GEO,312
2022,f,65,BLR,194
2022,m,69,TUR,15
2022,m,52,GEO,859
2022,m,27,USA,116
2022,f,55,JPN,43
2022,f,34,GEO,294
2022,m,41,ZAF,22
2022,m,49,NPL,63
2022,f,33,DEU,131
2022,m,24,ZWE,132
2022,m,30,UNKNOWN,62
2022,f,22,TUR,486
2022,m,34,HRV,40
2022,m,55,MNG,9
2022,m,46,LTU,90
2022,m,34,ZWE,40
2022,f,85,UKR,565
2022,m,55,GEO,656
2022,m,74,UKR,789
2022,m,38,RUS,711
2022,m,7,LVA,4
2022,m,36,UZB,383
2022,m,20,MDA,556
2022,f,59,RUS,219
2022,m,47,PRT,61
2022,m,58,SRB,38
2022,m,60,NOR,14
2022,f,46,UNKNOWN,240
2022,f,43,RUS,443
2022,m,45,BEL,45
2022,m,38,ESP,219
2022,m,29,MAR,81
2022,m,30,MEX,68
2022,f,47,SVK,37
2022,f,1,UZB,7
2022,m,47,CHN,269
2022,m,27,MDA,1100
2022,m,62,AUT,86
2022,m,18,ROU,38
2022,m,21,MDA,782
2022,m,27,UNKNOWN,70
2022,f,48,THA,59
2022,f,32,ARM,75
2022,m,46,FIN,24
2022,m,14,RUS,285
2022,m,30,VNM,352
2022,f,41,GRC,10
2022,m,36,BGR,160
2022,f,42,SWE,61
2022,m,19,DEU,93
2022,f,3,GEO,49
2022,f,37,FIN,11
2022,f,23,FRA,122
2022,m,66,FIN,9
2022,m,60,CZE,54
2022,f,49,PHL,44
2022,f,63,BGR,36
2022,f,28,SVK,56
2022,m,32,IDN,184
2022,m,33,COD,13
2022,f,58,DNK,16
2022,m,53,ARM,98
2022,f,32,PRK,40
2022,m,60,ESP,38
2022,m,75,UNKNOWN,41
2022,m,30,MDA,1115
2022,f,55,BLR,560
2022,m,28,SWE,60
2022,f,31,MDG,2
2022,f,90,UKR,105
2022,m,43,BRA,55
2022,m,60,NLD,119
2022,f,47,ROU,65
2022,m,42,ITA,271
2022,f,47,CYP,2
2022,m,30,PRT,97
2022,m,23,TWN,16
2022,m,30,EST,13
2022,m,24,BEL,19
2022,m,28,PRT,77
2022,m,46,KOR,189
2022,m,8,MNE,1
2022,m,67,TUR,25
2022,m,38,UZB,366
2022,m,21,RWA,83
2022,f,28,KAZ,173
2022,m,24,AZE,372
2022,m,36,IDN,167
2022,m,41,PHL,381
2022,f,13,RUS,235
2022,f,41,SWE,34
2022,f,53,BLR,705
2022,m,84,DEU,180
2022,m,49,KOR,173
2022,m,21,IDN,177
2022,m,30,PHL,160
2022,f,64,DEU,384
2022,m,40,ARG,24
2022,m,32,ZWE,55
2022,m,38,AZE,152
2022,m,16,UNKNOWN,16
2022,f,37,PHL,257
2022,f,57,UNKNOWN,219
2022,f,17,RUS,246
2022,f,38,ARM,58
2022,m,50,PHL,119
2022,f,23,BLR,2562
2022,f,46,RUS,378
2022,f,24,GEO,271
2022,m,20,BGR,64
2022,m,40,GEO,1563
2022,m,37,SYR,37
2022,m,59,DEU,844
2022,f,62,GBR,31
2022,f,47,FRA,63
2022,f,28,RWA,46
2022,f,47,PHL,84
2022,f,33,IND,346
2022,f,32,AGO,8
2022,m,47,ARM,130
2022,f,41,BLR,1345
2022,m,70,VNM,44
2022,m,27,JOR,28
2022,m,26,NLD,59
2022,f,23,RWA,56
2022,f,2,BLR,607
2022,f,31,FRA,88
2022,m,71,BLR,54
2022,m,42,KAZ,84
2022,m,35,IDN,169
2022,m,22,COD,16
2022,f,56,FRA,49
2022,m,33,LTU,112
2022,m,27,FRA,201
2022,m,12,AFG,6
2022,f,39,FRA,75
2022,f,33,MDA,369
2022,m,56,CHE,21
2022,f,49,CZE,40
2022,m,65,DEU,696
2022,f,42,LTU,89
2022,m,36,GEO,1744
2022,f,33,NPL,46
2022,m,23,ZWE,163
2022,m,20,ITA,35
2022,m,57,SYR,21
2022,m,29,TKM,171
2022,f,24,TUR,776
2022,f,35,RUS,654
2022,f,67,MDA,22
2022,m,51,MDA,556
2022,m,47,GBR,236
2022,m,34,PHL,261
2022,m,31,RUS,632
2022,f,27,LTU,67
2022,m,38,NER,3
2022,m,31,VNM,373
2022,m,67,UNKNOWN,126
2022,f,33,HTI,1
2022,f,21,DEU,103
2022,f,21,ZWE,307
2022,m,29,AZE,294
2022,f,4,RUS,147
2022,f,67,ESP,5
2022,m,32,VNM,348
2022,f,33,ETH,7
2022,m,67,AUT,93
2022,f,44,PHL,164
2022,f,16,BGR,69
2022,f,34,CZE,51
2022,m,82,DEU,270
2022,m,40,ALB,42
2022,m,76,ARM,9
2022,m,32,RUS,702
2022,f,21,BLR,2128
2022,m,49,LTU,81
2022,m,41,SRB,88
2022,f,30,HTI,1
2022,f,45,RUS,397
2022,m,10,KAZ,14
2022,m,65,BGR,70
2022,f,35,ARG,17
2022,m,61,KOR,81
2022,f,38,KGZ,29
2022,m,55,ARM,69
2022,m,58,IRL,43
2022,f,25,IND,230
2022,m,19,ROU,58
2022,m,47,UNKNOWN,7
2022,f,2,BGD,11
2022,f,36,MDA,455
2022,f,31,SVK,76
2022,f,81,CAN,4
2022,m,38,IRL,34
2022,m,48,HRV,23
2022,m,74,FRA,54
2022,m,64,TUR,30
2022,m,13,BGR,62
2022,f,72,AUT,48
2022,f,12,BGR,66
2022,f,89,UKR,98
2022,f,43,MDA,433
2022,f,16,BLR,481
2022,m,66,AUT,79
2022,f,76,DEU,119
2022,f,10,KOR,57
2022,m,52,SWE,69
2022,f,23,GEO,190
2022,f,45,VNM,154
2022,m,51,ROU,203
2022,m,42,DEU,671
2022,m,27,GRC,43
2022,m,33,PRT,155
2022,f,31,PHL,202
2022,m,4,AZE,14
2022,m,72,VNM,33
2022,f,59,BLR,335
2022,m,78,DEU,293
2022,m,34,MDA,1076
2022,f,58,SWE,47
2022,f,13,PHL,1
2022,m,53,VNM,181
2022,m,70,NOR,12
2022,m,36,VNM,361
2022,f,36,LTU,81
2022,m,67,CHE,11
2022,m,26,CHN,189
2022,m,53,BGR,153
2022,m,7,IND,107
2022,f,31,RUS,614
2022,f,49,MNG,7
2022,m,50,IND,213
2022,m,30,KGZ,64
2022,f,61,ARM,34
2022,m,3,ARG,5
2022,f,31,AZE,79
2022,m,43,GEO,1411
2022,m,10,RUS,193
2022,f,41,ITA,60
2022,f,58,CAN,18
2022,f,41,BRA,51
2022,m,8,TWN,1
2022,f,25,VNM,144
2022,m,57,ITA,229
2022,m,10,GBR,24
2022,f,44,GEO,363
2022,m,60,JPN,52
2022,f,48,DEU,235
2022,f,65,BGR,29
2022,f,25,FRA,126
2022,f,36,PAK,22
2022,m,51,DEU,660
2022,m,25,CHN,181
2022,m,45,MDA,771
2022,m,21,AZE,251
2022,f,34,EGY,19
2022,f,80,UKR,795
2022,m,64,FRA,96
2022,f,0,ARM,12
2022,f,42,KOR,108
2022,m,38,SVN,17
2022,m,24,TUR,1020
2022,m,42,TUR,365
2022,m,85,IRQ,2
2022,f,47,MDA,420
2022,m,72,UKR,1079
2022,m,38,GRC,67
2022,m,39,COL,63
2022,f,18,ITA,21
2022,m,40,KEN,17
2022,m,5,KOR,38
2022,m,20,LTU,31
2022,f,25,ZWE,133
2022,f,87,RUS,28
2022,m,39,BRA,75
2022,f,53,DEU,268
2022,m,47,VEN,13
2022,m,19,ZAF,6
2022,m,57,NGA,12
2022,m,58,USA,131
2022,m,78,ITA,69
2022,f,11,BGD,2
2022,f,86,UKR,358
2022,m,11,NLD,18
2022,m,63,DEU,689
2022,m,37,TUR,549
2022,m,2,RUS,117
2022,f,40,HUN,35
2022,f,45,KAZ,51
2022,f,19,BLR,1738
2022,f,30,NLD,38
2022,m,47,BIH,19
2022,m,57,USA,106
2022,m,73,UKR,942
2022,m,11,VNM,79
2022,m,31,LTU,107
2022,m,54,USA,148
2022,f,32,BLR,2115
2022,f,37,RUS,585
2022,f,71,FRA,18
2022,f,29,RUS,556
2022,m,19,USA,53
2022,f,87,DEU,72
2022,f,37,PAK,11
2022,m,35,AZE,183
2022,m,36,SEN,9
2022,m,27,DZA,61
2022,m,44,VNM,233
2022,m,69,DEU,613
2022,f,60,BLR,323
2022,m,44,FIN,19
2022,m,13,VNM,73
2022,f,88,GRC,18
2022,m,26,IND,1156
2022,m,43,AZE,88
2022,f,55,RUS,241
2022,f,42,SVN,8
2022,f,23,USA,77
2022,f,8,RUS,159
2022,m,48,MDA,707
2022,m,51,GBR,271
2022,m,30,DEU,296
2022,m,65,UNKNOWN,9
2022,m,51,RUS,448
2022,m,31,ESP,279
2022,f,60,BGR,57
2022,m,43,IDN,107
2022,m,85,DEU,169
2022,m,43,PHL,331
2022,f,43,BRA,22
2022,m,40,BGD,147
2022,f,8,UZB,11
2022,m,37,ROU,348
2022,f,37,SRB,21
2022,m,24,NPL,180
2022,f,33,KOR,82
2022,f,47,HUN,36
2022,f,13,KAZ,8
2022,f,22,ESP,277
2022,m,54,VNM,173
2022,m,47,GEO,1259
2022,m,40,USA,168
2022,m,38,IRN,67
2022,m,37,TUN,110
2022,m,14,GEO,61
2022,m,35,VNM,396
2022,m,67,DEU,713
2022,m,48,JPN,84
2022,m,59,CZE,52
2022,m,30,EGY,111
2022,f,72,SYR,6
2022,f,40,DEU,224
2022,m,64,MDA,63
2022,m,8,RUS,178
2022,f,54,DNK,21
2022,f,24,NGA,40
2022,f,61,NLD,23
2022,m,45,DEU,675
2022,m,4,CUB,1
2022,m,24,ROU,136
2022,f,80,DEU,110
2022,m,56,MDA,279
2022,f,35,KOR,76
2022,f,6,GEO,49
2022,m,39,TUN,82
2022,f,72,DEU,242
2022,m,43,SWE,108
2022,m,26,RWA,59
2022,f,41,CAN,18
2022,m,16,BLR,532
2022,m,32,MEX,68
2022,f,67,GBR,23
2022,m,32,FRA,263
2022,m,35,ROU,388
2022,m,25,GEO,1664
2022,m,31,ROU,313
2022,m,0,VNM,93
2022,f,18,TUR,24
2022,f,11,MDA,24
2022,f,30,SVK,54
2022,f,29,USA,95
2022,f,37,VNM,186
2022,f,29,VNM,191
2022,m,73,SWE,59
2022,m,36,TJK,99
2022,m,40,PHL,392
2022,f,35,AUT,43
2022,m,44,IND,496
2022,m,42,FRA,182
2022,f,11,KOR,74
2022,f,66,SWE,75
2022,m,33,LVA,94
2022,m,52,CHN,247
2022,m,54,ITA,255
2022,f,72,CZE,18
2022,m,34,NGA,126
2022,m,13,AZE,14
2022,m,68,DEU,670
2022,f,70,CHN,18
2022,m,29,LTU,85
2022,m,6,MDA,49
2022,m,15,DEU,46
2022,f,54,THA,36
2022,f,78,UKR,1013
2022,f,20,KOR,45
2022,m,64,MAR,3
2022,m,35,PHL,312
2022,m,28,USA,143
2022,m,41,PAK,99
2022,m,63,HUN,17
2022,m,6,ROU,54
2022,m,32,LTU,115
2022,m,5,DEU,37
2022,m,43,UNKNOWN,112
2022,m,28,PAK,101
2022,f,37,UNKNOWN,122
2022,f,5,USA,28
2022,m,76,UKR,523
2022,m,34,TWN,26
2022,m,21,ROU,96
2022,m,48,CAN,29
2022,m,35,BRA,150
2022,f,56,CZE,16
2022,f,31,DEU,120
2022,m,56,AZE,43
2022,f,69,DEU,331
2022,f,33,TUR,558
2022,f,62,UNKNOWN,219
2022,m,74,AUT,50
2022,m,53,ITA,277
2022,f,42,IRN,24
2022,m,21,DNK,9
2022,f,67,BEL,6
2022,m,52,GRC,37
2022,f,30,USA,96
2022,m,45,LVA,95
2022,m,71,AUT,56
2022,f,34,JOR,3
2022,f,32,CIV,2
2022,m,62,MNE,4
2022,m,41,JPN,51
2022,m,19,KAZ,230
2022,f,17,BGR,67
2022,f,35,BRA,71
2022,m,53,RUS,385
2022,m,70,FRA,60
2022,m,14,AUT,8
2022,m,25,CZE,51
2022,m,31,EGY,121
2022,m,42,PRT,99
2022,m,43,KOR,229
2022,f,39,ZAF,18
2022,m,30,USA,143
2022,f,34,RUS,669
2022,m,68,BLR,105
2022,m,27,HRV,24
2022,m,16,DEU,61
2022,f,37,IND,263
2022,f,25,UZB,56
2022,f,6,KOR,50
2022,f,46,ISR,9
2022,f,58,IRL,6
2022,m,34,SVK,88
2022,f,52,BLR,732
2022,m,49,UZB,151
2022,m,67,KAZ,7
2022,f,34,FRA,63
2022,m,44,USA,167
2022,m,25,FRA,219
2022,f,15,RUS,251
2022,f,29,HRV,17
2022,f,36,DEU,179
2022,m,40,TUR,467
2022,f,51,KAZ,32
2022,m,58,BGR,121
2022,m,37,CZE,94
2022,f,27,IND,347
2022,m,40,IDN,169
2022,f,34,BGR,133
2022,m,35,PRT,112
2022,m,51,VNM,219
2022,f,40,BLR,1357
2022,m,44,FRA,169
2022,f,35,MDA,432
2022,m,31,NGA,119
2022,m,34,LTU,109
2022,m,59,BLR,663
2022,m,24,JPN,36
2022,m,26,SDN,6
2022,m,30,GEO,1779
2022,m,22,DZA,35
2022,m,30,KOSOVO,27
2022,f,42,UNKNOWN,218
2022,m,43,EGY,91
2022,m,42,UNKNOWN,138
2022,m,29,FRA,225
2022,f,62,VNM,95
2022,m,21,FRA,130
2022,m,11,DEU,44
2022,m,42,EGY,95
2022,f,34,DEU,148
2022,m,53,NOR,24
2022,m,46,DEU,652
2022,f,31,CHN,231
2022,m,48,FRA,211
2022,f,43,BGR,89
2022,f,17,USA,39
2022,m,38,TUR,496
2022,m,33,TUR,1017
2022,f,68,BLR,122
2022,m,40,UNKNOWN,145
2022,m,67,USA,75
2022,m,48,GEO,1118
2022,m,37,EST,20
2022,f,2,SVK,10
2022,m,49,AZE,55
2022,m,65,TUR,32
2022,m,45,CHN,294
2022,f,66,FIN,6
2022,m,28,AZE,349
2022,m,35,MDA,1122
2022,m,54,LTU,58
2022,m,36,ARM,127
2022,f,34,USA,131
2022,m,63,JPN,48
2022,m,76,DEU,310
2022,f,42,KEN,9
2022,m,40,ISR,32
2022,f,49,RUS,389
2022,f,10,RUS,182
2022,m,35,ESP,276
2022,f,18,VNM,46
2022,m,10,BGR,68
2022,m,29,RUS,595
2022,f,11,BLR,594
2022,f,26,GEO,274
2022,m,11,FIN,8
2022,f,2,UZB,11
2022,f,40,GEO,377
2022,m,1,BGR,67
2022,m,49,GBR,263
2022,m,38,DEU,569
2022,f,34,AUS,7
2022,m,60,ITA,179
2022,f,80,IRQ,2
2022,m,31,NPL,317
2022,f,34,AZE,34
2022,f,37,CUB,8
2022,m,36,BRA,93
2022,m,36,FRA,225
2022,m,72,BLR,43
2022,m,41,CUB,14
2022,f,51,BGR,71
2022,m,29,ITA,304
2022,m,26,ESP,233
2022,m,46,UNKNOWN,13
2022,m,63,PRT,21
2022,m,6,NOR,1
2022,m,67,SWE,73
2022,m,35,KGZ,90
2022,f,39,AUS,8
2022,f,40,ISR,15
2022,m,47,UZB,202
2022,f,73,VNM,19
2022,m,55,MDA,362
2022,m,39,FRA,217
2022,m,37,KAZ,110
2022,f,38,KOR,102
2022,f,19,KOR,40
2022,m,33,USA,191
2022,f,20,MDA,338
2022,m,20,TUR,304
2022,m,45,ITA,297
2022,f,28,MDA,434
2022,m,59,TUR,86
2022,f,30,IND,525
2022,f,14,BLR,483
2022,m,50,KOR,158
2022,f,69,TKM,2
2022,f,71,RUS,87
2022,m,65,VNM,80
2022,f,44,SYR,8
2022,f,53,PHL,37
2022,m,35,BGR,186
2022,m,50,AUT,49
2022,f,42,TWN,9
2022,m,52,GBR,233
2022,m,83,DEU,193
2022,m,25,VNM,266
2022,m,28,SRB,78
2022,f,26,FRA,130
2022,m,58,BLR,779
2022,m,40,TUN,77
2022,f,25,CHE,6
2022,f,71,DEU,295
2022,f,21,CHN,143
2022,m,24,KGZ,71
2022,f,24,ETH,68
2022,f,74,DEU,194
2022,m,80,ITA,54
2022,f,18,USA,46
2022,m,51,NOR,29
2022,f,51,BLR,837
2022,m,25,BEL,33
2022,m,7,GBR,26
2022,m,38,BGD,205
2022,m,25,UZB,300
2022,m,32,ROU,336
2022,m,68,CAN,16
2022,m,37,GEO,1687
2022,f,46,IDN,24
2022,m,77,FRA,34
2022,m,42,NLD,85
2022,f,5,GEO,47
2022,f,21,TUR,275
2022,m,31,UZB,318
2022,m,28,FRA,201
2022,m,35,ITA,310
2022,m,23,IDN,277
2022,m,51,ITA,289
2022,f,8,GEO,44
2022,m,26,UZB,317
2022,m,29,IND,1481
2022,f,5,RUS,165
2022,m,36,HUN,93
2022,f,25,RUS,538
2022,m,1,BLR,501
2022,m,53,IND,125
2022,f,83,GRC,10
2022,m,48,PAK,58
2022,f,72,USA,29
2022,m,23,UZB,362
2022,m,67,CUB,4
2022,f,26,TJK,12
2022,m,59,IND,37
2022,f,7,RUS,192
2022,f,26,VNM,151
2022,m,78,UKR,309
2022,f,44,USA,70
2022,f,14,VNM,61
2022,m,30,RUS,647
2022,m,83,UKR,205
2022,m,37,ITA,328
2022,f,62,DEU,347
2022,f,21,CHE,5
2022,f,51,CZE,37
2022,f,40,DNK,11
2022,m,63,USA,96
2022,m,62,ARM,57
2022,f,31,MAR,19
2022,m,58,DEU,814
2022,m,31,AZE,287
2022,m,43,ITA,322
2022,m,37,DEU,536
2022,f,42,KAZ,47
2022,m,38,PRT,115
2022,m,33,ROU,372
2022,f,21,IND,99
2022,m,50,USA,126
2022,f,38,IND,204
2022,m,22,KAZ,205
2022,f,75,ARM,23
2022,f,28,RUS,557
2022,m,77,UKR,284
2022,m,27,CHE,8
2022,f,35,TUR,333
2022,f,39,ITA,56
2022,m,55,AUT,76
2022,f,54,VNM,76
2022,m,49,ESP,109
2022,f,66,UNKNOWN,178
2022,m,58,ESP,49
2022,m,24,IND,777
2022,m,13,BLR,535
2022,m,57,NLD,128
2022,f,33,GBR,61
2022,m,54,ARM,86
2022,f,43,CHN,179
2022,m,12,CHN,48
2022,f,44,GBR,47
2022,f,26,ETH,40
2022,m,81,CHN,4
2022,m,76,IRQ,7
2022,m,34,IND,1352
2022,f,9,SYR,7
2022,m,5,SVK,10
2022,f,85,BGR,4
2022,f,33,MEX,27
2022,m,27,RUS,591
2022,m,85,FRA,7
2022,m,61,MDA,140
2022,m,43,THA,24
2022,m,27,BGD,211
2022,m,9,VNM,95
2022,f,35,IND,371
2022,m,62,USA,105
2022,f,69,BLR,116
2022,m,43,CHN,366
2022,m,28,NGA,146
2022,m,26,NPL,318
2022,m,44,TUR,359
2022,m,47,NLD,99
2022,m,32,BGD,192
2022,m,41,PRT,98
2022,m,37,GBR,205
2022,m,1,PHL,14
2022,f,70,SWE,94
2022,m,19,GRC,5
2022,f,38,IDN,52
2022,m,44,HUN,88
2022,f,36,HUN,59
2022,f,23,RUS,409
2022,m,38,CHN,377
2022,m,35,EGY,151
2022,f,24,KGZ,40
2022,m,37,AUS,15
2022,m,32,GRC,63
2022,m,24,DEU,164
2022,f,65,CAN,19
2022,f,40,LTU,85
2022,m,51,FRA,201
2022,f,59,GEO,112
2022,f,22,ITA,72
2022,f,1,BLR,427
2022,m,40,MKD,15
2022,m,29,FIN,39
2022,f,68,VNM,41
2022,f,43,ARM,69
2022,m,21,UNKNOWN,29
2022,f,46,THA,52
2022,m,55,BLR,1133
2022,f,80,CZE,6
2022,f,58,BLR,363
2022,m,42,LTU,99
2022,m,46,FRA,180
2022,m,3,USA,21
2022,f,22,CHN,208
2022,m,38,KGZ,72
2022,m,48,UNKNOWN,86
2022,f,45,MNG,20
2022,m,29,DEU,254
2022,f,52,LVA,17
2022,m,31,SWE,64
2022,f,57,AFG,3
2022,m,65,GBR,125
2022,m,66,ITA,158
2022,f,51,MDA,322
2022,f,7,MNG,5
2022,m,37,BGD,224
2022,m,29,ESP,264
2022,f,27,TUR,379
2022,m,42,SVK,133
2022,m,33,HUN,98
2022,m,23,USA,80
2022,m,44,BGR,199
2022,f,60,GBR,37
2022,f,58,PRK,1
2022,f,78,BLR,36
2022,f,52,RUS,291
2022,f,8,BGR,80
2022,f,42,MDA,419
2022,m,49,BGR,157
2022,f,109,DEU,10
2022,m,0,PAK,9
2022,m,52,ITA,273
2022,f,34,AUT,31
2022,f,47,DEU,246
2022,f,65,CHN,54
2022,m,28,GBR,88
2022,m,48,TUR,255
2022,m,56,USA,137
2022,f,46,JPN,49
2022,m,54,RUS,337
2022,m,46,ITA,319
2022,f,29,TUR,518
2022,m,59,NOR,26
2022,m,61,UZB,11
2022,m,29,ARM,105
2022,f,71,CHN,14
2022,m,28,KOR,116
2022,m,19,ZWE,59
2022,m,26,CUB,12
2022,f,5,TUR,28
2022,f,45,KEN,9
2022,f,55,MNG,23
2022,m,29,IDN,251
2022,f,103,UNKNOWN,4
2022,f,64,BLR,196
2022,m,38,SAU,11
2022,f,13,VNM,82
2022,m,29,GRC,53
2022,f,64,JPN,15
2022,m,55,LBN,15
2022,m,18,UZB,150
2022,m,28,CHN,233
2022,m,66,KOR,21
2022,f,21,NOR,7
2022,m,52,CAN,31
2022,m,67,CZE,35
2022,m,44,NLD,107
2022,m,70,USA,73
2022,f,6,KAZ,18
2022,m,39,IDN,142
2022,m,25,USA,99
2022,f,42,FRA,61
2022,f,10,USA,26
2022,f,30,LKA,9
2022,m,28,IDN,279
2022,f,45,CZE,56
2022,m,36,DEU,514
2022,m,59,RUS,237
2022,f,26,TUR,497
2022,f,73,FRA,18
2022,f,83,DEU,94
2022,m,24,ESP,242
2022,m,69,RUS,60
2022,f,50,IND,38
2022,f,25,CHN,237
2022,m,61,COL,4
2022,f,24,DEU,120
2022,f,52,USA,50
2022,f,73,RUS,74
2022,m,41,TUR,385
2022,m,23,DEU,124
2022,f,89,GBR,1
2022,f,8,AUT,4
2022,m,23,ITA,121
2022,m,77,YUG,2
2022,m,0,ARM,27
2022,f,24,IND,196
2022,f,42,GEO,354
2022,m,39,UZB,369
2022,f,32,CHN,328
2022,f,33,ISR,7
2022,m,80,HUN,2
2022,m,31,CAN,29
2022,f,45,LTU,57
2022,f,6,IND,112
2022,m,44,ISR,28
2022,m,35,DEU,514
2022,m,45,PRT,92
2022,m,46,LKA,10
2022,m,37,PHL,314
2022,f,28,ZMB,4
2022,m,33,DZA,82
2022,m,84,VNM,12
2022,m,5,AFG,10
2022,f,42,AUT,42
2022,f,43,HUN,35
2022,f,64,FIN,6
2022,f,44,MDA,446
2022,m,6,ARM,27
2022,f,33,CAN,25
2022,m,45,PHL,301
2022,f,7,FRA,19
2022,m,21,COL,41
2022,m,22,USA,76
2022,m,48,PHL,147
2022,m,50,SRB,57
2022,m,27,CRI,5
2022,m,46,MDA,768
2022,m,63,BEL,46
2022,f,26,FIN,29
2022,m,30,CHN,276
2022,m,52,TZA,1
2022,m,49,SVN,9
2022,m,25,ZWE,117
2022,m,15,CHN,40
2022,m,58,THA,16
2022,f,42,CHN,182
2022,m,28,COG,9
2022,m,13,EGY,7
2022,f,55,UNKNOWN,234
2022,m,40,NPL,155
2022,m,34,DEU,472
2022,m,55,SWE,62
2022,f,86,USA,7
2022,f,39,IDN,48
2022,m,77,ITA,75
2022,m,36,PHL,302
2022,m,48,AUT,45
2022,m,50,SYR,24
2022,f,4,VNM,95
2022,m,28,BGD,248
2022,m,24,LBN,24
2022,m,55,CZE,74
2022,m,23,ZAF,12
2022,m,54,UNKNOWN,94
2022,f,41,MDA,404
2022,f,29,CMR,19
2022,f,23,DEU,105
2022,m,49,MDA,632
2022,m,19,RUS,399
2022,f,81,FRA,6
2022,m,10,NLD,17
2022,f,25,NLD,35
2022,m,0,BLR,372
2022,m,78,CAN,7
2022,m,8,IRQ,5
2022,m,8,CHN,68
2022,m,81,ARM,7
2022,m,29,COL,93
2022,f,2,GEO,75
2022,m,32,NPL,268
2022,f,26,IRL,12
2022,m,57,BRA,9
2022,f,23,ALB,25
2022,f,36,RUS,670
2022,m,11,RUS,207
2022,f,21,ESP,259
2022,m,27,EST,15
2022,m,37,IRN,57
2022,m,70,ITA,123
2022,m,9,IND,77
2022,f,4,GEO,41
2022,m,73,UNKNOWN,55
2022,f,2,BGR,48
2022,m,51,TUR,184
2022,f,63,RUS,168
2022,f,36,PHL,263
2022,m,46,ROU,243
2022,m,47,IND,301
2022,f,19,FIN,4
2022,m,32,ALB,56
2022,m,51,LVA,46
2022,f,29,BRA,58
2022,m,33,TWN,29
2022,f,58,UNKNOWN,246
2022,f,70,UNKNOWN,136
2022,m,50,FRA,200
2022,m,50,RUS,431
2022,m,33,BGD,182
2022,m,27,SWE,39
2022,f,81,SWE,22
2022,m,28,TKM,191
2022,f,45,BGR,92
2022,m,23,KAZ,201
2022,m,60,LTU,33
2022,f,0,BIH,1
2022,m,51,CHE,17
2022,m,20,COL,30
2022,f,21,UNKNOWN,24
2022,f,21,RUS,379
2022,m,14,VNM,59
2022,m,36,DZA,66
2022,m,52,NLD,156
2022,f,10,CHN,59
2022,m,46,IRQ,25
2022,m,55,EGY,24
2022,m,20,UZB,350
2022,f,65,ARM,42
2022,f,22,EST,3
2022,m,52,TWN,2
2022,f,88,AUT,3
2022,f,35,LVA,42
2022,f,10,BLR,664
2022,f,53,UNKNOWN,4
2022,m,28,NLD,65
2022,f,32,DZA,7
2022,m,23,COL,65
2022,m,35,ETH,28
2022,m,69,USA,86
2022,f,50,BLR,891
2022,m,52,ARM,101
2022,f,22,ZWE,278
2022,f,53,VNM,94
2022,m,47,KAZ,76
2022,f,24,ZWE,150
2022,f,81,RUS,39
2022,m,37,NPL,222
2022,f,31,ZWE,70
2022,m,50,VNM,228
2022,m,48,LVA,67
2022,m,47,EGY,67
2022,f,38,VNM,226
2022,m,102,DEU,17
2022,m,25,TKM,181
2022,m,69,EST,1
2022,m,43,ISR,27
2022,f,13,GRC,10
2022,f,34,MDA,425
2022,f,29,CZE,46
2022,f,17,MDA,28
2022,f,28,IRQ,8
2022,f,41,NGA,18
2022,m,36,NLD,110
2022,m,0,IND,82
2022,f,105,DEU,10
2022,m,75,ESP,14
2022,m,14,IND,55
2022,m,24,KAZ,182
2022,f,30,MEX,50
2022,m,24,VNM,211
2022,m,43,FRA,190
2022,f,0,HUN,6
2022,f,77,BLR,36
2022,m,27,FIN,39
2022,f,55,SWE,43
2022,f,26,JAM,2
2022,m,47,ISR,36
2022,m,39,GRC,62
2022,m,27,BGR,89
2022,f,22,SRB,8
2022,m,47,NPL,77
2022,f,38,THA,35
2022,m,61,ITA,178
2022,m,23,LBN,18
2022,f,43,PHL,173
2022,f,20,RUS,382
2022,m,34,FRA,238
2022,f,54,RUS,260
2022,m,48,USA,145
2022,m,35,UZB,382
2022,m,44,HRV,27
2022,f,3,IND,127
2022,m,23,COD,11
2022,m,25,HUN,41
2022,m,66,DEU,711
2022,f,1,MDA,47
2022,f,31,TUR,597
2022,m,49,KAZ,65
2022,m,73,DEU,441
2022,m,77,BGR,24
2022,f,61,BGR,54
2022,m,48,ROU,221
2022,m,75,GBR,62
2022,m,69,MDA,11
2022,m,40,BEL,70
2022,f,42,ESP,56
2022,m,53,CUB,3
2022,f,23,ROU,103
2022,m,27,EGY,76
2022,f,44,VNM,120
2022,m,57,GRC,30
2022,m,28,SYR,33
2022,m,58,UZB,25
2022,f,35,GEO,316
2022,f,78,DEU,121
2022,m,28,TZA,11
2022,m,39,IND,969
2022,f,53,GEO,204
2022,m,38,NGA,123
2022,m,62,IND,34
2022,m,68,BGR,52
2022,f,26,TZA,10
2022,m,50,FIN,27
2022,m,29,NPL,338
2022,m,54,CHN,236
2022,f,67,CZE,17
2022,f,6,RUS,166
2022,f,41,DEU,212
2022,m,34,TKM,113
2022,m,61,GBR,205
2022,m,0,BGR,48
2022,m,5,ARM,15
2022,f,31,ESP,122
2022,m,29,VNM,349
2022,f,51,GEO,280
2022,f,21,JPN,29
2022,f,20,UNKNOWN,25
2022,m,27,AZE,364
2022,m,37,SRB,91
2022,m,55,MAR,8
2022,f,41,PER,5
2022,m,43,DEU,687
2022,f,70,CAN,8
2022,f,31,ARM,71
2022,m,30,IDN,193
2022,m,39,BGD,177
2022,m,92,VNM,6
2022,m,7,RUS,161
2022,m,46,BGR,179
2022,m,26,KGZ,56
2022,m,46,AUT,69
2022,f,43,ITA,39
2022,f,75,CZE,13
2022,m,29,ZAF,15
2022,f,36,CHN,285
2022,m,54,DZA,22
2022,f,44,TUR,52
2022,m,60,SWE,60
2022,f,88,UKR,150
2022,m,51,USA,122
2022,m,39,ITA,261
2022,m,8,VNM,99
2022,m,34,TUN,96
2022,m,34,HUN,84
2022,f,26,ITA,148
2022,m,49,HUN,56
2022,m,20,DEU,106
2022,m,67,ROU,24
2022,f,76,UNKNOWN,72
2022,m,42,ROU,318
2022,f,57,GBR,46
2022,f,39,BRA,44
2022,f,22,KEN,23
2022,m,89,LBN,2
2022,m,71,FRA,61
2022,f,21,ETH,95
2022,f,30,COL,35
2022,f,53,KAZ,23
2022,m,18,RUS,299
2022,f,79,ITA,10
2022,m,18,BRA,16
2022,f,1,IND,109
2022,f,24,HUN,27
2022,f,58,VNM,94
2022,m,47,DEU,567
2022,m,74,GBR,77
2022,m,40,KOR,195
2022,f,25,GRC,47
2022,m,62,SVK,28
2022,f,44,SVK,60
2022,m,36,PRT,110
2022,m,37,UNKNOWN,133
2022,m,49,ROU,222
2022,m,65,BLR,173
2022,m,41,IDN,135
2022,f,31,LTU,91
2022,m,44,LTU,84
2022,m,49,IRQ,31
2022,m,39,TJK,53
2022,m,30,ARM,143
2022,f,32,HUN,67
2022,m,28,SGP,14
2022,f,9,KOR,58
2022,m,67,ITA,129
2022,f,48,ESP,37
2022,m,30,LKA,20
2022,m,64,GBR,110
2022,f,23,JAM,2
2022,m,45,NLD,110
2022,m,35,NGA,134
2022,f,27,NPL,65
2022,f,26,ROU,99
2022,f,29,BGR,84
2022,m,45,ROU,263
2022,m,87,DEU,109
2022,m,20,FRA,93
2022,m,40,VEN,18
2022,f,14,RUS,272
2022,m,33,DEU,406
2022,m,5,MDA,26
2022,f,65,USA,45
2022,m,30,IRN,49
2022,m,40,SWE,90
2022,m,33,KOSOVO,34
2022,f,29,DEU,104
2022,m,29,JPN,26
2022,f,72,UNKNOWN,103
2022,m,47,TUR,260
2022,f,42,JPN,50
2022,f,29,ARM,60
2022,m,57,FRA,148
2022,m,12,DEU,54
2022,m,66,LTU,23
2022,m,54,PAK,25
2022,m,31,KGZ,51
2022,f,31,IND,443
2022,f,5,TJK,5
2022,f,37,MKD,6
2022,m,15,ROU,48
2022,m,8,AGO,3
2022,f,20,KAZ,318
2022,f,60,VNM,90
2022,m,5,ARG,4
2022,m,39,LTU,124
2022,m,7,VNM,103
2022,m,75,DEU,333
2022,f,43,ESP,49
2022,m,27,MNG,20
2022,f,13,DEU,40
2022,m,64,BGR,83
2022,m,62,RUS,153
2022,f,32,EST,11
2022,m,7,BGR,69
2022,m,37,PRT,119
2022,m,19,EGY,29
2022,f,52,GEO,231
2022,m,56,DNK,75
2022,m,44,ALB,35
2022,m,21,UZB,385
2022,m,36,CUB,25
2022,m,25,MKD,7
2022,f,91,SWE,14
2022,m,27,LTU,67
2022,f,44,RUS,430
2022,f,55,FRA,52
2022,f,37,ECU,5
2022,m,9,GEO,47
2022,m,54,IRQ,15
2022,f,25,AZE,98
2022,m,56,IND,53
2022,m,57,BLR,821
2022,m,35,IRQ,44
2022,m,39,USA,162
2022,m,35,CHN,447
2022,m,50,NLD,141
2022,f,33,LTU,88
2022,m,58,FRA,148
2022,m,57,VNM,131
2022,m,32,IRN,72
2022,f,21,IRN,12
2022,m,49,EGY,29
2022,m,54,CAN,26
2022,m,29,ZWE,69
2022,m,85,GBR,11
2022,m,42,UZB,307
2022,f,0,GEO,83
2022,f,12,VEN,2
2022,f,57,DNK,29
2022,m,36,CAN,37
2022,m,34,VNM,401
2022,f,28,CZE,51
2022,f,65,UNKNOWN,190
2022,m,37,FRA,207
2022,f,21,KAZ,235
2022,m,34,BGD,203
2022,f,23,CZE,21
2022,m,49,USA,114
2022,m,22,ETH,167
2022,m,25,LVA,95
2022,m,20,IRL,12
2022,m,52,SVK,59
2022,m,53,PAK,29
2022,m,60,BEL,64
2022,m,32,SYR,27
2022,m,1,VNM,86
2022,m,33,IDN,196
2022,f,41,RUS,466
2022,f,46,PRT,17
2022,f,49,USA,63
2022,m,21,KOR,47
2022,f,13,TUR,26
2022,m,77,AUT,30
2022,m,20,RUS,379
2022,f,61,BLR,300
2022,f,1,TUR,24
2022,f,73,BLR,76
2022,m,37,CHN,400
2022,f,41,USA,115
2022,m,55,SRB,43
2022,m,6,IND,108
2022,f,37,BGR,113
2022,m,29,DZA,86
2022,m,30,UZB,314
2022,m,60,LVA,20
2022,m,25,BGR,82
2022,m,78,NLD,41
2022,f,28,USA,101
2022,m,25,FIN,25
2022,m,23,IND,546
2022,m,56,LAO,3
2022,f,14,CZE,18
2022,f,53,BGR,70
2022,m,64,DNK,35
2022,f,9,ROU,52
2022,m,36,NER,10
2022,m,43,CHL,13
2022,m,19,AZE,67
2022,m,16,ITA,17
2022,m,53,SYR,23
2022,m,68,USA,79
2022,m,70,CZE,18
2022,f,34,MAR,16
2022,m,63,BLR,319
2022,f,30,MDA,403
2022,f,36,ARM,82
2022,m,36,KAZ,124
2022,f,26,MDA,445
2022,f,27,ZAF,18
2022,m,48,GBR,241
2022,m,75,BEL,28
2022,m,29,ARG,19
2022,f,33,VNM,186
2022,f,92,UKR,70
2022,m,27,COL,90
2022,m,26,TUN,48
2022,f,47,USA,64
2022,f,55,ITA,31
2022,m,44,CHN,307
2022,f,25,KOR,80
2022,m,52,KAZ,57
2022,m,34,IRN,52
2022,m,42,ARM,134
2022,m,22,ESP,213
2022,m,25,NGA,78
2022,f,24,AZE,93
2022,m,58,ITA,205
2022,m,37,ALB,57
2022,f,116,DEU,3
2022,m,37,AZE,172
2022,f,37,LTU,82
2022,f,39,MDA,433
2022,f,5,UNKNOWN,15
2022,m,45,VNM,222
2022,m,39,YEM,3
2022,m,27,NGA,136
2022,m,25,NPL,265
2022,f,12,LTU,10
2022,f,35,PAK,14
2022,m,1,LVA,3
2022,f,32,ROU,161
2022,m,30,TKM,156
2022,m,10,FRA,40
2022,f,34,PHL,293
2022,m,62,PRK,35
2022,m,14,ITA,21
2022,m,30,VEN,10
2022,f,35,ESP,65
2022,m,66,UNKNOWN,5
2022,f,48,CHN,131
2022,f,63,BLR,223
2022,f,39,UNKNOWN,190
2022,m,79,UKR,172
2022,m,87,FRA,8
2022,f,43,DEU,232
2022,f,26,NOR,44
2022,m,26,ARM,83
2022,f,19,HUN,11
2022,f,38,RUS,628
2022,m,35,LBY,11
2022,f,55,CHE,6
2022,m,31,DZA,91
2022,f,9,TUR,22
2022,m,29,PRT,110
2022,m,20,EGY,40
2022,m,79,LTU,6
2022,f,38,DEU,191
2022,m,6,NLD,10
2022,f,32,FRA,80
2022,m,45,AUS,18
2022,f,31,DNK,6
2022,m,31,ETH,47
2022,m,50,ISR,34
2022,m,53,KOR,152
2022,m,13,FRA,44
2022,f,46,GEO,364
2022,m,31,FRA,229
2022,m,46,TKM,15
2022,m,37,ARG,30
2022,m,38,ITA,312
2022,m,72,UNKNOWN,59
2022,f,7,NPL,4
2022,m,71,ITA,120
2022,f,74,RUS,68
2022,m,49,IND,214
2022,m,41,BGR,192
2022,m,40,SYR,27
2022,f,19,GEO,86
2022,f,25,DEU,113
2022,m,40,VNM,389
2022,f,68,DEU,377
2022,m,52,UNKNOWN,95
2022,f,32,LTU,81
2022,m,60,EST,8
2022,m,52,IRL,43
2022,f,61,AUT,82
2022,f,86,SWE,12
2022,m,77,SVN,3
2022,m,65,UNKNOWN,131
2022,f,43,GBR,62
2022,f,49,GEO,294
2022,m,35,TKM,89
2022,m,40,LVA,109
2022,f,9,RUS,159
2022,f,17,BLR,850
2022,m,92,DEU,67
2022,m,27,TKM,217
2022,m,24,ETH,134
2022,f,42,TUR,66
2022,m,50,NPL,41
2022,m,43,AUT,51
2022,m,36,PAK,129
2022,m,0,TUN,4
2022,m,61,DNK,51
2022,f,39,ALB,14
2022,m,52,JPN,69
2022,f,33,GEO,325
2022,m,30,MAR,70
2022,m,37,LTU,144
2022,f,32,MNG,25
2022,m,53,IRN,12
2022,m,33,COL,107
2022,m,32,HUN,95
2022,m,47,BGR,160
2022,m,100,GRC,19
2022,f,40,MNG,23
2022,f,26,ZWE,95
2022,m,100,YUG,1
2022,f,54,DEU,248
2022,m,44,SWE,79
2022,f,51,TUR,27
2022,f,83,NLD,2
2022,m,58,VNM,123
2022,f,72,RUS,74
2022,f,34,BRA,83
2022,m,26,BGR,91
2022,m,1,RUS,94
2022,f,11,CHN,44
2022,m,34,GBR,158
2022,m,24,FRA,164
2022,m,41,EGY,135
2022,f,57,IND,21
2022,m,21,DEU,130
2022,f,9,VNM,91
2022,m,49,FIN,15
2022,m,50,LVA,50
2022,m,53,BGD,11
2022,m,33,ARM,110
2022,f,53,UNKNOWN,259
2022,f,48,VEN,2
2022,f,30,BGR,82
2022,f,35,COL,31
2022,f,49,AUT,39
2022,m,51,PRK,38
2022,m,50,VUT,1
2022,f,43,VNM,150
2022,m,62,BGR,93
2022,f,34,ARM,54
2022,m,36,AZE,169
2022,m,54,KOR,144
2022,m,60,BLR,561
2022,f,39,ROU,104
2022,m,78,USA,35
2022,m,26,CZE,52
2022,f,60,DEU,338
2022,m,52,IND,145
2022,m,65,CYP,3
2022,f,1,PHL,12
2022,m,16,CHN,36
2022,f,31,GEO,385
2022,m,29,KOSOVO,48
2022,f,28,TUN,21
2022,m,16,KAZ,57
2022,f,40,IND,174
2022,m,36,FIN,36
2022,m,39,BGR,199
2022,f,100,DEU,17
2022,f,23,NGA,23
2022,f,30,UNKNOWN,76
2022,m,56,RUS,292
2022,m,44,ESP,166
2022,m,47,THA,33
2022,f,22,ARM,34
2022,f,41,IRN,23
2022,m,34,CUB,25
2022,m,50,AZE,43
2022,f,57,USA,53
2022,f,24,BGR,77
2022,m,29,PHL,130
2022,m,40,SRB,93
2022,m,74,BEL,18
2022,f,5,BGR,61
2022,m,0,TUR,29
2022,f,17,ROU,37
2022,m,38,ARM,148
2022,m,28,TUN,60
2022,f,74,USA,29
2022,m,25,DZA,61
2022,m,39,KOR,172
2022,f,29,ITA,121
2022,m,79,DEU,274
2022,m,81,ITA,51
2022,f,70,DEU,298
2022,m,9,LBN,2
2022,m,49,PHL,135
2022,f,67,BLR,121
2022,f,28,NGA,64
2022,f,47,GEO,349
2022,f,29,FIN,25
2022,f,19,BGR,44
2022,m,21,ITA,68
2022,m,42,HUN,75
2022,f,13,CHN,40
2022,m,92,CAN,5
2022,f,0,BLR,341
2022,m,31,GBR,123
2022,m,36,ESP,231
2022,m,25,BGD,147
2022,m,39,UNKNOWN,3
2022,m,59,VNM,145
2022,m,39,THA,37
2022,m,37,BGR,182
2022,m,44,ITA,273
2022,f,30,ESP,148
2022,m,48,VNM,217
2022,m,8,IRL,6
2022,m,22,NLD,41
2022,m,4,ARM,26
2022,f,36,LBN,5
2022,m,45,GBR,249
2022,m,54,ROU,183
2022,f,49,PRT,14
2022,f,20,AFG,8
2022,f,25,MYS,14
2022,m,30,ZAF,14
2022,m,28,ESP,206
2022,f,20,NGA,27
2022,f,59,USA,59
2022,m,28,RWA,60
2022,m,56,GBR,249
2022,f,19,ITA,19
2022,m,3,IND,142
2022,m,54,LVA,38
2022,f,62,BGR,61
2022,m,30,SRB,76
2022,f,63,VNM,75
2022,m,37,AFG,25
2022,m,42,USA,150
2022,f,87,BGR,5
2022,m,59,ITA,196
2022,m,60,AUT,78
2022,m,32,CZE,93
2022,f,30,BRA,73
2022,m,21,ZWE,240
2022,f,35,AZE,48
2022,f,58,BGR,49
2022,f,43,IRL,9
2022,m,58,GEO,452
2022,f,14,TUR,19
2022,f,29,KAZ,168
2022,f,56,KAZ,15
2022,f,87,CHE,1
2022,m,68,AUT,70
2022,f,22,SYR,9
2022,m,36,VEN,9
2022,f,62,ITA,22
2022,m,32,VEN,10
2022,m,20,CHN,70
2022,f,45,PER,7
2022,f,29,TKM,20
2022,f,23,CHN,236
2022,f,46,DNK,8
2022,f,42,USA,90
2022,m,0,RUS,70
2022,m,22,LTU,42
2022,m,29,JOR,21
2022,f,21,IDN,57
2022,m,61,NLD,94
2022,m,42,NGA,92
2022,f,27,VNM,160
2022,m,40,UZB,361
2022,f,39,RUS,571
2022,f,32,BRA,72
2022,f,42,GBR,64
2022,f,51,AUS,8
2022,m,70,GRC,30
2022,f,60,CZE,12
2022,m,71,USA,71
2022,m,60,GBR,205
2022,m,27,ARM,80
2022,f,28,MEX,26
2022,m,23,SRB,36
2022,f,66,KOR,8
2022,m,28,ROU,234
2022,m,3,TUR,40
2022,m,56,ROU,99
2022,m,18,USA,46
2022,f,47,NLD,44
2022,m,32,GBR,135
2022,f,41,AZE,18
2022,f,32,TWN,27
2022,m,39,JPN,40
2022,f,7,KAZ,16
2022,m,39,DNK,28
2022,m,58,KOR,110
2022,m,50,DNK,66
2022,m,39,UNKNOWN,156
2022,m,67,LKA,2
2022,m,27,BRA,54
2022,m,33,BEL,53
2022,f,36,FIN,22
2022,m,85,UKR,161
2022,m,40,ESP,206
2022,m,51,KAZ,51
2022,m,54,NOR,33
2022,f,28,GRC,32
2022,f,76,ARM,19
2022,m,56,IRQ,18
2022,f,44,SEN,2
2022,m,7,KAZ,15
2022,m,8,DEU,32
2022,m,17,DEU,62
2022,f,24,UNKNOWN,55
2022,m,62,JPN,47
2022,m,16,TJK,7
2022,m,69,CHN,33
2022,m,22,VNM,198
2022,f,78,RUS,49
2022,m,34,UNKNOWN,92
2022,m,33,IRQ,46
2022,f,77,DEU,109
2022,f,41,ESP,80
2022,m,32,MAR,80
2022,f,2,ITA,15
2022,f,19,ZWE,90
2022,m,20,NLD,33
2022,m,5,RUS,155
2022,m,44,AZE,104
2022,m,25,IRN,31
2022,f,55,CAN,5
2022,f,25,GEO,252
2022,m,55,USA,151
2022,m,31,UNKNOWN,79
2022,f,57,UNKNOWN,20
2022,f,89,TJK,1
2022,m,31,PRK,3
2022,m,35,DNK,27
2022,m,49,KOSOVO,17
2022,f,43,MKD,7
2022,m,32,ESP,258
2022,m,1,AZE,18
2022,f,33,SWE,34
2022,f,47,BOL,5
2022,m,38,KOR,156
2022,m,56,JPN,71
2022,f,25,COL,30
2022,m,50,ESP,87
2022,m,44,MAR,30
2022,f,23,IND,154
2022,m,22,CHN,121
2022,m,55,CAN,20
2022,f,24,ESP,267
2022,f,40,CZE,53
2022,f,19,JPN,27
2022,m,29,BGD,218
2022,f,69,RUS,99
2022,m,40,LTU,118
2022,f,38,PHL,280
2022,f,37,AUT,40
2022,m,29,KAZ,174
2022,m,32,DNK,24
2022,f,26,DEU,109
2022,f,28,ESP,121
2022,m,37,EGY,153
2022,f,52,AUT,65
2022,f,57,FRA,55
2022,f,92,CAN,3
2022,f,40,SVK,73
2022,m,53,MEX,14
2022,m,39,PER,14
2022,f,56,UNKNOWN,232
2022,f,45,DEU,255
2022,f,57,KOR,38
2022,f,36,AGO,16
2022,f,85,SGP,1
2022,f,81,DEU,119
2022,f,41,BGR,116
2022,m,29,ROU,269
2022,f,40,MDA,400
2022,f,40,ARM,69
2022,f,21,MEX,7
2022,m,45,ESP,162
2022,f,44,MUS,2
2022,f,22,ETH,113
2022,f,24,CAN,21
2022,m,40,AUT,63
2022,f,46,AFG,3
2022,f,47,ARM,58
2022,f,35,SVK,61
2022,f,9,CHN,52
2022,m,44,COL,37
2022,m,8,DNK,2
2022,f,36,TUR,283
2022,m,58,BEL,63
2022,f,37,CZE,61
2022,m,0,MDA,48
2022,f,24,IRN,26
2022,m,62,NOR,18
2022,f,29,MEX,36
2022,m,28,PHL,93
2022,f,28,KGZ,27
2022,f,36,CAN,23
2022,m,58,MDA,220
2022,m,74,HUN,3
2022,f,56,BLR,480
2022,f,46,AUT,45
2022,f,50,SVN,6
2022,f,30,RUS,591
2022,m,67,MDA,25
2022,f,49,UNKNOWN,20
2022,m,39,ZAF,22
2022,m,31,ITA,318
2022,m,37,SVK,112
2022,m,47,LVA,76
2022,m,43,JPN,58
2022,f,76,BLR,50
2022,f,12,ROU,56
2022,f,2,ROU,68
2022,f,56,ROU,25
2022,m,34,IDN,169
2022,m,29,GHA,25
2022,m,44,PRT,78
2022,m,61,ZAF,11
2022,f,18,JPN,22
2022,f,47,GBR,46
2022,m,58,TUR,93
2022,f,20,DEU,79
2022,m,80,UKR,213
2022,f,64,SWE,77
2022,f,47,AUT,52
2022,m,20,TJK,55
2022,m,44,NGA,76
2022,m,22,CAN,13
2022,f,41,TUR,60
2022,f,25,KAZ,148
2022,m,33,SAU,53
2022,m,57,KWT,2
2022,m,47,SRB,71
2022,f,44,SWE,44
2022,f,30,CZE,50
2022,m,53,FRA,171
2022,f,39,THA,54
2022,m,82,UKR,195
2022,m,53,UZB,82
2022,f,42,IND,118
2022,f,0,LVA,3
2022,m,58,AZE,34
2022,m,61,RUS,151
2022,f,48,GEO,327
2022,f,44,LUX,2
2022,m,50,JOR,15
2022,f,85,SWE,23
2022,f,36,USA,138
2022,m,31,DEU,345
2022,m,61,IND,36
2022,m,44,SVK,89
2022,m,72,USA,58
2022,m,97,DEU,25
2022,m,57,DEU,765
2022,m,50,HUN,47
2022,f,9,YEM,2
2022,f,28,DOM,2
2022,f,44,BGR,102
2022,m,30,BRA,72
2022,m,51,ALB,5
2022,m,37,THA,29
2022,m,51,KGZ,24
2022,f,61,CZE,19
2022,m,10,ESP,14
2022,f,26,PRK,2
2022,m,41,CAN,31
2022,f,34,TUN,12
2022,f,33,NOR,30
2022,f,44,ESP,50
2022,m,36,SVN,22
2022,m,72,SWE,76
2022,m,40,NLD,98
2022,m,42,DZA,44
2022,f,29,ARG,10
2022,m,28,KGZ,52
2022,f,72,BLR,81
2022,m,46,RUS,547
2022,m,27,TZA,7
2022,m,65,DNK,38
2022,m,38,EGY,146
2022,f,36,GEO,335
2022,m,2,DEU,20
2022,m,48,UZB,207
2022,m,13,BEL,11
2022,m,64,UNKNOWN,136
2022,m,37,HUN,81
2022,m,56,HUN,33
2022,m,16,JPN,21
2022,f,13,BLR,530
2022,m,58,EGY,14
2022,m,45,TUR,307
2022,m,13,IRL,6
2022,f,31,CHL,6
2022,m,32,PRY,4
2022,m,30,PAK,106
2022,m,67,UNKNOWN,9
2022,f,60,DNK,22
2022,m,42,THA,42
2022,m,24,NLD,46
2022,m,38,IDN,152
2022,m,33,YEM,8
2022,m,61,SWE,69
2022,m,29,HND,2
2022,m,66,BGR,73
2022,m,27,VNM,344
2022,m,27,ETH,105
2022,m,37,TJK,92
2022,f,31,KEN,30
2022,m,34,AUT,46
2022,f,53,TJK,4
2022,m,30,SVK,90
2022,f,23,LTU,59
2022,m,27,UGA,15
2022,f,10,BGR,55
2022,f,79,SYR,4
2022,m,36,BEL,42
2022,m,44,KEN,10
2022,f,45,JPN,52
2022,f,41,IND,127
2022,m,44,UNKNOWN,110
2022,f,46,KGZ,17
2022,f,11,JPN,14
2022,f,59,ROU,21
2022,m,54,AZE,41
2022,m,86,DEU,130
2022,f,34,NGA,30
2022,m,31,CRI,12
2022,m,42,AZE,132
2022,m,58,ROU,78
2022,m,27,DNK,30
2022,m,37,NLD,104
2022,f,53,RUS,285
2022,f,34,LTU,107
2022,m,61,MEX,7
2022,m,72,PRT,3
2022,m,74,UNKNOWN,4
2022,m,3,VNM,95
2022,f,45,USA,73
2022,f,33,ROU,163
2022,m,69,IRL,14
2022,m,47,TJK,34
2022,m,35,COL,81
2022,m,53,SEN,3
2022,f,79,BLR,18
2022,m,43,AUS,19
2022,f,64,RUS,146
2022,m,50,TUR,260
2022,m,39,PRT,113
2022,f,26,TKM,18
2022,m,38,BGR,199
2022,f,29,GEO,295
2022,m,3,GEO,52
2022,f,44,LTU,80
2022,m,33,UNKNOWN,90
2022,f,38,TUR,129
2022,f,35,SYR,12
2022,m,29,UZB,304
2022,m,67,GEO,37
2022,m,71,SWE,77
2022,m,3,RUS,132
2022,m,48,KOR,195
2022,m,44,KAZ,83
2022,m,49,ARG,10
2022,f,38,MDA,424
2022,f,36,ROU,132
2022,m,28,TJK,81
2022,f,87,LTU,4
2022,m,14,IRN,2
2022,f,27,BIH,4
2022,f,55,KOR,45
2022,f,71,SWE,109
2022,m,34,BRA,136
2022,f,73,DEU,220
2022,m,29,MYS,26
2022,f,45,ROU,90
2022,m,55,TUR,112
2022,m,23,BGD,57
2022,m,47,JPN,76
2022,m,30,KAZ,139
2022,m,38,TUN,117
2022,m,7,ITA,20
2022,f,23,ZWE,202
2022,m,62,UNKNOWN,113
2022,m,28,PRY,1
2022,f,65,DEU,351
2022,m,45,GRC,41
2022,f,3,ROU,72
2022,f,4,GBR,23
2022,m,52,IRN,12
2022,m,13,GBR,14
2022,f,56,ARM,35
2022,f,59,UNKNOWN,22
2022,m,38,KAZ,120
2022,m,65,CAN,17
2022,m,49,MAR,15
2022,m,17,GEO,48
2022,f,36,FRA,75
2022,m,26,VNM,268
2022,m,60,CHN,103
2022,f,35,DEU,150
2022,m,19,YEM,5
2022,m,34,BGR,168
2022,f,27,UNKNOWN,62
2022,f,72,UNKNOWN,6
2022,m,75,NLD,65
2022,m,40,MEX,45
2022,f,53,AUT,74
2022,m,75,TUR,10
2022,f,36,UZB,26
2022,f,39,CHN,249
2022,m,59,PRT,14
2022,f,38,ZAF,12
2022,m,43,DZA,38
2022,m,49,LUX,3
2022,m,13,RUS,226
2022,f,20,CHN,90
2022,f,38,JPN,40
2022,m,59,CHN,143
2022,f,40,VNM,179
2022,f,70,RUS,103
2022,f,26,ARM,42
2022,m,55,LTU,69
2022,m,12,MDA,32
2022,f,34,VNM,205
2022,f,27,ALB,20
2022,f,54,GEO,175
2022,f,51,ITA,43
2022,f,21,IRQ,7
2022,m,52,ROU,196
2022,f,77,YEM,1
2022,m,20,ROU,81
2022,m,48,COL,30
2022,m,100,DEU,11
2022,f,46,VNM,142
2022,m,52,LVA,39
2022,f,16,DEU,55
2022,f,0,TUR,22
2022,f,21,BDI,10
2022,f,43,USA,76
2022,m,23,SVK,33
2022,f,31,PRK,29
2022,m,12,IND,64
2022,m,33,SVK,84
2022,m,34,KAZ,115
2022,m,80,IND,4
2022,f,36,NPL,53
2022,m,24,KOR,44
2022,f,35,HUN,56
2022,f,89,SWE,18
2022,m,51,ESP,92
2022,m,39,NGA,94
2022,m,56,BGR,108
2022,f,29,ESP,97
2022,m,70,DEU,597
2022,f,29,ECU,8
2022,f,35,VEN,14
2022,m,5,ISR,7
2022,m,53,CZE,74
2022,f,49,SWE,61
2022,f,75,DEU,191
2022,m,30,DNK,38
2022,f,52,TKM,6
2022,m,23,MLI,6
2022,f,88,DEU,67
2022,f,2,LBY,3
2022,f,56,DEU,305
2022,m,65,ITA,155
2022,m,41,JOR,5
2022,f,23,ETH,80
2022,m,30,MYS,19
2022,f,76,USA,25
2022,f,76,BRA,4
2022,f,50,DNK,16
2022,f,20,USA,50
2022,m,39,ARG,27
2022,f,37,KOR,74
2022,m,39,CRI,2
2022,m,14,NLD,20
2022,m,5,IND,118
2022,f,23,HTI,4
2022,f,30,SVN,8
2022,m,64,UZB,3
2022,f,49,THA,54
2022,f,18,LTU,15
2022,f,74,SWE,58
2022,m,17,ISR,3
2022,m,11,USA,25
2022,f,37,GNB,2
2022,m,118,UNKNOWN,1
2022,m,42,ETH,9
2022,m,34,CMR,26
2022,m,62,MWI,1
2022,f,9,ARM,20
2022,m,68,SWE,62
2022,m,62,GBR,169
2022,f,60,SVK,15
2022,f,25,ETH,55
2022,f,25,GBR,36
2022,m,69,FRA,73
2022,m,22,NPL,102
2022,m,28,CAN,23
2022,m,38,TZA,6
2022,m,19,VNM,76
2022,m,28,KAZ,166
2022,f,54,GRC,5
2022,f,17,GBR,16
2022,m,41,AZE,121
2022,m,21,JPN,32
2022,m,30,ZWE,51
2022,f,58,AUT,70
2022,f,22,KGZ,56
2022,m,23,ROU,133
2022,m,32,HRV,42
2022,m,19,FRA,66
2022,m,24,ZAF,16
2022,f,37,ISR,12
2022,m,36,BGD,185
2022,m,72,SVN,2
2022,f,21,NLD,27
2022,f,32,PHL,239
2022,m,20,ZWE,159
2022,f,36,VNM,194
2022,m,68,NLD,60
2022,m,50,NOR,24
2022,m,87,NLD,3
2022,m,61,ECU,1
2022,m,52,AUT,64
2022,f,16,JPN,15
2022,f,56,IND,23
2022,m,41,LKA,27
2022,m,43,PRT,106
2022,m,53,SVK,46
2022,m,29,CHN,270
2022,f,6,USA,14
2022,f,27,THA,33
2022,m,31,HUN,86
2022,f,42,SYC,1
2022,f,43,BOL,4
2022,m,38,TKM,91
2022,m,45,CZE,128
2022,f,50,RUS,351
2022,f,64,HUN,11
2022,m,37,ZWE,35
2022,m,43,LTU,113
2022,m,72,ITA,116
2022,m,35,PAK,145
2022,m,35,TUN,121
2022,m,19,CAN,10
2022,f,45,SWE,48
2022,m,45,IRQ,16
2022,m,31,BRA,114
2022,f,40,ESP,60
2022,f,7,MDA,41
2022,f,95,DEU,50
2022,f,28,IRN,17
2022,f,24,VNM,117
2022,m,36,SRB,76
2022,m,35,DZA,67
2022,m,73,TUN,3
2022,m,64,MLT,1
2022,m,33,FIN,44
2022,m,5,BGR,59
2022,m,22,LBY,6
2022,m,29,USA,120
2022,f,36,GBR,51
2022,m,47,SVK,79
2022,f,8,SRB,4
2022,m,11,TUR,22
2022,m,51,SAU,5
2022,f,39,IRN,34
2022,m,46,USA,139
2022,m,15,MDA,26
2022,m,70,UNKNOWN,7
2022,m,39,KGZ,74
2022,f,44,JPN,59
2022,m,61,IRQ,17
2022,f,8,DEU,40
2022,f,25,MNE,6
2022,m,39,KAZ,113
2022,f,44,UZB,29
2022,m,23,NGA,60
2022,f,48,DNK,7
2022,f,60,AUT,70
2022,f,57,AUT,84
2022,m,44,PHL,300
2022,f,25,USA,68
2022,m,72,AUT,57
2022,f,46,CAN,17
2022,m,32,DZA,64
2022,m,58,LVA,41
2022,f,23,IDN,81
2022,f,30,CAN,26
2022,f,33,HUN,65
2022,f,1,FRA,11
2022,m,58,NLD,109
2022,m,59,NLD,107
2022,m,21,DZA,27
2022,f,39,KAZ,57
2022,m,38,MAR,52
2022,f,45,AUS,12
2022,f,34,UNKNOWN,86
2022,f,24,SVN,6
2022,m,64,LTU,29
2022,f,31,GRC,31
2022,m,63,IRN,6
2022,f,21,KEN,7
2022,m,32,KGZ,58
2022,m,35,SYR,38
2022,m,79,NOR,5
2022,f,68,CZE,20
2022,m,82,ARM,9
2022,f,43,JPN,49
2022,m,36,AUS,15
2022,f,58,IND,21
2022,m,29,TUN,62
2022,f,57,MDA,122
2022,m,20,GBR,23
2022,m,12,TJK,3
2022,m,54,JPN,74
2022,f,74,DNK,13
2022,m,54,GBR,289
2022,m,66,CAN,14
2022,f,46,BGR,112
2022,f,62,MDA,40
2022,f,30,DEU,116
2022,f,94,UNKNOWN,12
2022,m,67,KOR,33
2022,f,27,AFG,8
2022,m,35,BGD,180
2022,m,28,GRC,36
2022,f,25,ROU,119
2022,m,79,NLD,35
2022,m,4,RUS,147
2022,f,12,RUS,191
2022,f,31,VNM,200
2022,f,104,GBR,2
2022,m,17,HUN,10
2022,m,33,URY,3
2022,m,53,KEN,3
2022,m,76,BGR,26
2022,f,59,PRY,1
2022,m,46,AGO,3
2022,m,46,IND,368
2022,f,80,USA,16
2022,m,45,IRL,43
2022,m,37,IDN,173
2022,f,28,FRA,106
2022,f,8,HUN,11
2022,f,35,NPL,48
2022,f,20,UZB,29
2022,m,26,SGP,2
2022,m,42,KOR,205
2022,m,38,PAK,128
2022,f,1,GEO,68
2022,m,54,SWE,65
2022,m,29,CZE,77
2022,m,33,SRB,74
2022,f,37,TUR,190
2022,m,44,BEL,41
2022,f,42,CZE,48
2022,m,7,TUR,28
2022,m,45,DNK,37
2022,m,24,ITA,141
2022,m,7,MNG,6
2022,m,31,TKM,120
2022,m,48,NOR,28
2022,m,16,KOR,55
2022,f,72,IND,8
2022,f,27,AZE,94
2022,m,27,PRT,89
2022,f,11,FRA,26
2022,m,42,AUT,78
2022,m,67,FRA,80
2022,f,38,HUN,62
2022,f,31,SRB,32
2022,m,57,IRL,39
2022,f,30,VNM,189
2022,f,37,AZE,29
2022,f,84,FRA,3
2022,m,73,ITA,100
2022,f,25,CZE,42
2022,f,86,RUS,31
2022,f,28,GEO,284
2022,f,34,FIN,33
2022,m,37,NGA,142
2022,m,33,NGA,136
2022,m,32,USA,149
2022,f,48,IND,56
2022,m,50,BGD,24
2022,m,43,IRN,32
2022,m,66,SVK,21
2022,m,33,BRA,117
2022,m,43,IRL,53
2022,m,18,PAK,9
2022,m,89,FRA,6
2022,f,22,DEU,100
2022,m,29,IRQ,41
2022,m,27,IRN,27
2022,m,23,PER,20
2022,m,81,DEU,252
2022,f,14,KAZ,14
2022,m,50,TUN,15
2022,f,96,FRA,3
2022,m,39,AFG,14
2022,f,20,AGO,4
2022,m,70,ARM,31
2022,f,37,EGY,15
2022,f,23,MKD,1
2022,f,36,AZE,40
2022,f,43,KEN,13
2022,m,50,TJK,20
2022,m,27,PNG,2
2022,m,65,ARM,28
2022,m,23,KOSOVO,30
2022,f,92,DEU,42
2022,m,58,RUS,236
2022,m,89,DEU,77
2022,f,30,KEN,21
2022,m,32,TJK,106
2022,f,25,SVK,49
2022,m,53,MDA,397
2022,m,50,GBR,242
2022,f,82,USA,8
2022,f,88,UNKNOWN,12
2022,m,19,ITA,30
2022,f,43,IDN,43
2022,f,74,BLR,69
2022,f,72,CHN,14
2022,f,34,PAK,24
2022,f,54,GBR,62
2022,f,46,KOR,89
2022,m,67,RUS,77
2022,m,39,NPL,202
2022,f,46,GBR,49
2022,m,57,BIH,16
2022,m,62,MDA,104
2022,f,9,NLD,15
2022,m,6,RUS,198
2022,m,44,GBR,267
2022,m,35,SVN,14
2022,f,40,JPN,49
2022,m,12,ARM,20
2022,m,22,PER,10
2022,m,26,DEU,192
2022,f,24,KAZ,177
2022,m,43,SRB,65
2022,f,62,ROU,23
2022,m,28,CZE,74
2022,m,28,LVA,70
2022,m,61,BGR,96
2022,m,33,GBR,151
2022,f,45,THA,71
2022,m,63,ROU,46
2022,f,35,VNM,236
2022,m,9,KOR,52
2022,f,20,NLD,33
2022,f,35,UZB,34
2022,m,33,PAK,125
2022,f,46,AGO,2
2022,f,97,DEU,26
2022,f,69,JOR,1
2022,f,49,JPN,44
2022,m,27,ZWE,80
2022,m,34,ECU,3
2022,f,36,BGR,101
2022,m,40,FIN,25
2022,m,56,ISR,17
2022,m,77,DEU,238
2022,f,51,USA,57
2022,m,73,BGR,37
2022,m,34,AFG,19
2022,m,53,NPL,17
2022,f,47,LTU,58
2022,m,64,USA,75
2022,m,26,USA,89
2022,m,9,CZE,18
2022,f,9,IND,76
2022,f,11,SWE,7
2022,f,19,AZE,22
2022,f,48,UNKNOWN,278
2022,m,46,PHL,232
2022,m,18,NOR,6
2022,m,32,KOSOVO,40
2022,m,47,ROU,251
2022,m,29,TJK,76
2022,f,33,KAZ,123
2022,m,4,DEU,31
2022,f,26,URY,2
2022,m,21,BEL,13
2022,f,54,BGR,72
2022,m,55,PAK,21
2022,m,45,SRB,67
2022,f,22,TZA,13
2022,f,49,ROU,70
2022,m,17,CHN,30
2022,m,11,CZE,17
2022,f,27,ROU,125
2022,f,60,UNKNOWN,202
2022,f,41,VNM,144
2022,f,51,UZB,17
2022,m,39,MNG,25
2022,f,40,CHL,4
2022,f,43,AZE,14
2022,m,20,IDN,81
2022,m,42,VNM,291
2022,m,43,HRV,29
2022,f,53,COL,5
2022,m,18,IND,55
2022,m,62,CAN,16
2022,f,104,UNKNOWN,4
2022,f,20,TWN,9
2022,f,30,ZWE,65
2022,f,67,DNK,19
2022,m,15,ARM,28
2022,m,27,ARG,16
2022,f,83,AUT,12
2022,m,19,PRT,9
2022,m,36,NGA,129
2022,m,40,FRA,206
2022,f,34,SVK,62
2022,m,23,LVA,39
2022,f,14,KEN,2
2022,f,74,CHN,18
2022,m,46,IRL,47
2022,m,51,MEX,13
2022,f,65,UNKNOWN,13
2022,f,78,BGR,9
2022,m,9,BGR,63
2022,m,2,SRB,7
2022,f,27,FRA,112
2022,m,34,RWA,18
2022,m,22,MAR,52
2022,m,53,COG,6
2022,m,21,KGZ,81
2022,m,40,JPN,48
2022,f,29,NPL,94
2022,f,60,SWE,52
2022,m,42,IRL,65
2022,f,54,KOR,45
2022,f,39,CAN,25
2022,m,11,IND,66
2022,m,59,MAR,8
2022,f,61,VNM,64
2022,m,32,SWE,69
2022,f,51,NLD,39
2022,m,32,UNKNOWN,98
2022,m,37,GRC,53
2022,f,0,IND,53
2022,m,42,PSE,2
2022,m,43,BEL,58
2022,m,54,HUN,43
2022,f,35,ARM,78
2022,f,23,KOR,57
2022,f,30,ARM,77
2022,m,42,LVA,85
2022,f,25,IDN,86
2022,f,17,KOR,57
2022,f,69,CHN,22
2022,m,38,CHL,15
2022,f,32,VNM,194
2022,m,45,IDN,54
2022,f,59,VNM,87
2022,f,34,RWA,9
2022,m,38,CMR,20
2022,f,13,KOR,48
2022,m,61,PRK,22
2022,m,25,MEX,43
2022,m,1,KAZ,13
2022,m,72,FRA,60
2022,f,44,PER,9
2022,f,35,UNKNOWN,89
2022,m,57,HUN,30
2022,f,37,CHN,263
2022,f,68,SWE,107
2022,f,16,RUS,244
2022,f,55,DEU,264
2022,f,93,DEU,53
2022,m,9,SWE,11
2022,m,68,UNKNOWN,8
2022,m,34,SRB,84
2022,m,29,SRB,74
2022,m,70,CAN,17
2022,f,20,ESP,140
2022,f,30,FRA,81
2022,m,44,THA,27
2022,f,36,BGD,12
2022,m,41,BIH,18
2022,f,14,SOM,1
2022,f,44,IDN,37
2022,f,17,DEU,54
2022,f,35,HRV,24
2022,f,25,NGA,51
2022,f,45,UZB,28
2022,f,27,KEN,28
2022,m,36,SWE,63
2022,m,32,SEN,7
2022,f,33,CZE,60
2022,m,59,GBR,213
2022,m,27,ECU,9
2022,f,29,NGA,56
2022,m,56,KAZ,33
2022,f,0,MDA,59
2022,m,36,TKM,91
2022,m,38,GBR,216
2022,f,68,USA,31
2022,m,34,DZA,65
2022,m,15,GEO,59
2022,m,30,AUT,31
2022,f,29,UNKNOWN,81
2022,m,29,BGR,118
2022,f,68,AUT,80
2022,f,26,LTU,58
2022,m,48,ITA,296
2022,m,28,KOSOVO,38
2022,m,22,FRA,161
2022,f,21,COL,23
2022,f,52,ROU,57
2022,f,12,KOR,64
2022,f,41,MAR,10
2022,m,41,UZB,332
2022,m,41,NOR,34
2022,m,19,TUR,204
2022,f,48,GBR,47
2022,m,37,IRL,33
2022,f,33,JAM,3
2022,f,44,AUS,11
2022,f,58,RUS,199
2022,f,25,UNKNOWN,58
2022,f,83,RUS,49
2022,m,62,GEO,216
2022,f,28,KEN,29
2022,m,76,ITA,110
2022,m,50,GAB,1
2022,f,51,MYS,5
2022,m,31,CZE,100
2022,f,37,TUN,7
2022,f,46,ROU,56
2022,m,55,IND,84
2022,f,47,KAZ,47
2022,m,24,EGY,50
2022,m,21,VNM,137
2022,f,53,CZE,31
2022,m,45,BGR,189
2022,f,38,NZL,1
2022,f,21,GEO,147
2022,m,29,SYR,29
2022,f,72,HUN,8
2022,m,9,TJK,10
2022,f,34,ITA,101
2022,m,55,YUG,6
2022,m,76,SWE,57
2022,m,34,MAR,63
2022,m,60,KAZ,15
2022,f,62,GEO,61
2022,f,22,FRA,99
2022,f,57,ARM,45
2022,f,16,ISR,4
2022,m,62,BEL,43
2022,f,40,ALB,9
2022,f,32,ITA,102
2022,m,69,AUS,7
2022,f,74,BEL,7
2022,m,37,DZA,82
2022,f,47,ESP,38
2022,f,4,TJK,9
2022,f,14,PAK,6
2022,f,3,ESP,9
2022,f,39,DEU,200
2022,f,73,ARM,38
2022,f,29,GRC,31
2022,f,57,NOR,7
2022,f,21,SOM,2
2022,m,34,BOL,8
2022,m,83,USA,19
2022,m,21,MAR,50
2022,m,33,BGR,177
2022,f,55,AUT,59
2022,m,6,TUR,30
2022,f,23,DZA,9
2022,m,24,PRT,54
2022,f,56,BGR,55
2022,f,38,GEO,337
2022,f,5,VNM,74
2022,f,33,PHL,269
2022,m,51,BGR,158
2022,f,86,DEU,84
2022,m,41,MAR,33
2022,f,39,UZB,17
2022,m,34,SOM,2
2022,f,58,GEO,144
2022,f,22,GEO,177
2022,m,48,BGD,36
2022,f,39,USA,134
2022,m,23,PRT,61
2022,f,38,USA,121
2022,m,68,PRK,3
2022,m,30,BGR,134
2022,m,41,KOSOVO,34
2022,m,45,TJK,41
2022,f,26,IRQ,9
2022,f,57,VNM,83
2022,m,50,SVK,68
2022,f,18,IND,57
2022,m,26,MEX,56
2022,m,26,LSO,1
2022,m,14,ROU,57
2022,f,40,BGR,88
2022,m,62,DNK,40
2022,m,10,CHL,2
2022,m,82,ETH,2
2022,m,16,GEO,60
2022,m,12,IRQ,5
2022,f,60,TUR,14
2022,m,35,NLD,94
2022,m,52,TUR,178
2022,m,41,MEX,29
2022,m,21,CHN,80
2022,m,54,LBY,10
2022,f,25,SWE,22
2022,f,59,ITA,19
2022,m,36,ALB,61
2022,f,53,BEL,9
2022,m,79,USA,23
2022,m,20,ESP,82
2022,m,33,AZE,200
2022,m,63,GEO,165
2022,f,64,AUT,95
2022,m,61,TUR,46
2022,f,7,HUN,8
2022,f,23,ESP,260
2022,m,21,AUT,17
2022,f,45,PHL,127
2022,m,25,KGZ,59
2022,f,26,GBR,42
2022,f,8,KOR,68
2022,f,35,KAZ,111
2022,m,34,CHN,428
2022,f,47,ZAF,4
2022,m,57,SWE,65
2022,f,5,PRT,5
2022,f,34,HRV,19
2022,m,28,AFG,46
2022,f,39,VNM,208
2022,f,32,SVK,66
2022,f,56,UNKNOWN,18
2022,f,28,ZWE,88
2022,f,58,CHN,72
2022,m,68,YUG,4
2022,m,45,KOR,199
2022,f,47,IND,45
2022,m,7,LTU,14
2022,f,22,UNKNOWN,40
2022,m,54,PHL,54
2022,f,8,BEL,8
2022,m,59,ARM,61
2022,m,23,MAR,66
2022,f,40,PHL,289
2022,f,46,HUN,38
2022,f,24,IDN,71
2022,f,69,AUT,86
2022,m,64,YUG,4
2022,f,13,ROU,71
2022,f,37,LVA,39
2022,m,32,JOR,24
2022,m,32,NGA,123
2022,f,45,SGP,3
2022,m,28,KEN,42
2022,m,8,USA,34
2022,m,64,ZAF,3
2022,f,62,RUS,176
2022,m,25,ARM,67
2022,m,33,GRC,67
2022,f,57,KAZ,14
2022,f,24,SOM,2
2022,f,21,RWA,80
2022,f,66,CHN,35
2022,f,36,MNG,51
2022,m,53,CHN,223
2022,m,54,UZB,64
2022,f,36,DOM,2
2022,f,53,IND,22
2022,m,41,MNG,19
2022,m,40,ARM,141
2022,f,23,VNM,120
2022,m,68,GBR,114
2022,m,51,PHL,84
2022,m,29,BRA,87
2022,f,36,COL,32
2022,m,56,PAK,21
2022,f,46,USA,64
2022,m,30,TJK,85
2022,m,50,CZE,103
2022,f,131,RUS,1
2022,m,32,TUN,105
2022,m,28,BGR,108
2022,f,32,ALB,13
2022,f,59,THA,11
2022,f,68,DNK,24
2022,f,34,KOSOVO,6
2022,f,110,GBR,2
2022,m,30,SYR,26
2022,m,72,AUS,4
2022,m,32,NLD,80
2022,m,58,LTU,42
2022,f,29,JPN,36
2022,m,64,PRK,18
2022,f,53,ARM,37
2022,m,34,ARM,136
2022,m,60,KOR,96
2022,m,41,NPL,148
2022,f,67,BGR,29
2022,f,46,CZE,53
2022,f,56,MDA,177
2022,m,34,SYR,32
2022,m,27,TUN,48
2022,f,100,UNKNOWN,6
2022,m,29,KOR,98
2022,f,53,CHN,81
2022,m,53,TUR,165
2022,m,31,ARM,125
2022,f,50,THA,62
2022,f,59,AUT,74
2022,f,27,KAZ,181
2022,f,39,NLD,36
2022,f,39,KOR,85
2022,m,68,DNK,34
2022,f,42,LVA,35
2022,m,75,FRA,39
2022,m,39,ESP,190
2022,m,76,AUT,37
2022,m,84,AUT,13
2022,m,23,GBR,40
2022,m,59,BGR,84
2022,f,77,RUS,43
2022,f,50,ROU,43
2022,f,42,BRA,37
2022,f,2,VNM,101
2022,f,86,CHN,4
2022,f,50,FRA,67
2022,m,40,THA,48
2022,m,49,AUT,42
2022,f,38,CHN,239
2022,f,16,KAZ,34
2022,m,46,EGY,66
2022,f,43,ZAF,7
2022,f,36,VEN,10
2022,f,55,PHL,13
2022,f,18,MEX,5
2022,m,59,IDN,1
2022,f,0,KGZ,4
2022,m,25,UNKNOWN,13
2022,m,66,UNKNOWN,112
2022,m,32,ARG,27
2022,m,74,UNKNOWN,8
2022,m,55,CUB,5
2022,f,37,DEU,178
2022,f,15,ARM,18
2022,f,64,TUR,6
2022,m,16,CHE,3
2022,f,30,COM,1
2022,m,56,ITA,247
2022,f,60,LKA,1
2022,f,49,CHL,2
2022,m,26,PRT,95
2022,m,65,USA,104
2022,m,14,CHN,51
2022,f,35,CZE,52
2022,m,4,IND,143
2022,m,23,RWA,100
2022,m,58,FIN,13
2022,f,75,BLR,55
2022,f,25,ITA,129
2022,m,36,GRC,48
2022,f,60,ARM,48
2022,f,51,CHN,126
2022,f,55,CZE,25
2022,f,30,TKM,23
2022,m,11,TJK,4
2022,f,27,MDA,362
2022,m,42,JPN,59
2022,m,43,NLD,97
2022,m,28,LKA,12
2022,f,48,KAZ,35
2022,m,40,GBR,237
2022,m,81,UKR,245
2022,m,36,SAU,24
2022,f,30,BEL,15
2022,f,28,KOR,68
2022,f,26,TWN,22
2022,m,39,CZE,108
2022,m,66,BLR,168
2022,f,37,BEL,9
2022,f,38,NLD,50
2022,m,28,MAR,96
2022,f,21,MOZ,13
2022,m,66,SWE,85
2022,f,52,DEU,247
2022,f,50,ITA,29
2022,f,42,FIN,12
2022,f,28,PHL,119
2022,f,90,SWE,15
2022,f,49,FIN,15
2022,m,19,BGR,59
2022,m,47,HRV,23
2022,f,54,EST,3
2022,f,64,DNK,26
2022,m,63,ARM,47
2022,f,37,MNG,30
2022,f,35,NLD,32
2022,f,24,MAR,34
2022,f,39,BGR,121
2022,m,46,GRC,36
2022,m,26,PHL,42
2022,m,49,VEN,7
2022,m,33,KEN,24
2022,m,13,AFG,9
2022,m,18,RWA,2
2022,m,71,VNM,20
2022,f,56,BRA,7
2022,f,22,BHR,1
2022,f,33,BGR,126
2022,m,59,USA,130
2022,f,63,FIN,12
2022,m,10,CHN,56
2022,m,32,ISR,24
2022,f,9,AZE,15
2022,m,86,YUG,1
2022,m,44,TJK,43
2022,f,41,NLD,43
2022,m,26,TJK,98
2022,m,74,BLR,23
2022,m,94,DEU,47
2022,m,28,JPN,25
2022,f,3,RUS,142
2022,m,25,ETH,101
2022,f,22,IDN,71
2022,m,48,BEL,51
2022,f,41,UNKNOWN,207
2022,m,9,DEU,30
2022,m,26,KAZ,174
2022,f,83,MKD,1
2022,m,27,BIH,16
2022,m,22,KOR,33
2022,m,79,GRC,13
2022,m,20,LVA,15
2022,m,52,FIN,28
2022,m,63,RUS,127
2022,f,71,VNM,23
2022,m,12,ROU,62
2022,m,36,UNKNOWN,117
2022,f,43,KGZ,17
2022,f,56,AUT,79
2022,f,12,LBN,2
2022,m,10,MDA,25
2022,m,28,DNK,27
2022,m,26,ISR,16
2022,m,53,ROU,174
2022,m,43,BGD,111
2022,f,24,KEN,19
2022,m,56,EGY,18
2022,f,1,BGD,12
2022,f,16,LVA,6
2022,f,37,IRL,9
2022,m,81,NOR,7
2022,f,8,IND,71
2022,m,36,TUN,112
2022,m,31,BIH,12
2022,m,44,DNK,34
2022,f,24,ARM,44
2022,m,34,ARG,27
2022,m,79,ROU,2
2022,m,48,KAZ,69
2022,m,42,NPL,146
2022,m,48,CZE,111
2022,m,36,IRL,40
2022,m,30,LTU,109
2022,f,32,MNE,1
2022,m,28,DEU,213
2022,m,25,ARE,3
2022,m,53,CAN,26
2022,f,77,UNKNOWN,7
2022,m,83,PAK,1
2022,m,55,EST,5
2022,m,31,MNG,39
2022,m,35,MAR,54
2022,m,72,GRC,14
2022,m,42,TKM,46
2022,m,17,KAZ,60
2022,m,45,TUN,38
2022,m,24,SRB,36
2022,m,69,ITA,124
2022,f,48,BGR,97
2022,f,30,ALB,8
2022,m,69,GRC,43
2022,f,32,ESP,92
2022,m,45,TKM,26
2022,m,42,ZWE,13
2022,f,91,BLR,6
2022,f,28,SWE,30
2022,m,45,NPL,100
2022,f,47,JPN,52
2022,f,63,SVK,9
2022,f,6,BGR,57
2022,m,42,ALB,39
2022,f,33,SVK,56
2022,m,52,LTU,75
2022,f,43,THA,47
2022,f,78,UNKNOWN,29
2022,m,68,FRA,80
2022,f,84,DEU,87
2022,m,78,AUT,26
2022,m,47,CMR,9
2022,m,41,UNKNOWN,145
2022,m,60,VNM,123
2022,m,90,UKR,22
2022,f,84,AUT,5
2022,m,54,KAZ,37
2022,f,45,AUT,39
2022,f,4,PAN,1
2022,f,40,GBR,60
2022,m,5,CHN,60
2022,m,58,CZE,56
2022,f,7,ARM,22
2022,m,7,IRQ,6
2022,f,52,DNK,11
2022,f,66,BLR,146
2022,m,34,EGY,159
2022,m,62,TUR,49
2022,m,45,MYS,8
2022,m,81,ROU,5
2022,f,0,FRA,7
2022,m,29,SVK,52
2022,m,56,IRL,41
2022,f,8,TUR,18
2022,f,40,COL,29
2022,m,47,BEL,41
2022,f,42,DEU,243
2022,m,52,AUS,18
2022,m,38,TWN,23
2022,m,46,KOSOVO,19
2022,m,72,KAZ,6
2022,m,51,CUB,3
2022,f,32,KEN,27
2022,f,76,DNK,10
2022,m,57,BEL,48
2022,f,31,BGR,102
2022,m,3,PAK,11
2022,m,32,TKM,143
2022,m,36,SVK,96
2022,f,55,KAZ,15
2022,m,51,DNK,57
2022,m,75,FIN,12
2022,f,38,LTU,95
2022,m,48,HUN,55
2022,f,32,BGR,130
2022,f,35,GBR,59
2022,f,45,NLD,54
2022,f,5,MDA,31
2022,m,35,LBN,24
2022,m,33,CRI,10
2022,m,46,NER,2
2022,m,56,UZB,40
2022,m,55,UZB,56
2022,m,24,AUT,36
2022,f,19,AUT,11
2022,f,14,IND,34
2022,m,77,USA,39
2022,f,85,RUS,60
2022,f,44,FRA,49
2022,m,55,ISR,26
2022,f,54,PHL,19
2022,m,63,CHN,43
2022,f,16,IND,27
2022,m,3,UZB,9
2022,m,55,UNKNOWN,110
2022,m,64,CZE,35
2022,f,37,BRA,62
2022,f,42,PER,6
2022,m,28,ARM,97
2022,m,50,LTU,82
2022,f,11,ITA,17
2022,m,40,JAM,3
2022,f,67,GRC,15
2022,m,33,AUT,43
2022,m,38,SVK,103
2022,m,41,COL,48
2022,f,51,SWE,51
2022,m,4,IRL,5
2022,m,55,IRL,43
2022,m,45,AZE,71
2022,f,32,AZE,69
2022,m,7,GEO,51
2022,m,16,IND,34
2022,m,71,NLD,69
2022,f,60,MEX,3
2022,f,10,MDA,31
2022,f,41,CHN,224
2022,m,55,BEL,65
2022,m,41,HRV,35
2022,m,31,MEX,76
2022,f,38,SWE,48
2022,m,57,LTU,46
2022,f,25,ALB,23
2022,m,11,LTU,12
2022,f,40,AZE,21
2022,f,47,KOR,86
2022,f,67,NLD,4
2022,f,75,IND,4
2022,f,53,MDA,241
2022,m,13,TUR,21
2022,f,20,MNG,12
2022,m,59,CAN,17
2022,f,26,RWA,45
2022,m,16,ROU,43
2022,m,72,DNK,21
2022,f,7,CHN,43
2022,m,30,PER,11
2022,f,25,BGD,23
2022,m,40,TJK,71
2022,m,12,FRA,30
2022,m,50,LBN,14
2022,f,66,VNM,65
2022,f,20,COG,8
2022,f,50,USA,59
2022,f,93,UNKNOWN,8
2022,m,71,SYR,3
2022,f,39,ZWE,31
2022,m,107,GBR,1
2022,f,30,ITA,110
2022,m,35,ALB,65
2022,f,17,ESP,8
2022,f,63,CHN,28
2022,f,27,BRA,46
2022,m,62,CHN,69
2022,f,19,MAR,7
2022,m,73,BLR,42
2022,m,24,NGA,73
2022,m,50,PER,6
2022,m,46,PAK,73
2022,f,22,COG,7
2022,m,5,UNKNOWN,9
2022,f,31,EST,10
2022,f,32,DEU,123
2022,f,38,GHA,4
2022,m,26,VEN,12
2022,m,62,VNM,131
2022,m,70,UNKNOWN,94
2022,m,42,LKA,26
2022,m,50,UNKNOWN,87
2022,m,80,GBR,20
2022,f,21,VNM,117
2022,m,73,RUS,41
2022,m,48,EGY,57
2022,m,23,GRC,27
2022,m,66,CHN,53
2022,m,23,HRV,10
2022,m,24,TKM,185
2022,f,34,IND,402
2022,m,6,VNM,74
2022,m,45,SAU,5
2022,m,18,ZWE,9
2022,f,47,CZE,48
2022,f,38,UNKNOWN,158
2022,f,85,DEU,80
2022,m,73,NLD,60
2022,m,3,ITA,20
2022,m,40,PRT,96
2022,f,38,PAK,14
2022,f,68,GBR,26
2022,m,52,DZA,22
2022,m,39,MEX,51
2022,f,81,GBR,5
2022,f,21,SYR,9
2022,m,40,AZE,153
2022,f,64,MDA,20
2022,m,72,GBR,81
2022,m,54,YUG,5
2022,f,30,LTU,91
2022,f,63,ARM,42
2022,m,65,PRT,19
2022,f,19,IND,77
2022,m,28,IRL,16
2022,f,19,ARM,21
2022,f,16,ROU,40
2022,f,48,KOR,87
2022,f,44,KOR,87
2022,m,103,SWE,2
2022,m,53,HUN,43
2022,m,44,YEM,8
2022,m,47,AUS,16
2022,f,26,BIH,9
2022,f,21,USA,49
2022,m,78,TUR,3
2022,f,3,CHN,57
2022,m,50,UZB,152
2022,m,35,KOSOVO,38
2022,f,79,DEU,118
2022,m,51,NPL,37
2022,f,49,FRA,68
2022,m,7,USA,27
2022,m,38,LTU,131
2022,m,75,SAU,2
2022,m,43,NPL,114
2022,f,27,MWI,2
2022,f,15,USA,31
2022,m,72,BGR,49
2022,m,35,GIN,7
2022,m,113,UNKNOWN,2
2022,f,34,MNG,32
2022,m,26,AGO,15
2022,m,20,ARM,20
2022,m,0,ROU,63
2022,f,48,FRA,57
2022,m,90,GBR,4
2022,m,26,SRB,60
2022,f,31,SAU,28
2022,m,60,BGR,101
2022,f,71,GEO,8
2022,f,27,COL,38
2022,m,16,BGR,57
2022,m,51,MNE,4
2022,m,6,GEO,60
2022,m,32,COL,104
2022,m,56,LVA,33
2022,f,18,BEL,5
2022,f,19,CHN,41
2022,f,12,KAZ,12
2022,f,23,KEN,27
2022,f,78,DNK,6
2022,f,17,CHN,25
2022,m,63,UNKNOWN,118
2022,m,17,USA,25
2022,f,32,CZE,57
2022,m,31,BGD,211
2022,m,1,GBR,17
2022,m,27,KAZ,164
2022,m,70,DNK,29
2022,m,41,CZE,99
2022,m,78,RUS,15
2022,f,37,GBR,64
2022,f,74,CAN,4
2022,m,50,PAK,43
2022,f,51,KGZ,10
2022,f,53,SRB,6
2022,m,47,LTU,88
2022,m,56,FRA,169
2022,m,34,BIH,17
2022,f,50,PHL,48
2022,f,66,NLD,18
2022,f,43,CIV,1
2022,f,27,CHN,273
2022,f,58,THA,12
2022,m,22,AUT,18
2022,m,84,UNKNOWN,11
2022,f,34,MMR,4
2022,f,35,TKM,9
2022,f,31,IRN,37
2022,f,56,MUS,2
2022,f,75,DNK,16
2022,m,55,NPL,10
2022,f,32,USA,155
2022,m,22,SRB,33
2022,m,8,TUR,35
2022,m,21,USA,61
2022,f,22,RWA,79
2022,f,54,IND,23
2022,f,25,EST,10
2022,f,37,ROU,156
2022,m,31,LKA,30
2022,m,23,HUN,39
2022,f,67,RUS,98
2022,m,56,SYR,33
2022,f,39,PER,6
2022,f,50,MUS,1
2022,f,39,AUT,42
2022,f,51,GBR,49
2022,f,69,DNK,18
2022,f,25,SRB,15
2022,m,28,AUS,8
2022,m,4,FRA,23
2022,m,96,UNKNOWN,11
2022,f,23,CMR,7
2022,f,35,THA,36
2022,f,41,JPN,56
2022,m,32,TWN,26
2022,f,55,AZE,13
2022,f,8,ROU,51
2022,f,61,FRA,44
2022,f,4,COL,4
2022,m,20,BGD,25
2022,m,39,LVA,125
2022,f,29,IRN,29
2022,f,73,UNKNOWN,80
2022,m,17,ROU,46
2022,m,18,AUT,14
2022,m,28,SVK,71
2022,m,12,VNM,64
2022,m,72,MDA,10
2022,f,67,ARM,44
2022,m,68,SYR,11
2022,m,57,MEX,9
2022,f,24,UGA,8
2022,f,6,VNM,89
2022,m,41,ETH,4
2022,m,58,ARM,56
2022,m,35,LVA,81
2022,m,36,VAT,1
2022,m,81,FRA,17
2022,f,56,USA,43
2022,m,51,IRL,46
2022,f,27,MEX,32
2022,m,3,FRA,11
2022,m,45,THA,34
2022,f,58,KOR,34
2022,f,16,NLD,23
2022,m,48,ARM,125
2022,m,63,PRK,20
2022,m,74,RUS,41
2022,m,46,NOR,36
2022,f,26,MEX,32
2022,m,22,PRT,46
2022,f,67,AUT,77
2022,f,4,MDA,47
2022,f,27,MAR,26
2022,m,32,KEN,28
2022,m,65,ISR,14
2022,m,80,NOR,10
2022,m,38,CZE,99
2022,m,38,HUN,92
2022,f,33,BTN,1
2022,m,47,IRQ,22
2022,f,9,DEU,39
2022,f,102,SWE,5
2022,m,52,VAT,2
2022,m,33,EGY,108
2022,m,73,KOR,4
2022,f,22,UZB,50
2022,m,1,USA,19
2022,m,15,NOR,5
2022,m,49,BIH,18
2022,m,39,SWE,78
2022,f,60,HUN,6
2022,f,26,SAU,22
2022,m,84,LBN,5
2022,m,27,SOM,3
2022,m,47,ESP,133
2022,m,31,USA,140
2022,m,48,FIN,23
2022,f,31,ROU,111
2022,f,43,UZB,30
2022,m,48,MKD,14
2022,f,26,IDN,103
2022,m,70,BGR,51
2022,f,32,UGA,17
2022,m,24,COD,21
2022,m,26,HUN,54
2022,m,33,SWE,59
2022,f,24,LVA,10
2022,m,41,THA,44
2022,f,12,CHE,3
2022,f,60,JPN,16
2022,f,39,NOR,27
2022,m,38,DZA,52
2022,m,59,FRA,124
2022,f,12,USA,34
2022,f,103,SWE,5
2022,f,61,SWE,62
2022,m,88,ITA,12
2022,m,4,SVK,10
2022,m,64,GEO,114
2022,m,26,TKM,179
2022,m,81,ECU,1
2022,f,38,DZA,7
2022,m,2,VNM,106
2022,m,63,AUT,72
2022,m,20,RWA,56
2022,m,46,UNKNOWN,105
2022,f,1,ROU,65
2022,f,30,ROU,112
2022,m,94,USA,12
2022,m,26,KOSOVO,31
2022,f,26,BGR,76
2022,m,14,BGR,57
2022,f,28,ALB,19
2022,f,25,PAK,24
2022,m,34,SAU,55
2022,m,63,LKA,3
2022,m,42,IDN,115
2022,f,38,IRQ,21
2022,f,79,SWE,28
2022,m,33,ESP,284
2022,f,17,GEO,26
2022,f,83,SWE,29
2022,f,26,USA,120
2022,m,42,SWE,83
2022,m,46,ESP,139
2022,m,1,ITA,18
2022,f,7,TUR,28
2022,f,34,LVA,38
2022,m,10,IDN,2
2022,m,33,TJK,91
2022,m,33,FRA,218
2022,f,57,NLD,20
2022,f,40,BEL,11
2022,f,40,TKM,14
2022,m,32,GTM,6
2022,m,9,RUS,184
2022,m,32,CAN,20
2022,m,13,KGZ,4
2022,m,71,CZE,23
2022,m,46,IRN,28
2022,m,13,KOR,53
2022,f,97,RUS,17
2022,f,55,UNKNOWN,19
2022,m,43,MEX,37
2022,m,80,BGR,15
2022,m,38,USA,224
2022,f,5,FRA,15
2022,f,33,ALB,20
2022,m,36,LTU,134
2022,f,59,UNKNOWN,186
2022,m,31,MAR,67
2022,f,40,IRN,36
2022,m,50,IDN,18
2022,f,18,CUB,2
2022,m,48,GRC,26
2022,m,17,KOR,54
2022,f,34,NOR,24
2022,m,39,SYR,47
2022,f,48,NLD,36
2022,m,30,ALB,54
2022,m,54,LBN,5
2022,f,73,CHE,6
2022,m,47,SWE,91
2022,f,19,KGZ,26
2022,m,21,PAK,32
2022,m,43,CZE,111
2022,f,103,ISR,2
2022,f,62,IDN,2
2022,m,41,MLT,5
2022,m,66,IND,31
2022,f,18,CHE,2
2022,f,33,KEN,14
2022,m,33,SVN,11
2022,f,25,PRT,56
2022,f,18,BGR,74
2022,m,10,ROU,72
2022,m,41,TUN,79
2022,m,40,DNK,34
2022,f,49,NLD,39
2022,m,50,SWE,90
2022,m,49,PAK,38
2022,f,28,JPN,35
2022,m,77,LTU,6
2022,f,28,EGY,22
2022,m,47,FRA,140
2022,f,29,TUN,23
2022,f,29,CHL,3
2022,f,34,ARG,12
2022,m,50,ROU,176
2022,f,37,VEN,6
2022,m,37,CHL,5
2022,f,20,ETH,23
2022,f,26,NGA,60
2022,f,20,AUT,8
2022,m,21,LVA,20
2022,m,28,ALB,58
2022,f,58,ESP,10
2022,m,19,LTU,28
2022,f,23,COD,7
2022,f,73,CAN,5
2022,m,2,TUR,27
2022,f,41,ARM,73
2022,m,36,MNG,29
2022,m,52,BGR,143
2022,m,72,RUS,55
2022,m,69,NOR,8
2022,f,72,LTU,16
2022,f,34,IDN,44
2022,m,30,LVA,96
2022,m,18,TJK,40
2022,m,17,JPN,23
2022,f,77,SWE,39
2022,m,18,LTU,10
2022,m,55,PRT,42
2022,m,26,ETH,100
2022,m,16,CZE,17
2022,m,112,DEU,3
2022,f,0,ROU,56
2022,m,45,SVK,76
2022,m,35,CMR,24
2022,f,36,BOL,3
2022,m,31,BGR,122
2022,f,65,AUT,84
2022,m,18,UNKNOWN,16
2022,f,23,ITA,105
2022,m,36,USA,217
2022,m,6,CHN,57
2022,m,55,TTO,1
2022,f,43,TUR,50
2022,f,44,UNKNOWN,207
2022,f,33,JPN,45
2022,m,42,TJK,53
2022,f,23,KAZ,216
2022,m,28,THA,18
2022,m,61,ROU,53
2022,m,41,LVA,104
2022,m,31,NOR,27
2022,f,72,UZB,1
2022,m,102,UNKNOWN,2
2022,m,45,MLT,5
2022,m,53,GBR,251
2022,f,30,NGA,56
2022,f,27,SEN,3
2022,f,9,JPN,14
2022,f,25,TJK,17
2022,m,59,HUN,18
2022,f,30,PHL,176
2022,f,34,IRN,34
2022,f,63,USA,53
2022,m,10,HUN,11
2022,m,55,ROU,160
2022,m,66,GEO,49
2022,m,49,NZL,7
2022,m,68,GEO,24
2022,f,94,DEU,50
2022,m,61,LTU,44
2022,f,68,ETH,1
2022,m,44,KGZ,46
2022,m,36,MEX,56
2022,m,56,CHN,147
2022,m,21,NGA,53
2022,m,45,NOR,37
2022,m,23,FRA,173
2022,f,49,DNK,18
2022,f,10,NOR,5
2022,m,0,AZE,22
2022,m,63,FRA,97
2022,f,4,ARM,9
2022,f,49,COD,3
2022,m,66,RUS,90
2022,m,48,NLD,104
2022,f,25,SAU,9
2022,m,37,KEN,20
2022,m,34,MEX,54
2022,m,61,CAN,16
2022,m,46,COL,36
2022,f,43,SWE,43
2022,m,31,COL,109
2022,f,48,PHL,50
2022,m,95,DEU,37
2022,f,70,BLR,99
2022,f,7,ROU,73
2022,f,9,SVK,8
2022,f,44,NOR,27
2022,m,37,AGO,10
2022,m,61,THA,13
2022,f,51,AUT,56
2022,m,48,IDN,47
2022,m,15,IND,46
2022,m,63,CAN,21
2022,m,29,KGZ,70
2022,f,49,KOR,84
2022,f,51,VNM,118
2022,m,77,SWE,55
2022,m,15,CAN,5
2022,m,69,VNM,37
2022,f,28,LTU,67
2022,f,42,THA,52
2022,f,43,ROU,88
2022,m,10,MNG,6
2022,f,53,ISR,6
2022,m,60,UNKNOWN,2
2022,m,11,ROU,55
2022,m,40,JOR,19
2022,m,49,PRT,67
2022,f,28,BEL,13
2022,m,18,SVK,7
2022,m,55,NLD,133
2022,m,13,ITA,20
2022,f,46,LTU,55
2022,f,23,NPL,24
2022,m,67,JPN,23
2022,f,47,DNK,17
2022,m,67,GBR,121
2022,f,25,ZMB,5
2022,m,32,PAK,131
2022,m,43,JOR,17
2022,m,26,LBN,33
2022,m,43,ALB,46
2022,m,46,CZE,124
2022,m,43,NER,2
2022,m,21,IND,217
2022,m,41,GBR,232
2022,m,32,PRT,112
2022,f,3,KOR,20
2022,f,36,PRK,11
2022,m,55,BGR,109
2022,m,62,ITA,176
2022,f,25,TZA,14
2022,m,26,PAK,80
2022,m,5,HUN,9
2022,f,29,SAU,58
2022,f,13,NIC,1
2022,f,76,RUS,58
2022,m,86,SWE,9
2022,f,40,KAZ,60
2022,m,44,ROU,280
2022,m,28,JAM,4
2022,f,38,ZWE,45
2022,f,50,PER,7
2022,m,1,JPN,5
2022,m,49,NGA,37
2022,m,61,LBY,13
2022,f,24,NLD,46
2022,m,24,BGR,84
2022,m,25,TZA,8
2022,m,48,CRI,4
2022,f,87,UNKNOWN,2
2022,m,55,HUN,44
2022,m,23,SOM,3
2022,m,33,ALB,51
2022,f,24,USA,98
2022,f,50,NLD,31
2022,f,32,KOR,78
2022,f,41,ROU,106
2022,f,54,ARM,30
2022,m,28,TWN,17
2022,f,38,CZE,48
2022,m,61,BGD,2
2022,f,63,CZE,20
2022,f,60,CHN,50
2022,f,51,ARM,52
2022,m,41,MYS,12
2022,f,28,CHN,222
2022,m,3,ARM,17
2022,m,4,IRQ,4
2022,f,42,NZL,4
2022,m,49,SVK,52
2022,f,33,ARM,61
2022,m,46,ZAF,10
2022,f,92,MNG,1
2022,m,59,UNKNOWN,10
2022,f,53,THA,39
2022,f,26,UNKNOWN,65
2022,f,37,IDN,52
2022,m,21,ARE,3
2022,f,0,BGD,10
2022,m,55,VNM,128
2022,m,56,JOR,9
2022,m,64,SWE,70
2022,m,58,GRC,27
2022,m,86,UNKNOWN,3
2022,m,10,IND,65
2022,m,18,AZE,54
2022,f,25,BGR,66
2022,m,71,MYS,3
2022,m,23,NPL,134
2022,f,61,NOR,8
2022,m,7,MDA,31
2022,m,73,IND,7
2022,m,41,SYR,35
2022,m,51,LBN,10
2022,m,54,BEL,66
2022,f,44,TKM,20
2022,f,51,UNKNOWN,315
2022,m,65,IRQ,20
2022,m,51,NGA,9
2022,m,43,FIN,25
2022,f,30,THA,20
2022,f,27,ESP,147
2022,m,24,UGA,6
2022,f,41,FRA,72
2022,f,64,UNKNOWN,203
2022,m,41,NLD,96
2022,f,38,SVK,79
2022,f,24,TKM,17
2022,m,21,ETH,112
2022,f,39,JPN,39
2022,m,46,IDN,63
2022,m,33,DNK,35
2022,m,22,UNKNOWN,42
2022,f,39,SVK,74
2022,f,67,LTU,21
2022,f,28,UNKNOWN,71
2022,f,22,NGA,39
2022,m,78,SWE,45
2022,f,98,DEU,31
2022,m,55,CHN,138
2022,m,66,FRA,75
2022,f,15,ROU,48
2022,f,49,GBR,60
2022,m,60,GEO,306
2022,f,49,NOR,18
2022,m,83,SWE,20
2022,m,40,CHL,7
2022,m,54,IRL,42
2022,m,52,HUN,41
2022,m,55,LVA,42
2022,m,51,GRC,26
2022,f,52,ESP,31
2022,f,41,BEL,11
2022,m,29,PAK,102
2022,f,89,USA,6
2022,f,16,PRK,2
2022,m,51,LTU,72
2022,m,37,PAK,112
2022,f,23,GRC,38
2022,f,77,AUT,31
2022,m,15,VNM,51
2022,m,41,TWN,26
2022,f,20,TZA,10
2022,f,11,CAF,1
2022,m,68,ESP,16
2022,m,32,MLI,1
2022,m,35,CZE,60
2022,m,72,PER,1
2022,m,61,IDN,1
2022,m,88,DEU,112
2022,m,53,ESP,79
2022,f,37,EST,9
2022,m,42,SRB,84
2022,f,85,GRC,10
2022,f,18,KAZ,122
2022,m,28,SAU,58
2022,m,25,HRV,15
2022,f,27,PRT,41
2022,m,20,VNM,82
2022,m,32,NER,6
2022,f,39,BGD,5
2022,m,81,SRB,2
2022,f,63,UZB,7
2022,m,21,LTU,15
2022,m,39,CHE,23
2022,m,52,VNM,226
2022,f,30,AZE,78
2022,m,43,PAK,87
2022,m,53,BRA,12
2022,f,31,NLD,33
2022,m,59,SWE,72
2022,f,32,BOL,7
2022,m,27,SRB,58
2022,m,4,CHN,49
2022,m,11,CHN,59
2022,f,40,UZB,32
2022,m,70,SVN,1
2022,m,22,ITA,76
2022,m,41,USA,165
2022,m,47,FIN,32
2022,m,22,BRA,31
2022,m,52,EST,13
2022,f,60,KAZ,14
2022,m,42,BEL,58
2022,f,58,USA,54
2022,m,77,BRA,1
2022,m,27,KOSOVO,42
2022,m,47,UGA,3
2022,f,91,UNKNOWN,7
2022,f,31,UNKNOWN,67
2022,f,40,SOM,1
2022,m,41,SVK,110
2022,f,30,PAK,32
2022,m,40,PAK,108
2022,m,42,COL,51
2022,m,20,PAK,34
2022,m,20,NGA,30
2022,f,38,BRA,59
2022,f,26,TUN,27
2022,m,27,CMR,10
2022,f,30,KAZ,162
2022,m,56,TUR,140
2022,f,51,DEU,251
2022,m,53,LTU,66
2022,m,45,SVN,9
2022,m,68,IND,16
2022,m,26,NOR,25
2022,m,3,TJK,8
2022,f,51,THA,46
2022,f,66,LTU,22
2022,m,21,AFG,15
2022,m,49,ITA,305
2022,f,24,JPN,36
2022,m,93,GBR,6
2022,m,15,BGR,69
2022,f,51,KOR,66
2022,m,72,SVK,10
2022,m,0,CHN,37
2022,f,65,GRC,15
2022,m,21,IRN,18
2022,f,84,RUS,53
2022,m,32,AUS,8
2022,f,23,SVK,35
2022,f,10,VNM,96
2022,m,50,RWA,1
2022,m,78,NOR,9
2022,m,37,CMR,21
2022,m,57,CZE,55
2022,m,0,AFG,12
2022,f,23,UNKNOWN,42
2022,f,56,NOR,10
2022,m,37,ETH,13
2022,m,14,USA,31
2022,f,33,AFG,11
2022,m,37,KHM,1
2022,m,5,USA,20
2022,m,48,DZA,17
2022,f,3,TUR,32
2022,m,53,KAZ,48
2022,f,44,AZE,17
2022,m,21,EGY,36
2022,m,13,MEX,2
2022,f,31,JPN,35
2022,f,110,USA,5
2022,f,25,IRL,14
2022,m,25,TWN,22
2022,f,13,BGR,55
2022,f,40,NLD,34
2022,m,4,ROU,71
2022,m,47,HUN,68
2022,f,62,PHL,3
2022,f,24,COD,11
2022,f,4,ROU,67
2022,f,60,ZAF,6
2022,m,63,IND,31
2022,m,39,TGO,3
2022,f,9,GRC,4
2022,m,26,KOR,65
2022,m,71,SRB,5
2022,m,47,ALB,22
2022,f,40,ITA,55
2022,m,27,KEN,38
2022,f,9,MDA,33
2022,m,29,GBR,128
2022,f,41,TKM,13
2022,f,18,UZB,13
2022,m,47,PAK,59
2022,m,66,GBR,104
2022,m,42,SLE,2
2022,m,68,MDA,25
2022,f,24,AUT,23
2022,m,87,USA,9
2022,m,67,VNM,65
2022,f,53,JPN,34
2022,m,31,DNK,22
2022,f,13,CZE,18
2022,m,59,AZE,21
2022,m,84,BLR,8
2022,f,31,LKA,8
2022,f,31,AUT,24
2022,m,51,FIN,24
2022,f,60,AUS,6
2022,m,45,BIH,19
2022,m,54,ESP,85
2022,f,3,DEU,24
2022,m,19,TJK,51
2022,m,39,PAK,99
2022,m,60,USA,101
2022,f,46,ARM,43
2022,f,44,ROU,96
2022,m,15,PRT,2
2022,m,78,BGR,20
2022,m,12,BGR,77
2022,f,38,SVN,5
2022,f,49,HUN,37
2022,m,62,FRA,104
2022,f,72,VNM,27
2022,m,51,IDN,14
2022,f,35,BGR,118
2022,f,38,ISR,12
2022,m,63,ITA,186
2022,m,38,ZAF,18
2022,m,82,BGR,7
2022,m,68,NOR,13
2022,m,44,LVA,105
2022,m,39,MAR,46
2022,m,46,SRB,78
2022,m,69,AUT,84
2022,f,36,ESP,74
2022,f,29,LTU,81
2022,m,79,GBR,51
2022,m,24,ARM,54
2022,m,56,ESP,45
2022,f,34,IRQ,12
2022,f,72,NLD,15
2022,f,43,CZE,69
2022,m,66,NOR,20
2022,m,71,ZAF,1
2022,f,48,HUN,22
2022,m,22,BGR,67
2022,m,44,IRL,46
2022,m,38,SWE,86
2022,m,75,BGR,37
2022,m,20,KGZ,73
2022,m,51,CZE,106
2022,f,42,LUX,1
2022,m,64,ARM,44
2022,m,62,IRQ,20
2022,f,27,ETH,42
2022,m,36,KOR,119
2022,f,32,NPL,48
2022,m,37,PRK,4
2022,f,26,HRV,18
2022,f,0,RUS,88
2022,m,39,BIH,19
2022,f,33,COL,47
2022,f,42,BGR,91
2022,m,0,ESP,10
2022,f,27,NOR,39
2022,f,33,USA,120
2022,f,35,FRA,49
2022,m,98,VNM,2
2022,m,61,CHN,63
2022,f,17,UZB,5
2022,f,60,USA,57
2022,m,62,LVA,21
2022,m,77,NLD,37
2022,m,44,LBN,17
2022,f,63,AUT,87
2022,f,25,PHL,55
2022,f,27,ARM,60
2022,m,39,AUT,57
2022,f,44,KAZ,45
2022,f,57,LBY,4
2022,m,40,HUN,77
2022,m,1,TJK,11
2022,m,57,PRT,33
2022,f,29,SYR,11
2022,m,51,UGA,3
2022,m,24,GBR,57
2022,m,23,BGR,67
2022,f,60,GEO,98
2022,m,24,CHN,181
2022,m,36,KEN,28
2022,f,21,CAN,8
2022,m,23,ARM,53
2022,f,43,EGY,13
2022,m,84,IND,2
2022,m,57,JPN,77
2022,f,11,KAZ,9
2022,f,32,JPN,42
2022,m,53,JPN,60
2022,m,23,TJK,63
2022,f,28,NPL,85
2022,f,59,JPN,15
2022,f,58,FRA,46
2022,m,60,MDA,174
2022,m,67,BGR,77
2022,f,97,CHE,1
2022,m,59,HRV,15
2022,m,21,SYR,25
2022,f,86,UNKNOWN,19
2022,f,38,MAR,7
2022,m,45,AUT,45
2022,f,23,MNG,14
2022,f,59,ISR,5
2022,m,13,SYR,11
2022,m,47,IDN,53
2022,f,34,KAZ,109
2022,m,29,NER,8
2022,f,54,UZB,8
2022,m,27,PHL,90
2022,m,73,AUT,33
2022,f,88,FRA,6
2022,f,79,UNKNOWN,33
2022,m,61,AGO,2
2022,m,32,FIN,33
2022,f,44,ALB,9
2022,f,31,PAK,21
2022,m,47,USA,125
2022,f,25,ISR,8
2022,m,25,KOR,47
2022,m,63,AUS,7
2022,f,46,BEL,12
2022,m,35,EST,19
2022,f,63,FRA,28
2022,f,94,UKR,28
2022,m,32,UNKNOWN,4
2022,m,31,RWA,33
2022,f,61,LTU,32
2022,m,61,SVN,1
2022,f,24,PER,7
2022,f,1,CHN,21
2022,m,45,BRA,32
2022,m,6,BGR,66
2022,f,21,KOR,50
2022,m,63,SVK,10
2022,m,46,LBY,9
2022,m,49,UNKNOWN,108
2022,f,2,IRN,4
2022,m,61,USA,114
2022,m,27,MAR,76
2022,m,33,MNG,25
2022,f,49,IND,52
2022,f,61,JPN,13
2022,m,7,BRA,12
2022,f,50,TKM,11
2022,f,22,KAZ,225
2022,f,45,ARM,62
2022,m,51,UNKNOWN,96
2022,m,1,IND,115
2022,f,31,ZMB,4
2022,f,15,KOR,56
2022,m,28,BRA,85
2022,f,22,IND,110
2022,m,48,LTU,92
2022,f,35,MNG,33
2022,f,35,ZWE,41
2022,f,46,ARG,6
2022,m,31,KOR,113
2022,m,46,PRT,75
2022,m,40,NGA,95
2022,f,55,LBN,2
2022,m,47,IRN,20
2022,m,29,LVA,98
2022,f,33,ITA,109
2022,m,23,LTU,33
2022,f,21,ITA,64
2022,f,18,MDA,103
2022,m,37,ESP,233
2022,f,69,FIN,7
2022,f,73,LTU,8
2022,f,53,USA,47
2022,m,81,BLR,10
2022,f,2,RUS,96
2022,m,26,COL,78
2022,f,5,NLD,9
2022,f,5,GBR,20
2022,m,14,DEU,50
2022,f,24,LTU,61
2022,m,89,UKR,22
2022,m,26,KEN,36
2022,f,78,SWE,37
2022,m,51,AUT,69
2022,m,45,LBN,19
2022,m,54,PRT,32
2022,m,77,ARM,7
2022,f,54,AUT,73
2022,f,32,IDN,55
2022,m,6,EGY,6
2022,m,18,KOR,55
2022,m,55,LBY,18
2022,m,26,DZA,58
2022,m,22,MOZ,14
2022,m,64,ROU,44
2022,m,43,GRC,50
2022,f,87,VNM,8
2022,f,33,TKM,28
2022,f,120,UNKNOWN,5
2022,m,7,FRA,30
2022,f,6,DEU,34
2022,m,36,NPL,252
2022,m,72,NLD,59
2022,m,49,GRC,37
2022,f,47,CHN,140
2022,f,40,CAN,25
2022,m,64,ISR,25
2022,m,69,JPN,23
2022,f,64,SVK,12
2022,f,17,AZE,11
2022,f,13,IRQ,12
2022,f,61,MDA,63
2022,f,44,NPL,28
2022,m,69,GBR,91
2022,f,30,KGZ,22
2022,f,34,MKD,7
2022,m,67,BEL,34
2022,m,46,ISR,27
2022,m,15,UNKNOWN,11
2022,f,31,NOR,24
2022,f,43,LTU,59
2022,m,27,THA,19
2022,m,23,CAN,16
2022,f,48,SVK,42
2022,m,34,LBY,14
2022,f,39,LVA,40
2022,f,69,UNKNOWN,146
2022,m,75,ITA,112
2022,f,60,NLD,26
2022,f,26,UZB,46
2022,m,31,GRC,71
2022,m,44,NPL,124
2022,m,68,JPN,20
2022,f,32,BIH,8
2022,m,20,NOR,12
2022,m,25,AUT,30
2022,f,3,ZWE,3
2022,f,45,SVK,43
2022,m,34,USA,223
2022,f,74,CZE,19
2022,m,31,CHL,11
2022,m,104,PRK,1
2022,m,5,NOR,3
2022,m,24,BIH,13
2022,f,28,HRV,32
2022,m,18,JPN,23
2022,f,38,KAZ,60
2022,m,17,MNG,3
2022,f,93,UKR,55
2022,m,19,CHN,43
2022,f,37,USA,125
2022,m,31,KOSOVO,42
2022,m,76,CHN,9
2022,f,18,CHN,30
2022,m,48,YEM,3
2022,f,37,FRA,61
2022,f,40,KOR,117
2022,f,42,ISR,13
2022,m,39,BEL,62
2022,m,38,ETH,16
2022,m,64,GRC,36
2022,m,59,JPN,52
2022,f,15,GEO,39
2022,f,28,SRB,26
2022,m,24,GHA,12
2022,m,20,SRB,22
2022,m,42,ARG,30
2022,m,70,ISR,10
2022,m,48,AZE,52
2022,m,28,JOR,34
2022,m,27,SYR,24
2022,f,78,VNM,23
2022,f,19,JOR,2
2022,f,38,BGR,109
2022,m,18,CZE,14
2022,f,117,UNKNOWN,6
2022,f,67,ITA,11
2022,m,25,KOSOVO,50
2022,m,69,TUN,4
2022,f,28,TJK,9
2022,f,46,IND,68
2022,f,50,UNKNOWN,22
2022,f,12,FRA,29
2022,f,46,ESP,49
2022,f,47,LBY,5
2022,m,35,SVK,98
2022,f,4,BGD,7
2022,f,73,JOR,1
2022,f,30,NPL,77
2022,f,17,NLD,20
2022,m,34,DNK,18
2022,f,48,UNKNOWN,28
2022,m,29,AFG,37
2022,m,40,TZA,7
2022,m,24,TJK,76
2022,m,49,ARM,108
2022,f,67,PAK,4
2022,f,52,BGR,77
2022,m,28,MNE,8
2022,m,59,ESP,61
2022,m,0,HUN,4
2022,f,59,SWE,48
2022,m,55,GRC,48
2022,f,31,ITA,105
2022,m,26,BRA,58
2022,m,91,LBN,3
2022,m,66,CUB,2
2022,f,25,MAR,29
2022,f,44,PRT,23
2022,f,66,USA,40
2022,m,37,LVA,73
2022,f,33,HRV,26
2022,m,35,HUN,93
2022,m,42,ISR,42
2022,m,51,BEL,53
2022,m,15,USA,36
2022,f,95,GRC,11
2022,f,24,SVK,39
2022,m,11,KOR,45
2022,f,53,GBR,41
2022,m,70,CHE,11
2022,m,26,TZA,13
2022,m,101,DEU,19
2022,f,32,PRY,2
2022,f,31,FIN,18
2022,f,36,EST,11
2022,m,60,SRB,27
2022,f,35,IRQ,7
2022,m,89,RUS,10
2022,f,21,GRC,26
2022,f,20,BEL,9
2022,f,43,VEN,3
2022,f,19,IDN,20
2022,m,10,KOR,58
2022,m,67,HUN,16
2022,f,10,SWE,6
2022,m,72,CZE,19
2022,m,54,UNKNOWN,1
2022,f,64,ARM,41
2022,m,34,ALB,58
2022,m,27,ZAF,10
2022,f,17,NGA,3
2022,m,39,SVK,104
2022,m,41,FIN,22
2022,m,56,DZA,16
2022,m,9,EGY,8
2022,f,30,BGD,24
2022,f,30,GRC,24
2022,f,62,AUT,75
2022,m,25,UNKNOWN,66
2022,m,41,IRQ,26
2022,f,28,GBR,34
2022,m,109,DEU,4
2022,m,45,JOR,16
2022,f,43,NPL,21
2022,f,56,GBR,36
2022,f,21,TJK,12
2022,m,61,HUN,20
2022,f,29,SVK,62
2022,m,79,BEL,23
2022,m,41,GMB,5
2022,m,25,DEU,165
2022,m,35,UNKNOWN,109
2022,f,37,COL,28
2022,f,59,ARM,42
2022,f,28,AZE,87
2022,m,32,SVK,105
2022,f,1,RUS,93
2022,m,7,ROU,48
2022,f,22,SWE,16
2022,f,21,ROU,75
2022,m,88,SWE,12
2022,f,29,FRA,99
2022,m,0,EGY,14
2022,m,61,UNKNOWN,125
2022,m,41,RWA,9
2022,m,17,VNM,44
2022,m,33,SEN,11
2022,f,40,USA,103
2022,f,11,GBR,22
2022,m,33,LKA,22
2022,m,39,IRL,41
2022,m,68,HRV,8
2022,m,39,IRN,63
2022,m,1,GEO,80
2022,m,23,CRI,3
2022,m,69,UNKNOWN,85
2022,m,53,JOR,16
2022,f,55,AFG,2
2022,m,48,ESP,117
2022,f,75,RUS,72
2022,m,44,TUN,31
2022,f,75,FRA,24
2022,f,36,ITA,75
2022,m,40,IRL,47
2022,m,23,AFG,28
2022,m,33,IRL,31
2022,m,82,ISR,4
2022,m,26,MYS,12
2022,f,10,IND,78
2022,f,59,CZE,16
2022,m,41,ARM,134
2022,m,33,NOR,24
2022,m,51,COL,13
2022,f,20,ARE,3
2022,f,39,LTU,94
2022,f,56,KOR,37
2022,f,66,GEO,15
2022,m,0,GEO,98
2022,m,35,GRC,47
2022,m,27,AFG,31
2022,m,62,MAR,1
2022,f,41,THA,54
2022,f,69,ALB,2
2022,f,52,CHE,4
2022,m,48,SVK,92
2022,m,1,CHN,21
2022,f,0,YEM,2
2022,m,22,GBR,28
2022,m,22,VEN,10
2022,m,26,LBY,8
2022,f,52,LTU,44
2022,f,36,BRA,75
2022,m,66,JPN,26
2022,m,16,VNM,48
2022,f,28,TWN,17
2022,m,31,TWN,25
2022,m,35,IRN,59
2022,f,33,ESP,82
2022,m,37,MNG,28
2022,f,106,DEU,9
2022,m,25,BDI,4
2022,m,26,SWE,27
2022,m,12,TUR,33
2022,f,58,NLD,27
2022,f,36,TWN,25
2022,f,12,DEU,39
2022,f,23,CAN,19
2022,m,27,NLD,60
2022,m,56,CZE,60
2022,m,77,UNKNOWN,25
2022,m,35,AUT,53
2022,f,31,BRA,77
2022,m,2,BEL,2
2022,f,19,GTM,4
2022,m,80,DEU,227
2022,f,40,THA,53
2022,m,22,TJK,48
2022,m,58,JOR,8
2022,m,34,THA,20
2022,m,37,NOR,16
2022,m,33,CAN,35
2022,m,45,NGA,54
2022,f,14,BEL,3
2022,m,49,SWE,78
2022,m,49,BGD,31
2022,m,56,PRK,26
2022,m,57,PHL,25
2022,m,74,OMN,1
2022,m,25,CAN,23
2022,m,39,ECU,3
2022,f,40,ROU,108
2022,m,39,FIN,18
2022,m,55,KOR,117
2022,m,27,LVA,62
2022,m,58,JPN,72
2022,f,54,NLD,31
2022,m,43,KGZ,67
2022,f,42,SGP,3
2022,m,42,BGR,206
2022,f,35,LTU,87
2022,m,41,TJK,62
2022,m,53,NGA,16
2022,f,68,BGR,23
2022,m,34,EST,15
2022,f,34,BEL,15
2022,m,33,KOR,104
2022,f,65,SWE,86
2022,m,63,SAU,6
2022,m,56,IRN,9
2022,m,52,MAR,7
2022,f,14,HRV,2
2022,m,1,PAN,1
2022,m,61,ARM,61
2022,m,71,RUS,46
2022,m,24,IRN,36
2022,f,48,ZAF,11
2022,m,57,BGR,92
2022,m,49,DNK,49
2022,f,35,IRN,41
2022,m,27,NOR,41
2022,f,55,LTU,35
2022,m,79,MDA,1
2022,m,44,AUS,21
2022,m,51,JOR,15
2022,f,20,EGY,10
2022,m,61,AUT,82
2022,m,22,ROU,109
2022,f,58,DOM,1
2022,m,63,BGR,87
2022,m,32,BRA,94
2022,m,27,SVK,55
2022,f,38,AUT,38
2022,m,2,LTU,8
2022,f,31,IRQ,11
2022,m,22,RWA,128
2022,f,30,JPN,30
2022,m,63,GRC,23
2022,m,14,FRA,40
2022,f,44,AUT,47
2022,f,62,CHE,4
2022,f,60,ESP,14
2022,m,30,TZA,7
2022,f,68,MDA,10
2022,m,81,SWE,26
2022,m,43,YEM,12
2022,f,60,BEL,12
2022,f,100,GRC,8
2022,m,32,SAU,58
2022,m,12,ITA,23
2022,m,14,GBR,29
2022,m,73,CZE,13
2022,f,89,DEU,71
2022,f,23,BEL,15
2022,m,28,IRN,37
2022,f,50,ARM,48
2022,f,61,MNG,10
2022,f,34,CHL,2
2022,f,38,LVA,55
2022,m,50,ZAF,10
2022,f,3,AZE,9
2022,f,43,DZA,6
2022,m,34,KEN,37
2022,m,47,BEN,1
2022,m,50,IRL,49
2022,m,14,LBY,4
2022,m,66,ISR,15
2022,m,75,KAZ,5
2022,f,68,UNKNOWN,189
2022,f,23,BGR,73
2022,f,71,UNKNOWN,116
2022,f,63,IND,23
2022,f,50,GBR,39
2022,f,30,AUT,30
2022,f,57,TUR,9
2022,f,45,TUR,60
2022,m,49,MKD,13
2022,m,82,ROU,1
2022,f,4,TUR,29
2022,m,57,RUS,263
2022,m,82,LBN,1
2022,m,70,AUT,68
2022,f,29,KOR,54
2022,f,23,AZE,85
2022,m,37,IRQ,32
2022,f,42,SVK,66
2022,m,59,PAK,17
2022,m,41,DNK,26
2022,m,35,GBR,136
2022,m,53,CHE,30
2022,f,14,ROU,45
2022,f,22,PER,9
2022,f,5,CHN,48
2022,m,35,ARM,115
2022,m,53,BEL,55
2022,m,6,IRN,6
2022,m,19,KGZ,59
2022,f,47,UNKNOWN,23
2022,m,30,ARG,16
2022,m,1,HUN,11
2022,m,11,MDA,35
2022,m,7,KOR,55
2022,f,54,SWE,32
2022,m,54,LKA,5
2022,m,25,DNK,20
2022,f,60,JOR,1
2022,m,51,AZE,48
2022,f,24,UZB,49
2022,m,37,LUX,3
2022,f,37,JPN,34
2022,m,30,SWE,65
2022,m,16,SVK,7
2022,m,74,SWE,54
2022,m,57,AUT,73
2022,m,36,EST,22
2022,m,53,ZWE,4
2022,f,22,AUS,2
2022,f,41,AUT,51
2022,f,18,MAR,4
2022,m,42,PAK,95
2022,m,58,DNK,59
2022,m,59,JOR,8
2022,m,22,ARM,34
2022,m,68,UNKNOWN,89
2022,m,33,TKM,122
2022,m,53,SWE,86
2022,m,42,IRQ,28
2022,m,45,SWE,83
2022,f,50,MNG,18
2022,m,77,BEL,16
2022,m,66,ESP,21
2022,f,65,RUS,136
2022,f,39,URY,3
2022,m,14,IRL,4
2022,f,65,ROU,4
2022,m,50,JPN,77
2022,m,51,ISL,5
2022,m,52,NGA,33
2022,m,32,ETH,33
2022,m,24,AGO,14
2022,m,37,KOR,134
2022,f,20,ITA,37
2022,f,27,KGZ,23
2022,m,88,UKR,30
2022,m,48,NPL,58
2022,f,7,KOR,48
2022,f,39,GBR,58
2022,m,13,KAZ,17
2022,f,94,GRC,15
2022,f,29,SWE,35
2022,m,2,FRA,13
2022,m,54,NLD,154
2022,m,28,COL,111
2022,f,34,BIH,2
2022,f,48,TKM,12
2022,m,50,ARG,8
2022,m,108,UNKNOWN,3
2022,f,66,AUT,71
2022,f,48,NOR,18
2022,f,7,JOR,1
2022,f,90,UNKNOWN,3
2022,m,60,EGY,15
2022,f,98,UNKNOWN,1
2022,f,46,IRL,14
2022,f,32,BDI,1
2022,m,40,MAR,31
2022,m,19,HUN,10
2022,f,74,UNKNOWN,6
2022,m,30,CRI,9
2022,m,30,BEL,37
2022,m,72,TUR,17
2022,m,37,MLT,5
2022,m,18,VNM,51
2022,m,50,KGZ,31
2022,m,65,GRC,34
2022,m,78,GBR,46
2022,f,36,IRN,39
2022,m,86,AUS,1
2022,f,48,KOSOVO,2
2022,f,44,LVA,29
2022,m,56,LTU,50
2022,m,48,BRA,25
2022,m,18,GBR,22
2022,m,38,COL,62
2022,m,45,ARM,124
2022,f,93,BEL,2
2022,m,69,BGR,54
2022,f,27,CZE,57
2022,m,16,IRL,7
2022,m,63,NOR,19
2022,f,54,FIN,14
2022,m,39,MNE,8
2022,f,83,KOR,2
2022,m,42,IRN,36
2022,m,11,AZE,18
2022,m,44,TKM,38
2022,m,39,SRB,80
2022,m,52,ESP,93
2022,m,42,NOR,23
2022,f,28,BGR,77
2022,m,60,PHL,14
2022,f,27,ITA,125
2022,f,24,ITA,129
2022,m,73,HUN,8
2022,f,37,UZB,34
2022,f,34,SWE,36
2022,m,46,MNG,25
2022,f,74,UNKNOWN,79
2022,m,83,BLR,7
2022,f,50,PRT,13
2022,m,110,UNKNOWN,4
2022,m,95,FRA,2
2022,m,93,GRC,9
2022,f,40,KGZ,22
2022,m,41,KAZ,77
2022,m,76,JOR,2
2022,f,53,ROU,51
2022,m,7,UZB,2
2022,m,36,ZWE,41
2022,m,81,AUT,9
2022,f,30,TUN,17
2022,f,5,JPN,7
2022,f,0,GBR,12
2022,f,45,KOR,108
2022,m,57,SVK,29
2022,f,28,YEM,7
2022,f,5,SYR,2
2022,f,30,EST,10
2022,f,65,JPN,9
2022,m,61,NGA,4
2022,f,71,IND,6
2022,m,122,HUN,1
2022,m,54,CMR,4
2022,m,65,AUT,85
2022,f,0,DNK,1
2022,f,54,TUN,2
2022,f,58,ARM,56
2022,f,14,DEU,53
2022,m,71,ARM,17
2022,f,55,ROU,44
2022,f,2,DEU,17
2022,f,45,IDN,28
2022,f,36,ZWE,46
2022,f,19,UZB,41
2022,f,37,GRC,23
2022,m,66,ISL,1
2022,f,27,IRN,16
2022,m,11,SRB,3
2022,m,13,GEO,61
2022,f,26,PHL,58
2022,m,60,IRL,32
2022,m,26,EGY,88
2022,m,53,ISR,25
2022,m,68,ARM,27
2022,m,64,BEL,47
2022,m,41,IRN,48
2022,m,67,LTU,13
2022,m,25,LBY,4
2022,m,57,ARM,63
2022,f,28,CUB,7
2022,m,35,KAZ,114
2022,f,42,ARM,46
2022,m,53,AZE,44
2022,f,57,SWE,53
2022,m,63,MDA,92
2022,f,32,MYS,36
2022,f,28,MWI,2
2022,m,21,ARM,26
2022,f,104,USA,8
2022,m,9,LTU,6
2022,f,41,ECU,5
2022,f,37,SVN,8
2022,m,15,TUR,36
2022,m,39,IRQ,35
2022,m,59,PRK,19
2022,m,18,NGA,8
2022,m,20,ETH,57
2022,f,20,COL,14
2022,m,63,VNM,100
2022,m,10,GEO,46
2022,m,42,KGZ,39
2022,f,51,LTU,58
2022,m,73,FRA,55
2022,f,70,LTU,10
2022,m,95,UNKNOWN,5
2022,f,50,HRV,3
2022,f,49,VNM,111
2022,m,28,HUN,45
2022,m,77,DNK,15
2022,m,52,MNG,13
2022,m,98,CZE,2
2022,f,11,MEX,6
2022,m,38,UNKNOWN,17
2022,f,39,SYR,12
2022,f,17,IRQ,7
2022,f,53,FRA,64
2022,f,25,KOSOVO,6
2022,f,70,KAZ,8
2022,m,33,GIN,4
2022,f,71,CZE,22
2022,f,6,AUS,2
2022,m,49,MNG,20
2022,m,26,GBR,76
2022,f,32,UNKNOWN,68
2022,m,27,ALB,59
2022,f,17,UNKNOWN,15
2022,f,62,ARM,41
2022,f,40,PRK,4
2022,f,43,COL,17
2022,f,7,MAR,1
2022,f,56,VNM,72
2022,f,19,FRA,54
2022,m,58,BGD,3
2022,m,55,ALB,11
2022,f,55,USA,57
2022,m,40,CAN,37
2022,f,34,KEN,23
2022,m,44,BGD,76
2022,m,8,KOR,54
2022,f,26,ALB,28
2022,m,18,KAZ,137
2022,f,63,UNKNOWN,14
2022,f,24,CZE,36
2022,m,64,CHE,10
2022,m,41,ESP,185
2022,m,54,FIN,15
2022,m,36,JPN,41
2022,m,52,CZE,89
2022,f,39,MUS,3
2022,f,38,UZB,39
2022,f,42,IDN,36
2022,f,48,JPN,46
2022,m,47,NGA,48
2022,m,41,NGA,90
2022,m,71,LTU,9
2022,m,33,MEX,61
2022,m,120,GRC,3
2022,m,33,DOM,3
2022,m,2,HUN,10
2022,f,19,DEU,88
2022,m,29,IRL,21
2022,m,82,BRA,2
2022,f,38,TKM,20
2022,f,34,EST,13
2022,f,75,UNKNOWN,73
2022,m,51,MAR,12
2022,m,70,BEL,29
2022,m,34,MYS,12
2022,f,33,BRA,89
2022,m,24,PAK,62
2022,m,14,LBN,2
2022,m,3,SRB,5
2022,m,34,UNKNOWN,17
2022,m,71,NOR,13
2022,f,26,ECU,5
2022,f,32,IRN,40
2022,m,80,SWE,36
2022,f,55,ARM,46
2022,f,49,LVA,25
2022,f,17,CAN,5
2022,m,32,IRL,29
2022,m,26,IRN,37
2022,f,25,SYR,13
2022,m,47,TKM,22
2022,m,54,TJK,10
2022,m,58,LBN,6
2022,f,31,MYS,35
2022,f,21,MAR,14
2022,f,57,SYR,7
2022,m,47,IRL,47
2022,m,19,KOSOVO,7
2022,f,32,GRC,18
2022,m,13,MDA,44
2022,f,37,NOR,20
2022,f,50,BGR,58
2022,m,45,KOSOVO,28
2022,f,27,DEU,111
2022,m,89,USA,6
2022,m,61,ESP,39
2022,m,48,IRN,20
2022,m,49,TUN,14
2022,m,59,PHL,16
2022,m,8,ARM,20
2022,m,60,CHL,4
2022,f,3,ARG,5
2022,m,44,GRC,44
2022,f,17,ITA,32
2022,m,27,KGZ,44
2022,m,43,MAR,28
2022,m,55,PRK,38
2022,f,34,HUN,46
2022,f,46,LVA,31
2022,m,25,MAR,66
2022,m,23,UNKNOWN,47
2022,f,32,BGD,17
2022,m,49,CHL,9
2022,m,1,ROU,72
2022,m,30,HTI,2
2022,f,7,GRC,7
2022,m,18,BEL,12
2022,m,61,SRB,35
2022,f,57,LVA,8
2022,m,19,MAR,26
2022,m,70,YUG,3
2022,f,31,IDN,74
2022,m,55,THA,21
2022,m,62,NLD,79
2022,f,22,SLV,3
2022,m,64,YEM,4
2022,f,56,AZE,8
2022,m,65,FIN,17
2022,m,13,JPN,24
2022,f,29,NLD,25
2022,m,67,NLD,65
2022,f,7,NOR,5
2022,m,50,ITA,318
2022,f,16,FIN,7
2022,m,72,CHN,20
2022,m,15,KAZ,33
2022,f,14,AZE,4
2022,f,33,JOR,8
2022,m,97,UKR,6
2022,m,46,NLD,103
2022,f,22,IRN,21
2022,f,40,SWE,45
2022,m,37,DOM,5
2022,m,82,USA,30
2022,m,39,TKM,53
2022,m,32,EGY,115
2022,m,20,PHL,3
2022,f,75,LTU,10
2022,m,50,PRT,53
2022,m,12,BRA,12
2022,m,58,IND,58
2022,f,74,GBR,17
2022,m,35,SRB,81
2022,m,73,GBR,82
2022,f,18,DEU,70
2022,f,14,GEO,45
2022,m,48,ZAF,12
2022,m,30,ZMB,5
2022,f,56,GRC,8
2022,f,28,COM,2
2022,f,31,KOR,63
2022,m,75,SWE,61
2022,f,10,ROU,62
2022,f,41,KGZ,15
2022,f,93,USA,5
2022,m,62,ISR,18
2022,f,20,RWA,58
2022,m,56,NGA,14
2022,m,62,CZE,34
2022,m,87,UNKNOWN,15
2022,f,39,CZE,68
2022,f,5,KOR,36
2022,f,63,KOR,17
2022,m,33,KAZ,124
2022,f,47,IDN,25
2022,f,97,USA,4
2022,m,49,IDN,17
2022,m,12,SRB,3
2022,m,66,AUS,8
2022,m,22,IRN,28
2022,f,28,ROU,132
2022,m,61,MNG,8
2022,f,26,EST,8
2022,f,99,UNKNOWN,8
2022,f,40,FRA,63
2022,m,3,GBR,17
2022,f,59,IND,17
2022,m,59,KOR,90
2022,f,40,KEN,4
2022,m,66,IRN,3
2022,f,50,ZWE,2
2022,m,31,SOM,4
2022,m,5,ITA,28
2022,m,36,AFG,21
2022,m,82,NLD,23
2022,f,49,ITA,42
2022,f,29,GBR,52
2022,m,26,LVA,101
2022,f,29,DZA,9
2022,m,64,HUN,20
2022,f,91,GRC,9
2022,m,1,MDA,28
2022,m,75,USA,47
2022,m,57,PRK,30
2022,f,46,SRB,12
2022,f,12,CZE,18
2022,m,35,CHL,16
2022,f,106,GRC,1
2022,m,32,PSE,2
2022,f,9,FRA,28
2022,f,10,GEO,55
2022,f,35,ALB,9
2022,m,78,IND,4
2022,f,37,PRT,26
2022,f,21,LBN,6
2022,f,43,SVK,58
2022,m,53,NZL,2
2022,m,41,AUT,58
2022,f,18,NLD,24
2022,m,21,CYP,1
2022,f,13,FRA,45
2022,m,62,FIN,17
2022,m,52,AZE,51
2022,m,37,ISR,27
2022,f,30,RWA,27
2022,f,13,ARM,25
2022,f,36,KEN,27
2022,m,37,CHE,14
2022,m,66,DNK,40
2022,f,28,LUX,2
2022,f,18,LBN,2
2022,f,28,NLD,32
2022,f,52,UNKNOWN,16
2022,m,24,KOSOVO,35
2022,f,69,FRA,19
2022,m,60,ISR,16
2022,f,33,ZAF,15
2022,m,79,CAN,5
2022,m,12,KOR,67
2022,m,42,PRK,9
2022,f,56,GEO,164
2022,m,68,CHN,38
2022,f,38,UNKNOWN,19
2022,m,65,BOL,1
2022,f,24,RWA,59
2022,m,40,PRK,7
2022,f,1,AZE,14
2022,f,35,MEX,31
2022,f,92,ESP,2
2022,m,41,MNE,1
2022,f,49,KAZ,35
2022,f,20,CAN,11
2022,m,45,CAN,33
2022,f,22,CMR,2
2022,f,33,TWN,28
2022,m,5,TUR,34
2022,f,57,EST,5
2022,m,48,NGA,42
2022,f,41,UZB,24
2022,f,55,GRC,12
2022,f,11,TJK,8
2022,m,37,TWN,41
2022,m,7,PAK,6
2022,f,31,CAN,26
2022,m,51,PRT,36
2022,f,34,YEM,3
2022,m,44,MEX,22
2022,m,30,TWN,28
2022,m,19,SVK,7
2022,f,67,CHN,22
2022,f,62,KAZ,16
2022,m,11,VEN,2
2022,f,97,UKR,15
2022,f,73,UNKNOWN,8
2022,f,49,ESP,37
2022,f,5,BGD,4
2022,f,15,JPN,25
2022,m,35,AFG,29
2022,f,2,NPL,5
2022,m,23,PAK,50
2022,f,31,USA,88
2022,f,50,UZB,6
2022,f,51,GRC,7
2022,m,72,EGY,1
2022,m,43,BIH,24
2022,f,28,CAN,14
2022,m,29,UNKNOWN,63
2022,m,55,FIN,33
2022,f,7,CZE,15
2022,f,88,EST,1
2022,f,75,NLD,3
2022,m,31,ALB,58
2022,m,41,LBY,8
2022,m,29,GIN,4
2022,m,42,LBN,16
2022,m,45,MAR,27
2022,m,28,COD,8
2022,f,39,TUR,89
2022,f,3,DNK,3
2022,f,86,HUN,5
2022,m,50,TWN,6
2022,m,14,UNKNOWN,9
2022,f,61,KAZ,14
2022,f,15,BGR,59
2022,f,3,LTU,11
2022,m,58,PER,3
2022,f,69,CZE,25
2022,m,32,PER,13
2022,f,44,BEL,13
2022,m,61,CHE,17
2022,m,29,NLD,87
2022,f,26,SYR,10
2022,m,47,NER,3
2022,f,49,KGZ,22
2022,m,18,TUR,80
2022,f,24,MOZ,3
2022,f,7,GEO,46
2022,f,31,SYR,10
2022,m,36,NOR,14
2022,f,38,BIH,5
2022,f,39,FIN,19
2022,m,22,JPN,40
2022,f,19,GBR,11
2022,m,39,CAN,51
2022,f,85,ARM,12
2022,f,18,COD,1
2022,m,30,NGA,149
2022,m,24,COL,64
2022,m,51,EGY,26
2022,f,87,BLR,21
2022,m,46,KGZ,39
2022,m,4,LVA,5
2022,m,92,UKR,10
2022,m,68,RUS,66
2022,m,51,IND,126
2022,f,23,GHA,8
2022,f,28,ECU,2
2022,f,27,TKM,26
2022,m,64,IRN,9
2022,f,36,UNKNOWN,107
2022,m,37,GMB,5
2022,m,39,NLD,80
2022,f,9,GEO,31
2022,m,20,USA,47
2022,m,46,BRA,30
2022,m,25,ALB,40
2022,m,64,CAN,24
2022,m,33,THA,22
2022,f,43,UNKNOWN,207
2022,m,36,KGZ,67
2022,f,26,MAR,31
2022,m,12,RUS,200
2022,m,81,NLD,19
2022,m,65,RUS,107
2022,f,101,ARM,2
2022,m,32,LKA,13
2022,f,57,NPL,2
2022,m,35,CAN,32
2022,m,46,NGA,40
2022,m,23,DZA,46
2022,f,22,LVA,16
2022,m,33,CMR,18
2022,f,36,ZAF,12
2022,f,48,LTU,44
2022,f,60,SYR,5
2022,m,38,JOR,16
2022,f,31,UZB,35
2022,m,27,GTM,18
2022,f,41,COG,1
2022,m,45,DZA,23
2022,f,84,KAZ,5
2022,f,32,COG,6
2022,f,33,PRT,33
2022,f,31,GBR,40
2022,f,11,BGR,54
2022,m,40,IRN,63
2022,f,65,CHE,3
2022,m,25,KHM,3
2022,m,32,ARM,155
2022,m,30,GBR,133
2022,m,66,TUR,39
2022,m,68,SVK,9
2022,f,39,CMR,5
2022,m,34,CZE,91
2022,f,53,IDN,5
2022,f,33,IDN,61
2022,f,61,GBR,29
2022,f,11,CZE,17
2022,m,11,FRA,32
2022,m,68,LTU,8
2022,f,25,VEN,4
2022,m,3,NER,2
2022,f,45,LBN,1
2022,f,46,NLD,34
2022,f,56,SWE,31
2022,f,47,ITA,34
2022,m,29,CAN,24
2022,m,25,BRA,43
2022,m,64,ESP,25
2022,f,7,CMR,4
2022,f,19,MEX,5
2022,f,123,RUS,1
2022,f,8,IRN,7
2022,m,10,UNKNOWN,9
2022,f,62,SWE,67
2022,m,34,AGO,10
2022,f,29,UZB,32
2022,m,24,ALB,37
2022,m,54,IND,73
2022,m,56,HRV,17
2022,f,36,KOR,61
2022,m,61,KAZ,9
2022,f,26,LBN,19
2022,m,41,UNKNOWN,14
2022,f,59,MYS,1
2022,f,61,ESP,11
2022,m,47,CAN,33
2022,f,7,DEU,35
2022,f,5,NGA,3
2022,m,38,PRK,10
2022,f,25,KEN,32
2022,m,37,JOR,13
2022,m,27,GBR,78
2022,m,70,HRV,1
2022,m,57,CHN,130
2022,f,11,GRC,5
2022,m,23,TUN,22
2022,m,51,AUS,17
2022,m,67,LBN,9
2022,m,79,ITA,74
2022,m,53,UNKNOWN,5
2022,m,57,IND,63
2022,f,86,GRC,12
2022,f,31,KAZ,104
2022,f,51,LVA,16
2022,f,37,TKM,17
2022,m,63,NLD,95
2022,f,45,ITA,40
2022,f,61,CHN,41
2022,m,54,SRB,52
2022,m,40,TWN,20
2022,m,38,IRQ,41
2022,f,46,KOSOVO,4
2022,f,39,SRB,21
2022,m,12,GEO,51
2022,m,44,MKD,10
2022,m,24,MEX,37
2022,m,29,HRV,28
2022,m,26,SYR,30
2022,m,31,AUT,34
2022,f,27,USA,88
2022,f,48,NPL,11
2022,m,64,IRL,23
2022,m,66,ARM,38
2022,f,80,BLR,26
2022,m,5,GEO,55
2022,m,65,FRA,70
2022,f,48,ARM,54
2022,f,32,AUS,5
2022,m,71,JPN,34
2022,f,2,NLD,5
2022,m,7,DEU,27
2022,f,45,FRA,57
2022,m,10,ITA,7
2022,f,27,PRK,1
2022,f,37,NLD,40
2022,f,32,EGY,17
2022,f,51,FRA,64
2022,f,36,IDN,51
2022,m,9,KAZ,12
2022,m,43,SAU,5
2022,f,29,MYS,31
2022,f,10,FRA,34
2022,m,75,CHE,6
2022,m,55,SYR,21
2022,f,65,NLD,11
2022,f,73,BEL,10
2022,m,24,HRV,14
2022,m,36,CMR,22
2022,m,41,AUS,31
2022,f,61,BEL,11
2022,m,7,IRN,7
2022,m,10,TUR,27
2022,m,23,IRN,28
2022,f,6,ROU,58
2022,f,40,FIN,22
2022,f,36,MEX,30
2022,f,30,PRT,31
2022,m,3,ZWE,6
2022,m,30,IRL,30
2022,f,60,IND,21
2022,f,60,LTU,29
2022,m,20,COG,4
2022,m,24,IRQ,37
2022,f,41,SRB,11
2022,m,71,BGR,44
2022,m,40,LBY,12
2022,m,17,ESP,13
2022,m,53,BIH,18
2022,f,21,BGR,71
2022,f,51,BEL,15
2022,f,10,GBR,24
2022,m,82,FRA,13
2022,m,40,TKM,64
2022,m,41,KOR,170
2022,f,14,BGD,2
2022,m,6,DNK,1
2022,m,21,BGR,68
2022,m,53,UNKNOWN,91
2022,m,37,RWA,11
2022,f,52,GRC,2
2022,m,28,LBN,42
2022,m,84,GBR,14
2022,f,68,EGY,4
2022,m,26,SVK,44
2022,m,70,SVK,6
2022,m,64,FIN,11
2022,m,22,IRL,14
2022,f,30,SWE,27
2022,f,105,SWE,2
2022,m,50,KAZ,44
2022,f,41,GBR,62
2022,m,67,ISR,13
2022,m,25,JPN,20
2022,m,34,SWE,69
2022,m,53,GRC,30
2022,f,61,KOR,29
2022,m,60,AGO,5
2022,m,46,THA,31
2022,f,64,SGP,1
2022,m,76,FIN,12
2022,m,96,GBR,2
2022,m,37,KGZ,69
2022,f,56,ITA,23
2022,m,76,JPN,5
2022,f,30,IRN,31
2022,f,3,VNM,92
2022,f,33,UGA,12
2022,f,35,SRB,16
2022,f,56,LBY,2
2022,f,12,VNM,61
2022,m,61,LVA,22
2022,m,50,GRC,39
2022,m,73,NOR,14
2022,f,44,MNG,12
2022,m,14,GRC,6
2022,m,36,IRN,56
2022,f,112,USA,2
2022,m,63,LTU,26
2022,f,63,GBR,35
2022,f,27,GBR,44
2022,m,25,LBN,28
2022,m,10,CAN,11
2022,m,55,GHA,1
2022,m,61,BEL,50
2022,m,84,FRA,17
2022,m,63,DNK,43
2022,m,47,BRA,22
2022,f,15,PHL,6
2022,f,4,CHN,50
2022,f,34,DNK,5
2022,f,127,USA,1
2022,m,55,BGD,6
2022,f,26,PAK,25
2022,f,49,NPL,8
2022,f,44,KGZ,25
2022,m,67,COL,1
2022,m,24,CAN,11
2022,m,41,VEN,12
2022,f,78,FRA,8
2022,m,5,AZE,14
2022,f,42,AUS,8
2022,f,32,SWE,37
2022,m,32,KAZ,123
2022,f,32,MLI,1
2022,m,33,ISR,25
2022,f,39,KGZ,15
2022,m,46,DZA,32
2022,f,87,FRA,7
2022,f,55,LVA,10
2022,m,22,PAK,34
2022,f,43,CAN,22
2022,f,52,FRA,72
2022,m,30,TUN,68
2022,f,24,TUN,19
2022,f,59,KOR,30
2022,m,25,ITA,228
2022,m,13,ARM,20
2022,f,46,FRA,65
2022,m,34,MNG,38
2022,f,44,ISR,12
2022,f,33,NGA,27
2022,m,60,AZE,14
2022,m,28,MYS,23
2022,f,52,SVK,23
2022,f,77,UNKNOWN,35
2022,m,62,MNG,5
2022,m,60,SVK,36
2022,f,75,JPN,7
2022,f,71,USA,31
2022,m,53,TWN,5
2022,m,58,ISR,16
2022,f,15,IND,29
2022,m,16,CAN,9
2022,m,67,GRC,48
2022,f,32,TUN,17
2022,f,36,NOR,19
2022,m,16,AFG,8
2022,m,45,ARG,18
2022,f,16,FRA,51
2022,m,35,MNG,31
2022,m,49,VAT,1
2022,m,37,SWE,69
2022,m,21,GBR,27
2022,m,36,BIH,17
2022,f,76,BGR,10
2022,m,64,AUT,67
2022,f,41,KAZ,48
2022,m,36,IRQ,43
2022,f,23,GBR,27
2022,f,80,UNKNOWN,41
2022,f,32,KAZ,92
2022,m,43,NGA,67
2022,m,42,VEN,14
2022,m,28,MEX,50
2022,m,40,SVK,96
2022,m,42,TWN,14
2022,m,68,BEL,35
2022,m,76,GBR,60
2022,f,23,TJK,17
2022,m,0,DEU,16
2022,m,86,RUS,9
2022,f,39,TKM,13
2022,f,13,GBR,26
2022,f,28,COL,43
2022,f,15,BEL,5
2022,m,46,LVA,83
2022,f,31,PAN,3
2022,f,89,UNKNOWN,17
2022,f,37,ITA,83
2022,f,62,SVK,14
2022,f,50,CHN,129
2022,m,30,CYP,5
2022,m,15,AUS,7
2022,f,39,PRT,21
2022,f,53,HRV,2
2022,m,29,RWA,38
2022,m,5,PRT,8
2022,m,69,IND,16
2022,m,108,USA,4
2022,m,12,USA,34
2022,m,58,VAT,2
2022,m,46,ISL,5
2022,m,65,CUB,5
2022,m,24,BRA,54
2022,m,34,KOR,112
2022,m,4,GTM,1
2022,f,20,CZE,10
2022,m,51,AFG,5
2022,m,53,HRV,20
2022,m,20,TWN,10
2022,f,71,ARM,32
2022,m,82,ITA,45
2022,f,16,ARM,17
2022,f,51,UNKNOWN,20
2022,f,44,ITA,37
2022,f,41,AFG,8
2022,m,29,HUN,73
2022,m,2,KAZ,15
2022,m,54,MNG,7
2022,f,68,KGZ,1
2022,m,19,PAK,15
2022,f,33,EGY,21
2022,m,11,GEO,49
2022,m,43,HUN,78
2022,m,61,SYR,11
2022,f,14,FRA,46
2022,m,6,KAZ,13
2022,f,2,EST,2
2022,m,30,CMR,25
2022,f,60,BGD,3
2022,f,95,UKR,29
2022,f,29,CUB,8
2022,m,52,BEL,52
2022,f,59,TJK,1
2022,f,109,USA,4
2022,m,28,AUT,34
2022,m,53,NLD,165
2022,f,28,PER,5
2022,m,85,UNKNOWN,1
2022,f,61,THA,10
2022,f,26,IRN,19
2022,f,30,PRK,23
2022,f,43,FRA,74
2022,m,54,HRV,17
2022,m,36,COL,64
2022,m,60,FRA,109
2022,f,13,GEO,47
2022,f,28,PRT,23
2022,m,45,NZL,7
2022,f,64,GRC,12
2022,m,23,EGY,36
2022,m,64,EGY,14
2022,m,44,CRI,3
2022,m,19,SWE,11
2022,m,55,TJK,12
2022,m,49,HRV,11
2022,m,76,USA,44
2022,m,73,GEO,6
2022,m,28,NOR,29
2022,f,52,CZE,34
2022,f,37,KEN,12
2022,m,1,TUR,26
2022,f,51,CAN,16
2022,m,55,KAZ,29
2022,m,31,SAU,105
2022,f,47,EGY,7
2022,m,58,SWE,59
2022,f,65,MDA,15
2022,m,21,PRT,43
2022,f,29,LVA,28
2022,m,42,BRA,49
2022,f,29,KOSOVO,9
2022,m,69,NLD,58
2022,f,76,SWE,54
2022,m,49,TKM,13
2022,m,30,KHM,2
2022,m,41,GRC,54
2022,f,37,NZL,2
2022,m,76,HRV,5
2022,m,10,LVA,6
2022,f,28,BRA,44
2022,m,76,UNKNOWN,30
2022,m,31,MDG,2
2022,f,39,NPL,43
2022,f,17,AUT,6
2022,m,46,MKD,7
2022,m,10,GRC,5
2022,m,78,CHN,6
2022,m,15,GBR,15
2022,f,24,HRV,18
2022,m,55,PHL,40
2022,m,30,SVN,19
2022,m,54,EGY,26
2022,f,5,BEL,4
2022,m,18,CHN,39
2022,m,70,JPN,19
2022,m,59,GRC,27
2022,m,33,LBN,23
2022,f,37,ARM,60
2022,m,75,AUT,37
2022,m,48,SRB,73
2022,f,25,ARG,12
2022,f,46,PAK,7
2022,f,48,PRT,11
2022,f,20,IDN,41
2022,f,16,LTU,11
2022,f,20,FRA,60
2022,f,9,IRN,2
2022,f,64,UNKNOWN,10
2022,m,18,DZA,5
2022,f,41,YUG,3
2022,f,65,MNG,13
2022,m,83,AUT,16
2022,m,45,EST,14
2022,f,72,FIN,6
2022,f,25,JPN,29
2022,m,58,CHE,17
2022,m,43,SYR,37
2022,m,8,GHA,1
2022,m,4,GEO,54
2022,f,19,TJK,25
2022,f,41,VEN,5
2022,f,25,MOZ,4
2022,m,41,TKM,41
2022,f,3,ARM,16
2022,f,4,YEM,1
2022,f,40,YEM,4
2022,f,39,ARG,9
2022,f,27,KOSOVO,5
2022,m,44,PRK,24
2022,f,4,ZAF,2
2022,f,7,IND,85
2022,m,13,DEU,35
2022,m,47,BGD,35
2022,m,97,GRC,11
2022,m,60,UZB,12
2022,m,1,SYR,3
2022,f,15,SVK,4
2022,f,58,MNG,9
2022,m,69,SLE,1
2022,f,25,UGA,13
2022,m,27,MMR,1
2022,m,53,PRK,35
2022,m,28,FIN,36
2022,f,47,YUG,2
2022,f,34,TKM,19
2022,m,31,ZWE,66
2022,m,74,LVA,2
2022,m,62,KOR,62
2022,m,26,ALB,39
2022,m,4,GBR,24
2022,m,58,PRK,21
2022,m,63,TUR,33
2022,m,17,BRA,7
2022,f,28,MAR,21
2022,f,34,ALB,19
2022,f,6,TUR,26
2022,f,10,BRA,15
2022,m,22,SVK,19
2022,m,69,PRK,3
2022,m,36,SYR,33
2022,m,67,UNKNOWN,7
2022,m,32,JPN,35
2022,m,37,JPN,44
2022,f,55,NLD,41
2022,f,51,HRV,6
2022,m,46,CAN,32
2022,m,58,KOSOVO,3
2022,m,0,USA,14
2022,m,26,MAR,85
2022,m,68,ROU,13
2022,m,47,CHL,3
2022,m,23,BIH,6
2022,f,34,GRC,17
2022,f,45,NPL,18
2022,f,28,BGD,26
2022,m,38,EST,13
2022,m,52,BIH,13
2022,m,38,ECU,5
2022,f,34,ESP,103
2022,m,49,KWT,1
2022,f,72,FRA,18
2022,m,3,LTU,8
2022,f,80,RUS,35
2022,f,58,MDA,106
2022,m,0,ITA,8
2022,m,35,LTU,124
2022,f,39,MYS,5
2022,f,15,VNM,44
2022,m,38,FIN,28
2022,f,63,COL,3
2022,f,40,SRB,17
2022,m,40,GHA,17
2022,f,23,KGZ,52
2022,f,50,MEX,5
2022,f,45,PRK,7
2022,m,52,PRK,52
2022,f,27,FIN,27
2022,m,46,SWE,86
2022,m,61,PAK,7
2022,m,17,PHL,4
2022,m,19,FIN,3
2022,m,26,TWN,16
2022,f,45,CHN,146
2022,f,12,ESP,18
2022,f,34,UZB,34
2022,f,14,USA,38
2022,m,11,ARM,17
2022,m,35,MUS,8
2022,f,33,KOSOVO,8
2022,m,59,IRL,33
2022,m,30,CZE,75
2022,f,84,VNM,6
2022,m,46,BEL,61
2022,m,36,ETH,16
2022,f,36,RWA,6
2022,f,41,NPL,29
2022,m,83,BEL,10
2022,m,30,COL,90
2022,m,45,EGY,86
2022,m,37,AUT,46
2022,f,11,IND,66
2022,m,19,BIH,3
2022,f,13,BEL,2
2022,m,14,TUR,23
2022,m,35,THA,15
2022,f,4,UNKNOWN,12
2022,f,27,NGA,64
2022,f,39,KEN,10
2022,f,67,KOR,11
2022,m,44,EST,13
2022,m,46,TJK,38
2022,m,25,COL,78
2022,f,22,JOR,7
2022,m,14,MNG,6
2022,m,58,DZA,15
2022,m,69,BLR,77
2022,m,70,RUS,55
2022,m,42,HRV,36
2022,f,87,ITA,4
2022,f,58,ITA,23
2022,m,25,SRB,53
2022,f,42,NPL,20
2022,m,21,ALB,16
2022,m,13,NLD,10
2022,f,33,KGZ,20
2022,m,32,IRQ,30
2022,m,8,UNKNOWN,3
2022,m,41,SWE,83
2022,m,38,KOSOVO,29
2022,m,50,IRN,14
2022,f,26,BRA,40
2022,m,97,IRQ,1
2022,f,2,AZE,15
2022,m,47,AZE,46
2022,m,49,MEX,19
2022,m,27,AGO,23
2022,f,26,LKA,3
2022,m,7,CHN,50
2022,f,8,ISR,10
2022,f,53,TUR,16
2022,m,8,ROU,62
2022,f,1,NPL,8
2022,f,47,KGZ,17
2022,f,31,TWN,18
2022,m,40,DZA,51
2022,m,25,PHL,40
2022,m,37,FIN,28
2022,m,2,GRC,7
2022,m,54,MKD,14
2022,f,92,IRQ,3
2022,m,33,NLD,90
2022,m,26,NGA,102
2022,m,37,COD,3
2022,f,38,NOR,26
2022,m,80,NLD,26
2022,m,0,LTU,5
2022,m,10,NOR,4
2022,m,53,LAO,4
2022,f,34,GBR,50
2022,f,42,HUN,47
2022,f,29,PRT,31
2022,m,50,ZWE,4
2022,m,10,JPN,24
2022,f,33,BGD,18
2022,f,37,MEX,30
2022,f,23,EGY,7
2022,m,77,VNM,13
2022,m,20,GRC,11
2022,f,44,FIN,12
2022,m,57,LKA,4
2022,f,45,TJK,3
2022,f,61,DNK,20
2022,m,60,ROU,50
2022,m,35,KWT,1
2022,f,67,BRA,4
2022,f,16,GRC,4
2022,m,24,DZA,57
2022,m,66,GRC,31
2022,m,45,JPN,42
2022,m,52,USA,165
2022,f,70,ITA,8
2022,f,69,ARM,37
2022,f,51,NOR,12
2022,f,50,IRQ,4
2022,f,38,SRB,13
2022,f,42,ITA,45
2022,m,51,PAK,42
2022,m,35,GHA,15
2022,m,115,AUT,1
2022,f,19,TUR,53
2022,m,49,KGZ,32
2022,m,17,TJK,5
2022,m,28,BFA,1
2022,f,90,AUT,4
2022,f,52,PHL,28
2022,f,34,ETH,10
2022,m,75,RUS,37
2022,m,38,BOL,4
2022,f,65,LVA,5
2022,f,50,KAZ,34
2022,m,56,SWE,84
2022,m,36,LBY,14
2022,f,83,VNM,7
2022,f,46,AZE,13
2022,m,16,GBR,24
2022,f,48,AUT,62
2022,f,79,JPN,2
2022,f,63,LTU,30
2022,m,32,THA,8
2022,f,12,MDA,26
2022,f,69,CAN,6
2022,f,33,PAK,19
2022,m,102,UNKNOWN,7
2022,m,49,COL,22
2022,m,34,FIN,36
2022,m,1,FRA,11
2022,m,28,CHL,8
2022,f,59,MNG,11
2022,f,42,MNG,28
2022,f,84,LTU,3
2022,m,60,FIN,15
2022,f,24,SYR,14
2022,f,21,MNG,19
2022,f,74,NLD,8
2022,m,20,KOR,42
2022,f,0,PAK,5
2022,f,37,SVK,59
2022,m,71,FIN,8
2022,f,21,UZB,35
2022,f,6,ARM,22
2022,m,48,KGZ,21
2022,m,39,CHL,10
2022,f,59,AFG,3
2022,m,23,BEL,20
2022,m,22,MWI,1
2022,m,24,LTU,41
2022,f,50,VNM,98
2022,m,24,MAR,61
2022,m,64,VEN,2
2022,m,6,IRQ,7
2022,m,40,YEM,6
2022,m,33,AGO,14
2022,m,41,BRA,75
2022,f,31,CMR,13
2022,f,49,ARM,45
2022,m,4,KOR,35
2022,m,71,CHN,20
2022,f,19,AFG,5
2022,f,37,CMR,11
2022,f,33,IRQ,10
2022,f,21,UGA,3
2022,m,15,JPN,23
2022,m,36,ISR,30
2022,m,71,UNKNOWN,3
2022,m,65,MDA,47
2022,f,14,GRC,5
2022,f,29,ALB,16
2022,m,71,GBR,59
2022,f,22,VNM,104
2022,f,9,SWE,4
2022,f,90,GRC,12
2022,f,57,THA,15
2022,m,54,SVK,40
2022,f,61,LKA,3
2022,m,23,EST,10
2022,f,26,NPL,77
2022,m,36,LVA,88
2022,m,99,UKR,2
2022,m,32,CHE,16
2022,f,81,SVK,1
2022,m,53,LVA,42
2022,m,39,DZA,59
2022,f,64,CAN,7
2022,m,52,ECU,2
2022,f,47,SYR,10
2022,m,29,CMR,24
2022,m,30,JOR,35
2022,m,23,IRQ,23
2022,m,58,MKD,10
2022,m,21,MLI,3
2022,f,19,LBY,6
2022,f,50,LVA,20
2022,m,43,KAZ,82
2022,m,58,HUN,21
2022,f,57,BGR,52
2022,m,43,COL,48
2022,m,79,HUN,8
2022,m,96,AUS,1
2022,f,82,AUT,7
2022,f,23,UZB,35
2022,f,47,NOR,15
2022,f,47,UZB,20
2022,f,10,IRQ,9
2022,m,56,TGO,1
2022,m,24,JOR,22
2022,m,74,LBN,4
2022,f,80,PRK,1
2022,f,34,MYS,16
2022,m,10,CZE,16
2022,f,84,ARM,13
2022,m,7,PRT,5
2022,f,49,ZAF,10
2022,f,57,AUS,6
2022,f,47,THA,56
2022,m,31,IRN,46
2022,m,33,SYR,32
2022,m,52,DNK,47
2022,m,75,ARM,13
2022,m,11,NPL,4
2022,f,25,RWA,39
2022,f,66,SVK,5
2022,m,68,CZE,18
2022,f,55,DNK,20
2022,m,16,ARM,25
2022,m,24,TCD,2
2022,f,68,PHL,5
2022,f,17,VNM,37
2022,m,76,FRA,51
2022,f,0,AUS,1
2022,f,54,ROU,40
2022,m,25,ARG,23
2022,m,45,KGZ,44
2022,m,26,ECU,8
2022,f,73,SWE,74
2022,f,41,MUS,3
2022,f,67,UNKNOWN,8
2022,f,13,NOR,8
2022,m,65,KAZ,10
2022,f,50,AUS,9
2022,f,61,IRL,4
2022,f,70,ARM,36
2022,m,32,GMB,3
2022,m,33,VEN,16
2022,f,15,TUR,22
2022,m,75,JPN,19
2022,m,33,AUS,20
2022,m,57,THA,16
2022,m,6,AUT,2
2022,m,38,AFG,11
2022,m,22,KEN,19
2022,m,34,ETH,24
2022,f,84,CZE,2
2022,m,61,IRL,23
2022,f,97,VNM,4
2022,m,10,USA,28
2022,f,22,YEM,6
2022,m,15,ALB,3
2022,f,29,ZAF,23
2022,m,27,LBN,30
2022,f,56,MNG,14
2022,f,38,CRI,3
2022,f,9,MEX,6
2022,m,29,COG,14
2022,f,23,SAU,9
2022,m,40,GNB,1
2022,f,25,HUN,33
2022,m,65,ROU,34
2022,f,33,ZWE,59
2022,f,0,BRA,10
2022,m,36,LKA,21
2022,f,62,IRL,5
2022,f,22,ZMB,2
2022,f,70,COG,1
2022,f,87,UNKNOWN,7
2022,m,45,ALB,30
2022,m,83,ITA,48
2022,m,40,ZWE,25
2022,m,3,BRA,18
2022,f,27,HUN,38
2022,f,64,GEO,27
2022,m,66,KWT,2
2022,m,38,GMB,6
2022,f,36,KGZ,21
2022,m,50,KEN,6
2022,f,43,KAZ,52
2022,m,49,GHA,5
2022,f,25,MKD,8
2022,f,52,GBR,46
2022,m,43,VEN,13
2022,f,29,BWA,2
2022,m,64,SYR,19
2022,f,14,BGR,49
2022,m,27,CZE,53
2022,m,73,EGY,3
2022,m,31,ECU,12
2022,m,29,TWN,17
2022,m,30,YEM,2
2022,m,71,IRL,7
2022,m,57,ESP,51
2022,m,33,AFG,28
2022,m,66,NLD,78
2022,m,45,LTU,106
2022,f,75,USA,31
2022,f,79,ARM,5
2022,m,29,AUT,32
2022,m,54,NPL,14
2022,f,26,GRC,30
2022,m,64,LBN,6
2022,f,46,MNG,12
2022,f,16,KOR,60
2022,m,68,VNM,49
2022,m,16,UZB,8
2022,m,38,AUS,22
2022,f,25,THA,22
2022,m,4,BGR,72
2022,f,24,DZA,12
2022,f,28,CYP,4
2022,f,52,SWE,39
2022,f,43,ARG,7
2022,m,50,THA,22
2022,m,35,HRV,32
2022,m,24,SDN,5
2022,m,51,THA,24
2022,f,25,AFG,12
2022,m,0,SVK,6
2022,m,23,YEM,6
2022,m,89,GBR,3
2022,m,87,UKR,66
2022,m,48,PRK,30
2022,f,8,ITA,16
2022,f,20,VNM,72
2022,f,18,DNK,3
2022,f,22,AZE,60
2022,f,96,USA,6
2022,f,74,ZAF,1
2022,f,50,KOR,73
2022,f,18,MNG,7
2022,f,2,SEN,4
2022,f,30,IRL,10
2022,f,80,FRA,7
2022,m,53,FIN,24
2022,f,85,BLR,27
2022,m,59,FIN,14
2022,f,45,PRT,12
2022,m,50,MAR,15
2022,m,113,GRC,8
2022,f,31,MNG,39
2022,m,59,DZA,14
2022,m,35,NOR,20
2022,m,36,ECU,6
2022,m,51,BRA,16
2022,f,17,ZWE,3
2022,m,74,BGR,33
2022,f,2,UNKNOWN,11
2022,m,82,CHE,3
2022,f,36,CUB,11
2022,m,61,KWT,2
2022,f,36,PRT,21
2022,f,55,GBR,54
2022,f,3,SWE,3
2022,m,48,TJK,22
2022,m,13,HRV,3
2022,f,3,HUN,15
2022,m,89,ARM,3
2022,f,44,NLD,51
2022,m,1,ISR,2
2022,f,9,BGR,67
2022,f,64,NOR,6
2022,m,47,JAM,1
2022,f,82,CZE,8
2022,m,31,PAK,129
2022,m,76,NLD,45
2022,f,41,IRL,13
2022,m,47,LBY,14
2022,m,21,MNG,14
2022,m,45,HUN,70
2022,f,41,EGY,12
2022,f,41,LTU,72
2022,m,41,BEL,49
2022,f,86,AUT,5
2022,m,22,TWN,13
2022,m,21,COG,6
2022,m,54,KHM,3
2022,m,38,HRV,26
2022,m,31,NER,11
2022,m,18,HUN,14
2022,f,40,PRT,20
2022,f,22,NLD,27
2022,f,11,MNG,9
2022,f,19,COL,5
2022,m,66,KAZ,4
2022,f,10,AZE,16
2022,f,57,TWN,4
2022,m,29,TZA,13
2022,m,63,IRQ,26
2022,f,99,USA,5
2022,f,43,PRT,21
2022,f,20,JPN,25
2022,f,1,VNM,66
2022,m,49,JPN,52
2022,f,42,ZWE,9
2022,m,44,JOR,16
2022,m,23,KGZ,65
2022,m,52,MEX,19
2022,m,32,COG,10
2022,f,50,COL,10
2022,m,21,IRQ,16
2022,m,80,AUT,16
2022,f,36,AUT,31
2022,m,23,TKM,66
2022,m,53,IRL,52
2022,f,70,USA,45
2022,m,56,EST,6
2022,m,35,BEL,47
2022,f,34,PRT,17
2022,m,28,MDG,5
2022,f,24,THA,14
2022,f,52,NLD,31
2022,f,32,TJK,8
2022,m,57,NPL,8
2022,f,24,PRT,62
2022,f,20,CHE,4
2022,f,55,BGR,52
2022,f,16,VNM,31
2022,m,59,UZB,24
2022,f,7,GBR,18
2022,m,63,BIH,9
2022,m,38,JPN,58
2022,m,62,YUG,8
2022,f,13,NLD,13
2022,m,32,CUB,27
2022,m,76,VNM,10
2022,m,67,ESP,23
2022,f,20,ROU,55
2022,m,26,ARG,26
2022,f,79,RUS,25
2022,m,5,TKM,3
2022,f,43,ZWE,13
2022,m,15,FRA,38
2022,f,65,LBN,1
2022,f,37,DZA,9
2022,m,9,GBR,23
2022,f,65,GEO,33
2022,m,59,MNG,6
2022,f,48,CZE,53
2022,f,10,IRN,3
2022,f,25,ARM,38
2022,m,62,ROU,52
2022,f,31,AFG,11
2022,m,8,FRA,20
2022,f,6,MDA,36
2022,m,30,FIN,28
2022,m,54,MEX,9
2022,f,51,ROU,53
2022,m,25,RWA,58
2022,f,3,USA,25
2022,f,25,ZAF,21
2022,f,48,CAN,11
2022,m,49,ALB,18
2022,f,63,TKM,3
2022,f,73,AUT,37
2022,f,58,JPN,23
2022,f,18,TJK,15
2022,f,63,EST,2
2022,m,78,ESP,5
2022,m,78,UNKNOWN,4
2022,m,6,MNG,4
2022,f,4,USA,22
2022,m,13,IND,56
2022,m,32,RWA,46
2022,m,47,CHE,16
2022,m,55,IDN,8
2022,f,27,HRV,23
2022,f,28,VNM,172
2022,f,32,TKM,15
2022,m,56,SVN,6
2022,m,24,USA,80
2022,f,28,PNG,2
2022,f,37,TWN,20
2022,m,44,ZWE,11
2022,m,34,IRQ,33
2022,f,23,HUN,26
2022,f,29,COL,49
2022,f,22,MLI,2
2022,m,25,AFG,24
2022,f,75,CHN,6
2022,m,37,MAR,44
2022,f,29,PER,16
2022,m,29,ISR,18
2022,m,11,LVA,3
2022,m,48,JOR,13
2022,f,36,GRC,19
2022,f,36,TUN,7
2022,m,11,UNKNOWN,7
2022,f,22,LTU,46
2022,f,19,ROU,49
2022,f,1,DEU,18
2022,f,15,CZE,22
2022,f,70,MDA,13
2022,m,26,BEL,33
2022,f,37,ARG,6
2022,f,49,LBY,5
2022,f,20,PRT,12
2022,m,47,COL,18
2022,f,41,KHM,3
2022,m,41,KGZ,68
2022,f,27,JPN,29
2022,f,92,LTU,1
2022,f,80,KOR,1
2022,f,53,ESP,21
2022,m,65,HRV,9
2022,f,69,GEO,11
2022,f,61,CUB,3
2022,m,59,LVA,30
2022,f,27,UZB,41
2022,f,55,KGZ,6
2022,f,18,SYR,4
2022,m,14,EST,2
2022,m,5,CHE,3
2022,f,46,FIN,13
2022,f,69,LTU,13
2022,f,85,MDA,7
2022,m,46,ERI,1
2022,f,24,AFG,10
2022,m,44,JPN,57
2022,f,3,SRB,4
2022,f,35,PRK,15
2022,m,19,NGA,24
2022,m,90,SRB,2
2022,m,53,TUN,19
2022,f,126,USA,1
2022,f,34,COL,35
2022,f,81,BLR,35
2022,f,66,DNK,23
2022,f,20,IND,67
2022,f,30,HUN,50
2022,f,54,ESP,20
2022,f,28,CHL,4
2022,m,9,ITA,18
2022,f,32,SGP,3
2022,m,68,GRC,32
2022,m,41,MKD,10
2022,f,10,HUN,12
2022,f,27,KOR,62
2022,m,64,KOR,36
2022,m,79,FRA,25
2022,f,71,BLR,97
2022,m,65,MEX,4
2022,m,17,SRB,5
2022,f,43,NLD,50
2022,f,28,TTO,3
2022,f,17,KAZ,66
2022,f,2,ZWE,5
2022,f,50,ESP,29
2022,m,32,MNG,37
2022,f,48,TUR,30
2022,f,20,GRC,7
2022,m,64,JPN,39
2022,f,44,BRA,19
2022,m,68,SRB,9
2022,m,3,JPN,12
2022,m,55,IRQ,14
2022,m,19,MNG,13
2022,m,46,BIH,22
2022,f,26,JPN,29
2022,f,73,BGR,15
2022,m,60,RUS,210
2022,m,43,PRK,15
2022,f,54,IRN,7
2022,f,39,SWE,46
2022,m,20,SOM,3
2022,f,55,SYR,5
2022,m,24,EST,9
2022,m,74,ITA,110
2022,f,32,HRV,42
2022,f,30,SAU,62
2022,m,54,COL,10
2022,m,26,CRI,10
2022,f,18,FRA,38
2022,m,20,LKA,3
2022,m,38,THA,18
2022,f,35,CUB,6
2022,m,36,KOSOVO,27
2022,m,73,DNK,26
2022,m,0,JOR,3
2022,m,6,GBR,16
2022,f,8,USA,25
2022,m,28,CUB,14
2022,f,45,FIN,8
2022,f,59,KAZ,10
2022,f,63,CUB,2
2022,f,20,ARM,18
2022,f,31,SWE,25
2022,f,44,IND,80
2022,m,66,BEL,30
2022,f,2,ESP,9
2022,m,80,FRA,12
2022,m,52,COL,14
2022,m,41,AGO,5
2022,f,54,SVK,18
2022,m,37,COL,72
2022,m,6,CUB,2
2022,f,49,ISR,9
2022,f,27,AUT,31
2022,f,35,SGP,3
2022,m,16,HUN,7
2022,m,3,SYR,2
2022,f,40,IDN,47
2022,m,29,SAU,127
2022,f,28,EST,6
2022,m,29,MEX,52
2022,m,28,NER,18
2022,m,33,RWA,24
2022,m,113,USA,4
2022,f,82,BLR,43
2022,f,56,IRL,8
2022,f,19,PRT,10
2022,m,69,EGY,6
2022,m,34,MMR,3
2022,f,25,MEX,37
2022,f,3,KAZ,15
2022,f,23,MAR,24
2022,f,50,EST,7
2022,f,23,PAK,9
2022,f,50,NOR,18
2022,f,55,THA,30
2022,f,28,LVA,24
2022,m,60,UNKNOWN,15
2022,m,76,RUS,33
2022,m,74,CAN,7
2022,m,68,FIN,8
2022,m,10,VNM,100
2022,f,23,FIN,16
2022,m,36,COG,8
2022,m,45,CUB,11
2022,m,64,BIH,7
2022,m,25,AUS,4
2022,m,63,SYR,17
2022,f,30,CUB,11
2022,f,41,BGD,5
2022,f,51,HUN,20
2022,m,43,CAN,32
2022,m,74,ROU,3
2022,f,22,ROU,68
2022,m,2,BGR,63
2022,m,9,ZWE,3
2022,m,2,TJK,8
2022,m,30,MWI,4
2022,m,33,KGZ,65
2022,f,62,IRN,1
2022,f,103,YUG,1
2022,m,32,NOR,28
2022,f,60,ITA,16
2022,m,57,TWN,2
2022,m,26,EST,17
2022,f,38,PRT,24
2022,m,56,ARG,3
2022,m,26,IRL,18
2022,f,0,AFG,14
2022,f,3,PHL,3
2022,m,28,BOL,3
2022,m,9,NOR,4
2022,m,38,BIH,14
2022,f,67,VNM,56
2022,f,32,UZB,30
2022,f,75,GBR,21
2022,f,8,MDA,35
2022,f,51,PRT,15
2022,f,27,BEL,14
2022,f,32,KOSOVO,3
2022,m,67,IRL,20
2022,f,73,CHN,12
2022,f,39,HUN,42
2022,f,76,UNKNOWN,7
2022,f,57,ESP,19
2022,f,6,AZE,10
2022,m,63,KWT,2
2022,m,20,MAR,34
2022,f,32,FIN,25
2022,f,27,PHL,100
2022,f,123,UNKNOWN,1
2022,f,38,ESP,67
2022,m,82,LTU,2
2022,f,45,SYR,11
2022,f,16,GBR,21
2022,f,50,TZA,3
2022,m,82,RUS,23
2022,f,42,NLD,41
2022,m,19,GBR,28
2022,m,72,BEL,28
2022,f,11,LTU,6
2022,m,47,MKD,16
2022,f,100,UNKNOWN,7
2022,m,1,SAU,2
2022,m,82,BEL,5
2022,f,114,LTU,1
2022,m,52,TKM,10
2022,f,15,ISR,5
2022,m,11,BGR,56
2022,f,32,MEX,35
2022,f,15,IRQ,8
2022,f,104,GRC,4
2022,m,43,MNE,3
2022,f,29,CAN,19
2022,f,46,CHN,158
2022,m,20,ZAF,11
2022,f,11,DEU,38
2022,f,26,SWE,20
2022,m,38,PER,14
2022,f,7,SYR,6
2022,f,13,ITA,19
2022,m,34,VEN,15
2022,f,18,COL,3
2022,m,46,AZE,77
2022,m,42,MEX,40
2022,f,25,TWN,16
2022,m,18,PRT,6
2022,f,33,AZE,43
2022,m,23,GTM,20
2022,f,46,SWE,55
2022,f,28,ARG,12
2022,m,22,NGA,61
2022,m,65,SWE,75
2022,m,65,MKD,4
2022,m,31,CUB,22
2022,f,64,BEL,7
2022,m,74,AFG,5
2022,f,27,TUN,24
2022,m,80,UNKNOWN,5
2022,f,66,CZE,9
2022,m,57,ROU,77
2022,m,26,CMR,19
2022,f,85,UNKNOWN,17
2022,f,4,JPN,17
2022,m,81,GBR,22
2022,f,44,KEN,16
2022,m,46,JPN,50
2022,f,10,KAZ,19
2022,f,28,ARM,39
2022,f,47,CAN,16
2022,m,57,NOR,30
2022,m,30,KEN,31
2022,m,20,AZE,71
2022,f,61,ROU,11
2022,f,45,ZWE,7
2022,m,46,NPL,67
2022,f,70,SVK,9
2022,f,96,UNKNOWN,6
2022,f,26,CIV,3
2022,m,38,ZWE,32
2022,m,27,RWA,52
2022,f,84,UNKNOWN,28
2022,m,62,ECU,1
2022,m,29,MNG,21
2022,f,71,HUN,5
2022,m,38,LKA,11
2022,f,48,MNG,17
2022,m,40,MUS,3
2022,f,92,SWE,11
2022,m,60,ARM,50
2022,f,5,CZE,12
2022,m,37,CUB,25
2022,f,34,ZWE,46
2022,m,31,ISR,22
2022,f,1,BGR,41
2022,m,31,NLD,84
2022,m,39,LKA,22
2022,m,31,LBN,34
2022,m,41,ALB,47
2022,m,37,BIH,22
2022,f,51,ZAF,9
2022,f,41,PRT,22
2022,m,35,IRL,28
2022,f,59,DNK,14
2022,f,22,GBR,27
2022,m,44,LKA,11
2022,f,72,AUS,4
2022,f,55,VNM,63
2022,f,15,AZE,12
2022,f,32,NLD,22
2022,f,67,IND,21
2022,m,0,KAZ,8
2022,m,38,YUG,3
2022,f,60,FRA,35
2022,f,41,HUN,38
2022,f,24,DOM,2
2022,f,50,SVK,33
2022,f,3,NOR,2
2022,f,41,CZE,50
2022,f,81,KOR,2
2022,f,30,MAR,25
2022,m,37,SAU,20
2022,f,18,LBY,5
2022,m,47,KGZ,34
2022,m,89,DNK,3
2022,f,41,NOR,23
2022,m,15,AZE,7
2022,m,31,JPN,40
2022,m,81,RUS,16
2022,f,7,LTU,11
2022,m,50,LKA,8
2022,m,23,KOR,50
2022,m,39,COD,1
2022,f,45,MYS,7
2022,f,12,CHN,40
2022,m,17,FRA,36
2022,m,35,UNKNOWN,16
2022,m,24,MNE,6
2022,f,49,AUS,5
2022,f,31,NGA,49
2022,m,29,ALB,60
2022,f,71,UNKNOWN,3
2022,m,39,AUS,27
2022,f,30,COD,10
2022,m,2,AUS,3
2022,m,41,HUN,81
2022,f,29,AUT,25
2022,m,4,TJK,8
2022,f,90,ITA,1
2022,m,73,BEL,19
2022,f,63,MDA,26
2022,f,75,BEL,4
2022,m,24,LVA,48
2022,f,2,ZAF,3
2022,m,50,MEX,16
2022,m,4,MYS,1
2022,m,35,FIN,30
2022,m,33,CUB,28
2022,m,48,ALB,24
2022,f,22,MNG,11
2022,m,70,HUN,15
2022,f,4,BRA,11
2022,m,32,MKD,10
2022,f,2,COG,1
2022,m,26,AUT,23
2022,f,35,ISR,13
2022,f,26,KGZ,31
2022,m,33,ECU,5
2022,f,8,LTU,5
2022,f,23,MYS,9
2022,f,57,JPN,28
2022,f,30,VAT,1
2022,m,61,PER,4
2022,f,28,MDG,2
2022,f,41,IDN,36
2022,f,29,MNG,21
2022,m,51,JPN,59
2022,f,47,IRL,13
2022,f,62,MNG,10
2022,f,46,IRQ,8
2022,m,59,ISR,17
2022,f,61,USA,51
2022,f,36,CZE,61
2022,m,20,HUN,11
2022,m,59,ROU,63
2022,f,27,LKA,7
2022,m,58,PAK,12
2022,m,10,AZE,17
2022,f,71,MDA,5
2022,f,0,ARG,1
2022,f,16,SVK,15
2022,f,69,GBR,19
2022,m,19,IDN,41
2022,m,48,TKM,17
2022,f,66,IND,25
2022,f,14,CAN,7
2022,m,38,SRB,82
2022,f,1,USA,9
2022,m,53,DNK,46
2022,f,36,PER,9
2022,f,37,ZWE,45
2022,m,4,USA,29
2022,f,67,USA,50
2022,f,4,CZE,9
2022,f,68,UNKNOWN,14
2022,f,5,JOR,3
2022,m,29,DOM,3
2022,m,20,UNKNOWN,17
2022,f,24,KOR,75
2022,f,34,ECU,5
2022,m,44,NOR,25
2022,m,82,IDN,1
2022,f,28,NOR,27
2022,m,4,KAZ,14
2022,f,29,BOL,4
2022,f,66,THA,3
2022,m,35,COG,7
2022,f,26,BEL,18
2022,f,49,CYP,3
2022,m,1,UNKNOWN,17
2022,m,25,TJK,82
2022,m,41,CHE,14
2022,f,24,PAK,16
2022,f,47,MKD,3
2022,f,50,GRC,7
2022,f,25,MLT,1
2022,f,6,FRA,19
2022,f,56,AFG,3
2022,f,26,COL,45
2022,m,70,KEN,1
2022,m,36,CRI,8
2022,m,23,ARG,5
2022,m,37,LKA,24
2022,m,34,COM,3
2022,m,97,AUS,1
2022,f,56,AUS,9
2022,m,50,BEL,60
2022,f,54,KAZ,18
2022,f,55,IRN,5
2022,m,93,DEU,70
2022,m,99,GRC,16
2022,m,50,EST,7
2022,m,39,AGO,7
2022,m,9,CMR,2
2022,m,58,PHL,17
2022,f,41,CMR,4
2022,f,22,VEN,5
2022,m,82,HUN,5
2022,m,65,SYR,4
2022,f,53,SAU,1
2022,m,22,CMR,4
2022,m,24,FIN,16
2022,f,32,LVA,36
2022,m,62,MKD,2
2022,f,19,IRL,14
2022,m,23,SWE,23
2022,f,68,ARM,40
2022,f,20,MNE,1
2022,m,2,BRA,13
2022,m,24,NOR,22
2022,f,23,LVA,14
2022,f,36,IRL,10
2022,m,76,MNG,5
2022,f,38,HRV,13
2022,m,62,IRL,33
2022,m,73,GRC,13
2022,m,50,PRK,29
2022,m,75,HUN,8
2022,f,2,LKA,2
2022,m,57,UZB,33
2022,f,42,BIH,5
2022,f,63,LVA,8
2022,m,0,UZB,9
2022,m,20,NPL,18
2022,f,3,MNE,1
2022,m,79,BLR,8
2022,f,29,SRB,15
2022,f,27,EGY,14
2022,f,64,BGR,29
2022,f,78,CZE,9
2022,f,23,SRB,9
2022,m,14,KAZ,16
2022,m,48,ECU,2
2022,m,25,SDN,6
2022,f,56,NLD,28
2022,f,18,KOR,42
2022,f,24,FRA,150
2022,m,37,PER,10
2022,m,50,COL,13
2022,m,35,MYS,5
2022,m,78,EGY,3
2022,m,48,AFG,9
2022,m,29,LBN,34
2022,f,40,TWN,24
2022,m,48,SWE,78
2022,m,78,DZA,1
2022,f,62,UNKNOWN,19
2022,m,10,AFG,7
2022,m,122,RUS,1
2022,m,47,MAR,15
2022,f,52,IND,31
2022,m,96,DEU,20
2022,f,40,NGA,17
2022,f,34,AFG,9
2022,f,82,RUS,49
2022,f,9,ECU,2
2022,f,42,AZE,11
2022,f,15,DEU,41
2022,f,52,SYR,7
2022,f,25,NOR,37
2022,f,11,EGY,3
2022,m,9,MDA,44
2022,m,28,CMR,25
2022,m,75,ISR,11
2022,m,55,IRN,10
2022,f,75,ISR,4
2022,m,2,UZB,10
2022,f,25,SLE,2
2022,m,69,ROU,14
2022,m,70,SWE,65
2022,f,23,PRK,3
2022,m,62,LTU,31
2022,f,14,ARM,21
2022,f,72,ARM,43
2022,f,22,BGR,73
2022,f,81,UNKNOWN,2
2022,f,69,UNKNOWN,16
2022,f,82,DEU,97
2022,m,27,CAN,25
2022,f,27,LVA,16
2022,m,6,DEU,37
2022,m,30,MNE,7
2022,m,81,USA,34
2022,f,20,HRV,2
2022,m,90,KEN,1
2022,f,53,MEX,12
2022,m,56,BIH,19
2022,f,33,EST,4
2022,f,76,ITA,9
2022,m,91,HRV,2
2022,m,34,LBN,23
2022,m,51,PER,6
2022,f,26,PER,3
2022,f,35,LBN,5
2022,m,30,DZA,75
2022,f,52,HRV,5
2022,m,26,UNKNOWN,16
2022,m,52,SYR,20
2022,m,52,LKA,8
2022,f,22,KOR,76
2022,m,22,MNG,15
2022,f,51,DNK,15
2022,m,13,LTU,14
2022,m,43,DNK,29
2022,f,84,UNKNOWN,3
2022,m,91,USA,8
2022,f,32,RWA,13
2022,f,76,UZB,2
2022,f,8,FRA,28
2022,m,17,GRC,3
2022,m,5,BGD,6
2022,f,43,DNK,8
2022,f,6,SWE,6
2022,m,21,BDI,8
2022,m,48,SYR,28
2022,f,89,CHN,3
2022,m,15,ITA,18
2022,f,45,BEL,15
2022,m,26,LTU,59
2022,f,52,KAZ,22
2022,f,93,SWE,9
2022,f,43,UNKNOWN,18
2022,f,57,SVK,18
2022,f,6,CHN,64
2022,m,23,CHE,7
2022,m,23,AUT,22
2022,f,80,SWE,35
2022,f,17,JOR,2
2022,f,30,LVA,32
2022,f,22,TKM,22
2022,f,58,KAZ,21
2022,f,48,LBN,4
2022,f,77,VEN,1
2022,f,53,SWE,46
2022,f,13,NPL,1
2022,m,23,NLD,34
2022,f,10,ITA,18
2022,m,52,YEM,5
2022,f,34,MEX,30
2022,f,51,JPN,54
2022,m,28,ZAF,17
2022,f,64,HRV,2
2022,m,70,GBR,77
2022,m,63,GIN,1
2022,m,59,BEL,47
2022,m,63,LVA,15
2022,m,35,JOR,25
2022,f,83,LTU,3
2022,m,29,NOR,35
2022,m,71,GRC,23
2022,m,69,ARM,24
2022,f,3,BGR,56
2022,m,18,COL,5
2022,f,19,USA,41
2022,f,11,CMR,1
2022,m,20,PSE,3
2022,m,22,LVA,38
2022,f,63,MUS,1
2022,m,58,LBY,11
2022,m,25,NOR,36
2022,f,25,KGZ,32
2022,f,13,SYR,5
2022,f,35,MAR,14
2022,f,59,NOR,11
2022,f,93,GRC,15
2022,m,34,GRC,49
2022,m,74,NLD,60
2022,f,50,BEL,15
2022,f,7,NLD,10
2022,m,20,GTM,7
2022,f,27,SWZ,1
2022,m,30,GHA,20
2022,f,25,MNG,13
2022,f,61,MYS,1
2022,f,14,CHN,36
2022,m,28,SLE,3
2022,m,25,PER,14
2022,m,52,EGY,31
2022,m,24,CZE,32
2022,f,38,MYS,11
2022,m,12,HUN,9
2022,f,49,BRA,13
2022,f,48,SWE,49
2022,m,25,SVN,4
2022,f,5,TUN,2
2022,f,77,BRA,3
2022,m,52,JOR,13
2022,f,49,TWN,5
2022,f,70,CZE,16
2022,f,31,CUB,8
2022,f,24,SWE,7
2022,f,58,CZE,19
2022,m,54,SEN,1
2022,m,46,MEX,26
2022,f,23,GTM,7
2022,m,101,UNKNOWN,5
2022,m,43,TKM,43
2022,f,21,EGY,15
2022,f,30,JOR,8
2022,m,45,BGD,56
2022,f,45,UGA,6
2022,f,18,GEO,34
2022,m,14,ARM,24
2022,f,69,IND,8
2022,f,29,COG,6
2022,m,30,MKD,6
2022,f,47,IRN,8
2022,f,94,UNKNOWN,1
2022,f,33,IRN,44
2022,f,66,BEL,8
2022,m,28,ISR,17
2022,m,65,ESP,24
2022,f,2,ARM,19
2022,m,101,USA,6
2022,m,39,UNKNOWN,24
2022,m,27,IRL,19
2022,f,41,SDN,1
2022,m,30,AFG,39
2022,m,15,TZA,1
2022,m,4,ITA,18
2022,f,35,NGA,24
2022,m,8,EGY,12
2022,m,47,AUT,46
2022,m,0,ZWE,7
2022,m,69,GEO,17
2022,f,30,MYS,27
2022,m,27,LKA,12
2022,m,8,MDA,30
2022,f,67,FRA,22
2022,m,27,HUN,47
2022,m,93,UNKNOWN,11
2022,m,48,MYS,5
2022,f,19,VNM,67
2022,f,1,ITA,7
2022,f,48,USA,57
2022,f,4,ESP,11
2022,f,22,EGY,11
2022,m,72,LTU,9
2022,f,24,KOSOVO,12
2022,m,29,IRN,49
2022,m,91,BEL,2
2022,m,24,MNG,19
2022,m,10,CRI,1
2022,f,30,ETH,22
2022,f,38,URY,2
2022,m,22,DNK,15
2022,m,62,HUN,20
2022,f,6,UNKNOWN,4
2022,f,7,LKA,3
2022,f,21,TWN,5
2022,m,34,CRI,9
2022,m,28,BIH,12
2022,f,0,UNKNOWN,8
2022,f,47,MEX,11
2022,m,28,EGY,78
2022,m,47,DNK,57
2022,f,20,LTU,21
2022,m,39,SAU,8
2022,f,38,MEX,32
2022,f,5,GRC,3
2022,m,19,SYR,19
2022,f,42,SRB,10
2022,m,35,TJK,85
2022,m,44,ZAF,16
2022,f,34,ISR,9
2022,m,24,AFG,29
2022,f,65,LTU,17
2022,f,58,LVA,5
2022,m,79,IND,5
2022,m,3,DNK,6
2022,m,56,PRT,18
2022,f,59,PRT,8
2022,m,8,SVK,10
2022,f,6,ESP,11
2022,m,18,COG,2
2022,m,5,CAN,5
2022,f,98,UKR,9
2022,m,76,UNKNOWN,3
2022,m,70,TKM,1
2022,m,42,COG,9
2022,m,66,HUN,17
2022,f,21,SVK,17
2022,m,5,IRQ,4
2022,m,19,UNKNOWN,4
2022,m,74,AUS,5
2022,f,23,IRN,22
2022,f,31,VEN,10
2022,m,24,HTI,1
2022,m,26,FIN,24
2022,m,17,AZE,19
2022,f,75,NOR,1
2022,m,47,MUS,2
2022,m,35,ZWE,39
2022,f,26,SVK,43
2022,f,33,MAR,12
2022,f,11,VNM,75
2022,m,20,COD,8
2022,f,34,NPL,40
2022,f,29,UNKNOWN,9
2022,f,40,ERI,1
2022,f,32,COL,37
2022,m,10,PRT,6
2022,f,29,ZWE,68
2022,f,27,RWA,39
2022,m,23,ECU,17
2022,f,51,BRA,10
2022,f,47,YEM,3
2022,m,51,YUG,4
2022,m,30,ECU,3
2022,m,55,UNKNOWN,1
2022,m,23,LBY,8
2022,m,27,TWN,19
2022,f,74,LVA,1
2022,m,35,MNE,6
2022,f,47,MNG,23
2022,f,37,URY,2
2022,f,61,FIN,5
2022,m,3,CMR,5
2022,m,11,SDN,1
2022,m,32,SRB,71
2022,m,42,CAN,34
2022,f,81,FIN,3
2022,f,14,KGZ,3
2022,f,58,ROU,16
2022,f,33,TUN,9
2022,m,46,TUN,25
2022,m,50,EGY,36
2022,f,8,ZWE,1
2022,m,42,YEM,18
2022,f,21,AUT,8
2022,m,30,UGA,19
2022,m,34,NLD,81
2022,m,57,UGA,1
2022,f,21,CHL,1
2022,m,39,HUN,105
2022,m,62,ESP,38
2022,f,33,LVA,43
2022,m,40,KGZ,84
2022,f,21,PRT,31
2022,f,49,ARG,5
2022,f,61,ISL,1
2022,f,76,FRA,15
2022,f,0,TKM,5
2022,m,35,SDN,6
2022,m,28,VEN,20
2022,f,23,PER,8
2022,m,22,GRC,19
2022,m,48,IRL,50
2022,m,36,DNK,30
2022,m,87,ITA,13
2022,f,11,CUB,1
2022,f,58,PHL,5
2022,m,21,UNKNOWN,7
2022,m,89,SWE,11
2022,m,71,BEL,21
2022,f,53,HUN,14
2022,f,38,NGA,21
2022,m,31,TJK,85
2022,f,15,KAZ,17
2022,f,27,MNG,21
2022,m,35,ISR,24
2022,m,31,MLI,1
2022,f,48,SRB,10
2022,m,30,NOR,32
2022,m,1,KOR,8
2022,f,7,TJK,7
2022,m,86,AUT,5
2022,m,25,DJI,1
2022,f,36,THA,33
2022,m,19,RWA,11
2022,m,44,MNG,15
2022,m,55,SVK,39
2022,m,85,HUN,2
2022,m,63,CZE,41
2022,f,23,ISR,7
2022,m,21,BGD,22
2022,m,30,NLD,68
2022,m,38,PRY,1
2022,f,40,NOR,26
2022,m,44,YUG,7
2022,m,72,NOR,8
2022,m,65,BEL,30
2022,m,57,AZE,27
2022,f,25,DZA,12
2022,f,20,BGR,52
2022,m,26,THA,12
2022,m,59,THA,15
2022,m,46,SYR,26
2022,m,59,CHE,18
2022,m,14,SVN,1
2022,m,56,ARM,64
2022,f,36,LBY,3
2022,f,70,MNG,8
2022,m,3,BGR,70
2022,m,2,ARG,6
2022,f,42,UGA,4
2022,f,23,JPN,40
2022,f,40,JAM,1
2022,f,24,NOR,25
2022,f,2,USA,17
2022,m,44,ARG,13
2022,m,47,MEX,27
2022,m,10,COL,2
2022,m,71,IRN,2
2022,m,5,IRL,5
2022,m,54,ARG,3
2022,m,29,BOL,5
2022,m,6,FRA,18
2022,m,106,USA,8
2022,f,33,DNK,8
2022,f,30,TWN,26
2022,f,28,LBY,2
2022,m,50,KOSOVO,8
2022,f,6,GBR,18
2022,f,15,BOL,1
2022,f,40,GRC,10
2022,f,33,NLD,29
2022,f,50,SWE,48
2022,m,43,ISL,3
2022,m,25,GBR,58
2022,m,2,CHN,36
2022,m,8,LBN,1
2022,m,63,SRB,19
2022,f,23,NLD,34
2022,m,83,DNK,8
2022,f,25,BRA,41
2022,m,53,MLT,2
2022,f,15,TJK,2
2022,f,38,FRA,72
2022,m,10,SVK,8
2022,f,37,CIV,4
2022,m,46,ZWE,4
2022,m,9,HUN,9
2022,f,40,EST,9
2022,m,71,DNK,23
2022,m,49,LKA,8
2022,m,25,GRC,47
2022,f,72,GRC,4
2022,f,77,ROU,4
2022,m,17,CZE,11
2022,f,22,IRQ,5
2022,m,76,DNK,24
2022,f,24,ALB,15
2022,m,8,YEM,2
2022,m,55,ZWE,2
2022,m,62,SYR,12
2022,f,73,USA,29
2022,f,43,FIN,7
2022,m,44,IRQ,30
2022,f,39,AZE,21
2022,m,62,LUX,3
2022,f,45,IND,60
2022,f,21,KGZ,38
2022,f,27,NER,4
2022,m,38,KEN,16
2022,f,57,MYS,6
2022,f,42,GRC,23
2022,m,68,LBY,4
2022,f,20,DNK,8
2022,f,42,BEL,18
2022,f,22,JPN,23
2022,f,10,COL,6
2022,f,50,LTU,40
2022,f,5,ITA,13
2022,f,56,SVK,16
2022,m,55,DNK,64
2022,f,5,ETH,1
2022,m,31,GNB,1
2022,f,65,PRT,2
2022,f,6,KGZ,3
2022,m,74,TUR,10
2022,m,24,KWT,2
2022,f,31,LVA,30
2022,m,3,MNG,8
2022,m,38,ARG,19
2022,f,27,ZWE,102
2022,m,46,DNK,49
2022,m,56,MNG,9
2022,m,41,ISR,36
2022,m,44,CMR,17
2022,m,65,NOR,18
2022,f,27,MLI,1
2022,f,52,HUN,19
2022,m,52,NOR,23
2022,m,98,UKR,3
2022,f,22,CZE,20
2022,m,46,PER,7
2022,m,84,CHN,4
2022,f,14,UNKNOWN,12
2022,m,36,JOR,21
2022,m,43,KEN,13
2022,f,73,IRL,3
2022,f,17,ARM,15
2022,f,39,UNKNOWN,11
2022,m,43,TUN,57
2022,f,36,UNKNOWN,13
2022,m,79,SWE,43
2022,f,49,SVK,38
2022,f,101,UNKNOWN,10
2022,m,53,PHL,55
2022,m,23,NOR,29
2022,m,38,CAN,36
2022,m,42,JOR,18
2022,m,26,LKA,11
2022,m,43,BOL,4
2022,m,26,DNK,16
2022,m,37,KOSOVO,43
2022,m,46,GHA,4
2022,f,27,SVK,48
2022,m,24,IRL,20
2022,f,38,ALB,8
2022,f,44,ARM,50
2022,f,46,ZAF,8
2022,f,62,LTU,32
2022,m,66,EST,3
2022,m,36,AUT,59
2022,m,81,GRC,8
2022,m,97,BGR,3
2022,m,35,JPN,32
2022,m,3,HRV,4
2022,f,37,SWE,48
2022,m,24,SVK,46
2022,f,59,ZAF,3
2022,m,3,LBY,1
2022,m,3,DEU,23
2022,f,54,CHE,3
2022,f,63,HRV,1
2022,m,33,LBY,8
2022,f,21,IRL,19
2022,f,19,LVA,10
2022,f,52,URY,2
2022,m,19,MEX,6
2022,f,84,BLR,21
2022,m,19,ARM,22
2022,m,38,GHA,19
2022,f,80,LTU,7
2022,f,43,LBN,2
2022,f,122,UNKNOWN,5
2022,m,22,FIN,8
2022,f,56,PHL,7
2022,m,9,ARM,18
2022,f,39,COL,23
2022,f,48,ARG,7
2022,m,32,AUT,38
2022,f,45,DNK,10
2022,m,40,MNG,25
2022,m,28,ARG,21
2022,m,17,ITA,22
2022,f,41,KOSOVO,2
2022,m,79,AUT,18
2022,m,74,JPN,16
2022,f,64,ESP,8
2022,f,59,LVA,7
2022,m,49,UNKNOWN,11
2022,f,50,FIN,10
2022,m,42,BIH,23
2022,m,85,GRC,12
2022,m,48,ISR,42
2022,m,60,KWT,2
2022,m,34,SGP,8
2022,m,27,SVN,15
2022,f,34,CPV,1
2022,f,63,ROU,16
2022,m,32,ZAF,17
2022,m,40,BRA,66
2022,m,84,DZA,1
2022,f,26,AUT,21
2022,f,35,IDN,55
2022,m,21,NLD,31
2022,f,21,AGO,7
2022,m,49,LBY,10
2022,f,15,LUX,1
2022,m,35,BIH,27
2022,m,92,ITA,10
2022,f,23,PRT,40
2022,m,59,LTU,52
2022,f,27,SRB,14
2022,f,49,YEM,2
2022,m,29,COD,14
2022,f,66,JPN,7
2022,f,49,TUR,31
2022,f,32,NGA,37
2022,m,76,ESP,7
2022,m,26,ARE,2
2022,m,120,USA,2
2022,m,25,KEN,21
2022,m,42,FIN,19
2022,m,94,GRC,16
2022,f,5,AFG,14
2022,m,50,AFG,6
2022,m,39,SEN,10
2022,f,88,ARM,4
2022,m,63,ESP,33
2022,f,16,DNK,5
2022,f,26,PAN,1
2022,f,96,SWE,8
2022,f,5,AZE,18
2022,f,19,MOZ,9
2022,m,50,BRA,15
2022,f,20,GTM,3
2022,m,75,DNK,22
2022,m,34,KGZ,64
2022,m,97,ISR,2
2022,f,13,AZE,7
2022,f,30,HRV,18
2022,f,38,IRN,51
2022,f,21,AFG,16
2022,f,45,AFG,7
2022,f,34,TWN,17
2022,f,6,NOR,2
2022,f,42,ROU,99
2022,m,12,IRL,6
2022,f,24,MEX,24
2022,m,47,GIN,3
2022,f,27,BGD,17
2022,f,50,ARG,4
2022,m,61,SAU,4
2022,m,60,UNKNOWN,5
2022,f,28,THA,24
2022,f,75,AUT,29
2022,m,32,CMR,22
2022,f,22,DZA,6
2022,m,70,CHN,24
2022,m,31,VEN,20
2022,m,25,NLD,54
2022,m,66,SRB,8
2022,m,20,SVK,20
2022,m,32,AGO,17
2022,f,62,LVA,7
2022,f,23,NOR,25
2022,f,25,UNKNOWN,7
2022,m,30,SDN,2
2022,m,73,SVK,8
2022,f,26,CMR,12
2022,f,18,KGZ,12
2022,m,49,IRN,13
2022,m,11,IRL,8
2022,m,9,AZE,9
2022,f,24,SWZ,2
2022,f,34,COG,7
2022,m,66,IRL,17
2022,m,54,DNK,57
2022,f,11,USA,26
2022,f,8,AFG,7
2022,m,27,TJK,92
2022,f,42,UZB,30
2022,m,34,JOR,18
2022,f,45,ESP,44
2022,m,38,NLD,83
2022,f,58,TJK,2
2022,m,27,VEN,13
2022,f,56,DNK,17
2022,f,31,TUN,17
2022,f,88,UNKNOWN,4
2022,m,34,CAN,35
2022,m,57,MAR,4
2022,m,21,ECU,4
2022,f,34,JPN,38
2022,m,29,UNKNOWN,25
2022,m,67,SVK,12
2022,m,10,PAK,5
2022,f,67,CYP,1
2022,m,107,GRC,6
2022,m,26,ZMB,6
2022,m,86,UNKNOWN,10
2022,f,80,GRC,8
2022,m,99,SWE,4
2022,m,58,NPL,5
2022,f,27,CIV,2
2022,m,17,TUR,21
2022,f,41,MKD,7
2022,f,4,BGR,65
2022,m,45,AFG,8
2022,f,76,AUT,25
2022,m,83,CHE,3
2022,f,40,GTM,3
2022,f,29,AUS,8
2022,m,61,TUN,6
2022,f,56,HUN,8
2022,m,92,GRC,14
2022,f,4,CUB,3
2022,f,32,PAK,23
2022,f,28,HUN,37
2022,m,32,UNKNOWN,25
2022,f,108,RUS,4
2022,m,16,PAK,4
2022,f,35,IRL,11
2022,f,86,ITA,6
2022,f,30,PER,9
2022,m,39,CUB,15
2022,f,0,SDN,1
2022,m,47,NOR,28
2022,m,78,UNKNOWN,21
2022,m,71,UNKNOWN,78
2022,f,18,ROU,25
2022,m,69,FIN,16
2022,f,66,RUS,117
2022,f,23,COL,28
2022,f,38,CAN,16
2022,f,34,PER,11
2022,m,82,BLR,9
2022,f,32,KGZ,25
2022,m,61,PRT,22
2022,f,43,BGD,5
2022,f,51,CHE,6
2022,f,22,THA,10
2022,f,20,CMR,3
2022,f,107,SWE,4
2022,m,3,LKA,1
2022,f,51,IND,23
2022,f,70,FRA,26
2022,f,24,NER,4
2022,m,23,BRA,29
2022,m,46,SVN,14
2022,m,56,GRC,27
2022,m,70,IRN,2
2022,f,47,LVA,17
2022,m,19,KOR,41
2022,m,80,BLR,10
2022,m,42,DNK,38
2022,m,2,BDI,1
2022,f,46,UZB,20
2022,f,50,ISR,8
2022,m,37,ZAF,18
2022,m,74,USA,40
2022,f,51,AZE,9
2022,m,32,GHA,20
2022,f,74,IRQ,1
2022,m,54,VAT,1
2022,m,46,HND,1
2022,m,31,JOR,12
2022,f,39,SVN,6
2022,f,51,MNG,19
2022,m,14,PHL,2
2022,m,20,MEX,6
2022,m,11,JPN,21
2022,f,96,UKR,29
2022,f,66,AZE,2
2022,f,32,AFG,9
2022,f,67,GEO,14
2022,m,61,AUS,7
2022,f,28,MNG,18
2022,f,13,MNG,8
2022,f,39,NGA,16
2022,f,16,GEO,32
2022,m,41,DZA,36
2022,f,83,SYR,2
2022,f,27,EST,9
2022,f,27,CUB,6
2022,m,44,DZA,32
2022,f,58,TUR,10
2022,m,45,PRK,25
2022,m,38,NOR,36
2022,f,37,ALB,14
2022,m,46,TWN,14
2022,f,37,SEN,2
2022,f,24,TJK,23
2022,m,40,SGP,1
2022,m,88,HUN,1
2022,f,57,ARG,5
2022,f,53,CAN,6
2022,m,38,DNK,25
2022,m,42,LAO,7
2022,m,7,KGZ,3
2022,f,79,IRQ,1
2022,m,70,SYR,4
2022,m,80,JPN,5
2022,m,101,GRC,6
2022,f,35,EST,15
2022,m,23,IRL,9
2022,m,52,TUN,16
2022,m,39,EST,15
2022,m,33,JPN,42
2022,f,30,DNK,10
2022,m,82,GRC,17
2022,f,54,AZE,9
2022,m,29,THA,12
2022,m,14,ESP,16
2022,f,38,NPL,37
2022,f,27,SWE,30
2022,f,121,USA,1
2022,f,66,LVA,7
2022,f,4,DEU,33
2022,f,51,IRL,12
2022,m,36,HRV,33
2022,m,20,LBY,3
2022,m,16,TUR,28
2022,m,19,ESP,22
2022,f,55,AUS,6
2022,m,22,LBN,25
2022,m,13,USA,35
2022,m,82,UNKNOWN,18
2022,m,39,NOR,25
2022,f,23,TKM,24
2022,m,34,PER,21
2022,f,14,MDA,31
2022,f,45,HRV,17
2022,f,25,CRI,3
2022,f,17,SWE,12
2022,m,45,MNG,8
2022,m,12,JPN,15
2022,f,10,JOR,3
2022,m,20,KEN,11
2022,m,81,UNKNOWN,20
2022,m,28,LTU,75
2022,f,25,LUX,1
2022,f,82,ROU,1
2022,f,48,CHE,5
2022,f,64,CHN,37
2022,f,71,SVK,3
2022,f,41,TJK,4
2022,m,20,YEM,7
2022,f,65,SAU,2
2022,f,66,GRC,14
2022,m,88,IND,3
2022,f,12,IRL,4
2022,m,58,KAZ,13
2022,f,28,MCO,1
2022,f,13,MDA,33
2022,f,1,GBR,9
2022,f,115,UNKNOWN,3
2022,m,18,ESP,16
2022,m,91,UNKNOWN,11
2022,f,38,GRC,15
2022,m,61,BOL,1
2022,m,54,SVN,4
2022,m,42,AGO,4
2022,f,7,JPN,10
2022,m,49,COG,5
2022,f,17,LTU,14
2022,m,84,ITA,32
2022,f,114,BLR,2
2022,m,62,AZE,6
2022,f,110,CAN,1
2022,m,45,ZAF,14
2022,m,47,SYR,27
2022,m,13,TKM,1
2022,m,12,GRC,4
2022,m,59,SRB,32
2022,f,39,ESP,66
2022,f,19,MNG,14
2022,f,0,UNKNOWN,29
2022,m,100,UNKNOWN,3
2022,m,67,MKD,5
2022,m,68,KAZ,6
2022,m,48,TUN,11
2022,m,81,DNK,7
2022,m,23,SEN,1
2022,f,68,CHE,5
2022,f,25,LTU,51
2022,m,98,DEU,38
2022,f,38,PRY,2
2022,m,20,JPN,26
2022,m,31,SVK,76
2022,m,58,PRT,32
2022,m,7,NGA,4
2022,m,66,TWN,4
2022,m,9,BRA,6
2022,m,65,AUS,4
2022,f,11,SRB,4
2022,f,22,PHL,7
2022,m,10,IRQ,6
2022,f,9,USA,26
2022,f,88,VNM,7
2022,m,56,NPL,13
2022,f,48,TUN,2
2022,m,43,CUB,15
2022,m,73,CHE,10
2022,m,67,LVA,7
2022,m,8,PHL,5
2022,m,20,NER,5
2022,f,8,NLD,14
2022,m,23,UGA,8
2022,m,21,TKM,21
2022,m,26,IRQ,42
2022,f,82,BIH,1
2022,m,43,NOR,36
2022,m,18,MOZ,1
2022,m,3,KAZ,6
2022,f,13,LBY,4
2022,m,51,SRB,64
2022,m,12,ESP,21
2022,m,60,PAK,6
2022,m,111,FRA,3
2022,m,50,ISL,4
2022,f,13,IDN,2
2022,m,85,NLD,7
2022,m,21,HUN,15
2022,f,27,TJK,13
2022,m,40,COL,59
2022,m,87,BEL,7
2022,m,56,ZAF,5
2022,f,34,SAU,12
2022,f,12,GEO,55
2022,m,24,YEM,11
2022,f,43,MEX,18
2022,m,53,PRT,37
2022,f,21,AZE,20
2022,f,5,UZB,13
2022,m,10,DEU,34
2022,f,12,IDN,2
2022,f,47,BEL,13
2022,f,85,UNKNOWN,7
2022,m,34,IRL,37
2022,m,28,AGO,16
2022,f,39,GRC,16
2022,f,73,NLD,9
2022,m,53,IRQ,12
2022,f,94,SWE,11
2022,f,33,LBN,5
2022,f,56,EST,3
2022,f,4,FRA,22
2022,f,52,JPN,39
2022,f,68,AUS,2
2022,f,32,SAU,29
2022,m,77,JPN,8
2022,m,60,IND,42
2022,f,42,PNG,1
2022,f,63,SWE,72
2022,m,31,TUN,93
2022,m,18,NLD,13
2022,m,48,GHA,4
2022,f,93,GBR,2
2022,m,29,GTM,7
2022,m,31,UNKNOWN,19
2022,m,31,KAZ,122
2022,m,25,URY,1
2022,f,27,IRL,10
2022,m,55,YUG,6
2022,m,48,PRT,47
2022,f,23,THA,21
2022,f,37,NGA,20
2022,f,106,SWE,4
2022,f,65,FRA,21
2022,m,42,MUS,6
2022,f,0,SWE,5
2022,f,40,LVA,37
2022,m,20,MNG,10
2022,m,8,ZWE,3
2022,m,59,TUN,6
2022,m,60,JOR,3
2022,m,59,KAZ,6
2022,f,63,UNKNOWN,11
2022,f,24,YEM,3
2022,m,90,VNM,6
2022,m,81,CAN,6
2022,m,56,FIN,18
2022,m,25,SVK,46
2022,m,46,YUG,5
2022,f,24,NPL,41
2022,m,14,AZE,10
2022,f,40,BIH,4
2022,m,91,UKR,22
2022,m,48,SVN,11
2022,m,29,CUB,13
2022,m,64,NOR,17
2022,f,29,TWN,13
2022,m,62,PRT,16
2022,m,60,IRQ,22
2022,m,34,SEN,3
2022,m,65,MAR,1
2022,f,29,NER,5
2022,m,51,CAN,25
2022,f,31,MUS,2
2022,m,77,IND,3
2022,m,63,PHL,1
2022,f,48,AZE,11
2022,f,34,CUB,10
2022,f,7,AFG,4
2022,f,44,GRC,17
2022,f,55,FIN,8
2022,m,54,MAR,7
2022,f,58,GBR,34
2022,m,48,BIH,12
2022,m,23,JOR,30
2022,m,70,AUS,3
2022,f,41,UNKNOWN,18
2022,m,49,ZWE,7
2022,m,4,IRN,7
2022,f,19,LTU,17
2022,m,86,CHN,3
2022,f,73,ISR,4
2022,f,27,GRC,30
2022,m,23,FIN,10
2022,f,58,BEL,14
2022,m,20,SDN,7
2022,f,44,IRL,19
2022,m,39,VEN,13
2022,f,4,ARG,5
2022,m,49,LVA,72
2022,f,41,LBY,2
2022,m,49,CAN,22
2022,m,49,NOR,34
2022,m,16,FRA,40
2022,m,69,ISR,15
2022,m,42,SEN,2
2022,f,22,BEL,12
2022,m,23,DNK,17
2022,m,27,PER,18
2022,f,14,MKD,1
2022,f,47,GRC,3
2022,f,76,VNM,21
2022,f,1,AFG,10
2022,m,40,IRQ,39
2022,m,32,TZA,9
2022,m,5,HRV,1
2022,m,53,MNG,7
2022,m,24,MLI,5
2022,m,17,UNKNOWN,13
2022,f,0,ZWE,12
2022,m,73,JPN,21
2022,m,38,MEX,55
2022,m,54,THA,21
2022,m,17,FIN,7
2022,f,8,BRA,18
2022,f,50,BRA,13
2022,f,71,ALB,2
2022,f,68,HUN,14
2022,m,52,CHE,21
2022,f,53,SVN,2
2022,f,37,PER,7
2022,m,61,LBN,5
2022,m,83,RUS,18
2022,f,0,UZB,7
2022,f,78,CAN,3
2022,m,20,TUN,9
2022,f,17,AUS,3
2022,f,57,MKD,2
2022,m,20,SVN,5
2022,m,62,UNKNOWN,10
2022,f,24,IRQ,4
2022,m,59,SVK,32
2022,m,79,DNK,18
2022,f,24,BRA,29
2022,f,63,NOR,9
2022,m,40,EGY,96
2022,m,90,RUS,7
2022,f,29,AZE,89
2022,m,53,CHL,3
2022,m,70,MLT,2
2022,f,29,BGD,21
2022,f,31,IRL,5
2022,m,58,TZA,2
2022,f,4,MNE,2
2022,m,8,JPN,20
2022,m,31,PER,10
2022,m,87,CAN,4
2022,f,9,GBR,21
2022,m,76,GRC,12
2022,m,21,MEX,17
2022,f,26,AGO,8
2022,f,32,ZWE,52
2022,f,91,USA,2
2022,f,27,SAU,26
2022,m,54,JOR,10
2022,f,8,CAN,4
2022,m,21,SVK,16
2022,m,18,MNG,6
2022,m,96,YUG,1
2022,m,16,USA,33
2022,f,3,GBR,17
2022,m,6,JPN,15
2022,m,61,TKM,3
2022,m,33,ZAF,20
2022,m,4,AFG,11
2022,f,1,AGO,1
2022,m,56,BGD,2
2022,f,23,TWN,17
2022,m,59,IRN,12
2022,f,52,ARM,31
2022,m,22,KOSOVO,34
2022,m,8,ALB,2
2022,f,55,HUN,11
2022,m,38,CHE,15
2022,f,5,ARM,20
2022,f,106,RUS,1
2022,f,65,TUR,7
2022,m,2,SVK,12
2022,f,32,MKD,5
2022,f,78,UNKNOWN,5
2022,f,82,UNKNOWN,27
2022,m,80,USA,19
2022,m,27,BEL,30
2022,f,53,LTU,49
2022,m,55,MKD,8
2022,f,44,SOM,1
2022,m,57,TUR,114
2022,m,48,RWA,1
2022,f,28,MKD,3
2022,m,117,GRC,4
2022,f,46,COL,15
2022,m,31,UGA,11
2022,m,9,AGO,2
2022,f,15,LKA,1
2022,m,11,ISR,4
2022,f,64,UNKNOWN,15
2022,f,24,EGY,18
2022,m,52,SRB,66
2022,f,27,MKD,5
2022,m,67,DNK,25
2022,f,111,GRC,1
2022,m,75,SYR,9
2022,m,84,SWE,22
2022,m,7,SVK,12
2022,m,68,KGZ,1
2022,f,79,HUN,5
2022,f,57,CHN,69
2022,f,27,JOR,11
2022,m,41,UGA,2
2022,f,29,AFG,11
2022,f,53,DNK,16
2022,f,77,BGR,13
2022,m,56,CUB,4
2022,f,33,GHA,5
2022,f,108,USA,3
2022,f,54,LTU,39
2022,m,69,LTU,7
2022,m,58,HRV,13
2022,f,118,UNKNOWN,2
2022,f,65,IND,15
2022,m,67,SYR,7
2022,m,22,HUN,26
2022,m,40,LBN,11
2022,f,22,FIN,12
2022,m,33,EST,17
2022,f,74,KAZ,6
2022,f,52,BEL,14
2022,f,99,DEU,27
2022,f,15,GRC,3
2022,f,22,SVK,17
2022,m,68,HUN,16
2022,m,28,NAM,3
2022,f,80,ALB,2
2022,f,30,IRQ,10
2022,m,8,AUT,6
2022,m,39,BOL,5
2022,m,24,GRC,29
2022,m,99,UNKNOWN,8
2022,f,70,UNKNOWN,10
2022,f,26,THA,18
2022,m,30,CHE,13
2022,f,20,ZMB,2
2022,m,0,SAU,2
2022,f,21,GBR,16
2022,f,15,BRA,11
2022,m,27,AUS,11
2022,f,75,GRC,3
2022,m,6,YEM,1
2022,m,33,PER,12
2022,m,32,BIH,17
2022,m,55,ESP,71
2022,f,133,UNKNOWN,2
2022,f,26,MYS,8
2022,f,53,KOR,45
2022,f,48,BGD,2
2022,f,15,CHN,37
2022,m,8,CAN,4
2022,m,22,SVN,2
2022,m,22,EGY,34
2022,f,40,SGP,5
2022,m,110,USA,5
2022,m,15,COL,2
2022,f,14,EGY,5
2022,f,34,CIV,2
2022,f,26,AFG,15
2022,m,12,NOR,5
2022,m,30,BOL,5
2022,f,56,CHE,5
2022,f,85,VNM,13
2022,f,33,FIN,28
2022,m,35,RWA,8
2022,m,62,CHE,19
2022,m,70,JOR,4
2022,m,42,CUB,14
2022,f,29,MAR,22
2022,m,33,PRK,2
2022,f,5,ISR,7
2022,m,73,CAN,10
2022,m,48,ZWE,7
2022,f,46,SUR,1
2022,m,104,DEU,10
2022,m,89,ITA,9
2022,m,25,BOL,3
2022,f,14,ITA,25
2022,m,74,CHE,7
2022,m,82,SWE,25
2022,f,4,NLD,11
2022,m,9,FRA,30
2022,f,54,BEL,14
2022,m,91,DEU,78
2022,m,97,FRA,4
2022,m,12,CRI,3
2022,f,74,TUR,3
2022,f,65,NZL,1
2022,m,93,HUN,1
2022,f,45,TWN,10
2022,m,74,VNM,26
2022,f,61,GEO,60
2022,f,90,UNKNOWN,15
2022,f,29,GHA,8
2022,f,50,AUT,53
2022,f,5,KAZ,12
2022,m,34,CHE,16
2022,m,13,CHE,3
2022,m,38,OMN,1
2022,f,41,SUR,3
2022,f,29,THA,32
2022,f,66,EGY,2
2022,f,69,UNKNOWN,10
2022,m,15,ESP,15
2022,m,99,CAN,1
2022,m,4,NLD,8
2022,m,49,SRB,57
2022,m,71,PRT,4
2022,f,65,VNM,59
2022,m,63,KOR,50
2022,f,34,PRK,33
2022,m,60,BRA,3
2022,f,35,NOR,12
2022,m,65,KOR,31
2022,f,47,EST,6
2022,f,13,SVK,11
2022,f,36,SVK,53
2022,m,59,DNK,59
2022,m,42,UNKNOWN,17
2022,f,8,KAZ,12
2022,m,45,YEM,8
2022,m,33,HRV,41
2022,f,34,CMR,12
2022,f,20,MOZ,9
2022,m,57,ISR,20
2022,f,12,ITA,16
2022,f,23,EST,10
2022,m,60,DZA,11
2022,m,17,MEX,4
2022,f,14,BRA,7
2022,m,90,ITA,10
2022,f,6,CRI,1
2022,f,20,HUN,10
2022,m,71,MDA,11
2022,f,68,CHN,34
2022,m,66,CHE,11
2022,m,53,GIN,2
2022,m,23,KWT,2
2022,m,44,EGY,67
2022,f,109,UNKNOWN,2
2022,m,33,BIH,16
2022,f,25,TUN,16
2022,f,48,SVN,4
2022,f,80,SRB,1
2022,m,46,ALB,28
2022,m,73,VNM,21
2022,m,14,KOR,66
2022,f,64,THA,4
2022,f,31,SDN,2
2022,f,41,ZAF,9
2022,m,29,YEM,14
2022,m,19,MOZ,4
2022,m,66,ROU,24
2022,m,63,DZA,9
2022,m,67,IRQ,6
2022,m,29,OMN,2
2022,f,24,ZMB,3
2022,m,22,AFG,20
2022,m,51,ZAF,12
2022,f,90,BRA,1
2022,m,61,GRC,31
2022,m,36,TZA,7
2022,f,38,YEM,1
2022,m,58,COG,3
2022,f,89,RUS,24
2022,m,28,GHA,17
2022,f,31,NER,4
2022,f,92,BLR,8
2022,f,59,LTU,22
2022,m,36,GMB,12
2022,f,13,COD,1
2022,f,20,GBR,18
2022,f,53,IRL,8
2022,m,3,THA,2
2022,m,47,ZAF,15
2022,f,21,MNE,4
2022,f,15,FRA,35
2022,f,30,AGO,13
2022,m,50,CAN,17
2022,f,41,ZWE,26
2022,f,2,EGY,14
2022,f,37,HRV,21
2022,f,20,IRN,9
2022,m,46,AUS,16
2022,f,40,TGO,1
2022,f,25,COM,2
2022,m,49,TJK,21
2022,f,40,PAK,11
2022,m,31,BEL,39
2022,f,97,BLR,2
2022,f,28,AGO,10
2022,f,5,DEU,39
2022,f,26,KOR,81
2022,m,56,TUN,11
2022,f,85,CHN,7
2022,m,63,THA,13
2022,m,70,DZA,7
2022,f,59,BEL,9
2022,f,14,NLD,14
2022,f,48,MEX,7
2022,m,87,GRC,13
2022,m,38,BRA,80
2022,m,81,CZE,3
2022,m,48,MNG,19
2022,f,28,PAK,24
2022,m,2,MNG,8
2022,f,67,ARG,2
2022,f,21,PHL,7
2022,f,51,EST,3
2022,m,60,HRV,8
2022,m,70,IND,22
2022,f,30,ISR,8
2022,m,85,SYR,4
2022,f,49,IRL,17
2022,f,76,GBR,13
2022,m,100,ISR,1
2022,f,92,RUS,12
2022,f,41,AGO,5
2022,f,28,ZAF,11
2022,m,4,ISL,1
2022,m,2,UNKNOWN,17
2022,m,67,MNE,1
2022,m,55,NOR,27
2022,f,26,CRI,3
2022,m,28,BEL,32
2022,f,7,ITA,15
2022,m,76,NOR,21
2022,m,5,TZA,1
2022,m,6,PRT,7
2022,m,33,JOR,29
2022,m,0,GRC,5
2022,m,41,COD,4
2022,f,29,JOR,8
2022,f,70,THA,2
2022,m,28,YEM,9
2022,f,42,MKD,6
2022,m,39,HRV,31
2022,f,34,KGZ,26
2022,m,25,NAM,3
2022,m,92,BLR,2
2022,f,62,DNK,23
2022,m,50,MNG,16
2022,f,49,GRC,11
2022,f,34,AGO,7
2022,m,36,TWN,19
2022,m,2,UNKNOWN,3
2022,f,10,NLD,9
2022,f,29,ETH,24
2022,f,15,NLD,17
2022,f,10,MKD,1
2022,f,27,IRQ,7
2022,f,98,RUS,8
2022,m,33,ARG,28
2022,m,68,KOR,20
2022,f,0,ITA,7
2022,f,35,RWA,8
2022,m,33,UNKNOWN,19
2022,f,67,TUR,4
2022,m,3,SWE,5
2022,f,76,GRC,3
2022,m,65,GEO,79
2022,m,1,LBY,2
2022,f,36,TJK,7
2022,f,30,IDN,70
2022,f,70,NOR,3
2022,m,40,GRC,58
2022,m,81,JOR,1
2022,m,74,DNK,21
2022,f,42,KGZ,13
2022,f,9,TJK,9
2022,m,54,NGA,13
2022,m,44,CUB,11
2022,f,108,DEU,11
2022,m,10,MEX,2
2022,f,5,ZWE,2
2022,m,28,HND,3
2022,m,22,ZAF,18
2022,f,26,ISR,7
2022,f,34,SVN,6
2022,m,27,AUT,28
2022,m,3,CHN,49
2022,f,35,TWN,21
2022,m,26,MUS,3
2022,m,30,HRV,23
2022,m,25,SAU,4
2022,m,19,CZE,11
2022,f,1,TZA,1
2022,f,31,RWA,17
2022,f,35,FIN,17
2022,f,67,SVK,10
2022,f,9,LTU,14
2022,m,40,NOR,41
2022,m,77,ESP,6
2022,m,65,IRL,14
2022,f,34,BDI,1
2022,m,32,LBN,23
2022,m,16,AUS,4
2022,m,34,BEL,37
2022,m,26,PRK,1
2022,f,83,UNKNOWN,31
2022,m,66,BRA,1
2022,m,28,HRV,21
2022,m,80,VNM,17
2022,f,45,BRA,17
2022,m,68,YUG,7
2022,m,53,SRB,41
2022,f,22,PRT,43
2022,m,97,GBR,2
2022,m,9,IRQ,10
2022,m,28,SOM,8
2022,f,15,TWN,1
2022,f,43,AUT,45
2022,m,93,ITA,6
2022,f,63,ITA,10
2022,m,34,ZAF,11
2022,f,36,SWE,33
2022,m,64,THA,7
2022,m,63,LBY,10
2022,f,21,LBY,6
2022,m,19,ALB,3
2022,f,44,CHE,2
2022,m,70,ESP,6
2022,f,100,SWE,6
2022,m,51,TKM,12
2022,f,53,UZB,8
2022,f,20,BGD,7
2022,f,31,ARG,8
2022,m,95,DZA,1
2022,f,62,NOR,7
2022,f,22,COD,10
2022,f,66,PHL,5
2022,f,30,UZB,38
2022,f,80,VNM,21
2022,f,63,AZE,3
2022,f,65,URY,1
2022,f,1,ISL,3
2022,f,64,IND,15
2022,f,5,IRN,6
2022,f,57,ETH,1
2022,f,1,SRB,4
2022,m,22,HRV,7
2022,m,11,HRV,6
2022,m,45,SYR,35
2022,f,31,PRT,33
2022,f,28,JOR,9
2022,f,40,IRL,11
2022,f,13,ISR,10
2022,f,10,BIH,1
2022,f,63,GEO,42
2022,f,38,TUN,4
2022,m,34,KOSOVO,33
2022,m,30,UNKNOWN,1
2022,f,16,TJK,8
2022,m,26,CAN,17
2022,m,72,ISR,11
2022,f,30,FIN,22
2022,m,37,NZL,6
2022,m,89,UNKNOWN,5
2022,m,69,DZA,11
2022,m,62,IRN,5
2022,f,35,AGO,2
2022,m,17,BIH,1
2022,f,14,TWN,2
2022,m,43,KOSOVO,26
2022,f,77,LTU,9
2022,f,12,GBR,16
2022,f,40,EGY,13
2022,f,34,TZA,4
2022,m,44,ECU,3
2022,f,54,CAN,10
2022,f,21,ARM,21
2022,f,68,GRC,10
2022,m,79,JPN,4
2022,f,51,ESP,33
2022,f,60,MYS,3
2022,f,25,HRV,18
2022,f,36,DZA,6
2022,m,18,ARM,20
2022,m,28,DZA,60
2022,m,37,NIC,1
2022,f,45,HUN,22
2022,f,43,YEM,5
2022,m,79,CHN,9
2022,m,45,MEX,42
2022,f,55,BEL,15
2022,f,56,ESP,22
2022,f,86,BGR,2
2022,f,54,MYS,4
2022,f,58,DZA,2
2022,m,27,JPN,20
2022,m,67,MYS,2
2022,m,16,IRQ,7
2022,m,18,FIN,8
2022,m,66,CZE,37
2022,m,9,UZB,5
2022,f,8,NPL,2
2022,m,50,BIH,18
2022,f,6,BRA,14
2022,m,11,YEM,2
2022,f,73,SYR,5
2022,f,2,PHL,14
2022,m,10,SVN,3
2022,m,84,BGR,4
2022,m,55,BIH,21
2022,f,46,TUR,42
2022,m,47,SAU,5
2022,m,31,CHE,13
2022,m,34,GHA,18
2022,m,28,OMN,10
2022,f,21,CMR,1
2022,m,47,MLT,2
2022,m,42,MAR,26
2022,f,42,NOR,35
2022,f,48,TWN,6
2022,m,54,TKM,6
2022,f,3,JPN,7
2022,f,15,ESP,17
2022,m,19,NPL,10
2022,f,37,LKA,5
2022,f,5,PAK,7
2022,m,48,MAR,12
2022,m,12,COL,3
2022,m,83,CAN,4
2022,m,29,ETH,82
2022,f,48,KGZ,18
2022,m,1,PRT,5
2022,m,43,MNG,24
2022,f,32,AUT,29
2022,m,55,SVN,6
2022,m,11,SYR,12
2022,f,47,NPL,19
2022,f,75,VNM,23
2022,m,30,CAN,21
2022,m,25,COD,9
2022,f,17,ETH,1
2022,m,29,PER,16
2022,m,8,KAZ,11
2022,m,30,COM,3
2022,m,36,THA,21
2022,m,50,LBY,6
2022,f,44,TUN,3
2022,m,51,BIH,15
2022,f,65,ISR,4
2022,f,42,ZAF,12
2022,m,5,SWE,11
2022,m,1,ESP,8
2022,f,27,PAN,2
2022,m,25,ECU,6
2022,m,83,BGR,8
2022,f,48,SLE,2
2022,m,25,TUN,35
2022,m,44,KOSOVO,17
2022,f,46,ITA,38
2022,f,46,SVK,46
2022,f,87,MNG,2
2022,m,76,IRN,2
2022,f,36,YEM,6
2022,m,74,IND,5
2022,f,36,LVA,44
2022,f,57,ROU,21
2022,f,61,UNKNOWN,12
2022,m,38,PAN,1
2022,m,67,HRV,4
2022,m,31,SRB,66
2022,m,43,UNKNOWN,13
2022,f,0,PHL,10
2022,m,75,BLR,30
2022,f,24,MKD,4
2022,f,19,BGD,3
2022,f,60,KOR,23
2022,f,72,KAZ,4
2022,f,8,LBN,1
2022,m,24,HUN,50
2022,f,45,KGZ,11
2022,m,46,COM,1
2022,m,107,DEU,6
2022,f,53,AZE,12
2022,m,79,AFG,2
2022,m,39,ALB,43
2022,m,18,IDN,5
2022,m,30,VAT,3
2022,f,37,KHM,1
2022,f,33,LBY,4
2022,m,35,MEX,62
2022,f,38,BEL,11
2022,f,21,THA,12
2022,f,9,KAZ,12
2022,f,54,KGZ,7
2022,m,26,BOL,8
2022,m,35,CIV,3
2022,m,57,KOSOVO,7
2022,f,39,EST,10
2022,m,53,YEM,10
2022,f,29,RWA,13
2022,f,49,CHE,5
2022,f,31,NPL,65
2022,f,30,BDI,1
2022,m,31,KEN,38
2022,m,40,AGO,8
2022,m,57,IRN,8
2022,m,40,UNKNOWN,14
2022,f,43,PAK,10
2022,f,26,MNE,4
2022,m,2,LKA,1
2022,f,28,DNK,22
2022,f,58,LTU,30
2022,m,58,SYR,27
2022,m,71,TUR,16
2022,f,16,PER,3
2022,f,20,NZL,2
2022,m,18,VEN,3
2022,f,8,VNM,89
2022,f,77,VNM,18
2022,f,2,LTU,10
2022,m,25,IRL,16
2022,m,36,MUS,8
2022,m,37,DNK,21
2022,m,52,PRT,39
2022,f,21,COD,5
2022,m,52,SYC,1
2022,m,18,ETH,1
2022,f,57,AZE,6
2022,m,27,SGP,4
2022,m,75,HRV,3
2022,m,8,TJK,8
2022,f,54,VEN,3
2022,f,53,CHL,1
2022,m,37,HRV,20
2022,m,22,MLT,4
2022,f,23,DNK,15
2022,f,57,BEL,8
2022,f,21,NAM,2
2022,m,66,MEX,1
2022,m,53,DZA,19
2022,m,25,GTM,12
2022,f,22,ALB,19
2022,f,1,NLD,8
2022,m,91,GBR,4
2022,m,6,CZE,11
2022,f,34,SYR,14
2022,f,7,LBY,1
2022,f,65,KOR,12
2022,f,11,ESP,18
2022,m,98,GRC,14
2022,m,20,CZE,13
2022,m,72,SYR,3
2022,m,67,LUX,2
2022,f,14,MNG,3
2022,f,56,FIN,11
2022,f,26,DZA,8
2022,f,4,GRC,11
2022,f,60,MNG,8
2022,f,21,NGA,23
2022,f,29,ISR,6
2022,m,6,SWE,7
2022,m,43,LAO,7
2022,f,45,MAR,3
2022,m,14,AUS,4
2022,m,88,ARM,4
2022,m,25,MNG,26
2022,f,33,SAU,11
2022,f,43,TWN,12
2022,f,67,UNKNOWN,14
2022,m,43,MKD,14
2022,m,23,JPN,26
2022,f,11,DNK,2
2022,f,99,GRC,6
2022,m,40,CMR,22
2022,m,42,MLT,7
2022,m,43,GHA,8
2022,f,19,NLD,26
2022,f,84,ROU,2
2022,f,59,MEX,2
2022,m,28,LBY,11
2022,m,74,IRN,4
2022,m,51,EST,13
2022,f,47,LKA,5
2022,m,90,ROU,2
2022,f,23,TZA,13
2022,m,4,PRT,5
2022,f,52,ZAF,8
2022,m,25,EGY,73
2022,f,59,SVK,14
2022,f,65,MAR,2
2022,m,36,LBN,19
2022,f,62,ESP,6
2022,f,71,BGR,18
2022,f,23,SYR,9
2022,f,59,IRQ,1
2022,m,6,AZE,14
2022,m,1,PAK,9
2022,m,64,NGA,4
2022,m,0,YEM,2
2022,m,21,VEN,10
2022,f,38,PRK,6
2022,m,124,UNKNOWN,2
2022,f,69,NLD,12
2022,m,41,LBN,20
2022,f,59,UNKNOWN,7
2022,m,11,PAK,6
2022,f,28,IRL,12
2022,f,44,IRN,13
2022,f,88,SWE,17
2022,m,24,TZA,4
2022,m,30,IRQ,44
2022,m,92,UNKNOWN,10
2022,m,44,GIN,5
2022,f,30,NOR,19
2022,f,25,SDN,3
2022,f,36,BEL,11
2022,m,64,AZE,8
2022,m,69,CAN,23
2022,m,66,MLT,2
2022,m,21,IRL,10
2022,f,38,SGP,2
2022,m,57,CHE,25
2022,m,4,JPN,8
2022,m,67,IDN,4
2022,m,22,CYP,2
2022,m,29,ECU,4
2022,f,86,BLR,15
2022,m,57,COL,4
2022,m,49,ZAF,9
2022,m,53,BOL,2
2022,m,34,MNE,6
2022,f,59,NLD,12
2022,m,61,EST,4
2022,f,18,BGD,1
2022,f,7,PAK,7
2022,m,56,BRA,8
2022,f,37,THA,35
2022,m,29,AGO,14
2022,m,67,JOR,4
2022,m,44,RWA,2
2022,f,40,COD,2
2022,m,81,YUG,1
2022,f,79,CZE,2
2022,f,39,VEN,5
2022,f,1,BRA,11
2022,m,98,ISR,1
2022,f,57,PER,4
2022,m,8,BIH,3
2022,m,22,AGO,5
2022,f,22,PRK,2
2022,f,70,GRC,8
2022,f,23,IRL,18
2022,f,52,AUS,11
2022,m,48,NZL,5
2022,f,93,YUG,1
2022,m,25,SWE,29
2022,m,24,THA,11
2022,f,20,MMR,6
2022,m,50,AUS,13
2022,f,11,ARM,20
2022,f,15,MDA,22
2022,m,9,AFG,11
2022,m,38,RWA,9
2022,f,32,LBY,7
2022,f,67,MNG,12
2022,f,78,CHN,5
2022,m,49,AUS,18
2022,f,19,BEL,10
2022,m,25,LUX,1
2022,m,26,NIC,1
2022,m,4,UNKNOWN,12
2022,m,11,UZB,5
2022,f,11,SVN,2
2022,f,6,HUN,7
2022,m,37,GHA,12
2022,m,52,TJK,12
2022,m,63,ISR,12
2022,m,85,SWE,17
2022,f,5,SVK,5
2022,f,24,SGP,5
2022,m,70,BLR,70
2022,f,9,CAN,5
2022,m,59,ECU,1
2022,f,48,LVA,22
2022,m,60,DNK,59
2022,m,69,BEL,25
2022,f,25,SVN,10
2022,m,56,COL,7
2022,m,34,JPN,42
2022,m,48,IRQ,20
2022,m,28,SDN,3
2022,m,52,PAK,25
2022,m,24,PSE,7
2022,m,84,FIN,3
2022,m,38,URY,2
2022,m,30,NAM,1
2022,m,30,RWA,32
2022,f,20,KGZ,29
2022,m,71,CAN,17
2022,f,31,MEX,41
2022,m,53,ISL,4
2022,f,27,MYS,14
2022,m,24,MOZ,9
2022,m,67,IND,16
2022,f,113,UNKNOWN,2
2022,f,64,FRA,26
2022,m,13,ROU,51
2022,m,22,NER,6
2022,m,42,GMB,10
2022,m,61,NOR,18
2022,f,52,CAN,13
2022,m,27,LBY,7
2022,m,54,BRA,9
2022,f,2,JPN,8
2022,m,58,LUX,2
2022,m,78,VNM,8
2022,f,44,CAN,15
2022,f,36,JPN,36
2022,m,39,GTM,6
2022,f,61,ITA,16
2022,f,70,IRQ,3
2022,m,78,MNG,1
2022,f,28,SYR,12
2022,f,33,THA,23
2022,m,54,UNKNOWN,7
2022,m,12,AZE,6
2022,f,66,ARM,36
2022,f,107,ITA,2
2022,f,5,MNG,3
2022,m,29,LKA,19
2022,m,42,MNG,17
2022,f,9,ZAF,3
2022,f,17,NZL,1
2022,f,29,YUG,1
2022,f,22,KOSOVO,8
2022,m,98,CAN,1
2022,f,47,TUR,27
2022,f,64,BRA,4
2022,m,32,SVN,12
2022,m,19,ARG,1
2022,m,30,COD,10
2022,f,39,BEL,17
2022,f,68,LTU,17
2022,m,102,USA,6
2022,f,72,UNKNOWN,7
2022,m,34,GTM,9
2022,f,17,TUR,14
2022,m,23,PRY,4
2022,m,55,AGO,1
2022,m,74,SYR,3
2022,f,18,SLV,1
2022,f,39,MEX,17
2022,f,39,LSO,2
2022,f,17,KGZ,3
2022,m,77,AUS,4
2022,m,56,LBY,13
2022,f,67,HUN,10
2022,m,13,YEM,2
2022,m,42,CMR,13
2022,f,89,GRC,9
2022,m,71,HRV,10
2022,f,75,HRV,1
2022,m,77,RUS,23
2022,f,35,CMR,6
2022,m,44,SAU,2
2022,f,9,AGO,1
2022,m,4,EST,2
2022,f,84,UNKNOWN,6
2022,m,53,LKA,6
2022,m,22,ALB,21
2022,f,71,NLD,8
2022,m,25,NER,5
2022,m,26,PNG,3
2022,f,29,PAK,25
2022,m,50,CYP,5
2022,f,39,ISR,13
2022,f,33,CRI,5
2022,f,13,LVA,5
2022,m,77,GBR,46
2022,f,56,PAK,2
2022,f,36,NGA,29
2022,f,51,SVK,22
2022,m,27,NER,10
2022,m,49,GRD,1
2022,m,20,CAN,8
2022,m,40,MYS,5
2022,f,38,FIN,17
2022,m,50,HRV,27
2022,m,71,BRA,3
2022,f,47,TKM,10
2022,f,27,SYR,15
2022,m,27,SAU,31
2022,m,2,USA,21
2022,f,95,SWE,6
2022,m,6,ISR,8
2022,m,57,SRB,28
2022,m,77,IRQ,4
2022,m,49,SAU,2
2022,f,20,SYR,8
2022,f,9,LVA,4
2022,f,46,TWN,3
2022,m,50,SVN,15
2022,f,4,AZE,18
2022,m,51,HUN,46
2022,f,73,GBR,25
2022,f,15,KWT,1
2022,m,19,NER,4
2022,f,33,SVN,11
2022,m,56,TWN,5
2022,m,49,PRK,31
2022,m,69,VEN,4
2022,f,38,CHL,6
2022,m,61,SVK,21
2022,m,57,CAN,23
2022,f,96,GRC,7
2022,m,44,PER,9
2022,m,39,NER,5
2022,m,21,CHE,3
2022,m,44,CAN,24
2022,m,63,UNKNOWN,15
2022,m,27,MKD,8
2022,m,55,NGA,9
2022,m,75,NOR,4
2022,m,16,AZE,4
2022,f,63,CAN,10
2022,m,88,VNM,6
2022,f,42,TKM,10
2022,f,32,SYR,13
2022,m,52,ISR,28
2022,m,36,ARG,38
2022,f,20,UGA,4
2022,f,31,EGY,24
2022,f,66,UNKNOWN,12
2022,m,33,HND,3
2022,m,12,GBR,21
2022,m,19,LVA,14
2022,f,69,USA,39
2022,f,65,MEX,4
2022,m,70,ROU,11
2022,m,16,EGY,7
2022,f,2,TJK,5
2022,f,98,UNKNOWN,11
2022,m,64,LVA,11
2022,f,74,IND,10
2022,f,76,GEO,2
2022,f,25,FIN,17
2022,m,40,HRV,33
2022,f,33,CHE,3
2022,m,64,IND,19
2022,m,57,SVN,5
2022,f,6,FIN,3
2022,f,20,SVK,10
2022,f,18,SVK,2
2022,f,7,BGR,53
2022,f,4,PRT,6
2022,f,73,CZE,17
2022,m,57,HRV,11
2022,m,26,CIV,2
2022,m,45,HRV,32
2022,f,74,PHL,1
2022,m,6,BEL,6
2022,f,27,LBY,5
2022,f,32,COM,1
2022,f,29,IRQ,9
2022,f,0,NPL,14
2022,f,49,VEN,6
2022,m,10,IRL,10
2022,m,22,MRT,1
2022,f,99,SWE,9
2022,m,52,CYP,5
2022,f,50,HUN,21
2022,m,44,ARE,1
2022,m,33,MKD,9
2022,m,88,USA,5
2022,m,21,SWE,16
2022,m,37,BEL,57
2022,f,65,SRB,2
2022,m,24,BDI,3
2022,m,54,SYR,15
2022,m,57,GTM,1
2022,m,33,MOZ,1
2022,f,66,UNKNOWN,10
2022,f,34,ZAF,19
2022,f,15,SRB,2
2022,f,73,FIN,6
2022,f,99,UKR,7
2022,f,48,MYS,7
2022,m,23,BDI,3
2022,m,18,MAR,8
2022,f,39,PRK,4
2022,m,96,ITA,3
2022,m,2,BGD,11
2022,f,63,HUN,9
2022,f,50,AZE,11
2022,f,25,CUB,7
2022,f,55,TUR,14
2022,m,46,HRV,29
2022,m,45,COL,34
2022,m,56,NOR,33
2022,f,26,CZE,39
2022,f,62,FRA,37
2022,m,44,SRB,51
2022,m,18,SVN,2
2022,f,8,SVK,8
2022,m,71,KOR,8
2022,m,38,CUB,26
2022,m,65,IND,21
2022,m,65,CHE,14
2022,m,22,ARG,6
2022,m,30,NER,13
2022,f,38,ITA,69
2022,f,35,CHE,7
2022,f,46,BOL,2
2022,f,97,UNKNOWN,7
2022,f,39,DNK,8
2022,m,42,PER,6
2022,m,85,USA,14
2022,m,31,LBY,9
2022,f,74,AUT,36
2022,m,34,NOR,19
2022,f,6,NLD,17
2022,f,82,GBR,4
2022,m,23,ZMB,2
2022,m,41,SEN,5
2022,f,2,AFG,13
2022,f,50,TUR,28
2022,f,28,NAM,1
2022,m,32,BOL,6
2022,m,57,FIN,17
2022,m,25,SEN,4
2022,f,27,NLD,32
2022,f,10,AFG,5
2022,m,70,NZL,3
2022,f,131,UNKNOWN,1
2022,f,22,NOR,19
2022,m,36,RWA,10
2022,m,54,GRC,31
2022,m,78,BEL,22
2022,f,23,KHM,2
2022,m,56,BEL,48
2022,f,107,UNKNOWN,3
2022,m,19,DZA,8
2022,f,0,BGR,48
2022,f,26,MKD,8
2022,f,75,SVK,5
2022,f,96,BLR,4
2022,f,36,TKM,13
2022,m,24,CMR,11
2022,m,42,TUN,58
2022,f,18,ESP,10
2022,m,53,ARG,7
2022,f,37,SDN,3
2022,m,22,GHA,12
2022,f,77,LVA,3
2022,f,10,JPN,13
2022,m,8,CZE,8
2022,f,69,PHL,1
2022,f,36,ARG,11
2022,m,63,PER,2
2022,f,18,SEN,1
2022,f,24,TWN,21
2022,f,27,BOL,3
2022,m,31,AFG,37
2022,m,27,UNKNOWN,19
2022,m,52,THA,19
2022,m,9,JPN,8
2022,f,27,GTM,7
2022,f,58,AFG,3
2022,m,122,FRA,1
2022,m,91,BLR,2
2022,m,69,PHL,6
2022,m,77,MNE,1
2022,m,104,AUS,3
2022,m,36,AGO,14
2022,m,48,LBN,12
2022,m,47,TUN,18
2022,m,57,UNKNOWN,10
2022,f,25,CAN,12
2022,f,28,MNE,4
2022,m,84,ARM,6
2022,m,26,MKD,8
2022,m,19,PHL,5
2022,m,75,UNKNOWN,5
2022,m,66,PRK,6
2022,f,21,LSO,1
2022,m,40,NER,5
2022,f,64,KAZ,12
2022,m,21,KEN,13
2022,m,40,MLT,5
2022,m,31,SEN,6
2022,m,6,GRC,6
2022,m,51,NZL,5
2022,f,103,DEU,12
2022,m,16,MDA,17
2022,f,63,LUX,1
2022,f,66,ZAF,1
2022,f,18,SAU,1
2022,m,58,MYS,4
2022,f,28,NER,5
2022,f,48,GRC,7
2022,f,24,COL,24
2022,f,41,PAK,8
2022,m,37,NAM,1
2022,m,67,AUS,7
2022,m,66,THA,4
2022,f,60,DZA,1
2022,f,24,LBN,8
2022,f,31,COG,3
2022,f,34,YUG,2
2022,f,6,SVK,10
2022,m,19,LBY,6
2022,m,48,THA,27
2022,f,42,DZA,1
2022,f,4,ITA,15
2022,f,87,CHN,4
2022,f,6,MAR,1
2022,m,43,MLT,1
2022,f,37,MAR,8
2022,f,58,AUS,3
2022,m,43,LKA,10
2022,m,74,CHN,13
2022,m,63,NGA,7
2022,m,29,MDG,2
2022,f,73,MDA,4
2022,m,31,CYP,6
2022,f,60,SAU,1
2022,f,60,LVA,9
2022,m,41,YEM,5
2022,f,0,USA,18
2022,f,63,DNK,15
2022,f,14,SWE,8
2022,m,51,SVN,18
2022,m,54,CHE,18
2022,f,31,MWI,1
2022,m,30,JPN,30
2022,m,72,UNKNOWN,6
2022,m,5,BEL,6
2022,f,24,MNG,12
2022,m,27,PAN,1
2022,m,63,BGD,2
2022,m,20,PRT,19
2022,m,75,IRQ,8
2022,m,71,ROU,10
2022,f,8,BGD,7
2022,m,14,DNK,7
2022,f,58,SVK,15
2022,m,41,ZMB,1
2022,f,27,BGR,76
2022,f,37,SUR,2
2022,m,56,VEN,3
2022,m,78,ARM,6
2022,f,83,FRA,4
2022,m,27,GHA,11
2022,f,74,ITA,14
2022,f,68,BRA,3
2022,m,26,JPN,23
2022,m,63,LBN,10
2022,f,0,MAR,3
2022,m,11,MNG,5
2022,f,48,CRI,3
2022,m,30,CUB,16
2022,m,30,AGO,10
2022,m,62,LBY,13
2022,f,36,HND,2
2022,m,22,TKM,37
2022,m,47,PER,8
2022,f,81,VNM,13
2022,f,41,TWN,14
2022,m,82,GBR,16
2022,f,37,KGZ,16
2022,m,41,PRK,12
2022,f,38,KEN,10
2022,f,13,SEN,1
2022,m,41,ZWE,19
2022,m,51,MNG,4
2022,f,24,PHL,18
2022,m,79,BIH,1
2022,m,26,MNG,21
2022,m,68,THA,2
2022,f,38,PER,7
2022,f,28,CMR,13
2022,m,26,SVN,12
2022,f,74,AZE,2
2022,f,19,CRI,2
2022,m,65,EGY,6
2022,f,68,FRA,24
2022,f,2,KGZ,3
2022,m,1,IRQ,5
2022,f,48,BEL,12
2022,f,13,UNKNOWN,13
2022,f,32,GBR,48
2022,m,13,TJK,7
2022,f,14,NOR,1
2022,m,78,FRA,18
2022,f,90,BGR,3
2022,m,1,DEU,19
2022,f,3,BRA,12
2022,f,99,CAN,2
2022,f,10,ESP,12
2022,f,45,BIH,2
2022,f,87,AUT,8
2022,f,39,LKA,6
2022,m,85,ITA,22
2022,f,27,PNG,2
2022,m,19,DNK,4
2022,m,46,CHL,4
2022,m,20,AUT,12
2022,m,44,BIH,16
2022,m,29,UGA,14
2022,m,61,SEN,1
2022,m,38,AUT,60
2022,m,20,CHL,1
2022,m,38,CIV,4
2022,f,31,UNKNOWN,1
2022,m,1,CAN,3
2022,f,12,HRV,3
2022,m,47,ZWE,8
2022,m,37,UNKNOWN,1
2022,f,2,GBR,11
2022,f,6,BEL,3
2022,m,26,AFG,26
2022,m,94,SYR,1
2022,f,56,MOZ,1
2022,m,93,USA,9
2022,m,22,PSE,5
2022,m,54,ISR,23
2022,f,19,RWA,19
2022,f,23,NER,4
2022,f,82,GEO,2
2022,f,26,MOZ,3
2022,m,29,SVN,14
2022,m,21,ZMB,7
2022,f,1,ARG,4
2022,m,61,CIV,1
2022,m,79,YUG,2
2022,f,82,MKD,1
2022,m,71,IND,18
2022,f,38,CMR,12
2022,f,4,HRV,5
2022,f,53,KOSOVO,2
2022,f,20,AZE,14
2022,f,55,MAR,2
2022,m,25,LTU,63
2022,f,14,ZWE,5
2022,m,47,AFG,6
2022,f,58,KGZ,2
2022,f,53,GRC,9
2022,m,7,ARM,21
2022,m,2,ITA,16
2022,m,100,LTU,2
2022,m,21,LBN,18
2022,f,26,EGY,24
2022,f,30,SRB,25
2022,m,3,MDA,39
2022,f,47,BRA,22
2022,m,64,HRV,5
2022,m,60,MAR,3
2022,f,33,BEL,14
2022,f,14,SVK,10
2022,f,60,CRI,1
2022,m,52,GTM,1
2022,m,28,PAN,1
2022,m,30,CIV,4
2022,f,70,GBR,15
2022,m,9,UNKNOWN,13
2022,m,23,ALB,23
2022,m,61,SDN,1
2022,f,43,SRB,11
2022,m,15,SYR,7
2022,m,33,HTI,5
2022,m,25,VEN,11
2022,f,5,VEN,2
2022,m,85,AUT,5
2022,f,74,EST,1
2022,f,31,ETH,7
2022,f,29,DOM,3
2022,m,32,NIC,4
2022,f,34,COD,3
2022,m,6,AFG,5
2022,f,2,KAZ,22
2022,f,74,BGR,11
2022,f,53,MNG,8
2022,f,61,MLT,1
2022,m,5,MEX,4
2022,f,12,EST,2
2022,m,23,CZE,37
2022,m,18,IRQ,6
2022,f,103,DZA,1
2022,f,88,BLR,7
2022,f,28,LKA,9
2022,f,32,IRQ,10
2022,m,56,NZL,2
2022,m,26,UNKNOWN,70
2022,f,30,BIH,3
2022,m,64,DZA,10
2022,f,81,AUT,13
2022,f,26,MLI,1
2022,m,53,EST,9
2022,m,35,SGP,8
2022,f,78,BRA,2
2022,m,48,MEX,26
2022,m,57,IRQ,9
2022,m,59,CRI,2
2022,m,19,UNKNOWN,21
2022,f,4,PAK,8
2022,m,94,YUG,3
2022,m,2,MDA,47
2022,f,54,LVA,12
2022,m,20,LBN,15
2022,m,62,MYS,6
2022,f,31,BGD,16
2022,m,40,ZAF,16
2022,f,93,RUS,11
2022,f,37,CAN,17
2022,m,92,RUS,10
2022,f,1,TJK,8
2022,m,81,SYR,3
2022,m,42,ZAF,10
2022,m,6,LTU,11
2022,f,25,IRQ,7
2022,m,43,ECU,5
2022,f,42,SYR,13
2022,m,65,THA,4
2022,f,44,UNKNOWN,2
2022,f,67,THA,2
2022,f,37,NPL,52
2022,m,32,EST,16
2022,m,45,ZWE,11
2022,m,2,ARM,20
2022,m,25,CHE,5
2022,m,14,MEX,4
2022,f,44,DNK,10
2022,m,24,GTM,12
2022,m,19,BEL,10
2022,f,44,PAK,4
2022,m,3,UNKNOWN,13
2022,m,81,VNM,14
2022,f,36,SAU,8
2022,m,39,GMB,9
2022,m,37,LBN,19
2022,f,29,KEN,21
2022,f,48,AFG,5
2022,f,10,AUT,5
2022,f,75,PHL,3
2022,f,62,COL,5
2022,f,16,PHL,4
2022,f,66,GBR,24
2022,f,75,HUN,7
2022,m,55,MUS,1
2022,m,38,MRT,1
2022,m,58,KGZ,10
2022,f,54,UNKNOWN,23
2022,m,61,JPN,43
2022,m,51,CIV,1
2022,f,54,PRT,5
2022,f,43,PRK,5
2022,f,45,GBR,46
2022,f,68,UNKNOWN,9
2022,m,61,DZA,7
2022,f,10,DEU,42
2022,m,69,KAZ,2
2022,m,26,NER,9
2022,m,7,CZE,13
2022,m,10,BRA,6
2022,m,35,MMR,1
2022,f,46,TKM,7
2022,f,3,BIH,1
2022,m,60,THA,9
2022,m,9,NLD,10
2022,m,10,SYR,9
2022,m,48,DNK,49
2022,m,52,IDN,11
2022,m,3,NGA,5
2022,f,66,IRQ,4
2022,m,64,PRT,11
2022,m,71,UNKNOWN,5
2022,f,14,AUT,6
2022,f,107,FRA,2
2022,m,56,THA,18
2022,m,17,LTU,12
2022,m,29,SGP,4
2022,f,28,ETH,31
2022,f,39,TJK,8
2022,m,66,SGP,2
2022,f,54,JPN,26
2022,f,56,JPN,24
2022,f,22,UGA,5
2022,f,110,UNKNOWN,2
2022,m,76,CHE,7
2022,f,17,FRA,47
2022,m,1,LTU,15
2022,m,72,LBN,7
2022,m,95,CZE,1
2022,m,12,PRT,3
2022,m,78,IRQ,5
2022,f,24,KHM,5
2022,m,86,ITA,22
2022,f,12,ARM,16
2022,f,73,EST,1
2022,m,1,BRA,12
2022,m,1,TUN,1
2022,m,51,BGD,16
2022,f,35,ETH,11
2022,m,11,ALB,1
2022,m,66,EGY,5
2022,m,41,NZL,5
2022,f,10,NPL,2
2022,m,23,COG,18
2022,f,36,SVN,7
2022,f,59,GBR,35
2022,m,78,BLR,14
2022,f,91,UNKNOWN,1
2022,m,23,LKA,3
2022,f,68,BEL,3
2022,m,55,BRA,7
2022,m,107,USA,7
2022,m,122,UNKNOWN,4
2022,f,36,GTM,5
2022,m,90,NOR,2
2022,m,57,MKD,4
2022,m,50,UNKNOWN,9
2022,m,36,MLI,2
2022,m,4,LTU,17
2022,f,27,CMR,10
2022,m,58,NOR,20
2022,m,54,MLT,1
2022,f,42,CUB,6
2022,f,112,GBR,2
2022,m,25,ZAF,9
2022,m,29,EST,20
2022,m,49,THA,27
2022,m,49,SYR,25
2022,m,30,MUS,3
2022,m,54,CUB,7
2022,m,36,GTM,7
2022,m,1,IRL,1
2022,m,53,LBY,7
2022,m,8,GEO,47
2022,m,31,GIN,2
2022,m,35,ZAF,17
2022,m,58,MOZ,2
2022,f,3,LBN,2
2022,f,30,MDG,1
2022,m,21,TWN,15
2022,m,24,KEN,30
2022,m,28,CRI,11
2022,m,32,ZMB,2
2022,m,73,DZA,4
2022,m,67,CAN,15
2022,f,47,AZE,13
2022,f,105,SYR,1
2022,m,34,TZA,8
2022,m,23,PAN,3
2022,f,62,CHN,42
2022,f,42,GMB,1
2022,m,41,CHL,8
2022,f,11,CHE,7
2022,f,30,ZAF,14
2022,f,97,UNKNOWN,11
2022,m,111,TUR,1
2022,m,16,BRA,8
2022,m,34,SVN,13
2022,f,49,DZA,2
2022,f,10,EGY,5
2022,m,84,NLD,8
2022,m,9,TUR,28
2022,m,31,GHA,29
2022,m,74,KAZ,1
2022,f,26,JOR,5
2022,m,20,DNK,12
2022,f,55,IRL,10
2022,m,18,CHE,4
2022,m,4,ESP,10
2022,m,76,BLR,29
2022,f,64,MNG,7
2022,f,38,EST,10
2022,f,44,UNKNOWN,18
2022,m,67,NOR,12
2022,f,20,MKD,2
2022,m,82,IND,2
2022,f,58,MEX,4
2022,f,36,IRQ,6
2022,m,53,UNKNOWN,13
2022,f,79,LTU,5
2022,f,52,TUR,16
2022,f,14,ZAF,4
2022,f,60,ISR,3
2022,m,103,AUT,2
2022,m,45,LBY,9
2022,f,81,MEX,2
2022,m,62,KOSOVO,5
2022,f,106,UKR,3
2022,f,57,ITA,18
2022,m,55,ETH,1
2022,m,61,MLT,2
2022,f,45,GRC,14
2022,f,35,ITA,75
2022,m,5,SRB,3
2022,f,39,TUN,9
2022,m,28,UNKNOWN,1
2022,m,1,ZAF,1
2022,m,33,COM,4
2022,m,33,SOM,3
2022,m,23,UNKNOWN,11
2022,m,50,YEM,7
2022,f,84,SWE,19
2022,m,22,SWZ,1
2022,m,7,ESP,9
2022,m,47,SVN,13
2022,f,76,IND,3
2022,m,76,IRL,6
2022,f,43,MYS,4
2022,m,8,AFG,3
2022,m,93,RUS,5
2022,m,9,ESP,13
2022,f,5,LBN,2
2022,m,53,TKM,12
2022,f,46,UNKNOWN,16
2022,m,28,MNG,21
2022,m,72,JPN,30
2022,f,12,IND,57
2022,f,71,LTU,12
2022,m,121,BEL,1
2022,m,44,BWA,1
2022,m,0,CUB,1
2022,f,13,SWE,4
2022,m,63,MOZ,1
2022,m,73,MDA,5
2022,f,50,LBY,5
2022,m,0,COL,2
2022,f,96,RUS,11
2022,f,31,BIH,7
2022,m,49,DZA,20
2022,m,6,SVK,4
2022,m,42,EST,13
2022,f,22,IRL,14
2022,m,31,FIN,47
2022,f,19,UNKNOWN,23
2022,m,77,CAN,8
2022,m,47,VAT,5
2022,m,62,THA,8
2022,f,28,BIH,5
2022,m,85,UNKNOWN,10
2022,f,2,ISR,8
2022,m,20,HRV,6
2022,f,3,NPL,4
2022,f,35,EGY,17
2022,m,7,FIN,1
2022,f,26,SVN,7
2022,f,62,PER,4
2022,f,8,AZE,16
2022,m,51,IRQ,20
2022,f,57,FIN,4
2022,f,33,AUS,6
2022,m,25,UGA,4
2022,f,15,NOR,4
2022,m,32,CYP,5
2022,f,38,TWN,20
2022,f,1,YEM,1
2022,m,56,TJK,8
2022,f,77,SVK,3
2022,m,87,HUN,2
2022,f,33,BFA,2
2022,f,4,ETH,1
2022,m,0,BGD,14
2022,m,5,LTU,5
2022,f,28,MYS,13
2022,f,30,VEN,16
2022,f,17,LVA,3
2022,f,30,LBN,9
2022,f,88,GBR,5
2022,f,48,PRK,6
2022,m,37,CYP,5
2022,m,65,MNG,6
2022,m,58,LKA,3
2022,f,53,NLD,29
2022,m,50,ALB,20
2022,m,49,JOR,12
2022,f,35,NIC,1
2022,m,29,CRI,7
2022,m,19,MLI,1
2022,m,19,KEN,2
2022,m,29,PSE,3
2022,m,25,BIH,13
2022,m,73,SGP,1
2022,f,0,NGA,8
2022,m,11,IRQ,13
2022,f,78,NLD,4
2022,m,104,USA,8
2022,m,67,TJK,1
2022,f,22,TWN,13
2022,f,45,VEN,4
2022,m,63,IRL,21
2022,m,46,KEN,7
2022,f,61,IND,14
2022,f,24,SAU,9
2022,m,74,HRV,6
2022,f,24,ECU,3
2022,m,42,LIE,1
2022,f,90,CHN,1
2022,f,69,ROU,6
2022,m,32,COM,5
2022,f,25,AUT,17
2022,m,30,ISR,17
2022,m,17,IND,31
2022,f,51,ISR,3
2022,f,21,EST,2
2022,m,69,DNK,22
2022,m,94,UKR,10
2022,m,53,AFG,9
2022,m,48,CUB,12
2022,f,69,MNG,7
2022,m,66,MNG,6
2022,f,34,THA,31
2022,f,3,BGD,10
2022,m,48,KOSOVO,15
2022,f,129,USA,1
2022,f,13,ARG,2
2022,m,40,CHE,8
2022,m,45,LKA,15
2022,m,52,MLI,2
2022,f,19,ZAF,3
2022,f,66,ITA,10
2022,f,45,SVN,3
2022,m,1,HRV,2
2022,m,67,EGY,5
2022,f,41,AUS,14
2022,f,75,PER,1
2022,f,47,PRK,6
2022,m,42,GIN,2
2022,f,78,USA,14
2022,f,53,NGA,3
2022,f,19,PHL,5
2022,f,8,IRL,5
2022,f,21,BEL,9
2022,m,57,BGD,3
2022,f,22,TJK,17
2022,f,12,SVK,17
2022,m,2,CZE,9
2022,f,33,UZB,20
2022,f,21,CZE,18
2022,m,40,TON,1
2022,m,13,UZB,4
2022,f,20,ZAF,9
2022,f,11,LVA,6
2022,f,66,BGR,25
2022,m,33,YUG,1
2022,m,22,NOR,16
2022,f,70,PAK,1
2022,m,89,IRL,1
2022,f,13,USA,25
2022,f,9,BRA,14
2022,f,7,DZA,1
2022,f,10,VEN,1
2022,m,47,SLV,2
2022,m,81,BGR,13
2022,f,16,ITA,19
2022,f,32,THA,31
2022,f,52,THA,33
2022,m,77,ROU,7
2022,m,53,AUS,13
2022,f,51,BGD,1
2022,f,32,SVN,12
2022,m,24,SYR,20
2022,m,8,AZE,10
2022,f,6,NGA,2
2022,f,13,JPN,13
2022,f,69,VEN,1
2022,f,88,CZE,3
2022,m,63,CUB,4
2022,m,19,IRN,9
2022,f,33,SGP,2
2022,m,91,AUT,4
2022,f,22,BGD,15
2022,f,38,YUG,1
2022,f,59,ESP,13
2022,f,11,IRQ,12
2022,m,25,CMR,6
2022,f,64,GBR,24
2022,m,16,NLD,16
2022,f,97,SWE,12
2022,f,28,DZA,10
2022,f,44,THA,62
2022,f,76,MDA,3
2022,f,35,KEN,14
2022,f,69,MDA,10
2022,f,32,UNKNOWN,2
2022,f,53,YUG,1
2022,f,32,ZAF,15
2022,f,37,MYS,11
2022,f,48,ETH,1
2022,m,84,CAN,5
2022,m,57,AUS,14
2022,m,72,ARM,18
2022,f,0,ISR,8
2022,f,39,JOR,5
2022,f,18,PER,2
2022,f,52,YEM,1
2022,m,53,YUG,3
2022,f,31,YEM,1
2022,m,74,NZL,2
2022,f,16,KGZ,4
2022,m,3,MEX,6
2022,m,53,THA,16
2022,m,27,CAF,1
2022,f,68,SYR,3
2022,m,72,VEN,1
2022,m,7,BEL,5
2022,f,90,FRA,1
2022,m,70,UZB,3
2022,f,53,TKM,4
2022,f,71,BEL,8
2022,m,58,MEX,3
2022,f,28,FIN,23
2022,m,17,NOR,5
2022,m,22,CUB,5
2022,m,24,UNKNOWN,59
2022,f,52,KGZ,9
2022,m,26,NZL,1
2022,m,19,AUT,10
2022,m,63,KAZ,8
2022,f,54,SYR,5
2022,m,56,MCO,1
2022,f,61,TUR,6
2022,m,118,PRT,1
2022,m,46,YEM,7
2022,f,63,JPN,15
2022,m,0,NLD,3
2022,m,10,BEL,6
2022,f,10,CZE,12
2022,m,16,THA,4
2022,m,9,AUT,5
2022,f,30,EGY,18
2022,f,83,DNK,3
2022,f,10,BGD,2
2022,f,40,BOL,2
2022,m,62,UZB,16
2022,m,55,AZE,37
2022,f,94,DNK,1
2022,f,26,BGD,21
2022,m,34,MUS,6
2022,m,83,KAZ,3
2022,f,18,AFG,8
2022,f,53,BRA,9
2022,m,75,MDA,1
2022,m,14,SWE,9
2022,m,5,FRA,13
2022,f,75,IRN,4
2022,m,70,LTU,8
2022,m,72,KOR,6
2022,m,31,AUS,12
2022,m,20,VEN,10
2022,m,84,RUS,9
2022,m,86,IRQ,2
2022,f,35,BGD,5
2022,f,8,HRV,3
2022,f,18,IRQ,8
2022,m,60,HUN,17
2022,f,63,TUN,1
2022,m,77,PHL,1
2022,f,31,GTM,2
2022,f,60,SGP,1
2022,m,13,AUT,3
2022,f,28,MMR,2
2022,m,11,GRC,5
2022,f,73,AFG,2
2022,m,31,ARG,24
2022,m,71,ISR,13
2022,f,68,ESP,4
2022,f,79,UNKNOWN,2
2022,m,19,ERI,1
2022,f,34,NLD,41
2022,f,74,MDA,1
2022,m,16,MEX,3
2022,m,95,UKR,8
2022,m,96,BLR,2
2022,f,38,AFG,4
2022,m,13,GRC,4
2022,f,62,IND,20
2022,m,14,PRT,6
2022,f,44,COL,15
2022,m,80,LUX,1
2022,f,2,CAN,9
2022,m,63,JOR,3
2022,m,61,TZA,2
2022,m,37,VEN,22
2022,f,51,PRK,5
2022,m,80,GRC,17
2022,m,42,COD,2
2022,f,60,SRB,1
2022,m,25,SYR,27
2022,f,80,CHE,2
2022,f,29,PRK,20
2022,m,57,MNG,9
2022,f,12,TUR,27
2022,f,85,USA,12
2022,f,69,JPN,10
2022,m,47,ARG,16
2022,m,62,UNKNOWN,4
2022,m,50,IRQ,20
2022,f,66,TUN,2
2022,m,11,JOR,4
2022,f,7,BEL,5
2022,m,35,ARG,31
2022,m,24,TWN,20
2022,m,48,CMR,6
2022,f,62,KOR,22
2022,f,67,NOR,4
2022,m,55,UNKNOWN,12
2022,f,2,PRT,6
2022,m,5,YEM,2
2022,f,81,UNKNOWN,30
2022,m,52,HRV,11
2022,m,45,ECU,4
2022,m,62,AUS,9
2022,f,89,CAN,2
2022,m,51,UNKNOWN,7
2022,f,61,ZAF,3
2022,f,32,HND,3
2022,m,23,KEN,22
2022,f,79,USA,17
2022,m,30,ETH,41
2022,m,99,ISR,1
2022,f,64,IRQ,5
2022,m,21,GRC,7
2022,f,90,CZE,3
2022,m,81,JPN,2
2022,m,83,SYR,1
2022,f,24,BOL,2
2022,f,30,MKD,7
2022,m,20,AFG,12
2022,m,28,TCD,2
2022,f,82,GRC,16
2022,f,52,SRB,9
2022,f,58,BRA,7
2022,f,71,FIN,5
2022,m,35,MKD,14
2022,f,28,TZA,13
2022,f,11,TUR,22
2022,f,54,CZE,21
2022,m,58,MNG,5
2022,m,40,PER,11
2022,m,22,IRQ,20
2022,m,80,UNKNOWN,20
2022,f,28,LBN,13
2022,m,60,TUR,57
2022,m,63,MNG,9
2022,m,114,ITA,1
2022,m,114,UNKNOWN,2
2022,m,39,LBY,5
2022,f,40,ARG,14
2022,m,36,CIV,4
2022,f,24,SRB,8
2022,m,7,AZE,16
2022,m,66,NGA,5
2022,f,25,GHA,7
2022,f,3,GRC,5
2022,f,71,LUX,1
2022,f,43,CUB,5
2022,f,0,DZA,1
2022,m,63,CHE,13
2022,m,26,HRV,25
2022,f,34,VEN,5
2022,f,88,KAZ,1
2022,f,22,TUN,8
2022,f,39,ARM,60
2022,m,61,NZL,4
2022,m,12,LTU,15
2022,f,33,MNG,21
2022,f,35,AFG,8
2022,f,107,LTU,2
2022,f,33,VEN,9
2022,m,24,PHL,18
2022,f,32,CUB,13
2022,f,12,SVN,3
2022,m,43,TJK,39
2022,m,1,COD,3
2022,f,105,UKR,2
2022,m,17,NLD,17
2022,f,43,ISR,8
2022,m,25,COG,16
2022,m,35,LKA,8
2022,f,52,MKD,2
2022,m,48,LBR,1
2022,m,64,IRQ,11
2022,m,17,GBR,15
2022,f,22,AGO,8
2022,f,5,YEM,4
2022,f,74,VNM,35
2022,f,54,SRB,3
2022,f,28,SAU,33
2022,m,71,YUG,6
2022,m,3,NLD,10
2022,f,24,DNK,9
2022,f,44,SRB,11
2022,m,64,BRA,4
2022,f,19,ESP,18
2022,f,7,ESP,9
2022,m,52,MKD,12
2022,m,7,IRL,4
2022,m,22,SWE,13
2022,f,71,UNKNOWN,7
2022,f,21,UNKNOWN,4
2022,m,44,MLI,1
2022,m,38,LBN,15
2022,m,66,AZE,6
2022,m,36,DMA,1
2022,f,80,DNK,7
2022,f,27,ZMB,4
2022,m,80,PER,1
2022,f,35,CAN,16
2022,m,31,GMB,3
2022,f,44,MEX,15
2022,f,0,CHN,31
2022,m,30,MCO,1
2022,m,11,CAN,6
2022,m,72,GEO,6
2022,f,39,CHE,7
2022,m,54,PRK,28
2022,f,103,UKR,3
2022,f,21,NPL,13
2022,m,52,KGZ,12
2022,m,49,YUG,3
2022,m,105,USA,7
2022,f,13,LTU,10
2022,m,30,MNG,19
2022,f,51,DMA,1
2022,m,9,USA,24
2022,m,51,ISR,21
2022,f,5,PHL,6
2022,m,36,DOM,6
2022,f,32,MOZ,1
2022,f,44,IRQ,8
2022,m,65,MLI,1
2022,f,37,SGP,1
2022,m,63,FIN,13
2022,m,52,LBY,10
2022,f,5,LTU,10
2022,m,30,BIH,13
2022,m,14,BRA,8
2022,f,117,GRC,3
2022,f,36,KAZ,84
2022,f,16,HUN,6
2022,f,47,CUB,1
2022,f,14,IRQ,13
2022,m,57,AFG,5
2022,m,59,NGA,6
2022,f,56,TUR,15
2022,f,54,ERI,1
2022,m,9,BEL,3
2022,f,26,MNG,22
2022,f,29,CPV,1
2022,m,127,CAN,1
2022,f,53,NOR,13
2022,m,28,BDI,2
2022,m,23,MKD,7
2022,f,25,BTN,3
2022,m,62,GTM,1
2022,f,19,NOR,10
2022,f,51,PHL,27
2022,f,2,YEM,4
2022,m,62,EGY,7
2022,f,38,MNG,12
2022,f,46,BRA,19
2022,f,81,BGR,6
2022,m,34,CIV,3
2022,f,44,MAR,2
2022,m,56,SVK,31
2022,m,51,HRV,19
2022,f,33,GRC,32
2022,f,46,UNKNOWN,1
2022,m,72,DOM,1
2022,m,42,KOSOVO,19
2022,f,43,PRY,2
2022,m,24,LBY,10
2022,m,34,ISR,30
2022,f,30,TZA,9
2022,m,43,EST,19
2022,f,51,IDN,11
2022,m,17,DNK,4
2022,f,22,LBY,2
2022,f,45,EST,9
2022,f,48,ALB,2
2022,f,40,YUG,6
2022,f,44,MYS,3
2022,f,79,NOR,1
2022,f,30,TJK,8
2022,m,106,UNKNOWN,3
2022,m,57,SEN,4
2022,m,24,MKD,6
2022,m,35,BFA,4
2022,f,64,KOR,16
2022,m,37,MUS,3
2022,m,0,CZE,8
2022,m,57,DZA,16
2022,m,3,PRT,3
2022,f,15,UZB,5
2022,m,40,COG,10
2022,f,35,SWE,37
2022,f,105,UNKNOWN,5
2022,f,3,MNG,7
2022,m,66,DZA,13
2022,f,45,ZAF,14
2022,m,8,PAK,6
2022,f,47,PRT,8
2022,f,45,CHL,3
2022,m,17,KGZ,5
2022,m,116,GBR,1
2022,f,38,UGA,9
2022,m,5,ZWE,3
2022,f,41,UNKNOWN,2
2022,f,46,ZWE,9
2022,f,126,UNKNOWN,9
2022,m,68,PAK,2
2022,m,53,COL,9
2022,m,4,EGY,6
2022,f,84,GRC,12
2022,f,6,JOR,1
2022,m,57,EGY,17
2022,m,19,VEN,6
2022,m,72,CHE,14
2022,f,34,TJK,10
2022,f,1,EGY,10
2022,f,42,CAN,22
2022,m,53,GHA,1
2022,m,54,BIH,15
2022,f,26,ZMB,5
2022,f,57,ISR,10
2022,f,21,SWE,12
2022,m,26,GNQ,1
2022,f,74,ARM,25
2022,m,1,IDN,3
2022,m,63,UZB,10
2022,f,88,MEX,1
2022,f,24,GRC,44
2022,m,27,CYP,5
2022,m,52,LBN,11
2022,m,2,JPN,9
2022,m,68,CHL,1
2022,f,24,BGD,14
2022,m,47,GRC,28
2022,f,9,PHL,2
2022,m,12,BEL,10
2022,f,60,AFG,3
2022,f,29,KGZ,24
2022,f,47,VAT,1
2022,m,75,YUG,3
2022,m,65,HUN,19
2022,m,32,YEM,4
2022,f,26,KNA,1
2022,f,15,BGD,2
2022,m,65,AZE,6
2022,f,55,PRK,7
2022,m,1,ARM,13
2022,m,39,MKD,13
2022,f,96,DEU,33
2022,m,68,UNKNOWN,5
2022,f,35,GMB,2
2022,f,101,BLR,4
2022,f,10,GRC,3
2022,m,32,MMR,1
2022,f,74,LTU,8
2022,f,71,UNKNOWN,12
2022,m,45,CHL,8
2022,f,74,YUG,1
2022,m,40,ETH,13
2022,f,27,AGO,6
2022,f,62,SYR,4
2022,m,65,SAU,2
2022,m,83,GBR,13
2022,m,58,AUS,11
2022,m,62,PHL,10
2022,m,73,UNKNOWN,7
2022,m,26,YEM,8
2022,f,19,NPL,3
2022,f,39,MNG,18
2022,m,20,KOSOVO,16
2022,f,14,GBR,23
2022,m,19,ISR,4
2022,f,60,EST,3
2022,m,24,SWE,15
2022,m,114,UNKNOWN,3
2022,m,15,IRL,9
2022,m,78,IRN,2
2022,f,38,ZMB,1
2022,m,39,KEN,20
2022,m,50,DZA,21
2022,f,16,CHN,28
2022,m,21,FIN,12
2022,m,71,HUN,14
2022,m,21,YEM,8
2022,f,16,LBN,1
2022,m,0,UNKNOWN,3
2022,f,52,AFG,5
2022,m,60,CHE,13
2022,m,40,EST,11
2022,f,34,SLV,1
2022,m,58,BIH,11
2022,f,79,BEL,2
2022,f,78,GEO,3
2022,f,25,JOR,7
2022,f,1,LVA,2
2022,f,41,PRK,4
2022,m,58,IRQ,11
2022,f,33,PER,13
2022,m,58,CYP,4
2022,m,79,UNKNOWN,2
2022,m,41,VAT,6
2022,f,30,UNKNOWN,13
2022,f,113,USA,5
2022,m,31,MYS,20
2022,f,43,BEL,9
2022,f,55,MEX,4
2022,m,54,URY,1
2022,m,21,CZE,17
2022,f,39,CUB,5
2022,m,18,ZAF,5
2022,f,32,ETH,13
2022,m,60,PRT,23
2022,m,29,BEL,39
2022,m,26,SAU,10
2022,m,9,ZAF,1
2022,m,51,SVK,42
2022,f,20,KEN,7
2022,m,41,MDV,1
2022,m,23,SYR,23
2022,m,57,NZL,3
2022,f,79,ESP,1
2022,f,21,ALB,8
2022,m,45,NIC,2
2022,f,62,THA,7
2022,m,108,GRC,10
2022,m,58,CAN,19
2022,f,28,AFG,11
2022,m,4,CMR,3
2022,f,3,ERI,1
2022,f,43,SGP,1
2022,f,44,ARG,5
2022,m,78,SVK,4
2022,m,26,HND,2
2022,m,81,BEL,7
2022,m,48,CHL,3
2022,m,25,ISR,8
2022,m,90,USA,6
2022,m,80,CAN,7
2022,m,77,SAU,1
2022,f,80,AUT,14
2022,m,98,USA,7
2022,m,54,CHL,3
2022,f,50,VEN,5
2022,m,36,CHE,7
2022,m,69,KOR,10
2022,f,13,SGP,1
2022,m,38,CRI,2
2022,m,13,LVA,2
2022,m,69,LUX,1
2022,m,72,IRL,7
2022,m,23,JAM,2
2022,m,10,LTU,14
2022,m,15,SWE,7
2022,m,7,NPL,3
2022,f,11,NLD,17
2022,f,35,UNKNOWN,2
2022,m,63,EGY,8
2022,m,16,SRB,4
2022,m,32,MYS,25
2022,m,17,SVK,7
2022,m,44,COG,6
2022,m,13,PAK,3
2022,f,40,AGO,2
2022,f,71,CHE,3
2022,m,75,SVK,3
2022,m,24,SEN,1
2022,f,20,TJK,17
2022,f,26,COD,11
2022,f,34,DZA,2
2022,m,0,RWA,3
2022,f,41,LBN,2
2022,m,14,JPN,14
2022,m,58,AFG,2
2022,f,35,PRT,19
2022,f,44,LBY,3
2022,f,72,CAN,5
2022,f,27,TZA,16
2022,f,43,CYP,3
2022,f,66,AUS,8
2022,m,24,MLT,2
2022,f,77,ITA,4
2022,f,41,MEX,16
2022,m,56,ALB,10
2022,f,56,LTU,40
2022,f,62,HRV,2
2022,m,58,KWT,4
2022,m,4,HRV,2
2022,m,45,ISR,32
2022,f,111,SWE,1
2022,f,6,PAK,6
2022,f,67,FIN,9
2022,m,10,THA,1
2022,f,71,JPN,6
2022,m,13,SWE,9
2022,f,19,IRN,12
2022,m,44,GTM,5
2022,f,12,PAK,5
2022,m,62,CRI,2
2022,m,42,CHE,15
2022,f,109,UKR,1
2022,m,7,GRC,6
2022,m,89,IND,2
2022,m,43,ZAF,10
2022,m,24,SVN,8
2022,f,101,ISR,3
2022,f,47,HRV,11
2022,f,25,COD,8
2022,f,8,ZAF,2
2022,m,35,PER,13
2022,f,32,CAN,26
2022,m,103,DEU,7
2022,f,36,MAR,7
2022,f,6,YEM,1
2022,m,22,MKD,5
2022,f,30,AFG,5
2022,m,65,PAK,6
2022,f,47,NGA,6
2022,f,22,MDV,1
2022,f,37,AGO,8
2022,f,22,GRC,37
2022,f,58,CUB,5
2022,m,11,KAZ,11
2022,m,102,LTU,1
2022,f,26,CHL,2
2022,f,11,HRV,1
2022,m,79,CZE,9
2022,m,20,DZA,11
2022,f,47,MUS,1
2022,m,17,NIC,1
2022,f,102,YUG,1
2022,m,56,AUS,9
2022,f,86,FRA,2
2022,m,71,UNKNOWN,7
2022,m,66,PHL,4
2022,m,33,MUS,3
2022,m,17,BEL,6
2022,m,29,CIV,4
2022,f,54,PAN,1
2022,f,54,PAK,3
2022,m,35,ECU,8
2022,f,65,DNK,12
2022,m,74,LTU,5
2022,m,40,KOSOVO,29
2022,f,77,MNG,3
2022,m,6,LBN,1
2022,f,75,MNG,7
2022,f,72,DNK,11
2022,f,17,SVK,7
2022,m,74,GRC,8
2022,f,38,AZE,25
2022,m,47,SGP,2
2022,m,56,SRB,38
2022,f,59,HUN,11
2022,f,21,PAK,5
2022,m,52,NPL,18
2022,m,53,KGZ,16
2022,f,122,RUS,4
2022,f,13,COL,2
2022,m,33,GTM,3
2022,f,6,IRQ,7
2022,m,102,UKR,2
2022,m,34,SLE,4
2022,f,10,DNK,1
2022,f,32,GAB,2
2022,f,45,TKM,9
2022,f,37,AUS,10
2022,m,51,ARG,7
2022,f,73,DNK,12
2022,f,64,AUS,3
2022,f,52,ARG,3
2022,m,79,TUN,2
2022,m,6,HUN,8
2022,m,25,MOZ,5
2022,m,29,DNK,29
2022,m,49,GTM,3
2022,m,21,SRB,15
2022,f,30,DZA,6
2022,m,37,MNE,6
2022,f,1,HUN,6
2022,m,47,LKA,12
2022,f,31,HUN,42
2022,m,22,MEX,18
2022,m,66,MDA,25
2022,f,60,IRL,2
2022,f,12,PRK,1
2022,m,17,SWE,8
2022,f,38,ARG,11
2022,f,64,AZE,3
2022,f,34,LUX,1
2022,f,87,UZB,1
2022,f,35,MNE,1
2022,f,37,TJK,9
2022,f,52,FIN,12
2022,m,12,SYR,5
2022,f,48,SGP,1
2022,f,41,MYS,5
2022,m,75,LTU,5
2022,m,27,COD,8
2022,m,77,BLR,22
2022,m,10,ARM,21
2022,f,12,NLD,15
2022,f,42,ALB,10
2022,f,31,TKM,10
2022,m,5,BRA,10
2022,m,44,LBY,10
2022,f,83,CHE,2
2022,m,35,CHE,14
2022,f,48,FIN,9
2022,f,87,UNKNOWN,19
2022,f,25,MUS,4
2022,m,29,CHE,10
2022,f,2,PAK,7
2022,m,60,PER,3
2022,f,15,GBR,20
2022,f,33,HND,2
2022,m,68,IRQ,10
2022,f,44,TWN,4
2022,m,33,NZL,2
2022,m,50,CUB,10
2022,f,27,LBN,8
2022,m,20,MOZ,12
2022,m,21,URY,3
2022,f,82,SWE,24
2022,f,26,CHE,9
2022,m,6,ESP,12
2022,f,75,ITA,8
2022,m,72,BIH,2
2022,f,85,KAZ,6
2022,m,18,DNK,8
2022,f,36,KOSOVO,8
2022,f,6,GRC,4
2022,m,30,URY,3
2022,m,15,IRQ,12
2022,m,73,JOR,2
2022,m,86,BRA,1
2022,f,20,PAK,11
2022,f,58,HUN,10
2022,m,75,CHN,8
2022,m,73,PRT,2
2022,m,77,GRC,18
2022,m,22,GTM,17
2022,f,10,BEL,5
2022,m,70,EST,1
2022,m,62,SVN,6
2022,m,21,UNKNOWN,1
2022,m,67,ARM,25
2022,f,94,CZE,1
2022,m,21,BRA,14
2022,f,41,ALB,16
2022,f,3,HRV,3
2022,f,78,ARM,10
2022,f,23,NAM,3
2022,m,14,UZB,8
2022,m,37,YUG,2
2022,f,30,HND,2
2022,f,47,SDN,1
2022,m,60,PRK,7
2022,f,53,VEN,3
2022,f,76,LVA,2
2022,f,61,CAN,8
2022,m,95,AUS,2
2022,f,57,HUN,6
2022,f,3,MDA,31
2022,f,2,SYR,5
2022,f,49,IDN,16
2022,f,62,ISR,6
2022,f,70,UNKNOWN,7
2022,f,55,PRT,12
2022,f,9,CZE,18
2022,m,87,RUS,8
2022,m,12,AUT,2
2022,m,46,VAT,3
2022,m,52,LAO,1
2022,m,65,CZE,27
2022,m,67,MAR,2
2022,m,52,CHL,6
2022,f,12,AZE,11
2022,f,40,ZAF,12
2022,m,26,PSE,2
2022,m,49,AFG,5
2022,m,37,UGA,7
2022,m,74,SVK,5
2022,m,40,BIH,14
2022,m,2,EGY,12
2022,f,37,CHL,3
2022,m,2,PAK,9
2022,f,30,SYR,8
2022,m,31,YUG,2
2022,f,25,LVA,14
2022,f,37,CHE,3
2022,m,28,GTM,15
2022,m,67,NZL,1
2022,f,70,KOR,4
2022,m,13,CZE,22
2022,f,12,MNG,5
2022,f,48,CYP,1
2022,m,83,VNM,6
2022,m,68,LUX,3
2022,f,66,KAZ,6
2022,f,120,USA,1
2022,f,18,ISR,4
2022,m,51,LBY,6
2022,m,40,CUB,17
2022,m,58,TJK,9
2022,f,57,PRT,13
2022,m,46,JOR,13
2022,f,15,IDN,1
2022,m,71,CMR,1
2022,m,56,PHL,30
2022,f,8,ESP,12
2022,m,76,TUR,8
2022,f,8,JOR,2
2022,f,71,GBR,17
2022,f,71,ITA,8
2022,m,41,EST,15
2022,f,64,LTU,25
2022,f,68,SVK,10
2022,m,77,TUR,3
2022,f,4,SEN,2
2022,f,26,MMR,3
2022,f,66,ROU,7
2022,f,17,CHL,3
2022,f,55,ESP,26
2022,f,16,ESP,15
2022,m,23,AUS,8
2022,m,8,BRA,12
2022,f,75,UNKNOWN,4
2022,m,34,HTI,2
2022,m,31,YEM,8
2022,m,97,HRV,1
2022,m,26,CHE,7
2022,m,57,TJK,6
2022,f,62,CZE,9
2022,m,1,ETH,2
2022,f,31,PER,11
2022,m,99,DEU,17
2022,f,6,EGY,10
2022,m,104,SWE,2
2022,f,18,NOR,6
2022,f,19,COD,5
2022,m,16,ESP,13
2022,f,43,CHE,4
2022,m,35,AGO,8
2022,m,51,ZWE,6
2022,m,19,NOR,4
2022,f,52,COL,5
2022,m,54,ZAF,7
2022,f,30,MNG,21
2022,m,51,CMR,3
2022,m,31,ZAF,18
2022,m,62,LBN,5
2022,f,24,MWI,2
2022,m,59,AGO,3
2022,f,63,KAZ,10
2022,f,26,KOSOVO,3
2022,f,30,UGA,17
2022,m,35,MOZ,1
2022,f,11,UNKNOWN,1
2022,f,28,PRK,12
2022,f,56,UZB,4
2022,f,54,ZAF,3
2022,f,24,CMR,9
2022,f,2,DZA,2
2022,m,6,MKD,2
2022,m,42,SYR,31
2022,m,78,DNK,16
2022,m,56,MEX,9
2022,f,52,VEN,1
2022,f,95,ARM,1
2022,f,65,ITA,13
2022,f,3,SAU,5
2022,m,43,LBN,16
2022,f,8,CZE,8
2022,f,12,ZAF,1
2022,f,46,CMR,2
2022,f,72,GBR,14
2022,m,16,DOM,1
2022,m,31,THA,15
2022,m,96,AUT,3
2022,f,9,UZB,7
2022,f,39,IRL,11
2022,f,43,UGA,5
2022,f,25,LBN,10
2022,m,5,KAZ,4
2022,m,83,TUR,6
2022,f,28,AUT,20
2022,m,50,MDV,1
2022,f,28,VEN,12
2022,m,68,VAT,1
2022,m,26,ZAF,11
2022,f,28,GTM,2
2022,f,69,CYP,1
2022,m,22,HND,2
2022,f,36,EGY,16
2022,f,55,NOR,13
2022,f,23,MEX,14
2022,m,23,CYP,5
2022,f,56,BEL,9
2022,f,3,CIV,1
2022,m,43,KWT,2
2022,m,88,IDN,1
2022,f,68,PER,1
2022,m,40,RWA,8
2022,m,5,ALB,2
2022,m,82,VNM,12
2022,m,26,UGA,9
2022,f,40,NPL,28
2022,f,77,ARM,8
2022,m,69,ESP,9
2022,m,45,GMB,1
2022,m,51,SEN,5
2022,f,83,GBR,7
2022,f,1,TKM,2
2022,m,85,IND,1
2022,f,36,UGA,13
2022,f,44,NGA,7
2022,m,63,NZL,4
2022,f,29,UGA,21
2022,f,35,TZA,3
2022,f,56,UNKNOWN,10
2022,m,22,SYR,18
2022,m,14,AFG,9
2022,f,101,USA,5
2022,f,39,MKD,9
2022,m,10,ISR,10
2022,f,17,CZE,11
2022,f,75,MDA,5
2022,f,6,PRT,7
2022,f,100,CZE,3
2022,f,10,ARM,10
2022,f,18,IRL,9
2022,m,85,ARM,3
2022,m,3,NPL,6
2022,f,75,ROU,7
2022,m,78,LTU,2
2022,m,4,IDN,2
2022,m,34,COG,13
2022,m,35,KEN,18
2022,m,30,LBR,2
2022,f,24,FIN,9
2022,m,84,SRB,2
2022,f,37,LUX,1
2022,f,0,ZAF,1
2022,m,52,MLT,6
2022,m,26,SOM,6
2022,f,39,IRQ,10
2022,m,11,AUT,9
2022,f,38,CUB,6
2022,m,55,ECU,1
2022,m,5,IRN,5
2022,m,86,VNM,5
2022,f,98,SWE,4
2022,m,39,KOSOVO,25
2022,f,3,ISR,7
2022,f,30,MNE,6
2022,m,44,GNB,1
2022,f,36,SRB,14
2022,f,59,TUR,4
2022,m,40,AUS,14
2022,f,69,KAZ,6
2022,m,53,AGO,2
2022,m,118,GRC,4
2022,f,69,SVK,7
2022,m,95,YUG,1
2022,m,49,TWN,9
2022,m,6,ITA,12
2022,f,52,IRL,11
2022,f,13,NGA,3
2022,f,84,SYR,3
2022,f,60,TKM,2
2022,f,66,CAN,7
2022,f,39,PRY,1
2022,m,43,LBY,12
2022,m,9,GRC,4
2022,f,43,IRQ,10
2022,m,0,PHL,20
2022,m,28,SEN,4
2022,m,38,YEM,7
2022,m,58,COL,4
2022,m,10,SDN,1
2022,m,35,COD,5
2022,f,23,LBN,8
2022,f,40,HTI,1
2022,m,0,SRB,3
2022,m,46,ETH,6
2022,m,79,CHL,4
2022,f,3,PRT,6
2022,f,43,NGA,11
2022,m,35,HTI,2
2022,m,25,GMB,2
2022,f,72,BEL,3
2022,m,42,CRI,7
2022,f,31,GHA,8
2022,m,33,UGA,7
2022,f,65,BEL,7
2022,f,101,UKR,4
2022,f,69,HUN,12
2022,m,79,RUS,10
2022,f,42,HND,1
2022,m,22,BIH,7
2022,m,33,ETH,23
2022,f,26,LBY,5
2022,m,46,ARG,9
2022,m,81,GHA,1
2022,f,16,UNKNOWN,10
2022,f,31,BOL,3
2022,f,48,PAK,6
2022,m,22,LKA,8
2022,m,21,NZL,1
2022,m,39,ZWE,22
2022,f,54,YUG,1
2022,m,56,MKD,13
2022,f,9,EGY,11
2022,m,60,MEX,5
2022,m,24,NER,5
2022,m,37,CIV,4
2022,m,77,BIH,2
2022,f,4,KOR,23
2022,f,55,IRQ,8
2022,m,67,UZB,3
2022,m,80,CHE,4
2022,f,78,IND,8
2022,f,9,NPL,5
2022,f,28,KOSOVO,4
2022,m,71,LBN,4
2022,f,19,VEN,2
2022,f,73,AUS,4
2022,m,82,SYR,4
2022,m,34,YEM,3
2022,m,46,PRK,25
2022,f,42,AFG,2
2022,f,29,BEL,9
2022,m,63,MYS,1
2022,f,18,MWI,1
2022,m,76,PAK,1
2022,m,20,PER,3
2022,f,28,SLV,2
2022,m,56,UNKNOWN,10
2022,f,91,RUS,16
2022,m,33,MDG,2
2022,m,54,YEM,11
2022,f,18,DZA,1
2022,m,4,AUS,4
2022,m,94,UNKNOWN,4
2022,m,55,MYS,1
2022,m,50,TKM,19
2022,f,44,HUN,24
2022,m,23,CMR,2
2022,m,44,UNKNOWN,12
2022,m,2,ESP,8
2022,m,88,UNKNOWN,10
2022,f,8,TJK,4
2022,f,52,ECU,1
2022,m,31,EST,16
2022,m,80,DZA,2
2022,f,11,IRL,6
2022,f,18,SRB,3
2022,f,26,SLE,1
2022,m,25,EST,12
2022,f,49,BIH,3
2022,f,48,PER,5
2022,f,63,MNG,12
2022,m,35,AUS,18
2022,f,41,MNG,19
2022,m,81,IND,3
2022,m,101,HUN,1
2022,f,35,SVN,8
2022,m,15,FIN,5
2022,m,36,MNE,8
2022,f,16,MDA,21
2022,m,22,CZE,20
2022,f,41,SEN,4
2022,m,103,BLR,1
2022,m,39,LBN,23
2022,m,76,MEX,2
2022,f,0,HRV,2
2022,f,81,BEL,1
2022,f,25,TKM,18
2022,m,54,TWN,4
2022,m,90,YUG,3
2022,m,61,MRT,1
2022,m,61,FIN,15
2022,m,27,BOL,4
2022,f,28,COD,3
2022,m,128,UNKNOWN,1
2022,m,44,TWN,21
2022,m,86,UZB,2
2022,m,119,DEU,1
2022,f,84,USA,13
2022,f,39,YUG,7
2022,m,43,PRY,2
2022,m,66,YUG,4
2022,f,1,CZE,5
2022,m,66,LBN,2
2022,m,80,VAT,3
2022,f,53,MAR,1
2022,m,39,CMR,23
2022,m,80,KOR,2
2022,m,41,MUS,2
2022,f,85,GBR,3
2022,f,50,JPN,41
2022,f,68,ROU,6
2022,m,46,LBN,14
2022,f,87,KAZ,3
2022,m,63,HRV,9
2022,m,47,KNA,1
2022,f,22,AUT,15
2022,m,28,MLI,1
2022,f,65,KAZ,11
2022,f,72,BGR,13
2022,m,62,GRC,34
2022,f,33,LKA,5
2022,f,23,SWE,11
2022,m,54,IRN,13
2022,f,18,AZE,13
2022,f,57,CZE,22
2022,m,0,MNG,3
2022,f,49,SRB,2
2022,m,51,TZA,1
2022,f,39,ECU,4
2022,m,73,AUS,5
2022,m,17,EGY,5
2022,f,6,LTU,12
2022,m,23,GMB,3
2022,m,0,BEL,1
2022,m,82,CHN,6
2022,m,45,ISL,2
2022,f,50,KGZ,8
2022,f,24,MUS,1
2022,f,4,CHE,1
2022,f,45,ETH,3
2022,m,76,ROU,1
2022,f,9,ARG,6
2022,m,12,CZE,15
2022,f,84,MNG,5
2022,m,65,UZB,4
2022,f,20,THA,5
2022,f,3,BEL,3
2022,m,66,KOSOVO,1
2022,m,2,KGZ,2
2022,m,105,SWE,1
2022,m,57,KAZ,16
2022,m,60,CAN,15
2022,m,12,SVK,12
2022,f,46,SYR,5
2022,f,73,GEO,5
2022,m,36,NIC,2
2022,f,21,KOSOVO,11
2022,m,63,UNKNOWN,4
2022,m,8,NLD,13
2022,f,19,BRA,7
2022,f,24,BIH,6
2022,m,55,MEX,7
2022,m,17,AUT,7
2022,m,43,CRI,5
2022,f,40,TUN,7
2022,m,59,TKM,4
2022,m,40,SVN,13
2022,m,51,TUN,11
2022,f,54,UNKNOWN,4
2022,f,79,VNM,15
2022,m,68,DZA,11
2022,m,69,UNKNOWN,5
2022,f,31,KGZ,23
2022,m,57,ZAF,4
2022,f,68,IRL,4
2022,f,7,BRA,11
2022,f,83,BLR,25
2022,f,4,MNG,7
2022,m,91,CZE,2
2022,f,62,CAN,8
2022,m,115,GRC,3
2022,m,19,EST,3
2022,m,74,ARM,13
2022,f,23,MMR,3
2022,m,68,PRT,8
2022,f,33,SRB,15
2022,m,18,PSE,1
2022,m,67,YUG,1
2022,f,38,VEN,8
2022,m,56,KGZ,11
2022,f,21,COG,5
2022,m,58,KEN,3
2022,m,77,FIN,6
2022,f,13,SVN,3
2022,m,1,SWE,1
2022,m,8,LVA,10
2022,f,15,ITA,17
2022,f,67,ZAF,2
2022,f,70,BGR,16
2022,m,60,AUS,7
2022,m,9,PRT,8
2022,f,68,GEO,8
2022,m,57,CUB,3
2022,m,61,MOZ,2
2022,m,60,ZAF,5
2022,m,93,UKR,5
2022,m,37,MKD,14
2022,m,17,IRQ,6
2022,m,66,MKD,3
2022,m,52,KOSOVO,5
2022,f,101,SWE,6
2022,m,33,COG,5
2022,m,62,BRA,6
2022,f,33,SYR,11
2022,m,47,EST,10
2022,m,76,LBN,3
2022,f,33,MKD,10
2022,m,68,BIH,8
2022,f,107,UNKNOWN,2
2022,f,70,DNK,18
2022,m,55,KOSOVO,6
2022,m,47,PRK,26
2022,f,42,IRQ,8
2022,f,51,YUG,1
2022,m,19,BDI,3
2022,f,34,SRB,27
2022,f,57,IRQ,3
2022,m,18,SWE,7
2022,f,25,AGO,7
2022,f,7,LVA,4
2022,m,19,GTM,6
2022,f,19,CZE,15
2022,f,15,VEN,1
2022,f,1,UNKNOWN,16
2022,m,22,BDI,3
2022,m,36,ZAF,15
2022,f,61,NZL,3
2022,f,81,ZWE,1
2022,f,30,CMR,10
2022,m,15,ISR,7
2022,m,5,GRC,4
2022,m,25,CHL,1
2022,f,40,URY,2
2022,f,111,DEU,5
2022,m,56,MYS,3
2022,f,71,MEX,2
2022,m,76,BEL,17
2022,m,47,GHA,6
2022,f,23,UGA,4
2022,m,6,USA,18
2022,m,5,PAK,9
2022,m,17,THA,1
2022,f,21,BRA,11
2022,m,16,AUT,8
2022,m,106,NLD,1
2022,f,74,COL,1
2022,m,36,UNKNOWN,18
2022,f,25,NZL,1
2022,f,89,UNKNOWN,3
2022,m,21,TZA,4
2022,f,72,IRQ,2
2022,f,23,IRQ,3
2022,f,77,GRC,10
2022,m,68,UNKNOWN,3
2022,f,35,MYS,7
2022,m,1,AGO,2
2022,m,71,SVK,3
2022,m,82,AUT,11
2022,f,45,COL,9
2022,f,41,CHE,10
2022,f,7,MKD,2
2022,m,4,PAK,9
2022,f,35,BIH,4
2022,m,38,NIC,3
2022,f,42,BOL,3
2022,m,39,ISR,41
2022,m,42,BOL,3
2022,f,1,DZA,3
2022,m,3,PHL,1
2022,f,73,IND,11
2022,f,27,CRI,7
2022,f,11,HUN,5
2022,f,30,DOM,4
2022,m,73,ESP,11
2022,m,48,UNKNOWN,7
2022,m,88,AUT,4
2022,f,26,CAN,23
2022,f,68,JPN,9
2022,m,73,TJK,1
2022,f,42,COL,19
2022,f,112,UNKNOWN,4
2022,f,43,COG,3
2022,m,31,SYR,11
2022,f,28,HND,2
2022,m,100,ITA,5
2022,m,64,AUS,12
2022,m,42,SVN,19
2022,f,43,MNG,18
2022,m,82,UGA,1
2022,f,67,KAZ,8
2022,f,60,ROU,8
2022,f,45,CHE,8
2022,f,63,MAR,1
2022,f,52,BRA,10
2022,f,67,JPN,11
2022,f,39,ETH,6
2022,m,4,JOR,1
2022,f,29,LAO,2
2022,m,35,PRK,4
2022,m,36,GHA,14
2022,m,18,AFG,15
2022,m,64,SRB,21
2022,m,44,IRN,19
2022,m,62,IDN,1
2022,f,4,SRB,5
2022,m,74,MKD,1
2022,m,55,YEM,11
2022,f,0,AZE,12
2022,f,49,COG,3
2022,f,19,THA,4
2022,m,29,KEN,30
2022,f,92,USA,4
2022,m,105,GRC,11
2022,f,49,CAN,18
2022,f,17,TWN,1
2022,m,31,JAM,2
2022,f,81,IRQ,3
2022,m,28,PER,13
2022,f,81,YUG,3
2022,f,63,KGZ,1
2022,m,99,AUT,2
2022,f,7,NER,1
2022,f,49,SYR,2
2022,f,49,PRK,4
2022,m,21,BIH,3
2022,f,22,CAN,6
2022,m,16,DZA,1
2022,m,31,HRV,25
2022,m,91,NLD,2
2022,f,20,IRL,12
2022,m,86,SVK,1
2022,f,80,ITA,3
2022,m,10,YEM,1
2022,m,28,NZL,3
2022,f,17,IND,27
2022,f,25,OMN,1
2022,f,103,USA,5
2022,f,95,BLR,3
2022,f,76,MNG,2
2022,m,74,CZE,9
2022,f,38,COL,27
2022,f,34,DOM,2
2022,f,17,JPN,14
2022,f,35,UGA,10
2022,f,45,NOR,28
2022,m,26,MDG,1
2022,f,84,BRA,1
2022,m,42,GTM,4
2022,f,20,BDI,6
2022,m,52,ALB,11
2022,f,26,SEN,1
2022,f,6,ITA,13
2022,f,1,LTU,5
2022,m,44,MNE,4
2022,f,31,ECU,4
2022,f,23,CUB,2
2022,f,58,AZE,7
2022,f,10,TUR,27
2022,m,47,MNG,11
2022,f,62,NLD,15
2022,f,66,ESP,3
2022,m,12,DNK,7
2022,m,46,PSE,2
2022,m,22,QAT,6
2022,m,56,IDN,5
2022,m,26,BIH,13
2022,f,75,SYR,2
2022,f,42,IRL,10
2022,m,70,TUR,13
2022,f,26,UGA,11
2022,m,87,VNM,8
2022,m,72,LBY,4
2022,f,21,LVA,8
2022,f,66,IRL,1
2022,m,22,NIC,2
2022,f,107,GBR,2
2022,f,64,SVN,1
2022,f,5,ESP,13
2022,f,42,UNKNOWN,1
2022,f,82,ARM,14
2022,m,49,CHE,16
2022,m,72,LBR,1
2022,m,75,IND,11
2022,m,67,CHL,1
2022,f,31,ZAF,22
2022,m,1,BGD,10
2022,m,87,SWE,8
2022,f,36,ERI,1
2022,f,40,LBN,2
2022,m,73,ARM,13
2022,m,63,ECU,2
2022,f,27,URY,1
2022,m,15,NLD,13
2022,f,77,KOR,2
2022,f,43,ETH,2
2022,f,70,LVA,4
2022,f,60,NOR,7
2022,f,29,CHE,7
2022,f,23,AGO,6
2022,m,37,YUG,1
2022,f,6,ARG,4
2022,f,78,ZAF,2
2022,f,55,SGP,1
2022,f,38,BTN,1
2022,f,11,UNKNOWN,10
2022,m,110,GRC,6
2022,f,59,FIN,4
2022,f,66,BRA,2
2022,f,36,ETH,7
2022,f,50,MYS,5
2022,f,22,CIV,1
2022,m,30,UNKNOWN,12
2022,m,49,ECU,3
2022,f,38,SYR,12
2022,m,15,GRC,8
2022,m,52,SOM,1
2022,m,79,UNKNOWN,4
2022,f,39,AGO,3
2022,m,6,NER,1
2022,m,31,MKD,5
2022,m,70,KOR,9
2022,f,80,GEO,4
2022,f,38,AGO,3
2022,f,69,UZB,2
2022,f,44,HRV,8
2022,m,30,AUS,15
2022,m,19,AUS,5
2022,f,40,UNKNOWN,13
2022,m,19,NLD,19
2022,f,50,PAK,2
2022,f,1,PAK,10
2022,m,40,PSE,3
2022,m,76,CAN,9
2022,m,11,NOR,5
2022,m,59,YUG,2
2022,f,83,IDN,1
2022,f,101,DNK,1
2022,m,16,SWE,5
2022,m,62,EST,4
2022,f,44,CUB,2
2022,m,1,SRB,5
2022,m,3,FIN,1
2022,f,24,GHA,6
2022,m,65,LTU,13
2022,f,58,ZAF,8
2022,f,46,AUS,5
2022,m,27,MYS,17
2022,f,61,COL,2
2022,f,12,CHL,2
2022,m,21,COD,6
2022,f,67,MYS,1
2022,f,84,ESP,1
2022,f,122,USA,2
2022,f,13,ZAF,5
2022,f,39,CYP,3
2022,m,19,COG,3
2022,f,63,PRY,1
2022,f,17,YUG,2
2022,m,69,HRV,7
2022,f,57,ZAF,4
2022,m,120,DEU,1
2022,m,27,MOZ,1
2022,m,64,UNKNOWN,11
2022,m,115,DEU,1
2022,m,31,SVN,9
2022,f,63,AUS,5
2022,m,86,GBR,10
2022,m,33,SDN,5
2022,m,32,SGP,6
2022,m,90,UNKNOWN,7
2022,f,81,ITA,4
2022,m,51,SYR,20
2022,f,169,UKR,1
2022,f,88,RUS,19
2022,m,72,IRN,3
2022,f,35,AUS,9
2022,f,57,IDN,2
2022,m,69,UZB,1
2022,f,78,IRQ,4
2022,m,18,THA,2
2022,f,19,HRV,5
2022,m,30,ISL,1
2022,f,46,SVN,10
2022,m,80,SRB,1
2022,f,74,UZB,5
2022,m,60,LBY,10
2022,m,82,CAN,8
2022,f,112,RUS,4
2022,f,108,UNKNOWN,7
2022,m,64,MNG,4
2022,f,47,SOM,3
2022,f,23,AUT,15
2022,m,64,UNKNOWN,8
2022,m,51,KOSOVO,10
2022,f,48,IDN,15
2022,m,12,FIN,2
2022,m,83,UNKNOWN,13
2022,m,32,GIN,8
2022,f,88,ITA,4
2022,f,10,IRL,6
2022,f,16,NOR,7
2022,m,53,MNE,2
2022,f,109,UNKNOWN,6
2022,f,21,KHM,1
2022,m,21,NOR,11
2022,m,97,UNKNOWN,4
2022,f,50,CMR,1
2022,m,55,KGZ,6
2022,f,24,CYP,4
2022,m,38,UGA,8
2022,m,81,KOR,1
2022,m,21,GTM,10
2022,m,56,KWT,1
2022,f,8,COL,1
2022,f,52,VUT,1
2022,m,46,SEN,2
2022,m,65,KGZ,1
2022,f,16,UZB,1
2022,f,45,IRL,11
2022,f,16,AFG,3
2022,m,19,SDN,2
2022,f,46,PRK,4
2022,f,66,HUN,8
2022,f,2,MEX,1
2022,m,42,CYP,7
2022,m,90,ARM,3
2022,f,47,COD,1
2022,f,88,UNKNOWN,2
2022,f,36,NZL,3
2022,f,97,GRC,11
2022,f,119,RUS,2
2022,f,54,TKM,7
2022,f,44,LBN,2
2022,m,23,CUB,3
2022,f,52,UZB,7
2022,f,29,TJK,4
2022,f,62,TUR,10
2022,f,71,DNK,17
2022,m,20,SWE,11
2022,f,20,MEX,3
2022,m,102,SWE,4
2022,m,91,GRC,10
2022,m,68,ISR,9
2022,m,43,ZWE,15
2022,f,70,HRV,1
2022,f,51,BIH,1
2022,f,74,FRA,16
2022,f,35,JOR,4
2022,m,43,PER,9
2022,m,14,TJK,7
2022,m,65,KWT,1
2022,m,29,GMB,3
2022,m,80,ESP,7
2022,f,20,TUN,5
2022,f,40,DOM,3
2022,m,53,LUX,5
2022,m,88,BGR,3
2022,m,10,AUT,3
2022,m,83,NLD,11
2022,m,24,ECU,2
2022,f,71,VEN,2
2022,m,50,TGO,1
2022,m,80,DNK,7
2022,f,79,AUS,2
2022,m,103,UNKNOWN,8
2022,m,34,CHL,11
2022,f,66,SEN,1
2022,m,68,IDN,1
2022,f,6,UZB,5
2022,f,23,BRA,18
2022,f,43,GRC,14
2022,f,64,CZE,14
2022,m,15,HUN,8
2022,f,62,TWN,4
2022,m,15,SDN,2
2022,f,72,GEO,9
2022,m,1,KHM,1
2022,m,39,TWN,31
2022,m,47,TGO,2
2022,m,3,KEN,1
2022,m,27,NIC,4
2022,m,67,AFG,2
2022,m,11,BEL,5
2022,f,83,ARG,1
2022,f,78,UNKNOWN,1
2022,m,4,CZE,10
2022,m,19,IRQ,5
2022,m,3,EGY,2
2022,m,22,BEL,24
2022,f,40,SYR,7
2022,m,33,CHL,8
2022,f,69,BGR,18
2022,f,57,CAN,10
2022,m,48,MWI,1
2022,m,11,PRK,1
2022,m,80,RUS,11
2022,f,72,JPN,7
2022,f,27,SVN,9
2022,m,46,UNKNOWN,2
2022,m,3,KGZ,11
2022,f,76,BEL,4
2022,f,82,LTU,3
2022,m,28,MKD,13
2022,f,45,IRN,11
2022,f,3,TKM,1
2022,f,42,DNK,17
2022,f,54,ITA,29
2022,f,8,PRT,7
2022,f,4,DZA,2
2022,m,18,LVA,8
2022,f,17,THA,6
2022,f,89,ARM,3
2022,f,3,UZB,9
2022,f,15,ZWE,2
2022,f,39,PAK,17
2022,m,13,DNK,4
2022,m,31,BOL,2
2022,f,87,SWE,24
2022,f,34,BGD,12
2022,f,78,HUN,9
2022,f,7,ARG,5
2022,f,22,MAR,18
2022,f,36,DNK,10
2022,f,3,ITA,15
2022,f,68,KAZ,11
2022,m,7,ZAF,5
2022,m,60,NZL,2
2022,f,16,AUS,4
2022,f,3,NLD,5
2022,f,58,UNKNOWN,23
2022,m,80,AUS,6
2022,f,23,ZAF,5
2022,f,35,KGZ,18
2022,f,18,ZWE,5
2022,f,46,IRN,7
2022,m,45,YUG,5
2022,f,7,EGY,4
2022,f,54,MNE,1
2022,f,29,TZA,6
2022,m,23,NER,4
2022,f,4,LTU,8
2022,f,101,DEU,18
2022,m,95,GRC,11
2022,f,54,IRQ,7
2022,f,66,ISR,5
2022,m,92,USA,8
2022,m,53,IDN,5
2022,f,73,ROU,7
2022,f,1,KOR,8
2022,f,76,IRN,1
2022,m,62,TGO,2
2022,m,109,ITA,1
2022,f,6,IRL,2
2022,m,21,PHL,3
2022,f,6,CAN,1
2022,f,51,SAU,1
2022,f,4,EST,2
2022,f,52,CUB,3
2022,f,23,AFG,16
2022,f,49,PAK,3
2022,f,35,TTO,1
2022,m,25,GUY,1
2022,m,39,GHA,9
2022,m,109,ISR,2
2022,m,53,SVN,7
2022,m,6,CAN,3
2022,m,55,DZA,18
2022,f,2,FRA,8
2022,f,88,UNKNOWN,5
2022,m,52,UNKNOWN,16
2022,f,2,GRC,3
2022,m,19,ZMB,1
2022,m,53,MKD,10
2022,m,55,AUS,8
2022,m,35,LUX,1
2022,f,4,SYR,4
2022,f,80,BGR,6
2022,m,85,VNM,5
2022,m,6,SVN,4
2022,f,60,HRV,2
2022,f,11,IDN,2
2022,f,51,UNKNOWN,3
2022,f,45,ALB,4
2022,f,14,TJK,6
2022,f,90,BLR,7
2022,f,44,COD,1
2022,f,37,LBN,5
2022,f,116,UNKNOWN,4
2022,f,99,UNKNOWN,9
2022,m,0,KGZ,7
2022,m,23,ISR,3
2022,m,3,YEM,1
2022,f,40,COG,6
2022,m,84,USA,12
2022,m,108,CHE,1
2022,m,9,HRV,1
2022,f,41,GHA,2
2022,f,20,PHL,7
2022,m,15,LTU,7
2022,f,14,LVA,6
2022,f,7,USA,12
2022,m,56,YUG,4
2022,m,30,PSE,5
2022,f,14,ISR,7
2022,f,24,GTM,5
2022,f,61,LVA,9
2022,m,37,CRI,6
2022,m,11,SVK,10
2022,f,24,BEL,14
2022,m,36,TGO,2
2022,f,34,UNKNOWN,12
2022,m,43,ZMB,1
2022,f,64,NZL,2
2022,f,79,CHE,4
2022,m,43,CMR,9
2022,m,61,JOR,5
2022,m,77,NOR,7
2022,m,61,IRN,7
2022,m,47,TWN,7
2022,m,72,PAK,2
2022,f,91,ITA,5
2022,f,32,GIN,4
2022,f,53,AUS,3
2022,f,56,TWN,5
2022,m,44,SVN,7
2022,m,71,GEO,9
2022,f,31,SVN,6
2022,m,99,EGY,1
2022,f,74,ROU,2
2022,f,90,USA,8
2022,f,61,SVK,9
2022,m,14,LVA,8
2022,m,65,LBN,7
2022,m,3,HUN,7
2022,m,69,SRB,6
2022,f,83,USA,14
2022,f,95,USA,7
2022,m,48,CHE,14
2022,f,116,UNKNOWN,3
2022,f,14,LTU,7
2022,m,46,UGA,1
2022,f,37,ZMB,3
2022,m,59,KWT,6
2022,m,48,CYP,7
2022,f,2,CMR,1
2022,m,20,SEN,2
2022,m,90,GRC,6
2022,f,32,PRT,22
2022,f,57,KGZ,5
2022,f,49,ECU,2
2022,m,35,DOM,4
2022,m,33,NER,10
2022,m,1,MAR,5
2022,m,44,ISL,2
2022,m,86,BLR,5
2022,m,17,CHL,2
2022,m,1,KEN,1
2022,m,38,VEN,18
2022,m,77,CHN,7
2022,m,1,EST,1
2022,f,8,SWE,2
2022,f,76,UNKNOWN,2
2022,f,128,UNKNOWN,2
2022,m,53,EGY,23
2022,m,106,RUS,3
2022,m,39,MDG,1
2022,f,53,NPL,2
2022,m,71,MNG,6
2022,m,76,MDA,3
2022,m,47,VUT,1
2022,m,19,BRA,14
2022,m,67,PRT,7
2022,m,111,UNKNOWN,3
2022,f,107,USA,5
2022,m,72,SRB,2
2022,f,43,KOSOVO,2
2022,m,84,UNKNOWN,3
2022,m,30,SGP,4
2022,f,3,GIN,1
2022,f,47,DZA,1
2022,m,10,UGA,1
2022,f,25,BDI,6
2022,f,38,EGY,11
2022,f,41,LAO,1
2022,f,91,GBR,7
2022,f,26,ZAF,10
2022,m,8,PER,1
2022,f,18,UNKNOWN,12
2022,m,90,CHE,1
2022,f,51,FIN,11
2022,f,133,GRC,3
2022,m,82,JPN,5
2022,m,39,LUX,2
2022,f,73,TUN,1
2022,f,42,YEM,4
2022,m,71,AUS,6
2022,f,9,LKA,2
2022,m,148,GEO,1
2022,f,45,EGY,4
2022,m,1,DZA,2
2022,m,37,SGP,2
2022,m,55,SLV,1
2022,m,3,TKM,2
2022,m,1,NGA,6
2022,f,20,LVA,11
2022,m,61,BIH,9
2022,f,29,IRL,11
2022,f,75,CAN,8
2022,f,69,ITA,12
2022,m,47,MNE,3
2022,m,108,UNKNOWN,4
2022,f,12,PAN,1
2022,f,56,LKA,2
2022,m,58,CUB,6
2022,f,53,NZL,1
2022,m,20,TCD,1
2022,m,42,SAU,4
2022,m,73,KAZ,3
2022,f,13,CRI,1
2022,m,69,SEN,1
2022,m,72,IND,15
2022,f,20,SVN,3
2022,f,1,CUB,1
2022,f,27,TWN,21
2022,m,40,MMR,1
2022,m,43,SVN,11
2022,m,54,AUS,17
2022,f,46,GRC,11
2022,m,45,TZA,2
2022,m,25,JOR,22
2022,f,21,LTU,31
2022,m,15,TUN,2
2022,m,75,SRB,5
2022,m,14,SVK,17
2022,m,44,PSE,1
2022,f,62,UNKNOWN,9
2022,m,34,NZL,7
2022,m,62,SRB,21
2022,m,33,MYS,21
2022,m,16,DNK,2
2022,m,38,COG,9
2022,f,31,LBN,8
2022,f,1,ARM,12
2022,m,4,BRA,9
2022,f,54,HRV,6
2022,m,51,LKA,4
2022,m,35,NZL,6
2022,f,8,LBY,1
2022,f,54,TJK,2
2022,m,65,DZA,6
2022,m,20,JOR,10
2022,m,79,IRQ,3
2022,f,9,IRQ,5
2022,m,35,PAN,2
2022,m,0,CAN,1
2022,m,41,GHA,7
2022,m,54,DMA,1
2022,f,66,SVN,2
2022,m,45,TWN,11
2022,m,76,UNKNOWN,3
2022,m,44,TZA,2
2022,f,57,TZA,1
2022,f,7,MYS,2
2022,m,78,CHE,7
2022,m,51,LUX,3
2022,m,32,CHL,7
2022,m,38,MDG,2
2022,m,23,AGO,7
2022,m,41,ECU,6
2022,m,19,THA,3
2022,m,13,PRT,4
2022,f,77,UNKNOWN,3
2022,f,54,TUR,9
2022,m,12,MNG,6
2022,f,30,BHR,1
2022,m,121,GRC,1
2022,m,50,VEN,6
2022,f,26,SRB,14
2022,m,66,TUN,2
2022,m,41,AFG,14
2022,f,4,IRL,2
2022,f,50,MKD,3
2022,f,24,LBY,2
2022,m,17,ARM,20
2022,f,42,MEX,10
2022,f,90,GEO,1
2022,m,3,CAN,2
2022,f,19,SWE,7
2022,f,36,CHL,3
2022,f,38,MKD,7
2022,f,24,ARG,4
2022,m,27,CUB,8
2022,m,19,BGD,8
2022,f,45,HND,2
2022,f,0,GHA,1
2022,m,66,HRV,9
2022,m,23,ERI,3
2022,f,47,VEN,4
2022,f,72,UNKNOWN,4
2022,f,9,PRT,6
2022,m,57,TZA,3
2022,m,20,BRA,14
2022,f,110,SWE,3
2022,f,18,MOZ,1
2022,f,35,ZAF,10
2022,m,41,BOL,5
2022,f,128,UKR,1
2022,f,74,MNG,4
2022,f,24,AUS,3
2022,f,59,SYR,8
2022,f,48,TZA,5
2022,f,1,KGZ,6
2022,m,72,CAN,9
2022,m,64,BEN,1
2022,f,74,AUS,4
2022,f,53,LVA,10
2022,m,20,BIH,3
2022,f,56,ISR,4
2022,f,8,TWN,1
2022,f,84,PAK,1
2022,m,9,SYR,8
2022,f,31,ISR,13
2022,f,11,YEM,3
2022,f,13,AFG,9
2022,f,62,HUN,11
2022,f,26,ARG,3
2022,m,21,UGA,6
2022,m,67,NGA,3
2022,f,37,COG,2
2022,f,80,JPN,5
2022,m,43,COG,7
2022,f,43,IRN,16
2022,m,51,TJK,17
2022,m,34,YUG,1
2022,m,24,ARG,13
2022,f,31,CRI,10
2022,f,48,NGA,5
2022,f,37,BOL,2
2022,m,55,ZAF,6
2022,f,53,LBN,3
2022,m,6,BRA,12
2022,f,53,SYR,4
2022,f,21,HUN,12
2022,f,64,LVA,3
2022,m,59,CHL,3
2022,m,103,USA,9
2022,m,30,GMB,5
2022,m,84,LTU,2
2022,f,64,YEM,1
2022,f,3,ALB,6
2022,m,2,AFG,11
2022,f,15,NPL,3
2022,f,35,GRC,12
2022,m,20,UNKNOWN,5
2022,f,20,NPL,6
2022,m,48,SEN,3
2022,m,23,DOM,2
2022,f,51,MEX,9
2022,f,77,AUS,1
2022,m,42,AUS,14
2022,m,21,HTI,1
2022,f,58,MYS,3
2022,f,12,KHM,1
2022,f,11,AZE,6
2022,m,73,CHN,17
2022,m,87,LTU,3
2022,m,19,COL,10
2022,m,92,AUT,3
2022,m,53,RWA,3
2022,m,38,LBY,9
2022,m,62,VAT,3
2022,f,63,ESP,4
2022,f,46,NOR,15
2022,m,15,BGD,2
2022,m,46,MAR,18
2022,f,60,UNKNOWN,2
2022,f,35,PER,5
2022,m,102,ESP,1
2022,m,88,RUS,6
2022,f,23,PHL,7
2022,f,38,IRL,12
2022,f,31,ALB,13
2022,f,2,MAR,3
2022,m,31,CPV,1
2022,m,76,SRB,3
2022,m,45,MKD,15
2022,m,56,MAR,9
2022,f,44,ZWE,10
2022,f,1,THA,1
2022,m,76,SVK,4
2022,f,11,AUT,4
2022,f,32,NOR,15
2022,f,73,ITA,15
2022,m,7,JPN,14
2022,f,79,HRV,2
2022,f,31,THA,19
2022,f,49,BEL,9
2022,f,56,CAN,10
2022,f,3,KOSOVO,2
2022,f,48,CHL,2
2022,f,37,UNKNOWN,10
2022,f,25,EGY,13
2022,f,54,BRA,5
2022,f,52,IRQ,6
2022,m,19,AGO,3
2022,f,24,TZA,10
2022,m,95,CAN,1
2022,m,37,SVN,10
2022,m,37,GTM,6
2022,m,18,ITA,19
2022,m,21,NER,3
2022,m,30,LBY,4
2022,m,7,TWN,3
2022,f,44,EST,8
2022,m,17,AFG,9
2022,m,75,DZA,4
2022,f,90,LTU,2
2022,m,54,VEN,2
2022,f,40,LKA,10
2022,m,16,BEL,6
2022,m,17,CHE,3
2022,m,31,LCA,1
2022,f,68,ARG,1
2022,f,7,EST,2
2022,m,55,UNKNOWN,2
2022,m,24,VEN,8
2022,m,35,CYP,3
2022,f,120,RUS,1
2022,m,3,BGD,8
2022,m,38,MKD,10
2022,f,76,CZE,10
2022,m,100,VNM,1
2022,m,88,CZE,2
2022,m,21,SOM,5
2022,f,45,UNKNOWN,16
2022,m,69,UNKNOWN,2
2022,m,86,USA,8
2022,f,58,MUS,1
2022,m,45,ETH,1
2022,m,51,MYS,2
2022,m,82,JOR,1
2022,m,48,AUS,11
2022,f,74,HUN,8
2022,f,30,ARG,10
2022,m,59,COL,7
2022,f,61,GRC,6
2022,m,91,ITA,11
2022,f,16,SUR,1
2022,m,93,EGY,2
2022,m,33,CHE,7
2022,f,8,JPN,9
2022,m,72,CHL,1
2022,f,51,SVN,2
2022,f,22,MYS,7
2022,m,73,MNG,2
2022,f,47,AFG,3
2022,f,21,BGD,7
2022,m,117,RUS,1
2022,m,4,TUR,27
2022,m,3,ESP,15
2022,f,19,AUS,4
2022,f,48,MRT,1
2022,m,86,IND,2
2022,f,54,LBY,1
2022,f,102,DEU,16
2022,m,100,USA,9
2022,m,84,HRV,4
2022,f,37,PRK,11
2022,f,51,NGA,1
2022,f,76,JPN,3
2022,f,4,NPL,4
2022,m,7,HUN,7
2022,f,80,HUN,7
2022,f,19,DZA,3
2022,f,5,HUN,8
2022,m,48,EST,13
2022,m,38,MNG,19
2022,m,52,ZAF,8
2022,f,35,DNK,9
2022,f,40,PER,7
2022,f,29,DNK,6
2022,m,28,CHE,14
2022,m,39,MUS,5
2022,f,54,AUS,7
2022,f,22,COL,16
2022,m,124,UNKNOWN,2
2022,m,92,JPN,1
2022,f,73,KAZ,7
2022,f,3,IRN,5
2022,f,57,UNKNOWN,2
2022,m,73,MKD,3
2022,f,6,TUN,1
2022,m,68,AUS,7
2022,m,13,PHL,2
2022,m,29,BIH,6
2022,m,6,MEX,1
2022,m,111,GBR,3
2022,m,23,PSE,4
2022,f,52,PAK,3
2022,m,29,VEN,12
2022,f,42,ARG,9
2022,m,63,VEN,1
2022,m,30,GIN,4
2022,m,59,LUX,1
2022,m,8,UZB,9
2022,f,70,NLD,5
2022,m,11,EST,2
2022,f,0,PRT,9
2022,m,52,ZWE,1
2022,f,2,SWE,3
2022,m,56,LBN,5
2022,m,57,TUN,15
2022,f,37,ETH,7
2022,m,64,PAK,6
2022,f,78,GBR,7
2022,f,43,CMR,3
2022,m,47,UNKNOWN,3
2022,m,14,SRB,5
2022,f,70,BEL,5
2022,f,22,AFG,7
2022,m,65,ECU,1
2022,f,56,HRV,4
2022,f,60,UZB,4
2022,m,51,COG,4
2022,m,6,CRI,1
2022,f,58,CRI,1
2022,m,38,GNB,1
2022,f,21,TZA,13
2022,f,7,AZE,17
2022,m,126,UNKNOWN,1
2022,f,73,HUN,3
2022,f,32,ARG,14
2022,m,94,URY,1
2022,f,57,PHL,11
2022,m,62,NGA,10
2022,f,3,LBY,3
2022,m,16,LTU,11
2022,m,14,FIN,3
2022,m,39,COG,7
2022,m,17,PRT,4
2022,f,68,ITA,9
2022,f,28,ISR,6
2022,m,0,SYR,4
2022,f,22,MNE,5
2022,f,30,GHA,9
2022,m,38,GIN,6
2022,m,6,THA,1
2022,m,39,GIN,3
2022,f,87,IND,2
2022,f,42,LKA,3
2022,f,11,PAK,5
2022,f,20,FIN,5
2022,m,4,COL,3
2022,f,87,GRC,15
2022,m,77,ISR,10
2022,f,34,LBN,2
2022,f,23,TUN,11
2022,f,21,TKM,11
2022,m,69,NPL,1
2022,f,6,ISR,9
2022,m,38,JAM,1
2022,f,16,ZAF,4
2022,f,61,ISR,7
2022,m,52,VEN,2
2022,f,23,BGD,21
2022,f,33,CUB,8
2022,m,15,BRA,10
2022,m,30,DOM,1
2022,m,23,CHL,2
2022,f,76,LTU,6
2022,m,4,AUT,4
2022,m,11,AFG,8
2022,f,111,UNKNOWN,2
2022,m,109,GRC,12
2022,f,48,COD,1
2022,f,94,LUX,1
2022,f,8,PAK,4
2022,f,0,SVK,8
2022,m,5,MNG,2
2022,f,6,LBY,2
2022,m,3,IRL,5
2022,m,25,PSE,11
2022,f,79,KAZ,4
2022,f,8,EGY,7
2022,m,52,IRQ,23
2022,f,66,KGZ,1
2022,m,106,CAN,1
2022,m,39,ETH,8
2022,m,38,SLV,2
2022,f,2,MNG,5
2022,f,37,BGD,9
2022,m,26,DOM,3
2022,f,38,SAU,2
2022,f,24,IRL,10
2022,f,76,ISR,2
2022,f,45,SRB,8
2022,f,40,IRQ,5
2022,m,59,NPL,1
2022,m,64,MYS,1
2022,m,5,COD,2
2022,f,16,ZWE,1
2022,f,44,YUG,2
2022,m,34,JAM,2
2022,f,51,IRN,5
2022,f,44,VEN,3
2022,m,18,IRN,5
2022,m,34,LKA,15
2022,m,71,IRQ,13
2022,m,5,TJK,7
2022,m,26,GHA,16
2022,f,21,VEN,5
2022,m,69,IRQ,9
2022,f,92,UNKNOWN,19
2022,f,17,PRT,5
2022,f,50,IRN,7
2022,m,67,UNKNOWN,2
2022,m,67,THA,5
2022,f,44,AGO,4
2022,f,91,MNG,2
2022,f,40,VEN,7
2022,f,77,FRA,8
2022,m,55,PER,5
2022,f,8,ARM,13
2022,m,119,USA,2
2022,f,27,ARG,8
2022,f,43,TJK,4
2022,m,77,JOR,2
2022,m,78,ISR,2
2022,m,11,NGA,2
2022,f,66,CUB,3
2022,f,80,GBR,4
2022,f,5,COL,3
2022,m,46,CHE,18
2022,f,43,NOR,24
2022,m,72,MNG,4
2022,m,62,TUN,3
2022,m,2,ISR,3
2022,f,57,YUG,2
2022,f,19,SLE,2
2022,f,6,BGD,10
2022,m,6,ECU,1
2022,m,25,PRK,1
2022,f,72,IRN,2
2022,f,40,MLT,2
2022,f,69,CHE,3
2022,f,95,UNKNOWN,6
2022,f,5,ARG,2
2022,m,93,YUG,2
2022,m,63,TUN,2
2022,f,22,NPL,21
2022,m,42,SLV,1
2022,m,89,SVK,1
2022,m,60,SAU,5
2022,f,20,NOR,16
2022,f,25,DNK,11
2022,f,83,NOR,1
2022,f,50,ZAF,4
2022,f,79,IND,3
2022,m,25,MLT,2
2022,m,92,CHN,3
2022,m,27,COG,12
2022,f,73,PHL,2
2022,f,73,SVK,2
2022,m,103,ISR,1
2022,m,96,MDA,1
2022,m,40,LKA,10
2022,f,42,MLT,2
2022,m,11,AGO,1
2022,f,83,MNG,2
2022,f,12,MKD,3
2022,f,23,MNE,7
2022,m,47,CRI,2
2022,f,96,BGR,2
2022,m,10,NGA,4
2022,m,45,VEN,9
2022,f,11,AFG,10
2022,m,54,GHA,3
2022,m,12,HRV,5
2022,f,11,BEL,11
2022,m,58,MAR,9
2022,f,52,MEX,4
2022,f,35,BEL,7
2022,f,62,CUB,1
2022,m,57,DMA,1
2022,f,50,IDN,7
2022,f,45,AZE,15
2022,f,1,SAU,2
2022,f,32,ISR,10
2022,m,59,COG,1
2022,f,78,TUR,3
2022,m,42,YUG,4
2022,m,76,SVN,1
2022,f,1,KAZ,12
2022,f,37,SYR,6
2022,m,88,FIN,1
2022,m,46,SAU,2
2022,f,74,CHE,3
2022,m,11,TKM,1
2022,f,58,NOR,8
2022,f,48,ISR,3
2022,f,3,UNKNOWN,12
2022,m,60,SVN,7
2022,f,81,NLD,4
2022,f,40,ETH,4
2022,m,25,THA,8
2022,f,56,MEX,5
2022,m,48,LKA,7
2022,f,120,DEU,3
2022,m,89,SRB,2
2022,f,34,MNE,2
2022,m,85,NOR,7
2022,m,40,MRT,1
2022,m,3,KOR,19
2022,m,28,UGA,14
2022,f,115,USA,4
2022,m,16,KGZ,6
2022,f,82,UNKNOWN,4
2022,m,58,ISL,1
2022,f,110,DEU,3
2022,f,75,UNKNOWN,11
2022,f,5,ALB,2
2022,f,74,ESP,2
2022,m,63,ZAF,4
2022,m,5,NLD,8
2022,f,61,HUN,12
2022,f,13,MAR,1
2022,m,17,ECU,1
2022,f,92,GRC,13
2022,m,23,MNE,4
2022,m,17,UZB,10
2022,f,91,LTU,4
2022,m,7,AUT,3
2022,f,30,AUS,6
2022,m,62,VEN,1
2022,m,5,GBR,10
2022,m,74,NOR,13
2022,f,67,TWN,1
2022,m,57,UNKNOWN,8
2022,m,47,LBN,11
2022,m,50,MKD,14
2022,m,61,UNKNOWN,3
2022,m,20,DJI,1
2022,m,59,SYR,16
2022,m,42,LBY,6
2022,f,34,GIN,1
2022,m,2,AZE,23
2022,m,31,GTM,7
2022,m,25,MYS,7
2022,f,77,CZE,7
2022,m,19,GIN,2
2022,f,102,FRA,3
2022,m,36,UGA,8
2022,m,59,ZAF,3
2022,f,16,BEL,7
2022,f,19,EGY,5
2022,f,14,SUR,1
2022,f,42,PRT,23
2022,m,4,ZWE,5
2022,m,53,SLV,2
2022,f,51,AGO,1
2022,f,1,IRL,3
2022,m,111,UNKNOWN,2
2022,m,97,CAN,4
2022,m,51,CHL,1
2022,f,83,JOR,1
2022,m,94,SWE,3
2022,f,31,UGA,15
2022,m,72,HUN,14
2022,m,88,GBR,6
2022,f,6,CHE,3
2022,m,59,IRQ,12
2022,m,74,UNKNOWN,5
2022,f,67,LVA,1
2022,m,35,TTO,1
2022,f,28,UNKNOWN,7
2022,f,117,DEU,2
2022,m,21,ISR,6
2022,m,66,IRQ,13
2022,f,81,USA,8
2022,f,8,MEX,3
2022,f,95,RUS,10
2022,m,88,LBN,1
2022,f,36,TZA,4
2022,f,1,ISR,6
2022,m,73,LBN,3
2022,f,80,ZAF,1
2022,m,57,LBY,10
2022,f,7,ISR,4
2022,f,52,MNG,15
2022,m,29,SEN,7
2022,f,36,SYR,9
2022,m,11,GBR,22
2022,m,23,THA,9
2022,m,2,GBR,12
2022,m,77,SVK,2
2022,m,53,TJK,7
2022,m,3,SVK,9
2022,m,88,HRV,1
2022,f,59,GRC,7
2022,f,22,DNK,12
2022,m,46,SLE,2
2022,f,97,AUS,3
2022,m,22,ISR,10
2022,f,51,TZA,3
2022,f,57,TKM,3
2022,f,41,MMR,2
2022,f,11,NPL,1
2022,f,37,UGA,9
2022,f,4,KAZ,11
2022,f,90,ARM,4
2022,m,44,MYS,2
2022,f,27,SOM,2
2022,m,11,AUS,2
2022,f,25,PAN,1
2022,f,46,BWA,1
2022,f,33,TJK,9
2022,m,24,LCA,1
2022,m,36,PER,14
2022,m,29,PAN,3
2022,f,28,AUS,4
2022,m,49,DOM,1
2022,m,48,ARG,10
2022,m,85,DNK,5
2022,m,69,CHL,2
2022,m,44,VEN,12
2022,m,31,COD,11
2022,f,56,KGZ,2
2022,f,60,PRT,3
2022,m,69,CHE,14
2022,m,13,PER,1
2022,m,74,GEO,2
2022,m,86,NLD,8
2022,m,36,CHL,11
2022,f,22,HUN,14
2022,f,60,UNKNOWN,12
2022,f,78,MNG,5
2022,m,19,ETH,5
2022,m,52,YUG,2
2022,f,45,BGD,3
2022,m,47,YUG,1
2022,m,31,DOM,4
2022,m,33,SGP,5
2022,f,66,ARG,1
2022,f,89,LTU,2
2022,f,19,CAN,7
2022,m,8,LTU,8
2022,m,32,ECU,6
2022,f,54,EGY,2
2022,m,45,VAT,3
2022,f,6,CZE,4
2022,m,74,DZA,3
2022,f,42,BGD,2
2022,f,43,ECU,4
2022,f,110,UNKNOWN,1
2022,f,17,DOM,2
2022,m,103,GBR,1
2022,m,76,UNKNOWN,1
2022,f,55,SRB,2
2022,m,62,BIH,8
2022,m,59,AUS,14
2022,f,4,NGA,3
2022,f,62,PRT,6
2022,m,47,DZA,14
2022,m,64,TJK,3
2022,m,63,MAR,4
2022,m,21,CUB,3
2022,m,18,TUN,3
2022,m,6,LVA,5
2022,m,40,ZMB,1
2022,m,82,PRK,1
2022,m,14,HRV,2
2022,f,26,PSE,1
2022,m,44,CYP,7
2022,m,60,LKA,4
2022,f,72,ESP,2
2022,f,3,LKA,3
2022,m,33,CPV,1
2022,m,78,CZE,2
2022,f,101,UNKNOWN,4
2022,m,21,MOZ,10
2022,m,29,CHL,5
2022,m,58,UNKNOWN,4
2022,f,51,SRB,3
2022,m,34,MLT,5
2022,f,13,HUN,6
2022,m,120,GBR,1
2022,m,58,NZL,2
2022,m,13,NOR,5
2022,m,67,PRK,5
2022,f,69,AUS,2
2022,f,13,TJK,4
2022,m,11,PHL,4
2022,f,10,KGZ,3
2022,f,41,FIN,18
2022,m,21,ZAF,11
2022,f,19,IRQ,4
2022,m,16,IRN,4
2022,f,61,AGO,1
2022,f,46,HRV,8
2022,m,37,UNKNOWN,12
2022,m,45,CAF,1
2022,m,6,JOR,2
2022,f,49,UZB,11
2022,m,60,BIH,6
2022,f,95,UNKNOWN,4
2022,f,102,RUS,7
2022,f,8,IRQ,6
2022,f,37,NER,1
2022,m,31,MNE,6
2022,m,98,UNKNOWN,10
2022,f,34,LKA,5
2022,m,55,ISL,3
2022,m,36,NZL,2
2022,f,10,PAK,2
2022,m,53,SAU,2
2022,f,68,IND,9
2022,f,67,CAN,10
2022,f,48,LBY,7
2022,m,20,YUG,1
2022,m,71,PAK,1
2022,f,105,ISR,2
2022,f,58,ISR,3
2022,m,75,VNM,16
2022,m,42,NZL,3
2022,f,33,ARG,8
2022,m,62,CYP,2
2022,m,9,MNG,3
2022,m,5,EGY,8
2022,f,111,UNKNOWN,1
2022,f,36,CMR,12
2022,f,77,USA,13
2022,m,30,THA,10
2022,f,70,EGY,2
2022,f,79,CHN,5
2022,f,67,TUN,3
2022,m,78,TUN,2
2022,m,73,LTU,5
2022,f,62,AFG,2
2022,m,69,MAR,1
2022,m,104,GRC,6
2022,m,45,GIN,3
2022,m,47,JOR,7
2022,m,23,BOL,3
2022,m,69,SYR,7
2022,m,70,UNKNOWN,7
2022,m,57,LBN,8
2022,m,4,UZB,5
2022,m,24,PER,14
2022,f,31,DZA,4
2022,f,77,HUN,3
2022,m,12,ZAF,1
2022,m,39,KNA,1
2022,f,74,GEO,3
2022,f,5,CAN,4
2022,f,81,ARM,8
2022,f,114,FRA,2
2022,f,36,ALB,14
2022,m,51,DZA,17
2022,f,4,ALB,5
2022,f,15,PAK,5
2022,m,51,ECU,1
2022,f,18,EGY,6
2022,f,5,BRA,16
2022,f,51,IRQ,6
2022,f,47,MAR,3
2022,f,6,SDN,1
2022,f,49,TKM,10
2022,m,54,EST,6
2022,f,23,KOSOVO,13
2022,f,50,CAN,8
2022,m,35,CRI,6
2022,f,5,LBY,3
2022,m,26,AUS,4
2022,m,41,SAU,9
2022,f,39,MAR,9
2022,m,35,UGA,8
2022,m,67,SRB,13
2022,m,38,AGO,12
2022,m,43,LUX,2
2022,f,65,ARG,2
2022,f,71,GRC,7
2022,f,64,MEX,2
2022,f,59,UZB,5
2022,m,94,UNKNOWN,4
2022,f,113,DEU,3
2022,m,66,JOR,4
2022,f,93,DNK,1
2022,f,35,COG,7
2022,m,62,CHL,2
2022,f,68,EST,1
2022,m,56,YUG,3
2022,f,27,DZA,8
2022,m,65,SRB,12
2022,m,12,EST,5
2022,f,23,SLV,2
2022,f,18,KHM,1
2022,m,59,EGY,12
2022,m,42,AFG,7
2022,m,78,GRC,12
2022,f,70,GEO,8
2022,f,71,MNG,4
2022,m,27,MWI,1
2022,f,71,ESP,4
2022,m,28,SVN,9
2022,f,67,PER,2
2022,m,84,DOM,1
2022,f,17,MNG,7
2022,f,70,IND,13
2022,f,63,GRC,16
2022,m,57,KEN,3
2022,m,32,SLV,3
2022,f,13,FIN,4
2022,f,28,SSD,1
2022,m,70,SRB,5
2022,m,60,MYS,2
2022,f,38,SEN,1
2022,f,7,CAN,6
2022,f,129,GRC,1
2022,m,42,RWA,6
2022,m,73,ROU,12
2022,f,33,UNKNOWN,2
2022,f,90,SYR,1
2022,m,58,SGP,2
2022,f,46,MDG,1
2022,m,65,SVK,10
2022,f,76,CHN,10
2022,f,54,HUN,16
2022,m,18,SYR,15
2022,f,78,ITA,5
2022,f,14,SVN,1
2022,m,69,IRN,1
2022,m,55,TWN,4
2022,m,10,UZB,2
2022,f,5,SEN,1
2022,m,53,DOM,1
2022,m,70,EGY,2
2022,m,84,IRQ,8
2022,f,32,GHA,6
2022,m,33,MLT,2
2022,m,23,MEX,13
2022,m,7,CAN,2
2022,f,8,CHE,5
2022,m,80,CZE,3
2022,m,35,TWN,22
2022,f,50,CHE,6
2022,m,6,TJK,6
2022,f,26,MDG,2
2022,m,59,YUG,2
2022,f,12,TTO,1
2022,m,90,FRA,7
2022,f,82,IRL,1
2022,m,32,TTO,3
2022,f,98,USA,7
2022,f,35,PNG,2
2022,f,31,GAB,2
2022,m,67,IRN,5
2022,m,3,AFG,9
2022,f,128,RUS,1
2022,f,89,VNM,5
2022,f,67,AUS,5
2022,f,26,DNK,10
2022,f,35,UNKNOWN,1
2022,m,65,YUG,3
2022,f,11,SVK,5
2022,m,7,HRV,3
2022,f,77,DNK,4
2022,f,69,MAR,1
2022,m,83,IRQ,2
2022,f,55,ARG,1
2022,f,64,ZAF,2
2022,m,31,AGO,10
2022,m,14,CAN,4
2022,f,3,AFG,9
2022,f,94,VNM,3
2022,f,0,MEX,5
2022,f,61,CHE,3
2022,f,2,GIN,1
2022,f,24,CHE,4
2022,f,4,CAN,6
2022,m,3,MAR,1
2022,f,15,JOR,2
2022,m,15,IDN,2
2022,f,2,MUS,1
2022,f,83,ITA,6
2022,f,6,DNK,5
2022,f,3,MAR,4
2022,m,77,ARE,1
2022,m,103,CAN,2
2022,m,42,SDN,2
2022,m,29,LBY,7
2022,f,87,ARM,8
2022,f,25,CMR,4
2022,m,48,BOL,2
2022,m,60,SYR,18
2022,m,67,KGZ,1
2022,f,10,UNKNOWN,2
2022,m,18,PRK,1
2022,m,68,MKD,3
2022,m,49,CMR,2
2022,m,35,GAB,1
2022,f,17,BEL,5
2022,m,53,KOSOVO,8
2022,m,83,UNKNOWN,7
2022,f,109,RUS,3
2022,f,14,ESP,15
2022,f,105,RUS,4
2022,f,40,UGA,4
2022,f,114,GRC,1
2022,f,52,LBY,3
2022,f,62,SVN,1
2022,f,37,MMR,1
2022,f,65,UNKNOWN,2
2022,f,53,EGY,3
2022,f,76,HUN,7
2022,m,21,AUS,4
2022,f,16,TUR,18
2022,m,0,ARE,1
2022,f,1,GRC,6
2022,f,3,COD,2
2022,m,71,PHL,3
2022,m,86,LTU,2
2022,f,18,GBR,16
2022,m,29,CYP,2
2022,m,42,NER,1
2022,m,13,SVK,12
2022,f,19,LKA,2
2022,f,45,CUB,3
2022,m,14,COL,3
2022,f,3,SVN,2
2022,m,6,BGD,5
2022,f,51,NPL,7
2022,m,52,BOL,2
2022,m,45,SDN,2
2022,f,1,CAN,2
2022,f,82,MEX,2
2022,f,20,KOSOVO,4
2022,f,71,ISR,3
2022,f,114,USA,3
2022,m,10,SWE,9
2022,f,17,IRL,6
2022,m,12,KAZ,13
2022,m,74,MNG,5
2022,m,20,SYR,23
2022,f,62,MKD,1
2022,f,47,RWA,2
2022,f,54,ARG,2
2022,f,63,LBN,1
2022,m,78,JOR,2
2022,f,2,HUN,6
2022,f,36,MMR,3
2022,m,8,BEL,8
2022,m,74,YUG,3
2022,m,79,UNKNOWN,15
2022,f,93,FRA,4
2022,m,63,CRI,3
2022,f,57,GRC,6
2022,m,76,AUS,6
2022,m,50,SUR,1
2022,m,70,UNKNOWN,3
2022,m,37,COG,10
2022,f,26,NER,1
2022,m,69,MKD,6
2022,f,83,CAN,5
2022,m,73,AFG,4
2022,m,16,ISR,3
2022,f,2,CZE,6
2022,m,118,USA,3
2022,m,34,GMB,3
2022,f,83,CZE,4
2022,m,0,TKM,3
2022,m,37,HND,3
2022,m,61,MKD,4
2022,m,12,AUS,3
2022,f,60,PHL,4
2022,m,46,GUY,1
2022,m,54,BGD,11
2022,f,65,MYS,1
2022,m,41,SGP,5
2022,f,31,GIN,1
2022,m,75,ALB,1
2022,m,4,NPL,3
2022,m,104,FRA,2
2022,f,35,SAU,6
2022,m,36,PRK,6
2022,f,46,NPL,15
2022,m,78,AUS,2
2022,f,17,BRA,5
2022,f,2,JOR,4
2022,f,60,THA,9
2022,m,40,CRI,4
2022,f,8,MKD,1
2022,f,76,FIN,4
2022,m,12,NLD,13
2022,m,53,VEN,2
2022,f,28,URY,2
2022,f,91,UNKNOWN,6
2022,m,54,KNA,2
2022,f,7,ZWE,2
2022,f,40,NZL,2
2022,m,130,USA,3
2022,m,44,SYR,27
2022,m,115,UNKNOWN,4
2022,f,41,DNK,8
2022,f,121,GRC,1
2022,f,82,VNM,20
2022,f,39,DZA,4
2022,m,43,DMA,1
2022,f,11,VEN,1
2022,f,17,AFG,6
2022,m,27,BDI,2
2022,m,52,MNE,4
2022,m,25,JAM,2
2022,m,54,ETH,2
2022,m,43,SDN,1
2022,m,37,YEM,5
2022,m,34,NER,11
2022,f,74,GRC,1
2022,f,11,LKA,1
2022,m,19,JOR,7
2022,f,47,SRB,14
2022,m,38,MYS,4
2022,f,67,ROU,6
2022,m,21,SLV,3
2022,f,63,PHL,4
2022,m,13,AUS,4
2022,f,128,USA,3
2022,m,35,ISL,1
2022,f,66,PER,1
2022,m,67,BRA,3
2022,m,24,ISR,13
2022,m,28,EST,10
2022,f,14,AFG,4
2022,f,40,TJK,3
2022,f,61,AUS,3
2022,m,40,YUG,2
2022,f,73,GRC,5
2022,f,5,NPL,6
2022,m,67,MNG,6
2022,f,26,BDI,2
2022,f,82,LVA,1
2022,f,29,CRI,5
2022,m,64,PAN,1
2022,m,10,MKD,2
2022,f,38,TJK,9
2022,m,19,AFG,9
2022,m,57,NIC,2
2022,m,50,ETH,3
2022,m,75,AUS,5
2022,m,16,ZWE,2
2022,f,38,BRN,1
2022,m,77,VAT,1
2022,m,27,SDN,4
2022,f,31,AGO,13
2022,f,35,HTI,2
2022,m,96,UKR,4
2022,m,14,MDA,19
2022,m,90,DNK,3
2022,f,27,DNK,9
2022,f,34,PAN,1
2022,f,23,ARG,5
2022,m,79,ESP,3
2022,f,76,NOR,3
2022,m,64,MUS,1
2022,m,22,UNKNOWN,10
2022,m,41,DOM,1
2022,f,26,ISL,1
2022,f,23,LBY,4
2022,f,76,NLD,5
2022,f,82,HUN,4
2022,m,48,CIV,3
2022,m,116,CAN,1
2022,f,42,ETH,1
2022,m,76,UZB,1
2022,m,13,BRA,8
2022,m,99,FRA,2
2022,f,47,DJI,1
2022,m,36,MDG,2
2022,m,7,ALB,2
2022,f,47,GHA,2
2022,m,10,EGY,7
2022,m,14,ERI,1
2022,f,79,NLD,2
2022,f,52,TWN,5
2022,m,30,SEN,7
2022,f,22,BDI,6
2022,f,61,UZB,4
2022,m,47,KOSOVO,17
2022,m,6,CIV,1
2022,f,37,YEM,5
2022,f,2,BEL,2
2022,m,25,IRQ,24
2022,f,48,LKA,1
2022,f,77,CHN,4
2022,m,75,PAK,1
2022,f,12,GRC,4
2022,m,44,SGP,3
2022,f,26,UNKNOWN,7
2022,m,14,IRQ,13
2022,f,11,NOR,9
2022,m,19,SWZ,1
2022,m,17,CAN,3
2022,f,119,UNKNOWN,2
2022,m,124,GBR,1
2022,m,31,COG,9
2022,f,43,ZMB,2
2022,m,3,MKD,2
2022,m,29,ZMB,5
2022,f,29,GTM,4
2022,f,70,CUB,1
2022,m,31,MMR,2
2022,m,69,PRT,5
2022,f,16,USA,31
2022,m,65,MNE,1
2022,f,56,SUR,1
2022,f,32,LBN,6
2022,m,29,COM,4
2022,f,115,DEU,1
2022,m,8,HUN,9
2022,m,8,KGZ,5
2022,m,23,ARE,1
2022,f,60,CHE,7
2022,f,55,ALB,2
2022,f,33,ECU,5
2022,m,56,LUX,2
2022,m,55,CHE,14
2022,m,6,CHE,1
2022,m,47,CIV,1
2022,f,30,ZMB,3
2022,f,48,DOM,1
2022,f,71,KOR,4
2022,m,55,BEN,1
2022,m,3,AZE,7
2022,m,39,NZL,6
2022,f,48,VAT,1
2022,f,2,ARG,3
2022,f,18,JOR,2
2022,m,48,PER,9
2022,f,46,MEX,10
2022,m,73,IRQ,4
2022,m,51,MKD,5
2022,f,70,ESP,6
2022,m,53,CRI,1
2022,f,31,UNKNOWN,14
2022,m,50,NIC,1
2022,f,39,GTM,3
2022,f,56,YEM,1
2022,f,85,SVK,1
2022,m,119,UNKNOWN,2
2022,m,64,CYP,1
2022,f,4,MYS,2
2022,f,13,SAU,5
2022,m,26,BDI,3
2022,f,31,BEL,15
2022,f,65,GBR,28
2022,f,54,IRL,13
2022,m,41,KEN,7
2022,m,54,TUN,14
2022,m,106,UKR,1
2022,m,56,SOM,3
2022,m,12,JOR,1
2022,f,73,CHL,1
2022,f,21,TUN,3
2022,m,7,TJK,5
2022,f,0,MNG,3
2022,f,45,KOSOVO,2
2022,f,33,SOM,1
2022,f,23,LKA,5
2022,f,38,GTM,5
2022,f,12,AFG,11
2022,f,40,MYS,9
2022,f,74,UNKNOWN,6
2022,f,64,ROU,8
2022,m,93,VNM,2
2022,m,50,SOM,1
2022,f,66,MDA,10
2022,f,27,BWA,2
2022,m,37,KWT,3
2022,m,14,PRK,2
2022,m,37,ERI,1
2022,f,55,SVK,17
2022,f,17,NOR,7
2022,f,38,AUS,8
2022,f,65,IRN,2
2022,f,45,YEM,5
2022,m,59,KGZ,6
2022,f,46,MAR,2
2022,m,31,CMR,18
2022,m,55,CHL,2
2022,m,45,QAT,1
2022,f,55,CUB,3
2022,m,65,BIH,6
2022,f,132,USA,1
2022,m,53,SDN,3
2022,m,44,CHE,12
2022,m,54,TZA,2
2022,m,60,YUG,3
2022,m,129,UNKNOWN,1
2022,f,63,ISR,5
2022,m,77,CZE,4
2022,f,43,SYR,7
2022,m,11,ESP,14
2022,m,33,CYP,3
2022,f,56,ARG,4
2022,m,59,NZL,5
2022,m,69,CZE,10
2022,f,14,DOM,1
2022,f,106,USA,5
2022,f,17,TJK,6
2022,m,75,SVN,2
2022,m,43,MUS,3
2022,f,29,SVN,5
2022,m,56,MNE,2
2022,f,84,BGR,3
2022,m,35,PRY,2
2022,f,60,CAN,12
2022,f,3,FRA,10
2022,f,8,CMR,1
2022,m,101,CZE,2
2022,f,65,TKM,2
2022,m,10,DZA,2
2022,f,66,UZB,2
2022,m,109,UNKNOWN,3
2022,f,40,SVN,8
2022,f,81,SYR,3
2022,f,46,YUG,4
2022,m,27,PRK,3
2022,m,16,VEN,1
2022,m,90,YUG,2
2022,m,68,EGY,6
2022,m,20,VAT,1
2022,m,12,EGY,6
2022,m,93,FRA,6
2022,m,78,LBY,2
2022,m,12,ARG,2
2022,f,94,FRA,1
2022,m,43,YUG,5
2022,m,21,JOR,15
2022,f,47,FIN,9
2022,f,42,PAK,17
2022,m,76,AGO,1
2022,m,87,CYP,1
2022,m,78,AFG,2
2022,f,62,AZE,3
2022,m,34,COD,2
2022,f,22,LBN,7
2022,f,22,ZAF,12
2022,m,46,COG,4
2022,m,0,GBR,7
2022,f,43,PER,5
2022,f,32,TZA,5
2022,f,55,BRA,4
2022,f,13,PAK,2
2022,m,100,RUS,2
2022,f,33,CMR,7
2022,m,20,MYS,3
2022,m,105,AUS,1
2022,m,55,GAB,1
2022,m,45,IRN,18
2022,f,15,AFG,7
2022,f,38,SLV,3
2022,f,40,BDI,1
2022,f,75,AUS,1
2022,f,71,AZE,1
2022,m,71,CHE,4
2022,f,55,ISR,2
2022,m,5,COG,1
2022,f,1,JOR,2
2022,m,76,TUN,1
2022,f,58,EST,4
2022,m,43,BFA,1
2022,m,69,CRI,1
2022,m,37,NER,2
2022,m,85,LTU,4
2022,f,42,LBN,4
2022,m,55,VEN,4
2022,m,26,COG,9
2022,m,40,GIN,3
2022,f,41,LKA,3
2022,m,27,BEN,1
2022,f,27,PAK,21
2022,m,41,HND,3
2022,m,60,YEM,6
2022,m,64,KWT,2
2022,f,56,LVA,8
2022,f,32,PER,6
2022,f,36,ISR,7
2022,f,44,BIH,3
2022,m,70,MNG,5
2022,m,21,CMR,3
2022,f,16,HRV,2
2022,f,23,COM,1
2022,f,29,GIN,1
2022,f,12,NOR,10
2022,f,39,GIN,1
2022,m,15,JOR,2
2022,f,42,ECU,5
2022,m,2,NGA,5
2022,f,84,CHE,1
2022,m,26,TCD,1
2022,m,29,NAM,4
2022,m,59,TJK,4
2022,f,20,UNKNOWN,3
2022,f,73,TUR,2
2022,f,26,BWA,1
2022,f,11,ISR,6
2022,m,80,SVK,4
2022,f,0,CRI,1
2022,f,47,ISR,12
2022,m,12,SAU,1
2022,m,73,FIN,8
2022,m,69,BRA,2
2022,f,53,KGZ,7
2022,f,62,GRC,13
2022,f,33,NZL,1
2022,m,74,KOR,6
2022,m,18,PHL,2
2022,f,22,BEN,1
2022,m,80,CHN,7
2022,f,38,ETH,2
2022,f,123,UNKNOWN,2
2022,f,58,PER,2
2022,m,67,DZA,9
2022,m,2,ETH,2
2022,m,89,COL,1
2022,f,21,ZAF,13
2022,m,110,ISR,1
2022,f,54,KEN,1
2022,m,75,IRL,4
2022,f,72,SRB,2
2022,m,20,TZA,3
2022,f,20,VEN,2
2022,m,53,ALB,6
2022,m,15,TJK,4
2022,m,6,NGA,4
2022,m,15,MNG,5
2022,f,60,FIN,7
2022,f,53,CHE,3
2022,m,91,ARG,1
2022,m,40,UGA,7
2022,m,2,COL,1
2022,f,80,MDA,2
2022,f,71,AUS,6
2022,m,24,SOM,2
2022,m,86,GHA,1
2022,f,4,LBY,2
2022,m,13,CUB,2
2022,m,109,USA,5
2022,m,33,ZMB,1
2022,m,9,MLI,1
2022,f,33,UNKNOWN,4
2022,m,26,MMR,1
2022,m,14,LTU,5
2022,f,21,MKD,3
2022,f,4,AFG,7
2022,m,70,FIN,7
2022,m,42,NIC,1
2022,f,20,MYS,5
2022,f,13,MNE,1
2022,m,49,CYP,3
2022,m,111,CAN,1
2022,m,45,SOM,1
2022,f,13,CAN,4
2022,f,28,GIN,2
2022,f,35,LKA,4
2022,m,51,GTM,2
2022,m,57,COG,1
2022,m,114,AUT,1
2022,f,23,CIV,1
2022,m,76,AFG,5
2022,f,61,IRN,4
2022,m,92,CHE,1
2022,m,15,DNK,1
2022,f,25,GTM,6
2022,m,10,LBN,1
2022,m,66,LVA,8
2022,m,65,HTI,1
2022,f,28,NZL,2
2022,f,20,ECU,2
2022,m,1,SLV,1
2022,f,75,CHE,3
2022,m,11,ZAF,4
2022,f,4,SVK,5
2022,f,53,ZAF,3
2022,m,75,LBY,3
2022,m,57,SAU,5
2022,m,27,DOM,1
2022,f,41,BIH,4
2022,m,34,DOM,3
2022,f,78,LTU,9
2022,m,2,PRT,6
2022,m,72,SAU,4
2022,f,61,DZA,1
2022,m,93,IRL,1
2022,f,49,UNKNOWN,1
2022,m,26,URY,1
2022,f,102,CAN,3
2022,f,10,ALB,2
2022,f,16,CZE,9
2022,f,19,GRC,4
2022,f,30,SEN,1
2022,f,78,KAZ,3
2022,m,102,ARM,1
2022,f,71,TUR,5
2022,m,4,SAU,4
2022,m,1,THA,1
2022,f,100,USA,6
2022,m,63,UNKNOWN,8
2022,m,21,ARG,8
2022,f,98,BLR,2
2022,f,35,GNQ,2
2022,m,98,BEL,2
2022,f,36,SOM,1
2022,f,106,ISR,2
2022,m,58,TWN,4
2022,m,1,MNG,2
2022,f,39,YEM,6
2022,f,7,SWE,6
2022,m,7,NER,1
2022,f,19,MYS,3
2022,m,15,SUR,1
2022,f,75,BGR,11
2022,f,61,UNKNOWN,8
2022,f,97,HUN,2
2022,m,102,ARG,1
2022,m,66,SYR,12
2022,m,73,LUX,1
2022,m,10,KOSOVO,1
2022,m,27,ZMB,5
2022,f,4,JOR,2
2022,f,9,HUN,6
2022,f,33,SEN,2
2022,m,15,BEL,7
2022,f,9,KGZ,3
2022,m,9,PAK,8
2022,f,49,CRI,1
2022,f,64,IRN,2
2022,f,12,NGA,1
2022,m,75,GRC,10
2022,m,61,MYS,3
2022,m,38,DOM,6
2022,f,13,AUT,4
2022,f,12,NPL,1
2022,m,59,ALB,6
2022,m,2,TKM,2
2022,m,6,DZA,2
2022,m,99,HRV,1
2022,m,32,BHS,1
2022,m,50,NZL,2
2022,m,30,NIC,2
2022,m,57,PER,3
2022,f,47,TWN,6
2022,f,56,VEN,3
2022,f,41,COL,7
2022,f,53,PER,1
2022,f,54,CMR,1
2022,f,18,CAN,5
2022,m,2,NPL,8
2022,f,13,AUS,4
2022,m,5,CZE,8
2022,f,59,PHL,6
2022,m,34,PAN,3
2022,f,22,SOM,4
2022,m,95,USA,5
2022,f,46,UNKNOWN,1
2022,m,8,FIN,2
2022,m,43,ARG,11
2022,m,59,STP,1
2022,f,13,ESP,6
2022,f,30,ECU,5
2022,m,11,IRN,4
2022,m,35,GTM,7
2022,m,46,VEN,5
2022,m,8,BGD,4
2022,m,31,MUS,5
2022,f,27,UGA,6
2022,f,18,PRT,6
2022,f,72,MNG,4
2022,f,12,KGZ,5
2022,f,0,LTU,4
2022,f,12,HUN,9
2022,m,61,EGY,12
2022,m,59,MKD,3
2022,m,72,HRV,7
2022,f,8,GBR,19
2022,f,53,ARG,4
2022,m,24,COG,5
2022,m,56,YEM,6
2022,m,24,BOL,2
2022,m,24,SLV,2
2022,f,112,DEU,5
2022,m,78,LBN,7
2022,m,45,SEN,5
2022,m,72,IRQ,8
2022,f,1,IRQ,2
2022,m,89,CAN,1
2022,f,13,ZWE,4
2022,f,9,DNK,3
2022,m,39,SLV,5
2022,m,41,ARG,26
2022,m,24,UNKNOWN,5
2022,m,45,CYP,6
2022,f,41,MDG,4
2022,f,48,FSM,1
2022,f,1,IDN,3
2022,f,43,LVA,24
2022,m,29,SOM,3
2022,f,86,KAZ,2
2022,m,17,MDA,24
2022,m,52,SGP,2
2022,f,35,NZL,2
2022,m,6,PHL,5
2022,m,7,ARG,1
2022,f,55,SLV,1
2022,m,14,KGZ,1
2022,f,47,MYS,2
2022,m,34,BFA,1
2022,m,39,TZA,5
2022,m,36,SUR,3
2022,f,63,IRL,2
2022,f,33,MUS,2
2022,m,27,NAM,2
2022,f,52,UNKNOWN,6
2022,f,33,BHR,1
2022,f,6,ZWE,3
2022,m,55,TKM,4
2022,f,51,CUB,2
2022,m,57,KGZ,3
2022,f,102,UNKNOWN,3
2022,m,60,ARG,2
2022,m,125,USA,2
2022,m,74,EGY,1
2022,f,84,CAN,1
2022,m,93,LBN,2
2022,f,65,AZE,3
2022,m,5,PHL,1
2022,m,51,GHA,3
2022,m,75,CAN,13
2022,f,23,CHL,3
2022,f,7,KGZ,3
2022,f,18,CRI,2
2022,f,26,MUS,2
2022,f,15,LTU,9
2022,m,4,CAN,4
2022,f,77,NLD,5
2022,m,61,HRV,9
2022,f,21,GHA,6
2022,f,100,AUT,2
2022,m,6,SYR,2
2022,m,25,GHA,12
2022,m,17,AUS,7
2022,f,104,LVA,1
2022,f,80,CAN,2
2022,f,105,CAN,1
2022,f,6,SYR,9
2022,f,93,LTU,3
2022,m,18,UNKNOWN,2
2022,f,38,DNK,6
2022,f,32,IRL,9
2022,f,39,CIV,2
2022,f,73,UNKNOWN,8
2022,m,44,BOL,3
2022,m,41,TGO,1
2022,m,70,BGD,2
2022,m,102,CAN,2
2022,m,43,ETH,3
2022,m,41,CMR,18
2022,f,5,MAR,1
2022,m,13,MNG,5
2022,m,58,UNKNOWN,8
2022,m,38,NZL,4
2022,f,44,YEM,3
2022,f,25,MDG,2
2022,f,69,BEL,3
2022,f,16,MAR,1
2022,f,107,DEU,3
2022,f,55,MDG,1
2022,m,29,AND,1
2022,m,38,MMR,1
2022,f,82,CHN,4
2022,f,62,AUS,5
2022,m,9,ISR,4
2022,f,9,IRL,3
2022,m,8,ITA,17
2022,f,33,COG,2
2022,f,110,LBY,1
2022,m,43,CHE,10
2022,m,94,VNM,4
2022,f,17,PHL,3
2022,m,87,JPN,1
2022,m,81,DZA,3
2022,f,69,MYS,2
2022,f,80,MNE,1
2022,f,47,COL,4
2022,f,12,TJK,5
2022,f,76,CUB,1
2022,m,86,BEL,3
2022,m,54,KEN,6
2022,m,65,TZA,2
2022,m,6,PAK,8
2022,f,41,IRQ,6
2022,m,1,SVK,6
2022,m,111,DEU,2
2022,m,32,LBY,5
2022,f,32,MAR,10
2022,f,70,TUR,5
2022,f,19,PRY,1
2022,m,9,NGA,2
2022,m,85,HRV,1
2022,m,57,MLT,4
2022,m,21,HRV,8
2022,f,48,BOL,1
2022,f,49,MEX,10
2022,m,58,GNQ,1
2022,f,14,FIN,4
2022,m,20,IRN,17
2022,m,20,HND,1
2022,m,97,USA,9
2022,m,84,BEL,4
2022,f,18,UNKNOWN,2
2022,m,38,MNE,8
2022,m,26,OMN,1
2022,f,72,PAK,2
2022,m,35,VUT,1
2022,m,48,VEN,3
2022,f,92,UNKNOWN,5
2022,m,63,CYP,2
2022,m,55,NZL,2
2022,m,78,SRB,3
2022,m,42,PAN,1
2022,f,81,UNKNOWN,3
2022,m,26,BHR,1
2022,m,14,JOR,2
2022,m,107,ESP,2
2022,m,31,TZA,6
2022,f,49,SGP,1
2022,m,32,AFG,14
2022,f,13,SRB,2
2022,f,33,AGO,3
2022,m,73,UNKNOWN,8
2022,f,29,AGO,7
2022,m,63,MKD,5
2022,f,83,HUN,2
2022,f,56,NPL,5
2022,f,30,MUS,4
2022,f,1,PAN,1
2022,m,30,JAM,1
2022,m,14,CZE,10
2022,m,32,TCD,2
2022,m,91,RUS,9
2022,m,22,MYS,6
2022,f,45,LUX,1
2022,m,100,UNKNOWN,5
2022,m,40,CIV,2
2022,m,51,FJI,1
2022,m,27,MDG,3
2022,m,14,BGD,1
2022,m,42,CHL,11
2022,f,55,IDN,3
2022,f,57,KEN,1
2022,m,73,YUG,1
2022,m,6,KOSOVO,1
2022,m,85,CHN,2
2022,f,93,MNG,1
2022,f,17,BGD,1
2022,m,8,SYR,6
2022,m,64,LKA,1
2022,m,1,CRI,6
2022,m,95,RUS,2
2022,f,50,ETH,2
2022,f,70,SYR,6
2022,m,24,GIN,1
2022,m,8,PRT,9
2022,f,53,SGP,2
2022,f,44,ETH,2
2022,m,0,NGA,6
2022,f,18,FIN,5
2022,m,76,KOR,1
2022,m,81,ZAF,1
2022,f,25,BEL,18
2022,f,87,DNK,2
2022,m,39,SVN,12
2022,m,59,UGA,2
2022,f,18,TKM,1
2022,f,27,MOZ,1
2022,f,56,ZAF,3
2022,f,39,SEN,1
2022,f,33,NAM,1
2022,m,59,UNKNOWN,7
2022,m,98,RUS,3
2022,f,22,SDN,1
2022,m,25,YEM,9
2022,f,8,LVA,3
2022,f,82,IRQ,1
2022,m,5,ESP,16
2022,f,18,PAK,2
2022,m,52,CMR,1
2022,f,80,SGP,1
2022,f,100,BEL,4
2022,m,7,LKA,1
2022,f,16,PAK,3
2022,m,80,ARM,5
2022,m,106,GBR,2
2022,f,62,NPL,2
2022,m,28,UNKNOWN,16
2022,m,93,LTU,1
2022,f,36,GHA,8
2022,f,91,IRL,1
2022,m,54,YUG,3
2022,m,30,MMR,2
2022,m,36,HTI,2
2022,f,70,FIN,6
2022,m,65,NGA,6
2022,f,85,AUS,1
2022,m,98,JOR,1
2022,m,15,LBY,4
2022,f,90,YUG,1
2022,m,21,LBY,4
2022,f,83,UNKNOWN,6
2022,f,23,MOZ,5
2022,m,7,SRB,3
2022,f,14,DNK,4
2022,f,47,ECU,2
2022,f,10,NER,1
2022,m,106,ITA,1
2022,f,23,YUG,2
2022,m,48,PRY,2
2022,m,49,LBN,7
2022,m,21,CAN,6
2022,m,5,UZB,2
2022,f,68,NOR,3
2022,f,26,VEN,12
2022,f,0,FIN,1
2022,f,61,PHL,3
2022,m,16,HRV,2
2022,m,56,PER,3
2022,m,55,CMR,1
2022,f,36,MYS,12
2022,f,31,AUS,3
2022,f,41,DZA,5
2022,m,46,CYP,7
2022,f,113,GRC,1
2022,f,8,ALB,2
2022,m,74,JOR,4
2022,f,70,UZB,2
2022,f,0,IRN,3
2022,f,75,CYP,1
2022,m,60,IRN,4
2022,m,19,IRL,6
2022,m,62,COL,2
2022,m,75,UNKNOWN,6
2022,m,9,KGZ,2
2022,m,99,RUS,1
2022,f,49,ZWE,2
2022,m,30,MLI,4
2022,m,22,THA,11
2022,f,51,TKM,9
2022,m,62,PAK,4
2022,f,28,TKM,20
2022,f,39,KHM,3
2022,f,61,AND,1
2022,m,16,LVA,4
2022,f,17,NPL,2
2022,m,112,USA,6
2022,f,24,LKA,2
2022,m,11,ITA,15
2022,f,32,MMR,1
2022,f,35,UNKNOWN,16
2022,m,109,SWE,3
2022,f,41,ARG,10
2022,m,16,PRT,6
2022,f,2,TZA,1
2022,m,25,SGP,3
2022,m,70,IRL,11
2022,m,84,UNKNOWN,1
2022,m,64,KAZ,4
2022,m,28,GIN,2
2022,f,9,ESP,9
2022,f,31,MNE,5
2022,f,4,DNK,4
2022,f,82,DNK,4
2022,m,7,NLD,12
2022,m,64,LBY,6
2022,f,104,ISR,2
2022,m,67,MEX,2
2022,f,12,ZWE,1
2022,m,116,GRC,2
2022,f,34,MLT,3
2022,m,69,TWN,2
2022,m,96,FRA,2
2022,m,69,SVK,9
2022,f,54,PRK,4
2022,m,8,SRB,2
2022,m,6,KGZ,3
2022,m,19,SGP,1
2022,m,51,OMN,1
2022,m,83,FRA,7
2022,m,70,THA,2
2022,f,1,CRI,2
2022,f,52,KOSOVO,1
2022,f,12,FIN,3
2022,f,47,GTM,3
2022,m,18,GRC,4
2022,f,90,HUN,1
2022,f,64,MKD,1
2022,f,51,ARG,1
2022,m,75,BRA,1
2022,m,81,FIN,4
2022,f,75,SRB,2
2022,m,83,GRC,12
2022,f,38,BGD,6
2022,f,37,RWA,3
2022,m,16,CMR,1
2022,f,14,IRL,2
2022,f,91,CHN,1
2022,m,49,BRA,16
2022,m,73,NZL,1
2022,f,41,EST,13
2022,f,87,USA,7
2022,f,5,SRB,4
2022,f,95,LTU,1
2022,m,57,LUX,1
2022,f,70,CHE,1
2022,m,4,SWE,4
2022,f,37,CRI,4
2022,f,27,SLV,2
2022,f,3,SYR,2
2022,m,11,ARG,4
2022,m,131,DEU,1
2022,m,27,YEM,9
2022,m,31,KHM,2
2022,m,5,NGA,3
2022,f,74,JPN,5
2022,m,82,KAZ,1
2022,f,68,NLD,8
2022,m,36,YEM,5
2022,m,76,LUX,1
2022,f,34,GAB,3
2022,m,44,MLT,5
2022,f,21,SLE,1
2022,f,41,CYP,7
2022,m,17,BGD,1
2022,m,57,LAO,1
2022,m,17,EST,1
2022,m,114,USA,2
2022,m,8,GBR,18
2022,m,42,DMA,1
2022,f,51,ZWE,3
2022,m,34,MKD,11
2022,f,33,CYP,5
2022,m,9,MEX,3
2022,m,56,KEN,1
2022,m,23,URY,1
2022,f,42,CHE,4
2022,f,19,SGP,2
2022,f,18,AUT,4
2022,m,74,ISR,9
2022,m,19,SRB,4
2022,f,12,CAN,1
2022,f,41,SGP,1
2022,m,75,UZB,2
2022,f,48,IRN,7
2022,f,63,UNKNOWN,1
2022,m,41,SVN,11
2022,m,35,HND,1
2022,m,7,SWE,3
2022,f,35,GAB,1
2022,m,38,BEN,1
2022,f,17,EGY,4
2022,m,58,IRN,8
2022,m,26,PER,9
2022,m,89,LTU,1
2022,m,1,YEM,1
2022,f,45,ISR,11
2022,f,78,GRC,6
2022,m,69,PER,3
2022,f,17,IRN,2
2022,f,37,IRQ,9
2022,m,45,URY,2
2022,f,73,BRA,1
2022,f,8,UNKNOWN,2
2022,m,104,CAN,1
2022,f,46,LBY,5
2022,f,65,IRL,3
2022,f,3,TJK,4
2022,m,0,MNE,1
2022,f,57,IRL,3
2022,f,37,ZAF,8
2022,m,128,USA,2
2022,f,14,NGA,2
2022,m,28,MDV,1
2022,f,23,URY,2
2022,f,39,CHL,4
2022,m,38,MUS,5
2022,m,75,CZE,14
2022,f,41,TUN,8
2022,m,22,ZMB,4
2022,f,37,TZA,2
2022,f,27,ISR,6
2022,m,72,PRK,2
2022,f,29,PAN,2
2022,f,6,MNG,3
2022,m,52,GHA,2
2022,m,79,VNM,10
2022,m,27,GAB,1
2022,m,44,SEN,3
2022,f,17,GRC,3
2022,m,91,MNG,1
2022,m,32,DOM,9
2022,f,55,ZAF,5
2022,m,72,LUX,1
2022,f,26,YEM,3
2022,f,11,ISL,1
2022,f,49,COL,4
2022,f,58,ALB,1
2022,f,48,DMA,1
2022,f,54,MEX,5
2022,f,72,KEN,1
2022,f,66,YEM,2
2022,f,32,ECU,4
2022,m,9,SAU,3
2022,f,93,IND,1
2022,f,14,HUN,8
2022,m,10,PHL,1
2022,f,49,IRQ,5
2022,m,69,YUG,3
2022,m,11,BRA,5
2022,f,18,SOM,1
2022,m,43,NZL,5
2022,f,70,MYS,2
2022,m,13,ZAF,1
2022,f,10,ISR,9
2022,f,12,TKM,2
2022,f,78,BEL,2
2022,f,17,SRB,2
2022,m,8,ARG,3
2022,m,49,YUG,6
2022,m,52,YUG,1
2022,m,26,CYP,4
2022,f,82,BRA,1
2022,f,41,ZMB,6
2022,f,50,TWN,2
2022,m,75,VAT,1
2022,m,14,TKM,2
2022,f,1,TUN,4
2022,f,48,EST,6
2022,m,81,CHE,6
2022,f,42,HRV,6
2022,m,33,PRY,2
2022,m,112,BRA,1
2022,m,23,TZA,12
2022,f,18,NGA,9
2022,m,9,COD,1
2022,f,71,LVA,1
2022,f,64,ITA,10
2022,f,62,FIN,7
2022,m,97,IDN,1
2022,f,81,DNK,3
2022,m,40,GMB,10
2022,f,22,CYP,1
2022,f,50,TJK,3
2022,m,28,PSE,5
2022,f,23,VEN,5
2022,m,79,UNKNOWN,1
2022,m,24,BTN,1
2022,f,56,LBN,1
2022,m,45,BOL,3
2022,f,17,FIN,5
2022,f,80,SVK,1
2022,m,117,BEL,1
2022,f,59,LBN,1
2022,f,43,UNKNOWN,1
2022,f,1,SYR,5
2022,m,56,CAN,11
2022,f,38,NIC,1
2022,f,18,NZL,2
2022,f,59,TUN,3
2022,f,40,PSE,1
2022,f,36,SEN,1
2022,m,12,UNKNOWN,5
2022,f,32,CMR,8
2022,f,77,YUG,1
2022,m,78,UNKNOWN,2
2022,m,21,BOL,2
2022,m,81,MNG,2
2022,m,57,VAT,1
2022,m,112,GRC,3
2022,f,17,HRV,2
2022,f,20,COD,4
2022,m,94,BLR,1
2022,f,83,AUS,2
2022,f,62,IRQ,2
2022,m,59,ARG,3
2022,m,42,LUX,2
2022,f,42,TUN,4
2022,f,4,NZL,1
2022,f,52,YUG,2
2022,f,73,JPN,6
2022,m,24,MYS,12
2022,f,0,GRC,2
2022,f,27,YEM,3
2022,f,4,LBR,1
2022,f,28,LCA,1
2022,m,24,CHE,3
2022,m,29,MKD,9
2022,f,26,SGP,7
2022,f,38,CHE,5
2022,f,17,BIH,1
2022,f,50,PRK,9
2022,f,96,LUX,1
2022,f,73,YUG,2
2022,m,67,SVN,2
2022,f,100,RUS,7
2022,f,57,DOM,3
2022,m,9,SVK,9
2022,f,29,PSE,1
2022,m,52,ISL,2
2022,f,0,ESP,5
2022,m,56,SDN,2
2022,m,67,CYP,2
2022,m,39,JOR,9
2022,f,35,MKD,7
2022,m,8,THA,1
2022,f,72,TKM,1
2022,f,43,JOR,1
2022,f,6,MKD,1
2022,f,46,ALB,7
2022,m,7,CMR,2
2022,f,101,GRC,3
2022,m,77,HUN,5
2022,m,20,DMA,3
2022,m,13,CAN,9
2022,m,49,MNE,2
2022,f,21,SAU,3
2022,m,24,GMB,4
2022,f,79,SVK,1
2022,m,79,BGR,12
2022,m,31,LUX,2
2022,f,52,YUG,3
2022,m,9,PHL,9
2022,f,11,AUS,1
2022,f,39,CRI,3
2022,f,9,NOR,1
2022,f,67,IRQ,2
2022,m,45,MUS,5
2022,f,35,CHL,4
2022,f,80,YUG,1
2022,f,6,MEX,2
2022,f,27,VEN,7
2022,m,31,ERI,1
2022,m,19,CHL,1
2022,m,80,ZAF,1
2022,f,112,GRC,3
2022,m,79,LBY,2
2022,m,34,LUX,1
2022,m,77,AFG,2
2022,m,21,MKD,1
2022,f,49,LBN,3
2022,f,80,PHL,1
2022,m,76,COG,1
2022,m,6,MAR,1
2022,f,65,CHL,1
2022,f,99,ROU,1
2022,m,29,AUS,12
2022,f,15,DNK,2
2022,f,49,AZE,8
2022,f,22,MEX,11
2022,m,89,NOR,1
2022,f,99,ARM,1
2022,f,48,AUS,11
2022,f,19,SRB,1
2022,f,43,SDN,1
2022,f,65,CZE,5
2022,m,58,IDN,1
2022,f,37,YUG,3
2022,m,68,IRL,10
2022,f,52,EGY,2
2022,f,93,UNKNOWN,2
2022,f,65,YUG,1
2022,m,82,NOR,7
2022,f,0,TJK,6
2022,m,49,URY,2
2022,f,11,BRA,6
2022,m,12,NZL,3
2022,m,45,MNE,2
2022,m,16,NPL,1
2022,m,43,MYS,6
2022,f,60,GRC,3
2022,f,55,MYS,4
2022,f,50,NPL,6
2022,m,31,ARE,1
2022,f,20,EST,2
2022,f,9,ITA,13
2022,m,70,PAK,3
2022,m,8,MEX,3
2022,m,52,CUB,2
2022,m,32,KNA,2
2022,m,61,PHL,7
2022,f,46,MMR,1
2022,f,68,CAN,8
2022,m,4,ISR,6
2022,f,7,IRQ,4
2022,f,52,NOR,12
2022,m,41,CRI,5
2022,f,10,MEX,4
2022,f,46,MNE,1
2022,m,10,SRB,3
2022,m,45,CHE,6
2022,m,64,SVN,1
2022,m,44,LUX,3
2022,m,65,LVA,12
2022,m,43,TWN,9
2022,f,42,YUG,2
2022,m,60,TKM,1
2022,m,65,JOR,3
2022,f,85,CAN,1
2022,f,37,MDG,1
2022,m,40,ERI,1
2022,f,30,LBY,5
2022,m,13,IRQ,4
2022,f,17,DNK,8
2022,f,8,AGO,1
2022,f,19,UNKNOWN,1
2022,f,22,NER,2
2022,m,77,KOR,3
2022,f,29,EGY,10
2022,f,19,ISR,3
2022,f,64,PAK,2
2022,m,39,MLT,1
2022,m,35,GMB,6
2022,m,89,BEL,3
2022,m,2,CHE,3
2022,m,62,ZAF,8
2022,m,116,USA,1
2022,f,1,PRY,1
2022,m,75,ETH,1
2022,m,64,KOSOVO,2
2022,m,75,SDN,1
2022,f,41,UGA,3
2022,m,61,UNKNOWN,12
2022,m,40,GUY,1
2022,f,12,UNKNOWN,7
2022,f,41,SVN,5
2022,m,35,NER,3
2022,m,29,BEN,1
2022,f,47,IRQ,4
2022,f,62,TUN,1
2022,m,22,SLV,1
2022,f,23,AUS,5
2022,m,11,CHL,3
2022,m,55,TUN,3
2022,m,76,BGD,1
2022,m,75,AFG,4
2022,m,83,HUN,5
2022,m,70,GEO,18
2022,m,55,LUX,2
2022,f,23,PRY,3
2022,m,67,FIN,8
2022,m,28,SUR,1
2022,m,24,KHM,2
2022,f,28,NIC,1
2022,m,74,VAT,1
2022,m,67,CMR,1
2022,f,80,CHN,6
2022,f,53,ALB,1
2022,m,51,KHM,1
2022,f,11,UZB,5
2022,m,63,PAK,4
2022,f,22,PRY,1
2022,f,82,PRT,2
2022,f,7,SRB,3
2022,m,68,CHE,8
2022,m,48,LBY,8
2022,m,40,AFG,9
2022,f,89,UNKNOWN,1
2022,m,22,CHE,2
2022,m,27,PSE,4
2022,m,15,CZE,10
2022,m,22,GMB,5
2022,f,79,DNK,7
2022,f,5,FIN,2
2022,m,92,MKD,1
2022,m,100,SWE,2
2022,m,57,JOR,13
2022,f,94,RUS,11
2022,m,46,MUS,3
2022,f,53,FIN,7
2022,f,41,HRV,6
2022,m,31,DMA,1
2022,f,6,AFG,6
2022,m,2,AUT,3
2022,f,44,ZAF,6
2022,f,95,UNKNOWN,2
2022,m,9,SVN,2
2022,m,57,VEN,4
2022,f,25,MMR,3
2022,f,71,MAR,1
2022,m,83,SVN,1
2022,m,71,BIH,5
2022,f,45,LBY,2
2022,m,62,MLI,2
2022,m,83,IRL,2
2022,m,8,ESP,9
2022,f,28,OMN,1
2022,f,43,HRV,11
2022,m,73,BIH,1
2022,f,82,MDA,1
2022,m,27,MUS,2
2022,f,29,VEN,10
2022,f,52,PAN,1
2022,m,15,PAK,2
2022,f,61,AFG,2
2022,m,28,TGO,2
2022,m,50,MNE,4
2022,f,75,TUR,1
2022,m,32,MNE,8
2022,m,42,KEN,15
2022,m,45,GTM,5
2022,f,29,LBY,2
2022,m,52,COG,1
2022,f,3,EGY,12
2022,f,38,LKA,8
2022,f,75,FIN,3
2022,m,29,FJI,1
2022,m,72,UNKNOWN,2
2022,m,68,LBN,1
2022,f,75,GEO,5
2022,f,19,SYR,8
2022,f,86,VNM,6
2022,m,17,SYR,5
2022,m,52,BRA,9
2022,f,32,UNKNOWN,1
2022,m,29,BDI,1
2022,m,71,PRK,1
2022,f,71,ROU,5
2022,m,19,COD,6
2022,f,44,SVN,9
2022,m,25,NZL,1
2022,f,61,AZE,5
2022,f,32,BEL,11
2022,f,65,UNKNOWN,7
2022,m,8,CMR,1
2022,f,79,GBR,6
2022,f,64,CUB,1
2022,m,70,IRQ,7
2022,f,70,ROU,4
2022,m,123,ITA,1
2022,m,62,KGZ,1
2022,m,72,UNKNOWN,11
2022,f,75,IRL,1
2022,f,19,NGA,14
2022,f,42,MYS,2
2022,f,66,SYR,3
2022,m,14,CMR,2
2022,m,24,CIV,1
2022,m,72,ESP,14
2022,m,75,TUN,4
2022,m,106,GRC,9
2022,m,12,NGA,4
2022,f,22,PAK,5
2022,f,7,PHL,3
2022,m,76,PRT,2
2022,m,76,KWT,1
2022,m,49,EST,8
2022,f,24,COG,4
2022,m,29,JAM,1
2022,f,38,HND,3
2022,f,31,KOSOVO,1
2022,f,21,ECU,3
2022,m,22,MLI,2
2022,m,22,TUN,9
2022,m,13,UNKNOWN,11
2022,f,68,AFG,3
2022,m,47,NZL,4
2022,f,115,CZE,1
2022,m,32,MDG,1
2022,m,6,IDN,4
2022,f,52,PRK,3
2022,f,19,AGO,4
2022,m,74,IRQ,4
2022,f,59,PAK,2
2022,f,126,UNKNOWN,4
2022,m,62,TWN,1
2022,m,10,URY,1
2022,f,1,MNG,3
2022,f,7,NGA,4
2022,f,52,AZE,6
2022,m,89,NLD,4
2022,f,49,EGY,4
2022,f,74,YEM,1
2022,m,10,NPL,2
2022,f,89,CZE,1
2022,m,40,VCT,1
2022,m,0,NPL,5
2022,m,55,KEN,1
2022,m,89,BGR,1
2022,f,55,HRV,2
2022,m,65,CRI,1
2022,m,82,ESP,3
2022,f,43,AUS,9
2022,m,13,ISR,5
2022,f,91,HUN,1
2022,m,17,IRL,7
2022,m,59,BIH,8
2022,f,39,EGY,3
2022,f,58,PAK,5
2022,f,58,UZB,6
2022,f,19,ETH,4
2022,f,62,DOM,2
2022,f,87,TUR,1
2022,f,47,URY,1
2022,f,14,EST,1
2022,m,74,PRT,3
2022,f,60,PAK,1
2022,f,40,DZA,2
2022,f,27,BFA,1
2022,f,68,KOR,6
2022,m,1,CUB,2
2022,f,56,CHL,1
2022,m,57,ARG,4
2022,m,9,DZA,2
2022,m,15,KGZ,1
2022,m,58,ZWE,1
2022,m,62,BOL,2
2022,m,40,YUG,2
2022,f,7,KEN,1
2022,m,95,SWE,3
2022,m,7,ISL,1
2022,f,67,LIE,1
2022,f,91,GEO,2
2022,f,21,ARG,6
2022,f,111,FRA,2
2022,m,5,JPN,9
2022,m,39,UNKNOWN,2
2022,f,84,IRQ,2
2022,f,58,SAU,3
2022,f,47,PAK,4
2022,f,88,BEL,2
2022,m,28,SLV,1
2022,f,28,UNKNOWN,1
2022,m,7,AUS,1
2022,m,1,NPL,4
2022,f,41,BOL,5
2022,m,138,USA,1
2022,m,60,LUX,2
2022,f,23,SGP,1
2022,m,52,SEN,1
2022,f,59,CAN,12
2022,f,10,LVA,3
2022,f,43,DMA,1
2022,m,57,ETH,2
2022,f,45,AGO,1
2022,f,9,CUB,1
2022,f,100,VNM,1
2022,m,34,HND,4
2022,m,74,LBY,4
2022,m,84,UNKNOWN,1
2022,f,87,ESP,1
2022,f,65,VEN,3
2022,m,93,DNK,2
2022,m,84,NZL,1
2022,f,71,EGY,1
2022,f,42,EGY,8
2022,f,1,MEX,4
2022,f,6,SVN,2
2022,m,13,UNKNOWN,3
2022,m,86,NOR,4
2022,f,65,BRA,1
2022,m,3,GRC,1
2022,f,110,LTU,2
2022,m,84,IRL,1
2022,f,51,NZL,2
2022,f,42,TJK,4
2022,m,87,NOR,2
2022,m,13,SRB,6
2022,m,47,PSE,1
2022,m,2,UGA,2
2022,m,18,SDN,1
2022,m,52,SVN,3
2022,f,43,SVN,4
2022,f,40,ZMB,3
2022,f,95,GBR,2
2022,f,11,CAN,3
2022,f,64,ISR,5
2022,m,70,KAZ,4
2022,m,18,PER,1
2022,m,89,UNKNOWN,2
2022,f,48,SYC,2
2022,f,8,CHL,1
2022,f,103,GRC,1
2022,m,78,ROU,3
2022,m,16,YEM,2
2022,m,64,PER,1
2022,f,16,CRI,1
2022,m,124,USA,4
2022,m,20,CMR,2
2022,f,6,LVA,2
2022,m,69,HUN,12
2022,m,4,MNG,5
2022,m,49,TZA,2
2022,f,4,SWE,6
2022,m,96,BEL,1
2022,m,72,DZA,4
2022,m,9,LVA,2
2022,f,19,BDI,3
2022,f,40,HRV,6
2022,m,65,HND,2
2022,f,24,BDI,3
2022,m,70,COD,1
2022,f,19,DNK,7
2022,m,91,CHN,2
2022,m,35,TZA,7
2022,m,77,DZA,1
2022,m,58,SVN,4
2022,m,100,AUT,2
2022,f,5,KGZ,5
2022,f,49,HRV,5
2022,f,56,BOL,1
2022,m,23,VEN,16
2022,f,89,BLR,6
2022,m,130,UNKNOWN,1
2022,m,14,EGY,4
2022,f,129,ITA,1
2022,m,32,SDN,3
2022,m,62,YEM,3
2022,f,81,JPN,3
2022,f,16,ARG,1
2022,f,122,UNKNOWN,3
2022,m,15,MKD,1
2022,f,9,MNG,2
2022,f,0,EGY,4
2022,m,39,SGP,2
2022,f,50,KOSOVO,1
2022,m,15,SVK,8
2022,m,90,LBN,2
2022,m,32,CRI,5
2022,m,29,SYC,1
2022,f,94,CHE,1
2022,f,102,UNKNOWN,4
2022,m,82,FIN,2
2022,m,15,CHE,3
2022,f,81,UNKNOWN,4
2022,f,77,NOR,1
2022,m,5,LKA,1
2022,f,8,PHL,3
2022,m,68,JOR,2
2022,m,57,MUS,2
2022,f,30,NAM,3
2022,f,100,AUS,1
2022,f,40,CHE,4
2022,f,90,GBR,3
2022,m,24,MDG,2
2022,m,89,CZE,1
2022,m,52,AFG,6
2022,m,64,JOR,4
2022,m,11,SVN,1
2022,m,79,HRV,2
2022,f,30,KOSOVO,3
2022,f,14,PRT,4
2022,m,39,ARE,1
2022,m,8,URY,1
2022,m,31,BLZ,1
2022,m,27,ISR,14
2022,f,65,NOR,3
2022,f,38,TZA,5
2022,f,44,RWA,3
2022,m,50,UNKNOWN,1
2022,m,110,GBR,1
2022,f,15,COD,1
2022,f,98,AUT,1
2022,f,21,AUS,3
2022,f,66,ALB,1
2022,f,116,CAN,3
2022,f,65,ESP,5
2022,f,6,PHL,2
2022,f,113,RUS,3
2022,m,114,RUS,1
2022,f,37,GAB,1
2022,m,63,YUG,2
2022,m,33,MMR,3
2022,f,86,SYR,1
2022,m,60,IDN,2
2022,f,81,ISR,1
2022,f,16,PRT,3
2022,m,28,BLZ,1
2022,f,32,CHE,4
2022,f,48,MAR,2
2022,f,9,SGP,1
2022,m,38,CYP,3
2022,m,44,DOM,5
2022,f,99,RUS,8
2022,f,10,NGA,1
2022,f,85,PHL,1
2022,f,46,LKA,3
2022,m,40,SDN,2
2022,f,44,CPV,1
2022,f,15,KGZ,3
2022,m,44,GHA,7
2022,f,117,JOR,1
2022,f,23,JOR,6
2022,f,28,SVN,4
2022,m,4,CHE,4
2022,m,40,VAT,4
2022,f,2,IRL,1
2022,m,65,LBY,8
2022,f,80,EST,1
2022,f,19,EST,1
2022,f,15,SVN,3
2022,m,101,BEL,1
2022,f,53,AFG,3
2022,m,45,DOM,2
2022,m,42,GHA,8
2022,m,2,LBN,2
2022,m,2,SYR,5
2022,m,22,SDN,7
2022,f,20,SWE,5
2022,f,11,PER,1
2022,f,20,LKA,1
2022,m,76,HUN,5
2022,m,102,NOR,1
2022,m,7,UNKNOWN,3
2022,f,100,UKR,5
2022,f,24,CRI,2
2022,m,7,SYR,4
2022,f,39,AFG,5
2022,f,87,NLD,2
2022,m,24,MWI,2
2022,m,21,ERI,1
2022,f,16,SDN,1
2022,f,73,AZE,3
2022,f,9,THA,2
2022,m,18,ISL,1
2022,f,36,CHE,7
2022,f,62,SDN,1
2022,f,86,UNKNOWN,5
2022,m,9,TUN,3
2022,m,77,KAZ,1
2022,f,19,BOL,1
2022,f,43,UNKNOWN,2
2022,m,44,COM,1
2022,m,37,MYS,4
2022,m,12,MEX,2
2022,m,69,TKM,1
2022,f,117,RUS,1
2022,m,2,KOR,13
2022,m,13,SUR,1
2022,m,45,HTI,1
2022,f,92,ARM,3
2022,m,13,EST,1
2022,f,46,CHE,6
2022,f,24,MYS,8
2022,f,94,USA,7
2022,m,44,TGO,3
2022,f,20,DZA,4
2022,f,49,NGA,2
2022,f,50,LKA,3
2022,m,34,BHR,1
2022,f,32,UNKNOWN,6
2022,m,2,CAN,2
2022,f,30,COG,3
2022,m,20,BEL,12
2022,m,57,BOL,1
2022,f,44,LKA,3
2022,m,12,MNE,1
2022,m,12,UNKNOWN,2
2022,m,30,NZL,3
2022,f,86,FIN,2
2022,f,54,UGA,1
2022,f,39,BOL,2
2022,m,59,MNE,1
2022,f,57,ZWE,1
2022,f,79,FRA,9
2022,m,64,ARG,3
2022,m,34,LIE,1
2022,m,61,AFG,4
2022,f,22,UNKNOWN,5
2022,f,64,ARG,1
2022,m,74,ESP,9
2022,f,79,TUR,2
2022,m,79,CHE,6
2022,f,5,SVN,3
2022,f,9,TZA,1
2022,f,33,IRL,6
2022,m,15,NPL,1
2022,m,96,CAN,4
2022,m,18,IRL,3
2022,f,32,JAM,1
2022,m,23,OMN,5
2022,f,71,COL,3
2022,f,25,BIH,6
2022,m,79,BOL,1
2022,f,15,SAU,1
2022,m,77,CHE,11
2022,m,87,BGR,3
2022,f,35,TJK,6
2022,m,12,PRY,1
2022,m,55,CRI,2
2022,m,39,MMR,2
2022,f,31,CIV,2
2022,f,57,UNKNOWN,1
2022,f,35,CYP,1
2022,f,7,SVK,10
2022,f,48,IRL,10
2022,f,41,DOM,1
2022,f,42,NGA,10
2022,f,41,ISR,11
2022,m,77,MNG,1
2022,f,58,IRQ,1
2022,m,6,GHA,1
2022,m,29,PRK,2
2022,f,54,ISR,4
2022,m,52,ARG,3
2022,m,64,NZL,2
2022,f,38,MUS,3
2022,m,63,PAN,1
2022,m,119,CAN,1
2022,f,16,IRL,5
2022,m,37,SLE,2
2022,m,45,PER,6
2022,f,114,DEU,2
2022,m,54,PER,7
2022,m,33,TZA,6
2022,f,23,MUS,4
2022,m,87,DNK,1
2022,m,34,VUT,1
2022,f,39,MMR,2
2022,f,58,GRD,1
2022,m,18,KEN,2
2022,f,63,VEN,1
2022,m,37,ECU,5
2022,f,75,VEN,1
2022,f,47,YUG,2
2022,f,119,UNKNOWN,1
2022,m,64,PHL,3
2022,m,0,VEN,2
2022,m,81,VEN,1
2022,f,43,CHL,2
2022,f,40,LAO,2
2022,f,96,GEO,1
2022,f,6,VEN,2
2022,m,11,BGD,3
2022,f,18,BRA,4
2022,f,98,AUS,1
2022,m,42,MMR,2
2022,f,25,LKA,5
2022,f,14,ZMB,1
2022,m,43,AGO,2
2022,f,93,AUT,2
2022,m,44,KWT,1
2022,f,34,GHA,3
2022,m,74,YUG,1
2022,f,2,AUT,2
2022,f,1,HRV,4
2022,m,7,LBY,3
2022,f,7,UNKNOWN,1
2022,f,12,JPN,20
2022,f,16,CHE,3
2022,f,48,YUG,2
2022,f,65,HUN,10
2022,f,101,LTU,1
2022,f,1,SVN,2
2022,m,70,MAR,4
2022,f,7,TKM,1
2022,m,58,EST,2
2022,f,106,UNKNOWN,4
2022,m,65,TJK,2
2022,f,45,NZL,2
2022,f,91,FRA,3
2022,m,19,PSE,5
2022,f,66,MNG,7
2022,m,65,VEN,1
2022,m,87,CZE,2
2022,m,15,LVA,1
2022,f,118,RUS,2
2022,f,61,PRT,2
2022,f,21,SVN,1
2022,m,126,YUG,1
2022,m,50,BOL,2
2022,m,3,JOR,2
2022,f,4,AUT,1
2022,f,77,FIN,2
2022,f,68,NZL,1
2022,m,75,NZL,1
2022,f,7,COL,2
2022,f,75,CUB,1
2022,m,39,RWA,11
2022,m,53,YUG,2
2022,m,6,BIH,1
2022,f,86,IND,1
2022,f,79,KOR,1
2022,m,30,GNB,1
2022,f,25,DMA,1
2022,f,98,ARM,1
2022,f,83,BGR,4
2022,m,66,AFG,5
2022,m,52,NZL,6
2022,m,74,FIN,6
2022,m,76,ISR,7
2022,f,86,ARM,9
2022,f,22,ISR,4
2022,f,10,SYR,5
2022,m,21,MNE,2
2022,f,46,NGA,6
2022,m,52,GMB,1
2022,f,88,DNK,3
2022,f,60,ZWE,2
2022,m,1,KGZ,2
2022,f,17,UNKNOWN,1
2022,f,18,IDN,3
2022,f,38,COG,3
2022,f,70,HUN,5
2022,f,78,CHL,2
2022,f,76,CAN,1
2022,f,23,CHE,5
2022,m,2,MKD,3
2022,m,78,HUN,9
2022,m,20,ALB,6
2022,m,86,NER,1
2022,m,46,COD,1
2022,f,40,NIC,1
2022,m,37,TZA,5
2022,m,71,AFG,2
2022,f,41,ETH,4
2022,f,131,UNKNOWN,2
2022,m,1,MYS,2
2022,f,84,UZB,2
2022,f,121,RUS,2
2022,m,61,YUG,2
2022,m,13,IDN,1
2022,m,77,UNKNOWN,3
2022,m,54,IDN,7
2022,f,27,ECU,3
2022,f,18,UGA,1
2022,f,16,MNG,3
2022,f,33,BOL,1
2022,f,33,COM,1
2022,f,29,BDI,4
2022,f,6,TWN,1
2022,f,72,SVK,3
2022,f,29,SEN,1
2022,f,26,CUB,5
2022,f,18,LVA,5
2022,m,29,MNE,3
2022,f,105,USA,5
2022,f,107,GRC,2
2022,f,36,LAO,2
2022,m,62,SGP,3
2022,m,64,BOL,1
2022,f,8,NGA,3
2022,m,18,MEX,4
2022,f,0,NLD,2
2022,m,33,MNE,7
2022,f,55,LKA,1
2022,f,1,NOR,1
2022,m,7,EGY,5
2022,f,123,BRA,1
2022,m,17,ZWE,5
2022,f,33,GTM,7
2022,m,45,AGO,1
2022,m,23,PHL,5
2022,f,38,BEN,2
2022,m,37,GIN,3
2022,f,54,IDN,5
2022,f,52,NZL,2
2022,m,50,CHL,5
2022,m,7,ISR,2
2022,f,51,COL,3
2022,m,11,DNK,1
2022,m,16,SYR,6
2022,m,55,UGA,1
2022,f,54,NOR,8
2022,f,77,ESP,5
2022,f,35,GNB,1
2022,m,10,KGZ,3
2022,f,19,NZL,1
2022,f,94,LTU,1
2022,f,33,KHM,2
2022,m,57,ZWE,1
2022,f,70,PRT,2
2022,f,32,PLW,1
2022,f,19,BIH,1
2022,f,79,CAN,3
2022,f,40,AFG,3
2022,m,77,LBY,1
2022,m,41,BFA,1
2022,f,45,PAK,5
2022,f,84,IND,3
2022,f,18,YEM,2
2022,m,62,MEX,1
2022,f,26,SOM,2
2022,f,70,BGD,1
2022,m,20,TKM,2
2022,f,26,CYP,2
2022,f,12,SRB,4
2022,f,13,CUB,2
2022,m,34,GIN,7
2022,f,29,SGP,3
2022,m,45,LAO,2
2022,m,116,UNKNOWN,1
2022,m,14,CHE,3
2022,m,13,CRI,1
2022,f,37,PNG,1
2022,f,8,BIH,2
2022,f,27,GMB,2
2022,f,48,UNKNOWN,1
2022,f,26,SUR,1
2022,f,42,MAR,2
2022,m,63,SDN,1
2022,f,118,DEU,3
2022,m,2,LVA,4
2022,m,79,SVK,2
2022,f,50,JAM,1
2022,f,13,SLV,1
2022,m,63,EST,2
2022,m,43,CYP,6
2022,m,1,JOR,3
2022,f,17,HUN,5
2022,f,43,SUR,1
2022,m,55,COL,4
2022,f,47,AUS,7
2022,f,122,AUT,1
2022,m,60,MNG,11
2022,m,2,ALB,2
2022,f,4,UZB,4
2022,f,33,GIN,3
2022,f,40,UNKNOWN,3
2022,f,18,THA,4
2022,f,82,AUS,1
2022,f,94,AUT,3
2022,m,77,IRL,5
2022,m,52,UGA,1
2022,m,91,UNKNOWN,4
2022,f,18,COG,1
2022,f,17,SOM,1
2022,f,54,MNG,15
2022,m,34,NAM,1
2022,m,32,BHR,1
2022,m,118,GBR,1
2022,m,40,CYP,2
2022,f,3,MEX,2
2022,m,44,TTO,1
2022,m,4,GRC,4
2022,f,32,SLV,2
2022,m,8,SAU,3
2022,f,61,MRT,1
2022,f,20,YUG,2
2022,f,41,CRI,7
2022,m,44,KNA,1
2022,f,27,ISL,2
2022,f,9,TWN,1
2022,f,70,ISR,4
2022,f,37,GHA,3
2022,f,2,SGP,1
2022,f,88,IRN,1
2022,m,59,SVN,3
2022,f,20,LBY,3
2022,m,49,BOL,4
2022,m,81,UNKNOWN,3
2022,f,6,MNE,2
2022,f,5,SWE,4
2022,f,67,CHE,7
2022,f,28,UGA,17
2022,f,70,JPN,6
2022,m,14,PAK,5
2022,f,69,TUR,4
2022,f,62,KEN,1
2022,f,55,SVN,3
2022,m,80,COG,2
2022,m,6,IRL,6
2022,m,123,UNKNOWN,1
2022,m,11,SWE,6
2022,f,69,NPL,1
2022,m,16,NOR,6
2022,f,107,CAN,1
2022,f,77,IND,4
2022,f,27,CHL,4
2022,f,47,HND,1
2022,f,22,ARG,2
2022,m,9,LBY,2
2022,f,11,JOR,1
2022,f,53,PRK,2
2022,f,53,BWA,1
2022,m,3,CUB,1
2022,m,88,FRA,8
2022,m,59,LBR,1
2022,f,4,TWN,1
2022,m,132,UNKNOWN,1
2022,m,62,TJK,6
2022,f,50,BOL,2
2022,m,49,CPV,1
2022,f,39,COG,3
2022,f,53,KHM,1
2022,m,56,TZA,1
2022,f,47,PER,4
2022,f,93,ARM,2
2022,f,46,TUN,3
2022,f,20,HND,1
2022,f,10,CHL,1
2022,f,121,DEU,2
2022,f,90,AUS,1
2022,m,113,ITA,1
2022,m,66,SVN,3
2022,f,98,BEL,2
2022,f,125,DEU,2
2022,f,82,KAZ,4
2022,f,0,COD,2
2022,m,56,ETH,2
2022,m,73,SYR,3
2022,f,69,KOR,4
2022,f,38,RWA,3
2022,m,71,CYP,1
2022,f,82,CAN,2
2022,f,8,SAU,3
2022,m,30,CHL,4
2022,f,92,UNKNOWN,2
2022,m,2,PHL,5
2022,m,52,UNKNOWN,1
2022,f,64,CHE,3
2022,m,54,MNE,3
2022,f,45,LCA,1
2022,m,41,YUG,1
2022,f,40,HND,1
2022,f,62,BEL,4
2022,m,66,ZAF,2
2022,f,7,SVN,1
2022,f,40,AUS,11
2022,m,81,KWT,2
2022,f,86,CHE,1
2022,f,45,JAM,1
2022,m,28,KWT,1
2022,f,72,CHE,2
2022,f,45,MWI,1
2022,m,12,ISR,9
2022,f,29,SLE,2
2022,f,32,MLT,3
2022,m,24,AUS,4
2022,f,67,EGY,1
2022,f,77,YUG,3
2022,m,63,MEX,4
2022,m,32,ERI,1
2022,f,97,FRA,3
2022,m,8,NGA,1
2022,m,50,CRI,2
2022,f,89,AUT,4
2022,f,25,COG,6
2022,m,48,TZA,4
2022,m,5,KGZ,5
2022,m,6,UNKNOWN,8
2022,f,49,JOR,5
2022,f,12,SYR,5
2022,f,27,COG,5
2022,f,18,AGO,4
2022,f,36,CRI,5
2022,f,56,CYP,3
2022,f,32,TTO,1
2022,m,58,TKM,1
2022,m,25,MNE,7
2022,f,13,BGD,1
2022,m,1,MNE,2
2022,f,46,JAM,1
2022,m,65,PRK,10
2022,f,32,LAO,1
2022,f,16,AZE,4
2022,f,96,GBR,1
2022,f,31,SUR,1
2022,f,48,UGA,1
2022,m,30,OMN,1
2022,f,24,SUR,1
2022,m,9,BGD,4
2022,m,85,BLR,5
2022,f,2,NGA,3
2022,m,77,SOM,1
2022,f,1,PRT,3
2022,f,9,ISR,4
2022,m,27,SLV,2
2022,f,52,EST,3
2022,f,7,IRL,3
2022,f,2,NOR,2
2022,f,34,TTO,1
2022,f,4,ISR,7
2022,m,54,BHR,2
2022,f,30,SDN,2
2022,f,85,HUN,1
2022,f,25,PSE,1
2022,m,73,NGA,1
2022,m,90,IRQ,2
2022,f,56,PRT,8
2022,f,24,SYC,1
2022,f,66,NOR,4
2022,f,60,BRA,3
2022,m,58,BRA,4
2022,f,61,MEX,5
2022,f,68,MEX,4
2022,m,1,GIN,1
2022,m,51,SDN,1
2022,f,85,FRA,6
2022,m,11,KGZ,3
2022,f,6,IRN,5
2022,m,115,ITA,1
2022,m,16,JOR,2
2022,m,80,KGZ,1
2022,m,57,NER,1
2022,f,38,HTI,1
2022,m,49,PER,4
2022,m,7,SAU,2
2022,m,24,GAB,1
2022,m,57,PAK,14
2022,f,36,PNG,1
2022,m,32,MLT,4
2022,m,47,SDN,3
2022,f,31,MLT,1
2022,m,1,UZB,6
2022,m,26,KHM,1
2022,m,90,CAN,2
2022,m,81,COG,1
2022,m,7,CRI,1
2022,m,64,COG,1
2022,f,47,CHE,3
2022,f,31,JAM,2
2022,f,98,KAZ,2
2022,m,73,IRL,5
2022,f,30,CHE,2
2022,f,43,SEN,2
2022,f,50,BIH,2
2022,m,46,ATG,1
2022,m,15,PRY,1
2022,f,93,ITA,1
2022,f,76,TUR,2
2022,m,46,SOM,2
2022,m,74,TUN,3
2022,f,10,HRV,1
2022,m,20,ARE,2
2022,m,0,AUT,2
2022,f,61,LBY,1
2022,f,49,KEN,2
2022,f,40,TZA,2
2022,m,18,YEM,2
2022,m,12,IRN,3
2022,f,76,AZE,1
2022,f,61,EGY,1
2022,f,7,SAU,3
2022,m,57,YUG,4
2022,m,72,ZAF,3
2022,f,22,HND,1
2022,f,79,LVA,1
2022,m,13,SVN,3
2022,m,51,KEN,1
2022,m,66,PRT,9
2022,f,2,BRA,9
2022,f,74,MKD,1
2022,m,80,VEN,2
2022,m,22,PHL,4
2022,f,77,UZB,2
2022,f,30,MLI,2
2022,m,59,BRA,4
2022,f,21,JOR,2
2022,f,10,GTM,1
2022,f,40,MKD,5
2022,m,30,SLV,1
2022,m,54,MUS,1
2022,f,43,CRI,1
2022,m,86,FIN,2
2022,f,30,ARE,1
2022,m,18,LBN,2
2022,f,27,CHE,2
2022,m,82,TKM,1
2022,f,104,NZL,1
2022,m,52,KEN,2
2022,f,7,IDN,2
2022,m,50,CMR,2
2022,m,2,MAR,1
2022,f,74,SVK,3
2022,m,85,CHE,3
2022,m,34,MDG,1
2022,m,30,QAT,1
2022,f,5,BIH,1
2022,m,69,KOSOVO,1
2022,m,78,JPN,2
2022,f,23,ZMB,3
2022,m,28,GMB,3
2022,f,64,TKM,1
2022,m,71,THA,1
2022,f,65,DOM,1
2022,f,116,GRC,2
2022,f,15,NGA,3
2022,f,1,ESP,6
2022,m,28,COM,4
2022,m,32,UGA,7
2022,m,17,CRI,2
2022,f,88,BGR,1
2022,m,69,BGD,1
2022,m,66,SAU,4
2022,f,43,YUG,2
2022,f,109,BLR,1
2022,m,89,GRC,6
2022,f,10,PRT,3
2022,m,21,SAU,5
2022,m,38,PNG,1
2022,f,81,LVA,1
2022,f,40,TTO,1
2022,f,63,BEL,7
2022,m,33,CIV,4
2022,m,7,IDN,3
2022,f,20,GIN,1
2022,f,95,ISR,2
2022,f,18,GRC,2
2022,m,76,CZE,10
2022,f,43,NAM,1
2022,m,65,COG,1
2022,m,59,LBN,3
2022,f,58,FIN,4
2022,f,113,UNKNOWN,1
2022,f,45,IRQ,6
2022,f,15,COL,1
2022,m,50,UNKNOWN,4
2022,f,49,ETH,2
2022,f,3,FIN,3
2022,f,49,PER,2
2022,m,87,AUT,5
2022,m,11,IDN,3
2022,m,88,CHN,4
2022,f,32,LUX,1
2022,f,13,IRL,8
2022,f,50,UNKNOWN,2
2022,f,57,LBN,2
2022,f,67,ISR,3
2022,m,51,BOL,2
2022,m,5,PSE,1
2022,m,105,DEU,2
2022,m,14,ZWE,3
2022,f,42,URY,2
2022,f,110,GRC,2
2022,m,81,BIH,2
2022,m,5,IDN,4
2022,f,29,YEM,4
2022,f,15,CAN,5
2022,m,53,ZAF,4
2022,f,65,EGY,5
2022,f,32,COD,4
2022,f,22,CUB,2
2022,f,116,GBR,1
2022,f,7,UNKNOWN,3
2022,f,120,UNKNOWN,2
2022,m,80,HRV,2
2022,m,44,ETH,6
2022,m,47,KEN,6
2022,m,102,ITA,2
2022,m,5,LVA,6
2022,m,67,KWT,1
2022,m,4,BGD,7
2022,m,46,MMR,1
2022,m,56,KOSOVO,1
2022,m,51,NER,2
2022,m,40,HND,3
2022,f,86,GBR,4
2022,m,9,IDN,1
2022,m,50,KHM,1
2022,m,12,SWE,3
2022,m,35,BWA,1
2022,f,97,UNKNOWN,1
2022,m,118,UKR,1
2022,m,97,AUT,3
2022,m,15,UZB,3
2022,m,30,DMA,1
2022,m,106,SWE,2
2022,f,10,SVK,7
2022,f,42,JAM,1
2022,f,99,VEN,1
2022,f,5,THA,1
2022,f,51,STP,1
2022,m,56,BDI,1
2022,f,94,ITA,3
2022,m,53,BHR,1
2022,f,62,KGZ,1
2022,m,21,AGO,6
2022,m,25,LKA,12
2022,m,43,MMR,1
2022,f,9,AUS,3
2022,f,24,HTI,3
2022,f,57,MEX,1
2022,m,84,HUN,5
2022,f,54,TWN,3
2022,f,9,AUT,3
2022,m,59,LBY,8
2022,f,35,DZA,4
2022,f,65,FIN,4
2022,m,31,PAN,1
2022,f,16,IRQ,2
2022,m,67,ZAF,4
2022,m,2,IRQ,2
2022,f,51,VEN,1
2022,m,54,AFG,5
2022,m,54,GTM,1
2022,m,22,MMR,4
2022,m,12,TKM,2
2022,m,15,AUT,3
2022,f,53,IRN,3
2022,f,109,GBR,1
2022,m,56,GHA,1
2022,m,41,TZA,3
2022,m,66,URY,1
2022,m,44,CIV,2
2022,f,3,CAN,4
2022,m,21,EST,3
2022,m,62,DZA,8
2022,m,73,VEN,1
2022,m,24,PAN,1
2022,m,31,NAM,1
2022,f,72,PRT,1
2022,m,51,VEN,3
2022,m,54,COG,4
2022,f,34,UNKNOWN,3
2022,f,58,ZWE,1
2022,m,96,NLD,2
2022,m,63,ALB,2
2022,f,46,BIH,4
2022,f,9,CMR,3
2022,m,7,DMA,1
2022,m,34,MRT,1
2022,f,117,USA,2
2022,f,33,BIH,5
2022,m,65,ISL,1
2022,m,26,MNE,4
2022,f,0,CMR,3
2022,f,46,CYP,1
2022,f,17,URY,1
2022,f,8,NOR,3
2022,m,125,UNKNOWN,2
2022,f,20,ISR,4
2022,m,79,MKD,1
2022,m,41,GIN,2
2022,f,39,HRV,14
2022,m,26,CHL,2
2022,f,9,KOSOVO,1
2022,m,65,EST,1
2022,f,31,LBY,3
2022,f,16,NPL,2
2022,m,36,SLE,1
2022,m,65,ZAF,2
2022,f,46,CUB,4
2022,m,5,NZL,1
2022,m,84,ISR,2
2022,m,44,SOM,2
2022,m,65,YEM,2
2022,m,33,BDI,1
2022,m,89,EGY,1
2022,m,60,BGD,4
2022,f,106,UNKNOWN,4
2022,m,27,CHL,5
2022,f,72,YUG,1
2022,f,61,BRA,2
2022,m,84,DNK,3
2022,m,70,LVA,2
2022,f,2,KOR,10
2022,f,55,BIH,2
2022,m,53,SLE,1
2022,f,12,SWE,5
2022,f,24,ISL,1
2022,f,43,EST,5
2022,f,41,KEN,6
2022,f,45,ZMB,2
2022,m,48,MNE,3
2022,m,40,BOL,3
2022,f,29,EST,4
2022,f,1,BEL,3
2022,m,64,COL,3
2022,m,34,LBR,2
2022,m,61,BRA,3
2022,f,12,BIH,1
2022,f,18,PRK,1
2022,m,101,BGR,2
2022,f,39,MOZ,1
2022,m,15,AFG,10
2022,f,70,VAT,1
2022,f,41,RWA,3
2022,m,43,SOM,1
2022,m,55,NIC,1
2022,m,60,LBN,3
2022,f,21,DZA,3
2022,m,50,MLT,2
2022,f,1,MKD,1
2022,f,24,MMR,2
2022,f,34,SGP,4
2022,f,57,PAN,1
2022,m,98,DNK,1
2022,f,44,VAT,2
2022,m,39,KWT,1
2022,m,68,BRA,1
2022,m,58,PRY,1
2022,m,129,USA,1
2022,m,47,CUB,3
2022,f,40,NAM,1
2022,f,12,YEM,2
2022,m,43,AFG,4
2022,m,74,SVN,1
2022,m,62,LAO,1
2022,f,60,AZE,7
2022,f,14,SYR,3
2022,m,26,SEN,2
2022,m,71,KAZ,2
2022,m,94,FRA,3
2022,f,98,UNKNOWN,7
2022,f,4,LBN,2
2022,m,8,SEN,2
2022,f,120,UKR,1
2022,f,50,AFG,4
2022,f,105,GRC,3
2022,f,48,BRA,10
2022,f,2,SLE,1
2022,f,4,IRN,7
2022,m,12,PAK,6
2022,m,13,ESP,8
2022,f,46,MYS,3
2022,f,8,IDN,2
2022,m,85,BGR,4
2022,f,16,CAN,4
2022,m,69,UNKNOWN,7
2022,f,0,SAU,2
2022,f,36,JOR,9
2022,m,42,HTI,1
2022,f,109,ISR,1
2022,f,7,GHA,1
2022,f,14,PRK,1
2022,m,49,SOM,2
2022,f,30,YEM,1
2022,m,35,TGO,2
2022,m,68,TUN,2
2022,m,67,GHA,1
2022,f,15,EGY,1
2022,f,14,TKM,1
2022,m,11,EGY,7
2022,m,0,COD,2
2022,f,4,CMR,3
2022,m,63,UGA,2
2022,m,101,GBR,2
2022,f,5,UNKNOWN,1
2022,m,46,SUR,1
2022,m,87,UNKNOWN,1
2022,m,48,TWN,4
2022,f,23,ECU,7
2022,f,31,JOR,5
2022,m,26,SLE,2
2022,f,74,FIN,2
2022,f,24,AGO,7
2022,m,43,TTO,1
2022,m,97,ITA,4
2022,m,1,BEL,4
2022,f,11,MNE,1
2022,f,51,LBN,2
2022,f,48,GTM,1
2022,m,61,DOM,1
2022,m,79,KWT,1
2022,m,30,PRK,2
2022,f,20,SRB,2
2022,m,7,CHE,3
2022,f,22,PSE,1
2022,f,34,SEN,2
2022,f,33,NER,1
2022,f,16,BRA,7
2022,f,54,JAM,2
2022,f,62,CMR,1
2022,m,34,ISL,1
2022,f,56,PRK,2
2022,m,2,MOZ,1
2022,m,30,COG,4
2022,f,72,ITA,6
2022,m,84,AUS,1
2022,m,85,LBY,2
2022,m,4,SYR,5
2022,f,11,TWN,1
2022,f,12,PER,1
2022,m,50,YUG,4
2022,f,14,YEM,4
2022,f,63,SRB,3
2022,m,19,SAU,4
2022,f,40,ECU,1
2022,m,21,GHA,4
2022,m,68,SAU,3
2022,f,1,JPN,7
2022,m,47,MYS,6
2022,f,54,ZWE,1
2022,m,20,CHE,6
2022,m,35,SEN,5
2022,f,5,KOSOVO,1
2022,f,62,MAR,2
2022,m,86,KOR,1
2022,m,27,OMN,2
2022,m,10,IRN,5
2022,m,24,MUS,4
2022,f,20,AUS,3
2022,f,18,HUN,4
2022,m,104,DNK,2
2022,f,35,PRY,1
2022,m,25,GIN,3
2022,m,86,CAN,3
2022,m,24,ZMB,1
2022,m,49,DMA,2
2022,f,37,SAU,4
2022,m,41,CYP,4
2022,f,35,BOL,5
2022,m,18,MMR,3
2022,m,66,YEM,1
2022,f,39,MNE,2
2022,f,37,DNK,4
2022,m,59,SLE,1
2022,m,70,NPL,1
2022,f,51,EGY,7
2022,m,32,NZL,5
2022,f,63,CMR,1
2022,m,80,BEL,7
2022,f,82,IND,3
2022,f,71,MYS,2
2022,m,31,ZMB,4
2022,m,39,PRK,7
2022,f,56,URY,1
2022,m,28,ISL,2
2022,f,45,URY,2
2022,f,43,GNQ,1
2022,m,59,CUB,4
2022,f,84,BEL,1
2022,m,27,MRT,3
2022,m,26,PAN,2
2022,m,22,EST,6
2022,f,11,IRN,3
2022,f,16,BIH,1
2022,m,84,MNG,2
2022,f,64,UNKNOWN,2
2022,f,40,UNKNOWN,1
2022,m,28,CYP,3
2022,m,7,AFG,9
2022,f,58,LKA,3
2022,f,10,LKA,2
2022,m,75,PRK,2
2022,m,67,PAK,3
2022,f,14,PHL,4
2022,f,62,SGP,1
2022,m,52,PER,5
2022,f,29,MKD,2
2022,m,65,TWN,2
2022,f,40,CUB,5
2022,f,52,JOR,1
2022,m,6,LBY,1
2022,f,68,SAU,1
2022,f,57,PAK,2
2022,f,55,ETH,2
2022,f,18,ECU,1
2022,f,90,KAZ,1
2022,f,20,NER,1
2022,m,22,SOM,5
2022,m,51,TWN,5
2022,f,89,IRQ,2
2022,f,24,CUB,4
2022,m,108,DEU,3
2022,f,56,AGO,1
2022,f,77,GBR,6
2022,f,26,NZL,1
2022,m,8,EST,2
2022,m,73,SRB,5
2022,m,98,SWE,2
2022,m,4,BFA,1
2022,f,45,BOL,1
2022,m,70,AFG,2
2022,m,78,UNKNOWN,3
2022,f,80,IND,4
2022,f,7,MEX,3
2022,f,65,COL,1
2022,f,95,CAN,3
2022,f,11,BIH,2
2022,m,50,TZA,4
2022,m,72,ETH,1
2022,f,30,NER,3
2022,m,57,SGP,1
2022,m,19,LBN,9
2022,f,55,NGA,2
2022,m,79,ISR,4
2022,f,79,AUT,14
2022,m,30,MLT,4
2022,f,4,VEN,1
2022,f,52,ISR,5
2022,f,96,ISR,2
2022,f,45,CYP,1
2022,m,27,LUX,4
2022,f,15,HUN,4
2022,m,27,JAM,2
2022,f,71,AFG,3
2022,m,30,MDG,2
2022,f,31,ARE,1
2022,m,22,PAN,1
2022,m,54,JAM,1
2022,m,1,CMR,2
2022,m,36,MYS,5
2022,m,64,SLE,1
2022,f,67,UNKNOWN,4
2022,f,8,GRC,2
2022,m,30,PRY,1
2022,f,85,IRQ,2
2022,m,122,GRC,1
2022,m,17,ISL,1
2022,f,6,JPN,7
2022,f,0,ETH,2
2022,f,50,DZA,1
2022,f,50,CUB,2
2022,f,50,SRB,5
2022,f,111,RUS,1
2022,m,0,NER,1
2022,m,37,BFA,1
2022,m,105,ITA,1
2022,f,32,CRI,2
2022,m,19,KWT,1
2022,m,91,SWE,4
2022,f,33,RWA,9
2022,m,104,GHA,1
2022,m,28,DOM,2
2022,f,118,CAN,1
2022,f,1,ZWE,1
2022,m,3,BIH,3
2022,f,4,KGZ,3
2022,f,48,UZB,12
2022,m,41,MDG,2
2022,m,48,JAM,2
2022,f,32,NER,2
2022,f,25,SWZ,2
2022,m,35,NAM,1
2022,m,15,TWN,2
2022,f,63,CHE,2
2022,f,41,SYR,6
2022,m,87,CHN,4
2022,f,28,BOL,1
2022,m,1,GRC,5
2022,m,24,CUB,8
2022,m,61,MAR,5
2022,m,89,CHN,1
2022,m,69,YEM,3
2022,f,37,GTM,4
2022,f,49,MKD,1
2022,m,46,BOL,5
2022,m,9,YEM,2
2022,m,44,NIC,2
2022,f,78,UZB,1
2022,f,36,AUS,4
2022,f,60,ISL,1
2022,f,8,NAM,1
2022,f,16,VEN,1
2022,m,76,LTU,2
2022,f,0,TUN,1
2022,f,11,PRT,2
2022,f,63,BGD,1
2022,f,43,MAR,3
2022,m,65,SVN,2
2022,m,69,SVN,2
2022,f,0,DEU,9
2022,f,23,SOM,2
2022,f,44,YUG,2
2022,f,57,MNG,11
2022,m,70,MDA,10
2022,m,73,YUG,4
2022,f,26,GTM,2
2022,m,98,GBR,3
2022,f,29,NAM,3
2022,f,41,JOR,2
2022,f,34,NZL,2
2022,m,51,IRN,17
2022,f,15,FIN,5
2022,m,6,SRB,4
2022,m,58,NGA,6
2022,m,55,COD,1
2022,f,8,EST,1
2022,f,12,ARG,2
2022,m,12,TUN,1
2022,m,62,CUB,9
2022,f,96,MNG,1
2022,m,80,IRL,2
2022,f,55,NZL,2
2022,m,60,AFG,4
2022,m,44,NZL,3
2022,m,93,CHN,1
2022,m,37,BHS,1
2022,f,76,KAZ,6
2022,f,97,CAN,3
2022,m,43,VAT,1
2022,f,102,USA,3
2022,f,81,IND,2
2022,f,23,OMN,1
2022,m,71,SVN,2
2022,m,62,HRV,13
2022,f,42,MMR,2
2022,f,45,MEX,9
2022,m,55,KWT,2
2022,m,112,UNKNOWN,2
2022,f,9,JOR,2
2022,m,17,YUG,1
2022,f,87,YUG,1
2022,m,45,NER,4
2022,f,22,MOZ,6
2022,m,16,NGA,2
2022,f,73,YUG,1
2022,m,17,ZAF,3
2022,m,2,LBY,1
2022,m,59,ETH,2
2022,m,67,VAT,2
2022,m,5,JOR,3
2022,m,65,CHL,4
2022,f,65,PHL,5
2022,m,20,GHA,3
2022,f,104,NLD,1
2022,m,39,CYP,5
2022,f,52,ETH,1
2022,f,5,IRQ,2
2022,f,24,VEN,2
2022,f,80,KAZ,4
2022,m,93,ROU,1
2022,m,43,KHM,1
2022,m,89,BLR,2
2022,f,37,AFG,5
2022,f,35,DOM,2
2022,m,72,YUG,2
2022,m,79,SDN,1
2022,m,77,UNKNOWN,2
2022,m,99,BLR,2
2022,f,94,ISR,3
2022,m,0,THA,1
2022,f,77,TUN,1
2022,f,57,CHE,1
2022,f,19,PAN,1
2022,m,21,SSD,1
2022,f,132,GRC,1
2022,m,63,KOSOVO,1
2022,m,15,ARG,1
2022,m,86,DNK,2
2022,m,84,NOR,2
2022,f,64,NGA,1
2022,m,79,DZA,2
2022,m,11,ZWE,1
2022,f,4,LVA,3
2022,f,48,HRV,3
2022,f,58,YUG,1
2022,f,40,GHA,2
2022,f,13,UZB,6
2022,m,37,LBY,8
2022,m,8,SVN,3
2022,f,80,BRA,1
2022,f,8,KGZ,2
2022,f,36,ZMB,1
2022,f,20,JOR,1
2022,f,96,SYR,1
2022,m,34,FSM,1
2022,m,116,UNKNOWN,1
2022,m,1,COL,1
2022,f,14,UZB,3
2022,f,92,FRA,2
2022,m,84,ESP,4
2022,m,46,EST,6
2022,m,24,LAO,1
2022,f,61,SDN,1
2022,f,11,SAU,3
2022,f,62,UNKNOWN,1
2022,f,36,ECU,1
2022,m,93,AUT,1
2022,f,0,AGO,3
2022,f,21,MYS,6
2022,m,31,URY,2
2022,f,75,KAZ,4
2022,f,28,CIV,2
2022,f,22,LAO,1
2022,f,32,ZMB,2
2022,f,13,DZA,1
2022,m,20,ERI,1
2022,f,36,LKA,4
2022,f,57,PRK,3
2022,m,0,SEN,1
2022,m,104,UNKNOWN,1
2022,m,10,ZWE,2
2022,f,11,CRI,2
2022,f,40,PAN,1
2022,f,111,BLR,2
2022,f,56,PSE,1
2022,m,26,BEN,1
2022,f,98,CAN,2
2022,m,82,CZE,1
2022,m,113,SWE,1
2022,m,99,USA,4
2022,f,21,SRB,1
2022,f,1,GHA,2
2022,m,17,PAK,6
2022,f,7,PRT,2
2022,f,31,TZA,3
2022,f,44,BOL,2
2022,m,83,MKD,1
2022,m,12,PHL,3
2022,m,74,COG,1
2022,m,3,AGO,2
2022,f,57,COL,2
2022,m,13,NGA,2
2022,m,36,COD,2
2022,m,25,CRI,3
2022,f,32,DNK,4
2022,m,14,NPL,1
2022,m,75,MEX,3
2022,f,67,CMR,2
2022,f,116,BGR,1
2022,m,81,MKD,1
2022,m,20,FIN,5
2022,f,64,IRL,1
2022,m,20,BDI,4
2022,f,11,ARG,2
2022,f,47,ZMB,2
2022,f,27,COD,3
2022,m,50,MOZ,1
2022,m,0,PRT,4
2022,m,16,GRC,5
2022,f,33,DZA,9
2022,m,60,NGA,1
2022,m,48,VAT,4
2022,m,24,SLE,2
2022,m,54,SAU,2
2022,m,44,SLV,1
2022,m,0,FRA,5
2022,f,50,KEN,1
2022,f,12,MNE,1
2022,m,49,UNKNOWN,1
2022,m,28,CPV,1
2022,m,75,UNKNOWN,6
2022,m,17,UNKNOWN,3
2022,m,72,NGA,1
2022,f,48,MDG,1
2022,f,87,GBR,3
2022,f,118,GRC,1
2022,f,91,AUS,2
2022,m,9,JOR,1
2022,f,32,MUS,4
2022,f,2,IDN,3
2022,f,4,UNKNOWN,2
2022,m,7,NOR,5
2022,m,93,ISR,1
2022,m,63,YEM,1
2022,f,69,ISR,5
2022,f,13,JOR,4
2022,m,21,MYS,4
2022,f,44,BGD,4
2022,m,54,PAN,1
2022,f,26,MLT,1
2022,f,53,TWN,5
2022,m,38,BFA,2
2022,f,50,SLV,1
2022,f,88,HUN,2
2022,m,24,DOM,2
2022,f,46,LBN,2
2022,m,50,COD,1
2022,f,42,MNE,2
2022,f,17,HTI,1
2022,m,71,ESP,18
2022,m,83,YUG,2
2022,m,24,MMR,4
2022,f,57,HRV,4
2022,m,59,MEX,5
2022,f,97,AUT,2
2022,f,22,HRV,6
2022,f,33,TTO,1
2022,f,19,ARG,1
2022,m,63,AZE,6
2022,m,4,PHL,2
2022,m,57,CRI,2
2022,m,42,ECU,5
2022,m,3,GHA,1
2022,f,80,MNG,2
2022,m,101,ISR,1
2022,f,27,PER,4
2022,f,104,CZE,1
2022,m,49,SGP,4
2022,m,0,MEX,2
2022,f,15,SGP,1
2022,m,9,SRB,3
2022,m,52,ETH,3
2022,f,2,ALB,1
2022,f,18,AUS,3
2022,m,43,RWA,3
2022,m,9,DNK,4
2022,f,47,BIH,1
2022,m,105,AUT,1
2022,m,45,CMR,6
2022,m,91,FRA,4
2022,f,45,LKA,2
2022,m,110,FRA,1
2022,f,55,SEN,1
2022,m,19,PRY,1
2022,m,52,BGD,15
2022,m,61,TJK,4
2022,m,18,AUS,1
2022,m,56,TKM,1
2022,m,78,VEN,2
2022,f,25,NAM,2
2022,m,4,DNK,1
2022,f,17,EST,2
2022,m,11,TWN,1
2022,f,15,HRV,4
2022,m,67,EST,1
2022,m,78,IRL,6
2022,f,52,NPL,4
2022,m,17,JAM,1
2022,m,42,TTO,2
2022,f,58,GRC,9
2022,m,48,ISL,1
2022,f,15,ZAF,3
2022,m,58,ZAF,5
2022,m,10,BIH,2
2022,m,37,SEN,6
2022,f,103,RUS,3
2022,m,29,YUG,1
2022,f,40,KOSOVO,5
2022,m,38,GTM,3
2022,f,80,ARM,7
2022,m,68,MNG,4
2022,f,23,CYP,7
2022,m,13,LBN,2
2022,m,27,GNB,1
2022,m,12,LVA,3
2022,m,8,TZA,1
2022,m,53,SOM,1
2022,m,83,MDA,1
2022,m,68,KWT,1
2022,f,97,BGR,2
2022,m,106,DEU,4
2022,f,95,FRA,1
2022,f,32,DOM,2
2022,f,75,UZB,2
2022,f,6,LBN,2
2022,m,14,ISR,4
2022,f,23,UNKNOWN,4
2022,m,69,ECU,1
2022,f,77,PHL,1
2022,f,47,TUN,3
2022,m,84,YUG,3
2022,f,54,PER,2
2022,f,40,MEX,10
2022,f,103,UNKNOWN,3
2022,f,10,SOM,1
2022,m,5,DZA,1
2022,f,29,GMB,1
2022,f,23,MLI,3
2022,m,44,AFG,7
2022,m,80,IRQ,3
2022,f,35,YEM,4
2022,f,35,SEN,2
2022,f,19,CHE,1
2022,f,9,HRV,2
2022,m,10,ARG,1
2022,m,87,ROU,1
2022,m,91,HUN,3
2022,m,40,UNKNOWN,3
2022,m,0,CIV,1
2022,m,12,BGD,3
2022,m,65,UNKNOWN,2
2022,m,73,CUB,2
2022,f,10,CHE,2
2022,m,15,SVN,2
2022,m,27,NZL,3
2022,m,82,KOR,1
2022,f,31,URY,2
2022,m,64,MKD,2
2022,f,52,TUN,2
2022,f,30,GIN,4
2022,f,16,THA,3
2022,f,10,CRI,3
2022,f,4,KEN,1
2022,f,51,KEN,2
2022,m,72,ROU,8
2022,f,85,CHE,3
2022,f,100,LTU,2
2022,f,23,COG,2
2022,m,128,GRC,2
2022,m,38,SLE,1
2022,f,10,DZA,1
2022,f,66,CHL,1
2022,f,7,VEN,2
2022,f,47,SGP,2
2022,f,46,EGY,5
2022,f,59,HND,1
2022,m,68,AZE,2
2022,f,48,KEN,3
2022,m,46,CMR,4
2022,f,16,TUN,1
2022,f,65,UZB,2
2022,f,42,LBY,2
2022,m,17,MKD,2
2022,f,21,MLT,2
2022,f,4,TUN,1
2022,f,103,AUT,1
2022,f,55,CHL,3
2022,m,41,MMR,1
2022,f,78,AZE,1
2022,m,66,MYS,1
2022,m,10,SAU,4
2022,m,6,COD,1
2022,f,7,LIE,1
2022,m,71,EGY,3
2022,f,34,NER,1
2022,f,54,CUB,3
2022,m,2,IRL,4
2022,m,81,ISR,3
2022,m,81,SVK,1
2022,m,23,SLV,1
2022,m,14,SAU,1
2022,m,10,ECU,1
2022,m,23,SVN,4
2022,f,32,PAN,3
2022,m,57,YEM,3
2022,m,21,LKA,2
2022,m,5,ZAF,2
2022,m,73,ISR,4
2022,f,55,COL,2
2022,f,37,JOR,4
2022,f,41,NZL,2
2022,f,64,PRT,4
2022,f,12,IRQ,4
2022,f,110,AFG,1
2022,f,58,IDN,1
2022,m,1,BHR,1
2022,f,40,RWA,4
2022,m,53,VAT,2
2022,m,79,ZAF,1
2022,m,40,SEN,4
2022,f,106,GBR,1
2022,f,62,UZB,3
2022,f,52,PER,4
2022,m,29,SLV,1
2022,f,84,PER,1
2022,m,31,ISL,3
2022,m,69,CUB,3
2022,m,50,BHR,1
2022,f,76,PHL,2
2022,m,27,UNKNOWN,2
2022,m,23,MYS,5
2022,m,24,SWZ,1
2022,m,56,PRY,1
2022,m,39,CIV,2
2022,m,46,LBR,1
2022,m,57,EST,7
2022,m,8,GRC,2
2022,f,57,AGO,1
2022,m,60,TWN,2
2022,m,33,JAM,1
2022,f,66,TUR,6
2022,f,46,PER,4
2022,f,32,LKA,5
2022,m,50,SEN,3
2022,m,59,LKA,3
2022,m,77,SDN,1
2022,m,90,UNKNOWN,1
2022,m,80,LTU,1
2022,f,78,CHE,2
2022,f,7,IRN,3
2022,f,82,SYR,3
2022,m,11,COL,3
2022,f,38,UNKNOWN,3
2022,m,11,CUB,2
2022,m,110,RUS,1
2022,f,17,SVN,1
2022,m,49,MYS,4
2022,m,62,KAZ,7
2022,m,0,GHA,1
2022,m,61,SGP,1
2022,f,15,MAR,1
2022,f,65,IRQ,2
2022,f,63,TUR,3
2022,m,79,IRN,2
2022,f,31,CHE,4
2022,f,21,NZL,1
2022,f,97,IRN,1
2022,m,64,AFG,2
2022,f,20,LBN,1
2022,m,82,IRL,2
2022,m,91,VNM,2
2022,f,85,LTU,2
2022,f,75,LVA,1
2022,m,59,SEN,1
2022,f,81,CZE,6
2022,f,10,UZB,5
2022,f,19,GHA,1
2022,m,47,COG,4
2022,m,73,TUR,11
2022,f,65,AUS,4
2022,m,87,BLR,3
2022,m,4,DZA,3
2022,f,108,FRA,2
2022,f,50,UNKNOWN,3
2022,m,71,ISL,1
2022,f,11,PHL,2
2022,f,45,NIC,1
2022,m,31,SGP,6
2022,m,83,IND,2
2022,m,4,BEL,4
2022,f,54,LBN,1
2022,m,9,COL,3
2022,f,85,AUT,8
2022,m,100,FRA,2
2022,f,37,YUG,1
2022,f,81,AUS,1
2022,m,9,CHE,1
2022,f,43,MUS,4
2022,m,55,TGO,1
2022,m,7,JOR,1
2022,f,110,UKR,1
2022,f,112,ITA,1
2022,m,85,FIN,2
2022,f,22,ECU,9
2022,f,3,PAK,6
2022,f,92,AUT,3
2022,m,55,CYP,7
2022,m,68,CUB,1
2022,m,28,BRB,1
2022,f,132,UNKNOWN,2
2022,f,42,PRK,6
2022,m,76,PRK,5
2022,m,52,PRY,1
2022,f,19,PAK,6
2022,f,35,YUG,1
2022,m,76,EGY,4
2022,f,94,SRB,1
2022,m,32,TGO,1
2022,m,81,LTU,1
2022,f,3,CZE,5
2022,f,7,TUN,2
2022,m,65,YUG,2
2022,f,58,CHE,3
2022,f,3,IDN,2
2022,f,45,PRY,1
2022,f,48,IRQ,12
2022,f,36,SGP,4
2022,m,101,FRA,2
2022,f,58,SYR,7
2022,m,42,MYS,3
2022,m,55,LIE,1
2022,f,7,BGD,3
2022,m,22,KHM,1
2022,m,16,LBY,2
2022,f,40,JOR,3
2022,f,70,BRA,3
2022,m,88,BLR,2
2022,f,50,UNKNOWN,1
2022,m,45,PRY,1
2022,f,115,FRA,1
2022,f,56,EGY,1
2022,f,59,COL,2
2022,f,12,BRA,6
2022,f,21,LKA,1
2022,f,13,ALB,1
2022,f,79,GRC,5
2022,f,72,VEN,2
2022,f,18,ETH,1
2022,m,71,TWN,1
2022,f,77,ISR,2
2022,m,1,MKD,1
2022,f,12,DZA,1
2022,m,97,RUS,3
2022,f,59,YEM,1
2022,f,18,CZE,12
2022,f,22,MKD,3
2022,m,51,CYP,4
2022,f,61,TJK,1
2022,f,6,DZA,1
2022,m,55,ARG,4
2022,f,10,THA,2
2022,m,75,GEO,2
2022,m,70,ETH,1
2022,f,49,BTN,1
2022,f,19,ECU,2
2022,m,65,TUN,1
2022,m,50,GTM,1
2022,f,83,UNKNOWN,2
2022,m,71,YUG,2
2022,f,77,JPN,4
2022,m,37,TGO,3
2022,m,46,GMB,2
2022,f,14,ARG,1
2022,f,32,NZL,1
2022,f,33,YUG,1
2022,m,35,YEM,3
2022,f,102,BGR,2
2022,m,19,SEN,1
2022,f,80,FIN,1
2022,f,21,CUB,3
2022,f,49,SAU,2
2022,f,33,ZMB,1
2022,m,61,COG,1
2022,f,10,MNG,4
2022,m,65,NPL,1
2022,f,0,CZE,5
2022,f,45,COG,2
2022,m,115,IRQ,1
2022,f,35,TUN,6
2022,f,31,TJK,7
2022,m,36,JAM,1
2022,m,34,NIC,1
2022,m,43,MRT,2
2022,f,34,BFA,1
2022,f,83,LBN,1
2022,f,66,CYP,1
2022,m,89,AUT,3
2022,f,66,LKA,1
2022,m,18,HRV,1
2022,f,122,DEU,1
2022,f,17,MOZ,1
2022,m,86,JPN,1
2022,f,10,TWN,3
2022,m,12,YEM,2
2022,m,23,PRK,3
2022,m,15,HND,1
2022,f,111,USA,1
2022,f,45,MDG,1
2022,f,23,YEM,5
2022,m,3,IRN,8
2022,m,36,SLV,1
2022,m,87,ESP,1
2022,m,38,KWT,1
2022,f,5,CMR,3
2022,f,41,NER,1
2022,m,104,GBR,2
2022,f,22,HTI,2
2022,f,125,UNKNOWN,8
2022,f,50,SYR,4
2022,f,48,EGY,5
2022,m,20,ISR,3
2022,m,19,PER,2
2022,f,74,ISR,4
2022,f,30,SGP,4
2022,m,63,BRA,3
2022,m,64,ISL,3
2022,f,56,IDN,3
2022,m,45,JAM,1
2022,f,99,GBR,2
2022,m,11,MYS,1
2022,m,94,RUS,2
2022,f,59,NZL,2
2022,f,30,PRY,1
2022,m,60,ETH,1
2022,f,4,CIV,1
2022,f,20,IRQ,3
2022,f,17,CHE,1
2022,m,57,TKM,1
2022,f,3,ZAF,3
2022,f,67,EST,2
2022,f,67,TKM,1
2022,m,24,JAM,2
2022,f,3,IRQ,4
2022,m,65,COL,1
2022,m,60,KGZ,1
2022,m,42,BDI,1
2022,f,36,URY,2
2022,m,44,COD,1
2022,m,58,MLT,3
2022,m,14,SYR,4
2022,m,25,DOM,1
2022,f,35,LBY,4
2022,f,4,ZWE,2
2022,f,9,CHE,1
2022,m,74,HND,1
2022,m,16,ZAF,3
2022,f,115,UNKNOWN,2
2022,m,81,HRV,2
2022,f,24,PNG,1
2022,m,85,BEL,3
2022,m,57,ALB,2
2022,f,12,PHL,2
2022,f,6,ALB,1
2022,m,14,BEL,10
2022,f,36,AFG,8
2022,m,5,SAU,2
2022,f,52,UGA,1
2022,f,28,MUS,1
2022,f,31,MKD,2
2022,f,85,MNG,1
2022,f,64,PHL,4
2022,m,66,SEN,1
2022,m,94,ITA,3
2022,m,35,JAM,3
2022,m,35,SLV,3
2022,f,12,ISR,1
2022,f,42,CRI,3
2022,f,33,TZA,2
2022,f,50,NAM,1
2022,m,19,PRK,2
2022,f,39,GHA,1
2022,m,70,LBN,5
2022,m,85,CZE,2
2022,m,50,CIV,1
2022,m,2,NOR,2
2022,f,26,BOL,4
2022,m,86,MNG,1
2022,m,58,TUN,6
2022,f,17,CRI,1
2022,f,84,CHN,3
2022,f,15,PRT,3
2022,f,22,KHM,1
2022,m,25,MLI,2
2022,f,42,COG,2
2022,m,21,TCD,1
2022,m,88,PRT,1
2022,m,3,COL,2
2022,m,32,PAN,1
2022,f,66,COD,1
2022,m,38,SGP,5
2022,f,91,AUT,2
2022,f,17,DZA,2
2022,m,46,CIV,4
2022,m,85,AUS,1
2022,m,65,PER,2
2022,f,60,MMR,1
2022,f,64,AGO,1
2022,f,51,JAM,1
2022,m,70,KWT,2
2022,m,74,IRL,4
2022,f,74,ZMB,1
2022,f,84,NOR,1
2022,m,25,MWI,1
2022,f,72,DZA,1
2022,f,22,BIH,3
2022,f,54,COD,1
2022,f,46,DZA,1
2022,m,72,CYP,1
2022,f,68,ISR,4
2022,f,18,MYS,2
2022,f,16,COG,2
2022,m,3,IRQ,1
2022,f,64,LUX,1
2022,f,78,YUG,1
2022,f,102,UKR,1
2022,f,96,ITA,1
2022,f,99,NLD,1
2022,f,11,TUN,1
2022,f,32,NAM,5
2022,f,7,AUT,2
2022,m,27,GIN,2
2022,m,86,TUR,4
2022,f,24,BHS,1
2022,m,42,ISL,1
2022,f,25,LBY,4
2022,f,59,KEN,1
2022,f,0,CAF,1
2022,m,94,ARM,2
2022,m,93,NLD,1
2022,m,15,NGA,1
2022,f,47,SVN,3
2022,m,92,DNK,1
2022,f,40,MMR,1
2022,m,87,FIN,1
2022,f,3,EST,2
2022,f,59,SRB,2
2022,m,74,ALB,3
2022,m,6,UZB,6
2022,m,31,OMN,1
2022,m,66,PAK,2
2022,m,0,NOR,1
2022,f,24,GIN,2
2022,m,22,DOM,2
2022,f,78,ISR,2
2022,f,63,THA,1
2022,f,81,ROU,1
2022,m,60,MKD,4
2022,f,13,MEX,3
2022,m,34,GUY,2
2022,m,70,COL,1
2022,m,60,CYP,2
2022,f,93,AUS,2
2022,m,43,BEN,2
2022,f,0,VEN,1
2022,f,118,UNKNOWN,4
2022,m,8,NOR,2
2022,f,58,LBY,1
2022,f,60,NIC,1
2022,m,32,MUS,2
2022,m,31,FJI,1
2022,f,15,MNG,5
2022,m,5,KEN,1
2022,f,99,BEL,1
2022,f,3,VEN,1
2022,m,1,GHA,1
2022,m,78,SYR,4
2022,m,10,CHE,2
2022,f,30,SLE,1
2022,m,55,BOL,2
2022,m,25,BTN,1
2022,f,124,UNKNOWN,1
2022,m,35,SYC,1
2022,f,24,BWA,1
2022,m,54,ALB,5
2022,m,39,UGA,5
2022,m,67,NIC,1
2022,m,4,SVN,1
2022,f,74,BRA,1
2022,f,32,SOM,1
2022,f,58,PRT,3
2022,f,55,CMR,1
2022,m,60,TJK,3
2022,f,42,VEN,3
2022,m,56,CYP,4
2022,m,16,IDN,2
2022,m,24,SAU,3
2022,m,67,AZE,5
2022,m,87,CHE,1
2022,f,50,NZL,1
2022,m,23,MOZ,5
2022,m,41,KNA,1
2022,m,14,YEM,4
2022,f,89,MNG,1
2022,f,13,PRK,1
2022,m,14,HUN,5
2022,f,77,MEX,1
2022,f,46,UGA,1
2022,f,50,ERI,1
2022,f,56,YUG,2
2022,f,60,NGA,2
2022,m,63,LUX,1
2022,m,29,SDN,2
2022,m,20,ECU,3
2022,f,34,CYP,1
2022,m,48,COG,1
2022,m,26,YUG,1
2022,f,29,MLT,3
2022,f,72,NZL,1
2022,m,40,GTM,4
2022,f,28,GMB,1
2022,f,53,PAK,3
2022,f,32,VEN,5
2022,m,77,HRV,1
2022,f,93,BLR,3
2022,f,64,MYS,1
2022,m,13,SAU,1
2022,f,42,JOR,2
2022,f,63,SAU,1
2022,f,67,SYR,3
2022,f,23,LAO,1
2022,m,39,ISL,1
2022,f,25,SSD,1
2022,m,67,TWN,3
2022,f,37,MNE,2
2022,f,101,RUS,4
2022,m,55,COG,2
2022,f,12,IRN,4
2022,f,42,TZA,5
2022,m,8,MKD,2
2022,m,24,CRI,2
2022,m,87,IND,1
2022,f,121,UNKNOWN,1
2022,m,15,PER,1
2022,m,5,NPL,2
2022,m,65,MLT,1
2022,m,66,TZA,3
2022,m,3,ALB,3
2022,m,93,BLR,1
2022,m,4,CRI,1
2022,f,54,AFG,1
2022,m,75,LBN,2
2022,m,41,SDN,4
2022,f,44,PRK,4
2022,m,38,HND,2
2022,m,19,ARE,1
2022,f,65,ZAF,3
2022,f,17,IDN,1
2022,m,52,COD,1
2022,m,79,SYR,2
2022,m,22,TZA,8
2022,f,127,GRC,1
2022,m,83,SAU,1
2022,m,62,ARG,1
2022,m,69,GTM,1
2022,m,70,PER,2
2022,m,41,NER,3
2022,m,14,CHL,2
2022,m,111,ITA,2
2022,f,24,UNKNOWN,2
2022,m,76,DZA,2
2022,f,37,MLT,2
2022,f,59,AZE,1
2022,f,40,BGD,4
2022,m,49,ISL,2
2022,m,47,YEM,4
2022,m,37,PAN,2
2022,m,50,SAU,2
2022,m,40,BDI,1
2022,f,15,UNKNOWN,10
2022,f,85,CZE,2
2022,f,31,GMB,1
2022,f,3,UNKNOWN,1
2022,f,84,GBR,2
2022,m,10,FIN,2
2022,m,19,TWN,3
2022,f,81,CHL,1
2022,m,96,UNKNOWN,2
2022,m,16,CHL,2
2022,m,70,TUN,2
2022,m,62,UNKNOWN,4
2022,f,31,DOM,2
2022,f,16,AUT,3
2022,m,67,MOZ,1
2022,f,65,COG,1
2022,m,98,UNKNOWN,3
2022,m,39,GAB,1
2022,f,44,CRI,4
2022,f,91,VNM,7
2022,f,15,IRL,5
2022,m,26,COD,8
2022,m,102,GRC,8
2022,m,13,FIN,3
2022,m,96,SWE,5
2022,f,25,CHL,2
2022,f,52,SGP,2
2022,f,71,NGA,1
2022,m,74,THA,1
2022,f,29,ARE,1
2022,f,80,TUR,1
2022,f,15,AUS,1
2022,f,93,NPL,1
2022,m,68,AFG,2
2022,m,77,CUB,1
2022,m,48,LAO,3
2022,m,20,GIN,1
2022,m,72,TZA,1
2022,f,75,MEX,1
2022,m,62,PER,3
2022,f,88,IRQ,1
2022,f,41,URY,1
2022,m,3,CRI,1
2022,f,21,ISR,1
2022,m,10,MNE,1
2022,f,12,SAU,4
2022,f,9,PAK,7
2022,f,79,UNKNOWN,3
2022,m,27,MNE,3
2022,m,11,PAN,1
2022,m,18,SRB,4
2022,m,65,IRN,4
2022,m,42,MNE,3
2022,f,49,DOM,1
2022,f,92,GEO,1
2022,f,69,HRV,2
2022,f,5,HRV,4
2022,f,23,NZL,1
2022,f,59,LKA,2
2022,m,3,CZE,3
2022,m,1,KOSOVO,1
2022,m,92,NLD,2
2022,m,23,HTI,1
2022,m,68,TZA,1
2022,m,79,IRL,4
2022,m,17,LVA,1
2022,f,108,GBR,2
2022,f,19,TWN,2
2022,m,3,KOSOVO,2
2022,m,111,CZE,1
2022,f,5,EST,2
2022,f,27,CAF,1
2022,m,3,EST,2
2022,m,97,EGY,1
2022,m,15,EGY,5
2022,f,71,KAZ,6
2022,f,54,BIH,2
2022,f,34,CRI,2
2022,m,123,RUS,1
2022,f,9,MKD,1
2022,f,24,SLV,2
2022,m,137,UKR,1
2022,m,40,SAU,8
2022,m,0,KOR,3
2022,f,18,ZAF,2
2022,m,10,BGD,2
2022,m,47,MLI,1
2022,f,79,ROU,5
2022,m,87,GBR,4
2022,m,44,VAT,1
2022,m,111,GRC,5
2022,f,4,TKM,1
2022,m,42,MDG,1
2022,f,104,RUS,4
2022,m,67,LBY,4
2022,f,54,COL,2
2022,f,41,KWT,1
2022,m,53,PER,2
2022,m,35,YUG,2
2022,f,25,TGO,1
2022,f,77,SYR,1
2022,m,60,SEN,2
2022,m,89,KOR,1
2022,m,36,MLT,4
2022,f,74,YUG,1
2022,m,35,MLT,2
2022,m,3,SVN,2
2022,m,62,KWT,1
2022,f,89,ITA,2
2022,m,83,ARM,4
2022,f,32,KWT,1
2022,f,27,SDN,1
2022,m,66,LBY,4
2022,m,69,LBY,2
2022,m,39,TTO,1
2022,m,7,BGD,6
2022,m,74,MAR,2
2022,f,21,DNK,9
2022,f,22,GHA,4
2022,m,50,SDN,2
2022,m,32,HND,1
2022,f,108,GRC,1
2022,f,11,COL,1
2022,f,78,ARG,1
2022,f,73,LVA,3
2022,m,22,UGA,3
2022,m,16,TGO,1
2022,m,25,SOM,4
2022,m,60,YUG,1
2022,m,15,VEN,2
2022,m,76,SYR,3
2022,f,27,DOM,1
2022,m,43,COD,3
2022,f,1,COL,1
2022,m,63,AFG,3
2022,f,70,COL,1
2022,m,11,HUN,2
2022,m,56,UNKNOWN,1
2022,f,57,KOSOVO,1
2022,m,47,CYP,5
2022,m,66,UNKNOWN,8
2022,m,71,SAU,2
2022,m,112,FRA,1
2022,m,79,TUR,3
2022,m,83,SDN,1
2022,m,72,MNE,1
2022,m,89,VNM,4
2022,m,81,LBN,2
2022,m,22,AUS,2
2022,f,49,TUN,1
2022,f,69,BOL,1
2022,m,2,IDN,4
2022,m,46,MLT,1
2022,f,71,BRA,3
2022,m,2,ZAF,1
2022,f,33,YEM,1
2022,f,81,NGA,1
2022,f,59,EST,3
2022,f,18,LKA,1
2022,m,57,BHR,1
2022,f,52,AND,1
2022,m,72,NZL,2
2022,m,86,GRC,6
2022,m,43,GIN,3
2022,f,24,EST,2
2022,m,23,STP,1
2022,f,80,UNKNOWN,6
2022,f,69,GRC,5
2022,m,45,GNQ,1
2022,m,41,NIC,2
2022,m,61,CYP,3
2022,m,43,TGO,2
2022,m,56,LKA,2
2022,m,91,YUG,1
2022,m,93,SWE,4
2022,m,75,CYP,1
2022,f,39,TZA,2
2022,f,89,NLD,1
2022,m,15,SRB,2
2022,m,78,GHA,1
2022,f,104,FRA,2
2022,f,4,HUN,5
2022,m,10,LBY,1
2022,m,15,ZAF,2
2022,m,42,COM,1
2022,m,4,NOR,3
2022,f,18,MNE,1
2022,m,19,CHE,3
2022,f,69,LVA,2
2022,m,85,JPN,3
2022,m,17,IRN,2
2022,m,112,GBR,1
2022,f,99,ITA,1
2022,m,58,ZMB,1
2022,f,44,JOR,3
2022,f,69,YUG,2
2022,f,94,BLR,5
2022,f,43,NZL,2
2022,m,69,AZE,2
2022,m,77,UZB,1
2022,m,81,VAT,1
2022,f,75,BRA,1
2022,f,18,RWA,2
2022,f,63,NZL,1
2022,f,53,CYP,1
2022,f,56,TKM,2
2022,f,80,UNKNOWN,2
2022,m,16,FIN,2
2022,m,43,PNG,1
2022,f,5,DNK,1
2022,m,67,CRI,1
2022,m,4,YEM,1
2022,m,28,CIV,1
2022,f,53,PRT,11
2022,f,74,SAU,1
2022,m,83,ESP,3
2022,f,47,KEN,4
2022,m,82,DNK,2
2022,m,110,DEU,5
2022,f,0,COG,1
2022,m,28,TTO,1
2022,m,15,MEX,4
2022,f,79,BGR,6
2022,f,61,ARG,2
2022,m,85,YUG,1
2022,f,57,UZB,3
2022,f,97,CZE,1
2022,m,89,AUS,1
2022,m,103,FRA,1
2022,f,104,DEU,8
2022,f,22,SLE,1
2022,f,3,TUN,1
2022,f,17,MEX,2
2022,m,79,KOR,2
2022,m,16,LBN,1
2022,f,40,LBR,2
2022,f,29,COD,4
2022,m,41,CIV,1
2022,f,13,TKM,1
2022,f,38,LBN,2
2022,m,108,BGR,1
2022,m,59,TWN,2
2022,m,57,CHL,1
2022,m,92,FRA,2
2022,f,112,SWE,1
2022,f,21,LAO,1
2022,m,41,FJI,1
2022,f,77,PRY,1
2022,m,61,ARG,3
2022,m,8,ISR,2
2022,m,32,PRK,3
2022,f,20,SOM,1
2022,m,56,AFG,4
2022,f,97,KAZ,1
2022,f,10,LTU,3
2022,f,124,RUS,1
2022,f,10,CMR,1
2022,f,82,AZE,1
2022,m,75,KOR,2
2022,f,19,LBN,2
2022,f,2,HRV,2
2022,m,68,NER,1
2022,m,74,PAK,1
2022,f,19,YEM,1
2022,f,82,MNG,2
2022,m,4,LBY,3
2022,m,32,BEN,1
2022,f,11,FIN,3
2022,f,61,YUG,1
2022,m,86,EGY,1
2022,f,1,FIN,2
2022,m,72,KEN,1
2022,m,7,COL,2
2022,f,8,SYR,3
2022,m,19,GHA,1
2022,m,77,LBN,1
2022,m,48,KEN,7
2022,f,2,SRB,1
2022,f,106,URY,1
2022,f,17,MKD,1
2022,f,41,YUG,2
2022,f,51,TUN,3
2022,f,99,VNM,1
2022,m,86,SYR,1
2022,m,69,LVA,2
2022,m,29,BWA,1
2022,m,103,UKR,1
2022,m,46,CUB,5
2022,m,18,DMA,1
2022,m,90,AUT,4
2022,m,37,TTO,1
2022,f,68,FIN,4
2022,f,77,TUR,2
2022,f,29,LKA,4
2022,f,26,NIC,1
2022,m,26,MOZ,3
2022,m,87,KAZ,1
2022,f,7,UZB,4
2022,m,81,MDA,1
2022,m,31,CIV,3
2022,f,73,MNG,2
2022,f,55,TWN,2
2022,m,96,USA,7
2022,m,58,UNKNOWN,3
2022,f,58,BIH,1
2022,m,31,PSE,4
2022,f,82,PRK,1
2022,f,84,ITA,2
2022,f,61,MAR,1
2022,m,20,CAF,1
2022,m,33,GMB,3
2022,f,72,BIH,1
2022,f,83,AFG,1
2022,m,8,KOSOVO,1
2022,m,71,LUX,2
2022,f,108,ISR,1
2022,f,91,NGA,1
2022,f,37,DOM,3
2022,m,49,MDG,2
2022,f,20,JAM,1
2022,f,127,UNKNOWN,1
2022,f,86,ROU,2
2022,m,88,UNKNOWN,2
2022,m,64,ZWE,1
2022,f,94,BGR,2
2022,f,86,NOR,1
2022,m,9,MNE,1
2022,f,61,SVN,1
2022,m,60,CUB,5
2022,f,56,SRB,2
2022,f,4,IRQ,1
2022,m,34,SLV,2
2022,m,46,TZA,1
2022,m,109,UNKNOWN,2
2022,f,72,ISR,1
2022,m,14,ZAF,1
2022,f,52,CMR,1
2022,m,38,TCD,1
2022,f,27,NIC,1
2022,f,14,COL,1
2022,m,26,BHS,1
2022,m,46,TGO,1
2022,f,42,DOM,3
2022,m,54,MRT,1
2022,m,60,COL,4
2022,f,115,GBR,1
2022,m,23,MLT,1
2022,f,10,SRB,2
2022,m,13,PRK,1
2022,m,25,HND,1
2022,f,16,COL,1
2022,f,36,MKD,5
2022,f,39,LUX,1
2022,m,55,MDG,1
2022,f,89,SYR,1
2022,m,13,ALB,1
2022,m,41,PAN,2
2022,m,102,ISR,2
2022,m,48,TTO,2
2022,f,32,CYP,3
2022,m,84,SYR,1
2022,f,28,SGP,4
2022,m,18,LBY,1
2022,m,11,ISL,1
2022,m,4,DOM,1
2022,f,55,UNKNOWN,3
2022,f,60,LBY,1
2022,f,55,KWT,1
2022,f,12,MAR,2
2022,f,16,IRN,2
2022,f,64,PAN,1
2022,m,6,TWN,1
2022,m,85,CAN,2
2022,m,18,HND,1
2022,m,13,IRN,2
2022,m,25,HTI,2
2022,f,96,UNKNOWN,2
2022,m,80,PRT,1
2022,f,39,DOM,3
2022,f,20,GHA,3
2022,m,77,ETH,1
2022,m,43,VUT,2
2022,m,65,SGP,1
2022,m,51,UNKNOWN,1
2022,f,17,ISR,3
2022,f,11,PRK,1
2022,f,29,BIH,1
2022,f,42,RWA,1
2022,f,62,SUR,1
2022,f,130,ESP,1
2022,m,33,PSE,1
2022,f,23,CAF,1
2022,m,26,TGO,1
2022,f,70,BRB,1
2022,f,38,DOM,1
2022,f,3,SGP,1
2022,f,17,VEN,1
2022,m,38,HTI,2
2022,f,25,KNA,1
2022,f,93,HUN,1
2022,m,59,VAT,1
2022,f,1,SVK,5
2022,m,81,LVA,1
2022,m,71,LVA,2
2022,m,7,ZWE,2
2022,m,42,KWT,1
2022,f,64,PER,1
2022,f,44,KHM,1
2022,f,26,SDN,1
2022,m,100,GBR,4
2022,f,88,HRV,1
2022,f,25,SUR,1
2022,m,55,AFG,3
2022,f,19,COG,1
2022,m,77,YEM,1
2022,f,78,NPL,1
2022,m,104,UNKNOWN,3
2022,f,67,YEM,1
2022,f,0,KOR,3
2022,m,96,FIN,1
2022,m,100,URY,1
2022,f,99,AUT,2
2022,f,16,AGO,1
2022,f,60,PRK,2
2022,f,21,MWI,1
2022,f,74,IRN,1
2022,m,92,BGR,5
2022,m,12,KGZ,3
2022,m,42,SOM,3
2022,f,132,UNKNOWN,1
2022,f,30,UNKNOWN,2
2022,m,112,CAN,2
2022,f,69,NOR,1
2022,f,45,CRI,1
2022,f,84,ISR,1
2022,m,40,LBR,3
2022,f,19,MLI,1
2022,f,82,JPN,1
2022,m,50,GHA,2
2022,f,42,SEN,1
2022,f,4,PHL,1
2022,f,8,UNKNOWN,3
2022,m,22,KWT,1
2022,f,56,IRQ,3
2022,f,73,CUB,1
2022,m,59,SAU,3
2022,f,59,SVN,1
2022,m,13,ARG,1
2022,f,5,CYP,1
2022,m,16,PHL,1
2022,m,2,TUN,2
2022,m,62,AFG,3
2022,m,117,AUT,1
2022,f,39,SDN,1
2022,m,101,UNKNOWN,2
2022,f,12,CYP,1
2022,m,31,TTO,2
2022,m,48,ERI,1
2022,f,48,CUB,1
2022,f,25,CPV,1
2022,m,37,LIE,1
2022,f,26,DJI,1
2022,f,39,MLT,1
2022,f,63,PAK,2
2022,m,56,GIN,2
2022,f,3,NGA,2
2022,m,27,SEN,2
2022,m,62,SAU,3
2022,f,58,SGP,1
2022,m,36,COM,2
2022,f,43,GHA,1
2022,f,3,LVA,2
2022,f,82,KOR,2
2022,m,59,GTM,2
2022,f,1,RWA,2
2022,f,28,SLE,1
2022,f,34,MDG,2
2022,m,70,BIH,5
2022,f,16,SWE,3
2022,m,25,NIC,5
2022,f,63,ARG,1
2022,f,1,COD,1
2022,f,4,SAU,3
2022,f,102,DOM,1
2022,f,56,ECU,1
2022,m,77,GHA,1
2022,m,17,KEN,1
2022,m,0,CMR,2
2022,m,13,ERI,1
2022,m,73,YEM,1
2022,f,49,BOL,3
2022,m,119,RUS,1
2022,f,13,DNK,1
2022,m,84,AFG,1
2022,m,49,AGO,1
2022,f,77,EGY,1
2022,f,23,BTN,1
2022,f,66,YUG,2
2022,m,59,KOSOVO,2
2022,m,43,TZA,3
2022,m,55,URY,1
2022,f,57,DMA,1
2022,m,83,FIN,2
2022,m,16,PER,1
2022,f,3,CHE,1
2022,m,82,MNG,1
2022,m,92,ESP,1
2022,m,6,COL,1
2022,m,73,ALB,1
2022,f,39,KOSOVO,2
2022,m,32,COD,6
2022,m,5,AUT,2
2022,f,81,SRB,2
2022,f,94,UNKNOWN,2
2022,m,28,ARE,2
2022,m,67,BIH,5
2022,f,92,GBR,3
2022,f,20,BRA,5
2022,m,24,PRK,2
2022,f,34,GTM,3
2022,m,34,UGA,4
2022,f,9,ZWE,2
2022,f,72,EST,1
2022,f,51,PAK,3
2022,f,58,UNKNOWN,5
2022,f,65,TWN,2
2022,f,5,SAU,2
2022,m,50,COG,1
2022,f,45,SAU,1
2022,m,26,MLI,1
2022,m,34,SDN,2
2022,m,86,FRA,4
2022,f,52,IDN,5
2022,m,26,ISL,2
2022,m,68,ETH,1
2022,f,26,MWI,2
2022,f,71,TKM,1
2022,f,104,UNKNOWN,2
2022,m,58,SAU,2
2022,m,59,AFG,2
2022,f,30,URY,1
2022,m,119,FRA,1
2022,f,89,BGR,3
2022,m,16,SVN,2
2022,f,87,MKD,1
2022,f,20,ALB,1
2022,f,16,EGY,1
2022,m,45,CIV,1
2022,f,44,ISL,1
2022,m,81,ETH,1
2022,m,38,TGO,1
2022,f,11,DZA,2
2022,f,7,ETH,1
2022,m,37,PRY,2
2022,m,105,UNKNOWN,4
2022,m,25,CYP,2
2022,m,45,UGA,3
2022,f,76,ROU,1
2022,f,108,SWE,3
2022,m,11,CHE,2
2022,f,110,FRA,2
2022,f,123,SWE,2
2022,f,67,YUG,1
2022,m,34,PRY,1
2022,m,107,BGR,1
2022,f,54,COG,1
2022,f,89,ISR,2
2022,m,34,MOZ,1
2022,f,6,CMR,2
2022,f,136,CZE,1
2022,f,28,ISL,2
2022,m,59,GHA,1
2022,m,84,KAZ,1
2022,f,126,RUS,1
2022,m,46,BDI,1
2022,f,45,NGA,3
2022,m,28,MOZ,1
2022,m,32,LUX,2
2022,f,39,JAM,1
2022,m,39,BEN,1
2022,m,54,SYC,1
2022,m,51,BWA,1
2022,f,73,MEX,1
2022,f,73,ZAF,1
2022,f,37,PRY,1
2022,f,10,TJK,6
2022,m,34,PRK,1
2022,m,33,BFA,1
2022,m,50,VAT,1
2022,m,49,CUB,4
2022,f,81,ESP,2
2022,f,35,GHA,1
2022,f,27,AUS,4
2022,m,21,PRK,1
2022,m,12,KOSOVO,1
2022,m,49,MLT,3
2022,f,52,MYS,2
2022,f,70,UNKNOWN,4
2022,f,6,TZA,1
2022,f,12,LVA,2
2022,f,43,TTO,1
2022,m,39,SDN,1
2022,f,0,CAN,1
2022,m,84,GRC,6
2022,f,5,IRL,2
2022,f,66,PRT,1
2022,m,8,MNG,4
2022,f,39,LBN,2
2022,f,51,SYR,2
2022,m,39,YUG,2
2022,m,70,PRT,2
2022,f,62,ERI,1
2022,m,59,SDN,1
2022,m,32,BDI,1
2022,f,10,TKM,2
2022,f,13,YEM,2
2022,f,11,ZWE,1
2022,f,48,SYR,8
2022,m,77,TUN,2
2022,f,2,SAU,1
2022,m,66,CHL,1
2022,m,67,ARG,3
2022,m,62,LKA,3
2022,f,9,BEL,3
2022,m,1,CZE,5
2022,m,80,ROU,1
2022,m,57,HND,1
2022,f,37,LAO,1
2022,f,134,UNKNOWN,1
2022,f,84,MEX,1
2022,m,36,BOL,4
2022,m,83,NOR,2
2022,f,99,BLR,1
2022,m,74,YEM,2
2022,m,2,SLV,1
2022,m,44,MWI,1
2022,m,67,NPL,1
2022,m,33,NIC,1
2022,m,62,AGO,5
2022,m,1,SVN,1
2022,m,7,SVN,1
2022,m,71,SDN,3
2022,m,53,MYS,2
2022,f,8,TKM,1
2022,m,80,IDN,1
2022,m,2,COG,1
2022,m,4,KOSOVO,1
2022,m,22,CRI,1
2022,m,77,VEN,2
2022,f,50,DOM,1
2022,m,58,SLE,1
2022,f,47,SYC,1
2022,m,56,SGP,1
2022,f,76,YEM,1
2022,m,59,PER,1
2022,f,34,SOM,1
2022,m,30,LUX,1
2022,m,24,TON,1
2022,f,67,COL,2
2022,f,65,THA,2
2022,m,85,ESP,3
2022,f,56,SYR,3
2022,m,4,MKD,1
2022,m,48,URY,2
2022,m,28,MLT,2
2022,m,88,SYR,1
2022,m,30,ARE,1
2022,f,124,UNKNOWN,4
2022,m,10,ALB,2
2022,f,32,VCT,1
2022,f,47,SAU,2
2022,f,36,CYP,1
2022,m,95,AUT,2
2022,f,36,MUS,2
2022,f,78,UNKNOWN,1
2022,m,48,UNKNOWN,2
2022,f,3,IRL,2
2022,f,98,ITA,2
2022,f,42,MLI,1
2022,f,44,LAO,1
2022,f,5,MKD,1
2022,m,34,MDV,1
2022,m,46,PAN,1
2022,m,107,PER,1
2022,f,13,BRA,4
2022,f,52,ALB,1
2022,f,96,UNKNOWN,5
2022,f,29,LBN,3
2022,m,64,VAT,1
2022,m,62,BRB,1
2022,f,44,CMR,6
2022,f,6,PER,2
2022,f,27,MDG,3
2022,m,125,RUS,1
2022,m,19,DOM,1
2022,m,118,CAN,1
2022,m,3,LVA,3
2022,m,41,YUG,2
2022,m,99,UNKNOWN,3
2022,f,14,JOR,4
2022,m,11,MEX,3
2022,m,29,MWI,2
2022,f,29,KHM,1
2022,f,40,MNE,2
2022,f,37,SOM,2
2022,m,27,COM,3
2022,f,48,ZWE,3
2022,f,129,UNKNOWN,4
2022,m,67,QAT,1
2022,m,29,MOZ,1
2022,f,7,FIN,1
2022,m,3,SAU,6
2022,m,31,AND,1
2022,m,58,YUG,2
2022,m,74,SRB,2
2022,m,48,MLT,2
2022,f,55,EGY,3
2022,f,44,ERI,1
2022,f,64,KGZ,1
2022,f,34,IRL,4
2022,f,103,BEL,1
2022,f,129,DEU,1
2022,m,94,ESP,1
2022,f,24,ISR,5
2022,m,130,UNKNOWN,1
2022,f,69,SGP,1
2022,m,115,UNKNOWN,1
2022,m,69,AFG,2
2022,m,71,MEX,1
2022,m,14,KEN,1
2022,m,28,ZMB,3
2022,m,50,PAN,1
2022,f,9,TUN,2
2022,m,5,CAF,1
2022,f,25,ECU,4
2022,f,32,JOR,4
2022,f,21,ISL,1
2022,m,14,ARG,1
2022,m,53,URY,1
2022,m,51,MLT,1
2022,m,36,BFA,1
2022,m,41,LAO,2
2022,f,12,ISL,2
2022,m,92,SWE,2
2022,f,41,CUB,3
2022,m,55,ERI,1
2022,m,43,YUG,1
2022,m,12,ZWE,1
2022,f,13,HRV,1
2022,f,109,GRC,2
2022,m,81,EST,1
2022,f,24,MLI,2
2022,f,34,UGA,11
2022,m,85,PRT,1
2022,f,63,IRQ,2
2022,m,62,JOR,2
2022,f,27,GHA,8
2022,f,21,HRV,2
2022,f,49,EST,2
2022,m,11,TUN,2
2022,f,38,BOL,2
2022,f,71,TUN,1
2022,m,79,PAK,1
2022,m,27,GMB,3
2022,f,73,LKA,1
2022,f,44,MDG,2
2022,m,43,OMN,1
2022,f,118,USA,2
2022,f,23,BIH,5
2022,f,21,GTM,3
2022,m,1,VEN,1
2022,m,23,CIV,1
2022,f,64,ALB,1
2022,f,2,NER,1
2022,m,0,SWE,2
2022,m,66,MAR,2
2022,m,48,SDN,1
2022,m,48,BHR,1
2022,m,45,COD,3
2022,m,10,TUN,1
2022,f,57,SRB,5
2022,f,11,COD,2
2022,m,72,FIN,4
2022,f,52,CYP,1
2022,m,2,SWE,2
2022,f,14,MDG,1
2022,f,65,PER,1
2022,m,80,TUN,1
2022,m,27,HND,2
2022,m,45,BLZ,1
2022,f,1,DNK,2
2022,m,18,BGD,2
2022,f,5,MNE,2
2022,m,53,UGA,1
2022,m,24,DMA,1
2022,m,43,JAM,1
2022,f,15,SYR,1
2022,f,72,COL,1
2022,f,27,CYP,2
2022,f,31,HND,1
2022,m,4,ZAF,2
2022,m,38,SDN,3
2022,m,60,KOSOVO,2
2022,f,3,SEN,1
2022,f,1,DOM,1
2022,m,65,GNB,1
2022,m,15,THA,1
2022,f,81,ARG,2
2022,m,24,CYP,2
2022,m,98,FRA,1
2022,f,37,TTO,1
2022,f,82,NGA,1
2022,m,62,GHA,1
2022,m,45,TTO,1
2022,m,14,GTM,1
2022,f,18,GHA,1
2022,m,102,FRA,3
2022,m,20,AUS,2
2022,f,45,ARG,4
2022,m,43,CIV,1
2022,f,112,UKR,2
2022,m,63,SEN,1
2022,m,63,AND,1
2022,f,28,CRI,3
2022,f,101,CZE,1
2022,f,72,PER,2
2022,f,118,HUN,1
2022,m,39,MYS,2
2022,m,138,THA,1
2022,f,44,CHL,2
2022,m,26,SLV,2
2022,f,89,FRA,2
2022,m,20,ZMB,1
2022,f,0,ERI,1
2022,f,87,JPN,1
2022,f,5,EGY,5
2022,m,53,ZMB,1
2022,m,97,UNKNOWN,1
2022,m,65,VAT,1
2022,m,23,TCD,2
2022,f,37,SLV,1
2022,f,24,SEN,2
2022,m,18,BDI,2
2022,f,12,AGO,1
2022,f,12,MEX,4
2022,m,13,VEN,1
2022,f,78,ESP,2
2022,m,68,PER,2
2022,m,114,AUS,1
2022,m,79,SRB,2
2022,m,77,MEX,1
2022,f,100,BLR,1
2022,m,69,CYP,1
2022,m,50,JAM,1
2022,m,7,ZMB,1
2022,m,8,NPL,3
2022,m,68,MAR,1
2022,f,45,JOR,4
2022,m,15,HRV,2
2022,f,29,DJI,1
2022,m,17,GIN,1
2022,m,95,ITA,2
2022,f,33,CHL,5
2022,m,16,COL,3
2022,f,119,DEU,1
2022,f,81,LTU,1
2022,f,45,SUR,1
2022,m,92,NOR,1
2022,f,21,MMR,2
2022,m,43,SLE,1
2022,m,29,MDV,1
2022,f,78,MDA,2
2022,f,38,KOSOVO,4
2022,f,42,CHL,1
2022,f,5,AUS,1
2022,m,8,JOR,1
2022,f,19,KEN,2
2022,m,58,CRI,1
2022,m,24,DJI,2
2022,m,84,KWT,1
2022,m,72,MAR,1
2022,f,54,MMR,1
2022,m,21,SDN,5
2022,m,31,COM,2
2022,m,51,ARE,1
2022,m,17,ARG,2
2022,f,91,HRV,1
2022,m,21,PER,3
2022,f,44,NZL,1
2022,f,18,GTM,1
2022,f,102,LVA,1
2022,f,80,COL,1
2022,f,46,VEN,3
2022,f,25,YEM,3
2022,m,39,KHM,1
2022,m,57,PRY,1
2022,m,55,HND,2
2022,f,69,UNKNOWN,2
2022,m,56,BEN,1
2022,m,34,CYP,2
2022,f,80,SVN,1
2022,f,28,YUG,1
2022,f,71,HRV,1
2022,f,46,TZA,1
2022,m,68,PHL,1
2022,f,56,NZL,2
2022,f,131,DEU,1
2022,m,100,SYR,1
2022,f,27,MLT,1
2022,f,4,THA,1
2022,m,123,UNKNOWN,1
2022,f,25,MLI,1
2022,f,55,MKD,1
2022,m,20,UGA,1
2022,m,41,SLV,1
2022,f,47,ALB,3
2022,m,3,AUS,1
2022,f,51,GTM,2
2022,m,82,AUS,2
2022,m,43,LBR,1
2022,f,102,GRC,2
2022,m,26,STP,1
2022,f,36,BIH,3
2022,m,67,YEM,1
2022,m,64,EST,3
2022,f,75,YUG,1
2022,m,109,BRA,1
2022,f,58,SDN,1
2022,m,3,PER,1
2022,m,18,ISR,3
2022,m,74,IDN,1
2022,m,88,CHE,2
2022,f,4,IDN,1
2022,f,15,MKD,1
2022,f,51,TWN,4
2022,m,69,LBN,3
2022,m,12,TWN,1
2022,f,19,UNKNOWN,2
2022,m,70,PRK,3
2022,m,46,URY,2
2022,m,20,AGO,4
2022,f,27,MNE,4
2022,f,108,DNK,1
2022,f,71,UZB,1
2022,m,44,UGA,5
2022,m,71,PER,1
2022,f,59,VEN,3
2022,m,3,PAN,1
2022,f,59,LBY,3
2022,f,47,TJK,3
2022,f,53,ECU,1
2022,m,79,ARM,4
2022,f,67,PHL,4
2022,m,73,ZAF,1
2022,m,3,AUT,4
2022,m,20,BHR,1
2022,m,65,GHA,1
2022,f,123,DEU,2
2022,f,35,MUS,1
2022,m,40,ECU,2
2022,f,10,PER,1
2022,f,65,BGD,1
2022,f,119,GRC,2
2022,f,25,LAO,1
2022,f,53,ZMB,1
2022,m,27,MLT,3
2022,f,14,NPL,1
2022,f,56,PER,1
2022,m,60,DOM,1
2022,f,3,KGZ,3
2022,f,83,LVA,2
2022,m,60,MLT,1
2022,f,55,PAK,1
2022,m,1,CHE,1
2022,f,48,BHR,1
2022,m,10,DNK,2
2022,f,58,COL,1
2022,m,26,COM,2
2022,m,29,KHM,1
2022,m,35,OMN,1
2022,m,98,FIN,1
2022,m,120,UNKNOWN,4
2022,f,62,YUG,2
2022,f,97,BEL,1
2022,m,80,FIN,3
2022,m,57,SDN,1
2022,f,11,NIC,1
2022,f,95,ITA,1
2022,m,36,YUG,1
2022,m,52,UNKNOWN,1
2022,f,24,MNE,3
2022,m,9,IRL,3
2022,f,8,AUS,1
2022,f,104,SWE,5
2022,m,4,VEN,1
2022,m,35,DMA,1
2022,m,38,MLT,3
2022,f,35,KOSOVO,4
2022,m,80,MNG,1
2022,m,39,DOM,1
2022,m,119,CHE,1
2022,f,45,DZA,3
2022,m,61,VEN,1
2022,m,53,PRY,1
2022,f,65,NER,1
2022,m,55,SAU,1
2022,m,45,COG,1
2022,f,53,LKA,1
2022,f,1,NGA,4
2022,f,69,IRQ,1
2022,f,85,KGZ,1
2022,m,59,MLT,1
2022,m,88,NLD,3
2022,f,8,SGP,2
2022,f,63,YUG,1
2022,m,2,SEN,2
2022,f,89,DZA,1
2022,m,9,CAN,3
2022,m,51,ETH,2
2022,m,33,BOL,4
2022,m,65,TKM,1
2022,f,21,BIH,2
2022,m,8,CRI,1
2022,m,7,SUR,2
2022,m,35,SOM,2
2022,f,69,EGY,1
2022,f,32,CHL,4
2022,m,73,HRV,2
2022,m,102,RUS,1
2022,f,9,NZL,1
2022,m,32,CIV,2
2022,m,72,GHA,2
2022,m,45,GHA,3
2022,m,69,NZL,1
2022,f,9,SVN,1
2022,m,68,ALB,1
2022,f,81,CHN,2
2022,m,14,MYS,1
2022,m,70,GIN,1
2022,f,40,GMB,1
2022,f,38,SDN,1
2022,f,25,AUS,2
2022,f,9,AFG,8
2022,f,24,SLE,1
2022,m,5,SVN,2
2022,f,24,ERI,1
2022,m,54,RWA,1
2022,f,44,GHA,1
2022,m,75,BIH,2
2022,f,49,CUB,4
2022,f,36,BWA,1
2022,f,13,SDN,1
2022,f,110,ARG,1
2022,m,28,ECU,4
2022,f,84,DNK,1
2022,f,31,UNKNOWN,1
2022,f,91,FIN,1
2022,m,46,MYS,2
2022,m,81,TUR,1
2022,f,93,CHN,1
2022,f,63,SYR,3
2022,m,19,TUN,5
2022,f,74,NGA,1
2022,m,92,KAZ,1
2022,f,91,ISR,1
2022,m,13,CHL,1
2022,f,46,CHL,2
2022,m,81,YUG,1
2022,f,38,TLS,1
2022,f,34,ZMB,2
2022,m,42,KHM,1
2022,m,72,KWT,1
2022,f,82,BEL,3
2022,m,129,RUS,1
2022,m,71,COL,1
2022,m,23,LUX,2
2022,f,40,GUY,1
2022,f,92,VNM,2
2022,m,92,AUS,2
2022,f,45,GHA,1
2022,m,63,ARG,1
2022,m,121,USA,1
2022,f,102,ITA,1
2022,m,23,BHS,1
2022,m,56,COD,2
2022,f,84,TUR,1
2022,m,2,IRN,2
2022,f,6,NPL,3
2022,m,37,ARE,2
2022,m,77,ZAF,1
2022,f,103,ESP,1
2022,m,56,UGA,1
2022,f,59,IRL,6
2022,f,79,JOR,1
2022,f,94,ARM,2
2022,f,14,KWT,1
2022,f,8,TGO,1
2022,m,16,ARG,1
2022,f,4,FIN,5
2022,f,63,CHL,1
2022,m,89,HUN,1
2022,m,67,SDN,1
2022,m,110,HUN,1
2022,m,27,TON,1
2022,m,103,ITA,2
2022,m,94,CHN,1
2022,f,74,PRK,1
2022,f,35,MDG,2
2022,f,46,DOM,2
2022,f,43,AGO,1
2022,m,17,MAR,1
2022,m,94,CHE,1
2022,f,5,AGO,2
2022,f,110,RUS,4
2022,f,12,AUT,3
2022,f,46,KEN,2
2022,f,24,SDN,1
2022,m,98,BRA,1
2022,m,1,IRN,2
2022,f,71,YUG,1
2022,m,55,KNA,1
2022,f,83,UNKNOWN,1
2022,m,32,UNKNOWN,1
2022,m,49,CIV,1
2022,f,105,FRA,2
2022,m,62,NIC,1
2022,f,52,TJK,1
2022,m,61,LKA,1
2022,f,74,SRB,1
2022,f,24,STP,1
2022,f,56,MDG,1
2022,f,75,KOR,1
2022,f,48,YEM,1
2022,f,67,IRN,1
2022,m,1,TKM,1
2022,m,7,RWA,1
2022,f,24,CHL,2
2022,f,67,CUB,1
2022,f,46,NZL,3
2022,f,96,VNM,1
2022,m,103,GRC,6
2022,f,9,EST,1
2022,m,104,UKR,2
2022,f,64,TWN,1
2022,f,23,SWZ,1
2022,m,22,COG,4
2022,f,76,SVK,3
2022,f,31,TCD,2
2022,f,119,CAN,1
2022,f,5,KEN,2
2022,m,25,CIV,2
2022,f,90,KOR,1
2022,f,22,GTM,2
2022,f,14,LBN,1
2022,f,14,PAN,1
2022,f,42,CMR,2
2022,m,45,KNA,1
2022,m,12,UZB,3
2022,m,54,SGP,1
2022,f,71,IRQ,2
2022,f,137,BGD,1
2022,m,18,NPL,3
2022,f,6,MOZ,1
2022,f,65,PRK,1
2022,m,11,SGP,1
2022,m,1,LBN,2
2022,m,66,LKA,1
2022,m,44,PRY,3
2022,f,40,SEN,1
2022,m,18,MWI,1
2022,m,74,BRA,2
2022,f,101,ITA,1
2022,f,87,CHL,1
2022,f,130,RUS,1
2022,m,46,VUT,1
2022,m,23,LBR,1
2022,f,0,KAZ,10
2022,f,38,TTO,2
2022,m,5,BIH,1
2022,m,16,SAU,2
2022,f,38,MWI,1
2022,m,22,ARE,2
2022,f,29,BEN,1
2022,f,15,LVA,1
2022,f,116,USA,2
2022,f,45,MNE,1
2022,m,9,JAM,1
2022,f,35,CRI,3
2022,f,6,AUT,3
2022,m,17,MYS,2
2022,m,0,ARG,1
2022,m,94,MKD,1
2022,f,47,ZWE,2
2022,m,94,SRB,1
2022,f,8,MNG,4
2022,f,36,MNE,1
2022,f,22,MUS,2
2022,f,71,BIH,2
2022,m,69,IDN,1
2022,f,83,IND,2
2022,f,0,ALB,1
2022,f,25,HTI,1
2022,f,78,FIN,2
2022,m,11,MAR,2
2022,m,97,SWE,6
2022,m,80,IRN,2
2022,f,35,GTM,3
2022,f,43,BTN,1
2022,m,76,YUG,3
2022,f,49,ZMB,1
2022,f,53,IRQ,1
2022,m,66,CYP,2
2022,m,90,BGR,3
2022,m,71,ECU,1
2022,m,44,SUR,1
2022,f,75,CHL,1
2022,f,65,YEM,1
2022,f,33,MLT,1
2022,f,73,PER,1
2022,m,91,LUX,2
2022,f,76,AUS,3
2022,f,57,YEM,1
2022,f,41,YEM,1
2022,f,54,SVN,4
2022,f,6,HRV,3
2022,f,40,CRI,1
2022,f,74,TWN,1
2022,f,10,UNKNOWN,2
2022,f,37,LBY,2
2022,f,46,TJK,5
2022,f,54,CHL,2
2022,m,17,VEN,2
2022,f,1,IRN,2
2022,m,82,SDN,1
2022,m,26,MWI,1
2022,m,11,LBN,2
2022,m,124,DEU,1
2022,m,59,VEN,1
2022,f,3,UNKNOWN,1
2022,m,66,CRI,1
2022,m,7,PHL,4
2022,m,76,PHL,1
2022,f,50,IRL,3
2022,m,62,GNB,1
2022,m,75,PRT,2
2022,f,83,CHN,4
2022,m,21,CHL,2
2022,f,113,AUT,1
2022,f,105,AUT,1
2022,f,69,IRL,1
2022,f,1,SGP,1
2022,f,13,CHE,1
2022,f,50,CRI,1
2022,f,60,UNKNOWN,3
2022,f,57,ERI,1
2022,f,5,AUT,4
2022,m,2,YEM,2
2022,f,14,MEX,3
2022,m,15,UNKNOWN,1
2022,m,3,MNE,1
2022,f,93,CAN,1
2022,f,47,COG,1
2022,f,27,GIN,2
2022,f,81,MCO,1
2022,m,66,VEN,3
2022,m,114,BGR,1
2022,m,43,GMB,4
2022,m,6,EST,1
2022,f,64,CYP,1
2022,f,43,ALB,5
2022,f,44,TTO,1
2022,m,49,SLV,1
2022,f,46,COD,1
2022,m,45,PSE,1
2022,m,46,AFG,3
2022,f,19,PRK,1
2022,f,48,NZL,1
2022,m,0,MAR,2
2022,m,13,HUN,5
2022,m,77,CYP,1
2022,f,55,LBY,1
2022,f,76,PER,1
2022,f,37,MUS,1
2022,f,31,MMR,1
2022,f,51,AFG,3
2022,f,34,LAO,2
2022,f,1,CMR,2
2022,m,125,UNKNOWN,1
2022,f,30,GTM,2
2022,m,91,CAN,2
2022,m,18,NZL,2
2022,m,91,ESP,2
2022,f,4,ISL,1
2022,f,35,BDI,1
2022,f,37,BIH,2
2022,m,95,BGR,1
2022,m,58,YUG,1
2022,f,22,SGP,1
2022,f,45,TZA,2
2022,m,90,SWE,2
2022,f,92,PER,1
2022,f,85,GEO,2
2022,m,122,USA,2
2022,f,12,UZB,2
2022,f,60,SVN,1
2022,m,19,HND,1
2022,f,67,UZB,1
2022,m,43,KNA,1
2022,f,82,SAU,1
2022,m,6,ALB,1
2022,m,36,GIN,5
2022,m,22,MNE,2
2022,m,90,AUS,1
2022,f,37,GUY,1
2022,m,15,IRN,2
2022,f,91,KAZ,1
2022,f,47,LUX,1
2022,m,81,NPL,1
2022,f,45,ECU,2
2022,f,30,CYP,1
2022,f,118,FRA,1
2022,f,43,VAT,1
2022,m,88,SVN,1
2022,f,68,CUB,1
2022,f,52,TZA,1
2022,f,78,AGO,1
2022,m,23,GIN,1
2022,f,10,CAN,1
2022,m,56,SAU,1
2022,m,39,YUG,1
2022,f,16,CYP,1
2022,m,91,YUG,1
2022,m,72,AFG,1
2022,f,91,KOR,2
2022,m,29,KWT,1
2022,f,47,MLT,2
2022,m,12,CAN,3
2022,m,64,TUN,1
2022,f,46,EST,4
2022,f,21,PRK,1
2022,m,104,UNKNOWN,1
2022,m,41,PRY,1
2022,f,130,UNKNOWN,1
2022,m,88,JPN,1
2022,f,27,MMR,2
2022,f,82,FRA,3
2022,m,29,URY,2
2022,m,25,SLE,2
2022,f,68,TUR,2
2022,m,55,LKA,4
2022,m,42,UGA,4
2022,m,5,LIE,1
2022,m,83,LVA,1
2022,f,84,AUS,2
2022,m,30,MOZ,1
2022,m,17,SDN,2
2022,f,52,CHL,1
2022,m,68,MEX,2
2022,f,44,EGY,1
2022,m,136,UNKNOWN,1
2022,m,97,LTU,1
2022,f,85,UNKNOWN,1
2022,m,113,UNKNOWN,1
2022,f,50,CHL,3
2022,f,69,AFG,1
2022,m,28,MUS,3
2022,f,97,KOR,1
2022,f,102,BEL,1
2022,m,39,HND,2
2022,f,26,AUS,2
2022,m,48,SGP,2
2022,m,80,SYR,2
2022,m,84,CHE,2
2022,m,105,CHN,1
2022,m,69,JOR,1
2022,f,27,PRY,1
2022,f,101,NLD,1
2022,m,64,SGP,1
2022,m,36,BHS,1
2022,m,52,URY,1
2022,f,13,TGO,1
2022,m,15,PHL,1
2022,m,49,SDN,3
2022,f,7,CHE,1
2022,m,10,MAR,1
2022,f,91,UZB,1
2022,f,77,GEO,1
2022,f,52,PRT,2
2022,m,47,DOM,2
2022,f,58,NZL,2
2022,m,1,NER,1
2022,m,44,MUS,3
2022,m,45,UNKNOWN,1
2022,f,53,EST,3
2022,m,18,ARG,1
2022,m,57,IDN,2
2022,m,17,IDN,1
2022,f,63,EGY,2
2022,f,77,CUB,1
2022,f,44,UGA,2
2022,f,36,GNB,1
2022,m,83,SRB,2
2022,m,23,MUS,1
2022,f,86,LTU,2
2022,f,38,COD,1
2022,m,36,MWI,1
2022,f,86,JPN,1
2022,m,5,FIN,1
2022,f,40,DJI,1
2022,m,42,UNKNOWN,1
2022,f,44,GTM,1
2022,m,47,LBR,1
2022,f,38,LUX,1
2022,f,51,SDN,2
2022,m,19,HRV,1
2022,f,54,NPL,1
2022,m,22,NAM,2
2022,f,65,PAK,3
2022,m,23,KHM,2
2022,f,44,ARE,1
2022,m,51,SLE,1
2022,f,42,PAN,1
2022,f,14,PER,1
2022,m,33,PAN,3
2022,f,119,ISR,1
2022,f,12,BEL,2
2022,m,63,MLT,1
2022,f,81,EGY,1
2022,m,83,ISR,1
2022,m,18,SUR,1
2022,f,91,CAN,1
2022,f,46,COG,1
2022,f,71,EST,1
2022,m,40,NIC,2
2022,f,57,SVN,1
2022,m,42,TZA,3
2022,m,83,AFG,1
2022,m,22,SEN,1
2022,f,0,SYR,3
2022,f,21,TCD,1
2022,m,28,LUX,1
2022,f,21,FIN,4
2022,m,76,ZAF,1
2022,f,40,MDG,2
2022,m,72,AZE,1
2022,m,68,LVA,2
2022,f,24,NAM,2
2022,m,59,YEM,1
2022,m,17,CUB,1
2022,f,23,BDI,1
2022,f,39,GAB,1
2022,m,56,ECU,1
2022,f,42,KOSOVO,2
2022,f,98,FRA,2
2022,f,25,DOM,2
2022,f,24,HND,1
2022,f,47,CRI,3
2022,f,39,RWA,2
2022,f,0,NER,2
2022,f,50,AGO,1
2022,m,27,LAO,1
2022,f,44,AFG,1
2022,m,53,ETH,1
2022,m,0,IRN,1
2022,f,4,BEL,3
2022,f,67,VEN,1
2022,f,53,TUN,2
2022,f,73,NGA,1
2022,m,85,MKD,1
2022,m,59,EST,1
2022,m,93,CZE,1
2022,m,93,IRQ,1
2022,f,22,SWZ,1
2022,m,63,MLI,2
2022,f,52,MAR,1
2022,m,42,LSO,1
2022,m,17,CYP,1
2022,f,80,MYS,1
2022,m,29,LSO,1
2022,f,17,CMR,1
2022,f,59,NGA,1
2022,m,38,ZMB,1
2022,f,31,SGP,3
2022,m,117,USA,3
2022,f,82,VEN,1
2022,m,4,UNKNOWN,1
2022,f,98,ISR,1
2022,f,94,IND,1
2022,m,99,VNM,1
2022,m,47,SOM,1
2022,f,74,PAK,1
2022,m,56,URY,2
2022,m,83,ROU,2
2022,m,32,SYC,1
2022,m,91,NOR,1
2022,m,9,EST,1
2022,f,65,SVN,1
2022,m,14,MKD,1
2022,f,12,URY,1
2022,f,132,UNKNOWN,1
2022,f,97,GBR,3
2022,f,5,GTM,1
2022,m,8,AUS,1
2022,f,21,PER,3
2022,m,33,TTO,1
2022,f,32,SEN,2
2022,f,33,DOM,3
2022,m,21,SVN,1
2022,m,37,MMR,2
2022,f,28,KHM,1
2022,f,10,KOSOVO,2
2022,m,62,NPL,2
2022,m,81,ESP,1
2022,f,59,TKM,1
2022,m,16,BOL,1
2022,f,18,CHL,1
2022,m,77,PRT,2
2022,f,100,ISR,1
2022,m,18,NIC,1
2022,f,66,CHE,2
2022,m,87,IRQ,2
2022,f,64,YUG,1
2022,f,22,SAU,1
2022,m,21,THA,3
2022,m,4,MEX,4
2022,m,1,RWA,2
2022,f,41,GTM,1
2022,f,15,IRN,1
2022,m,47,ECU,2
2022,m,17,CMR,1
2022,f,3,YEM,1
2022,m,49,KEN,2
2022,f,105,HUN,1
2022,m,63,SGP,1
2022,f,22,TCD,1
2022,m,66,PAN,1
2022,m,77,SRB,1
2022,m,60,VAT,1
2022,m,8,IRN,2
2022,f,79,UNKNOWN,2
2022,m,102,LBN,1
2022,f,11,NGA,2
2022,f,85,NLD,1
2022,m,6,PSE,1
2022,f,59,BRA,2
2022,m,15,YEM,1
2022,f,46,SGP,2
2022,f,64,VEN,1
2022,f,47,ISL,1
2022,m,0,GIN,1
2022,f,80,NLD,3
2022,m,54,AGO,1
2022,f,34,MUS,1
2022,f,0,IDN,2
2022,f,1,AUS,2
2022,m,73,MAR,1
2022,f,19,BWA,1
2022,m,5,LBN,1
2022,f,86,CAN,1
2022,f,62,EGY,1
2022,f,55,YUG,1
2022,m,7,DOM,1
2022,m,37,MDV,1
2022,m,16,SDN,1
2022,f,4,SVN,1
2022,f,17,SYR,1
2022,m,54,VCT,1
2022,f,43,LKA,1
2022,f,46,ECU,1
2022,m,61,MNE,3
2022,f,114,CHE,1
2022,f,64,UZB,3
2022,f,123,GRC,1
2022,m,54,NZL,3
2022,f,5,UNKNOWN,1
2022,m,83,BIH,1
2022,f,3,JOR,1
2022,m,35,BEN,2
2022,f,8,GTM,1
2022,f,42,ISL,1
2022,m,26,LUX,2
2022,m,89,FIN,1
2022,f,105,BLR,1
2022,f,33,CIV,1
2022,f,70,TJK,1
2022,f,70,ZAF,2
2022,m,48,HND,1
2022,m,45,KEN,3
2022,f,10,PHL,2
2022,f,128,UNKNOWN,1
2022,f,116,RUS,2
2022,f,74,KOR,3
2022,m,0,FIN,1
2022,m,59,KHM,1
2022,m,63,TZA,2
2022,f,22,ATG,1
2022,f,67,AZE,1
2022,f,63,ALB,1
2022,f,33,BEN,1
2022,f,15,LBY,1
2022,f,84,MDA,1
2022,f,29,TTO,1
2022,m,55,NER,1
2022,f,22,CHE,2
2022,f,57,VEN,1
2022,f,14,UNKNOWN,1
2022,f,43,OMN,1
2022,m,74,MDA,1
2022,f,9,UNKNOWN,1
2022,f,55,SOM,2
2022,f,38,TGO,1
2022,f,28,YUG,1
2022,f,66,CMR,1
2022,f,12,LBY,2
2022,m,67,ZMB,1
2022,f,89,BGD,1
2022,f,68,LVA,2
2022,f,104,UKR,3
2022,m,61,MCO,1
2022,m,21,PSE,3
2022,m,22,URY,1
2022,m,22,JAM,1
2022,f,108,UKR,1
2022,f,58,IRN,2
2022,f,81,KAZ,1
2022,m,14,CYP,2
2022,f,15,BIH,1
2022,m,100,BLR,1
2022,f,25,SLV,1
2022,m,59,MYS,2
2022,m,91,DNK,1
2022,f,52,SAU,1
2022,f,46,NER,1
2022,m,66,ETH,1
2022,m,31,NZL,1
2022,f,2,FIN,3
2022,m,17,ALB,2
2022,m,36,ERI,1
2022,f,43,COD,2
2022,f,17,LBN,1
2022,f,60,IRQ,1
2022,m,19,MMR,2
2022,f,13,TUN,1
2022,f,9,ISL,1
2022,f,49,SEN,2
2022,f,72,NOR,2
2022,f,38,MLT,1
2022,m,63,IDN,1
2022,f,91,ROU,1
2022,m,47,HND,1
2022,m,47,COD,1
2022,m,15,CRI,1
2022,m,34,ZMB,3
2022,m,20,THA,1
2022,m,20,NAM,1
2022,m,42,NAM,2
2022,f,27,BDI,3
2022,f,20,CHL,1
2022,f,78,KOR,1
2022,m,80,TUR,2
2022,m,42,SGP,1
2022,m,60,GUY,1
2022,f,0,JOR,3
2022,m,78,BRA,1
2022,f,59,SGP,1
2022,f,20,CUB,4
2022,f,31,SLV,2
2022,f,19,SOM,2
2022,f,33,LUX,1
2022,m,12,SVN,1
2022,f,46,SAU,1
2022,m,57,AGO,2
2022,m,56,PAN,1
2022,m,108,ITA,1
2022,f,33,YUG,1
2022,m,52,SDN,1
2022,m,29,CPV,2
2022,m,11,LBY,1
2022,m,124,CAN,1
2022,f,93,VNM,2
2022,m,86,IDN,1
2022,f,92,CHN,1
2022,f,68,DZA,1
2022,m,36,MMR,1
2022,f,85,ISR,1
2022,f,52,KEN,1
2022,f,120,GRC,1
2022,m,36,KHM,2
2022,f,2,SVN,2
2022,f,80,YEM,2
2022,m,39,SOM,1
2022,m,20,SAU,4
2022,f,68,IRN,1
2022,m,58,AGO,1
2022,m,35,URY,1
2022,m,90,NLD,3
2022,f,60,CHL,1
2022,m,65,BGD,1
2022,m,9,ARG,3
2022,f,99,FRA,3
2022,f,77,ETH,2
2022,f,67,PRK,1
2022,f,18,SVN,1
2022,f,22,LBR,1
2022,f,77,VAT,1
2022,f,57,TUN,1
2022,f,2,THA,1
2022,m,49,MUS,1
2022,f,40,VAT,1
2022,m,65,LKA,1
2022,f,29,ZMB,3
2022,f,76,ISL,1
2022,f,62,LBY,1
2022,m,82,IRQ,3
2022,f,80,PRT,1
2022,f,62,COD,1
2022,m,94,IRQ,1
2022,m,27,ERI,1
2022,f,50,MLT,1
2022,f,42,SLV,1
2022,m,66,TGO,1
2022,f,14,THA,3
2022,m,76,THA,2
2022,m,27,SSD,1
2022,f,14,LKA,1
2022,f,88,ARG,1
2022,f,29,SWZ,1
2022,f,64,BOL,1
2022,f,63,ZAF,3
2022,f,36,NER,2
2022,f,59,KGZ,1
2022,m,54,KOSOVO,3
2022,f,26,GHA,4
2022,m,107,UNKNOWN,2
2022,f,61,CRI,2
2022,f,10,CUB,1
2022,f,30,SLV,2
2022,f,72,MDA,3
2022,m,94,AUT,3
2022,m,62,YUG,1
2022,m,83,IRN,1
2022,m,97,MNG,1
2022,m,99,BEL,1
2022,f,3,PER,1
2022,f,81,ETH,1
2022,m,18,GTM,2
2022,f,50,URY,1
2022,m,8,LBY,3
2022,m,69,MNG,1
2022,m,97,UNKNOWN,1
2022,m,1,NLD,1
2022,m,87,GHA,1
2022,m,13,KOSOVO,1
2022,f,27,SGP,2
2022,f,6,TKM,2
2022,m,91,SYR,2
2022,f,8,DZA,2
2022,m,107,ISR,1
2022,f,116,FRA,1
2022,f,20,KWT,1
2022,m,25,ZMB,3
2022,f,50,UGA,1
2022,m,50,SYC,1
2022,m,25,SLV,1
2022,m,100,BEL,2
2022,f,32,BWA,1
2022,m,8,UNKNOWN,1
2022,f,38,PAN,1
2022,f,29,MNE,1
2022,f,13,VEN,2
2022,m,27,GRD,1
2022,m,57,URY,1
2022,f,61,SGP,1
2022,m,76,CUB,1
2022,f,34,HTI,1
2022,f,32,SYC,1
2022,f,50,SEN,1
2022,m,13,JAM,1
2022,f,92,CHE,1
2022,f,105,GTM,1
2022,f,39,COD,2
2022,f,25,SGP,2
2022,m,3,BEL,2
2022,f,32,BTN,1
2022,f,8,ETH,1
2022,f,18,IRN,2
2022,f,47,CHL,1
2022,m,95,MNG,1
2022,f,14,CYP,1
2022,m,59,MOZ,1
2022,f,87,CZE,1
2022,m,80,SVN,1
2022,f,81,GRC,3
2022,m,75,LUX,2
2022,m,61,KOSOVO,2
2022,m,23,BHR,2
2022,f,3,AUT,1
2022,m,32,SLE,1
2022,f,47,LBN,1
2022,f,47,NAM,1
2022,f,28,COG,6
2022,f,97,ITA,2
2022,f,111,AUS,1
2022,m,27,LBR,1
2022,m,8,JAM,1
2022,f,11,EST,2
2022,f,124,USA,2
2022,m,63,ISL,1
2022,m,95,HUN,1
2022,f,83,SRB,1
2022,f,44,ECU,1
2022,f,99,DNK,1
2022,f,44,PRY,1
2022,f,25,BWA,1
2022,m,7,KWT,1
2022,f,79,AFG,1
2022,m,59,DOM,1
2022,m,1,EGY,1
2022,m,72,JOR,1
2022,m,50,MUS,1
2022,f,53,LBY,1
2022,m,90,AFG,1
2022,m,24,SUR,1
2022,m,5,SYR,1
2022,f,79,YUG,1
2022,m,5,DNK,2
2022,f,68,LBN,1
2022,f,56,GTM,1
2022,f,61,IRQ,1
2022,m,77,YUG,2
2022,m,51,AND,1
2022,m,30,DJI,1
2022,f,34,CHE,2
2022,f,74,COG,1
2022,f,80,SYR,1
2022,f,41,TZA,1
2022,f,41,ISL,2
2022,m,103,UNKNOWN,1
2022,m,6,ZWE,4
2022,m,15,NZL,1
2022,m,94,ROU,1
2022,m,64,NER,1
2022,m,45,VCT,1
2022,f,54,SGP,1
2022,f,46,YEM,2
2022,f,34,UNKNOWN,1
2022,m,1,DNK,1
2022,m,27,STP,1
2022,m,0,ALB,2
2022,f,46,YUG,1
2022,f,67,ALB,1
2022,f,48,RWA,1
2022,f,71,NZL,1
2022,m,13,MAR,1
2022,m,60,ALB,2
2022,m,6,UNKNOWN,1
2022,f,78,JPN,2
2022,f,43,MDG,1
2022,f,60,TWN,1
2022,f,70,NGA,1
2022,m,70,CUB,1
2022,m,45,BFA,2
2022,f,15,CHE,1
2022,m,59,CYP,1
2022,m,48,AGO,2
2022,m,29,LUX,1
2022,m,54,SOM,1
2022,m,103,VEN,1
2022,m,62,NZL,1
2022,m,62,NER,2
2022,f,11,MYS,2
2022,f,70,ARG,1
2022,m,51,CRI,1
2022,f,29,NIC,1
2022,m,40,ISL,2
2022,f,73,KOR,1
2022,f,71,MKD,1
2022,m,31,SLV,2
2022,f,60,CYP,2
2022,f,47,BGD,1
2022,f,89,MAR,1
2022,f,22,MWI,1
2022,f,11,TKM,1
2022,m,7,MEX,3
2022,m,17,JOR,2
2022,m,19,ISL,1
2022,f,4,NOR,3
2022,m,27,ARE,1
2022,f,29,COM,1
2022,f,16,DZA,1
2022,m,42,URY,1
2022,m,77,ARG,1
2022,f,110,DNK,1
2022,f,47,ARG,1
2022,m,38,SOM,2
2022,m,60,COG,1
2022,m,57,GRD,1
2022,f,51,YUG,1
2022,f,50,ALB,1
2022,m,58,ARG,2
2022,f,15,TUN,1
2022,m,66,IDN,1
2022,f,29,BFA,1
2022,f,51,SOM,1
2022,m,16,MNG,5
2022,f,69,NGA,1
2022,f,77,LBN,1
2022,m,30,BHR,1
2022,m,23,MMR,1
2022,m,15,MLI,1
2022,m,66,YUG,3
2022,f,111,UKR,1
2022,f,40,PRY,1
2022,m,27,BLZ,1
2022,f,56,GAB,1
2022,f,27,UNKNOWN,2
2022,m,2,KEN,1
2022,f,13,BIH,1
2022,m,7,VEN,3
2022,f,45,KNA,2
2022,f,112,BLR,1
2022,f,77,CAN,3
2022,f,63,BRA,1
2022,f,114,RUS,2
2022,m,50,SLE,1
2022,f,3,BDI,1
2022,m,133,UNKNOWN,1
2022,m,37,SDN,1
2022,f,36,SUR,2
2022,f,12,BGD,4
2022,m,45,CRI,1
2022,m,119,YUG,1
2022,f,48,JAM,1
2022,m,1,AUT,1
2022,m,59,MLI,1
2022,f,10,FIN,2
2022,f,79,BRA,1
2022,m,36,URY,1
2022,m,87,YUG,1
2022,f,69,CUB,1
2022,m,83,CHL,1
2022,m,71,DZA,1
2022,f,81,CHE,1
2022,m,56,ISL,1
2022,f,59,HRV,1
2022,f,50,NER,1
2022,m,90,CZE,1
2022,f,43,GTM,1
2022,f,73,SDN,1
2022,f,99,BGR,1
2022,m,72,LVA,2
2022,m,73,CRI,1
2022,m,119,GRC,2
2022,m,71,LBY,1
2022,m,114,BEL,1
2022,m,68,ECU,1
2022,f,6,TJK,4
2022,f,16,MKD,1
2022,m,3,MYS,1
2022,f,53,RWA,1
2022,f,20,TKM,1
2022,f,10,SVN,1
2022,m,91,ARM,1
2022,m,47,BHR,1
2022,f,71,KEN,1
2022,f,73,IDN,1
2022,f,91,CZE,1
2022,m,25,PAN,1
2022,m,17,YEM,2
2022,m,91,BGR,2
2022,m,60,VEN,2
2022,f,14,CHE,3
2022,m,63,YUG,1
2022,m,37,BOL,2
2022,f,42,LSO,1
2022,m,24,BWA,1
2022,m,2,CYP,1
2022,m,86,ARM,3
2022,f,22,MLT,2
2022,m,20,PRK,2
2022,f,5,DZA,1
2022,f,30,PSE,2
2022,m,50,SGP,1
2022,f,100,CAN,2
2022,f,109,LTU,1
2022,f,61,KGZ,1
2022,f,75,YUG,1
2022,f,21,ATG,2
2022,f,14,SRB,1
2022,m,39,PRY,2
2022,m,28,GNQ,1
2022,f,58,ARG,2
2022,m,93,CHE,1
2022,m,49,PRY,1
2022,m,1,ZWE,4
2022,m,66,BIH,3
2022,m,67,PHL,2
2022,m,12,CHE,1
2022,m,52,MYS,1
2022,m,60,MNE,4
2022,f,28,CPV,1
2022,f,35,MLT,2
2022,m,68,IRN,2
2022,f,66,NGA,1
2022,m,18,ALB,1
2022,f,86,NLD,1
2022,f,58,NGA,1
2022,f,13,LBN,1
2022,f,55,UZB,1
2022,m,8,ERI,1
2022,m,14,NOR,2
2022,f,33,MNE,1
2022,f,26,YUG,1
2022,m,58,GIN,1
2022,f,21,YEM,1
2022,m,71,UZB,1
2022,f,28,PRY,2
2022,m,0,LVA,1
2022,f,52,IRN,2
2022,m,113,CAN,1
2022,f,111,AUT,1
2022,m,67,TUN,2
2022,f,48,TJK,2
2022,m,29,UNKNOWN,1
2022,f,40,MAR,2
2022,m,51,PSE,1
2022,m,16,TKM,2
2022,f,80,BEL,3
2022,m,22,NZL,1
2022,m,8,MLI,1
2022,m,78,MDA,1
2022,m,29,NIC,1
2022,f,8,CYP,1
2022,m,17,NGA,3
2022,f,37,HTI,1
2022,f,68,PAK,2
2022,m,14,AGO,1
2022,f,65,BIH,1
2022,f,100,FRA,3
2022,f,44,SLV,1
2022,f,59,PER,2
2022,f,63,NGA,1
2022,f,123,USA,1
2022,f,42,TTO,2
2022,f,73,COL,1
2022,f,52,BIH,2
2022,f,38,JOR,2
2022,m,43,GNQ,1
2022,m,5,MKD,1
2022,m,0,JPN,1
2022,f,73,COD,1
2022,f,120,GBR,1
2022,f,15,EST,1
2022,f,32,SDN,3
2022,m,3,GTM,1
2022,f,77,CHE,1
2022,f,83,BEL,1
2022,f,88,TUR,1
2022,f,20,MUS,1
2022,f,11,KGZ,2
2022,m,74,GHA,1
2022,m,7,SEN,1
2022,f,10,ZWE,2
2022,m,0,KEN,1
2022,m,31,SLE,3
2022,m,64,LUX,2
2022,m,21,ISL,1
2022,m,126,CAN,1
2022,m,85,MDA,2
2022,f,117,UNKNOWN,2
2022,m,33,TGO,1
2022,f,36,BHS,1
2022,f,1,LBY,1
2022,f,30,DJI,1
2022,f,46,JOR,1
2022,f,62,TJK,1
2022,m,108,GBR,1
2022,m,21,PAN,1
2022,f,82,BGR,3
2022,m,48,BRN,1
2022,m,83,CHN,1
2022,m,37,MLI,1
2022,f,95,AUT,1
2022,m,19,SUR,1
2022,f,112,FRA,1
2022,f,69,AZE,1
2022,m,123,USA,1
2022,f,64,LKA,1
2022,f,83,MAR,1
2022,m,45,KIR,1
2022,f,90,DNK,2
2022,f,18,BWA,1
2022,f,43,AFG,1
2022,m,31,NIC,3
2022,f,113,LTU,2
2022,f,18,NER,1
2022,m,43,SEN,2
2022,f,9,CHL,1
2022,m,105,ROU,1
2022,f,7,HRV,4
2022,f,53,SDN,1
2022,f,73,COG,1
2022,f,33,SUR,1
2022,f,75,ESP,1
2022,f,28,SWZ,1
2022,m,57,SOM,1
2022,m,59,SGP,2
2022,f,102,JPN,1
2022,f,113,FRA,1
2022,m,66,MOZ,1
2022,f,76,URY,1
2022,m,19,BOL,2
2022,m,9,NPL,1
2022,m,51,YEM,1
2022,f,87,EGY,1
2022,m,66,KGZ,1
2022,f,10,PRK,1
2022,f,38,MNE,1
2022,m,73,CHL,1
2022,m,6,UGA,1
2022,f,106,ESP,1
2022,f,20,BTN,1
2022,m,14,TWN,1
2022,f,44,MKD,1
2022,m,134,UNKNOWN,1
2022,f,16,SAU,2
2022,f,31,TTO,1
2022,m,16,SOM,1
2022,m,33,SLV,2
2022,m,107,ITA,1
2022,f,67,SRB,2
2022,f,17,MAR,1
2022,f,20,PRY,1
2022,f,76,CMR,1
2022,f,63,PRK,1
2022,f,18,SLE,2
2022,m,64,UGA,1
2022,f,43,SOM,1
2022,f,0,JPN,1
2022,m,67,KOSOVO,1
2022,m,29,CAF,2
2022,m,63,AGO,1
2022,f,136,BEL,1
2022,m,72,CUB,2
2022,f,24,JOR,4
2022,f,11,LBY,2
2022,f,60,IDN,1
2022,f,64,IDN,1
2022,f,82,ESP,1
2022,f,35,ECU,3
2022,m,57,MNE,1
2022,f,16,JOR,1
2022,m,43,UNKNOWN,2
2022,f,66,SAU,1
2022,m,27,SUR,1
2022,f,69,YEM,1
2022,f,34,COM,1
2022,m,13,CMR,1
2022,f,11,SUR,1
2022,m,48,UGA,2
2022,m,2,EST,1
2022,m,89,SYR,1
2022,f,73,PRT,1
2022,f,71,YEM,1
2022,f,44,SAU,1
2022,m,35,MCO,1
2022,m,107,CHN,1
2022,m,0,LBY,1
2022,f,69,PER,2
2022,f,62,SEN,1
2022,f,41,BFA,1
2022,f,21,ARE,1
2022,f,114,UNKNOWN,1
2022,m,87,SAU,1
2022,f,93,BRA,1
2022,m,2,VEN,1
2022,f,19,TUN,2
2022,m,2,ZWE,2
2022,f,14,KOSOVO,2
2022,f,96,CAN,1
2022,f,60,LUX,1
2022,f,0,BEL,1
2022,f,12,EGY,5
2022,m,0,IRQ,1
2022,f,13,KGZ,1
2022,m,81,IDN,1
2022,f,29,LUX,1
2022,f,17,COG,1
2022,f,5,KNA,1
2022,m,6,PAN,1
2022,m,2,AGO,1
2022,f,89,IRL,1
2022,m,15,LKA,1
2022,m,12,LKA,1
2022,f,123,CAN,1
2022,f,80,GIN,1
2022,m,76,IND,4
2022,m,72,CRI,1
2022,m,60,JAM,1
2022,m,55,JOR,6
2022,f,77,KAZ,1
2022,m,67,BGD,1
2022,f,80,UNKNOWN,1
2022,m,61,VAT,1
2022,m,126,USA,2
2022,m,46,ZMB,1
2022,f,106,BLR,1
2022,f,14,UNKNOWN,2
2022,f,94,GBR,4
2022,m,82,YUG,1
2022,m,40,TGO,4
2022,m,73,TKM,1
2022,m,83,CZE,1
2022,m,57,MCO,1
2022,m,40,MNE,3
2022,f,6,BIH,1
2022,m,4,MAR,2
2022,m,29,BLZ,1
2022,m,52,GAB,1
2022,m,6,ARG,3
2022,f,8,YEM,1
2022,m,31,LAO,1
2022,f,108,BLR,1
2022,f,0,IRL,1
2022,m,23,LSO,1
2022,f,92,UNKNOWN,1
2022,m,85,YUG,1
2022,m,109,RUS,1
2022,f,9,VEN,1
2022,m,101,NOR,1
2022,f,59,CUB,1
2022,f,25,NER,2
2022,m,53,NER,1
2022,m,95,CHE,1
2022,f,36,TTO,2
2022,m,76,YEM,1
2022,f,13,CYP,1
2022,f,51,BOL,1
2022,f,90,UNKNOWN,1
2022,f,46,LCA,1
2022,m,79,ARG,2
2022,m,81,AUS,1
2022,f,47,CMR,2
2022,m,50,MMR,1
2022,f,37,KOSOVO,1
2022,f,129,AUT,1
2022,f,67,MEX,1
2022,m,61,CUB,2
2022,m,22,SLE,1
2022,m,87,GEO,1
2022,f,24,PSE,1
2022,m,92,SYR,1
2022,f,93,BGR,1
2022,m,64,TWN,2
2022,m,53,COD,3
2022,m,51,BTN,1
2022,m,11,KWT,1
2022,f,9,NGA,1
2022,m,51,SOM,1
2022,m,38,BRN,1
2022,m,0,HRV,2
2022,m,73,THA,1
2022,m,60,GIN,1
2022,f,74,IRL,3
2022,f,68,VAT,1
2022,f,25,TTO,1
2022,f,50,MAR,1
2022,f,38,ISL,1
2022,f,91,NLD,1
2022,m,79,CUB,1
2022,m,64,MEX,4
2022,m,86,KAZ,1
2022,m,66,UNKNOWN,1
2022,f,22,NAM,1
2022,m,35,COM,1
2022,f,21,BWA,1
2022,m,39,BFA,2
2022,f,13,COG,1
2022,f,55,TKM,1
2022,f,46,MWI,1
2022,f,52,MOZ,1
2022,m,33,LUX,2
2022,m,71,ALB,1
2022,m,63,URY,1
2022,f,56,TJK,2
2022,f,2,ETH,1
2022,f,2,IRQ,1
2022,m,100,YUG,1
2022,m,119,BGR,1
2022,m,2,DZA,1
2022,f,3,AGO,1
2022,m,3,IDN,1
2022,f,85,ECU,1
2022,f,71,GHA,1
2022,m,96,RUS,1
2022,m,71,VAT,1
2022,m,66,DOM,1
2022,f,78,LVA,2
2022,f,26,PRY,1
2022,m,53,ECU,1
2022,m,89,CHL,1
2022,m,7,DZA,1
2022,m,1,UNKNOWN,2
2022,m,70,COG,1
2022,m,108,CZE,1
2022,f,88,GEO,1
2022,m,50,ARE,1
2022,m,61,KGZ,1
2022,f,91,BGR,1
2022,f,28,SUR,1
2022,f,23,SEN,1
2022,m,76,LVA,1
2022,m,23,SGP,1
2022,m,12,ALB,1
2022,m,78,FIN,2
2022,f,68,YUG,1
2022,m,73,SVN,1
2022,m,62,BLZ,1
2022,f,70,CMR,2
2022,m,58,ERI,1
2022,f,101,AUS,1
2022,f,44,SGP,1
2022,m,73,NPL,1
2022,m,30,LSO,2
2022,f,51,MAR,1
2022,m,13,COL,2
2022,f,43,TUN,1
2022,f,63,AGO,1
2022,f,59,AUS,1
2022,f,38,YUG,2
2022,f,67,ZMB,1
2022,f,12,DNK,1
2022,m,54,PRY,2
2022,f,47,JOR,1
2022,m,75,MNG,2
2022,m,71,MKD,1
2022,m,73,ARG,1
2022,f,50,NGA,1
2022,m,63,TJK,1
2022,m,2,THA,1
2022,f,12,JOR,1
2022,f,75,IRQ,1
2022,m,72,MEX,1
2022,f,103,NZL,1
2022,f,47,TZA,4
2022,f,61,SRB,2
2022,f,39,TGO,1
2022,m,91,EGY,1
2022,f,14,IDN,1
2022,f,76,IRQ,1
2022,f,4,DOM,1
2022,m,78,LVA,1
2022,m,86,BGR,3
2022,m,34,LAO,1
2022,m,105,UNKNOWN,1
2022,m,33,LCA,1
2022,f,14,UNKNOWN,1
2022,m,13,AGO,1
2022,f,50,SUR,1
2022,f,54,LKA,2
2022,f,10,EST,1
2022,f,41,SLV,1
2022,m,89,PRT,1
2022,f,47,NZL,1
2022,f,83,FIN,1
2022,f,43,DOM,1
2022,m,35,ERI,1
2022,f,99,ISR,1
2022,m,62,TKM,1
2022,m,47,BOL,1
2022,m,8,HRV,2
2022,m,3,ZAF,1
2022,f,45,TUN,2
2022,f,72,IRL,1
2022,f,74,PER,1
2022,f,59,IRN,3
2022,m,45,MWI,1
2022,m,12,TZA,1
2022,f,5,CHE,2
2022,f,52,SVN,2
2022,m,41,GTM,4
2022,m,0,SDN,1
2022,m,54,ISL,3
2022,m,69,PAK,1
2022,f,64,LBN,1
2022,m,89,SVN,1
2022,f,90,LVA,1
2022,m,69,SAU,1
2022,f,67,MAR,1
2022,m,68,CYP,2
2022,f,1,SWE,2
2022,f,10,TTO,1
2022,m,56,COG,3
2022,m,37,BDI,1
2022,f,79,LBY,1
2022,m,41,UNKNOWN,1
2022,f,51,YEM,2
2022,f,92,CZE,2
2022,m,19,DMA,1
2022,f,80,HRV,1
2022,f,3,CRI,1
2022,m,74,NGA,1
2022,m,16,MNE,1
2022,f,31,NIC,2
2022,f,38,UNKNOWN,1
2022,f,84,NLD,1
2022,m,48,TGO,2
2022,m,70,MKD,2
2022,f,29,JAM,1
2022,f,37,CYP,1
2022,m,20,PNG,1
2022,m,77,LUX,1
2022,m,54,LAO,2
2022,m,37,URY,1
2022,f,73,IRQ,1
2022,m,27,KHM,1
2022,f,54,MKD,1
2022,f,62,SRB,3
2022,m,87,LBN,1
2022,m,70,PHL,1
2022,f,14,LBY,1
2022,f,108,UNKNOWN,1
2022,f,34,ISL,1
2022,f,45,UNKNOWN,1
2022,f,45,SDN,1
2022,m,72,THA,1
2022,m,107,CHE,1
2022,m,35,BDI,1
2022,m,37,SOM,2
2022,f,125,UNKNOWN,1
2022,f,76,UNKNOWN,1
2022,f,89,CHE,1
2022,f,1,AUT,1
2022,f,39,SGP,2
2022,m,105,FRA,1
2022,f,69,IRN,1
2022,m,26,PRY,1
2022,f,54,NZL,1
2022,m,94,NLD,1
2022,m,38,COD,1
2022,m,64,CRI,1
2022,m,74,VEN,1
2022,m,0,ZAF,1
2022,m,59,ZWE,2
2022,f,15,DZA,2
2022,m,4,GAB,1
2022,m,85,ROU,1
2022,f,19,ALB,1
2022,m,80,CYP,1
2022,f,76,HRV,1
2022,m,78,PRK,1
2022,f,88,ROU,1
2022,f,58,NAM,1
2022,m,65,AFG,1
2022,m,7,UNKNOWN,1
2022,m,24,CPV,1
2022,m,64,LIE,1
2022,m,20,NZL,1
2022,m,59,GIN,1
2022,f,45,SLV,1
2022,f,49,GTM,1
2022,m,74,PRK,2
2022,f,76,CHL,1
2022,f,111,UNKNOWN,1
2022,f,55,SAU,1
2022,m,36,TTO,1
2022,m,11,UGA,1
2022,f,18,KOSOVO,1
2022,m,36,PSE,1
2022,m,30,BDI,1
2022,f,63,AFG,1
2022,m,62,GMB,1
2022,f,51,UNKNOWN,1
2022,f,45,GIN,1
2022,f,49,MYS,1
2022,f,126,AUT,1
2022,f,100,GBR,5
2022,m,102,NLD,1
2022,m,107,FRA,1
2022,f,14,TGO,1
2022,f,98,IRN,1
2022,m,76,ISL,1
2022,f,88,PRT,1
2022,m,21,CRI,1
2022,f,18,EST,1
2022,f,77,TJK,1
2022,f,40,YUG,1
2022,f,18,ERI,1
2022,m,58,BFA,1
2022,m,76,DJI,1
2022,m,12,PER,1
2022,f,39,MRT,1
2022,m,64,TGO,1
2022,f,61,IDN,1
2022,f,89,CHL,1
2022,m,78,NPL,1
2022,m,79,NGA,1
2022,f,23,SVN,3
2022,f,68,IRQ,1
2022,f,61,VEN,1
2022,f,34,FJI,1
2022,f,49,NZL,1
2022,f,3,CMR,1
2022,f,84,GEO,1
2022,f,39,VAT,2
2022,f,51,PER,1
2022,m,3,SDN,1
2022,f,10,LBY,1
2022,m,71,TZA,1
2022,m,26,GIN,1
2022,f,65,AFG,1
2022,m,72,VAT,1
2022,f,75,AFG,1
2022,f,72,ROU,1
2022,f,28,SDN,1
2022,f,26,GMB,1
2022,m,72,BRA,3
2022,f,67,NGA,1
2022,f,52,OMN,1
2022,m,114,DNK,1
2022,m,118,MEX,1
2022,m,39,URY,1
2022,m,18,AGO,1
2022,f,63,PRT,1
2022,f,64,CHL,1
2022,f,54,YEM,1
2022,f,69,SYR,2
2022,f,87,SRB,1
2022,f,106,LTU,1
2022,f,53,BLZ,1
2022,m,34,KWT,1
2022,f,84,IRL,1
2022,m,2,SVN,1
2022,m,5,EST,1
2022,f,44,KOSOVO,2
2022,f,81,PRT,1
2022,m,21,OMN,1
2022,m,49,ARE,1
2022,f,51,CIV,1
2022,f,34,JAM,1
2022,m,19,CRI,1
2022,m,35,MRT,1
2022,m,76,KAZ,1
2022,f,43,BFA,1
2022,f,94,ESP,1
2022,f,17,LBY,1
2022,m,78,LUX,1
2022,m,55,BDI,1
2022,m,0,COG,1
2022,m,20,EST,1
2022,f,46,MLI,1
2022,f,15,ARG,1
2022,m,70,ARG,1
2022,f,65,BOL,1
2022,f,39,NZL,1
2022,f,16,UNKNOWN,1
2022,f,85,DNK,2
2022,m,24,NZL,1
2022,f,52,LKA,1
2022,m,13,TUN,1
2022,m,10,ZAF,1
2022,m,4,ARG,1
2022,m,57,ZMB,1
2022,m,3,UNKNOWN,1
2022,f,127,UNKNOWN,1
2022,m,97,BEL,1
2022,f,78,NOR,1
2022,m,17,KWT,1
2022,f,3,NAM,1
2022,f,68,AZE,2
2022,f,24,PAN,1
2022,m,20,MMR,2
2022,m,5,RWA,1
2022,f,113,UNKNOWN,1
2022,f,30,MLT,1
2022,f,8,TUN,1
2022,m,80,GEO,1
2022,m,5,MYS,1
2022,f,76,NZL,1
2022,f,33,COD,2
2022,m,55,SLE,1
2022,f,6,KOSOVO,1
2022,m,29,PNG,2
2022,m,30,YUG,1
2022,f,57,GTM,1
2022,m,47,YUG,2
2022,m,57,KNA,1
2022,m,43,SLV,1
2022,m,109,AUS,1
2022,m,26,MLT,2
2022,m,92,GBR,2
2022,m,134,USA,1
2022,f,27,PSE,1
2022,f,48,ERI,1
2022,f,9,BOL,1
2022,m,83,JPN,1
2022,f,103,CHN,1
2022,f,28,BDI,1
2022,m,66,MNE,1
2022,m,101,CAN,1
2022,m,18,NER,1
2022,f,49,TZA,1
2022,m,35,UNKNOWN,1
2022,f,13,PRT,1
2022,m,47,RWA,1
2022,m,18,MLT,1
2022,m,108,CAN,3
2022,m,22,LAO,1
2022,m,78,HRV,1
2022,f,35,JAM,1
2022,m,88,CAN,1
2022,m,64,SDN,1
2022,m,5,KOSOVO,2
2022,m,36,UNKNOWN,1
2022,f,49,SVN,2
2022,m,9,GUY,1
2022,m,23,SDN,1
2022,f,23,PNG,1
2022,f,23,AND,1
2022,m,17,HRV,1
2022,f,18,VEN,1
2022,m,6,SAU,1
2022,m,53,GMB,1
2022,f,58,HRV,1
2022,m,49,UGA,1
2022,m,88,YUG,1
2022,f,2,TUN,1
2022,f,43,PNG,1
2022,m,36,VCT,1
2022,m,40,KWT,1
2022,f,70,PRK,1
2022,m,68,UZB,1
2022,f,114,UKR,1
2022,m,13,LKA,1
2022,f,32,QAT,1
2022,f,16,IDN,1
2022,f,5,MEX,1
2022,f,139,UNKNOWN,1
2022,m,57,UNKNOWN,1
2022,m,2,HTI,1
2022,m,50,LBR,1
2022,f,65,UGA,1
2022,f,46,MKD,1
2022,f,61,BIH,1
2022,f,3,SUR,1
2022,f,75,IDN,1
2022,m,8,TKM,2
2022,f,49,ALB,1
2022,f,30,BTN,1
2022,f,50,BFA,1
2022,m,10,UNKNOWN,1
2022,m,7,CYP,1
2022,m,79,VEN,1
2022,f,56,COL,2
2022,m,59,NER,1
2022,m,24,HND,1
2022,m,41,BEN,1
2022,m,86,HRV,1
2022,f,25,SOM,2
2022,f,0,CUB,1
2022,f,62,ARG,1
2022,f,41,CHL,2
2022,f,17,UNKNOWN,1
2022,f,49,IRN,2
2022,f,49,CAF,1
2022,m,63,SVN,1
2022,m,55,TZA,1
2022,f,21,ZMB,1
2022,f,42,MDG,1
2022,m,57,GIN,1
2022,f,60,TUN,1
2022,f,22,TTO,1
2022,m,15,SGP,1
2022,f,8,MAR,1
2022,m,78,KAZ,1
2022,m,18,MYS,1
2022,f,94,HUN,1
2022,f,10,MAR,1
2022,m,85,GEO,1
2022,m,45,ERI,1
2022,m,42,DOM,1
2022,f,59,BGD,1
2022,m,60,TTO,1
2022,f,61,JOR,1
2022,m,77,MKD,1
2022,f,87,ROU,1
2022,m,1,NOR,1
2022,m,9,GNQ,1
2022,m,128,GBR,1
2022,m,93,SAU,1
2022,f,55,BOL,2
2022,f,13,URY,1
2022,f,115,CAN,1
2022,m,20,HTI,1
2022,m,44,KHM,1
2022,f,70,AZE,2
2022,m,34,BDI,1
2022,f,38,PSE,1
2022,f,100,ITA,2
2022,m,84,NGA,1
2022,m,93,BEL,1
2022,f,48,UNKNOWN,2
2022,f,41,GMB,1
2022,m,52,DOM,1
2022,f,82,UZB,1
2022,m,101,RUS,1
2022,f,82,ALB,1
2022,f,74,HRV,2
2022,f,68,UNKNOWN,2
2022,m,56,UNKNOWN,1
2022,f,23,ARE,1
2022,f,15,MEX,1
2022,m,37,HTI,1
2022,m,82,TUR,1
2022,m,6,LKA,2
2022,f,21,BRB,1
2022,m,48,GUY,1
2022,m,44,SDN,1
2022,m,21,LUX,1
2022,f,51,LKA,1
2022,m,38,SUR,1
2022,f,88,MDA,1
2022,m,50,HND,1
2022,f,10,ETH,1
2022,m,44,ZMB,1
2022,m,83,LBN,1
2022,f,69,CMR,1
2022,f,45,TTO,1
2022,m,16,MYS,1
2022,f,62,ZAF,1
2022,f,36,HTI,1
2022,f,60,NPL,1
2022,f,111,ISR,1
2022,m,101,UKR,1
2022,m,94,KOR,1
2022,m,36,YUG,1
2022,f,52,GHA,1
2022,f,35,BEN,1
2022,m,81,IRL,1
2022,f,101,AUT,1
2022,m,91,UNKNOWN,2
2022,m,115,GBR,1
2022,m,23,NAM,2
2022,f,43,ISL,1
2022,m,57,CYP,1
2022,f,57,MAR,1
2022,f,92,ITA,1
2022,f,19,HND,1
2022,f,67,LBN,1
2022,f,7,ZAF,1
2022,m,13,JOR,1
2022,f,88,CHE,1
2022,m,89,YUG,2
2022,f,91,ESP,2
2022,m,21,SMR,1
2022,m,81,MAR,1
2022,f,55,YEM,1
2022,f,49,UGA,1
2022,f,113,CHE,1
2022,m,18,COD,1
2022,m,70,AZE,2
2022,f,65,COD,1
2022,f,105,BGR,1
2022,m,16,COD,1
2022,m,7,AGO,1
2022,f,66,SRB,1
2022,m,70,ECU,1
2022,f,35,SDN,1
2022,f,70,LBY,1
2022,m,91,SRB,1
2022,m,3,ISR,1
2022,f,87,NOR,1
2022,m,69,COG,1
2022,m,67,PAN,1
2022,f,58,MMR,1
2022,f,68,SVN,1
2022,f,68,SRB,1
2022,f,35,NAM,1
2022,f,90,VNM,1
2022,f,26,SSD,1
2022,m,34,BRN,1
2022,f,102,GBR,1
2022,f,8,RWA,1
2022,m,67,YUG,1
2022,m,89,HRV,1
2022,m,17,COL,1
2022,f,42,ERI,1
2022,f,100,CHE,1
2022,f,42,UNKNOWN,1
2022,f,115,AUT,1
2022,f,38,MMR,1
2022,f,30,BOL,1
2022,m,40,DOM,2
2022,m,0,PSE,1
2022,m,3,NOR,2
2022,f,29,MDG,1
2022,f,58,KNA,1
2022,m,60,GTM,1
2022,f,117,BLR,1
2022,f,30,GMB,1
2022,f,16,YEM,1
2022,m,60,GMB,1
2022,m,25,BLZ,1
2022,m,82,COG,1
2022,f,52,SDN,1
2022,m,90,CHN,1
2022,f,1,BIH,1
2022,f,52,MDG,1
2022,m,105,CAN,1
2022,m,74,TWN,1
2022,m,77,UNKNOWN,1
2022,f,38,JAM,1
2022,f,18,TZA,1
2022,f,42,PRY,2
2022,f,51,SGP,2
2022,m,50,AGO,1
2022,f,24,YUG,1
2022,f,0,RWA,2
2022,m,83,MNE,1
2022,m,44,GMB,1
2022,m,22,BWA,1
2022,m,10,SGP,1
2022,f,70,YUG,2
2022,m,73,LBY,1
2022,f,31,NAM,2
2022,m,20,BOL,1
2022,m,80,AGO,1
2022,f,61,NPL,1
2022,m,2,NLD,1
2022,f,42,HTI,1
2022,m,13,ZWE,2
2022,f,53,MKD,1
2022,m,40,SUR,1
2022,m,33,ISL,1
2022,f,53,UGA,1
2022,f,85,IDN,1
2022,m,55,MNE,1
2022,f,15,THA,1
2022,f,27,SLE,1
2022,m,68,NZL,1
2022,f,53,SYC,1
2022,f,110,UNKNOWN,1
2022,m,62,PRY,1
2022,m,0,IDN,1
2022,f,99,LTU,1
2022,f,36,COD,1
2022,m,76,CYP,1
2022,m,77,KWT,1
2022,m,99,GBR,2
2022,m,8,ZAF,1
2022,f,31,COD,2
2022,m,43,SGP,2
2022,m,46,LUX,1
2022,m,15,EST,1
2022,f,45,MKD,1
2022,m,19,NZL,1
2022,m,31,PRY,2
2022,m,84,CZE,1
2022,m,102,UNKNOWN,1
2022,f,77,IRL,1
2022,f,80,CHL,1
2022,m,83,YUG,1
2022,m,56,SEN,2
2022,m,25,TTO,1
2022,f,27,BRB,1
2022,f,61,UNKNOWN,1
2022,f,26,COM,1
2022,f,102,NLD,1
2022,m,64,MDG,1
2022,f,32,KHM,1
2022,m,23,BEN,1
2022,m,38,MLI,1
2022,f,29,NZL,1
2022,f,49,PRY,1
2022,m,46,SLV,1
2022,f,33,SLV,1
2022,m,60,AND,1
2022,m,63,COD,2
2022,m,70,VAT,1
2022,m,79,GEO,1
2022,m,58,CIV,1
2022,m,76,SEN,1
2022,f,77,BEL,1
2022,m,46,SDN,1
2022,m,62,MLT,1
2022,f,64,EST,1
2022,m,83,KEN,1
2022,f,119,FRA,1
2022,m,20,CIV,1
2022,m,14,NGA,1
2022,m,20,SUR,1
2022,f,14,AUS,1
2022,f,59,YUG,1
2022,m,50,KWT,1
2022,f,65,TJK,1
2022,f,54,MAR,1
2022,f,50,TUN,1
2022,f,50,GTM,1
2022,f,61,PER,1
2022,m,90,ISR,1
2022,f,58,EGY,1
2022,m,23,KNA,1
2022,f,95,DNK,1
2022,f,10,SLV,1
2022,m,59,ZMB,1
2022,m,4,SRB,1
2022,m,114,BRA,1
2022,f,14,BIH,1
2022,f,0,IRQ,1
2022,m,70,BRA,1
2022,m,75,JOR,1
2022,m,20,GMB,1
2022,f,12,KOSOVO,1
2022,m,60,ECU,1
2022,f,67,AFG,1
2022,m,81,LUX,1
2022,m,45,SGP,1
2022,f,22,LKA,1
2022,f,16,SEN,1
2022,f,38,BHR,1
2022,f,17,TKM,1
2022,m,43,GTM,1
2022,f,29,SLV,1
2022,f,95,HRV,1
2022,f,12,TWN,1
2022,m,77,GTM,1
2022,m,65,KEN,1
2022,m,41,ISL,1
2022,f,66,PAK,1
2022,m,55,LAO,1
2022,f,62,ECU,1
2022,m,44,MRT,1
2022,m,45,DMA,1
2022,f,27,YUG,1
2022,f,77,DZA,1
2022,m,70,PAN,1
2022,f,17,PAK,2
2022,m,88,AFG,1
2022,m,66,UZB,3
2022,f,11,GMB,1
2022,f,49,YUG,1
2022,f,90,CHE,1
2022,m,88,SRB,1
2022,f,69,TWN,1
2022,m,27,URY,1
2022,m,90,CHL,1
2022,m,95,ARM,1
2022,f,31,SOM,1
2022,m,3,LAO,1
2022,m,19,CMR,1
2022,f,67,LBY,1
2022,m,34,TGO,1
2022,f,53,BOL,1
2022,m,2,GTM,1
2022,m,46,DOM,1
2022,f,0,SRB,1
2022,m,19,YUG,1
2022,m,9,UNKNOWN,1
2022,f,16,SVN,1
2022,m,61,KEN,1
2022,f,10,SEN,1
2022,f,15,CMR,1
2022,f,1,UNKNOWN,1
2022,f,39,YUG,1
2022,f,22,MCO,1
2022,m,104,ITA,1
2022,m,121,CAN,1
2022,f,46,HND,1
2022,m,38,BHR,1
2022,f,82,YEM,1
2022,f,96,ARM,1
2022,m,131,USA,1
2022,f,62,MUS,1
2022,m,37,UNKNOWN,1
2022,f,46,NAM,1
2022,f,1,COG,1
2022,f,83,ESP,1
2022,m,71,EST,1
2022,f,117,FRA,1
2022,m,7,MKD,1
2022,f,32,BHR,1
2022,f,21,PRY,1
2022,m,73,EST,1
2022,m,26,JAM,1
2022,m,52,OMN,1
2022,m,111,SWE,1
2022,m,7,ERI,1
2022,f,39,UGA,2
2022,f,74,CYP,1
2022,f,42,SDN,1
2022,m,44,LBR,1
2022,m,18,JOR,1
2022,m,36,ISL,1
2022,m,29,MLT,2
2022,m,32,VAT,1
2022,f,39,LBY,1
2022,m,72,MKD,1
2022,f,24,CIV,1
2022,f,85,JPN,1
2022,m,77,SYR,3
2022,f,24,PRK,1
2022,f,6,SGP,1
2022,m,66,CMR,1
2022,m,51,BRN,1
2022,f,76,KOR,1
2022,f,51,CRI,1
2022,m,47,GMB,1
2022,m,68,GHA,1
2022,m,5,THA,1
2022,m,45,ZMB,1
2022,m,105,UKR,1
2022,m,39,GRD,1
2022,f,30,NIC,1
2022,m,107,CZE,1
2022,f,75,MYS,1
2022,f,108,LVA,1
2022,m,47,UNKNOWN,1
2022,m,45,TGO,1
2022,f,74,TKM,1
2022,f,53,LUX,1
2022,m,43,URY,1
2022,f,96,BEL,1
2022,f,87,CAN,1
2022,f,38,CYP,1
2022,m,15,AGO,1
2022,m,107,UKR,1
2022,f,63,YEM,1
2022,m,80,MDA,1
2022,f,115,ESP,1
2022,f,88,USA,3
2022,f,14,DMA,1
2022,f,28,MLT,1
2022,m,81,MEX,1
2022,f,105,UNKNOWN,1
2022,f,17,ARG,1
2022,f,100,KAZ,1
2022,m,24,ERI,1
2022,m,112,CHE,1
2022,m,28,YUG,1
2022,f,2,BIH,1
2022,f,64,BHR,1
2022,f,5,HTI,1
2022,m,48,LUX,1
2022,f,15,YEM,1
2022,f,63,MNE,1
2022,m,78,NZL,1
2022,f,74,NOR,1
2022,f,16,NZL,1
2022,m,44,CPV,1
2022,f,83,MDA,1
2022,m,40,UNKNOWN,1
2022,f,19,TZA,1
2022,m,54,BOL,1
2022,f,25,YUG,1
2022,m,44,LAO,1
2022,m,85,ISR,1
2022,f,11,GHA,1
2022,f,0,SLV,1
2022,m,50,DMA,1
2022,f,68,ZAF,1
2022,f,20,MLI,1
2022,m,117,UNKNOWN,1
2022,m,8,CHE,1
2022,f,28,SEN,1
2022,m,84,CHL,1
2022,m,7,BIH,1
2022,m,95,KAZ,1
2022,f,83,GEO,1
2022,f,78,MKD,1
2022,f,66,IRN,1
2022,f,60,CMR,2
2022,f,50,JOR,1
2022,f,91,VEN,1
2022,m,75,YUG,1
2022,f,89,ESP,1
2022,f,38,CIV,1
2022,f,33,ISL,1
2022,m,47,TTO,1
2022,m,70,ZAF,1
2022,m,2,SAU,1
2022,m,72,URY,1
2022,m,60,TZA,1
2022,m,30,TGO,1
2022,f,23,GIN,1
2022,m,69,MYS,1
2022,f,54,BGD,1
2022,f,78,SYR,1
2022,m,32,MOZ,1
2022,f,44,TJK,1
2022,f,51,ETH,1
2022,f,1,ALB,1
2022,m,94,EGY,1
2022,m,0,MUS,1
2022,f,76,COL,1
2022,m,115,USA,2
2022,f,55,EST,2
2022,f,54,BOL,1
2022,f,7,YEM,1
2022,f,9,FIN,1
2022,f,49,LKA,1
2022,f,25,SYC,1
2022,m,52,BRN,1
2022,m,61,ALB,1
2022,f,51,ECU,1
2022,f,79,MNG,1
2022,m,31,SMR,1
2022,f,19,NER,1
2022,f,9,LBY,1
2022,m,100,UKR,1
2022,f,29,SDN,1
2022,m,54,SDN,1
2022,f,40,SAU,1
2022,f,35,COD,1
2022,m,23,QAT,1
2022,m,0,SVN,1
2022,f,55,JOR,1
2022,f,72,ZAF,1
2022,m,92,YUG,1
2022,f,54,UNKNOWN,1
2022,f,64,AND,1
2022,m,49,YEM,1
2022,f,73,IRN,1
2022,f,37,BFA,1
2022,m,56,NER,1
2022,m,81,AZE,1
2022,f,80,MKD,1
2022,f,62,BRA,1
2022,f,87,BEL,1
2022,m,52,SAU,1
2022,f,99,YUG,1
2022,f,2,AGO,1
2022,m,53,TZA,1
2022,f,18,HRV,1
2022,f,24,LUX,1
2022,f,91,ARM,1
2022,f,57,SGP,1
2022,f,55,LUX,1
2022,m,54,UGA,1
2022,f,22,URY,1
2022,m,0,AGO,1
2022,m,36,PRY,1
2022,m,57,YUG,1
2022,m,12,MKD,1
2022,f,60,NAM,1
2022,m,105,UNKNOWN,1
2022,f,13,EST,1
2022,m,60,COM,1
2022,m,16,UNKNOWN,1
2022,m,115,UKR,1
2022,m,89,YUG,1
2022,m,99,ITA,1
2022,m,83,AUS,1
2022,f,52,LBN,1
2022,f,80,ISR,1
2022,m,46,UNKNOWN,1
2022,f,5,LVA,1
2022,f,29,PNG,1
2022,f,9,BIH,1
2022,m,74,BIH,1
2022,m,67,PER,1
2022,f,44,TZA,1
2022,m,8,MOZ,1
2022,m,100,CUB,1
2022,m,4,LBN,1
2022,m,87,UNKNOWN,1
2022,f,25,GMB,1
2022,m,84,PRT,1
2022,m,51,VAT,1
2022,f,39,SLE,1
2022,f,10,HND,1
2022,f,49,GHA,1
2022,f,14,SAU,1
2022,f,61,TWN,1
2022,f,56,JOR,1
2022,f,86,ZAF,1
2022,f,9,ALB,1
2022,m,50,LIE,1
2022,m,79,MAR,1
2022,f,0,MKD,1
2022,f,114,UNKNOWN,1
2022,f,36,KHM,1
2022,m,29,GUY,1
2022,m,61,PAN,1
2022,f,53,MMR,1
2022,m,114,GRC,2
2022,m,86,UNKNOWN,1
2022,m,123,YUG,1
2022,m,67,SEN,1
2022,m,8,TUN,1
2022,f,2,COD,1
2022,m,39,MRT,1
2022,f,63,LBY,1
2022,f,26,TTO,1
2022,m,50,SLV,1
2022,m,22,VCT,1
2022,m,30,SSD,1
2022,m,59,ISL,1
2022,m,80,SDN,1
2022,f,21,MLI,1
2022,m,5,UNKNOWN,1
2022,m,53,MWI,1
2022,m,19,KHM,1
2022,f,62,EST,1
2022,m,52,KWT,1
2022,m,40,BHR,1
2022,f,39,MDG,1
2022,m,52,ZMB,1
2022,f,98,LVA,1
2022,m,24,COM,1
2022,f,63,CYP,1
2022,m,44,NER,1
2022,f,17,MLI,1
2022,f,71,SVN,1
2022,m,91,MDA,1
2022,m,25,BHR,1
2022,m,34,TCD,1
2022,f,24,GMB,1
2022,m,81,AFG,1
2022,m,63,CHL,1
2022,f,73,NOR,1
2022,f,8,DNK,1
2022,m,64,AND,1
2022,m,89,ROU,1
2022,f,60,YUG,1
2022,f,85,IRL,1
2022,f,91,IND,1
2022,f,85,BEL,1
2022,m,103,BEL,1
2022,m,58,ALB,1
2022,m,9,AUS,1
2022,f,53,YUG,1
2022,m,88,ISR,1
2022,m,7,CUB,1
2022,f,51,CYP,1
2022,f,0,KOSOVO,1
2022,f,39,SUR,1
2022,m,128,UNKNOWN,1
2022,f,15,AUT,1
2022,m,8,VEN,1
2022,f,19,ATG,1
2022,m,6,MYS,1
2022,m,97,IND,1
2022,m,46,RWA,1
2022,m,31,TGO,1
2022,f,64,COL,1
2022,m,5,VEN,1
2022,m,38,KHM,1
2022,m,21,SGP,1
2022,m,83,UNKNOWN,1
2023,m,20,UKR,11434
2023,f,33,UKR,34486
2023,f,42,UKR,33069
2023,f,35,CZE,57
2023,f,26,UKR,33525
2023,f,29,UKR,32854
2023,f,38,UKR,37335
2023,f,41,UKR,34197
2023,f,56,IND,23
2023,f,40,UKR,37655
2023,f,21,UKR,28295
2023,f,56,UKR,17115
2023,m,46,IND,542
2023,m,45,IDN,116
2023,f,0,UKR,6647
2023,m,35,UKR,32933
2023,f,24,UKR,30509
2023,f,2,UKR,15418
2023,f,31,UKR,33866
2023,m,31,UKR,32686
2023,m,26,UKR,31432
2023,m,26,EGY,104
2023,m,5,UKR,18205
2023,f,32,UKR,34075
2023,m,42,IND,960
2023,m,23,UKR,23361
2023,m,31,BLR,5825
2023,f,55,UKR,18397
2023,f,34,UKR,35424
2023,m,42,UKR,26029
2023,m,52,IDN,17
2023,f,19,BLR,2019
2023,f,47,UKR,29695
2023,f,3,UKR,17096
2023,m,41,UKR,27271
2023,f,9,UKR,23005
2023,f,7,UKR,20473
2023,f,60,UKR,13812
2023,m,37,UKR,32777
2023,f,64,NLD,16
2023,m,12,UKR,22348
2023,f,11,UKR,23450
2023,f,28,RUS,592
2023,m,18,UKR,30004
2023,m,59,UKR,7136
2023,f,43,UKR,32821
2023,m,36,UKR,32747
2023,m,6,UKR,19516
2023,m,43,UKR,25685
2023,f,46,UKR,30023
2023,m,23,BLR,4159
2023,m,7,UKR,20958
2023,f,22,UKR,28722
2023,f,1,UKR,9336
2023,f,18,UKR,24263
2023,f,6,UKR,19223
2023,f,4,UKR,16961
2023,m,39,ROU,436
2023,f,17,UKR,23121
2023,m,49,UKR,19901
2023,m,27,UKR,33011
2023,f,30,UKR,33066
2023,m,44,UKR,24491
2023,f,20,UKR,28144
2023,m,66,UKR,3710
2023,m,38,UKR,30758
2023,m,61,UNKNOWN,119
2023,m,27,CHN,226
2023,m,34,RUS,817
2023,f,25,UKR,32346
2023,f,52,UKR,23390
2023,m,30,UKR,32658
2023,m,22,KAZ,270
2023,m,62,UKR,7503
2023,f,35,UKR,37297
2023,f,19,UKR,27307
2023,f,53,UKR,21654
2023,m,57,BLR,1195
2023,m,36,BLR,6380
2023,m,34,UKR,32079
2023,m,24,UKR,25418
2023,m,28,UKR,32812
2023,f,45,CZE,61
2023,m,27,IDN,368
2023,f,3,IND,141
2023,m,70,UKR,1792
2023,f,51,UKR,25019
2023,m,21,EGY,60
2023,m,21,UKR,14942
2023,m,9,UKR,23722
2023,m,49,CHN,280
2023,m,13,UKR,21533
2023,f,15,UKR,22478
2023,m,29,ETH,97
2023,m,33,UKR,32063
2023,f,39,UKR,37401
2023,m,32,IDN,260
2023,m,10,UKR,23283
2023,m,31,HUN,90
2023,m,8,UKR,21976
2023,f,60,FRA,42
2023,f,50,UKR,25223
2023,f,27,BLR,3134
2023,m,46,UKR,22425
2023,m,25,UKR,28813
2023,f,48,SWE,59
2023,m,58,UKR,8228
2023,m,57,UKR,9612
2023,f,27,LVA,27
2023,f,26,PER,17
2023,f,64,UKR,10313
2023,m,56,JPN,83
2023,f,27,UKR,33806
2023,f,28,UKR,33357
2023,f,37,BLR,2370
2023,f,63,UKR,11543
2023,m,71,UKR,1634
2023,m,36,SWE,69
2023,f,61,UKR,13046
2023,m,17,UKR,25679
2023,f,23,UKR,30255
2023,m,45,UZB,413
2023,m,55,CZE,75
2023,f,4,ISR,10
2023,m,45,UKR,23576
2023,m,54,AUT,73
2023,m,63,UKR,6461
2023,f,67,UKR,7401
2023,f,65,UKR,9595
2023,m,14,UKR,22198
2023,m,47,SVK,92
2023,m,25,BLR,5062
2023,f,10,UKR,22815
2023,f,71,UKR,4773
2023,f,16,UKR,21657
2023,f,44,UKR,31946
2023,m,55,UKR,12094
2023,m,53,UKR,15598
2023,m,4,UKR,17633
2023,f,68,UNKNOWN,178
2023,m,50,UKR,18638
2023,f,76,SWE,64
2023,m,59,GBR,244
2023,m,26,BLR,5266
2023,m,53,DEU,755
2023,m,50,TUR,341
2023,f,76,UKR,2317
2023,f,36,UKR,37790
2023,f,25,KEN,32
2023,m,61,UKR,7645
2023,m,22,TUR,993
2023,m,16,UKR,21526
2023,m,52,UKR,17109
2023,m,46,GEO,1673
2023,m,39,UKR,30969
2023,m,22,KOSOVO,27
2023,m,50,FRA,218
2023,m,16,BLR,760
2023,m,28,UZB,488
2023,m,22,BLR,3420
2023,m,33,BEL,57
2023,m,42,CHN,430
2023,f,48,UKR,28399
2023,m,63,BLR,450
2023,m,48,ARM,157
2023,m,31,TUR,1348
2023,f,37,UKR,39278
2023,m,2,UKR,16242
2023,m,11,UKR,23781
2023,m,5,HUN,10
2023,f,48,RUS,360
2023,m,91,DEU,78
2023,m,15,UKR,22309
2023,m,34,COL,266
2023,m,33,AZE,340
2023,f,72,UKR,4171
2023,m,62,VNM,98
2023,f,45,UKR,30792
2023,f,44,BLR,1476
2023,m,39,ISR,37
2023,m,60,SOM,1
2023,m,22,UKR,18703
2023,m,28,IRQ,36
2023,m,27,COL,302
2023,m,33,MDA,1187
2023,m,25,MDA,1402
2023,f,13,UKR,21644
2023,m,34,BLR,6367
2023,f,67,FRA,23
2023,m,51,BLR,2432
2023,m,54,UKR,13503
2023,m,32,UKR,32453
2023,m,48,KOR,208
2023,m,25,LKA,20
2023,m,31,IND,1877
2023,m,40,UKR,30533
2023,m,24,BLR,4668
2023,m,33,CHN,429
2023,f,35,BLR,2522
2023,f,20,SVN,1
2023,m,3,UKR,17866
2023,m,40,DEU,661
2023,m,39,BLR,5745
2023,m,19,UKR,24256
2023,m,35,TUR,1030
2023,m,23,COL,271
2023,m,37,EGY,191
2023,m,33,GEO,2401
2023,m,8,BLR,1036
2023,m,41,BLR,5086
2023,f,35,TUR,495
2023,m,21,ROU,166
2023,m,27,UZB,489
2023,m,50,DEU,590
2023,m,25,BGD,230
2023,m,42,IRL,73
2023,f,5,UKR,17898
2023,f,28,ROU,155
2023,f,50,LTU,54
2023,f,41,UNKNOWN,182
2023,m,20,MDA,585
2023,m,36,RUS,806
2023,m,46,UZB,386
2023,m,44,BLR,4008
2023,m,61,DEU,851
2023,m,24,COL,294
2023,m,29,UKR,32741
2023,m,0,UKR,6766
2023,f,69,MNG,6
2023,f,37,NLD,46
2023,m,26,IND,1313
2023,f,49,VNM,113
2023,m,31,SAU,119
2023,m,32,IND,1688
2023,m,65,NLD,77
2023,m,47,UKR,21861
2023,m,33,LVA,99
2023,m,57,AUT,71
2023,m,48,UKR,20863
2023,m,6,BLR,960
2023,f,67,DEU,380
2023,f,14,UKR,22188
2023,f,12,SYR,7
2023,m,50,VNM,219
2023,f,30,PHL,238
2023,m,32,BLR,5997
2023,f,16,SWE,10
2023,f,30,IDN,109
2023,f,68,UKR,6509
2023,m,15,ECU,1
2023,f,62,UNKNOWN,245
2023,f,8,UKR,21298
2023,m,51,UKR,18072
2023,f,74,UKR,3649
2023,m,72,DEU,527
2023,f,64,UNKNOWN,228
2023,f,66,UKR,8409
2023,m,27,JOR,42
2023,m,52,GEO,1180
2023,m,30,GEO,2037
2023,f,41,TUR,107
2023,m,32,IRL,40
2023,m,55,CYP,6
2023,f,57,UKR,16311
2023,m,75,UNKNOWN,47
2023,f,47,KAZ,86
2023,f,54,SVK,32
2023,m,11,BLR,884
2023,m,32,FRA,255
2023,f,12,UKR,22069
2023,m,50,GEO,1250
2023,f,19,ARM,33
2023,m,42,RUS,665
2023,f,26,IRN,28
2023,m,29,NPL,526
2023,m,20,IND,180
2023,f,73,UKR,3674
2023,m,60,UKR,7257
2023,f,49,UKR,27402
2023,m,24,GHA,16
2023,m,56,UKR,10715
2023,m,53,FRA,188
2023,f,36,BLR,2430
2023,f,62,UKR,12318
2023,f,54,UKR,19531
2023,m,58,DNK,85
2023,f,70,UKR,5284
2023,f,59,UKR,14203
2023,m,24,VNM,245
2023,m,35,ROU,532
2023,m,18,RUS,267
2023,f,23,BLR,3170
2023,m,24,RUS,462
2023,f,30,BLR,2710
2023,f,51,GEO,346
2023,f,24,MNG,18
2023,m,29,BLR,5498
2023,m,10,ROU,199
2023,m,33,BLR,6233
2023,m,50,BLR,2559
2023,m,45,BLR,3759
2023,f,24,TUR,740
2023,m,26,TUR,1532
2023,f,22,FRA,144
2023,m,43,ESP,186
2023,m,34,MAR,62
2023,f,27,ESP,167
2023,m,35,PAK,168
2023,f,69,UKR,6122
2023,f,70,VNM,41
2023,m,47,GEO,1583
2023,m,52,CHN,238
2023,m,36,KOR,136
2023,m,59,AUT,69
2023,m,29,MDA,1303
2023,m,31,GRC,66
2023,f,51,RUS,360
2023,f,46,GEO,443
2023,m,54,LBN,12
2023,m,46,FRA,197
2023,m,42,ROU,407
2023,f,0,BLR,402
2023,m,32,IRQ,39
2023,m,59,TUR,113
2023,m,34,GEO,2191
2023,f,43,EST,12
2023,m,38,VNM,516
2023,m,41,KAZ,162
2023,f,33,RUS,667
2023,m,28,GEO,2202
2023,m,64,UKR,5407
2023,m,26,ESP,298
2023,m,56,DEU,826
2023,m,40,CHN,446
2023,m,30,TUR,1257
2023,m,44,UZB,477
2023,m,38,BRA,90
2023,m,60,GEO,458
2023,m,50,SRB,66
2023,m,47,BLR,3360
2023,m,26,PAK,101
2023,m,31,NPL,552
2023,m,21,IND,260
2023,f,44,IND,124
2023,m,85,UKR,202
2023,m,45,BRA,42
2023,m,55,BGR,148
2023,m,32,KAZ,165
2023,m,23,DEU,163
2023,m,38,TUR,703
2023,f,55,USA,50
2023,m,32,LVA,91
2023,m,57,UZB,52
2023,m,43,BLR,4297
2023,m,42,AZE,183
2023,f,30,NOR,33
2023,m,42,TUR,553
2023,m,58,KOR,120
2023,f,49,RUS,333
2023,f,22,CYP,1
2023,f,99,GRC,7
2023,m,51,MDA,677
2023,m,58,JPN,80
2023,m,44,GBR,257
2023,m,36,SAU,49
2023,f,65,USA,58
2023,m,63,SWE,62
2023,m,58,GBR,266
2023,m,7,KOR,56
2023,m,44,RUS,598
2023,f,28,IDN,133
2023,m,64,GBR,152
2023,m,24,TUR,1326
2023,m,37,BLR,6508
2023,m,49,DEU,638
2023,m,40,BLR,5654
2023,m,9,BGR,66
2023,f,29,BLR,2941
2023,m,23,UZB,555
2023,f,13,BLR,752
2023,m,36,IND,1509
2023,f,36,CHN,329
2023,m,35,BLR,6542
2023,m,19,BLR,1588
2023,m,43,BGD,188
2023,m,44,MDA,966
2023,m,46,UNKNOWN,13
2023,f,80,UKR,758
2023,m,49,BLR,2838
2023,m,42,BLR,4706
2023,m,42,NPL,228
2023,f,14,EGY,8
2023,m,28,BLR,5657
2023,f,58,BRA,4
2023,m,5,MDA,41
2023,f,58,DEU,306
2023,m,27,GEO,2204
2023,m,32,MDA,1193
2023,f,41,RUS,531
2023,f,33,TUR,667
2023,m,23,KGZ,132
2023,m,39,NPL,319
2023,f,50,MDA,417
2023,f,58,UKR,14703
2023,m,24,CHN,163
2023,f,32,HRV,31
2023,m,62,FRA,120
2023,m,43,IND,876
2023,f,39,BLR,2076
2023,m,24,MDA,1366
2023,m,16,RUS,266
2023,m,30,MDA,1314
2023,m,42,BGD,184
2023,m,33,TUR,1317
2023,m,57,VNM,149
2023,m,62,ISR,14
2023,f,75,SYR,1
2023,m,55,BLR,1517
2023,m,27,IND,1567
2023,f,31,GEO,400
2023,m,46,BLR,3532
2023,m,45,CZE,139
2023,m,79,YUG,3
2023,m,66,UNKNOWN,10
2023,m,40,PHL,530
2023,f,17,BLR,1050
2023,m,28,ISL,1
2023,m,52,UZB,170
2023,m,33,BGR,172
2023,f,42,GEO,490
2023,m,50,ISR,42
2023,m,18,BLR,1318
2023,f,19,CHN,73
2023,f,13,PRT,8
2023,m,39,MDA,1190
2023,f,33,BLR,2591
2023,f,27,PRT,45
2023,f,26,BLR,3104
2023,m,28,ESP,272
2023,m,30,SWE,64
2023,f,38,ARM,73
2023,m,21,IRQ,16
2023,f,20,SVK,16
2023,f,43,BLR,1542
2023,f,43,VNM,151
2023,m,37,CHN,451
2023,m,54,GEO,971
2023,m,27,MDA,1359
2023,f,32,BLR,2609
2023,f,9,BLR,940
2023,m,43,GBR,289
2023,f,30,ROU,149
2023,m,62,GEO,314
2023,f,65,VNM,66
2023,m,60,MDA,233
2023,f,30,COL,116
2023,m,29,RUS,625
2023,m,59,CHN,139
2023,m,39,TKM,163
2023,m,36,GEO,2046
2023,m,38,BLR,6029
2023,f,90,UNKNOWN,17
2023,m,34,CZE,98
2023,m,55,KGZ,20
2023,m,57,KOR,122
2023,m,44,LVA,98
2023,m,43,GEO,1756
2023,m,26,PRT,100
2023,m,29,VNM,416
2023,f,17,SYR,8
2023,m,20,BLR,1875
2023,m,69,UKR,2167
2023,m,56,GBR,230
2023,m,24,GEO,1669
2023,m,50,RUS,516
2023,m,41,KOR,220
2023,m,43,PHL,499
2023,m,22,ESP,246
2023,m,5,BLR,911
2023,f,55,BLR,676
2023,m,41,ITA,335
2023,f,3,TUR,25
2023,m,56,ITA,249
2023,f,43,UNKNOWN,14
2023,m,50,IRL,63
2023,m,32,GEO,2511
2023,m,69,TUR,28
2023,m,41,MDA,1045
2023,m,38,IND,1462
2023,m,29,IND,1860
2023,f,59,DEU,321
2023,m,34,MDA,1199
2023,f,45,BLR,1441
2023,m,34,VNM,461
2023,m,24,IND,903
2023,f,32,COL,129
2023,m,22,GEO,1381
2023,f,38,GEO,414
2023,m,44,COL,141
2023,m,23,CZE,28
2023,m,35,GEO,2062
2023,m,34,UZB,593
2023,f,66,BLR,227
2023,m,70,TUR,15
2023,m,39,ESP,231
2023,m,30,MAR,91
2023,m,31,MEX,78
2023,f,48,SVK,42
2023,f,2,UZB,7
2023,m,48,CHN,293
2023,m,41,KEN,25
2023,m,28,MDA,1272
2023,f,26,ESP,232
2023,m,63,AUT,86
2023,m,19,ROU,80
2023,m,22,MDA,1035
2023,m,28,UNKNOWN,69
2023,m,30,NGA,171
2023,f,60,DEU,377
2023,f,49,THA,69
2023,f,33,ARM,81
2023,m,47,FIN,26
2023,m,15,RUS,295
2023,m,31,VNM,443
2023,f,42,GRC,14
2023,m,37,BGR,172
2023,m,43,UZB,497
2023,m,25,AZE,500
2023,m,37,IDN,205
2023,m,35,RUS,849
2023,m,42,PHL,556
2023,f,14,RUS,242
2023,f,42,SWE,37
2023,f,33,IDN,76
2023,m,72,UKR,1372
2023,m,48,BLR,3000
2023,f,54,BLR,797
2023,m,85,DEU,177
2023,m,33,DEU,412
2023,m,50,KOR,196
2023,f,38,MDA,490
2023,m,22,IDN,288
2023,m,31,PHL,273
2023,f,65,DEU,394
2023,m,29,BGD,398
2023,m,1,UKR,9800
2023,m,41,ARG,32
2023,m,33,ZWE,84
2023,m,53,BGR,152
2023,m,36,TUR,910
2023,m,39,AZE,206
2023,m,13,AFG,7
2023,f,40,FRA,79
2023,f,34,MDA,414
2023,m,23,IND,726
2023,m,57,CHE,23
2023,f,50,CZE,43
2023,m,38,RUS,779
2023,m,66,DEU,712
2023,f,43,LTU,95
2023,f,32,MDA,444
2023,m,37,GEO,2121
2023,f,21,TUR,289
2023,m,38,TKM,154
2023,f,44,TUR,61
2023,f,34,NPL,82
2023,m,24,ZWE,197
2023,m,19,TUR,337
2023,m,53,UZB,142
2023,m,21,ITA,68
2023,m,58,SYR,22
2023,m,22,IND,390
2023,m,47,GBR,256
2023,m,11,KAZ,16
2023,m,66,BGR,71
2023,f,36,ARG,17
2023,m,62,KOR,88
2023,m,41,GEO,1889
2023,f,39,KGZ,31
2023,m,56,ARM,83
2023,m,13,BLR,697
2023,m,38,GEO,2022
2023,m,59,IRL,45
2023,m,68,UKR,2514
2023,f,86,UKR,588
2023,f,26,IND,314
2023,m,39,RUS,749
2023,m,20,ROU,120
2023,f,28,BLR,3016
2023,m,48,UNKNOWN,8
2023,f,3,BGD,12
2023,m,25,PHL,53
2023,m,53,MDA,567
2023,m,54,BGR,172
2023,m,8,IND,120
2023,f,32,RUS,642
2023,f,50,MNG,8
2023,m,22,RUS,387
2023,m,45,MDA,959
2023,f,31,BLR,2862
2023,m,32,CHN,319
2023,m,51,IND,246
2023,m,31,KGZ,111
2023,m,30,BLR,5478
2023,f,62,ARM,39
2023,m,20,GEO,895
2023,f,60,BGR,56
2023,f,25,BLR,3306
2023,m,4,ARG,5
2023,f,34,BLR,2626
2023,m,29,ITA,349
2023,f,32,AZE,89
2023,f,81,UKR,870
2023,m,39,GRC,75
2023,m,40,COL,151
2023,f,19,ITA,31
2023,m,6,KOR,44
2023,m,21,LTU,39
2023,m,39,IND,1238
2023,f,27,RUS,597
2023,f,26,ZWE,156
2023,f,88,RUS,27
2023,m,28,IND,1812
2023,m,40,BRA,79
2023,f,54,DEU,283
2023,m,14,VNM,72
2023,f,89,GRC,18
2023,m,27,BLR,5335
2023,m,44,AZE,134
2023,f,56,RUS,250
2023,m,33,IND,1729
2023,m,54,BLR,1633
2023,m,31,ITA,320
2023,f,49,BLR,1170
2023,f,43,SVN,8
2023,f,24,USA,86
2023,f,9,RUS,171
2023,m,49,MDA,820
2023,m,52,GBR,287
2023,f,49,DEU,248
2023,m,31,DEU,327
2023,m,40,GEO,1883
2023,m,66,UNKNOWN,9
2023,m,58,ITA,241
2023,f,25,CHN,345
2023,m,52,RUS,461
2023,m,60,CZE,57
2023,m,31,EGY,129
2023,f,73,SYR,6
2023,m,55,ROU,220
2023,f,8,ROU,205
2023,f,45,GEO,454
2023,f,41,DEU,244
2023,m,0,BLR,447
2023,m,65,MDA,66
2023,m,9,RUS,191
2023,m,44,IND,709
2023,f,55,DNK,23
2023,f,25,NGA,54
2023,m,21,NPL,174
2023,f,62,NLD,25
2023,f,41,PHL,428
2023,m,43,DEU,727
2023,m,25,KGZ,117
2023,m,45,IND,631
2023,f,36,IDN,75
2023,m,43,FRA,192
2023,f,77,UKR,1898
2023,f,12,KOR,78
2023,f,46,MDA,479
2023,f,67,SWE,78
2023,f,31,UGA,22
2023,m,34,LVA,123
2023,m,53,CHN,274
2023,m,27,TUR,1368
2023,m,55,ITA,269
2023,f,75,UKR,2643
2023,m,32,PHL,318
2023,f,73,CZE,18
2023,m,35,NGA,137
2023,m,14,AZE,17
2023,m,42,KGZ,112
2023,m,30,AZE,407
2023,f,49,AZE,17
2023,m,38,ROU,441
2023,m,69,DEU,700
2023,f,71,CHN,18
2023,m,30,LTU,96
2023,f,3,BLR,806
2023,m,28,PAK,137
2023,m,75,AUT,50
2023,m,28,RWA,62
2023,m,39,ITA,337
2023,m,54,ITA,296
2023,f,43,IRN,28
2023,m,53,BLR,1935
2023,m,22,DNK,11
2023,f,68,BEL,6
2023,m,40,EGY,163
2023,m,53,GRC,39
2023,f,19,RUS,294
2023,f,31,USA,102
2023,f,38,IND,290
2023,m,54,USA,164
2023,f,26,UZB,66
2023,f,7,KOR,57
2023,f,47,ISR,11
2023,f,59,IRL,7
2023,m,1,HRV,3
2023,m,35,SVK,103
2023,f,53,BLR,844
2023,f,26,FRA,144
2023,m,50,UZB,227
2023,m,2,BLR,688
2023,f,61,RUS,201
2023,m,68,KAZ,7
2023,f,68,GBR,24
2023,f,47,RUS,398
2023,m,57,DEU,885
2023,m,37,IND,1519
2023,f,24,GEO,274
2023,m,28,VNM,447
2023,m,30,FRA,247
2023,f,63,VNM,100
2023,m,55,PSE,1
2023,m,22,FRA,190
2023,m,12,DEU,49
2023,m,43,EGY,98
2023,m,64,DEU,738
2023,f,35,DEU,164
2023,m,77,DEU,317
2023,f,43,KEN,12
2023,m,41,ISR,35
2023,f,50,RUS,405
2023,m,34,PHL,377
2023,f,11,RUS,205
2023,m,27,TKM,281
2023,m,47,DEU,697
2023,m,36,ESP,296
2023,m,11,BGR,70
2023,m,44,ROU,352
2023,m,64,PRT,21
2023,m,7,NOR,1
2023,f,30,VNM,239
2023,m,68,SWE,72
2023,m,36,KGZ,118
2023,f,40,AUS,8
2023,f,41,ISR,20
2023,m,48,UZB,295
2023,f,74,VNM,19
2023,f,23,UZB,59
2023,m,56,MDA,414
2023,m,40,FRA,228
2023,m,38,MDA,1226
2023,m,38,KAZ,153
2023,f,21,BLR,2301
2023,f,39,KOR,119
2023,f,20,KOR,43
2023,m,34,USA,205
2023,m,57,GEO,698
2023,f,21,MDA,461
2023,f,30,MDA,509
2023,m,46,CHN,313
2023,m,52,MDA,644
2023,f,48,BLR,1205
2023,m,21,TUR,721
2023,m,52,NOR,30
2023,m,51,DEU,689
2023,m,29,TUR,1245
2023,f,52,BLR,976
2023,m,32,RUS,667
2023,m,26,BEL,42
2023,m,1,BLR,546
2023,m,8,GBR,24
2023,m,39,BGD,329
2023,m,34,NPL,429
2023,m,45,GEO,1750
2023,m,26,UZB,420
2023,m,39,VNM,475
2023,m,34,IND,1632
2023,m,61,TUR,71
2023,m,60,TUR,99
2023,m,34,ROU,486
2023,m,27,RUS,672
2023,f,22,IND,143
2023,m,51,USA,140
2023,f,39,IND,233
2023,m,23,KAZ,269
2023,f,76,ARM,23
2023,f,28,CAN,21
2023,f,37,HUN,63
2023,f,46,KAZ,70
2023,f,24,RUS,454
2023,m,6,ROU,209
2023,f,20,KAZ,372
2023,f,9,BGR,80
2023,f,43,MDA,484
2023,m,50,BGR,169
2023,f,110,DEU,10
2023,m,1,PAK,15
2023,m,53,ITA,289
2023,m,26,BRA,54
2023,m,29,UZB,518
2023,m,21,BLR,2525
2023,f,35,AUT,35
2023,f,48,DEU,252
2023,f,15,GRC,6
2023,m,46,DEU,725
2023,f,72,DEU,299
2023,m,35,MDA,1268
2023,m,67,UKR,3048
2023,f,66,CHN,55
2023,m,29,GEO,2101
2023,f,7,BLR,1016
2023,f,38,BLR,2253
2023,m,1,ARM,28
2023,f,25,IND,298
2023,m,63,DEU,768
2023,f,43,GEO,442
2023,m,40,UZB,577
2023,m,26,RUS,578
2023,f,25,MDA,527
2023,f,33,CHN,344
2023,f,34,ISR,13
2023,m,81,HUN,2
2023,f,39,ROU,165
2023,f,23,MDA,543
2023,m,32,CAN,31
2023,m,40,TKM,107
2023,m,48,IND,397
2023,m,25,TUR,1425
2023,f,46,LTU,66
2023,f,29,IND,484
2023,m,74,UNKNOWN,56
2023,f,3,BGR,50
2023,m,52,TUR,252
2023,f,64,RUS,169
2023,f,37,PHL,422
2023,m,47,ROU,303
2023,f,20,FIN,5
2023,m,35,ITA,346
2023,m,7,BLR,1136
2023,m,59,DEU,855
2023,f,82,DEU,127
2023,f,52,MDA,352
2023,m,33,ALB,73
2023,m,52,LVA,54
2023,m,43,CHN,369
2023,m,44,ISR,33
2023,m,37,VNM,418
2023,f,24,BLR,3238
2023,m,39,UZB,617
2023,f,14,GRC,11
2023,f,35,MDA,494
2023,m,50,KAZ,103
2023,m,78,UKR,304
2023,m,50,MDA,744
2023,m,23,MDA,1254
2023,f,18,MDA,106
2023,m,61,CZE,57
2023,f,29,IRQ,10
2023,f,42,NGA,19
2023,m,24,UZB,505
2023,m,52,FRA,210
2023,m,19,UZB,322
2023,m,6,ARM,18
2023,f,28,UZB,48
2023,m,33,ITA,351
2023,m,19,GEO,571
2023,f,32,ESP,127
2023,f,84,UKR,822
2023,f,10,BLR,892
2023,m,30,VNM,447
2023,f,52,GEO,330
2023,f,22,JPN,32
2023,m,37,SRB,92
2023,f,21,UNKNOWN,26
2023,m,28,AZE,459
2023,m,38,SRB,103
2023,m,56,MAR,9
2023,m,74,SWE,60
2023,f,35,ESP,108
2023,m,75,GBR,77
2023,f,26,GRC,55
2023,m,63,SVK,30
2023,m,22,NPL,281
2023,f,45,SVK,63
2023,m,43,ITA,290
2023,m,44,GEO,1737
2023,m,37,PRT,118
2023,m,38,UNKNOWN,133
2023,m,50,ROU,274
2023,f,20,BLR,2104
2023,f,27,IND,396
2023,m,65,GBR,116
2023,m,10,GEO,61
2023,m,51,FRA,211
2023,f,18,KGZ,24
2023,f,8,BLR,1007
2023,m,55,IRQ,15
2023,f,26,AZE,134
2023,f,42,BLR,1647
2023,f,25,IDN,111
2023,m,29,TKM,314
2023,m,0,ISR,7
2023,m,57,IND,59
2023,m,60,RUS,243
2023,m,58,BLR,960
2023,m,29,USA,162
2023,m,36,IRQ,44
2023,m,57,LAO,3
2023,m,51,BGR,152
2023,f,15,CZE,19
2023,f,85,UKR,739
2023,m,65,UKR,4538
2023,m,38,DEU,585
2023,f,54,BGR,71
2023,m,61,BLR,649
2023,f,31,SVN,9
2023,m,72,AUT,57
2023,m,65,DNK,36
2023,f,10,ROU,172
2023,m,27,NPL,631
2023,m,37,NER,11
2023,m,73,DEU,542
2023,f,27,NOR,47
2023,m,43,MDA,944
2023,m,30,DEU,288
2023,m,27,ARM,106
2023,m,74,UKR,1053
2023,m,31,FRA,228
2023,m,9,BLR,1015
2023,m,83,DEU,262
2023,f,20,HUN,16
2023,f,87,UKR,373
2023,f,42,RUS,486
2023,f,39,RUS,637
2023,f,45,CHN,175
2023,m,51,GEO,1157
2023,m,37,PAK,147
2023,f,38,LTU,92
2023,m,1,TUN,4
2023,m,62,DNK,53
2023,m,43,LKA,36
2023,m,62,MDA,148
2023,m,26,GEO,2114
2023,f,47,BLR,1245
2023,m,53,IND,171
2023,f,25,AZE,138
2023,m,66,CYP,3
2023,f,18,BLR,1663
2023,f,2,PHL,11
2023,m,17,CHN,36
2023,f,32,GEO,461
2023,m,30,KOSOVO,52
2023,f,29,TUN,26
2023,m,26,IDN,391
2023,f,52,BGR,77
2023,f,23,ITA,108
2023,m,17,KAZ,77
2023,f,41,IND,199
2023,m,37,FIN,38
2023,m,14,BLR,676
2023,m,40,BGR,213
2023,m,39,DEU,613
2023,f,82,UKR,1003
2023,f,14,CHN,44
2023,m,93,CAN,5
2023,f,12,GEO,59
2023,f,1,BLR,510
2023,m,25,COL,290
2023,m,31,MDA,1306
2023,m,32,GBR,141
2023,m,37,ESP,239
2023,m,18,GEO,252
2023,f,40,PHL,404
2023,f,38,BGR,116
2023,m,46,ITA,312
2023,f,31,MDA,466
2023,f,46,PER,7
2023,f,38,VNM,204
2023,m,29,IDN,369
2023,f,30,TKM,30
2023,m,29,MWI,1
2023,f,33,GEO,399
2023,f,24,CHN,270
2023,f,47,DNK,9
2023,m,103,DEU,17
2023,m,68,USA,79
2023,f,43,USA,98
2023,m,32,NPL,502
2023,f,25,ZWE,187
2023,m,40,UNKNOWN,156
2023,m,26,TKM,298
2023,m,68,LKA,2
2023,f,6,BLR,928
2023,f,57,RUS,232
2023,m,52,BGR,171
2023,f,55,CHN,106
2023,f,78,UKR,1059
2023,f,45,USA,74
2023,m,28,BRA,67
2023,m,38,BGD,351
2023,f,60,GEO,132
2023,m,34,BEL,65
2023,m,32,KEN,47
2023,f,37,FIN,22
2023,m,56,CAN,21
2023,f,45,RUS,439
2023,m,24,TJK,102
2023,f,25,ESP,288
2023,f,41,CZE,58
2023,m,28,TKM,348
2023,m,37,AZE,248
2023,f,20,JPN,35
2023,m,34,CHN,475
2023,f,50,BLR,1115
2023,f,36,USA,131
2023,f,30,KAZ,184
2023,m,30,BGD,360
2023,m,41,ESP,216
2023,f,12,BLR,751
2023,f,70,RUS,109
2023,m,0,ROU,112
2023,m,25,RUS,544
2023,f,40,BLR,1942
2023,m,41,LTU,146
2023,m,62,BLR,568
2023,m,27,BGD,330
2023,m,57,USA,155
2023,f,13,LTU,11
2023,m,55,FRA,178
2023,f,37,TUR,295
2023,f,38,FRA,69
2023,m,44,USA,194
2023,m,36,NGA,145
2023,m,59,BEL,69
2023,m,22,TJK,75
2023,f,17,ISR,6
2023,f,38,CZE,66
2023,f,25,IRN,34
2023,f,22,MDA,472
2023,m,28,ISR,23
2023,m,65,BLR,282
2023,m,63,NOR,19
2023,f,30,MEX,40
2023,m,29,PHL,167
2023,f,29,KGZ,39
2023,m,51,JOR,15
2023,f,22,ZWE,366
2023,m,53,CAN,33
2023,f,86,SWE,23
2023,m,53,PHL,107
2023,f,21,MAR,28
2023,f,53,UNKNOWN,300
2023,f,37,USA,143
2023,m,32,DEU,386
2023,f,17,BGR,69
2023,m,62,IND,36
2023,m,38,UZB,618
2023,m,28,BGR,106
2023,f,28,EGY,22
2023,m,45,SVK,99
2023,m,33,RUS,742
2023,f,21,RUS,402
2023,m,30,HND,2
2023,m,67,BGR,73
2023,m,32,ESP,294
2023,m,28,ETH,122
2023,f,43,KOR,115
2023,f,22,BLR,2701
2023,m,15,BLR,697
2023,m,4,MDA,44
2023,f,36,SYR,12
2023,m,30,UZB,517
2023,m,68,GEO,42
2023,m,72,SWE,78
2023,m,4,RUS,138
2023,m,49,KOR,212
2023,m,40,VNM,431
2023,m,45,KAZ,127
2023,m,38,USA,217
2023,f,21,GEO,171
2023,f,68,BLR,135
2023,m,50,ARG,12
2023,f,15,BLR,684
2023,m,17,BLR,958
2023,f,24,IND,236
2023,m,48,GEO,1530
2023,m,20,UZB,492
2023,m,45,DEU,724
2023,m,59,ITA,216
2023,f,39,MDA,490
2023,m,26,VNM,353
2023,f,62,BLR,340
2023,m,32,NGA,135
2023,f,48,PHL,118
2023,m,49,GEO,1365
2023,m,76,TUR,10
2023,f,37,UZB,35
2023,m,36,DZA,73
2023,m,38,SYR,37
2023,f,40,CHN,267
2023,f,47,MDA,495
2023,m,60,PRT,15
2023,m,42,MDA,1040
2023,f,39,ZAF,14
2023,f,43,PHL,331
2023,f,23,GEO,239
2023,m,72,USA,72
2023,f,28,CHN,306
2023,f,30,ESP,103
2023,m,71,DEU,615
2023,m,50,PHL,195
2023,f,30,ECU,8
2023,f,36,VEN,14
2023,m,76,UKR,650
2023,m,47,ITA,336
2023,f,36,PHL,469
2023,m,25,NPL,463
2023,m,6,ISR,10
2023,m,54,CZE,81
2023,f,50,SWE,63
2023,m,4,BLR,898
2023,m,33,PHL,340
2023,f,73,BLR,90
2023,m,69,SWE,63
2023,m,63,GBR,173
2023,f,61,SVK,18
2023,f,11,BLR,832
2023,f,26,ETH,73
2023,f,26,GBR,43
2023,m,70,FRA,72
2023,m,23,NPL,352
2023,m,46,ROU,334
2023,m,29,CAN,26
2023,m,39,TZA,7
2023,m,20,VNM,157
2023,m,29,KAZ,213
2023,f,55,GRC,6
2023,f,18,GBR,19
2023,f,70,TKM,2
2023,f,36,TUR,352
2023,m,38,NPL,402
2023,m,6,BGR,60
2023,m,23,LBY,7
2023,f,36,ARM,92
2023,m,39,GEO,2011
2023,m,30,USA,136
2023,m,23,RUS,403
2023,f,37,GBR,52
2023,m,37,MDA,1285
2023,m,10,BLR,914
2023,m,48,SVK,94
2023,f,9,SRB,3
2023,m,23,GEO,1591
2023,m,12,TUR,25
2023,f,39,PHL,402
2023,f,58,MDA,133
2023,f,17,MDA,28
2023,f,26,NGA,72
2023,f,21,ZWE,374
2023,m,21,GBR,26
2023,m,32,UZB,553
2023,m,26,FRA,249
2023,m,59,GEO,562
2023,f,84,DEU,97
2023,f,23,CHN,254
2023,f,34,IND,403
2023,m,68,FRA,84
2023,f,39,HUN,63
2023,m,48,MDA,837
2023,f,32,SRB,33
2023,m,58,IRL,41
2023,f,21,CHN,160
2023,m,19,MDA,318
2023,m,88,DEU,110
2023,m,40,MDA,1189
2023,f,44,VNM,159
2023,f,34,TUR,572
2023,f,31,VNM,216
2023,f,38,AZE,37
2023,f,85,FRA,3
2023,m,80,DEU,270
2023,m,44,DEU,736
2023,f,27,MDA,498
2023,m,41,TUR,629
2023,f,55,GBR,61
2023,f,47,KOR,95
2023,m,21,GEO,1152
2023,f,35,VNM,226
2023,f,27,CHN,275
2023,f,27,COL,154
2023,m,68,RUS,80
2023,f,41,GEO,474
2023,m,19,TJK,85
2023,m,20,RUS,413
2023,m,10,CZE,21
2023,f,41,BLR,1672
2023,f,10,IND,88
2023,f,35,SVK,64
2023,m,36,PAK,171
2023,m,47,MDA,918
2023,m,24,LVA,52
2023,f,5,BLR,834
2023,f,15,KEN,2
2023,f,25,FRA,163
2023,f,75,CHN,18
2023,m,42,GEO,1883
2023,m,47,IRL,50
2023,m,54,UZB,124
2023,m,55,CHN,246
2023,m,26,MEX,53
2023,m,32,TUR,1340
2023,f,51,DEU,236
2023,f,21,MNG,26
2023,m,22,JPN,39
2023,m,49,AUT,52
2023,m,45,HUN,91
2023,f,23,COL,102
2023,m,25,GEO,1834
2023,f,51,BLR,1029
2023,f,5,EGY,11
2023,m,2,KAZ,10
2023,m,60,VNM,145
2023,m,46,KAZ,135
2023,f,46,BLR,1383
2023,m,73,FRA,63
2023,f,66,DEU,369
2023,m,47,RUS,570
2023,m,38,CHN,434
2023,f,28,KEN,32
2023,m,41,DEU,712
2023,m,37,SWE,67
2023,f,37,MDA,523
2023,m,41,UZB,560
2023,m,44,SVK,119
2023,m,33,SEN,9
2023,m,60,GBR,223
2023,m,31,GEO,2211
2023,m,25,IND,1175
2023,m,10,IND,90
2023,f,59,RUS,206
2023,f,26,UNKNOWN,58
2023,f,84,RUS,48
2023,m,26,NGA,95
2023,m,25,ZAF,20
2023,m,33,BGD,312
2023,m,27,KAZ,235
2023,f,74,ARM,38
2023,f,26,COL,108
2023,m,37,KAZ,178
2023,f,40,RUS,584
2023,m,31,KAZ,193
2023,m,37,TUR,808
2023,m,30,IND,1827
2023,f,28,AZE,116
2023,f,30,GRC,37
2023,f,58,NOR,7
2023,m,58,MDA,282
2023,m,19,ZWE,78
2023,f,22,SOM,2
2023,f,21,COL,83
2023,m,53,TUR,236
2023,m,37,DEU,558
2023,m,42,MEX,31
2023,f,70,DEU,336
2023,f,16,RUS,268
2023,m,52,KOR,217
2023,f,18,COD,2
2023,f,37,RUS,689
2023,f,68,DNK,19
2023,m,35,VNM,469
2023,m,25,ESP,277
2023,f,36,RUS,690
2023,m,82,DEU,247
2023,m,62,DEU,811
2023,m,22,CHN,105
2023,f,48,CHN,147
2023,m,55,LBY,10
2023,f,26,SWE,24
2023,m,33,DZA,75
2023,f,9,BEL,8
2023,m,38,AZE,249
2023,m,60,ARM,65
2023,m,60,DEU,883
2023,m,36,IRL,36
2023,m,24,JPN,34
2023,m,55,DEU,797
2023,m,24,MAR,89
2023,m,36,CHN,494
2023,m,39,CHN,419
2023,f,47,HUN,40
2023,m,36,BGR,201
2023,f,14,BLR,669
2023,f,32,LTU,103
2023,f,60,THA,13
2023,f,69,DNK,24
2023,f,35,KOSOVO,6
2023,f,111,GBR,2
2023,f,78,RUS,42
2023,f,15,RUS,285
2023,m,61,JPN,52
2023,f,51,ROU,47
2023,m,41,IND,1077
2023,m,45,CHN,327
2023,f,43,BRA,38
2023,m,35,IND,1761
2023,f,3,VNM,104
2023,m,38,NLD,109
2023,f,71,UNKNOWN,133
2023,f,28,MDA,421
2023,f,34,DEU,141
2023,m,43,JPN,63
2023,m,43,LTU,132
2023,f,56,BLR,618
2023,f,46,DEU,267
2023,f,49,ROU,82
2023,m,31,RUS,690
2023,m,25,ITA,198
2023,m,72,VNM,20
2023,f,57,BRA,8
2023,m,44,BEL,61
2023,f,22,TUR,536
2023,m,2,BGR,73
2023,m,25,ETH,166
2023,m,28,ITA,333
2023,m,35,IDN,216
2023,f,23,BHR,1
2023,m,47,CHN,260
2023,f,34,BGR,130
2023,m,60,USA,135
2023,m,23,TUR,1198
2023,m,35,ARG,50
2023,m,24,NPL,383
2023,m,44,TUR,494
2023,m,80,ROU,2
2023,f,2,BLR,612
2023,f,27,ETH,50
2023,m,53,RUS,425
2023,m,61,ITA,188
2023,m,49,KAZ,105
2023,f,23,IDN,120
2023,m,43,ALB,59
2023,f,39,LTU,100
2023,f,24,KOR,71
2023,m,36,MDA,1339
2023,f,34,SVK,60
2023,m,53,LTU,89
2023,f,46,RUS,409
2023,m,33,TKM,240
2023,m,37,SVK,106
2023,m,44,CHN,393
2023,m,35,NPL,432
2023,f,56,KAZ,21
2023,m,77,ITA,114
2023,f,31,RUS,613
2023,f,22,ESP,314
2023,m,17,RUS,262
2023,f,38,PHL,370
2023,m,27,ITA,315
2023,m,8,MNG,7
2023,m,34,AUT,47
2023,m,49,GBR,255
2023,m,65,TUR,37
2023,m,39,SVK,115
2023,m,45,UNKNOWN,110
2023,m,37,PHL,449
2023,m,21,ETH,78
2023,m,42,COL,162
2023,f,52,SWE,53
2023,m,35,COL,244
2023,m,4,IND,175
2023,f,27,ITA,170
2023,m,39,KOR,177
2023,m,35,ARM,166
2023,m,46,IRL,45
2023,m,60,CAN,17
2023,m,52,USA,139
2023,f,77,DEU,128
2023,f,27,RWA,56
2023,m,17,ROU,86
2023,m,35,TJK,142
2023,m,35,FRA,251
2023,m,73,DNK,20
2023,f,8,CHN,44
2023,m,31,PER,24
2023,m,44,PRT,116
2023,m,20,FRA,78
2023,m,66,USA,112
2023,m,48,BGR,174
2023,m,67,USA,87
2023,m,71,UNKNOWN,94
2023,m,26,ETH,147
2023,m,42,PAK,116
2023,f,57,BGR,58
2023,m,51,UNKNOWN,89
2023,f,64,ARM,43
2023,f,35,UNKNOWN,86
2023,m,66,PRT,19
2023,f,37,HRV,12
2023,f,20,IND,119
2023,m,49,TUR,360
2023,f,32,IND,523
2023,m,74,DEU,447
2023,f,44,KEN,13
2023,m,29,IRL,18
2023,m,6,MDA,32
2023,f,72,GEO,9
2023,f,28,COL,126
2023,m,17,BGR,62
2023,m,52,MNE,4
2023,m,7,GEO,82
2023,f,30,ITA,132
2023,m,9,ARM,24
2023,m,56,IRL,45
2023,f,39,SWE,50
2023,m,33,COL,297
2023,f,46,THA,81
2023,m,37,UZB,614
2023,m,25,RWA,102
2023,m,28,RUS,643
2023,m,57,LVA,39
2023,m,54,VNM,186
2023,f,42,ITA,65
2023,m,57,FRA,177
2023,m,35,BIH,17
2023,f,32,PHL,309
2023,m,39,ZWE,86
2023,f,6,KOR,42
2023,f,51,PHL,70
2023,m,43,MKD,12
2023,m,29,ESP,225
2023,m,40,NGA,101
2023,m,26,NPL,566
2023,m,51,ZWE,14
2023,f,67,NLD,18
2023,m,40,TUR,585
2023,m,34,ITA,339
2023,f,48,ARM,65
2023,f,33,KAZ,104
2023,f,30,IND,478
2023,f,59,UNKNOWN,247
2023,m,46,LVA,109
2023,f,25,CAN,27
2023,f,5,COL,6
2023,m,23,PRT,60
2023,m,73,USA,60
2023,f,68,AUT,79
2023,m,55,NOR,36
2023,f,5,MDA,56
2023,m,55,MDA,482
2023,f,28,MAR,31
2023,f,46,ROU,102
2023,f,50,JPN,45
2023,m,21,ZWE,270
2023,m,30,NPL,570
2023,m,28,COL,333
2023,f,43,CHN,193
2023,m,24,CZE,49
2023,f,25,LVA,12
2023,m,42,THA,47
2023,m,76,GBR,62
2023,f,67,BLR,171
2023,m,33,ISR,38
2023,f,13,CHE,3
2023,m,35,ESP,273
2023,f,44,ESP,54
2023,f,6,USA,38
2023,f,61,JPN,16
2023,m,64,LKA,3
2023,m,46,COL,105
2023,f,6,IND,152
2023,f,22,KAZ,279
2023,m,43,IDN,156
2023,f,82,RUS,39
2023,f,39,IRQ,21
2023,f,80,SWE,28
2023,m,62,BGR,97
2023,m,34,EGY,125
2023,m,49,USA,164
2023,m,26,AZE,512
2023,m,42,DEU,691
2023,f,25,TUR,866
2023,m,61,CHN,109
2023,f,34,CHN,348
2023,f,43,RUS,453
2023,m,60,NLD,116
2023,m,37,LTU,160
2023,f,33,USA,164
2023,m,31,USA,151
2023,f,60,UNKNOWN,189
2023,m,50,USA,126
2023,f,18,RUS,260
2023,m,36,NPL,398
2023,m,49,ITA,320
2023,m,75,UKR,893
2023,f,42,VNM,160
2023,f,81,DEU,115
2023,m,52,ITA,312
2023,f,28,VNM,189
2023,f,29,EGY,28
2023,m,48,FRA,148
2023,f,30,TUN,25
2023,m,54,KGZ,32
2023,m,19,BGD,24
2023,f,8,VNM,109
2023,m,73,RUS,53
2023,f,39,COL,74
2023,f,28,IND,461
2023,m,70,NOR,8
2023,f,73,LTU,16
2023,m,25,LBN,30
2023,f,21,ESP,231
2023,m,43,TJK,75
2023,m,4,ROU,211
2023,f,24,KAZ,250
2023,f,22,GEO,223
2023,m,51,GBR,258
2023,m,29,THA,19
2023,m,13,IND,76
2023,m,62,ROU,60
2023,m,26,DZA,88
2023,m,42,LVA,127
2023,m,32,ROU,410
2023,m,32,NOR,27
2023,m,24,IDN,422
2023,f,35,COL,83
2023,m,38,BGR,196
2023,f,45,NOR,29
2023,m,38,AGO,10
2023,m,54,DNK,49
2023,m,31,BGD,359
2023,f,7,RUS,175
2023,f,83,UKR,871
2023,m,26,MDA,1295
2023,f,34,VNM,210
2023,m,40,LVA,152
2023,m,37,ROU,510
2023,m,56,GEO,789
2023,m,35,BEL,48
2023,f,33,VNM,220
2023,m,64,ROU,56
2023,f,30,RUS,595
2023,f,24,NPL,73
2023,m,2,ITA,22
2023,f,38,ESP,71
2023,m,23,IDN,411
2023,m,29,JAM,4
2023,m,21,KAZ,342
2023,f,39,ZWE,46
2023,f,30,CHN,262
2023,m,37,BEL,48
2023,m,24,LBN,26
2023,m,37,CZE,117
2023,m,38,GBR,221
2023,f,0,ZWE,19
2023,m,57,RUS,307
2023,f,51,PER,7
2023,m,22,ARE,3
2023,m,44,PHL,481
2023,f,1,BGD,13
2023,m,56,VNM,128
2023,m,57,JOR,8
2023,m,51,RUS,460
2023,m,66,GBR,138
2023,m,39,KAZ,192
2023,m,65,SWE,73
2023,m,19,DEU,87
2023,f,0,TUR,23
2023,f,41,SVK,81
2023,m,22,ETH,131
2023,m,35,AZE,265
2023,m,45,TUR,495
2023,m,56,UNKNOWN,108
2023,f,29,IDN,112
2023,f,40,JPN,41
2023,f,34,SWE,34
2023,m,47,IDN,79
2023,f,63,DEU,369
2023,f,33,COL,92
2023,m,34,KAZ,193
2023,f,35,GEO,379
2023,m,32,USA,154
2023,m,59,BLR,872
2023,m,33,MLI,1
2023,m,46,AZE,126
2023,m,36,CZE,72
2023,m,39,TJK,106
2023,m,55,JPN,79
2023,m,56,SWE,66
2023,f,64,BLR,262
2023,m,57,GBR,264
2023,m,41,UNKNOWN,145
2023,m,73,PER,1
2023,m,3,VNM,104
2023,m,35,BGD,325
2023,m,33,NPL,460
2023,f,31,LTU,99
2023,f,0,ROU,115
2023,m,43,ROU,400
2023,m,23,BRA,40
2023,m,53,EST,14
2023,f,61,KAZ,15
2023,m,25,ALB,56
2023,f,56,AUT,61
2023,m,43,BEL,65
2023,f,59,USA,60
2023,m,78,BRA,1
2023,m,28,KOSOVO,50
2023,m,50,ITA,323
2023,m,54,MDA,464
2023,f,25,JPN,37
2023,m,49,UZB,293
2023,f,43,ESP,56
2023,m,48,ROU,302
2023,m,94,GBR,5
2023,f,42,CHN,238
2023,m,16,BGR,71
2023,f,26,CHN,273
2023,m,40,ARM,179
2023,m,29,BRA,96
2023,f,52,KOR,68
2023,m,47,LTU,109
2023,m,73,SVK,10
2023,m,1,CHN,43
2023,f,66,GRC,14
2023,f,32,TUR,619
2023,m,22,IRN,26
2023,f,85,RUS,51
2023,m,45,BEL,52
2023,m,64,IND,31
2023,f,39,USA,130
2023,f,53,USA,57
2023,m,31,ARM,181
2023,m,31,LTU,120
2023,f,42,DEU,228
2023,m,52,BLR,2287
2023,f,55,RUS,271
2023,m,77,IRQ,7
2023,f,22,NPL,56
2023,m,48,PHL,282
2023,f,44,GEO,468
2023,f,69,AUT,82
2023,f,43,HUN,48
2023,f,53,MDA,278
2023,f,39,ISR,14
2023,m,6,VNM,91
2023,m,7,MDA,58
2023,m,24,DZA,80
2023,m,19,RUS,316
2023,m,34,AZE,290
2023,f,73,DEU,249
2023,m,64,ITA,191
2023,m,36,EGY,168
2023,m,52,CHE,18
2023,m,56,TUR,148
2023,m,52,ROU,246
2023,m,37,BGD,306
2023,m,5,RUS,157
2023,m,39,SWE,91
2023,m,76,BGR,38
2023,m,21,KGZ,152
2023,m,27,BGR,107
2023,m,48,LTU,104
2023,m,51,UZB,208
2023,f,28,LTU,70
2023,m,52,CZE,112
2023,f,28,ARM,69
2023,m,40,AUT,65
2023,f,45,KAZ,63
2023,m,43,HUN,84
2023,f,75,RUS,71
2023,m,48,FIN,33
2023,m,21,VNM,155
2023,m,34,IDN,253
2023,f,46,VNM,158
2023,f,58,LBY,4
2023,f,29,NPL,138
2023,f,60,JPN,16
2023,f,59,FRA,49
2023,m,61,MDA,195
2023,f,27,GEO,356
2023,f,28,BGD,34
2023,m,89,GRC,11
2023,f,4,GEO,66
2023,f,49,KOR,90
2023,m,68,BGR,78
2023,f,46,UZB,33
2023,m,11,RUS,203
2023,f,98,CHE,1
2023,m,60,HRV,17
2023,f,61,BLR,378
2023,f,45,VNM,131
2023,f,60,CHN,87
2023,f,26,ISR,11
2023,m,32,COL,353
2023,m,26,KOR,58
2023,m,26,TZA,13
2023,m,39,TUN,114
2023,m,33,ROU,434
2023,f,33,ROU,188
2023,m,34,DZA,85
2023,m,28,NPL,544
2023,f,2,IND,138
2023,m,58,SWE,68
2023,m,64,AUS,7
2023,m,53,IRL,43
2023,f,57,UNKNOWN,236
2023,m,47,TUR,405
2023,f,26,PRT,58
2023,m,44,VNM,245
2023,m,75,DEU,393
2023,f,33,IND,544
2023,m,25,ROU,245
2023,m,46,GBR,267
2023,m,34,MNG,30
2023,m,54,RUS,399
2023,f,19,TJK,20
2023,m,29,NGA,178
2023,m,46,RUS,553
2023,m,41,NLD,107
2023,m,39,IDN,210
2023,f,50,IND,57
2023,f,62,JPN,13
2023,m,69,USA,84
2023,f,31,IDN,105
2023,m,36,VNM,458
2023,f,25,LTU,66
2023,m,24,RWA,124
2023,m,51,VNM,234
2023,m,32,HUN,94
2023,f,26,RUS,576
2023,f,33,PHL,401
2023,f,54,GEO,247
2023,f,29,KAZ,195
2023,m,21,RUS,391
2023,m,46,LKA,23
2023,f,40,GEO,445
2023,f,61,DEU,344
2023,f,39,TUR,146
2023,m,41,BGD,228
2023,m,41,VNM,435
2023,m,21,FRA,131
2023,m,54,CHN,242
2023,f,41,COL,77
2023,m,29,AFG,48
2023,m,39,BGR,211
2023,m,69,JPN,20
2023,m,45,ITA,295
2023,f,33,BIH,8
2023,m,6,IND,142
2023,m,30,IDN,330
2023,m,21,NOR,15
2023,m,84,UKR,231
2023,m,14,RUS,234
2023,m,43,ARG,44
2023,m,71,ISR,11
2023,f,37,GEO,434
2023,m,49,AZE,72
2023,m,29,JOR,45
2023,m,28,SYR,26
2023,m,73,UKR,1193
2023,f,38,RUS,615
2023,m,47,KOR,209
2023,m,41,TZA,7
2023,f,30,TUR,562
2023,m,25,TJK,117
2023,m,36,IDN,235
2023,f,25,ROU,150
2023,m,50,ARM,126
2023,f,68,PAK,4
2023,m,24,ITA,178
2023,f,37,IND,364
2023,f,53,BGR,77
2023,m,63,TUR,61
2023,f,67,CHN,38
2023,m,65,CHN,54
2023,m,37,NPL,395
2023,m,27,TZA,16
2023,m,26,KAZ,233
2023,m,102,DEU,20
2023,m,45,BGR,215
2023,f,43,UNKNOWN,220
2023,f,27,TUR,544
2023,f,47,GBR,48
2023,f,42,NLD,47
2023,f,40,MDA,499
2023,m,19,IND,141
2023,f,69,DEU,399
2023,m,65,DEU,746
2023,m,35,GBR,177
2023,m,45,THA,33
2023,f,40,UNKNOWN,194
2023,m,60,CHN,150
2023,m,78,USA,40
2023,m,5,ALB,1
2023,f,31,GRC,27
2023,f,63,AUT,78
2023,m,66,MKD,5
2023,m,26,UNKNOWN,66
2023,m,18,UZB,166
2023,m,42,IRQ,28
2023,m,31,IDN,270
2023,f,29,GBR,38
2023,f,41,MDA,481
2023,f,16,BLR,680
2023,m,29,PER,28
2023,m,56,BLR,1297
2023,m,42,ZAF,27
2023,f,52,RUS,356
2023,f,33,ESP,101
2023,m,2,RUS,107
2023,f,31,TUR,614
2023,m,84,DEU,195
2023,m,22,AZE,518
2023,f,25,PAK,25
2023,f,30,FRA,107
2023,f,45,DEU,263
2023,m,1,EGY,17
2023,m,28,IDN,367
2023,m,30,GRC,58
2023,m,45,GBR,282
2023,m,42,EGY,148
2023,f,57,KOR,40
2023,m,40,ROU,399
2023,f,67,GEO,17
2023,f,59,BLR,431
2023,f,39,GEO,437
2023,f,49,UNKNOWN,280
2023,m,50,HUN,60
2023,m,31,CZE,82
2023,m,36,IRN,67
2023,f,34,ESP,85
2023,m,45,USA,180
2023,m,21,MDA,864
2023,m,38,MNG,31
2023,f,107,DEU,10
2023,m,39,USA,237
2023,m,1,VNM,97
2023,m,50,TJK,28
2023,f,43,SGP,3
2023,f,62,MDA,64
2023,m,33,VNM,441
2023,m,57,ROU,122
2023,m,43,BGR,223
2023,m,56,FRA,178
2023,m,26,COG,19
2023,f,22,RUS,394
2023,f,83,USA,10
2023,m,78,DEU,234
2023,f,58,UNKNOWN,218
2023,f,55,DEU,259
2023,f,77,BLR,53
2023,m,37,ITA,332
2023,m,39,PHL,526
2023,f,51,UNKNOWN,342
2023,f,59,DOM,1
2023,f,15,KOR,65
2023,m,12,ROU,139
2023,m,13,ITA,21
2023,m,15,GBR,26
2023,m,85,AUT,14
2023,f,34,CZE,66
2023,f,31,ARM,85
2023,m,74,CZE,14
2023,f,90,DEU,68
2023,f,26,MDA,483
2023,f,24,BEL,18
2023,m,41,RUS,675
2023,m,58,RUS,278
2023,m,48,DEU,607
2023,f,56,JPN,44
2023,m,28,DEU,233
2023,m,71,AUT,69
2023,f,30,KOR,60
2023,m,37,RUS,840
2023,m,45,TJK,67
2023,m,52,AZE,72
2023,f,39,CHN,251
2023,f,25,UZB,54
2023,m,40,MEX,52
2023,m,67,ESP,22
2023,m,22,ITA,100
2023,m,26,LKA,17
2023,m,28,TJK,136
2023,m,43,SVK,137
2023,m,32,AZE,381
2023,m,69,GBR,118
2023,f,59,GEO,164
2023,f,53,VNM,111
2023,f,40,GBR,61
2023,m,14,KAZ,18
2023,f,95,GRC,15
2023,m,32,CZE,111
2023,f,30,SWE,41
2023,m,3,FRA,17
2023,m,63,RUS,159
2023,m,55,NLD,163
2023,m,56,ISR,30
2023,m,29,COL,327
2023,m,68,DEU,737
2023,f,27,AZE,111
2023,m,29,AZE,480
2023,m,61,GEO,364
2023,m,50,AZE,85
2023,f,28,KAZ,196
2023,f,38,COL,84
2023,m,31,LVA,112
2023,f,30,NPL,145
2023,f,37,IRN,45
2023,f,54,VNM,97
2023,m,22,KGZ,138
2023,f,5,RUS,169
2023,m,53,ESP,100
2023,f,34,USA,124
2023,m,52,DEU,716
2023,m,43,NOR,25
2023,f,8,AFG,6
2023,m,60,BLR,748
2023,f,46,PHL,182
2023,f,1,GBR,14
2023,f,41,CHN,275
2023,f,35,ITA,108
2023,f,46,KOR,113
2023,m,73,AUT,58
2023,f,19,KAZ,276
2023,m,30,ESP,280
2023,m,58,SVK,33
2023,f,29,HRV,34
2023,m,61,IRL,35
2023,m,39,CZE,103
2023,m,27,EGY,122
2023,m,64,HUN,16
2023,m,54,ISR,31
2023,m,69,ARM,27
2023,m,24,FRA,209
2023,m,65,BEL,47
2023,m,47,ARM,151
2023,f,24,MDA,568
2023,m,31,ESP,301
2023,f,24,ESP,280
2023,f,73,UNKNOWN,103
2023,m,46,MDA,919
2023,f,42,LVA,38
2023,f,38,SVN,8
2023,m,46,TUR,430
2023,m,28,CHN,266
2023,f,26,SAU,10
2023,f,57,CHN,69
2023,m,20,KGZ,148
2023,m,22,CHE,4
2023,m,50,PAK,41
2023,m,12,BLR,832
2023,f,8,MAR,2
2023,f,57,BLR,537
2023,f,39,UZB,54
2023,f,43,IDN,44
2023,f,63,UNKNOWN,215
2023,m,31,CMR,27
2023,f,49,JPN,49
2023,m,40,KOR,191
2023,f,24,ALB,28
2023,m,48,NGA,51
2023,m,21,AZE,381
2023,m,57,ITA,261
2023,m,62,GBR,210
2023,f,26,GEO,331
2023,m,42,NGA,94
2023,f,71,DEU,305
2023,m,81,SWE,35
2023,f,32,CHN,247
2023,m,61,USA,114
2023,f,56,ARM,55
2023,m,67,RUS,90
2023,f,50,LVA,26
2023,m,60,ITA,215
2023,f,38,NOR,20
2023,m,27,ROU,267
2023,m,54,ARM,107
2023,f,33,BGD,22
2023,f,69,SWE,107
2023,m,50,CHL,9
2023,m,2,ROU,205
2023,f,94,DEU,51
2023,m,36,AZE,236
2023,m,31,HTI,3
2023,f,33,IRN,52
2023,m,19,VNM,114
2023,f,23,IRN,34
2023,f,41,SWE,45
2023,m,38,DOM,5
2023,m,41,PHL,559
2023,m,50,NLD,134
2023,f,92,SWE,14
2023,f,29,VNM,202
2023,m,37,BRA,99
2023,m,88,UNKNOWN,14
2023,f,5,ROU,208
2023,m,51,CHN,268
2023,f,40,CZE,76
2023,f,26,TUR,812
2023,m,37,TKM,173
2023,f,3,ROU,210
2023,m,27,LVA,114
2023,f,69,UNKNOWN,186
2023,f,65,UNKNOWN,201
2023,f,30,DZA,10
2023,m,35,LVA,109
2023,f,23,ESP,319
2023,m,46,THA,37
2023,m,53,AZE,81
2023,m,38,ISR,35
2023,f,58,VNM,85
2023,m,24,KEN,29
2023,m,43,CZE,97
2023,m,72,ARM,17
2023,f,31,RWA,29
2023,m,54,GBR,264
2023,m,22,DEU,158
2023,m,61,GBR,217
2023,f,39,UNKNOWN,20
2023,m,28,TUN,60
2023,m,46,ARM,153
2023,m,49,VNM,229
2023,m,20,TUR,579
2023,m,4,TUR,43
2023,f,12,TJK,8
2023,m,38,TWN,41
2023,m,55,USA,158
2023,m,46,CAN,36
2023,f,11,CHN,61
2023,m,41,CZE,110
2023,m,27,TJK,135
2023,m,36,TUN,124
2023,m,15,USA,35
2023,f,44,MDA,503
2023,f,30,SVK,68
2023,f,23,AZE,113
2023,f,21,KOR,60
2023,f,25,VNM,143
2023,m,32,ZWE,86
2023,f,29,CAN,17
2023,m,24,YEM,11
2023,f,70,CZE,25
2023,m,33,PER,23
2023,f,58,DNK,28
2023,f,45,BEL,14
2023,m,40,GRC,67
2023,m,52,EGY,30
2023,f,37,SYR,9
2023,m,67,KOR,22
2023,f,88,BLR,21
2023,f,66,UNKNOWN,189
2023,m,30,SRB,97
2023,f,61,USA,62
2023,f,35,IND,447
2023,f,10,GEO,47
2023,f,23,TZA,24
2023,m,34,TUR,1206
2023,m,41,USA,180
2023,f,31,GBR,51
2023,m,28,ROU,312
2023,f,34,RUS,713
2023,f,39,VNM,236
2023,f,48,JPN,53
2023,m,67,UNKNOWN,109
2023,m,18,KOR,54
2023,m,7,VNM,78
2023,m,69,CYP,3
2023,m,53,IDN,12
2023,m,12,FRA,33
2023,m,36,BGD,283
2023,m,69,LTU,9
2023,m,49,RUS,506
2023,f,26,VEN,6
2023,f,25,GEO,332
2023,m,4,NER,2
2023,m,20,KAZ,320
2023,f,1,IND,110
2023,m,22,ZWE,309
2023,m,27,AZE,536
2023,f,4,BLR,784
2023,m,40,KGZ,129
2023,m,45,ROU,346
2023,m,24,KOSOVO,35
2023,m,54,IND,150
2023,m,42,UNKNOWN,16
2023,m,50,MKD,15
2023,m,55,SRB,54
2023,m,41,TWN,20
2023,m,38,PHL,466
2023,m,55,UNKNOWN,97
2023,m,33,LTU,133
2023,m,39,IRQ,45
2023,m,41,GBR,264
2023,m,20,NGA,46
2023,m,39,EGY,165
2023,m,51,ROU,225
2023,m,32,BRA,120
2023,f,48,UNKNOWN,265
2023,f,40,IND,236
2023,f,55,UNKNOWN,253
2023,m,72,JPN,34
2023,m,34,ZWE,72
2023,f,3,NLD,8
2023,m,4,ITA,20
2023,f,26,KOR,89
2023,m,11,TUR,28
2023,m,24,IRN,36
2023,f,7,ROU,179
2023,f,66,RUS,135
2023,f,41,FIN,22
2023,m,21,TJK,88
2023,f,33,ITA,114
2023,m,42,KOR,200
2023,f,15,BGD,2
2023,f,66,AUT,87
2023,m,56,THA,22
2023,m,7,DNK,1
2023,f,31,BGD,37
2023,m,22,BGR,81
2023,f,30,MYS,31
2023,m,54,UNKNOWN,95
2023,f,20,ZWE,264
2023,f,33,SVK,70
2023,m,38,RWA,16
2023,f,48,MDA,490
2023,m,16,KOR,62
2023,f,33,KOR,88
2023,m,18,TUR,143
2023,f,62,KOR,30
2023,f,88,UKR,234
2023,m,36,UZB,637
2023,f,25,HUN,34
2023,m,41,SWE,93
2023,f,57,LBY,2
2023,f,71,LTU,10
2023,m,42,ITA,309
2023,f,45,PHL,250
2023,m,53,KOR,217
2023,m,58,BEL,51
2023,f,16,ROU,109
2023,f,28,ESP,149
2023,f,22,DEU,122
2023,m,56,GHA,1
2023,m,62,BEL,52
2023,m,74,ITA,102
2023,f,36,MDA,495
2023,m,20,AZE,154
2023,f,36,NPL,75
2023,m,85,FRA,17
2023,m,42,UZB,511
2023,m,40,NPL,321
2023,m,31,TUN,78
2023,f,25,TUN,33
2023,m,0,GEO,89
2023,m,44,ESP,194
2023,f,60,KOR,30
2023,m,28,KEN,49
2023,m,0,ARG,2
2023,m,26,ITA,287
2023,f,25,NLD,51
2023,m,38,LVA,90
2023,m,14,ARM,22
2023,m,89,DEU,110
2023,m,53,SWE,77
2023,m,0,FIN,1
2023,f,54,RUS,291
2023,f,0,MDA,48
2023,f,78,DEU,117
2023,m,1,AZE,30
2023,f,22,CHN,175
2023,m,26,ZWE,154
2023,m,22,GBR,31
2023,m,14,BGR,63
2023,m,69,BEL,35
2023,m,32,DZA,105
2023,m,77,GBR,64
2023,f,24,TJK,20
2023,m,21,ESP,151
2023,m,37,RWA,15
2023,m,1,DEU,22
2023,m,29,IRN,39
2023,f,12,RUS,181
2023,m,46,UNKNOWN,115
2023,f,52,THA,49
2023,m,87,RUS,9
2023,m,56,GRC,50
2023,m,31,AZE,391
2023,m,109,USA,4
2023,m,37,TUN,115
2023,f,28,USA,101
2023,m,13,USA,36
2023,m,59,VAT,2
2023,f,14,MKD,1
2023,m,30,TUN,75
2023,m,47,NPL,97
2023,f,21,KAZ,398
2023,m,57,BGR,116
2023,f,36,ZWE,50
2023,f,9,DEU,46
2023,m,34,FRA,240
2023,f,79,UKR,1118
2023,f,44,UZB,41
2023,f,42,PHL,366
2023,m,30,HUN,85
2023,m,36,CHL,19
2023,m,3,KAZ,17
2023,m,0,VNM,94
2023,m,72,BGR,45
2023,f,29,PER,10
2023,m,86,UNKNOWN,1
2023,f,79,BGR,9
2023,f,32,ITA,110
2023,m,25,TKM,310
2023,f,62,THA,11
2023,f,48,HUN,41
2023,f,27,IRN,34
2023,m,45,RUS,599
2023,f,31,PRK,23
2023,m,32,SAU,104
2023,f,38,PRT,28
2023,f,40,ITA,64
2023,m,29,MNE,7
2023,f,48,EGY,8
2023,m,59,SWE,64
2023,f,25,KAZ,212
2023,m,11,GRC,8
2023,m,53,VNM,226
2023,m,79,CHN,7
2023,m,47,NOR,37
2023,m,55,UZB,87
2023,m,38,LTU,176
2023,m,16,GBR,16
2023,f,49,PRT,12
2023,f,21,IDN,79
2023,m,19,FRA,58
2023,f,17,LTU,12
2023,m,23,AZE,485
2023,f,9,ROU,173
2023,f,26,JPN,30
2023,m,59,CHE,19
2023,f,1,GEO,101
2023,m,44,SYR,36
2023,m,45,ZWE,45
2023,m,23,ETH,185
2023,m,70,SLE,1
2023,f,26,UGA,13
2023,m,43,LVA,102
2023,m,42,LTU,157
2023,m,56,TUN,5
2023,m,37,GBR,194
2023,f,17,RUS,251
2023,m,46,KOR,224
2023,m,31,MLI,5
2023,m,45,SWE,87
2023,m,28,ZWE,101
2023,f,7,TUR,29
2023,m,48,HUN,75
2023,f,11,BRA,15
2023,m,43,KGZ,78
2023,m,27,LKA,17
2023,f,48,VNM,121
2023,m,65,FRA,99
2023,m,36,LTU,144
2023,f,50,UNKNOWN,297
2023,f,17,COL,3
2023,f,40,MYS,5
2023,m,22,EGY,61
2023,m,30,CHN,298
2023,f,56,FRA,54
2023,m,50,SWE,83
2023,f,74,DEU,227
2023,m,40,ESP,199
2023,m,28,LKA,19
2023,f,85,VNM,6
2023,m,31,ALB,82
2023,f,40,KEN,10
2023,m,70,RUS,61
2023,m,13,BGR,79
2023,f,16,USA,35
2023,f,6,BGR,63
2023,f,31,MNG,26
2023,f,49,MDA,429
2023,f,40,ROU,112
2023,m,43,TUR,512
2023,f,50,GEO,371
2023,m,22,ALB,27
2023,m,14,NLD,10
2023,f,34,KGZ,34
2023,m,74,GBR,84
2023,m,20,NPL,94
2023,f,48,KGZ,21
2023,m,48,ESP,147
2023,m,54,SWE,90
2023,m,63,ITA,189
2023,m,21,RWA,76
2023,f,32,TWN,19
2023,f,57,FRA,49
2023,f,30,PRT,36
2023,m,56,TJK,13
2023,m,11,JPN,24
2023,m,53,CZE,95
2023,f,57,GEO,206
2023,m,18,ROU,67
2023,f,30,ARM,67
2023,f,20,UZB,55
2023,f,52,NOR,13
2023,f,7,IDN,1
2023,f,51,IRQ,4
2023,f,36,MEX,31
2023,f,44,CHN,185
2023,m,51,ITA,337
2023,f,22,CHE,5
2023,f,51,TKM,13
2023,m,51,SRB,65
2023,m,34,BGD,287
2023,m,39,BOL,4
2023,f,66,LVA,5
2023,m,41,NPL,259
2023,f,51,KAZ,50
2023,m,57,SWE,86
2023,m,51,KAZ,77
2023,m,41,SYR,27
2023,m,37,LBY,13
2023,m,36,FRA,250
2023,m,61,FIN,18
2023,m,38,KGZ,112
2023,m,63,GEO,244
2023,m,28,SVK,79
2023,m,59,VNM,125
2023,m,70,ITA,131
2023,f,23,KGZ,72
2023,f,25,SYR,17
2023,f,28,ITA,135
2023,f,22,MNG,24
2023,f,75,NLD,7
2023,m,57,TUR,179
2023,m,21,KOR,44
2023,f,61,MDA,80
2023,m,27,VNM,332
2023,f,47,FRA,67
2023,m,21,NGA,59
2023,m,45,PHL,424
2023,f,61,UNKNOWN,204
2023,f,31,KGZ,30
2023,m,29,FIN,42
2023,m,38,PRT,126
2023,f,58,NLD,20
2023,m,42,BGR,209
2023,m,40,IND,1206
2023,m,58,FRA,151
2023,m,72,UNKNOWN,3
2023,m,19,COD,3
2023,f,45,ROU,112
2023,f,35,RUS,704
2023,f,27,NPL,134
2023,m,37,LVA,109
2023,m,29,SYR,34
2023,m,53,GEO,1041
2023,m,16,MDA,40
2023,m,100,UKR,2
2023,m,58,NLD,139
2023,f,33,DEU,135
2023,m,54,SVK,52
2023,m,64,BEL,49
2023,f,50,DEU,212
2023,m,50,CZE,121
2023,m,58,BGR,97
2023,m,71,ITA,124
2023,f,66,IRQ,3
2023,f,48,NOR,15
2023,f,48,UZB,28
2023,m,40,LTU,155
2023,f,63,GBR,31
2023,f,71,RUS,108
2023,m,58,VNM,131
2023,f,38,UNKNOWN,124
2023,m,5,GEO,79
2023,m,35,KEN,41
2023,f,36,IND,420
2023,m,72,CZE,23
2023,f,58,AUS,6
2023,f,48,THA,65
2023,m,8,LTU,14
2023,m,38,TUN,114
2023,m,26,PER,26
2023,m,32,IRN,53
2023,m,34,HUN,104
2023,f,23,KAZ,269
2023,f,51,MDA,414
2023,m,36,COL,255
2023,m,26,SRB,67
2023,m,39,TUR,667
2023,f,19,IDN,14
2023,f,46,UNKNOWN,185
2023,f,56,NLD,42
2023,m,50,IND,272
2023,m,41,CHN,503
2023,m,79,NOR,9
2023,f,36,VNM,249
2023,m,58,THA,16
2023,m,7,AUT,2
2023,m,39,AFG,10
2023,m,23,KEN,24
2023,f,20,MDA,319
2023,m,35,ETH,24
2023,f,85,CZE,2
2023,m,24,CAN,18
2023,m,62,IRL,23
2023,m,65,ESP,25
2023,m,47,LVA,90
2023,m,47,PHL,317
2023,m,41,GNB,1
2023,m,36,KAZ,175
2023,m,13,RUS,213
2023,f,34,GEO,400
2023,f,45,MDA,533
2023,m,58,DEU,821
2023,m,38,TJK,129
2023,f,36,LTU,93
2023,m,55,ISR,27
2023,m,25,FRA,202
2023,f,65,GEO,34
2023,m,51,SVK,77
2023,f,52,UNKNOWN,319
2023,m,17,UNKNOWN,16
2023,m,25,CHN,215
2023,m,39,PAK,153
2023,m,31,CRI,10
2023,m,61,NOR,14
2023,m,81,UKR,234
2023,m,29,ARM,134
2023,m,64,FRA,100
2023,f,23,FRA,128
2023,m,43,AZE,182
2023,m,32,ECU,15
2023,m,55,KOR,167
2023,f,35,MNG,35
2023,m,34,ESP,298
2023,f,34,KOR,89
2023,f,27,GRC,36
2023,m,65,LBN,6
2023,f,33,LTU,83
2023,f,47,MNG,15
2023,m,36,PHL,472
2023,m,4,ALB,4
2023,f,78,UNKNOWN,34
2023,m,25,SDN,7
2023,m,32,VNM,463
2023,m,47,ESP,155
2023,m,55,GEO,859
2023,f,97,USA,6
2023,f,34,UNKNOWN,74
2023,m,48,BIH,20
2023,m,13,VNM,67
2023,m,64,USA,102
2023,f,2,RUS,111
2023,m,42,VNM,321
2023,m,23,VNM,291
2023,f,18,ZWE,10
2023,f,23,ETH,125
2023,m,75,BGR,32
2023,m,7,ROU,188
2023,f,29,RUS,591
2023,f,18,TUR,51
2023,m,64,CAN,20
2023,f,64,DEU,402
2023,f,43,DEU,251
2023,m,77,NLD,46
2023,f,65,RUS,142
2023,m,26,COL,311
2023,m,33,ETH,36
2023,m,25,BGR,101
2023,m,21,BGR,68
2023,m,55,IND,84
2023,m,23,TWN,18
2023,f,27,USA,132
2023,f,2,VNM,67
2023,m,25,VNM,278
2023,m,50,JPN,57
2023,m,50,AUT,47
2023,m,67,LTU,27
2023,f,27,PAK,31
2023,f,43,ZWE,11
2023,m,45,JOR,16
2023,f,55,GEO,224
2023,f,18,DEU,71
2023,f,36,GEO,401
2023,m,58,GEO,653
2023,f,44,UNKNOWN,208
2023,f,33,NPL,81
2023,m,2,GEO,100
2023,m,18,CAN,6
2023,m,42,FRA,228
2023,f,53,NLD,34
2023,f,33,TJK,9
2023,m,58,NPL,8
2023,f,23,USA,88
2023,f,50,NOR,18
2023,m,27,MAR,109
2023,m,33,SWE,75
2023,m,27,HUN,65
2023,f,23,NGA,65
2023,m,73,ITA,117
2023,f,68,DEU,389
2023,m,16,FRA,40
2023,f,29,MDA,489
2023,m,44,NPL,168
2023,m,17,UZB,18
2023,f,54,UNKNOWN,262
2023,m,26,RWA,77
2023,f,13,RUS,201
2023,m,19,COL,82
2023,f,4,USA,30
2023,f,19,NLD,29
2023,m,46,DNK,40
2023,m,13,ROU,182
2023,f,28,HRV,27
2023,f,66,SVK,11
2023,m,13,FRA,33
2023,f,74,BLR,86
2023,f,8,TUR,31
2023,f,25,RUS,505
2023,m,54,ROU,206
2023,m,44,IDN,140
2023,m,59,FRA,154
2023,f,29,NGA,74
2023,m,66,ITA,163
2023,m,12,RUS,215
2023,f,36,ROU,188
2023,m,28,KAZ,209
2023,m,8,BGR,74
2023,f,78,BLR,38
2023,m,49,JOR,13
2023,m,32,ARM,163
2023,m,48,TUR,366
2023,m,46,NLD,121
2023,m,86,DEU,165
2023,m,52,ESP,100
2023,m,50,DNK,53
2023,f,28,GEO,352
2023,m,91,SRB,2
2023,m,5,VNM,105
2023,m,58,IND,70
2023,f,48,USA,73
2023,f,24,EGY,10
2023,m,31,UZB,557
2023,m,44,HRV,33
2023,f,96,UKR,24
2023,f,8,RUS,199
2023,m,20,ZWE,190
2023,m,52,PHL,121
2023,f,11,VNM,96
2023,f,51,COL,28
2023,m,10,ITA,19
2023,f,7,IND,130
2023,f,22,COL,68
2023,m,66,UNKNOWN,130
2023,m,31,KOR,131
2023,m,33,UZB,592
2023,m,38,DZA,84
2023,m,43,RUS,644
2023,f,38,ROU,175
2023,f,6,ROU,204
2023,m,73,MDA,10
2023,f,40,IRN,38
2023,f,56,DEU,284
2023,m,66,AUT,91
2023,m,55,PHL,72
2023,f,31,PHL,302
2023,m,35,AFG,19
2023,f,45,BRA,19
2023,f,13,ESP,19
2023,m,69,SRB,9
2023,m,41,TJK,99
2023,m,54,DEU,802
2023,f,36,CUB,8
2023,m,38,EST,29
2023,m,77,FRA,53
2023,m,49,ROU,272
2023,f,40,TKM,18
2023,m,42,AGO,5
2023,m,46,PAK,94
2023,f,55,SVK,20
2023,m,50,GBR,286
2023,m,70,DEU,634
2023,m,38,COL,186
2023,m,7,CUB,2
2023,f,41,IDN,62
2023,m,30,SAU,128
2023,m,49,LTU,113
2023,m,39,FRA,240
2023,m,72,ITA,120
2023,f,41,THA,60
2023,m,11,USA,29
2023,f,29,EST,8
2023,m,30,MEX,56
2023,f,43,COL,56
2023,f,64,VNM,80
2023,m,38,NGA,152
2023,m,32,SWE,69
2023,m,33,USA,173
2023,m,53,GBR,256
2023,m,64,RUS,131
2023,f,23,TUR,701
2023,m,77,RUS,32
2023,f,44,RUS,472
2023,m,13,GBR,21
2023,m,36,DEU,544
2023,f,8,DEU,39
2023,f,36,BGR,121
2023,f,62,DEU,336
2023,f,31,CUB,16
2023,f,42,BGD,6
2023,m,27,EST,18
2023,m,28,TUR,1081
2023,f,89,UKR,157
2023,m,51,AZE,62
2023,f,60,BLR,399
2023,m,60,HUN,19
2023,f,27,UNKNOWN,67
2023,m,35,UZB,615
2023,f,39,PRT,24
2023,m,57,ARG,3
2023,f,31,ROU,134
2023,m,27,IRL,25
2023,f,37,CHN,307
2023,f,23,HUN,20
2023,f,77,UNKNOWN,7
2023,f,58,ESP,19
2023,m,27,KEN,44
2023,f,59,KOR,36
2023,f,7,AZE,12
2023,m,6,CHN,66
2023,m,64,KWT,2
2023,m,21,MAR,59
2023,f,33,FIN,25
2023,f,28,PHL,159
2023,f,60,CAN,13
2023,f,14,ITA,20
2023,f,48,ROU,74
2023,f,35,PHL,412
2023,m,24,BGD,184
2023,m,37,CMR,23
2023,m,59,GRC,28
2023,m,56,AUT,83
2023,m,35,VEN,22
2023,m,40,RUS,745
2023,m,28,LTU,89
2023,f,32,IDN,90
2023,m,0,UNKNOWN,31
2023,m,75,AFG,5
2023,f,46,HUN,28
2023,m,61,BGR,104
2023,f,91,DEU,45
2023,f,28,TUN,26
2023,m,37,USA,236
2023,f,29,ARM,46
2023,m,46,GRC,45
2023,m,25,GBR,69
2023,f,48,CAN,18
2023,m,33,TJK,138
2023,m,11,KOR,63
2023,m,13,DEU,62
2023,f,72,UNKNOWN,117
2023,m,57,UNKNOWN,97
2023,f,49,MNG,17
2023,m,41,MUS,3
2023,m,9,ROU,204
2023,f,93,SWE,11
2023,f,73,USA,29
2023,m,46,USA,162
2023,f,42,PRT,23
2023,f,33,UNKNOWN,69
2023,m,56,KOR,133
2023,m,36,ROU,500
2023,m,31,DNK,40
2023,m,35,DEU,512
2023,m,31,COL,310
2023,m,77,UKR,583
2023,m,49,COL,72
2023,f,86,RUS,62
2023,m,41,SRB,99
2023,m,35,MEX,59
2023,f,35,AZE,44
2023,f,35,CHN,331
2023,m,42,SVK,128
2023,m,33,MAR,85
2023,m,40,TUN,86
2023,m,61,SVK,42
2023,f,4,NOR,2
2023,f,42,CZE,53
2023,f,44,BRA,23
2023,m,82,RUS,16
2023,m,6,RUS,174
2023,f,8,LTU,12
2023,m,24,ROU,222
2023,m,3,AUS,3
2023,m,42,HUN,83
2023,m,51,MEX,18
2023,m,47,COL,93
2023,f,45,IND,91
2023,f,6,NLD,9
2023,m,5,MYS,2
2023,f,24,DEU,126
2023,f,41,LTU,92
2023,m,47,UZB,341
2023,m,5,SVK,13
2023,m,30,ALB,83
2023,f,22,ROU,102
2023,m,18,BRA,12
2023,m,43,KAZ,135
2023,m,52,JPN,62
2023,f,49,AUT,65
2023,f,37,LTU,89
2023,f,38,ZWE,52
2023,m,5,USA,34
2023,m,57,AZE,62
2023,f,36,KAZ,128
2023,m,45,COL,130
2023,f,39,IDN,64
2023,f,68,USA,49
2023,m,20,BGD,78
2023,f,1,RUS,102
2023,m,36,GBR,145
2023,m,23,KOSOVO,39
2023,f,24,RWA,75
2023,m,40,KAZ,161
2023,f,79,UNKNOWN,29
2023,m,1,ROU,203
2023,m,5,ARM,29
2023,f,38,USA,131
2023,f,56,IRN,6
2023,m,66,SYR,4
2023,f,54,SAU,1
2023,m,23,CMR,5
2023,f,58,RUS,208
2023,m,25,FIN,27
2023,f,33,LVA,46
2023,f,38,MNG,31
2023,f,22,UZB,47
2023,f,3,LKA,2
2023,m,66,BLR,189
2023,m,58,UZB,42
2023,f,43,BIH,5
2023,m,20,MUS,1
2023,f,64,LVA,9
2023,m,24,SDN,4
2023,m,30,ROU,375
2023,m,25,NGA,92
2023,m,19,CHN,93
2023,m,26,SDN,6
2023,f,40,DEU,222
2023,f,25,UNKNOWN,55
2023,f,57,NLD,29
2023,f,34,PHL,396
2023,f,0,NPL,10
2023,m,36,SRB,93
2023,f,37,FRA,81
2023,m,42,ARM,167
2023,m,19,BEL,16
2023,m,51,NOR,26
2023,m,53,JPN,71
2023,f,23,ZWE,314
2023,f,43,AZE,17
2023,m,43,DZA,49
2023,f,39,UNKNOWN,158
2023,m,30,FIN,40
2023,f,1,VNM,102
2023,f,38,FIN,12
2023,m,36,USA,199
2023,m,28,KOR,93
2023,f,42,UNKNOWN,209
2023,f,37,ARM,88
2023,m,24,IRQ,33
2023,f,48,LBY,5
2023,f,34,EST,4
2023,f,77,ITA,9
2023,m,44,BGR,206
2023,f,20,RUS,399
2023,m,43,KOR,231
2023,m,23,TJK,94
2023,m,6,BGD,11
2023,f,44,DNK,9
2023,m,54,LTU,74
2023,f,7,SWE,6
2023,f,48,GEO,438
2023,m,22,VNM,226
2023,m,33,IDN,253
2023,f,77,SWE,53
2023,m,22,BDI,9
2023,m,27,RWA,80
2023,m,70,USA,89
2023,m,29,TUN,74
2023,f,30,CUB,17
2023,m,27,KOR,76
2023,m,24,AUT,29
2023,f,32,VNM,220
2023,m,1,RUS,90
2023,m,39,PRT,125
2023,f,54,SWE,45
2023,f,27,GBR,45
2023,f,76,AUT,31
2023,m,58,AUT,77
2023,m,64,MDA,99
2023,m,48,GBR,250
2023,m,23,BGD,166
2023,m,35,DNK,21
2023,m,24,MNG,15
2023,m,29,ZAF,20
2023,m,38,ZWE,89
2023,f,64,LTU,31
2023,f,34,NOR,30
2023,m,16,KAZ,70
2023,m,45,NPL,173
2023,f,37,DEU,196
2023,m,37,CUB,30
2023,f,9,ZMB,1
2023,m,37,DZA,74
2023,m,33,ESP,277
2023,f,15,USA,39
2023,f,67,VNM,68
2023,m,23,SRB,50
2023,m,28,ARM,102
2023,m,49,GRC,29
2023,f,28,SWZ,1
2023,m,31,GHA,28
2023,m,43,VNM,324
2023,m,13,HUN,12
2023,m,66,RUS,112
2023,f,42,TUR,77
2023,m,55,GBR,306
2023,f,26,VNM,177
2023,m,60,JOR,8
2023,f,49,GEO,390
2023,m,67,FRA,80
2023,m,39,ETH,17
2023,f,25,DEU,142
2023,m,30,SVK,68
2023,m,26,CAN,31
2023,m,27,ETH,114
2023,m,64,AUT,76
2023,f,71,SWE,97
2023,f,36,SVK,68
2023,f,43,ARM,50
2023,m,35,PHL,400
2023,m,36,THA,17
2023,f,42,SDN,1
2023,m,45,FRA,183
2023,m,57,MDA,323
2023,m,31,AFG,40
2023,m,68,HUN,17
2023,m,63,HUN,23
2023,m,12,ARM,19
2023,f,42,ARM,82
2023,f,85,UNKNOWN,29
2023,m,55,ESP,89
2023,m,34,FIN,45
2023,f,18,ROU,52
2023,f,34,CAN,26
2023,m,31,NGA,168
2023,m,1,MDA,58
2023,f,76,NOR,1
2023,m,47,NGA,44
2023,m,48,MUS,2
2023,m,36,ZWE,89
2023,f,27,SVK,46
2023,m,19,HUN,18
2023,m,34,NLD,102
2023,m,11,PRT,7
2023,m,40,USA,175
2023,m,54,IRL,54
2023,f,49,BGR,100
2023,f,31,CHN,292
2023,m,36,LVA,104
2023,f,30,ZWE,75
2023,f,44,FRA,81
2023,m,24,KGZ,131
2023,f,28,RWA,40
2023,m,24,ECU,19
2023,f,57,DEU,323
2023,f,79,DEU,123
2023,m,31,BEL,46
2023,f,30,SAU,58
2023,m,36,MNE,7
2023,f,50,THA,64
2023,f,34,TUN,9
2023,m,38,PAK,134
2023,f,24,ITA,141
2023,m,38,ETH,15
2023,f,17,FRA,52
2023,f,68,MDA,26
2023,m,47,TUN,32
2023,m,47,PAK,83
2023,m,30,BRA,99
2023,m,59,CZE,63
2023,m,29,VEN,29
2023,m,11,ROU,188
2023,m,37,LKA,30
2023,m,48,KGZ,60
2023,m,31,NOR,36
2023,f,14,BGR,57
2023,m,2,KOR,15
2023,f,8,TJK,6
2023,m,23,RWA,158
2023,f,14,MDA,46
2023,f,73,SWE,88
2023,m,23,TKM,88
2023,m,52,JOR,15
2023,f,34,THA,33
2023,f,53,KOR,64
2023,m,57,ARM,74
2023,m,25,BEL,28
2023,f,37,LBY,4
2023,f,36,NGA,27
2023,f,71,MNG,8
2023,m,4,BGR,73
2023,m,30,TKM,276
2023,f,23,RUS,420
2023,f,45,BGR,105
2023,m,31,NLD,77
2023,m,27,ISR,20
2023,m,63,DNK,41
2023,m,42,GBR,248
2023,f,62,VNM,70
2023,m,47,LKA,18
2023,m,31,KOSOVO,38
2023,m,40,JPN,46
2023,m,58,LVA,40
2023,f,31,TWN,27
2023,m,29,RWA,74
2023,f,29,LBY,2
2023,f,28,KOR,71
2023,m,45,VNM,256
2023,m,43,NPL,203
2023,m,54,KOR,182
2023,m,38,IRN,68
2023,m,2,IND,150
2023,m,64,JPN,49
2023,m,34,BRA,123
2023,f,2,BGD,14
2023,f,41,EST,13
2023,m,19,AZE,126
2023,f,39,JPN,42
2023,f,21,DNK,9
2023,m,64,LVA,15
2023,m,66,ARM,29
2023,m,59,LTU,50
2023,m,38,MEX,57
2023,f,59,DNK,16
2023,m,75,ITA,110
2023,m,43,SRB,91
2023,m,51,KOR,178
2023,m,107,USA,8
2023,f,32,LVA,39
2023,f,24,PAK,18
2023,m,45,KOR,201
2023,m,4,MNG,9
2023,m,39,ARG,27
2023,m,37,MAR,53
2023,m,42,MKD,12
2023,m,29,FRA,219
2023,f,44,JPN,51
2023,m,37,JOR,21
2023,m,59,RUS,242
2023,f,0,GEO,74
2023,m,39,CAN,41
2023,f,28,TUR,430
2023,m,43,JOR,20
2023,f,24,UNKNOWN,43
2023,m,32,UNKNOWN,79
2023,m,26,CHN,221
2023,f,47,ZAF,8
2023,f,15,COL,6
2023,f,63,LTU,33
2023,m,20,IDN,91
2023,m,21,DEU,137
2023,f,36,IRN,45
2023,m,64,BLR,357
2023,m,34,LBY,9
2023,f,44,LBN,2
2023,m,45,ARG,26
2023,m,0,TJK,7
2023,f,33,BGR,138
2023,m,27,ALB,55
2023,f,42,KOSOVO,2
2023,m,30,ITA,332
2023,f,84,SWE,28
2023,m,80,AUT,17
2023,m,27,ESP,260
2023,m,31,ROU,411
2023,f,65,SWE,76
2023,f,12,ROU,161
2023,m,31,UNKNOWN,62
2023,f,38,SVK,62
2023,m,34,GRC,75
2023,m,14,KOR,56
2023,m,76,RUS,37
2023,m,69,NLD,60
2023,m,27,IRQ,56
2023,f,56,PHL,13
2023,f,22,IRL,24
2023,m,28,FRA,216
2023,m,36,AFG,29
2023,m,121,USA,2
2023,m,42,CZE,122
2023,f,3,DEU,28
2023,m,38,IRQ,34
2023,m,26,KEN,26
2023,m,41,BRA,68
2023,m,37,IRQ,42
2023,m,48,BGD,61
2023,m,38,ITA,344
2023,m,23,USA,92
2023,m,35,CHN,474
2023,f,20,MOZ,13
2023,m,48,GHA,6
2023,f,72,AUT,52
2023,m,33,RWA,59
2023,f,46,AFG,7
2023,m,29,KEN,52
2023,f,5,CHN,53
2023,f,68,CZE,18
2023,f,35,TWN,17
2023,m,53,DNK,49
2023,f,14,TUR,29
2023,m,35,BRA,138
2023,f,50,KOR,86
2023,m,3,BLR,770
2023,m,32,VEN,28
2023,m,28,MNG,23
2023,m,24,ESP,260
2023,f,25,USA,112
2023,m,26,NLD,63
2023,f,30,GEO,359
2023,m,39,MAR,56
2023,m,51,LKA,14
2023,m,10,AZE,10
2023,m,37,KOR,136
2023,f,41,KAZ,73
2023,m,34,GHA,22
2023,m,54,MAR,19
2023,m,53,MNG,16
2023,m,39,NLD,95
2023,m,47,IND,456
2023,f,26,ITA,150
2023,f,59,TJK,2
2023,m,30,UNKNOWN,65
2023,m,52,NLD,155
2023,m,34,DEU,439
2023,m,27,ZMB,6
2023,m,21,UNKNOWN,19
2023,m,58,USA,116
2023,m,57,JPN,73
2023,f,31,NPL,117
2023,m,35,AUS,24
2023,m,87,DEU,132
2023,f,19,MAR,11
2023,m,35,TKM,220
2023,m,84,CHE,3
2023,m,54,HUN,54
2023,m,30,PHL,222
2023,f,69,GEO,12
2023,f,109,RUS,4
2023,m,17,PAK,6
2023,f,56,GEO,219
2023,m,51,LTU,98
2023,m,44,SWE,118
2023,m,62,ITA,192
2023,m,45,NLD,115
2023,m,67,DEU,746
2023,m,53,USA,176
2023,f,60,MDA,86
2023,m,62,CZE,50
2023,m,26,ROU,274
2023,f,5,IND,158
2023,f,47,GEO,438
2023,m,72,UNKNOWN,75
2023,m,69,UNKNOWN,87
2023,f,19,ROU,41
2023,m,30,KAZ,230
2023,m,42,NLD,105
2023,m,26,ALB,60
2023,m,70,SWE,89
2023,f,44,BGD,5
2023,m,52,VNM,220
2023,f,52,CHE,6
2023,m,60,GRC,28
2023,f,49,USA,60
2023,f,7,VNM,89
2023,f,36,MNG,36
2023,f,67,IRQ,6
2023,m,78,AUT,32
2023,f,31,TKM,30
2023,f,46,CHN,153
2023,f,8,NLD,11
2023,m,33,GHA,27
2023,f,50,CHN,153
2023,f,51,THA,73
2023,f,19,DEU,94
2023,f,97,UKR,27
2023,f,15,ARM,22
2023,f,11,ROU,186
2023,f,36,DEU,164
2023,m,46,EGY,87
2023,f,38,TUR,202
2023,f,67,AZE,2
2023,f,26,DEU,130
2023,f,59,TUR,13
2023,m,42,KAZ,142
2023,m,50,BGD,46
2023,m,46,PRK,23
2023,m,15,CHN,52
2023,f,27,FRA,142
2023,m,48,UNKNOWN,97
2023,m,75,NLD,60
2023,m,47,CZE,135
2023,f,19,GEO,85
2023,f,37,VNM,212
2023,m,62,CHN,67
2023,f,33,MNG,27
2023,f,67,LVA,8
2023,m,50,LTU,97
2023,f,42,BRA,54
2023,m,50,ESP,119
2023,m,50,ZWE,23
2023,m,18,AZE,96
2023,m,48,NPL,89
2023,f,5,DEU,37
2023,f,52,IRL,14
2023,m,40,FIN,18
2023,m,8,ROU,165
2023,m,36,SVK,106
2023,m,14,GEO,80
2023,m,11,CHN,59
2023,f,75,UNKNOWN,78
2023,m,18,FRA,41
2023,f,30,GBR,59
2023,m,49,CZE,125
2023,f,60,UNKNOWN,21
2023,m,29,CZE,91
2023,f,27,UZB,58
2023,f,31,BRA,78
2023,m,66,ESP,27
2023,m,4,PRT,6
2023,m,30,ARG,33
2023,f,38,ECU,5
2023,m,9,VNM,98
2023,m,46,BRA,33
2023,f,2,GBR,11
2023,f,116,UNKNOWN,3
2023,m,51,TUR,338
2023,m,32,BGD,300
2023,m,4,UZB,12
2023,m,83,UNKNOWN,17
2023,m,42,ETH,4
2023,m,85,ITA,32
2023,m,25,UZB,442
2023,f,49,ARM,62
2023,m,41,FRA,222
2023,m,25,AFG,30
2023,f,47,LTU,58
2023,f,53,PHL,33
2023,m,49,TUN,12
2023,m,65,UNKNOWN,136
2023,m,25,ARG,34
2023,m,8,NGA,5
2023,m,48,NLD,114
2023,m,35,KGZ,109
2023,m,67,TWN,4
2023,m,15,ARM,25
2023,m,24,NOR,35
2023,m,38,FRA,227
2023,f,35,IRN,42
2023,f,38,DEU,189
2023,f,14,LBY,4
2023,f,36,ESP,72
2023,m,52,SRB,70
2023,m,41,BGR,194
2023,f,40,VNM,226
2023,f,55,AUT,75
2023,m,53,ROU,233
2023,m,74,FRA,57
2023,m,22,UZB,497
2023,f,47,THA,62
2023,m,55,SVK,45
2023,m,7,IND,130
2023,m,57,ZAF,5
2023,f,5,GBR,20
2023,f,62,LTU,35
2023,f,35,SAU,12
2023,m,29,GBR,96
2023,f,75,GBR,20
2023,f,40,GRC,18
2023,f,30,UNKNOWN,82
2023,m,64,CZE,41
2023,f,74,NLD,9
2023,m,24,ARM,66
2023,m,48,BEL,41
2023,m,23,FRA,211
2023,m,41,KGZ,143
2023,m,83,UKR,212
2023,m,58,ROU,85
2023,m,32,UNKNOWN,19
2023,m,33,KAZ,169
2023,f,28,NGA,83
2023,m,30,ARM,146
2023,m,43,MUS,6
2023,f,32,CAN,26
2023,m,53,BIH,14
2023,f,73,AUT,50
2023,f,23,IND,179
2023,f,25,NPL,110
2023,m,50,BEL,53
2023,m,15,AZE,13
2023,m,33,KOSOVO,45
2023,m,48,KAZ,113
2023,m,21,UZB,468
2023,m,52,CAN,26
2023,m,71,SWE,66
2023,f,64,SWE,72
2023,f,32,MUS,3
2023,f,38,CUB,9
2023,m,32,LBN,34
2023,m,63,FRA,108
2023,f,63,BLR,309
2023,m,49,IND,305
2023,m,31,BRA,84
2023,m,87,CHN,3
2023,f,2,TUR,33
2023,f,42,LBY,3
2023,m,86,UKR,177
2023,f,33,DNK,5
2023,m,35,UNKNOWN,94
2023,m,41,ALB,57
2023,m,34,TWN,33
2023,m,37,ARG,50
2023,f,10,RUS,167
2023,m,33,HRV,52
2023,f,25,ETH,88
2023,f,23,BEL,14
2023,m,24,DNK,18
2023,m,22,COL,212
2023,f,73,CHE,3
2023,m,28,PER,29
2023,m,15,DEU,58
2023,m,30,IRQ,41
2023,f,41,FRA,65
2023,m,33,TZA,12
2023,f,24,VNM,151
2023,m,44,KAZ,134
2023,f,86,DEU,78
2023,m,34,TKM,216
2023,f,28,NOR,38
2023,m,56,BGD,10
2023,f,26,SVK,55
2023,f,38,PER,7
2023,f,33,KEN,34
2023,m,16,GEO,76
2023,m,62,LBN,5
2023,m,43,ARM,167
2023,f,55,MDA,233
2023,f,27,KAZ,175
2023,f,25,ITA,161
2023,f,25,BRA,37
2023,m,2,ZWE,5
2023,m,34,SVK,95
2023,f,22,VNM,162
2023,m,51,PHL,171
2023,f,64,NOR,9
2023,f,32,AFG,12
2023,f,77,USA,26
2023,f,27,AGO,9
2023,m,46,SVK,79
2023,m,52,PAK,50
2023,m,35,NLD,96
2023,m,42,MNG,21
2023,m,97,YUG,1
2023,m,17,USA,35
2023,f,4,GBR,14
2023,f,59,GBR,36
2023,f,59,MDA,117
2023,f,49,IND,61
2023,m,68,CHE,11
2023,m,72,GBR,57
2023,m,39,KEN,21
2023,f,20,IDN,57
2023,f,33,AUS,6
2023,f,27,ARM,49
2023,m,69,BLR,113
2023,f,29,LTU,72
2023,f,26,IDN,116
2023,m,22,CZE,23
2023,f,3,UZB,12
2023,m,55,HUN,45
2023,m,10,AGO,2
2023,m,47,DNK,54
2023,m,3,IND,160
2023,f,65,CAN,8
2023,f,35,FIN,34
2023,m,38,EGY,169
2023,m,32,GRC,75
2023,f,13,BGR,66
2023,m,26,BGD,274
2023,m,79,DEU,298
2023,m,34,BGR,194
2023,m,31,DZA,90
2023,m,38,GRC,59
2023,m,56,BGR,112
2023,m,23,ZWE,270
2023,f,27,AUT,25
2023,m,25,IRQ,45
2023,m,23,HUN,36
2023,m,38,HUN,85
2023,f,43,CZE,50
2023,f,44,KOR,103
2023,f,24,MYS,9
2023,m,30,UNKNOWN,26
2023,f,23,ROU,106
2023,f,37,NPL,68
2023,m,64,GRC,24
2023,f,21,USA,54
2023,f,67,UNKNOWN,177
2023,m,4,VNM,90
2023,m,49,PRT,50
2023,m,19,CAN,12
2023,m,51,NGA,34
2023,m,68,BLR,125
2023,m,23,JOR,21
2023,m,64,GEO,186
2023,m,27,PHL,89
2023,m,54,COG,5
2023,f,71,UNKNOWN,9
2023,f,39,AUT,41
2023,m,47,KOSOVO,23
2023,m,22,TKM,54
2023,m,1,UNKNOWN,24
2023,m,24,SAU,7
2023,f,29,ITA,175
2023,m,48,ETH,9
2023,f,31,TZA,11
2023,m,63,CHN,71
2023,f,27,THA,22
2023,m,25,LVA,60
2023,m,49,PRK,30
2023,m,58,UNKNOWN,102
2023,m,34,ARG,50
2023,f,5,GRC,12
2023,m,18,KGZ,51
2023,f,79,AUT,13
2023,m,25,MAR,85
2023,f,34,COL,111
2023,f,134,UNKNOWN,2
2023,m,51,BEL,67
2023,f,44,USA,81
2023,m,33,FRA,270
2023,m,23,ESP,265
2023,m,16,COL,4
2023,m,64,PRK,20
2023,m,60,UNKNOWN,116
2023,f,70,SWE,101
2023,m,45,ARM,143
2023,m,48,RUS,505
2023,f,9,CHN,57
2023,m,48,VNM,250
2023,m,5,KGZ,7
2023,m,1,TJK,8
2023,m,19,KAZ,237
2023,f,62,RUS,175
2023,m,60,AUT,82
2023,f,34,AUT,25
2023,f,31,KOR,71
2023,f,15,EGY,7
2023,f,24,IDN,122
2023,m,34,NGA,151
2023,f,41,ALB,10
2023,m,64,VNM,101
2023,m,71,JOR,4
2023,m,34,IRL,34
2023,f,69,RUS,98
2023,m,36,VEN,25
2023,m,41,AUS,15
2023,f,2,EGY,15
2023,m,24,ETH,168
2023,m,65,ITA,183
2023,m,28,NOR,43
2023,f,13,GEO,74
2023,f,30,USA,106
2023,m,36,ITA,334
2023,m,29,ROU,354
2023,f,9,GEO,59
2023,f,6,GEO,57
2023,f,6,RUS,177
2023,m,23,ECU,12
2023,f,31,CRI,6
2023,f,10,BGD,2
2023,f,54,ITA,30
2023,f,17,ROU,75
2023,m,41,ROU,395
2023,f,36,JPN,49
2023,f,92,DEU,66
2023,m,44,BGD,170
2023,m,41,JPN,52
2023,m,90,ITA,8
2023,m,26,BOL,5
2023,m,34,KEN,34
2023,f,55,VNM,76
2023,m,40,GBR,239
2023,f,51,CZE,48
2023,m,68,CHN,47
2023,m,87,UKR,105
2023,m,2,PHL,14
2023,m,20,GRC,8
2023,f,92,GBR,7
2023,m,21,ARG,15
2023,m,59,ESP,52
2023,m,51,CHE,21
2023,f,34,GBR,65
2023,m,55,ARM,93
2023,m,1,SWE,5
2023,f,86,BGR,4
2023,f,34,MEX,32
2023,m,86,FRA,7
2023,f,32,NPL,97
2023,m,44,THA,26
2023,f,40,THA,59
2023,m,29,UNKNOWN,69
2023,m,56,HRV,25
2023,m,39,ALB,70
2023,f,58,BLR,451
2023,m,27,ZWE,94
2023,m,34,TUN,109
2023,m,97,GRC,29
2023,m,59,UNKNOWN,109
2023,m,34,LTU,138
2023,m,41,MKD,15
2023,m,47,KAZ,110
2023,m,24,USA,100
2023,f,34,PRK,47
2023,f,61,GBR,37
2023,f,59,PRK,1
2023,f,79,BLR,37
2023,f,53,RUS,298
2023,f,24,KGZ,69
2023,f,15,ITA,29
2023,m,75,CHE,7
2023,m,43,TKM,80
2023,f,22,BGR,85
2023,f,47,DEU,235
2023,f,46,MNG,21
2023,f,53,LVA,19
2023,m,28,BGD,357
2023,m,10,VNM,96
2023,f,69,VNM,43
2023,f,44,ARM,74
2023,m,59,KAZ,17
2023,m,22,UNKNOWN,29
2023,f,76,BLR,64
2023,m,47,HUN,78
2023,f,14,IND,49
2023,m,65,VNM,94
2023,f,29,GHA,13
2023,m,27,CZE,63
2023,f,27,COG,11
2023,f,50,BGR,87
2023,f,41,AUT,48
2023,f,71,AUT,57
2023,f,92,UKR,85
2023,f,38,KAZ,89
2023,f,46,LVA,30
2023,f,83,ITA,7
2023,m,56,RUS,312
2023,m,22,ROU,168
2023,m,31,CHN,313
2023,m,55,RUS,356
2023,m,60,NOR,29
2023,f,35,BGR,141
2023,f,11,KAZ,23
2023,m,62,UZB,12
2023,f,72,CHN,15
2023,m,29,KOR,128
2023,m,27,CUB,19
2023,m,37,FRA,236
2023,f,6,TUR,34
2023,f,51,IND,39
2023,m,62,COL,6
2023,f,74,RUS,77
2023,m,24,DEU,154
2023,f,90,GBR,1
2023,f,9,AUT,6
2023,m,78,YUG,2
2023,f,56,MNG,23
2023,f,104,UNKNOWN,4
2023,f,43,KAZ,56
2023,f,65,BLR,236
2023,m,39,SAU,11
2023,f,14,VNM,80
2023,f,65,JPN,15
2023,m,56,LBN,18
2023,m,29,CHN,266
2023,m,23,DZA,66
2023,f,0,BIH,3
2023,f,62,GEO,78
2023,f,26,PHL,91
2023,f,77,UNKNOWN,71
2023,m,25,KOSOVO,38
2023,f,29,TUR,471
2023,m,23,YEM,8
2023,m,3,ROU,246
2023,f,41,BRA,54
2023,m,42,PER,15
2023,m,25,TUN,46
2023,f,29,DEU,147
2023,m,61,GRC,43
2023,m,27,GTM,17
2023,m,25,IDN,372
2023,f,53,ITA,30
2023,m,39,SYR,34
2023,f,38,IRN,41
2023,m,66,JPN,23
2023,f,24,AUT,16
2023,m,79,CAN,7
2023,m,9,IRQ,5
2023,m,9,CHN,70
2023,m,82,ARM,7
2023,m,30,COL,325
2023,m,68,IRL,22
2023,m,68,ITA,131
2023,f,13,ROU,132
2023,f,3,GEO,93
2023,f,29,ZMB,4
2023,m,85,VNM,12
2023,m,6,AFG,11
2023,f,43,AUT,50
2023,f,44,HUN,39
2023,f,65,FIN,6
2023,m,40,BGD,262
2023,m,7,ARM,32
2023,f,46,KEN,10
2023,m,46,PHL,417
2023,f,8,FRA,19
2023,m,35,PRT,143
2023,m,49,PHL,221
2023,m,28,CRI,6
2023,f,19,MDA,254
2023,f,27,FIN,30
2023,m,53,TZA,1
2023,m,44,KOR,261
2023,m,50,SVN,10
2023,f,72,RUS,92
2023,f,3,CHN,52
2023,f,87,USA,7
2023,f,40,IDN,64
2023,m,78,ITA,76
2023,m,51,SYR,24
2023,f,5,VNM,93
2023,m,8,KOR,63
2023,m,29,DNK,35
2023,m,72,PRT,4
2023,m,23,MAR,96
2023,m,30,EGY,129
2023,m,37,MKD,7
2023,f,41,CMR,7
2023,f,46,CAN,22
2023,m,55,TUR,176
2023,f,32,CZE,56
2023,m,2,AFG,14
2023,m,59,SVK,49
2023,m,9,IND,122
2023,f,44,TKM,11
2023,f,54,UNKNOWN,4
2023,m,29,NLD,71
2023,f,33,DZA,7
2023,m,36,ETH,29
2023,m,30,RUS,634
2023,m,53,ARM,109
2023,m,24,AZE,478
2023,f,31,NGA,66
2023,m,28,MEX,52
2023,f,35,KOR,63
2023,m,22,LTU,29
2023,f,30,BRA,65
2023,m,29,IRQ,48
2023,m,42,UNKNOWN,150
2023,m,37,KGZ,119
2023,f,66,ARM,42
2023,f,23,EST,4
2023,m,53,TWN,3
2023,f,89,AUT,3
2023,f,36,LVA,48
2023,m,28,SWE,46
2023,f,82,SWE,21
2023,f,46,BGR,100
2023,m,24,KAZ,279
2023,m,61,LTU,36
2023,f,32,DEU,130
2023,f,27,KEN,41
2023,f,35,NPL,69
2023,m,37,CYP,6
2023,f,3,MDA,46
2023,m,0,CUB,1
2023,m,40,SVK,109
2023,f,63,KAZ,18
2023,m,60,PAK,17
2023,m,38,CAN,54
2023,m,18,BGR,74
2023,m,24,ALB,41
2023,f,20,TKM,5
2023,m,76,FRA,40
2023,m,70,MDA,11
2023,m,41,BEL,79
2023,m,41,NZL,8
2023,m,9,SWE,5
2023,m,44,IRQ,36
2023,m,7,NPL,4
2023,m,52,ARM,115
2023,f,10,ZWE,5
2023,m,6,NGA,4
2023,f,44,PHL,265
2023,f,48,BGR,95
2023,f,14,DEU,47
2023,f,4,IND,147
2023,m,24,COD,14
2023,m,26,HUN,51
2023,f,2,MDA,53
2023,m,57,NLD,131
2023,m,78,BGR,24
2023,f,62,BGR,55
2023,m,28,FIN,43
2023,f,56,SWE,43
2023,f,27,JAM,2
2023,m,48,ISR,46
2023,f,23,SRB,10
2023,f,39,THA,37
2023,m,29,ZWE,99
2023,f,19,PHL,6
2023,m,26,AGO,19
2023,m,3,GEO,90
2023,f,53,CHN,117
2023,f,24,EST,11
2023,f,80,DEU,126
2023,m,48,SWE,98
2023,f,29,PHL,195
2023,m,53,DZA,21
2023,m,27,USA,107
2023,m,34,IRN,66
2023,f,25,COL,103
2023,m,42,DZA,39
2023,m,46,KHM,2
2023,m,59,YEM,3
2023,m,31,GTM,16
2023,f,27,NLD,49
2023,m,54,CUB,4
2023,m,40,ITA,279
2023,m,35,TUN,103
2023,m,35,HUN,89
2023,m,45,HRV,32
2023,f,42,PER,5
2023,f,71,CAN,9
2023,f,27,EGY,38
2023,f,32,ARM,85
2023,f,29,UZB,39
2023,m,67,VNM,58
2023,f,63,JPN,16
2023,m,32,PRT,124
2023,m,29,TZA,19
2023,m,39,NGA,133
2023,m,32,SRB,86
2023,m,63,IND,34
2023,m,69,BGR,53
2023,f,27,TZA,18
2023,f,20,ECU,3
2023,m,93,VNM,6
2023,m,8,RUS,188
2023,m,47,BGR,187
2023,m,27,KGZ,87
2023,m,47,AUT,74
2023,f,44,ITA,41
2023,f,76,CZE,12
2023,m,30,ZAF,17
2023,m,55,DZA,23
2023,f,45,TUR,61
2023,m,28,HRV,32
2023,m,20,JPN,25
2023,f,37,COL,77
2023,f,34,FRA,76
2023,m,28,MLI,7
2023,f,33,SRB,29
2023,m,63,YUG,8
2023,f,53,ESP,32
2023,m,45,IRL,52
2023,m,47,BGD,94
2023,f,54,UNKNOWN,20
2023,f,42,SVK,77
2023,m,47,VNM,285
2023,m,106,HUN,1
2023,m,25,DNK,15
2023,f,65,NLD,13
2023,f,63,USA,32
2023,f,4,SVK,5
2023,f,44,LBY,7
2023,m,38,ARM,183
2023,m,55,PAK,27
2023,m,32,KGZ,99
2023,m,31,PRT,109
2023,f,6,TJK,6
2023,f,38,MKD,6
2023,f,28,NPL,107
2023,f,27,ROU,116
2023,f,30,BGR,92
2023,m,41,VEN,20
2023,m,46,FIN,27
2023,f,66,USA,48
2023,f,26,NPL,119
2023,f,38,HUN,56
2023,m,43,GRC,55
2023,f,27,DEU,119
2023,m,61,SWE,62
2023,m,9,AGO,2
2023,f,61,VNM,95
2023,m,6,ARG,7
2023,m,8,VNM,110
2023,m,76,DEU,342
2023,m,51,FIN,30
2023,f,37,BGR,108
2023,m,31,ZWE,75
2023,m,42,IDN,177
2023,f,33,EGY,20
2023,m,45,LTU,99
2023,m,50,IRQ,32
2023,m,40,TJK,92
2023,f,56,MDA,201
2023,m,44,ARM,179
2023,m,39,LVA,126
2023,f,37,COG,8
2023,f,24,ARM,38
2023,m,86,RUS,17
2023,f,31,SAU,62
2023,m,47,ALB,38
2023,f,34,AZE,50
2023,m,42,PRT,105
2023,m,74,VNM,21
2023,f,35,ROU,149
2023,f,52,LBY,4
2023,m,2,COL,2
2023,f,25,GBR,40
2023,m,33,ARM,184
2023,m,71,NLD,68
2023,m,39,BEL,71
2023,m,43,ZWE,52
2023,m,64,SWE,71
2023,m,16,ROU,122
2023,f,24,CZE,28
2023,m,26,LVA,107
2023,m,21,IRL,20
2023,m,53,SVK,67
2023,m,54,PAK,31
2023,m,61,BEL,67
2023,m,26,SYR,33
2023,m,33,SYR,29
2023,m,57,DNK,77
2023,m,45,ALB,44
2023,m,26,MKD,8
2023,m,53,AUT,69
2023,f,38,CHN,271
2023,f,58,GEO,189
2023,m,14,CHN,54
2023,m,65,RUS,112
2023,m,55,AUT,85
2023,m,48,CZE,143
2023,m,65,BGR,83
2023,m,2,VNM,86
2023,f,47,PRT,20
2023,f,50,USA,68
2023,m,22,KOR,48
2023,m,22,DZA,66
2023,f,33,HUN,69
2023,f,45,GBR,49
2023,m,29,SGP,14
2023,f,10,KOR,70
2023,m,51,NLD,154
2023,f,34,LTU,93
2023,m,53,SRB,70
2023,m,33,IRN,77
2023,f,15,JPN,16
2023,m,45,PAK,105
2023,m,19,BGR,76
2023,m,25,NAM,4
2023,m,49,BGR,189
2023,m,27,FRA,255
2023,f,108,RUS,2
2023,m,12,IND,80
2023,m,46,KGZ,76
2023,m,79,UKR,336
2023,f,47,UNKNOWN,240
2023,f,7,DEU,37
2023,f,60,DNK,14
2023,m,56,BEL,70
2023,m,41,COL,194
2023,m,64,NOR,19
2023,m,59,NOR,21
2023,m,1,BRA,11
2023,m,27,GRC,56
2023,f,42,KOR,120
2023,m,44,CHL,13
2023,m,17,ITA,17
2023,m,54,SYR,23
2023,f,93,UKR,65
2023,m,27,TUN,60
2023,f,56,ITA,35
2023,f,19,SWE,10
2023,m,65,SVK,21
2023,f,42,USA,120
2023,m,56,ROU,195
2023,m,56,SRB,50
2023,m,30,DZA,100
2023,m,61,LVA,23
2023,m,36,CUB,26
2023,f,72,CAN,10
2023,f,37,MNG,54
2023,f,85,KAZ,5
2023,m,26,KOSOVO,58
2023,m,29,GHA,24
2023,m,46,BGD,87
2023,m,48,LVA,90
2023,m,61,EST,8
2023,m,67,AUT,86
2023,m,59,ROU,99
2023,f,62,AUT,82
2023,f,87,SWE,12
2023,m,78,SVN,3
2023,m,71,CZE,18
2023,m,31,TKM,260
2023,m,11,FRA,42
2023,m,26,BGR,93
2023,m,80,LTU,6
2023,f,39,DEU,206
2023,f,0,BGR,50
2023,m,7,NLD,11
2023,f,33,FRA,84
2023,f,33,MDA,428
2023,m,44,UGA,8
2023,m,19,EGY,34
2023,f,49,ITA,31
2023,f,6,UNKNOWN,14
2023,m,46,VNM,242
2023,f,53,GEO,287
2023,m,40,YEM,3
2023,m,28,NGA,165
2023,f,36,PAK,17
2023,m,45,CHL,13
2023,m,40,AZE,186
2023,f,24,HRV,16
2023,f,58,IRN,7
2023,f,55,FRA,70
2023,f,39,GBR,65
2023,f,47,PHL,153
2023,f,57,FIN,12
2023,m,21,CHN,107
2023,f,68,SWE,107
2023,m,63,PRK,35
2023,m,15,ITA,20
2023,f,20,GEO,140
2023,m,53,UNKNOWN,97
2023,f,5,GEO,60
2023,f,58,IND,25
2023,f,10,VNM,94
2023,m,50,FIN,15
2023,m,51,LVA,67
2023,m,54,BGD,14
2023,m,34,ARM,157
2023,m,27,DEU,217
2023,f,42,THA,61
2023,f,37,ZAF,12
2023,f,40,SVK,80
2023,m,40,PAK,125
2023,f,23,VNM,147
2023,m,32,TJK,147
2023,m,8,LVA,5
2023,f,60,RUS,224
2023,m,48,PRT,69
2023,m,59,SRB,39
2023,f,9,COL,5
2023,m,46,AUS,20
2023,f,40,ALB,17
2023,m,31,MAR,76
2023,m,54,IRN,12
2023,m,33,HUN,109
2023,f,22,AZE,74
2023,m,73,UNKNOWN,59
2023,f,8,NPL,5
2023,f,7,MDA,47
2023,m,42,COG,9
2023,f,35,CAN,32
2023,m,66,CHN,61
2023,m,31,LBN,40
2023,m,47,NZL,14
2023,m,33,ARG,48
2023,m,74,USA,46
2023,f,18,VNM,48
2023,f,40,TWN,20
2023,m,23,PAK,55
2023,m,54,PHL,84
2023,m,79,USA,35
2023,m,29,HUN,51
2023,m,4,KOR,28
2023,f,49,VEN,5
2023,f,31,BGR,87
2023,m,39,ARM,183
2023,f,75,USA,31
2023,m,46,BEL,50
2023,m,24,TWN,20
2023,m,31,EST,14
2023,m,29,PRT,89
2023,m,9,MNE,1
2023,m,68,TUR,27
2023,m,22,RWA,112
2023,f,61,CZE,12
2023,m,36,ISR,38
2023,m,32,BEL,47
2023,f,8,GEO,65
2023,m,88,GRC,12
2023,f,101,DEU,18
2023,f,0,IND,87
2023,f,24,NGA,45
2023,f,31,UNKNOWN,76
2023,m,42,ALB,65
2023,m,45,ESP,182
2023,f,52,CHN,134
2023,m,37,LBN,20
2023,f,73,RUS,75
2023,f,35,BRA,87
2023,m,23,LVA,58
2023,m,15,VNM,66
2023,f,12,CHN,45
2023,m,69,ITA,133
2023,m,39,UNKNOWN,160
2023,m,9,MDA,40
2023,m,11,TJK,5
2023,f,34,MYS,29
2023,f,30,FIN,26
2023,m,38,SVN,12
2023,f,20,BGR,58
2023,m,81,ITA,54
2023,f,23,LTU,55
2023,m,38,AFG,27
2023,m,43,USA,170
2023,m,61,AUT,80
2023,m,33,CZE,110
2023,m,59,SDN,1
2023,m,37,SEN,9
2023,m,28,JOR,32
2023,m,27,NLD,69
2023,f,32,FRA,92
2023,m,72,BLR,61
2023,m,23,COD,20
2023,f,69,FRA,26
2023,f,11,USA,27
2023,m,40,UNKNOWN,3
2023,f,99,UKR,10
2023,m,39,BRA,80
2023,m,75,BEL,19
2023,f,19,TUR,72
2023,m,1,TUR,35
2023,m,50,CHN,279
2023,m,19,KGZ,130
2023,m,10,CHN,52
2023,f,56,CHN,59
2023,m,26,CUB,17
2023,f,30,HUN,58
2023,f,57,THA,35
2023,f,27,HUN,45
2023,f,23,BRA,17
2023,m,66,NLD,77
2023,f,25,ZAF,12
2023,m,33,KOR,133
2023,m,22,TUN,11
2023,m,43,COL,151
2023,f,58,LTU,43
2023,f,88,CHE,1
2023,m,69,AUT,71
2023,f,23,SYR,11
2023,m,37,VEN,9
2023,f,63,ITA,23
2023,m,33,VEN,12
2023,m,63,BGR,94
2023,m,19,USA,59
2023,f,48,NLD,48
2023,m,68,AUT,95
2023,m,42,SRB,96
2023,f,8,ARM,32
2023,m,23,LTU,61
2023,m,30,JOR,27
2023,f,35,USA,145
2023,f,22,IDN,98
2023,f,11,BGR,56
2023,m,33,SRB,86
2023,f,22,PHL,10
2023,m,24,PAK,67
2023,m,33,IRQ,33
2023,m,5,ISL,1
2023,m,34,ISR,35
2023,f,21,AFG,9
2023,f,26,MYS,16
2023,m,31,ZAF,15
2023,f,21,NGA,57
2023,f,60,USA,61
2023,f,41,ZWE,36
2023,m,45,AUT,62
2023,m,52,SWE,81
2023,m,51,ARM,125
2023,f,71,VNM,41
2023,m,62,AZE,21
2023,f,77,ESP,4
2023,m,39,SRB,92
2023,m,28,USA,135
2023,m,50,NPL,74
2023,f,8,KAZ,20
2023,m,40,DNK,32
2023,m,59,KOR,125
2023,m,36,TKM,180
2023,m,51,DNK,70
2023,f,44,MKD,7
2023,m,2,AZE,19
2023,f,48,BOL,5
2023,f,31,HTI,1
2023,m,17,GEO,99
2023,f,59,SWE,48
2023,f,14,PHL,1
2023,m,71,NOR,12
2023,m,62,NLD,98
2023,f,21,KGZ,46
2023,m,52,KAZ,94
2023,m,3,UNKNOWN,19
2023,f,51,AUT,57
2023,m,31,AUT,41
2023,m,34,PRT,167
2023,f,45,KGZ,30
2023,f,29,YEM,7
2023,m,42,COD,5
2023,f,43,GBR,66
2023,f,52,AUS,8
2023,f,55,IRL,14
2023,m,71,GRC,30
2023,m,38,KEN,24
2023,f,43,SWE,63
2023,m,20,DEU,118
2023,f,24,FRA,137
2023,m,67,FIN,9
2023,f,50,PHL,61
2023,f,64,BGR,37
2023,f,29,SVK,57
2023,m,34,COD,15
2023,m,25,ZWE,170
2023,m,35,HRV,46
2023,m,56,MNG,9
2023,m,35,ZWE,70
2023,f,58,UNKNOWN,20
2023,f,90,TJK,1
2023,m,54,NOR,27
2023,m,32,PRK,3
2023,m,41,AUT,70
2023,f,47,AFG,3
2023,m,37,CAN,38
2023,m,51,ESP,93
2023,m,45,MAR,32
2023,m,23,CHN,146
2023,f,35,EGY,22
2023,f,1,ARM,16
2023,m,39,SVN,17
2023,m,35,EGY,170
2023,m,27,LTU,72
2023,m,63,LVA,22
2023,m,74,BLR,46
2023,f,74,FRA,18
2023,m,44,CZE,126
2023,m,2,TUR,35
2023,m,17,TJK,9
2023,f,42,MDA,468
2023,m,70,CHN,34
2023,m,38,ALB,75
2023,m,21,GRC,17
2023,f,79,RUS,49
2023,m,62,LVA,26
2023,m,34,SAU,52
2023,m,58,KWT,2
2023,f,43,PAK,20
2023,m,48,SRB,77
2023,f,45,SWE,47
2023,f,27,VNM,183
2023,f,31,CZE,54
2023,m,36,DNK,31
2023,m,50,KOSOVO,19
2023,f,22,MEX,17
2023,m,46,ESP,172
2023,m,50,LVA,89
2023,f,45,MUS,2
2023,f,33,PRK,40
2023,m,61,ESP,39
2023,f,39,ARM,72
2023,m,76,UNKNOWN,40
2023,m,29,SWE,64
2023,f,32,MDG,2
2023,f,23,NPL,97
2023,f,91,UKR,104
2023,m,44,BRA,57
2023,m,61,NLD,122
2023,f,10,CHN,52
2023,m,44,EGY,96
2023,m,9,DNK,2
2023,m,86,IRQ,2
2023,f,72,FRA,19
2023,m,20,USA,63
2023,f,88,DEU,70
2023,m,32,TKM,207
2023,f,38,PAK,12
2023,m,34,IRQ,47
2023,f,29,ESP,134
2023,f,53,AUT,68
2023,m,51,MNG,19
2023,f,50,GRC,12
2023,f,35,AGO,7
2023,m,44,JPN,59
2023,f,57,ROU,34
2023,m,30,GHA,31
2023,m,54,FRA,176
2023,m,73,SWE,76
2023,m,37,SVN,22
2023,f,30,ARG,18
2023,m,29,KGZ,101
2023,f,48,CYP,2
2023,m,33,PAK,171
2023,f,48,FRA,64
2023,f,29,RWA,51
2023,f,0,VNM,84
2023,f,33,AGO,9
2023,m,59,AZE,48
2023,m,62,RUS,160
2023,f,45,LUX,2
2023,m,28,DZA,74
2023,m,45,FIN,21
2023,m,5,CUB,3
2023,f,58,FRA,58
2023,f,93,CAN,4
2023,m,45,PRT,86
2023,m,32,LTU,129
2023,m,62,ZAF,12
2023,f,19,JPN,26
2023,f,48,GBR,51
2023,f,21,DEU,88
2023,f,48,AUT,52
2023,m,57,HUN,34
2023,f,47,IDN,27
2023,m,17,JPN,21
2023,m,32,CRI,13
2023,f,20,KEN,7
2023,m,28,DNK,33
2023,f,35,LTU,116
2023,m,62,MEX,8
2023,m,73,PRT,3
2023,m,75,UNKNOWN,4
2023,m,38,CZE,116
2023,m,35,JOR,22
2023,m,69,KOR,20
2023,f,1,ITA,9
2023,m,75,DNK,21
2023,f,32,SVK,80
2023,f,82,CAN,4
2023,m,39,IRL,40
2023,m,49,HRV,27
2023,m,75,FRA,55
2023,m,71,VNM,45
2023,m,39,NER,5
2023,m,68,UNKNOWN,125
2023,f,34,HTI,1
2023,f,35,ZWE,52
2023,m,19,NGA,23
2023,f,68,ESP,5
2023,f,32,CHL,7
2023,m,33,PRY,4
2023,m,31,PAK,129
2023,m,16,DEU,50
2023,f,55,THA,37
2023,m,65,MAR,3
2023,f,46,USA,79
2023,m,66,CHE,15
2023,f,72,SWE,110
2023,f,4,RUS,156
2023,m,30,MYS,27
2023,m,45,NGA,82
2023,m,23,CAN,15
2023,f,26,KAZ,163
2023,f,62,CZE,20
2023,m,11,ESP,15
2023,f,27,PRK,2
2023,m,42,CAN,30
2023,f,35,TUN,12
2023,m,59,EGY,16
2023,m,14,IRL,5
2023,f,47,KGZ,21
2023,f,12,JPN,16
2023,f,60,ROU,23
2023,f,41,HUN,36
2023,m,55,AZE,64
2023,f,35,NGA,33
2023,m,44,UNKNOWN,112
2023,m,77,UNKNOWN,29
2023,m,64,SYR,17
2023,m,48,JPN,79
2023,m,36,ARM,150
2023,f,57,GBR,37
2023,f,90,UKR,99
2023,f,59,CAN,18
2023,m,9,TWN,1
2023,m,11,GBR,23
2023,f,66,BGR,28
2023,f,34,ETH,8
2023,f,11,KOR,64
2023,m,28,GRC,54
2023,m,5,AZE,18
2023,m,68,UNKNOWN,9
2023,f,61,DNK,22
2023,m,61,IND,46
2023,m,44,AUS,22
2023,m,40,PRT,116
2023,m,35,BGR,183
2023,m,53,NLD,160
2023,f,28,UNKNOWN,62
2023,f,73,UNKNOWN,6
2023,m,76,NLD,63
2023,m,41,MEX,48
2023,f,35,JOR,3
2023,f,33,CIV,2
2023,m,63,MNE,4
2023,m,42,JPN,55
2023,f,18,BGR,73
2023,f,36,BRA,76
2023,f,45,ESP,52
2023,m,79,UNKNOWN,21
2023,m,31,SVK,99
2023,f,24,LTU,67
2023,m,28,UGA,16
2023,f,80,SYR,4
2023,m,45,KEN,13
2023,m,28,NLD,73
2023,f,46,JPN,55
2023,f,42,IND,136
2023,m,29,PRY,1
2023,f,4,ROU,187
2023,m,69,FRA,84
2023,f,27,ISR,10
2023,m,31,HRV,30
2023,f,38,IDN,65
2023,m,48,VEN,13
2023,m,20,ZAF,16
2023,f,19,ZWE,75
2023,m,58,NGA,12
2023,m,59,USA,139
2023,m,79,ITA,68
2023,f,12,BGD,5
2023,m,12,NLD,19
2023,m,3,RUS,130
2023,m,73,VNM,34
2023,f,37,PAK,23
2023,m,53,IRN,13
2023,m,14,GBR,19
2023,f,57,ARM,44
2023,f,54,AUT,74
2023,m,24,SVK,50
2023,f,32,PRK,29
2023,m,26,CZE,64
2023,f,54,IND,24
2023,m,8,ITA,21
2023,f,35,FRA,66
2023,f,30,HRV,17
2023,f,52,KAZ,51
2023,f,45,IDN,44
2023,f,41,VNM,192
2023,m,56,LTU,76
2023,m,13,MDA,37
2023,f,31,NLD,39
2023,m,61,SRB,31
2023,f,61,BGR,57
2023,f,9,UZB,11
2023,f,28,SVK,51
2023,m,32,PER,20
2023,m,82,GBR,23
2023,m,26,SAU,4
2023,f,35,BDI,1
2023,f,6,DEU,43
2023,m,12,VNM,79
2023,m,66,CAN,21
2023,f,78,YEM,1
2023,m,35,KAZ,192
2023,m,32,SDN,1
2023,m,26,AUT,40
2023,f,19,LTU,25
2023,f,75,SWE,59
2023,m,18,ISR,5
2023,m,59,BGR,120
2023,m,49,FRA,223
2023,f,44,BGR,93
2023,f,18,USA,42
2023,f,69,BLR,138
2023,f,24,ZWE,242
2023,m,63,UNKNOWN,112
2023,f,28,ALB,24
2023,f,52,ITA,45
2023,f,22,IRQ,8
2023,f,3,PHL,17
2023,f,56,USA,66
2023,f,38,SRB,21
2023,f,36,KOR,91
2023,f,7,GEO,67
2023,f,42,CAN,18
2023,m,33,MEX,69
2023,f,14,KAZ,13
2023,m,55,VNM,174
2023,f,49,SWE,50
2023,m,39,IRN,72
2023,m,15,GEO,80
2023,m,101,DEU,12
2023,f,47,VNM,144
2023,f,89,DEU,67
2023,f,3,LBY,3
2023,m,42,JOR,6
2023,f,24,ETH,89
2023,m,31,MYS,22
2023,f,83,DEU,104
2023,m,33,LBN,27
2023,m,46,PRT,100
2023,m,17,AUS,4
2023,m,12,USA,28
2023,f,38,GNB,2
2023,f,28,THA,36
2023,f,43,SYC,1
2023,f,44,BOL,4
2023,m,46,CZE,137
2023,f,77,BRA,4
2023,f,51,DNK,16
2023,m,25,VEN,14
2023,m,40,ARG,39
2023,m,24,SYR,28
2023,f,38,ISR,15
2023,m,73,SVN,4
2023,f,22,NLD,32
2023,f,50,TUR,36
2023,m,41,IDN,220
2023,m,12,FIN,8
2023,m,6,DEU,43
2023,m,29,PAK,140
2023,m,26,IRN,38
2023,f,65,HUN,12
2023,m,59,LVA,45
2023,f,31,CAN,27
2023,f,34,HUN,69
2023,f,2,FRA,13
2023,m,49,JPN,87
2023,f,12,MDA,29
2023,f,31,SVK,59
2023,f,41,ROU,119
2023,m,46,SWE,86
2023,m,62,PRK,22
2023,m,37,ARM,157
2023,m,20,ALB,9
2023,f,45,CHE,2
2023,m,71,ESP,6
2023,m,20,CAN,10
2023,f,46,SWE,49
2023,m,67,ITA,161
2023,m,46,IRQ,17
2023,f,41,ESP,61
2023,f,44,GBR,66
2023,f,8,MDA,51
2023,f,38,KOR,84
2023,f,17,JPN,15
2023,f,35,AUS,8
2023,m,55,COL,37
2023,f,31,IND,635
2023,m,66,VNM,81
2023,f,45,SYR,10
2023,f,70,GBR,21
2023,m,17,AZE,24
2023,m,35,TWN,27
2023,m,71,FRA,60
2023,m,15,AUT,9
2023,m,32,EGY,134
2023,m,43,PRT,106
2023,m,59,NLD,119
2023,f,26,ROU,145
2023,m,80,NLD,35
2023,m,88,NLD,3
2023,m,62,ECU,1
2023,m,52,SAU,5
2023,m,18,VNM,62
2023,m,47,USA,153
2023,m,37,TJK,139
2023,f,36,AUT,47
2023,m,49,CAN,31
2023,m,36,BRA,155
2023,f,57,CZE,18
2023,m,41,DZA,56
2023,f,58,BGR,54
2023,m,51,IRL,53
2023,m,5,IRN,10
2023,m,34,SEN,11
2023,f,24,AZE,152
2023,f,81,VNM,21
2023,f,64,AZE,3
2023,m,60,LTU,57
2023,m,38,IDN,229
2023,f,96,DEU,46
2023,f,29,IRN,25
2023,f,40,KAZ,65
2023,f,46,AUS,14
2023,m,36,CMR,27
2023,f,23,KEN,29
2023,f,25,SVN,10
2023,f,57,IND,26
2023,f,45,JPN,59
2023,m,62,IRQ,17
2023,f,26,MNE,8
2023,m,27,ECU,11
2023,m,36,PRT,118
2023,m,69,CAN,15
2023,m,26,DEU,195
2023,m,78,FRA,34
2023,f,40,ZAF,18
2023,m,28,PRT,101
2023,f,29,ROU,155
2023,f,12,FRA,29
2023,m,44,AUT,54
2023,m,43,AUT,86
2023,m,71,UNKNOWN,7
2023,m,33,KGZ,109
2023,m,36,SYR,38
2023,m,80,NOR,5
2023,f,69,CZE,20
2023,m,83,ARM,9
2023,m,4,USA,30
2023,m,37,AUS,16
2023,f,59,IND,23
2023,m,24,MEX,19
2023,m,43,HRV,39
2023,f,60,PRY,1
2023,m,47,AGO,3
2023,f,81,USA,17
2023,m,68,CZE,36
2023,f,66,URY,1
2023,f,2,ISL,3
2023,f,65,IND,20
2023,f,31,HUN,54
2023,m,72,FRA,61
2023,f,42,LTU,76
2023,f,45,UZB,37
2023,m,13,TJK,5
2023,f,75,DNK,13
2023,m,67,CAN,14
2023,f,26,ARM,50
2023,f,47,BGR,113
2023,f,63,MDA,45
2023,f,19,IND,93
2023,f,31,DEU,127
2023,m,43,NLD,92
2023,f,1,BGR,54
2023,f,75,BLR,77
2023,m,16,AZE,14
2023,f,3,SVK,10
2023,m,66,TUR,35
2023,f,9,HUN,11
2023,f,21,UZB,47
2023,m,27,SGP,3
2023,f,29,FRA,111
2023,m,63,LTU,35
2023,f,26,CZE,49
2023,f,87,RUS,28
2023,f,29,GEO,349
2023,m,17,DEU,63
2023,m,35,LTU,132
2023,m,25,JPN,44
2023,m,27,SDN,7
2023,m,68,ISR,15
2023,f,95,UNKNOWN,12
2023,f,75,DEU,201
2023,m,68,KOR,33
2023,f,28,AFG,12
2023,m,49,NOR,29
2023,m,17,KOR,55
2023,f,14,ISR,10
2023,f,11,BIH,1
2023,m,82,AUT,9
2023,m,28,CHE,10
2023,f,25,KGZ,55
2023,m,38,AUS,19
2023,m,33,GRC,70
2023,f,73,CHN,14
2023,f,35,PAK,35
2023,f,24,DZA,19
2023,f,48,LTU,61
2023,m,65,USA,81
2023,f,67,FIN,6
2023,m,48,AZE,83
2023,m,73,BLR,48
2023,m,42,CUB,18
2023,f,2,GEO,88
2023,m,55,SWE,68
2023,m,44,IRL,58
2023,m,19,PAK,14
2023,f,0,SWE,5
2023,m,25,JOR,23
2023,m,90,FRA,7
2023,f,23,DEU,115
2023,m,23,PER,20
2023,m,44,SRB,75
2023,m,51,AUT,50
2023,f,63,ROU,25
2023,m,29,LVA,82
2023,m,43,UNKNOWN,139
2023,f,2,ROU,198
2023,m,55,LTU,71
2023,m,52,CUB,5
2023,f,37,AZE,44
2023,m,51,TJK,24
2023,m,21,MMR,11
2023,m,28,PNG,2
2023,f,93,DEU,40
2023,m,38,NZL,7
2023,f,27,CUB,6
2023,f,54,COL,10
2023,m,28,EGY,107
2023,m,63,CAN,17
2023,f,105,UNKNOWN,4
2023,m,57,ISR,22
2023,m,25,DEU,194
2023,f,66,CAN,18
2023,m,28,IRN,35
2023,m,24,PER,31
2023,m,45,AZE,154
2023,m,10,KOR,61
2023,f,21,NLD,37
2023,m,20,MOZ,11
2023,m,47,UNKNOWN,11
2023,f,54,PHL,45
2023,f,43,TWN,9
2023,m,29,SRB,93
2023,m,34,GBR,172
2023,f,12,SWE,9
2023,m,41,FIN,26
2023,f,81,IRQ,2
2023,f,19,USA,59
2023,m,48,ALB,30
2023,f,21,TWN,12
2023,f,31,ZWE,78
2023,f,47,JPN,53
2023,m,45,ISR,32
2023,m,13,CHN,49
2023,f,36,UZB,43
2023,m,49,IDN,61
2023,m,41,TUN,81
2023,f,26,CHE,6
2023,m,63,ARM,64
2023,f,32,MAR,19
2023,m,44,ITA,330
2023,f,20,AZE,32
2023,m,16,ARM,33
2023,m,28,ARG,40
2023,f,84,AUT,13
2023,f,43,LBN,5
2023,m,18,CHN,37
2023,m,12,CZE,19
2023,f,61,MYS,3
2023,f,61,ARM,48
2023,f,45,THA,76
2023,f,27,URY,2
2023,m,3,SRB,7
2023,f,28,FRA,115
2023,m,35,RWA,31
2023,f,27,IRL,13
2023,m,58,BRA,10
2023,m,28,EST,16
2023,m,63,USA,112
2023,f,70,BLR,132
2023,m,20,PRT,20
2023,m,37,NGA,143
2023,f,18,KOR,58
2023,f,70,CHN,26
2023,m,39,CHL,15
2023,f,52,UZB,20
2023,f,52,NLD,40
2023,m,37,HUN,99
2023,f,84,GRC,10
2023,m,49,PAK,70
2023,m,68,CUB,4
2023,f,27,TJK,12
2023,m,22,NLD,41
2023,f,52,AUT,62
2023,m,68,MYS,2
2023,f,1,MDA,77
2023,m,39,GBR,229
2023,f,61,SWE,53
2023,m,43,IRL,72
2023,f,45,PER,11
2023,f,36,UNKNOWN,89
2023,m,58,HUN,33
2023,f,58,AFG,3
2023,m,37,NLD,126
2023,m,1,IND,126
2023,f,106,DEU,10
2023,m,76,ESP,14
2023,m,46,IDN,78
2023,m,33,UNKNOWN,98
2023,m,10,SWE,12
2023,f,38,TKM,21
2023,m,69,UNKNOWN,8
2023,m,35,SRB,103
2023,m,71,CAN,19
2023,m,60,IND,40
2023,m,82,CHN,4
2023,m,0,ARM,18
2023,m,26,ARM,81
2023,f,38,TUN,7
2023,m,53,PAK,30
2023,f,47,ROU,64
2023,m,56,IND,93
2023,f,48,KAZ,71
2023,m,25,EGY,75
2023,m,17,IRQ,9
2023,m,49,NPL,67
2023,m,23,ARM,49
2023,f,36,HRV,24
2023,f,27,LTU,65
2023,m,15,IND,61
2023,m,25,KAZ,260
2023,f,31,MEX,57
2023,m,44,FRA,204
2023,f,1,HUN,6
2023,f,28,SVN,10
2023,f,25,RWA,76
2023,f,8,MNG,4
2023,f,22,NOR,9
2023,m,71,USA,75
2023,f,7,KAZ,18
2023,m,40,IDN,194
2023,m,26,USA,118
2023,f,43,FRA,64
2023,f,31,FRA,84
2023,m,28,ECU,13
2023,f,30,NGA,69
2023,f,10,SYR,7
2023,m,6,SVK,11
2023,f,81,CZE,6
2023,m,47,FRA,191
2023,m,39,KGZ,121
2023,m,35,BOL,9
2023,m,84,USA,19
2023,f,15,ROU,125
2023,m,26,HRV,21
2023,f,32,ZWE,83
2023,f,53,ROU,64
2023,f,13,KOR,70
2023,m,24,TKM,132
2023,m,29,KOSOVO,43
2023,m,88,UKR,71
2023,m,10,TJK,10
2023,f,5,DNK,5
2023,m,34,KGZ,108
2023,m,56,YUG,6
2023,m,0,YEM,3
2023,m,25,TWN,25
2023,m,16,CHN,43
2023,m,59,THA,16
2023,m,29,COG,10
2023,m,1,BGR,57
2023,f,49,ESP,38
2023,m,31,LKA,27
2023,f,56,UNKNOWN,239
2023,m,57,KAZ,42
2023,f,29,KEN,33
2023,m,51,GAB,1
2023,f,52,MYS,6
2023,m,83,ETH,2
2023,m,39,COL,205
2023,m,49,UNKNOWN,86
2023,f,31,LKA,9
2023,f,46,CZE,59
2023,f,43,NOR,36
2023,f,50,FRA,69
2023,f,43,JPN,52
2023,f,49,TWN,6
2023,m,70,AUS,7
2023,f,75,BEL,7
2023,f,48,ESP,39
2023,f,5,TJK,9
2023,f,15,PAK,7
2023,m,77,SWE,56
2023,m,35,MAR,64
2023,f,87,DEU,85
2023,m,20,CZE,16
2023,m,42,MAR,33
2023,f,40,UZB,26
2023,f,57,USA,46
2023,m,14,EGY,7
2023,f,1,BIH,2
2023,m,21,COL,164
2023,f,22,UNKNOWN,24
2023,f,24,JAM,2
2023,f,22,IRN,17
2023,m,22,ZMB,8
2023,m,50,EGY,32
2023,m,55,CAN,28
2023,m,30,ZWE,101
2023,m,86,GBR,9
2023,m,22,MAR,91
2023,m,7,TUR,36
2023,m,23,IRQ,26
2023,m,13,IRQ,5
2023,m,38,SVK,121
2023,m,35,DZA,71
2023,f,61,TUR,16
2023,m,36,NLD,102
2023,m,15,ROU,149
2023,f,48,IND,50
2023,m,24,UNKNOWN,51
2023,m,56,CZE,77
2023,m,24,ZAF,18
2023,f,30,CMR,20
2023,m,31,CUB,27
2023,f,82,FRA,6
2023,f,21,NPL,44
2023,m,11,NLD,17
2023,f,4,ESP,14
2023,f,41,BGR,93
2023,m,11,CHL,2
2023,m,7,RUS,203
2023,m,45,JPN,62
2023,f,83,BLR,43
2023,m,46,BIH,20
2023,m,0,ESP,13
2023,f,32,CRI,11
2023,f,71,BLR,117
2023,m,35,SOM,2
2023,f,20,CHN,103
2023,m,31,SRB,84
2023,m,22,AUT,25
2023,m,26,KGZ,100
2023,f,50,MYS,2
2023,m,47,IRQ,25
2023,m,56,EGY,24
2023,m,59,UZB,28
2023,m,79,NLD,39
2023,f,29,USA,110
2023,f,23,UNKNOWN,40
2023,f,37,DOM,2
2023,m,25,PRT,69
2023,f,60,ITA,20
2023,f,43,PRT,27
2023,m,37,ALB,79
2023,f,54,BEL,9
2023,m,80,USA,22
2023,f,26,NLD,39
2023,m,49,LVA,82
2023,m,48,EGY,69
2023,f,59,CHN,74
2023,m,56,USA,166
2023,m,69,YUG,4
2023,m,31,CAN,26
2023,m,41,EGY,105
2023,f,44,KGZ,24
2023,f,73,ARM,43
2023,m,34,THA,27
2023,m,65,YUG,4
2023,f,14,ROU,130
2023,m,68,ROU,24
2023,f,58,GBR,48
2023,f,40,BRA,48
2023,m,26,FIN,31
2023,m,31,VEN,15
2023,m,67,UNKNOWN,5
2023,f,49,CHN,140
2023,f,4,ARM,19
2023,m,43,ETH,11
2023,m,41,ARM,172
2023,f,41,DNK,12
2023,f,101,UNKNOWN,6
2023,m,30,KOR,119
2023,f,54,CHN,83
2023,m,42,RWA,13
2023,m,70,EST,1
2023,f,24,ROU,134
2023,m,58,GRC,32
2023,m,12,KOR,55
2023,m,37,THA,27
2023,m,20,COL,122
2023,m,51,LBY,6
2023,f,45,TUN,4
2023,m,57,PAK,22
2023,f,47,USA,69
2023,m,31,TJK,132
2023,m,51,CZE,111
2023,f,132,RUS,1
2023,m,82,UKR,264
2023,m,90,LBN,2
2023,f,22,ETH,104
2023,f,31,COL,117
2023,f,54,KAZ,30
2023,m,31,IRN,63
2023,m,34,KOSOVO,40
2023,f,30,DEU,118
2023,m,30,JPN,31
2023,m,14,BGD,3
2023,m,80,UKR,197
2023,m,88,FRA,8
2023,f,44,DEU,250
2023,m,41,LVA,130
2023,m,93,DEU,68
2023,m,54,TUR,218
2023,f,32,SWE,26
2023,m,17,CHE,4
2023,f,31,COM,1
2023,f,70,AUT,86
2023,m,20,ESP,58
2023,m,62,PRT,23
2023,m,30,GBR,140
2023,f,80,ITA,10
2023,m,19,BRA,26
2023,m,33,TUN,116
2023,m,29,BGR,126
2023,m,42,ESP,199
2023,f,33,ALB,17
2023,f,43,LVA,37
2023,f,67,USA,42
2023,f,49,SLE,2
2023,f,58,KAZ,19
2023,m,65,PRK,18
2023,f,54,ARM,44
2023,f,13,VEN,3
2023,f,29,CZE,53
2023,f,61,LKA,1
2023,f,50,CHL,2
2023,m,41,MDV,1
2023,m,27,PRT,111
2023,f,43,TUR,77
2023,m,51,NPL,46
2023,f,36,COL,88
2023,f,50,AUT,40
2023,m,52,PRK,38
2023,f,60,AUT,74
2023,m,77,AUT,37
2023,f,1,KGZ,4
2023,m,26,PSE,15
2023,f,59,VNM,95
2023,f,33,EST,11
2023,m,20,EGY,55
2023,m,61,KOR,106
2023,m,47,EGY,67
2023,f,44,ZAF,9
2023,f,37,VEN,12
2023,f,31,IRQ,11
2023,m,39,PAN,1
2023,m,68,HRV,4
2023,m,42,BEL,54
2023,f,30,PER,18
2023,m,33,GBR,147
2023,m,25,HUN,60
2023,f,8,COL,6
2023,f,35,MAR,16
2023,f,28,ZAF,24
2023,f,91,SWE,15
2023,f,50,FIN,15
2023,m,20,BGR,69
2023,m,33,JOR,27
2023,m,48,HRV,27
2023,f,55,EST,3
2023,m,29,JPN,32
2023,m,51,VUT,2
2023,f,35,ARM,60
2023,m,82,ITA,51
2023,m,10,LBN,2
2023,f,68,ROU,8
2023,f,61,AUT,72
2023,f,40,NLD,44
2023,f,40,KOR,93
2023,m,69,DNK,34
2023,m,75,UNKNOWN,8
2023,m,56,CUB,6
2023,m,30,BGR,128
2023,f,39,NLD,54
2023,m,29,MAR,106
2023,f,19,MEX,6
2023,m,60,IDN,1
2023,m,10,BGR,63
2023,f,44,ROU,99
2023,f,38,BIH,4
2023,m,33,PRT,118
2023,m,76,BEL,29
2023,m,36,LBY,11
2023,f,56,CHE,6
2023,f,10,TUR,30
2023,m,49,BEL,58
2023,m,10,DEU,29
2023,m,37,IRL,43
2023,f,16,ARM,18
2023,m,66,AGO,1
2023,f,65,TUR,7
2023,f,36,AZE,57
2023,f,59,BGR,52
2023,f,44,IRL,11
2023,f,15,TUR,22
2023,f,22,MOZ,17
2023,m,67,SWE,88
2023,f,33,RWA,16
2023,f,53,DEU,267
2023,m,21,IDN,157
2023,f,51,ITA,34
2023,f,43,FIN,12
2023,f,36,CZE,55
2023,m,87,YUG,1
2023,m,18,KAZ,120
2023,m,53,KAZ,89
2023,m,35,IRN,55
2023,f,100,UNKNOWN,8
2023,m,30,PRT,118
2023,f,52,TUR,28
2023,f,44,THA,50
2023,f,41,VEN,10
2023,f,57,KAZ,19
2023,f,29,DZA,14
2023,f,42,AZE,21
2023,f,33,TWN,29
2023,m,32,ETH,53
2023,m,11,MDA,29
2023,f,20,ESP,122
2023,f,117,DEU,3
2023,f,32,DNK,6
2023,m,51,ISR,38
2023,m,14,FRA,47
2023,m,33,AUT,51
2023,f,84,NLD,2
2023,f,25,BGR,83
2023,f,29,NLD,32
2023,f,46,HRV,17
2023,f,45,LTU,85
2023,f,85,DEU,89
2023,m,52,DNK,67
2023,m,76,FIN,12
2023,m,75,BLR,26
2023,m,95,DEU,46
2023,f,38,IRL,9
2023,m,82,NOR,6
2023,f,9,IND,83
2023,m,32,BIH,12
2023,f,56,CAN,7
2023,m,68,MDA,27
2023,f,51,ZAF,6
2023,f,32,JPN,38
2023,m,57,EGY,20
2023,f,17,LVA,6
2023,f,29,SWE,33
2023,m,46,NPL,131
2023,m,47,TKM,31
2023,m,38,ARG,43
2023,m,101,GRC,19
2023,f,41,MNG,26
2023,m,49,HUN,58
2023,m,8,GEO,69
2023,m,17,IND,38
2023,m,72,NLD,69
2023,m,60,KOR,97
2023,m,37,COL,201
2023,m,41,AGO,10
2023,m,42,TUN,85
2023,m,40,THA,41
2023,f,31,ESP,152
2023,f,6,ETH,2
2023,m,9,IRL,8
2023,m,23,NLD,49
2023,m,46,TUN,39
2023,m,61,VNM,124
2023,m,91,UKR,22
2023,f,85,AUT,5
2023,m,55,KAZ,63
2023,f,46,AUT,43
2023,f,5,PAN,1
2023,f,10,GBR,21
2023,f,23,UGA,9
2023,f,58,KOR,39
2023,f,37,AGO,16
2023,f,86,SGP,1
2023,f,42,BGR,121
2023,m,45,DNK,38
2023,f,25,ARM,53
2023,f,40,BGR,125
2023,f,64,SVK,10
2023,m,53,AUS,19
2023,m,39,TWN,23
2023,m,57,COL,17
2023,m,73,KAZ,5
2023,f,27,ZWE,116
2023,m,101,YUG,1
2023,m,48,THA,36
2023,f,23,ARM,43
2023,f,42,IRN,28
2023,m,35,CUB,28
2023,f,51,FRA,69
2023,m,67,GEO,55
2023,f,40,PRT,22
2023,f,37,LBN,7
2023,f,50,PRT,15
2023,m,43,NGA,97
2023,f,41,GBR,60
2023,f,36,GBR,59
2023,f,46,NLD,58
2023,f,41,ARM,79
2023,m,32,ITA,338
2023,f,7,BGR,59
2023,f,54,MDA,273
2023,f,32,BGR,104
2023,f,77,DNK,10
2023,f,45,FRA,55
2023,m,34,LBN,25
2023,f,58,USA,55
2023,f,20,ITA,31
2023,m,55,LVA,42
2023,f,63,BGR,63
2023,f,26,BGD,33
2023,f,50,ROU,81
2023,f,6,MDA,37
2023,m,5,DEU,33
2023,f,33,BRA,79
2023,f,29,GRC,32
2023,f,77,ARM,19
2023,m,57,IRQ,18
2023,f,45,SEN,2
2023,m,8,KAZ,14
2023,m,9,DEU,36
2023,f,32,PRT,37
2023,m,67,NLD,83
2023,m,47,SWE,93
2023,m,37,MUS,8
2023,m,38,DNK,23
2023,m,53,PRT,44
2023,m,41,PRT,105
2023,f,43,IND,129
2023,f,1,LVA,3
2023,f,48,AZE,18
2023,m,32,MEX,87
2023,m,4,PAK,13
2023,f,43,PER,6
2023,f,12,ITA,16
2023,f,55,PHL,27
2023,m,24,IRL,14
2023,m,58,LTU,55
2023,f,26,ALB,24
2023,m,12,LTU,13
2023,f,41,AZE,23
2023,f,48,KOR,90
2023,m,27,VEN,22
2023,m,63,VNM,135
2023,f,20,ARM,25
2023,f,29,MEX,30
2023,m,24,SRB,49
2023,f,33,AZE,81
2023,m,51,LBN,14
2023,m,18,DEU,79
2023,f,51,ARM,56
2023,m,63,JPN,48
2023,f,38,AUT,45
2023,f,42,ROU,123
2023,f,24,DNK,15
2023,f,43,BGR,98
2023,m,28,TZA,12
2023,m,66,DNK,41
2023,m,3,DEU,25
2023,m,14,BEL,11
2023,f,34,ROU,183
2023,m,70,IRL,14
2023,m,48,TJK,38
2023,m,41,JAM,3
2023,f,68,GRC,15
2023,m,14,TUR,27
2023,f,64,CHN,29
2023,f,28,BRA,53
2023,f,45,KOR,95
2023,m,104,SWE,2
2023,m,45,YEM,9
2023,m,27,SRB,76
2023,f,32,SAU,28
2023,f,67,KOR,9
2023,f,42,ESP,84
2023,f,3,ITA,15
2023,m,21,NLD,43
2023,f,21,COG,10
2023,f,76,DEU,195
2023,f,60,VNM,89
2023,m,81,GBR,19
2023,m,74,RUS,40
2023,m,33,DNK,26
2023,f,37,CAN,24
2023,m,59,MDA,248
2023,m,37,SAU,24
2023,m,56,PRK,38
2023,m,54,SEN,3
2023,f,80,BLR,21
2023,f,20,MAR,14
2023,f,36,TKM,15
2023,f,32,IRN,44
2023,m,40,PER,17
2023,m,49,EGY,61
2023,m,48,AUS,18
2023,f,27,BIH,11
2023,f,22,USA,57
2023,m,79,TUR,4
2023,f,4,CHN,60
2023,m,75,HUN,3
2023,f,18,COL,14
2023,m,98,DEU,25
2023,m,51,HUN,52
2023,f,10,YEM,2
2023,f,29,DOM,2
2023,f,23,COG,9
2023,m,6,UNKNOWN,8
2023,f,32,EST,11
2023,f,39,GHA,4
2023,f,39,PAK,15
2023,f,69,GBR,26
2023,m,46,SAU,5
2023,f,48,CZE,51
2023,m,67,ROU,26
2023,m,44,DZA,39
2023,m,50,LUX,3
2023,m,67,BLR,182
2023,m,58,TUR,140
2023,m,99,GRC,14
2023,m,32,KOR,132
2023,f,27,BEL,21
2023,m,21,BGD,109
2023,f,30,IRN,38
2023,m,36,KOSOVO,43
2023,f,47,AUT,46
2023,f,51,SVN,6
2023,f,50,UNKNOWN,20
2023,m,40,ZAF,23
2023,m,43,THA,45
2023,m,25,NLD,55
2023,f,22,KGZ,50
2023,f,82,GBR,5
2023,f,46,IND,68
2023,f,28,MWI,2
2023,m,8,USA,30
2023,m,39,LTU,157
2023,m,76,SAU,2
2023,f,29,CHN,245
2023,m,26,MNG,35
2023,m,91,ROU,2
2023,f,74,UNKNOWN,80
2023,f,34,KAZ,139
2023,f,19,BEL,8
2023,f,13,KAZ,13
2023,m,33,NLD,91
2023,f,44,CIV,1
2023,m,52,ALB,8
2023,m,38,THA,31
2023,m,34,YEM,8
2023,m,62,SWE,71
2023,f,27,TKM,28
2023,m,71,DNK,29
2023,m,20,BRA,19
2023,f,57,MUS,2
2023,f,76,DNK,16
2023,f,53,TKM,8
2023,m,24,MLI,6
2023,f,59,AUT,71
2023,f,27,MEX,37
2023,f,36,NLD,32
2023,m,49,MKD,16
2023,f,27,IDN,127
2023,m,71,BGR,52
2023,f,33,UGA,21
2023,f,24,TZA,21
2023,m,5,PRT,7
2023,m,38,AUT,48
2023,m,63,ROU,58
2023,f,30,MAR,23
2023,f,59,THA,14
2023,m,23,AUT,25
2023,m,85,UNKNOWN,11
2023,f,35,MMR,4
2023,f,26,SRB,16
2023,m,29,AUS,9
2023,m,5,FRA,26
2023,m,52,KGZ,40
2023,m,52,LKA,10
2023,f,32,KEN,34
2023,m,4,GEO,75
2023,m,34,UNKNOWN,90
2023,m,50,MAR,16
2023,m,49,ARM,131
2023,f,51,MUS,1
2023,f,40,AUT,41
2023,m,56,NPL,11
2023,m,19,AUT,18
2023,m,29,SVK,79
2023,m,97,UNKNOWN,11
2023,f,24,CMR,9
2023,m,82,FRA,17
2023,m,25,USA,110
2023,m,52,IRL,53
2023,m,25,COD,24
2023,m,34,SWE,61
2023,m,95,USA,12
2023,f,58,KGZ,8
2023,f,28,DEU,125
2023,m,28,SGP,4
2023,f,35,PER,12
2023,m,35,AUT,49
2023,f,54,TJK,4
2023,f,37,ROU,156
2023,m,29,TJK,133
2023,f,88,LTU,5
2023,m,53,LVA,44
2023,f,17,DEU,59
2023,f,1,TUR,28
2023,f,52,GBR,52
2023,f,70,DNK,18
2023,m,30,CAN,28
2023,m,33,KEN,33
2023,f,28,MEX,36
2023,m,4,FRA,13
2023,m,49,FIN,25
2023,f,40,MNG,20
2023,m,74,TUN,3
2023,m,65,MLT,2
2023,m,65,LTU,33
2023,f,32,GRC,35
2023,f,35,RWA,9
2023,m,27,KOSOVO,42
2023,m,36,TJK,123
2023,f,3,PAK,10
2023,m,43,SWE,87
2023,f,47,NLD,38
2023,m,45,EGY,74
2023,f,39,PRK,6
2023,m,125,UNKNOWN,2
2023,m,35,IRQ,31
2023,m,15,IRN,2
2023,f,28,BIH,4
2023,f,56,KOR,50
2023,f,22,BDI,11
2023,m,40,CRI,2
2023,m,15,NLD,23
2023,m,0,SRB,4
2023,m,59,ARM,62
2023,m,37,VAT,1
2023,m,53,VAT,2
2023,m,66,ISR,17
2023,f,32,ROU,119
2023,m,15,BGR,59
2023,f,29,ALB,19
2023,f,35,NOR,24
2023,m,40,SYR,50
2023,m,64,IRN,6
2023,f,22,KEN,12
2023,m,30,CZE,98
2023,m,34,SRB,83
2023,f,61,BEL,12
2023,m,45,GIN,5
2023,f,16,PHL,6
2023,m,20,YEM,6
2023,m,81,IND,4
2023,f,21,ARM,26
2023,m,25,KOR,56
2023,f,36,HUN,57
2023,f,24,HTI,5
2023,m,65,UZB,3
2023,m,42,LKA,38
2023,m,82,ECU,1
2023,f,39,DZA,8
2023,f,40,NOR,27
2023,m,67,SVK,23
2023,f,26,PAK,34
2023,f,9,KOR,76
2023,f,35,LVA,43
2023,m,11,IDN,2
2023,f,49,NLD,42
2023,f,38,VEN,7
2023,m,8,TUR,33
2023,m,34,TJK,141
2023,f,15,KAZ,26
2023,m,67,MLT,2
2023,m,53,SYR,19
2023,f,79,CAN,3
2023,m,48,COL,65
2023,m,47,UNKNOWN,104
2023,f,41,BEL,11
2023,f,41,TKM,17
2023,f,90,SWE,17
2023,m,119,UNKNOWN,1
2023,f,18,KAZ,124
2023,m,35,SAU,55
2023,f,98,RUS,15
2023,m,48,ITA,304
2023,f,7,USA,18
2023,m,24,NGA,89
2023,f,49,DNK,9
2023,f,58,AUT,85
2023,m,55,LBN,5
2023,f,74,CHE,5
2023,m,21,ARM,30
2023,f,20,KGZ,50
2023,m,38,CHL,7
2023,f,21,ETH,35
2023,f,27,NGA,69
2023,f,21,AUT,9
2023,m,22,LVA,30
2023,f,40,ZWE,34
2023,f,37,BOL,3
2023,f,20,NPL,23
2023,m,51,TUN,17
2023,f,97,FRA,3
2023,m,40,AFG,17
2023,f,21,AGO,4
2023,m,71,ARM,33
2023,f,38,EGY,18
2023,f,24,MKD,1
2023,f,68,BGR,32
2023,m,34,PAK,140
2023,f,47,AGO,2
2023,f,98,DEU,26
2023,m,50,ZAF,10
2023,m,60,BEL,51
2023,m,15,FRA,42
2023,m,63,MDA,111
2023,f,3,UNKNOWN,10
2023,m,33,GTM,10
2023,m,10,RUS,199
2023,m,33,CAN,21
2023,m,14,KGZ,4
2023,m,47,IRN,31
2023,m,25,GHA,15
2023,f,56,UNKNOWN,20
2023,m,42,MLT,5
2023,m,22,PAK,46
2023,f,51,UZB,11
2023,m,29,ALB,79
2023,f,59,ESP,11
2023,m,20,LTU,43
2023,f,24,COD,9
2023,m,35,CMR,27
2023,m,63,MWI,1
2023,f,10,ARM,21
2023,f,33,JOR,6
2023,m,44,LTU,143
2023,f,26,USA,77
2023,f,47,CAN,18
2023,m,32,BGR,135
2023,f,65,AUT,97
2023,m,69,GEO,28
2023,f,17,IND,33
2023,f,70,JOR,1
2023,m,35,ECU,4
2023,m,22,BEL,20
2023,f,55,BGR,77
2023,m,56,PAK,23
2023,m,41,DNK,35
2023,f,50,NLD,40
2023,m,51,SWE,96
2023,f,29,JPN,45
2023,m,78,LTU,6
2023,m,99,VNM,2
2023,f,8,PAK,9
2023,m,6,USA,23
2023,m,57,BRA,8
2023,m,37,KEN,35
2023,m,28,ZAF,16
2023,f,45,UNKNOWN,210
2023,m,67,IND,35
2023,f,19,CHE,2
2023,f,74,CAN,5
2023,f,95,DEU,53
2023,f,26,TZA,21
2023,m,62,LTU,57
2023,f,69,ETH,1
2023,m,29,GRC,45
2023,f,30,AZE,117
2023,f,73,IND,8
2023,m,46,SRB,79
2023,m,52,PER,8
2023,f,55,KOR,47
2023,f,10,JPN,17
2023,f,24,IRL,19
2023,f,53,AUS,11
2023,m,49,NZL,5
2023,f,94,YUG,1
2023,m,26,SWE,37
2023,m,19,LTU,23
2023,m,56,PRT,45
2023,m,17,CZE,18
2023,m,113,DEU,3
2023,f,1,ROU,215
2023,f,49,PHL,74
2023,m,61,UNKNOWN,2
2023,f,105,GBR,2
2023,m,18,HUN,13
2023,m,34,URY,3
2023,m,90,DEU,79
2023,f,31,KEN,30
2023,f,40,CAN,28
2023,m,26,PHL,89
2023,m,60,MAR,8
2023,f,18,UNKNOWN,15
2023,f,26,TJK,17
2023,f,64,USA,53
2023,m,11,HUN,12
2023,m,50,NZL,8
2023,m,62,CAN,18
2023,m,26,AFG,24
2023,f,28,SEN,3
2023,f,44,AZE,20
2023,m,62,THA,13
2023,f,34,JPN,48
2023,f,20,NGA,41
2023,f,28,FIN,27
2023,f,33,LBY,7
2023,f,12,ISR,11
2023,m,12,GEO,73
2023,m,44,NGA,74
2023,f,89,UNKNOWN,12
2023,m,20,ITA,48
2023,f,44,IDN,49
2023,m,14,ROU,119
2023,f,52,USA,61
2023,m,54,KEN,3
2023,m,77,BGR,26
2023,m,25,IRL,26
2023,m,51,BGD,34
2023,m,44,IRN,37
2023,m,32,THA,16
2023,f,44,SWE,46
2023,m,41,JOR,19
2023,m,20,TJK,85
2023,m,19,SVK,16
2023,f,5,ARM,12
2023,f,52,VNM,122
2023,f,6,VNM,81
2023,m,49,CRI,3
2023,f,88,UNKNOWN,1
2023,m,56,HUN,45
2023,m,24,SOM,5
2023,m,44,HUN,85
2023,m,30,CUB,20
2023,f,17,FIN,7
2023,m,38,GHA,18
2023,m,53,TJK,19
2023,f,85,ARM,13
2023,m,74,BGR,36
2023,m,54,NPL,17
2023,m,40,MNG,27
2023,f,41,CHL,4
2023,m,58,BIH,18
2023,m,55,SYR,15
2023,m,61,KAZ,19
2023,f,63,GEO,70
2023,m,56,NLD,145
2023,m,14,ITA,22
2023,m,40,ZWE,85
2023,m,46,NOR,44
2023,f,37,PRK,11
2023,m,54,CAN,33
2023,m,61,ROU,61
2023,m,78,SWE,56
2023,m,16,CAN,3
2023,m,44,JOR,18
2023,f,40,USA,143
2023,m,34,ALB,62
2023,f,0,RUS,71
2023,f,27,EST,9
2023,m,41,ZWE,79
2023,m,43,PSE,2
2023,f,10,NLD,16
2023,m,36,SVN,14
2023,f,41,JPN,54
2023,m,13,ARM,24
2023,m,19,NOR,15
2023,m,24,ARG,27
2023,f,33,ZWE,62
2023,f,58,ARM,46
2023,m,63,BEL,45
2023,m,69,PRK,3
2023,m,31,BGR,156
2023,m,42,KOSOVO,39
2023,f,63,RUS,182
2023,f,51,NLD,33
2023,f,4,KOR,25
2023,f,25,SVK,47
2023,m,44,MEX,36
2023,m,19,MNG,19
2023,m,22,SVK,25
2023,m,34,DNK,37
2023,m,27,LBN,41
2023,f,21,IRL,20
2023,m,44,ALB,53
2023,m,49,IRQ,20
2023,f,37,BGD,15
2023,m,30,TJK,115
2023,m,52,MEX,14
2023,m,87,UNKNOWN,3
2023,m,11,IND,75
2023,m,46,TJK,59
2023,f,27,IRQ,12
2023,m,27,MEX,59
2023,f,28,TJK,15
2023,m,27,LSO,1
2023,m,23,UNKNOWN,43
2023,f,68,LTU,23
2023,f,29,UNKNOWN,71
2023,m,62,IDN,1
2023,m,54,ESP,88
2023,f,38,EST,12
2023,m,4,ARM,19
2023,m,5,IRQ,7
2023,m,66,IRQ,20
2023,m,2,JPN,11
2023,m,50,NGA,38
2023,f,43,NZL,4
2023,m,50,SVK,61
2023,f,34,ARM,68
2023,m,47,ZAF,10
2023,m,42,BIH,18
2023,f,15,SOM,1
2023,f,69,USA,34
2023,f,66,UNKNOWN,13
2023,f,56,GBR,55
2023,f,43,ROU,116
2023,m,39,GHA,25
2023,m,56,LKA,7
2023,f,32,MEX,47
2023,f,35,HRV,19
2023,f,57,UNKNOWN,18
2023,f,29,ZWE,105
2023,m,26,JAM,3
2023,f,13,DNK,3
2023,f,86,GRC,11
2023,m,23,ITA,126
2023,m,42,USA,181
2023,f,26,BGR,67
2023,f,93,MNG,1
2023,f,31,THA,25
2023,m,52,NGA,9
2023,m,44,FIN,25
2023,f,42,BEL,12
2023,m,30,PAK,141
2023,f,90,USA,5
2023,f,21,SVK,18
2023,f,54,CZE,31
2023,m,46,BGR,208
2023,m,39,CMR,22
2023,f,14,KOR,53
2023,m,71,BEL,33
2023,m,79,SWE,46
2023,m,5,IND,166
2023,f,99,DEU,31
2023,m,56,CHN,144
2023,f,66,VNM,63
2023,m,4,TJK,8
2023,f,25,SOM,3
2023,f,22,RWA,97
2023,m,22,PRT,64
2023,f,55,ARM,34
2023,m,25,UGA,7
2023,f,42,FRA,76
2023,m,53,HUN,45
2023,f,17,PRK,2
2023,m,52,LTU,87
2023,m,60,SWE,75
2023,f,39,NZL,1
2023,m,30,SYR,29
2023,f,73,HUN,9
2023,m,49,BGD,56
2023,f,31,KWT,1
2023,f,42,MAR,9
2023,m,42,NOR,34
2023,f,33,BOL,8
2023,m,28,SRB,72
2023,f,67,LTU,23
2023,m,22,AFG,21
2023,f,61,ZAF,6
2023,f,71,IRQ,3
2023,f,47,CZE,55
2023,f,19,FRA,47
2023,f,57,MDA,190
2023,m,35,SYR,33
2023,f,87,CHN,4
2023,m,56,LVA,49
2023,m,52,GRC,30
2023,m,32,LKA,36
2023,m,55,ALB,8
2023,f,43,THA,61
2023,m,22,NGA,86
2023,f,23,MEX,17
2023,f,27,TUN,31
2023,m,20,RWA,32
2023,m,28,CMR,13
2023,m,24,PRT,74
2023,m,5,CHN,52
2023,m,12,CHN,62
2023,f,41,UZB,39
2023,m,71,SVN,1
2023,f,52,DEU,265
2023,f,49,GBR,52
2023,m,38,IRL,41
2023,f,34,JAM,3
2023,f,45,AUS,13
2023,m,85,BLR,8
2023,f,32,LKA,11
2023,f,32,AUT,25
2023,m,33,NER,6
2023,f,40,BGD,7
2023,m,42,TJK,90
2023,m,69,RUS,66
2023,m,43,MNG,20
2023,m,24,BDI,6
2023,m,64,BGR,92
2023,m,41,THA,52
2023,f,17,KAZ,47
2023,m,44,NLD,109
2023,f,31,KAZ,174
2023,m,29,HRV,29
2023,m,31,UNKNOWN,12
2023,f,48,ZAF,5
2023,f,6,PRT,5
2023,f,46,SGP,3
2023,m,0,SAU,2
2023,m,46,SVN,10
2023,m,69,IND,17
2023,m,27,NOR,26
2023,m,16,ESP,19
2023,m,52,FIN,25
2023,m,79,BGR,20
2023,m,44,ZWE,50
2023,f,92,UNKNOWN,7
2023,m,33,AUS,11
2023,f,24,SVK,43
2023,m,37,ZWE,86
2023,f,39,KAZ,72
2023,f,73,UNKNOWN,7
2023,f,34,MNG,27
2023,m,29,LKA,26
2023,f,49,KAZ,52
2023,f,31,BEL,17
2023,f,29,KOR,77
2023,f,27,TWN,25
2023,m,40,CZE,116
2023,f,38,BEL,12
2023,m,14,MEX,3
2023,m,69,MDA,26
2023,f,111,USA,5
2023,f,26,IRL,17
2023,m,26,TWN,26
2023,f,41,NLD,43
2023,m,5,ROU,187
2023,m,9,USA,39
2023,m,65,ZAF,3
2023,m,62,TUR,53
2023,f,8,HUN,9
2023,f,38,LVA,43
2023,m,51,RWA,1
2023,m,38,CMR,22
2023,m,58,CZE,61
2023,m,1,AFG,12
2023,f,10,AZE,17
2023,f,25,AUT,23
2023,m,88,USA,8
2023,m,68,VNM,65
2023,f,39,SVN,5
2023,f,50,HUN,40
2023,f,54,JPN,35
2023,m,32,DNK,28
2023,f,14,CZE,19
2023,m,32,MNG,45
2023,m,60,AZE,30
2023,f,73,VNM,28
2023,f,30,JPN,39
2023,m,24,GBR,49
2023,m,60,BGR,86
2023,m,25,ARM,69
2023,m,0,PHL,26
2023,m,33,NGA,139
2023,m,47,JPN,53
2023,m,40,TGO,3
2023,f,10,GRC,4
2023,m,57,ESP,53
2023,f,35,IRQ,11
2023,m,25,SRB,52
2023,m,60,ISR,18
2023,f,39,FRA,72
2023,f,10,AGO,1
2023,m,31,CYP,8
2023,m,81,AUT,16
2023,m,5,EST,2
2023,m,37,GRC,56
2023,m,37,IRN,66
2023,m,40,BIH,20
2023,f,30,SYR,11
2023,m,31,SYR,27
2023,m,73,AUS,4
2023,m,39,ZAF,19
2023,m,83,BGR,7
2023,m,39,DZA,57
2023,m,1,ESP,12
2023,f,14,LVA,5
2023,f,21,GBR,19
2023,f,37,MEX,32
2023,f,31,MYS,28
2023,m,0,BGD,23
2023,f,3,KGZ,4
2023,f,73,NLD,15
2023,f,44,CZE,72
2023,f,23,PER,16
2023,m,67,NOR,20
2023,f,31,ALB,10
2023,m,70,GRC,42
2023,m,46,TKM,54
2023,f,92,BLR,5
2023,m,97,DEU,23
2023,f,56,CZE,25
2023,m,12,TJK,5
2023,f,25,MAR,42
2023,m,52,UGA,3
2023,m,64,UNKNOWN,115
2023,m,65,GEO,138
2023,f,87,UNKNOWN,19
2023,m,23,MYS,7
2023,f,39,MAR,8
2023,f,32,UNKNOWN,67
2023,m,0,AZE,27
2023,m,69,NOR,13
2023,m,45,LVA,118
2023,m,40,MAR,45
2023,m,47,SRB,83
2023,f,36,FRA,54
2023,f,45,TKM,23
2023,f,77,BGR,10
2023,m,49,TJK,36
2023,f,30,BGD,26
2023,m,66,SWE,77
2023,m,40,SWE,80
2023,f,1,FRA,9
2023,m,57,IRL,48
2023,f,9,TUR,25
2023,m,64,CHN,43
2023,m,47,GRC,43
2023,m,50,VEN,8
2023,m,14,AFG,9
2023,m,19,RWA,11
2023,f,72,VNM,23
2023,m,37,UNKNOWN,121
2023,m,46,AUT,49
2023,f,60,ISR,6
2023,f,25,PER,19
2023,f,2,CHN,25
2023,m,7,BGR,68
2023,f,22,KOR,63
2023,m,59,FIN,13
2023,f,65,DNK,24
2023,f,45,LKA,6
2023,f,18,UZB,15
2023,f,52,CZE,40
2023,m,25,EST,12
2023,m,14,SYR,12
2023,m,46,ZWE,33
2023,f,22,CAN,8
2023,f,89,FRA,6
2023,f,80,UNKNOWN,34
2023,f,54,ESP,23
2023,m,58,SRB,30
2023,m,56,UZB,82
2023,m,78,IRQ,4
2023,m,12,BGR,57
2023,m,65,CZE,37
2023,f,38,BRA,64
2023,m,25,DZA,101
2023,m,64,SVK,11
2023,f,56,LBN,2
2023,f,57,AUT,79
2023,f,13,LBN,3
2023,m,41,AZE,212
2023,m,64,ARM,50
2023,f,84,MKD,1
2023,m,28,BIH,20
2023,f,44,EGY,14
2023,m,26,ARG,42
2023,m,48,IDN,70
2023,f,35,KAZ,125
2023,m,30,NER,13
2023,f,17,ITA,17
2023,f,55,UZB,10
2023,m,28,PHL,165
2023,m,74,AUT,34
2023,m,33,UNKNOWN,4
2023,m,62,AGO,2
2023,m,42,UGA,4
2023,m,48,IRN,21
2023,m,30,LVA,112
2023,f,34,ITA,112
2023,m,7,EGY,7
2023,f,68,NLD,4
2023,f,76,IND,4
2023,m,79,AUT,27
2023,m,48,CMR,9
2023,m,85,IND,2
2023,m,23,KOR,45
2023,f,20,DEU,103
2023,m,80,GRC,12
2023,m,21,LVA,23
2023,m,53,FIN,30
2023,f,33,MNE,2
2023,m,29,DEU,245
2023,m,26,ARE,3
2023,m,32,RWA,40
2023,m,25,MEX,45
2023,m,19,KOR,57
2023,m,56,LBY,18
2023,m,27,DZA,87
2023,m,23,MOZ,17
2023,f,18,AZE,23
2023,m,28,MKD,9
2023,m,38,VEN,27
2023,m,56,NGA,9
2023,f,46,SVK,49
2023,f,23,RWA,95
2023,f,51,LVA,21
2023,m,76,NOR,4
2023,m,51,PER,7
2023,f,22,SYR,11
2023,f,65,MDA,24
2023,m,36,LBN,27
2023,m,34,CRI,11
2023,m,47,NER,3
2023,m,33,FIN,34
2023,f,45,ALB,9
2023,m,0,MNG,3
2023,m,47,LBY,9
2023,f,78,UNKNOWN,7
2023,m,84,PAK,1
2023,f,2,HUN,7
2023,m,56,EST,6
2023,m,36,MAR,57
2023,m,73,GRC,14
2023,m,8,IRQ,6
2023,f,53,DNK,11
2023,f,32,ZMB,4
2023,f,16,KOR,56
2023,m,23,BGR,80
2023,m,38,ESP,243
2023,f,70,FIN,7
2023,f,27,DOM,2
2023,f,0,ARM,17
2023,f,14,IRQ,12
2023,f,94,UKR,53
2023,m,54,JPN,60
2023,f,64,CAN,10
2023,m,89,VNM,6
2023,f,43,TKM,14
2023,m,44,KGZ,102
2023,f,37,ESP,75
2023,m,73,GBR,82
2023,m,55,YUG,5
2023,m,73,BGR,49
2023,m,36,GIN,7
2023,m,114,UNKNOWN,2
2023,f,61,MEX,4
2023,f,11,MDA,36
2023,m,50,UNKNOWN,110
2023,f,74,LTU,10
2023,f,54,USA,51
2023,m,82,BLR,11
2023,f,3,RUS,105
2023,m,8,FRA,32
2023,m,46,MYS,8
2023,m,82,ROU,5
2023,m,25,AUT,47
2023,m,29,ARG,39
2023,m,20,CHN,85
2023,m,24,LTU,44
2023,m,32,KOSOVO,52
2023,m,70,AUT,87
2023,m,77,CHN,10
2023,m,70,TUN,4
2023,f,29,TJK,10
2023,f,47,IND,72
2023,m,36,ALB,81
2023,f,13,DEU,38
2023,m,27,AGO,16
2023,m,54,MEX,13
2023,f,49,FRA,59
2023,m,79,RUS,14
2023,f,38,GBR,69
2023,m,51,PAK,50
2023,f,51,USA,65
2023,m,29,EGY,105
2023,m,90,UKR,22
2023,m,35,KOSOVO,37
2023,m,68,BEL,34
2023,m,47,ISR,34
2023,m,16,UNKNOWN,13
2023,f,20,AUT,12
2023,f,15,IND,38
2023,m,42,HRV,40
2023,m,65,ISR,25
2023,m,70,JPN,23
2023,f,65,SVK,12
2023,m,70,VNM,38
2023,f,51,UNKNOWN,23
2023,f,13,FRA,30
2023,f,26,MAR,37
2023,f,8,BGR,55
2023,m,13,TUR,39
2023,m,13,EGY,9
2023,m,24,GRC,30
2023,m,67,CHN,53
2023,m,0,IND,99
2023,f,52,KGZ,10
2023,f,54,SRB,6
2023,f,36,THA,38
2023,f,42,JPN,61
2023,f,79,SWE,37
2023,f,41,CAN,26
2023,f,32,NOR,27
2023,f,44,LTU,64
2023,m,28,THA,21
2023,m,32,CHL,14
2023,m,105,PRK,1
2023,m,6,NOR,3
2023,m,25,BIH,14
2023,m,25,MNG,26
2023,f,94,UNKNOWN,8
2023,m,72,SYR,3
2023,f,52,IND,26
2023,m,22,MMR,3
2023,f,4,ZWE,6
2023,f,18,ARM,22
2023,m,44,LKA,19
2023,f,44,VEN,4
2023,m,24,HRV,17
2023,f,39,ESP,72
2023,f,22,ITA,90
2023,m,26,TUN,47
2023,m,32,PAK,173
2023,f,52,BRA,12
2023,f,30,UNKNOWN,10
2023,m,33,TWN,26
2023,f,56,AZE,14
2023,f,62,FRA,44
2023,m,19,JPN,24
2023,f,39,AZE,32
2023,m,18,MNG,11
2023,f,68,ITA,12
2023,m,108,GBR,1
2023,f,31,ITA,120
2023,f,18,ESP,11
2023,f,26,HUN,37
2023,f,11,SWE,7
2023,m,73,CZE,19
2023,m,80,BEL,23
2023,m,42,GMB,6
2023,f,47,ESP,52
2023,f,45,PRT,24
2023,m,52,NPL,40
2023,f,24,KEN,32
2023,f,22,PER,9
2023,f,17,EGY,2
2023,m,16,IND,49
2023,f,17,NLD,25
2023,m,75,RUS,41
2023,m,74,KOR,4
2023,m,2,USA,22
2023,m,16,NOR,5
2023,m,22,IRQ,21
2023,m,70,CAN,23
2023,m,36,UNKNOWN,110
2023,m,62,UNKNOWN,126
2023,m,74,NLD,58
2023,f,19,BGR,78
2023,m,33,BRA,100
2023,f,79,DNK,6
2023,f,18,CHN,35
2023,m,42,ZWE,64
2023,m,52,UNKNOWN,90
2023,m,60,ESP,62
2023,f,8,ITA,18
2023,m,1,HUN,6
2023,f,60,SWE,52
2023,f,24,GRC,48
2023,m,21,SRB,32
2023,f,28,HUN,40
2023,m,62,ESP,42
2023,m,50,BIH,18
2023,f,61,HUN,9
2023,f,27,SAU,22
2023,m,85,LBN,5
2023,m,28,SOM,3
2023,f,27,BGR,77
2023,m,52,COL,50
2023,m,61,COL,8
2023,f,36,IRQ,8
2023,m,0,ITA,13
2023,m,90,RUS,10
2023,f,22,GRC,48
2023,f,23,PAK,15
2023,f,21,BEL,13
2023,f,44,NPL,26
2023,m,18,USA,33
2023,m,9,TUR,37
2023,m,22,USA,71
2023,f,55,IND,26
2023,f,68,ARM,46
2023,f,60,ARM,48
2023,f,29,AZE,113
2023,f,21,ARE,3
2023,f,40,LTU,101
2023,f,49,UNKNOWN,28
2023,m,30,AFG,38
2023,m,1,BGD,16
2023,f,22,TJK,14
2023,m,62,HUN,23
2023,m,45,TUN,36
2023,f,76,FRA,24
2023,f,33,CZE,62
2023,m,2,GBR,19
2023,f,26,EST,11
2023,f,44,CAN,22
2023,m,19,MAR,39
2023,m,23,ALB,30
2023,f,34,PRT,37
2023,f,40,PRK,4
2023,m,97,ITA,2
2023,m,69,SYR,11
2023,m,58,MEX,9
2023,f,25,UGA,12
2023,m,48,IRQ,22
2023,f,10,DEU,41
2023,m,33,SVK,115
2023,f,1,IDN,4
2023,f,23,SWE,19
2023,f,29,TWN,19
2023,m,32,TWN,28
2023,f,54,GBR,46
2023,m,71,CHE,12
2023,f,61,CHN,55
2023,f,37,ITA,80
2023,m,41,IRL,55
2023,m,24,AFG,35
2023,m,24,HUN,46
2023,f,68,RUS,98
2023,m,57,SYR,33
2023,f,40,PER,8
2023,m,81,BGR,15
2023,f,6,FRA,16
2023,f,34,ALB,22
2023,f,34,KEN,15
2023,m,34,SVN,14
2023,m,3,BGD,15
2023,f,64,HUN,8
2023,f,37,BRA,77
2023,m,32,NLD,93
2023,f,103,SWE,5
2023,f,21,SDN,5
2023,m,89,ITA,12
2023,m,40,IRL,44
2023,m,69,HRV,8
2023,m,45,BGD,121
2023,m,40,IRN,72
2023,f,41,ITA,62
2023,f,53,SVK,24
2023,m,57,PRK,26
2023,m,58,PHL,32
2023,f,69,BGR,23
2023,m,35,EST,21
2023,m,35,ALB,74
2023,f,18,NGA,17
2023,f,70,ALB,2
2023,f,53,CHE,4
2023,m,41,SDN,3
2023,m,81,NOR,10
2023,m,57,NOR,34
2023,m,35,USA,232
2023,m,22,MEX,26
2023,m,49,SVK,105
2023,m,2,CHN,23
2023,m,57,CZE,66
2023,f,35,BEL,16
2023,f,36,ISR,15
2023,m,34,KOR,119
2023,m,89,SWE,13
2023,f,24,CAN,21
2023,m,39,HUN,107
2023,f,34,BTN,1
2023,m,60,FRA,127
2023,m,36,AUT,57
2023,f,32,BRA,84
2023,m,3,BEL,2
2023,f,20,GTM,4
2023,m,81,DEU,227
2023,f,49,MEX,9
2023,m,59,JOR,8
2023,m,59,JPN,75
2023,f,55,NLD,32
2023,m,39,KOSOVO,34
2023,f,18,GEO,47
2023,m,32,MAR,74
2023,f,41,IRN,39
2023,m,51,IDN,28
2023,f,75,AUT,37
2023,f,35,IDN,55
2023,m,18,JPN,25
2023,f,78,SWE,39
2023,f,73,UZB,1
2023,m,3,LTU,8
2023,f,32,IRQ,11
2023,f,35,CHL,3
2023,m,34,NOR,25
2023,f,1,YEM,2
2023,f,49,ZAF,11
2023,f,13,USA,36
2023,f,104,SWE,5
2023,f,62,SWE,62
2023,f,19,CUB,2
2023,f,30,CHL,3
2023,m,103,UNKNOWN,2
2023,m,46,MLT,6
2023,f,50,COD,4
2023,m,62,ARM,65
2023,m,33,EGY,133
2023,f,51,TUR,35
2023,f,39,LVA,59
2023,m,51,ZAF,10
2023,f,4,AZE,15
2023,f,44,DZA,7
2023,f,43,SVK,66
2023,m,23,GBR,34
2023,m,23,VEN,17
2023,m,18,DZA,8
2023,m,27,LBY,9
2023,f,79,VNM,23
2023,f,53,LTU,48
2023,m,56,COL,22
2023,f,69,MDA,11
2023,m,32,GHA,35
2023,f,56,LTU,34
2023,m,80,MDA,1
2023,m,45,AUS,25
2023,m,82,SWE,26
2023,m,44,YEM,12
2023,f,35,ARG,14
2023,m,19,UNKNOWN,17
2023,m,71,NZL,3
2023,m,18,ZWE,12
2023,f,132,UNKNOWN,1
2023,f,23,ARG,12
2023,m,38,LUX,3
2023,m,49,NLD,113
2023,m,35,THA,21
2023,m,38,NOR,16
2023,m,34,CAN,36
2023,f,49,UZB,17
2023,m,62,USA,127
2023,m,45,LKA,21
2023,m,45,KGZ,88
2023,f,101,GRC,8
2023,f,104,ISR,2
2023,f,63,IDN,2
2023,f,22,TWN,20
2023,m,3,TUR,28
2023,m,7,CHN,63
2023,f,72,KAZ,10
2023,m,37,MEX,63
2023,m,57,CHN,159
2023,f,75,CAN,3
2023,f,38,JPN,39
2023,m,31,SWE,71
2023,m,11,MNG,6
2023,f,54,ISR,7
2023,m,54,NGA,17
2023,f,46,TUR,69
2023,m,83,ROU,1
2023,f,64,IND,24
2023,f,51,GBR,39
2023,f,31,AUT,30
2023,f,58,TUR,11
2023,f,50,ESP,39
2023,m,37,MNG,33
2023,f,72,GBR,19
2023,m,56,TTO,1
2023,m,96,DEU,37
2023,f,40,URY,3
2023,m,15,IRL,5
2023,f,8,JOR,1
2023,m,21,KEN,18
2023,m,20,DZA,39
2023,f,33,GRC,21
2023,m,27,PAK,116
2023,m,6,HUN,10
2023,f,6,CHN,52
2023,m,54,BEL,62
2023,m,7,IRN,8
2023,m,22,HUN,22
2023,m,17,SVK,7
2023,f,48,UNKNOWN,23
2023,m,31,ARG,34
2023,m,2,HUN,12
2023,f,42,AUT,54
2023,f,10,SVK,9
2023,m,26,IRL,23
2023,f,91,UNKNOWN,3
2023,f,62,MNG,10
2023,m,70,BLR,80
2023,m,75,SWE,53
2023,m,29,TWN,19
2023,f,39,CZE,50
2023,m,62,BGD,2
2023,f,64,CZE,21
2023,m,72,MYS,3
2023,f,4,VNM,89
2023,f,19,COL,44
2023,f,29,BGR,82
2023,f,25,TWN,24
2023,f,29,BEL,13
2023,m,43,PAK,121
2023,m,59,DNK,62
2023,f,50,DNK,19
2023,f,11,NOR,5
2023,m,50,PRT,71
2023,f,28,CZE,60
2023,m,17,IRL,7
2023,m,65,GRC,35
2023,f,66,ROU,8
2023,f,62,NOR,7
2023,m,8,MDA,32
2023,m,74,IND,7
2023,m,42,SYR,36
2023,m,51,JPN,79
2023,m,52,ISL,5
2023,m,53,NGA,32
2023,m,30,KGZ,109
2023,m,68,JPN,23
2023,f,41,KGZ,29
2023,m,44,PAK,100
2023,m,77,JOR,2
2023,f,16,GEO,48
2023,f,54,ROU,57
2023,f,46,IDN,36
2023,f,14,NIC,1
2023,f,77,RUS,59
2023,m,87,SWE,9
2023,m,25,SVK,54
2023,m,26,DNK,26
2023,f,35,BIH,2
2023,f,49,TKM,15
2023,m,51,ARG,8
2023,m,109,UNKNOWN,3
2023,f,67,AUT,74
2023,f,49,NOR,18
2023,m,84,SWE,21
2023,m,41,CHL,8
2023,m,55,IRL,45
2023,m,43,CYP,9
2023,f,47,IRL,16
2023,f,33,BDI,1
2023,m,41,MAR,32
2023,m,20,HUN,13
2023,f,75,UNKNOWN,6
2023,m,46,EST,16
2023,m,78,MNE,1
2023,m,18,MDA,144
2023,m,105,AUS,3
2023,m,37,AGO,14
2023,f,27,PHL,107
2023,f,48,DNK,20
2023,m,68,GBR,125
2023,f,26,ZMB,8
2023,m,25,SOM,4
2023,f,37,ZWE,56
2023,m,58,ARM,70
2023,f,29,CUB,7
2023,f,52,ARM,57
2023,m,42,MYS,12
2023,m,52,LBN,10
2023,f,51,MNG,17
2023,m,78,BEL,15
2023,m,87,AUS,1
2023,f,49,KOSOVO,2
2023,f,22,BRA,17
2023,f,45,LVA,32
2023,m,82,SRB,2
2023,f,64,UZB,8
2023,m,40,CHE,23
2023,m,19,GBR,28
2023,f,94,BEL,2
2023,m,70,BGR,54
2023,m,20,PHL,5
2023,m,41,ZAF,19
2023,m,62,LBY,13
2023,m,61,PHL,15
2023,f,24,BGR,76
2023,f,8,KOR,59
2023,m,51,KGZ,46
2023,m,66,GRC,35
2023,m,55,BEL,74
2023,m,52,HUN,53
2023,m,96,FRA,2
2023,m,94,GRC,9
2023,f,41,SOM,1
2023,m,3,ISR,5
2023,f,31,PAK,42
2023,m,41,PAK,129
2023,m,76,UNKNOWN,5
2023,m,52,NZL,5
2023,f,15,FRA,49
2023,f,29,PRT,27
2023,m,64,TUR,37
2023,f,104,DEU,12
2023,f,8,MEX,4
2023,f,42,IDN,57
2023,m,11,GEO,58
2023,m,5,TUR,34
2023,f,40,SYR,12
2023,f,6,SYR,2
2023,m,60,UNKNOWN,10
2023,f,54,THA,45
2023,m,79,GBR,46
2023,f,15,VNM,62
2023,m,40,MNE,8
2023,f,84,KOR,2
2023,m,62,CYP,5
2023,f,50,GBR,65
2023,m,29,SAU,60
2023,f,56,ROU,47
2023,f,23,TWN,24
2023,f,64,AUT,92
2023,m,38,KHM,1
2023,m,49,DZA,17
2023,f,4,TUR,35
2023,m,54,KAZ,86
2023,f,45,AZE,24
2023,m,17,MDA,32
2023,m,38,NAM,1
2023,m,48,DNK,59
2023,f,54,FRA,64
2023,f,18,IRQ,11
2023,f,47,ARM,48
2023,m,12,SRB,3
2023,m,22,ARM,39
2023,m,43,IRN,37
2023,m,12,AZE,21
2023,m,45,TKM,76
2023,m,40,SRB,94
2023,m,8,UZB,2
2023,f,39,SVK,84
2023,f,44,COL,59
2023,f,25,TKM,34
2023,f,28,PRT,42
2023,m,26,LBY,4
2023,f,10,MDA,42
2023,f,42,TKM,16
2023,f,19,UZB,28
2023,m,48,PAK,71
2023,m,67,GBR,110
2023,m,43,SLE,2
2023,f,45,COL,48
2023,m,56,ALB,12
2023,m,41,CAN,39
2023,m,68,AUS,7
2023,f,49,SVK,43
2023,f,105,USA,8
2023,m,10,LTU,8
2023,f,38,GRC,25
2023,f,78,AUT,31
2023,m,16,VNM,56
2023,m,42,TWN,26
2023,f,21,TZA,24
2023,f,12,CAF,1
2023,m,69,ESP,18
2023,f,31,AZE,90
2023,m,32,TUN,103
2023,m,48,UGA,4
2023,m,20,NLD,25
2023,m,96,UNKNOWN,5
2023,f,10,EGY,14
2023,f,51,HRV,4
2023,m,16,PRT,3
2023,m,34,MEX,69
2023,m,121,GRC,3
2023,m,34,DOM,3
2023,m,16,TUR,38
2023,f,38,MAR,11
2023,m,27,NGA,121
2023,m,67,ISL,1
2023,f,28,IRN,21
2023,m,54,BRA,12
2023,m,19,DZA,26
2023,f,32,NLD,38
2023,m,23,BOL,1
2023,f,57,NOR,10
2023,f,34,AFG,12
2023,f,71,KAZ,7
2023,f,35,KEN,27
2023,m,28,ALB,78
2023,m,15,LBN,3
2023,m,4,SRB,6
2023,f,30,LTU,83
2023,m,80,GBR,50
2023,f,27,HRV,24
2023,m,54,AZE,66
2023,m,27,BRA,70
2023,f,22,EGY,18
2023,m,68,ESP,23
2023,f,59,AUS,3
2023,m,42,YEM,5
2023,m,21,PAK,45
2023,f,39,BRA,62
2023,m,29,BEL,44
2023,f,32,ISR,19
2023,f,20,PRT,26
2023,m,31,THA,12
2023,f,15,NOR,2
2023,m,76,ITA,114
2023,f,52,LTU,59
2023,f,1,USA,28
2023,f,30,THA,36
2023,f,33,TKM,19
2023,f,63,PHL,2
2023,f,25,COD,16
2023,f,61,AUS,6
2023,f,23,BGR,80
2023,f,41,ARG,16
2023,m,3,HUN,10
2023,m,90,USA,5
2023,f,26,KOSOVO,7
2023,m,47,CAN,37
2023,m,24,BGR,82
2023,f,61,GEO,117
2023,f,43,LUX,1
2023,m,65,ARM,43
2023,m,63,IRQ,19
2023,m,35,UNKNOWN,16
2023,m,72,NOR,13
2023,f,27,ECU,5
2023,m,41,HUN,81
2023,m,72,LTU,10
2023,f,57,VNM,79
2023,f,20,FRA,63
2023,m,59,BGD,5
2023,m,25,MKD,7
2023,m,1,JPN,5
2023,m,39,HRV,30
2023,m,72,ZAF,1
2023,m,41,GRC,70
2023,m,31,IRQ,48
2023,m,23,ROU,198
2023,m,36,UGA,11
2023,f,28,ETH,49
2023,m,38,PRK,4
2023,f,58,SYR,7
2023,m,48,IRL,48
2023,f,22,MAR,30
2023,m,27,GBR,87
2023,m,62,SVN,1
2023,f,49,HUN,23
2023,m,2,TJK,11
2023,m,58,PRT,35
2023,m,45,SEN,4
2023,f,69,BRA,3
2023,m,33,CUB,37
2023,m,61,CHL,4
2023,f,4,ARG,5
2023,m,45,GRC,46
2023,f,18,ITA,35
2023,m,28,KGZ,80
2023,m,44,MAR,28
2023,f,35,HUN,52
2023,f,64,KOR,17
2023,m,70,GBR,96
2023,m,65,HUN,24
2023,m,35,MYS,13
2023,f,47,ARG,7
2023,f,32,KOR,67
2023,m,47,PRT,89
2023,m,41,NGA,101
2023,f,27,DZA,11
2023,m,78,NLD,36
2023,m,45,LBN,18
2023,m,22,SYR,29
2023,f,47,BEL,12
2023,m,33,MYS,26
2023,f,8,NOR,5
2023,f,21,RWA,88
2023,m,27,JPN,25
2023,m,64,LBN,10
2023,m,44,GRC,53
2023,m,63,NLD,83
2023,f,23,SLV,3
2023,m,65,YEM,5
2023,m,23,SOM,7
2023,f,57,AZE,9
2023,m,66,FIN,17
2023,m,14,JPN,24
2023,f,30,NLD,27
2023,m,68,NLD,65
2023,f,92,GRC,9
2023,m,2,MDA,36
2023,m,59,LBN,6
2023,f,32,MYS,36
2023,m,52,AUT,75
2023,m,46,LBN,20
2023,m,55,PRT,33
2023,m,78,ARM,7
2023,f,46,ARM,67
2023,m,33,SAU,58
2023,m,36,EST,25
2023,f,64,FRA,29
2023,f,95,UKR,24
2023,f,12,KAZ,10
2023,f,33,JPN,49
2023,m,31,ZMB,5
2023,f,57,GRC,10
2023,f,29,COM,2
2023,f,37,HND,2
2023,m,58,AZE,43
2023,f,38,KGZ,23
2023,f,6,PAK,8
2023,m,13,KOR,72
2023,m,49,IRN,20
2023,m,40,BEL,72
2023,m,50,TUN,17
2023,m,60,PHL,18
2023,f,45,NPL,31
2023,f,35,MKD,8
2023,m,13,SRB,3
2023,m,67,AUS,8
2023,f,32,PAK,27
2023,m,48,USA,142
2023,f,3,IRN,4
2023,m,8,BRA,12
2023,m,4,GBR,17
2023,f,60,IND,22
2023,f,41,KEN,6
2023,m,67,IRN,3
2023,m,42,PRK,12
2023,f,39,KEN,11
2023,f,81,BLR,29
2023,f,75,AZE,2
2023,f,66,ITA,15
2023,m,43,PRK,9
2023,m,53,KGZ,24
2023,f,41,KOR,128
2023,m,27,SWE,33
2023,m,62,SRB,37
2023,f,58,LVA,9
2023,m,20,MAR,61
2023,m,71,YUG,3
2023,m,76,USA,47
2023,m,58,PRK,30
2023,f,75,CZE,19
2023,m,28,MAR,93
2023,m,38,KOR,162
2023,f,47,SRB,13
2023,f,23,CMR,2
2023,f,34,TWN,30
2023,f,6,GBR,21
2023,m,54,JOR,17
2023,m,25,PAK,83
2023,f,16,MDA,30
2023,m,74,BEL,18
2023,f,76,LTU,10
2023,m,51,PRT,63
2023,m,13,BRA,11
2023,m,59,IND,59
2023,m,38,CHE,14
2023,m,67,DNK,41
2023,f,29,LUX,2
2023,m,23,SWE,20
2023,f,20,JOR,3
2023,f,39,BGR,112
2023,m,19,CZE,16
2023,f,118,UNKNOWN,4
2023,f,16,JPN,25
2023,f,14,ARM,25
2023,f,37,KEN,31
2023,m,73,NLD,61
2023,m,50,GRC,40
2023,f,48,IDN,28
2023,f,98,USA,4
2023,m,50,IDN,25
2023,m,40,RWA,17
2023,f,14,UNKNOWN,14
2023,f,27,CZE,43
2023,f,93,ESP,2
2023,m,92,LBN,3
2023,m,67,CUB,2
2023,m,43,LBN,17
2023,m,46,MAR,31
2023,m,29,COD,11
2023,m,36,PER,18
2023,f,40,TUR,105
2023,m,66,BOL,1
2023,m,41,PRK,7
2023,f,2,AZE,15
2023,f,61,NLD,26
2023,m,65,ROU,54
2023,f,88,VNM,8
2023,f,34,TKM,33
2023,m,37,AFG,21
2023,m,83,NLD,23
2023,f,50,ITA,45
2023,m,47,EST,7
2023,m,8,PAK,8
2023,f,29,SRB,27
2023,m,52,PRT,39
2023,m,45,MEX,24
2023,m,48,NER,3
2023,f,50,KGZ,27
2023,f,25,MOZ,4
2023,f,33,PRY,2
2023,f,32,FIN,20
2023,f,37,EST,12
2023,m,13,GEO,77
2023,f,43,ISR,18
2023,m,22,ARG,25
2023,m,60,JPN,53
2023,m,24,NLD,44
2023,m,63,FIN,19
2023,m,35,LBY,14
2023,f,40,LVA,46
2023,m,56,FIN,33
2023,m,32,ARG,40
2023,m,62,AUT,84
2023,f,48,ARG,3
2023,f,8,CZE,16
2023,f,89,EST,1
2023,f,55,LTU,42
2023,m,80,ITA,77
2023,m,2,CAN,3
2023,m,58,BGD,6
2023,m,110,DEU,4
2023,m,44,TKM,79
2023,m,46,JOR,22
2023,f,76,NLD,4
2023,m,32,ALB,77
2023,f,74,JOR,1
2023,f,18,NLD,24
2023,m,80,CAN,5
2023,m,25,AGO,17
2023,m,49,YEM,3
2023,m,62,CHE,18
2023,m,30,NLD,95
2023,m,38,KOSOVO,45
2023,f,102,ARM,2
2023,f,27,SYR,12
2023,f,41,USA,111
2023,f,12,GBR,22
2023,m,34,LKA,31
2023,f,34,HRV,28
2023,f,26,BRA,45
2023,m,36,HUN,98
2023,m,48,TKM,37
2023,m,6,TUR,38
2023,m,23,ARG,19
2023,f,58,EST,5
2023,f,3,AZE,18
2023,m,49,NGA,47
2023,m,5,LVA,6
2023,m,93,UKR,11
2023,f,5,BGD,9
2023,f,83,GEO,2
2023,f,12,BGR,54
2023,m,47,NLD,115
2023,m,41,IRN,69
2023,m,47,KGZ,65
2023,f,3,NPL,6
2023,f,32,USA,92
2023,f,52,GRC,7
2023,m,42,FIN,22
2023,m,57,DZA,17
2023,m,10,EGY,8
2023,m,1,GEO,124
2023,m,36,GRC,53
2023,m,28,AFG,33
2023,m,43,ISR,48
2023,m,52,BEL,60
2023,m,3,KOR,17
2023,m,16,USA,39
2023,f,96,GRC,11
2023,f,27,MOZ,4
2023,f,58,ROU,28
2023,m,27,BEL,45
2023,m,48,BRA,24
2023,m,21,USA,52
2023,m,47,BRA,32
2023,m,65,CAN,24
2023,f,4,DNK,3
2023,m,24,CRI,3
2023,m,70,UNKNOWN,85
2023,f,56,AFG,2
2023,m,49,ESP,128
2023,f,76,RUS,71
2023,f,59,NLD,27
2023,f,37,TWN,26
2023,f,32,UZB,47
2023,m,28,GTM,20
2023,f,42,COG,1
2023,m,46,DZA,24
2023,m,55,UNKNOWN,1
2023,m,39,SGP,7
2023,f,6,NGA,4
2023,m,39,PRK,10
2023,f,26,KEN,48
2023,m,38,JOR,15
2023,m,62,CIV,1
2023,f,51,BGR,62
2023,m,63,CZE,37
2023,f,24,COL,130
2023,f,49,LTU,49
2023,f,61,SYR,5
2023,m,39,JOR,16
2023,m,20,SRB,8
2023,m,27,SAU,12
2023,m,18,NGA,11
2023,m,63,MAR,1
2023,f,27,MNG,28
2023,m,28,LVA,74
2023,f,47,KOSOVO,4
2023,f,62,CHN,41
2023,f,40,SRB,21
2023,m,78,VNM,13
2023,m,3,ITA,20
2023,f,46,LBN,2
2023,m,52,IND,157
2023,f,24,GHA,11
2023,f,60,MYS,2
2023,f,62,ESP,12
2023,m,48,CAN,36
2023,m,26,BDI,6
2023,f,21,EGY,16
2023,m,34,JOR,31
2023,m,8,DEU,29
2023,f,34,IDN,80
2023,f,46,FRA,62
2023,m,11,ITA,8
2023,f,28,PRK,1
2023,f,38,NLD,48
2023,m,83,ISR,4
2023,m,27,MYS,13
2023,f,11,IND,90
2023,m,36,ARG,47
2023,f,60,CZE,17
2023,f,27,LBN,19
2023,f,54,KOR,48
2023,f,34,BEL,17
2023,f,15,SVK,10
2023,f,27,MAR,38
2023,m,82,NLD,20
2023,f,87,GRC,12
2023,f,32,KAZ,125
2023,m,75,OMN,1
2023,m,40,ECU,3
2023,f,31,PRT,34
2023,f,2,JPN,13
2023,m,4,ZWE,8
2023,m,31,IRL,32
2023,m,67,JPN,26
2023,m,17,VNM,49
2023,f,52,LVA,18
2023,m,64,NLD,97
2023,f,46,ITA,41
2023,m,55,HRV,19
2023,f,61,CRI,1
2023,f,33,COG,6
2023,m,15,UNKNOWN,10
2023,m,2,PAN,1
2023,m,72,RUS,48
2023,f,31,BWA,1
2023,m,25,IRN,44
2023,f,53,GRC,2
2023,m,21,CMR,4
2023,m,29,LBN,45
2023,m,85,GBR,14
2023,f,69,EGY,4
2023,f,23,TKM,30
2023,f,5,TUR,35
2023,m,46,NGA,56
2023,f,15,BEL,4
2023,m,32,AUT,42
2023,m,76,CHE,6
2023,m,56,SYR,22
2023,f,66,NLD,12
2023,m,6,GEO,79
2023,m,66,FRA,74
2023,f,32,GBR,49
2023,f,57,SWE,32
2023,f,24,PRT,50
2023,f,48,ITA,35
2023,f,10,UZB,10
2023,m,39,CHE,17
2023,m,49,SRB,81
2023,m,75,JPN,16
2023,f,30,DOM,2
2023,f,45,AUT,51
2023,f,63,CHE,4
2023,f,61,ESP,14
2023,m,31,TZA,8
2023,m,61,AGO,5
2023,m,47,THA,32
2023,f,65,SGP,1
2023,m,77,FIN,12
2023,m,97,GBR,2
2023,f,61,JOR,1
2023,m,54,SRB,49
2023,m,23,CIV,3
2023,f,66,SWE,86
2023,m,64,SAU,6
2023,m,57,IRN,11
2023,m,53,MAR,7
2023,f,15,HRV,2
2023,f,74,BEL,10
2023,m,21,COG,9
2023,f,42,SRB,15
2023,f,76,UNKNOWN,73
2023,m,8,IRN,7
2023,m,57,HRV,19
2023,f,37,KOR,73
2023,m,43,IRQ,28
2023,m,62,KAZ,12
2023,m,33,NIC,4
2023,f,35,COD,3
2023,m,19,IRQ,8
2023,m,15,LBY,4
2023,m,67,ISR,19
2023,m,76,KAZ,5
2023,f,13,VNM,66
2023,m,51,GRC,39
2023,m,74,NOR,16
2023,f,26,BEL,19
2023,m,19,ARG,6
2023,m,3,ETH,3
2023,f,31,JPN,36
2023,m,27,SVK,53
2023,m,69,PRT,10
2023,m,41,TKM,123
2023,m,54,UNKNOWN,5
2023,m,49,MEX,26
2023,f,55,SWE,33
2023,m,55,LKA,5
2023,m,49,KGZ,44
2023,f,45,MNG,16
2023,m,61,EGY,15
2023,f,99,UNKNOWN,1
2023,m,13,KGZ,6
2023,m,48,BEN,2
2023,m,42,DNK,26
2023,f,49,NPL,11
2023,m,65,IRL,24
2023,m,67,ARM,40
2023,m,95,YUG,3
2023,m,17,EGY,10
2023,m,30,MKD,10
2023,m,47,TJK,58
2023,m,47,DZA,32
2023,f,88,FRA,7
2023,f,21,VEN,5
2023,f,56,LVA,13
2023,f,57,ITA,23
2023,m,15,GRC,6
2023,m,57,LTU,60
2023,m,49,BRA,26
2023,m,54,CHE,32
2023,m,25,HRV,20
2023,f,18,MNG,15
2023,f,43,UZB,36
2023,m,26,JPN,26
2023,m,36,COD,6
2023,f,34,UGA,13
2023,m,19,ESP,23
2023,m,3,MDA,54
2023,f,21,ITA,72
2023,f,28,KGZ,36
2023,f,5,PAK,12
2023,m,84,BLR,7
2023,f,51,PRT,13
2023,m,37,EST,24
2023,m,54,ZWE,7
2023,m,42,AUS,34
2023,m,18,ESP,15
2023,m,54,BIH,20
2023,m,64,DNK,43
2023,f,47,NOR,16
2023,f,31,UZB,50
2023,f,24,GBR,32
2023,m,89,UKR,32
2023,m,111,UNKNOWN,4
2023,f,1,DNK,1
2023,f,55,TUN,2
2023,f,59,ARM,54
2023,f,15,DEU,53
2023,f,52,BEL,17
2023,f,11,GBR,24
2023,f,106,SWE,2
2023,f,42,GBR,73
2023,f,33,SWE,39
2023,f,33,MLI,1
2023,f,40,KGZ,23
2023,f,81,UNKNOWN,39
2023,m,45,ZAF,16
2023,m,77,USA,44
2023,f,55,FIN,14
2023,m,35,MNG,42
2023,m,36,MNG,38
2023,m,50,VAT,1
2023,m,38,SWE,72
2023,f,52,PHL,45
2023,f,33,MYS,37
2023,f,46,COL,37
2023,f,29,MWI,2
2023,m,73,TUR,17
2023,m,38,MLT,6
2023,f,36,SRB,16
2023,m,59,ISR,20
2023,f,16,IND,35
2023,m,17,CAN,10
2023,m,68,GRC,48
2023,f,33,TUN,20
2023,f,37,NOR,19
2023,m,17,AFG,9
2023,m,46,ARG,23
2023,f,38,ITA,85
2023,m,21,TWN,18
2023,f,72,ARM,33
2023,f,23,CAN,10
2023,f,31,TUN,18
2023,f,6,JPN,9
2023,f,11,ARM,14
2023,m,26,LBN,32
2023,m,74,HUN,8
2023,f,38,UZB,42
2023,f,35,SWE,42
2023,m,47,MNG,28
2023,m,78,DNK,15
2023,m,39,DOM,8
2023,m,43,VEN,16
2023,m,29,MEX,56
2023,f,0,PHL,20
2023,m,4,NGA,6
2023,f,63,SVK,18
2023,f,20,NOR,20
2023,f,25,HRV,20
2023,m,20,BEL,15
2023,f,25,CZE,42
2023,f,45,PAK,4
2023,m,1,USA,22
2023,m,4,UNKNOWN,13
2023,m,11,CAN,11
2023,m,27,HRV,34
2023,m,68,COL,2
2023,m,25,CAN,16
2023,m,42,VEN,17
2023,f,79,FRA,9
2023,m,6,AZE,15
2023,f,43,NLD,47
2023,f,31,EST,12
2023,f,66,JPN,10
2023,m,62,NGA,4
2023,f,72,IND,9
2023,m,123,HUN,1
2023,f,24,MAR,32
2023,m,55,CMR,4
2023,f,7,AUS,2
2023,m,50,MNG,22
2023,m,16,AUS,6
2023,m,27,IRN,45
2023,m,46,HRV,39
2023,f,51,CHN,136
2023,f,21,CZE,13
2023,f,13,CZE,19
2023,m,52,AFG,5
2023,f,58,SWE,55
2023,f,43,AUS,9
2023,m,63,MNG,5
2023,m,55,FIN,17
2023,m,37,JPN,49
2023,m,31,GBR,149
2023,m,83,ITA,44
2023,f,17,ARM,19
2023,m,42,IRN,52
2023,m,54,HRV,20
2023,m,55,MNG,7
2023,f,50,VNM,119
2023,m,46,ALB,40
2023,f,34,ZWE,70
2023,f,0,AFG,5
2023,m,15,ESP,17
2023,m,62,SYR,11
2023,f,47,LVA,33
2023,m,7,KAZ,18
2023,f,40,MUS,3
2023,m,30,IRL,25
2023,m,83,BRA,1
2023,f,39,TKM,23
2023,f,35,EST,14
2023,m,52,MAR,12
2023,m,29,AUT,36
2023,m,54,NLD,172
2023,m,68,LTU,14
2023,m,40,IRQ,37
2023,m,60,PRK,19
2023,f,53,CZE,34
2023,f,18,AUT,11
2023,m,34,GIN,5
2023,f,72,CZE,22
2023,f,16,BEL,6
2023,f,63,COL,6
2023,m,74,GEO,6
2023,m,46,NZL,7
2023,m,47,MKD,8
2023,f,26,SYR,14
2023,m,99,CZE,2
2023,f,25,IRQ,8
2023,f,12,MEX,7
2023,m,9,KOR,60
2023,f,27,ALB,35
2023,f,64,UNKNOWN,14
2023,f,32,PAN,3
2023,m,25,BRA,64
2023,m,35,KOR,121
2023,m,5,GTM,1
2023,m,79,IND,5
2023,m,29,NOR,31
2023,f,38,NZL,2
2023,m,77,HRV,6
2023,m,11,LVA,6
2023,f,29,BRA,48
2023,m,34,CUB,33
2023,f,73,FIN,5
2023,m,55,TJK,13
2023,m,39,UNKNOWN,17
2023,m,19,SRB,9
2023,f,63,ARM,42
2023,f,41,PRK,4
2023,m,65,CHE,12
2023,m,53,COL,48
2023,f,45,ITA,44
2023,f,42,AFG,8
2023,f,20,GBR,13
2023,m,62,DZA,7
2023,f,67,CZE,11
2023,m,32,MDG,2
2023,f,40,NPL,53
2023,f,30,LVA,33
2023,m,56,PHL,52
2023,m,63,ISR,22
2023,m,31,SVN,19
2023,m,61,UZB,16
2023,m,30,HRV,32
2023,m,2,SYR,3
2023,m,46,KOSOVO,31
2023,f,3,ARM,27
2023,f,18,CAN,5
2023,f,25,CUB,8
2023,m,33,IRL,35
2023,m,53,BEL,61
2023,f,60,TJK,2
2023,f,65,UNKNOWN,10
2023,f,84,ZAF,1
2023,f,16,SVK,5
2023,f,59,MNG,10
2023,f,15,GEO,64
2023,f,34,BRA,92
2023,f,45,DNK,12
2023,f,110,USA,4
2023,m,24,EGY,47
2023,m,65,EGY,14
2023,m,45,CRI,3
2023,m,20,SWE,14
2023,f,48,MEX,12
2023,m,9,GHA,1
2023,f,20,TJK,26
2023,f,3,NGA,6
2023,m,39,EST,14
2023,m,30,UGA,18
2023,f,58,JPN,28
2023,m,49,ZAF,16
2023,m,23,IRN,32
2023,m,62,MNG,8
2023,m,20,KOSOVO,10
2023,f,8,GRC,6
2023,m,50,HRV,13
2023,m,31,KHM,2
2023,m,42,GRC,65
2023,m,98,GRC,11
2023,f,24,ZAF,7
2023,f,51,MEX,5
2023,f,46,PRK,7
2023,m,56,KAZ,41
2023,f,42,VEN,5
2023,m,75,LVA,2
2023,m,63,KOR,70
2023,f,21,ROU,78
2023,m,4,COL,13
2023,m,83,GBR,16
2023,f,107,GRC,1
2023,m,14,MDA,54
2023,m,26,MAR,81
2023,m,83,USA,28
2023,f,53,FRA,73
2023,m,71,JPN,20
2023,f,35,ALB,21
2023,m,58,KAZ,23
2023,m,5,GBR,23
2023,m,68,UNKNOWN,7
2023,m,33,JPN,41
2023,m,79,IRQ,5
2023,f,25,KHM,5
2023,m,33,PSE,4
2023,f,19,LBN,2
2023,f,53,UNKNOWN,15
2023,m,73,CHN,20
2023,f,15,AZE,4
2023,f,34,JOR,8
2023,m,98,UKR,4
2023,m,21,PHL,4
2023,m,57,NGA,14
2023,f,66,MNG,13
2023,m,84,AUT,17
2023,m,69,ROU,13
2023,m,48,CHL,3
2023,f,81,RUS,35
2023,f,5,UNKNOWN,12
2023,m,41,GHA,20
2023,f,25,PHL,38
2023,f,5,ZAF,3
2023,f,8,IND,100
2023,m,45,SRB,68
2023,m,42,MNE,2
2023,m,1,ITA,12
2023,m,76,SWE,60
2023,f,42,KGZ,17
2023,f,94,USA,5
2023,m,32,SOM,4
2023,m,6,ITA,27
2023,f,88,ITA,4
2023,f,59,ITA,25
2023,m,36,MUS,8
2023,f,92,UNKNOWN,1
2023,m,24,LKA,7
2023,f,10,BGR,70
2023,m,61,FRA,112
2023,m,14,DEU,44
2023,f,29,MAR,27
2023,f,66,IND,16
2023,m,47,BEL,67
2023,m,37,ETH,16
2023,m,31,TWN,30
2023,m,20,SVK,14
2023,f,68,CHN,23
2023,m,42,AUT,62
2023,m,22,CYP,1
2023,f,51,ZWE,3
2023,f,16,MEX,3
2023,f,43,NPL,24
2023,m,8,CHN,54
2023,f,34,KOSOVO,8
2023,f,28,NLD,37
2023,f,9,VNM,89
2023,m,50,SYR,27
2023,f,53,IND,36
2023,m,28,GBR,92
2023,m,38,JPN,49
2023,f,52,HRV,6
2023,m,12,VEN,2
2023,f,87,HUN,5
2023,m,51,TWN,6
2023,f,14,FRA,45
2023,f,19,VNM,86
2023,m,69,CHN,39
2023,f,93,IRQ,3
2023,f,10,FRA,27
2023,f,11,GEO,68
2023,f,36,ALB,10
2023,f,22,LBN,8
2023,f,44,AUT,48
2023,m,27,TWN,17
2023,m,59,KOSOVO,3
2023,f,73,FRA,18
2023,m,16,MEX,5
2023,m,4,LTU,12
2023,f,62,KAZ,16
2023,m,40,CAN,55
2023,f,86,ARM,11
2023,f,42,UZB,36
2023,f,56,GRC,12
2023,f,34,NLD,33
2023,f,44,SVK,65
2023,m,54,NZL,2
2023,f,70,FRA,19
2023,m,61,ISR,16
2023,f,34,ZAF,17
2023,m,32,GIN,3
2023,m,62,PAK,9
2023,f,4,MDA,45
2023,f,39,SRB,16
2023,m,41,LBY,12
2023,f,43,ITA,48
2023,m,0,RUS,67
2023,f,28,TKM,35
2023,m,65,IRN,9
2023,f,37,UNKNOWN,106
2023,m,73,EGY,1
2023,m,44,BIH,24
2023,f,50,KAZ,49
2023,f,21,CAN,10
2023,m,38,FIN,30
2023,f,25,AFG,11
2023,m,18,PHL,5
2023,f,37,RWA,8
2023,f,42,NPL,34
2023,m,84,BEL,10
2023,m,47,MEX,27
2023,f,30,ZAF,25
2023,m,36,GHA,19
2023,f,1,PRT,14
2023,f,16,BGR,63
2023,f,4,LTU,12
2023,m,59,PER,3
2023,m,33,LKA,17
2023,f,58,NPL,2
2023,m,36,CAN,35
2023,f,98,UKR,15
2023,f,74,UNKNOWN,8
2023,f,6,BGD,5
2023,f,34,BGD,26
2023,f,38,MEX,31
2023,m,116,AUT,1
2023,f,20,TUR,142
2023,f,68,KOR,11
2023,m,45,EST,15
2023,m,37,ZAF,19
2023,f,43,GMB,1
2023,m,33,THA,9
2023,m,25,LTU,57
2023,f,51,VNM,102
2023,m,65,VEN,3
2023,m,7,IRQ,7
2023,f,19,COD,2
2023,f,40,CMR,5
2023,m,35,CZE,107
2023,f,54,IDN,6
2023,m,42,LBY,9
2023,m,30,GIN,5
2023,m,50,KGZ,51
2023,f,13,MDA,31
2023,f,70,CAN,8
2023,f,34,PAK,22
2023,m,18,GBR,15
2023,m,41,YEM,6
2023,f,40,LKA,7
2023,m,2,LTU,17
2023,m,83,HUN,5
2023,m,75,KAZ,1
2023,m,38,GMB,5
2023,f,77,VNM,22
2023,m,40,NLD,91
2023,m,18,IND,68
2023,f,9,IRN,8
2023,m,11,UNKNOWN,9
2023,f,32,SYR,10
2023,m,37,NOR,15
2023,f,39,BIH,4
2023,f,40,FIN,19
2023,f,85,LTU,3
2023,m,103,UNKNOWN,7
2023,f,7,ARM,20
2023,m,9,UNKNOWN,3
2023,m,42,SWE,87
2023,m,33,CHE,18
2023,f,76,JPN,8
2023,f,27,JOR,6
2023,f,23,LVA,19
2023,f,63,SWE,69
2023,m,71,HRV,1
2023,m,58,CHN,135
2023,m,31,JPN,39
2023,m,34,AGO,14
2023,m,23,JPN,43
2023,m,30,LKA,28
2023,f,60,MNG,11
2023,m,10,UZB,7
2023,m,54,LAO,4
2023,f,35,GBR,48
2023,f,82,SVK,1
2023,m,54,LVA,49
2023,m,77,BLR,32
2023,m,22,LBN,24
2023,f,15,ZAF,4
2023,f,66,CHE,3
2023,m,26,KHM,4
2023,f,34,IRQ,10
2023,f,58,THA,15
2023,f,12,GRC,6
2023,m,24,TUN,31
2023,f,29,ECU,3
2023,m,34,CMR,20
2023,m,42,BRA,76
2023,f,18,FRA,50
2023,m,46,JPN,43
2023,f,71,ITA,8
2023,m,80,HUN,8
2023,f,35,MYS,18
2023,m,67,TUR,40
2023,m,69,SVK,9
2023,f,8,CMR,4
2023,f,20,MEX,5
2023,m,2,ZAF,1
2023,m,50,IRN,14
2023,m,40,DZA,67
2023,m,0,AFG,11
2023,m,71,AUS,4
2023,m,27,SYR,33
2023,m,10,KAZ,13
2023,m,44,SAU,4
2023,f,20,MNG,50
2023,f,62,GBR,30
2023,f,12,CZE,18
2023,f,70,ARM,36
2023,m,11,CZE,17
2023,f,67,SVK,7
2023,m,64,AZE,9
2023,m,69,CZE,20
2023,f,124,RUS,1
2023,m,31,JOR,40
2023,m,34,COM,4
2023,f,5,KOR,29
2023,m,97,AUS,1
2023,m,35,AGO,12
2023,f,30,UZB,45
2023,f,11,FRA,35
2023,f,23,CUB,3
2023,m,29,CHL,11
2023,f,43,MNG,29
2023,f,34,GRC,38
2023,f,24,UZB,45
2023,m,76,ARM,14
2023,m,45,MKD,12
2023,f,83,AUT,7
2023,m,22,DOM,1
2023,m,34,SYR,32
2023,m,21,JPN,33
2023,m,23,SWZ,1
2023,f,32,CMR,13
2023,f,50,ARM,48
2023,m,5,KOR,44
2023,m,23,TUN,19
2023,m,52,AUS,19
2023,m,68,LBN,10
2023,m,25,TCD,3
2023,f,52,FRA,66
2023,f,37,IDN,58
2023,f,69,PHL,5
2023,m,10,DZA,3
2023,m,29,MNG,24
2023,f,45,CAN,15
2023,m,72,CHN,19
2023,m,71,SVK,6
2023,f,31,IRN,37
2023,f,23,YEM,6
2023,m,66,ROU,36
2023,m,31,RWA,45
2023,f,71,ARM,37
2023,m,33,GMB,3
2023,f,61,IND,25
2023,m,34,AUS,21
2023,m,53,ECU,2
2023,m,73,JPN,30
2023,m,64,LTU,31
2023,f,64,GBR,36
2023,f,28,GBR,46
2023,m,84,ITA,50
2023,f,62,BEL,11
2023,m,34,VEN,20
2023,f,16,TUR,25
2023,m,76,JPN,19
2023,m,14,LVA,3
2023,f,24,SAU,9
2023,f,61,LTU,30
2023,m,65,FIN,11
2023,m,23,IRL,17
2023,f,39,CRI,4
2023,f,10,MEX,6
2023,m,30,COG,14
2023,m,1,LTU,8
2023,m,4,BRA,19
2023,m,74,EGY,3
2023,m,45,BWA,1
2023,f,27,KOR,89
2023,m,83,FRA,13
2023,f,31,SWE,29
2023,m,77,JPN,5
2023,m,42,TKM,81
2023,m,60,LVA,33
2023,f,27,BRA,51
2023,f,35,NLD,44
2023,m,8,PRT,5
2023,m,92,DEU,79
2023,m,55,NPL,16
2023,f,52,SVK,26
2023,f,97,RUS,10
2023,f,55,ROU,43
2023,f,50,NPL,8
2023,m,35,SWE,72
2023,m,54,GRC,32
2023,m,44,VEN,15
2023,f,23,ZMB,4
2023,f,71,COG,1
2023,f,88,UNKNOWN,7
2023,f,113,USA,2
2023,f,50,ZAF,12
2023,f,56,DNK,20
2023,f,53,SWE,40
2023,m,64,KOR,55
2023,f,52,UNKNOWN,20
2023,m,63,THA,8
2023,m,29,MYS,23
2023,m,65,AUT,72
2023,f,27,PSE,2
2023,f,30,BWA,2
2023,m,65,SYR,19
2023,f,15,BGR,53
2023,m,28,CZE,69
2023,f,76,USA,33
2023,m,72,ISR,15
2023,f,80,ARM,5
2023,m,30,AUT,38
2023,m,17,ARM,24
2023,m,66,KAZ,13
2023,f,51,AUS,9
2023,f,62,IRL,4
2023,f,44,ARG,9
2023,m,39,AUS,26
2023,f,42,KAZ,59
2023,f,35,DNK,5
2023,f,128,USA,1
2023,f,29,BIH,6
2023,f,45,ISR,14
2023,f,34,NGA,30
2023,m,28,LBN,34
2023,f,25,AUS,4
2023,f,46,PRT,13
2023,m,52,THA,28
2023,f,26,AFG,14
2023,f,14,GBR,27
2023,f,29,COL,112
2023,m,47,ISL,5
2023,m,66,CUB,6
2023,m,52,IRQ,20
2023,f,58,FIN,4
2023,f,34,AUS,7
2023,m,39,VEN,21
2023,f,29,CYP,5
2023,m,60,IRL,38
2023,m,0,GBR,5
2023,m,61,AZE,20
2023,m,0,HUN,8
2023,m,51,MAR,14
2023,m,114,GRC,8
2023,f,32,MNG,43
2023,m,41,SVK,108
2023,m,60,LKA,4
2023,f,57,MNG,14
2023,f,86,BLR,27
2023,m,60,DZA,16
2023,m,36,NOR,21
2023,f,34,EGY,24
2023,f,29,MYS,13
2023,f,9,ITA,17
2023,f,3,SEN,4
2023,f,31,IRL,13
2023,f,4,SWE,4
2023,m,14,HRV,3
2023,m,22,MNG,18
2023,m,37,BIH,17
2023,m,39,GMB,7
2023,f,37,KGZ,26
2023,m,51,KEN,6
2023,f,26,TKM,29
2023,f,65,NOR,5
2023,m,48,JAM,1
2023,f,72,USA,32
2023,m,54,TWN,5
2023,m,92,UKR,24
2023,f,55,KAZ,31
2023,f,81,FRA,7
2023,m,54,FIN,29
2023,m,83,CHE,4
2023,m,46,HUN,78
2023,m,22,COG,8
2023,m,43,TWN,14
2023,m,6,PRT,8
2023,m,70,IND,18
2023,m,24,SEN,2
2023,m,31,YEM,4
2023,m,72,IRL,7
2023,f,83,CZE,8
2023,f,20,LVA,13
2023,f,38,KEN,14
2023,f,52,CAN,17
2023,m,55,KHM,3
2023,f,58,TWN,4
2023,m,30,TZA,16
2023,f,1,CHN,35
2023,m,30,PSE,6
2023,f,37,CUB,14
2023,m,62,KWT,2
2023,f,20,ROU,71
2023,f,28,PSE,2
2023,f,87,AUT,5
2023,f,54,HRV,2
2023,m,30,RWA,56
2023,m,64,IRQ,26
2023,f,100,USA,5
2023,m,1,GRC,6
2023,m,43,LIE,1
2023,m,53,MEX,20
2023,m,23,EGY,53
2023,f,3,EST,3
2023,f,61,BGD,3
2023,m,51,THA,26
2023,f,21,VNM,113
2023,f,22,LTU,37
2023,f,21,CHE,4
2023,f,56,BGR,55
2023,m,29,MDG,5
2023,f,69,KGZ,1
2023,m,20,PAK,21
2023,m,76,AUT,38
2023,f,32,NGA,59
2023,m,59,PHL,23
2023,f,52,ISR,3
2023,f,19,DNK,4
2023,m,37,ECU,6
2023,m,52,BRA,16
2023,f,65,GRC,12
2023,f,17,VNM,30
2023,m,60,UZB,26
2023,f,66,LBN,1
2023,f,38,DZA,10
2023,f,25,THA,16
2023,f,37,AUT,33
2023,f,14,GEO,59
2023,f,47,PAK,7
2023,f,26,MOZ,5
2023,m,43,BRA,52
2023,f,30,KOSOVO,9
2023,m,70,NLD,58
2023,m,49,CUB,15
2023,m,5,BGR,75
2023,m,77,VNM,9
2023,f,8,UNKNOWN,2
2023,m,66,LTU,14
2023,f,66,MDA,15
2023,f,6,AZE,21
2023,f,0,IRN,2
2023,m,50,TKM,23
2023,m,49,KOSOVO,15
2023,m,31,FIN,33
2023,m,55,MEX,9
2023,f,52,ROU,63
2023,f,80,RUS,28
2023,f,49,CZE,55
2023,f,26,ZAF,22
2023,f,49,CAN,11
2023,m,50,ALB,27
2023,f,14,NLD,12
2023,m,60,MNG,6
2023,m,32,NER,12
2023,f,41,PRT,21
2023,f,21,FRA,82
2023,f,10,IRN,3
2023,m,28,MMR,1
2023,m,54,PRK,35
2023,m,23,SVK,32
2023,m,26,JOR,32
2023,m,70,PRK,3
2023,m,37,SYR,33
2023,m,55,EGY,30
2023,f,6,BEL,4
2023,f,5,LBN,3
2023,f,42,YUG,3
2023,f,61,FRA,34
2023,f,49,CRI,4
2023,f,23,NLD,29
2023,f,72,BLR,108
2023,m,21,SYR,25
2023,f,5,YEM,2
2023,f,41,YEM,4
2023,f,40,ARG,10
2023,f,70,UNKNOWN,143
2023,f,28,KOSOVO,5
2023,m,45,PRK,25
2023,f,23,PRT,56
2023,f,39,ITA,73
2023,f,24,HUN,33
2023,m,46,LTU,127
2023,m,55,THA,23
2023,m,57,SVN,6
2023,f,29,PNG,2
2023,f,38,TWN,20
2023,f,71,USA,45
2023,m,57,EST,8
2023,m,36,BEL,54
2023,f,48,YUG,2
2023,f,57,JPN,25
2023,m,59,PRK,21
2023,m,28,SVN,17
2023,m,20,FIN,5
2023,m,14,UZB,4
2023,f,23,HRV,9
2023,m,14,GRC,5
2023,f,2,DEU,23
2023,m,66,HRV,10
2023,f,70,GEO,12
2023,m,12,UNKNOWN,8
2023,f,37,GRC,20
2023,m,64,BIH,9
2023,m,39,JPN,60
2023,f,35,TKM,23
2023,m,24,PHL,20
2023,m,24,BIH,9
2023,f,35,GRC,18
2023,f,46,NPL,20
2023,f,35,UZB,38
2023,f,12,IND,76
2023,m,20,BIH,3
2023,f,14,BEL,2
2023,m,15,EST,3
2023,f,62,CUB,3
2023,f,50,LBY,5
2023,m,44,TJK,58
2023,m,4,IDN,2
2023,m,54,TUN,19
2023,m,0,DZA,5
2023,m,26,SVK,58
2023,f,71,PAK,1
2023,f,37,TUN,8
2023,m,10,GBR,23
2023,m,39,ECU,4
2023,m,50,KWT,1
2023,f,29,BGD,32
2023,f,16,VNM,46
2023,m,71,RUS,56
2023,m,65,KOR,41
2023,m,80,FRA,25
2023,f,127,USA,1
2023,f,33,SGP,4
2023,m,25,GRC,35
2023,f,31,SRB,26
2023,m,34,PSE,5
2023,f,82,BLR,41
2023,f,67,DNK,24
2023,f,21,IND,97
2023,f,20,IRL,22
2023,f,64,TKM,3
2023,m,10,ARM,23
2023,f,74,AUT,38
2023,m,53,PRK,52
2023,m,39,FIN,30
2023,f,64,COL,3
2023,f,41,SRB,17
2023,f,40,COL,84
2023,f,9,ISR,13
2023,f,54,TUR,17
2023,f,2,NPL,8
2023,m,66,MEX,4
2023,m,69,GRC,33
2023,f,21,GRC,20
2023,m,38,ZAF,19
2023,m,65,NOR,17
2023,f,52,BGD,1
2023,m,92,AUT,4
2023,m,33,MNG,45
2023,f,49,TUR,34
2023,f,59,JPN,23
2023,m,15,TUR,29
2023,f,27,JPN,33
2023,m,37,KOSOVO,35
2023,m,74,DNK,26
2023,m,65,JPN,41
2023,m,11,NOR,4
2023,f,56,SYR,6
2023,f,20,RWA,30
2023,f,16,CZE,22
2023,m,1,JOR,4
2023,f,23,JOR,10
2023,m,15,MNG,6
2023,f,53,ARM,38
2023,f,46,GBR,45
2023,f,33,HRV,43
2023,m,48,ZWE,22
2023,m,30,MNG,26
2023,f,71,MDA,12
2023,f,38,ARG,9
2023,f,21,PRT,35
2023,f,56,KGZ,7
2023,f,50,ISR,12
2023,f,28,AUT,35
2023,f,6,COL,9
2023,m,21,ALB,17
2023,m,67,BEL,37
2023,m,59,DZA,17
2023,m,51,IRN,15
2023,m,50,MEX,19
2023,m,28,AGO,24
2023,f,27,LKA,6
2023,m,22,GTM,13
2023,f,17,GRC,5
2023,m,67,GRC,31
2023,f,19,SYR,7
2023,f,19,IRN,15
2023,m,11,VNM,103
2023,m,29,NER,18
2023,m,34,RWA,27
2023,f,51,EST,7
2023,m,38,COD,3
2023,f,39,NOR,27
2023,m,19,NPL,22
2023,m,81,NLD,25
2023,m,98,IRQ,1
2023,f,35,ETH,11
2023,m,50,COL,59
2023,f,36,SGP,4
2023,m,17,HUN,8
2023,m,45,DZA,35
2023,f,21,BGD,13
2023,f,51,NOR,19
2023,f,56,THA,31
2023,f,51,ESP,29
2023,f,29,LVA,30
2023,f,62,DNK,20
2023,m,36,KWT,1
2023,m,3,GRC,7
2023,m,55,MKD,16
2023,m,35,FIN,37
2023,m,2,FRA,12
2023,m,40,CHL,10
2023,f,60,AFG,3
2023,m,24,BEL,30
2023,f,1,KOR,10
2023,f,11,HUN,13
2023,m,4,JPN,12
2023,m,56,IRQ,14
2023,f,4,KAZ,16
2023,m,4,DEU,30
2023,m,26,AUS,5
2023,m,20,AUT,16
2023,m,65,BIH,7
2023,f,68,BRA,4
2023,f,45,FIN,13
2023,m,58,LKA,4
2023,f,46,TJK,3
2023,m,18,TJK,46
2023,m,29,BFA,1
2023,m,20,MNG,34
2023,m,47,BIH,25
2023,m,27,CRI,11
2023,m,21,LKA,5
2023,m,23,MWI,1
2023,m,66,MDA,51
2023,m,22,BGD,105
2023,m,33,NOR,31
2023,m,38,PER,20
2023,m,47,MAR,19
2023,m,17,GBR,25
2023,f,91,AUT,4
2023,f,84,VNM,7
2023,f,47,AZE,18
2023,m,39,THA,22
2023,f,30,ALB,17
2023,f,48,SYR,9
2023,m,44,CAN,31
2023,m,75,ROU,3
2023,m,12,LVA,3
2023,m,54,YUG,3
2023,m,29,BOL,3
2023,f,74,CHN,12
2023,f,80,JPN,2
2023,f,1,PAK,9
2023,f,19,HND,1
2023,f,3,ESP,11
2023,m,81,FRA,10
2023,m,114,USA,4
2023,m,83,BEL,5
2023,m,30,CMR,25
2023,f,1,AFG,16
2023,f,4,PHL,3
2023,f,33,KOSOVO,4
2023,f,62,KGZ,2
2023,f,40,HUN,44
2023,m,20,GBR,29
2023,m,73,BEL,28
2023,m,18,NOR,5
2023,m,23,CUB,7
2023,m,28,VEN,15
2023,f,20,AFG,6
2023,f,38,CMR,11
2023,f,28,DOM,2
2023,m,72,FIN,8
2023,f,22,UGA,6
2023,f,57,IRL,9
2023,m,75,CAN,7
2023,f,115,LTU,1
2023,f,47,CHN,166
2023,m,21,ZAF,16
2023,f,11,IRQ,9
2023,m,57,TGO,1
2023,m,12,NPL,4
2023,f,12,LTU,6
2023,f,65,ARM,42
2023,m,48,MKD,17
2023,f,16,IRQ,8
2023,f,22,PAK,13
2023,f,91,GRC,12
2023,m,26,COD,13
2023,f,12,DEU,43
2023,m,16,JPN,25
2023,m,37,ISR,33
2023,m,22,ISR,8
2023,f,62,LKA,3
2023,f,33,MEX,41
2023,m,27,UNKNOWN,70
2023,f,0,FRA,9
2023,f,77,GBR,14
2023,f,29,SEN,3
2023,m,59,MKD,12
2023,m,22,MLI,4
2023,f,20,LBY,6
2023,f,20,VNM,113
2023,m,24,GTM,22
2023,m,24,EST,11
2023,m,59,HUN,24
2023,f,1,AUS,1
2023,m,57,BEL,54
2023,f,26,TWN,19
2023,m,19,PRT,11
2023,m,47,YEM,7
2023,f,61,ITA,16
2023,m,58,TWN,3
2023,f,43,KGZ,18
2023,m,24,VEN,21
2023,m,27,CMR,22
2023,m,27,CHL,6
2023,m,75,LBN,4
2023,m,47,AZE,122
2023,m,43,MEX,43
2023,f,74,SWE,74
2023,m,81,UNKNOWN,5
2023,f,22,TUN,7
2023,m,14,IND,58
2023,f,98,VNM,4
2023,m,10,AUT,5
2023,f,46,ZWE,7
2023,f,9,MDA,38
2023,m,61,RUS,217
2023,f,51,KOR,78
2023,f,46,SYR,13
2023,f,17,GBR,21
2023,f,81,PRK,1
2023,m,58,NOR,31
2023,f,62,ROU,15
2023,m,61,ARM,53
2023,f,1,BRA,12
2023,m,67,KWT,2
2023,m,35,MUS,6
2023,f,51,TZA,3
2023,f,26,RWA,49
2023,m,31,KEN,44
2023,m,32,PSE,5
2023,f,6,CZE,12
2023,m,38,CUB,32
2023,f,42,MUS,4
2023,m,38,BIH,25
2023,f,52,ZAF,11
2023,m,53,TKM,19
2023,f,27,SWE,21
2023,m,84,KAZ,2
2023,f,51,SVK,36
2023,m,18,NPL,3
2023,m,39,LKA,15
2023,f,68,UNKNOWN,8
2023,f,14,NOR,8
2023,m,16,ALB,3
2023,m,30,TWN,18
2023,f,17,KOR,64
2023,m,69,VNM,50
2023,m,7,JPN,17
2023,m,39,YUG,3
2023,f,42,HUN,39
2023,f,25,DOM,3
2023,f,47,SWE,55
2023,f,42,NOR,23
2023,f,39,CYP,2
2023,m,39,PER,21
2023,f,63,IRL,5
2023,f,37,PRT,21
2023,m,24,SSD,1
2023,f,33,NLD,25
2023,f,68,IND,22
2023,f,17,GEO,43
2023,f,2,COL,5
2023,f,29,ARG,18
2023,m,23,NGA,93
2023,f,44,KAZ,67
2023,m,49,ALB,30
2023,m,14,AUT,3
2023,f,30,KGZ,37
2023,m,1,KAZ,11
2023,m,36,HRV,40
2023,f,71,SVK,9
2023,m,21,TZA,7
2023,m,50,GHA,5
2023,m,58,ESP,54
2023,f,72,UNKNOWN,3
2023,m,40,AUS,28
2023,f,31,COD,11
2023,f,69,ESP,4
2023,m,12,HUN,4
2023,m,90,DNK,3
2023,f,26,MKD,8
2023,f,53,GBR,48
2023,m,34,AFG,31
2023,f,64,MDA,30
2023,f,76,BEL,4
2023,m,60,FIN,14
2023,f,4,HUN,16
2023,m,90,ARM,3
2023,f,97,UNKNOWN,6
2023,f,27,CIV,4
2023,m,32,ISR,27
2023,f,26,THA,26
2023,f,5,BRA,10
2023,f,3,COG,1
2023,f,48,IRL,14
2023,f,63,MNG,11
2023,m,20,TWN,7
2023,f,3,ZAF,3
2023,f,60,TUR,7
2023,f,25,DZA,22
2023,m,27,AUT,31
2023,f,27,KGZ,44
2023,m,34,ECU,6
2023,f,9,LTU,5
2023,f,45,NLD,55
2023,m,2,ISR,6
2023,f,42,EGY,16
2023,f,2,BGR,47
2023,f,59,BEL,16
2023,f,73,AUS,4
2023,f,47,IRQ,8
2023,m,1,SVK,8
2023,f,4,BGR,58
2023,m,30,ETH,87
2023,f,1,ARG,5
2023,f,17,SVK,15
2023,f,16,KAZ,31
2023,f,67,IND,29
2023,f,6,JOR,3
2023,f,33,VEN,11
2023,m,90,GBR,3
2023,f,19,MNG,14
2023,f,20,COL,55
2023,m,67,KAZ,5
2023,f,11,AZE,19
2023,f,31,MAR,26
2023,m,24,KOR,66
2023,f,50,CYP,5
2023,m,2,UNKNOWN,14
2023,f,47,IRN,8
2023,f,75,ZAF,1
2023,m,60,ROU,73
2023,f,28,LKA,8
2023,m,59,PAK,13
2023,f,67,THA,3
2023,m,36,COG,7
2023,f,29,NOR,27
2023,f,8,BEL,5
2023,m,29,LTU,87
2023,m,31,AGO,11
2023,m,26,TJK,114
2023,m,42,CHE,14
2023,f,44,PRT,26
2023,f,21,JPN,37
2023,f,35,PRT,19
2023,m,40,COD,1
2023,f,46,MYS,8
2023,f,13,CHN,40
2023,m,36,UNKNOWN,16
2023,f,30,AUT,27
2023,f,42,IRL,13
2023,f,26,MLT,1
2023,m,37,COG,8
2023,f,5,CZE,10
2023,f,25,KOR,83
2023,m,18,GIN,2
2023,m,5,TJK,8
2023,f,91,ITA,1
2023,m,55,TKM,11
2023,m,36,FIN,32
2023,m,48,LBY,16
2023,m,38,LKA,31
2023,m,35,COM,3
2023,m,43,UNKNOWN,1
2023,m,10,CMR,2
2023,m,67,LVA,13
2023,f,35,ECU,5
2023,m,45,NOR,26
2023,m,83,IDN,1
2023,f,33,HND,3
2023,f,84,UNKNOWN,31
2023,f,12,MNG,9
2023,f,23,MNG,15
2023,f,42,CMR,4
2023,f,23,VEN,9
2023,m,28,JPN,22
2023,f,28,DNK,10
2023,m,27,ARG,46
2023,f,11,IRN,4
2023,m,33,COG,9
2023,f,50,TKM,12
2023,m,25,NOR,27
2023,f,24,LVA,21
2023,f,37,IRL,11
2023,m,15,KAZ,36
2023,f,30,MNG,21
2023,m,3,BRA,13
2023,m,98,AUS,1
2023,f,57,AUS,9
2023,m,79,ESP,5
2023,f,65,CHN,40
2023,f,30,ETH,27
2023,f,59,BRA,8
2023,f,72,FIN,5
2023,m,49,ECU,2
2023,m,49,TKM,28
2023,f,8,GBR,18
2023,f,21,TJK,24
2023,m,77,MNG,5
2023,f,27,AUS,4
2023,f,39,HRV,13
2023,m,79,UNKNOWN,4
2023,m,7,MNG,5
2023,f,12,TUR,25
2023,m,11,AFG,8
2023,m,47,PER,12
2023,m,30,DOM,3
2023,f,25,PRT,68
2023,m,6,TKM,3
2023,m,51,COL,56
2023,f,44,SVN,5
2023,m,36,MYS,6
2023,f,66,GEO,43
2023,m,63,IRL,36
2023,m,74,GRC,13
2023,f,23,MLI,2
2023,f,28,JPN,31
2023,f,53,SYR,7
2023,f,26,NOR,40
2023,f,48,MKD,3
2023,f,30,CZE,49
2023,f,41,NGA,20
2023,f,35,AFG,8
2023,f,43,SRB,13
2023,f,44,ZWE,13
2023,m,79,EGY,3
2023,f,93,LTU,1
2023,f,4,CZE,7
2023,f,24,PRK,3
2023,f,28,LVA,24
2023,m,71,KEN,1
2023,m,22,PER,21
2023,m,37,CRI,9
2023,f,26,SLE,2
2023,m,9,FRA,20
2023,m,81,GRC,18
2023,f,5,USA,22
2023,f,64,EST,2
2023,f,76,CHN,6
2023,m,49,AFG,9
2023,f,16,DEU,50
2023,m,18,SRB,6
2023,m,7,DEU,40
2023,m,31,MNE,8
2023,m,82,USA,33
2023,m,44,DNK,33
2023,m,94,DEU,67
2023,m,63,MKD,2
2023,f,82,UNKNOWN,2
2023,m,35,LBN,26
2023,m,41,HRV,38
2023,f,26,GHA,8
2023,f,4,GRC,6
2023,f,34,ZMB,2
2023,m,48,CHE,20
2023,m,56,IDN,9
2023,m,38,MAR,46
2023,f,42,KHM,3
2023,f,85,UNKNOWN,2
2023,f,41,GRC,15
2023,f,55,IRN,7
2023,m,92,USA,8
2023,m,24,SWE,30
2023,f,89,KAZ,1
2023,m,6,CHE,3
2023,m,30,ISR,25
2023,f,81,KOR,1
2023,f,65,COL,3
2023,f,81,SWE,37
2023,f,40,SWE,48
2023,m,7,GBR,14
2023,m,51,PRK,29
2023,m,76,HUN,8
2023,f,79,CZE,7
2023,f,47,FIN,14
2023,f,70,LTU,14
2023,f,86,MDA,7
2023,m,47,ERI,1
2023,m,43,MAR,30
2023,f,27,PER,7
2023,f,35,THA,33
2023,f,18,JOR,2
2023,f,46,BEL,15
2023,m,17,COL,7
2023,f,31,LVA,37
2023,f,9,USA,28
2023,m,29,CUB,22
2023,f,24,SRB,11
2023,f,55,ESP,24
2023,f,29,CHL,4
2023,f,4,SRB,3
2023,f,36,PRK,15
2023,m,24,CMR,8
2023,f,36,LBN,7
2023,f,53,HRV,6
2023,m,27,UNKNOWN,15
2023,f,90,CHN,3
2023,f,65,HRV,2
2023,m,123,RUS,1
2023,m,48,MAR,16
2023,m,10,MDA,55
2023,m,29,CMR,31
2023,f,44,NLD,57
2023,f,29,TTO,4
2023,f,3,ZWE,9
2023,m,16,ITA,18
2023,m,62,GRC,31
2023,m,71,GBR,75
2023,f,64,MUS,1
2023,m,76,ISR,12
2023,m,70,EGY,6
2023,m,35,CHL,15
2023,m,40,HRV,38
2023,f,24,FIN,18
2023,m,21,SOM,4
2023,f,74,BGR,16
2023,m,44,PRK,15
2023,f,60,KAZ,10
2023,f,64,CUB,2
2023,m,70,ARM,24
2023,f,45,SRB,11
2023,m,46,CUB,17
2023,f,46,FIN,9
2023,f,33,PER,9
2023,f,51,BEL,17
2023,m,35,GRC,52
2023,m,53,YEM,5
2023,m,72,GRC,22
2023,f,22,UNKNOWN,4
2023,f,21,HRV,3
2023,m,83,RUS,24
2023,m,91,KEN,1
2023,f,52,DNK,16
2023,m,3,BGR,64
2023,m,10,ZWE,6
2023,m,3,TJK,8
2023,m,31,MWI,4
2023,m,25,CZE,45
2023,m,4,SYR,2
2023,m,29,SLE,3
2023,m,2,PAK,15
2023,m,14,LTU,14
2023,m,0,KAZ,18
2023,f,33,UZB,35
2023,m,35,MMR,3
2023,f,26,MEX,41
2023,m,26,SVN,7
2023,f,6,TUN,2
2023,f,78,BRA,3
2023,m,53,JOR,13
2023,f,50,TWN,5
2023,f,24,MMR,5
2023,f,46,UGA,6
2023,f,36,MAR,14
2023,f,53,KAZ,37
2023,m,31,MCO,1
2023,m,83,LTU,3
2023,m,69,FIN,8
2023,f,70,IND,10
2023,f,26,MNG,18
2023,f,62,MYS,1
2023,f,63,IRN,1
2023,m,68,SVK,12
2023,m,50,YUG,3
2023,f,16,ISR,6
2023,f,52,HUN,20
2023,m,22,KEN,20
2023,f,67,BEL,10
2023,m,29,ISR,23
2023,m,20,PRY,3
2023,f,11,ITA,20
2023,m,30,NOR,36
2023,f,104,YUG,1
2023,m,10,NOR,4
2023,f,38,NGA,22
2023,f,8,SYR,6
2023,m,102,USA,6
2023,m,40,UNKNOWN,24
2023,m,28,IRL,26
2023,m,48,AUT,51
2023,m,1,ZWE,8
2023,f,24,GTM,7
2023,m,102,UNKNOWN,5
2023,m,39,BIH,16
2023,f,68,VNM,57
2023,m,31,MNG,24
2023,f,52,DMA,1
2023,m,66,MLI,1
2023,f,7,UNKNOWN,4
2023,m,32,CUB,31
2023,f,65,BEL,9
2023,f,45,KEN,16
2023,f,25,KOSOVO,12
2023,f,22,SRB,4
2023,m,30,IRN,61
2023,f,52,PRT,17
2023,m,24,SVN,8
2023,f,28,BEL,15
2023,f,34,IRN,52
2023,m,16,TZA,1
2023,f,26,KGZ,47
2023,f,14,SYR,5
2023,f,124,UNKNOWN,1
2023,f,38,SGP,1
2023,m,64,FIN,13
2023,f,15,IRQ,13
2023,m,40,NOR,27
2023,m,58,AFG,5
2023,m,35,CRI,10
2023,m,0,BGR,49
2023,f,105,GRC,4
2023,m,44,MNE,3
2023,m,5,ITA,19
2023,m,9,EGY,12
2023,f,15,CUB,2
2023,f,15,CHN,39
2023,f,101,UNKNOWN,6
2023,m,2,SAU,3
2023,m,20,SYR,24
2023,f,66,LTU,18
2023,f,59,LVA,6
2023,m,80,IND,6
2023,m,4,DNK,6
2023,f,23,EGY,18
2023,m,73,LTU,9
2023,m,30,BEL,46
2023,m,0,UZB,9
2023,f,30,CAN,23
2023,m,19,COG,3
2023,m,6,CAN,5
2023,f,3,YEM,3
2023,f,5,JPN,20
2023,f,23,GBR,30
2023,f,30,COG,6
2023,f,0,MNG,10
2023,m,71,TKM,1
2023,m,43,COG,9
2023,f,34,MAR,12
2023,f,12,VNM,72
2023,m,92,GBR,4
2023,f,60,PRT,8
2023,f,19,KOR,45
2023,f,83,RUS,49
2023,f,82,KOR,2
2023,m,25,MNE,6
2023,m,63,ECU,1
2023,f,72,HUN,6
2023,f,3,SRB,2
2023,m,70,GEO,18
2023,f,86,UNKNOWN,17
2023,f,56,VNM,66
2023,m,40,LKA,34
2023,m,20,SSD,1
2023,f,39,DNK,7
2023,f,75,LVA,1
2023,m,43,CAN,35
2023,f,41,ERI,1
2023,f,2,EST,2
2023,m,92,BEL,2
2023,m,11,CRI,1
2023,f,31,ETH,24
2023,f,82,FIN,3
2023,f,80,NOR,1
2023,m,24,LBY,8
2023,m,28,TWN,22
2023,f,16,AZE,13
2023,m,34,MYS,23
2023,m,25,PER,22
2023,m,32,JPN,46
2023,m,29,BIH,13
2023,f,22,AUT,8
2023,m,31,UGA,26
2023,m,21,THA,3
2023,m,38,SAU,20
2023,m,13,COL,6
2023,f,47,COL,42
2023,m,58,UGA,1
2023,m,72,SRB,5
2023,m,11,AZE,19
2023,f,72,MDA,5
2023,f,19,LBY,5
2023,f,12,CUB,1
2023,f,22,CHL,1
2023,m,40,HUN,109
2023,m,63,ESP,38
2023,m,77,UNKNOWN,3
2023,m,34,MLT,3
2023,f,46,ZAF,16
2023,f,69,UNKNOWN,14
2023,m,55,PRK,28
2023,m,24,NIC,3
2023,m,45,MNG,17
2023,m,56,SVK,46
2023,f,62,CMR,1
2023,f,50,AUS,5
2023,f,59,PHL,6
2023,m,22,UNKNOWN,7
2023,m,63,UNKNOWN,11
2023,m,90,SWE,11
2023,m,71,HUN,15
2023,f,31,VAT,1
2023,m,21,COD,14
2023,f,28,MNG,25
2023,m,37,PER,24
2023,f,16,CHN,38
2023,m,66,BEL,31
2023,f,26,DZA,19
2023,f,25,NOR,30
2023,m,0,MDA,63
2023,m,86,HUN,2
2023,m,62,PER,4
2023,f,29,SYR,16
2023,f,29,MDG,3
2023,m,60,THA,15
2023,m,47,SYR,28
2023,f,3,USA,25
2023,f,37,MAR,9
2023,m,73,NOR,8
2023,m,60,CHE,18
2023,f,15,CAN,8
2023,f,2,USA,14
2023,m,10,NGA,5
2023,m,69,PAK,2
2023,f,5,PRT,7
2023,m,100,GRC,16
2023,m,51,EST,8
2023,m,40,AGO,7
2023,f,62,USA,52
2023,f,37,CZE,66
2023,m,21,HUN,19
2023,f,43,UGA,5
2023,f,24,JPN,42
2023,f,41,JAM,1
2023,f,15,KGZ,4
2023,f,34,DNK,8
2023,f,16,BOL,1
2023,f,66,FRA,22
2023,m,20,VEN,14
2023,m,12,COL,9
2023,f,37,PER,10
2023,m,5,KAZ,16
2023,m,54,ALB,14
2023,m,84,DNK,8
2023,f,34,LVA,46
2023,m,72,BEL,20
2023,f,51,GRC,9
2023,f,38,CIV,3
2023,m,47,ZWE,17
2023,m,24,CUB,10
2023,f,4,MNE,1
2023,m,80,BLR,9
2023,m,22,BRA,22
2023,f,30,SRB,17
2023,f,30,BOL,4
2023,f,7,FRA,22
2023,m,51,KOSOVO,12
2023,f,7,GBR,17
2023,m,54,MLT,2
2023,m,18,CZE,11
2023,m,4,AZE,13
2023,f,56,COL,7
2023,f,54,HUN,16
2023,f,39,NGA,23
2023,m,63,SYR,13
2023,f,74,USA,29
2023,m,30,LBN,37
2023,f,41,TWN,24
2023,m,12,MDA,46
2023,f,57,AFG,3
2023,m,78,UNKNOWN,23
2023,m,11,SVK,9
2023,f,24,ISR,9
2023,f,19,KGZ,48
2023,m,45,IRQ,31
2023,f,29,MNE,5
2023,f,40,AZE,29
2023,m,63,LUX,3
2023,m,16,SVK,11
2023,m,56,IRN,11
2023,f,76,ISR,3
2023,m,3,UZB,9
2023,m,56,ZWE,2
2023,m,48,GRC,36
2023,f,1,NGA,9
2023,f,21,BGR,62
2023,m,27,THA,13
2023,f,43,BEL,18
2023,f,23,JPN,26
2023,f,69,ARM,40
2023,f,21,MNE,3
2023,m,51,UNKNOWN,10
2023,m,51,SGP,3
2023,m,33,YEM,3
2023,f,11,COL,7
2023,m,48,MEX,28
2023,m,11,COL,4
2023,m,72,IRN,2
2023,f,65,BGR,30
2023,m,24,SWZ,1
2023,m,29,UGA,18
2023,m,99,UKR,3
2023,f,23,CZE,30
2023,m,1,UZB,9
2023,m,7,FRA,19
2023,m,0,NGA,15
2023,m,40,MKD,13
2023,f,75,LTU,8
2023,f,54,MEX,13
2023,m,57,BIH,19
2023,m,21,DZA,50
2023,f,74,IRL,3
2023,f,40,UNKNOWN,11
2023,m,44,TUN,57
2023,m,49,SWE,81
2023,m,79,DZA,1
2023,f,63,UNKNOWN,19
2023,f,102,UNKNOWN,10
2023,m,3,CHN,38
2023,m,9,LBN,1
2023,m,44,BOL,4
2023,m,53,NOR,24
2023,f,77,UZB,2
2023,f,9,FRA,29
2023,m,19,TWN,5
2023,m,18,GRC,5
2023,f,12,EGY,5
2023,f,10,ECU,2
2023,m,10,HUN,9
2023,m,67,EST,3
2023,m,37,AUT,64
2023,m,82,GRC,8
2023,f,58,SVK,23
2023,f,7,CHN,66
2023,m,24,CHE,7
2023,m,4,HRV,4
2023,m,70,ROU,15
2023,f,55,CHE,3
2023,f,64,HRV,1
2023,m,47,GHA,4
2023,m,37,HRV,37
2023,f,78,VEN,1
2023,m,92,HRV,2
2023,f,53,URY,2
2023,f,51,LTU,43
2023,f,6,ITA,16
2023,f,57,SVK,17
2023,m,56,DNK,66
2023,m,21,PRT,44
2023,f,70,UNKNOWN,15
2023,m,28,CAN,31
2023,m,53,LKA,9
2023,f,38,SWE,49
2023,f,94,SWE,9
2023,f,22,MMR,10
2023,f,52,JPN,54
2023,m,21,SEN,3
2023,m,19,IDN,16
2023,f,49,LBN,5
2023,m,20,ARM,29
2023,m,66,NOR,18
2023,f,60,LVA,8
2023,m,50,UNKNOWN,12
2023,f,51,FIN,10
2023,f,23,KOR,103
2023,m,23,MNG,19
2023,m,20,MEX,7
2023,f,44,UNKNOWN,18
2023,m,59,BIH,11
2023,m,21,PSE,5
2023,m,18,ITA,25
2023,m,43,BIH,24
2023,f,68,SVK,13
2023,f,15,UNKNOWN,13
2023,m,3,EGY,15
2023,f,24,IRQ,4
2023,m,49,SYR,29
2023,f,49,ARG,7
2023,f,59,KAZ,22
2023,f,37,KAZ,106
2023,f,25,ALB,17
2023,f,35,MEX,32
2023,f,60,NOR,11
2023,f,94,GRC,15
2023,m,35,SGP,10
2023,m,7,SVK,6
2023,f,22,AGO,7
2023,m,50,LBY,10
2023,f,16,LUX,1
2023,f,65,ESP,8
2023,f,41,NOR,27
2023,f,34,PER,18
2023,f,56,MEX,4
2023,f,39,ALB,11
2023,f,45,ARM,58
2023,m,93,ITA,10
2023,f,20,USA,51
2023,f,12,CMR,2
2023,f,32,CUB,11
2023,f,89,ARM,4
2023,m,64,ESP,33
2023,f,21,FIN,6
2023,m,64,GIN,1
2023,m,36,JOR,26
2023,f,84,LTU,3
2023,f,6,AFG,14
2023,f,14,AZE,8
2023,f,50,BRA,14
2023,m,32,SVK,85
2023,m,30,COD,20
2023,f,67,JPN,8
2023,m,18,SOM,2
2023,m,59,LBY,11
2023,m,7,IDN,5
2023,m,26,NOR,39
2023,m,53,EGY,33
2023,f,39,MYS,11
2023,m,13,IRL,6
2023,f,25,MEX,32
2023,m,48,GIN,3
2023,m,40,SEN,10
2023,m,43,EST,19
2023,m,21,GTM,10
2023,f,25,SWE,8
2023,f,59,CZE,20
2023,m,86,GRC,11
2023,m,49,ISR,47
2023,m,65,PRT,11
2023,f,2,ITA,7
2023,m,76,DNK,23
2023,m,98,ISR,1
2023,f,22,AFG,16
2023,f,31,HRV,20
2023,m,33,CMR,23
2023,m,31,MKD,7
2023,f,48,IRN,8
2023,f,35,CPV,1
2023,f,64,ROU,18
2023,m,81,CAN,7
2023,f,23,DZA,7
2023,m,71,CHN,25
2023,m,37,DNK,34
2023,f,31,JOR,8
2023,m,5,COL,8
2023,m,67,IRL,21
2023,m,57,HND,1
2023,f,58,MYS,6
2023,f,24,NOR,31
2023,f,26,UNKNOWN,7
2023,m,73,IRL,8
2023,f,33,NGA,44
2023,m,22,JOR,22
2023,f,5,ESP,11
2023,m,38,UNKNOWN,13
2023,m,49,BIH,12
2023,f,68,FRA,25
2023,m,28,HUN,63
2023,m,94,UNKNOWN,10
2023,m,49,MYS,5
2023,m,87,UNKNOWN,11
2023,f,17,DNK,5
2023,f,27,PAN,1
2023,f,8,LKA,3
2023,f,57,DNK,17
2023,m,108,GRC,6
2023,f,21,ZAF,11
2023,f,39,URY,2
2023,m,62,TUN,7
2023,f,35,ISR,13
2023,m,7,THA,2
2023,m,11,PAK,7
2023,f,54,KGZ,8
2023,f,68,CYP,1
2023,f,81,GRC,8
2023,m,20,UNKNOWN,4
2023,f,48,YEM,3
2023,m,52,YUG,4
2023,m,31,ECU,5
2023,m,23,DNK,19
2023,f,21,LTU,27
2023,m,40,SAU,8
2023,f,39,MEX,33
2023,m,29,GMB,7
2023,f,6,GRC,3
2023,f,51,ARG,7
2023,m,62,SAU,4
2023,m,9,SVK,10
2023,f,7,ESP,12
2023,f,57,HUN,9
2023,f,19,ESP,18
2023,m,100,SWE,4
2023,m,59,NPL,5
2023,m,75,TUR,11
2023,f,28,CIV,2
2023,f,48,MNG,28
2023,f,38,URY,2
2023,f,67,RUS,117
2023,f,14,USA,25
2023,m,31,SDN,3
2023,f,21,AZE,51
2023,m,57,PRT,22
2023,m,75,AUS,5
2023,f,24,IRN,28
2023,f,32,VEN,11
2023,m,25,HTI,1
2023,m,27,FIN,31
2023,m,93,GRC,14
2023,f,36,IRL,12
2023,f,59,ROU,19
2023,m,74,SVK,9
2023,f,25,SWZ,2
2023,m,36,JPN,33
2023,m,67,HUN,19
2023,f,22,SVK,26
2023,m,6,IRQ,4
2023,m,56,UNKNOWN,1
2023,f,33,KGZ,29
2023,m,40,CUB,17
2023,f,1,SDN,1
2023,m,48,NOR,30
2023,m,24,BRA,35
2023,f,24,PER,13
2023,m,23,GRC,27
2023,m,49,IRL,51
2023,f,46,ESP,47
2023,m,33,MKD,10
2023,m,58,IRQ,10
2023,f,62,FIN,5
2023,m,4,CMR,5
2023,m,12,SDN,1
2023,f,23,THA,12
2023,m,83,BLR,10
2023,m,20,KOR,43
2023,m,87,AUT,5
2023,m,26,DJI,1
2023,f,4,TJK,7
2023,m,35,CAN,36
2023,m,51,EGY,37
2023,f,9,ZWE,4
2023,m,43,YEM,17
2023,f,21,CMR,6
2023,f,108,SWE,4
2023,m,59,KWT,4
2023,m,81,BLR,12
2023,m,48,PER,12
2023,m,47,HND,1
2023,m,58,MAR,4
2023,m,22,ECU,6
2023,f,22,PRT,48
2023,f,50,ARG,5
2023,f,62,ISL,1
2023,f,77,FRA,15
2023,f,1,TKM,4
2023,m,36,SDN,6
2023,m,3,BDI,1
2023,f,78,VNM,19
2023,f,75,VNM,37
2023,m,57,GRC,29
2023,m,24,GAB,1
2023,f,40,NGA,16
2023,m,46,NER,5
2023,m,8,MNE,1
2023,f,5,CUB,3
2023,m,45,VEN,14
2023,f,47,UZB,25
2023,m,32,JOR,14
2023,m,32,MLI,2
2023,f,49,SRB,11
2023,f,52,AZE,11
2023,f,21,ARG,8
2023,m,39,NOR,38
2023,f,41,MAR,3
2023,m,30,BOL,6
2023,f,87,ITA,6
2023,f,31,PER,11
2023,f,40,SVN,6
2023,m,88,ITA,13
2023,m,39,PRY,2
2023,m,72,HUN,14
2023,m,15,PHL,3
2023,m,21,MEX,9
2023,m,12,JPN,22
2023,m,43,LAO,7
2023,m,8,KGZ,3
2023,f,51,SWE,50
2023,m,44,ISL,3
2023,f,37,THA,42
2023,m,15,SVN,1
2023,f,84,SYR,2
2023,f,28,EST,11
2023,f,80,IRQ,1
2023,m,71,SYR,4
2023,f,39,CAN,16
2023,m,4,LKA,1
2023,m,26,GBR,73
2023,m,72,DNK,25
2023,m,50,LKA,14
2023,m,26,GRC,56
2023,m,23,LBN,33
2023,f,73,GRC,4
2023,f,78,ROU,4
2023,f,30,KEN,28
2023,m,6,IRL,7
2023,f,25,TJK,26
2023,m,41,SGP,1
2023,m,20,BWA,1
2023,f,35,TJK,12
2023,m,89,HUN,1
2023,f,58,ARG,5
2023,m,34,JPN,47
2023,m,21,FIN,6
2023,f,31,DNK,10
2023,f,43,GRC,25
2023,m,45,YUG,7
2023,m,3,ARG,8
2023,f,53,HUN,20
2023,m,53,TUN,19
2023,f,39,NPL,45
2023,f,25,GRC,47
2023,f,20,PHL,8
2023,f,25,LBN,9
2023,m,69,LBY,4
2023,f,28,ZWE,125
2023,m,57,MNG,9
2023,f,16,TJK,2
2023,m,55,ARG,6
2023,m,51,KNA,1
2023,f,24,TKM,30
2023,f,13,IND,59
2023,m,57,AUS,8
2023,f,87,FRA,2
2023,m,70,SVK,11
2023,f,33,AFG,8
2023,m,42,ISR,43
2023,m,45,CMR,18
2023,m,44,KEN,14
2023,m,40,ALB,60
2023,m,9,YEM,2
2023,m,64,SRB,20
2023,f,24,NLD,39
2023,m,17,TUR,33
2023,m,36,ECU,9
2023,f,28,CUB,9
2023,f,44,FIN,7
2023,f,23,IRQ,6
2023,f,83,ROU,1
2023,f,54,CAN,7
2023,m,32,GNB,1
2023,f,66,PRT,2
2023,f,49,CHE,5
2023,m,77,DNK,25
2023,m,39,DNK,28
2023,f,42,MNG,23
2023,m,50,COG,5
2023,f,18,LTU,17
2023,f,1,UNKNOWN,29
2023,f,66,SAU,2
2023,f,67,GRC,14
2023,f,39,GRC,18
2023,f,111,CAN,1
2023,f,28,MLI,1
2023,f,28,NER,3
2023,f,7,KGZ,3
2023,f,20,LTU,28
2023,f,9,AFG,7
2023,m,83,GRC,17
2023,f,55,AZE,10
2023,m,30,THA,13
2023,f,11,DNK,1
2023,m,99,DEU,36
2023,f,39,PRY,2
2023,f,46,DNK,11
2023,m,41,MNG,30
2023,m,89,IND,3
2023,m,55,SVN,4
2023,m,43,AGO,4
2023,f,37,UNKNOWN,13
2023,m,80,SWE,42
2023,f,50,SVK,44
2023,m,25,KWT,2
2023,m,85,CHN,3
2023,f,56,AUS,5
2023,m,14,USA,38
2023,m,44,CUB,15
2023,f,53,ARG,4
2023,m,50,GTM,3
2023,m,43,TUN,59
2023,m,61,KWT,2
2023,f,69,CHE,6
2023,f,14,ESP,9
2023,m,57,NPL,12
2023,m,82,DNK,7
2023,m,27,DNK,20
2023,f,65,ITA,13
2023,f,49,TUN,5
2023,f,83,BIH,1
2023,m,85,DZA,1
2023,m,98,BGR,3
2023,f,42,TJK,5
2023,f,4,LBN,2
2023,m,74,CAN,10
2023,m,44,NOR,36
2023,m,88,BEL,6
2023,m,21,NER,6
2023,f,28,SRB,18
2023,f,60,ZAF,3
2023,m,4,LBY,1
2023,m,92,UNKNOWN,9
2023,f,65,AZE,3
2023,m,76,LTU,5
2023,m,86,NLD,7
2023,f,50,YEM,2
2023,m,51,AFG,6
2023,f,123,UNKNOWN,5
2023,m,23,FIN,9
2023,f,57,PHL,8
2023,f,85,BLR,20
2023,f,115,BLR,2
2023,m,63,AZE,9
2023,f,86,UNKNOWN,7
2023,m,35,IRL,42
2023,m,28,COD,11
2023,m,33,NZL,6
2023,f,62,UNKNOWN,12
2023,m,54,PRT,37
2023,f,39,IRN,57
2023,m,1,KOR,9
2023,m,101,UNKNOWN,3
2023,m,68,MKD,5
2023,m,69,KAZ,6
2023,f,27,CRI,5
2023,f,5,FRA,24
2023,m,37,TWN,21
2023,m,33,ZAF,19
2023,m,59,PRT,32
2023,f,24,THA,25
2023,m,61,PER,3
2023,f,41,EGY,13
2023,f,83,SWE,24
2023,m,36,BIH,28
2023,m,61,UNKNOWN,5
2023,f,29,THA,31
2023,m,68,LVA,7
2023,m,61,JOR,3
2023,f,27,CHE,9
2023,m,60,TUN,7
2023,m,26,URY,1
2023,f,28,IRL,11
2023,m,9,PHL,5
2023,m,13,ESP,22
2023,m,61,PAK,7
2023,f,35,COG,7
2023,m,43,FIN,20
2023,m,49,SVN,12
2023,m,77,ESP,7
2023,m,9,ZWE,4
2023,f,1,SWE,4
2023,f,41,LVA,40
2023,f,56,TJK,2
2023,m,19,DNK,10
2023,m,25,SWE,19
2023,f,56,FIN,9
2023,f,32,TUN,21
2023,m,95,GRC,16
2023,f,97,SWE,8
2023,m,66,MAR,1
2023,m,27,ARE,2
2023,m,51,BRA,17
2023,f,21,GTM,7
2023,m,21,MNG,18
2023,m,25,YEM,14
2023,m,29,AGO,17
2023,f,5,BGR,67
2023,m,46,AFG,7
2023,f,77,AUT,25
2023,f,30,NER,6
2023,f,7,NOR,2
2023,f,30,GTM,7
2023,m,78,IND,3
2023,m,24,JOR,36
2023,f,53,JPN,42
2023,f,29,HUN,44
2023,m,48,BOL,2
2023,m,21,DNK,13
2023,m,67,SRB,11
2023,m,21,SVK,29
2023,m,33,AGO,18
2023,f,63,LVA,8
2023,f,36,URY,1
2023,f,42,UNKNOWN,18
2023,f,54,VEN,3
2023,f,59,UZB,8
2023,m,50,CAN,27
2023,m,50,NOR,35
2023,f,69,AUS,2
2023,m,49,GHA,5
2023,f,94,GBR,2
2023,m,30,GTM,9
2023,m,33,UNKNOWN,22
2023,f,27,CMR,13
2023,m,24,FIN,15
2023,f,26,MDG,3
2023,f,15,MKD,1
2023,f,77,LVA,2
2023,m,37,GHA,17
2023,m,55,DNK,60
2023,f,12,USA,28
2023,m,12,IRL,8
2023,m,70,ISR,19
2023,f,1,ZWE,13
2023,m,74,JPN,21
2023,m,39,MEX,56
2023,m,62,COD,1
2023,m,57,FIN,22
2023,m,47,YUG,5
2023,f,71,FRA,26
2023,f,89,UNKNOWN,4
2023,f,35,JPN,41
2023,f,2,AFG,10
2023,m,27,PSE,6
2023,m,50,AFG,6
2023,f,43,MEX,12
2023,f,19,RWA,8
2023,m,71,IRN,2
2023,f,24,BRA,26
2023,f,41,GTM,3
2023,f,42,MKD,7
2023,f,9,BRA,18
2023,m,36,MEX,67
2023,f,51,BRA,15
2023,m,63,PRT,19
2023,f,45,GRC,18
2023,m,8,CHE,4
2023,f,3,AGO,2
2023,f,48,LVA,19
2023,f,30,AUS,9
2023,m,60,SVK,34
2023,m,80,DNK,19
2023,f,0,HRV,1
2023,f,5,MNE,2
2023,f,33,SAU,29
2023,f,1,UZB,6
2023,f,75,IRQ,1
2023,m,55,VAT,1
2023,f,68,GEO,17
2023,f,33,PAK,28
2023,m,70,FIN,16
2023,m,9,JPN,22
2023,m,91,RUS,7
2023,m,46,MNG,10
2023,m,40,VEN,16
2023,m,62,AUS,9
2023,m,88,CAN,4
2023,f,22,CZE,29
2023,m,34,PER,22
2023,f,92,USA,2
2023,f,32,RWA,20
2023,f,5,ARG,6
2023,m,43,SEN,2
2023,f,24,TWN,24
2023,m,62,TKM,3
2023,f,48,GRC,3
2023,m,72,YUG,5
2023,m,65,LVA,11
2023,f,29,MNG,21
2023,m,55,PER,9
2023,f,9,ESP,13
2023,f,36,EST,18
2023,m,9,ALB,2
2023,f,56,HUN,11
2023,f,25,NER,4
2023,m,43,DNK,39
2023,m,47,SVN,16
2023,f,51,ISR,11
2023,m,4,PHL,2
2023,f,72,ALB,2
2023,f,69,HUN,14
2023,m,32,UGA,13
2023,m,40,EST,21
2023,m,56,MKD,9
2023,m,75,USA,41
2023,f,52,MNG,20
2023,m,53,CHE,23
2023,f,18,AUS,3
2023,f,58,MKD,2
2023,f,62,UZB,5
2023,f,72,ITA,9
2023,m,42,EST,18
2023,f,42,COL,36
2023,m,13,JPN,16
2023,f,11,JOR,3
2023,f,45,SOM,1
2023,f,14,MNG,8
2023,m,21,SVN,5
2023,m,54,CHL,3
2023,f,78,BGR,13
2023,f,16,ALB,2
2023,m,57,CUB,4
2023,m,55,JOR,10
2023,m,64,EST,4
2023,f,72,SVK,4
2023,f,38,ALB,14
2023,m,47,TWN,15
2023,m,0,PAK,12
2023,f,112,GRC,1
2023,m,76,SYR,9
2023,f,34,GHA,5
2023,f,19,BGD,7
2023,f,9,CAN,4
2023,m,7,AFG,8
2023,f,2,AGO,1
2023,m,57,BGD,3
2023,f,98,SWE,11
2023,f,38,SEN,2
2023,m,8,COD,1
2023,m,102,GRC,6
2023,f,13,IRL,4
2023,m,81,JPN,5
2023,f,0,BGD,25
2023,m,68,SYR,7
2023,f,100,DEU,27
2023,f,109,USA,3
2023,m,51,BIH,21
2023,m,32,YEM,9
2023,m,2,ETH,2
2023,f,119,UNKNOWN,2
2023,f,53,BEL,15
2023,f,28,SWE,32
2023,f,122,USA,1
2023,f,107,RUS,1
2023,m,81,USA,18
2023,m,28,BEL,38
2023,f,16,GRC,3
2023,m,48,SYR,27
2023,m,13,GRC,4
2023,f,33,GBR,53
2023,m,35,PER,25
2023,f,15,MDA,36
2023,f,29,MKD,3
2023,m,21,LBY,3
2023,f,23,SVK,21
2023,m,31,CHE,13
2023,f,21,ZMB,6
2023,m,69,HUN,16
2023,m,60,SRB,33
2023,f,40,ESP,68
2023,m,56,AZE,49
2023,m,33,BIH,18
2023,m,23,SEN,3
2023,m,118,GRC,4
2023,m,1,SAU,2
2023,m,56,ESP,73
2023,m,66,GEO,89
2023,f,26,CRI,3
2023,f,18,SWE,12
2023,m,31,BOL,5
2023,f,26,LUX,1
2023,m,21,YEM,10
2023,f,13,TUR,33
2023,f,53,COL,17
2023,f,28,MKD,5
2023,m,68,DNK,26
2023,f,27,MYS,9
2023,f,49,BGD,2
2023,m,74,CHE,10
2023,m,112,FRA,3
2023,m,51,ISL,4
2023,f,45,IRN,14
2023,f,30,AFG,11
2023,f,54,DNK,17
2023,m,43,CUB,15
2023,m,111,USA,5
2023,m,36,RWA,18
2023,f,29,MCO,1
2023,f,8,JPN,13
2023,f,14,IDN,2
2023,f,6,UZB,15
2023,m,11,DEU,40
2023,m,62,BOL,1
2023,f,20,ZAF,11
2023,m,59,HRV,13
2023,m,63,CHE,20
2023,m,105,DEU,10
2023,m,13,CRI,3
2023,m,49,ZWE,16
2023,f,34,LBN,5
2023,m,46,ZAF,14
2023,f,26,LTU,55
2023,f,38,NPL,76
2023,m,18,SWE,8
2023,f,6,KAZ,14
2023,m,35,CHE,16
2023,m,5,NLD,10
2023,f,47,SUR,1
2023,f,43,PNG,1
2023,m,29,NAM,4
2023,f,81,ALB,2
2023,f,66,NZL,1
2023,m,94,HUN,1
2023,f,46,TWN,11
2023,m,23,SVN,5
2023,m,75,VNM,27
2023,f,70,UNKNOWN,10
2023,f,96,ARM,1
2023,f,75,TUR,3
2023,m,10,BRA,7
2023,m,66,AUS,3
2023,f,12,SRB,5
2023,f,23,PHL,17
2023,m,11,IRQ,6
2023,m,19,MOZ,6
2023,m,4,KAZ,7
2023,f,22,GBR,22
2023,f,27,ZMB,6
2023,f,10,USA,28
2023,f,89,VNM,7
2023,f,9,NLD,14
2023,m,24,UGA,12
2023,m,61,BRA,3
2023,f,48,EST,7
2023,f,35,CIV,2
2023,f,44,MEX,18
2023,f,35,CMR,13
2023,f,21,MOZ,10
2023,m,91,ITA,10
2023,f,40,IRL,11
2023,m,46,YEM,9
2023,m,34,HRV,47
2023,m,52,TJK,22
2023,f,14,SVK,11
2023,m,34,BOL,5
2023,f,27,AFG,16
2023,m,13,NOR,6
2023,f,6,ISR,10
2023,f,30,TWN,15
2023,f,25,YEM,4
2023,m,91,VNM,6
2023,m,82,CAN,6
2023,m,34,SDN,7
2023,m,54,IRQ,12
2023,f,57,BEL,10
2023,f,13,IDN,2
2023,m,30,YEM,14
2023,m,61,IRQ,23
2023,m,35,SEN,2
2023,m,55,MAR,8
2023,f,95,SWE,11
2023,m,78,JPN,8
2023,m,54,GIN,2
2023,m,24,KWT,2
2023,m,72,MDA,11
2023,m,15,KOR,68
2023,f,4,CIV,1
2023,f,67,UNKNOWN,10
2023,f,48,BEL,14
2023,f,27,UGA,15
2023,f,5,NLD,12
2023,f,91,UNKNOWN,14
2023,f,54,LTU,53
2023,m,54,TJK,12
2023,f,65,THA,4
2023,f,32,SDN,2
2023,m,30,DNK,31
2023,f,57,EST,3
2023,m,19,NLD,20
2023,f,30,GHA,9
2023,f,64,FIN,12
2023,m,82,UNKNOWN,18
2023,m,56,YUG,6
2023,m,64,DZA,9
2023,m,68,IRQ,6
2023,m,59,COG,3
2023,f,28,GRC,34
2023,m,70,ESP,9
2023,m,100,CAN,1
2023,f,36,NOR,12
2023,f,107,SWE,4
2023,f,54,IRL,8
2023,f,90,RUS,21
2023,m,48,MYS,7
2023,f,41,BIH,4
2023,f,91,BRA,1
2023,f,32,NER,4
2023,m,17,FRA,42
2023,m,66,KOR,32
2023,f,13,ITA,16
2023,m,53,ISR,32
2023,m,72,IND,19
2023,m,60,KAZ,9
2023,f,64,UNKNOWN,11
2023,f,42,ZWE,30
2023,f,3,EGY,15
2023,m,64,PHL,1
2023,m,18,FIN,7
2023,m,59,LKA,5
2023,f,53,MKD,5
2023,m,57,TUN,12
2023,m,51,CAN,20
2023,f,98,BLR,2
2023,f,17,AZE,8
2023,f,7,CRI,1
2023,m,82,CZE,3
2023,f,35,CUB,12
2023,m,23,SYR,21
2023,m,23,AGO,6
2023,f,29,AGO,10
2023,m,41,IRQ,37
2023,m,21,SDN,10
2023,m,84,RUS,18
2023,f,21,SYR,9
2023,f,110,UNKNOWN,2
2023,f,68,ARG,2
2023,f,58,CHN,71
2023,m,58,ISR,23
2023,f,74,ISR,4
2023,f,45,IRL,20
2023,m,77,GRC,12
2023,m,71,IND,24
2023,f,31,ISR,10
2023,m,101,ISR,1
2023,f,93,RUS,12
2023,m,35,COG,13
2023,f,42,AGO,5
2023,f,4,AFG,10
2023,m,6,TZA,1
2023,m,7,PRT,7
2023,f,71,THA,2
2023,f,29,ZAF,14
2023,f,38,HRV,22
2023,m,29,YEM,11
2023,m,6,HRV,2
2023,m,54,MNG,8
2023,m,25,MLI,5
2023,f,22,NGA,49
2023,f,42,LKA,6
2023,f,35,KGZ,31
2023,f,63,DNK,23
2023,f,28,ARG,13
2023,f,52,NPL,8
2023,f,36,RWA,10
2023,f,6,ARM,24
2023,m,18,UNKNOWN,13
2023,f,28,IRQ,8
2023,m,38,LBN,22
2023,m,20,TZA,5
2023,m,34,CIV,5
2023,m,21,TUN,12
2023,m,71,MLT,2
2023,f,32,IRL,5
2023,m,34,UNKNOWN,20
2023,m,12,ISR,5
2023,f,54,SVN,2
2023,f,68,TUR,6
2023,m,59,TZA,2
2023,m,82,JOR,1
2023,f,65,UNKNOWN,15
2023,m,0,BRA,15
2023,m,4,SWE,7
2023,f,77,GRC,3
2023,f,70,KAZ,7
2023,f,28,SAU,26
2023,f,6,ZWE,3
2023,f,17,ARG,2
2023,m,85,SWE,21
2023,m,38,BEL,64
2023,f,35,SVN,6
2023,f,71,CZE,14
2023,m,34,ZAF,22
2023,f,66,TUR,8
2023,m,86,SYR,4
2023,f,50,IRL,17
2023,m,81,UNKNOWN,20
2023,f,14,NGA,3
2023,m,60,IRN,13
2023,f,36,FIN,17
2023,m,3,SVK,12
2023,m,48,SVN,15
2023,f,10,LTU,14
2023,m,41,NOR,41
2023,f,33,MKD,5
2023,m,41,LBN,12
2023,f,23,FIN,14
2023,m,9,AUT,7
2023,m,69,YUG,7
2023,m,26,NAM,3
2023,m,16,AUT,6
2023,m,93,BLR,2
2023,m,6,CRI,1
2023,f,11,NLD,10
2023,m,49,RWA,1
2023,m,61,DNK,61
2023,f,72,DNK,19
2023,f,79,UNKNOWN,5
2023,f,83,UNKNOWN,25
2023,m,27,PRK,1
2023,m,67,BRA,1
2023,m,28,AUS,12
2023,f,55,MNG,17
2023,f,25,EGY,30
2023,f,91,RUS,13
2023,m,98,GBR,2
2023,m,94,ITA,6
2023,f,64,ITA,10
2023,f,76,GRC,3
2023,m,7,YEM,2
2023,f,41,SGP,5
2023,m,2,LBY,2
2023,m,64,LBY,10
2023,f,22,LBY,8
2023,f,28,JOR,14
2023,m,26,GMB,5
2023,m,69,KGZ,1
2023,f,80,HUN,5
2023,m,35,ZAF,12
2023,f,37,SWE,34
2023,f,32,ARG,14
2023,f,86,VNM,13
2023,f,10,TJK,9
2023,f,17,TJK,9
2023,m,96,DZA,1
2023,m,70,LTU,7
2023,f,6,IRN,7
2023,m,43,UNKNOWN,18
2023,f,54,UZB,9
2023,f,58,ETH,1
2023,f,32,GHA,10
2023,f,34,FIN,28
2023,m,23,ZAF,24
2023,m,40,BOL,5
2023,f,79,ITA,6
2023,m,34,EST,21
2023,f,0,DEU,10
2023,f,2,SRB,4
2023,f,43,HND,1
2023,m,66,IRL,16
2023,f,64,GEO,51
2023,f,39,TUN,5
2023,f,21,PER,3
2023,m,100,UNKNOWN,7
2023,m,19,IRL,7
2023,f,75,KAZ,7
2023,m,90,UNKNOWN,6
2023,m,26,SEN,5
2023,m,24,LUX,4
2023,f,6,MAR,2
2023,m,18,BIH,1
2023,f,16,BRA,10
2023,m,9,CAN,4
2023,m,70,DZA,12
2023,m,44,KOSOVO,30
2023,m,11,BGD,3
2023,f,67,EGY,2
2023,f,78,LTU,9
2023,m,61,UNKNOWN,16
2023,f,65,ISR,6
2023,f,57,CHE,5
2023,f,69,GRC,10
2023,m,80,JPN,4
2023,f,52,ESP,35
2023,m,61,MEX,4
2023,f,35,PRK,33
2023,f,55,CAN,10
2023,m,34,PRK,2
2023,m,29,DZA,80
2023,f,37,SVK,58
2023,m,60,DNK,61
2023,f,9,KAZ,13
2023,f,79,IND,8
2023,m,80,CHN,9
2023,m,46,MEX,41
2023,f,56,BEL,15
2023,f,37,DZA,7
2023,m,83,SWE,25
2023,f,15,BRA,7
2023,f,69,CHN,35
2023,m,67,CHE,13
2023,m,35,YEM,3
2023,f,9,NPL,2
2023,f,44,YEM,5
2023,f,16,NLD,17
2023,m,19,FIN,9
2023,m,10,FRA,31
2023,f,29,JOR,10
2023,f,41,IRL,14
2023,m,27,CAN,19
2023,f,19,NPL,10
2023,m,11,SVN,3
2023,f,92,RUS,14
2023,m,67,CZE,37
2023,m,73,ISR,11
2023,f,31,FIN,22
2023,f,55,BEL,16
2023,m,98,FRA,4
2023,m,14,CHE,3
2023,m,39,OMN,1
2023,m,35,GHA,22
2023,f,15,TWN,2
2023,m,51,TKM,25
2023,f,45,HUN,29
2023,f,42,SUR,3
2023,f,4,JPN,11
2023,f,26,HRV,22
2023,f,13,GBR,16
2023,m,29,OMN,10
2023,f,38,LKA,5
2023,m,25,BDI,6
2023,m,84,CAN,4
2023,f,56,ESP,28
2023,m,61,DZA,11
2023,f,0,PAK,10
2023,m,2,PRT,6
2023,f,60,LTU,24
2023,f,14,COD,1
2023,f,21,IRN,18
2023,m,47,AUS,18
2023,f,76,VNM,23
2023,f,33,IRQ,10
2023,m,18,MEX,6
2023,f,21,HUN,14
2023,f,81,LTU,7
2023,m,19,ARM,19
2023,f,59,DZA,2
2023,m,44,MNG,26
2023,f,33,AUT,32
2023,m,31,COM,4
2023,f,0,AZE,35
2023,f,41,TGO,1
2023,f,18,ETH,1
2023,m,30,PER,23
2023,f,26,TUN,22
2023,m,45,KOSOVO,20
2023,f,47,ITA,44
2023,f,47,SVK,51
2023,m,26,ECU,7
2023,m,34,BIH,16
2023,m,9,KAZ,15
2023,m,38,UGA,9
2023,m,6,SWE,12
2023,f,27,BGD,36
2023,f,49,SVN,4
2023,f,81,SVN,2
2023,m,30,OMN,2
2023,f,25,ZMB,4
2023,m,85,BGR,4
2023,f,0,LKA,1
2023,m,84,BGR,8
2023,m,8,NLD,13
2023,m,52,BIH,15
2023,m,2,ESP,8
2023,f,37,YEM,8
2023,m,23,CYP,7
2023,m,40,KOSOVO,26
2023,f,67,ALB,2
2023,f,42,ZAF,9
2023,f,63,CHN,44
2023,m,23,AFG,22
2023,m,52,ZAF,12
2023,m,80,CZE,9
2023,f,73,KAZ,4
2023,f,61,KOR,26
2023,m,58,ALB,3
2023,f,1,PHL,11
2023,f,35,SRB,28
2023,m,37,TZA,8
2023,f,13,NLD,14
2023,m,62,MRT,1
2023,m,23,MEX,24
2023,m,0,EGY,10
2023,m,80,AFG,2
2023,f,19,ZAF,5
2023,f,9,LBN,1
2023,f,39,YEM,2
2023,m,4,THA,2
2023,m,48,ZAF,16
2023,m,49,MAR,14
2023,f,31,AGO,13
2023,m,31,VAT,2
2023,f,38,KHM,1
2023,f,34,LBY,4
2023,f,22,MNE,4
2023,f,16,FRA,35
2023,f,26,COM,2
2023,f,40,EST,11
2023,m,54,YEM,10
2023,f,30,RWA,19
2023,f,41,PAK,11
2023,f,55,KGZ,13
2023,f,22,THA,14
2023,f,10,KAZ,15
2023,f,86,CHN,7
2023,f,37,TJK,7
2023,m,71,DZA,7
2023,f,60,BEL,9
2023,f,15,NLD,13
2023,m,64,THA,13
2023,m,49,MNG,19
2023,f,28,PAN,2
2023,f,21,NZL,2
2023,m,41,UNKNOWN,17
2023,f,44,PAK,10
2023,f,0,ARG,2
2023,f,27,MNE,4
2023,m,3,LKA,1
2023,f,29,PAK,34
2023,m,3,MNG,8
2023,f,12,PHL,3
2023,m,55,NGA,13
2023,m,39,RWA,12
2023,f,0,EGY,12
2023,f,66,KAZ,11
2023,m,47,COM,1
2023,f,52,EST,3
2023,m,61,HRV,8
2023,m,68,MNE,1
2023,m,76,HRV,3
2023,m,28,AUT,34
2023,m,53,SYC,2
2023,m,77,NOR,21
2023,f,1,ISR,13
2023,m,3,JPN,11
2023,m,56,NOR,29
2023,f,30,JOR,9
2023,f,2,TZA,1
2023,m,38,HRV,25
2023,m,23,MLT,4
2023,f,43,MKD,6
2023,f,24,SWE,12
2023,m,2,EGY,2
2023,m,36,CIV,4
2023,f,8,LBY,1
2023,f,66,KOR,12
2023,f,22,NAM,4
2023,f,30,PAK,33
2023,m,81,VNM,17
2023,f,46,BRA,18
2023,f,11,MKD,1
2023,f,2,NLD,9
2023,m,58,KOSOVO,10
2023,f,20,MMR,7
2023,f,61,MNG,8
2023,f,5,CHE,1
2023,f,16,TWN,1
2023,m,45,CUB,14
2023,m,21,CZE,18
2023,m,73,SYR,3
2023,m,58,IRN,8
2023,f,68,UNKNOWN,14
2023,m,44,MKD,14
2023,f,99,RUS,7
2023,f,53,UZB,10
2023,f,46,MAR,3
2023,m,15,AUS,4
2023,f,109,DEU,11
2023,m,11,MEX,2
2023,f,86,CHE,4
2023,f,12,DNK,2
2023,m,75,IRN,4
2023,m,52,EST,15
2023,f,48,LKA,5
2023,m,59,SYR,28
2023,f,71,NOR,3
2023,m,44,GHA,8
2023,m,89,ARM,4
2023,m,29,LBY,11
2023,f,63,NOR,6
2023,m,4,CHN,51
2023,f,36,TWN,22
2023,m,27,MUS,4
2023,f,72,BGR,18
2023,f,24,SYR,14
2023,m,29,HND,4
2023,f,66,MAR,4
2023,f,17,CHN,32
2023,f,33,SVN,12
2023,m,72,KOR,8
2023,m,23,HRV,13
2023,m,12,HRV,6
2023,f,24,TUN,20
2023,m,1,PHL,23
2023,f,7,PRT,10
2023,m,7,AZE,17
2023,f,23,ECU,9
2023,m,1,YEM,2
2023,m,12,PAK,6
2023,f,52,ALB,1
2023,f,37,BEL,12
2023,m,65,AZE,9
2023,m,44,CRI,5
2023,m,7,CZE,12
2023,f,35,SYR,15
2023,m,10,IRQ,10
2023,m,29,SOM,10
2023,m,15,TJK,7
2023,f,31,NOR,19
2023,f,26,SDN,4
2023,m,22,IRL,14
2023,m,42,SVN,13
2023,m,68,LUX,2
2023,f,15,MNG,3
2023,f,41,TUN,7
2023,m,65,THA,7
2023,f,47,TUR,48
2023,f,0,KAZ,10
2023,f,3,COL,3
2023,f,34,SAU,11
2023,f,44,TWN,12
2023,m,56,KGZ,14
2023,f,69,IRL,4
2023,f,23,COD,14
2023,m,46,SYR,36
2023,f,101,SWE,6
2023,m,52,TKM,24
2023,m,58,COL,10
2023,f,41,COD,2
2023,f,20,NLD,33
2023,f,85,ROU,2
2023,f,60,MEX,2
2023,f,57,ESP,23
2023,f,87,BGR,1
2023,f,0,EST,1
2023,f,60,NLD,12
2023,f,67,PHL,5
2023,f,80,CZE,2
2023,f,40,VEN,5
2023,f,2,BRA,11
2023,m,22,TWN,20
2023,m,82,YUG,1
2023,m,9,BIH,3
2023,f,63,ESP,6
2023,m,99,ISR,1
2023,f,7,BRA,13
2023,f,21,BIH,2
2023,m,25,THA,15
2023,m,51,AUS,14
2023,m,49,LKA,16
2023,m,65,NGA,4
2023,m,19,PSE,2
2023,m,21,IRN,23
2023,m,63,IRN,5
2023,m,48,SAU,6
2023,m,32,CHE,15
2023,m,5,UNKNOWN,11
2023,m,0,SYR,10
2023,f,60,UNKNOWN,7
2023,f,21,MMR,13
2023,f,68,MNG,12
2023,f,79,CHN,5
2023,f,30,VEN,14
2023,f,35,TZA,4
2023,m,45,ECU,3
2023,f,36,AGO,2
2023,f,12,SVN,2
2023,f,7,HUN,8
2023,m,86,SWE,16
2023,f,16,ESP,18
2023,m,56,SVN,7
2023,f,25,SGP,5
2023,m,71,BLR,73
2023,f,10,CAN,5
2023,f,36,KOSOVO,5
2023,m,21,TKM,26
2023,m,68,IDN,4
2023,m,12,SYR,12
2023,m,3,PAK,12
2023,f,22,ARM,26
2023,f,49,EST,8
2023,m,38,NIC,2
2023,f,71,BGR,16
2023,m,61,AUS,7
2023,f,66,ISR,6
2023,m,62,EST,4
2023,f,56,ALB,3
2023,m,37,NZL,4
2023,f,58,PER,5
2023,f,88,MNG,2
2023,m,77,IRN,2
2023,m,23,NER,8
2023,m,43,GMB,10
2023,f,55,MYS,4
2023,m,8,ZWE,5
2023,m,54,ISL,5
2023,m,0,CHN,24
2023,m,12,YEM,2
2023,f,74,SYR,5
2023,m,44,UNKNOWN,14
2023,m,50,SAU,2
2023,m,76,CHN,8
2023,f,3,JPN,8
2023,m,56,BIH,22
2023,m,27,BOL,8
2023,f,22,CMR,1
2023,m,63,SRB,25
2023,m,48,MLT,3
2023,m,69,BIH,8
2023,f,36,KEN,15
2023,m,57,TWN,5
2023,f,37,JPN,36
2023,m,55,UNKNOWN,7
2023,m,5,AFG,10
2023,f,59,KGZ,5
2023,f,20,BEL,10
2023,m,26,LUX,1
2023,m,27,NIC,1
2023,f,39,BEL,12
2023,f,16,VEN,1
2023,f,18,NZL,1
2023,f,31,MUS,5
2023,f,23,MYS,9
2023,m,93,UNKNOWN,9
2023,f,23,KOSOVO,10
2023,m,99,CAN,1
2023,f,6,SVK,6
2023,f,18,IND,51
2023,f,48,NPL,20
2023,f,40,BEL,17
2023,m,13,AZE,10
2023,f,67,ARM,39
2023,f,34,VEN,12
2023,f,49,KGZ,24
2023,f,40,LSO,2
2023,f,30,YUG,1
2023,m,103,USA,6
2023,m,18,THA,3
2023,m,57,LBY,13
2023,f,68,HUN,10
2023,m,14,YEM,2
2023,f,48,TUR,34
2023,m,43,CMR,13
2023,m,19,ITA,28
2023,m,39,URY,2
2023,m,78,AUS,5
2023,f,85,UNKNOWN,6
2023,f,40,MEX,18
2023,m,72,TUR,17
2023,f,17,PER,4
2023,f,28,AGO,7
2023,f,75,COL,1
2023,f,43,ZAF,12
2023,m,54,LKA,8
2023,m,38,SGP,4
2023,f,76,HRV,1
2023,f,3,LTU,11
2023,m,37,UNKNOWN,20
2023,m,32,FIN,48
2023,f,57,PAK,2
2023,m,16,NGA,2
2023,m,79,VNM,8
2023,f,33,LBN,8
2023,m,75,IND,6
2023,f,37,LVA,46
2023,m,78,RUS,23
2023,m,76,BLR,32
2023,f,25,MKD,4
2023,f,20,BGD,11
2023,m,9,TJK,10
2023,f,55,VEN,4
2023,m,25,GMB,6
2023,f,7,AFG,7
2023,m,50,GRD,1
2023,f,46,KGZ,22
2023,m,108,DEU,6
2023,f,54,AZE,15
2023,m,67,MEX,1
2023,m,54,DZA,22
2023,f,48,TKM,12
2023,f,28,SYR,16
2023,m,28,SAU,31
2023,f,62,ITA,19
2023,m,25,PSE,12
2023,m,40,ISR,47
2023,m,43,BOL,3
2023,m,72,BRA,3
2023,f,31,BDI,1
2023,f,10,ZAF,3
2023,f,65,BRA,4
2023,m,33,SVN,15
2023,m,20,ARG,11
2023,m,2,GRC,8
2023,m,31,COD,12
2023,m,9,GEO,65
2023,m,3,USA,20
2023,f,10,LVA,4
2023,m,58,CAN,24
2023,m,31,ISR,23
2023,f,12,HUN,5
2023,f,11,TUR,34
2023,m,62,TWN,1
2023,m,44,LAO,7
2023,f,19,SLV,1
2023,f,96,SWE,7
2023,f,27,VEN,20
2023,f,97,GRC,7
2023,m,45,RWA,4
2023,m,45,CAN,25
2023,m,64,UNKNOWN,15
2023,f,31,DOM,6
2023,f,50,CHE,6
2023,f,29,DNK,22
2023,f,59,LTU,32
2023,f,20,CZE,16
2023,m,72,HRV,10
2023,m,23,NOR,20
2023,f,67,UNKNOWN,11
2023,f,48,PRK,6
2023,m,27,PNG,3
2023,f,33,SYR,13
2023,m,22,SRB,32
2023,f,30,LBN,6
2023,m,19,VEN,7
2023,m,101,ITA,5
2023,m,19,ETH,4
2023,f,58,AZE,6
2023,f,49,IDN,21
2023,m,51,CYP,6
2023,f,75,IND,12
2023,m,37,PSE,2
2023,m,18,NLD,20
2023,f,22,COD,7
2023,m,36,PRK,4
2023,f,58,BEL,8
2023,m,34,HND,4
2023,f,3,TJK,5
2023,f,99,UNKNOWN,12
2023,m,27,CIV,2
2023,f,19,SVK,3
2023,m,23,GHA,18
2023,f,29,IRL,12
2023,f,54,CHL,1
2023,m,26,GTM,14
2023,m,58,SVN,5
2023,m,7,BEL,6
2023,f,75,PHL,2
2023,f,23,ALB,22
2023,f,7,FIN,3
2023,f,74,CZE,16
2023,m,58,HRV,13
2023,f,45,MEX,17
2023,m,50,PRK,31
2023,m,70,VEN,4
2023,m,30,ECU,5
2023,m,0,DNK,1
2023,f,87,BLR,18
2023,f,12,ESP,20
2023,m,74,IRQ,5
2023,m,34,MOZ,1
2023,m,32,ZAF,24
2023,m,27,CHE,10
2023,f,100,GRC,6
2023,f,35,ZAF,21
2023,f,16,SRB,1
2023,m,23,MRT,1
2023,m,22,SWE,22
2023,f,30,ISR,7
2023,m,7,SWE,8
2023,m,0,TUR,39
2023,m,43,MLT,7
2023,f,49,MYS,7
2023,f,32,EGY,27
2023,f,0,DZA,5
2023,f,53,ZAF,8
2023,f,26,CUB,12
2023,f,9,CZE,10
2023,f,50,PER,5
2023,f,19,AZE,26
2023,f,56,TUR,15
2023,m,39,CUB,32
2023,f,9,SVK,7
2023,m,50,AUS,18
2023,f,60,SVK,19
2023,m,65,IND,21
2023,f,63,FRA,37
2023,m,22,VEN,14
2023,f,47,BOL,2
2023,f,98,UNKNOWN,7
2023,f,40,DNK,9
2023,m,29,NZL,3
2023,m,64,ISR,14
2023,f,60,IRQ,1
2023,f,89,SWE,16
2023,m,25,TZA,9
2023,f,70,NLD,12
2023,m,42,LBN,22
2023,m,60,ECU,1
2023,f,49,LVA,27
2023,f,71,GRC,8
2023,f,39,SGP,2
2023,m,27,MDG,1
2023,f,3,AFG,14
2023,m,34,MKD,10
2023,m,89,USA,5
2023,m,19,KEN,11
2023,m,43,PER,9
2023,m,86,USA,15
2023,m,32,LBY,10
2023,m,24,ZMB,4
2023,m,35,JPN,44
2023,m,30,AGO,15
2023,f,24,KHM,2
2023,f,23,LBN,11
2023,m,54,BOL,2
2023,m,58,GTM,1
2023,m,48,MNG,12
2023,m,58,CHE,27
2023,m,6,ZWE,6
2023,m,5,JPN,8
2023,m,42,SEN,5
2023,m,72,CAN,17
2023,f,38,THA,44
2023,m,25,CMR,16
2023,m,35,MNE,5
2023,f,11,JPN,16
2023,m,62,NOR,20
2023,f,53,CAN,15
2023,m,28,LBY,7
2023,m,55,BRA,9
2023,f,75,MDA,3
2023,f,23,PRK,2
2023,m,68,JOR,4
2023,m,23,QAT,6
2023,m,10,TUR,32
2023,m,32,AFG,38
2023,f,37,TKM,17
2023,m,10,AFG,11
2023,m,73,LBY,4
2023,f,22,LVA,14
2023,f,28,BOL,3
2023,m,28,UNKNOWN,19
2023,f,39,BGD,8
2023,m,9,CZE,9
2023,m,66,IND,22
2023,f,19,NGA,33
2023,f,12,ARM,23
2023,f,83,ARM,14
2023,f,41,LBN,2
2023,m,123,FRA,1
2023,m,70,BEL,25
2023,m,35,NOR,22
2023,f,29,NAM,1
2023,m,33,BOL,6
2023,m,12,UZB,6
2023,m,58,UNKNOWN,10
2023,f,26,CAN,14
2023,f,28,GTM,7
2023,f,59,AFG,3
2023,m,17,NGA,6
2023,m,35,GTM,10
2023,f,11,AFG,6
2023,f,26,SVN,12
2023,m,20,AFG,11
2023,f,22,DZA,9
2023,f,90,GRC,9
2023,m,31,NAM,2
2023,m,54,THA,17
2023,f,22,LSO,1
2023,m,41,NER,5
2023,f,19,SAU,1
2023,f,33,CAN,28
2023,m,18,MOZ,5
2023,m,54,ARG,8
2023,f,72,NLD,8
2023,m,68,IND,16
2023,f,114,UNKNOWN,2
2023,f,23,MMR,3
2023,f,65,FRA,28
2023,m,29,SDN,3
2023,m,85,FIN,3
2023,m,67,PRK,6
2023,m,46,ISR,41
2023,m,59,MYS,4
2023,f,19,SEN,1
2023,f,56,NOR,13
2023,f,51,MYS,5
2023,f,29,NER,7
2023,m,67,THA,4
2023,m,26,NER,9
2023,f,37,NGA,32
2023,f,28,MYS,17
2023,m,25,MOZ,10
2023,m,20,LBY,6
2023,m,53,THA,21
2023,f,19,MMR,6
2023,f,61,DZA,1
2023,m,41,MYS,6
2023,m,59,LUX,2
2023,m,79,MNG,1
2023,f,88,CHN,4
2023,m,30,MDG,2
2023,f,22,ARG,14
2023,f,7,PAK,7
2023,f,7,MAR,2
2023,m,40,GTM,9
2023,m,18,COL,18
2023,m,7,ISR,9
2023,f,108,ITA,2
2023,f,6,MNG,4
2023,m,6,BEL,6
2023,f,74,MDA,4
2023,f,28,GHA,11
2023,m,32,CYP,6
2023,f,76,GBR,21
2023,f,39,CHL,7
2023,m,62,SVK,24
2023,f,39,AGO,3
2023,f,9,BGD,9
2023,f,40,GTM,4
2023,f,64,LUX,1
2023,f,0,LTU,2
2023,f,69,LTU,19
2023,f,108,UNKNOWN,3
2023,m,76,IRQ,8
2023,f,29,AUT,24
2023,m,20,AUS,5
2023,m,24,PRY,5
2023,m,56,AGO,1
2023,m,75,SYR,3
2023,f,67,ZAF,1
2023,f,36,CMR,7
2023,m,45,SAU,2
2023,m,15,DNK,7
2023,f,35,YUG,2
2023,f,7,SVK,10
2023,f,40,ISR,16
2023,f,34,CRI,6
2023,m,28,GHA,19
2023,f,8,AZE,22
2023,f,18,ISR,7
2023,m,65,AUS,12
2023,f,59,ZAF,8
2023,f,47,AUS,5
2023,f,38,SUR,2
2023,m,57,VEN,3
2023,f,75,ITA,14
2023,f,19,NOR,12
2023,m,21,CAN,10
2023,m,28,NER,11
2023,f,13,SDN,1
2023,f,68,MYS,1
2023,m,44,MLT,1
2023,f,61,SAU,1
2023,f,61,LVA,13
2023,m,22,CAN,9
2023,m,52,MNG,4
2023,m,52,SVN,18
2023,f,39,FIN,18
2023,f,85,ESP,1
2023,f,64,PRY,1
2023,f,18,YUG,2
2023,f,50,VEN,6
2023,m,11,IRL,10
2023,f,47,TWN,4
2023,m,51,SVN,16
2023,m,66,EGY,7
2023,m,51,HRV,31
2023,m,26,ZAF,16
2023,m,70,HRV,7
2023,f,58,ZAF,8
2023,m,61,CHE,13
2023,f,66,SRB,2
2023,f,5,AZE,19
2023,m,45,PER,11
2023,m,40,NER,7
2023,m,79,FRA,19
2023,f,91,BGR,3
2023,m,9,MKD,3
2023,m,5,LTU,21
2023,f,16,KWT,1
2023,m,20,NER,4
2023,f,34,SVN,11
2023,f,89,RUS,17
2023,m,80,BIH,1
2023,f,25,CMR,10
2023,f,21,UGA,6
2023,m,60,IRQ,14
2023,m,2,IRQ,5
2023,f,1,CAN,2
2023,m,73,IRN,3
2023,f,34,UZB,29
2023,f,4,DEU,28
2023,f,66,MEX,4
2023,f,0,USA,15
2023,m,20,LVA,19
2023,f,70,USA,41
2023,m,31,ISL,1
2023,f,47,SVN,10
2023,m,65,MNG,4
2023,m,71,ROU,11
2023,f,18,UNKNOWN,1
2023,m,39,AUT,67
2023,f,77,GEO,2
2023,f,26,FIN,20
2023,f,34,CHE,3
2023,f,48,SOM,3
2023,m,20,UGA,2
2023,m,47,CHL,5
2023,m,21,CHL,1
2023,f,82,LBN,1
2023,f,23,BGD,20
2023,m,20,DNK,4
2023,m,65,UNKNOWN,8
2023,f,100,SWE,9
2023,m,27,MNG,25
2023,m,62,SEN,1
2023,f,57,MOZ,1
2023,f,28,LBY,6
2023,f,33,COM,2
2023,f,55,TUR,10
2023,f,30,IRQ,10
2023,f,1,NPL,15
2023,f,13,HRV,3
2023,m,38,UNKNOWN,1
2023,m,69,THA,2
2023,m,53,CYP,4
2023,m,94,USA,9
2023,m,55,CUB,9
2023,f,51,HUN,21
2023,m,45,ARE,1
2023,f,3,GBR,10
2023,m,30,SVN,18
2023,f,83,MKD,1
2023,f,23,NOR,27
2023,f,4,BRA,12
2023,f,30,UGA,25
2023,f,51,AZE,14
2023,m,55,GRC,33
2023,m,79,BEL,21
2023,f,76,SVK,5
2023,f,74,FIN,6
2023,f,100,UKR,7
2023,f,100,CAN,2
2023,f,78,LVA,3
2023,m,47,HRV,34
2023,m,19,SVN,2
2023,m,45,BIH,18
2023,m,31,NER,16
2023,f,7,NLD,18
2023,m,66,KGZ,1
2023,f,36,ITA,83
2023,f,36,CHE,7
2023,m,101,LTU,2
2023,f,32,UNKNOWN,1
2023,f,83,GBR,4
2023,f,7,ETH,2
2023,m,92,BLR,2
2023,f,46,IRL,12
2023,m,53,GTM,1
2023,m,34,HTI,5
2023,f,24,NER,7
2023,m,58,FIN,17
2023,f,44,SRB,12
2023,m,16,SYR,8
2023,f,20,VEN,7
2023,m,26,VEN,16
2023,f,26,IRQ,8
2023,f,2,ARG,7
2023,f,29,LKA,13
2023,m,85,ARM,6
2023,m,27,MKD,8
2023,f,55,TKM,9
2023,f,75,EST,1
2023,f,32,ETH,7
2023,m,53,BGD,24
2023,f,70,PHL,1
2023,f,37,ARG,12
2023,f,54,MNG,8
2023,m,63,LBY,13
2023,f,62,MLT,1
2023,m,6,MEX,4
2023,m,32,SEN,8
2023,m,7,GRC,9
2023,f,42,PAK,8
2023,f,13,EST,2
2023,f,27,MLI,1
2023,f,45,LBN,2
2023,f,27,MKD,8
2023,f,39,CMR,12
2023,f,31,BIH,2
2023,m,65,DZA,10
2023,f,82,AUT,13
2023,m,64,PER,3
2023,m,54,EST,10
2023,m,36,SGP,8
2023,f,79,BRA,2
2023,m,65,HRV,6
2023,f,63,PAK,2
2023,f,38,SDN,3
2023,m,20,UNKNOWN,20
2023,m,61,MAR,3
2023,m,52,SVK,49
2023,m,82,SYR,3
2023,m,43,ZAF,12
2023,f,69,COL,1
2023,m,49,LBN,12
2023,m,10,UNKNOWN,13
2023,m,10,JPN,8
2023,f,71,HRV,1
2023,m,93,RUS,10
2023,m,48,TUN,21
2023,f,65,KAZ,14
2023,m,55,CHE,22
2023,m,44,ECU,5
2023,f,32,KGZ,34
2023,m,15,MEX,4
2023,m,7,LTU,11
2023,f,0,RWA,5
2023,f,49,GRC,8
2023,m,70,PHL,6
2023,m,4,EGY,7
2023,f,37,SAU,8
2023,m,25,GTM,19
2023,f,32,COG,3
2023,m,41,MLT,6
2023,m,51,TGO,1
2023,m,81,DNK,7
2023,f,25,ARG,14
2023,m,16,SDN,2
2023,f,32,BGD,25
2023,f,5,ITA,16
2023,m,75,CHN,13
2023,m,64,NGA,7
2023,f,10,COL,7
2023,m,49,THA,30
2023,m,5,IDN,4
2023,m,12,MNG,6
2023,m,12,BEL,5
2023,f,84,ARG,1
2023,f,25,MNG,17
2023,m,28,PAN,2
2023,f,43,DZA,1
2023,f,17,PHL,6
2023,m,39,MRT,1
2023,m,23,TCD,2
2023,f,68,AZE,2
2023,f,43,SYR,13
2023,m,23,BEL,32
2023,f,41,SYR,7
2023,m,64,BGD,3
2023,f,59,SVK,19
2023,m,59,KGZ,13
2023,f,55,UNKNOWN,22
2023,m,62,JPN,44
2023,f,64,DNK,15
2023,f,15,SWE,8
2023,f,82,VNM,12
2023,f,42,TWN,15
2023,f,58,CAN,10
2023,m,49,MWI,1
2023,m,12,PRK,1
2023,m,40,KEN,25
2023,f,47,TKM,10
2023,m,42,ZMB,1
2023,m,79,ARM,6
2023,f,32,MWI,2
2023,m,27,NER,11
2023,m,11,BRA,6
2023,m,36,MMR,1
2023,f,20,CRI,2
2023,f,83,LTU,4
2023,f,84,FRA,4
2023,m,73,UNKNOWN,6
2023,m,82,VNM,14
2023,m,35,UGA,8
2023,m,18,LTU,16
2023,m,72,ROU,10
2023,f,0,MKD,1
2023,f,1,MAR,3
2023,f,62,NPL,4
2023,f,49,AFG,5
2023,f,28,BGR,81
2023,m,30,SGP,4
2023,m,0,AGO,2
2023,f,74,EST,1
2023,m,2,DEU,22
2023,f,13,ARM,18
2023,m,73,LBN,6
2023,m,96,CZE,1
2023,m,2,BRA,14
2023,f,39,PER,9
2023,f,29,CMR,13
2023,m,45,LCA,1
2023,m,56,MUS,1
2023,f,11,DEU,43
2023,m,86,ITA,20
2023,f,28,PNG,2
2023,m,52,BGD,26
2023,f,20,KHM,2
2023,m,70,KAZ,3
2023,f,79,HUN,8
2023,f,14,SEN,1
2023,f,4,ITA,16
2023,f,69,KAZ,10
2023,m,67,EGY,6
2023,m,42,NZL,4
2023,f,11,NPL,3
2023,m,20,GIN,3
2023,f,7,BEL,3
2023,f,37,GTM,6
2023,f,43,CUB,7
2023,f,0,GIN,1
2023,m,27,SVN,14
2023,m,91,NOR,2
2023,f,8,EGY,6
2023,f,55,MNE,1
2023,f,30,TZA,6
2023,f,28,CMR,13
2023,m,27,AFG,33
2023,m,95,SYR,1
2023,f,113,GBR,2
2023,f,11,ESP,15
2023,f,108,FRA,2
2023,m,57,THA,18
2023,f,49,BEL,13
2023,m,37,GTM,9
2023,m,2,IRL,1
2023,f,42,CHE,10
2023,m,96,GRC,11
2023,f,55,IRQ,7
2023,f,33,THA,36
2023,m,22,AUS,5
2023,m,77,CHE,7
2023,m,14,TJK,7
2023,m,36,ZAF,18
2023,f,5,HRV,6
2023,f,46,BIH,2
2023,f,53,MNG,17
2023,f,88,AUT,8
2023,f,36,ETH,11
2023,f,54,KOSOVO,2
2023,m,36,KEN,27
2023,m,20,ETH,12
2023,m,21,AUT,19
2023,f,50,PAK,3
2023,f,36,TTO,1
2023,f,106,SYR,1
2023,m,24,PAN,3
2023,m,29,PAN,1
2023,m,33,ZMB,2
2023,m,74,DZA,4
2023,m,42,CHL,12
2023,m,23,PSE,7
2023,m,34,ETH,28
2023,f,26,BIH,8
2023,m,39,CIV,4
2023,f,12,CHE,7
2023,m,50,EST,10
2023,m,110,ISR,2
2023,f,68,KAZ,9
2023,m,50,THA,30
2023,f,50,DZA,2
2023,f,11,EGY,5
2023,m,36,GTM,11
2023,m,31,CIV,5
2023,f,6,VEN,2
2023,m,54,LBY,7
2023,f,0,UNKNOWN,20
2023,f,89,UNKNOWN,5
2023,f,56,MAR,2
2023,f,13,BRA,7
2023,f,23,IRL,18
2023,f,65,MNG,6
2023,m,48,PRY,1
2023,f,21,MKD,2
2023,f,0,UZB,7
2023,m,83,IND,2
2023,f,3,KAZ,22
2023,m,26,LTU,70
2023,f,15,ZWE,7
2023,m,48,AFG,6
2023,f,48,BRA,22
2023,m,80,YUG,2
2023,f,82,MEX,2
2023,m,63,KOSOVO,5
2023,f,59,MEX,4
2023,f,37,IRQ,6
2023,m,19,LVA,10
2023,f,107,UKR,3
2023,f,58,ITA,19
2023,m,29,UNKNOWN,1
2023,m,25,KEN,41
2023,m,6,SRB,3
2023,m,46,RWA,1
2023,f,38,LBN,7
2023,f,54,GRC,10
2023,m,8,ARM,22
2023,f,71,GBR,17
2023,m,24,UNKNOWN,12
2023,m,8,ESP,10
2023,m,35,TZA,9
2023,m,51,YEM,8
2023,f,44,MYS,4
2023,f,23,TUN,15
2023,m,63,MYS,6
2023,f,2,TJK,8
2023,m,77,IRL,6
2023,m,112,TUR,1
2023,m,17,BRA,12
2023,f,42,GHA,2
2023,m,94,RUS,6
2023,m,13,LKA,2
2023,f,23,AND,2
2023,m,62,SDN,1
2023,f,104,DZA,1
2023,m,10,ESP,14
2023,f,47,UNKNOWN,15
2023,f,8,USA,16
2023,m,66,THA,5
2023,f,39,EST,10
2023,f,45,UNKNOWN,19
2023,f,61,ISR,5
2023,f,89,BLR,8
2023,m,6,SDN,1
2023,f,72,LTU,13
2023,f,14,SWE,5
2023,f,62,IRN,5
2023,m,104,AUT,2
2023,m,46,LBY,9
2023,m,86,AUT,5
2023,f,75,BGR,11
2023,m,26,CHE,7
2023,f,35,UNKNOWN,12
2023,m,8,EST,1
2023,m,64,MOZ,1
2023,f,12,THA,1
2023,f,51,LBY,5
2023,m,57,NZL,2
2023,f,55,LVA,13
2023,f,85,SWE,19
2023,m,60,CRI,2
2023,f,50,COL,20
2023,f,67,GBR,23
2023,m,21,HRV,8
2023,f,20,UNKNOWN,24
2023,m,48,VAT,5
2023,m,9,AFG,3
2023,f,6,LBY,4
2023,m,52,CIV,1
2023,f,16,NOR,4
2023,f,5,AGO,2
2023,m,86,UNKNOWN,10
2023,f,3,ISR,12
2023,m,54,TKM,15
2023,m,21,LBN,20
2023,f,94,RUS,12
2023,f,55,PRT,6
2023,f,45,UNKNOWN,2
2023,f,68,THA,2
2023,m,22,KIR,1
2023,f,27,SVN,9
2023,m,8,AZE,18
2023,f,20,PAK,11
2023,m,122,BEL,1
2023,f,38,CAN,19
2023,m,11,SYR,9
2023,f,2,YEM,1
2023,m,57,TJK,12
2023,m,45,SVN,9
2023,f,18,PRT,8
2023,f,32,TZA,4
2023,m,17,NLD,17
2023,m,20,MLI,1
2023,m,20,KEN,7
2023,m,33,EST,21
2023,m,3,ARM,22
2023,f,31,VEN,19
2023,f,49,PRK,6
2023,f,18,MOZ,7
2023,m,38,CYP,6
2023,f,11,AUT,5
2023,m,72,UNKNOWN,5
2023,m,47,UGA,1
2023,f,62,IND,15
2023,m,50,JOR,12
2023,f,36,NIC,1
2023,m,30,CRI,8
2023,m,40,GMB,9
2023,f,55,JPN,27
2023,f,46,VEN,5
2023,m,64,IRL,24
2023,m,47,KEN,10
2023,f,33,PRT,24
2023,m,15,DZA,1
2023,f,76,PHL,3
2023,f,67,MDA,11
2023,f,91,CHN,1
2023,f,70,ROU,6
2023,m,87,ITA,21
2023,f,63,PER,4
2023,f,9,AZE,17
2023,m,45,ISL,2
2023,m,87,BLR,6
2023,f,4,BIH,1
2023,f,70,MNG,7
2023,f,39,TWN,22
2023,f,69,BEL,4
2023,m,27,PER,20
2023,f,24,NAM,3
2023,f,44,PRK,5
2023,f,44,NGA,12
2023,m,61,THA,9
2023,m,10,NLD,11
2023,f,69,UNKNOWN,9
2023,m,1,FRA,11
2023,m,75,HRV,6
2023,m,41,CHE,10
2023,m,2,HRV,2
2023,f,31,LBN,9
2023,f,89,GBR,5
2023,f,29,ETH,34
2023,f,130,USA,1
2023,m,8,CZE,14
2023,m,49,DNK,55
2023,f,54,NPL,2
2023,f,54,NLD,30
2023,m,51,ALB,24
2023,f,40,TJK,7
2023,m,67,SGP,2
2023,f,14,ARG,2
2023,m,68,EGY,5
2023,f,42,AUS,14
2023,f,9,IRL,5
2023,f,15,AUT,8
2023,m,68,TJK,1
2023,f,54,NGA,3
2023,m,55,YEM,11
2023,m,85,UNKNOWN,3
2023,m,31,SGP,4
2023,m,13,PRT,4
2023,m,43,GIN,2
2023,f,79,USA,16
2023,f,22,BEL,10
2023,f,23,TJK,22
2023,m,68,CAN,15
2023,f,67,BGR,26
2023,f,111,UNKNOWN,2
2023,f,22,EST,2
2023,m,34,YUG,1
2023,f,55,ITA,30
2023,f,2,MYS,1
2023,m,56,BRA,7
2023,m,35,SVN,14
2023,m,54,AFG,10
2023,f,57,ZAF,4
2023,f,8,DZA,2
2023,f,31,EGY,21
2023,f,11,VEN,1
2023,m,108,USA,7
2023,m,123,UNKNOWN,4
2023,f,10,BRA,16
2023,m,54,MKD,11
2023,f,56,IRL,11
2023,m,12,ALB,2
2023,f,4,EGY,14
2023,m,24,COG,19
2023,f,37,SVN,7
2023,f,60,GBR,37
2023,m,20,MMR,11
2023,f,62,AZE,7
2023,m,78,ROU,7
2023,m,55,MLT,1
2023,m,53,MLI,2
2023,m,19,CHE,4
2023,m,5,ESP,12
2023,m,79,BLR,14
2023,m,58,MKD,5
2023,m,64,CUB,5
2023,m,23,MUS,4
2023,f,7,NGA,4
2023,m,31,MUS,3
2023,f,47,BRA,20
2023,f,76,PER,1
2023,m,54,AUS,13
2023,f,34,SGP,2
2023,m,37,MLI,2
2023,m,68,NOR,12
2023,m,20,IRN,15
2023,m,52,SYR,20
2023,f,60,ESP,14
2023,m,30,EST,24
2023,f,46,GRC,14
2023,f,12,IRQ,12
2023,m,29,PSE,11
2023,f,31,MDG,2
2023,f,12,LVA,6
2023,m,149,GEO,1
2023,f,49,COL,12
2023,m,59,MOZ,2
2023,m,29,CRI,14
2023,m,90,IRL,1
2023,m,4,TKM,2
2023,f,33,UNKNOWN,2
2023,f,6,LBN,2
2023,m,42,ARG,46
2023,f,31,ZAF,17
2023,f,98,UNKNOWN,11
2023,f,14,JPN,15
2023,f,70,VEN,1
2023,f,89,CZE,3
2023,m,73,ARM,18
2023,m,58,AUS,14
2023,f,19,PER,5
2023,f,54,ARG,6
2023,m,85,NLD,5
2023,f,39,YUG,1
2023,f,23,SLE,3
2023,f,14,CRI,1
2023,m,56,ETH,1
2023,m,62,MLT,2
2023,m,54,UNKNOWN,16
2023,f,80,LTU,5
2023,f,53,TUR,18
2023,m,71,UZB,3
2023,f,54,TKM,4
2023,f,3,MEX,2
2023,f,53,KGZ,11
2023,m,25,UNKNOWN,58
2023,f,77,MDA,3
2023,m,34,SOM,4
2023,f,40,TUN,8
2023,m,0,VEN,2
2023,f,38,MYS,11
2023,f,77,IND,4
2023,f,42,UGA,4
2023,m,64,KAZ,8
2023,m,46,TZA,2
2023,m,40,MDG,2
2023,f,4,NPL,4
2023,f,44,ISR,10
2023,m,33,CYP,6
2023,m,17,THA,6
2023,m,1,NLD,4
2023,m,11,BEL,7
2023,f,32,YEM,1
2023,m,75,NZL,2
2023,f,17,KGZ,5
2023,m,51,CUB,11
2023,m,1,CUB,1
2023,m,16,TJK,6
2023,f,72,BEL,8
2023,f,56,BRA,5
2023,f,19,AFG,9
2023,m,66,MNG,6
2023,f,32,BIH,8
2023,m,15,SWE,10
2023,m,74,MDA,5
2023,f,54,BRA,10
2023,m,42,KEN,10
2023,f,10,IRQ,5
2023,m,36,PAN,2
2023,m,12,IRQ,13
2023,m,78,CAN,8
2023,m,87,IRQ,2
2023,f,76,IRN,4
2023,f,57,LTU,45
2023,f,9,HRV,3
2023,f,36,EGY,26
2023,m,8,FIN,1
2023,m,5,MEX,4
2023,m,35,ISR,36
2023,m,78,PHL,1
2023,f,64,JPN,15
2023,f,78,SVK,3
2023,m,88,HUN,2
2023,f,34,BFA,2
2023,f,5,ETH,4
2023,f,64,TUN,1
2023,m,40,CYP,7
2023,f,80,UNKNOWN,2
2023,m,95,UKR,10
2023,f,74,AFG,2
2023,m,26,UGA,14
2023,m,20,ERI,1
2023,f,95,DNK,1
2023,f,4,BGD,13
2023,m,56,RWA,1
2023,m,6,LTU,6
2023,f,18,LVA,9
2023,m,81,LUX,1
2023,m,6,FRA,14
2023,m,64,JOR,3
2023,m,62,TZA,2
2023,f,73,BGR,14
2023,m,26,BIH,14
2023,m,74,SGP,1
2023,f,63,IND,24
2023,m,43,COD,2
2023,f,61,SRB,1
2023,m,32,AUS,14
2023,f,22,TZA,23
2023,f,25,SAU,10
2023,m,23,GNB,1
2023,m,57,KGZ,17
2023,f,79,NLD,4
2023,m,39,CRI,3
2023,f,86,USA,12
2023,f,13,SVK,17
2023,m,3,CZE,10
2023,m,58,MNG,9
2023,m,105,USA,8
2023,f,32,GTM,2
2023,f,70,JPN,10
2023,m,12,JOR,4
2023,m,63,UNKNOWN,4
2023,m,6,YEM,2
2023,f,25,ECU,3
2023,m,33,COM,5
2023,f,68,NOR,5
2023,f,82,UNKNOWN,29
2023,m,52,UNKNOWN,7
2023,m,48,SLV,2
2023,m,82,BGR,13
2023,f,10,PRT,6
2023,f,26,AUT,19
2023,f,90,CAN,2
2023,m,53,HRV,13
2023,f,67,ITA,13
2023,m,19,HRV,2
2023,f,46,SVN,3
2023,m,70,DNK,23
2023,m,82,JPN,2
2023,m,22,GRC,14
2023,f,42,MYS,6
2023,m,15,PRT,6
2023,m,67,MNG,6
2023,m,25,SYR,20
2023,m,73,CAN,10
2023,f,113,RUS,4
2023,m,65,BEN,1
2023,m,29,TCD,2
2023,f,83,GRC,16
2023,m,21,AFG,18
2023,m,78,GBR,44
2023,m,23,TZA,15
2023,f,4,MAR,5
2023,m,49,CYP,7
2023,f,81,CHE,2
2023,m,41,TON,1
2023,f,80,NGA,1
2023,f,55,CZE,27
2023,f,9,TWN,1
2023,m,49,CMR,7
2023,f,0,SRB,5
2023,m,59,MNG,5
2023,m,115,ITA,1
2023,m,12,GRC,5
2023,m,46,ECU,4
2023,f,53,THA,38
2023,f,25,LUX,2
2023,f,33,ZAF,18
2023,f,41,NPL,30
2023,m,9,AZE,16
2023,m,56,ZAF,7
2023,f,18,MAR,2
2023,m,62,NZL,4
2023,f,35,VEN,6
2023,m,84,SYR,1
2023,f,53,SRB,9
2023,f,36,AFG,9
2023,m,13,LTU,16
2023,m,55,ZWE,4
2023,f,65,GBR,23
2023,m,4,MEX,6
2023,m,28,CAF,1
2023,f,69,SYR,3
2023,m,73,VEN,2
2023,m,8,BEL,5
2023,m,28,NIC,6
2023,f,70,MDA,11
2023,f,50,ECU,4
2023,m,41,PER,13
2023,f,33,CUB,14
2023,f,13,SVN,3
2023,m,2,COD,3
2023,f,3,BRA,11
2023,f,70,HUN,12
2023,m,41,COG,10
2023,m,36,LKA,15
2023,m,26,CMR,9
2023,f,20,ETH,9
2023,f,54,YUG,1
2023,m,49,LBR,1
2023,m,24,DOM,3
2023,m,18,JOR,8
2023,m,37,CIV,4
2023,f,25,SRB,11
2023,m,65,BRA,4
2023,m,4,VEN,1
2023,m,20,PER,15
2023,m,72,CHE,5
2023,f,44,CUB,5
2023,f,1,DZA,2
2023,m,64,CHE,13
2023,m,4,NLD,10
2023,f,25,DNK,10
2023,m,53,MKD,14
2023,m,57,MCO,1
2023,f,62,TUR,6
2023,f,72,UNKNOWN,7
2023,f,49,ETH,1
2023,m,85,CAN,5
2023,f,40,JOR,5
2023,f,28,ZMB,5
2023,m,26,UNKNOWN,12
2023,f,11,CZE,15
2023,m,37,DMA,1
2023,f,0,ITA,8
2023,m,44,CMR,9
2023,m,59,MEX,3
2023,f,29,FIN,23
2023,m,32,GMB,5
2023,f,40,ARM,63
2023,m,81,PER,1
2023,f,53,YEM,1
2023,f,106,UKR,2
2023,f,49,GTM,3
2023,f,25,MMR,5
2023,f,104,UKR,3
2023,m,76,MDA,1
2023,m,65,IRQ,11
2023,f,91,FRA,1
2023,f,8,NGA,8
2023,m,27,NZL,1
2023,f,55,SRB,4
2023,f,80,USA,18
2023,m,71,LTU,8
2023,m,73,KOR,6
2023,f,14,LTU,10
2023,f,23,LBR,2
2023,f,36,BGD,11
2023,m,37,DOM,6
2023,f,17,HUN,6
2023,m,15,BRA,8
2023,f,118,GRC,3
2023,f,55,ERI,1
2023,f,55,SYR,5
2023,f,81,DNK,7
2023,f,61,SGP,1
2023,m,31,BIH,15
2023,m,63,UZB,15
2023,f,48,CUB,2
2023,m,128,CAN,1
2023,m,10,BEL,3
2023,m,119,PRT,1
2023,m,60,NGA,6
2023,f,57,TUR,16
2023,f,30,CPV,1
2023,f,11,CYP,1
2023,f,54,NOR,14
2023,f,29,CRI,4
2023,f,36,CAN,19
2023,m,73,GEO,6
2023,f,40,CHE,7
2023,m,55,TUN,16
2023,m,19,TUN,5
2023,f,45,MAR,2
2023,m,57,SVK,41
2023,m,37,UGA,10
2023,f,84,DNK,3
2023,f,11,BGD,4
2023,f,41,BOL,2
2023,m,24,MKD,8
2023,f,26,BTN,3
2023,m,21,SWE,12
2023,f,47,UNKNOWN,1
2023,m,73,DOM,1
2023,m,106,USA,7
2023,f,39,MNG,15
2023,m,25,LBY,10
2023,f,30,PRK,20
2023,f,23,LBY,2
2023,f,29,MMR,2
2023,m,8,TWN,3
2023,m,21,VEN,11
2023,m,85,RUS,9
2023,m,18,DNK,4
2023,f,41,YUG,6
2023,m,51,IRQ,23
2023,f,45,IRQ,7
2023,m,44,EST,22
2023,f,52,IDN,12
2023,m,17,BEL,6
2023,f,19,IRQ,8
2023,m,22,CUB,7
2023,m,61,HUN,18
2023,f,45,MYS,3
2023,f,31,TJK,8
2023,m,107,UNKNOWN,3
2023,f,67,TUN,3
2023,m,56,UNKNOWN,12
2023,f,3,PRT,7
2023,m,97,BLR,1
2023,f,39,AFG,4
2023,f,48,COL,24
2023,f,62,ZAF,3
2023,f,52,PRK,5
2023,f,36,GRC,14
2023,m,63,EGY,7
2023,m,0,JPN,2
2023,m,17,MEX,3
2023,f,16,UZB,5
2023,f,42,ARG,11
2023,f,65,KOR,16
2023,m,38,MUS,3
2023,m,52,HRV,21
2023,f,91,CZE,2
2023,m,25,ISR,24
2023,f,106,UNKNOWN,5
2023,m,9,PAK,8
2023,m,96,UKR,9
2023,f,3,CAN,9
2023,m,101,VNM,1
2023,m,0,FRA,10
2023,f,48,PRT,8
2023,f,63,KOR,22
2023,f,29,TZA,14
2023,f,4,MNG,8
2023,m,5,EGY,7
2023,f,35,BGD,20
2023,m,63,AUS,10
2023,f,29,LBN,14
2023,m,48,ARG,17
2023,f,42,UNKNOWN,2
2023,m,34,CHE,10
2023,f,37,DNK,10
2023,m,58,EGY,17
2023,f,85,GRC,12
2023,m,115,UNKNOWN,2
2023,f,48,AFG,3
2023,m,2,NGA,7
2023,f,2,UNKNOWN,17
2023,f,58,ISR,10
2023,m,73,CHE,14
2023,m,31,ETH,47
2023,m,100,ISR,1
2023,f,25,BOL,2
2023,f,31,MLT,2
2023,m,38,GTM,8
2023,f,9,JPN,11
2023,m,67,NGA,5
2023,m,58,DZA,17
2023,f,22,SWE,13
2023,f,89,MEX,1
2023,m,28,CYP,5
2023,f,22,BGD,13
2023,m,30,KEN,36
2023,f,31,MKD,8
2023,f,65,IRQ,5
2023,m,53,LBN,13
2023,m,55,BIH,15
2023,m,32,SYR,11
2023,f,18,RWA,1
2023,f,36,SWE,37
2023,m,13,BEL,10
2023,f,61,AFG,3
2023,m,76,YUG,3
2023,m,36,MKD,16
2023,f,46,CHL,3
2023,m,2,ALB,2
2023,f,48,VAT,1
2023,f,5,NPL,4
2023,m,64,MNG,9
2023,m,40,LBY,5
2023,f,97,DEU,33
2023,m,54,COL,34
2023,f,60,AZE,2
2023,m,16,ISR,8
2023,f,63,SYR,4
2023,m,66,SAU,2
2023,m,84,GBR,13
2023,f,36,DNK,9
2023,m,41,ETH,13
2023,m,19,IRN,12
2023,f,11,GRC,3
2023,m,63,PHL,11
2023,m,37,MNE,8
2023,f,41,PER,9
2023,m,64,UZB,10
2023,m,79,IRN,2
2023,m,8,IRL,4
2023,m,59,AUS,11
2023,m,22,YEM,9
2023,m,115,UNKNOWN,3
2023,m,16,IRL,9
2023,f,108,LTU,2
2023,f,56,PRK,7
2023,f,11,UNKNOWN,1
2023,f,79,GEO,3
2023,f,26,JOR,10
2023,m,51,DZA,22
2023,m,22,FIN,15
2023,m,52,ISR,25
2023,f,23,AGO,8
2023,f,6,YEM,4
2023,f,35,SLV,1
2023,m,69,UNKNOWN,5
2023,f,43,ARG,9
2023,f,17,LBN,1
2023,m,38,PSE,2
2023,f,6,PHL,7
2023,f,29,SAU,33
2023,f,8,ESP,9
2023,m,45,MLI,1
2023,f,33,ETH,13
2023,m,59,IRQ,11
2023,f,44,BEL,11
2023,m,59,CYP,4
2023,m,80,UNKNOWN,2
2023,m,1,CZE,9
2023,m,39,LBN,22
2023,m,74,UNKNOWN,7
2023,m,21,KOSOVO,21
2023,m,67,AZE,6
2023,m,55,URY,1
2023,m,43,RWA,9
2023,m,19,ZAF,9
2023,f,44,SGP,1
2023,f,39,ZMB,1
2023,m,63,GTM,1
2023,f,82,BGR,6
2023,f,26,ARG,13
2023,m,58,NZL,3
2023,f,33,MOZ,1
2023,f,80,BEL,2
2023,f,29,AFG,13
2023,m,35,CIV,3
2023,m,70,KOR,10
2023,m,42,VAT,6
2023,m,5,CMR,3
2023,m,10,USA,23
2023,m,78,SAU,1
2023,f,14,SGP,1
2023,f,61,EST,5
2023,m,49,KNA,1
2023,f,31,UNKNOWN,14
2023,f,114,USA,5
2023,m,32,MYS,20
2023,m,53,LBY,10
2023,m,66,ECU,1
2023,m,37,CHE,9
2023,m,70,LUX,1
2023,m,99,USA,7
2023,f,6,LTU,9
2023,f,46,EST,10
2023,f,49,ALB,2
2023,f,12,NLD,17
2023,f,22,KOSOVO,12
2023,f,80,ESP,1
2023,f,22,ALB,9
2023,m,29,BDI,5
2023,m,16,SWE,7
2023,m,8,NPL,4
2023,m,76,SVK,2
2023,m,1,RWA,3
2023,f,42,LBN,2
2023,f,20,MWI,1
2023,f,53,IRL,16
2023,m,19,PER,8
2023,f,72,CHE,3
2023,m,15,JPN,14
2023,m,49,CHL,4
2023,m,117,GBR,1
2023,m,40,GIN,3
2023,f,27,HTI,1
2023,f,41,AGO,2
2023,m,43,KOSOVO,22
2023,f,44,PRY,2
2023,m,26,ISR,14
2023,m,91,USA,6
2023,f,39,UGA,11
2023,f,43,LKA,5
2023,f,12,PAK,5
2023,m,59,AFG,2
2023,m,58,SEN,4
2023,f,35,DZA,3
2023,f,42,MEX,17
2023,m,55,CHL,3
2023,f,51,VEN,5
2023,f,7,JOR,1
2023,f,67,AUS,9
2023,m,25,MLT,4
2023,f,78,ITA,4
2023,m,36,BFA,4
2023,f,22,HRV,8
2023,f,21,LVA,14
2023,f,44,CYP,3
2023,f,0,TKM,4
2023,m,45,GTM,5
2023,f,24,COG,4
2023,m,16,BRA,10
2023,m,31,DOM,1
2023,m,43,CHE,15
2023,f,110,UKR,1
2023,f,20,IRN,20
2023,f,46,KOSOVO,4
2023,m,27,GNQ,1
2023,f,75,ARM,25
2023,m,2,IDN,3
2023,m,8,GRC,7
2023,m,24,CHL,2
2023,f,10,PHL,2
2023,f,27,KNA,1
2023,f,16,BGD,2
2023,f,27,COD,14
2023,m,67,DZA,13
2023,m,66,AZE,8
2023,f,43,CAN,23
2023,m,54,GHA,1
2023,f,36,PRT,20
2023,f,47,ZWE,10
2023,f,33,ISR,16
2023,f,9,EGY,9
2023,f,45,LBY,3
2023,f,73,CAN,5
2023,m,57,ALB,10
2023,f,36,GMB,2
2023,f,75,YUG,1
2023,f,31,AFG,6
2023,f,9,ZAF,2
2023,f,127,UNKNOWN,8
2023,m,12,KAZ,12
2023,f,7,YEM,2
2023,m,23,MKD,5
2023,f,16,YEM,2
2023,m,69,CHL,1
2023,f,25,BGD,30
2023,m,66,HUN,21
2023,m,23,NIC,5
2023,m,6,COD,2
2023,f,68,FIN,9
2023,f,38,AGO,9
2023,m,67,PHL,4
2023,m,36,CRI,7
2023,f,59,ISR,5
2023,f,13,PAK,6
2023,f,66,DNK,13
2023,m,41,KOSOVO,34
2023,m,56,TKM,5
2023,m,34,MUS,3
2023,f,123,RUS,4
2023,f,72,UNKNOWN,12
2023,m,23,PRY,1
2023,f,48,HRV,12
2023,f,26,COD,10
2023,m,7,LBN,1
2023,f,76,MNG,7
2023,f,78,FRA,8
2023,f,46,TKM,13
2023,m,46,CHL,8
2023,f,102,BLR,4
2023,f,60,HUN,13
2023,f,0,LVA,5
2023,m,56,PER,8
2023,f,38,AUS,10
2023,f,10,NPL,6
2023,m,57,SRB,41
2023,f,33,ECU,5
2023,f,48,VEN,5
2023,m,33,MMR,1
2023,m,72,UNKNOWN,7
2023,m,10,ZAF,2
2023,f,12,ALB,1
2023,m,34,GTM,4
2023,f,7,IRQ,7
2023,f,55,PAN,1
2023,f,55,PAK,3
2023,m,26,MOZ,7
2023,m,48,LKA,29
2023,f,15,GBR,23
2023,m,20,ISR,6
2023,m,27,YEM,8
2023,f,38,TJK,10
2023,f,53,FIN,13
2023,m,52,ARG,7
2023,f,61,IRL,2
2023,f,13,PRK,1
2023,f,63,THA,7
2023,m,109,GRC,10
2023,m,7,HUN,8
2023,m,38,MNE,7
2023,m,13,SYR,6
2023,m,11,ARM,22
2023,m,26,PRK,1
2023,m,25,SLE,3
2023,f,31,ARG,13
2023,f,36,MNE,1
2023,f,53,AFG,5
2023,f,2,LVA,3
2023,f,4,ERI,1
2023,m,27,HND,2
2023,f,58,CZE,23
2023,m,78,BLR,23
2023,f,6,SRB,5
2023,f,41,MLT,2
2023,m,75,GRC,8
2023,f,42,PRK,4
2023,m,53,NPL,19
2023,f,96,UNKNOWN,6
2023,m,49,ARG,16
2023,m,41,EST,15
2023,m,34,NZL,3
2023,f,33,GAB,2
2023,m,80,TUN,1
2023,f,21,KEN,9
2023,m,42,MDV,1
2023,m,69,IRQ,10
2023,f,40,CUB,4
2023,m,61,PRT,23
2023,f,80,IND,3
2023,m,59,CAN,21
2023,f,45,ARG,5
2023,m,74,JOR,3
2023,m,87,BRA,1
2023,f,21,PAK,12
2023,f,20,PER,7
2023,m,31,CHL,7
2023,m,22,URY,3
2023,m,18,SVK,5
2023,m,79,SVK,4
2023,m,82,BEL,7
2023,f,74,SVK,3
2023,m,74,PRT,3
2023,m,78,GRC,18
2023,m,45,COG,6
2023,m,46,NIC,2
2023,f,43,MLT,2
2023,m,6,TJK,8
2023,m,10,BIH,1
2023,m,63,SVN,6
2023,f,86,KAZ,5
2023,m,19,SOM,1
2023,m,38,YUG,2
2023,f,0,LBY,1
2023,f,32,TKM,14
2023,f,24,MNE,8
2023,f,59,HUN,11
2023,f,18,IDN,6
2023,m,23,GTM,18
2023,f,0,CHN,15
2023,f,81,AUT,14
2023,m,11,LTU,16
2023,f,26,MUS,4
2023,m,30,CHE,12
2023,m,68,ARM,25
2023,m,13,HRV,5
2023,f,12,BEL,11
2023,f,62,CAN,8
2023,m,68,MAR,2
2023,f,13,AZE,15
2023,m,73,BIH,2
2023,f,36,UNKNOWN,2
2023,m,53,CHL,6
2023,f,46,AZE,18
2023,m,30,MMR,1
2023,f,19,DZA,4
2023,m,24,JAM,2
2023,f,56,SRB,3
2023,f,63,ISR,7
2023,m,14,PAK,4
2023,m,2,ARM,15
2023,f,26,LVA,15
2023,f,71,UNKNOWN,7
2023,m,64,EGY,8
2023,m,17,SRB,4
2023,f,62,VEN,2
2023,f,38,CHE,4
2023,m,39,BEN,2
2023,m,88,RUS,6
2023,m,24,PSE,7
2023,f,95,CZE,1
2023,m,25,SEN,1
2023,m,52,LBY,6
2023,f,102,ISR,3
2023,m,84,VNM,7
2023,f,28,TZA,20
2023,f,31,SYR,8
2023,m,32,YUG,2
2023,f,31,HND,2
2023,m,0,JOR,1
2023,m,26,THA,11
2023,m,41,CUB,18
2023,m,59,TJK,9
2023,f,58,PRT,13
2023,f,28,DZA,18
2023,m,66,PAK,7
2023,f,63,HRV,2
2023,m,96,AUS,2
2023,f,42,ALB,17
2023,f,9,JOR,2
2023,m,5,HRV,3
2023,m,11,THA,1
2023,f,71,KOR,4
2023,f,13,MNG,5
2023,f,56,PRT,12
2023,f,10,CZE,18
2023,f,112,SWE,1
2023,f,1,ESP,9
2023,f,67,KAZ,5
2023,m,103,LTU,1
2023,f,48,MUS,1
2023,f,72,JPN,6
2023,m,14,SWE,9
2023,m,53,LAO,1
2023,m,66,CZE,29
2023,f,27,MMR,3
2023,f,67,ROU,8
2023,f,18,CHL,3
2023,f,73,DNK,11
2023,f,111,DEU,3
2023,m,18,NIC,1
2023,f,103,YUG,1
2023,m,75,SVK,5
2023,m,41,BIH,15
2023,m,11,AUT,5
2023,f,17,ESP,17
2023,m,47,JOR,15
2023,m,77,TUR,7
2023,f,75,ESP,2
2023,m,30,CIV,4
2023,m,104,DEU,8
2023,m,24,AUS,8
2023,m,98,HRV,1
2023,m,63,CRI,2
2023,m,90,IND,2
2023,m,9,BRA,12
2023,f,76,UNKNOWN,3
2023,f,65,LTU,28
2023,m,18,EGY,18
2023,m,18,BEL,7
2023,m,38,BDI,2
2023,f,78,MNG,3
2023,f,48,NGA,6
2023,m,24,MLT,2
2023,m,25,SVN,10
2023,f,63,CZE,9
2023,f,32,PER,15
2023,m,48,SGP,2
2023,f,23,MDV,1
2023,m,1,SVN,3
2023,f,27,CHL,2
2023,f,121,USA,1
2023,m,103,UKR,2
2023,m,35,SLE,4
2023,f,12,HRV,1
2023,f,19,EGY,9
2023,m,21,DJI,1
2023,m,59,MLT,4
2023,f,20,COD,6
2023,f,23,GRC,46
2023,f,59,CUB,5
2023,m,58,TJK,7
2023,f,69,SVK,12
2023,m,63,LBN,5
2023,m,0,ZWE,16
2023,f,51,KGZ,11
2023,f,103,FRA,3
2023,f,27,KOSOVO,3
2023,m,36,MOZ,1
2023,f,7,EGY,12
2023,m,105,SWE,2
2023,m,75,LTU,5
2023,f,35,LUX,1
2023,m,5,ZWE,7
2023,f,60,SYR,8
2023,f,73,GBR,14
2023,m,17,DOM,1
2023,f,18,SVK,7
2023,f,14,COL,7
2023,f,47,CMR,3
2023,m,95,SWE,3
2023,f,12,UNKNOWN,1
2023,f,74,DNK,12
2023,m,6,BRA,12
2023,m,45,LBY,10
2023,f,44,UGA,5
2023,m,69,VAT,1
2023,f,29,PRK,12
2023,f,3,DZA,2
2023,m,7,MKD,2
2023,f,31,DZA,7
2023,f,78,SGP,1
2023,f,65,AUS,3
2023,m,9,EST,3
2023,m,27,ZAF,14
2023,m,84,TUR,6
2023,m,23,HND,3
2023,m,81,LBY,1
2023,m,67,MDA,27
2023,m,100,DEU,19
2023,f,45,TWN,4
2023,m,6,ALB,2
2023,f,37,EGY,16
2023,f,44,CHE,6
2023,f,88,UZB,1
2023,f,32,HUN,46
2023,f,37,KOSOVO,7
2023,f,7,GRC,6
2023,f,45,VEN,3
2023,m,44,KWT,2
2023,m,57,MEX,9
2023,f,8,ISR,4
2023,f,39,ARG,14
2023,f,25,MWI,2
2023,m,60,AGO,3
2023,f,84,CHE,2
2023,f,49,SGP,1
2023,f,43,ALB,10
2023,m,12,GBR,20
2023,m,6,CZE,9
2023,m,51,MDV,1
2023,f,29,VEN,12
2023,m,52,SEN,5
2023,m,15,KHM,1
2023,m,46,GMB,1
2023,m,39,CYP,4
2023,m,55,MNE,4
2023,f,57,UZB,5
2023,f,55,ZAF,3
2023,m,36,CHE,15
2023,f,49,FIN,9
2023,m,48,PRK,26
2023,f,4,HRV,3
2023,f,28,LBN,8
2023,m,21,MOZ,17
2023,m,3,VEN,2
2023,m,89,IDN,1
2023,f,69,PER,1
2023,f,88,UNKNOWN,17
2023,m,89,HRV,1
2023,m,12,KNA,1
2023,f,13,ZAF,1
2023,m,27,UGA,13
2023,f,24,PSE,1
2023,m,31,URY,3
2023,m,16,IRQ,12
2023,f,16,GBR,20
2023,f,34,HND,2
2023,m,7,ESP,15
2023,f,76,ITA,9
2023,f,51,JPN,41
2023,m,26,YEM,12
2023,f,3,SYR,5
2023,f,40,MKD,10
2023,m,11,ISR,11
2023,m,6,KAZ,10
2023,m,47,VAT,3
2023,f,76,ROU,7
2023,f,45,NGA,8
2023,m,64,NZL,4
2023,f,38,UGA,11
2023,f,29,GTM,2
2023,m,7,UNKNOWN,2
2023,m,33,MUS,3
2023,f,79,ARM,10
2023,f,26,NER,3
2023,f,70,CYP,1
2023,f,19,IRL,14
2023,f,23,MAR,39
2023,m,85,SRB,2
2023,f,1,ZAF,1
2023,f,11,BEL,5
2023,m,71,EST,1
2023,f,48,SDN,1
2023,f,70,ITA,13
2023,f,47,BWA,1
2023,m,0,PRT,8
2023,m,68,NZL,1
2023,f,58,HUN,7
2023,f,40,IRQ,10
2023,f,49,CYP,1
2023,m,61,PRK,7
2023,m,6,IRN,6
2023,m,87,VNM,5
2023,f,99,SWE,4
2023,m,70,CHE,16
2023,m,79,LTU,2
2023,f,19,ISR,5
2023,f,37,UGA,16
2023,f,50,IDN,17
2023,m,48,LBN,16
2023,f,41,ZAF,12
2023,m,14,PER,1
2023,f,26,EGY,20
2023,m,13,AUT,4
2023,f,21,THA,13
2023,m,50,TWN,9
2023,f,18,CZE,14
2023,m,48,YUG,1
2023,f,38,CHL,3
2023,f,5,SEN,2
2023,m,10,GRC,5
2023,m,29,SEN,4
2023,m,29,GTM,17
2023,m,86,ARM,3
2023,m,36,AGO,10
2023,m,14,CZE,25
2023,m,69,LUX,3
2023,m,4,NPL,7
2023,f,25,FIN,13
2023,f,67,CAN,10
2023,f,16,IDN,1
2023,f,24,VEN,10
2023,m,33,ECU,5
2023,m,46,VAT,3
2023,f,102,UKR,4
2023,m,72,CMR,1
2023,m,57,PHL,33
2023,m,80,RUS,11
2023,m,47,ETH,7
2023,f,27,LBY,5
2023,m,0,COL,7
2023,m,78,TUR,3
2023,m,18,YEM,4
2023,f,17,UNKNOWN,10
2023,m,52,ZWE,11
2023,m,20,NOR,5
2023,m,32,MUS,6
2023,f,26,DNK,14
2023,m,52,CMR,3
2023,m,23,BIH,10
2023,f,70,SVK,9
2023,f,85,SYR,3
2023,m,35,LKA,21
2023,f,61,TKM,2
2023,f,40,PRY,1
2023,f,32,BOL,3
2023,m,57,UNKNOWN,10
2023,m,44,LBY,12
2023,m,22,MOZ,12
2023,m,30,CHL,5
2023,f,23,AUT,15
2023,m,34,MDG,2
2023,m,39,YEM,7
2023,f,41,HTI,1
2023,m,55,ZAF,8
2023,f,56,IRQ,8
2023,m,68,UZB,4
2023,m,81,CHE,4
2023,f,4,SAU,5
2023,m,17,ESP,13
2023,m,45,UNKNOWN,12
2023,f,4,PRT,9
2023,f,74,AUS,4
2023,m,83,SYR,4
2023,f,26,LBN,12
2023,m,3,ESP,9
2023,m,43,CRI,7
2023,f,19,MWI,1
2023,m,43,SYR,30
2023,m,79,DNK,17
2023,f,19,SRB,5
2023,m,81,DZA,2
2023,m,47,ARG,10
2023,m,5,AUS,4
2023,f,20,KOSOVO,1
2023,f,27,SLE,1
2023,m,68,PRK,5
2023,f,62,AGO,1
2023,f,47,HRV,9
2023,m,0,DEU,10
2023,m,22,NZL,1
2023,m,61,BIH,6
2023,f,96,UNKNOWN,4
2023,m,24,CYP,5
2023,f,53,VEN,1
2023,m,82,IND,3
2023,m,44,LBN,17
2023,m,20,BDI,4
2023,m,16,FIN,5
2023,m,78,BIH,2
2023,m,0,TUN,8
2023,m,99,UNKNOWN,10
2023,m,34,COG,6
2023,f,1,HRV,2
2023,m,55,TWN,5
2023,m,91,YUG,3
2023,m,36,AUS,21
2023,f,24,MEX,16
2023,m,41,RWA,11
2023,f,36,TZA,3
2023,f,68,CAN,10
2023,m,45,TWN,22
2023,m,87,UZB,2
2023,m,47,PRK,25
2023,f,43,AFG,2
2023,f,78,ARM,9
2023,f,106,ISR,2
2023,m,34,GMB,4
2023,m,77,MEX,2
2023,m,67,YUG,4
2023,m,77,PAK,1
2023,m,95,UNKNOWN,4
2023,m,81,VAT,3
2023,f,102,USA,5
2023,m,76,VNM,16
2023,f,93,UNKNOWN,20
2023,f,2,CZE,9
2023,m,40,CMR,23
2023,m,56,MYS,1
2023,m,83,VNM,12
2023,f,86,GBR,3
2023,f,69,ROU,7
2023,m,89,UNKNOWN,10
2023,f,88,KAZ,5
2023,f,0,IRQ,3
2023,m,47,LBN,14
2023,m,29,MLI,1
2023,m,56,CHE,16
2023,m,15,AFG,9
2023,f,2,TKM,2
2023,m,86,IND,1
2023,m,81,KOR,2
2023,f,33,GTM,1
2023,m,63,GRC,33
2023,f,34,LKA,5
2023,m,1,MNG,4
2023,m,52,TZA,1
2023,f,40,ECU,4
2023,m,102,HUN,1
2023,f,50,SRB,2
2023,m,74,LTU,5
2023,m,64,HRV,9
2023,m,74,AUS,5
2023,m,12,AUT,9
2023,f,39,CUB,7
2023,m,83,CHN,6
2023,f,76,MDA,5
2023,m,31,LBR,2
2023,f,38,LUX,1
2023,f,10,ARG,7
2023,m,64,MYS,2
2023,m,56,ECU,1
2023,f,37,SRB,17
2023,f,5,MNG,8
2023,f,75,GEO,3
2023,f,101,CZE,3
2023,m,53,MLT,7
2023,m,1,BEL,1
2023,f,82,BEL,1
2023,m,28,BOL,5
2023,m,54,AGO,2
2023,m,27,SOM,7
2023,m,106,SWE,1
2023,m,3,KGZ,2
2023,m,119,GRC,4
2023,m,13,CZE,17
2023,f,54,MAR,2
2023,f,74,GEO,5
2023,m,96,YUG,1
2023,m,42,MUS,2
2023,m,37,NIC,2
2023,m,59,COL,7
2023,m,13,SVK,14
2023,m,60,TKM,4
2023,m,52,TUN,12
2023,m,11,SDN,1
2023,m,80,CHL,4
2023,m,69,DZA,11
2023,f,31,MNE,6
2023,m,45,GNB,1
2023,f,18,IRL,9
2023,f,73,BEL,3
2023,m,7,ITA,13
2023,f,24,LBN,9
2023,f,48,PER,5
2023,f,44,IRQ,10
2023,m,46,ISL,2
2023,m,15,UZB,7
2023,m,53,MYS,2
2023,f,14,SVN,3
2023,m,2,SWE,2
2023,m,34,UGA,10
2023,m,24,LBR,2
2023,m,1,SRB,4
2023,f,55,YUG,1
2023,m,57,MKD,13
2023,f,34,SRB,18
2023,f,66,BEL,8
2023,m,82,GHA,1
2023,m,59,KEN,3
2023,m,78,FIN,6
2023,f,25,IRL,13
2023,f,7,ISR,11
2023,m,36,HTI,2
2023,f,22,COG,6
2023,m,62,MOZ,2
2023,f,18,PAK,6
2023,f,69,EST,1
2023,f,47,SYR,6
2023,m,64,UNKNOWN,4
2023,f,29,KOSOVO,5
2023,m,72,LBN,4
2023,m,94,UKR,4
2023,f,16,ITA,17
2023,m,79,GRC,11
2023,f,34,SYR,13
2023,m,38,MKD,16
2023,m,67,MKD,3
2023,m,38,CIV,6
2023,m,18,AUT,11
2023,m,77,LBN,3
2023,f,34,MKD,11
2023,f,19,AUT,10
2023,f,51,CAN,9
2023,f,55,UNKNOWN,4
2023,f,49,PAK,6
2023,m,23,LKA,10
2023,f,93,GRC,13
2023,f,53,ECU,1
2023,f,58,IRQ,3
2023,m,58,ZAF,4
2023,m,56,KOSOVO,7
2023,m,32,EST,19
2023,m,21,PER,14
2023,f,29,SLV,2
2023,f,62,NZL,3
2023,f,82,ZWE,1
2023,f,63,CAN,8
2023,m,25,NER,7
2023,f,0,IRL,2
2023,f,43,IRQ,8
2023,m,26,EST,15
2023,f,50,BIH,3
2023,f,72,MEX,2
2023,m,116,GRC,3
2023,m,68,YUG,1
2023,f,30,BEL,9
2023,m,23,BDI,4
2023,m,26,CHL,2
2023,m,74,ROU,12
2023,m,7,USA,21
2023,f,41,URY,2
2023,f,34,UNKNOWN,2
2023,f,12,IRL,6
2023,m,44,ZMB,2
2023,f,20,DZA,12
2023,f,68,ZAF,2
2023,m,62,FIN,15
2023,f,9,TJK,4
2023,f,24,UGA,5
2023,m,2,AGO,2
2023,f,19,JAM,1
2023,f,49,PER,7
2023,m,4,AUT,7
2023,m,61,ZAF,5
2023,m,8,JPN,15
2023,f,36,SVN,8
2023,f,26,NZL,1
2023,f,78,GRC,10
2023,f,64,MNG,12
2023,f,90,UNKNOWN,3
2023,f,42,SEN,4
2023,m,85,IRQ,8
2023,m,104,BLR,1
2023,f,27,CAN,22
2023,f,22,MKD,5
2023,m,48,KNA,2
2023,f,85,USA,12
2023,f,108,UNKNOWN,2
2023,f,71,DNK,17
2023,m,120,DEU,1
2023,f,26,AGO,10
2023,m,5,PAK,12
2023,f,29,HND,2
2023,m,67,LBN,2
2023,m,40,LBN,22
2023,m,74,ESP,14
2023,f,8,LVA,5
2023,f,31,CMR,11
2023,m,19,SWE,8
2023,m,43,SVN,19
2023,f,93,BLR,7
2023,f,69,JPN,9
2023,f,29,COD,5
2023,f,9,CHE,5
2023,f,63,TUR,11
2023,f,68,JPN,11
2023,m,74,TJK,1
2023,f,57,NPL,6
2023,m,129,UNKNOWN,1
2023,f,24,MLI,5
2023,m,77,BEL,17
2023,f,25,MUS,1
2023,f,46,ETH,3
2023,f,51,CHE,9
2023,m,19,AFG,17
2023,f,40,YUG,7
2023,m,44,PRY,2
2023,m,77,ROU,1
2023,m,67,KOSOVO,1
2023,m,5,JOR,1
2023,f,47,NPL,16
2023,f,53,BRA,10
2023,m,45,IRN,24
2023,m,55,IRN,15
2023,m,24,GMB,4
2023,f,36,MMR,1
2023,m,19,MYS,3
2023,m,83,AUT,11
2023,f,82,IRQ,3
2023,m,56,YEM,11
2023,f,68,AUS,6
2023,f,24,PAN,1
2023,f,1,AZE,17
2023,f,2,DZA,2
2023,m,66,YUG,3
2023,f,36,BIH,4
2023,m,39,NIC,4
2023,f,85,MNG,5
2023,m,66,UZB,6
2023,m,27,CYP,6
2023,f,80,VNM,15
2023,f,28,CRI,9
2023,m,61,CAN,15
2023,f,1,EST,1
2023,m,10,PAK,9
2023,m,92,NLD,2
2023,m,89,AUT,4
2023,m,41,CYP,3
2023,f,18,THA,9
2023,f,81,ITA,3
2023,m,11,YEM,1
2023,f,113,UNKNOWN,4
2023,f,44,COG,3
2023,f,50,SYR,2
2023,m,17,DZA,1
2023,m,32,HRV,29
2023,f,26,OMN,1
2023,f,4,BEL,4
2023,f,35,DOM,2
2023,f,44,MNG,19
2023,m,83,UGA,1
2023,m,92,CZE,2
2023,m,4,MAR,1
2023,f,16,JOR,2
2023,f,25,BIH,7
2023,m,56,MEX,7
2023,f,18,JPN,14
2023,m,45,MNE,4
2023,f,64,MAR,1
2023,m,9,NLD,14
2023,f,20,BRA,8
2023,m,41,SVN,14
2023,m,70,UNKNOWN,5
2023,f,36,UGA,11
2023,f,46,NOR,28
2023,m,16,BGD,5
2023,f,30,LAO,2
2023,m,1,GBR,10
2023,f,75,FRA,16
2023,m,43,GTM,5
2023,m,63,IDN,1
2023,f,50,COG,3
2023,f,24,TTO,1
2023,m,47,PSE,3
2023,f,8,BRA,12
2023,f,84,BLR,26
2023,m,13,DNK,7
2023,f,20,THA,7
2023,m,32,JAM,2
2023,f,8,NER,1
2023,f,65,SVN,1
2023,m,20,EST,4
2023,f,39,VEN,10
2023,f,26,CMR,6
2023,m,57,IDN,4
2023,m,53,KOSOVO,6
2023,f,108,GBR,2
2023,m,9,LVA,9
2023,f,102,SWE,6
2023,m,75,ARM,13
2023,m,2,BGD,14
2023,m,50,CHE,19
2023,m,54,KOSOVO,10
2023,m,64,ECU,2
2023,f,71,LVA,4
2023,f,28,URY,1
2023,m,76,IND,11
2023,m,75,CZE,9
2023,f,7,ITA,14
2023,f,31,GTM,3
2023,m,68,CHL,1
2023,f,32,ZAF,25
2023,m,38,YUG,1
2023,f,2,LTU,5
2023,m,20,GTM,10
2023,m,18,IRQ,7
2023,f,32,ECU,6
2023,f,24,CUB,8
2023,f,78,KOR,2
2023,m,10,PRT,8
2023,f,39,BTN,1
2023,m,6,GRC,6
2023,m,63,BRA,7
2023,m,27,BIH,16
2023,f,61,NOR,7
2023,m,50,ECU,4
2023,m,58,CUB,3
2023,m,19,MMR,7
2023,m,8,ISR,5
2023,m,48,EST,13
2023,f,52,YUG,1
2023,f,76,SYR,2
2023,f,79,ZAF,2
2023,m,17,AUT,8
2023,f,67,IRL,1
2023,f,46,IRN,13
2023,m,111,GRC,6
2023,f,37,ETH,7
2023,m,7,NER,1
2023,m,69,UNKNOWN,3
2023,m,32,MKD,6
2023,f,36,MYS,7
2023,m,16,GRC,8
2023,m,41,PSE,4
2023,f,40,AGO,3
2023,m,77,CAN,10
2023,f,41,UNKNOWN,13
2023,f,51,PAK,4
2023,f,44,ETH,2
2023,f,112,DEU,5
2023,m,57,MYS,3
2023,m,6,PAK,13
2023,f,24,AGO,7
2023,f,56,SGP,1
2023,f,45,CUB,4
2023,f,25,GHA,6
2023,m,46,SDN,2
2023,m,18,ARM,19
2023,m,28,MYS,18
2023,m,107,NLD,1
2023,m,22,COD,7
2023,f,72,ISR,5
2023,f,62,COL,3
2023,f,5,SRB,5
2023,f,17,COD,2
2023,m,7,COL,4
2023,m,22,TZA,8
2023,m,0,SVK,4
2023,f,37,CMR,13
2023,f,40,ETH,7
2023,m,116,DEU,1
2023,m,32,SVN,11
2023,f,73,IRQ,2
2023,m,72,SVK,3
2023,m,6,GBR,13
2023,f,61,ROU,9
2023,f,46,CHE,8
2023,m,20,COG,4
2023,m,2,SRB,6
2023,f,43,BOL,3
2023,f,39,SYR,13
2023,f,8,MKD,2
2023,f,63,MKD,1
2023,f,64,AUS,5
2023,m,87,GBR,9
2023,m,70,UZB,1
2023,m,80,UNKNOWN,4
2023,f,74,IND,11
2023,m,71,KOR,10
2023,m,19,THA,4
2023,f,20,HRV,7
2023,f,3,SDN,1
2023,f,18,TWN,2
2023,f,70,UZB,1
2023,m,49,UNKNOWN,8
2023,m,65,UNKNOWN,12
2023,m,91,UNKNOWN,6
2023,m,83,CAN,7
2023,m,12,NOR,5
2023,f,36,AUS,10
2023,f,58,IDN,2
2023,f,12,UNKNOWN,9
2023,f,110,UNKNOWN,6
2023,m,4,FIN,1
2023,f,50,PRK,4
2023,m,22,BIH,6
2023,m,1,TKM,3
2023,f,75,UZB,5
2023,m,61,LBY,10
2023,m,87,SVK,1
2023,m,41,CMR,20
2023,m,65,SRB,24
2023,m,98,UNKNOWN,4
2023,m,74,ARM,12
2023,m,33,GIN,9
2023,f,89,ITA,4
2023,f,104,USA,5
2023,m,18,VEN,3
2023,f,96,BLR,3
2023,m,75,MKD,1
2023,f,93,USA,4
2023,m,106,GRC,11
2023,f,50,CAN,18
2023,f,82,YUG,3
2023,f,85,BRA,1
2023,f,61,PHL,4
2023,m,39,UGA,10
2023,m,54,MNE,2
2023,m,33,SGP,7
2023,f,64,KGZ,1
2023,m,100,AUT,2
2023,f,20,LBN,5
2023,m,42,SGP,7
2023,m,57,KWT,1
2023,f,35,MUS,2
2023,m,9,BGD,6
2023,m,79,AUS,2
2023,f,18,BRA,6
2023,m,49,PER,11
2023,f,17,AFG,3
2023,f,40,MRT,2
2023,f,109,UNKNOWN,7
2023,f,34,ARG,11
2023,f,77,MNG,2
2023,f,43,IRL,10
2023,m,71,TUR,15
2023,m,13,FIN,2
2023,m,45,SYR,29
2023,m,116,UNKNOWN,4
2023,m,36,QAT,1
2023,f,21,BDI,8
2023,m,53,ALB,18
2023,f,6,ESP,13
2023,m,88,SWE,8
2023,f,37,ERI,1
2023,f,1,MEX,7
2023,f,22,TKM,17
2023,f,27,SEN,1
2023,f,59,AZE,7
2023,f,45,HRV,8
2023,f,98,GRC,11
2023,f,120,RUS,2
2023,m,16,NLD,13
2023,m,20,SDN,3
2023,f,67,HUN,10
2023,f,63,NLD,17
2023,f,67,ESP,5
2023,f,24,PHL,19
2023,f,12,LKA,1
2023,m,88,VNM,8
2023,f,21,MEX,9
2023,m,103,SWE,4
2023,m,92,GRC,10
2023,f,7,ARG,4
2023,f,43,UNKNOWN,1
2023,f,60,FIN,5
2023,f,129,USA,3
2023,m,36,ISL,2
2023,f,67,PER,1
2023,m,73,LBR,1
2023,m,30,GMB,3
2023,m,54,LUX,5
2023,m,25,ECU,2
2023,f,80,AUS,2
2023,m,87,LTU,2
2023,f,62,AUS,3
2023,m,104,UNKNOWN,7
2023,m,91,ARM,3
2023,m,53,SOM,1
2023,f,73,GEO,9
2023,m,2,KHM,1
2023,m,40,TWN,31
2023,f,44,GRC,14
2023,f,65,CZE,16
2023,f,41,DOM,3
2023,f,30,CHE,7
2023,m,5,CZE,11
2023,f,81,GEO,4
2023,f,72,VEN,2
2023,f,0,BRA,8
2023,f,7,UZB,5
2023,f,67,BRA,3
2023,m,97,UKR,4
2023,f,33,BEL,12
2023,f,23,CIV,1
2023,f,77,BEL,3
2023,m,62,BRA,5
2023,m,4,KGZ,11
2023,f,3,ETH,2
2023,m,44,PER,11
2023,m,29,MKD,13
2023,f,49,HRV,4
2023,m,47,UNKNOWN,2
2023,f,4,UZB,10
2023,m,49,CIV,3
2023,f,5,DZA,2
2023,m,31,AUS,16
2023,m,89,BGR,3
2023,f,43,ETH,1
2023,f,2,PAK,12
2023,m,32,BOL,2
2023,f,67,SEN,1
2023,m,69,IDN,1
2023,m,60,YUG,2
2023,f,84,IDN,1
2023,f,102,DNK,1
2023,m,14,DNK,4
2023,f,48,DJI,1
2023,f,21,TUN,5
2023,f,63,TWN,4
2023,m,17,SWE,5
2023,m,63,EST,4
2023,f,8,ARG,7
2023,f,17,ZWE,4
2023,m,15,ERI,1
2023,m,48,TGO,2
2023,m,4,KEN,2
2023,f,11,ISR,13
2023,f,13,CHL,1
2023,f,14,ZAF,6
2023,f,40,CYP,3
2023,m,121,DEU,1
2023,f,67,ISR,6
2023,f,41,AUS,13
2023,m,8,ZAF,6
2023,f,5,LTU,8
2023,m,28,MOZ,1
2023,m,46,YUG,5
2023,m,25,CHL,1
2023,f,27,UNKNOWN,7
2023,f,11,IRL,6
2023,f,2,KOR,11
2023,f,77,IRN,1
2023,f,24,AFG,17
2023,f,82,ITA,5
2023,f,79,IRQ,4
2023,f,16,ZWE,3
2023,m,63,TGO,2
2023,m,110,ITA,1
2023,m,4,MKD,2
2023,m,30,ZMB,6
2023,m,26,GUY,1
2023,m,81,SRB,1
2023,f,50,BEL,11
2023,f,88,SWE,23
2023,f,51,CMR,1
2023,m,52,KOSOVO,10
2023,m,10,NZL,1
2023,m,82,KOR,1
2023,m,40,GHA,11
2023,m,53,UNKNOWN,18
2023,m,84,UNKNOWN,12
2023,f,59,UNKNOWN,24
2023,f,87,CHE,2
2023,m,81,AUS,6
2023,f,17,NOR,7
2023,f,22,KHM,1
2023,m,36,LUX,3
2023,f,5,ZWE,3
2023,f,3,GRC,3
2023,f,53,VUT,1
2023,m,47,SEN,3
2023,m,54,SVN,7
2023,m,22,NOR,13
2023,f,71,GEO,11
2023,f,34,CUB,9
2023,f,15,TJK,7
2023,f,91,BLR,7
2023,f,117,UNKNOWN,4
2023,f,5,SYR,4
2023,f,81,BGR,6
2023,m,48,CIV,1
2023,f,47,PRK,4
2023,m,86,VNM,5
2023,f,100,UNKNOWN,8
2023,f,41,COG,6
2023,f,7,IRL,2
2023,m,22,PHL,8
2023,m,58,TKM,5
2023,m,85,USA,12
2023,f,25,CYP,4
2023,f,45,COD,1
2023,f,52,SAU,1
2023,m,10,HRV,1
2023,f,41,NZL,3
2023,f,17,UZB,2
2023,m,53,CUB,3
2023,m,16,LTU,9
2023,f,15,LVA,7
2023,m,109,CHE,1
2023,m,57,YUG,4
2023,m,54,CRI,1
2023,f,74,GBR,24
2023,m,12,SVK,11
2023,f,25,BEL,15
2023,m,37,TGO,2
2023,f,0,SVK,7
2023,m,31,PSE,7
2023,m,69,ISR,10
2023,m,81,RUS,11
2023,f,48,COD,2
2023,f,89,UNKNOWN,2
2023,f,37,NZL,3
2023,m,27,BDI,3
2023,f,32,BEL,15
2023,f,30,TJK,4
2023,f,46,ALB,4
2023,m,107,UKR,1
2023,m,100,EGY,1
2023,m,68,SRB,14
2023,m,48,TWN,7
2023,m,4,HUN,7
2023,f,75,ROU,2
2023,f,91,USA,8
2023,f,92,ITA,4
2023,f,33,GIN,5
2023,f,34,SOM,2
2023,f,36,JOR,4
2023,f,45,ZAF,7
2023,f,52,BIH,1
2023,m,17,LTU,12
2023,f,21,PHL,8
2023,m,81,ESP,7
2023,m,66,KWT,1
2023,m,20,IRQ,8
2023,f,65,ROU,10
2023,m,84,NLD,11
2023,f,96,USA,7
2023,f,15,ISR,8
2023,f,25,GTM,5
2023,m,91,GRC,5
2023,f,80,CHE,4
2023,m,38,ERI,1
2023,m,60,KGZ,10
2023,f,47,MAR,2
2023,m,16,HUN,9
2023,f,17,SDN,2
2023,m,78,NOR,7
2023,m,78,CHN,7
2023,f,79,UNKNOWN,1
2023,m,2,EST,1
2023,m,45,CHE,12
2023,m,22,BOL,3
2023,m,55,TZA,2
2023,m,68,AFG,2
2023,f,9,PRT,7
2023,m,34,CHL,10
2023,f,57,TWN,6
2023,f,70,BGR,19
2023,f,44,SYR,7
2023,m,54,EGY,24
2023,m,72,MNG,6
2023,m,77,MDA,3
2023,m,73,SRB,2
2023,f,44,KOSOVO,2
2023,f,73,JPN,7
2023,f,42,LAO,1
2023,f,37,ALB,14
2023,f,9,CMR,1
2023,f,43,DNK,17
2023,f,27,ZAF,15
2023,m,61,NZL,2
2023,f,90,ARM,3
2023,m,9,PER,1
2023,f,38,ZMB,3
2023,m,60,KWT,6
2023,m,38,COG,10
2023,f,82,SYR,3
2023,f,47,YUG,4
2023,m,14,ZWE,4
2023,m,28,PRK,3
2023,f,40,PAK,18
2023,m,83,JPN,5
2023,m,19,MLI,1
2023,f,17,AUS,5
2023,f,18,LBN,4
2023,f,74,TUN,1
2023,f,45,ZWE,13
2023,m,24,NER,6
2023,f,46,EGY,4
2023,m,2,DZA,2
2023,f,52,FIN,11
2023,f,134,GRC,3
2023,f,36,KGZ,22
2023,f,5,EST,2
2023,f,43,YEM,3
2023,m,50,DZA,19
2023,m,79,LBY,2
2023,m,13,ARG,2
2023,f,102,DEU,18
2023,m,54,IDN,6
2023,f,74,ROU,7
2023,m,47,COG,4
2023,m,112,UNKNOWN,3
2023,f,108,USA,4
2023,m,56,DZA,17
2023,f,3,FRA,9
2023,m,56,SLV,1
2023,f,30,IRL,12
2023,f,76,CAN,9
2023,m,93,USA,7
2023,f,7,CAN,1
2023,f,57,UNKNOWN,9
2023,f,53,CUB,4
2023,m,109,UNKNOWN,3
2023,f,13,PAN,1
2023,f,36,ISL,1
2023,f,39,EGY,12
2023,f,57,LKA,2
2023,m,59,CUB,6
2023,f,19,UNKNOWN,12
2023,m,56,GAB,1
2023,m,46,IRN,19
2023,f,28,UGA,12
2023,f,54,LVA,12
2023,f,21,SVN,4
2023,m,1,KGZ,7
2023,m,24,ISR,6
2023,m,4,YEM,1
2023,f,0,COL,4
2023,m,74,KAZ,2
2023,m,27,GHA,19
2023,m,7,CAN,3
2023,f,47,GRC,11
2023,m,91,CHE,1
2023,m,57,MAR,11
2023,m,56,AUS,8
2023,m,7,SVN,4
2023,f,61,HRV,2
2023,f,28,TWN,23
2023,f,21,MLT,1
2023,f,12,IDN,2
2023,f,52,UNKNOWN,3
2023,m,45,PSE,2
2023,f,62,LVA,12
2023,m,76,SRB,5
2023,f,63,UNKNOWN,9
2023,m,38,CRI,7
2023,f,65,NZL,2
2023,m,35,NZL,7
2023,m,62,JOR,5
2023,m,21,JOR,13
2023,m,36,NZL,6
2023,m,26,OMN,1
2023,m,73,PAK,2
2023,m,48,MNE,4
2023,m,27,COG,9
2023,m,41,GIN,3
2023,f,57,LVA,13
2023,f,9,LBY,1
2023,m,80,IRQ,3
2023,m,5,BRA,10
2023,f,55,HRV,6
2023,m,46,TWN,13
2023,f,54,AUS,3
2023,f,30,PAN,3
2023,m,15,LVA,8
2023,f,55,EGY,4
2023,m,62,IRN,9
2023,f,2,CUB,1
2023,m,55,AUS,18
2023,m,77,UNKNOWN,3
2023,m,45,TZA,2
2023,m,39,MDG,2
2023,f,84,USA,13
2023,m,49,CHE,14
2023,f,117,UNKNOWN,3
2023,m,79,CHE,7
2023,f,78,UNKNOWN,3
2023,m,72,GEO,9
2023,f,32,SVN,7
2023,f,62,SVK,10
2023,f,15,LTU,8
2023,f,52,IRN,6
2023,m,24,AGO,8
2023,m,7,TJK,7
2023,m,15,SVK,18
2023,f,58,TZA,1
2023,m,51,VEN,7
2023,m,36,DOM,4
2023,m,34,NER,11
2023,m,68,PRT,9
2023,m,2,MAR,5
2023,f,25,LBY,2
2023,m,36,CYP,4
2023,f,85,CHE,1
2023,m,70,SRB,6
2023,m,17,DNK,2
2023,f,31,BHR,1
2023,m,122,GRC,1
2023,f,5,IRL,2
2023,f,3,CMR,1
2023,m,2,KEN,2
2023,f,77,UNKNOWN,2
2023,f,5,SVK,6
2023,f,55,TJK,2
2023,f,46,HND,2
2023,m,74,FIN,7
2023,m,28,CUB,11
2023,m,19,PHL,5
2023,m,18,CHL,2
2023,f,2,NOR,2
2023,m,48,VUT,1
2023,f,49,TZA,5
2023,f,39,ETH,3
2023,f,9,SWE,3
2023,m,21,BIH,3
2023,f,19,MOZ,7
2023,f,129,UNKNOWN,2
2023,f,124,UNKNOWN,2
2023,m,51,CMR,3
2023,m,24,ERI,3
2023,f,73,UNKNOWN,4
2023,m,21,BRA,16
2023,m,107,RUS,3
2023,m,42,ECU,6
2023,f,6,EGY,8
2023,f,46,ISR,13
2023,f,111,SWE,3
2023,m,13,MNG,7
2023,f,76,PRT,1
2023,m,67,TUN,2
2023,f,4,GIN,1
2023,f,27,ARG,16
2023,m,22,UGA,7
2023,f,91,GEO,1
2023,f,39,MKD,7
2023,f,48,DZA,1
2023,f,26,BDI,6
2023,m,11,UGA,1
2023,m,7,BRA,13
2023,f,39,SAU,2
2023,f,54,SYR,4
2023,f,54,CHE,3
2023,f,59,PRT,6
2023,m,72,AUS,7
2023,f,1,GHA,1
2023,f,54,LBN,3
2023,f,65,YEM,1
2023,f,81,JPN,5
2023,f,56,SVK,18
2023,m,66,LBN,6
2023,f,58,BGD,1
2023,m,9,TUN,2
2023,f,22,HUN,15
2023,f,49,NGA,8
2023,f,57,ISR,4
2023,f,16,NPL,3
2023,f,5,NGA,7
2023,m,40,LUX,2
2023,f,10,LKA,2
2023,f,63,HUN,11
2023,m,27,MMR,3
2023,m,112,CAN,1
2023,m,21,UNKNOWN,6
2023,f,34,IRL,7
2023,m,19,BFA,1
2023,m,22,HTI,1
2023,m,20,HRV,3
2023,m,70,SEN,1
2023,f,78,AUS,1
2023,m,73,IND,15
2023,f,61,UNKNOWN,2
2023,f,36,PER,8
2023,m,103,ESP,1
2023,m,77,AFG,5
2023,m,62,BIH,9
2023,f,3,MAR,3
2023,m,21,TCD,1
2023,f,12,AZE,7
2023,f,54,NZL,2
2023,m,32,CPV,1
2023,m,43,SAU,4
2023,f,75,HUN,9
2023,m,3,AFG,11
2023,m,41,MMR,1
2023,f,32,ALB,14
2023,f,18,HUN,7
2023,m,49,SEN,3
2023,m,44,SVN,12
2023,f,38,UNKNOWN,10
2023,f,74,ITA,15
2023,f,52,MEX,9
2023,f,11,ZWE,4
2023,f,59,MYS,3
2023,f,2,ARM,14
2023,f,57,TKM,5
2023,m,76,LBY,3
2023,f,39,IRL,12
2023,m,46,MKD,16
2023,m,66,DZA,6
2023,f,80,HRV,2
2023,f,0,MEX,5
2023,m,55,DMA,1
2023,f,67,SVN,2
2023,f,2,THA,1
2023,m,77,SVK,4
2023,m,16,TUN,2
2023,m,3,PRT,7
2023,f,88,GRC,15
2023,m,73,SAU,4
2023,m,31,LBY,4
2023,m,54,RWA,3
2023,f,32,LBN,10
2023,f,32,THA,24
2023,f,62,DZA,1
2023,m,39,COG,8
2023,m,27,URY,1
2023,f,121,RUS,1
2023,m,52,LUX,3
2023,m,33,CHL,9
2023,m,14,PRT,5
2023,m,1,CAN,3
2023,m,42,GHA,9
2023,f,27,SRB,16
2023,m,5,SAU,4
2023,f,25,MYS,9
2023,f,46,UNKNOWN,17
2023,f,45,EST,8
2023,m,18,CHE,4
2023,f,8,MYS,2
2023,m,8,SVK,12
2023,m,4,BGD,10
2023,m,24,DMA,1
2023,f,8,EST,2
2023,f,4,KOSOVO,2
2023,f,49,CHL,2
2023,m,4,CAN,2
2023,m,60,COL,11
2023,m,20,THA,5
2023,f,77,CZE,10
2023,m,39,MKD,10
2023,f,53,IRQ,6
2023,m,94,EGY,1
2023,m,40,URY,2
2023,m,58,TZA,3
2023,m,70,UNKNOWN,2
2023,m,46,ETH,2
2023,f,51,MKD,3
2023,m,2,MNG,2
2023,m,64,ALB,4
2023,f,39,KOSOVO,5
2023,f,62,UNKNOWN,8
2023,m,96,CAN,1
2023,m,73,CHL,1
2023,f,52,SVN,3
2023,f,52,TJK,2
2023,m,52,MYS,3
2023,f,3,MYS,1
2023,m,5,SWE,5
2023,m,67,SYR,12
2023,f,36,ZAF,12
2023,m,42,BOL,5
2023,f,129,UKR,1
2023,f,20,SWE,8
2023,m,76,DZA,4
2023,f,91,LTU,2
2023,m,55,VEN,4
2023,f,41,LKA,11
2023,m,85,HRV,4
2023,m,92,ITA,9
2023,f,62,GRC,6
2023,f,37,CHL,3
2023,m,67,HRV,9
2023,f,19,PAK,8
2023,f,35,CRI,3
2023,f,68,PHL,5
2023,m,101,USA,9
2023,m,19,ISR,5
2023,f,38,COG,2
2023,f,75,MNG,4
2023,f,5,KGZ,4
2023,f,2,KGZ,6
2023,f,49,ISR,9
2023,f,13,NPL,1
2023,f,103,DEU,17
2023,m,53,ZAF,10
2023,m,10,SYR,8
2023,m,87,USA,8
2023,f,75,AUS,4
2023,f,42,ISR,14
2023,f,77,JPN,3
2023,m,40,MUS,6
2023,f,76,HUN,6
2023,f,14,AFG,9
2023,m,31,GMB,6
2023,m,83,JOR,1
2023,f,20,SAU,1
2023,f,85,PAK,1
2023,f,81,HUN,6
2023,m,93,JPN,1
2023,f,74,KAZ,7
2023,m,85,LTU,2
2023,m,49,EST,18
2023,m,6,UZB,3
2023,f,6,HUN,9
2023,m,44,COG,7
2023,m,68,NGA,3
2023,m,14,PHL,3
2023,f,54,PER,2
2023,f,44,IRN,19
2023,m,35,YUG,1
2023,f,55,AUS,7
2023,f,38,BOL,4
2023,f,53,PAK,4
2023,m,125,UNKNOWN,2
2023,f,20,SYC,1
2023,f,30,DNK,6
2023,f,25,CRI,4
2023,m,74,MKD,3
2023,f,65,LVA,4
2023,m,60,CHL,3
2023,m,104,USA,9
2023,m,60,LUX,1
2023,f,52,NGA,1
2023,f,4,IRN,5
2023,m,96,USA,6
2023,m,30,VEN,16
2023,f,58,UNKNOWN,2
2023,f,31,ECU,5
2023,m,39,LBY,10
2023,m,30,BIH,10
2023,m,31,GIN,5
2023,m,22,CMR,6
2023,m,39,MNG,19
2023,m,43,AUS,18
2023,f,1,LTU,5
2023,f,13,KHM,1
2023,m,57,LBN,5
2023,m,77,SRB,3
2023,m,93,AUT,3
2023,m,74,CHN,17
2023,m,88,LTU,3
2023,f,59,CRI,2
2023,f,10,KEN,1
2023,f,38,ETH,8
2023,m,48,UNKNOWN,3
2023,f,64,ESP,4
2023,f,21,BRA,8
2023,m,79,LBN,7
2023,f,79,GBR,7
2023,f,47,NGA,7
2023,m,89,RUS,6
2023,f,29,ISR,7
2023,m,1,SYR,4
2023,f,22,SGP,3
2023,f,71,BEL,5
2023,f,61,UZB,4
2023,f,10,DNK,3
2023,m,39,GNB,1
2023,m,64,VEN,2
2023,f,69,IND,12
2023,f,22,SDN,1
2023,f,33,ARG,19
2023,m,95,URY,1
2023,m,20,PSE,7
2023,m,35,NER,12
2023,m,9,UZB,9
2023,f,71,NLD,5
2023,m,78,ISR,9
2023,f,12,AUT,5
2023,f,33,NOR,15
2023,f,4,LBY,3
2023,m,12,EST,2
2023,f,23,MNE,7
2023,f,31,GHA,10
2023,m,53,SGP,2
2023,f,57,CAN,12
2023,m,15,KGZ,6
2023,f,48,MYS,3
2023,f,55,BRA,5
2023,m,28,NAM,3
2023,m,20,AGO,5
2023,m,22,NER,3
2023,f,25,TZA,18
2023,f,57,HRV,4
2023,f,15,AUS,3
2023,m,3,JOR,1
2023,m,12,PHL,5
2023,m,7,CRI,1
2023,m,18,AFG,10
2023,m,127,UNKNOWN,1
2023,f,74,HUN,3
2023,m,39,JAM,1
2023,m,53,VEN,3
2023,f,7,LBY,2
2023,f,69,ARG,1
2023,m,32,LCA,1
2023,f,77,LTU,6
2023,m,39,GIN,6
2023,m,56,UNKNOWN,2
2023,m,23,ISR,12
2023,m,0,LTU,7
2023,f,112,UNKNOWN,2
2023,f,95,LUX,1
2023,m,39,SLV,2
2023,m,110,GRC,12
2023,f,49,COD,1
2023,m,89,CZE,2
2023,f,88,IND,2
2023,m,22,SOM,7
2023,m,118,RUS,1
2023,m,4,ESP,16
2023,f,1,SVK,10
2023,m,6,MNG,2
2023,f,0,PRT,5
2023,m,53,IRQ,23
2023,f,59,MUS,1
2023,f,20,AUS,4
2023,m,49,AUS,11
2023,m,52,DZA,18
2023,m,107,CAN,1
2023,f,61,MLT,2
2023,f,38,PRK,11
2023,m,70,IRQ,9
2023,m,74,MNG,2
2023,m,50,PER,8
2023,f,17,SUR,1
2023,m,8,HUN,8
2023,m,0,RWA,5
2023,f,49,MRT,1
2023,m,87,IND,2
2023,f,41,IRQ,6
2023,f,46,SRB,10
2023,f,105,LVA,1
2023,f,81,CAN,2
2023,m,35,JAM,2
2023,f,55,LBY,1
2023,m,72,IRQ,13
2023,m,68,UNKNOWN,2
2023,m,7,DZA,3
2023,f,53,AZE,13
2023,f,92,MNG,2
2023,m,12,NGA,3
2023,f,40,CIV,2
2023,f,6,CAN,5
2023,f,80,KAZ,3
2023,f,67,CUB,3
2023,f,33,DOM,4
2023,m,45,BOL,3
2023,f,67,KGZ,1
2023,m,27,DOM,3
2023,f,24,LKA,6
2023,f,7,TUN,1
2023,m,47,CHE,19
2023,m,7,MEX,1
2023,m,112,GBR,3
2023,m,39,NZL,6
2023,f,45,YEM,3
2023,m,73,MNG,4
2023,m,63,TUN,4
2023,f,20,SLE,2
2023,m,29,CHE,15
2023,f,70,SGP,2
2023,f,70,BEL,3
2023,m,7,ECU,1
2023,m,90,SVK,1
2023,f,73,IRN,2
2023,f,22,VEN,9
2023,m,69,AUS,7
2023,m,94,YUG,2
2023,m,38,NER,5
2023,m,104,ISR,1
2023,m,24,TZA,25
2023,m,43,SLV,1
2023,m,33,JAM,2
2023,f,44,TJK,6
2023,m,78,JOR,2
2023,f,70,MYS,2
2023,m,61,SAU,6
2023,m,53,ZWE,4
2023,m,93,CHN,3
2023,m,28,COG,14
2023,f,17,TUR,21
2023,f,3,SWE,3
2023,m,58,TUN,15
2023,f,12,AFG,11
2023,f,58,YUG,2
2023,f,74,PHL,2
2023,m,65,PAK,7
2023,m,7,PAK,10
2023,f,44,CMR,3
2023,m,48,CRI,2
2023,f,97,BGR,2
2023,m,11,NGA,5
2023,f,6,ARG,2
2023,m,15,FIN,3
2023,f,0,TJK,9
2023,m,40,COG,7
2023,m,18,PRT,7
2023,f,69,ITA,10
2023,m,15,SRB,5
2023,m,2,SVK,6
2023,f,23,AFG,9
2023,f,53,MEX,4
2023,f,36,BEL,8
2023,m,52,COG,4
2023,m,58,DMA,1
2023,f,51,IDN,10
2023,f,59,NOR,8
2023,f,35,LBN,2
2023,m,63,NGA,10
2023,f,84,NOR,1
2023,f,79,TUR,3
2023,f,58,PHL,12
2023,f,19,UNKNOWN,2
2023,f,2,KAZ,15
2023,m,97,MDA,1
2023,f,93,UNKNOWN,5
2023,m,47,SAU,2
2023,f,83,UNKNOWN,4
2023,f,84,MNG,2
2023,m,51,GTM,2
2023,m,0,GHA,2
2023,f,75,CHE,3
2023,m,12,TKM,2
2023,m,5,AUT,4
2023,f,6,ALB,2
2023,f,72,MUS,1
2023,f,38,BGD,10
2023,m,59,MAR,9
2023,f,82,UNKNOWN,3
2023,f,43,CYP,2
2023,m,24,MNE,5
2023,f,17,ZAF,4
2023,m,70,NPL,1
2023,f,9,PAK,4
2023,m,24,MUS,2
2023,f,62,ISR,7
2023,m,59,ISL,1
2023,f,24,BGD,31
2023,m,58,UNKNOWN,8
2023,m,51,MKD,14
2023,m,64,ZAF,4
2023,m,40,ETH,9
2023,f,14,MAR,1
2023,m,15,CZE,9
2023,m,43,LBY,6
2023,m,20,NAM,2
2023,m,18,ECU,1
2023,f,92,LTU,4
2023,f,36,LKA,5
2023,m,60,NPL,1
2023,f,4,UNKNOWN,9
2023,m,4,IRL,6
2023,m,60,ZAF,3
2023,m,63,VEN,1
2023,m,41,CIV,2
2023,m,75,NOR,13
2023,f,17,BEL,7
2023,m,90,SRB,3
2023,m,3,AZE,24
2023,f,3,MNG,5
2023,m,5,NGA,4
2023,m,37,GMB,12
2023,m,7,KOSOVO,1
2023,m,73,HUN,13
2023,m,65,MYS,1
2023,f,78,CZE,7
2023,f,9,ARM,16
2023,m,89,GBR,6
2023,f,77,ISR,2
2023,f,23,SGP,5
2023,f,45,YUG,2
2023,f,20,EGY,6
2023,f,15,SUR,1
2023,m,14,BRA,9
2023,f,19,KOSOVO,2
2023,f,118,DEU,2
2023,f,51,IRN,7
2023,f,82,USA,8
2023,m,68,THA,5
2023,f,45,AGO,4
2023,m,7,ARG,5
2023,m,112,UNKNOWN,2
2023,f,81,ZAF,1
2023,f,7,CHE,3
2023,m,120,USA,2
2023,m,58,LBY,10
2023,m,75,UNKNOWN,5
2023,m,20,COD,9
2023,f,7,BGD,12
2023,m,60,SYR,17
2023,f,68,LVA,2
2023,m,79,ISR,2
2023,m,67,IRQ,13
2023,f,19,FIN,6
2023,f,88,DNK,2
2023,m,40,SVN,12
2023,f,81,GBR,4
2023,m,89,LBN,1
2023,f,44,NOR,24
2023,m,64,TUN,2
2023,m,78,SVK,2
2023,f,9,LVA,4
2023,f,70,CHE,3
2023,f,2,IRL,3
2023,m,24,THA,10
2023,m,86,NOR,7
2023,f,32,UGA,15
2023,m,34,ZMB,3
2023,f,21,NOR,20
2023,f,60,GRC,7
2023,m,26,MLT,2
2023,m,41,LKA,16
2023,f,13,MKD,2
2023,m,29,EST,12
2023,m,36,TTO,1
2023,f,29,UNKNOWN,9
2023,f,90,LTU,3
2023,f,34,TJK,10
2023,f,63,NPL,2
2023,f,58,TKM,4
2023,m,25,LCA,1
2023,f,29,AUS,3
2023,m,50,DOM,1
2023,f,24,ECU,8
2023,f,25,VEN,4
2023,f,37,TZA,4
2023,m,29,UNKNOWN,17
2023,f,49,IRL,12
2023,m,12,AGO,1
2023,f,5,KAZ,11
2023,f,61,PRT,4
2023,f,63,CUB,1
2023,m,31,MMR,2
2023,m,37,HTI,2
2023,m,16,KGZ,2
2023,f,4,ALB,5
2023,m,46,VEN,10
2023,m,55,GHA,3
2023,f,61,UNKNOWN,12
2023,m,4,SVK,11
2023,m,47,SLE,2
2023,f,98,AUS,3
2023,f,57,KGZ,2
2023,m,77,SVN,1
2023,f,2,SAU,2
2023,m,34,SGP,5
2023,m,75,GEO,1
2023,f,79,MNG,5
2023,f,38,SYR,6
2023,f,82,NLD,4
2023,f,41,ETH,4
2023,f,45,SVN,10
2023,f,67,ARG,1
2023,f,45,BDI,1
2023,m,60,COG,1
2023,m,43,YUG,4
2023,f,20,CAN,10
2023,m,62,KOSOVO,3
2023,f,91,ARM,4
2023,f,121,DEU,3
2023,m,61,SVN,7
2023,m,21,DMA,4
2023,m,45,MYS,2
2023,m,89,FIN,1
2023,f,57,MEX,5
2023,f,76,UNKNOWN,10
2023,m,52,MKD,7
2023,f,35,MNE,2
2023,m,86,DNK,5
2023,m,63,BIH,7
2023,m,41,MRT,1
2023,f,116,USA,4
2023,m,0,ALB,4
2023,m,37,CHL,12
2023,m,7,LVA,5
2023,m,17,KGZ,10
2023,m,8,AUT,3
2023,m,6,NLD,8
2023,f,63,PRT,7
2023,m,62,UNKNOWN,3
2023,f,62,HUN,13
2023,f,46,BGD,3
2023,m,48,DZA,14
2023,f,73,ESP,2
2023,f,31,AUS,7
2023,m,32,GTM,11
2023,f,14,AUT,6
2023,m,18,TWN,1
2023,m,9,LTU,8
2023,m,79,CZE,3
2023,f,68,TWN,1
2023,m,59,UNKNOWN,4
2023,m,110,SWE,3
2023,f,35,GIN,1
2023,f,5,IRN,8
2023,m,26,MYS,7
2023,m,75,DZA,3
2023,m,35,MLT,5
2023,f,20,IRQ,4
2023,f,42,DNK,9
2023,m,104,GBR,1
2023,m,77,UNKNOWN,1
2023,f,52,AGO,1
2023,m,121,GBR,1
2023,m,17,PRT,8
2023,m,57,KOSOVO,3
2023,m,60,AUS,14
2023,m,17,IRN,5
2023,m,65,TJK,4
2023,f,9,IRQ,6
2023,m,43,KEN,19
2023,m,41,ZMB,1
2023,m,83,PRK,1
2023,m,54,SLV,2
2023,m,98,CAN,4
2023,m,46,CAF,1
2023,f,84,JOR,1
2023,m,18,SDN,4
2023,m,52,CHL,1
2023,m,61,LKA,4
2023,m,68,MEX,2
2023,f,2,ISR,9
2023,m,74,LBN,4
2023,f,9,MEX,3
2023,m,72,PAK,1
2023,m,30,SEN,7
2023,f,96,RUS,10
2023,m,54,SAU,2
2023,f,49,LBY,7
2023,f,67,PRT,2
2023,m,10,MNG,4
2023,m,6,EGY,10
2023,f,70,AUS,2
2023,f,14,TJK,4
2023,f,112,UNKNOWN,1
2023,f,80,CHN,5
2023,f,38,NER,2
2023,f,2,CRI,2
2023,f,71,EGY,2
2023,m,23,MMR,9
2023,f,23,DNK,13
2023,m,22,ZAF,17
2023,m,70,SYR,8
2023,m,19,GRC,9
2023,f,42,MMR,2
2023,f,12,NPL,2
2023,f,63,AFG,2
2023,f,32,DZA,6
2023,f,11,PAK,3
2023,m,24,BOL,3
2023,f,52,TZA,3
2023,m,5,UZB,5
2023,f,48,SRB,14
2023,f,26,PAN,1
2023,m,30,PAN,3
2023,m,32,COD,12
2023,m,21,YUG,1
2023,m,52,VEN,5
2023,f,115,FRA,2
2023,f,38,RWA,3
2023,f,16,PAK,6
2023,f,28,SOM,2
2023,m,12,AUS,3
2023,m,63,CYP,2
2023,m,55,EST,7
2023,f,7,SDN,1
2023,m,70,CHL,2
2023,f,0,SEN,1
2023,m,44,ZAF,10
2023,m,42,SAU,11
2023,m,8,ARG,3
2023,m,87,NLD,8
2023,f,40,MAR,10
2023,f,75,JPN,5
2023,m,39,AGO,12
2023,f,72,GRC,7
2023,f,0,ESP,5
2023,m,53,YUG,2
2023,m,1,CMR,4
2023,f,82,ARM,7
2023,m,32,DOM,7
2023,m,18,BGD,6
2023,m,58,LAO,1
2023,m,13,EST,5
2023,m,52,ECU,1
2023,m,9,GBR,18
2023,f,44,ECU,4
2023,f,43,BGD,2
2023,f,48,MAR,3
2023,m,0,NLD,4
2023,f,0,NGA,6
2023,f,7,CZE,5
2023,f,71,IND,11
2023,f,24,SLV,2
2023,f,111,UNKNOWN,1
2023,f,18,DOM,2
2023,f,72,MNG,4
2023,m,64,MAR,4
2023,m,15,HRV,2
2023,m,33,KNA,4
2023,f,72,ESP,4
2023,f,39,SEN,2
2023,m,28,MWI,1
2023,f,4,LKA,3
2023,m,85,DOM,1
2023,f,64,GRC,16
2023,m,34,CPV,1
2023,f,14,FIN,4
2023,m,36,HND,1
2023,f,18,EGY,8
2023,m,45,CYP,9
2023,f,65,MEX,2
2023,m,5,LBN,3
2023,m,58,KEN,3
2023,f,102,UNKNOWN,4
2023,f,52,SRB,3
2023,m,59,SGP,2
2023,f,16,COL,3
2023,f,36,COG,7
2023,f,42,FIN,18
2023,m,59,NZL,3
2023,m,14,NOR,5
2023,f,0,BOL,1
2023,f,55,HUN,17
2023,f,15,SVN,1
2023,m,60,EGY,14
2023,m,3,GBR,12
2023,m,7,JOR,2
2023,f,14,HUN,7
2023,f,47,MDG,1
2023,f,50,UZB,13
2023,m,71,EGY,2
2023,f,11,KGZ,3
2023,m,19,SYR,16
2023,f,103,RUS,7
2023,m,9,PRT,9
2023,f,6,SEN,1
2023,f,18,SYR,5
2023,f,35,LKA,6
2023,f,29,SSD,1
2023,m,71,SRB,5
2023,m,32,MNE,7
2023,m,56,ISL,3
2023,f,8,CAN,6
2023,m,81,CZE,3
2023,f,33,GHA,6
2023,f,83,IRL,1
2023,m,8,CAN,2
2023,m,43,NZL,3
2023,m,49,COD,1
2023,m,60,YUG,2
2023,m,70,MAR,1
2023,f,68,TUN,3
2023,f,99,USA,7
2023,f,27,DNK,11
2023,f,78,USA,16
2023,f,32,GAB,2
2023,m,68,IRN,5
2023,f,129,RUS,1
2023,m,105,GRC,6
2023,m,46,GIN,4
2023,m,48,JOR,7
2023,f,90,VNM,5
2023,m,71,UNKNOWN,7
2023,f,70,MAR,1
2023,m,58,LBN,9
2023,f,78,HUN,3
2023,m,13,ZAF,1
2023,m,40,KNA,1
2023,m,32,AGO,10
2023,f,78,DNK,4
2023,f,52,IRQ,6
2023,f,5,ALB,5
2023,f,6,BRA,16
2023,f,95,VNM,3
2023,f,24,KOSOVO,14
2023,f,62,CHE,3
2023,f,3,GIN,1
2023,m,22,NIC,6
2023,f,13,TTO,1
2023,m,91,FRA,7
2023,m,78,ARE,1
2023,m,5,NPL,5
2023,f,3,MUS,1
2023,f,20,TZA,6
2023,f,7,DNK,5
2023,m,14,ZAF,1
2023,f,36,PNG,2
2023,f,60,UZB,4
2023,m,27,AUS,5
2023,f,30,ISL,1
2023,m,44,LUX,2
2023,f,66,ARG,2
2023,f,39,TJK,10
2023,f,88,ARM,8
2023,m,30,LBY,8
2023,m,95,UNKNOWN,4
2023,f,114,DEU,3
2023,m,49,BOL,2
2023,m,19,PRK,1
2023,m,69,MKD,3
2023,m,61,SYR,19
2023,m,36,GAB,2
2023,m,66,SRB,13
2023,m,68,KGZ,1
2023,m,63,CHL,2
2023,f,17,USA,33
2023,m,50,CMR,2
2023,f,19,KHM,2
2023,m,67,JOR,4
2023,f,94,DNK,1
2023,f,0,AGO,1
2023,m,84,UNKNOWN,7
2023,f,15,ESP,15
2023,f,43,HRV,7
2023,f,77,HUN,8
2023,m,57,YUG,3
2023,f,25,CHE,5
2023,m,43,AFG,7
2023,f,66,UNKNOWN,2
2023,f,38,MMR,1
2023,f,5,CAN,6
2023,f,23,UNKNOWN,6
2023,m,33,SLV,3
2023,m,1,ARE,1
2023,m,29,SVN,11
2023,f,68,PER,2
2023,f,84,ITA,6
2023,m,61,MYS,2
2023,m,14,SVK,11
2023,f,63,FIN,7
2023,f,19,GBR,19
2023,m,26,SGP,4
2023,f,20,LKA,2
2023,f,28,ISR,10
2023,m,15,COL,4
2023,f,46,CUB,3
2023,f,130,GRC,1
2023,f,51,TJK,6
2023,m,80,UNKNOWN,1
2023,m,25,BTN,1
2023,f,57,LBN,1
2023,m,46,BOL,4
2023,f,26,GTM,8
2023,m,66,SVK,12
2023,m,7,BGD,6
2023,m,118,BEL,1
2023,f,39,NIC,1
2023,f,41,SVN,8
2023,f,91,SYR,1
2023,f,2,CAN,2
2023,f,77,CHN,10
2023,f,106,RUS,4
2023,m,11,SWE,10
2023,f,2,MNE,1
2023,f,63,SVN,1
2023,f,115,USA,3
2023,f,0,IDN,2
2023,m,26,TON,1
2023,m,70,IRN,2
2023,f,38,CYP,2
2023,f,78,YUG,1
2023,m,54,DOM,1
2023,m,75,MNG,5
2023,f,52,TKM,11
2023,m,56,TWN,4
2023,m,11,UZB,4
2023,m,30,CYP,3
2023,m,82,MNG,2
2023,m,58,VAT,1
2023,m,9,BEL,8
2023,f,28,PAK,34
2023,m,36,TWN,22
2023,f,3,HUN,6
2023,f,37,MMR,3
2023,f,27,MDG,3
2023,m,80,UNKNOWN,16
2023,f,58,GRC,6
2023,m,33,TTO,3
2023,m,51,SUR,2
2023,f,94,FRA,4
2023,f,27,NER,3
2023,m,74,AFG,4
2023,f,84,CZE,4
2023,m,4,AFG,9
2023,m,38,HND,3
2023,m,25,CHE,5
2023,f,65,ZAF,2
2023,f,20,ARG,7
2023,f,51,PRK,9
2023,m,13,AUS,3
2023,m,14,MNE,1
2023,f,32,GIN,1
2023,m,76,ALB,1
2023,f,3,JOR,4
2023,f,56,ARG,1
2023,f,48,RWA,2
2023,f,12,SVK,5
2023,m,8,HRV,4
2023,m,41,CRI,4
2023,f,9,MKD,1
2023,f,61,THA,9
2023,m,43,ARE,1
2023,f,92,UNKNOWN,6
2023,m,15,CAN,4
2023,m,13,NLD,13
2023,m,84,IRQ,2
2023,f,29,URY,2
2023,m,55,KNA,2
2023,f,8,ZWE,4
2023,m,75,YUG,3
2023,f,12,VEN,1
2023,f,122,GRC,1
2023,m,44,DMA,2
2023,m,77,AUS,5
2023,m,19,ARE,1
2023,m,28,BDI,4
2023,m,16,IDN,2
2023,f,75,GRC,1
2023,m,55,ETH,2
2023,m,104,CAN,2
2023,m,39,MYS,6
2023,m,18,SYR,10
2023,m,20,JOR,10
2023,m,43,SDN,2
2023,m,22,SLV,5
2023,f,18,BEL,5
2023,m,50,MNE,2
2023,f,11,UNKNOWN,2
2023,m,14,AUS,5
2023,f,41,UGA,4
2023,f,59,SYR,8
2023,m,46,MUS,5
2023,f,110,RUS,3
2023,m,54,VEN,3
2023,f,41,TJK,3
2023,m,41,YUG,2
2023,f,115,GRC,1
2023,f,53,LBY,3
2023,f,30,CRI,6
2023,m,72,PHL,3
2023,m,65,PAN,1
2023,m,81,ZAF,1
2023,f,54,EGY,3
2023,m,43,NER,1
2023,m,35,LUX,1
2023,m,78,AFG,2
2023,f,19,TZA,6
2023,m,51,ETH,3
2023,f,32,AGO,13
2023,f,36,HTI,2
2023,f,18,AFG,6
2023,f,2,GRC,6
2023,m,42,AFG,15
2023,m,15,MDA,22
2023,m,91,DNK,3
2023,m,53,MNE,4
2023,m,38,UNKNOWN,2
2023,m,23,UNKNOWN,12
2023,f,4,COD,2
2023,f,100,ROU,1
2023,m,65,MUS,1
2023,f,27,ISL,1
2023,m,42,DOM,2
2023,f,83,HUN,3
2023,f,24,LBY,5
2023,f,49,AUS,11
2023,f,4,SVN,2
2023,f,20,SRB,2
2023,f,29,UGA,18
2023,m,53,BOL,2
2023,m,77,UZB,1
2023,f,94,UNKNOWN,2
2023,m,100,FRA,2
2023,f,74,GRC,5
2023,m,37,MDG,2
2023,m,83,NOR,7
2023,m,11,EGY,7
2023,f,30,EST,5
2023,f,2,VEN,1
2023,f,27,BDI,4
2023,f,83,LVA,1
2023,f,21,KOSOVO,7
2023,f,36,COD,3
2023,f,53,TWN,5
2023,f,12,UZB,9
2023,f,1,CZE,9
2023,m,48,KOSOVO,17
2023,m,7,CIV,1
2023,f,83,MEX,2
2023,m,26,IRQ,28
2023,f,113,DEU,5
2023,m,17,NPL,1
2023,m,78,VAT,1
2023,f,35,PAN,1
2023,f,3,BEL,2
2023,m,44,MYS,7
2023,f,56,MYS,4
2023,f,24,ARG,13
2023,m,80,ESP,3
2023,m,76,PAK,1
2023,m,64,CRI,3
2023,f,51,NPL,8
2023,f,55,ARG,2
2023,f,64,LBN,1
2023,m,79,JOR,2
2023,f,44,ZMB,2
2023,f,71,CUB,1
2023,m,32,MMR,3
2023,m,125,GBR,1
2023,f,57,SUR,1
2023,m,70,MKD,6
2023,m,71,UNKNOWN,3
2023,f,39,AUS,9
2023,f,84,CAN,6
2023,m,17,ISR,3
2023,m,30,COM,4
2023,m,66,MNE,1
2023,f,3,CZE,9
2023,m,62,MKD,5
2023,m,19,YEM,5
2023,m,57,LUX,2
2023,m,119,USA,3
2023,f,0,CAN,9
2023,m,47,GUY,1
2023,m,105,FRA,2
2023,f,49,DOM,3
2023,m,35,GMB,4
2023,m,31,SEN,7
2023,f,23,BDI,9
2023,m,55,BGD,12
2023,m,7,CHE,1
2023,m,80,BGR,13
2023,f,36,SAU,6
2023,m,9,HUN,10
2023,f,38,YEM,5
2023,f,66,MYS,1
2023,f,31,ZMB,5
2023,m,131,USA,3
2023,f,78,CHN,4
2023,m,56,BEN,1
2023,f,17,SWE,4
2023,f,72,KOR,4
2023,f,83,VNM,20
2023,m,37,PRK,6
2023,f,47,MEX,10
2023,f,120,UNKNOWN,2
2023,m,0,ZAF,1
2023,f,22,GHA,7
2023,f,71,ESP,6
2023,m,44,SDN,1
2023,m,38,YEM,5
2023,f,23,NER,2
2023,f,40,DZA,4
2023,f,66,GBR,28
2023,f,34,SEN,3
2023,f,14,SAU,5
2023,f,56,UZB,3
2023,f,19,CAN,6
2023,f,4,FRA,13
2023,f,74,CHL,1
2023,m,90,BEL,2
2023,f,61,CHE,8
2023,f,1,MNG,4
2023,m,0,IRQ,2
2023,f,73,ISR,3
2023,f,64,PHL,4
2023,m,76,SDN,1
2023,f,13,AFG,12
2023,f,6,NPL,7
2023,m,0,NPL,11
2023,m,68,MNG,6
2023,f,41,MYS,9
2023,f,21,KHM,1
2023,m,51,SOM,1
2023,m,58,NIC,2
2023,m,68,BRA,3
2023,f,15,AFG,5
2023,f,19,JOR,3
2023,m,38,KWT,3
2023,m,15,PRK,2
2023,m,30,BEN,2
2023,m,11,MKD,2
2023,f,18,NOR,7
2023,m,33,AFG,16
2023,f,66,IRN,2
2023,f,46,YEM,5
2023,m,76,AUS,5
2023,m,17,ZWE,4
2023,m,61,YUG,3
2023,m,70,CZE,11
2023,m,56,CHL,3
2023,m,46,QAT,1
2023,f,56,CUB,3
2023,f,39,BRN,1
2023,f,69,CAN,9
2023,m,77,BGD,1
2023,m,130,UNKNOWN,1
2023,f,77,NOR,3
2023,f,18,TJK,9
2023,m,76,SVN,2
2023,m,110,UNKNOWN,3
2023,f,77,NLD,5
2023,m,44,MUS,3
2023,f,30,SVN,5
2023,m,77,ARM,8
2023,m,117,CAN,1
2023,m,36,PRY,2
2023,f,61,CAN,12
2023,f,66,TKM,3
2023,f,75,UNKNOWN,6
2023,m,11,DZA,2
2023,f,48,GHA,2
2023,m,8,ALB,2
2023,f,67,UZB,2
2023,m,71,PAK,4
2023,f,80,NLD,2
2023,f,63,AZE,4
2023,m,69,EGY,6
2023,m,21,VAT,1
2023,m,28,PSE,5
2023,f,49,LKA,1
2023,m,32,CMR,19
2023,m,66,BIH,6
2023,f,133,USA,1
2023,m,45,SGP,3
2023,m,54,SDN,3
2023,f,64,ISR,5
2023,m,78,CZE,4
2023,f,48,FIN,9
2023,f,33,TZA,5
2023,m,79,AFG,2
2023,m,34,CYP,5
2023,f,57,ARG,4
2023,f,13,GRC,5
2023,m,15,IRQ,14
2023,f,12,NOR,9
2023,f,95,RUS,11
2023,m,20,SWZ,1
2023,m,70,PRT,5
2023,m,32,COG,10
2023,f,26,MMR,6
2023,m,21,MYS,6
2023,m,44,GTM,2
2023,f,53,KOSOVO,2
2023,f,39,SLV,3
2023,f,41,BDI,1
2023,f,16,AFG,7
2023,f,59,EST,4
2023,m,9,KGZ,5
2023,f,56,ISR,2
2023,f,2,JOR,2
2023,f,34,ECU,6
2023,m,40,NZL,6
2023,f,116,DEU,1
2023,m,5,CAN,6
2023,f,49,VAT,1
2023,m,0,GIN,2
2023,m,24,ARE,1
2023,m,44,YUG,5
2023,m,56,VEN,4
2023,f,10,ISR,5
2023,f,23,ZAF,14
2023,f,37,ISR,11
2023,f,57,YEM,1
2023,f,86,SVK,1
2023,m,65,KWT,2
2023,f,14,PAK,2
2023,f,3,ARG,3
2023,m,19,LBN,4
2023,m,51,NIC,1
2023,f,34,CMR,8
2023,m,106,AUS,1
2023,f,60,AUS,2
2023,m,120,UNKNOWN,2
2023,m,65,CYP,1
2023,m,63,KNA,1
2023,f,76,AUS,1
2023,f,32,UNKNOWN,14
2023,m,12,ARG,5
2023,f,17,HRV,2
2023,m,57,SOM,3
2023,m,13,JOR,1
2023,m,8,TJK,6
2023,m,58,KGZ,8
2023,m,22,CHL,3
2023,m,30,NAM,4
2023,f,5,MYS,2
2023,f,39,GTM,6
2023,f,72,AZE,1
2023,f,123,USA,1
2023,m,77,TUN,1
2023,m,69,LBN,1
2023,f,76,GEO,5
2023,f,43,ECU,5
2023,m,3,NGA,7
2023,f,3,COD,3
2023,f,52,COL,13
2023,f,28,BWA,2
2023,f,25,JOR,7
2023,m,94,VNM,2
2023,f,27,BWA,1
2023,m,81,SVK,4
2023,m,61,YEM,6
2023,m,75,KOR,6
2023,f,23,BEN,1
2023,m,26,NZL,1
2023,f,45,BIH,4
2023,m,81,CHN,7
2023,f,22,ZAF,14
2023,m,13,PAK,8
2023,f,59,PER,2
2023,m,60,NZL,5
2023,m,12,ESP,14
2023,f,15,DOM,1
2023,m,57,MNE,2
2023,m,18,TKM,2
2023,f,107,USA,5
2023,m,111,ISR,1
2023,f,13,NOR,11
2023,m,102,CZE,2
2023,m,27,SLV,3
2023,m,18,MAR,5
2023,m,60,TJK,5
2023,f,6,KGZ,7
2023,f,67,SYR,3
2023,m,62,MNE,4
2023,f,81,MDA,2
2023,f,72,AUS,6
2023,f,21,UNKNOWN,3
2023,f,85,BGR,3
2023,m,16,MNG,5
2023,m,17,VEN,1
2023,m,91,YUG,2
2023,f,8,PHL,6
2023,m,110,USA,5
2023,f,63,GRC,13
2023,m,41,UGA,8
2023,f,25,COG,6
2023,m,3,COL,2
2023,m,21,ZMB,3
2023,m,94,FRA,6
2023,m,77,AGO,1
2023,f,21,MYS,5
2023,f,14,MNE,1
2023,f,22,ECU,3
2023,m,14,CUB,3
2023,m,88,CYP,1
2023,m,35,COD,2
2023,m,63,HRV,14
2023,f,14,ZWE,6
2023,f,44,PER,5
2023,f,95,FRA,1
2023,m,43,NIC,1
2023,f,20,AGO,4
2023,m,101,RUS,2
2023,f,73,SRB,2
2023,f,127,UNKNOWN,4
2023,m,16,DNK,1
2023,f,29,NZL,2
2023,f,21,ECU,2
2023,m,2,SLV,1
2023,f,54,ZAF,3
2023,m,7,NGA,4
2023,f,7,ALB,2
2023,m,6,COG,1
2023,m,58,SAU,5
2023,m,28,DOM,1
2023,m,70,CRI,1
2023,m,86,LTU,4
2023,m,41,VCT,1
2023,m,28,BEN,1
2023,f,11,MEX,6
2023,m,90,BGR,2
2023,m,10,MLI,1
2023,f,103,CAN,3
2023,m,44,BFA,1
2023,m,35,DOM,3
2023,m,42,HND,3
2023,f,5,AFG,8
2023,m,71,FIN,7
2023,m,2,THA,1
2023,m,71,MNG,5
2023,f,20,GRC,11
2023,m,12,CAN,5
2023,m,115,AUT,1
2023,m,103,ARM,1
2023,f,72,TUR,5
2023,f,63,DOM,2
2023,f,31,SEN,1
2023,m,11,LBN,1
2023,f,36,GNQ,2
2023,m,64,UNKNOWN,8
2023,m,28,COM,4
2023,f,40,GIN,2
2023,f,55,COL,11
2023,m,66,HTI,1
2023,m,78,ESP,5
2023,f,107,ISR,2
2023,m,27,TCD,2
2023,f,40,YEM,6
2023,f,8,SWE,6
2023,m,8,NER,1
2023,f,74,TUR,2
2023,f,24,COM,1
2023,m,99,BEL,2
2023,f,57,CHL,1
2023,f,48,ISR,16
2023,f,1,CRI,1
2023,f,30,GIN,1
2023,m,74,LUX,1
2023,m,11,KOSOVO,1
2023,m,70,BRA,2
2023,m,16,JOR,2
2023,f,76,BGR,12
2023,m,28,ZMB,7
2023,m,22,ERI,2
2023,m,94,IRL,1
2023,f,10,HUN,9
2023,f,13,NGA,1
2023,m,68,DZA,10
2023,m,13,SAU,1
2023,m,16,BEL,7
2023,f,34,NZL,2
2023,f,14,CAN,4
2023,m,76,GRC,10
2023,m,3,DZA,2
2023,f,0,CRI,1
2023,f,79,KAZ,3
2023,m,60,ALB,7
2023,f,42,BOL,5
2023,f,55,KEN,1
2023,m,76,IRL,4
2023,f,101,USA,6
2023,m,60,BRA,5
2023,f,57,VEN,4
2023,m,33,BHS,1
2023,m,90,COL,1
2023,f,11,LVA,3
2023,m,3,NPL,8
2023,f,61,FIN,7
2023,m,58,PER,3
2023,m,42,NIC,3
2023,f,48,TWN,6
2023,f,10,CUB,1
2023,f,101,VNM,1
2023,m,87,GHA,1
2023,f,55,CMR,1
2023,m,59,TWN,4
2023,f,23,SOM,4
2023,m,35,PAN,3
2023,m,92,ARG,1
2023,f,14,AUS,5
2023,f,60,PHL,6
2023,f,34,UNKNOWN,4
2023,m,103,ARG,1
2023,f,5,LBY,2
2023,m,46,SOM,1
2023,f,2,UNKNOWN,4
2023,f,29,GIN,3
2023,f,24,CIV,1
2023,f,66,BRA,1
2023,m,48,ISL,1
2023,f,65,IRN,2
2023,m,52,GTM,2
2023,m,58,COG,1
2023,m,15,LTU,6
2023,m,50,CYP,4
2023,m,57,YEM,6
2023,m,25,SLV,2
2023,f,7,LTU,11
2023,f,2,IRQ,2
2023,m,9,FIN,2
2023,m,93,CHE,1
2023,m,73,IRQ,8
2023,m,31,BDI,3
2023,m,0,TKM,7
2023,f,2,IDN,4
2023,f,44,LVA,28
2023,f,42,BIH,5
2023,m,28,GMB,5
2023,m,40,SLV,5
2023,f,76,CHE,3
2023,m,12,ZAF,5
2023,f,56,SLV,1
2023,m,90,UNKNOWN,2
2023,f,47,UNKNOWN,1
2023,f,36,NZL,2
2023,m,12,IRN,4
2023,m,12,AFG,7
2023,m,37,SUR,3
2023,f,7,ZWE,6
2023,f,79,LTU,9
2023,f,17,CZE,9
2023,m,1,IRN,2
2023,f,64,IRL,3
2023,f,34,MUS,2
2023,m,73,HRV,7
2023,f,9,GBR,17
2023,f,50,UNKNOWN,1
2023,m,25,COG,7
2023,m,61,ARG,2
2023,m,97,BEL,1
2023,f,85,CAN,1
2023,m,94,LBN,2
2023,m,76,CAN,11
2023,f,8,KGZ,4
2023,f,11,ALB,3
2023,f,37,SOM,1
2023,f,18,GRC,4
2023,m,6,PHL,1
2023,f,19,CRI,2
2023,f,78,NLD,5
2023,m,16,SUR,1
2023,m,62,HRV,10
2023,f,24,CHL,4
2023,m,71,COD,1
2023,m,69,IRL,11
2023,f,98,HUN,2
2023,f,99,BLR,2
2023,m,19,UNKNOWN,2
2023,m,26,GHA,16
2023,m,18,AUS,6
2023,f,5,JOR,2
2023,f,10,KGZ,4
2023,f,21,ALB,2
2023,f,106,CAN,1
2023,f,7,SYR,7
2023,f,130,ITA,1
2023,m,33,SDN,4
2023,f,20,MYS,3
2023,m,103,CAN,2
2023,f,38,KNA,1
2023,f,82,JPN,3
2023,m,62,MYS,4
2023,f,33,IRL,11
2023,f,103,UNKNOWN,3
2023,f,50,CRI,1
2023,f,63,AUS,5
2023,m,2,ARG,1
2023,f,108,DEU,3
2023,f,56,MDG,1
2023,f,10,IRL,3
2023,f,18,PHL,3
2023,m,30,AND,1
2023,m,39,MMR,1
2023,m,9,ITA,18
2023,m,100,HRV,1
2023,f,34,COG,2
2023,m,33,CRI,5
2023,m,51,NZL,2
2023,f,10,SWE,3
2023,m,44,CHE,10
2023,m,95,VNM,4
2023,f,53,CHL,2
2023,m,31,NIC,2
2023,f,18,IRN,5
2023,f,19,PRT,8
2023,f,73,MNG,4
2023,f,13,KGZ,5
2023,f,0,KOR,3
2023,f,42,IRQ,6
2023,f,81,MNE,1
2023,m,47,VEN,5
2023,f,20,PRY,1
2023,f,13,TJK,5
2023,m,55,KEN,7
2023,m,20,DOM,2
2023,m,86,HRV,1
2023,m,44,ARG,21
2023,f,53,ISR,7
2023,m,60,MKD,4
2023,m,60,STP,1
2023,m,44,ETH,4
2023,m,46,SEN,5
2023,m,25,BOL,3
2023,m,11,NPL,3
2023,m,27,OMN,1
2023,m,58,MLT,4
2023,m,90,CAN,1
2023,m,50,LBN,9
2023,m,19,CUB,1
2023,f,49,BOL,1
2023,m,21,HND,1
2023,f,13,HUN,9
2023,m,62,EGY,12
2023,f,17,MAR,1
2023,f,15,PRT,4
2023,m,60,BIH,8
2023,f,73,PAK,2
2023,f,50,MEX,10
2023,m,10,ISR,4
2023,m,9,URY,1
2023,m,64,CYP,2
2023,m,25,UNKNOWN,5
2023,m,46,CYP,6
2023,m,85,BEL,4
2023,m,22,HRV,8
2023,f,111,LBY,1
2023,m,88,JPN,1
2023,f,42,MDG,4
2023,m,30,SOM,3
2023,f,14,SRB,2
2023,f,34,AGO,4
2023,m,56,NZL,4
2023,f,87,KAZ,2
2023,m,7,PHL,5
2023,m,115,RUS,1
2023,f,38,GAB,1
2023,f,30,AGO,8
2023,m,66,TZA,2
2023,m,63,ZAF,8
2023,m,74,UNKNOWN,7
2023,m,31,JAM,1
2023,m,40,TZA,5
2023,f,84,HUN,2
2023,f,24,MWI,2
2023,f,49,FSM,1
2023,f,16,CAN,6
2023,f,34,BHR,1
2023,f,52,CUB,3
2023,f,66,AZE,3
2023,f,71,TUR,5
2023,f,82,ISR,2
2023,m,33,TCD,2
2023,m,35,BFA,1
2023,f,53,UNKNOWN,6
2023,f,20,ALB,2
2023,m,52,GHA,3
2023,m,52,FJI,1
2023,m,28,MDG,4
2023,m,65,LKA,2
2023,m,126,USA,2
2023,f,64,BEL,9
2023,m,75,EGY,2
2023,f,51,ETH,2
2023,f,16,LTU,10
2023,f,45,ETH,2
2023,m,1,NGA,8
2023,f,24,JOR,6
2023,f,18,BGD,1
2023,f,101,AUT,2
2023,f,27,MUS,3
2023,f,71,SYR,6
2023,m,25,GIN,1
2023,f,94,LTU,3
2023,f,2,PAN,1
2023,m,60,UNKNOWN,8
2023,m,7,SYR,2
2023,m,77,KOR,1
2023,m,71,BGD,2
2023,m,23,SDN,7
2023,f,19,BDI,3
2023,f,40,SEN,1
2023,f,9,DNK,2
2023,f,3,TUN,2
2023,f,23,SDN,2
2023,m,14,MNG,6
2023,m,15,BGD,1
2023,m,59,UNKNOWN,8
2023,m,74,YUG,1
2023,f,83,CHN,4
2023,f,74,UNKNOWN,8
2023,m,42,TGO,1
2023,f,81,SGP,1
2023,m,42,CMR,19
2023,m,81,ARM,5
2023,m,82,DZA,3
2023,f,91,YUG,1
2023,f,20,TWN,4
2023,f,84,UNKNOWN,6
2023,m,78,KAZ,1
2023,m,19,TZA,1
2023,f,77,CUB,1
2023,m,87,BEL,2
2023,m,99,JOR,1
2023,m,16,LBY,4
2023,f,71,FIN,7
2023,m,66,NGA,6
2023,f,44,UNKNOWN,2
2023,f,86,AUS,1
2023,m,8,SRB,3
2023,f,83,IRQ,1
2023,f,11,NER,1
2023,m,107,ITA,1
2023,f,33,MAR,11
2023,f,1,DEU,17
2023,m,6,ESP,16
2023,f,7,JPN,12
2023,m,56,CMR,1
2023,f,37,MYS,12
2023,f,50,HRV,6
2023,m,32,BDI,3
2023,f,101,BEL,4
2023,m,32,TZA,9
2023,m,63,COL,2
2023,m,112,DEU,2
2023,m,33,LBY,6
2023,m,36,VUT,1
2023,m,100,RUS,1
2023,f,50,ZWE,4
2023,f,32,AUS,3
2023,f,71,UZB,3
2023,f,0,GHA,2
2023,m,49,VEN,3
2023,m,59,GNQ,1
2023,f,15,FIN,5
2023,f,37,GHA,8
2023,f,50,SGP,1
2023,m,79,SRB,3
2023,m,43,PAN,1
2023,m,98,USA,9
2023,m,63,PAK,4
2023,m,64,MKD,5
2023,m,39,MNE,9
2023,f,36,SDN,2
2023,m,22,LBY,6
2023,f,18,NPL,2
2023,f,29,TKM,23
2023,m,27,BHR,1
2023,m,10,KOSOVO,1
2023,f,1,UNKNOWN,4
2023,f,33,MMR,1
2023,f,36,UNKNOWN,17
2023,m,15,JOR,2
2023,m,108,ESP,2
2023,m,113,USA,6
2023,m,92,RUS,9
2023,m,13,MNE,1
2023,f,46,LUX,1
2023,m,17,HRV,2
2023,m,57,PER,5
2023,f,9,ALB,2
2023,m,43,CHL,11
2023,f,56,IDN,3
2023,m,75,JOR,4
2023,m,86,CHN,2
2023,f,76,CYP,1
2023,m,61,IRN,5
2023,f,94,MNG,1
2023,m,73,NPL,1
2023,m,65,ARG,3
2023,m,9,SYR,6
2023,f,105,ISR,2
2023,m,101,UNKNOWN,5
2023,m,23,THA,12
2023,m,44,PSE,1
2023,f,35,MLT,3
2023,m,2,CRI,6
2023,m,70,TWN,2
2023,f,58,KEN,1
2023,m,97,FRA,2
2023,f,54,SGP,2
2023,m,60,UGA,2
2023,f,19,TKM,1
2023,m,13,MYS,1
2023,m,71,THA,2
2023,f,3,TZA,1
2023,m,96,RUS,2
2023,m,99,RUS,3
2023,m,53,CMR,1
2023,m,71,IRL,11
2023,m,85,UNKNOWN,1
2023,f,32,MNE,5
2023,f,58,UNKNOWN,1
2023,f,3,KOR,13
2023,m,22,PSE,7
2023,m,82,FIN,4
2023,m,82,ZAF,1
2023,m,14,IRN,3
2023,m,80,CHE,6
2023,f,13,FIN,3
2023,m,84,FRA,8
2023,f,28,MOZ,1
2023,f,65,MKD,1
2023,m,107,GBR,1
2023,f,34,NAM,1
2023,m,76,BRA,1
2023,m,33,HTI,1
2023,f,76,SRB,2
2023,m,7,GHA,1
2023,m,74,NZL,1
2023,m,65,LBY,6
2023,m,8,LKA,1
2023,m,94,LTU,1
2023,m,17,LVA,4
2023,f,15,IRL,2
2023,f,92,CHN,1
2023,f,96,LTU,1
2023,m,58,LUX,1
2023,f,24,MOZ,5
2023,m,32,KHM,2
2023,m,52,OMN,1
2023,f,71,CHE,1
2023,f,38,CRI,4
2023,f,48,ECU,2
2023,f,17,PAK,3
2023,f,28,SLV,2
2023,f,24,YUG,2
2023,m,49,PRY,2
2023,f,15,DNK,4
2023,f,1,FIN,1
2023,m,28,YEM,9
2023,f,92,IRL,1
2023,f,33,CHL,5
2023,m,55,YUG,2
2023,f,62,PHL,3
2023,f,48,GTM,3
2023,m,37,YEM,5
2023,f,52,ZWE,3
2023,f,35,GAB,3
2023,m,1,VEN,2
2023,f,69,NOR,3
2023,m,35,MKD,15
2023,m,84,GRC,12
2023,m,18,EST,1
2023,f,41,LAO,2
2023,f,68,IRL,1
2023,m,115,USA,2
2023,m,74,PAK,1
2023,m,10,KGZ,3
2023,m,50,BRA,16
2023,f,42,DZA,5
2023,m,47,CYP,8
2023,m,43,MMR,2
2023,m,36,NER,6
2023,f,43,CHE,4
2023,m,20,IRL,11
2023,f,15,ZMB,1
2023,m,44,AGO,2
2023,f,94,AUT,2
2023,f,20,SGP,2
2023,f,21,SWE,6
2023,m,24,URY,1
2023,f,40,KHM,3
2023,f,64,UNKNOWN,1
2023,m,132,DEU,1
2023,m,59,IRN,8
2023,m,8,LBY,4
2023,f,114,GRC,1
2023,f,1,IRN,3
2023,m,90,LTU,1
2023,f,25,LKA,2
2023,m,12,ITA,17
2023,f,62,AND,1
2023,f,8,UNKNOWN,1
2023,m,76,UNKNOWN,6
2023,m,1,CRI,1
2023,m,19,GTM,3
2023,m,2,YEM,1
2023,f,38,IRQ,9
2023,m,46,URY,2
2023,f,79,GRC,6
2023,f,29,GUY,1
2023,f,47,LBY,5
2023,f,66,IRL,3
2023,m,71,PHL,2
2023,m,70,PER,3
2023,f,74,BRA,1
2023,f,61,COL,1
2023,f,13,CMR,1
2023,f,83,DNK,4
2023,f,58,IRL,4
2023,m,105,CAN,1
2023,m,50,TZA,3
2023,m,10,MEX,3
2023,f,38,ZAF,8
2023,f,10,ESP,9
2023,f,24,URY,3
2023,f,13,ZWE,2
2023,m,117,GRC,2
2023,f,22,SVN,2
2023,f,40,CHL,5
2023,f,15,NGA,2
2023,m,46,PER,9
2023,m,29,MDV,1
2023,f,13,CAN,1
2023,f,42,SGP,1
2023,f,42,TUN,8
2023,m,20,SGP,1
2023,m,65,KAZ,5
2023,m,29,GIN,2
2023,f,18,KNA,1
2023,m,54,YUG,2
2023,m,73,PRK,2
2023,m,44,NER,1
2023,f,7,MNG,4
2023,m,7,BIH,1
2023,f,80,KOR,1
2023,f,58,NGA,1
2023,m,53,GHA,2
2023,m,7,KGZ,3
2023,m,80,VNM,10
2023,f,11,MYS,1
2023,f,99,ARM,1
2023,m,92,MNG,1
2023,m,33,DOM,8
2023,f,56,ZAF,6
2023,f,52,ARG,1
2023,m,77,ISR,7
2023,f,55,PRK,4
2023,m,9,SRB,2
2023,f,49,DMA,1
2023,m,58,JOR,14
2023,f,73,KEN,1
2023,m,12,BGD,5
2023,f,12,ISL,1
2023,f,59,ALB,1
2023,m,12,BRA,5
2023,f,15,HUN,8
2023,m,62,AFG,5
2023,m,53,GMB,1
2023,f,18,UNKNOWN,1
2023,m,76,CZE,14
2023,f,50,IRQ,6
2023,m,83,KAZ,1
2023,m,50,YUG,6
2023,f,88,USA,7
2023,m,87,NER,1
2023,f,19,UGA,2
2023,f,30,BDI,5
2023,f,4,SYR,2
2023,f,69,NLD,8
2023,f,106,USA,5
2023,f,64,KAZ,10
2023,m,23,SLE,3
2023,m,17,CMR,1
2023,f,34,CYP,5
2023,f,42,EST,17
2023,f,49,IRN,7
2023,f,18,COG,3
2023,m,77,LUX,1
2023,f,36,GAB,1
2023,f,2,ZWE,4
2023,m,45,MLT,6
2023,f,22,SLE,2
2023,f,11,SEN,2
2023,f,42,CYP,8
2023,m,43,DMA,1
2023,f,34,RWA,10
2023,f,95,LTU,1
2023,m,0,SWE,2
2023,m,57,KEN,1
2023,m,75,ISR,9
2023,f,33,PLW,1
2023,m,1,MNE,1
2023,m,76,UZB,2
2023,m,8,SWE,3
2023,m,23,ZMB,5
2023,f,38,TZA,2
2023,m,13,KAZ,13
2023,m,25,TGO,2
2023,m,81,TUR,3
2023,f,9,UNKNOWN,2
2023,m,28,GAB,1
2023,f,14,CUB,2
2023,m,129,USA,2
2023,m,73,LUX,1
2023,m,46,LAO,2
2023,m,14,CRI,1
2023,f,27,YEM,3
2023,m,39,MUS,6
2023,f,67,YEM,2
2023,f,94,IND,1
2023,m,10,SAU,3
2023,f,51,JAM,1
2023,f,77,ZAF,1
2023,f,42,ZMB,6
2023,f,71,MYS,2
2023,f,32,CIV,2
2023,f,123,AUT,1
2023,m,53,UGA,1
2023,m,11,PHL,1
2023,f,44,AUS,10
2023,m,44,NZL,5
2023,f,9,GRC,5
2023,m,10,COD,1
2023,m,9,CMR,3
2023,f,18,SRB,2
2023,m,9,ARG,4
2023,f,0,TZA,1
2023,f,82,DNK,3
2023,m,98,IDN,1
2023,f,21,YUG,2
2023,m,53,YUG,1
2023,f,10,TWN,1
2023,f,51,TWN,3
2023,f,2,TUN,4
2023,f,7,MNE,2
2023,f,0,LBN,1
2023,f,74,JPN,7
2023,f,23,CYP,1
2023,f,18,HRV,2
2023,f,21,COD,8
2023,m,43,LUX,2
2023,m,12,SWE,6
2023,f,84,AUS,2
2023,f,5,LBR,1
2023,f,1,GRC,5
2023,m,4,CUB,1
2023,f,27,SGP,9
2023,f,28,PER,6
2023,m,57,LKA,5
2023,f,5,TWN,1
2023,m,113,GRC,3
2023,m,57,SDN,2
2023,f,58,DOM,3
2023,f,7,MKD,1
2023,f,53,YUG,2
2023,f,91,AUS,1
2023,m,114,ITA,1
2023,m,9,THA,1
2023,m,21,NAM,2
2023,f,80,SVK,1
2023,f,22,SAU,3
2023,f,39,RWA,3
2023,f,12,AUS,2
2023,m,32,LUX,2
2023,f,53,YUG,3
2023,f,10,NOR,1
2023,f,68,IRQ,2
2023,m,32,ERI,1
2023,m,20,CHL,1
2023,m,35,NIC,2
2023,m,53,ISL,2
2023,m,8,COL,5
2023,f,87,ARM,7
2023,f,0,JPN,1
2023,m,7,MAR,1
2023,f,66,CHL,1
2023,f,50,AZE,10
2023,m,90,NOR,1
2023,m,10,PHL,10
2023,f,46,MWI,1
2023,m,38,MYS,5
2023,f,1,TJK,7
2023,m,46,BDI,1
2023,f,51,BOL,2
2023,f,98,FRA,3
2023,m,9,NGA,2
2023,f,61,GRC,4
2023,f,90,AUT,4
2023,f,16,DNK,2
2023,f,38,YUG,3
2023,f,19,AGO,4
2023,f,12,BRA,6
2023,m,66,PRK,10
2023,m,47,KNA,1
2023,f,47,MNE,1
2023,m,66,LVA,14
2023,m,32,ARE,1
2023,m,10,BGD,4
2023,m,9,MEX,4
2023,m,66,JOR,3
2023,f,31,LBY,5
2023,f,30,EGY,15
2023,f,53,NOR,13
2023,f,20,ISR,3
2023,m,40,MLT,2
2023,m,3,CHE,3
2023,m,65,SVN,1
2023,f,9,NGA,3
2023,m,25,GAB,2
2023,m,78,KOR,3
2023,m,117,USA,1
2023,m,84,HUN,4
2023,m,71,GEO,18
2023,f,2,PRY,1
2023,m,56,LUX,2
2023,m,65,KOSOVO,2
2023,m,21,GMB,2
2023,f,8,SRB,3
2023,f,63,TUN,1
2023,m,0,KOR,6
2023,m,23,CHE,4
2023,m,23,SLV,1
2023,f,2,NGA,6
2023,f,51,BIH,2
2023,f,81,TKM,1
2023,m,2,UZB,6
2023,m,47,MUS,3
2023,f,1,SAU,3
2023,f,11,HRV,1
2023,m,84,IRL,2
2023,f,63,NGA,1
2023,m,9,ESP,10
2023,f,26,LKA,9
2023,m,7,LBY,2
2023,m,23,GMB,5
2023,f,8,SAU,3
2023,m,28,MUS,2
2023,f,75,MKD,1
2023,m,81,VEN,2
2023,m,29,TGO,3
2023,m,59,NGA,7
2023,m,32,DMA,1
2023,f,76,TUR,1
2023,m,33,MNE,8
2023,m,3,AUT,3
2023,f,78,UZB,2
2023,m,25,MYS,14
2023,f,39,LKA,7
2023,f,41,MKD,5
2023,m,32,CIV,4
2023,f,31,ARE,1
2023,m,30,BDI,4
2023,f,21,LBN,2
2023,f,72,ROU,5
2023,m,53,COG,1
2023,f,89,BGR,1
2023,f,65,CUB,1
2023,f,34,GTM,8
2023,m,71,IRQ,7
2023,m,30,FJI,1
2023,f,11,PRT,3
2023,m,22,SAU,6
2023,f,33,UNKNOWN,1
2023,m,15,CMR,2
2023,m,6,JPN,11
2023,m,73,UNKNOWN,11
2023,m,25,CIV,1
2023,f,87,VNM,6
2023,f,41,TTO,2
2023,m,13,NGA,4
2023,f,10,PAK,10
2023,m,70,HUN,12
2023,m,77,KWT,1
2023,f,32,KOSOVO,1
2023,f,95,USA,6
2023,f,69,AFG,4
2023,f,116,CZE,1
2023,m,51,UNKNOWN,4
2023,f,50,ETH,2
2023,m,33,MDG,1
2023,m,75,IRQ,5
2023,m,88,AUT,5
2023,m,52,BOL,2
2023,m,6,PSE,1
2023,f,75,YEM,1
2023,f,60,PAK,2
2023,m,31,MLT,5
2023,f,56,HRV,2
2023,m,14,ISR,5
2023,m,6,LVA,5
2023,f,77,CAN,2
2023,f,92,HUN,1
2023,m,68,KWT,1
2023,f,50,EGY,5
2023,f,90,CZE,1
2023,f,98,UNKNOWN,1
2023,m,16,UZB,3
2023,m,22,SGP,3
2023,f,69,KOR,6
2023,f,48,IRQ,4
2023,m,59,ZWE,1
2023,f,11,SVK,7
2023,m,63,BOL,2
2023,f,95,ITA,3
2023,f,88,TUR,1
2023,f,112,FRA,2
2023,m,8,BGD,8
2023,f,41,DZA,2
2023,m,40,UNKNOWN,2
2023,f,85,IRQ,2
2023,f,59,SAU,3
2023,m,2,NPL,4
2023,f,10,AUT,4
2023,m,139,USA,1
2023,m,58,ARG,4
2023,f,44,DMA,1
2023,f,68,LIE,1
2023,f,43,EGY,8
2023,f,88,ESP,1
2023,f,110,GBR,1
2023,m,85,NZL,1
2023,m,63,DZA,8
2023,m,8,AUS,1
2023,m,87,NOR,4
2023,m,60,ARG,4
2023,m,30,SLV,5
2023,f,24,SGP,1
2023,m,14,SRB,6
2023,f,118,USA,2
2023,m,3,UGA,2
2023,m,19,SDN,2
2023,f,41,ZMB,3
2023,f,17,NPL,3
2023,f,27,GHA,11
2023,f,12,CAN,3
2023,f,2,MEX,4
2023,f,7,SVN,2
2023,m,14,UNKNOWN,4
2023,m,31,UNKNOWN,2
2023,m,66,YEM,2
2023,m,62,UNKNOWN,13
2023,m,61,BGD,4
2023,f,73,YUG,1
2023,f,62,BRA,2
2023,m,50,CUB,5
2023,m,5,MNG,5
2023,f,5,SWE,6
2023,f,96,GBR,2
2023,m,54,SLE,1
2023,f,42,KEN,6
2023,m,66,HND,2
2023,f,34,TZA,3
2023,m,92,CHN,2
2023,f,13,BIH,1
2023,f,67,MNG,7
2023,f,18,TUN,2
2023,f,40,MOZ,1
2023,f,29,SVN,6
2023,m,63,YEM,3
2023,f,43,YUG,2
2023,m,73,DZA,4
2023,f,20,DNK,7
2023,m,0,IRN,4
2023,m,101,AUT,2
2023,f,57,BOL,1
2023,m,65,BGD,1
2023,f,95,CHE,1
2023,m,16,MKD,1
2023,f,10,MNG,2
2023,m,64,PAK,5
2023,m,80,HRV,2
2023,f,71,ROU,4
2023,m,91,LBN,2
2023,m,40,ARE,1
2023,m,30,SYC,1
2023,m,111,GBR,1
2023,f,19,ZMB,1
2023,f,16,COD,1
2023,f,22,AUS,4
2023,f,9,PHL,4
2023,f,31,NAM,2
2023,f,117,CAN,3
2023,f,26,YEM,5
2023,m,14,ESP,9
2023,m,42,NER,4
2023,m,32,BLZ,1
2023,f,17,PRT,4
2023,f,45,RWA,4
2023,f,2,SYR,5
2023,f,10,SGP,1
2023,f,37,JOR,10
2023,m,43,HTI,1
2023,f,100,RUS,7
2023,f,99,UNKNOWN,6
2023,f,3,IRL,2
2023,f,16,EGY,1
2023,m,51,MNE,4
2023,f,49,MAR,2
2023,f,21,LKA,1
2023,m,77,HUN,5
2023,f,118,JOR,1
2023,f,40,AFG,6
2023,f,88,NLD,2
2023,f,74,AZE,3
2023,f,47,KEN,3
2023,f,37,CHE,7
2023,f,87,UNKNOWN,5
2023,f,63,SDN,1
2023,m,46,DOM,3
2023,m,45,COM,1
2023,m,3,LBN,2
2023,f,12,PER,1
2023,m,31,PRK,2
2023,f,21,SRB,2
2023,m,103,NOR,1
2023,m,8,UNKNOWN,3
2023,m,8,SYR,4
2023,m,55,KOSOVO,4
2023,m,25,MWI,2
2023,f,63,CMR,1
2023,f,59,COL,3
2023,f,17,BRA,9
2023,f,53,ZWE,1
2023,f,50,NGA,4
2023,m,10,TUN,3
2023,f,0,MNE,1
2023,f,66,CZE,5
2023,m,58,BOL,1
2023,f,93,ARM,3
2023,f,0,COD,5
2023,f,19,HUN,5
2023,f,55,UGA,1
2023,f,80,FRA,9
2023,f,51,LKA,4
2023,m,24,SGP,4
2023,m,24,OMN,6
2023,f,72,COL,3
2023,m,60,SLE,1
2023,m,25,PNG,1
2023,m,71,NPL,1
2023,f,16,SAU,1
2023,f,36,TJK,7
2023,m,31,NZL,4
2023,f,42,DOM,1
2023,f,40,BOL,2
2023,m,29,ISL,2
2023,m,26,ZMB,5
2023,f,65,ARG,1
2023,f,39,MUS,3
2023,f,55,ISR,5
2023,m,27,PAN,2
2023,m,75,ESP,9
2023,m,16,NPL,2
2023,m,97,CAN,4
2023,f,41,UNKNOWN,1
2023,m,38,SLE,2
2023,f,21,DZA,9
2023,f,40,MMR,2
2023,f,16,NGA,5
2023,f,43,NGA,11
2023,f,64,VEN,2
2023,f,55,IDN,5
2023,f,91,KAZ,1
2023,f,28,UNKNOWN,1
2023,f,35,GHA,2
2023,f,53,TJK,3
2023,m,34,TZA,7
2023,m,35,VUT,1
2023,f,2,HRV,5
2023,m,20,JAM,2
2023,f,36,DZA,4
2023,m,71,MAR,4
2023,f,7,ZAF,2
2023,m,5,BFA,1
2023,m,88,CZE,2
2023,f,26,SLV,2
2023,m,127,YUG,1
2023,m,51,BOL,2
2023,f,96,CAN,3
2023,m,58,SGP,3
2023,m,68,FIN,8
2023,f,17,CHE,3
2023,f,87,IND,1
2023,f,49,YUG,1
2023,f,2,SVN,2
2023,f,16,HUN,5
2023,f,72,AFG,3
2023,m,31,MDG,2
2023,m,53,SVN,4
2023,f,119,RUS,2
2023,m,22,MNE,3
2023,m,31,PRY,2
2023,f,61,ZWE,2
2023,m,44,MWI,1
2023,f,89,DNK,3
2023,f,38,SAU,4
2023,f,51,DZA,1
2023,m,67,AFG,5
2023,f,33,CRI,5
2023,m,47,COD,1
2023,f,42,ETH,4
2023,f,36,CYP,3
2023,f,132,UNKNOWN,2
2023,m,55,IDN,7
2023,m,46,CHE,7
2023,f,39,COG,4
2023,f,24,CHE,7
2023,m,35,CYP,3
2023,m,3,MKD,2
2023,f,37,LAO,2
2023,f,1,NLD,2
2023,m,2,MYS,2
2023,f,85,UZB,2
2023,m,19,ALB,3
2023,m,46,AGO,1
2023,f,7,TWN,1
2023,f,24,MUS,5
2023,m,67,COL,1
2023,m,12,DNK,1
2023,m,47,BOL,5
2023,f,61,ISL,1
2023,m,86,BLR,7
2023,f,9,NAM,1
2023,f,36,GNB,1
2023,m,11,KGZ,3
2023,f,20,NZL,3
2023,f,64,BGD,1
2023,f,40,HRV,14
2023,f,44,MAR,3
2023,f,55,NOR,9
2023,m,8,EGY,7
2023,f,20,BIH,1
2023,m,6,IDN,5
2023,f,80,CAN,3
2023,f,30,NAM,3
2023,f,42,JOR,2
2023,f,7,VEN,2
2023,m,42,BFA,1
2023,f,46,PAK,6
2023,f,19,YEM,3
2023,f,71,BGD,1
2023,m,38,BHS,1
2023,f,13,SRB,4
2023,m,26,GIN,4
2023,m,14,UNKNOWN,11
2023,m,78,LBY,1
2023,m,35,GIN,7
2023,f,30,SGP,3
2023,m,15,CHE,3
2023,f,38,PNG,1
2023,f,9,BIH,2
2023,f,28,VEN,13
2023,m,76,VAT,1
2023,f,5,CMR,4
2023,m,18,ZAF,4
2023,f,44,SUR,1
2023,f,48,AUS,8
2023,f,80,DNK,5
2023,f,55,MEX,5
2023,m,117,UNKNOWN,1
2023,m,10,NPL,3
2023,f,28,GMB,2
2023,f,49,UNKNOWN,1
2023,f,83,AUS,1
2023,m,70,YUG,3
2023,f,19,SOM,1
2023,f,43,MAR,3
2023,f,13,TKM,1
2023,f,19,COG,3
2023,f,119,DEU,3
2023,m,44,KHM,1
2023,f,83,BRA,1
2023,m,5,GRC,5
2023,m,57,CAN,11
2023,m,78,UNKNOWN,2
2023,f,42,CRI,7
2023,f,62,MRT,1
2023,m,45,KNA,1
2023,f,41,PSE,1
2023,f,47,CHE,6
2023,f,28,ISL,2
2023,f,95,AUT,3
2023,m,60,SVN,3
2023,f,21,LBY,3
2023,m,35,NAM,1
2023,f,68,CHE,6
2023,m,14,CAN,10
2023,f,5,LVA,3
2023,m,49,UGA,3
2023,m,9,SAU,3
2023,f,38,DMA,1
2023,f,60,LBN,1
2023,f,56,SVN,3
2023,f,19,NZL,2
2023,f,60,TUN,4
2023,f,28,CHL,4
2023,f,70,NPL,1
2023,f,97,LUX,1
2023,m,10,LBY,2
2023,m,68,SVN,2
2023,m,50,BOL,4
2023,m,9,IRN,3
2023,f,47,ALB,9
2023,f,63,KEN,1
2023,m,2,AUT,2
2023,f,43,TUN,5
2023,f,5,NZL,1
2023,m,7,IRL,6
2023,f,37,ECU,1
2023,m,57,TZA,1
2023,f,40,COG,3
2023,m,36,GMB,6
2023,f,47,TUN,3
2023,f,122,DEU,2
2023,f,57,COL,6
2023,f,12,JOR,1
2023,m,0,KOSOVO,1
2023,f,21,HND,1
2023,m,67,SVN,4
2023,f,18,BIH,1
2023,f,7,MEX,3
2023,f,54,BWA,1
2023,m,80,LBY,2
2023,m,21,ERI,1
2023,f,7,PHL,4
2023,f,50,LBN,3
2023,f,84,ARM,9
2023,m,68,CYP,2
2023,m,40,JOR,11
2023,m,27,BEN,1
2023,m,9,UGA,1
2023,m,30,AUS,15
2023,f,66,ESP,5
2023,m,50,CPV,1
2023,f,65,CHE,3
2023,f,32,NIC,3
2023,m,59,IDN,1
2023,m,42,YUG,1
2023,f,53,EGY,2
2023,f,126,DEU,2
2023,f,83,KAZ,4
2023,f,40,CRI,3
2023,f,41,HND,1
2023,f,20,SYR,12
2023,m,72,CYP,1
2023,m,13,NZL,3
2023,m,46,MNE,2
2023,m,29,KWT,1
2023,f,113,GRC,3
2023,m,22,MKD,1
2023,m,77,COG,2
2023,f,48,ZMB,2
2023,m,5,ISR,8
2023,m,74,YUG,4
2023,m,51,MOZ,1
2023,f,44,SDN,1
2023,f,8,IRQ,4
2023,m,64,MEX,4
2023,m,24,HTI,2
2023,m,42,CRI,5
2023,f,66,YUG,1
2023,m,45,SLV,1
2023,m,45,LUX,3
2023,m,44,TWN,9
2023,m,6,KGZ,6
2023,m,99,GBR,3
2023,m,2,KOSOVO,2
2023,f,0,UNKNOWN,2
2023,m,13,TKM,4
2023,f,86,CAN,1
2023,f,97,GBR,1
2023,f,47,JAM,1
2023,f,0,ISR,6
2023,f,119,GRC,1
2023,f,92,AUS,2
2023,f,32,SUR,1
2023,m,10,JOR,1
2023,f,8,IRL,2
2023,f,3,NOR,2
2023,m,76,ETH,1
2023,f,28,COG,5
2023,m,3,LVA,4
2023,m,25,NIC,4
2023,m,55,BHR,2
2023,m,26,MNE,7
2023,f,5,ISR,11
2023,m,74,NGA,1
2023,m,13,MEX,4
2023,f,42,ECU,4
2023,m,61,TKM,1
2023,m,59,BRA,4
2023,f,49,UGA,1
2023,f,51,SLV,1
2023,m,37,COD,3
2023,f,49,RWA,2
2023,f,25,SUR,1
2023,f,43,MNE,2
2023,f,24,AUS,6
2023,m,14,IRQ,4
2023,m,78,SOM,1
2023,f,2,PRT,4
2023,f,45,VAT,2
2023,f,47,LBN,2
2023,m,76,AFG,4
2023,m,2,GIN,1
2023,m,60,MEX,6
2023,f,53,EST,3
2023,f,39,HTI,1
2023,m,29,SUR,1
2023,m,25,KHM,2
2023,m,51,CHL,5
2023,f,33,SLV,4
2023,m,75,VAT,1
2023,f,41,BGD,8
2023,m,68,CMR,1
2023,m,52,KHM,1
2023,f,37,UNKNOWN,1
2023,m,91,IRQ,2
2023,f,83,PRT,2
2023,m,49,LBY,8
2023,m,58,PAK,16
2023,m,48,SDN,3
2023,m,41,AFG,10
2023,f,90,UNKNOWN,1
2023,m,58,CRI,2
2023,f,69,MEX,4
2023,m,91,CAN,2
2023,m,82,COG,1
2023,m,93,MKD,1
2023,m,0,USA,14
2023,m,27,KHM,1
2023,m,17,JOR,2
2023,m,8,CRI,1
2023,f,48,CHE,3
2023,m,101,SWE,2
2023,f,105,CZE,1
2023,f,42,HRV,7
2023,f,24,PRY,3
2023,f,32,JAM,2
2023,f,30,SOM,1
2023,f,78,IND,4
2023,f,29,NIC,1
2023,m,53,ETH,3
2023,m,44,RWA,5
2023,f,72,MAR,1
2023,m,63,MLI,2
2023,f,81,CHN,6
2023,f,54,ALB,1
2023,m,47,SOM,2
2023,f,94,ITA,2
2023,f,44,HRV,12
2023,f,0,CMR,3
2023,f,46,LKA,3
2023,f,30,LBY,3
2023,f,62,LBY,2
2023,f,31,CHE,2
2023,f,50,KEN,2
2023,f,76,FIN,3
2023,m,47,ATG,1
2023,m,19,MEX,7
2023,f,96,UNKNOWN,2
2023,m,58,YUG,4
2023,f,66,FIN,4
2023,m,1,AUT,3
2023,m,68,EST,1
2023,m,72,PRK,1
2023,m,23,PHL,10
2023,f,29,OMN,1
2023,f,54,TWN,6
2023,f,41,TZA,2
2023,f,31,MLI,2
2023,m,13,IRN,5
2023,m,46,GTM,5
2023,m,83,TKM,1
2023,m,28,GNB,2
2023,f,80,LVA,1
2023,f,11,GTM,2
2023,m,63,KGZ,1
2023,f,6,BIH,1
2023,m,70,KOSOVO,1
2023,m,73,UNKNOWN,2
2023,m,79,JPN,2
2023,m,107,GRC,9
2023,m,77,PRT,3
2023,f,65,TKM,1
2023,f,24,UNKNOWN,4
2023,f,117,GRC,2
2023,f,44,YUG,2
2023,m,45,SDN,2
2023,f,21,CYP,1
2023,m,48,NZL,4
2023,m,70,BGD,1
2023,m,55,MUS,2
2023,f,53,PRK,3
2023,f,110,BLR,1
2023,f,28,CHE,4
2023,f,8,IDN,2
2023,m,60,LBN,3
2023,f,2,MNG,4
2023,m,124,ITA,1
2023,f,50,TJK,1
2023,f,66,DOM,1
2023,f,20,BDI,5
2023,m,33,UGA,9
2023,m,1,NPL,5
2023,m,66,UNKNOWN,2
2023,m,56,KEN,2
2023,m,3,PHL,6
2023,f,51,UNKNOWN,2
2023,f,4,FIN,3
2023,m,83,ESP,3
2023,f,39,HND,4
2023,f,57,PRT,8
2023,m,106,DEU,2
2023,m,15,ZWE,6
2023,m,0,KGZ,3
2023,m,82,CHE,7
2023,f,41,HRV,5
2023,m,65,MKD,2
2023,f,99,CAN,2
2023,m,34,PRY,2
2023,f,111,GRC,2
2023,m,113,BRA,1
2023,f,72,LVA,1
2023,m,63,TWN,1
2023,f,117,GBR,1
2023,f,8,UNKNOWN,3
2023,m,48,KEN,8
2023,m,82,BIH,2
2023,m,2,CUB,2
2023,m,41,GMB,10
2023,f,34,DZA,9
2023,f,33,COD,4
2023,m,89,CHN,4
2023,f,8,VEN,2
2023,f,18,FIN,6
2023,f,81,SVK,1
2023,m,103,ITA,2
2023,f,8,KEN,1
2023,f,68,ISR,4
2023,m,66,CRI,1
2023,f,89,BEL,2
2023,m,9,GRC,4
2023,f,37,SEN,1
2023,m,13,UNKNOWN,5
2023,m,119,UKR,1
2023,m,79,UNKNOWN,2
2023,f,33,CMR,8
2023,m,73,ESP,14
2023,f,40,EGY,3
2023,m,61,LUX,2
2023,f,41,MMR,2
2023,m,70,PAK,3
2023,f,61,PAK,1
2023,m,95,BLR,1
2023,m,22,AGO,6
2023,m,81,ARG,1
2023,m,85,UNKNOWN,1
2023,f,63,IRQ,2
2023,m,45,ETH,6
2023,m,94,DNK,2
2023,f,58,MEX,2
2023,m,44,MMR,1
2023,f,28,YEM,3
2023,f,29,LCA,1
2023,f,72,EGY,1
2023,m,98,AUT,3
2023,f,64,MEX,1
2023,m,32,PAN,1
2023,m,96,SWE,3
2023,f,39,CHE,6
2023,m,53,AFG,6
2023,m,8,ISL,1
2023,m,0,MAR,1
2023,m,55,AFG,5
2023,f,55,TWN,3
2023,m,85,IRL,1
2023,f,74,YUG,2
2023,m,24,SLV,1
2023,m,29,SLV,1
2023,m,11,ECU,1
2023,f,6,THA,1
2023,m,10,SVK,9
2023,f,30,PSE,1
2023,f,36,MKD,6
2023,f,52,VEN,1
2023,m,45,CIV,2
2023,f,4,CAN,5
2023,f,66,VEN,4
2023,f,73,TKM,1
2023,f,44,JOR,1
2023,m,8,CMR,2
2023,f,102,GRC,3
2023,m,65,PHL,3
2023,f,2,DNK,4
2023,m,74,VEN,1
2023,m,57,GHA,1
2023,f,46,AGO,2
2023,f,104,GRC,1
2023,m,79,ROU,3
2023,m,75,LBY,4
2023,f,26,PRY,1
2023,f,17,CRI,1
2023,m,125,USA,4
2023,f,36,CHL,4
2023,f,81,YUG,1
2023,m,80,ZAF,1
2023,f,35,UNKNOWN,3
2023,f,17,IRQ,2
2023,m,3,IRQ,2
2023,f,1,CMR,3
2023,m,59,EST,3
2023,m,126,UNKNOWN,2
2023,m,54,CYP,1
2023,f,10,CMR,3
2023,f,107,GBR,1
2023,m,10,LVA,2
2023,f,81,PHL,1
2023,f,111,LTU,2
2023,m,37,SLE,1
2023,f,47,CUB,4
2023,f,52,NZL,2
2023,f,43,TJK,4
2023,m,67,PRT,10
2023,f,12,PRT,2
2023,m,25,COM,3
2023,m,88,NOR,1
2023,f,100,ARM,1
2023,m,25,SWZ,1
2023,m,48,PSE,1
2023,m,34,BDI,2
2023,m,90,EGY,1
2023,m,55,COG,4
2023,m,131,UNKNOWN,1
2023,m,21,AGO,7
2023,m,50,URY,2
2023,m,71,LVA,2
2023,m,35,MRT,1
2023,m,58,EST,8
2023,f,44,EST,5
2023,f,49,SYC,2
2023,f,47,CYP,2
2023,f,18,URY,1
2023,f,9,NOR,3
2023,m,17,YEM,2
2023,f,123,UNKNOWN,3
2023,f,1,EGY,5
2023,f,21,EST,2
2023,f,10,ITA,15
2023,f,56,BIH,2
2023,f,7,LVA,2
2023,f,25,ISL,1
2023,m,91,UNKNOWN,1
2023,f,47,MMR,1
2023,m,62,PHL,8
2023,m,65,COL,3
2023,m,35,LBR,2
2023,f,78,NOR,1
2023,m,11,SRB,3
2023,f,19,PRK,1
2023,m,17,BDI,1
2023,f,25,BDI,4
2023,f,8,BGD,5
2023,f,101,AUS,1
2023,m,25,MDG,5
2023,m,53,KNA,2
2023,m,1,GHA,2
2023,f,38,MDG,1
2023,f,13,SWE,5
2023,m,90,CZE,1
2023,m,65,JOR,4
2023,m,12,SVN,1
2023,f,50,JOR,6
2023,m,99,DNK,1
2023,f,66,NOR,3
2023,f,18,DNK,8
2023,m,41,ERI,1
2023,f,9,AGO,1
2023,f,2,BEL,3
2023,m,28,SDN,3
2023,f,65,PAK,2
2023,m,102,BGR,2
2023,f,7,IRN,6
2023,m,43,PRY,1
2023,m,48,CUB,4
2023,m,40,SGP,3
2023,f,58,PAN,1
2023,m,79,HUN,8
2023,f,14,UNKNOWN,1
2023,m,41,GUY,1
2023,f,13,UNKNOWN,7
2023,m,64,YUG,2
2023,f,103,UNKNOWN,4
2023,m,83,FIN,2
2023,m,16,CZE,12
2023,m,6,LKA,1
2023,m,6,MKD,2
2023,f,42,SVN,5
2023,m,18,CUB,2
2023,m,69,JOR,2
2023,f,51,AFG,4
2023,f,0,UNKNOWN,1
2023,f,41,CHE,4
2023,f,91,GBR,3
2023,m,63,LAO,1
2023,f,61,AZE,9
2023,f,15,SYR,3
2023,m,27,SEN,4
2023,f,109,FRA,2
2023,m,12,CHL,3
2023,f,45,CPV,1
2023,f,39,TZA,5
2023,m,66,LBY,8
2023,m,51,UNKNOWN,1
2023,m,25,ARE,1
2023,f,65,BGD,2
2023,f,23,PRY,1
2023,f,9,IDN,4
2023,f,38,YUG,1
2023,m,69,CHE,8
2023,m,102,BEL,1
2023,f,54,AFG,3
2023,m,63,KAZ,9
2023,m,10,CHE,1
2023,f,44,MUS,4
2023,f,114,RUS,3
2023,f,0,CZE,3
2023,m,9,SEN,3
2023,m,34,MMR,3
2023,f,6,FIN,2
2023,f,49,BRA,10
2023,m,35,HND,4
2023,f,54,FIN,7
2023,m,23,AUS,4
2023,f,10,THA,2
2023,f,36,YUG,1
2023,m,100,BLR,2
2023,m,29,BLZ,1
2023,f,47,MYS,3
2023,m,10,SVN,2
2023,f,11,NGA,1
2023,f,86,PHL,1
2023,f,47,LKA,3
2023,m,58,VEN,5
2023,f,38,STP,1
2023,m,72,BIH,5
2023,m,84,SVN,1
2023,m,102,GBR,2
2023,m,88,UNKNOWN,1
2023,f,46,LBY,2
2023,f,32,JOR,6
2023,m,74,BIH,1
2023,f,20,EST,3
2023,f,83,MDA,1
2023,f,53,PAN,1
2023,m,16,PAK,3
2023,f,62,AFG,3
2023,m,24,GUY,1
2023,f,16,SVN,3
2023,m,2,BEL,4
2023,f,0,NLD,3
2023,f,22,BWA,2
2023,m,3,SYR,5
2023,m,1,COL,3
2023,f,8,GHA,1
2023,f,52,LBN,3
2023,f,31,YEM,2
2023,m,69,TUN,2
2023,m,3,CAN,2
2023,f,10,IDN,1
2023,m,19,ISL,1
2023,m,64,UGA,2
2023,m,3,MOZ,1
2023,f,22,URY,1
2023,m,53,BRA,10
2023,f,34,NER,1
2023,f,73,ITA,6
2023,m,13,UNKNOWN,2
2023,m,87,PER,1
2023,m,70,TKM,1
2023,f,66,UNKNOWN,7
2023,f,42,CUB,5
2023,f,80,GBR,5
2023,f,64,SRB,2
2023,m,46,HTI,1
2023,m,86,LBY,2
2023,f,76,IRL,1
2023,m,62,DOM,1
2023,m,5,SYR,5
2023,f,43,MYS,2
2023,m,26,CRI,5
2023,f,23,PSE,2
2023,f,54,ZWE,1
2023,f,15,YEM,3
2023,m,22,GHA,5
2023,m,69,SAU,3
2023,m,56,CRI,2
2023,f,19,ETH,1
2023,f,13,DZA,1
2023,m,23,MLI,3
2023,m,50,DMA,2
2023,f,55,ZWE,1
2023,m,87,KOR,1
2023,m,35,BHR,1
2023,m,30,JAM,1
2023,m,21,BEL,14
2023,f,38,DNK,4
2023,f,59,IRQ,1
2023,m,85,AUS,1
2023,m,53,ARG,3
2023,f,11,THA,2
2023,m,19,TKM,6
2023,m,66,TUN,1
2023,f,38,KOSOVO,2
2023,m,120,CAN,1
2023,m,11,URY,1
2023,m,18,RWA,3
2023,f,19,CZE,17
2023,m,67,YEM,1
2023,f,115,DEU,2
2023,m,36,SEN,5
2023,m,88,DNK,1
2023,f,6,KOSOVO,1
2023,f,70,ISR,6
2023,m,32,ZMB,4
2023,f,10,TZA,1
2023,f,101,RUS,5
2023,m,66,NPL,1
2023,f,46,URY,2
2023,m,5,IRL,4
2023,m,18,IRL,8
2023,f,59,PAK,5
2023,m,40,MMR,2
2023,f,15,EST,1
2023,m,75,PRT,3
2023,f,12,IRN,3
2023,f,48,URY,1
2023,f,28,BFA,1
2023,f,40,MNE,3
2023,f,35,BFA,1
2023,m,8,AFG,9
2023,f,3,HRV,4
2023,m,9,MNG,5
2023,m,13,ZWE,4
2023,f,53,JOR,1
2023,m,65,NZL,2
2023,m,90,AUT,3
2023,m,40,PRK,7
2023,f,17,IRL,5
2023,f,123,DEU,1
2023,f,57,URY,1
2023,m,41,YUG,2
2023,f,8,TKM,1
2023,f,44,GNQ,1
2023,f,92,GEO,2
2023,m,53,PER,7
2023,f,92,FRA,2
2023,f,10,UNKNOWN,2
2023,m,12,EGY,8
2023,f,23,NAM,3
2023,m,66,VEN,3
2023,f,48,PAK,5
2023,f,76,VEN,1
2023,f,48,YUG,2
2023,f,24,YEM,5
2023,f,62,PRT,2
2023,m,39,SEN,1
2023,f,120,UNKNOWN,1
2023,m,4,IRN,9
2023,m,0,IRL,2
2023,m,28,MRT,3
2023,m,53,SEN,1
2023,m,45,KWT,1
2023,f,27,NZL,1
2023,f,15,MEX,4
2023,m,58,ETH,2
2023,m,31,GNB,1
2023,f,63,SGP,1
2023,m,25,AUS,6
2023,f,58,PAK,2
2023,f,13,JPN,21
2023,f,102,LTU,1
2023,m,73,ETH,1
2023,m,17,SDN,2
2023,f,19,ECU,1
2023,m,55,LUX,1
2023,f,107,UNKNOWN,4
2023,m,99,SWE,2
2023,m,4,GRC,4
2023,m,79,UNKNOWN,3
2023,f,29,COG,8
2023,m,16,LVA,1
2023,m,28,JAM,2
2023,f,32,LBY,3
2023,f,60,NZL,2
2023,f,80,AUT,15
2023,f,97,ISR,2
2023,f,46,CYP,1
2023,f,76,CUB,2
2023,m,78,UNKNOWN,3
2023,f,26,DMA,1
2023,m,71,KAZ,5
2023,f,28,ECU,4
2023,f,35,NAM,1
2023,f,86,IRQ,2
2023,f,9,CHL,1
2023,m,75,FIN,6
2023,m,65,PER,1
2023,m,0,LKA,1
2023,f,19,LVA,8
2023,f,68,UNKNOWN,4
2023,f,31,NER,4
2023,f,47,NER,2
2023,m,86,BEL,3
2023,m,34,MNE,7
2023,m,33,MLT,5
2023,f,124,BRA,1
2023,f,51,CUB,2
2023,m,0,KEN,2
2023,m,36,TZA,9
2023,m,23,PAN,2
2023,m,55,JAM,1
2023,m,1,NER,1
2023,m,78,DZA,1
2023,m,59,SVN,4
2023,f,41,NIC,1
2023,m,38,TZA,5
2023,f,39,BEN,2
2023,m,15,EGY,4
2023,m,38,GIN,3
2023,f,51,KOSOVO,1
2023,m,88,BGR,3
2023,f,64,CHE,2
2023,m,71,MDA,10
2023,f,34,KHM,2
2023,m,42,MDG,2
2023,f,19,CMR,2
2023,f,112,RUS,1
2023,m,106,ITA,1
2023,m,16,AFG,11
2023,m,87,MNG,1
2023,m,59,TUN,6
2023,f,26,SWZ,2
2023,m,10,YEM,2
2023,f,17,VEN,3
2023,m,16,CHE,3
2023,f,79,MDA,3
2023,f,82,UNKNOWN,4
2023,f,67,COD,1
2023,f,33,UNKNOWN,6
2023,m,58,MUS,2
2023,f,45,YUG,2
2023,m,90,CHN,1
2023,f,35,NZL,2
2023,f,31,KOSOVO,3
2023,m,45,NIC,2
2023,f,33,NER,2
2023,f,65,AGO,1
2023,m,26,CIV,5
2023,m,56,COD,1
2023,f,9,EST,1
2023,m,36,NAM,1
2023,m,76,TUN,3
2023,m,39,GTM,5
2023,f,34,BIH,5
2023,f,71,PRT,2
2023,f,28,HND,1
2023,m,61,AFG,4
2023,m,62,MAR,5
2023,m,8,YEM,1
2023,m,52,IRN,18
2023,m,44,VAT,1
2023,m,61,MNG,12
2023,f,17,COG,2
2023,f,97,MNG,1
2023,m,78,IRL,5
2023,f,33,CHE,4
2023,m,45,NZL,3
2023,m,66,SVN,2
2023,f,87,SYR,1
2023,m,61,IDN,2
2023,m,94,CHN,1
2023,m,24,GNB,1
2023,f,18,SOM,1
2023,f,27,SUR,1
2023,f,16,KGZ,3
2023,m,45,DOM,5
2023,m,72,SVN,2
2023,m,45,GHA,8
2023,f,24,SOM,3
2023,f,4,MEX,2
2023,m,19,AGO,3
2023,f,81,EST,1
2023,f,32,CHE,5
2023,m,66,CHL,4
2023,m,5,CHE,4
2023,m,41,VAT,4
2023,m,21,GHA,3
2023,m,63,CUB,9
2023,f,53,ETH,1
2023,m,20,LBN,12
2023,f,23,MOZ,6
2023,m,43,GHA,8
2023,m,2,JOR,3
2023,f,89,IRN,1
2023,m,19,QAT,1
2023,f,77,KAZ,6
2023,m,82,UNKNOWN,3
2023,m,3,ALB,2
2023,f,34,GIN,3
2023,f,24,OMN,1
2023,m,27,GMB,1
2023,f,51,LBN,1
2023,f,101,UKR,5
2023,m,32,OMN,1
2023,m,92,UNKNOWN,4
2023,m,95,FRA,3
2023,m,23,DOM,3
2023,m,119,GBR,1
2023,m,18,YUG,1
2023,f,88,YUG,1
2023,m,27,LUX,3
2023,f,36,DOM,2
2023,m,0,HTI,1
2023,f,20,BOL,1
2023,f,118,RUS,1
2023,m,68,VAT,2
2023,f,78,TUN,1
2023,f,58,CHE,1
2023,f,59,LBY,1
2023,f,133,GRC,1
2023,f,4,EST,2
2023,f,3,SGP,1
2023,m,14,EST,2
2023,f,105,NLD,1
2023,m,60,LBR,1
2023,m,16,ARG,1
2023,m,14,SUR,1
2023,m,63,TJK,6
2023,m,32,FJI,1
2023,f,107,UNKNOWN,4
2023,f,65,NGA,1
2023,f,54,KHM,1
2023,m,45,TGO,3
2023,f,31,COG,3
2023,f,71,JPN,7
2023,f,70,TUR,4
2023,f,59,YUG,1
2023,f,21,JOR,1
2023,f,53,COD,1
2023,f,1,COD,2
2023,f,125,UNKNOWN,1
2023,m,0,CAN,6
2023,m,1,THA,1
2023,m,17,NOR,6
2023,f,108,CAN,1
2023,f,15,UZB,3
2023,f,81,BRA,1
2023,f,62,MEX,5
2023,m,23,COG,6
2023,m,25,CUB,10
2023,m,53,UNKNOWN,1
2023,f,58,ZWE,1
2023,m,54,ETH,3
2023,m,35,LIE,1
2023,m,85,ESP,3
2023,f,87,FIN,2
2023,m,78,SRB,2
2023,m,89,FRA,8
2023,f,80,TUR,2
2023,m,133,UNKNOWN,1
2023,f,22,MYS,8
2023,f,63,BEL,4
2023,m,67,ZAF,4
2023,f,43,VEN,5
2023,f,23,LAO,2
2023,f,26,URY,1
2023,f,33,JAM,1
2023,f,6,SVN,3
2023,m,82,KWT,2
2023,m,27,COD,10
2023,m,80,BOL,1
2023,m,9,SVN,3
2023,m,17,IDN,2
2023,f,94,ARM,2
2023,m,13,PRY,1
2023,f,1,AGO,3
2023,m,15,PAK,4
2023,f,9,KGZ,4
2023,m,78,CHE,11
2023,m,5,PHL,3
2023,f,8,SVK,10
2023,f,14,DZA,1
2023,m,35,FSM,1
2023,m,42,PRY,2
2023,m,83,CZE,1
2023,m,114,SWE,1
2023,m,100,USA,4
2023,f,21,SGP,4
2023,m,105,UNKNOWN,1
2023,f,93,FRA,1
2023,m,11,ZWE,4
2023,f,112,BLR,2
2023,m,33,ERI,1
2023,m,78,MNG,1
2023,m,51,CRI,2
2023,f,51,ERI,1
2023,f,12,SAU,3
2023,m,30,PRK,2
2023,f,26,COG,6
2023,f,46,LCA,1
2023,m,84,MKD,1
2023,m,13,PHL,4
2023,m,64,PAN,1
2023,f,2,GHA,2
2023,f,13,SYR,5
2023,m,18,PAK,7
2023,f,29,CIV,3
2023,f,20,SLV,3
2023,f,14,BGD,1
2023,f,59,GRD,1
2023,f,54,PAK,3
2023,f,73,NOR,3
2023,m,56,AFG,4
2023,m,33,LBR,1
2023,f,58,PRK,3
2023,f,44,CHL,2
2023,m,38,ECU,4
2023,m,78,HRV,1
2023,m,63,ALB,1
2023,m,1,SEN,1
2023,f,28,COD,4
2023,m,76,MEX,3
2023,m,82,VEN,1
2023,f,117,BGR,1
2023,f,97,GEO,1
2023,f,73,SVK,3
2023,f,24,LAO,1
2023,f,19,BRA,5
2023,f,25,ISR,7
2023,f,38,MNE,2
2023,m,75,YUG,1
2023,m,10,AUS,3
2023,f,8,PRT,3
2023,m,47,GIN,1
2023,f,25,SYC,1
2023,f,67,NOR,4
2023,m,73,NGA,1
2023,f,3,AUT,2
2023,m,19,EST,2
2023,f,61,BRA,3
2023,m,66,TJK,2
2023,f,37,CRI,5
2023,f,66,HUN,10
2023,m,12,KGZ,4
2023,m,116,ITA,1
2023,f,46,NZL,2
2023,f,33,TTO,1
2023,m,15,NPL,1
2023,m,81,KGZ,1
2023,f,68,CMR,2
2023,m,18,IDN,2
2023,m,4,JOR,2
2023,f,78,FIN,2
2023,f,13,YEM,2
2023,f,14,JOR,4
2023,f,12,ARG,2
2023,f,69,NZL,1
2023,f,5,AUT,1
2023,m,1,PRT,8
2023,m,76,NZL,1
2023,f,32,MLT,2
2023,f,35,TTO,1
2023,m,39,BFA,2
2023,f,84,BGR,4
2023,m,3,IRL,4
2023,m,53,COD,1
2023,f,128,GRC,1
2023,m,53,NZL,7
2023,m,55,PAN,1
2023,f,23,ISR,6
2023,f,89,HUN,2
2023,m,15,CHL,2
2023,m,61,TJK,3
2023,f,18,HTI,1
2023,m,72,ESP,18
2023,m,84,YUG,2
2023,m,25,DOM,2
2023,m,74,IRL,5
2023,m,45,AFG,9
2023,m,25,MMR,7
2023,f,11,SYR,5
2023,m,2,KGZ,3
2023,f,71,HUN,6
2023,f,79,CHL,2
2023,m,3,NOR,3
2023,f,16,UNKNOWN,11
2023,m,16,SRB,4
2023,m,72,AFG,2
2023,m,6,ZAF,2
2023,m,14,IDN,2
2023,f,45,BGD,4
2023,f,122,RUS,2
2023,m,9,MAR,1
2023,m,62,YUG,2
2023,f,17,MNG,3
2023,f,34,BOL,1
2023,f,81,MNG,2
2023,f,25,MDG,1
2023,m,35,ISL,2
2023,f,0,PER,3
2023,m,63,UNKNOWN,4
2023,m,1,MEX,3
2023,f,34,COM,1
2023,f,43,AGO,1
2023,m,65,COG,1
2023,m,50,SGP,4
2023,m,30,MNE,3
2023,f,30,SEN,1
2023,f,108,GRC,2
2023,m,63,SGP,3
2023,m,65,BOL,1
2023,f,22,JOR,2
2023,m,10,DNK,4
2023,m,17,GRC,5
2023,f,77,TUR,3
2023,m,97,SWE,5
2023,f,56,LKA,1
2023,m,77,LTU,2
2023,m,21,ARE,2
2023,m,53,KEN,2
2023,f,53,NZL,3
2023,m,86,CHE,3
2023,m,35,MDG,2
2023,m,17,SYR,7
2023,m,79,VEN,2
2023,f,24,ZMB,3
2023,f,76,MEX,1
2023,f,62,EGY,1
2023,m,72,THA,1
2023,f,2,ESP,7
2023,m,2,CZE,7
2023,m,58,ZWE,1
2023,m,56,UGA,1
2023,m,14,SVN,3
2023,m,52,KEN,1
2023,f,26,NAM,2
2023,f,51,ALB,2
2023,f,59,GRC,10
2023,f,41,AFG,5
2023,f,31,SDN,2
2023,m,59,ZAF,5
2023,f,53,NPL,5
2023,m,18,JAM,2
2023,m,10,SRB,4
2023,m,38,SEN,7
2023,f,85,IND,3
2023,m,90,NLD,3
2023,m,63,MEX,1
2023,f,27,SOM,2
2023,f,27,CYP,2
2023,f,41,KOSOVO,5
2023,m,64,BRA,3
2023,f,24,CYP,8
2023,m,106,AUT,1
2023,f,0,PSE,1
2023,m,9,TZA,1
2023,f,44,CRI,1
2023,f,59,FIN,5
2023,m,3,MAR,1
2023,f,98,BGR,2
2023,m,28,MNE,3
2023,f,76,UZB,2
2023,m,15,ISR,4
2023,m,12,PAN,1
2023,f,93,GEO,1
2023,m,70,ECU,1
2023,f,78,PHL,1
2023,m,29,COM,4
2023,m,5,DNK,1
2023,f,14,SLV,1
2023,f,43,URY,2
2023,f,57,ECU,2
2023,f,60,LKA,2
2023,m,64,SDN,1
2023,f,30,GMB,1
2023,m,22,SDN,8
2023,m,49,ISL,1
2023,m,81,IRQ,3
2023,f,41,UNKNOWN,3
2023,m,8,IDN,3
2023,f,36,SEN,2
2023,m,44,CYP,6
2023,m,81,BEL,7
2023,f,21,GIN,1
2023,f,121,UNKNOWN,2
2023,f,81,ARM,8
2023,m,5,BGD,8
2023,f,5,UZB,5
2023,m,52,NER,2
2023,f,114,UNKNOWN,1
2023,f,19,THA,7
2023,f,46,IRQ,6
2023,m,54,SOM,1
2023,m,33,BHR,1
2023,f,11,CHE,2
2023,m,69,KWT,1
2023,m,28,NZL,3
2023,m,47,MNE,1
2023,f,53,TUN,2
2023,m,45,TTO,1
2023,f,4,NLD,4
2023,m,85,YUG,3
2023,f,38,GHA,4
2023,f,52,KEN,2
2023,m,54,BHR,1
2023,f,63,KGZ,2
2023,m,6,DZA,1
2023,m,129,GRC,2
2023,f,71,ISR,5
2023,m,73,ROU,8
2023,f,6,SWE,4
2023,m,41,SAU,8
2023,m,92,HUN,2
2023,m,54,ZAF,4
2023,m,21,CHE,8
2023,f,67,CHL,1
2023,m,81,HRV,2
2023,f,48,SGP,2
2023,m,124,UNKNOWN,1
2023,m,69,AZE,2
2023,f,49,KEN,4
2023,f,0,CIV,1
2023,f,17,TUN,1
2023,f,5,TKM,1
2023,m,0,CZE,3
2023,m,18,MKD,2
2023,m,81,COG,2
2023,m,82,LKA,1
2023,f,54,PRK,2
2023,m,55,GTM,1
2023,f,5,TUN,1
2023,m,83,KOR,1
2023,f,54,IRN,3
2023,f,48,HND,1
2023,m,31,DMA,1
2023,m,67,URY,1
2023,m,4,UNKNOWN,3
2023,m,42,MMR,1
2023,f,43,JAM,1
2023,f,100,VEN,1
2023,f,52,STP,1
2023,m,57,BDI,1
2023,f,75,YUG,1
2023,m,82,ISR,3
2023,f,47,BIH,4
2023,f,63,MYS,1
2023,f,90,ITA,2
2023,m,22,LBR,1
2023,f,25,HTI,3
2023,m,27,MNE,4
2023,m,41,UNKNOWN,3
2023,f,28,SDN,2
2023,f,99,BEL,2
2023,m,39,SLE,1
2023,m,57,ETH,2
2023,f,11,CHL,1
2023,m,74,SYR,3
2023,m,60,LBY,7
2023,m,51,SDN,2
2023,m,68,ZAF,4
2023,m,22,MYS,6
2023,f,83,CAN,2
2023,m,75,PAK,2
2023,m,45,SOM,2
2023,f,12,COL,4
2023,f,70,KOR,4
2023,m,13,SEN,1
2023,m,107,DEU,4
2023,m,22,EST,4
2023,f,9,SAU,3
2023,f,13,IRQ,4
2023,f,59,IDN,1
2023,f,79,AZE,1
2023,f,93,UNKNOWN,2
2023,f,37,AUS,5
2023,m,67,MYS,1
2023,m,48,ECU,4
2023,f,58,YEM,2
2023,m,54,VAT,2
2023,f,8,SVN,1
2023,m,11,SAU,4
2023,m,49,MNE,3
2023,m,41,BOL,2
2023,m,97,NLD,2
2023,m,4,ISR,4
2023,f,46,JAM,1
2023,m,84,SDN,1
2023,m,70,CUB,3
2023,f,21,ISR,6
2023,m,80,MKD,1
2023,m,3,IDN,5
2023,f,10,KOSOVO,1
2023,m,66,EST,1
2023,m,24,MYS,6
2023,m,13,ISR,11
2023,f,30,SLE,3
2023,f,78,YUG,3
2023,f,33,MLT,3
2023,m,51,MLT,2
2023,f,68,EGY,2
2023,f,53,AND,1
2023,f,81,IND,4
2023,m,73,NZL,2
2023,m,49,TZA,4
2023,m,85,DNK,3
2023,f,35,SGP,4
2023,m,24,STP,1
2023,m,7,UNKNOWN,8
2023,f,57,CYP,3
2023,f,47,PER,5
2023,m,69,BRA,1
2023,f,56,TUN,1
2023,f,13,COL,1
2023,m,47,BDI,2
2023,f,41,NAM,1
2023,m,27,PRY,2
2023,m,59,TKM,1
2023,f,63,UZB,3
2023,f,85,PER,1
2023,m,31,OMN,1
2023,f,33,LAO,1
2023,m,92,YUG,1
2023,m,94,SWE,4
2023,f,83,SYR,3
2023,m,32,ISL,3
2023,m,58,YEM,3
2023,f,39,UNKNOWN,3
2023,m,50,CRI,2
2023,m,25,PRY,1
2023,f,71,VAT,1
2023,f,18,SVN,1
2023,m,28,SLV,2
2023,f,45,PRK,4
2023,m,79,GHA,1
2023,m,44,SOM,1
2023,m,80,IRN,2
2023,m,27,GIN,2
2023,f,86,HUN,1
2023,f,2,MKD,1
2023,f,26,PSE,2
2023,m,52,SDN,1
2023,m,83,IRL,2
2023,f,25,NZL,1
2023,m,40,KWT,1
2023,m,130,USA,1
2023,m,51,SEN,3
2023,f,20,GHA,1
2023,f,17,UNKNOWN,2
2023,f,46,MEX,9
2023,m,81,LTU,2
2023,m,58,NER,1
2023,m,8,SAU,2
2023,m,75,SVN,1
2023,f,51,UNKNOWN,3
2023,m,5,DZA,3
2023,m,72,KAZ,2
2023,m,50,MYS,4
2023,m,50,SOM,2
2023,m,72,ISL,1
2023,m,17,FIN,2
2023,f,106,GRC,3
2023,f,99,KAZ,2
2023,f,86,AUT,8
2023,f,0,HUN,7
2023,f,44,SEN,2
2023,m,84,IND,2
2023,m,101,FRA,2
2023,m,84,ESP,3
2023,m,7,ZWE,5
2023,m,49,TWN,4
2023,m,16,PRY,1
2023,f,1,COG,1
2023,m,77,PRK,5
2023,f,86,LTU,2
2023,m,75,TUN,3
2023,m,70,UNKNOWN,7
2023,m,24,DJI,1
2023,f,95,SRB,1
2023,f,77,AZE,1
2023,f,58,COL,3
2023,f,59,CHE,3
2023,m,82,LTU,1
2023,f,15,NPL,2
2023,m,73,ZAF,3
2023,f,23,HND,1
2023,m,102,FRA,2
2023,f,12,YEM,4
2023,m,5,BEL,4
2023,f,6,UNKNOWN,1
2023,f,33,PAN,3
2023,m,58,CHL,1
2023,m,20,SAU,4
2023,f,41,ECU,1
2023,m,86,FIN,2
2023,m,27,SLE,2
2023,m,31,SLV,2
2023,f,21,AUS,4
2023,m,17,LBY,2
2023,m,87,FIN,2
2023,f,25,AGO,8
2023,m,44,TTO,1
2023,m,69,CUB,1
2023,m,29,BRB,1
2023,m,80,SYR,2
2023,m,53,PRY,1
2023,m,20,TUN,7
2023,f,105,NZL,1
2023,m,76,KOR,2
2023,f,35,SEN,3
2023,f,45,CYP,2
2023,f,83,MNG,2
2023,m,46,PRY,2
2023,m,77,EGY,4
2023,f,1,AUT,1
2023,m,40,UGA,7
2023,m,18,CRI,2
2023,f,60,COL,2
2023,f,22,LKA,1
2023,f,4,IDN,2
2023,m,39,PNG,1
2023,f,49,IRQ,13
2023,m,67,SAU,4
2023,f,83,IND,3
2023,m,90,GRC,6
2023,f,13,PER,1
2023,f,82,LVA,1
2023,f,23,GHA,5
2023,m,2,MKD,2
2023,m,1,COD,2
2023,m,72,TWN,1
2023,f,78,ISR,2
2023,f,60,YEM,1
2023,m,14,TUN,2
2023,m,77,CZE,9
2023,f,96,ISR,2
2023,m,28,OMN,3
2023,f,121,UNKNOWN,4
2023,f,44,NAM,1
2023,m,52,CYP,4
2023,f,43,MDG,2
2023,m,29,CYP,3
2023,f,7,DZA,1
2023,m,42,TZA,3
2023,m,12,IDN,3
2023,f,33,LUX,1
2023,m,72,YUG,2
2023,f,78,JPN,4
2023,f,11,LKA,2
2023,f,14,IRL,8
2023,f,100,VNM,1
2023,m,87,SYR,1
2023,f,84,UNKNOWN,2
2023,m,47,GMB,2
2023,m,76,PRK,2
2023,f,33,NZL,1
2023,m,68,PAK,3
2023,f,58,LBN,2
2023,f,30,MKD,2
2023,m,66,TWN,2
2023,f,48,TUN,3
2023,m,36,YEM,3
2023,f,30,YEM,4
2023,f,64,CMR,1
2023,f,66,EGY,5
2023,f,22,CUB,4
2023,f,80,GRC,5
2023,m,37,JAM,2
2023,m,62,COG,1
2023,m,47,MMR,1
2023,m,41,HND,4
2023,f,87,GBR,4
2023,f,46,COG,2
2023,m,44,JAM,2
2023,m,36,BWA,1
2023,f,36,MUS,2
2023,m,23,EST,7
2023,f,84,LBN,1
2023,m,10,IDN,1
2023,m,13,SWE,3
2023,f,65,UNKNOWN,2
2023,f,48,ZWE,3
2023,m,107,SWE,2
2023,m,16,HND,1
2023,f,74,MNG,2
2023,f,10,AUS,4
2023,f,112,USA,1
2023,f,50,CMR,1
2023,f,41,CUB,6
2023,f,83,PRK,1
2023,f,50,SAU,2
2023,f,20,MLT,1
2023,m,105,GBR,2
2023,f,32,TJK,11
2023,f,42,NER,2
2023,m,85,HUN,4
2023,f,31,SGP,4
2023,f,38,DOM,3
2023,f,32,ARE,1
2023,f,21,JAM,1
2023,m,20,NIC,2
2023,m,42,CYP,4
2023,m,65,SLE,1
2023,f,67,LKA,1
2023,f,39,DMA,1
2023,m,25,PAN,2
2023,m,32,NAM,1
2023,f,73,PRT,1
2023,f,95,BGR,2
2023,f,57,PRK,2
2023,f,1,ETH,2
2023,f,100,GBR,2
2023,m,71,AFG,2
2023,f,10,HRV,2
2023,f,36,BOL,6
2023,m,8,DMA,1
2023,m,38,BFA,1
2023,m,95,RUS,2
2023,m,66,ISL,1
2023,f,59,ZWE,1
2023,m,42,GIN,2
2023,f,21,IRQ,4
2023,f,18,CHE,1
2023,f,68,TKM,1
2023,m,15,ZAF,2
2023,m,105,GHA,1
2023,m,29,DOM,3
2023,f,56,NGA,2
2023,f,45,SDN,1
2023,m,66,ZAF,2
2023,f,51,SYR,4
2023,f,4,IRQ,4
2023,f,37,URY,2
2023,m,6,NZL,1
2023,f,75,ISR,4
2023,m,43,BDI,1
2023,m,31,COG,6
2023,f,12,ZWE,3
2023,f,2,LBY,2
2023,f,116,GBR,1
2023,f,86,FRA,5
2023,m,85,ISR,2
2023,m,28,CHL,6
2023,f,25,PNG,1
2023,m,37,MYS,6
2023,m,82,HRV,2
2023,f,5,HUN,8
2023,f,42,SYR,6
2023,f,40,LUX,1
2023,f,13,PHL,2
2023,f,23,HTI,2
2023,m,11,IRN,5
2023,f,31,PRY,1
2023,f,38,GTM,4
2023,m,49,TTO,3
2023,f,33,CYP,3
2023,f,46,ZMB,2
2023,f,51,SRB,5
2023,f,32,MKD,2
2023,f,29,SGP,4
2023,f,79,UZB,1
2023,f,8,UZB,5
2023,f,42,RWA,3
2023,m,20,KWT,1
2023,m,92,SWE,4
2023,f,13,ISR,3
2023,f,51,NAM,1
2023,m,86,CZE,2
2023,m,7,TWN,1
2023,m,56,NIC,1
2023,m,19,HND,1
2023,m,32,UNKNOWN,1
2023,f,27,BOL,4
2023,f,16,FIN,5
2023,f,13,ARG,2
2023,m,26,MLI,3
2023,f,43,COG,2
2023,f,19,GRC,2
2023,f,86,MNG,1
2023,m,95,ITA,2
2023,m,19,JOR,2
2023,f,103,USA,3
2023,m,59,PRY,1
2023,m,36,JAM,3
2023,m,86,AUS,1
2023,m,91,GBR,2
2023,m,56,KWT,2
2023,f,50,MKD,1
2023,m,26,SOM,5
2023,f,131,ESP,1
2023,m,44,AFG,5
2023,f,61,MMR,1
2023,m,27,TGO,1
2023,f,121,UKR,1
2023,m,75,IRL,4
2023,f,71,BRB,1
2023,m,71,KWT,2
2023,f,41,MEX,10
2023,m,26,MWI,1
2023,f,73,DZA,1
2023,f,55,COD,1
2023,f,16,PRT,3
2023,f,27,GTM,2
2023,f,18,VEN,1
2023,f,17,CAN,4
2023,m,6,JOR,3
2023,f,3,SLE,1
2023,f,47,DZA,1
2023,m,20,PRK,2
2023,m,86,BGR,4
2023,m,33,PAN,1
2023,m,73,CYP,1
2023,m,81,IRL,2
2023,m,34,SLE,1
2023,f,100,NLD,1
2023,f,12,TUN,1
2023,m,73,YUG,2
2023,f,110,ISR,1
2023,f,33,NAM,5
2023,f,37,MKD,5
2023,f,18,ARG,3
2023,m,68,GHA,1
2023,f,82,IND,2
2023,f,25,BHS,1
2023,f,26,SUR,1
2023,f,85,NOR,1
2023,m,22,SSD,1
2023,m,85,NOR,2
2023,f,15,PRK,1
2023,f,60,KEN,1
2023,m,105,UNKNOWN,3
2023,m,113,UNKNOWN,2
2023,m,36,TGO,2
2023,m,3,LBY,2
2023,f,15,TKM,3
2023,m,98,ITA,4
2023,f,48,SVN,3
2023,m,4,IRQ,2
2023,f,66,PHL,5
2023,m,47,SUR,1
2023,m,80,KWT,1
2023,m,93,BGR,4
2023,f,75,FIN,2
2023,m,61,MKD,4
2023,f,81,KAZ,4
2023,m,71,COL,1
2023,m,90,BLR,2
2023,f,85,ISR,1
2023,f,55,JAM,2
2023,f,51,IRL,4
2023,f,20,MLI,1
2023,m,25,LAO,1
2023,f,4,VEN,1
2023,f,8,YEM,2
2023,f,63,MAR,2
2023,f,37,LKA,4
2023,m,79,SYR,4
2023,m,56,BOL,2
2023,f,4,UNKNOWN,2
2023,f,12,TWN,1
2023,f,57,PSE,1
2023,f,36,PRY,1
2023,m,87,CAN,3
2023,m,51,YUG,4
2023,m,44,BEN,2
2023,m,68,NIC,1
2023,m,9,NOR,2
2023,m,63,AFG,3
2023,f,97,SYR,1
2023,m,51,HTI,1
2023,m,25,MUS,4
2023,f,45,BOL,2
2023,m,117,UNKNOWN,1
2023,f,51,NGA,2
2023,m,49,ERI,1
2023,m,105,DNK,2
2023,m,25,ZMB,1
2023,f,100,BEL,1
2023,f,62,SDN,1
2023,f,63,UNKNOWN,1
2023,m,68,AZE,5
2023,m,60,CUB,4
2023,m,94,AUT,1
2023,m,82,MKD,1
2023,f,52,EGY,7
2023,f,72,MYS,2
2023,m,85,MNG,2
2023,f,76,KAZ,5
2023,m,6,UNKNOWN,1
2023,m,61,NGA,1
2023,m,15,YEM,5
2023,f,59,LKA,3
2023,f,56,CMR,1
2023,f,41,PAN,1
2023,f,85,BEL,1
2023,f,98,AUT,3
2023,f,15,PHL,4
2023,f,17,BIH,1
2023,m,57,CYP,4
2023,m,70,YEM,3
2023,m,25,SAU,4
2023,f,20,COG,6
2023,m,21,ECU,3
2023,f,69,SAU,1
2023,m,78,GHA,1
2023,f,49,MDG,1
2023,f,73,NZL,1
2023,f,56,ETH,2
2023,f,94,BLR,3
2023,m,88,CHN,4
2023,f,33,MUS,4
2023,f,50,BOL,3
2023,m,14,SAU,2
2023,m,94,ISR,1
2023,m,109,DEU,3
2023,f,57,YUG,2
2023,f,13,IRN,4
2023,m,49,COG,1
2023,f,21,NER,1
2023,m,68,TWN,3
2023,f,43,TZA,5
2023,f,30,MLT,3
2023,m,52,TWN,5
2023,f,90,IRQ,2
2023,f,122,UNKNOWN,1
2023,f,46,BOL,1
2023,f,57,AGO,1
2023,f,66,COL,1
2023,m,6,NPL,2
2023,m,74,SRB,4
2023,m,5,CRI,1
2023,m,28,LUX,5
2023,m,18,UNKNOWN,2
2023,m,75,COD,1
2023,f,12,BIH,2
2023,f,88,GBR,3
2023,m,51,TZA,4
2023,m,80,ISR,4
2023,m,4,GHA,1
2023,m,38,BOL,3
2023,f,66,ZAF,4
2023,m,2,CMR,2
2023,f,59,UNKNOWN,5
2023,m,49,KEN,7
2023,f,5,VEN,1
2023,m,8,NOR,5
2023,f,19,KEN,4
2023,m,64,YEM,1
2023,m,1,UNKNOWN,6
2023,m,66,MLT,1
2023,m,67,TZA,3
2023,f,0,CUB,1
2023,m,112,ITA,2
2023,m,18,ISL,1
2023,m,76,LBN,2
2023,f,22,ISR,4
2023,m,42,SDN,4
2023,m,20,ARE,1
2023,f,0,AUS,1
2023,m,51,COD,1
2023,f,48,BIH,1
2023,m,24,MOZ,6
2023,m,123,GRC,1
2023,f,58,HRV,4
2023,m,38,PAN,2
2023,m,51,SAU,2
2023,m,4,BIH,3
2023,f,77,FIN,3
2023,m,60,SAU,3
2023,m,19,AUS,1
2023,f,38,MLT,2
2023,f,12,CRI,3
2023,m,71,TUN,2
2023,m,99,UNKNOWN,3
2023,f,119,CAN,1
2023,m,43,TTO,2
2023,m,49,JAM,2
2023,m,56,ARG,4
2023,m,11,BIH,2
2023,f,66,COG,1
2023,m,30,YUG,1
2023,m,102,ISR,1
2023,f,86,CZE,2
2023,f,6,NOR,1
2023,m,16,TWN,2
2023,f,92,VNM,7
2023,f,16,IRL,5
2023,m,18,PER,4
2023,f,29,BOL,2
2023,m,69,MNG,4
2023,f,72,NGA,1
2023,f,3,ALB,3
2023,f,53,SGP,2
2023,f,94,NPL,1
2023,f,30,ARE,1
2023,m,38,PRY,2
2023,f,1,TUN,2
2023,m,16,UNKNOWN,1
2023,m,63,PER,3
2023,m,10,COL,4
2023,m,26,CYP,2
2023,m,92,FRA,4
2023,m,78,CUB,1
2023,m,12,CHE,2
2023,m,111,FRA,1
2023,f,56,SEN,1
2023,m,40,GAB,1
2023,f,89,IRQ,1
2023,m,62,TJK,4
2023,m,14,FIN,3
2023,m,70,SVN,2
2023,m,12,TWN,2
2023,m,13,TUN,1
2023,f,56,NZL,2
2023,f,80,UNKNOWN,3
2023,m,66,TKM,2
2023,m,11,ARG,3
2023,f,46,NGA,4
2023,f,98,CAN,3
2023,m,13,BGD,4
2023,m,7,SRB,3
2023,m,4,CZE,5
2023,m,52,BWA,1
2023,m,74,CUB,2
2023,f,43,MMR,2
2023,m,13,LVA,3
2023,m,4,CRI,2
2023,m,48,DMA,2
2023,f,10,JOR,2
2023,m,11,MNE,1
2023,m,60,ETH,2
2023,m,67,CYP,3
2023,f,17,THA,5
2023,f,38,AFG,4
2023,m,18,ARG,3
2023,f,11,DZA,1
2023,f,119,UNKNOWN,3
2023,f,109,GBR,2
2023,m,80,IRL,4
2023,f,74,YUG,1
2023,f,53,MYS,2
2023,f,47,EGY,5
2023,f,4,NGA,3
2023,f,60,HND,1
2023,f,66,UZB,2
2023,f,24,NZL,1
2023,f,6,EST,2
2023,f,43,LBY,2
2023,m,40,SDN,1
2023,f,22,MLT,3
2023,m,93,NLD,2
2023,f,6,IRQ,3
2023,m,4,EST,3
2023,m,98,EGY,1
2023,m,1,CIV,1
2023,m,64,KOSOVO,1
2023,m,94,ROU,1
2023,m,32,COM,3
2023,m,80,SDN,1
2023,m,66,AFG,2
2023,m,72,EGY,3
2023,m,6,THA,2
2023,m,80,DZA,2
2023,m,49,VAT,3
2023,f,95,ISR,3
2023,f,41,GHA,2
2023,f,20,PAN,1
2023,f,49,SYR,8
2023,f,31,GIN,4
2023,f,14,UZB,8
2023,m,87,DNK,2
2023,m,38,LBY,8
2023,m,2,LVA,5
2023,f,101,LTU,2
2023,m,16,EGY,5
2023,m,12,ZWE,4
2023,m,68,LBY,4
2023,m,41,GTM,7
2023,f,38,JOR,4
2023,f,42,NZL,2
2023,f,65,PRT,4
2023,m,24,NZL,1
2023,f,37,ZMB,1
2023,m,37,BOL,4
2023,m,20,KNA,1
2023,f,36,SOM,1
2023,m,54,PER,2
2023,f,104,AUT,1
2023,m,19,LCA,1
2023,f,56,CHL,3
2023,f,105,RUS,4
2023,m,75,MAR,2
2023,m,4,SVN,3
2023,m,7,COD,1
2023,m,40,CIV,2
2023,f,90,BLR,5
2023,m,17,TGO,1
2023,f,16,UNKNOWN,1
2023,m,44,COD,3
2023,m,82,SVK,1
2023,f,18,MMR,3
2023,f,40,RWA,4
2023,m,63,KWT,1
2023,m,32,URY,2
2023,f,58,AGO,1
2023,f,33,ZMB,3
2023,f,71,COL,1
2023,m,34,JAM,1
2023,m,10,GIN,1
2023,m,61,YUG,1
2023,f,59,EGY,2
2023,f,22,FIN,7
2023,f,111,AFG,1
2023,m,4,AGO,2
2023,m,47,MLT,1
2023,f,74,LVA,3
2023,m,72,SAU,2
2023,f,8,IRN,4
2023,m,12,CUB,2
2023,f,53,IDN,5
2023,f,53,PER,6
2023,m,21,BDI,5
2023,m,75,COG,1
2023,m,57,UNKNOWN,1
2023,m,48,CYP,6
2023,m,6,AUT,3
2023,f,82,NGA,1
2023,f,33,VCT,1
2023,m,14,NGA,3
2023,m,80,TUR,4
2023,f,19,LKA,1
2023,m,58,BHR,1
2023,m,46,COG,2
2023,m,82,LBN,2
2023,f,77,PHL,2
2023,m,39,HND,2
2023,f,25,EST,3
2023,f,61,NGA,2
2023,m,57,PRY,1
2023,f,79,UNKNOWN,1
2023,f,65,IRL,1
2023,m,48,YEM,4
2023,f,76,LVA,1
2023,f,18,MEX,2
2023,f,39,PSE,2
2023,m,76,UNKNOWN,6
2023,f,78,SAU,1
2023,m,44,TGO,2
2023,f,45,CRI,4
2023,m,88,BLR,3
2023,m,55,SAU,2
2023,f,51,KEN,1
2023,m,78,SDN,1
2023,f,40,TZA,2
2023,f,90,NLD,1
2023,f,52,TUN,3
2023,f,13,MNE,1
2023,m,50,UNKNOWN,1
2023,m,29,CPV,1
2023,f,46,NIC,1
2023,f,27,MLT,1
2023,m,16,ZAF,2
2023,f,3,IDN,3
2023,f,19,MNE,1
2023,m,18,IRN,3
2023,m,30,MWI,2
2023,f,133,UNKNOWN,2
2023,f,43,PRK,6
2023,m,70,AZE,3
2023,f,17,MEX,1
2023,f,41,MNE,2
2023,f,100,ITA,1
2023,f,70,YUG,2
2023,f,98,IRN,1
2023,m,78,UZB,1
2023,f,70,LVA,2
2023,m,16,PHL,3
2023,m,3,SVN,3
2023,m,59,ZMB,1
2023,f,54,BOL,2
2023,f,44,NZL,2
2023,m,5,YEM,1
2023,f,11,UZB,6
2023,m,32,AND,1
2023,m,68,CRI,1
2023,f,34,TTO,1
2023,f,67,TUR,6
2023,f,54,CYP,1
2023,m,43,ECU,5
2023,m,64,AFG,3
2023,f,19,AUS,3
2023,m,32,SGP,6
2023,f,35,IRL,6
2023,m,23,HTI,2
2023,m,46,CMR,6
2023,m,83,DNK,2
2023,f,16,SGP,1
2023,f,80,BGR,5
2023,f,105,DEU,7
2023,f,113,ITA,1
2023,m,70,AFG,2
2023,f,29,BTN,1
2023,f,98,CZE,1
2023,f,35,YEM,3
2023,f,57,EGY,1
2023,f,26,ECU,4
2023,f,16,HRV,4
2023,m,80,KOR,2
2023,f,37,PAN,1
2023,f,41,LBR,2
2023,f,16,ZAF,3
2023,m,33,TGO,1
2023,f,83,PAK,1
2023,f,104,RUS,3
2023,f,110,GRC,2
2023,m,17,LBN,1
2023,m,47,GTM,1
2023,m,57,TKM,2
2023,m,14,LBN,3
2023,f,98,KAZ,1
2023,f,18,EST,2
2023,m,109,BGR,1
2023,m,0,IDN,5
2023,m,79,IRL,6
2023,m,57,AFG,4
2023,f,38,MRT,1
2023,m,15,CYP,3
2023,f,113,SWE,1
2023,f,22,LAO,1
2023,f,96,FRA,1
2023,f,7,LBN,2
2023,f,15,ARG,1
2023,f,103,BGR,2
2023,f,71,BRA,3
2023,m,20,SEN,2
2023,m,33,PRK,3
2023,f,21,SOM,1
2023,f,81,FIN,1
2023,f,11,CMR,1
2023,m,87,EGY,1
2023,f,11,SOM,1
2023,f,11,MNG,4
2023,m,63,AGO,5
2023,f,30,COM,3
2023,f,83,AZE,1
2023,m,25,OMN,1
2023,f,15,THA,4
2023,m,12,LBN,4
2023,f,36,YEM,4
2023,m,88,ROU,1
2023,m,78,LBN,1
2023,m,44,MRT,2
2023,f,9,SYR,4
2023,m,25,CRI,4
2023,m,24,CIV,2
2023,f,58,MNG,11
2023,f,34,PSE,1
2023,f,55,PER,2
2023,f,104,UNKNOWN,3
2023,f,2,FIN,2
2023,m,16,SVN,2
2023,m,30,BWA,1
2023,m,46,COD,3
2023,f,20,CHE,1
2023,m,70,LVA,3
2023,f,0,KGZ,2
2023,m,37,SLV,1
2023,m,0,COG,2
2023,m,38,TGO,4
2023,f,11,CRI,3
2023,m,19,GHA,2
2023,m,33,NAM,1
2023,m,21,PRY,1
2023,f,6,MNE,1
2023,m,91,AUT,4
2023,f,32,URY,2
2023,m,30,SDN,3
2023,m,38,TTO,1
2023,f,57,IDN,3
2023,f,35,KNA,1
2023,m,47,CMR,4
2023,m,5,ZAF,2
2023,f,5,KEN,1
2023,m,13,UZB,5
2023,f,30,LKA,5
2023,f,26,LBY,4
2023,f,65,PHL,5
2023,f,56,TWN,2
2023,m,25,CYP,2
2023,m,9,ISR,3
2023,f,8,AUT,3
2023,f,8,LIE,1
2023,f,35,NER,1
2023,m,97,USA,7
2023,m,88,KAZ,1
2023,m,59,UNKNOWN,3
2023,m,27,TON,1
2023,f,92,NGA,1
2023,f,46,MDG,1
2023,f,59,BIH,1
2023,m,15,SAU,1
2023,m,64,AND,1
2023,f,126,UNKNOWN,8
2023,f,73,BIH,1
2023,m,40,MYS,2
2023,f,37,AFG,9
2023,f,55,CUB,4
2023,f,84,AFG,1
2023,m,74,ISR,4
2023,f,109,ISR,1
2023,f,88,JPN,1
2023,f,128,UNKNOWN,1
2023,m,67,SEN,1
2023,f,22,BOL,1
2023,m,93,FRA,1
2023,f,79,ESP,2
2023,m,69,PER,2
2023,m,89,UNKNOWN,2
2023,m,65,ZWE,1
2023,m,22,LKA,5
2023,f,101,BLR,1
2023,f,62,SVN,1
2023,m,47,TZA,1
2023,f,0,THA,1
2023,f,40,GHA,1
2023,m,71,LBN,4
2023,m,47,TGO,1
2023,m,2,BHR,1
2023,f,41,RWA,5
2023,f,57,SRB,2
2023,f,28,NIC,1
2023,m,41,SEN,4
2023,m,47,LBR,1
2023,m,39,TCD,1
2023,m,22,TCD,2
2023,m,11,CUB,1
2023,m,55,MRT,1
2023,m,51,BHR,1
2023,m,61,TWN,2
2023,f,49,EGY,5
2023,f,33,LKA,5
2023,m,14,PRK,1
2023,m,1,BIH,1
2023,m,103,ISR,2
2023,f,34,CHL,6
2023,m,5,DOM,1
2023,m,56,MDG,1
2023,m,74,TUR,11
2023,f,13,MAR,2
2023,m,2,HND,1
2023,f,15,GIN,1
2023,m,30,MDV,1
2023,f,19,MYS,5
2023,f,64,TUR,4
2023,m,12,ISL,1
2023,f,79,CHE,3
2023,f,61,LBY,1
2023,f,56,KWT,1
2023,f,65,LUX,1
2023,f,22,NZL,1
2023,f,79,YUG,1
2023,m,60,SGP,3
2023,m,111,RUS,1
2023,f,97,ITA,1
2023,m,9,JOR,1
2023,m,66,SGP,1
2023,f,18,CRI,1
2023,m,62,SGP,1
2023,f,23,KHM,1
2023,f,63,SUR,1
2023,f,16,MAR,1
2023,m,49,SDN,2
2023,m,81,PRT,1
2023,m,87,TUR,4
2023,f,55,LKA,3
2023,f,0,VEN,1
2023,m,65,AFG,2
2023,m,92,VNM,2
2023,m,66,PER,2
2023,f,1,CAF,1
2023,m,95,ARM,2
2023,m,60,SEN,1
2023,f,19,GTM,1
2023,f,82,CZE,6
2023,m,48,COG,4
2023,f,66,AUS,4
2023,m,72,LVA,2
2023,f,4,SGP,1
2023,m,39,HTI,2
2023,m,35,GUY,2
2023,f,26,KNA,1
2023,m,8,JOR,1
2023,f,111,UKR,1
2023,f,1,VEN,1
2023,f,69,ISR,4
2023,f,36,TUN,6
2023,f,4,PAK,6
2023,f,78,ESP,4
2023,f,55,LBN,1
2023,m,56,CYP,7
2023,f,132,DEU,1
2023,f,28,MLT,1
2023,m,43,MNE,3
2023,f,82,AUS,1
2023,m,48,RWA,5
2023,m,56,TGO,1
2023,f,16,MNG,5
2023,f,65,PER,1
2023,f,4,LVA,4
2023,m,11,CHE,2
2023,f,48,ALB,3
2023,m,62,ARG,3
2023,f,8,TUN,2
2023,m,43,ISL,1
2023,m,78,YEM,1
2023,m,36,SYC,1
2023,f,61,PRK,2
2023,f,79,NPL,1
2023,f,46,PRY,1
2023,m,22,LUX,2
2023,m,94,NLD,1
2023,m,59,ALB,3
2023,m,66,YUG,2
2023,m,88,FIN,1
2023,m,97,FIN,1
2023,m,43,MYS,3
2023,f,60,SRB,2
2023,m,75,ALB,3
2023,f,37,BIH,3
2023,m,67,PAK,2
2023,f,33,SOM,1
2023,f,17,AGO,1
2023,m,56,LIE,1
2023,f,25,GIN,3
2023,m,23,KHM,1
2023,f,22,MWI,1
2023,f,64,THA,1
2023,m,22,GMB,1
2023,f,37,SGP,4
2023,f,75,IRN,1
2023,f,14,MEX,4
2023,f,5,IDN,1
2023,f,9,UNKNOWN,3
2023,m,23,KWT,1
2023,m,89,BLR,2
2023,f,46,CRI,2
2023,f,0,KEN,3
2023,f,41,JOR,3
2023,f,61,NIC,1
2023,m,41,LBR,3
2023,f,51,NZL,1
2023,m,15,BEL,10
2023,f,14,PRK,1
2023,f,116,FRA,1
2023,f,14,ALB,1
2023,m,103,GRC,8
2023,f,73,VEN,2
2023,f,31,SLE,1
2023,m,26,BTN,1
2023,m,102,UNKNOWN,2
2023,f,18,UGA,1
2023,f,46,JOR,4
2023,m,64,LUX,1
2023,f,60,SVN,1
2023,m,28,SLE,1
2023,m,27,YUG,1
2023,f,0,JOR,1
2023,f,1,SVN,1
2023,m,98,RUS,3
2023,f,28,MDG,3
2023,f,62,TJK,1
2023,m,3,TUN,2
2023,m,19,NIC,2
2023,f,50,BTN,1
2023,f,124,DEU,2
2023,f,23,MKD,3
2023,m,76,GEO,2
2023,f,34,YUG,1
2023,m,32,TTO,2
2023,m,54,MYS,4
2023,m,71,ETH,1
2023,f,64,SAU,1
2023,f,49,CUB,1
2023,f,44,GHA,1
2023,m,9,ETH,1
2023,m,60,GTM,2
2023,f,35,MDG,2
2023,m,88,IND,1
2023,f,5,SAU,3
2023,m,37,COM,2
2023,f,90,MNG,1
2023,f,47,UGA,1
2023,f,67,CYP,1
2023,m,116,IRQ,1
2023,f,22,JAM,1
2023,m,33,BDI,3
2023,m,99,FIN,1
2023,m,87,JPN,1
2023,f,2,COD,1
2023,f,11,TWN,3
2023,m,26,NIC,5
2023,m,13,YEM,3
2023,m,24,PRK,3
2023,f,58,SRB,6
2023,f,70,HRV,2
2023,f,103,DOM,1
2023,m,23,COM,2
2023,f,57,IRQ,3
2023,m,88,ESP,1
2023,m,39,KWT,1
2023,f,43,JOR,3
2023,m,44,TZA,3
2023,m,10,IRL,3
2023,f,45,CMR,8
2023,f,105,SWE,5
2023,m,21,ISR,3
2023,f,6,CMR,3
2023,f,102,RUS,3
2023,f,14,DNK,1
2023,m,1,EST,1
2023,f,40,KOSOVO,3
2023,f,32,GMB,1
2023,m,65,ISL,4
2023,m,11,FIN,2
2023,m,17,ARG,2
2023,f,93,GBR,3
2023,f,4,CHE,1
2023,m,12,MYS,1
2023,m,56,COG,2
2023,m,61,ETH,1
2023,m,46,JAM,1
2023,f,32,DOM,2
2023,m,33,COD,7
2023,f,68,EST,2
2023,f,66,TWN,2
2023,m,23,GIN,1
2023,m,25,JAM,2
2023,m,46,KNA,2
2023,f,4,ZAF,3
2023,m,15,SYR,4
2023,m,17,TUN,1
2023,m,61,KGZ,3
2023,f,95,UNKNOWN,2
2023,m,103,RUS,1
2023,m,26,DOM,2
2023,f,36,LBY,5
2023,m,84,SAU,1
2023,f,10,CHE,1
2023,f,73,EST,1
2023,m,45,COD,1
2023,m,70,GTM,1
2023,m,71,PER,2
2023,m,75,HND,1
2023,m,33,CIV,2
2023,m,35,SDN,2
2023,m,73,GHA,2
2023,m,46,GHA,3
2023,f,25,UNKNOWN,2
2023,m,77,DZA,2
2023,m,21,GIN,1
2023,m,17,ZAF,3
2023,f,116,UNKNOWN,2
2023,f,46,SAU,1
2023,m,73,TZA,1
2023,m,59,SAU,3
2023,m,36,UNKNOWN,1
2023,f,30,COD,4
2023,f,26,AUS,2
2023,m,6,SAU,2
2023,f,29,MUS,1
2023,f,1,COL,2
2023,f,4,UNKNOWN,1
2023,f,30,HND,1
2023,m,27,ISL,2
2023,f,53,UGA,1
2023,m,76,BIH,2
2023,f,43,CRI,3
2023,m,36,SLV,3
2023,f,111,ARG,1
2023,f,17,AUT,4
2023,f,13,SAU,4
2023,f,105,UNKNOWN,2
2023,m,60,PER,2
2023,m,46,CIV,2
2023,m,47,MYS,2
2023,m,18,KEN,4
2023,m,51,CIV,1
2023,f,31,URY,1
2023,f,26,CHL,2
2023,f,85,CHN,3
2023,m,89,PRT,1
2023,m,47,CIV,4
2023,f,18,DZA,2
2023,m,108,BGR,1
2023,m,18,LVA,3
2023,m,73,KWT,1
2023,f,45,ISL,1
2023,f,75,ZMB,1
2023,f,52,JAM,1
2023,f,42,URY,1
2023,f,12,DZA,2
2023,f,93,VNM,2
2023,f,45,JOR,3
2023,f,23,BIH,4
2023,m,55,SYC,1
2023,f,124,SWE,2
2023,f,7,CMR,2
2023,m,124,RUS,1
2023,f,103,UKR,1
2023,f,90,ISR,2
2023,m,2,IRN,4
2023,f,78,GBR,6
2023,f,40,JAM,1
2023,m,28,GIN,2
2023,m,66,IRN,4
2023,f,12,SOM,1
2023,m,24,BHS,1
2023,f,80,ROU,4
2023,f,6,HRV,4
2023,m,29,MOZ,1
2023,m,34,BFA,1
2023,m,7,LKA,3
2023,m,93,DNK,1
2023,m,78,ZAF,1
2023,f,28,AUS,4
2023,m,13,KOSOVO,1
2023,m,7,UZB,6
2023,m,1,NOR,1
2023,f,79,ISR,2
2023,f,82,ROU,1
2023,m,61,CYP,2
2023,f,80,JOR,1
2023,f,94,AUS,2
2023,m,32,PRY,3
2023,m,84,ARM,4
2023,f,33,KWT,1
2023,m,85,GRC,6
2023,m,40,TTO,1
2023,m,90,HUN,1
2023,f,28,MUS,1
2023,f,7,TZA,1
2023,m,40,YUG,2
2023,m,50,MLT,4
2023,m,33,HND,1
2023,f,25,SLV,2
2023,m,6,KEN,1
2023,f,109,GRC,1
2023,m,2,GHA,1
2023,f,0,MAR,3
2023,m,88,GBR,4
2023,f,25,BWA,1
2023,f,3,SAU,1
2023,m,68,ARG,3
2023,m,43,MDG,1
2023,f,6,AGO,2
2023,f,63,ERI,1
2023,m,5,SVN,1
2023,f,58,KOSOVO,1
2023,m,78,TUN,2
2023,f,75,BRA,1
2023,f,111,RUS,4
2023,m,60,TWN,2
2023,m,113,FRA,1
2023,f,14,YEM,2
2023,f,25,SDN,1
2023,m,18,LBN,1
2023,m,3,ZAF,1
2023,m,67,LBY,4
2023,m,70,LBY,2
2023,f,38,LAO,1
2023,f,72,YUG,1
2023,m,87,GRC,6
2023,f,90,BGR,3
2023,m,3,SLV,1
2023,f,9,TKM,1
2023,m,34,NIC,1
2023,m,8,SVN,1
2023,m,42,KNA,1
2023,m,15,HUN,6
2023,f,106,FRA,2
2023,f,78,MEX,1
2023,m,25,MRT,1
2023,m,81,IDN,1
2023,m,57,SGP,1
2023,m,45,MWI,1
2023,f,49,YEM,1
2023,f,35,CYP,1
2023,m,2,TKM,1
2023,f,25,CHL,2
2023,m,23,CRI,1
2023,m,77,SYR,3
2023,f,47,NZL,3
2023,f,29,GMB,1
2023,f,65,MYS,1
2023,f,68,COL,2
2023,f,66,THA,2
2023,f,17,KOSOVO,1
2023,f,10,EST,1
2023,f,70,BOL,1
2023,m,5,MKD,1
2023,f,68,SYR,3
2023,f,77,SVK,3
2023,m,40,ISL,1
2023,f,26,SSD,1
2023,f,34,YEM,1
2023,f,60,EST,3
2023,m,20,CHE,3
2023,f,47,YEM,3
2023,m,16,PER,1
2023,m,96,AUT,2
2023,f,92,AUT,1
2023,m,46,GNQ,1
2023,f,4,IRL,2
2023,m,94,BLR,1
2023,f,55,AFG,1
2023,f,37,MUS,2
2023,f,6,MKD,1
2023,m,108,PER,1
2023,f,45,LAO,1
2023,m,44,PNG,1
2023,m,81,LBN,1
2023,m,47,PAN,1
2023,f,97,UNKNOWN,5
2023,f,43,MLI,1
2023,m,63,ARG,1
2023,m,11,LBY,1
2023,m,35,MDV,1
2023,m,29,TTO,1
2023,m,65,VAT,1
2023,f,97,BLR,3
2023,m,43,COM,1
2023,m,50,ISL,2
2023,m,41,BDI,2
2023,m,90,AUS,1
2023,m,42,YUG,2
2023,f,72,PAK,1
2023,f,95,BLR,5
2023,f,85,GBR,2
2023,m,82,VAT,1
2023,f,36,MDG,2
2023,f,82,CHL,1
2023,m,97,UNKNOWN,2
2023,m,17,CHL,2
2023,f,76,BRA,1
2023,f,23,MUS,2
2023,m,42,CIV,1
2023,f,7,HRV,4
2023,f,38,SOM,2
2023,f,84,IND,2
2023,m,68,MOZ,1
2023,f,18,AGO,1
2023,f,12,FIN,3
2023,f,6,DNK,2
2023,m,30,MOZ,1
2023,m,12,MEX,3
2023,f,49,ZWE,3
2023,m,29,CIV,1
2023,m,59,YUG,2
2023,m,77,YUG,3
2023,m,75,SRB,2
2023,m,75,THA,1
2023,f,81,TUR,1
2023,f,16,AUS,1
2023,m,48,LUX,1
2023,f,1,SEN,1
2023,f,56,EGY,3
2023,m,49,LAO,3
2023,m,69,AFG,2
2023,m,95,ESP,1
2023,f,62,ARG,2
2023,m,86,YUG,1
2023,m,0,AUT,1
2023,f,62,YUG,1
2023,m,104,FRA,1
2023,f,55,SVN,4
2023,m,51,PAN,1
2023,m,72,MEX,1
2023,m,6,CAF,1
2023,f,41,CRI,1
2023,m,42,LAO,2
2023,f,18,MKD,1
2023,f,42,YUG,2
2023,f,14,HRV,1
2023,m,42,FJI,1
2023,f,25,MLI,2
2023,f,50,DOM,1
2023,m,85,PSE,1
2023,f,11,LTU,3
2023,f,125,RUS,1
2023,m,47,CUB,6
2023,m,67,CRI,1
2023,m,69,NER,1
2023,f,20,YEM,1
2023,m,37,BFA,1
2023,m,69,TZA,1
2023,m,63,GNB,1
2023,m,12,TUN,2
2023,m,56,ERI,1
2023,m,44,YUG,1
2023,m,33,BEN,1
2023,m,18,UNKNOWN,3
2023,m,4,KOSOVO,2
2023,m,86,PRT,1
2023,m,112,CZE,1
2023,f,28,CAF,1
2023,m,19,BRB,1
2023,f,55,BIH,2
2023,f,74,LKA,1
2023,m,6,LBN,2
2023,f,50,EST,2
2023,f,46,ARG,6
2023,f,22,GTM,3
2023,f,45,TJK,1
2023,f,60,VEN,3
2023,f,85,ITA,2
2023,m,48,MLI,1
2023,m,27,CAF,1
2023,m,112,GRC,5
2023,f,24,BIH,5
2023,m,45,VAT,1
2023,m,19,DMA,1
2023,m,3,SWE,3
2023,m,44,GMB,4
2023,f,15,MDG,1
2023,f,58,UZB,5
2023,f,42,KWT,1
2023,m,36,YUG,2
2023,f,26,TGO,1
2023,f,45,TTO,1
2023,f,78,SYR,1
2023,m,61,SEN,2
2023,m,25,DMA,1
2023,f,16,SYR,1
2023,m,90,KOR,1
2023,m,37,MLT,5
2023,m,36,MLT,3
2023,f,16,MNE,1
2023,m,14,HUN,5
2023,f,32,HND,1
2023,f,53,CYP,1
2023,m,61,CUB,5
2023,m,81,TUN,1
2023,f,22,DNK,9
2023,m,46,BLZ,1
2023,f,45,UGA,3
2023,f,82,ARG,3
2023,m,99,FRA,1
2023,f,79,ARG,1
2023,f,125,UNKNOWN,4
2023,f,83,NGA,1
2023,m,23,UGA,4
2023,m,63,GHA,1
2023,m,19,NZL,2
2023,f,62,MAR,1
2023,m,21,CAF,1
2023,f,11,SRB,2
2023,f,54,TUN,3
2023,m,16,VEN,2
2023,m,9,KOSOVO,1
2023,m,72,LUX,2
2023,f,19,GHA,1
2023,m,66,GNB,1
2023,m,7,RWA,1
2023,m,14,ALB,1
2023,m,42,PAN,2
2023,m,67,UNKNOWN,8
2023,f,30,DMA,1
2023,f,26,BWA,2
2023,f,50,TUN,2
2023,f,73,PER,2
2023,f,45,CHL,2
2023,f,119,HUN,1
2023,m,73,MNE,1
2023,m,90,VNM,4
2023,f,72,BRA,3
2023,m,0,BEL,1
2023,f,25,SEN,2
2023,f,38,SLV,1
2023,m,44,GIN,3
2023,f,5,IRQ,1
2023,f,65,PAN,1
2023,m,80,SRB,2
2023,f,81,UNKNOWN,6
2023,f,83,SAU,1
2023,m,7,ALB,1
2023,m,37,GIN,5
2023,m,23,MNE,3
2023,f,10,TUN,2
2023,f,70,GRC,5
2023,f,43,DOM,3
2023,m,51,JAM,1
2023,m,98,UNKNOWN,1
2023,m,66,VAT,1
2023,m,57,SAU,2
2023,m,49,GRD,1
2023,m,76,CYP,1
2023,m,115,AUS,1
2023,f,9,SGP,2
2023,m,16,HRV,2
2023,m,38,SDN,2
2023,f,105,FRA,2
2023,f,79,AUS,1
2023,m,85,SYR,1
2023,f,31,CYP,1
2023,f,44,VAT,1
2023,m,5,NOR,4
2023,m,86,JPN,3
2023,f,17,IRN,3
2023,f,69,CUB,1
2023,f,120,DEU,1
2023,m,113,GBR,1
2023,f,3,UNKNOWN,2
2023,m,24,GIN,1
2023,f,30,DJI,1
2023,m,86,CAN,2
2023,f,45,KHM,1
2023,f,64,NZL,1
2023,f,6,AUS,3
2023,f,81,UNKNOWN,2
2023,f,26,SEN,1
2023,f,40,DOM,3
2023,f,8,LBN,1
2023,f,54,PRT,11
2023,f,43,RWA,1
2023,m,73,MAR,2
2023,f,75,SAU,1
2023,m,111,DEU,5
2023,m,89,LTU,1
2023,m,52,ARE,1
2023,f,24,CAF,1
2023,f,48,KEN,4
2023,m,32,SLV,3
2023,m,101,URY,1
2023,f,22,GMB,1
2023,f,19,NER,3
2023,f,39,DOM,1
2023,f,71,ARG,2
2023,f,4,TUN,1
2023,f,28,BEN,1
2023,f,22,PRK,1
2023,f,133,UNKNOWN,1
2023,f,31,UNKNOWN,2
2023,m,60,VAT,1
2023,m,58,PRY,1
2023,f,2,SVK,5
2023,f,70,UNKNOWN,2
2023,f,29,YUG,1
2023,f,39,LBN,4
2023,m,101,SYR,1
2023,f,81,COL,1
2023,m,21,UGA,1
2023,f,41,SDN,1
2023,f,74,CUB,1
2023,m,78,HUN,3
2023,m,14,ARG,3
2023,f,78,PRY,1
2023,f,100,AUT,2
2023,f,6,CYP,1
2023,m,17,PHL,1
2023,m,39,COM,1
2023,m,44,LBR,1
2023,m,5,LBY,3
2023,m,43,SOM,3
2023,f,26,CPV,1
2023,f,70,NOR,1
2023,m,5,TKM,1
2023,f,18,ZAF,4
2023,f,64,PAK,2
2023,f,51,CHL,3
2023,m,73,KEN,1
2023,m,4,AUS,1
2023,m,83,AUS,2
2023,m,75,IDN,1
2023,m,20,GHA,1
2023,m,63,SAU,3
2023,f,59,SGP,1
2023,f,17,UGA,1
2023,f,52,TWN,4
2023,m,70,LBN,3
2023,f,29,SLE,1
2023,f,107,URY,1
2023,m,68,YEM,1
2023,m,49,SGP,2
2023,m,71,BIH,5
2023,m,21,EST,3
2023,f,52,UNKNOWN,1
2023,m,110,BRA,1
2023,f,32,COD,3
2023,m,104,UKR,1
2023,f,60,LBY,3
2023,f,17,NGA,3
2023,m,80,ARM,3
2023,f,18,ECU,1
2023,f,69,FIN,4
2023,f,78,TUR,2
2023,m,71,PRK,3
2023,f,27,DJI,1
2023,f,40,MLT,1
2023,f,109,DNK,1
2023,m,45,UGA,5
2023,m,72,PER,1
2023,f,27,NIC,1
2023,m,27,MOZ,4
2023,m,60,KOSOVO,3
2023,f,22,NER,1
2023,m,82,MDA,2
2023,m,84,FIN,2
2023,f,12,COD,2
2023,f,54,ECU,1
2023,f,26,LAO,1
2023,m,83,MNG,1
2023,f,84,LVA,2
2023,m,93,ESP,1
2023,m,61,DOM,1
2023,f,35,UGA,11
2023,f,60,IRL,6
2023,m,61,MLT,1
2023,f,60,KOSOVO,1
2023,f,82,SRB,2
2023,m,46,KEN,6
2023,m,27,COM,2
2023,f,11,PER,1
2023,m,50,MDG,2
2023,f,98,BEL,1
2023,m,37,YUG,1
2023,m,50,AGO,1
2023,f,87,ROU,2
2023,f,87,NOR,1
2023,f,28,CYP,2
2023,f,24,BTN,1
2023,m,35,SLV,2
2023,m,27,MLI,2
2023,m,110,UNKNOWN,2
2023,f,53,CMR,1
2023,m,87,FRA,2
2023,f,66,PAK,3
2023,m,11,DNK,2
2023,m,27,BHS,1
2023,m,40,DOM,1
2023,f,12,NGA,3
2023,m,74,ALB,1
2023,m,54,PRY,1
2023,m,121,UNKNOWN,4
2023,f,40,LBN,2
2023,f,41,KNA,1
2023,f,12,NIC,1
2023,f,34,MNE,2
2023,f,45,ARE,1
2023,m,46,UGA,3
2023,f,15,PER,1
2023,m,26,HND,1
2023,f,70,IRQ,1
2023,f,13,BEL,3
2023,m,64,MLT,1
2023,m,10,CAN,3
2023,f,90,SYR,1
2023,m,17,SVN,2
2023,m,19,LBY,1
2023,f,6,SAU,2
2023,f,90,DZA,1
2023,m,120,CHE,1
2023,m,19,SUR,1
2023,f,39,BOL,3
2023,f,22,BIH,2
2023,m,82,ETH,1
2023,f,26,HND,1
2023,f,18,CYP,1
2023,m,9,CRI,3
2023,f,13,MEX,4
2023,f,56,UNKNOWN,3
2023,m,56,SAU,1
2023,f,109,SWE,3
2023,f,10,SVN,1
2023,f,72,TKM,1
2023,f,68,YUG,1
2023,m,60,AFG,2
2023,f,64,YUG,1
2023,m,26,HTI,2
2023,f,97,UNKNOWN,2
2023,m,44,VUT,2
2023,f,14,CHE,3
2023,f,137,CZE,1
2023,f,30,BIH,2
2023,f,39,SDN,1
2023,f,28,GIN,2
2023,f,21,GHA,3
2023,m,6,SVN,2
2023,m,78,ETH,1
2023,f,25,SLE,1
2023,m,52,UNKNOWN,1
2023,f,12,PRK,1
2023,m,36,SOM,2
2023,f,14,SDN,1
2023,f,0,KOSOVO,1
2023,m,70,NZL,1
2023,f,111,FRA,2
2023,f,0,BDI,1
2023,f,25,HND,1
2023,f,48,CRI,3
2023,m,106,UNKNOWN,4
2023,f,74,ZAF,1
2023,f,94,HUN,1
2023,m,66,DMA,1
2023,f,36,UNKNOWN,1
2023,m,82,LVA,1
2023,f,5,UNKNOWN,1
2023,m,21,QAT,1
2023,f,27,SDN,1
2023,m,2,LKA,1
2023,m,43,KWT,1
2023,f,35,ZMB,2
2023,m,85,KAZ,1
2023,f,127,RUS,1
2023,m,101,GBR,4
2023,f,89,HRV,1
2023,f,85,DNK,1
2023,m,72,COL,1
2023,f,68,YEM,1
2023,m,33,LUX,2
2023,m,40,BEN,1
2023,f,94,CHN,1
2023,f,41,GUY,1
2023,f,64,SYR,3
2023,f,83,ZAF,1
2023,f,46,GHA,1
2023,f,74,MEX,1
2023,m,64,ARG,1
2023,m,35,PRK,1
2023,m,113,CAN,2
2023,f,39,TLS,1
2023,m,20,MYS,1
2023,f,61,RWA,1
2023,m,9,CHE,2
2023,f,83,BEL,3
2023,m,130,RUS,1
2023,f,83,JPN,1
2023,f,77,CYP,1
2023,m,57,COD,2
2023,f,43,SEN,2
2023,f,82,ESP,2
2023,m,63,LKA,3
2023,f,85,TUR,1
2023,f,5,PHL,1
2023,m,3,IRN,2
2023,f,36,GHA,1
2023,m,58,HND,1
2023,m,51,GHA,2
2023,f,103,ITA,1
2023,f,13,LVA,2
2023,f,44,TTO,1
2023,m,0,COD,2
2023,m,84,NOR,2
2023,m,75,YEM,2
2023,f,6,IRL,2
2023,m,2,SVN,1
2023,f,11,TKM,2
2023,f,13,CYP,2
2023,m,118,AUT,1
2023,f,40,SDN,1
2023,m,57,GIN,2
2023,f,11,AUS,1
2023,m,72,SDN,3
2023,f,48,SYC,1
2023,m,28,TON,1
2023,m,38,LIE,1
2023,f,83,KOR,2
2023,f,95,ARM,2
2023,f,2,RWA,2
2023,m,28,SEN,4
2023,f,29,UNKNOWN,1
2023,f,5,FIN,5
2023,m,86,ESP,3
2023,m,17,BOL,1
2023,f,64,ARG,1
2023,m,31,ARE,1
2023,m,111,HUN,1
2023,m,99,BRA,1
2023,m,78,VEN,2
2023,f,75,PRK,1
2023,f,51,DOM,1
2023,m,74,YEM,1
2023,f,84,UNKNOWN,1
2023,f,47,DOM,2
2023,m,66,ARG,1
2023,f,65,YUG,1
2023,m,120,RUS,1
2023,f,23,SAU,1
2023,f,57,TJK,3
2023,m,50,CIV,1
2023,m,14,ERI,1
2023,f,78,EGY,1
2023,f,60,BGD,2
2023,f,42,GTM,1
2023,f,35,SOM,1
2023,f,69,PAK,4
2023,m,85,AFG,1
2023,f,75,SRB,1
2023,f,13,AUT,3
2023,m,25,CAF,1
2023,f,53,ALB,1
2023,f,58,DMA,1
2023,m,17,PER,1
2023,f,106,HUN,1
2023,f,67,YUG,2
2023,m,63,BRB,1
2023,m,64,SGP,1
2023,m,56,URY,1
2023,f,34,SLV,2
2023,m,119,CAN,1
2023,m,29,ARE,2
2023,m,63,NIC,1
2023,f,80,UNKNOWN,2
2023,m,105,UKR,2
2023,m,68,BIH,5
2023,m,14,COL,5
2023,f,65,TWN,2
2023,f,80,COL,1
2023,m,49,UNKNOWN,2
2023,f,25,STP,1
2023,f,57,MDG,1
2023,m,103,LBN,1
2023,f,24,SWZ,2
2023,m,100,UNKNOWN,3
2023,f,120,CAN,1
2023,f,68,CUB,1
2023,m,7,PSE,1
2023,f,35,GTM,4
2023,f,52,PAK,3
2023,f,91,KOR,1
2023,f,15,PAN,1
2023,f,23,GTM,2
2023,f,0,GTM,2
2023,m,123,USA,2
2023,m,55,SGP,1
2023,m,51,COG,1
2023,m,68,QAT,1
2023,m,68,COG,1
2023,f,138,BGD,1
2023,f,7,PER,2
2023,f,27,MWI,2
2023,m,2,LBN,2
2023,m,69,ETH,1
2023,f,2,LBN,1
2023,f,41,SEN,1
2023,f,65,KGZ,1
2023,m,120,FRA,1
2023,f,26,CYP,1
2023,m,17,SAU,2
2023,m,131,UNKNOWN,1
2023,f,88,MKD,1
2023,m,116,UNKNOWN,1
2023,f,48,MNE,1
2023,m,55,NZL,3
2023,m,4,SAU,6
2023,m,39,TGO,1
2023,m,95,SRB,1
2023,m,45,PRY,3
2023,f,8,NZL,1
2023,f,8,ETH,1
2023,f,9,MNG,4
2023,m,54,URY,1
2023,f,131,RUS,1
2023,m,47,VUT,1
2023,m,93,SWE,2
2023,m,49,MLT,2
2023,f,1,ALB,2
2023,f,104,BEL,1
2023,m,82,EST,1
2023,m,2,MNE,2
2023,f,34,CIV,1
2023,m,35,PRY,1
2023,m,81,IRN,2
2023,f,64,IRQ,2
2023,f,29,ISL,2
2023,f,55,COG,1
2023,m,0,MEX,1
2023,m,35,MOZ,1
2023,f,44,BTN,1
2023,m,95,MKD,1
2023,f,54,IRQ,1
2023,m,60,GHA,1
2023,f,37,MNE,1
2023,f,70,DZA,1
2023,f,84,GBR,4
2023,m,70,IDN,1
2023,m,15,ARG,2
2023,f,66,YEM,1
2023,f,74,PER,1
2023,f,75,KOR,3
2023,f,38,PRY,1
2023,f,11,TJK,5
2023,f,64,ALB,1
2023,m,22,PRK,1
2023,m,49,BHR,1
2023,f,47,TJK,5
2023,m,72,ECU,1
2023,m,76,PRT,3
2023,m,45,SUR,1
2023,m,6,COL,1
2023,f,71,UNKNOWN,4
2023,m,73,FIN,4
2023,f,0,CHE,2
2023,m,27,MWI,2
2023,m,61,DMA,1
2023,f,23,CHE,2
2023,m,92,LUX,2
2023,m,29,ECU,7
2023,f,52,SYR,3
2023,f,7,COL,4
2023,m,71,PRT,2
2023,m,60,SDN,1
2023,f,114,AUT,1
2023,m,96,ITA,2
2023,m,57,AGO,1
2023,m,61,KOSOVO,2
2023,m,9,UNKNOWN,1
2023,m,75,MDA,1
2023,m,11,TUN,3
2023,f,106,AUT,1
2023,m,16,THA,1
2023,f,10,BEL,3
2023,f,13,LBY,2
2023,m,125,DEU,1
2023,m,67,CHL,1
2023,m,81,ROU,1
2023,m,15,GTM,1
2023,f,90,BGD,1
2023,f,85,MEX,1
2023,m,68,BGD,3
2023,m,62,MCO,1
2023,f,61,UNKNOWN,3
2023,m,77,PHL,1
2023,f,135,UNKNOWN,1
2023,m,54,UGA,1
2023,f,73,COL,1
2023,f,48,COG,1
2023,f,113,UKR,2
2023,m,39,SDN,3
2023,m,139,THA,1
2023,m,68,NPL,1
2023,m,3,COG,1
2023,m,3,YEM,2
2023,f,65,CYP,1
2023,m,5,KOSOVO,1
2023,m,80,SVK,1
2023,f,38,TTO,1
2023,m,1,MAR,2
2023,f,20,PRK,1
2023,m,31,LUX,1
2023,m,8,ZMB,1
2023,f,82,MCO,1
2023,m,67,VEN,3
2023,f,77,YEM,1
2023,f,77,PER,1
2023,m,9,NPL,5
2023,f,90,FRA,2
2023,m,25,TON,1
2023,m,11,ALB,2
2023,m,54,ZMB,1
2023,f,57,SYR,3
2023,f,44,ALB,5
2023,m,49,URY,2
2023,m,29,MLT,2
2023,m,89,SYR,1
2023,f,48,SAU,2
2023,m,50,SLV,1
2023,f,37,CYP,1
2023,m,31,GRD,1
2023,m,78,CYP,1
2023,f,99,ITA,2
2023,f,82,LTU,3
2023,f,46,SUR,1
2023,f,14,BRA,4
2023,m,3,UNKNOWN,2
2023,f,21,CHL,1
2023,f,79,KOR,1
2023,f,43,CHL,1
2023,m,92,ESP,2
2023,m,85,KWT,1
2023,f,13,UZB,2
2023,m,126,RUS,1
2023,f,60,SGP,1
2023,f,15,JOR,4
2023,f,21,SUR,1
2023,f,22,MUS,2
2023,m,4,LVA,4
2023,f,30,KHM,1
2023,f,92,KAZ,1
2023,f,34,LUX,1
2023,f,0,GRC,1
2023,f,48,LUX,1
2023,f,103,LVA,1
2023,m,59,YUG,1
2023,m,44,SLE,1
2023,f,46,TZA,2
2023,m,91,SWE,2
2023,f,130,UNKNOWN,4
2023,f,86,GEO,2
2023,f,19,HRV,2
2023,f,34,YUG,1
2023,f,68,UZB,1
2023,m,19,MWI,2
2023,f,8,FIN,1
2023,f,71,NPL,1
2023,f,55,MMR,1
2023,m,51,ZMB,1
2023,f,5,THA,1
2023,m,47,AFG,4
2023,f,130,DEU,1
2023,m,124,UNKNOWN,1
2023,f,0,ISL,1
2023,f,17,EST,1
2023,f,79,AGO,1
2023,m,82,NPL,1
2023,f,45,ERI,1
2023,m,39,MLT,4
2023,f,52,GTM,2
2023,f,20,SDN,1
2023,f,15,UNKNOWN,2
2023,f,117,RUS,2
2023,m,15,KEN,1
2023,f,86,ISR,1
2023,m,29,MUS,4
2023,f,22,ISL,1
2023,m,29,ZMB,3
2023,f,119,FRA,1
2023,m,65,MNE,1
2023,f,13,ISL,2
2023,m,65,EST,3
2023,f,57,NZL,2
2023,m,40,SOM,1
2023,m,52,MLT,1
2023,f,59,SDN,1
2023,m,53,PSE,1
2023,f,26,MLI,2
2023,m,30,KWT,1
2023,f,20,UNKNOWN,2
2023,f,75,NGA,2
2023,m,63,JOR,2
2023,m,40,YUG,1
2023,m,10,ARG,4
2023,m,15,KOSOVO,1
2023,m,92,YUG,1
2023,f,45,MDG,2
2023,m,4,PAN,1
2023,f,72,TUN,1
2023,m,80,PAK,1
2023,f,48,TJK,3
2023,m,44,OMN,1
2023,f,119,USA,2
2023,m,13,CAN,3
2023,m,67,MAR,2
2023,m,65,TUN,1
2023,f,65,ALB,1
2023,m,83,IRQ,3
2023,m,13,TWN,1
2023,f,3,NER,1
2023,f,45,EGY,1
2023,f,131,UNKNOWN,1
2023,m,89,JPN,1
2023,m,95,IRQ,1
2023,f,54,ZMB,1
2023,m,137,UNKNOWN,1
2023,f,66,PER,1
2023,m,114,UNKNOWN,1
2023,m,18,AGO,2
2023,m,28,HND,2
2023,f,30,SWZ,1
2023,m,84,LVA,1
2023,m,31,MOZ,1
2023,f,4,SEN,1
2023,m,66,GHA,1
2023,f,50,CUB,4
2023,m,11,EST,1
2023,f,63,YUG,2
2023,m,58,SDN,1
2023,f,66,BGD,1
2023,f,96,ITA,1
2023,m,85,CHE,2
2023,m,106,CHN,1
2023,m,53,UNKNOWN,1
2023,f,57,PER,1
2023,m,21,AUS,2
2023,m,5,VEN,1
2023,m,36,ATG,1
2023,f,4,KGZ,4
2023,f,86,DNK,3
2023,m,64,SEN,1
2023,m,46,TTO,1
2023,m,81,MNG,1
2023,f,102,CZE,1
2023,m,103,FRA,3
2023,m,84,IRN,1
2023,f,23,ARE,1
2023,f,65,EST,1
2023,f,1,ERI,1
2023,m,24,TCD,5
2023,m,19,BDI,2
2023,m,30,KHM,1
2023,m,36,OMN,1
2023,f,13,AGO,1
2023,m,81,FIN,3
2023,m,64,HND,1
2023,f,78,GEO,1
2023,f,53,PRT,3
2023,m,60,MLT,2
2023,m,45,MUS,3
2023,f,55,MAR,3
2023,m,3,SEN,2
2023,m,78,MEX,1
2023,m,70,JOR,1
2023,f,1,IRL,2
2023,f,9,AUS,1
2023,m,8,SUR,2
2023,m,65,SGP,1
2023,m,70,CYP,1
2023,m,69,MAR,1
2023,f,37,GNB,1
2023,f,66,NER,1
2023,m,1,LVA,2
2023,m,75,BRA,2
2023,f,39,COD,1
2023,f,41,DJI,1
2023,m,71,GIN,1
2023,m,9,UNKNOWN,1
2023,m,37,MWI,1
2023,f,87,JPN,1
2023,m,19,PRY,1
2023,m,6,FIN,1
2023,m,41,PRY,1
2023,f,45,GTM,1
2023,f,39,LUX,1
2023,f,37,BWA,1
2023,m,84,SRB,2
2023,m,47,DMA,1
2023,m,52,SLE,1
2023,m,69,ALB,1
2023,f,82,CHN,2
2023,f,41,GMB,1
2023,f,52,SDN,2
2023,m,93,KAZ,1
2023,f,47,CHL,2
2023,f,120,ISR,1
2023,m,59,CRI,1
2023,m,25,DJI,2
2023,f,45,NZL,1
2023,f,84,CHN,4
2023,f,88,CZE,1
2023,f,55,NPL,1
2023,m,82,YUG,1
2023,f,92,CAN,1
2023,f,47,VEN,5
2023,f,47,COG,1
2023,m,18,ZMB,1
2023,m,40,KHM,1
2023,f,32,UNKNOWN,1
2023,f,92,FIN,1
2023,m,93,AUS,2
2023,m,57,BEN,1
2023,f,72,HRV,1
2023,f,47,TZA,1
2023,f,1,SYR,3
2023,f,22,TCD,1
2023,m,28,LBR,1
2023,m,56,HND,2
2023,m,73,AZE,1
2023,m,0,GRC,3
2023,m,69,PHL,1
2023,m,43,KHM,1
2023,f,84,SRB,1
2023,f,56,MKD,1
2023,f,40,NZL,2
2023,m,42,SLV,1
2023,f,59,IRN,3
2023,f,75,UNKNOWN,1
2023,f,103,GRC,2
2023,f,43,KOSOVO,2
2023,f,76,YUG,1
2023,m,38,ARE,2
2023,m,4,PER,1
2023,f,26,DOM,2
2023,m,69,LVA,2
2023,f,15,KWT,1
2023,f,16,MKD,1
2023,m,27,STP,1
2023,f,64,CHL,1
2023,m,47,URY,1
2023,f,28,MNE,4
2023,f,72,UZB,1
2023,f,24,BDI,1
2023,m,86,MKD,1
2023,m,89,CHE,2
2023,f,99,FRA,2
2023,f,44,AGO,1
2023,m,57,UGA,1
2023,m,51,ERI,1
2023,m,74,ZAF,1
2023,f,1,NER,2
2023,f,45,AFG,1
2023,m,41,ECU,2
2023,m,21,BHR,2
2023,m,104,ITA,2
2023,f,68,ALB,1
2023,m,56,KNA,1
2023,m,43,LSO,1
2023,f,75,PAK,1
2023,f,20,ARE,1
2023,m,95,CHE,1
2023,f,120,GRC,2
2023,f,56,PAK,1
2023,f,49,BHR,1
2023,f,76,KOR,1
2023,m,28,MLT,3
2023,f,68,IRN,1
2023,m,39,ZMB,1
2023,m,9,AUS,1
2023,m,8,RWA,1
2023,m,0,CMR,2
2023,f,83,VEN,1
2023,f,97,VNM,1
2023,f,25,MNE,3
2023,m,55,SOM,1
2023,m,2,CHE,1
2023,m,50,BRB,1
2023,f,12,MYS,2
2023,m,33,SYC,1
2023,f,46,DZA,3
2023,f,48,BGD,1
2023,m,62,VEN,1
2023,m,82,ESP,1
2023,f,43,CMR,2
2023,f,25,LAO,1
2023,f,90,MAR,1
2023,m,78,PRT,2
2023,m,20,CRI,3
2023,m,52,ETH,2
2023,m,28,ARE,1
2023,m,88,IRQ,2
2023,m,22,SVN,1
2023,f,29,KHM,1
2023,m,22,THA,3
2023,m,51,PSE,1
2023,f,54,LKA,2
2023,f,70,EGY,1
2023,f,32,TCD,2
2023,f,86,KGZ,1
2023,f,88,CHL,1
2023,m,89,NLD,3
2023,f,10,NZL,1
2023,f,16,IRN,2
2023,m,18,CMR,1
2023,m,59,ARG,2
2023,f,4,YEM,1
2023,f,1,KAZ,10
2023,m,6,DNK,2
2023,f,7,MOZ,1
2023,m,6,BIH,1
2023,m,74,HRV,2
2023,f,39,MWI,1
2023,f,101,ISR,1
2023,f,46,MNE,1
2023,m,48,DOM,2
2023,f,7,AUT,3
2023,f,25,ERI,1
2023,m,55,RWA,1
2023,f,78,LBN,1
2023,m,67,LKA,1
2023,f,45,GHA,1
2023,m,23,NAM,2
2023,m,15,MYS,1
2023,f,10,AFG,9
2023,f,79,FIN,2
2023,m,12,MAR,2
2023,m,82,TUR,1
2023,m,23,ARE,2
2023,f,21,TKM,3
2023,f,50,ZMB,1
2023,f,92,ISR,1
2023,m,14,CHL,1
2023,f,117,USA,2
2023,f,29,GNQ,1
2023,f,36,CRI,3
2023,f,48,ISL,1
2023,f,11,PHL,5
2023,f,72,BIH,2
2023,m,74,MAR,1
2023,f,76,CHL,1
2023,f,86,NLD,1
2023,f,4,BDI,1
2023,f,47,SGP,2
2023,m,134,UNKNOWN,1
2023,f,55,CHL,2
2023,f,2,IRN,2
2023,f,4,JOR,1
2023,m,84,BIH,1
2023,f,7,NPL,5
2023,m,36,BEN,2
2023,f,9,GTM,2
2023,f,34,MLT,1
2023,f,80,BRA,1
2023,m,37,URY,1
2023,m,8,PHL,6
2023,m,25,HND,2
2023,m,55,VCT,1
2023,f,9,TGO,1
2023,f,104,ESP,1
2023,m,4,MNE,1
2023,f,68,LBN,2
2023,f,94,CAN,1
2023,m,74,CRI,1
2023,f,70,IRL,1
2023,m,68,SDN,1
2023,m,120,GRC,2
2023,f,34,BEN,1
2023,m,95,CHN,1
2023,f,30,TTO,1
2023,m,56,NER,1
2023,f,63,MEX,1
2023,f,0,NER,2
2023,m,16,UNKNOWN,1
2023,f,47,COD,1
2023,m,46,PSE,2
2023,m,19,MKD,1
2023,f,81,NLD,3
2023,m,4,MYS,1
2023,m,60,KHM,1
2023,f,39,ECU,1
2023,f,32,MMR,1
2023,f,35,LAO,2
2023,m,62,LKA,1
2023,m,126,UNKNOWN,1
2023,f,56,SOM,2
2023,m,115,BGR,1
2023,f,16,LBY,1
2023,m,92,CAN,2
2023,f,8,HRV,5
2023,m,104,GRC,6
2023,f,34,ISL,2
2023,m,23,JAM,1
2023,f,56,LBY,1
2023,f,2,CMR,2
2023,f,93,PER,1
2023,f,61,SVN,1
2023,m,73,IDN,1
2023,f,6,KEN,3
2023,f,15,LBN,1
2023,m,23,URY,1
2023,m,32,NZL,1
2023,m,37,ERI,1
2023,f,72,IRQ,3
2023,f,66,PRK,1
2023,f,14,TUN,2
2023,f,10,ISL,1
2023,m,60,MYS,2
2023,m,92,DNK,1
2023,f,50,SEN,2
2023,m,12,SGP,1
2023,f,39,TTO,2
2023,m,21,PAN,1
2023,m,48,HND,1
2023,f,16,LVA,1
2023,m,48,COD,1
2023,m,1,ARG,2
2023,f,56,DZA,1
2023,f,38,GUY,1
2023,f,53,IRN,2
2023,f,30,BEN,1
2023,m,98,SWE,6
2023,f,39,MLT,1
2023,f,11,CAN,1
2023,m,10,JAM,1
2023,m,18,MYS,2
2023,m,79,BRA,1
2023,m,0,UNKNOWN,1
2023,m,35,ZMB,4
2023,f,32,SLV,2
2023,m,91,BGR,3
2023,m,89,SVN,1
2023,f,53,TZA,1
2023,m,73,AFG,1
2023,f,20,SOM,3
2023,m,13,SVN,1
2023,f,26,HTI,1
2023,f,28,BDI,3
2023,m,57,PAN,1
2023,f,36,GTM,3
2023,f,77,AUS,3
2023,f,1,JOR,3
2023,m,105,UNKNOWN,1
2023,f,83,FRA,3
2023,f,38,LBY,2
2023,m,30,URY,2
2023,m,87,IDN,1
2023,f,92,KOR,2
2023,f,47,SAU,1
2023,f,42,YEM,1
2023,m,60,VEN,1
2023,m,37,MMR,1
2023,f,75,TWN,1
2023,f,53,KEN,1
2023,m,12,LBY,1
2023,f,33,SDN,3
2023,f,94,VNM,2
2023,m,83,SDN,1
2023,m,26,SLE,2
2023,f,69,TUR,2
2023,f,2,SGP,1
2023,f,86,UNKNOWN,1
2023,f,93,CHN,1
2023,f,51,CRI,1
2023,f,6,AUT,4
2023,m,91,NLD,3
2023,m,69,MEX,2
2023,f,24,KNA,1
2023,f,19,SVN,1
2023,m,22,ISL,1
2023,f,3,THA,1
2023,m,81,SYR,2
2023,f,58,ERI,1
2023,f,118,UNKNOWN,2
2023,f,31,DJI,1
2023,f,28,PRY,1
2023,f,98,KOR,1
2023,m,20,ECU,1
2023,f,63,COD,1
2023,f,51,MLT,1
2023,f,35,NIC,1
2023,f,113,FRA,1
2023,f,43,SLV,1
2023,m,40,HND,2
2023,m,7,TUN,1
2023,f,52,AFG,4
2023,f,8,CHE,1
2023,f,85,AUS,2
2023,m,7,EST,2
2023,m,28,SSD,1
2023,f,69,LVA,3
2023,f,89,ARG,1
2023,f,58,TUN,1
2023,f,64,ZAF,3
2023,f,102,NLD,1
2023,f,49,NZL,1
2023,m,106,ROU,1
2023,f,30,UNKNOWN,1
2023,m,37,BHS,1
2023,f,38,MUS,1
2023,f,5,ISL,1
2023,m,53,URY,1
2023,f,14,TGO,1
2023,f,78,CUB,1
2023,m,50,SDN,3
2023,f,36,BDI,1
2023,m,11,MAR,2
2023,f,103,JPN,1
2023,f,62,CRI,2
2023,f,31,SLV,2
2023,m,48,LBR,1
2023,m,95,AUT,3
2023,f,24,CRI,1
2023,f,80,ARG,2
2023,f,64,EGY,2
2023,f,88,EGY,1
2023,f,37,NER,2
2023,f,4,PER,1
2023,m,100,BEL,1
2023,f,51,URY,1
2023,f,82,ETH,1
2023,m,98,UNKNOWN,1
2023,m,24,KHM,2
2023,m,16,IRN,2
2023,m,14,KOSOVO,1
2023,f,28,SGP,2
2023,m,20,HND,2
2023,m,44,KNA,1
2023,m,34,PAN,4
2023,f,117,FRA,1
2023,m,91,AUS,1
2023,m,108,ISR,1
2023,f,47,EST,4
2023,f,58,SVN,1
2023,f,17,SAU,2
2023,f,46,ECU,3
2023,m,63,YUG,1
2023,m,84,AFG,1
2023,m,118,USA,3
2023,f,43,PAN,1
2023,f,30,MNE,1
2023,f,14,VEN,2
2023,m,77,ZAF,1
2023,m,84,ISR,1
2023,f,9,DZA,2
2023,f,72,EST,1
2023,f,35,HTI,1
2023,m,60,YEM,1
2023,f,93,CHE,1
2023,m,51,SYC,1
2023,f,1,JPN,4
2023,f,33,BTN,1
2023,f,48,MLT,2
2023,m,66,ALB,2
2023,m,68,KOSOVO,1
2023,f,41,MDG,2
2023,f,82,GRC,3
2023,f,48,CHL,1
2023,f,137,BEL,1
2023,m,28,GRD,1
2023,f,4,AUT,1
2023,m,33,SLE,1
2023,f,112,AUS,1
2023,f,40,GAB,1
2023,f,68,VEN,1
2023,f,33,SYC,1
2023,f,65,UZB,3
2023,f,74,NGA,1
2023,m,14,JAM,1
2023,m,94,IRQ,1
2023,m,43,UGA,4
2023,f,23,SWZ,1
2023,f,28,MMR,2
2023,m,23,SGP,1
2023,f,65,IDN,1
2023,f,64,COD,1
2023,f,51,AGO,1
2023,f,12,EST,4
2023,m,64,ISL,1
2023,m,43,ERI,2
2023,m,6,LIE,1
2023,f,98,ITA,2
2023,f,95,IND,1
2023,m,64,MLI,2
2023,f,53,MAR,1
2023,m,18,CYP,1
2023,f,35,COM,1
2023,f,81,MYS,1
2023,m,30,LSO,1
2023,f,54,LBY,1
2023,m,46,CRI,2
2023,m,98,LTU,1
2023,m,91,AFG,1
2023,m,25,SUR,1
2023,f,69,LBN,1
2023,f,16,CMR,2
2023,f,13,URY,1
2023,f,32,SGP,3
2023,f,70,AFG,1
2023,f,45,SAU,1
2023,m,9,COL,2
2023,m,34,TTO,1
2023,m,52,AND,1
2023,f,103,BEL,1
2023,f,42,TZA,1
2023,m,48,SOM,1
2023,m,58,CMR,1
2023,m,8,KWT,1
2023,m,104,UNKNOWN,1
2023,m,26,ISL,1
2023,f,61,CMR,3
2023,f,11,KOSOVO,2
2023,f,55,SGP,1
2023,m,10,EST,1
2023,f,133,UNKNOWN,1
2023,f,15,KOSOVO,2
2023,m,58,SUR,1
2023,m,138,UKR,1
2023,f,92,UZB,1
2023,f,59,NZL,2
2023,m,2,NER,1
2023,m,46,MWI,2
2023,f,54,EST,3
2023,m,14,MAR,1
2023,m,58,IDN,2
2023,f,81,SYR,1
2023,m,38,MMR,2
2023,f,0,YEM,1
2023,m,13,DZA,1
2023,f,87,LTU,2
2023,f,78,CHE,2
2023,m,77,IND,4
2023,m,73,CRI,1
2023,m,43,UNKNOWN,1
2023,m,67,PAN,1
2023,m,30,LUX,2
2023,f,67,CHE,3
2023,m,62,VAT,1
2023,f,61,CYP,2
2023,m,127,USA,2
2023,m,2,RWA,2
2023,f,5,NOR,3
2023,m,43,URY,1
2023,m,78,ARG,1
2023,f,82,EGY,1
2023,f,65,VEN,1
2023,m,104,VEN,1
2023,f,111,DNK,1
2023,m,43,TZA,3
2023,m,61,COG,1
2023,f,52,YUG,1
2023,m,58,GRD,1
2023,f,87,CAN,1
2023,f,60,BRA,2
2023,f,16,TUN,1
2023,m,41,NIC,2
2023,f,25,NAM,2
2023,f,23,MWI,1
2023,f,124,GRC,1
2023,f,93,UNKNOWN,1
2023,m,86,YUG,1
2023,f,10,MUS,1
2023,m,55,AGO,1
2023,m,29,LUX,1
2023,m,90,FIN,1
2023,f,60,CUB,2
2023,m,54,NER,1
2023,f,45,JAM,1
2023,m,24,MMR,2
2023,f,71,TJK,1
2023,f,75,SVK,2
2023,m,8,DOM,1
2023,f,37,TTO,2
2023,f,71,ZAF,2
2023,m,77,YEM,1
2023,m,57,ECU,1
2023,m,28,LAO,1
2023,f,5,BEL,3
2023,f,47,ECU,1
2023,f,57,GAB,1
2023,f,129,UNKNOWN,1
2023,f,14,BIH,1
2023,m,94,CZE,1
2023,f,43,ISL,1
2023,f,46,KNA,2
2023,f,25,COM,1
2023,f,106,BLR,1
2023,f,40,UGA,3
2023,f,113,BLR,1
2023,m,16,MLI,1
2023,m,49,HND,1
2023,m,64,TZA,2
2023,m,51,SLE,1
2023,f,60,NGA,1
2023,m,60,EST,1
2023,m,3,KEN,1
2023,f,99,ISR,1
2023,f,49,JAM,1
2023,f,18,CMR,1
2023,m,54,COD,3
2023,m,57,URY,2
2023,m,84,ROU,2
2023,m,70,MYS,2
2023,m,92,NOR,1
2023,f,70,CUB,2
2023,m,84,CHL,1
2023,f,66,SVN,1
2023,m,15,MKD,1
2023,f,10,UNKNOWN,2
2023,f,51,MAR,1
2023,f,39,TGO,1
2023,m,100,VNM,1
2023,f,3,MKD,1
2023,f,60,HRV,1
2023,f,51,NER,1
2023,f,58,VEN,1
2023,m,60,MLI,1
2023,f,6,GTM,1
2023,m,91,CZE,1
2023,f,100,BGR,1
2023,f,33,SEN,2
2023,f,109,UKR,1
2023,m,63,NPL,3
2023,f,60,TKM,1
2023,m,72,LBY,1
2023,f,29,YUG,1
2023,f,34,DOM,3
2023,f,82,KAZ,1
2023,m,5,ARG,3
2023,m,34,LUX,2
2023,f,19,CHL,1
2023,m,57,ISL,1
2023,f,105,UKR,3
2023,f,55,BOL,2
2023,m,67,ETH,1
2023,f,46,TUN,4
2023,m,0,UGA,1
2023,f,3,FIN,3
2023,m,22,COM,1
2023,f,11,SVN,1
2023,f,19,ALB,2
2023,f,44,GTM,1
2023,m,17,MNG,4
2023,m,73,LVA,2
2023,m,50,KEN,2
2023,m,61,VEN,2
2023,f,27,PRY,1
2023,f,16,BIH,1
2023,f,61,IRQ,2
2023,f,23,TCD,1
2023,m,90,CHL,1
2023,f,53,SAU,1
2023,m,69,ECU,1
2023,m,3,CYP,1
2023,m,16,CRI,1
2023,f,17,MKD,1
2023,m,71,COG,1
2023,m,18,ALB,2
2023,f,54,RWA,1
2023,f,44,COD,2
2023,m,92,ARM,1
2023,m,2,UNKNOWN,1
2023,f,72,KEN,1
2023,f,101,CAN,2
2023,m,43,SGP,1
2023,m,16,YEM,1
2023,m,79,FIN,2
2023,f,59,ARG,2
2023,f,21,CUB,4
2023,f,2,AUS,2
2023,m,21,PRK,2
2023,m,68,PHL,2
2023,f,6,DZA,1
2023,f,23,SVN,1
2023,m,13,CHE,1
2023,m,61,MNE,4
2023,f,56,YUG,1
2023,m,3,ZWE,3
2023,f,5,SVN,1
2023,m,1,GIN,1
2023,f,51,TUN,2
2023,m,9,ERI,1
2023,f,27,YUG,1
2023,m,59,GIN,1
2023,f,20,BWA,1
2023,f,29,PRY,2
2023,f,63,EGY,1
2023,f,23,CHL,1
2023,m,0,ETH,1
2023,m,38,MDV,1
2023,m,34,QAT,1
2023,f,44,LKA,1
2023,f,115,CHE,1
2023,m,31,LSO,2
2023,m,68,TUN,2
2023,f,49,TJK,2
2023,m,52,PSE,1
2023,m,79,MDA,1
2023,m,69,IRN,2
2023,m,59,AGO,1
2023,f,61,CHL,1
2023,f,36,ECU,4
2023,m,1,FIN,1
2023,m,15,AGO,1
2023,m,114,CAN,1
2023,f,66,BIH,1
2023,f,101,FRA,3
2023,m,35,LAO,1
2023,f,68,PRK,1
2023,f,81,YEM,2
2023,m,34,LCA,1
2023,m,24,BHR,2
2023,f,124,USA,1
2023,m,21,SAU,5
2023,f,85,MDA,1
2023,m,25,PRK,1
2023,f,30,ZMB,3
2023,m,23,NZL,1
2023,f,39,JOR,2
2023,m,44,GNQ,1
2023,m,49,BDI,1
2023,m,36,URY,1
2023,m,30,NIC,2
2023,f,23,ATG,1
2023,f,15,UNKNOWN,1
2023,f,73,MDA,3
2023,f,74,COD,1
2023,f,38,HTI,1
2023,f,78,VAT,1
2023,m,67,TGO,1
2023,f,67,CMR,1
2023,m,50,MUS,2
2023,f,15,LKA,1
2023,f,44,OMN,1
2023,f,53,BIH,2
2023,f,77,ISL,1
2023,f,63,LBY,1
2023,m,15,NOR,2
2023,m,42,GTM,4
2023,m,28,ERI,1
2023,m,32,SLE,3
2023,m,77,THA,2
2023,m,68,ZMB,1
2023,f,63,TJK,1
2023,f,96,AUT,1
2023,m,20,TKM,5
2023,m,124,USA,1
2023,m,22,PAN,1
2023,f,60,KGZ,1
2023,m,72,NPL,1
2023,f,84,MAR,1
2023,m,46,KIR,1
2023,m,69,PSE,1
2023,m,101,BLR,1
2023,m,32,NIC,3
2023,f,114,LTU,2
2023,f,4,CRI,1
2023,m,127,CAN,1
2023,f,30,JAM,1
2023,f,92,ROU,1
2023,f,47,JOR,1
2023,m,78,LUX,1
2023,f,54,SDN,1
2023,f,34,SUR,1
2023,m,98,MNG,1
2023,f,0,GMB,1
2023,m,109,GBR,1
2023,m,26,SLV,1
2023,m,5,SDN,1
2023,f,39,PAN,1
2023,f,77,URY,1
2023,f,55,MKD,1
2023,m,20,BOL,2
2023,m,64,IDN,1
2023,m,2,NLD,1
2023,m,52,YEM,1
2023,f,7,TKM,2
2023,f,68,MKD,1
2023,m,43,NAM,2
2023,f,51,SEN,1
2023,f,11,PRK,1
2023,f,51,UGA,1
2023,f,106,GTM,1
2023,f,23,MLT,2
2023,f,74,COG,1
2023,m,61,GUY,1
2023,m,60,MOZ,1
2023,m,53,SDN,1
2023,m,67,MOZ,1
2023,m,30,CPV,2
2023,m,125,CAN,1
2023,m,58,URY,1
2023,m,34,SLV,2
2023,m,58,AGO,2
2023,m,28,BFA,1
2023,f,98,GBR,2
2023,m,60,ZWE,2
2023,f,68,SRB,2
2023,f,33,MDG,1
2023,f,39,MNE,1
2023,f,26,SGP,2
2023,m,109,ITA,1
2023,f,107,ESP,1
2023,f,121,GRC,1
2023,f,125,USA,2
2023,m,76,LUX,2
2023,f,69,DZA,1
2023,f,48,LBN,1
2023,f,44,SOM,1
2023,m,60,DOM,1
2023,m,73,JOR,1
2023,m,37,KHM,2
2023,f,3,SVN,2
2023,m,6,SYR,1
2023,f,100,FRA,3
2023,m,9,JAM,1
2023,f,78,ETH,2
2023,f,50,GTM,1
2023,f,69,IRN,1
2023,f,100,DNK,1
2023,f,41,VAT,1
2023,f,12,LBY,3
2023,f,52,PAN,1
2023,m,66,BGD,1
2023,f,56,BGD,1
2023,f,81,PRT,1
2023,m,15,UNKNOWN,1
2023,f,17,JOR,1
2023,m,66,LKA,1
2023,f,80,YUG,1
2023,f,67,SAU,1
2023,m,62,ALB,2
2023,m,28,STP,1
2023,m,1,ALB,2
2023,f,65,BOL,1
2023,f,29,MOZ,1
2023,m,3,EST,1
2023,f,75,COG,1
2023,m,90,SYR,1
2023,f,42,ISL,2
2023,m,65,NER,1
2023,m,19,MLT,2
2023,f,88,BGR,4
2023,m,46,VCT,1
2023,f,79,JPN,2
2023,f,44,MDG,1
2023,m,108,UNKNOWN,2
2023,f,23,AUS,1
2023,f,72,YEM,1
2023,f,11,CUB,2
2023,m,103,NLD,1
2023,f,63,SEN,1
2023,f,50,IRN,3
2023,f,71,NGA,1
2023,f,22,ARE,1
2023,f,70,YEM,1
2023,m,36,MCO,1
2023,f,47,YUG,1
2023,m,108,CHN,1
2023,m,88,SAU,1
2023,m,63,NER,2
2023,f,19,EST,2
2023,m,41,ISL,2
2023,f,74,KOR,1
2023,m,52,COD,2
2023,f,94,BRA,1
2023,f,52,MDG,1
2023,m,9,LBY,3
2023,f,20,TUN,2
2023,f,14,KGZ,1
2023,m,88,GHA,1
2023,f,30,LUX,1
2023,m,36,PSE,1
2023,m,92,SYR,2
2023,m,71,CUB,1
2023,f,16,CHE,1
2023,m,1,LBY,1
2023,m,70,MNG,1
2023,m,3,AGO,1
2023,f,82,SGP,1
2023,f,33,BWA,1
2023,f,4,CMR,1
2023,m,92,BGR,2
2023,f,12,TKM,1
2023,m,77,CUB,1
2023,m,8,MEX,3
2023,m,20,ISL,1
2023,f,17,DZA,1
2023,m,2,UNKNOWN,3
2023,f,90,IRL,1
2023,f,40,COD,2
2023,m,4,BEL,2
2023,m,31,BHR,1
2023,f,62,SGP,1
2023,f,124,CAN,1
2023,m,61,JAM,1
2023,m,20,CMR,2
2023,m,81,SVN,1
2023,f,19,SLE,2
2023,m,84,CZE,1
2023,f,9,ETH,1
2023,f,81,UNKNOWN,1
2023,f,107,BLR,1
2023,f,48,NAM,1
2023,m,96,MNG,1
2023,f,15,CYP,1
2023,m,30,BLZ,1
2023,m,83,YUG,1
2023,f,78,CAN,3
2023,f,64,BRA,1
2023,m,67,YUG,3
2023,f,55,YEM,1
2023,f,41,PRY,1
2023,m,102,NOR,1
2023,m,41,MNE,3
2023,m,96,HUN,1
2023,f,28,UNKNOWN,2
2023,m,120,YUG,1
2023,m,6,EST,1
2023,f,45,ECU,1
2023,f,25,GMB,2
2023,f,45,PRY,1
2023,m,72,DZA,1
2023,m,63,VAT,2
2023,f,82,CHE,1
2023,f,115,RUS,2
2023,f,80,AFG,1
2023,f,79,BEL,1
2023,f,37,SUR,2
2023,f,57,GTM,1
2023,f,62,IRQ,1
2023,m,78,YUG,2
2023,f,35,CHE,2
2023,m,82,AUS,1
2023,m,49,AGO,2
2023,f,44,BFA,1
2023,f,68,MEX,1
2023,m,79,LUX,1
2023,m,62,CUB,2
2023,m,16,NZL,1
2023,f,130,AUT,1
2023,m,95,ROU,1
2023,m,31,DJI,1
2023,f,14,CYP,1
2023,m,115,BEL,1
2023,m,65,TWN,2
2023,f,10,NGA,3
2023,f,7,TJK,4
2023,m,2,DNK,1
2023,m,39,BRN,1
2023,m,61,GIN,1
2023,f,94,BGR,1
2023,f,72,NZL,1
2023,m,61,ALB,2
2023,f,92,CZE,1
2023,f,92,NLD,1
2023,m,55,LAO,2
2023,m,80,CUB,1
2023,m,62,NER,1
2023,m,64,SVN,2
2023,m,60,CYP,1
2023,m,52,BTN,2
2023,f,30,NIC,2
2023,m,0,SOM,1
2023,m,52,SOM,1
2023,f,31,PSE,2
2023,f,61,TWN,1
2023,f,75,IRL,3
2023,m,32,TGO,2
2023,f,81,BEL,3
2023,m,26,PAN,1
2023,f,22,ATG,2
2023,m,72,ALB,1
2023,m,46,BFA,2
2023,m,63,NZL,1
2023,m,31,YUG,1
2023,m,52,CRI,1
2023,f,72,MKD,1
2023,m,25,BWA,1
2023,m,67,UNKNOWN,1
2023,f,56,TKM,1
2023,m,93,GBR,2
2023,f,29,CPV,1
2023,m,0,MLI,1
2023,f,36,MLT,2
2023,m,67,IDN,1
2023,f,30,BFA,1
2023,f,76,YUG,1
2023,f,29,BDI,2
2023,f,22,YEM,1
2023,m,109,CZE,1
2023,m,39,SOM,2
2023,m,51,ARE,1
2023,m,29,GNQ,1
2023,m,67,BIH,3
2023,m,2,MUS,1
2023,f,52,SOM,1
2023,m,72,VAT,1
2023,f,70,NGA,1
2023,m,40,PRY,2
2023,m,59,ERI,1
2023,f,45,SGP,1
2023,f,11,FIN,2
2023,f,52,MAR,2
2023,m,9,MLI,1
2023,f,21,DOM,1
2023,f,92,BGR,1
2023,m,62,KGZ,2
2023,m,17,EST,3
2023,m,55,PRY,2
2023,f,112,UKR,1
2023,m,13,ALB,1
2023,m,54,GMB,1
2023,m,28,BLZ,1
2023,m,61,LBN,2
2023,f,68,ZMB,1
2023,m,74,SVN,1
2023,m,76,MNG,2
2023,m,1,IDN,3
2023,m,8,VEN,3
2023,f,61,EGY,1
2023,m,18,MUS,1
2023,m,3,THA,1
2023,m,0,LVA,2
2023,f,13,BGD,4
2023,m,4,GTM,1
2023,m,72,MKD,1
2023,m,74,ARG,1
2023,f,84,BEL,1
2023,m,88,YUG,1
2023,f,64,PER,1
2023,f,74,COL,1
2023,f,19,TWN,1
2023,f,51,SUR,1
2023,m,65,LUX,2
2023,f,62,SRB,3
2023,m,8,CYP,1
2023,m,80,VEN,1
2023,f,16,EST,1
2023,m,34,TGO,2
2023,m,61,ZWE,1
2023,f,100,ISR,1
2023,f,74,SDN,1
2023,m,48,BHR,1
2023,f,74,IDN,1
2023,f,89,TUR,1
2023,f,44,DOM,1
2023,m,75,GHA,1
2023,m,42,BEN,1
2023,m,87,HRV,1
2023,f,9,UNKNOWN,1
2023,f,75,PER,1
2023,f,15,CHE,3
2023,m,64,YUG,1
2023,f,15,UNKNOWN,1
2023,m,14,AGO,1
2023,m,44,SEN,2
2023,m,86,MDA,2
2023,f,37,BHS,1
2023,f,24,SVN,3
2023,f,63,ARG,1
2023,f,6,CHE,2
2023,m,57,ZWE,1
2023,m,58,SOM,1
2023,f,110,LTU,1
2023,m,20,SUR,1
2023,f,50,CAF,1
2023,f,43,LSO,1
2023,m,63,TKM,1
2023,m,87,ARM,3
2023,m,1,DZA,2
2023,m,3,TKM,1
2023,f,11,TTO,1
2023,m,57,COG,3
2023,m,49,TGO,2
2023,m,16,SGP,1
2023,m,0,HRV,1
2023,m,42,UNKNOWN,1
2023,f,21,BTN,1
2023,m,15,TWN,2
2023,f,114,FRA,1
2023,m,20,DMA,1
2023,f,81,HRV,1
2023,m,86,GEO,1
2023,m,28,KHM,1
2023,m,75,NGA,1
2023,m,50,PRY,1
2023,m,61,TTO,1
2023,m,71,MKD,2
2023,f,68,MAR,1
2023,m,108,ITA,1
2023,m,21,PNG,1
2023,f,67,NGA,1
2023,f,59,NGA,1
2023,f,112,AUT,1
2023,f,79,LBN,1
2023,f,14,LBN,1
2023,f,80,LBY,1
2023,f,109,UNKNOWN,1
2023,f,35,ISL,1
2023,f,46,SDN,1
2023,m,73,THA,1
2023,f,93,CZE,2
2023,m,101,BEL,1
2023,m,72,UZB,1
2023,f,9,CYP,1
2023,f,46,UNKNOWN,1
2023,f,14,URY,1
2023,f,50,SWZ,1
2023,m,17,SOM,1
2023,m,56,JOR,6
2023,m,65,CRI,1
2023,f,45,SLV,1
2023,m,95,NLD,1
2023,f,64,NGA,1
2023,f,0,CHL,1
2023,m,108,CHE,1
2023,m,20,SOM,1
2023,f,83,ALB,1
2023,f,22,STP,1
2023,m,2,TZA,1
2023,f,2,SWE,2
2023,f,60,PER,2
2023,f,126,UNKNOWN,1
2023,f,43,TTO,2
2023,f,89,ROU,1
2023,m,81,CYP,1
2023,f,77,HRV,1
2023,m,28,SUR,1
2023,m,1,ZAF,1
2023,f,60,NER,1
2023,f,12,KGZ,3
2023,m,8,UNKNOWN,1
2023,f,121,GBR,1
2023,m,8,SEN,1
2023,m,10,ETH,2
2023,m,75,PRK,2
2023,m,12,GIN,1
2023,f,93,AUT,1
2023,f,82,PSE,1
2023,f,43,COD,1
2023,m,116,GBR,1
2023,f,21,MUS,1
2023,f,42,BFA,1
2023,f,34,NIC,1
2023,m,14,CMR,1
2023,m,84,CHN,1
2023,m,38,MLI,1
2023,f,115,UNKNOWN,1
2023,f,65,LKA,1
2023,f,74,PRT,1
2023,m,65,MEX,4
2023,f,61,LUX,1
2023,f,32,TON,1
2023,f,1,BEL,1
2023,m,1,IRQ,1
2023,m,82,IDN,1
2023,f,83,BGR,3
2023,m,49,BRN,1
2023,f,70,AZE,1
2023,f,77,CHL,1
2023,f,127,AUT,1
2023,f,91,DNK,2
2023,m,16,LKA,1
2023,f,53,SVN,2
2023,m,77,ISL,1
2023,f,19,BWA,1
2023,f,44,AFG,1
2023,f,26,BOL,1
2023,f,10,CHL,1
2023,m,63,GMB,1
2023,f,29,SWZ,1
2023,f,52,UNKNOWN,1
2023,f,99,IRN,1
2023,f,41,YUG,1
2023,f,19,ERI,1
2023,m,17,COD,1
2023,f,76,ESP,1
2023,m,47,ZMB,1
2023,f,90,CHL,1
2023,m,29,BTN,1
2023,f,9,SDN,1
2023,m,74,CHL,1
2023,f,59,MMR,1
2023,f,78,KAZ,1
2023,f,45,MKD,1
2023,m,74,TKM,1
2023,m,67,KGZ,1
2023,f,89,PRT,1
2023,f,85,GEO,1
2023,f,35,FJI,1
2023,f,40,VAT,2
2023,m,135,UNKNOWN,1
2023,m,7,UGA,1
2023,m,59,BFA,1
2023,m,77,DJI,1
2023,m,13,PER,1
2023,f,95,GBR,4
2023,m,53,GAB,1
2023,m,68,YUG,1
2023,f,62,IDN,1
2023,m,79,NPL,1
2023,f,32,TTO,1
2023,f,64,PRK,1
2023,f,66,AFG,1
2023,m,58,MCO,1
2023,f,76,AFG,1
2023,m,4,NOR,2
2023,f,48,TZA,4
2023,f,21,PRY,1
2023,m,5,MAR,2
2023,m,73,BRA,3
2023,m,115,DNK,1
2023,m,96,CHE,1
2023,m,61,GMB,1
2023,m,65,UGA,1
2023,f,11,LBY,1
2023,f,9,YEM,1
2023,m,72,TZA,1
2023,m,30,CAF,2
2023,m,83,COG,1
2023,m,64,AGO,1
2023,f,70,SYR,2
2023,m,6,CMR,1
2023,m,91,CHN,1
2023,f,61,IDN,1
2023,m,62,MUS,1
2023,f,68,NGA,1
2023,m,35,KWT,1
2023,m,73,CUB,2
2023,m,44,UNKNOWN,2
2023,f,52,BOL,1
2023,m,20,SVN,1
2023,f,83,ESP,1
2023,f,50,LKA,2
2023,f,45,KOSOVO,2
2023,m,33,TON,1
2023,m,58,MNE,1
2023,m,50,ARE,1
2023,f,12,SUR,1
2023,m,48,ZMB,1
2023,f,85,IRL,1
2023,f,37,COM,1
2023,m,71,ARG,1
2023,f,16,ARG,1
2023,m,34,ISL,1
2023,m,25,NZL,1
2023,m,5,UNKNOWN,1
2023,f,16,DZA,2
2023,m,58,ZMB,1
2023,f,128,UNKNOWN,1
2023,m,98,BEL,1
2023,f,97,CAN,1
2023,m,64,URY,1
2023,f,70,PER,2
2023,f,3,IRQ,1
2023,f,37,COD,1
2023,f,6,KNA,1
2023,m,7,PAN,1
2023,f,25,PAN,1
2023,m,100,GBR,2
2023,m,44,BLZ,1
2023,f,72,GHA,1
2023,f,13,EGY,5
2023,m,97,RUS,1
2023,m,47,LUX,1
2023,f,79,LVA,2
2023,m,54,ECU,1
2023,f,81,GIN,1
2023,f,53,MOZ,1
2023,f,0,GBR,2
2023,f,89,GEO,1
2023,m,101,YUG,1
2023,f,81,CHL,1
2023,m,18,KWT,1
2023,m,81,GEO,1
2023,m,41,TGO,4
2023,f,33,KHM,1
2023,m,30,PNG,2
2023,f,35,BOL,1
2023,f,50,TZA,1
2023,m,74,NPL,1
2023,f,14,PRT,1
2023,f,7,BIH,1
2023,m,47,SLV,1
2023,f,64,AGO,1
2023,f,58,GTM,1
2023,f,24,SEN,1
2023,m,77,LVA,1
2023,f,50,SVN,2
2023,f,36,JAM,1
2023,m,110,AUS,1
2023,m,6,KOSOVO,2
2023,m,64,TJK,1
2023,f,13,JOR,1
2023,f,109,BLR,1
2023,m,24,LSO,1
2023,m,102,CAN,1
2023,f,76,IRQ,1
2023,m,80,GEO,1
2023,f,102,AUS,1
2023,f,24,AND,1
2023,m,77,SEN,1
2023,f,19,VEN,1
2023,m,7,SAU,1
2023,f,44,TUN,1
2023,m,80,ARG,2
2023,m,32,LAO,1
2023,f,20,PSE,1
2023,m,23,LAO,1
2023,f,0,ZMB,1
2023,f,15,IDN,1
2023,m,65,SDN,1
2023,f,77,IRQ,1
2023,m,10,GUY,1
2023,f,5,DOM,1
2023,f,8,ZAF,2
2023,f,91,UNKNOWN,1
2023,m,73,MEX,1
2023,m,87,BGR,3
2023,m,97,AUT,2
2023,f,47,LCA,1
2023,f,140,UNKNOWN,1
2023,f,42,SLV,1
2023,f,48,CMR,2
2023,f,51,GTM,1
2023,f,40,TGO,1
2023,m,51,MMR,1
2023,m,88,GEO,1
2023,f,44,PNG,1
2023,f,25,PSE,1
2023,m,3,HTI,1
2023,f,48,NZL,1
2023,m,93,SYR,1
2023,m,9,TKM,2
2023,m,12,KWT,1
2023,f,71,PRK,1
2023,m,71,BRA,1
2023,m,76,JOR,1
2023,m,61,KNA,1
2023,m,61,ECU,1
2023,f,51,BFA,1
2023,f,60,IRN,3
2023,m,58,UNKNOWN,1
2023,f,22,HND,1
2023,f,46,MUS,1
2023,m,74,THA,1
2023,f,39,BHR,1
2023,m,90,PRT,1
2023,f,20,DOM,1
2023,f,69,VAT,1
2023,f,47,MKD,1
2023,f,26,TTO,1
2023,f,39,ISL,1
2023,f,4,SUR,1
2023,m,1,ISR,2
2023,f,76,IDN,1
2023,f,18,ALB,1
2023,f,91,LVA,1
2023,m,36,COM,1
2023,f,31,BOL,2
2023,f,14,COG,1
2023,m,87,KAZ,1
2023,f,0,SVN,1
2023,f,67,PAK,1
2023,f,63,BGD,1
2023,f,47,MWI,1
2023,m,9,HRV,2
2023,m,4,ZAF,1
2023,f,26,SOM,2
2023,m,40,BFA,2
2023,f,73,IRL,1
2023,f,28,YUG,1
2023,m,13,TZA,1
2023,f,42,CHL,2
2023,m,45,PAN,1
2023,m,120,BGR,1
2023,m,19,ZMB,2
2023,m,35,BDI,2
2023,f,52,YEM,2
2023,m,54,BFA,1
2023,f,91,CHE,1
2023,f,13,THA,1
2023,f,4,AGO,1
2023,m,55,ISL,3
2023,f,86,ECU,1
2023,m,28,URY,1
2023,f,22,ZMB,1
2023,f,16,PAN,1
2023,f,74,IRQ,1
2023,m,9,MYS,1
2023,f,61,TUN,1
2023,m,22,DJI,1
2023,m,96,ARM,1
2023,m,67,DOM,1
2023,m,7,PER,1
2023,m,4,LAO,1
2023,f,9,MAR,1
2023,m,79,KAZ,1
2023,f,29,SUR,1
2023,f,95,HUN,1
2023,m,22,KNA,1
2023,m,36,BDI,1
2023,m,46,ERI,1
2023,f,39,UNKNOWN,1
2023,f,69,YUG,1
2023,m,63,BLZ,1
2023,f,21,CRI,1
2023,m,38,URY,1
2023,f,69,TZA,1
2023,f,90,CHE,1
2023,m,78,MKD,1
2023,f,55,NZL,1
2023,m,2,NOR,1
2023,f,71,CMR,2
2023,m,88,LBN,1
2023,m,94,SAU,1
2023,f,48,JOR,1
2023,m,86,ROU,1
2023,m,21,HTI,1
2023,m,45,KHM,1
2023,m,51,HND,2
2023,f,39,YUG,2
2023,m,38,SOM,2
2023,f,77,UNKNOWN,1
2023,f,40,SGP,2
2023,f,49,UNKNOWN,2
2023,f,42,GMB,1
2023,f,63,MUS,1
2023,m,92,EGY,1
2023,m,25,CPV,1
2023,f,41,CYP,1
2023,m,102,RUS,1
2023,f,104,NZL,1
2023,f,75,HRV,2
2023,f,71,AZE,2
2023,f,22,PRY,1
2023,f,46,COD,1
2023,m,8,ERI,1
2023,m,106,UNKNOWN,1
2023,f,56,SAU,1
2023,m,0,PER,1
2023,f,69,UNKNOWN,2
2023,f,52,LKA,1
2023,f,4,COL,1
2023,m,34,KNA,1
2023,f,43,SDN,1
2023,m,45,LBR,1
2023,m,37,TTO,1
2023,f,11,EST,1
2023,f,89,MDA,1
2023,f,64,AFG,1
2023,f,46,TTO,1
2023,m,17,MYS,1
2023,m,73,MKD,1
2023,f,112,ISR,1
2023,f,84,FIN,1
2023,f,46,SLV,1
2023,m,49,GUY,1
2023,m,37,YUG,1
2023,f,102,AUT,1
2023,f,2,CHL,1
2023,f,11,ETH,1
2023,m,45,ZMB,1
2023,m,36,ERI,1
2023,m,48,GMB,1
2023,f,37,HTI,1
2023,f,61,NPL,1
2023,m,58,CYP,1
2023,m,1,SDN,1
2023,f,36,BEN,1
2023,m,12,UGA,1
2023,f,78,TJK,1
2023,f,89,CHE,1
2023,m,24,NAM,3
2023,m,22,MLT,1
2023,f,50,UGA,1
2023,m,90,SVN,1
2023,f,93,ITA,1
2023,m,70,SAU,1
2023,f,109,LVA,1
2023,m,14,MUS,1
2023,f,65,LBN,1
2023,f,69,IRQ,1
2023,m,108,FRA,1
2023,f,114,CHE,1
2023,m,17,MNE,1
2023,f,97,BEL,1
2023,m,22,CRI,1
2023,m,23,STP,1
2023,m,92,SRB,1
2023,f,85,NLD,1
2023,m,80,NGA,1
2023,m,8,AGO,1
2023,m,71,ECU,1
2023,f,63,SRB,3
2023,m,92,UNKNOWN,2
2023,f,9,RWA,1
2023,f,34,COD,2
2023,m,45,VUT,1
2023,f,15,LBY,1
2023,f,73,AZE,1
2023,m,30,MLI,1
2023,m,51,UNKNOWN,1
2023,f,43,UNKNOWN,1
2023,f,27,SSD,1
2023,f,70,IRN,1
2023,m,38,MWI,1
2023,m,39,COD,1
2023,f,82,ECU,1
2023,m,1,PSE,1
2023,m,75,VEN,1
2023,m,10,PAN,1
2023,f,2,AUT,1
2023,f,30,MDG,1
2023,f,88,SRB,1
2023,m,61,GTM,1
2023,f,29,SDN,1
2023,f,54,BLZ,1
2023,f,17,YEM,1
2023,f,116,AUT,1
2023,m,41,DOM,2
2023,m,24,CPV,1
2023,m,119,MEX,1
2023,m,5,GAB,1
2023,f,64,PRT,1
2023,m,9,KEN,1
2023,f,59,NAM,1
2023,f,35,JAM,1
2023,m,36,MRT,1
2023,f,2,BIH,1
2023,m,77,KAZ,1
2023,f,18,PER,3
2023,m,65,LIE,1
2023,m,21,NZL,1
2023,m,106,CAN,1
2023,m,79,PRK,1
2023,m,60,GIN,1
2023,m,75,TWN,1
2023,m,1,COG,1
2023,f,4,AUS,1
2023,f,22,LUX,1
2023,f,39,JAM,1
2023,f,112,UNKNOWN,1
2023,m,22,OMN,1
2023,m,79,NZL,1
2023,f,46,GIN,1
2023,f,7,EST,1
2023,m,45,GMB,1
2023,f,34,BDI,1
2023,m,56,BDI,1
2023,f,54,MKD,1
2023,m,56,SLE,1
2023,f,16,THA,1
2023,f,26,YUG,1
2023,f,54,SYC,1
2023,f,53,LKA,1
2023,m,58,KNA,1
2023,f,101,GBR,5
2023,f,54,UGA,1
2023,f,100,LTU,1
2023,f,15,TGO,1
2023,f,86,IDN,1
2023,m,77,CYP,1
2023,m,27,MLT,2
2023,m,78,KWT,1
2023,m,25,SGP,1
2023,f,111,UNKNOWN,1
2023,m,84,JPN,1
2023,f,69,AZE,2
2023,m,13,BIH,1
2023,m,44,SGP,2
2023,m,65,TGO,1
2023,m,96,KAZ,1
2023,f,84,GEO,1
2023,f,114,UNKNOWN,1
2023,f,46,MKD,1
2023,m,6,MYS,1
2023,m,109,CAN,3
2023,f,78,IRL,1
2023,f,50,NZL,1
2023,m,37,UNKNOWN,1
2023,m,26,TTO,1
2023,f,62,UNKNOWN,1
2023,m,4,SDN,1
2023,f,103,NLD,1
2023,m,44,SLV,1
2023,f,90,ESP,1
2023,f,52,PER,1
2023,m,18,HRV,1
2023,m,84,YUG,1
2023,m,135,USA,1
2023,m,65,MDG,1
2023,m,39,MLI,1
2023,f,30,NZL,1
2023,m,73,VAT,1
2023,f,27,COM,2
2023,m,3,SAU,1
2023,m,67,MNE,1
2023,f,50,PRY,1
2023,f,73,ROU,1
2023,m,36,UNKNOWN,1
2023,f,27,GMB,1
2023,m,47,UNKNOWN,1
2023,f,53,OMN,1
2023,m,64,COD,2
2023,f,20,HND,2
2023,m,71,VAT,1
2023,m,57,SEN,2
2023,f,52,SGP,2
2023,f,17,IDN,1
2023,f,78,BEL,1
2023,f,65,CHL,1
2023,m,51,LBR,1
2023,f,66,UGA,1
2023,f,107,LTU,1
2023,m,1,MUS,1
2023,f,59,HRV,1
2023,m,56,PRY,1
2023,f,77,COL,1
2023,m,10,CUB,1
2023,m,14,BOL,1
2023,f,60,YUG,1
2023,f,10,FIN,1
2023,m,37,VCT,1
2023,f,82,PRT,1
2023,m,51,KWT,1
2023,m,69,UZB,1
2023,f,52,CIV,1
2023,f,0,COG,1
2023,m,16,ZWE,1
2023,f,62,PER,1
2023,f,95,ESP,1
2023,f,6,MEX,1
2023,f,66,TJK,1
2023,f,18,LBY,1
2023,m,35,HTI,1
2023,f,41,UNKNOWN,1
2023,f,47,MLI,1
2023,f,64,IRN,1
2023,m,24,KNA,1
2023,f,66,BOL,1
2023,m,115,BRA,1
2023,f,62,BIH,1
2023,f,96,DNK,1
2023,m,24,QAT,1
2023,f,68,AFG,1
2023,m,11,ZAF,1
2023,f,23,LKA,1
2023,m,56,TZA,1
2023,m,60,NER,1
2023,f,15,BIH,1
2023,m,4,UNKNOWN,1
2023,f,30,SLV,1
2023,f,79,NOR,1
2023,f,10,LBN,1
2023,f,4,NAM,1
2023,f,71,MEX,1
2023,m,66,KEN,1
2023,m,6,RWA,1
2023,f,17,SEN,1
2023,m,90,YUG,2
2023,f,9,TUN,1
2023,m,6,GAB,1
2023,f,77,NZL,1
2023,f,11,MAR,1
2023,f,71,YUG,2
2023,m,89,AFG,1
2023,m,67,UZB,3
2023,f,13,TWN,1
2023,f,50,YUG,1
2023,f,7,KOSOVO,1
2023,m,42,ISL,1
2023,f,81,MKD,1
2023,f,70,TWN,1
2023,m,48,YUG,2
2023,f,49,ERI,1
2023,f,10,BOL,1
2023,f,104,CHN,1
2023,f,56,BOL,2
2023,m,19,NER,1
2023,f,23,TTO,1
2023,f,68,PSE,1
2023,f,68,LBY,1
2023,m,35,TGO,1
2023,f,0,MYS,1
2023,m,79,HRV,1
2023,m,89,CAN,1
2023,m,3,GTM,1
2023,m,15,TKM,1
2023,m,13,MKD,1
2023,m,47,DOM,1
2023,f,88,ROU,1
2023,f,24,PNG,1
2023,m,20,YUG,1
2023,f,24,ARE,1
2023,m,61,COM,1
2023,m,129,GBR,1
2023,m,116,UKR,1
2023,m,50,UGA,1
2023,m,89,YUG,1
2023,m,21,ISL,1
2023,f,116,CAN,1
2023,f,53,LBN,1
2023,f,101,ITA,2
2023,f,40,YUG,1
2023,m,105,ITA,1
2023,f,81,ISR,1
2023,m,47,UNKNOWN,1
2023,m,41,KWT,1
2023,f,83,YEM,1
2023,f,115,UKR,1
2023,m,38,UNKNOWN,1
2023,m,14,LKA,1
2023,f,33,QAT,1
2023,f,10,BIH,1
2023,m,122,CAN,1
2023,m,72,EST,1
2023,f,118,FRA,1
2023,m,8,MKD,1
2023,m,57,UNKNOWN,1
2023,m,27,JAM,1
2023,f,14,AGO,1
2023,m,9,MOZ,1
2023,f,50,ALB,1
2023,m,14,JOR,1
2023,f,31,BTN,1
2023,f,92,ESP,2
2023,m,22,SMR,1
2023,f,56,YEM,1
2023,m,53,OMN,1
2023,f,10,LBY,2
2023,m,84,LBN,1
2023,m,33,VAT,1
2023,m,71,AZE,2
2023,m,95,KOR,1
2023,f,106,BGR,1
2023,m,82,IRL,1
2023,m,52,VAT,1
2023,m,52,BRN,1
2023,f,17,BRN,1
2023,f,52,CRI,1
2023,m,37,ISL,1
2023,f,7,SGP,1
2023,f,25,CIV,1
2023,m,59,PAN,1
2023,f,1,CUB,2
2023,m,67,CMR,1
2023,m,69,GHA,1
2023,m,106,UKR,1
2023,f,11,HND,1
2023,m,82,MAR,1
2023,m,58,GIN,1
2023,f,31,NIC,1
2023,m,108,CZE,1
2023,m,90,HRV,1
2023,f,62,TWN,1
2023,f,54,LUX,1
2023,f,43,ERI,1
2023,f,75,TKM,1
2023,m,44,URY,1
2023,f,39,MMR,1
2023,f,62,JOR,1
2023,f,71,LBY,1
2023,f,118,BLR,1
2023,m,16,AGO,1
2023,f,89,USA,3
2023,f,15,DMA,1
2023,f,36,NER,1
2023,f,64,YEM,1
2023,f,37,KHM,1
2023,f,35,LBY,1
2023,f,91,VNM,1
2023,m,81,MDA,1
2023,m,10,GNQ,1
2023,m,35,BRN,1
2023,f,103,GBR,1
2023,m,30,GUY,1
2023,m,62,PAN,1
2023,m,85,NGA,1
2023,m,78,SYR,3
2023,m,94,BEL,1
2023,m,53,DOM,1
2023,f,83,UZB,1
2023,f,43,PRY,2
2023,f,54,MMR,1
2023,f,35,SDN,1
2023,f,59,KNA,1
2023,m,113,CHE,1
2023,f,31,GMB,1
2023,m,87,UNKNOWN,1
2023,m,33,SOM,1
2023,m,25,ERI,1
2023,m,38,HTI,1
2023,m,29,YUG,1
2023,f,1,RWA,2
2023,m,83,TUR,1
2023,f,22,BRB,1
2023,m,16,CUB,1
2023,f,32,NAM,2
2023,m,81,AGO,1
2023,m,39,SUR,1
2023,f,70,CMR,1
2023,f,63,ZAF,1
2023,m,68,SEN,1
2023,m,40,MRT,1
2023,m,56,MNE,1
2023,m,69,NZL,1
2023,f,6,HTI,1
2023,m,102,UKR,1
2023,f,53,GHA,1
2023,m,63,PRY,1
2023,f,81,LKA,1
2023,f,44,ISL,1
2023,m,51,AGO,1
2023,f,58,MAR,1
2023,m,21,MWI,1
2023,f,11,YEM,1
2023,m,16,MAR,1
2023,f,25,YUG,1
2023,f,75,NOR,1
2023,f,46,MLT,1
2023,m,20,NZL,1
2023,f,64,MNE,1
2023,m,103,UNKNOWN,1
2023,f,31,CHL,1
2023,f,43,HTI,1
2023,f,84,MDA,1
2023,f,66,COD,1
2023,m,86,ISR,1
2023,m,10,MAR,1
2023,f,63,EST,1
2023,f,1,SLV,1
2023,f,69,ZAF,1
2023,f,21,MLI,1
2023,m,55,BOL,1
2023,m,118,UNKNOWN,1
2023,m,45,LAO,1
2023,f,67,SRB,1
2023,m,70,COG,1
2023,m,68,PAN,1
2023,m,51,DMA,1
2023,f,44,BIH,1
2023,f,69,SVN,1
2023,f,88,NOR,1
2023,f,67,IRN,1
2023,m,85,CHL,1
2023,f,51,JOR,1
2023,f,36,NAM,1
2023,m,10,FIN,2
2023,f,69,SRB,1
2023,m,8,BIH,1
2023,m,85,CZE,1
2023,f,6,UNKNOWN,1
2023,f,0,SYR,2
2023,m,76,YUG,1
2023,f,92,VEN,1
2023,m,18,NER,1
2023,f,18,MLI,1
2023,f,120,FRA,1
2023,f,101,CHE,1
2023,m,10,NER,1
2023,m,26,BHR,1
2023,m,61,TZA,1
2023,m,35,TCD,1
2023,m,71,ZAF,1
2023,m,73,URY,1
2023,m,31,TGO,1
2023,m,17,TKM,1
2023,f,79,SYR,1
2023,f,55,BGD,1
2023,m,1,PAN,1
2023,m,26,BLZ,1
2023,m,33,MOZ,1
2023,m,61,AND,1
2023,m,91,ISR,1
2023,f,74,NOR,1
2023,f,21,GAB,1
2023,m,25,SYC,1
2023,f,53,SDN,1
2023,m,47,SDN,1
2023,m,5,SRB,1
2023,f,53,MDG,1
2023,m,21,CIV,1
2023,f,56,EST,2
2023,f,2,ALB,1
2023,f,13,KOSOVO,1
2023,m,15,NGA,1
2023,m,78,UNKNOWN,1
2023,m,65,AND,1
2023,m,95,EGY,1
2023,f,26,SYC,1
2023,f,18,TKM,1
2023,m,116,USA,2
2023,m,30,MUS,1
2023,m,78,GTM,1
2023,f,20,NER,1
2023,m,84,MNE,1
2023,f,61,PER,1
2023,m,56,LAO,1
2023,f,63,ECU,1
2023,m,23,BWA,1
2023,f,30,SDN,1
2023,m,11,SGP,1
2023,f,15,ETH,1
2023,m,55,SDN,1
2023,m,74,LBY,1
2023,m,45,MRT,1
2023,m,46,DMA,1
2023,m,11,MUS,1
2023,m,21,BOL,1
2023,m,41,SUR,1
2023,f,27,BTN,1
2023,f,11,SLV,1
2023,m,60,ZMB,1
2023,m,32,SMR,1
2023,f,80,MNG,1
2023,m,79,TUN,1
2023,m,1,AGO,2
2023,f,61,YUG,1
2023,f,1,IRQ,1
2023,f,92,IND,1
2023,f,55,UNKNOWN,1
2023,m,91,CHL,1
2023,f,65,AND,1
2023,m,50,YEM,1
2023,f,28,SLE,1
2023,m,82,LUX,1
2023,m,46,SGP,1
2023,f,86,BEL,1
2023,f,23,BLZ,1
2023,m,104,BEL,1
2023,f,73,ZAF,1
2023,m,93,YUG,1
2023,m,9,ZAF,1
2023,f,96,HRV,1
2023,f,74,IRN,1
2023,m,10,VEN,1
2023,m,57,NER,1
2023,m,16,EST,1
2023,m,82,AZE,1
2023,f,12,GMB,1
2023,f,54,YUG,1
2023,m,53,SAU,1
2023,f,63,BRA,1
2023,m,89,ISR,1
2023,f,1,SRB,1
2023,m,30,MLT,2
2023,m,8,CUB,1
2023,m,62,KEN,1
2023,f,1,KOSOVO,1
2023,f,100,YUG,1
2023,m,54,TZA,1
2023,f,32,SOM,1
2023,m,24,BEN,1
2023,f,40,SUR,1
2023,f,92,ARM,1
2023,m,129,UNKNOWN,1
2023,f,58,SGP,2
2023,m,93,PER,1
2023,f,47,HND,1
2023,m,55,UGA,1
2023,f,23,URY,1
2023,m,10,ALB,1
2023,f,47,NAM,1
2023,m,37,PRY,1
2023,f,61,NAM,1
2023,m,59,CIV,1
2023,m,58,YUG,1
2023,f,14,EST,1
2023,m,17,UNKNOWN,1
2023,f,33,BHR,1
2023,m,9,VEN,1
2023,f,20,ATG,1
2023,m,112,SWE,1
2023,m,18,LBR,1
2023,f,17,SVN,1
2023,m,63,MLT,1
2023,m,84,KEN,1
2023,m,100,ITA,1
2023,f,28,SYC,1
2023,m,21,SUR,1
2023,m,7,MYS,1
2023,m,84,AUS,1
2023,f,86,JPN,1
2023,m,39,BHR,1
2023,f,6,LVA,1
2023,m,68,PER,1
2023,f,77,KOR,1
2023,f,30,PNG,1
2023,m,98,IND,1
2023,m,61,NPL,1
2023,m,47,RWA,1
2023,m,75,BIH,1
2023,f,45,TZA,1
2023,m,101,CUB,1
2023,m,74,EST,1
2023,m,40,GRD,1
2023,f,26,GMB,1
2023,f,76,MYS,1
2023,m,46,TGO,1
2023,m,88,UNKNOWN,1
2023,m,85,PRT,1
2023,f,23,GMB,1
2023,f,25,PRK,1
2023,m,34,LSO,1
2023,f,40,SLE,1
2023,f,78,DZA,1
2023,m,71,PAN,1
2023,m,89,SRB,1
2023,m,46,ZMB,1
2023,f,15,SAU,1
2023,m,6,VEN,1
2023,f,50,GHA,1
2023,f,116,ESP,1
2023,f,57,JOR,1
2023,f,14,NPL,1
2023,f,87,ZAF,1
2023,m,39,KHM,1
2023,f,12,AGO,1
2023,f,10,ALB,1
2023,f,88,CAN,1
2023,m,21,NIC,1
2023,f,101,KAZ,1
2023,m,51,LIE,1
2023,m,108,UKR,1
2023,m,80,MAR,1
2023,f,1,MKD,1
2023,f,115,UNKNOWN,1
2023,f,29,MLT,1
2023,m,82,MEX,1
2023,f,65,BHR,1
2023,f,23,MCO,1
2023,f,106,UNKNOWN,1
2023,m,49,LUX,1
2023,m,35,ATG,1
2023,m,132,USA,1
2023,m,115,GRC,2
2023,m,124,YUG,1
2023,f,2,COG,1
2023,f,84,ESP,1
2023,f,3,BIH,1
2023,m,0,NER,1
2023,f,75,CYP,1
2023,f,17,NZL,1
2023,f,64,LBY,1
2023,m,45,CPV,1
2023,f,27,TTO,1
2023,m,51,SLV,1
2023,f,40,LBY,1
2023,f,12,GHA,1
2023,m,23,VCT,1
2023,m,1,LBN,1
2023,m,60,ISL,1
2023,m,81,SDN,1
2023,f,79,MKD,1
2023,m,0,TZA,1
2023,m,31,SSD,1
2023,m,54,MWI,1
2023,f,38,COD,1
2023,m,41,BHR,1
2023,f,22,MLI,1
2023,f,39,CIV,1
2023,m,48,TTO,1
2023,m,20,KHM,1
2023,f,24,GIN,1
2023,m,53,KWT,1
2023,f,99,LVA,1
2023,f,64,CYP,1
2023,f,40,MDG,1
2023,m,53,ZMB,1
2023,m,45,NER,1
2023,f,52,ETH,1
2023,f,72,SVN,1
2023,m,92,MDA,1
2023,m,53,BRN,1
2023,f,52,ECU,1
2023,f,41,SAU,1
2023,m,82,AFG,1
2023,m,64,CHL,1
2023,f,56,JOR,1
2023,m,18,COD,1
2023,f,38,BFA,1
2023,m,90,ROU,1
2023,f,56,LUX,1
2023,f,86,IRL,1
2023,m,106,UNKNOWN,1
2023,f,52,CYP,1
2023,f,16,AUT,1