year,month,citizenship,sex,category,count
2010,4,DZA,m,temporary,3
2010,4,ARM,m,temporary,9
2010,4,AUS,m,temporary,2
2010,4,BGD,m,temporary,1
2010,4,BLR,m,temporary,9
2010,4,BGR,m,temporary,33
2010,4,CHN,m,temporary,1
2010,4,HRV,m,temporary,2
2010,4,CZE,m,temporary,4
2010,4,DNK,m,temporary,1
2010,4,EST,m,temporary,1
2010,4,FRA,m,temporary,2
2010,4,GRC,m,temporary,1
2010,4,GEO,m,temporary,17
2010,4,NLD,m,temporary,7
2010,4,IND,m,temporary,1
2010,4,IRQ,m,temporary,1
2010,4,ISR,m,temporary,2
2010,4,CMR,m,temporary,3
2010,4,COL,m,temporary,6
2010,4,COG,m,temporary,1
2010,4,CUB,m,temporary,1
2010,4,LBN,m,temporary,2
2010,4,LTU,m,temporary,20
2010,4,LVA,m,temporary,3
2010,4,MAR,m,temporary,1
2010,4,MDA,m,temporary,2
2010,4,DEU,m,temporary,18
2010,4,NGA,m,temporary,6
2010,4,PAK,m,temporary,1
2010,4,PRY,m,temporary,1
2010,4,ZAF,m,temporary,1
2010,4,RUS,m,temporary,24
2010,4,ROU,m,temporary,25
2010,4,SVK,m,temporary,1
2010,4,SVN,m,temporary,1
2010,4,SWE,m,temporary,3
2010,4,TJK,m,temporary,1
2010,4,TUR,m,temporary,2
2010,4,UKR,m,temporary,30
2010,4,UZB,m,temporary,1
2010,4,HUN,m,temporary,2
2010,4,GBR,m,temporary,2
2010,4,VNM,m,temporary,33
2010,4,ITA,m,temporary,3
2010,4,ZMB,m,temporary,1
2010,4,"",m,temporary,1
2010,4,AFG,m,convicted,1
2010,4,DZA,m,convicted,1
2010,4,ARM,m,convicted,25
2010,4,AZE,m,convicted,2
2010,4,BLR,m,convicted,20
2010,4,BGR,m,convicted,18
2010,4,CHN,m,convicted,1
2010,4,HRV,m,convicted,1
2010,4,CZE,m,convicted,6
2010,4,DNK,m,convicted,1
2010,4,FRA,m,convicted,1
2010,4,GRC,m,convicted,2
2010,4,GEO,m,convicted,5
2010,4,NLD,m,convicted,3
2010,4,IRN,m,convicted,1
2010,4,KAZ,m,convicted,2
2010,4,LTU,m,convicted,11
2010,4,LVA,m,convicted,3
2010,4,MKD,m,convicted,1
2010,4,MAR,m,convicted,1
2010,4,MDA,m,convicted,6
2010,4,DEU,m,convicted,17
2010,4,NGA,m,convicted,2
2010,4,PAK,m,convicted,4
2010,4,PRT,m,convicted,1
2010,4,RUS,m,convicted,22
2010,4,ROU,m,convicted,14
2010,4,SRB,m,convicted,1
2010,4,SVK,m,convicted,1
2010,4,SYR,m,convicted,1
2010,4,CHE,m,convicted,1
2010,4,SWE,m,convicted,1
2010,4,TUR,m,convicted,5
2010,4,TKM,m,convicted,1
2010,4,UKR,m,convicted,75
2010,4,USA,m,convicted,1
2010,4,HUN,m,convicted,1
2010,4,GBR,m,convicted,3
2010,4,VNM,m,convicted,5
2010,4,"",m,convicted,1
2010,4,"",m,convicted,1
2010,4,ARM,m,punished,1
2010,4,MKD,m,punished,1
2010,4,DEU,m,punished,1
2010,4,ROU,m,punished,1
2010,4,ARM,f,temporary,1
2010,4,BGR,f,temporary,7
2010,4,LVA,f,temporary,1
2010,4,PRY,f,temporary,1
2010,4,RUS,f,temporary,2
2010,4,ROU,f,temporary,2
2010,4,UKR,f,temporary,4
2010,4,VNM,f,temporary,2
2010,4,BEL,f,convicted,1
2010,4,BLR,f,convicted,3
2010,4,LTU,f,convicted,1
2010,4,RUS,f,convicted,1
2010,4,ROU,f,convicted,1
2010,4,UKR,f,convicted,1
2010,5,ALB,m,temporary,1
2010,5,DZA,m,temporary,3
2010,5,ARM,m,temporary,9
2010,5,AUS,m,temporary,1
2010,5,AUT,m,temporary,1
2010,5,BGD,m,temporary,1
2010,5,BEL,m,temporary,2
2010,5,BLR,m,temporary,11
2010,5,BGR,m,temporary,28
2010,5,CHN,m,temporary,1
2010,5,HRV,m,temporary,2
2010,5,CZE,m,temporary,5
2010,5,DNK,m,temporary,1
2010,5,EST,m,temporary,1
2010,5,FRA,m,temporary,2
2010,5,GRC,m,temporary,1
2010,5,GEO,m,temporary,17
2010,5,NLD,m,temporary,7
2010,5,IND,m,temporary,1
2010,5,IRQ,m,temporary,1
2010,5,ISR,m,temporary,2
2010,5,CMR,m,temporary,3
2010,5,COL,m,temporary,6
2010,5,COG,m,temporary,1
2010,5,CUB,m,temporary,1
2010,5,LBN,m,temporary,1
2010,5,LBY,m,temporary,1
2010,5,LTU,m,temporary,17
2010,5,LVA,m,temporary,4
2010,5,MAR,m,temporary,1
2010,5,MDA,m,temporary,2
2010,5,MNG,m,temporary,1
2010,5,DEU,m,temporary,19
2010,5,NGA,m,temporary,7
2010,5,PAK,m,temporary,1
2010,5,PRY,m,temporary,1
2010,5,ZAF,m,temporary,1
2010,5,RUS,m,temporary,19
2010,5,ROU,m,temporary,28
2010,5,SVK,m,temporary,1
2010,5,SVN,m,temporary,1
2010,5,SYR,m,temporary,1
2010,5,SWE,m,temporary,3
2010,5,TJK,m,temporary,1
2010,5,TUR,m,temporary,2
2010,5,UKR,m,temporary,24
2010,5,USA,m,temporary,1
2010,5,UZB,m,temporary,1
2010,5,HUN,m,temporary,3
2010,5,VNM,m,temporary,35
2010,5,ITA,m,temporary,3
2010,5,ZMB,m,temporary,1
2010,5,"",m,temporary,1
2010,5,AFG,m,convicted,1
2010,5,DZA,m,convicted,1
2010,5,ARM,m,convicted,27
2010,5,AZE,m,convicted,2
2010,5,BLR,m,convicted,19
2010,5,BGR,m,convicted,16
2010,5,CHN,m,convicted,1
2010,5,HRV,m,convicted,1
2010,5,CZE,m,convicted,6
2010,5,DNK,m,convicted,1
2010,5,FRA,m,convicted,1
2010,5,GRC,m,convicted,2
2010,5,GEO,m,convicted,5
2010,5,NLD,m,convicted,3
2010,5,IRN,m,convicted,1
2010,5,KAZ,m,convicted,2
2010,5,LTU,m,convicted,12
2010,5,LVA,m,convicted,3
2010,5,MKD,m,convicted,1
2010,5,MAR,m,convicted,1
2010,5,MDA,m,convicted,5
2010,5,DEU,m,convicted,19
2010,5,NGA,m,convicted,2
2010,5,PAK,m,convicted,4
2010,5,RUS,m,convicted,29
2010,5,ROU,m,convicted,11
2010,5,SRB,m,convicted,1
2010,5,SVK,m,convicted,1
2010,5,SYR,m,convicted,1
2010,5,CHE,m,convicted,1
2010,5,SWE,m,convicted,1
2010,5,TUR,m,convicted,6
2010,5,TKM,m,convicted,1
2010,5,UKR,m,convicted,70
2010,5,USA,m,convicted,1
2010,5,HUN,m,convicted,2
2010,5,GBR,m,convicted,3
2010,5,VNM,m,convicted,6
2010,5,"",m,convicted,1
2010,5,ROU,m,punished,1
2010,5,ARM,f,temporary,1
2010,5,BGR,f,temporary,4
2010,5,PRY,f,temporary,1
2010,5,RUS,f,temporary,2
2010,5,ROU,f,temporary,1
2010,5,UKR,f,temporary,3
2010,5,VNM,f,temporary,2
2010,5,BEL,f,convicted,1
2010,5,BLR,f,convicted,2
2010,5,LTU,f,convicted,2
2010,5,RUS,f,convicted,1
2010,5,ROU,f,convicted,2
2010,5,UKR,f,convicted,1
2010,6,ALB,m,temporary,1
2010,6,DZA,m,temporary,2
2010,6,ARM,m,temporary,11
2010,6,AUS,m,temporary,1
2010,6,BGD,m,temporary,1
2010,6,BEL,m,temporary,2
2010,6,BLR,m,temporary,11
2010,6,BGR,m,temporary,30
2010,6,CHN,m,temporary,1
2010,6,HRV,m,temporary,2
2010,6,CZE,m,temporary,3
2010,6,EST,m,temporary,1
2010,6,FRA,m,temporary,2
2010,6,GRC,m,temporary,1
2010,6,GEO,m,temporary,11
2010,6,ESP,m,temporary,1
2010,6,NLD,m,temporary,5
2010,6,IND,m,temporary,1
2010,6,IRQ,m,temporary,1
2010,6,ISR,m,temporary,3
2010,6,CMR,m,temporary,3
2010,6,CAN,m,temporary,1
2010,6,COL,m,temporary,7
2010,6,COG,m,temporary,1
2010,6,CUB,m,temporary,1
2010,6,LBN,m,temporary,1
2010,6,LBY,m,temporary,1
2010,6,LTU,m,temporary,18
2010,6,LVA,m,temporary,3
2010,6,MAR,m,temporary,1
2010,6,MDA,m,temporary,2
2010,6,MNG,m,temporary,1
2010,6,DEU,m,temporary,16
2010,6,NGA,m,temporary,7
2010,6,PAK,m,temporary,3
2010,6,PSE,m,temporary,1
2010,6,PRY,m,temporary,1
2010,6,ZAF,m,temporary,1
2010,6,RUS,m,temporary,20
2010,6,ROU,m,temporary,33
2010,6,SRB,m,temporary,1
2010,6,SVK,m,temporary,2
2010,6,SVN,m,temporary,1
2010,6,SYR,m,temporary,1
2010,6,CHE,m,temporary,1
2010,6,SWE,m,temporary,3
2010,6,TJK,m,temporary,1
2010,6,TUR,m,temporary,3
2010,6,UKR,m,temporary,28
2010,6,USA,m,temporary,1
2010,6,UZB,m,temporary,1
2010,6,HUN,m,temporary,2
2010,6,VNM,m,temporary,49
2010,6,ITA,m,temporary,3
2010,6,ZMB,m,temporary,1
2010,6,"",m,temporary,1
2010,6,AFG,m,convicted,1
2010,6,DZA,m,convicted,1
2010,6,ARM,m,convicted,25
2010,6,AZE,m,convicted,2
2010,6,BLR,m,convicted,22
2010,6,BGR,m,convicted,14
2010,6,CHN,m,convicted,1
2010,6,HRV,m,convicted,1
2010,6,CZE,m,convicted,7
2010,6,FRA,m,convicted,1
2010,6,GRC,m,convicted,2
2010,6,GEO,m,convicted,4
2010,6,ESP,m,convicted,1
2010,6,NLD,m,convicted,3
2010,6,IRN,m,convicted,1
2010,6,ISR,m,convicted,1
2010,6,KAZ,m,convicted,2
2010,6,LTU,m,convicted,15
2010,6,LVA,m,convicted,3
2010,6,MKD,m,convicted,2
2010,6,MAR,m,convicted,1
2010,6,MDA,m,convicted,5
2010,6,DEU,m,convicted,18
2010,6,NGA,m,convicted,2
2010,6,PAK,m,convicted,4
2010,6,RUS,m,convicted,31
2010,6,ROU,m,convicted,13
2010,6,SRB,m,convicted,1
2010,6,SVK,m,convicted,1
2010,6,SYR,m,convicted,1
2010,6,SWE,m,convicted,1
2010,6,TUR,m,convicted,9
2010,6,TKM,m,convicted,1
2010,6,UKR,m,convicted,63
2010,6,USA,m,convicted,1
2010,6,HUN,m,convicted,2
2010,6,GBR,m,convicted,3
2010,6,VNM,m,convicted,7
2010,6,"",m,convicted,1
2010,6,LTU,m,punished,1
2010,6,ARM,f,temporary,1
2010,6,ESP,f,temporary,1
2010,6,PRY,f,temporary,1
2010,6,RUS,f,temporary,1
2010,6,ROU,f,temporary,1
2010,6,SVK,f,temporary,1
2010,6,SWE,f,temporary,1
2010,6,UKR,f,temporary,2
2010,6,VNM,f,temporary,2
2010,6,BEL,f,convicted,1
2010,6,BLR,f,convicted,2
2010,6,LTU,f,convicted,2
2010,6,ROU,f,convicted,2
2010,6,UKR,f,convicted,2
2010,7,ALB,m,temporary,1
2010,7,DZA,m,temporary,2
2010,7,ARM,m,temporary,9
2010,7,AUS,m,temporary,1
2010,7,BGD,m,temporary,1
2010,7,BEL,m,temporary,2
2010,7,BLR,m,temporary,11
2010,7,BGR,m,temporary,29
2010,7,CHN,m,temporary,1
2010,7,HRV,m,temporary,2
2010,7,CZE,m,temporary,3
2010,7,FRA,m,temporary,1
2010,7,GRC,m,temporary,1
2010,7,GEO,m,temporary,13
2010,7,ESP,m,temporary,1
2010,7,NLD,m,temporary,5
2010,7,IND,m,temporary,1
2010,7,IRQ,m,temporary,1
2010,7,ISR,m,temporary,3
2010,7,CMR,m,temporary,3
2010,7,COL,m,temporary,7
2010,7,COG,m,temporary,1
2010,7,CUB,m,temporary,1
2010,7,LBN,m,temporary,1
2010,7,LTU,m,temporary,18
2010,7,LVA,m,temporary,2
2010,7,MAR,m,temporary,1
2010,7,MDA,m,temporary,3
2010,7,MNG,m,temporary,1
2010,7,DEU,m,temporary,18
2010,7,NGA,m,temporary,5
2010,7,PAK,m,temporary,3
2010,7,PRY,m,temporary,1
2010,7,RUS,m,temporary,18
2010,7,ROU,m,temporary,30
2010,7,SRB,m,temporary,1
2010,7,SVK,m,temporary,2
2010,7,SVN,m,temporary,1
2010,7,SYR,m,temporary,1
2010,7,CHE,m,temporary,1
2010,7,SWE,m,temporary,2
2010,7,TJK,m,temporary,1
2010,7,TUR,m,temporary,4
2010,7,UKR,m,temporary,23
2010,7,USA,m,temporary,1
2010,7,HUN,m,temporary,2
2010,7,VNM,m,temporary,47
2010,7,ITA,m,temporary,2
2010,7,ZMB,m,temporary,1
2010,7,"",m,temporary,1
2010,7,"",m,temporary,1
2010,7,AFG,m,convicted,1
2010,7,DZA,m,convicted,1
2010,7,ARM,m,convicted,22
2010,7,AZE,m,convicted,2
2010,7,BLR,m,convicted,21
2010,7,BGR,m,convicted,19
2010,7,CHN,m,convicted,1
2010,7,HRV,m,convicted,1
2010,7,CZE,m,convicted,7
2010,7,FRA,m,convicted,2
2010,7,GRC,m,convicted,2
2010,7,GEO,m,convicted,5
2010,7,ESP,m,convicted,1
2010,7,NLD,m,convicted,1
2010,7,IRN,m,convicted,1
2010,7,ISR,m,convicted,2
2010,7,KAZ,m,convicted,2
2010,7,LTU,m,convicted,15
2010,7,LVA,m,convicted,4
2010,7,MKD,m,convicted,2
2010,7,MAR,m,convicted,1
2010,7,MDA,m,convicted,4
2010,7,DEU,m,convicted,19
2010,7,NGA,m,convicted,2
2010,7,PAK,m,convicted,4
2010,7,RUS,m,convicted,29
2010,7,ROU,m,convicted,13
2010,7,SRB,m,convicted,1
2010,7,SVK,m,convicted,1
2010,7,SYR,m,convicted,1
2010,7,SWE,m,convicted,1
2010,7,TUR,m,convicted,7
2010,7,UKR,m,convicted,64
2010,7,USA,m,convicted,1
2010,7,HUN,m,convicted,2
2010,7,GBR,m,convicted,3
2010,7,VNM,m,convicted,9
2010,7,"",m,convicted,2
2010,7,LTU,m,punished,2
2010,7,ARM,f,temporary,1
2010,7,BLR,f,temporary,1
2010,7,CZE,f,temporary,1
2010,7,ESP,f,temporary,1
2010,7,NOR,f,temporary,1
2010,7,PRY,f,temporary,1
2010,7,RUS,f,temporary,1
2010,7,SVK,f,temporary,1
2010,7,SWE,f,temporary,1
2010,7,UKR,f,temporary,4
2010,7,VNM,f,temporary,3
2010,7,BEL,f,convicted,1
2010,7,BLR,f,convicted,2
2010,7,LTU,f,convicted,2
2010,7,ROU,f,convicted,2
2010,7,UKR,f,convicted,2
2010,8,ALB,m,temporary,1
2010,8,DZA,m,temporary,1
2010,8,ARM,m,temporary,8
2010,8,BGD,m,temporary,1
2010,8,BEL,m,temporary,1
2010,8,BLR,m,temporary,9
2010,8,BGR,m,temporary,31
2010,8,CHN,m,temporary,1
2010,8,HRV,m,temporary,2
2010,8,CZE,m,temporary,3
2010,8,FRA,m,temporary,2
2010,8,GRC,m,temporary,1
2010,8,GEO,m,temporary,16
2010,8,ESP,m,temporary,1
2010,8,NLD,m,temporary,5
2010,8,IND,m,temporary,1
2010,8,IRQ,m,temporary,1
2010,8,ISR,m,temporary,2
2010,8,CMR,m,temporary,3
2010,8,COL,m,temporary,7
2010,8,COG,m,temporary,1
2010,8,CUB,m,temporary,1
2010,8,LBN,m,temporary,1
2010,8,LTU,m,temporary,23
2010,8,LVA,m,temporary,3
2010,8,MAR,m,temporary,1
2010,8,MDA,m,temporary,4
2010,8,MNG,m,temporary,1
2010,8,DEU,m,temporary,14
2010,8,NGA,m,temporary,6
2010,8,PAK,m,temporary,3
2010,8,PRY,m,temporary,1
2010,8,RUS,m,temporary,17
2010,8,ROU,m,temporary,29
2010,8,SRB,m,temporary,1
2010,8,SVK,m,temporary,1
2010,8,SVN,m,temporary,1
2010,8,LKA,m,temporary,1
2010,8,SYR,m,temporary,1
2010,8,CHE,m,temporary,1
2010,8,SWE,m,temporary,2
2010,8,TJK,m,temporary,1
2010,8,TUR,m,temporary,3
2010,8,UKR,m,temporary,19
2010,8,USA,m,temporary,3
2010,8,HUN,m,temporary,2
2010,8,GBR,m,temporary,1
2010,8,VNM,m,temporary,51
2010,8,ITA,m,temporary,1
2010,8,ZMB,m,temporary,1
2010,8,"",m,temporary,1
2010,8,"",m,temporary,1
2010,8,AFG,m,convicted,1
2010,8,DZA,m,convicted,1
2010,8,ARM,m,convicted,23
2010,8,AUS,m,convicted,1
2010,8,AZE,m,convicted,2
2010,8,BLR,m,convicted,22
2010,8,BGR,m,convicted,21
2010,8,CHN,m,convicted,1
2010,8,HRV,m,convicted,1
2010,8,CZE,m,convicted,8
2010,8,FRA,m,convicted,2
2010,8,GRC,m,convicted,4
2010,8,GEO,m,convicted,5
2010,8,ESP,m,convicted,1
2010,8,NLD,m,convicted,1
2010,8,IRN,m,convicted,1
2010,8,ISR,m,convicted,2
2010,8,KAZ,m,convicted,2
2010,8,LTU,m,convicted,14
2010,8,LVA,m,convicted,3
2010,8,MKD,m,convicted,2
2010,8,MAR,m,convicted,1
2010,8,MDA,m,convicted,4
2010,8,DEU,m,convicted,19
2010,8,NGA,m,convicted,2
2010,8,PAK,m,convicted,4
2010,8,RUS,m,convicted,27
2010,8,ROU,m,convicted,16
2010,8,SRB,m,convicted,1
2010,8,SOM,m,convicted,1
2010,8,SWE,m,convicted,1
2010,8,TUR,m,convicted,7
2010,8,UKR,m,convicted,61
2010,8,USA,m,convicted,1
2010,8,HUN,m,convicted,2
2010,8,GBR,m,convicted,3
2010,8,VNM,m,convicted,7
2010,8,"",m,convicted,1
2010,8,LTU,m,punished,3
2010,8,DEU,m,punished,1
2010,8,RUS,m,punished,1
2010,8,ARM,f,temporary,1
2010,8,BLR,f,temporary,1
2010,8,BGR,f,temporary,1
2010,8,ESP,f,temporary,1
2010,8,NOR,f,temporary,1
2010,8,PRY,f,temporary,1
2010,8,RUS,f,temporary,1
2010,8,SVK,f,temporary,1
2010,8,SWE,f,temporary,1
2010,8,UKR,f,temporary,4
2010,8,VNM,f,temporary,2
2010,8,"",f,temporary,1
2010,8,BEL,f,convicted,1
2010,8,BLR,f,convicted,2
2010,8,LTU,f,convicted,1
2010,8,ROU,f,convicted,2
2010,8,SWE,f,convicted,1
2010,8,UKR,f,convicted,3
2010,8,GBR,f,punished,1
2010,9,ALB,m,temporary,1
2010,9,DZA,m,temporary,1
2010,9,ARM,m,temporary,8
2010,9,BGD,m,temporary,1
2010,9,BEL,m,temporary,1
2010,9,BLR,m,temporary,7
2010,9,BGR,m,temporary,30
2010,9,CHN,m,temporary,1
2010,9,HRV,m,temporary,2
2010,9,CZE,m,temporary,2
2010,9,FRA,m,temporary,3
2010,9,GEO,m,temporary,13
2010,9,ESP,m,temporary,1
2010,9,NLD,m,temporary,5
2010,9,IND,m,temporary,1
2010,9,IRQ,m,temporary,1
2010,9,ISR,m,temporary,1
2010,9,CMR,m,temporary,3
2010,9,COL,m,temporary,7
2010,9,COG,m,temporary,1
2010,9,CUB,m,temporary,1
2010,9,LBN,m,temporary,1
2010,9,LTU,m,temporary,36
2010,9,LVA,m,temporary,4
2010,9,MAR,m,temporary,1
2010,9,MDA,m,temporary,3
2010,9,MNG,m,temporary,1
2010,9,DEU,m,temporary,16
2010,9,NGA,m,temporary,5
2010,9,PAK,m,temporary,2
2010,9,PRY,m,temporary,1
2010,9,RUS,m,temporary,15
2010,9,ROU,m,temporary,32
2010,9,SVK,m,temporary,2
2010,9,SVN,m,temporary,1
2010,9,LKA,m,temporary,1
2010,9,SYR,m,temporary,1
2010,9,CHE,m,temporary,1
2010,9,SWE,m,temporary,1
2010,9,TUR,m,temporary,3
2010,9,UKR,m,temporary,24
2010,9,USA,m,temporary,3
2010,9,HUN,m,temporary,2
2010,9,GBR,m,temporary,1
2010,9,VNM,m,temporary,51
2010,9,ITA,m,temporary,2
2010,9,"",m,temporary,1
2010,9,DZA,m,convicted,1
2010,9,ARM,m,convicted,22
2010,9,AUS,m,convicted,1
2010,9,AZE,m,convicted,2
2010,9,BLR,m,convicted,24
2010,9,BGR,m,convicted,19
2010,9,CHN,m,convicted,1
2010,9,HRV,m,convicted,1
2010,9,CZE,m,convicted,7
2010,9,FRA,m,convicted,2
2010,9,GRC,m,convicted,4
2010,9,GEO,m,convicted,5
2010,9,ESP,m,convicted,1
2010,9,NLD,m,convicted,1
2010,9,IRN,m,convicted,1
2010,9,ISR,m,convicted,2
2010,9,KAZ,m,convicted,2
2010,9,LTU,m,convicted,16
2010,9,LVA,m,convicted,2
2010,9,MKD,m,convicted,1
2010,9,MAR,m,convicted,1
2010,9,MDA,m,convicted,4
2010,9,DEU,m,convicted,18
2010,9,NGA,m,convicted,3
2010,9,PAK,m,convicted,4
2010,9,RUS,m,convicted,26
2010,9,ROU,m,convicted,18
2010,9,SRB,m,convicted,1
2010,9,SOM,m,convicted,1
2010,9,SWE,m,convicted,2
2010,9,TUR,m,convicted,7
2010,9,UKR,m,convicted,61
2010,9,USA,m,convicted,1
2010,9,HUN,m,convicted,2
2010,9,GBR,m,convicted,3
2010,9,VNM,m,convicted,7
2010,9,"",m,convicted,2
2010,9,GEO,m,punished,1
2010,9,LTU,m,punished,2
2010,9,ARM,f,temporary,1
2010,9,BLR,f,temporary,1
2010,9,CZE,f,temporary,1
2010,9,ESP,f,temporary,1
2010,9,NOR,f,temporary,1
2010,9,PRY,f,temporary,1
2010,9,RUS,f,temporary,1
2010,9,SWE,f,temporary,1
2010,9,UKR,f,temporary,4
2010,9,VNM,f,temporary,1
2010,9,BEL,f,convicted,1
2010,9,BLR,f,convicted,2
2010,9,LTU,f,convicted,1
2010,9,ROU,f,convicted,1
2010,9,SVK,f,convicted,1
2010,9,SWE,f,convicted,1
2010,9,UKR,f,convicted,2
2010,9,GBR,f,punished,1
2010,10,DZA,m,temporary,1
2010,10,ARM,m,temporary,9
2010,10,BGD,m,temporary,1
2010,10,BEL,m,temporary,1
2010,10,BLR,m,temporary,5
2010,10,BGR,m,temporary,31
2010,10,CHN,m,temporary,1
2010,10,HRV,m,temporary,2
2010,10,CZE,m,temporary,1
2010,10,FIN,m,temporary,1
2010,10,FRA,m,temporary,1
2010,10,GRC,m,temporary,1
2010,10,GEO,m,temporary,12
2010,10,ESP,m,temporary,1
2010,10,NLD,m,temporary,5
2010,10,IND,m,temporary,1
2010,10,ISR,m,temporary,1
2010,10,JOR,m,temporary,1
2010,10,CMR,m,temporary,3
2010,10,COL,m,temporary,7
2010,10,COG,m,temporary,1
2010,10,LBN,m,temporary,2
2010,10,LBY,m,temporary,1
2010,10,LTU,m,temporary,30
2010,10,LVA,m,temporary,5
2010,10,MAR,m,temporary,1
2010,10,MDA,m,temporary,3
2010,10,MNG,m,temporary,1
2010,10,DEU,m,temporary,16
2010,10,NGA,m,temporary,5
2010,10,PAK,m,temporary,2
2010,10,PRY,m,temporary,1
2010,10,RUS,m,temporary,9
2010,10,ROU,m,temporary,33
2010,10,SVK,m,temporary,3
2010,10,SVN,m,temporary,1
2010,10,LKA,m,temporary,1
2010,10,SYR,m,temporary,1
2010,10,CHE,m,temporary,1
2010,10,SWE,m,temporary,1
2010,10,TUR,m,temporary,2
2010,10,UKR,m,temporary,22
2010,10,USA,m,temporary,3
2010,10,HUN,m,temporary,1
2010,10,VNM,m,temporary,55
2010,10,ITA,m,temporary,2
2010,10,"",m,temporary,1
2010,10,DZA,m,convicted,1
2010,10,ARM,m,convicted,21
2010,10,AUS,m,convicted,1
2010,10,AZE,m,convicted,2
2010,10,BLR,m,convicted,22
2010,10,BGR,m,convicted,19
2010,10,CHN,m,convicted,1
2010,10,HRV,m,convicted,1
2010,10,CZE,m,convicted,7
2010,10,FRA,m,convicted,2
2010,10,GRC,m,convicted,3
2010,10,GEO,m,convicted,5
2010,10,ESP,m,convicted,1
2010,10,NLD,m,convicted,1
2010,10,IRN,m,convicted,1
2010,10,ISR,m,convicted,2
2010,10,KAZ,m,convicted,2
2010,10,LTU,m,convicted,14
2010,10,LVA,m,convicted,2
2010,10,MKD,m,convicted,1
2010,10,MAR,m,convicted,1
2010,10,MDA,m,convicted,5
2010,10,DEU,m,convicted,21
2010,10,NGA,m,convicted,3
2010,10,PAK,m,convicted,4
2010,10,RUS,m,convicted,29
2010,10,ROU,m,convicted,16
2010,10,SRB,m,convicted,1
2010,10,SOM,m,convicted,1
2010,10,SWE,m,convicted,2
2010,10,TUR,m,convicted,7
2010,10,UKR,m,convicted,55
2010,10,USA,m,convicted,1
2010,10,UZB,m,convicted,1
2010,10,HUN,m,convicted,3
2010,10,GBR,m,convicted,3
2010,10,VNM,m,convicted,7
2010,10,"",m,convicted,2
2010,10,ARM,f,temporary,1
2010,10,BLR,f,temporary,1
2010,10,CZE,f,temporary,1
2010,10,ESP,f,temporary,1
2010,10,NOR,f,temporary,1
2010,10,RUS,f,temporary,1
2010,10,SWE,f,temporary,1
2010,10,UKR,f,temporary,7
2010,10,VNM,f,temporary,2
2010,10,BEL,f,convicted,1
2010,10,BLR,f,convicted,3
2010,10,LTU,f,convicted,1
2010,10,PRY,f,convicted,1
2010,10,ROU,f,convicted,2
2010,10,UKR,f,convicted,2
2010,10,GBR,f,punished,1
2010,11,ALB,m,temporary,1
2010,11,DZA,m,temporary,1
2010,11,ARM,m,temporary,9
2010,11,AZE,m,temporary,1
2010,11,BGD,m,temporary,1
2010,11,BLR,m,temporary,5
2010,11,BGR,m,temporary,25
2010,11,CHN,m,temporary,1
2010,11,HRV,m,temporary,2
2010,11,CZE,m,temporary,1
2010,11,FIN,m,temporary,1
2010,11,FRA,m,temporary,1
2010,11,GMB,m,temporary,1
2010,11,GRC,m,temporary,1
2010,11,GEO,m,temporary,6
2010,11,ESP,m,temporary,1
2010,11,NLD,m,temporary,5
2010,11,ISR,m,temporary,1
2010,11,JOR,m,temporary,1
2010,11,CMR,m,temporary,3
2010,11,COL,m,temporary,6
2010,11,COG,m,temporary,1
2010,11,LBN,m,temporary,2
2010,11,LBY,m,temporary,1
2010,11,LTU,m,temporary,43
2010,11,LVA,m,temporary,8
2010,11,MAR,m,temporary,1
2010,11,MDA,m,temporary,3
2010,11,MNG,m,temporary,1
2010,11,NPL,m,temporary,1
2010,11,DEU,m,temporary,10
2010,11,NGA,m,temporary,3
2010,11,PAK,m,temporary,1
2010,11,RUS,m,temporary,17
2010,11,ROU,m,temporary,25
2010,11,SVK,m,temporary,4
2010,11,SVN,m,temporary,1
2010,11,LKA,m,temporary,1
2010,11,SYR,m,temporary,1
2010,11,CHE,m,temporary,1
2010,11,SWE,m,temporary,2
2010,11,TUR,m,temporary,2
2010,11,UKR,m,temporary,11
2010,11,USA,m,temporary,3
2010,11,HUN,m,temporary,1
2010,11,GBR,m,temporary,1
2010,11,VNM,m,temporary,57
2010,11,ITA,m,temporary,3
2010,11,"",m,temporary,1
2010,11,DZA,m,convicted,1
2010,11,ARM,m,convicted,20
2010,11,AUS,m,convicted,1
2010,11,AZE,m,convicted,2
2010,11,BLR,m,convicted,21
2010,11,BGR,m,convicted,21
2010,11,CHN,m,convicted,1
2010,11,CZE,m,convicted,6
2010,11,EST,m,convicted,1
2010,11,FRA,m,convicted,2
2010,11,GRC,m,convicted,3
2010,11,GEO,m,convicted,7
2010,11,IRN,m,convicted,1
2010,11,ISR,m,convicted,1
2010,11,KAZ,m,convicted,1
2010,11,LTU,m,convicted,15
2010,11,LVA,m,convicted,2
2010,11,MKD,m,convicted,1
2010,11,MAR,m,convicted,2
2010,11,MDA,m,convicted,3
2010,11,DEU,m,convicted,21
2010,11,NGA,m,convicted,5
2010,11,PAK,m,convicted,3
2010,11,PNG,m,convicted,1
2010,11,PRY,m,convicted,1
2010,11,RUS,m,convicted,33
2010,11,ROU,m,convicted,17
2010,11,SRB,m,convicted,1
2010,11,SOM,m,convicted,1
2010,11,SWE,m,convicted,2
2010,11,TUR,m,convicted,6
2010,11,UKR,m,convicted,52
2010,11,HUN,m,convicted,2
2010,11,GBR,m,convicted,3
2010,11,VNM,m,convicted,6
2010,11,"",m,convicted,3
2010,11,ARM,m,punished,1
2010,11,SVK,m,punished,1
2010,11,ARM,f,temporary,1
2010,11,CZE,f,temporary,1
2010,11,ESP,f,temporary,1
2010,11,NLD,f,temporary,1
2010,11,RUS,f,temporary,1
2010,11,SWE,f,temporary,1
2010,11,UKR,f,temporary,3
2010,11,VNM,f,temporary,1
2010,11,BEL,f,convicted,1
2010,11,BLR,f,convicted,2
2010,11,LTU,f,convicted,1
2010,11,PRY,f,convicted,1
2010,11,ROU,f,convicted,3
2010,11,UKR,f,convicted,2
2010,11,GBR,f,punished,1
2011,1,ALB,m,temporary,1
2011,1,DZA,m,temporary,1
2011,1,ARM,m,temporary,6
2011,1,AZE,m,temporary,1
2011,1,BGD,m,temporary,1
2011,1,BLR,m,temporary,7
2011,1,BGR,m,temporary,23
2011,1,CHN,m,temporary,2
2011,1,HRV,m,temporary,2
2011,1,CZE,m,temporary,1
2011,1,GRC,m,temporary,1
2011,1,GEO,m,temporary,4
2011,1,ESP,m,temporary,1
2011,1,NLD,m,temporary,4
2011,1,JOR,m,temporary,1
2011,1,CMR,m,temporary,3
2011,1,KGZ,m,temporary,1
2011,1,COL,m,temporary,6
2011,1,COG,m,temporary,1
2011,1,LBN,m,temporary,3
2011,1,LBY,m,temporary,1
2011,1,LTU,m,temporary,32
2011,1,LVA,m,temporary,9
2011,1,MAR,m,temporary,1
2011,1,MDA,m,temporary,4
2011,1,MNG,m,temporary,1
2011,1,NPL,m,temporary,1
2011,1,DEU,m,temporary,9
2011,1,NGA,m,temporary,3
2011,1,RUS,m,temporary,17
2011,1,ROU,m,temporary,20
2011,1,SVK,m,temporary,4
2011,1,SVN,m,temporary,1
2011,1,LKA,m,temporary,1
2011,1,CHE,m,temporary,1
2011,1,TUR,m,temporary,3
2011,1,UKR,m,temporary,12
2011,1,USA,m,temporary,1
2011,1,HUN,m,temporary,1
2011,1,GBR,m,temporary,1
2011,1,VNM,m,temporary,59
2011,1,ITA,m,temporary,3
2011,1,"",m,temporary,1
2011,1,DZA,m,convicted,1
2011,1,ARM,m,convicted,22
2011,1,AUS,m,convicted,1
2011,1,AZE,m,convicted,2
2011,1,BLR,m,convicted,19
2011,1,BGR,m,convicted,18
2011,1,CZE,m,convicted,6
2011,1,EST,m,convicted,1
2011,1,FRA,m,convicted,2
2011,1,GRC,m,convicted,3
2011,1,GEO,m,convicted,8
2011,1,NLD,m,convicted,1
2011,1,ISR,m,convicted,2
2011,1,KAZ,m,convicted,1
2011,1,LTU,m,convicted,17
2011,1,LVA,m,convicted,3
2011,1,MKD,m,convicted,1
2011,1,MAR,m,convicted,2
2011,1,MDA,m,convicted,2
2011,1,DEU,m,convicted,22
2011,1,NGA,m,convicted,5
2011,1,PAK,m,convicted,3
2011,1,PNG,m,convicted,1
2011,1,PRY,m,convicted,1
2011,1,RUS,m,convicted,30
2011,1,ROU,m,convicted,17
2011,1,SRB,m,convicted,1
2011,1,SVK,m,convicted,1
2011,1,SOM,m,convicted,1
2011,1,SWE,m,convicted,3
2011,1,TUR,m,convicted,5
2011,1,UKR,m,convicted,52
2011,1,HUN,m,convicted,2
2011,1,GBR,m,convicted,3
2011,1,VNM,m,convicted,6
2011,1,"",m,convicted,3
2011,1,ARM,m,punished,2
2011,1,LTU,m,punished,2
2011,1,ROU,m,punished,1
2011,1,SVK,m,punished,1
2011,1,UKR,m,punished,1
2011,1,ARM,f,temporary,1
2011,1,CZE,f,temporary,1
2011,1,NLD,f,temporary,1
2011,1,RUS,f,temporary,1
2011,1,SWE,f,temporary,1
2011,1,UKR,f,temporary,3
2011,1,VNM,f,temporary,1
2011,1,BEL,f,convicted,1
2011,1,BLR,f,convicted,2
2011,1,LTU,f,convicted,1
2011,1,PRY,f,convicted,1
2011,1,ROU,f,convicted,3
2011,1,UKR,f,convicted,2
2011,1,GBR,f,punished,1
2011,2,ALB,m,temporary,1
2011,2,DZA,m,temporary,1
2011,2,ARM,m,temporary,5
2011,2,AUT,m,temporary,1
2011,2,BLR,m,temporary,5
2011,2,BGR,m,temporary,23
2011,2,CHN,m,temporary,1
2011,2,HRV,m,temporary,2
2011,2,CZE,m,temporary,3
2011,2,GRC,m,temporary,1
2011,2,GEO,m,temporary,4
2011,2,ESP,m,temporary,1
2011,2,NLD,m,temporary,3
2011,2,JOR,m,temporary,1
2011,2,CMR,m,temporary,3
2011,2,KGZ,m,temporary,1
2011,2,COL,m,temporary,6
2011,2,COG,m,temporary,1
2011,2,LBN,m,temporary,2
2011,2,LBY,m,temporary,1
2011,2,LTU,m,temporary,28
2011,2,LVA,m,temporary,9
2011,2,MAR,m,temporary,2
2011,2,MDA,m,temporary,2
2011,2,MNG,m,temporary,1
2011,2,NPL,m,temporary,1
2011,2,DEU,m,temporary,9
2011,2,NGA,m,temporary,3
2011,2,PAK,m,temporary,1
2011,2,RUS,m,temporary,11
2011,2,ROU,m,temporary,26
2011,2,SVK,m,temporary,2
2011,2,SVN,m,temporary,1
2011,2,LKA,m,temporary,1
2011,2,CHE,m,temporary,1
2011,2,TUR,m,temporary,4
2011,2,UKR,m,temporary,17
2011,2,USA,m,temporary,2
2011,2,HUN,m,temporary,1
2011,2,GBR,m,temporary,1
2011,2,VNM,m,temporary,55
2011,2,ITA,m,temporary,3
2011,2,"",m,temporary,1
2011,2,DZA,m,convicted,1
2011,2,ARM,m,convicted,22
2011,2,AUS,m,convicted,1
2011,2,AZE,m,convicted,2
2011,2,BLR,m,convicted,20
2011,2,BGR,m,convicted,18
2011,2,CZE,m,convicted,6
2011,2,EST,m,convicted,1
2011,2,FRA,m,convicted,2
2011,2,GRC,m,convicted,3
2011,2,GEO,m,convicted,9
2011,2,NLD,m,convicted,2
2011,2,ISR,m,convicted,3
2011,2,KAZ,m,convicted,1
2011,2,LTU,m,convicted,20
2011,2,LVA,m,convicted,3
2011,2,MKD,m,convicted,1
2011,2,MAR,m,convicted,2
2011,2,MDA,m,convicted,3
2011,2,DEU,m,convicted,22
2011,2,NGA,m,convicted,5
2011,2,PAK,m,convicted,2
2011,2,PNG,m,convicted,1
2011,2,PRY,m,convicted,1
2011,2,RUS,m,convicted,32
2011,2,ROU,m,convicted,15
2011,2,SRB,m,convicted,1
2011,2,SOM,m,convicted,1
2011,2,SWE,m,convicted,2
2011,2,TUR,m,convicted,5
2011,2,UKR,m,convicted,49
2011,2,HUN,m,convicted,2
2011,2,GBR,m,convicted,6
2011,2,VNM,m,convicted,7
2011,2,"",m,convicted,4
2011,2,ARM,m,punished,1
2011,2,ARM,f,temporary,1
2011,2,CZE,f,temporary,1
2011,2,NLD,f,temporary,1
2011,2,LVA,f,temporary,1
2011,2,ROU,f,temporary,2
2011,2,SVK,f,temporary,1
2011,2,SWE,f,temporary,1
2011,2,UKR,f,temporary,4
2011,2,VNM,f,temporary,1
2011,2,BLR,f,convicted,3
2011,2,LTU,f,convicted,1
2011,2,ROU,f,convicted,3
2011,2,UKR,f,convicted,3
2011,2,GBR,f,punished,1
2011,3,ALB,m,temporary,1
2011,3,DZA,m,temporary,1
2011,3,ARM,m,temporary,5
2011,3,AUT,m,temporary,1
2011,3,BLR,m,temporary,7
2011,3,BGR,m,temporary,36
2011,3,CHN,m,temporary,1
2011,3,CZE,m,temporary,5
2011,3,GRC,m,temporary,1
2011,3,GEO,m,temporary,4
2011,3,ESP,m,temporary,1
2011,3,NLD,m,temporary,4
2011,3,IRQ,m,temporary,1
2011,3,JOR,m,temporary,1
2011,3,CMR,m,temporary,3
2011,3,KGZ,m,temporary,1
2011,3,COL,m,temporary,6
2011,3,COG,m,temporary,1
2011,3,LBN,m,temporary,2
2011,3,LBY,m,temporary,2
2011,3,LTU,m,temporary,49
2011,3,LVA,m,temporary,7
2011,3,MAR,m,temporary,2
2011,3,MDA,m,temporary,3
2011,3,MNG,m,temporary,1
2011,3,NPL,m,temporary,1
2011,3,DEU,m,temporary,9
2011,3,NGA,m,temporary,3
2011,3,PAK,m,temporary,1
2011,3,RUS,m,temporary,13
2011,3,ROU,m,temporary,25
2011,3,SVK,m,temporary,3
2011,3,LKA,m,temporary,1
2011,3,CHE,m,temporary,1
2011,3,TUR,m,temporary,3
2011,3,UKR,m,temporary,22
2011,3,USA,m,temporary,2
2011,3,GBR,m,temporary,1
2011,3,VNM,m,temporary,56
2011,3,ITA,m,temporary,3
2011,3,"",m,temporary,1
2011,3,"",m,temporary,1
2011,3,DZA,m,convicted,1
2011,3,ARM,m,convicted,23
2011,3,AUS,m,convicted,1
2011,3,AZE,m,convicted,2
2011,3,BLR,m,convicted,18
2011,3,BGR,m,convicted,19
2011,3,HRV,m,convicted,2
2011,3,CZE,m,convicted,5
2011,3,EST,m,convicted,1
2011,3,FRA,m,convicted,2
2011,3,GRC,m,convicted,2
2011,3,GEO,m,convicted,8
2011,3,GIN,m,convicted,1
2011,3,NLD,m,convicted,2
2011,3,IND,m,convicted,1
2011,3,ISR,m,convicted,3
2011,3,KAZ,m,convicted,1
2011,3,LTU,m,convicted,20
2011,3,LVA,m,convicted,4
2011,3,MKD,m,convicted,1
2011,3,MAR,m,convicted,2
2011,3,MDA,m,convicted,3
2011,3,MNG,m,convicted,1
2011,3,DEU,m,convicted,20
2011,3,NGA,m,convicted,5
2011,3,PAK,m,convicted,2
2011,3,PRY,m,convicted,1
2011,3,RUS,m,convicted,34
2011,3,ROU,m,convicted,19
2011,3,SRB,m,convicted,1
2011,3,SOM,m,convicted,1
2011,3,SWE,m,convicted,2
2011,3,TUR,m,convicted,5
2011,3,UKR,m,convicted,53
2011,3,HUN,m,convicted,2
2011,3,GBR,m,convicted,5
2011,3,VNM,m,convicted,6
2011,3,ITA,m,convicted,1
2011,3,"",m,convicted,3
2011,3,ARM,m,punished,1
2011,3,GEO,m,punished,1
2011,3,ARM,f,temporary,1
2011,3,BGR,f,temporary,12
2011,3,DNK,f,temporary,2
2011,3,NLD,f,temporary,1
2011,3,LVA,f,temporary,1
2011,3,ROU,f,temporary,1
2011,3,SWE,f,temporary,1
2011,3,UKR,f,temporary,2
2011,3,VNM,f,temporary,1
2011,3,BLR,f,convicted,3
2011,3,LTU,f,convicted,1
2011,3,ROU,f,convicted,3
2011,3,UKR,f,convicted,3
2011,3,GBR,f,punished,1
2011,4,ALB,m,temporary,1
2011,4,ARM,m,temporary,3
2011,4,AUT,m,temporary,1
2011,4,BLR,m,temporary,5
2011,4,BGR,m,temporary,31
2011,4,CHN,m,temporary,1
2011,4,CYP,m,temporary,1
2011,4,CZE,m,temporary,4
2011,4,EST,m,temporary,3
2011,4,GRC,m,temporary,1
2011,4,GEO,m,temporary,5
2011,4,ESP,m,temporary,2
2011,4,NLD,m,temporary,5
2011,4,IRQ,m,temporary,1
2011,4,JOR,m,temporary,1
2011,4,CMR,m,temporary,3
2011,4,COL,m,temporary,5
2011,4,COG,m,temporary,1
2011,4,LBN,m,temporary,2
2011,4,LBY,m,temporary,2
2011,4,LTU,m,temporary,48
2011,4,LVA,m,temporary,6
2011,4,MAR,m,temporary,2
2011,4,MDA,m,temporary,1
2011,4,DEU,m,temporary,11
2011,4,NGA,m,temporary,4
2011,4,PAK,m,temporary,1
2011,4,RUS,m,temporary,14
2011,4,ROU,m,temporary,21
2011,4,SVK,m,temporary,2
2011,4,LKA,m,temporary,1
2011,4,CHE,m,temporary,1
2011,4,TUR,m,temporary,4
2011,4,UKR,m,temporary,26
2011,4,USA,m,temporary,3
2011,4,GBR,m,temporary,3
2011,4,VNM,m,temporary,51
2011,4,ITA,m,temporary,3
2011,4,"",m,temporary,1
2011,4,"",m,temporary,1
2011,4,DZA,m,convicted,2
2011,4,ARM,m,convicted,23
2011,4,AUS,m,convicted,1
2011,4,AZE,m,convicted,2
2011,4,BLR,m,convicted,20
2011,4,BGR,m,convicted,21
2011,4,HRV,m,convicted,2
2011,4,CZE,m,convicted,5
2011,4,EST,m,convicted,1
2011,4,FRA,m,convicted,2
2011,4,GRC,m,convicted,2
2011,4,GEO,m,convicted,8
2011,4,GIN,m,convicted,1
2011,4,NLD,m,convicted,2
2011,4,IND,m,convicted,1
2011,4,ISR,m,convicted,3
2011,4,KAZ,m,convicted,1
2011,4,COL,m,convicted,1
2011,4,LTU,m,convicted,16
2011,4,LVA,m,convicted,5
2011,4,MKD,m,convicted,1
2011,4,MAR,m,convicted,2
2011,4,MDA,m,convicted,3
2011,4,DEU,m,convicted,18
2011,4,NGA,m,convicted,4
2011,4,PAK,m,convicted,1
2011,4,RUS,m,convicted,32
2011,4,ROU,m,convicted,18
2011,4,SRB,m,convicted,1
2011,4,SOM,m,convicted,1
2011,4,SWE,m,convicted,1
2011,4,TUR,m,convicted,5
2011,4,UKR,m,convicted,54
2011,4,HUN,m,convicted,2
2011,4,GBR,m,convicted,5
2011,4,VNM,m,convicted,6
2011,4,ITA,m,convicted,1
2011,4,"",m,convicted,3
2011,4,ARM,m,punished,1
2011,4,LTU,m,punished,1
2011,4,RUS,m,punished,1
2011,4,UKR,m,punished,1
2011,4,ARM,f,temporary,1
2011,4,BGR,f,temporary,13
2011,4,NLD,f,temporary,1
2011,4,LVA,f,temporary,1
2011,4,ROU,f,temporary,1
2011,4,UKR,f,temporary,2
2011,4,GBR,f,temporary,1
2011,4,VNM,f,temporary,1
2011,4,BLR,f,convicted,2
2011,4,LTU,f,convicted,1
2011,4,ROU,f,convicted,3
2011,4,UKR,f,convicted,3
2011,6,ALB,m,temporary,1
2011,6,ARM,m,temporary,6
2011,6,AUT,m,temporary,1
2011,6,BGD,m,temporary,1
2011,6,BLR,m,temporary,8
2011,6,BGR,m,temporary,38
2011,6,CHN,m,temporary,1
2011,6,HRV,m,temporary,1
2011,6,CYP,m,temporary,1
2011,6,CZE,m,temporary,4
2011,6,GRC,m,temporary,1
2011,6,GEO,m,temporary,10
2011,6,ESP,m,temporary,2
2011,6,NLD,m,temporary,4
2011,6,JOR,m,temporary,1
2011,6,CMR,m,temporary,3
2011,6,KAZ,m,temporary,1
2011,6,COL,m,temporary,5
2011,6,COG,m,temporary,1
2011,6,CUB,m,temporary,1
2011,6,LBN,m,temporary,1
2011,6,LBY,m,temporary,2
2011,6,LTU,m,temporary,37
2011,6,LVA,m,temporary,6
2011,6,MAR,m,temporary,2
2011,6,MDA,m,temporary,1
2011,6,DEU,m,temporary,6
2011,6,NGA,m,temporary,2
2011,6,PAK,m,temporary,1
2011,6,RUS,m,temporary,15
2011,6,ROU,m,temporary,19
2011,6,SVK,m,temporary,3
2011,6,LKA,m,temporary,1
2011,6,CHE,m,temporary,1
2011,6,TUN,m,temporary,1
2011,6,TUR,m,temporary,2
2011,6,UKR,m,temporary,30
2011,6,USA,m,temporary,2
2011,6,UZB,m,temporary,1
2011,6,GBR,m,temporary,2
2011,6,VNM,m,temporary,43
2011,6,ITA,m,temporary,4
2011,6,"",m,temporary,1
2011,6,AFG,m,convicted,1
2011,6,DZA,m,convicted,2
2011,6,ARM,m,convicted,22
2011,6,AUS,m,convicted,1
2011,6,AZE,m,convicted,3
2011,6,BLR,m,convicted,15
2011,6,BGR,m,convicted,17
2011,6,HRV,m,convicted,2
2011,6,CZE,m,convicted,7
2011,6,EGY,m,convicted,1
2011,6,FRA,m,convicted,1
2011,6,GRC,m,convicted,2
2011,6,GEO,m,convicted,6
2011,6,GIN,m,convicted,1
2011,6,NLD,m,convicted,2
2011,6,ISR,m,convicted,3
2011,6,KAZ,m,convicted,1
2011,6,COL,m,convicted,1
2011,6,LTU,m,convicted,15
2011,6,LVA,m,convicted,6
2011,6,MKD,m,convicted,1
2011,6,MAR,m,convicted,2
2011,6,MDA,m,convicted,3
2011,6,DEU,m,convicted,19
2011,6,NGA,m,convicted,7
2011,6,PAK,m,convicted,1
2011,6,RUS,m,convicted,34
2011,6,ROU,m,convicted,17
2011,6,SRB,m,convicted,1
2011,6,SOM,m,convicted,1
2011,6,SWE,m,convicted,1
2011,6,TUR,m,convicted,3
2011,6,UKR,m,convicted,53
2011,6,HUN,m,convicted,2
2011,6,GBR,m,convicted,3
2011,6,VNM,m,convicted,15
2011,6,ITA,m,convicted,1
2011,6,"",m,convicted,2
2011,6,LTU,m,punished,1
2011,6,ARM,f,temporary,2
2011,6,BGR,f,temporary,15
2011,6,NLD,f,temporary,1
2011,6,SVK,f,temporary,2
2011,6,UKR,f,temporary,5
2011,6,GBR,f,temporary,1
2011,6,VNM,f,temporary,1
2011,6,BLR,f,convicted,2
2011,6,LTU,f,convicted,1
2011,6,ROU,f,convicted,4
2011,6,UKR,f,convicted,4
2011,7,ALB,m,temporary,1
2011,7,ARM,m,temporary,6
2011,7,AUT,m,temporary,1
2011,7,BGD,m,temporary,1
2011,7,BLR,m,temporary,10
2011,7,BGR,m,temporary,33
2011,7,CHN,m,temporary,1
2011,7,CYP,m,temporary,1
2011,7,CZE,m,temporary,5
2011,7,GRC,m,temporary,1
2011,7,GEO,m,temporary,7
2011,7,ESP,m,temporary,2
2011,7,NLD,m,temporary,5
2011,7,JOR,m,temporary,1
2011,7,CMR,m,temporary,3
2011,7,KEN,m,temporary,1
2011,7,COL,m,temporary,4
2011,7,COG,m,temporary,1
2011,7,CUB,m,temporary,1
2011,7,LBN,m,temporary,1
2011,7,LBY,m,temporary,1
2011,7,LTU,m,temporary,38
2011,7,LVA,m,temporary,6
2011,7,MAR,m,temporary,1
2011,7,MDA,m,temporary,1
2011,7,DEU,m,temporary,11
2011,7,NGA,m,temporary,3
2011,7,PAK,m,temporary,1
2011,7,RUS,m,temporary,14
2011,7,ROU,m,temporary,20
2011,7,SRB,m,temporary,1
2011,7,SVK,m,temporary,3
2011,7,LKA,m,temporary,1
2011,7,CHE,m,temporary,1
2011,7,TUN,m,temporary,1
2011,7,TUR,m,temporary,1
2011,7,UKR,m,temporary,31
2011,7,USA,m,temporary,2
2011,7,GBR,m,temporary,4
2011,7,VNM,m,temporary,38
2011,7,ITA,m,temporary,4
2011,7,"",m,temporary,1
2011,7,"",m,temporary,1
2011,7,AFG,m,convicted,1
2011,7,DZA,m,convicted,3
2011,7,ARM,m,convicted,23
2011,7,AUS,m,convicted,1
2011,7,AZE,m,convicted,3
2011,7,BLR,m,convicted,15
2011,7,BGR,m,convicted,19
2011,7,HRV,m,convicted,2
2011,7,CZE,m,convicted,7
2011,7,EGY,m,convicted,1
2011,7,GRC,m,convicted,1
2011,7,GEO,m,convicted,7
2011,7,GIN,m,convicted,1
2011,7,NLD,m,convicted,2
2011,7,ISR,m,convicted,3
2011,7,KAZ,m,convicted,1
2011,7,COL,m,convicted,2
2011,7,LTU,m,convicted,16
2011,7,LVA,m,convicted,6
2011,7,MKD,m,convicted,1
2011,7,MAR,m,convicted,2
2011,7,MDA,m,convicted,3
2011,7,DEU,m,convicted,19
2011,7,NGA,m,convicted,6
2011,7,PAK,m,convicted,1
2011,7,RUS,m,convicted,32
2011,7,ROU,m,convicted,18
2011,7,SRB,m,convicted,1
2011,7,SOM,m,convicted,1
2011,7,SWE,m,convicted,1
2011,7,TUR,m,convicted,2
2011,7,UKR,m,convicted,50
2011,7,HUN,m,convicted,1
2011,7,GBR,m,convicted,2
2011,7,VNM,m,convicted,17
2011,7,ITA,m,convicted,1
2011,7,"",m,convicted,2
2011,7,ARM,f,temporary,2
2011,7,BGR,f,temporary,15
2011,7,CZE,f,temporary,1
2011,7,NLD,f,temporary,1
2011,7,ROU,f,temporary,1
2011,7,SVK,f,temporary,1
2011,7,UKR,f,temporary,6
2011,7,HUN,f,temporary,2
2011,7,GBR,f,temporary,1
2011,7,VNM,f,temporary,1
2011,7,BLR,f,convicted,2
2011,7,LTU,f,convicted,1
2011,7,ROU,f,convicted,3
2011,7,UKR,f,convicted,4
2011,8,ARM,m,temporary,8
2011,8,BGD,m,temporary,1
2011,8,BLR,m,temporary,8
2011,8,BGR,m,temporary,36
2011,8,CHN,m,temporary,1
2011,8,CYP,m,temporary,1
2011,8,CZE,m,temporary,8
2011,8,DNK,m,temporary,1
2011,8,GRC,m,temporary,1
2011,8,GEO,m,temporary,4
2011,8,ESP,m,temporary,2
2011,8,NLD,m,temporary,6
2011,8,JOR,m,temporary,1
2011,8,CMR,m,temporary,3
2011,8,KEN,m,temporary,1
2011,8,COL,m,temporary,4
2011,8,COG,m,temporary,1
2011,8,CUB,m,temporary,1
2011,8,LBN,m,temporary,1
2011,8,LBY,m,temporary,1
2011,8,LTU,m,temporary,33
2011,8,LVA,m,temporary,6
2011,8,MDA,m,temporary,2
2011,8,DEU,m,temporary,11
2011,8,NGA,m,temporary,3
2011,8,PAK,m,temporary,1
2011,8,RUS,m,temporary,16
2011,8,ROU,m,temporary,20
2011,8,SVK,m,temporary,4
2011,8,LKA,m,temporary,1
2011,8,CHE,m,temporary,1
2011,8,TUN,m,temporary,1
2011,8,TUR,m,temporary,2
2011,8,UKR,m,temporary,31
2011,8,USA,m,temporary,1
2011,8,GBR,m,temporary,4
2011,8,VNM,m,temporary,44
2011,8,ITA,m,temporary,4
2011,8,"",m,temporary,1
2011,8,AFG,m,convicted,1
2011,8,DZA,m,convicted,3
2011,8,ARM,m,convicted,21
2011,8,AUS,m,convicted,1
2011,8,AZE,m,convicted,2
2011,8,BLR,m,convicted,14
2011,8,BGR,m,convicted,18
2011,8,HRV,m,convicted,2
2011,8,CZE,m,convicted,7
2011,8,EGY,m,convicted,1
2011,8,GRC,m,convicted,1
2011,8,GEO,m,convicted,9
2011,8,GIN,m,convicted,1
2011,8,NLD,m,convicted,2
2011,8,ISR,m,convicted,1
2011,8,KAZ,m,convicted,1
2011,8,COL,m,convicted,2
2011,8,CUB,m,convicted,1
2011,8,LTU,m,convicted,17
2011,8,LVA,m,convicted,6
2011,8,MKD,m,convicted,1
2011,8,MAR,m,convicted,2
2011,8,MDA,m,convicted,3
2011,8,DEU,m,convicted,18
2011,8,NGA,m,convicted,6
2011,8,PAK,m,convicted,2
2011,8,RUS,m,convicted,33
2011,8,ROU,m,convicted,22
2011,8,SRB,m,convicted,1
2011,8,SOM,m,convicted,1
2011,8,SWE,m,convicted,1
2011,8,TUR,m,convicted,2
2011,8,UKR,m,convicted,47
2011,8,HUN,m,convicted,1
2011,8,GBR,m,convicted,2
2011,8,VNM,m,convicted,17
2011,8,"",m,convicted,2
2011,8,GEO,m,punished,1
2011,8,ARM,f,temporary,2
2011,8,BGR,f,temporary,15
2011,8,CZE,f,temporary,1
2011,8,NLD,f,temporary,1
2011,8,ROU,f,temporary,1
2011,8,SVK,f,temporary,1
2011,8,UKR,f,temporary,6
2011,8,HUN,f,temporary,2
2011,8,GBR,f,temporary,1
2011,8,BLR,f,convicted,2
2011,8,LTU,f,convicted,1
2011,8,ROU,f,convicted,1
2011,8,UKR,f,convicted,4
2011,8,VNM,f,convicted,1
2011,9,ALB,m,temporary,1
2011,9,ARM,m,temporary,8
2011,9,BGD,m,temporary,1
2011,9,BLR,m,temporary,8
2011,9,BGR,m,temporary,28
2011,9,CHN,m,temporary,1
2011,9,CYP,m,temporary,1
2011,9,CZE,m,temporary,7
2011,9,GEO,m,temporary,4
2011,9,ESP,m,temporary,2
2011,9,NLD,m,temporary,7
2011,9,ISR,m,temporary,1
2011,9,JOR,m,temporary,1
2011,9,CMR,m,temporary,3
2011,9,KEN,m,temporary,1
2011,9,COL,m,temporary,4
2011,9,COG,m,temporary,1
2011,9,LBY,m,temporary,1
2011,9,LTU,m,temporary,27
2011,9,LVA,m,temporary,4
2011,9,MDA,m,temporary,2
2011,9,DEU,m,temporary,10
2011,9,NGA,m,temporary,3
2011,9,PAK,m,temporary,1
2011,9,RUS,m,temporary,16
2011,9,ROU,m,temporary,23
2011,9,SVK,m,temporary,4
2011,9,LKA,m,temporary,1
2011,9,SWE,m,temporary,1
2011,9,TUN,m,temporary,1
2011,9,TUR,m,temporary,2
2011,9,UKR,m,temporary,27
2011,9,USA,m,temporary,1
2011,9,HUN,m,temporary,1
2011,9,GBR,m,temporary,4
2011,9,VNM,m,temporary,41
2011,9,ITA,m,temporary,2
2011,9,"",m,temporary,1
2011,9,AFG,m,convicted,1
2011,9,DZA,m,convicted,3
2011,9,ARM,m,convicted,20
2011,9,AUS,m,convicted,1
2011,9,AUT,m,convicted,1
2011,9,AZE,m,convicted,2
2011,9,BLR,m,convicted,14
2011,9,BGR,m,convicted,20
2011,9,HRV,m,convicted,2
2011,9,CZE,m,convicted,7
2011,9,EGY,m,convicted,1
2011,9,GRC,m,convicted,1
2011,9,GEO,m,convicted,8
2011,9,GIN,m,convicted,1
2011,9,NLD,m,convicted,1
2011,9,ISR,m,convicted,1
2011,9,KAZ,m,convicted,1
2011,9,COL,m,convicted,2
2011,9,CUB,m,convicted,1
2011,9,LBN,m,convicted,1
2011,9,LTU,m,convicted,17
2011,9,LVA,m,convicted,6
2011,9,MKD,m,convicted,1
2011,9,MAR,m,convicted,2
2011,9,MDA,m,convicted,3
2011,9,DEU,m,convicted,14
2011,9,NGA,m,convicted,6
2011,9,PAK,m,convicted,2
2011,9,RUS,m,convicted,32
2011,9,ROU,m,convicted,21
2011,9,SRB,m,convicted,1
2011,9,SOM,m,convicted,1
2011,9,TUR,m,convicted,2
2011,9,UKR,m,convicted,46
2011,9,USA,m,convicted,1
2011,9,HUN,m,convicted,1
2011,9,GBR,m,convicted,2
2011,9,VNM,m,convicted,20
2011,9,ITA,m,convicted,1
2011,9,"",m,convicted,2
2011,9,ARM,f,temporary,2
2011,9,BLR,f,temporary,1
2011,9,BGR,f,temporary,3
2011,9,CZE,f,temporary,1
2011,9,NLD,f,temporary,1
2011,9,ZAF,f,temporary,1
2011,9,ROU,f,temporary,1
2011,9,SVK,f,temporary,1
2011,9,UKR,f,temporary,5
2011,9,HUN,f,temporary,2
2011,9,GBR,f,temporary,1
2011,9,VNM,f,temporary,1
2011,9,BLR,f,convicted,2
2011,9,LTU,f,convicted,1
2011,9,ROU,f,convicted,1
2011,9,SVK,f,convicted,1
2011,9,UKR,f,convicted,4
2011,9,VNM,f,convicted,1
2011,10,ALB,m,temporary,2
2011,10,ARM,m,temporary,9
2011,10,BGD,m,temporary,1
2011,10,BLR,m,temporary,10
2011,10,BGR,m,temporary,25
2011,10,CYP,m,temporary,1
2011,10,CZE,m,temporary,7
2011,10,GEO,m,temporary,5
2011,10,ESP,m,temporary,2
2011,10,NLD,m,temporary,5
2011,10,ISR,m,temporary,1
2011,10,JOR,m,temporary,1
2011,10,CMR,m,temporary,4
2011,10,KAZ,m,temporary,1
2011,10,COL,m,temporary,3
2011,10,COG,m,temporary,1
2011,10,LBY,m,temporary,1
2011,10,LTU,m,temporary,27
2011,10,LVA,m,temporary,6
2011,10,MEX,m,temporary,1
2011,10,MDA,m,temporary,1
2011,10,DEU,m,temporary,13
2011,10,NGA,m,temporary,3
2011,10,PAK,m,temporary,2
2011,10,RUS,m,temporary,19
2011,10,ROU,m,temporary,26
2011,10,SVK,m,temporary,5
2011,10,LKA,m,temporary,1
2011,10,SWE,m,temporary,1
2011,10,TUN,m,temporary,2
2011,10,TUR,m,temporary,2
2011,10,UKR,m,temporary,30
2011,10,USA,m,temporary,1
2011,10,HUN,m,temporary,1
2011,10,GBR,m,temporary,4
2011,10,VNM,m,temporary,42
2011,10,ITA,m,temporary,2
2011,10,"",m,temporary,1
2011,10,AFG,m,convicted,1
2011,10,DZA,m,convicted,3
2011,10,ARM,m,convicted,19
2011,10,AUT,m,convicted,1
2011,10,AZE,m,convicted,2
2011,10,BLR,m,convicted,14
2011,10,BGR,m,convicted,17
2011,10,HRV,m,convicted,2
2011,10,CZE,m,convicted,7
2011,10,EGY,m,convicted,1
2011,10,GRC,m,convicted,1
2011,10,GEO,m,convicted,8
2011,10,GIN,m,convicted,1
2011,10,NLD,m,convicted,1
2011,10,ISR,m,convicted,1
2011,10,KAZ,m,convicted,1
2011,10,COL,m,convicted,2
2011,10,CUB,m,convicted,1
2011,10,LBN,m,convicted,1
2011,10,LTU,m,convicted,19
2011,10,LVA,m,convicted,6
2011,10,MKD,m,convicted,1
2011,10,MAR,m,convicted,1
2011,10,MDA,m,convicted,3
2011,10,DEU,m,convicted,14
2011,10,NGA,m,convicted,6
2011,10,PAK,m,convicted,2
2011,10,RUS,m,convicted,29
2011,10,ROU,m,convicted,21
2011,10,SRB,m,convicted,2
2011,10,SOM,m,convicted,1
2011,10,TUR,m,convicted,2
2011,10,UKR,m,convicted,43
2011,10,USA,m,convicted,1
2011,10,GBR,m,convicted,2
2011,10,VNM,m,convicted,17
2011,10,ITA,m,convicted,1
2011,10,"",m,convicted,2
2011,10,BLR,m,punished,1
2011,10,UKR,m,punished,1
2011,10,USA,m,punished,1
2011,10,ARM,f,temporary,1
2011,10,BLR,f,temporary,2
2011,10,BGR,f,temporary,2
2011,10,CZE,f,temporary,1
2011,10,NLD,f,temporary,1
2011,10,ROU,f,temporary,1
2011,10,SVK,f,temporary,1
2011,10,UKR,f,temporary,6
2011,10,GBR,f,temporary,1
2011,10,VNM,f,temporary,1
2011,10,BLR,f,convicted,2
2011,10,LTU,f,convicted,1
2011,10,ROU,f,convicted,1
2011,10,UKR,f,convicted,4
2011,10,VNM,f,convicted,1
2011,11,ALB,m,temporary,1
2011,11,ARM,m,temporary,9
2011,11,BLR,m,temporary,12
2011,11,BGR,m,temporary,28
2011,11,CZE,m,temporary,7
2011,11,EST,m,temporary,1
2011,11,GEO,m,temporary,4
2011,11,ESP,m,temporary,1
2011,11,NLD,m,temporary,5
2011,11,ISR,m,temporary,1
2011,11,JOR,m,temporary,1
2011,11,CMR,m,temporary,4
2011,11,COL,m,temporary,3
2011,11,COG,m,temporary,1
2011,11,LBY,m,temporary,1
2011,11,LTU,m,temporary,24
2011,11,LVA,m,temporary,5
2011,11,MEX,m,temporary,1
2011,11,MDA,m,temporary,1
2011,11,DEU,m,temporary,7
2011,11,NGA,m,temporary,2
2011,11,PAK,m,temporary,2
2011,11,PRT,m,temporary,1
2011,11,RUS,m,temporary,19
2011,11,ROU,m,temporary,24
2011,11,SRB,m,temporary,1
2011,11,SVK,m,temporary,5
2011,11,SWE,m,temporary,1
2011,11,TUN,m,temporary,2
2011,11,TUR,m,temporary,3
2011,11,UKR,m,temporary,34
2011,11,USA,m,temporary,1
2011,11,HUN,m,temporary,1
2011,11,GBR,m,temporary,3
2011,11,VNM,m,temporary,36
2011,11,ITA,m,temporary,2
2011,11,"",m,temporary,2
2011,11,AFG,m,convicted,1
2011,11,DZA,m,convicted,3
2011,11,ARM,m,convicted,20
2011,11,AUT,m,convicted,1
2011,11,AZE,m,convicted,2
2011,11,BLR,m,convicted,15
2011,11,BGR,m,convicted,17
2011,11,HRV,m,convicted,2
2011,11,CYP,m,convicted,1
2011,11,CZE,m,convicted,6
2011,11,EGY,m,convicted,1
2011,11,GRC,m,convicted,1
2011,11,GEO,m,convicted,8
2011,11,GIN,m,convicted,1
2011,11,NLD,m,convicted,1
2011,11,ISR,m,convicted,1
2011,11,KAZ,m,convicted,1
2011,11,COL,m,convicted,2
2011,11,CUB,m,convicted,1
2011,11,LBN,m,convicted,1
2011,11,LTU,m,convicted,20
2011,11,LVA,m,convicted,7
2011,11,MKD,m,convicted,1
2011,11,MAR,m,convicted,1
2011,11,MDA,m,convicted,3
2011,11,DEU,m,convicted,16
2011,11,NGA,m,convicted,6
2011,11,PAK,m,convicted,2
2011,11,RUS,m,convicted,28
2011,11,ROU,m,convicted,23
2011,11,SRB,m,convicted,2
2011,11,SOM,m,convicted,1
2011,11,LKA,m,convicted,1
2011,11,TUR,m,convicted,2
2011,11,UKR,m,convicted,43
2011,11,GBR,m,convicted,2
2011,11,VNM,m,convicted,24
2011,11,ITA,m,convicted,1
2011,11,"",m,convicted,2
2011,11,NLD,m,punished,1
2011,11,LTU,m,punished,4
2011,11,LVA,m,punished,1
2011,11,ROU,m,punished,1
2011,11,ARM,f,temporary,1
2011,11,BLR,f,temporary,1
2011,11,BGR,f,temporary,6
2011,11,CZE,f,temporary,1
2011,11,NLD,f,temporary,1
2011,11,LVA,f,temporary,1
2011,11,RUS,f,temporary,2
2011,11,ROU,f,temporary,1
2011,11,SVK,f,temporary,1
2011,11,UKR,f,temporary,6
2011,11,GBR,f,temporary,1
2011,11,VNM,f,temporary,1
2011,11,BLR,f,convicted,2
2011,11,LTU,f,convicted,1
2011,11,UKR,f,convicted,4
2011,11,VNM,f,convicted,1
2011,12,ALB,m,temporary,1
2011,12,DZA,m,temporary,1
2011,12,ARM,m,temporary,9
2011,12,BLR,m,temporary,11
2011,12,BGR,m,temporary,26
2011,12,CZE,m,temporary,8
2011,12,EST,m,temporary,1
2011,12,GRC,m,temporary,1
2011,12,GEO,m,temporary,6
2011,12,ESP,m,temporary,2
2011,12,NLD,m,temporary,6
2011,12,ISR,m,temporary,1
2011,12,CMR,m,temporary,4
2011,12,COL,m,temporary,3
2011,12,LBY,m,temporary,1
2011,12,LTU,m,temporary,24
2011,12,LVA,m,temporary,7
2011,12,MEX,m,temporary,1
2011,12,MDA,m,temporary,1
2011,12,MNG,m,temporary,1
2011,12,DEU,m,temporary,7
2011,12,PAK,m,temporary,2
2011,12,RUS,m,temporary,18
2011,12,ROU,m,temporary,22
2011,12,SRB,m,temporary,1
2011,12,SVK,m,temporary,4
2011,12,SWE,m,temporary,1
2011,12,TUN,m,temporary,3
2011,12,TUR,m,temporary,3
2011,12,UKR,m,temporary,31
2011,12,USA,m,temporary,1
2011,12,HUN,m,temporary,3
2011,12,GBR,m,temporary,2
2011,12,VNM,m,temporary,40
2011,12,ITA,m,temporary,2
2011,12,"",m,temporary,1
2011,12,"",m,temporary,2
2011,12,AFG,m,convicted,1
2011,12,DZA,m,convicted,3
2011,12,ARM,m,convicted,19
2011,12,AUT,m,convicted,1
2011,12,AZE,m,convicted,2
2011,12,BLR,m,convicted,13
2011,12,BGR,m,convicted,21
2011,12,HRV,m,convicted,2
2011,12,CYP,m,convicted,1
2011,12,CZE,m,convicted,6
2011,12,EGY,m,convicted,1
2011,12,GRC,m,convicted,1
2011,12,GEO,m,convicted,8
2011,12,GIN,m,convicted,1
2011,12,NLD,m,convicted,1
2011,12,ISR,m,convicted,1
2011,12,JOR,m,convicted,1
2011,12,KAZ,m,convicted,1
2011,12,COL,m,convicted,2
2011,12,CUB,m,convicted,1
2011,12,LBN,m,convicted,1
2011,12,LTU,m,convicted,22
2011,12,LVA,m,convicted,6
2011,12,MKD,m,convicted,1
2011,12,MAR,m,convicted,1
2011,12,MDA,m,convicted,2
2011,12,DEU,m,convicted,16
2011,12,NGA,m,convicted,5
2011,12,PAK,m,convicted,2
2011,12,RUS,m,convicted,26
2011,12,ROU,m,convicted,22
2011,12,SRB,m,convicted,2
2011,12,SOM,m,convicted,1
2011,12,LKA,m,convicted,1
2011,12,TUR,m,convicted,2
2011,12,UKR,m,convicted,42
2011,12,GBR,m,convicted,2
2011,12,VNM,m,convicted,25
2011,12,"",m,convicted,2
2011,12,NLD,m,punished,1
2011,12,RUS,m,punished,1
2011,12,SVK,m,punished,1
2011,12,ARM,f,temporary,1
2011,12,BLR,f,temporary,1
2011,12,BGR,f,temporary,6
2011,12,CZE,f,temporary,1
2011,12,NLD,f,temporary,1
2011,12,RUS,f,temporary,1
2011,12,SVK,f,temporary,1
2011,12,UKR,f,temporary,5
2011,12,GBR,f,temporary,1
2011,12,BLR,f,convicted,2
2011,12,UKR,f,convicted,5
2011,12,VNM,f,convicted,1
2012,1,ALB,m,temporary,1
2012,1,DZA,m,temporary,1
2012,1,ARM,m,temporary,9
2012,1,BLR,m,temporary,9
2012,1,BGR,m,temporary,18
2012,1,CZE,m,temporary,4
2012,1,EST,m,temporary,1
2012,1,GRC,m,temporary,1
2012,1,GEO,m,temporary,6
2012,1,ESP,m,temporary,2
2012,1,NLD,m,temporary,8
2012,1,ISR,m,temporary,1
2012,1,COL,m,temporary,3
2012,1,LBY,m,temporary,1
2012,1,LTU,m,temporary,27
2012,1,LVA,m,temporary,5
2012,1,MEX,m,temporary,1
2012,1,MDA,m,temporary,1
2012,1,MNG,m,temporary,1
2012,1,DEU,m,temporary,9
2012,1,PAK,m,temporary,2
2012,1,RUS,m,temporary,26
2012,1,ROU,m,temporary,21
2012,1,SRB,m,temporary,1
2012,1,SVK,m,temporary,2
2012,1,TUN,m,temporary,4
2012,1,TUR,m,temporary,4
2012,1,UKR,m,temporary,35
2012,1,USA,m,temporary,1
2012,1,HUN,m,temporary,4
2012,1,GBR,m,temporary,1
2012,1,VNM,m,temporary,39
2012,1,ITA,m,temporary,1
2012,1,"",m,temporary,1
2012,1,"",m,temporary,1
2012,1,AFG,m,convicted,1
2012,1,ALB,m,convicted,1
2012,1,DZA,m,convicted,3
2012,1,ARM,m,convicted,19
2012,1,AUT,m,convicted,1
2012,1,AZE,m,convicted,2
2012,1,BLR,m,convicted,16
2012,1,BGR,m,convicted,26
2012,1,HRV,m,convicted,2
2012,1,CYP,m,convicted,1
2012,1,CZE,m,convicted,7
2012,1,EGY,m,convicted,1
2012,1,GRC,m,convicted,1
2012,1,GEO,m,convicted,8
2012,1,GIN,m,convicted,1
2012,1,NLD,m,convicted,1
2012,1,ISR,m,convicted,1
2012,1,JOR,m,convicted,1
2012,1,CMR,m,convicted,3
2012,1,KAZ,m,convicted,1
2012,1,COL,m,convicted,2
2012,1,CUB,m,convicted,1
2012,1,LBN,m,convicted,1
2012,1,LTU,m,convicted,21
2012,1,LVA,m,convicted,7
2012,1,MKD,m,convicted,1
2012,1,MAR,m,convicted,1
2012,1,MDA,m,convicted,2
2012,1,DEU,m,convicted,13
2012,1,NGA,m,convicted,5
2012,1,PAK,m,convicted,2
2012,1,RUS,m,convicted,26
2012,1,ROU,m,convicted,21
2012,1,SRB,m,convicted,2
2012,1,SOM,m,convicted,1
2012,1,LKA,m,convicted,1
2012,1,SWE,m,convicted,1
2012,1,TUR,m,convicted,2
2012,1,UKR,m,convicted,42
2012,1,GBR,m,convicted,2
2012,1,VNM,m,convicted,27
2012,1,ITA,m,convicted,1
2012,1,"",m,convicted,1
2012,1,UKR,m,punished,1
2012,1,ARM,f,temporary,1
2012,1,BLR,f,temporary,1
2012,1,BGR,f,temporary,2
2012,1,CZE,f,temporary,1
2012,1,NLD,f,temporary,1
2012,1,RUS,f,temporary,1
2012,1,UKR,f,temporary,5
2012,1,GBR,f,temporary,1
2012,1,ARM,f,convicted,1
2012,1,BLR,f,convicted,2
2012,1,UKR,f,convicted,5
2012,1,VNM,f,convicted,1
2012,2,ALB,m,temporary,1
2012,2,DZA,m,temporary,1
2012,2,ARG,m,temporary,1
2012,2,ARM,m,temporary,10
2012,2,BLR,m,temporary,8
2012,2,BGR,m,temporary,19
2012,2,CZE,m,temporary,3
2012,2,EGY,m,temporary,1
2012,2,EST,m,temporary,1
2012,2,GRC,m,temporary,1
2012,2,GEO,m,temporary,7
2012,2,ESP,m,temporary,2
2012,2,NLD,m,temporary,6
2012,2,ISL,m,temporary,1
2012,2,ISR,m,temporary,2
2012,2,KAZ,m,temporary,1
2012,2,COL,m,temporary,3
2012,2,LBY,m,temporary,1
2012,2,LTU,m,temporary,29
2012,2,LVA,m,temporary,3
2012,2,MDA,m,temporary,2
2012,2,MNG,m,temporary,1
2012,2,NPL,m,temporary,1
2012,2,DEU,m,temporary,7
2012,2,NGA,m,temporary,1
2012,2,PAK,m,temporary,2
2012,2,RUS,m,temporary,24
2012,2,ROU,m,temporary,24
2012,2,SRB,m,temporary,1
2012,2,SVK,m,temporary,1
2012,2,SOM,m,temporary,1
2012,2,TUN,m,temporary,4
2012,2,TUR,m,temporary,4
2012,2,UKR,m,temporary,36
2012,2,USA,m,temporary,1
2012,2,HUN,m,temporary,2
2012,2,GBR,m,temporary,1
2012,2,VNM,m,temporary,36
2012,2,ITA,m,temporary,1
2012,2,"",m,temporary,3
2012,2,AFG,m,convicted,1
2012,2,DZA,m,convicted,3
2012,2,ARM,m,convicted,19
2012,2,AUT,m,convicted,1
2012,2,AZE,m,convicted,2
2012,2,BLR,m,convicted,17
2012,2,BGR,m,convicted,23
2012,2,HRV,m,convicted,2
2012,2,CYP,m,convicted,1
2012,2,CZE,m,convicted,6
2012,2,EGY,m,convicted,1
2012,2,GRC,m,convicted,1
2012,2,GEO,m,convicted,8
2012,2,GIN,m,convicted,1
2012,2,NLD,m,convicted,1
2012,2,ISR,m,convicted,1
2012,2,JOR,m,convicted,1
2012,2,CMR,m,convicted,3
2012,2,KAZ,m,convicted,2
2012,2,COL,m,convicted,2
2012,2,CUB,m,convicted,1
2012,2,LBN,m,convicted,1
2012,2,LTU,m,convicted,22
2012,2,LVA,m,convicted,6
2012,2,MKD,m,convicted,1
2012,2,MAR,m,convicted,1
2012,2,MDA,m,convicted,2
2012,2,DEU,m,convicted,12
2012,2,NGA,m,convicted,4
2012,2,PAK,m,convicted,2
2012,2,RUS,m,convicted,26
2012,2,ROU,m,convicted,24
2012,2,SRB,m,convicted,2
2012,2,LKA,m,convicted,1
2012,2,SWE,m,convicted,1
2012,2,TUN,m,convicted,1
2012,2,TUR,m,convicted,2
2012,2,UKR,m,convicted,42
2012,2,USA,m,convicted,1
2012,2,UZB,m,convicted,1
2012,2,HUN,m,convicted,1
2012,2,GBR,m,convicted,3
2012,2,VNM,m,convicted,21
2012,2,ITA,m,convicted,1
2012,2,ZMB,m,convicted,1
2012,2,"",m,convicted,1
2012,2,LTU,m,punished,1
2012,2,UKR,m,punished,1
2012,2,ARM,f,temporary,1
2012,2,BLR,f,temporary,1
2012,2,BGR,f,temporary,2
2012,2,CZE,f,temporary,1
2012,2,NLD,f,temporary,1
2012,2,RUS,f,temporary,1
2012,2,UKR,f,temporary,3
2012,2,HUN,f,temporary,1
2012,2,GBR,f,temporary,1
2012,2,ARM,f,convicted,1
2012,2,BLR,f,convicted,2
2012,2,UKR,f,convicted,5
2012,2,VNM,f,convicted,1
2012,3,ALB,m,temporary,1
2012,3,DZA,m,temporary,1
2012,3,ARG,m,temporary,1
2012,3,ARM,m,temporary,10
2012,3,BLR,m,temporary,8
2012,3,BGR,m,temporary,26
2012,3,CHN,m,temporary,1
2012,3,CZE,m,temporary,5
2012,3,EGY,m,temporary,1
2012,3,EST,m,temporary,1
2012,3,GRC,m,temporary,1
2012,3,GEO,m,temporary,11
2012,3,ESP,m,temporary,2
2012,3,NLD,m,temporary,6
2012,3,IND,m,temporary,1
2012,3,ISR,m,temporary,2
2012,3,KAZ,m,temporary,1
2012,3,COL,m,temporary,3
2012,3,LBY,m,temporary,1
2012,3,LTU,m,temporary,25
2012,3,LVA,m,temporary,8
2012,3,MDA,m,temporary,1
2012,3,NPL,m,temporary,1
2012,3,DEU,m,temporary,7
2012,3,NGA,m,temporary,2
2012,3,PAK,m,temporary,2
2012,3,RUS,m,temporary,24
2012,3,ROU,m,temporary,22
2012,3,SVK,m,temporary,2
2012,3,SOM,m,temporary,1
2012,3,TUN,m,temporary,4
2012,3,TUR,m,temporary,3
2012,3,UKR,m,temporary,39
2012,3,USA,m,temporary,1
2012,3,HUN,m,temporary,2
2012,3,VNM,m,temporary,37
2012,3,ITA,m,temporary,3
2012,3,"",m,temporary,3
2012,3,AFG,m,convicted,1
2012,3,DZA,m,convicted,5
2012,3,ARM,m,convicted,18
2012,3,AUT,m,convicted,1
2012,3,AZE,m,convicted,2
2012,3,BLR,m,convicted,18
2012,3,BGR,m,convicted,24
2012,3,HRV,m,convicted,2
2012,3,CYP,m,convicted,1
2012,3,CZE,m,convicted,5
2012,3,EGY,m,convicted,1
2012,3,GRC,m,convicted,1
2012,3,GEO,m,convicted,7
2012,3,GIN,m,convicted,1
2012,3,ISR,m,convicted,1
2012,3,JOR,m,convicted,1
2012,3,CMR,m,convicted,3
2012,3,KAZ,m,convicted,2
2012,3,COL,m,convicted,2
2012,3,CUB,m,convicted,1
2012,3,LBN,m,convicted,1
2012,3,LBY,m,convicted,1
2012,3,LTU,m,convicted,20
2012,3,LVA,m,convicted,6
2012,3,MKD,m,convicted,1
2012,3,MAR,m,convicted,1
2012,3,MDA,m,convicted,2
2012,3,DEU,m,convicted,10
2012,3,NGA,m,convicted,4
2012,3,PAK,m,convicted,2
2012,3,RUS,m,convicted,28
2012,3,ROU,m,convicted,25
2012,3,SRB,m,convicted,2
2012,3,SVK,m,convicted,1
2012,3,LKA,m,convicted,1
2012,3,SWE,m,convicted,1
2012,3,TUN,m,convicted,1
2012,3,TUR,m,convicted,2
2012,3,UKR,m,convicted,44
2012,3,USA,m,convicted,1
2012,3,UZB,m,convicted,1
2012,3,HUN,m,convicted,1
2012,3,GBR,m,convicted,3
2012,3,VNM,m,convicted,24
2012,3,ITA,m,convicted,1
2012,3,ZMB,m,convicted,1
2012,3,"",m,convicted,1
2012,3,LTU,m,punished,1
2012,3,RUS,m,punished,1
2012,3,ARM,f,temporary,1
2012,3,BLR,f,temporary,1
2012,3,BGR,f,temporary,2
2012,3,CZE,f,temporary,1
2012,3,NLD,f,temporary,1
2012,3,RUS,f,temporary,1
2012,3,UKR,f,temporary,3
2012,3,GBR,f,temporary,1
2012,3,ARM,f,convicted,1
2012,3,BLR,f,convicted,2
2012,3,UKR,f,convicted,5
2012,3,VNM,f,convicted,1
2012,4,ALB,m,temporary,1
2012,4,DZA,m,temporary,1
2012,4,ARG,m,temporary,1
2012,4,ARM,m,temporary,9
2012,4,BLR,m,temporary,7
2012,4,BGR,m,temporary,28
2012,4,CHN,m,temporary,1
2012,4,CZE,m,temporary,2
2012,4,EST,m,temporary,1
2012,4,GRC,m,temporary,1
2012,4,GEO,m,temporary,11
2012,4,ESP,m,temporary,2
2012,4,NLD,m,temporary,6
2012,4,IND,m,temporary,1
2012,4,ISR,m,temporary,2
2012,4,KAZ,m,temporary,1
2012,4,COL,m,temporary,3
2012,4,LBY,m,temporary,1
2012,4,LTU,m,temporary,20
2012,4,LVA,m,temporary,12
2012,4,MDA,m,temporary,1
2012,4,DEU,m,temporary,5
2012,4,NGA,m,temporary,4
2012,4,PAK,m,temporary,4
2012,4,RUS,m,temporary,23
2012,4,ROU,m,temporary,24
2012,4,SVK,m,temporary,2
2012,4,SOM,m,temporary,1
2012,4,CHE,m,temporary,1
2012,4,SWE,m,temporary,2
2012,4,TUN,m,temporary,2
2012,4,TUR,m,temporary,2
2012,4,UKR,m,temporary,32
2012,4,USA,m,temporary,1
2012,4,HUN,m,temporary,2
2012,4,VNM,m,temporary,36
2012,4,ITA,m,temporary,4
2012,4,"",m,temporary,4
2012,4,DZA,m,convicted,6
2012,4,ARM,m,convicted,16
2012,4,AUT,m,convicted,1
2012,4,AZE,m,convicted,2
2012,4,BLR,m,convicted,17
2012,4,BGR,m,convicted,25
2012,4,HRV,m,convicted,2
2012,4,CYP,m,convicted,1
2012,4,CZE,m,convicted,6
2012,4,EGY,m,convicted,1
2012,4,GRC,m,convicted,1
2012,4,GEO,m,convicted,7
2012,4,GIN,m,convicted,1
2012,4,ISR,m,convicted,1
2012,4,JOR,m,convicted,1
2012,4,"",m,convicted,1
2012,4,CMR,m,convicted,3
2012,4,KAZ,m,convicted,2
2012,4,COL,m,convicted,2
2012,4,CUB,m,convicted,1
2012,4,LBN,m,convicted,1
2012,4,LBY,m,convicted,1
2012,4,LTU,m,convicted,23
2012,4,LVA,m,convicted,6
2012,4,MKD,m,convicted,1
2012,4,MAR,m,convicted,1
2012,4,MDA,m,convicted,3
2012,4,DEU,m,convicted,10
2012,4,NGA,m,convicted,5
2012,4,PAK,m,convicted,1
2012,4,RUS,m,convicted,31
2012,4,ROU,m,convicted,27
2012,4,SRB,m,convicted,3
2012,4,SVK,m,convicted,1
2012,4,LKA,m,convicted,1
2012,4,TUN,m,convicted,2
2012,4,TUR,m,convicted,3
2012,4,UKR,m,convicted,44
2012,4,USA,m,convicted,1
2012,4,UZB,m,convicted,1
2012,4,HUN,m,convicted,1
2012,4,GBR,m,convicted,3
2012,4,VNM,m,convicted,26
2012,4,ITA,m,convicted,1
2012,4,ZMB,m,convicted,1
2012,4,"",m,convicted,1
2012,4,LTU,m,punished,1
2012,4,ARM,f,temporary,1
2012,4,BLR,f,temporary,2
2012,4,BGR,f,temporary,1
2012,4,CZE,f,temporary,1
2012,4,NLD,f,temporary,1
2012,4,RUS,f,temporary,1
2012,4,SVK,f,temporary,1
2012,4,UKR,f,temporary,1
2012,4,ARM,f,convicted,1
2012,4,BLR,f,convicted,2
2012,4,BGR,f,convicted,1
2012,4,UKR,f,convicted,5
2012,4,VNM,f,convicted,1
2012,5,DZA,m,temporary,1
2012,5,ARG,m,temporary,1
2012,5,ARM,m,temporary,9
2012,5,AZE,m,temporary,1
2012,5,BLR,m,temporary,7
2012,5,BGR,m,temporary,23
2012,5,CHN,m,temporary,1
2012,5,HRV,m,temporary,1
2012,5,CZE,m,temporary,4
2012,5,EST,m,temporary,1
2012,5,GRC,m,temporary,1
2012,5,GEO,m,temporary,13
2012,5,ESP,m,temporary,3
2012,5,NLD,m,temporary,5
2012,5,IND,m,temporary,1
2012,5,ISR,m,temporary,2
2012,5,COL,m,temporary,3
2012,5,LBY,m,temporary,1
2012,5,LTU,m,temporary,25
2012,5,LVA,m,temporary,11
2012,5,MDA,m,temporary,2
2012,5,DEU,m,temporary,3
2012,5,NGA,m,temporary,5
2012,5,PAK,m,temporary,4
2012,5,RUS,m,temporary,29
2012,5,ROU,m,temporary,25
2012,5,SVK,m,temporary,1
2012,5,SOM,m,temporary,1
2012,5,SYR,m,temporary,1
2012,5,CHE,m,temporary,1
2012,5,SWE,m,temporary,1
2012,5,TUN,m,temporary,1
2012,5,TUR,m,temporary,2
2012,5,UKR,m,temporary,29
2012,5,USA,m,temporary,2
2012,5,HUN,m,temporary,3
2012,5,VNM,m,temporary,33
2012,5,ITA,m,temporary,4
2012,5,"",m,temporary,4
2012,5,ALB,m,convicted,1
2012,5,DZA,m,convicted,5
2012,5,AND,m,convicted,1
2012,5,ARM,m,convicted,16
2012,5,AUT,m,convicted,1
2012,5,AZE,m,convicted,2
2012,5,BLR,m,convicted,18
2012,5,BGR,m,convicted,25
2012,5,HRV,m,convicted,2
2012,5,CYP,m,convicted,1
2012,5,CZE,m,convicted,6
2012,5,FRA,m,convicted,1
2012,5,GRC,m,convicted,1
2012,5,GEO,m,convicted,7
2012,5,GIN,m,convicted,1
2012,5,NLD,m,convicted,1
2012,5,ISR,m,convicted,1
2012,5,JOR,m,convicted,1
2012,5,"",m,convicted,1
2012,5,CMR,m,convicted,3
2012,5,KAZ,m,convicted,2
2012,5,COL,m,convicted,2
2012,5,CUB,m,convicted,1
2012,5,LBN,m,convicted,1
2012,5,LBY,m,convicted,1
2012,5,LTU,m,convicted,24
2012,5,LVA,m,convicted,6
2012,5,MKD,m,convicted,1
2012,5,MAR,m,convicted,1
2012,5,MDA,m,convicted,2
2012,5,DEU,m,convicted,10
2012,5,NGA,m,convicted,5
2012,5,PAK,m,convicted,1
2012,5,PSE,m,convicted,1
2012,5,RUS,m,convicted,30
2012,5,ROU,m,convicted,24
2012,5,SRB,m,convicted,3
2012,5,LKA,m,convicted,1
2012,5,TUN,m,convicted,2
2012,5,TUR,m,convicted,3
2012,5,UKR,m,convicted,44
2012,5,USA,m,convicted,1
2012,5,HUN,m,convicted,1
2012,5,GBR,m,convicted,3
2012,5,VNM,m,convicted,26
2012,5,ITA,m,convicted,1
2012,5,ZMB,m,convicted,1
2012,5,"",m,convicted,2
2012,5,UKR,m,punished,1
2012,5,ARM,f,temporary,1
2012,5,BLR,f,temporary,1
2012,5,BGR,f,temporary,1
2012,5,CZE,f,temporary,1
2012,5,RUS,f,temporary,1
2012,5,UKR,f,temporary,1
2012,5,ARM,f,convicted,1
2012,5,BLR,f,convicted,2
2012,5,BGR,f,convicted,1
2012,5,ROU,f,convicted,1
2012,5,UKR,f,convicted,4
2012,5,VNM,f,convicted,1
2012,5,"",f,convicted,1
2012,6,ARG,m,temporary,1
2012,6,ARM,m,temporary,8
2012,6,AUT,m,temporary,1
2012,6,AZE,m,temporary,1
2012,6,BLR,m,temporary,12
2012,6,BGR,m,temporary,21
2012,6,CHN,m,temporary,2
2012,6,HRV,m,temporary,2
2012,6,CZE,m,temporary,3
2012,6,GRC,m,temporary,1
2012,6,GEO,m,temporary,12
2012,6,ESP,m,temporary,3
2012,6,NLD,m,temporary,5
2012,6,IND,m,temporary,1
2012,6,ISR,m,temporary,1
2012,6,CAN,m,temporary,1
2012,6,COL,m,temporary,3
2012,6,LBY,m,temporary,1
2012,6,LTU,m,temporary,21
2012,6,LVA,m,temporary,8
2012,6,MDA,m,temporary,1
2012,6,DEU,m,temporary,5
2012,6,NGA,m,temporary,4
2012,6,PAK,m,temporary,4
2012,6,RUS,m,temporary,34
2012,6,ROU,m,temporary,23
2012,6,SOM,m,temporary,1
2012,6,SYR,m,temporary,1
2012,6,TUR,m,temporary,2
2012,6,UKR,m,temporary,26
2012,6,USA,m,temporary,2
2012,6,HUN,m,temporary,3
2012,6,VNM,m,temporary,30
2012,6,ITA,m,temporary,3
2012,6,"",m,temporary,3
2012,6,ALB,m,convicted,1
2012,6,DZA,m,convicted,4
2012,6,AND,m,convicted,1
2012,6,ARM,m,convicted,17
2012,6,AUT,m,convicted,1
2012,6,AZE,m,convicted,2
2012,6,BLR,m,convicted,17
2012,6,BGR,m,convicted,22
2012,6,HRV,m,convicted,2
2012,6,CYP,m,convicted,1
2012,6,CZE,m,convicted,6
2012,6,FRA,m,convicted,1
2012,6,GRC,m,convicted,1
2012,6,GEO,m,convicted,7
2012,6,GIN,m,convicted,1
2012,6,NLD,m,convicted,1
2012,6,ISR,m,convicted,1
2012,6,JOR,m,convicted,1
2012,6,"",m,convicted,1
2012,6,CMR,m,convicted,3
2012,6,KAZ,m,convicted,2
2012,6,COL,m,convicted,2
2012,6,CUB,m,convicted,1
2012,6,LBN,m,convicted,1
2012,6,LBY,m,convicted,1
2012,6,LTU,m,convicted,23
2012,6,LVA,m,convicted,5
2012,6,MKD,m,convicted,1
2012,6,MAR,m,convicted,1
2012,6,MDA,m,convicted,2
2012,6,DEU,m,convicted,8
2012,6,NGA,m,convicted,5
2012,6,PAK,m,convicted,1
2012,6,PSE,m,convicted,1
2012,6,RUS,m,convicted,31
2012,6,ROU,m,convicted,22
2012,6,SRB,m,convicted,2
2012,6,SVK,m,convicted,1
2012,6,LKA,m,convicted,1
2012,6,TUN,m,convicted,2
2012,6,TUR,m,convicted,3
2012,6,UKR,m,convicted,42
2012,6,USA,m,convicted,2
2012,6,HUN,m,convicted,1
2012,6,GBR,m,convicted,3
2012,6,VNM,m,convicted,25
2012,6,ITA,m,convicted,1
2012,6,ZMB,m,convicted,1
2012,6,"",m,convicted,2
2012,6,UKR,m,punished,1
2012,6,ARM,f,temporary,1
2012,6,BGR,f,temporary,1
2012,6,CZE,f,temporary,1
2012,6,LTU,f,temporary,1
2012,6,RUS,f,temporary,1
2012,6,UKR,f,temporary,1
2012,6,BLR,f,convicted,2
2012,6,BGR,f,convicted,1
2012,6,ROU,f,convicted,1
2012,6,UKR,f,convicted,5
2012,6,VNM,f,convicted,1
2012,6,"",f,convicted,2
2012,7,AFG,m,temporary,1
2012,7,ARG,m,temporary,1
2012,7,ARM,m,temporary,9
2012,7,AZE,m,temporary,1
2012,7,BLR,m,temporary,13
2012,7,BGR,m,temporary,18
2012,7,CHN,m,temporary,1
2012,7,HRV,m,temporary,1
2012,7,CZE,m,temporary,4
2012,7,GRC,m,temporary,1
2012,7,GEO,m,temporary,11
2012,7,ESP,m,temporary,3
2012,7,NLD,m,temporary,5
2012,7,IND,m,temporary,1
2012,7,IRN,m,temporary,1
2012,7,ISR,m,temporary,1
2012,7,COL,m,temporary,3
2012,7,LTU,m,temporary,21
2012,7,LVA,m,temporary,6
2012,7,MDA,m,temporary,1
2012,7,DEU,m,temporary,3
2012,7,NGA,m,temporary,5
2012,7,PAK,m,temporary,5
2012,7,RUS,m,temporary,27
2012,7,ROU,m,temporary,27
2012,7,SRB,m,temporary,1
2012,7,SVK,m,temporary,1
2012,7,SOM,m,temporary,1
2012,7,SYR,m,temporary,1
2012,7,SWE,m,temporary,1
2012,7,TUR,m,temporary,2
2012,7,UKR,m,temporary,34
2012,7,USA,m,temporary,2
2012,7,HUN,m,temporary,2
2012,7,GBR,m,temporary,1
2012,7,VNM,m,temporary,31
2012,7,ITA,m,temporary,3
2012,7,"",m,temporary,3
2012,7,ALB,m,convicted,1
2012,7,DZA,m,convicted,4
2012,7,ARM,m,convicted,15
2012,7,AUT,m,convicted,1
2012,7,AZE,m,convicted,2
2012,7,BLR,m,convicted,17
2012,7,BGR,m,convicted,21
2012,7,HRV,m,convicted,2
2012,7,CYP,m,convicted,1
2012,7,CZE,m,convicted,5
2012,7,FRA,m,convicted,2
2012,7,GRC,m,convicted,1
2012,7,GEO,m,convicted,7
2012,7,GIN,m,convicted,1
2012,7,NLD,m,convicted,1
2012,7,ISR,m,convicted,1
2012,7,JOR,m,convicted,1
2012,7,"",m,convicted,1
2012,7,CMR,m,convicted,3
2012,7,KAZ,m,convicted,1
2012,7,COL,m,convicted,2
2012,7,CUB,m,convicted,1
2012,7,LBN,m,convicted,1
2012,7,LBY,m,convicted,2
2012,7,LTU,m,convicted,21
2012,7,LVA,m,convicted,5
2012,7,MKD,m,convicted,1
2012,7,MAR,m,convicted,1
2012,7,MDA,m,convicted,2
2012,7,DEU,m,convicted,9
2012,7,NGA,m,convicted,4
2012,7,PAK,m,convicted,1
2012,7,PSE,m,convicted,1
2012,7,RUS,m,convicted,31
2012,7,ROU,m,convicted,22
2012,7,SRB,m,convicted,2
2012,7,LKA,m,convicted,1
2012,7,TUN,m,convicted,2
2012,7,TUR,m,convicted,3
2012,7,UKR,m,convicted,42
2012,7,USA,m,convicted,2
2012,7,HUN,m,convicted,1
2012,7,GBR,m,convicted,3
2012,7,VNM,m,convicted,26
2012,7,ITA,m,convicted,1
2012,7,ZMB,m,convicted,1
2012,7,"",m,convicted,2
2012,7,LTU,m,punished,1
2012,7,RUS,m,punished,2
2012,7,ARM,f,temporary,1
2012,7,BGR,f,temporary,1
2012,7,CZE,f,temporary,1
2012,7,LTU,f,temporary,1
2012,7,UKR,f,temporary,1
2012,7,BLR,f,convicted,2
2012,7,BGR,f,convicted,1
2012,7,ROU,f,convicted,2
2012,7,UKR,f,convicted,4
2012,7,VNM,f,convicted,1
2012,7,"",f,convicted,2
2012,8,AFG,m,temporary,1
2012,8,ALB,m,temporary,1
2012,8,ARG,m,temporary,1
2012,8,ARM,m,temporary,9
2012,8,AZE,m,temporary,1
2012,8,BEL,m,temporary,1
2012,8,BLR,m,temporary,15
2012,8,BGR,m,temporary,19
2012,8,CHN,m,temporary,1
2012,8,HRV,m,temporary,1
2012,8,CZE,m,temporary,3
2012,8,GRC,m,temporary,1
2012,8,GEO,m,temporary,13
2012,8,ESP,m,temporary,4
2012,8,NLD,m,temporary,5
2012,8,IND,m,temporary,1
2012,8,IRN,m,temporary,1
2012,8,ISR,m,temporary,1
2012,8,YEM,m,temporary,1
2012,8,CAN,m,temporary,1
2012,8,COL,m,temporary,3
2012,8,LTU,m,temporary,22
2012,8,LVA,m,temporary,6
2012,8,MDA,m,temporary,1
2012,8,DEU,m,temporary,3
2012,8,NGA,m,temporary,4
2012,8,PAK,m,temporary,7
2012,8,RUS,m,temporary,24
2012,8,ROU,m,temporary,27
2012,8,SRB,m,temporary,2
2012,8,SVK,m,temporary,1
2012,8,SOM,m,temporary,1
2012,8,SYR,m,temporary,1
2012,8,SWE,m,temporary,1
2012,8,TUR,m,temporary,2
2012,8,UKR,m,temporary,37
2012,8,USA,m,temporary,4
2012,8,HUN,m,temporary,4
2012,8,VNM,m,temporary,29
2012,8,ITA,m,temporary,4
2012,8,"",m,temporary,3
2012,8,ALB,m,convicted,1
2012,8,DZA,m,convicted,4
2012,8,ARM,m,convicted,16
2012,8,AUT,m,convicted,1
2012,8,AZE,m,convicted,2
2012,8,BLR,m,convicted,18
2012,8,BGR,m,convicted,23
2012,8,HRV,m,convicted,2
2012,8,CYP,m,convicted,1
2012,8,CZE,m,convicted,5
2012,8,FRA,m,convicted,1
2012,8,GRC,m,convicted,1
2012,8,GEO,m,convicted,6
2012,8,GIN,m,convicted,1
2012,8,NLD,m,convicted,1
2012,8,ISR,m,convicted,1
2012,8,JOR,m,convicted,1
2012,8,"",m,convicted,1
2012,8,CMR,m,convicted,1
2012,8,KAZ,m,convicted,1
2012,8,COL,m,convicted,2
2012,8,CUB,m,convicted,1
2012,8,LBN,m,convicted,1
2012,8,LBY,m,convicted,2
2012,8,LTU,m,convicted,23
2012,8,LVA,m,convicted,4
2012,8,MKD,m,convicted,1
2012,8,MAR,m,convicted,1
2012,8,MDA,m,convicted,2
2012,8,DEU,m,convicted,10
2012,8,NGA,m,convicted,4
2012,8,PAK,m,convicted,1
2012,8,PSE,m,convicted,1
2012,8,RUS,m,convicted,25
2012,8,ROU,m,convicted,27
2012,8,SRB,m,convicted,2
2012,8,LKA,m,convicted,1
2012,8,TUN,m,convicted,2
2012,8,TUR,m,convicted,3
2012,8,UKR,m,convicted,42
2012,8,HUN,m,convicted,1
2012,8,GBR,m,convicted,3
2012,8,VNM,m,convicted,27
2012,8,ITA,m,convicted,1
2012,8,ZMB,m,convicted,1
2012,8,"",m,convicted,3
2012,8,RUS,m,punished,1
2012,8,ARM,f,temporary,1
2012,8,BGR,f,temporary,2
2012,8,CZE,f,temporary,1
2012,8,LTU,f,temporary,1
2012,8,DEU,f,temporary,1
2012,8,UKR,f,temporary,2
2012,8,HUN,f,temporary,1
2012,8,BLR,f,convicted,2
2012,8,BGR,f,convicted,1
2012,8,ROU,f,convicted,2
2012,8,UKR,f,convicted,4
2012,8,VNM,f,convicted,1
2012,8,"",f,convicted,2
2012,8,ROU,f,punished,1
2012,9,AFG,m,temporary,1
2012,9,ALB,m,temporary,1
2012,9,ARG,m,temporary,1
2012,9,ARM,m,temporary,7
2012,9,AZE,m,temporary,1
2012,9,BLR,m,temporary,15
2012,9,BGR,m,temporary,22
2012,9,CHN,m,temporary,1
2012,9,HRV,m,temporary,1
2012,9,CZE,m,temporary,2
2012,9,FRA,m,temporary,1
2012,9,GRC,m,temporary,1
2012,9,GEO,m,temporary,10
2012,9,ESP,m,temporary,3
2012,9,NLD,m,temporary,5
2012,9,IND,m,temporary,1
2012,9,IRL,m,temporary,1
2012,9,ISR,m,temporary,2
2012,9,YEM,m,temporary,1
2012,9,CAN,m,temporary,1
2012,9,COL,m,temporary,3
2012,9,LTU,m,temporary,23
2012,9,LVA,m,temporary,6
2012,9,MDA,m,temporary,2
2012,9,DEU,m,temporary,5
2012,9,NGA,m,temporary,5
2012,9,PAK,m,temporary,4
2012,9,RUS,m,temporary,27
2012,9,ROU,m,temporary,23
2012,9,SRB,m,temporary,2
2012,9,SVK,m,temporary,5
2012,9,SOM,m,temporary,1
2012,9,SYR,m,temporary,2
2012,9,SWE,m,temporary,1
2012,9,TUR,m,temporary,3
2012,9,UKR,m,temporary,34
2012,9,USA,m,temporary,2
2012,9,HUN,m,temporary,3
2012,9,VNM,m,temporary,27
2012,9,ITA,m,temporary,5
2012,9,"",m,temporary,3
2012,9,ALB,m,convicted,1
2012,9,DZA,m,convicted,4
2012,9,ARM,m,convicted,14
2012,9,AUT,m,convicted,1
2012,9,AZE,m,convicted,2
2012,9,BLR,m,convicted,18
2012,9,BGR,m,convicted,26
2012,9,HRV,m,convicted,2
2012,9,CYP,m,convicted,1
2012,9,CZE,m,convicted,6
2012,9,FRA,m,convicted,1
2012,9,GRC,m,convicted,1
2012,9,GEO,m,convicted,6
2012,9,ESP,m,convicted,1
2012,9,NLD,m,convicted,1
2012,9,ISR,m,convicted,1
2012,9,JOR,m,convicted,1
2012,9,"",m,convicted,1
2012,9,CMR,m,convicted,1
2012,9,KAZ,m,convicted,1
2012,9,COL,m,convicted,2
2012,9,LBN,m,convicted,1
2012,9,LBY,m,convicted,2
2012,9,LTU,m,convicted,28
2012,9,LVA,m,convicted,4
2012,9,MKD,m,convicted,1
2012,9,MAR,m,convicted,1
2012,9,MDA,m,convicted,2
2012,9,DEU,m,convicted,9
2012,9,NGA,m,convicted,5
2012,9,PAK,m,convicted,1
2012,9,PSE,m,convicted,1
2012,9,RUS,m,convicted,27
2012,9,ROU,m,convicted,25
2012,9,SRB,m,convicted,2
2012,9,LKA,m,convicted,1
2012,9,TUN,m,convicted,2
2012,9,TUR,m,convicted,3
2012,9,UKR,m,convicted,44
2012,9,HUN,m,convicted,1
2012,9,GBR,m,convicted,3
2012,9,VNM,m,convicted,26
2012,9,ZMB,m,convicted,1
2012,9,"",m,convicted,3
2012,9,RUS,m,punished,1
2012,9,"",m,punished,1
2012,9,ARM,f,temporary,1
2012,9,BGR,f,temporary,2
2012,9,LTU,f,temporary,1
2012,9,UKR,f,temporary,1
2012,9,BLR,f,convicted,2
2012,9,BGR,f,convicted,1
2012,9,ROU,f,convicted,2
2012,9,UKR,f,convicted,3
2012,9,VNM,f,convicted,1
2012,9,"",f,convicted,1
2012,10,AFG,m,temporary,1
2012,10,ALB,m,temporary,1
2012,10,ARG,m,temporary,1
2012,10,ARM,m,temporary,6
2012,10,AZE,m,temporary,2
2012,10,BLR,m,temporary,13
2012,10,BGR,m,temporary,16
2012,10,CHN,m,temporary,1
2012,10,HRV,m,temporary,1
2012,10,CZE,m,temporary,3
2012,10,GRC,m,temporary,1
2012,10,GEO,m,temporary,9
2012,10,GIN,m,temporary,1
2012,10,ESP,m,temporary,1
2012,10,NLD,m,temporary,6
2012,10,IND,m,temporary,1
2012,10,IRL,m,temporary,1
2012,10,ISR,m,temporary,2
2012,10,YEM,m,temporary,1
2012,10,COL,m,temporary,3
2012,10,LTU,m,temporary,20
2012,10,LVA,m,temporary,8
2012,10,MDA,m,temporary,1
2012,10,DEU,m,temporary,5
2012,10,NGA,m,temporary,7
2012,10,PAK,m,temporary,4
2012,10,RUS,m,temporary,27
2012,10,ROU,m,temporary,24
2012,10,SRB,m,temporary,2
2012,10,SVK,m,temporary,3
2012,10,SOM,m,temporary,1
2012,10,SYR,m,temporary,2
2012,10,TUR,m,temporary,4
2012,10,UKR,m,temporary,33
2012,10,USA,m,temporary,2
2012,10,HUN,m,temporary,1
2012,10,VNM,m,temporary,27
2012,10,ITA,m,temporary,4
2012,10,"",m,temporary,3
2012,10,ALB,m,convicted,1
2012,10,DZA,m,convicted,4
2012,10,ARM,m,convicted,16
2012,10,AUT,m,convicted,1
2012,10,AZE,m,convicted,2
2012,10,BLR,m,convicted,19
2012,10,BGR,m,convicted,30
2012,10,HRV,m,convicted,2
2012,10,CYP,m,convicted,1
2012,10,CZE,m,convicted,6
2012,10,GRC,m,convicted,1
2012,10,GEO,m,convicted,6
2012,10,ESP,m,convicted,1
2012,10,NLD,m,convicted,1
2012,10,ISR,m,convicted,1
2012,10,JOR,m,convicted,1
2012,10,"",m,convicted,1
2012,10,CMR,m,convicted,1
2012,10,KAZ,m,convicted,1
2012,10,KEN,m,convicted,1
2012,10,COL,m,convicted,2
2012,10,LBN,m,convicted,1
2012,10,LBY,m,convicted,3
2012,10,LTU,m,convicted,26
2012,10,LVA,m,convicted,5
2012,10,MKD,m,convicted,1
2012,10,MAR,m,convicted,1
2012,10,MDA,m,convicted,2
2012,10,DEU,m,convicted,10
2012,10,NGA,m,convicted,5
2012,10,PAK,m,convicted,1
2012,10,PSE,m,convicted,1
2012,10,RUS,m,convicted,28
2012,10,ROU,m,convicted,26
2012,10,SRB,m,convicted,2
2012,10,SVK,m,convicted,1
2012,10,LKA,m,convicted,1
2012,10,TUN,m,convicted,2
2012,10,TUR,m,convicted,3
2012,10,UKR,m,convicted,44
2012,10,HUN,m,convicted,1
2012,10,GBR,m,convicted,3
2012,10,VNM,m,convicted,26
2012,10,ZMB,m,convicted,1
2012,10,"",m,convicted,3
2012,10,LTU,m,punished,1
2012,10,DEU,m,punished,1
2012,10,ROU,m,punished,1
2012,10,UKR,m,punished,1
2012,10,ARM,f,temporary,1
2012,10,BGR,f,temporary,2
2012,10,LTU,f,temporary,1
2012,10,UKR,f,temporary,2
2012,10,BLR,f,convicted,2
2012,10,BGR,f,convicted,1
2012,10,ROU,f,convicted,3
2012,10,UKR,f,convicted,5
2012,10,VNM,f,convicted,1
2012,10,"",f,convicted,1
2012,11,AFG,m,temporary,1
2012,11,ALB,m,temporary,1
2012,11,ARG,m,temporary,1
2012,11,ARM,m,temporary,6
2012,11,AZE,m,temporary,2
2012,11,BGD,m,temporary,4
2012,11,BEL,m,temporary,1
2012,11,BLR,m,temporary,10
2012,11,BGR,m,temporary,20
2012,11,CHN,m,temporary,1
2012,11,HRV,m,temporary,1
2012,11,CZE,m,temporary,2
2012,11,GEO,m,temporary,9
2012,11,GIN,m,temporary,1
2012,11,ESP,m,temporary,1
2012,11,NLD,m,temporary,6
2012,11,IRL,m,temporary,1
2012,11,ISR,m,temporary,1
2012,11,YEM,m,temporary,1
2012,11,COL,m,temporary,4
2012,11,LTU,m,temporary,23
2012,11,LVA,m,temporary,8
2012,11,MDA,m,temporary,1
2012,11,DEU,m,temporary,5
2012,11,NGA,m,temporary,7
2012,11,PAK,m,temporary,3
2012,11,PRT,m,temporary,2
2012,11,RUS,m,temporary,26
2012,11,ROU,m,temporary,22
2012,11,SRB,m,temporary,2
2012,11,SVK,m,temporary,2
2012,11,SOM,m,temporary,1
2012,11,SYR,m,temporary,2
2012,11,TUR,m,temporary,5
2012,11,UKR,m,temporary,33
2012,11,VNM,m,temporary,19
2012,11,ITA,m,temporary,3
2012,11,"",m,temporary,4
2012,11,"",m,temporary,1
2012,11,ALB,m,convicted,1
2012,11,DZA,m,convicted,4
2012,11,ARM,m,convicted,18
2012,11,AZE,m,convicted,2
2012,11,BLR,m,convicted,20
2012,11,BGR,m,convicted,33
2012,11,HRV,m,convicted,2
2012,11,CYP,m,convicted,1
2012,11,CZE,m,convicted,6
2012,11,GRC,m,convicted,2
2012,11,GEO,m,convicted,7
2012,11,ESP,m,convicted,1
2012,11,NLD,m,convicted,1
2012,11,ISR,m,convicted,1
2012,11,JOR,m,convicted,1
2012,11,"",m,convicted,1
2012,11,CMR,m,convicted,1
2012,11,COL,m,convicted,2
2012,11,LBN,m,convicted,1
2012,11,LBY,m,convicted,2
2012,11,LTU,m,convicted,24
2012,11,LVA,m,convicted,4
2012,11,MKD,m,convicted,1
2012,11,MDA,m,convicted,2
2012,11,DEU,m,convicted,10
2012,11,NGA,m,convicted,5
2012,11,PAK,m,convicted,1
2012,11,PSE,m,convicted,1
2012,11,RUS,m,convicted,28
2012,11,ROU,m,convicted,28
2012,11,SRB,m,convicted,2
2012,11,LKA,m,convicted,1
2012,11,SWE,m,convicted,1
2012,11,TUN,m,convicted,2
2012,11,TUR,m,convicted,3
2012,11,UKR,m,convicted,44
2012,11,HUN,m,convicted,1
2012,11,GBR,m,convicted,2
2012,11,VNM,m,convicted,30
2012,11,ZMB,m,convicted,1
2012,11,"",m,convicted,2
2012,11,ARM,f,temporary,1
2012,11,BGR,f,temporary,1
2012,11,LTU,f,temporary,2
2012,11,UKR,f,temporary,2
2012,11,BLR,f,convicted,2
2012,11,BGR,f,convicted,1
2012,11,ROU,f,convicted,2
2012,11,UKR,f,convicted,3
2012,11,VNM,f,convicted,1
2012,11,"",f,convicted,1
2012,12,ALB,m,temporary,1
2012,12,ARG,m,temporary,1
2012,12,ARM,m,temporary,6
2012,12,AZE,m,temporary,2
2012,12,BGD,m,temporary,4
2012,12,BLR,m,temporary,11
2012,12,BGR,m,temporary,20
2012,12,CHN,m,temporary,1
2012,12,HRV,m,temporary,1
2012,12,CZE,m,temporary,3
2012,12,GEO,m,temporary,9
2012,12,GIN,m,temporary,1
2012,12,ESP,m,temporary,1
2012,12,NLD,m,temporary,8
2012,12,IRN,m,temporary,1
2012,12,IRL,m,temporary,1
2012,12,ISR,m,temporary,1
2012,12,YEM,m,temporary,1
2012,12,KAZ,m,temporary,1
2012,12,COL,m,temporary,4
2012,12,LTU,m,temporary,24
2012,12,LVA,m,temporary,5
2012,12,MDA,m,temporary,1
2012,12,DEU,m,temporary,8
2012,12,NGA,m,temporary,6
2012,12,PAK,m,temporary,3
2012,12,PRT,m,temporary,2
2012,12,RUS,m,temporary,26
2012,12,ROU,m,temporary,19
2012,12,SRB,m,temporary,1
2012,12,SVK,m,temporary,2
2012,12,SOM,m,temporary,1
2012,12,SYR,m,temporary,2
2012,12,TUR,m,temporary,6
2012,12,UKR,m,temporary,37
2012,12,HUN,m,temporary,1
2012,12,VNM,m,temporary,18
2012,12,ITA,m,temporary,3
2012,12,"",m,temporary,3
2012,12,"",m,temporary,1
2012,12,ALB,m,convicted,1
2012,12,DZA,m,convicted,4
2012,12,ARM,m,convicted,19
2012,12,AZE,m,convicted,2
2012,12,BLR,m,convicted,20
2012,12,BGR,m,convicted,34
2012,12,HRV,m,convicted,2
2012,12,CYP,m,convicted,1
2012,12,CZE,m,convicted,6
2012,12,GRC,m,convicted,2
2012,12,GEO,m,convicted,7
2012,12,ESP,m,convicted,1
2012,12,NLD,m,convicted,1
2012,12,ISR,m,convicted,1
2012,12,JOR,m,convicted,1
2012,12,"",m,convicted,1
2012,12,CMR,m,convicted,1
2012,12,COL,m,convicted,2
2012,12,LBN,m,convicted,1
2012,12,LBY,m,convicted,2
2012,12,LTU,m,convicted,20
2012,12,LVA,m,convicted,4
2012,12,MKD,m,convicted,1
2012,12,MWI,m,convicted,1
2012,12,MDA,m,convicted,2
2012,12,DEU,m,convicted,10
2012,12,NGA,m,convicted,4
2012,12,PAK,m,convicted,1
2012,12,PSE,m,convicted,1
2012,12,RUS,m,convicted,28
2012,12,ROU,m,convicted,30
2012,12,SRB,m,convicted,2
2012,12,LKA,m,convicted,1
2012,12,SWE,m,convicted,1
2012,12,TUN,m,convicted,3
2012,12,TUR,m,convicted,3
2012,12,UKR,m,convicted,42
2012,12,HUN,m,convicted,2
2012,12,GBR,m,convicted,2
2012,12,VNM,m,convicted,32
2012,12,ZMB,m,convicted,1
2012,12,"",m,convicted,2
2012,12,ARM,f,temporary,1
2012,12,BGR,f,temporary,1
2012,12,NLD,f,temporary,1
2012,12,LTU,f,temporary,2
2012,12,UKR,f,temporary,1
2012,12,BLR,f,convicted,2
2012,12,BGR,f,convicted,1
2012,12,CZE,f,convicted,1
2012,12,ROU,f,convicted,2
2012,12,UKR,f,convicted,3
2012,12,VNM,f,convicted,1
2012,12,"",f,convicted,1
2013,1,ARG,m,temporary,1
2013,1,ARM,m,temporary,7
2013,1,AZE,m,temporary,2
2013,1,BGD,m,temporary,4
2013,1,BLR,m,temporary,11
2013,1,MMR,m,temporary,1
2013,1,BGR,m,temporary,19
2013,1,HRV,m,temporary,1
2013,1,CZE,m,temporary,2
2013,1,GEO,m,temporary,6
2013,1,GIN,m,temporary,1
2013,1,ESP,m,temporary,1
2013,1,NLD,m,temporary,8
2013,1,IRN,m,temporary,2
2013,1,ISR,m,temporary,1
2013,1,YEM,m,temporary,1
2013,1,CMR,m,temporary,1
2013,1,KAZ,m,temporary,1
2013,1,COL,m,temporary,4
2013,1,LTU,m,temporary,22
2013,1,LVA,m,temporary,4
2013,1,MAR,m,temporary,1
2013,1,MDA,m,temporary,2
2013,1,DEU,m,temporary,8
2013,1,NGA,m,temporary,7
2013,1,PAK,m,temporary,3
2013,1,PRT,m,temporary,2
2013,1,ZAF,m,temporary,1
2013,1,RUS,m,temporary,24
2013,1,ROU,m,temporary,16
2013,1,SVK,m,temporary,3
2013,1,SOM,m,temporary,1
2013,1,SYR,m,temporary,2
2013,1,TUR,m,temporary,3
2013,1,UKR,m,temporary,34
2013,1,HUN,m,temporary,1
2013,1,VNM,m,temporary,13
2013,1,ITA,m,temporary,3
2013,1,"",m,temporary,4
2013,1,"",m,temporary,1
2013,1,ALB,m,convicted,1
2013,1,DZA,m,convicted,4
2013,1,ARM,m,convicted,16
2013,1,AZE,m,convicted,2
2013,1,BLR,m,convicted,20
2013,1,BGR,m,convicted,38
2013,1,HRV,m,convicted,2
2013,1,CYP,m,convicted,1
2013,1,CZE,m,convicted,7
2013,1,GRC,m,convicted,2
2013,1,GEO,m,convicted,9
2013,1,ESP,m,convicted,1
2013,1,NLD,m,convicted,2
2013,1,JOR,m,convicted,1
2013,1,"",m,convicted,1
2013,1,CMR,m,convicted,1
2013,1,COL,m,convicted,2
2013,1,LBN,m,convicted,1
2013,1,LBY,m,convicted,2
2013,1,LTU,m,convicted,19
2013,1,LVA,m,convicted,8
2013,1,MKD,m,convicted,1
2013,1,MWI,m,convicted,1
2013,1,MDA,m,convicted,1
2013,1,DEU,m,convicted,11
2013,1,NGA,m,convicted,4
2013,1,PAK,m,convicted,1
2013,1,PSE,m,convicted,1
2013,1,RUS,m,convicted,29
2013,1,ROU,m,convicted,34
2013,1,SRB,m,convicted,2
2013,1,LKA,m,convicted,1
2013,1,SWE,m,convicted,1
2013,1,TUN,m,convicted,2
2013,1,TUR,m,convicted,5
2013,1,UKR,m,convicted,39
2013,1,HUN,m,convicted,2
2013,1,GBR,m,convicted,2
2013,1,VNM,m,convicted,31
2013,1,ZMB,m,convicted,1
2013,1,"",m,convicted,2
2013,1,UKR,m,punished,1
2013,1,ARM,f,temporary,1
2013,1,BGR,f,temporary,1
2013,1,NLD,f,temporary,1
2013,1,LTU,f,temporary,1
2013,1,SVK,f,temporary,1
2013,1,UKR,f,temporary,3
2013,1,BLR,f,convicted,2
2013,1,BGR,f,convicted,1
2013,1,CZE,f,convicted,1
2013,1,DEU,f,convicted,1
2013,1,RUS,f,convicted,2
2013,1,ROU,f,convicted,3
2013,1,UKR,f,convicted,4
2013,1,VNM,f,convicted,1
2013,1,"",f,convicted,1
2013,2,ARG,m,temporary,1
2013,2,ARM,m,temporary,6
2013,2,AUT,m,temporary,1
2013,2,AZE,m,temporary,2
2013,2,BGD,m,temporary,4
2013,2,BEL,m,temporary,2
2013,2,BLR,m,temporary,9
2013,2,BGR,m,temporary,18
2013,2,HRV,m,temporary,1
2013,2,CZE,m,temporary,2
2013,2,GEO,m,temporary,7
2013,2,GIN,m,temporary,1
2013,2,ESP,m,temporary,1
2013,2,NLD,m,temporary,11
2013,2,IRN,m,temporary,2
2013,2,ISR,m,temporary,1
2013,2,YEM,m,temporary,1
2013,2,CMR,m,temporary,1
2013,2,KAZ,m,temporary,1
2013,2,COL,m,temporary,4
2013,2,LBY,m,temporary,1
2013,2,LTU,m,temporary,21
2013,2,LVA,m,temporary,4
2013,2,MAR,m,temporary,1
2013,2,MDA,m,temporary,3
2013,2,DEU,m,temporary,8
2013,2,NGA,m,temporary,7
2013,2,PAK,m,temporary,2
2013,2,ZAF,m,temporary,1
2013,2,RUS,m,temporary,19
2013,2,ROU,m,temporary,13
2013,2,SVK,m,temporary,2
2013,2,SOM,m,temporary,1
2013,2,SYR,m,temporary,2
2013,2,SWE,m,temporary,1
2013,2,TUR,m,temporary,3
2013,2,UKR,m,temporary,32
2013,2,HUN,m,temporary,1
2013,2,VNM,m,temporary,12
2013,2,ITA,m,temporary,3
2013,2,"",m,temporary,3
2013,2,"",m,temporary,2
2013,2,ALB,m,convicted,1
2013,2,DZA,m,convicted,4
2013,2,ARM,m,convicted,16
2013,2,AZE,m,convicted,2
2013,2,BLR,m,convicted,23
2013,2,BGR,m,convicted,37
2013,2,HRV,m,convicted,2
2013,2,CYP,m,convicted,1
2013,2,CZE,m,convicted,8
2013,2,GRC,m,convicted,2
2013,2,GEO,m,convicted,9
2013,2,ESP,m,convicted,1
2013,2,NLD,m,convicted,1
2013,2,JOR,m,convicted,1
2013,2,"",m,convicted,2
2013,2,CMR,m,convicted,1
2013,2,COL,m,convicted,2
2013,2,LBN,m,convicted,1
2013,2,LBY,m,convicted,1
2013,2,LTU,m,convicted,18
2013,2,LVA,m,convicted,8
2013,2,MKD,m,convicted,1
2013,2,MWI,m,convicted,1
2013,2,MDA,m,convicted,1
2013,2,DEU,m,convicted,11
2013,2,NGA,m,convicted,3
2013,2,PAK,m,convicted,1
2013,2,PSE,m,convicted,1
2013,2,RUS,m,convicted,32
2013,2,ROU,m,convicted,34
2013,2,SRB,m,convicted,2
2013,2,LKA,m,convicted,1
2013,2,SWE,m,convicted,1
2013,2,TUN,m,convicted,2
2013,2,TUR,m,convicted,5
2013,2,UKR,m,convicted,40
2013,2,HUN,m,convicted,2
2013,2,GBR,m,convicted,1
2013,2,VNM,m,convicted,31
2013,2,ZMB,m,convicted,1
2013,2,"",m,convicted,2
2013,2,LTU,m,punished,1
2013,2,RUS,m,punished,1
2013,2,SVK,m,punished,1
2013,2,UKR,m,punished,2
2013,2,ARM,f,temporary,1
2013,2,BGR,f,temporary,1
2013,2,LTU,f,temporary,1
2013,2,RUS,f,temporary,1
2013,2,UKR,f,temporary,3
2013,2,VNM,f,temporary,1
2013,2,BLR,f,convicted,2
2013,2,BGR,f,convicted,2
2013,2,CZE,f,convicted,1
2013,2,DEU,f,convicted,1
2013,2,ROU,f,convicted,3
2013,2,UKR,f,convicted,4
2013,2,"",f,convicted,1
2013,3,ARG,m,temporary,1
2013,3,ARM,m,temporary,6
2013,3,AUT,m,temporary,1
2013,3,AZE,m,temporary,2
2013,3,BGD,m,temporary,4
2013,3,BEL,m,temporary,2
2013,3,BLR,m,temporary,9
2013,3,BGR,m,temporary,18
2013,3,HRV,m,temporary,1
2013,3,CZE,m,temporary,5
2013,3,FRA,m,temporary,1
2013,3,GEO,m,temporary,6
2013,3,GIN,m,temporary,1
2013,3,ESP,m,temporary,1
2013,3,NLD,m,temporary,9
2013,3,IRN,m,temporary,2
2013,3,ISR,m,temporary,1
2013,3,YEM,m,temporary,1
2013,3,CMR,m,temporary,1
2013,3,COL,m,temporary,4
2013,3,XKX,m,temporary,1
2013,3,LBY,m,temporary,1
2013,3,LTU,m,temporary,21
2013,3,LVA,m,temporary,7
2013,3,MAR,m,temporary,1
2013,3,MDA,m,temporary,3
2013,3,DEU,m,temporary,5
2013,3,NGA,m,temporary,7
2013,3,PAK,m,temporary,2
2013,3,ZAF,m,temporary,1
2013,3,RUS,m,temporary,18
2013,3,ROU,m,temporary,13
2013,3,SVK,m,temporary,3
2013,3,SOM,m,temporary,1
2013,3,SYR,m,temporary,2
2013,3,TUR,m,temporary,4
2013,3,UKR,m,temporary,35
2013,3,HUN,m,temporary,3
2013,3,VNM,m,temporary,8
2013,3,ITA,m,temporary,3
2013,3,"",m,temporary,4
2013,3,"",m,temporary,1
2013,3,ALB,m,convicted,1
2013,3,DZA,m,convicted,3
2013,3,ARM,m,convicted,15
2013,3,AZE,m,convicted,2
2013,3,BLR,m,convicted,19
2013,3,BGR,m,convicted,33
2013,3,HRV,m,convicted,2
2013,3,CYP,m,convicted,1
2013,3,CZE,m,convicted,7
2013,3,GRC,m,convicted,2
2013,3,GEO,m,convicted,10
2013,3,ESP,m,convicted,1
2013,3,NLD,m,convicted,3
2013,3,JOR,m,convicted,1
2013,3,"",m,convicted,2
2013,3,CMR,m,convicted,1
2013,3,COL,m,convicted,2
2013,3,LBN,m,convicted,1
2013,3,LBY,m,convicted,1
2013,3,LTU,m,convicted,20
2013,3,LVA,m,convicted,8
2013,3,MKD,m,convicted,1
2013,3,MWI,m,convicted,1
2013,3,MDA,m,convicted,1
2013,3,DEU,m,convicted,13
2013,3,NGA,m,convicted,3
2013,3,PAK,m,convicted,1
2013,3,PSE,m,convicted,1
2013,3,RUS,m,convicted,32
2013,3,ROU,m,convicted,37
2013,3,SRB,m,convicted,1
2013,3,LKA,m,convicted,1
2013,3,SWE,m,convicted,1
2013,3,TUN,m,convicted,2
2013,3,TUR,m,convicted,5
2013,3,UKR,m,convicted,40
2013,3,HUN,m,convicted,2
2013,3,GBR,m,convicted,1
2013,3,VNM,m,convicted,28
2013,3,ZMB,m,convicted,1
2013,3,"",m,convicted,3
2013,3,"",m,convicted,1
2013,3,LTU,m,punished,1
2013,3,UKR,m,punished,1
2013,3,ARM,f,temporary,1
2013,3,BGR,f,temporary,1
2013,3,CZE,f,temporary,2
2013,3,RUS,f,temporary,1
2013,3,ROU,f,temporary,1
2013,3,UKR,f,temporary,3
2013,3,HUN,f,temporary,1
2013,3,BLR,f,convicted,2
2013,3,BGR,f,convicted,2
2013,3,CZE,f,convicted,1
2013,3,DEU,f,convicted,1
2013,3,ROU,f,convicted,3
2013,3,UKR,f,convicted,4
2013,3,"",f,convicted,1
2013,4,ARG,m,temporary,1
2013,4,ARM,m,temporary,6
2013,4,AUT,m,temporary,1
2013,4,AZE,m,temporary,2
2013,4,BGD,m,temporary,4
2013,4,BEL,m,temporary,2
2013,4,BLR,m,temporary,10
2013,4,BGR,m,temporary,21
2013,4,HRV,m,temporary,1
2013,4,CZE,m,temporary,4
2013,4,EST,m,temporary,3
2013,4,GEO,m,temporary,5
2013,4,GIN,m,temporary,1
2013,4,ESP,m,temporary,1
2013,4,NLD,m,temporary,9
2013,4,IND,m,temporary,1
2013,4,ISR,m,temporary,1
2013,4,YEM,m,temporary,1
2013,4,CMR,m,temporary,1
2013,4,COL,m,temporary,4
2013,4,XKX,m,temporary,1
2013,4,LBY,m,temporary,1
2013,4,LTU,m,temporary,24
2013,4,LVA,m,temporary,8
2013,4,MAR,m,temporary,1
2013,4,MDA,m,temporary,2
2013,4,DEU,m,temporary,5
2013,4,NGA,m,temporary,6
2013,4,PAK,m,temporary,1
2013,4,ZAF,m,temporary,1
2013,4,RUS,m,temporary,19
2013,4,ROU,m,temporary,13
2013,4,SVK,m,temporary,2
2013,4,SOM,m,temporary,1
2013,4,SYR,m,temporary,1
2013,4,SWE,m,temporary,1
2013,4,TUR,m,temporary,3
2013,4,UKR,m,temporary,36
2013,4,HUN,m,temporary,4
2013,4,VNM,m,temporary,7
2013,4,ITA,m,temporary,2
2013,4,"",m,temporary,3
2013,4,"",m,temporary,1
2013,4,ALB,m,convicted,1
2013,4,DZA,m,convicted,3
2013,4,ARM,m,convicted,18
2013,4,AZE,m,convicted,4
2013,4,BLR,m,convicted,20
2013,4,BGR,m,convicted,34
2013,4,HRV,m,convicted,2
2013,4,MNE,m,convicted,1
2013,4,CZE,m,convicted,6
2013,4,EST,m,convicted,1
2013,4,FRA,m,convicted,1
2013,4,GRC,m,convicted,2
2013,4,GEO,m,convicted,9
2013,4,ESP,m,convicted,1
2013,4,NLD,m,convicted,3
2013,4,JOR,m,convicted,1
2013,4,"",m,convicted,1
2013,4,CMR,m,convicted,1
2013,4,COL,m,convicted,2
2013,4,LBN,m,convicted,1
2013,4,LBY,m,convicted,1
2013,4,LTU,m,convicted,17
2013,4,LVA,m,convicted,7
2013,4,MDA,m,convicted,1
2013,4,DEU,m,convicted,12
2013,4,NGA,m,convicted,3
2013,4,PAK,m,convicted,2
2013,4,PSE,m,convicted,1
2013,4,RUS,m,convicted,30
2013,4,ROU,m,convicted,37
2013,4,SRB,m,convicted,1
2013,4,SVK,m,convicted,3
2013,4,LKA,m,convicted,1
2013,4,SWE,m,convicted,1
2013,4,TUN,m,convicted,2
2013,4,TUR,m,convicted,5
2013,4,UKR,m,convicted,41
2013,4,HUN,m,convicted,2
2013,4,GBR,m,convicted,1
2013,4,VNM,m,convicted,25
2013,4,ZMB,m,convicted,1
2013,4,"",m,convicted,2
2013,4,LTU,m,punished,2
2013,4,SVK,m,punished,1
2013,4,UKR,m,punished,1
2013,4,ARM,f,temporary,1
2013,4,BLR,f,temporary,1
2013,4,BGR,f,temporary,1
2013,4,CZE,f,temporary,2
2013,4,MDA,f,temporary,1
2013,4,SVK,f,temporary,1
2013,4,UKR,f,temporary,3
2013,4,BLR,f,convicted,2
2013,4,BGR,f,convicted,2
2013,4,CZE,f,convicted,1
2013,4,DEU,f,convicted,1
2013,4,ROU,f,convicted,3
2013,4,UKR,f,convicted,7
2013,4,"",f,convicted,1
2013,5,ARG,m,temporary,1
2013,5,ARM,m,temporary,5
2013,5,AUT,m,temporary,1
2013,5,AZE,m,temporary,2
2013,5,BGD,m,temporary,4
2013,5,BEL,m,temporary,2
2013,5,BLR,m,temporary,10
2013,5,BGR,m,temporary,22
2013,5,HRV,m,temporary,1
2013,5,CZE,m,temporary,3
2013,5,FRA,m,temporary,1
2013,5,GEO,m,temporary,6
2013,5,GIN,m,temporary,1
2013,5,NLD,m,temporary,9
2013,5,IND,m,temporary,1
2013,5,IRQ,m,temporary,1
2013,5,ISR,m,temporary,1
2013,5,YEM,m,temporary,1
2013,5,CMR,m,temporary,1
2013,5,KGZ,m,temporary,1
2013,5,COL,m,temporary,4
2013,5,XKX,m,temporary,2
2013,5,LBY,m,temporary,2
2013,5,LTU,m,temporary,26
2013,5,LVA,m,temporary,7
2013,5,MAR,m,temporary,1
2013,5,MDA,m,temporary,2
2013,5,DEU,m,temporary,7
2013,5,NGA,m,temporary,6
2013,5,PAK,m,temporary,1
2013,5,BIH,m,temporary,1
2013,5,ZAF,m,temporary,1
2013,5,RUS,m,temporary,17
2013,5,ROU,m,temporary,17
2013,5,SVK,m,temporary,1
2013,5,SOM,m,temporary,1
2013,5,SYR,m,temporary,1
2013,5,SWE,m,temporary,1
2013,5,TUR,m,temporary,2
2013,5,UKR,m,temporary,35
2013,5,UZB,m,temporary,2
2013,5,HUN,m,temporary,1
2013,5,GBR,m,temporary,1
2013,5,VNM,m,temporary,6
2013,5,ITA,m,temporary,3
2013,5,"",m,temporary,3
2013,5,"",m,temporary,1
2013,5,ALB,m,convicted,1
2013,5,DZA,m,convicted,2
2013,5,ARM,m,convicted,19
2013,5,AZE,m,convicted,2
2013,5,BLR,m,convicted,20
2013,5,BGR,m,convicted,35
2013,5,HRV,m,convicted,2
2013,5,CZE,m,convicted,7
2013,5,EST,m,convicted,1
2013,5,FRA,m,convicted,1
2013,5,GRC,m,convicted,2
2013,5,GEO,m,convicted,10
2013,5,ESP,m,convicted,1
2013,5,NLD,m,convicted,3
2013,5,JOR,m,convicted,1
2013,5,"",m,convicted,1
2013,5,CMR,m,convicted,1
2013,5,COL,m,convicted,2
2013,5,LBN,m,convicted,1
2013,5,LTU,m,convicted,16
2013,5,LVA,m,convicted,6
2013,5,MDA,m,convicted,2
2013,5,DEU,m,convicted,11
2013,5,NGA,m,convicted,4
2013,5,PAK,m,convicted,1
2013,5,PSE,m,convicted,1
2013,5,RUS,m,convicted,28
2013,5,ROU,m,convicted,37
2013,5,SRB,m,convicted,1
2013,5,SVK,m,convicted,3
2013,5,LKA,m,convicted,1
2013,5,SYR,m,convicted,1
2013,5,SWE,m,convicted,2
2013,5,TUN,m,convicted,2
2013,5,TUR,m,convicted,6
2013,5,UKR,m,convicted,46
2013,5,HUN,m,convicted,2
2013,5,GBR,m,convicted,2
2013,5,VNM,m,convicted,20
2013,5,ZMB,m,convicted,1
2013,5,"",m,convicted,1
2013,5,LTU,m,punished,1
2013,5,ARM,f,temporary,1
2013,5,BLR,f,temporary,1
2013,5,BGR,f,temporary,2
2013,5,CZE,f,temporary,2
2013,5,MDA,f,temporary,1
2013,5,UKR,f,temporary,2
2013,5,BLR,f,convicted,2
2013,5,BGR,f,convicted,2
2013,5,CZE,f,convicted,1
2013,5,LVA,f,convicted,1
2013,5,DEU,f,convicted,1
2013,5,ROU,f,convicted,3
2013,5,UKR,f,convicted,6
2013,5,"",f,convicted,1
2013,6,ARG,m,temporary,1
2013,6,ARM,m,temporary,6
2013,6,AUT,m,temporary,2
2013,6,AZE,m,temporary,2
2013,6,BEL,m,temporary,2
2013,6,BLR,m,temporary,10
2013,6,BGR,m,temporary,17
2013,6,HRV,m,temporary,1
2013,6,CZE,m,temporary,5
2013,6,EST,m,temporary,5
2013,6,FRA,m,temporary,3
2013,6,GEO,m,temporary,7
2013,6,GIN,m,temporary,1
2013,6,NLD,m,temporary,9
2013,6,IND,m,temporary,2
2013,6,IRQ,m,temporary,1
2013,6,ISR,m,temporary,1
2013,6,YEM,m,temporary,1
2013,6,KGZ,m,temporary,1
2013,6,COL,m,temporary,4
2013,6,COG,m,temporary,1
2013,6,XKX,m,temporary,2
2013,6,LBY,m,temporary,1
2013,6,LTU,m,temporary,26
2013,6,LVA,m,temporary,4
2013,6,MAR,m,temporary,1
2013,6,MDA,m,temporary,1
2013,6,DEU,m,temporary,6
2013,6,NGA,m,temporary,5
2013,6,PAK,m,temporary,1
2013,6,PRT,m,temporary,1
2013,6,BIH,m,temporary,1
2013,6,ZAF,m,temporary,1
2013,6,RUS,m,temporary,17
2013,6,ROU,m,temporary,11
2013,6,SRB,m,temporary,2
2013,6,SVK,m,temporary,1
2013,6,SOM,m,temporary,1
2013,6,SYR,m,temporary,1
2013,6,SWE,m,temporary,1
2013,6,TUR,m,temporary,1
2013,6,UKR,m,temporary,32
2013,6,UZB,m,temporary,2
2013,6,HUN,m,temporary,1
2013,6,GBR,m,temporary,3
2013,6,VNM,m,temporary,6
2013,6,ITA,m,temporary,3
2013,6,"",m,temporary,3
2013,6,"",m,temporary,1
2013,6,ALB,m,convicted,1
2013,6,DZA,m,convicted,1
2013,6,ARM,m,convicted,19
2013,6,AZE,m,convicted,2
2013,6,BLR,m,convicted,21
2013,6,BGR,m,convicted,37
2013,6,HRV,m,convicted,2
2013,6,CZE,m,convicted,7
2013,6,EST,m,convicted,1
2013,6,FRA,m,convicted,1
2013,6,GRC,m,convicted,2
2013,6,GEO,m,convicted,11
2013,6,ESP,m,convicted,1
2013,6,NLD,m,convicted,3
2013,6,JOR,m,convicted,1
2013,6,"",m,convicted,1
2013,6,CMR,m,convicted,1
2013,6,COL,m,convicted,2
2013,6,LBN,m,convicted,1
2013,6,LTU,m,convicted,17
2013,6,LVA,m,convicted,6
2013,6,MDA,m,convicted,2
2013,6,DEU,m,convicted,14
2013,6,NGA,m,convicted,5
2013,6,PAK,m,convicted,1
2013,6,PSE,m,convicted,1
2013,6,RUS,m,convicted,30
2013,6,ROU,m,convicted,38
2013,6,SRB,m,convicted,1
2013,6,SVK,m,convicted,3
2013,6,LKA,m,convicted,1
2013,6,SYR,m,convicted,1
2013,6,SWE,m,convicted,1
2013,6,TUN,m,convicted,2
2013,6,TUR,m,convicted,6
2013,6,UKR,m,convicted,43
2013,6,HUN,m,convicted,2
2013,6,GBR,m,convicted,2
2013,6,VNM,m,convicted,16
2013,6,ZMB,m,convicted,1
2013,6,"",m,convicted,1
2013,6,ARM,m,punished,1
2013,6,LTU,m,punished,1
2013,6,"",m,punished,1
2013,6,ARM,f,temporary,1
2013,6,BGR,f,temporary,2
2013,6,CZE,f,temporary,1
2013,6,MDA,f,temporary,1
2013,6,UKR,f,temporary,3
2013,6,HUN,f,temporary,2
2013,6,BLR,f,convicted,3
2013,6,BGR,f,convicted,1
2013,6,CZE,f,convicted,1
2013,6,LVA,f,convicted,1
2013,6,DEU,f,convicted,1
2013,6,ROU,f,convicted,3
2013,6,UKR,f,convicted,6
2013,6,"",f,convicted,1
2013,6,UKR,f,punished,1
2013,7,AFG,m,temporary,2
2013,7,ARM,m,temporary,7
2013,7,AZE,m,temporary,2
2013,7,BEL,m,temporary,1
2013,7,BLR,m,temporary,8
2013,7,BGR,m,temporary,18
2013,7,HRV,m,temporary,1
2013,7,CZE,m,temporary,5
2013,7,EGY,m,temporary,1
2013,7,EST,m,temporary,3
2013,7,FRA,m,temporary,3
2013,7,GEO,m,temporary,6
2013,7,GIN,m,temporary,1
2013,7,NLD,m,temporary,7
2013,7,IND,m,temporary,2
2013,7,IRQ,m,temporary,1
2013,7,ISR,m,temporary,3
2013,7,YEM,m,temporary,1
2013,7,KAZ,m,temporary,1
2013,7,KGZ,m,temporary,2
2013,7,COL,m,temporary,4
2013,7,COG,m,temporary,1
2013,7,XKX,m,temporary,2
2013,7,LBY,m,temporary,1
2013,7,LTU,m,temporary,19
2013,7,LVA,m,temporary,3
2013,7,MAR,m,temporary,2
2013,7,MDA,m,temporary,2
2013,7,DEU,m,temporary,5
2013,7,NGA,m,temporary,6
2013,7,PAK,m,temporary,1
2013,7,BIH,m,temporary,1
2013,7,ZAF,m,temporary,1
2013,7,RUS,m,temporary,25
2013,7,ROU,m,temporary,9
2013,7,SRB,m,temporary,2
2013,7,SVK,m,temporary,1
2013,7,SOM,m,temporary,1
2013,7,SYR,m,temporary,1
2013,7,SWE,m,temporary,1
2013,7,TUR,m,temporary,1
2013,7,UKR,m,temporary,31
2013,7,UZB,m,temporary,2
2013,7,HUN,m,temporary,1
2013,7,GBR,m,temporary,4
2013,7,VNM,m,temporary,3
2013,7,ITA,m,temporary,3
2013,7,"",m,temporary,5
2013,7,"",m,temporary,1
2013,7,ALB,m,convicted,1
2013,7,DZA,m,convicted,3
2013,7,ARG,m,convicted,1
2013,7,ARM,m,convicted,21
2013,7,AZE,m,convicted,2
2013,7,BLR,m,convicted,19
2013,7,BGR,m,convicted,32
2013,7,HRV,m,convicted,2
2013,7,CZE,m,convicted,7
2013,7,GRC,m,convicted,1
2013,7,GEO,m,convicted,11
2013,7,ESP,m,convicted,1
2013,7,NLD,m,convicted,2
2013,7,JOR,m,convicted,1
2013,7,"",m,convicted,1
2013,7,CMR,m,convicted,1
2013,7,COL,m,convicted,2
2013,7,LBN,m,convicted,1
2013,7,LTU,m,convicted,16
2013,7,LVA,m,convicted,6
2013,7,MDA,m,convicted,2
2013,7,DEU,m,convicted,13
2013,7,NGA,m,convicted,4
2013,7,PAK,m,convicted,1
2013,7,PSE,m,convicted,1
2013,7,RUS,m,convicted,30
2013,7,ROU,m,convicted,37
2013,7,SRB,m,convicted,1
2013,7,SVK,m,convicted,3
2013,7,LKA,m,convicted,1
2013,7,SWE,m,convicted,1
2013,7,TUN,m,convicted,2
2013,7,TUR,m,convicted,6
2013,7,UKR,m,convicted,45
2013,7,HUN,m,convicted,2
2013,7,GBR,m,convicted,2
2013,7,VNM,m,convicted,19
2013,7,ZMB,m,convicted,1
2013,7,"",m,convicted,1
2013,7,DEU,m,punished,1
2013,7,UKR,m,punished,1
2013,7,ARM,f,temporary,1
2013,7,BLR,f,temporary,1
2013,7,BGR,f,temporary,2
2013,7,CZE,f,temporary,1
2013,7,MDA,f,temporary,1
2013,7,RUS,f,temporary,1
2013,7,UKR,f,temporary,4
2013,7,HUN,f,temporary,1
2013,7,BLR,f,convicted,3
2013,7,BGR,f,convicted,1
2013,7,CZE,f,convicted,1
2013,7,LVA,f,convicted,1
2013,7,DEU,f,convicted,1
2013,7,ROU,f,convicted,1
2013,7,UKR,f,convicted,7
2013,7,BLR,f,punished,1
2013,8,AFG,m,temporary,2
2013,8,ARM,m,temporary,7
2013,8,AZE,m,temporary,2
2013,8,BEL,m,temporary,1
2013,8,BLR,m,temporary,6
2013,8,BGR,m,temporary,20
2013,8,HRV,m,temporary,1
2013,8,CZE,m,temporary,5
2013,8,EGY,m,temporary,1
2013,8,EST,m,temporary,3
2013,8,FRA,m,temporary,3
2013,8,GEO,m,temporary,7
2013,8,GIN,m,temporary,1
2013,8,NLD,m,temporary,7
2013,8,IND,m,temporary,2
2013,8,IRQ,m,temporary,2
2013,8,ISR,m,temporary,2
2013,8,JPN,m,temporary,1
2013,8,YEM,m,temporary,1
2013,8,KGZ,m,temporary,2
2013,8,COL,m,temporary,4
2013,8,COG,m,temporary,1
2013,8,XKX,m,temporary,2
2013,8,LBY,m,temporary,1
2013,8,LTU,m,temporary,17
2013,8,LVA,m,temporary,3
2013,8,MAR,m,temporary,2
2013,8,MDA,m,temporary,2
2013,8,DEU,m,temporary,5
2013,8,NGA,m,temporary,6
2013,8,NOR,m,temporary,1
2013,8,PAK,m,temporary,2
2013,8,BIH,m,temporary,1
2013,8,ZAF,m,temporary,1
2013,8,RUS,m,temporary,26
2013,8,ROU,m,temporary,10
2013,8,SRB,m,temporary,3
2013,8,SVK,m,temporary,1
2013,8,SOM,m,temporary,1
2013,8,SYR,m,temporary,1
2013,8,SWE,m,temporary,1
2013,8,TUR,m,temporary,3
2013,8,UKR,m,temporary,31
2013,8,UZB,m,temporary,2
2013,8,HUN,m,temporary,2
2013,8,GBR,m,temporary,3
2013,8,VNM,m,temporary,6
2013,8,ITA,m,temporary,2
2013,8,"",m,temporary,4
2013,8,"",m,temporary,1
2013,8,ALB,m,convicted,1
2013,8,DZA,m,convicted,2
2013,8,ARG,m,convicted,1
2013,8,ARM,m,convicted,22
2013,8,AZE,m,convicted,2
2013,8,BLR,m,convicted,18
2013,8,BGR,m,convicted,27
2013,8,HRV,m,convicted,2
2013,8,CZE,m,convicted,8
2013,8,GRC,m,convicted,1
2013,8,GEO,m,convicted,9
2013,8,ESP,m,convicted,1
2013,8,NLD,m,convicted,2
2013,8,ISR,m,convicted,1
2013,8,JOR,m,convicted,1
2013,8,"",m,convicted,1
2013,8,CMR,m,convicted,1
2013,8,COL,m,convicted,2
2013,8,LBN,m,convicted,1
2013,8,LTU,m,convicted,15
2013,8,LVA,m,convicted,6
2013,8,MDA,m,convicted,2
2013,8,MNG,m,convicted,1
2013,8,DEU,m,convicted,11
2013,8,NGA,m,convicted,3
2013,8,PAK,m,convicted,1
2013,8,PSE,m,convicted,1
2013,8,RUS,m,convicted,29
2013,8,ROU,m,convicted,35
2013,8,SRB,m,convicted,1
2013,8,SVK,m,convicted,4
2013,8,LKA,m,convicted,1
2013,8,SWE,m,convicted,1
2013,8,TUN,m,convicted,2
2013,8,TUR,m,convicted,6
2013,8,UKR,m,convicted,46
2013,8,HUN,m,convicted,1
2013,8,GBR,m,convicted,2
2013,8,VNM,m,convicted,17
2013,8,ZMB,m,convicted,1
2013,8,"",m,convicted,1
2013,8,"",m,convicted,1
2013,8,LTU,m,punished,2
2013,8,PER,m,punished,1
2013,8,RUS,m,punished,1
2013,8,ARM,f,temporary,1
2013,8,BLR,f,temporary,1
2013,8,BGR,f,temporary,2
2013,8,CZE,f,temporary,1
2013,8,RUS,f,temporary,1
2013,8,ROU,f,temporary,3
2013,8,UKR,f,temporary,5
2013,8,HUN,f,temporary,1
2013,8,BLR,f,convicted,3
2013,8,BGR,f,convicted,1
2013,8,CZE,f,convicted,1
2013,8,DEU,f,convicted,1
2013,8,ROU,f,convicted,2
2013,8,UKR,f,convicted,6
2013,9,AFG,m,temporary,1
2013,9,ARM,m,temporary,6
2013,9,AZE,m,temporary,2
2013,9,BEL,m,temporary,1
2013,9,BLR,m,temporary,8
2013,9,BGR,m,temporary,19
2013,9,HRV,m,temporary,1
2013,9,CZE,m,temporary,5
2013,9,EGY,m,temporary,1
2013,9,EST,m,temporary,3
2013,9,FRA,m,temporary,1
2013,9,GEO,m,temporary,8
2013,9,GIN,m,temporary,1
2013,9,NLD,m,temporary,7
2013,9,IND,m,temporary,1
2013,9,IRQ,m,temporary,2
2013,9,ISR,m,temporary,1
2013,9,JPN,m,temporary,1
2013,9,YEM,m,temporary,1
2013,9,KGZ,m,temporary,2
2013,9,COL,m,temporary,4
2013,9,COG,m,temporary,1
2013,9,XKX,m,temporary,2
2013,9,LBY,m,temporary,1
2013,9,LTU,m,temporary,12
2013,9,LVA,m,temporary,2
2013,9,MAR,m,temporary,2
2013,9,MDA,m,temporary,3
2013,9,DEU,m,temporary,9
2013,9,NGA,m,temporary,6
2013,9,NOR,m,temporary,1
2013,9,PAK,m,temporary,2
2013,9,BIH,m,temporary,1
2013,9,ZAF,m,temporary,1
2013,9,RUS,m,temporary,28
2013,9,ROU,m,temporary,15
2013,9,SRB,m,temporary,4
2013,9,SVK,m,temporary,2
2013,9,SOM,m,temporary,1
2013,9,CHE,m,temporary,1
2013,9,SWE,m,temporary,1
2013,9,TUR,m,temporary,3
2013,9,UKR,m,temporary,32
2013,9,UZB,m,temporary,2
2013,9,GBR,m,temporary,3
2013,9,VNM,m,temporary,6
2013,9,ITA,m,temporary,2
2013,9,"",m,temporary,3
2013,9,"",m,temporary,1
2013,9,ALB,m,convicted,1
2013,9,DZA,m,convicted,3
2013,9,ARG,m,convicted,1
2013,9,ARM,m,convicted,21
2013,9,AZE,m,convicted,2
2013,9,BLR,m,convicted,18
2013,9,BGR,m,convicted,24
2013,9,HRV,m,convicted,1
2013,9,CZE,m,convicted,8
2013,9,GRC,m,convicted,1
2013,9,GEO,m,convicted,8
2013,9,GIN,m,convicted,1
2013,9,ESP,m,convicted,1
2013,9,NLD,m,convicted,3
2013,9,ISR,m,convicted,1
2013,9,JOR,m,convicted,1
2013,9,"",m,convicted,1
2013,9,CMR,m,convicted,1
2013,9,COL,m,convicted,2
2013,9,LBN,m,convicted,1
2013,9,LTU,m,convicted,17
2013,9,LVA,m,convicted,6
2013,9,MDA,m,convicted,2
2013,9,MNG,m,convicted,1
2013,9,DEU,m,convicted,11
2013,9,NGA,m,convicted,3
2013,9,PAK,m,convicted,1
2013,9,RUS,m,convicted,29
2013,9,ROU,m,convicted,37
2013,9,SRB,m,convicted,1
2013,9,SVK,m,convicted,4
2013,9,SYR,m,convicted,1
2013,9,SWE,m,convicted,1
2013,9,TUN,m,convicted,1
2013,9,TUR,m,convicted,5
2013,9,UKR,m,convicted,50
2013,9,HUN,m,convicted,1
2013,9,GBR,m,convicted,3
2013,9,VNM,m,convicted,15
2013,9,ZMB,m,convicted,1
2013,9,"",m,convicted,1
2013,9,"",m,convicted,3
2013,9,BLR,f,temporary,1
2013,9,BGR,f,temporary,2
2013,9,CZE,f,temporary,1
2013,9,RUS,f,temporary,1
2013,9,ROU,f,temporary,3
2013,9,UKR,f,temporary,4
2013,9,HUN,f,temporary,1
2013,9,BLR,f,convicted,2
2013,9,BGR,f,convicted,1
2013,9,CZE,f,convicted,1
2013,9,DEU,f,convicted,1
2013,9,RUS,f,convicted,1
2013,9,UKR,f,convicted,5
2013,10,AFG,m,temporary,1
2013,10,ARM,m,temporary,9
2013,10,AZE,m,temporary,2
2013,10,BEL,m,temporary,2
2013,10,BLR,m,temporary,8
2013,10,BGR,m,temporary,20
2013,10,HRV,m,temporary,1
2013,10,CZE,m,temporary,2
2013,10,EGY,m,temporary,1
2013,10,EST,m,temporary,3
2013,10,FRA,m,temporary,1
2013,10,GEO,m,temporary,11
2013,10,GIN,m,temporary,1
2013,10,NLD,m,temporary,7
2013,10,IND,m,temporary,1
2013,10,IRQ,m,temporary,3
2013,10,JPN,m,temporary,1
2013,10,YEM,m,temporary,1
2013,10,KGZ,m,temporary,2
2013,10,COL,m,temporary,4
2013,10,COG,m,temporary,1
2013,10,XKX,m,temporary,2
2013,10,LTU,m,temporary,10
2013,10,LVA,m,temporary,2
2013,10,MAR,m,temporary,1
2013,10,MDA,m,temporary,3
2013,10,DEU,m,temporary,6
2013,10,NGA,m,temporary,7
2013,10,NOR,m,temporary,1
2013,10,PAK,m,temporary,2
2013,10,ZAF,m,temporary,1
2013,10,RUS,m,temporary,20
2013,10,ROU,m,temporary,15
2013,10,SRB,m,temporary,4
2013,10,SOM,m,temporary,1
2013,10,CHE,m,temporary,1
2013,10,SWE,m,temporary,1
2013,10,TUR,m,temporary,3
2013,10,UKR,m,temporary,27
2013,10,HUN,m,temporary,2
2013,10,GBR,m,temporary,3
2013,10,VNM,m,temporary,8
2013,10,ITA,m,temporary,2
2013,10,"",m,temporary,4
2013,10,"",m,temporary,2
2013,10,DZA,m,convicted,3
2013,10,ARG,m,convicted,1
2013,10,ARM,m,convicted,22
2013,10,AZE,m,convicted,2
2013,10,BLR,m,convicted,16
2013,10,BGR,m,convicted,22
2013,10,HRV,m,convicted,1
2013,10,CZE,m,convicted,7
2013,10,GRC,m,convicted,1
2013,10,GEO,m,convicted,8
2013,10,GIN,m,convicted,1
2013,10,ESP,m,convicted,1
2013,10,NLD,m,convicted,3
2013,10,ISR,m,convicted,1
2013,10,JOR,m,convicted,1
2013,10,"",m,convicted,1
2013,10,CMR,m,convicted,1
2013,10,COL,m,convicted,2
2013,10,LBN,m,convicted,1
2013,10,LBY,m,convicted,1
2013,10,LTU,m,convicted,17
2013,10,LVA,m,convicted,6
2013,10,MDA,m,convicted,2
2013,10,MNG,m,convicted,1
2013,10,DEU,m,convicted,10
2013,10,NGA,m,convicted,3
2013,10,PAK,m,convicted,2
2013,10,RUS,m,convicted,32
2013,10,ROU,m,convicted,33
2013,10,SRB,m,convicted,1
2013,10,SVK,m,convicted,3
2013,10,SYR,m,convicted,1
2013,10,SWE,m,convicted,1
2013,10,TUN,m,convicted,1
2013,10,TUR,m,convicted,5
2013,10,UKR,m,convicted,50
2013,10,HUN,m,convicted,1
2013,10,GBR,m,convicted,1
2013,10,VNM,m,convicted,13
2013,10,ITA,m,convicted,1
2013,10,ZMB,m,convicted,1
2013,10,"",m,convicted,1
2013,10,"",m,convicted,3
2013,10,LTU,m,punished,1
2013,10,UKR,m,punished,1
2013,10,BLR,f,temporary,1
2013,10,BGR,f,temporary,3
2013,10,CZE,f,temporary,1
2013,10,LVA,f,temporary,2
2013,10,RUS,f,temporary,1
2013,10,ROU,f,temporary,3
2013,10,UKR,f,temporary,3
2013,10,HUN,f,temporary,1
2013,10,"",f,temporary,1
2013,10,BLR,f,convicted,2
2013,10,BGR,f,convicted,1
2013,10,CZE,f,convicted,1
2013,10,LTU,f,convicted,1
2013,10,DEU,f,convicted,2
2013,10,RUS,f,convicted,1
2013,10,UKR,f,convicted,4
2013,11,AFG,m,temporary,1
2013,11,ALB,m,temporary,1
2013,11,ARM,m,temporary,7
2013,11,AZE,m,temporary,4
2013,11,BEL,m,temporary,2
2013,11,BLR,m,temporary,11
2013,11,BGR,m,temporary,22
2013,11,CZE,m,temporary,1
2013,11,EGY,m,temporary,1
2013,11,EST,m,temporary,3
2013,11,FRA,m,temporary,1
2013,11,GEO,m,temporary,9
2013,11,NLD,m,temporary,8
2013,11,IND,m,temporary,1
2013,11,IRQ,m,temporary,2
2013,11,YEM,m,temporary,1
2013,11,KGZ,m,temporary,2
2013,11,COL,m,temporary,4
2013,11,COG,m,temporary,1
2013,11,XKX,m,temporary,2
2013,11,LTU,m,temporary,10
2013,11,LVA,m,temporary,6
2013,11,MAR,m,temporary,1
2013,11,MDA,m,temporary,3
2013,11,DEU,m,temporary,9
2013,11,NGA,m,temporary,6
2013,11,PAK,m,temporary,2
2013,11,ZAF,m,temporary,1
2013,11,RUS,m,temporary,22
2013,11,ROU,m,temporary,23
2013,11,SRB,m,temporary,5
2013,11,SVK,m,temporary,1
2013,11,SOM,m,temporary,1
2013,11,CHE,m,temporary,1
2013,11,TUR,m,temporary,3
2013,11,UKR,m,temporary,33
2013,11,HUN,m,temporary,1
2013,11,GBR,m,temporary,3
2013,11,VNM,m,temporary,5
2013,11,ITA,m,temporary,14
2013,11,"",m,temporary,4
2013,11,"",m,temporary,3
2013,11,DZA,m,convicted,3
2013,11,ARG,m,convicted,1
2013,11,ARM,m,convicted,22
2013,11,AZE,m,convicted,2
2013,11,BLR,m,convicted,16
2013,11,BGR,m,convicted,24
2013,11,HRV,m,convicted,1
2013,11,CZE,m,convicted,8
2013,11,GRC,m,convicted,1
2013,11,GEO,m,convicted,9
2013,11,GIN,m,convicted,1
2013,11,ESP,m,convicted,1
2013,11,NLD,m,convicted,2
2013,11,ISR,m,convicted,1
2013,11,JOR,m,convicted,1
2013,11,"",m,convicted,1
2013,11,COL,m,convicted,2
2013,11,LBN,m,convicted,1
2013,11,LBY,m,convicted,1
2013,11,LTU,m,convicted,20
2013,11,LVA,m,convicted,7
2013,11,MDA,m,convicted,2
2013,11,MNG,m,convicted,1
2013,11,DEU,m,convicted,9
2013,11,NGA,m,convicted,4
2013,11,PAK,m,convicted,1
2013,11,RUS,m,convicted,31
2013,11,ROU,m,convicted,32
2013,11,SRB,m,convicted,1
2013,11,SVK,m,convicted,3
2013,11,SYR,m,convicted,1
2013,11,TUN,m,convicted,1
2013,11,TUR,m,convicted,4
2013,11,UKR,m,convicted,49
2013,11,HUN,m,convicted,1
2013,11,GBR,m,convicted,1
2013,11,VNM,m,convicted,16
2013,11,ITA,m,convicted,1
2013,11,"",m,convicted,1
2013,11,"",m,convicted,3
2013,11,BLR,f,temporary,1
2013,11,BGR,f,temporary,3
2013,11,CZE,f,temporary,2
2013,11,RUS,f,temporary,1
2013,11,ROU,f,temporary,1
2013,11,UKR,f,temporary,2
2013,11,HUN,f,temporary,2
2013,11,"",f,temporary,1
2013,11,"",f,temporary,1
2013,11,BLR,f,convicted,2
2013,11,BGR,f,convicted,1
2013,11,CZE,f,convicted,1
2013,11,DEU,f,convicted,2
2013,11,RUS,f,convicted,1
2013,11,UKR,f,convicted,3
2013,12,AFG,m,temporary,1
2013,12,ALB,m,temporary,2
2013,12,ARM,m,temporary,7
2013,12,AZE,m,temporary,4
2013,12,BEL,m,temporary,2
2013,12,BLR,m,temporary,11
2013,12,BGR,m,temporary,21
2013,12,CZE,m,temporary,2
2013,12,EGY,m,temporary,1
2013,12,EST,m,temporary,3
2013,12,FRA,m,temporary,1
2013,12,GEO,m,temporary,9
2013,12,NLD,m,temporary,6
2013,12,IND,m,temporary,1
2013,12,IRQ,m,temporary,1
2013,12,YEM,m,temporary,1
2013,12,KGZ,m,temporary,2
2013,12,COL,m,temporary,4
2013,12,COG,m,temporary,1
2013,12,XKX,m,temporary,1
2013,12,LTU,m,temporary,10
2013,12,LVA,m,temporary,7
2013,12,MAR,m,temporary,1
2013,12,MDA,m,temporary,2
2013,12,DEU,m,temporary,7
2013,12,NGA,m,temporary,6
2013,12,PAK,m,temporary,1
2013,12,ZAF,m,temporary,1
2013,12,RUS,m,temporary,20
2013,12,ROU,m,temporary,20
2013,12,SRB,m,temporary,5
2013,12,SVK,m,temporary,1
2013,12,SOM,m,temporary,1
2013,12,CHE,m,temporary,1
2013,12,TUR,m,temporary,3
2013,12,UKR,m,temporary,32
2013,12,HUN,m,temporary,1
2013,12,GBR,m,temporary,2
2013,12,VNM,m,temporary,2
2013,12,ITA,m,temporary,2
2013,12,"",m,temporary,3
2013,12,"",m,temporary,1
2013,12,DZA,m,convicted,2
2013,12,ARG,m,convicted,1
2013,12,ARM,m,convicted,22
2013,12,AZE,m,convicted,2
2013,12,BLR,m,convicted,16
2013,12,BGR,m,convicted,24
2013,12,HRV,m,convicted,1
2013,12,CZE,m,convicted,8
2013,12,GRC,m,convicted,1
2013,12,GEO,m,convicted,9
2013,12,GIN,m,convicted,1
2013,12,ESP,m,convicted,1
2013,12,NLD,m,convicted,4
2013,12,ISR,m,convicted,1
2013,12,JOR,m,convicted,1
2013,12,"",m,convicted,1
2013,12,COL,m,convicted,2
2013,12,LBN,m,convicted,1
2013,12,LBY,m,convicted,1
2013,12,LTU,m,convicted,16
2013,12,LVA,m,convicted,7
2013,12,MDA,m,convicted,2
2013,12,MNG,m,convicted,1
2013,12,DEU,m,convicted,9
2013,12,NGA,m,convicted,3
2013,12,PAK,m,convicted,1
2013,12,RUS,m,convicted,32
2013,12,ROU,m,convicted,33
2013,12,SRB,m,convicted,1
2013,12,SVK,m,convicted,4
2013,12,SYR,m,convicted,1
2013,12,TUN,m,convicted,1
2013,12,TUR,m,convicted,5
2013,12,UKR,m,convicted,49
2013,12,HUN,m,convicted,1
2013,12,GBR,m,convicted,1
2013,12,VNM,m,convicted,14
2013,12,ITA,m,convicted,4
2013,12,"",m,convicted,1
2013,12,"",m,convicted,2
2013,12,UKR,m,punished,2
2013,12,BLR,f,temporary,1
2013,12,BGR,f,temporary,1
2013,12,CZE,f,temporary,2
2013,12,RUS,f,temporary,1
2013,12,UKR,f,temporary,2
2013,12,HUN,f,temporary,1
2013,12,"",f,temporary,1
2013,12,"",f,temporary,1
2013,12,BLR,f,convicted,2
2013,12,BGR,f,convicted,2
2013,12,CZE,f,convicted,2
2013,12,DEU,f,convicted,2
2013,12,RUS,f,convicted,1
2013,12,UKR,f,convicted,3
2014,1,AFG,m,temporary,1
2014,1,ALB,m,temporary,1
2014,1,ARM,m,temporary,9
2014,1,AZE,m,temporary,3
2014,1,BEL,m,temporary,1
2014,1,BLR,m,temporary,8
2014,1,BGR,m,temporary,24
2014,1,CZE,m,temporary,3
2014,1,EGY,m,temporary,1
2014,1,EST,m,temporary,1
2014,1,FRA,m,temporary,1
2014,1,GEO,m,temporary,9
2014,1,NLD,m,temporary,7
2014,1,IND,m,temporary,2
2014,1,YEM,m,temporary,1
2014,1,KGZ,m,temporary,2
2014,1,COL,m,temporary,4
2014,1,XKX,m,temporary,1
2014,1,LTU,m,temporary,9
2014,1,LVA,m,temporary,7
2014,1,MAR,m,temporary,1
2014,1,MDA,m,temporary,2
2014,1,DEU,m,temporary,6
2014,1,NGA,m,temporary,6
2014,1,PAK,m,temporary,1
2014,1,ZAF,m,temporary,1
2014,1,RUS,m,temporary,24
2014,1,ROU,m,temporary,18
2014,1,SRB,m,temporary,4
2014,1,SVK,m,temporary,1
2014,1,SOM,m,temporary,1
2014,1,SWE,m,temporary,1
2014,1,TUR,m,temporary,2
2014,1,UKR,m,temporary,28
2014,1,HUN,m,temporary,1
2014,1,GBR,m,temporary,1
2014,1,VNM,m,temporary,2
2014,1,ITA,m,temporary,2
2014,1,"",m,temporary,2
2014,1,"",m,temporary,1
2014,1,DZA,m,convicted,2
2014,1,ARG,m,convicted,1
2014,1,ARM,m,convicted,24
2014,1,AZE,m,convicted,1
2014,1,BLR,m,convicted,15
2014,1,BGR,m,convicted,24
2014,1,HRV,m,convicted,1
2014,1,CZE,m,convicted,8
2014,1,EST,m,convicted,1
2014,1,GRC,m,convicted,1
2014,1,GEO,m,convicted,7
2014,1,GIN,m,convicted,1
2014,1,NLD,m,convicted,4
2014,1,ISR,m,convicted,1
2014,1,JOR,m,convicted,1
2014,1,"",m,convicted,1
2014,1,COL,m,convicted,2
2014,1,LBN,m,convicted,1
2014,1,LBY,m,convicted,1
2014,1,LTU,m,convicted,15
2014,1,LVA,m,convicted,7
2014,1,MDA,m,convicted,2
2014,1,MNG,m,convicted,1
2014,1,DEU,m,convicted,10
2014,1,NGA,m,convicted,2
2014,1,PAK,m,convicted,1
2014,1,RUS,m,convicted,29
2014,1,ROU,m,convicted,36
2014,1,SRB,m,convicted,1
2014,1,SVK,m,convicted,4
2014,1,SYR,m,convicted,1
2014,1,TUN,m,convicted,1
2014,1,TUR,m,convicted,5
2014,1,UKR,m,convicted,46
2014,1,HUN,m,convicted,1
2014,1,GBR,m,convicted,1
2014,1,VNM,m,convicted,10
2014,1,ITA,m,convicted,1
2014,1,"",m,convicted,2
2014,1,"",m,convicted,3
2014,1,LTU,m,punished,1
2014,1,UKR,m,punished,1
2014,1,BLR,f,temporary,1
2014,1,BGR,f,temporary,2
2014,1,CZE,f,temporary,2
2014,1,RUS,f,temporary,1
2014,1,UKR,f,temporary,2
2014,1,HUN,f,temporary,1
2014,1,"",f,temporary,1
2014,1,BLR,f,convicted,3
2014,1,BGR,f,convicted,2
2014,1,CZE,f,convicted,2
2014,1,DEU,f,convicted,2
2014,1,RUS,f,convicted,1
2014,1,UKR,f,convicted,3
2014,2,AFG,m,temporary,1
2014,2,ARM,m,temporary,10
2014,2,AUT,m,temporary,1
2014,2,AZE,m,temporary,3
2014,2,BEL,m,temporary,1
2014,2,BLR,m,temporary,8
2014,2,BGR,m,temporary,22
2014,2,CZE,m,temporary,4
2014,2,EGY,m,temporary,1
2014,2,FRA,m,temporary,2
2014,2,GEO,m,temporary,10
2014,2,NLD,m,temporary,7
2014,2,IND,m,temporary,2
2014,2,YEM,m,temporary,1
2014,2,KGZ,m,temporary,1
2014,2,COL,m,temporary,4
2014,2,XKX,m,temporary,1
2014,2,LTU,m,temporary,11
2014,2,LVA,m,temporary,8
2014,2,MAR,m,temporary,1
2014,2,MDA,m,temporary,2
2014,2,DEU,m,temporary,8
2014,2,NGA,m,temporary,6
2014,2,ZAF,m,temporary,1
2014,2,RUS,m,temporary,18
2014,2,ROU,m,temporary,15
2014,2,SRB,m,temporary,4
2014,2,SVK,m,temporary,1
2014,2,SOM,m,temporary,1
2014,2,SWE,m,temporary,1
2014,2,TJK,m,temporary,1
2014,2,TUR,m,temporary,1
2014,2,UKR,m,temporary,28
2014,2,HUN,m,temporary,3
2014,2,GBR,m,temporary,1
2014,2,ITA,m,temporary,1
2014,2,"",m,temporary,1
2014,2,"",m,temporary,1
2014,2,DZA,m,convicted,2
2014,2,ARM,m,convicted,21
2014,2,AZE,m,convicted,1
2014,2,BLR,m,convicted,15
2014,2,BGR,m,convicted,30
2014,2,HRV,m,convicted,1
2014,2,CZE,m,convicted,6
2014,2,EST,m,convicted,1
2014,2,GRC,m,convicted,1
2014,2,GEO,m,convicted,7
2014,2,NLD,m,convicted,5
2014,2,IND,m,convicted,1
2014,2,ISR,m,convicted,1
2014,2,JOR,m,convicted,1
2014,2,"",m,convicted,1
2014,2,KGZ,m,convicted,1
2014,2,COL,m,convicted,2
2014,2,LBN,m,convicted,1
2014,2,LBY,m,convicted,1
2014,2,LTU,m,convicted,14
2014,2,LVA,m,convicted,6
2014,2,MDA,m,convicted,2
2014,2,DEU,m,convicted,11
2014,2,NGA,m,convicted,2
2014,2,PAK,m,convicted,1
2014,2,RUS,m,convicted,29
2014,2,ROU,m,convicted,34
2014,2,SRB,m,convicted,1
2014,2,SVK,m,convicted,4
2014,2,SYR,m,convicted,1
2014,2,TUN,m,convicted,1
2014,2,TUR,m,convicted,6
2014,2,UKR,m,convicted,50
2014,2,HUN,m,convicted,1
2014,2,GBR,m,convicted,1
2014,2,VNM,m,convicted,10
2014,2,ITA,m,convicted,1
2014,2,"",m,convicted,2
2014,2,"",m,convicted,2
2014,2,BLR,m,punished,1
2014,2,DEU,m,punished,1
2014,2,RUS,m,punished,2
2014,2,BLR,f,temporary,1
2014,2,BGR,f,temporary,2
2014,2,CHN,f,temporary,1
2014,2,CZE,f,temporary,1
2014,2,RUS,f,temporary,2
2014,2,UKR,f,temporary,3
2014,2,"",f,temporary,1
2014,2,BLR,f,convicted,2
2014,2,BGR,f,convicted,2
2014,2,CZE,f,convicted,2
2014,2,DEU,f,convicted,1
2014,2,RUS,f,convicted,1
2014,2,UKR,f,convicted,3
2014,3,AFG,m,temporary,2
2014,3,ARM,m,temporary,8
2014,3,AUT,m,temporary,1
2014,3,AZE,m,temporary,2
2014,3,BEL,m,temporary,1
2014,3,BLR,m,temporary,10
2014,3,BGR,m,temporary,23
2014,3,CZE,m,temporary,3
2014,3,EGY,m,temporary,1
2014,3,FRA,m,temporary,1
2014,3,GEO,m,temporary,10
2014,3,NLD,m,temporary,8
2014,3,IND,m,temporary,2
2014,3,YEM,m,temporary,1
2014,3,KGZ,m,temporary,1
2014,3,COL,m,temporary,3
2014,3,XKX,m,temporary,1
2014,3,LTU,m,temporary,17
2014,3,LVA,m,temporary,8
2014,3,MAR,m,temporary,1
2014,3,MDA,m,temporary,2
2014,3,MNG,m,temporary,1
2014,3,DEU,m,temporary,13
2014,3,NGA,m,temporary,6
2014,3,RUS,m,temporary,21
2014,3,ROU,m,temporary,13
2014,3,SRB,m,temporary,4
2014,3,SVK,m,temporary,1
2014,3,SOM,m,temporary,1
2014,3,SWE,m,temporary,1
2014,3,TJK,m,temporary,1
2014,3,TUR,m,temporary,1
2014,3,UKR,m,temporary,28
2014,3,HUN,m,temporary,2
2014,3,GBR,m,temporary,2
2014,3,ITA,m,temporary,1
2014,3,"",m,temporary,1
2014,3,DZA,m,convicted,2
2014,3,ARM,m,convicted,18
2014,3,AZE,m,convicted,1
2014,3,BGD,m,convicted,1
2014,3,BLR,m,convicted,15
2014,3,BGR,m,convicted,31
2014,3,HRV,m,convicted,1
2014,3,CZE,m,convicted,6
2014,3,EST,m,convicted,1
2014,3,GRC,m,convicted,1
2014,3,GEO,m,convicted,7
2014,3,NLD,m,convicted,3
2014,3,IND,m,convicted,1
2014,3,ISR,m,convicted,1
2014,3,JOR,m,convicted,1
2014,3,"",m,convicted,1
2014,3,KGZ,m,convicted,1
2014,3,COL,m,convicted,2
2014,3,LBN,m,convicted,1
2014,3,LBY,m,convicted,1
2014,3,LTU,m,convicted,12
2014,3,LVA,m,convicted,5
2014,3,MDA,m,convicted,1
2014,3,DEU,m,convicted,11
2014,3,NGA,m,convicted,4
2014,3,PAK,m,convicted,1
2014,3,RUS,m,convicted,30
2014,3,ROU,m,convicted,32
2014,3,SRB,m,convicted,1
2014,3,SVK,m,convicted,5
2014,3,SYR,m,convicted,1
2014,3,TUN,m,convicted,1
2014,3,TUR,m,convicted,6
2014,3,UKR,m,convicted,43
2014,3,HUN,m,convicted,1
2014,3,GBR,m,convicted,1
2014,3,VNM,m,convicted,9
2014,3,"",m,convicted,3
2014,3,"",m,convicted,3
2014,3,LTU,m,punished,3
2014,3,BGR,f,temporary,2
2014,3,CHN,f,temporary,1
2014,3,CZE,f,temporary,1
2014,3,MDA,f,temporary,2
2014,3,DEU,f,temporary,2
2014,3,RUS,f,temporary,3
2014,3,ROU,f,temporary,2
2014,3,UKR,f,temporary,2
2014,3,VNM,f,temporary,1
2014,3,"",f,temporary,1
2014,3,BLR,f,convicted,2
2014,3,BGR,f,convicted,2
2014,3,CZE,f,convicted,2
2014,3,DEU,f,convicted,1
2014,3,RUS,f,convicted,1
2014,3,UKR,f,convicted,3
2014,4,ARM,m,temporary,7
2014,4,AUT,m,temporary,1
2014,4,AZE,m,temporary,2
2014,4,BEL,m,temporary,2
2014,4,BLR,m,temporary,12
2014,4,BGR,m,temporary,22
2014,4,CZE,m,temporary,2
2014,4,EGY,m,temporary,1
2014,4,GEO,m,temporary,11
2014,4,NLD,m,temporary,8
2014,4,IND,m,temporary,1
2014,4,YEM,m,temporary,1
2014,4,CAN,m,temporary,1
2014,4,KGZ,m,temporary,1
2014,4,COL,m,temporary,3
2014,4,XKX,m,temporary,1
2014,4,LTU,m,temporary,16
2014,4,LVA,m,temporary,11
2014,4,MAR,m,temporary,1
2014,4,MDA,m,temporary,2
2014,4,MNG,m,temporary,1
2014,4,DEU,m,temporary,16
2014,4,NGA,m,temporary,5
2014,4,RUS,m,temporary,20
2014,4,ROU,m,temporary,19
2014,4,SRB,m,temporary,4
2014,4,SVK,m,temporary,2
2014,4,SOM,m,temporary,1
2014,4,TJK,m,temporary,1
2014,4,TZA,m,temporary,1
2014,4,TUR,m,temporary,2
2014,4,UKR,m,temporary,29
2014,4,HUN,m,temporary,3
2014,4,GBR,m,temporary,2
2014,4,VNM,m,temporary,1
2014,4,"",m,temporary,2
2014,4,"",m,temporary,1
2014,4,AFG,m,convicted,1
2014,4,DZA,m,convicted,3
2014,4,ARM,m,convicted,18
2014,4,AZE,m,convicted,1
2014,4,BGD,m,convicted,1
2014,4,BLR,m,convicted,13
2014,4,BGR,m,convicted,34
2014,4,HRV,m,convicted,1
2014,4,CZE,m,convicted,6
2014,4,EST,m,convicted,1
2014,4,GRC,m,convicted,1
2014,4,GEO,m,convicted,7
2014,4,NLD,m,convicted,3
2014,4,IND,m,convicted,1
2014,4,ISR,m,convicted,1
2014,4,JOR,m,convicted,1
2014,4,KGZ,m,convicted,1
2014,4,COL,m,convicted,2
2014,4,LBN,m,convicted,1
2014,4,LBY,m,convicted,1
2014,4,LTU,m,convicted,11
2014,4,LVA,m,convicted,5
2014,4,MDA,m,convicted,1
2014,4,MNG,m,convicted,1
2014,4,DEU,m,convicted,12
2014,4,NGA,m,convicted,6
2014,4,PAK,m,convicted,1
2014,4,RUS,m,convicted,32
2014,4,ROU,m,convicted,30
2014,4,SRB,m,convicted,1
2014,4,SVK,m,convicted,5
2014,4,SYR,m,convicted,1
2014,4,SWE,m,convicted,1
2014,4,TUN,m,convicted,1
2014,4,TUR,m,convicted,5
2014,4,UKR,m,convicted,46
2014,4,UZB,m,convicted,1
2014,4,HUN,m,convicted,1
2014,4,GBR,m,convicted,1
2014,4,VNM,m,convicted,10
2014,4,"",m,convicted,4
2014,4,"",m,convicted,1
2014,4,CZE,m,punished,1
2014,4,LTU,m,punished,2
2014,4,BGR,f,temporary,1
2014,4,CHN,f,temporary,1
2014,4,CZE,f,temporary,1
2014,4,LVA,f,temporary,1
2014,4,MDA,f,temporary,2
2014,4,RUS,f,temporary,3
2014,4,ROU,f,temporary,3
2014,4,UKR,f,temporary,2
2014,4,HUN,f,temporary,1
2014,4,"",f,temporary,1
2014,4,BLR,f,convicted,2
2014,4,BGR,f,convicted,2
2014,4,CZE,f,convicted,2
2014,4,DEU,f,convicted,1
2014,4,RUS,f,convicted,1
2014,4,ROU,f,convicted,1
2014,4,UKR,f,convicted,3
2014,4,UKR,f,punished,1
2014,5,ARM,m,temporary,7
2014,5,AUT,m,temporary,1
2014,5,AZE,m,temporary,1
2014,5,BEL,m,temporary,3
2014,5,BLR,m,temporary,10
2014,5,BGR,m,temporary,24
2014,5,CZE,m,temporary,4
2014,5,EGY,m,temporary,1
2014,5,GEO,m,temporary,9
2014,5,NLD,m,temporary,8
2014,5,IND,m,temporary,3
2014,5,ISL,m,temporary,1
2014,5,CAN,m,temporary,1
2014,5,KGZ,m,temporary,1
2014,5,COL,m,temporary,3
2014,5,XKX,m,temporary,1
2014,5,LTU,m,temporary,13
2014,5,LVA,m,temporary,11
2014,5,MAR,m,temporary,1
2014,5,MDA,m,temporary,2
2014,5,MNG,m,temporary,2
2014,5,DEU,m,temporary,11
2014,5,NGA,m,temporary,4
2014,5,RUS,m,temporary,19
2014,5,ROU,m,temporary,19
2014,5,SRB,m,temporary,3
2014,5,SVK,m,temporary,7
2014,5,SOM,m,temporary,1
2014,5,TJK,m,temporary,1
2014,5,TZA,m,temporary,1
2014,5,TUR,m,temporary,2
2014,5,UKR,m,temporary,30
2014,5,GBR,m,temporary,1
2014,5,VNM,m,temporary,1
2014,5,"",m,temporary,3
2014,5,"",m,temporary,1
2014,5,AFG,m,convicted,1
2014,5,DZA,m,convicted,4
2014,5,ARM,m,convicted,17
2014,5,AZE,m,convicted,1
2014,5,BLR,m,convicted,14
2014,5,BGR,m,convicted,33
2014,5,HRV,m,convicted,1
2014,5,CZE,m,convicted,7
2014,5,EST,m,convicted,1
2014,5,GRC,m,convicted,1
2014,5,GEO,m,convicted,8
2014,5,NLD,m,convicted,5
2014,5,IND,m,convicted,1
2014,5,ISR,m,convicted,1
2014,5,YEM,m,convicted,1
2014,5,JOR,m,convicted,1
2014,5,KGZ,m,convicted,1
2014,5,COL,m,convicted,2
2014,5,LBN,m,convicted,1
2014,5,LBY,m,convicted,1
2014,5,LTU,m,convicted,14
2014,5,LVA,m,convicted,5
2014,5,MDA,m,convicted,1
2014,5,MNG,m,convicted,1
2014,5,DEU,m,convicted,12
2014,5,NGA,m,convicted,6
2014,5,PAK,m,convicted,1
2014,5,RUS,m,convicted,32
2014,5,ROU,m,convicted,28
2014,5,SRB,m,convicted,1
2014,5,SVK,m,convicted,4
2014,5,SYR,m,convicted,1
2014,5,SWE,m,convicted,1
2014,5,TUN,m,convicted,1
2014,5,TUR,m,convicted,4
2014,5,UKR,m,convicted,47
2014,5,UZB,m,convicted,1
2014,5,HUN,m,convicted,1
2014,5,GBR,m,convicted,1
2014,5,VNM,m,convicted,10
2014,5,"",m,convicted,4
2014,5,"",m,convicted,1
2014,5,BLR,m,punished,1
2014,5,LTU,m,punished,2
2014,5,LVA,m,punished,1
2014,5,UKR,m,punished,2
2014,5,BGR,f,temporary,1
2014,5,CHN,f,temporary,1
2014,5,CZE,f,temporary,1
2014,5,LVA,f,temporary,1
2014,5,MDA,f,temporary,2
2014,5,DEU,f,temporary,1
2014,5,RUS,f,temporary,3
2014,5,ROU,f,temporary,3
2014,5,UKR,f,temporary,3
2014,5,"",f,temporary,1
2014,5,BLR,f,convicted,3
2014,5,BGR,f,convicted,2
2014,5,CZE,f,convicted,2
2014,5,DEU,f,convicted,1
2014,5,RUS,f,convicted,2
2014,5,ROU,f,convicted,2
2014,5,UKR,f,convicted,3
2014,6,ARM,m,temporary,6
2014,6,AUT,m,temporary,1
2014,6,AZE,m,temporary,1
2014,6,BEL,m,temporary,2
2014,6,BLR,m,temporary,13
2014,6,BGR,m,temporary,20
2014,6,CZE,m,temporary,3
2014,6,EGY,m,temporary,1
2014,6,GEO,m,temporary,6
2014,6,NLD,m,temporary,9
2014,6,IND,m,temporary,3
2014,6,ISL,m,temporary,1
2014,6,CAN,m,temporary,1
2014,6,KGZ,m,temporary,1
2014,6,COL,m,temporary,3
2014,6,XKX,m,temporary,1
2014,6,LTU,m,temporary,13
2014,6,LVA,m,temporary,13
2014,6,MAR,m,temporary,1
2014,6,MDA,m,temporary,2
2014,6,MNG,m,temporary,2
2014,6,DEU,m,temporary,10
2014,6,NGA,m,temporary,4
2014,6,RUS,m,temporary,17
2014,6,ROU,m,temporary,16
2014,6,SRB,m,temporary,2
2014,6,SVK,m,temporary,2
2014,6,SOM,m,temporary,1
2014,6,CHE,m,temporary,1
2014,6,TJK,m,temporary,1
2014,6,TZA,m,temporary,1
2014,6,TUR,m,temporary,2
2014,6,UKR,m,temporary,29
2014,6,GBR,m,temporary,2
2014,6,VNM,m,temporary,2
2014,6,ITA,m,temporary,1
2014,6,"",m,temporary,3
2014,6,"",m,temporary,2
2014,6,AFG,m,convicted,1
2014,6,DZA,m,convicted,3
2014,6,ARM,m,convicted,16
2014,6,AZE,m,convicted,1
2014,6,BLR,m,convicted,15
2014,6,BGR,m,convicted,34
2014,6,HRV,m,convicted,1
2014,6,CZE,m,convicted,8
2014,6,EST,m,convicted,1
2014,6,GRC,m,convicted,1
2014,6,GEO,m,convicted,10
2014,6,NLD,m,convicted,5
2014,6,IND,m,convicted,1
2014,6,ISR,m,convicted,1
2014,6,YEM,m,convicted,1
2014,6,JOR,m,convicted,1
2014,6,KGZ,m,convicted,1
2014,6,COL,m,convicted,2
2014,6,LBN,m,convicted,1
2014,6,LBY,m,convicted,1
2014,6,LTU,m,convicted,12
2014,6,LVA,m,convicted,5
2014,6,MDA,m,convicted,1
2014,6,MNG,m,convicted,1
2014,6,DEU,m,convicted,13
2014,6,NGA,m,convicted,6
2014,6,PAK,m,convicted,2
2014,6,PSE,m,convicted,1
2014,6,RUS,m,convicted,33
2014,6,ROU,m,convicted,27
2014,6,SRB,m,convicted,1
2014,6,SVK,m,convicted,4
2014,6,USA,m,convicted,1
2014,6,SYR,m,convicted,1
2014,6,TUN,m,convicted,1
2014,6,TUR,m,convicted,4
2014,6,TKM,m,convicted,1
2014,6,UKR,m,convicted,49
2014,6,UZB,m,convicted,1
2014,6,GBR,m,convicted,2
2014,6,VNM,m,convicted,9
2014,6,"",m,convicted,4
2014,6,"",m,convicted,1
2014,6,ARM,m,punished,1
2014,6,LTU,m,punished,1
2014,6,LVA,m,punished,2
2014,6,BLR,f,temporary,2
2014,6,BGR,f,temporary,1
2014,6,CHN,f,temporary,1
2014,6,CZE,f,temporary,1
2014,6,RUS,f,temporary,3
2014,6,ROU,f,temporary,1
2014,6,UKR,f,temporary,3
2014,6,"",f,temporary,1
2014,6,BLR,f,convicted,2
2014,6,BGR,f,convicted,2
2014,6,CZE,f,convicted,2
2014,6,DEU,f,convicted,1
2014,6,RUS,f,convicted,2
2014,6,ROU,f,convicted,2
2014,6,UKR,f,convicted,3
2014,7,ARM,m,temporary,4
2014,7,AUT,m,temporary,1
2014,7,BEL,m,temporary,2
2014,7,BLR,m,temporary,13
2014,7,BGR,m,temporary,24
2014,7,CHN,m,temporary,1
2014,7,CZE,m,temporary,4
2014,7,EGY,m,temporary,2
2014,7,EST,m,temporary,1
2014,7,FRA,m,temporary,1
2014,7,GEO,m,temporary,7
2014,7,GIN,m,temporary,1
2014,7,NLD,m,temporary,6
2014,7,IND,m,temporary,3
2014,7,ISL,m,temporary,1
2014,7,CAN,m,temporary,1
2014,7,KGZ,m,temporary,1
2014,7,COL,m,temporary,3
2014,7,XKX,m,temporary,1
2014,7,LTU,m,temporary,12
2014,7,LVA,m,temporary,12
2014,7,DEU,m,temporary,9
2014,7,NGA,m,temporary,5
2014,7,RUS,m,temporary,18
2014,7,ROU,m,temporary,17
2014,7,SVK,m,temporary,4
2014,7,CHE,m,temporary,1
2014,7,TJK,m,temporary,1
2014,7,TZA,m,temporary,1
2014,7,TUR,m,temporary,1
2014,7,UKR,m,temporary,27
2014,7,GBR,m,temporary,1
2014,7,VNM,m,temporary,3
2014,7,ITA,m,temporary,1
2014,7,ZWE,m,temporary,1
2014,7,"",m,temporary,2
2014,7,"",m,temporary,2
2014,7,AFG,m,convicted,1
2014,7,DZA,m,convicted,3
2014,7,ARM,m,convicted,17
2014,7,AZE,m,convicted,1
2014,7,BLR,m,convicted,13
2014,7,BGR,m,convicted,34
2014,7,HRV,m,convicted,1
2014,7,CZE,m,convicted,7
2014,7,EST,m,convicted,1
2014,7,GRC,m,convicted,1
2014,7,GEO,m,convicted,11
2014,7,NLD,m,convicted,6
2014,7,IND,m,convicted,1
2014,7,ISR,m,convicted,1
2014,7,YEM,m,convicted,1
2014,7,JOR,m,convicted,1
2014,7,KGZ,m,convicted,1
2014,7,COL,m,convicted,1
2014,7,LBN,m,convicted,1
2014,7,LBY,m,convicted,1
2014,7,LTU,m,convicted,13
2014,7,LVA,m,convicted,5
2014,7,MAR,m,convicted,1
2014,7,MDA,m,convicted,1
2014,7,MNG,m,convicted,1
2014,7,DEU,m,convicted,16
2014,7,NGA,m,convicted,6
2014,7,PAK,m,convicted,2
2014,7,PSE,m,convicted,1
2014,7,RUS,m,convicted,31
2014,7,ROU,m,convicted,26
2014,7,SRB,m,convicted,2
2014,7,SVK,m,convicted,4
2014,7,SOM,m,convicted,1
2014,7,USA,m,convicted,1
2014,7,TUN,m,convicted,1
2014,7,TUR,m,convicted,4
2014,7,TKM,m,convicted,1
2014,7,UKR,m,convicted,50
2014,7,UZB,m,convicted,1
2014,7,GBR,m,convicted,2
2014,7,VNM,m,convicted,6
2014,7,"",m,convicted,4
2014,7,"",m,convicted,1
2014,7,ARM,m,punished,1
2014,7,NLD,m,punished,1
2014,7,LTU,m,punished,1
2014,7,LVA,m,punished,2
2014,7,ITA,m,punished,1
2014,7,BLR,f,temporary,2
2014,7,BGR,f,temporary,1
2014,7,CZE,f,temporary,1
2014,7,RUS,f,temporary,3
2014,7,ROU,f,temporary,1
2014,7,SVK,f,temporary,1
2014,7,UKR,f,temporary,3
2014,7,"",f,temporary,1
2014,7,BLR,f,convicted,2
2014,7,BGR,f,convicted,1
2014,7,CZE,f,convicted,1
2014,7,DEU,f,convicted,1
2014,7,RUS,f,convicted,3
2014,7,ROU,f,convicted,1
2014,7,UKR,f,convicted,3
2014,8,ARM,m,temporary,7
2014,8,AUT,m,temporary,1
2014,8,BEL,m,temporary,2
2014,8,BLR,m,temporary,12
2014,8,BGR,m,temporary,24
2014,8,CHN,m,temporary,1
2014,8,CZE,m,temporary,5
2014,8,EGY,m,temporary,2
2014,8,EST,m,temporary,3
2014,8,FRA,m,temporary,1
2014,8,GHA,m,temporary,1
2014,8,GEO,m,temporary,6
2014,8,GIN,m,temporary,1
2014,8,NLD,m,temporary,6
2014,8,IND,m,temporary,4
2014,8,ISL,m,temporary,1
2014,8,CMR,m,temporary,1
2014,8,CAN,m,temporary,1
2014,8,KGZ,m,temporary,1
2014,8,COL,m,temporary,3
2014,8,XKX,m,temporary,1
2014,8,LTU,m,temporary,10
2014,8,LVA,m,temporary,12
2014,8,DEU,m,temporary,7
2014,8,NGA,m,temporary,7
2014,8,PSE,m,temporary,1
2014,8,RUS,m,temporary,16
2014,8,ROU,m,temporary,20
2014,8,SVK,m,temporary,4
2014,8,SOM,m,temporary,1
2014,8,TJK,m,temporary,1
2014,8,TZA,m,temporary,1
2014,8,TUR,m,temporary,2
2014,8,UKR,m,temporary,29
2014,8,GBR,m,temporary,2
2014,8,VNM,m,temporary,3
2014,8,ITA,m,temporary,2
2014,8,ZWE,m,temporary,1
2014,8,"",m,temporary,3
2014,8,"",m,temporary,2
2014,8,DZA,m,convicted,3
2014,8,ARM,m,convicted,18
2014,8,AZE,m,convicted,1
2014,8,BLR,m,convicted,13
2014,8,BGR,m,convicted,32
2014,8,HRV,m,convicted,1
2014,8,CZE,m,convicted,7
2014,8,EST,m,convicted,1
2014,8,GRC,m,convicted,1
2014,8,GEO,m,convicted,11
2014,8,NLD,m,convicted,6
2014,8,IND,m,convicted,1
2014,8,ISR,m,convicted,1
2014,8,YEM,m,convicted,1
2014,8,JOR,m,convicted,1
2014,8,KGZ,m,convicted,1
2014,8,LBN,m,convicted,1
2014,8,LBY,m,convicted,1
2014,8,LTU,m,convicted,13
2014,8,LVA,m,convicted,5
2014,8,MAR,m,convicted,1
2014,8,MDA,m,convicted,1
2014,8,MNG,m,convicted,2
2014,8,DEU,m,convicted,17
2014,8,NGA,m,convicted,6
2014,8,PAK,m,convicted,2
2014,8,PSE,m,convicted,1
2014,8,RUS,m,convicted,35
2014,8,ROU,m,convicted,26
2014,8,SRB,m,convicted,2
2014,8,SVK,m,convicted,4
2014,8,SOM,m,convicted,1
2014,8,USA,m,convicted,1
2014,8,TUN,m,convicted,1
2014,8,TUR,m,convicted,4
2014,8,TKM,m,convicted,1
2014,8,UKR,m,convicted,49
2014,8,UZB,m,convicted,1
2014,8,GBR,m,convicted,2
2014,8,VNM,m,convicted,6
2014,8,"",m,convicted,4
2014,8,"",m,convicted,1
2014,8,UKR,m,punished,3
2014,8,BLR,f,temporary,2
2014,8,BGR,f,temporary,1
2014,8,CZE,f,temporary,1
2014,8,RUS,f,temporary,3
2014,8,ROU,f,temporary,1
2014,8,SVK,f,temporary,1
2014,8,UKR,f,temporary,3
2014,8,"",f,temporary,1
2014,8,BLR,f,convicted,2
2014,8,BGR,f,convicted,1
2014,8,CZE,f,convicted,1
2014,8,DEU,f,convicted,1
2014,8,RUS,f,convicted,1
2014,8,ROU,f,convicted,2
2014,8,UKR,f,convicted,4
2014,9,ARM,m,temporary,6
2014,9,AUT,m,temporary,1
2014,9,BEL,m,temporary,1
2014,9,BLR,m,temporary,11
2014,9,BGR,m,temporary,27
2014,9,CHN,m,temporary,1
2014,9,CZE,m,temporary,5
2014,9,EGY,m,temporary,2
2014,9,EST,m,temporary,3
2014,9,FRA,m,temporary,1
2014,9,GHA,m,temporary,1
2014,9,GEO,m,temporary,6
2014,9,GIN,m,temporary,1
2014,9,NLD,m,temporary,6
2014,9,IND,m,temporary,3
2014,9,ISL,m,temporary,1
2014,9,CMR,m,temporary,1
2014,9,CAN,m,temporary,1
2014,9,KGZ,m,temporary,1
2014,9,COL,m,temporary,3
2014,9,LTU,m,temporary,13
2014,9,LVA,m,temporary,14
2014,9,MKD,m,temporary,4
2014,9,DEU,m,temporary,9
2014,9,NGA,m,temporary,7
2014,9,PSE,m,temporary,1
2014,9,RUS,m,temporary,16
2014,9,ROU,m,temporary,21
2014,9,SVK,m,temporary,4
2014,9,SOM,m,temporary,1
2014,9,SYR,m,temporary,1
2014,9,TJK,m,temporary,1
2014,9,TZA,m,temporary,1
2014,9,TUN,m,temporary,1
2014,9,TUR,m,temporary,1
2014,9,UKR,m,temporary,30
2014,9,GBR,m,temporary,1
2014,9,VNM,m,temporary,3
2014,9,ITA,m,temporary,1
2014,9,ZWE,m,temporary,1
2014,9,"",m,temporary,4
2014,9,"",m,temporary,3
2014,9,DZA,m,convicted,2
2014,9,ARM,m,convicted,17
2014,9,AZE,m,convicted,1
2014,9,BLR,m,convicted,13
2014,9,BGR,m,convicted,29
2014,9,HRV,m,convicted,1
2014,9,CZE,m,convicted,5
2014,9,EST,m,convicted,1
2014,9,GRC,m,convicted,1
2014,9,GEO,m,convicted,9
2014,9,NLD,m,convicted,6
2014,9,ISR,m,convicted,1
2014,9,YEM,m,convicted,1
2014,9,JOR,m,convicted,1
2014,9,KGZ,m,convicted,1
2014,9,XKX,m,convicted,1
2014,9,LBN,m,convicted,1
2014,9,LBY,m,convicted,1
2014,9,LTU,m,convicted,11
2014,9,LUX,m,convicted,1
2014,9,LVA,m,convicted,4
2014,9,MAR,m,convicted,1
2014,9,MDA,m,convicted,1
2014,9,MNG,m,convicted,2
2014,9,DEU,m,convicted,15
2014,9,NGA,m,convicted,5
2014,9,PAK,m,convicted,2
2014,9,PSE,m,convicted,1
2014,9,RUS,m,convicted,35
2014,9,ROU,m,convicted,25
2014,9,SRB,m,convicted,2
2014,9,SVK,m,convicted,4
2014,9,SOM,m,convicted,1
2014,9,USA,m,convicted,1
2014,9,TUN,m,convicted,1
2014,9,TUR,m,convicted,4
2014,9,TKM,m,convicted,1
2014,9,UKR,m,convicted,48
2014,9,UZB,m,convicted,1
2014,9,GBR,m,convicted,2
2014,9,VNM,m,convicted,7
2014,9,"",m,convicted,5
2014,9,"",m,convicted,2
2014,9,DZA,m,punished,1
2014,9,GEO,m,punished,1
2014,9,UKR,m,punished,1
2014,9,BLR,f,temporary,2
2014,9,BGR,f,temporary,1
2014,9,CZE,f,temporary,2
2014,9,LVA,f,temporary,1
2014,9,RUS,f,temporary,3
2014,9,SVK,f,temporary,1
2014,9,UKR,f,temporary,4
2014,9,"",f,temporary,1
2014,9,BLR,f,convicted,2
2014,9,BGR,f,convicted,1
2014,9,RUS,f,convicted,1
2014,9,ROU,f,convicted,1
2014,9,UKR,f,convicted,4
2014,9,UKR,f,punished,1
2014,10,ARM,m,temporary,6
2014,10,BEL,m,temporary,1
2014,10,BLR,m,temporary,11
2014,10,BGR,m,temporary,27
2014,10,CHN,m,temporary,1
2014,10,CZE,m,temporary,5
2014,10,EGY,m,temporary,1
2014,10,EST,m,temporary,3
2014,10,FRA,m,temporary,1
2014,10,GHA,m,temporary,1
2014,10,GEO,m,temporary,5
2014,10,GIN,m,temporary,1
2014,10,NLD,m,temporary,4
2014,10,IND,m,temporary,3
2014,10,JPN,m,temporary,1
2014,10,CMR,m,temporary,1
2014,10,CAN,m,temporary,1
2014,10,KGZ,m,temporary,1
2014,10,COL,m,temporary,3
2014,10,LTU,m,temporary,10
2014,10,LVA,m,temporary,12
2014,10,MKD,m,temporary,4
2014,10,DEU,m,temporary,7
2014,10,NGA,m,temporary,6
2014,10,PSE,m,temporary,1
2014,10,PRT,m,temporary,1
2014,10,RUS,m,temporary,17
2014,10,ROU,m,temporary,21
2014,10,SVK,m,temporary,6
2014,10,SYR,m,temporary,1
2014,10,TJK,m,temporary,1
2014,10,TUN,m,temporary,2
2014,10,TUR,m,temporary,2
2014,10,UKR,m,temporary,34
2014,10,HUN,m,temporary,1
2014,10,GBR,m,temporary,1
2014,10,VNM,m,temporary,2
2014,10,ITA,m,temporary,1
2014,10,ZWE,m,temporary,1
2014,10,"",m,temporary,2
2014,10,"",m,temporary,3
2014,10,DZA,m,convicted,3
2014,10,ARM,m,convicted,16
2014,10,AUT,m,convicted,1
2014,10,AZE,m,convicted,1
2014,10,BLR,m,convicted,13
2014,10,BGR,m,convicted,34
2014,10,HRV,m,convicted,1
2014,10,CZE,m,convicted,5
2014,10,EST,m,convicted,1
2014,10,GRC,m,convicted,1
2014,10,GEO,m,convicted,7
2014,10,NLD,m,convicted,6
2014,10,ISR,m,convicted,1
2014,10,YEM,m,convicted,1
2014,10,JOR,m,convicted,1
2014,10,KGZ,m,convicted,1
2014,10,XKX,m,convicted,1
2014,10,LBN,m,convicted,1
2014,10,LBY,m,convicted,1
2014,10,LTU,m,convicted,11
2014,10,LVA,m,convicted,4
2014,10,MAR,m,convicted,1
2014,10,MDA,m,convicted,1
2014,10,MNG,m,convicted,1
2014,10,DEU,m,convicted,17
2014,10,NGA,m,convicted,6
2014,10,PAK,m,convicted,2
2014,10,PSE,m,convicted,1
2014,10,RUS,m,convicted,39
2014,10,ROU,m,convicted,25
2014,10,SRB,m,convicted,2
2014,10,SVK,m,convicted,2
2014,10,SOM,m,convicted,1
2014,10,USA,m,convicted,1
2014,10,TUN,m,convicted,1
2014,10,TUR,m,convicted,4
2014,10,TKM,m,convicted,1
2014,10,UKR,m,convicted,50
2014,10,UZB,m,convicted,1
2014,10,GBR,m,convicted,2
2014,10,VNM,m,convicted,8
2014,10,"",m,convicted,4
2014,10,"",m,convicted,2
2014,10,ARM,m,punished,1
2014,10,BLR,m,punished,1
2014,10,FRA,m,punished,1
2014,10,LTU,m,punished,1
2014,10,UKR,m,punished,3
2014,10,BLR,f,temporary,2
2014,10,BGR,f,temporary,1
2014,10,CZE,f,temporary,1
2014,10,LVA,f,temporary,1
2014,10,RUS,f,temporary,3
2014,10,ROU,f,temporary,1
2014,10,SVK,f,temporary,1
2014,10,UKR,f,temporary,2
2014,10,"",f,temporary,1
2014,10,BLR,f,convicted,2
2014,10,BGR,f,convicted,1
2014,10,RUS,f,convicted,1
2014,10,ROU,f,convicted,1
2014,10,UKR,f,convicted,4
2014,10,UKR,f,punished,1
2014,11,ARM,m,temporary,7
2014,11,BEL,m,temporary,1
2014,11,BLR,m,temporary,7
2014,11,BGR,m,temporary,24
2014,11,CZE,m,temporary,2
2014,11,EGY,m,temporary,1
2014,11,EST,m,temporary,3
2014,11,FRA,m,temporary,3
2014,11,GHA,m,temporary,1
2014,11,GEO,m,temporary,5
2014,11,GIN,m,temporary,1
2014,11,NLD,m,temporary,4
2014,11,IND,m,temporary,3
2014,11,JPN,m,temporary,1
2014,11,CMR,m,temporary,1
2014,11,CAN,m,temporary,1
2014,11,KGZ,m,temporary,1
2014,11,COL,m,temporary,3
2014,11,LTU,m,temporary,11
2014,11,LVA,m,temporary,17
2014,11,MKD,m,temporary,4
2014,11,DEU,m,temporary,8
2014,11,NGA,m,temporary,7
2014,11,PRT,m,temporary,1
2014,11,RUS,m,temporary,16
2014,11,ROU,m,temporary,19
2014,11,SRB,m,temporary,1
2014,11,SVK,m,temporary,4
2014,11,SYR,m,temporary,1
2014,11,TJK,m,temporary,1
2014,11,TUN,m,temporary,1
2014,11,TUR,m,temporary,2
2014,11,UKR,m,temporary,30
2014,11,HUN,m,temporary,1
2014,11,GBR,m,temporary,1
2014,11,VNM,m,temporary,8
2014,11,ITA,m,temporary,1
2014,11,ZWE,m,temporary,1
2014,11,"",m,temporary,2
2014,11,"",m,temporary,3
2014,11,DZA,m,convicted,3
2014,11,SAU,m,convicted,1
2014,11,ARM,m,convicted,16
2014,11,AUT,m,convicted,1
2014,11,AZE,m,convicted,1
2014,11,BLR,m,convicted,14
2014,11,BGR,m,convicted,36
2014,11,HRV,m,convicted,1
2014,11,CZE,m,convicted,5
2014,11,EST,m,convicted,1
2014,11,GRC,m,convicted,1
2014,11,GEO,m,convicted,8
2014,11,NLD,m,convicted,6
2014,11,ISR,m,convicted,1
2014,11,YEM,m,convicted,1
2014,11,JOR,m,convicted,1
2014,11,KGZ,m,convicted,1
2014,11,XKX,m,convicted,1
2014,11,LBN,m,convicted,1
2014,11,LBY,m,convicted,1
2014,11,LTU,m,convicted,11
2014,11,LVA,m,convicted,4
2014,11,MAR,m,convicted,1
2014,11,MDA,m,convicted,1
2014,11,MNG,m,convicted,1
2014,11,DEU,m,convicted,20
2014,11,NGA,m,convicted,6
2014,11,PAK,m,convicted,3
2014,11,PSE,m,convicted,2
2014,11,RUS,m,convicted,43
2014,11,ROU,m,convicted,25
2014,11,SRB,m,convicted,2
2014,11,SVK,m,convicted,4
2014,11,SOM,m,convicted,1
2014,11,USA,m,convicted,1
2014,11,TUN,m,convicted,1
2014,11,TUR,m,convicted,4
2014,11,TKM,m,convicted,1
2014,11,UKR,m,convicted,53
2014,11,UZB,m,convicted,1
2014,11,GBR,m,convicted,1
2014,11,VNM,m,convicted,7
2014,11,ITA,m,convicted,1
2014,11,"",m,convicted,5
2014,11,"",m,convicted,2
2014,11,FRA,m,punished,1
2014,11,UKR,m,punished,3
2014,11,BLR,f,temporary,1
2014,11,BGR,f,temporary,1
2014,11,CZE,f,temporary,1
2014,11,LVA,f,temporary,1
2014,11,RUS,f,temporary,3
2014,11,UKR,f,temporary,2
2014,11,VNM,f,temporary,1
2014,11,"",f,temporary,1
2014,11,BLR,f,convicted,2
2014,11,BGR,f,convicted,1
2014,11,RUS,f,convicted,1
2014,11,ROU,f,convicted,1
2014,11,UKR,f,convicted,3
2014,11,UKR,f,punished,2
2014,12,ALB,m,temporary,1
2014,12,ARM,m,temporary,6
2014,12,BEL,m,temporary,1
2014,12,BLR,m,temporary,7
2014,12,BGR,m,temporary,33
2014,12,CZE,m,temporary,4
2014,12,EGY,m,temporary,1
2014,12,EST,m,temporary,2
2014,12,FRA,m,temporary,3
2014,12,GHA,m,temporary,1
2014,12,GRC,m,temporary,1
2014,12,GEO,m,temporary,5
2014,12,GIN,m,temporary,1
2014,12,NLD,m,temporary,4
2014,12,IND,m,temporary,3
2014,12,ISR,m,temporary,1
2014,12,JPN,m,temporary,1
2014,12,CMR,m,temporary,1
2014,12,KGZ,m,temporary,1
2014,12,COL,m,temporary,3
2014,12,XKX,m,temporary,1
2014,12,LTU,m,temporary,10
2014,12,LVA,m,temporary,13
2014,12,MDA,m,temporary,3
2014,12,DEU,m,temporary,6
2014,12,NGA,m,temporary,5
2014,12,PRT,m,temporary,1
2014,12,RUS,m,temporary,20
2014,12,ROU,m,temporary,24
2014,12,SRB,m,temporary,2
2014,12,SVK,m,temporary,3
2014,12,SYR,m,temporary,2
2014,12,TJK,m,temporary,1
2014,12,TUN,m,temporary,1
2014,12,TUR,m,temporary,2
2014,12,TKM,m,temporary,1
2014,12,UKR,m,temporary,22
2014,12,HUN,m,temporary,1
2014,12,GBR,m,temporary,1
2014,12,VNM,m,temporary,9
2014,12,ITA,m,temporary,2
2014,12,ZWE,m,temporary,1
2014,12,"",m,temporary,3
2014,12,"",m,temporary,2
2014,12,DZA,m,convicted,2
2014,12,ARM,m,convicted,17
2014,12,AUT,m,convicted,1
2014,12,AZE,m,convicted,1
2014,12,BLR,m,convicted,14
2014,12,BGR,m,convicted,32
2014,12,HRV,m,convicted,1
2014,12,CZE,m,convicted,5
2014,12,EST,m,convicted,1
2014,12,GRC,m,convicted,1
2014,12,GEO,m,convicted,8
2014,12,GIN,m,convicted,1
2014,12,NLD,m,convicted,6
2014,12,ISR,m,convicted,1
2014,12,YEM,m,convicted,1
2014,12,JOR,m,convicted,1
2014,12,KGZ,m,convicted,1
2014,12,XKX,m,convicted,1
2014,12,LBN,m,convicted,1
2014,12,LBY,m,convicted,1
2014,12,LTU,m,convicted,10
2014,12,LVA,m,convicted,4
2014,12,MAR,m,convicted,1
2014,12,MDA,m,convicted,1
2014,12,MNG,m,convicted,1
2014,12,DEU,m,convicted,19
2014,12,NGA,m,convicted,6
2014,12,PAK,m,convicted,3
2014,12,PSE,m,convicted,2
2014,12,RUS,m,convicted,41
2014,12,ROU,m,convicted,20
2014,12,SRB,m,convicted,2
2014,12,SVK,m,convicted,4
2014,12,SOM,m,convicted,1
2014,12,USA,m,convicted,1
2014,12,TUN,m,convicted,1
2014,12,TUR,m,convicted,4
2014,12,TKM,m,convicted,1
2014,12,UKR,m,convicted,56
2014,12,UZB,m,convicted,1
2014,12,GBR,m,convicted,1
2014,12,VNM,m,convicted,7
2014,12,ITA,m,convicted,2
2014,12,"",m,convicted,5
2014,12,"",m,convicted,3
2014,12,FRA,m,punished,1
2014,12,UKR,m,punished,1
2014,12,BLR,f,temporary,1
2014,12,BGR,f,temporary,4
2014,12,CZE,f,temporary,1
2014,12,DEU,f,temporary,1
2014,12,RUS,f,temporary,2
2014,12,UKR,f,temporary,2
2014,12,GBR,f,temporary,1
2014,12,VNM,f,temporary,1
2014,12,BLR,f,convicted,1
2014,12,BGR,f,convicted,1
2014,12,RUS,f,convicted,1
2014,12,ROU,f,convicted,2
2014,12,UKR,f,convicted,4
2014,12,UKR,f,punished,3
2015,1,ALB,m,temporary,1
2015,1,DZA,m,temporary,1
2015,1,ARM,m,temporary,5
2015,1,BEL,m,temporary,2
2015,1,BLR,m,temporary,10
2015,1,BGR,m,temporary,35
2015,1,MNE,m,temporary,1
2015,1,CZE,m,temporary,4
2015,1,EGY,m,temporary,1
2015,1,EST,m,temporary,1
2015,1,FRA,m,temporary,3
2015,1,GHA,m,temporary,1
2015,1,GRC,m,temporary,2
2015,1,GEO,m,temporary,6
2015,1,GIN,m,temporary,1
2015,1,ESP,m,temporary,1
2015,1,NLD,m,temporary,4
2015,1,IND,m,temporary,3
2015,1,ISR,m,temporary,1
2015,1,JPN,m,temporary,1
2015,1,CMR,m,temporary,1
2015,1,KGZ,m,temporary,1
2015,1,XKX,m,temporary,1
2015,1,LTU,m,temporary,12
2015,1,LVA,m,temporary,11
2015,1,MAR,m,temporary,1
2015,1,MDA,m,temporary,4
2015,1,DEU,m,temporary,7
2015,1,NGA,m,temporary,6
2015,1,PRT,m,temporary,1
2015,1,RUS,m,temporary,19
2015,1,ROU,m,temporary,21
2015,1,SRB,m,temporary,2
2015,1,SVK,m,temporary,3
2015,1,SYR,m,temporary,2
2015,1,TJK,m,temporary,1
2015,1,TUN,m,temporary,1
2015,1,TUR,m,temporary,3
2015,1,TKM,m,temporary,1
2015,1,UKR,m,temporary,25
2015,1,VNM,m,temporary,10
2015,1,ITA,m,temporary,2
2015,1,ZWE,m,temporary,1
2015,1,"",m,temporary,2
2015,1,"",m,temporary,1
2015,1,DZA,m,convicted,2
2015,1,ARM,m,convicted,16
2015,1,AUT,m,convicted,1
2015,1,AZE,m,convicted,1
2015,1,BLR,m,convicted,14
2015,1,BGR,m,convicted,33
2015,1,HRV,m,convicted,1
2015,1,CZE,m,convicted,3
2015,1,EST,m,convicted,1
2015,1,GRC,m,convicted,1
2015,1,GEO,m,convicted,8
2015,1,GIN,m,convicted,2
2015,1,NLD,m,convicted,6
2015,1,ISR,m,convicted,1
2015,1,YEM,m,convicted,1
2015,1,JOR,m,convicted,1
2015,1,KAZ,m,convicted,1
2015,1,KGZ,m,convicted,1
2015,1,XKX,m,convicted,1
2015,1,LBN,m,convicted,1
2015,1,LBY,m,convicted,1
2015,1,LTU,m,convicted,10
2015,1,LVA,m,convicted,4
2015,1,MKD,m,convicted,1
2015,1,MDA,m,convicted,1
2015,1,DEU,m,convicted,18
2015,1,NGA,m,convicted,6
2015,1,PAK,m,convicted,2
2015,1,PSE,m,convicted,2
2015,1,RUS,m,convicted,42
2015,1,ROU,m,convicted,20
2015,1,SRB,m,convicted,2
2015,1,SVK,m,convicted,4
2015,1,SOM,m,convicted,1
2015,1,USA,m,convicted,1
2015,1,TUN,m,convicted,1
2015,1,TUR,m,convicted,4
2015,1,UKR,m,convicted,60
2015,1,UZB,m,convicted,1
2015,1,GBR,m,convicted,2
2015,1,VNM,m,convicted,9
2015,1,ITA,m,convicted,2
2015,1,"",m,convicted,5
2015,1,"",m,convicted,3
2015,1,FRA,m,punished,1
2015,1,GEO,m,punished,1
2015,1,UKR,m,punished,3
2015,1,BGR,f,temporary,3
2015,1,NLD,f,temporary,1
2015,1,LTU,f,temporary,1
2015,1,MDA,f,temporary,2
2015,1,DEU,f,temporary,1
2015,1,RUS,f,temporary,2
2015,1,ROU,f,temporary,1
2015,1,UKR,f,temporary,1
2015,1,GBR,f,temporary,1
2015,1,VNM,f,temporary,2
2015,1,BLR,f,convicted,1
2015,1,BGR,f,convicted,1
2015,1,NLD,f,convicted,1
2015,1,LTU,f,convicted,1
2015,1,LVA,f,convicted,1
2015,1,RUS,f,convicted,1
2015,1,ROU,f,convicted,1
2015,1,UKR,f,convicted,5
2015,1,"",f,convicted,1
2015,1,UKR,f,punished,1
2015,2,DZA,m,temporary,1
2015,2,ARM,m,temporary,5
2015,2,BEL,m,temporary,1
2015,2,BLR,m,temporary,9
2015,2,BGR,m,temporary,23
2015,2,CZE,m,temporary,4
2015,2,EGY,m,temporary,1
2015,2,EST,m,temporary,1
2015,2,FRA,m,temporary,3
2015,2,GHA,m,temporary,1
2015,2,GRC,m,temporary,1
2015,2,GEO,m,temporary,7
2015,2,GIN,m,temporary,1
2015,2,ESP,m,temporary,1
2015,2,NLD,m,temporary,4
2015,2,IND,m,temporary,3
2015,2,CMR,m,temporary,1
2015,2,KGZ,m,temporary,1
2015,2,XKX,m,temporary,1
2015,2,LTU,m,temporary,17
2015,2,LVA,m,temporary,13
2015,2,MAR,m,temporary,1
2015,2,MDA,m,temporary,6
2015,2,DEU,m,temporary,8
2015,2,NGA,m,temporary,7
2015,2,PRT,m,temporary,1
2015,2,RUS,m,temporary,17
2015,2,ROU,m,temporary,22
2015,2,SRB,m,temporary,2
2015,2,SVK,m,temporary,2
2015,2,SYR,m,temporary,1
2015,2,SWE,m,temporary,1
2015,2,TJK,m,temporary,1
2015,2,TUN,m,temporary,2
2015,2,TUR,m,temporary,1
2015,2,TKM,m,temporary,1
2015,2,UKR,m,temporary,20
2015,2,HUN,m,temporary,1
2015,2,VNM,m,temporary,12
2015,2,ITA,m,temporary,2
2015,2,ZWE,m,temporary,1
2015,2,"",m,temporary,2
2015,2,"",m,temporary,1
2015,2,DZA,m,convicted,3
2015,2,ARM,m,convicted,17
2015,2,AUT,m,convicted,1
2015,2,AZE,m,convicted,1
2015,2,BEL,m,convicted,1
2015,2,BLR,m,convicted,16
2015,2,BGR,m,convicted,33
2015,2,HRV,m,convicted,1
2015,2,CZE,m,convicted,2
2015,2,EST,m,convicted,1
2015,2,GRC,m,convicted,1
2015,2,GEO,m,convicted,9
2015,2,GIN,m,convicted,2
2015,2,NLD,m,convicted,6
2015,2,ISR,m,convicted,1
2015,2,YEM,m,convicted,1
2015,2,JOR,m,convicted,1
2015,2,KAZ,m,convicted,1
2015,2,KGZ,m,convicted,1
2015,2,LBN,m,convicted,1
2015,2,LBY,m,convicted,2
2015,2,LTU,m,convicted,10
2015,2,LVA,m,convicted,3
2015,2,MKD,m,convicted,1
2015,2,MDA,m,convicted,1
2015,2,MNG,m,convicted,1
2015,2,DEU,m,convicted,17
2015,2,NGA,m,convicted,5
2015,2,NOR,m,convicted,1
2015,2,PAK,m,convicted,2
2015,2,PSE,m,convicted,2
2015,2,RUS,m,convicted,42
2015,2,ROU,m,convicted,18
2015,2,SRB,m,convicted,2
2015,2,SVK,m,convicted,4
2015,2,SOM,m,convicted,1
2015,2,USA,m,convicted,1
2015,2,TUN,m,convicted,1
2015,2,TUR,m,convicted,5
2015,2,UKR,m,convicted,60
2015,2,UZB,m,convicted,1
2015,2,GBR,m,convicted,2
2015,2,VNM,m,convicted,8
2015,2,ITA,m,convicted,2
2015,2,"",m,convicted,5
2015,2,"",m,convicted,3
2015,2,ARM,m,punished,1
2015,2,BGR,m,punished,1
2015,2,UKR,m,punished,6
2015,2,BGR,f,temporary,1
2015,2,NLD,f,temporary,1
2015,2,LTU,f,temporary,1
2015,2,MDA,f,temporary,2
2015,2,DEU,f,temporary,1
2015,2,RUS,f,temporary,2
2015,2,UKR,f,temporary,1
2015,2,HUN,f,temporary,1
2015,2,GBR,f,temporary,1
2015,2,VNM,f,temporary,1
2015,2,BGR,f,convicted,1
2015,2,NLD,f,convicted,1
2015,2,LTU,f,convicted,1
2015,2,LVA,f,convicted,1
2015,2,RUS,f,convicted,1
2015,2,ROU,f,convicted,2
2015,2,UKR,f,convicted,4
2015,2,"",f,convicted,1
2015,2,UKR,f,punished,1
2015,3,DZA,m,temporary,1
2015,3,ARM,m,temporary,4
2015,3,BEL,m,temporary,1
2015,3,BLR,m,temporary,8
2015,3,BGR,m,temporary,20
2015,3,CZE,m,temporary,4
2015,3,EGY,m,temporary,1
2015,3,EST,m,temporary,1
2015,3,ETH,m,temporary,1
2015,3,FRA,m,temporary,3
2015,3,GHA,m,temporary,1
2015,3,GRC,m,temporary,1
2015,3,GEO,m,temporary,4
2015,3,GIN,m,temporary,1
2015,3,NLD,m,temporary,3
2015,3,IND,m,temporary,2
2015,3,CMR,m,temporary,1
2015,3,KGZ,m,temporary,1
2015,3,XKX,m,temporary,1
2015,3,LTU,m,temporary,26
2015,3,LVA,m,temporary,10
2015,3,MAR,m,temporary,1
2015,3,MDA,m,temporary,5
2015,3,DEU,m,temporary,11
2015,3,NGA,m,temporary,5
2015,3,PAK,m,temporary,2
2015,3,PRT,m,temporary,1
2015,3,RUS,m,temporary,15
2015,3,ROU,m,temporary,24
2015,3,SRB,m,temporary,2
2015,3,SVK,m,temporary,2
2015,3,USA,m,temporary,1
2015,3,SYR,m,temporary,3
2015,3,SWE,m,temporary,1
2015,3,TJK,m,temporary,1
2015,3,TUR,m,temporary,1
2015,3,TKM,m,temporary,1
2015,3,UKR,m,temporary,23
2015,3,GBR,m,temporary,1
2015,3,VNM,m,temporary,11
2015,3,ITA,m,temporary,2
2015,3,ZWE,m,temporary,1
2015,3,"",m,temporary,2
2015,3,DZA,m,convicted,3
2015,3,ARM,m,convicted,17
2015,3,AUT,m,convicted,1
2015,3,AZE,m,convicted,1
2015,3,BEL,m,convicted,1
2015,3,BLR,m,convicted,18
2015,3,BGR,m,convicted,37
2015,3,HRV,m,convicted,1
2015,3,CZE,m,convicted,2
2015,3,EST,m,convicted,1
2015,3,GRC,m,convicted,1
2015,3,GEO,m,convicted,8
2015,3,GIN,m,convicted,2
2015,3,ESP,m,convicted,1
2015,3,NLD,m,convicted,7
2015,3,ISR,m,convicted,1
2015,3,YEM,m,convicted,1
2015,3,JOR,m,convicted,1
2015,3,KAZ,m,convicted,1
2015,3,KGZ,m,convicted,1
2015,3,LBN,m,convicted,1
2015,3,LBY,m,convicted,2
2015,3,LTU,m,convicted,11
2015,3,LVA,m,convicted,3
2015,3,MKD,m,convicted,1
2015,3,MDA,m,convicted,1
2015,3,MNG,m,convicted,1
2015,3,DEU,m,convicted,16
2015,3,NGA,m,convicted,5
2015,3,NOR,m,convicted,1
2015,3,PAK,m,convicted,2
2015,3,PSE,m,convicted,2
2015,3,PYF,m,convicted,1
2015,3,RUS,m,convicted,40
2015,3,ROU,m,convicted,18
2015,3,SRB,m,convicted,2
2015,3,SVK,m,convicted,4
2015,3,SOM,m,convicted,1
2015,3,USA,m,convicted,1
2015,3,SWE,m,convicted,1
2015,3,TUN,m,convicted,1
2015,3,TUR,m,convicted,5
2015,3,UKR,m,convicted,64
2015,3,UZB,m,convicted,1
2015,3,GBR,m,convicted,4
2015,3,VNM,m,convicted,9
2015,3,ITA,m,convicted,3
2015,3,"",m,convicted,4
2015,3,"",m,convicted,4
2015,3,LVA,m,punished,1
2015,3,RUS,m,punished,1
2015,3,UKR,m,punished,4
2015,3,"",m,punished,1
2015,3,BGR,f,temporary,2
2015,3,NLD,f,temporary,1
2015,3,LTU,f,temporary,1
2015,3,DEU,f,temporary,1
2015,3,RUS,f,temporary,2
2015,3,UKR,f,temporary,1
2015,3,GBR,f,temporary,1
2015,3,VNM,f,temporary,1
2015,3,BLR,f,convicted,1
2015,3,BGR,f,convicted,1
2015,3,NLD,f,convicted,1
2015,3,LTU,f,convicted,1
2015,3,LVA,f,convicted,1
2015,3,RUS,f,convicted,1
2015,3,ROU,f,convicted,2
2015,3,UKR,f,convicted,4
2015,3,"",f,convicted,1
2015,3,BLR,f,punished,2
2015,3,UKR,f,punished,2
2015,4,DZA,m,temporary,2
2015,4,ARM,m,temporary,6
2015,4,BEL,m,temporary,1
2015,4,BLR,m,temporary,8
2015,4,BGR,m,temporary,16
2015,4,CZE,m,temporary,7
2015,4,EST,m,temporary,1
2015,4,ETH,m,temporary,1
2015,4,FRA,m,temporary,3
2015,4,GHA,m,temporary,1
2015,4,GRC,m,temporary,1
2015,4,GEO,m,temporary,5
2015,4,GIN,m,temporary,1
2015,4,NLD,m,temporary,5
2015,4,IND,m,temporary,3
2015,4,CMR,m,temporary,3
2015,4,KGZ,m,temporary,1
2015,4,XKX,m,temporary,1
2015,4,LTU,m,temporary,18
2015,4,LVA,m,temporary,14
2015,4,MAR,m,temporary,1
2015,4,MDA,m,temporary,5
2015,4,DEU,m,temporary,11
2015,4,NGA,m,temporary,5
2015,4,PAK,m,temporary,4
2015,4,PRT,m,temporary,2
2015,4,RUS,m,temporary,12
2015,4,ROU,m,temporary,23
2015,4,SRB,m,temporary,2
2015,4,SVK,m,temporary,3
2015,4,USA,m,temporary,1
2015,4,SYR,m,temporary,3
2015,4,SWE,m,temporary,2
2015,4,TJK,m,temporary,1
2015,4,TUN,m,temporary,1
2015,4,TUR,m,temporary,3
2015,4,TKM,m,temporary,1
2015,4,UKR,m,temporary,22
2015,4,GBR,m,temporary,1
2015,4,VNM,m,temporary,7
2015,4,ITA,m,temporary,2
2015,4,ZWE,m,temporary,1
2015,4,"",m,temporary,3
2015,4,DZA,m,convicted,2
2015,4,ARM,m,convicted,16
2015,4,AUT,m,convicted,1
2015,4,AZE,m,convicted,1
2015,4,BEL,m,convicted,1
2015,4,BLR,m,convicted,16
2015,4,BGR,m,convicted,39
2015,4,HRV,m,convicted,1
2015,4,CZE,m,convicted,3
2015,4,EGY,m,convicted,1
2015,4,EST,m,convicted,1
2015,4,GRC,m,convicted,1
2015,4,GEO,m,convicted,9
2015,4,GIN,m,convicted,1
2015,4,ESP,m,convicted,1
2015,4,NLD,m,convicted,7
2015,4,IND,m,convicted,1
2015,4,ISR,m,convicted,1
2015,4,YEM,m,convicted,1
2015,4,JOR,m,convicted,1
2015,4,KAZ,m,convicted,1
2015,4,KGZ,m,convicted,1
2015,4,LBN,m,convicted,1
2015,4,LBY,m,convicted,2
2015,4,LTU,m,convicted,10
2015,4,LVA,m,convicted,7
2015,4,MKD,m,convicted,1
2015,4,MDA,m,convicted,1
2015,4,DEU,m,convicted,15
2015,4,NGA,m,convicted,5
2015,4,NOR,m,convicted,1
2015,4,PAK,m,convicted,2
2015,4,PSE,m,convicted,2
2015,4,PYF,m,convicted,1
2015,4,RUS,m,convicted,40
2015,4,ROU,m,convicted,18
2015,4,SRB,m,convicted,2
2015,4,SVK,m,convicted,5
2015,4,SOM,m,convicted,1
2015,4,USA,m,convicted,1
2015,4,SWE,m,convicted,1
2015,4,TUN,m,convicted,1
2015,4,TUR,m,convicted,5
2015,4,UKR,m,convicted,60
2015,4,UZB,m,convicted,1
2015,4,GBR,m,convicted,3
2015,4,VNM,m,convicted,9
2015,4,ITA,m,convicted,2
2015,4,"",m,convicted,4
2015,4,"",m,convicted,5
2015,4,LTU,m,punished,1
2015,4,UKR,m,punished,5
2015,4,BGR,f,temporary,2
2015,4,NLD,f,temporary,1
2015,4,LTU,f,temporary,1
2015,4,DEU,f,temporary,1
2015,4,RUS,f,temporary,1
2015,4,ROU,f,temporary,1
2015,4,UKR,f,temporary,2
2015,4,GBR,f,temporary,1
2015,4,BLR,f,convicted,1
2015,4,BGR,f,convicted,1
2015,4,LVA,f,convicted,1
2015,4,RUS,f,convicted,1
2015,4,ROU,f,convicted,4
2015,4,UKR,f,convicted,4
2015,4,"",f,convicted,1
2015,4,UKR,f,punished,1
2015,5,DZA,m,temporary,2
2015,5,ARM,m,temporary,7
2015,5,BEL,m,temporary,1
2015,5,BLR,m,temporary,9
2015,5,BGR,m,temporary,15
2015,5,CZE,m,temporary,7
2015,5,EST,m,temporary,1
2015,5,ETH,m,temporary,1
2015,5,FRA,m,temporary,4
2015,5,GMB,m,temporary,1
2015,5,GHA,m,temporary,1
2015,5,GRC,m,temporary,1
2015,5,GEO,m,temporary,6
2015,5,GIN,m,temporary,1
2015,5,NLD,m,temporary,5
2015,5,IND,m,temporary,1
2015,5,CMR,m,temporary,1
2015,5,KGZ,m,temporary,1
2015,5,XKX,m,temporary,1
2015,5,LTU,m,temporary,12
2015,5,LVA,m,temporary,18
2015,5,MAR,m,temporary,1
2015,5,MDA,m,temporary,5
2015,5,DEU,m,temporary,9
2015,5,NGA,m,temporary,6
2015,5,PAK,m,temporary,3
2015,5,PRT,m,temporary,1
2015,5,RUS,m,temporary,13
2015,5,ROU,m,temporary,20
2015,5,SRB,m,temporary,1
2015,5,SVK,m,temporary,3
2015,5,SYR,m,temporary,3
2015,5,SWE,m,temporary,1
2015,5,TUN,m,temporary,1
2015,5,TUR,m,temporary,2
2015,5,TKM,m,temporary,1
2015,5,UKR,m,temporary,21
2015,5,GBR,m,temporary,1
2015,5,VNM,m,temporary,7
2015,5,ITA,m,temporary,2
2015,5,ZWE,m,temporary,1
2015,5,"",m,temporary,3
2015,5,DZA,m,convicted,2
2015,5,ARM,m,convicted,19
2015,5,AUT,m,convicted,1
2015,5,AZE,m,convicted,1
2015,5,BEL,m,convicted,1
2015,5,BLR,m,convicted,15
2015,5,BGR,m,convicted,38
2015,5,HRV,m,convicted,1
2015,5,CZE,m,convicted,3
2015,5,EGY,m,convicted,1
2015,5,EST,m,convicted,1
2015,5,GRC,m,convicted,1
2015,5,GEO,m,convicted,10
2015,5,ESP,m,convicted,1
2015,5,NLD,m,convicted,5
2015,5,IND,m,convicted,1
2015,5,ISR,m,convicted,1
2015,5,YEM,m,convicted,1
2015,5,JOR,m,convicted,1
2015,5,KAZ,m,convicted,1
2015,5,KGZ,m,convicted,1
2015,5,LBN,m,convicted,1
2015,5,LBY,m,convicted,2
2015,5,LTU,m,convicted,12
2015,5,LVA,m,convicted,5
2015,5,MKD,m,convicted,1
2015,5,MDA,m,convicted,1
2015,5,DEU,m,convicted,16
2015,5,NGA,m,convicted,4
2015,5,NOR,m,convicted,2
2015,5,PAK,m,convicted,2
2015,5,PSE,m,convicted,1
2015,5,PYF,m,convicted,1
2015,5,PRT,m,convicted,1
2015,5,RUS,m,convicted,40
2015,5,ROU,m,convicted,23
2015,5,SRB,m,convicted,3
2015,5,SVK,m,convicted,7
2015,5,SOM,m,convicted,1
2015,5,USA,m,convicted,1
2015,5,SDN,m,convicted,1
2015,5,SWE,m,convicted,1
2015,5,TUN,m,convicted,2
2015,5,TUR,m,convicted,5
2015,5,UKR,m,convicted,61
2015,5,UZB,m,convicted,1
2015,5,GBR,m,convicted,3
2015,5,VNM,m,convicted,8
2015,5,ITA,m,convicted,2
2015,5,"",m,convicted,3
2015,5,"",m,convicted,4
2015,5,BGR,f,temporary,2
2015,5,NLD,f,temporary,2
2015,5,LTU,f,temporary,1
2015,5,LVA,f,temporary,1
2015,5,DEU,f,temporary,1
2015,5,RUS,f,temporary,1
2015,5,ROU,f,temporary,2
2015,5,UKR,f,temporary,4
2015,5,GBR,f,temporary,1
2015,5,BLR,f,convicted,1
2015,5,BGR,f,convicted,1
2015,5,LVA,f,convicted,1
2015,5,RUS,f,convicted,2
2015,5,ROU,f,convicted,4
2015,5,UKR,f,convicted,3
2015,5,"",f,convicted,1
2015,5,ROU,f,punished,1
2015,5,UKR,f,punished,2
2015,6,DZA,m,temporary,2
2015,6,ARM,m,temporary,4
2015,6,BEL,m,temporary,1
2015,6,BLR,m,temporary,8
2015,6,BGR,m,temporary,15
2015,6,CZE,m,temporary,5
2015,6,EST,m,temporary,1
2015,6,FRA,m,temporary,4
2015,6,GMB,m,temporary,1
2015,6,GHA,m,temporary,2
2015,6,GRC,m,temporary,1
2015,6,GEO,m,temporary,7
2015,6,GIN,m,temporary,1
2015,6,NLD,m,temporary,5
2015,6,IND,m,temporary,1
2015,6,IRQ,m,temporary,1
2015,6,ISR,m,temporary,1
2015,6,CMR,m,temporary,1
2015,6,KGZ,m,temporary,1
2015,6,XKX,m,temporary,1
2015,6,LTU,m,temporary,17
2015,6,LVA,m,temporary,24
2015,6,MAR,m,temporary,2
2015,6,MDA,m,temporary,4
2015,6,DEU,m,temporary,9
2015,6,NGA,m,temporary,9
2015,6,PAK,m,temporary,1
2015,6,PRT,m,temporary,1
2015,6,RUS,m,temporary,12
2015,6,ROU,m,temporary,17
2015,6,SEN,m,temporary,2
2015,6,SRB,m,temporary,1
2015,6,SVK,m,temporary,4
2015,6,USA,m,temporary,1
2015,6,SYR,m,temporary,3
2015,6,TUN,m,temporary,1
2015,6,TUR,m,temporary,1
2015,6,UKR,m,temporary,20
2015,6,GBR,m,temporary,1
2015,6,VNM,m,temporary,7
2015,6,ITA,m,temporary,2
2015,6,ZWE,m,temporary,1
2015,6,"",m,temporary,2
2015,6,DZA,m,convicted,2
2015,6,ARM,m,convicted,20
2015,6,AZE,m,convicted,1
2015,6,BEL,m,convicted,1
2015,6,BLR,m,convicted,15
2015,6,BGR,m,convicted,37
2015,6,HRV,m,convicted,1
2015,6,CZE,m,convicted,5
2015,6,EGY,m,convicted,1
2015,6,EST,m,convicted,1
2015,6,GRC,m,convicted,1
2015,6,GEO,m,convicted,11
2015,6,ESP,m,convicted,1
2015,6,NLD,m,convicted,5
2015,6,IND,m,convicted,1
2015,6,ISR,m,convicted,1
2015,6,YEM,m,convicted,1
2015,6,JOR,m,convicted,1
2015,6,KAZ,m,convicted,1
2015,6,KGZ,m,convicted,1
2015,6,LBN,m,convicted,1
2015,6,LBY,m,convicted,2
2015,6,LTU,m,convicted,11
2015,6,LVA,m,convicted,5
2015,6,MDA,m,convicted,1
2015,6,DEU,m,convicted,16
2015,6,NGA,m,convicted,5
2015,6,PAK,m,convicted,2
2015,6,PSE,m,convicted,1
2015,6,PYF,m,convicted,1
2015,6,PRT,m,convicted,1
2015,6,RUS,m,convicted,36
2015,6,ROU,m,convicted,24
2015,6,SRB,m,convicted,3
2015,6,SVK,m,convicted,5
2015,6,SOM,m,convicted,1
2015,6,USA,m,convicted,1
2015,6,SDN,m,convicted,1
2015,6,TUN,m,convicted,2
2015,6,TUR,m,convicted,5
2015,6,UKR,m,convicted,66
2015,6,UZB,m,convicted,1
2015,6,GBR,m,convicted,3
2015,6,VNM,m,convicted,8
2015,6,ITA,m,convicted,3
2015,6,"",m,convicted,2
2015,6,"",m,convicted,4
2015,6,BLR,m,punished,1
2015,6,MDA,m,punished,1
2015,6,RUS,m,punished,1
2015,6,UKR,m,punished,2
2015,6,BGR,f,temporary,1
2015,6,NLD,f,temporary,1
2015,6,LTU,f,temporary,1
2015,6,LVA,f,temporary,2
2015,6,MDA,f,temporary,1
2015,6,DEU,f,temporary,2
2015,6,RUS,f,temporary,1
2015,6,ROU,f,temporary,1
2015,6,UKR,f,temporary,4
2015,6,BGR,f,convicted,1
2015,6,GEO,f,convicted,1
2015,6,LVA,f,convicted,1
2015,6,RUS,f,convicted,2
2015,6,ROU,f,convicted,4
2015,6,UKR,f,convicted,4
2015,6,"",f,convicted,1
2015,6,BLR,f,punished,1
2015,6,UKR,f,punished,3
2015,7,DZA,m,temporary,2
2015,7,ARM,m,temporary,4
2015,7,BEL,m,temporary,1
2015,7,BLR,m,temporary,7
2015,7,BGR,m,temporary,14
2015,7,CZE,m,temporary,6
2015,7,EGY,m,temporary,1
2015,7,EST,m,temporary,1
2015,7,FRA,m,temporary,2
2015,7,GMB,m,temporary,1
2015,7,GHA,m,temporary,1
2015,7,GRC,m,temporary,1
2015,7,GEO,m,temporary,6
2015,7,GIN,m,temporary,1
2015,7,NLD,m,temporary,5
2015,7,IND,m,temporary,1
2015,7,ISR,m,temporary,1
2015,7,KGZ,m,temporary,1
2015,7,LTU,m,temporary,9
2015,7,LVA,m,temporary,13
2015,7,MAR,m,temporary,2
2015,7,MDA,m,temporary,4
2015,7,DEU,m,temporary,8
2015,7,NGA,m,temporary,10
2015,7,PAK,m,temporary,1
2015,7,PRT,m,temporary,1
2015,7,RUS,m,temporary,11
2015,7,ROU,m,temporary,18
2015,7,SEN,m,temporary,2
2015,7,SRB,m,temporary,1
2015,7,SVK,m,temporary,2
2015,7,SYR,m,temporary,3
2015,7,TUN,m,temporary,1
2015,7,TUR,m,temporary,2
2015,7,UKR,m,temporary,20
2015,7,GBR,m,temporary,1
2015,7,VNM,m,temporary,6
2015,7,ITA,m,temporary,1
2015,7,"",m,temporary,2
2015,7,DZA,m,convicted,3
2015,7,ARM,m,convicted,20
2015,7,AZE,m,convicted,1
2015,7,BEL,m,convicted,1
2015,7,BLR,m,convicted,15
2015,7,BGR,m,convicted,35
2015,7,HRV,m,convicted,1
2015,7,CZE,m,convicted,4
2015,7,EST,m,convicted,2
2015,7,FRA,m,convicted,1
2015,7,GRC,m,convicted,1
2015,7,GEO,m,convicted,11
2015,7,ESP,m,convicted,1
2015,7,NLD,m,convicted,5
2015,7,ISR,m,convicted,1
2015,7,YEM,m,convicted,1
2015,7,JOR,m,convicted,1
2015,7,KAZ,m,convicted,1
2015,7,KGZ,m,convicted,1
2015,7,XKX,m,convicted,1
2015,7,LBN,m,convicted,1
2015,7,LBY,m,convicted,2
2015,7,LTU,m,convicted,13
2015,7,LVA,m,convicted,6
2015,7,MDA,m,convicted,1
2015,7,MNG,m,convicted,1
2015,7,DEU,m,convicted,14
2015,7,NGA,m,convicted,5
2015,7,PAK,m,convicted,2
2015,7,PSE,m,convicted,1
2015,7,PYF,m,convicted,1
2015,7,PRT,m,convicted,1
2015,7,RUS,m,convicted,38
2015,7,ROU,m,convicted,25
2015,7,SRB,m,convicted,3
2015,7,SVK,m,convicted,5
2015,7,SOM,m,convicted,1
2015,7,USA,m,convicted,1
2015,7,TUN,m,convicted,1
2015,7,TUR,m,convicted,5
2015,7,UKR,m,convicted,64
2015,7,UZB,m,convicted,1
2015,7,GBR,m,convicted,4
2015,7,VNM,m,convicted,9
2015,7,ITA,m,convicted,3
2015,7,"",m,convicted,2
2015,7,"",m,convicted,5
2015,7,UKR,m,punished,2
2015,7,BGR,f,temporary,1
2015,7,NLD,f,temporary,1
2015,7,LVA,f,temporary,2
2015,7,MDA,f,temporary,1
2015,7,DEU,f,temporary,2
2015,7,RUS,f,temporary,1
2015,7,ROU,f,temporary,2
2015,7,UKR,f,temporary,2
2015,7,BGR,f,convicted,1
2015,7,LVA,f,convicted,1
2015,7,RUS,f,convicted,2
2015,7,ROU,f,convicted,4
2015,7,SVK,f,convicted,1
2015,7,UKR,f,convicted,3
2015,7,"",f,convicted,1
2015,7,ROU,f,punished,1
2015,7,UKR,f,punished,2
2015,8,DZA,m,temporary,2
2015,8,ARM,m,temporary,4
2015,8,BEL,m,temporary,2
2015,8,BLR,m,temporary,7
2015,8,BGR,m,temporary,15
2015,8,CZE,m,temporary,4
2015,8,EGY,m,temporary,1
2015,8,EST,m,temporary,1
2015,8,FRA,m,temporary,2
2015,8,GHA,m,temporary,1
2015,8,GRC,m,temporary,1
2015,8,GEO,m,temporary,3
2015,8,GIN,m,temporary,1
2015,8,ESP,m,temporary,1
2015,8,NLD,m,temporary,4
2015,8,IND,m,temporary,1
2015,8,ISR,m,temporary,1
2015,8,KGZ,m,temporary,1
2015,8,LTU,m,temporary,8
2015,8,LVA,m,temporary,17
2015,8,MAR,m,temporary,1
2015,8,MDA,m,temporary,6
2015,8,DEU,m,temporary,7
2015,8,NGA,m,temporary,5
2015,8,PAK,m,temporary,1
2015,8,PRT,m,temporary,1
2015,8,RUS,m,temporary,11
2015,8,ROU,m,temporary,21
2015,8,SEN,m,temporary,2
2015,8,SRB,m,temporary,1
2015,8,SVK,m,temporary,1
2015,8,SYR,m,temporary,3
2015,8,TUR,m,temporary,1
2015,8,UKR,m,temporary,25
2015,8,GBR,m,temporary,2
2015,8,VNM,m,temporary,6
2015,8,"",m,temporary,1
2015,8,"",m,temporary,1
2015,8,DZA,m,convicted,3
2015,8,ARM,m,convicted,19
2015,8,AZE,m,convicted,1
2015,8,BEL,m,convicted,1
2015,8,BLR,m,convicted,16
2015,8,BGR,m,convicted,33
2015,8,HRV,m,convicted,1
2015,8,CZE,m,convicted,5
2015,8,EST,m,convicted,2
2015,8,FRA,m,convicted,1
2015,8,GRC,m,convicted,1
2015,8,GEO,m,convicted,11
2015,8,ESP,m,convicted,1
2015,8,NLD,m,convicted,5
2015,8,ISR,m,convicted,1
2015,8,YEM,m,convicted,1
2015,8,JOR,m,convicted,1
2015,8,KAZ,m,convicted,1
2015,8,KGZ,m,convicted,1
2015,8,XKX,m,convicted,1
2015,8,LBN,m,convicted,1
2015,8,LBY,m,convicted,2
2015,8,LTU,m,convicted,10
2015,8,LVA,m,convicted,7
2015,8,MDA,m,convicted,1
2015,8,MNG,m,convicted,1
2015,8,DEU,m,convicted,17
2015,8,NGA,m,convicted,6
2015,8,PAK,m,convicted,3
2015,8,PSE,m,convicted,1
2015,8,PRT,m,convicted,1
2015,8,RUS,m,convicted,35
2015,8,ROU,m,convicted,22
2015,8,SRB,m,convicted,3
2015,8,SVK,m,convicted,5
2015,8,SOM,m,convicted,1
2015,8,USA,m,convicted,1
2015,8,TUN,m,convicted,2
2015,8,TUR,m,convicted,5
2015,8,TKM,m,convicted,1
2015,8,UKR,m,convicted,64
2015,8,UZB,m,convicted,1
2015,8,GBR,m,convicted,4
2015,8,VNM,m,convicted,9
2015,8,ITA,m,convicted,3
2015,8,"",m,convicted,3
2015,8,"",m,convicted,5
2015,8,UKR,m,punished,3
2015,8,ARM,f,temporary,1
2015,8,BLR,f,temporary,1
2015,8,BGR,f,temporary,1
2015,8,GHA,f,temporary,1
2015,8,NLD,f,temporary,1
2015,8,LVA,f,temporary,2
2015,8,MDA,f,temporary,1
2015,8,DEU,f,temporary,2
2015,8,RUS,f,temporary,1
2015,8,ROU,f,temporary,2
2015,8,UKR,f,temporary,2
2015,8,BLR,f,convicted,1
2015,8,BGR,f,convicted,1
2015,8,RUS,f,convicted,1
2015,8,ROU,f,convicted,3
2015,8,SVK,f,convicted,1
2015,8,UKR,f,convicted,3
2015,8,"",f,convicted,1
2015,8,UKR,f,punished,1
2015,9,DZA,m,temporary,2
2015,9,ARM,m,temporary,4
2015,9,BEL,m,temporary,1
2015,9,BLR,m,temporary,7
2015,9,BGR,m,temporary,14
2015,9,CHN,m,temporary,1
2015,9,CZE,m,temporary,4
2015,9,EST,m,temporary,1
2015,9,FRA,m,temporary,3
2015,9,GHA,m,temporary,1
2015,9,GEO,m,temporary,5
2015,9,GIN,m,temporary,1
2015,9,ESP,m,temporary,1
2015,9,NLD,m,temporary,4
2015,9,IND,m,temporary,1
2015,9,KGZ,m,temporary,1
2015,9,LBY,m,temporary,1
2015,9,LTU,m,temporary,11
2015,9,LVA,m,temporary,17
2015,9,MKD,m,temporary,1
2015,9,MAR,m,temporary,1
2015,9,MDA,m,temporary,5
2015,9,DEU,m,temporary,8
2015,9,NGA,m,temporary,5
2015,9,PAK,m,temporary,1
2015,9,PRT,m,temporary,1
2015,9,RUS,m,temporary,11
2015,9,ROU,m,temporary,25
2015,9,SEN,m,temporary,2
2015,9,SRB,m,temporary,1
2015,9,SVK,m,temporary,3
2015,9,USA,m,temporary,1
2015,9,SYR,m,temporary,3
2015,9,TUR,m,temporary,3
2015,9,UKR,m,temporary,28
2015,9,GBR,m,temporary,2
2015,9,VNM,m,temporary,12
2015,9,"",m,temporary,1
2015,9,"",m,temporary,2
2015,9,DZA,m,convicted,3
2015,9,ARM,m,convicted,21
2015,9,AZE,m,convicted,1
2015,9,BEL,m,convicted,1
2015,9,BLR,m,convicted,15
2015,9,BGR,m,convicted,33
2015,9,HRV,m,convicted,1
2015,9,CZE,m,convicted,4
2015,9,EGY,m,convicted,1
2015,9,EST,m,convicted,2
2015,9,FRA,m,convicted,1
2015,9,GRC,m,convicted,1
2015,9,GEO,m,convicted,13
2015,9,ESP,m,convicted,1
2015,9,NLD,m,convicted,3
2015,9,ISR,m,convicted,1
2015,9,YEM,m,convicted,1
2015,9,JOR,m,convicted,1
2015,9,KAZ,m,convicted,1
2015,9,KGZ,m,convicted,1
2015,9,XKX,m,convicted,1
2015,9,LBN,m,convicted,1
2015,9,LBY,m,convicted,2
2015,9,LTU,m,convicted,10
2015,9,LVA,m,convicted,7
2015,9,MDA,m,convicted,1
2015,9,DEU,m,convicted,15
2015,9,NGA,m,convicted,5
2015,9,PAK,m,convicted,3
2015,9,PSE,m,convicted,1
2015,9,PRT,m,convicted,1
2015,9,RUS,m,convicted,33
2015,9,ROU,m,convicted,21
2015,9,SRB,m,convicted,3
2015,9,SVK,m,convicted,6
2015,9,SOM,m,convicted,1
2015,9,USA,m,convicted,1
2015,9,SYR,m,convicted,1
2015,9,TUN,m,convicted,2
2015,9,TUR,m,convicted,5
2015,9,TKM,m,convicted,1
2015,9,UKR,m,convicted,61
2015,9,UZB,m,convicted,1
2015,9,HUN,m,convicted,1
2015,9,GBR,m,convicted,4
2015,9,VNM,m,convicted,9
2015,9,ITA,m,convicted,2
2015,9,"",m,convicted,3
2015,9,"",m,convicted,4
2015,9,LTU,m,punished,1
2015,9,DEU,m,punished,1
2015,9,UKR,m,punished,4
2015,9,ARM,f,temporary,1
2015,9,BLR,f,temporary,1
2015,9,BGR,f,temporary,1
2015,9,GHA,f,temporary,1
2015,9,NLD,f,temporary,1
2015,9,LVA,f,temporary,2
2015,9,DEU,f,temporary,2
2015,9,RUS,f,temporary,1
2015,9,ROU,f,temporary,2
2015,9,UKR,f,temporary,2
2015,9,BLR,f,convicted,1
2015,9,BGR,f,convicted,1
2015,9,MDA,f,convicted,1
2015,9,RUS,f,convicted,1
2015,9,ROU,f,convicted,2
2015,9,SVK,f,convicted,1
2015,9,UKR,f,convicted,5
2015,9,"",f,convicted,1
2015,9,BLR,f,punished,1
2015,9,UKR,f,punished,2
2015,10,ALB,m,temporary,2
2015,10,DZA,m,temporary,1
2015,10,ARM,m,temporary,3
2015,10,AZE,m,temporary,1
2015,10,BEL,m,temporary,1
2015,10,BLR,m,temporary,5
2015,10,BGR,m,temporary,14
2015,10,CHN,m,temporary,1
2015,10,CZE,m,temporary,4
2015,10,EST,m,temporary,1
2015,10,FRA,m,temporary,3
2015,10,GHA,m,temporary,1
2015,10,GEO,m,temporary,7
2015,10,ESP,m,temporary,2
2015,10,NLD,m,temporary,3
2015,10,IND,m,temporary,1
2015,10,KGZ,m,temporary,1
2015,10,COG,m,temporary,1
2015,10,LBY,m,temporary,1
2015,10,LTU,m,temporary,17
2015,10,LVA,m,temporary,15
2015,10,MKD,m,temporary,1
2015,10,MAR,m,temporary,1
2015,10,MDA,m,temporary,4
2015,10,DEU,m,temporary,8
2015,10,NGA,m,temporary,5
2015,10,NOR,m,temporary,1
2015,10,PAK,m,temporary,1
2015,10,PRT,m,temporary,1
2015,10,RUS,m,temporary,10
2015,10,ROU,m,temporary,24
2015,10,SEN,m,temporary,2
2015,10,SRB,m,temporary,2
2015,10,SVK,m,temporary,6
2015,10,USA,m,temporary,1
2015,10,SYR,m,temporary,2
2015,10,TUR,m,temporary,2
2015,10,UKR,m,temporary,27
2015,10,HUN,m,temporary,1
2015,10,GBR,m,temporary,3
2015,10,VNM,m,temporary,13
2015,10,ITA,m,temporary,1
2015,10,"",m,temporary,1
2015,10,"",m,temporary,2
2015,10,DZA,m,convicted,2
2015,10,ARM,m,convicted,19
2015,10,AZE,m,convicted,1
2015,10,BEL,m,convicted,1
2015,10,BLR,m,convicted,16
2015,10,BGR,m,convicted,31
2015,10,HRV,m,convicted,1
2015,10,CZE,m,convicted,3
2015,10,EGY,m,convicted,1
2015,10,EST,m,convicted,2
2015,10,FRA,m,convicted,1
2015,10,GRC,m,convicted,1
2015,10,GEO,m,convicted,11
2015,10,GIN,m,convicted,1
2015,10,ESP,m,convicted,1
2015,10,NLD,m,convicted,2
2015,10,ISR,m,convicted,1
2015,10,YEM,m,convicted,1
2015,10,JOR,m,convicted,1
2015,10,KAZ,m,convicted,1
2015,10,KGZ,m,convicted,1
2015,10,XKX,m,convicted,1
2015,10,LBN,m,convicted,1
2015,10,LBY,m,convicted,2
2015,10,LTU,m,convicted,9
2015,10,LVA,m,convicted,7
2015,10,MDA,m,convicted,1
2015,10,DEU,m,convicted,14
2015,10,NGA,m,convicted,5
2015,10,PAK,m,convicted,3
2015,10,PSE,m,convicted,2
2015,10,PRT,m,convicted,1
2015,10,RUS,m,convicted,28
2015,10,ROU,m,convicted,23
2015,10,SRB,m,convicted,4
2015,10,SVK,m,convicted,6
2015,10,SVN,m,convicted,1
2015,10,SOM,m,convicted,1
2015,10,USA,m,convicted,1
2015,10,SYR,m,convicted,1
2015,10,TUN,m,convicted,1
2015,10,TUR,m,convicted,5
2015,10,UKR,m,convicted,62
2015,10,UZB,m,convicted,1
2015,10,GBR,m,convicted,4
2015,10,VNM,m,convicted,10
2015,10,ITA,m,convicted,1
2015,10,"",m,convicted,4
2015,10,"",m,convicted,5
2015,10,BLR,m,punished,1
2015,10,DEU,m,punished,1
2015,10,UKR,m,punished,2
2015,10,ARM,f,temporary,1
2015,10,BLR,f,temporary,1
2015,10,GHA,f,temporary,1
2015,10,LVA,f,temporary,2
2015,10,RUS,f,temporary,1
2015,10,ROU,f,temporary,2
2015,10,UKR,f,temporary,2
2015,10,BGR,f,convicted,1
2015,10,MDA,f,convicted,1
2015,10,RUS,f,convicted,1
2015,10,ROU,f,convicted,2
2015,10,UKR,f,convicted,4
2015,10,"",f,convicted,1
2015,10,UKR,f,punished,1
2015,11,ALB,m,temporary,3
2015,11,DZA,m,temporary,1
2015,11,ARM,m,temporary,2
2015,11,AUT,m,temporary,1
2015,11,AZE,m,temporary,1
2015,11,BEL,m,temporary,1
2015,11,BLR,m,temporary,5
2015,11,BGR,m,temporary,12
2015,11,CHN,m,temporary,2
2015,11,CZE,m,temporary,2
2015,11,EST,m,temporary,1
2015,11,FIN,m,temporary,1
2015,11,FRA,m,temporary,2
2015,11,GHA,m,temporary,1
2015,11,GEO,m,temporary,7
2015,11,ESP,m,temporary,2
2015,11,NLD,m,temporary,3
2015,11,IND,m,temporary,1
2015,11,CMR,m,temporary,1
2015,11,KGZ,m,temporary,1
2015,11,LBY,m,temporary,1
2015,11,LTU,m,temporary,13
2015,11,LVA,m,temporary,18
2015,11,MKD,m,temporary,1
2015,11,MAR,m,temporary,1
2015,11,MDA,m,temporary,5
2015,11,DEU,m,temporary,10
2015,11,NGA,m,temporary,4
2015,11,NOR,m,temporary,1
2015,11,PAK,m,temporary,1
2015,11,PRT,m,temporary,1
2015,11,RUS,m,temporary,10
2015,11,ROU,m,temporary,22
2015,11,SEN,m,temporary,1
2015,11,SRB,m,temporary,2
2015,11,SVK,m,temporary,5
2015,11,USA,m,temporary,1
2015,11,SYR,m,temporary,2
2015,11,TUR,m,temporary,2
2015,11,UKR,m,temporary,37
2015,11,HUN,m,temporary,1
2015,11,GBR,m,temporary,3
2015,11,VNM,m,temporary,13
2015,11,ITA,m,temporary,2
2015,11,"",m,temporary,2
2015,11,"",m,temporary,2
2015,11,AFG,m,convicted,1
2015,11,DZA,m,convicted,1
2015,11,ARM,m,convicted,18
2015,11,AZE,m,convicted,1
2015,11,BEL,m,convicted,1
2015,11,BLR,m,convicted,15
2015,11,BGR,m,convicted,30
2015,11,HRV,m,convicted,1
2015,11,CZE,m,convicted,4
2015,11,EGY,m,convicted,1
2015,11,EST,m,convicted,3
2015,11,FRA,m,convicted,1
2015,11,GRC,m,convicted,1
2015,11,GEO,m,convicted,12
2015,11,GIN,m,convicted,1
2015,11,ESP,m,convicted,1
2015,11,NLD,m,convicted,2
2015,11,ISR,m,convicted,1
2015,11,YEM,m,convicted,1
2015,11,JOR,m,convicted,1
2015,11,KAZ,m,convicted,1
2015,11,KGZ,m,convicted,1
2015,11,XKX,m,convicted,1
2015,11,LBN,m,convicted,1
2015,11,LBY,m,convicted,1
2015,11,LTU,m,convicted,10
2015,11,LVA,m,convicted,7
2015,11,MDA,m,convicted,1
2015,11,DEU,m,convicted,15
2015,11,NGA,m,convicted,5
2015,11,PAK,m,convicted,3
2015,11,PSE,m,convicted,2
2015,11,PRT,m,convicted,1
2015,11,ZAF,m,convicted,1
2015,11,RUS,m,convicted,27
2015,11,ROU,m,convicted,25
2015,11,SRB,m,convicted,4
2015,11,SVK,m,convicted,6
2015,11,SVN,m,convicted,1
2015,11,SOM,m,convicted,1
2015,11,USA,m,convicted,1
2015,11,SYR,m,convicted,1
2015,11,TUN,m,convicted,1
2015,11,TUR,m,convicted,5
2015,11,UKR,m,convicted,56
2015,11,UZB,m,convicted,1
2015,11,GBR,m,convicted,4
2015,11,VNM,m,convicted,10
2015,11,ITA,m,convicted,1
2015,11,"",m,convicted,4
2015,11,"",m,convicted,5
2015,11,LTU,m,punished,1
2015,11,RUS,m,punished,1
2015,11,UKR,m,punished,8
2015,11,ARM,f,temporary,1
2015,11,GHA,f,temporary,1
2015,11,LVA,f,temporary,2
2015,11,ROU,f,temporary,2
2015,11,UKR,f,temporary,2
2015,11,BGR,f,convicted,1
2015,11,MDA,f,convicted,1
2015,11,RUS,f,convicted,1
2015,11,ROU,f,convicted,2
2015,11,UKR,f,convicted,4
2015,11,"",f,convicted,1
2015,11,BLR,f,punished,2
2015,12,ALB,m,temporary,2
2015,12,ARM,m,temporary,2
2015,12,AUT,m,temporary,1
2015,12,AZE,m,temporary,2
2015,12,BLR,m,temporary,7
2015,12,BGR,m,temporary,11
2015,12,CHN,m,temporary,5
2015,12,HRV,m,temporary,2
2015,12,CZE,m,temporary,2
2015,12,EST,m,temporary,1
2015,12,FRA,m,temporary,3
2015,12,GRC,m,temporary,1
2015,12,GEO,m,temporary,6
2015,12,ESP,m,temporary,1
2015,12,IND,m,temporary,1
2015,12,CMR,m,temporary,1
2015,12,KGZ,m,temporary,1
2015,12,LBY,m,temporary,1
2015,12,LTU,m,temporary,15
2015,12,LVA,m,temporary,12
2015,12,MAR,m,temporary,1
2015,12,MDA,m,temporary,4
2015,12,DEU,m,temporary,9
2015,12,NGA,m,temporary,4
2015,12,NOR,m,temporary,1
2015,12,PAK,m,temporary,1
2015,12,PRT,m,temporary,1
2015,12,BIH,m,temporary,1
2015,12,RUS,m,temporary,12
2015,12,ROU,m,temporary,19
2015,12,SEN,m,temporary,1
2015,12,SRB,m,temporary,1
2015,12,SVK,m,temporary,6
2015,12,USA,m,temporary,1
2015,12,SYR,m,temporary,1
2015,12,SWE,m,temporary,1
2015,12,TUR,m,temporary,2
2015,12,UKR,m,temporary,35
2015,12,HUN,m,temporary,1
2015,12,GBR,m,temporary,2
2015,12,VNM,m,temporary,11
2015,12,ITA,m,temporary,1
2015,12,"",m,temporary,3
2015,12,"",m,temporary,1
2015,12,AFG,m,convicted,1
2015,12,DZA,m,convicted,1
2015,12,ARM,m,convicted,19
2015,12,AZE,m,convicted,1
2015,12,BEL,m,convicted,1
2015,12,BLR,m,convicted,14
2015,12,BGR,m,convicted,26
2015,12,HRV,m,convicted,1
2015,12,CZE,m,convicted,4
2015,12,EGY,m,convicted,1
2015,12,EST,m,convicted,3
2015,12,FRA,m,convicted,1
2015,12,GRC,m,convicted,1
2015,12,GEO,m,convicted,11
2015,12,GIN,m,convicted,1
2015,12,NLD,m,convicted,2
2015,12,IND,m,convicted,1
2015,12,ISR,m,convicted,1
2015,12,YEM,m,convicted,1
2015,12,JOR,m,convicted,1
2015,12,KAZ,m,convicted,1
2015,12,KGZ,m,convicted,1
2015,12,XKX,m,convicted,1
2015,12,LBN,m,convicted,1
2015,12,LBY,m,convicted,1
2015,12,LTU,m,convicted,9
2015,12,LVA,m,convicted,8
2015,12,MDA,m,convicted,1
2015,12,DEU,m,convicted,17
2015,12,NGA,m,convicted,4
2015,12,PAK,m,convicted,3
2015,12,PSE,m,convicted,2
2015,12,PRT,m,convicted,1
2015,12,ZAF,m,convicted,1
2015,12,RUS,m,convicted,25
2015,12,ROU,m,convicted,27
2015,12,SRB,m,convicted,4
2015,12,SVK,m,convicted,5
2015,12,SVN,m,convicted,1
2015,12,SOM,m,convicted,1
2015,12,USA,m,convicted,1
2015,12,SYR,m,convicted,1
2015,12,TUR,m,convicted,5
2015,12,UKR,m,convicted,58
2015,12,UZB,m,convicted,1
2015,12,GBR,m,convicted,3
2015,12,VNM,m,convicted,12
2015,12,ITA,m,convicted,1
2015,12,"",m,convicted,3
2015,12,"",m,convicted,5
2015,12,ARM,m,punished,1
2015,12,LTU,m,punished,1
2015,12,RUS,m,punished,1
2015,12,ROU,m,punished,1
2015,12,UKR,m,punished,2
2015,12,ARM,f,temporary,1
2015,12,GHA,f,temporary,1
2015,12,LVA,f,temporary,1
2015,12,DEU,f,temporary,1
2015,12,ROU,f,temporary,2
2015,12,SVK,f,temporary,1
2015,12,UKR,f,temporary,2
2015,12,BGR,f,convicted,1
2015,12,MDA,f,convicted,1
2015,12,RUS,f,convicted,2
2015,12,ROU,f,convicted,2
2015,12,UKR,f,convicted,4
2015,12,"",f,convicted,1
2016,1,ALB,m,temporary,2
2016,1,ARM,m,temporary,2
2016,1,AUT,m,temporary,1
2016,1,AZE,m,temporary,1
2016,1,BLR,m,temporary,9
2016,1,BGR,m,temporary,9
2016,1,CHN,m,temporary,5
2016,1,HRV,m,temporary,2
2016,1,CZE,m,temporary,5
2016,1,EGY,m,temporary,1
2016,1,FRA,m,temporary,4
2016,1,GRC,m,temporary,1
2016,1,GEO,m,temporary,6
2016,1,ESP,m,temporary,1
2016,1,IRN,m,temporary,1
2016,1,CMR,m,temporary,1
2016,1,CAN,m,temporary,1
2016,1,KGZ,m,temporary,1
2016,1,LBY,m,temporary,1
2016,1,LTU,m,temporary,11
2016,1,LVA,m,temporary,11
2016,1,MDA,m,temporary,4
2016,1,DEU,m,temporary,9
2016,1,NGA,m,temporary,4
2016,1,NOR,m,temporary,1
2016,1,PAK,m,temporary,1
2016,1,PRT,m,temporary,1
2016,1,BIH,m,temporary,1
2016,1,RUS,m,temporary,12
2016,1,ROU,m,temporary,18
2016,1,SEN,m,temporary,1
2016,1,SRB,m,temporary,1
2016,1,SVK,m,temporary,5
2016,1,USA,m,temporary,1
2016,1,SYR,m,temporary,1
2016,1,TUR,m,temporary,2
2016,1,UKR,m,temporary,39
2016,1,HUN,m,temporary,2
2016,1,GBR,m,temporary,1
2016,1,VNM,m,temporary,9
2016,1,ITA,m,temporary,2
2016,1,"",m,temporary,3
2016,1,AFG,m,convicted,1
2016,1,DZA,m,convicted,1
2016,1,ARM,m,convicted,18
2016,1,AZE,m,convicted,1
2016,1,BEL,m,convicted,1
2016,1,BLR,m,convicted,15
2016,1,BGR,m,convicted,28
2016,1,HRV,m,convicted,1
2016,1,CZE,m,convicted,4
2016,1,EGY,m,convicted,1
2016,1,EST,m,convicted,4
2016,1,FRA,m,convicted,1
2016,1,GRC,m,convicted,1
2016,1,GEO,m,convicted,11
2016,1,GIN,m,convicted,1
2016,1,NLD,m,convicted,2
2016,1,IND,m,convicted,1
2016,1,ISR,m,convicted,1
2016,1,YEM,m,convicted,1
2016,1,JOR,m,convicted,1
2016,1,KAZ,m,convicted,1
2016,1,KGZ,m,convicted,1
2016,1,XKX,m,convicted,1
2016,1,LBN,m,convicted,1
2016,1,LBY,m,convicted,1
2016,1,LTU,m,convicted,9
2016,1,LVA,m,convicted,7
2016,1,MDA,m,convicted,1
2016,1,DEU,m,convicted,17
2016,1,NGA,m,convicted,7
2016,1,PAK,m,convicted,3
2016,1,PSE,m,convicted,2
2016,1,PRT,m,convicted,1
2016,1,ZAF,m,convicted,1
2016,1,RUS,m,convicted,26
2016,1,ROU,m,convicted,28
2016,1,SRB,m,convicted,4
2016,1,SVK,m,convicted,4
2016,1,SVN,m,convicted,1
2016,1,SOM,m,convicted,1
2016,1,USA,m,convicted,1
2016,1,SYR,m,convicted,1
2016,1,TUN,m,convicted,1
2016,1,TUR,m,convicted,5
2016,1,UKR,m,convicted,60
2016,1,UZB,m,convicted,1
2016,1,GBR,m,convicted,3
2016,1,VNM,m,convicted,13
2016,1,ITA,m,convicted,1
2016,1,"",m,convicted,3
2016,1,"",m,convicted,5
2016,1,BLR,m,punished,2
2016,1,RUS,m,punished,1
2016,1,UKR,m,punished,7
2016,1,ARM,f,temporary,1
2016,1,GHA,f,temporary,1
2016,1,LVA,f,temporary,1
2016,1,ROU,f,temporary,2
2016,1,SVK,f,temporary,1
2016,1,UKR,f,temporary,1
2016,1,BGR,f,convicted,1
2016,1,MDA,f,convicted,1
2016,1,RUS,f,convicted,2
2016,1,ROU,f,convicted,2
2016,1,UKR,f,convicted,5
2016,1,"",f,convicted,1
2016,2,ALB,m,temporary,3
2016,2,ARM,m,temporary,2
2016,2,AUT,m,temporary,2
2016,2,BLR,m,temporary,8
2016,2,BGR,m,temporary,13
2016,2,CHN,m,temporary,5
2016,2,HRV,m,temporary,2
2016,2,CZE,m,temporary,3
2016,2,DNK,m,temporary,1
2016,2,EGY,m,temporary,1
2016,2,EST,m,temporary,1
2016,2,FRA,m,temporary,5
2016,2,GRC,m,temporary,1
2016,2,GEO,m,temporary,6
2016,2,CMR,m,temporary,1
2016,2,KGZ,m,temporary,1
2016,2,LBY,m,temporary,1
2016,2,LTU,m,temporary,11
2016,2,LVA,m,temporary,11
2016,2,MDA,m,temporary,3
2016,2,DEU,m,temporary,13
2016,2,NGA,m,temporary,7
2016,2,NOR,m,temporary,1
2016,2,PAK,m,temporary,1
2016,2,PRT,m,temporary,1
2016,2,BIH,m,temporary,1
2016,2,RUS,m,temporary,12
2016,2,ROU,m,temporary,18
2016,2,SRB,m,temporary,1
2016,2,SVK,m,temporary,4
2016,2,SVN,m,temporary,1
2016,2,USA,m,temporary,1
2016,2,SYR,m,temporary,1
2016,2,TUR,m,temporary,4
2016,2,UKR,m,temporary,36
2016,2,HUN,m,temporary,2
2016,2,GBR,m,temporary,1
2016,2,VNM,m,temporary,8
2016,2,ITA,m,temporary,2
2016,2,"",m,temporary,4
2016,2,"",m,temporary,4
2016,2,AFG,m,convicted,1
2016,2,DZA,m,convicted,1
2016,2,ARM,m,convicted,17
2016,2,AZE,m,convicted,1
2016,2,BEL,m,convicted,1
2016,2,BLR,m,convicted,16
2016,2,BGR,m,convicted,30
2016,2,CZE,m,convicted,6
2016,2,EGY,m,convicted,2
2016,2,EST,m,convicted,4
2016,2,FRA,m,convicted,1
2016,2,GRC,m,convicted,1
2016,2,GEO,m,convicted,11
2016,2,GIN,m,convicted,1
2016,2,NLD,m,convicted,2
2016,2,IND,m,convicted,1
2016,2,ISR,m,convicted,2
2016,2,YEM,m,convicted,1
2016,2,JOR,m,convicted,1
2016,2,KAZ,m,convicted,1
2016,2,KGZ,m,convicted,1
2016,2,XKX,m,convicted,1
2016,2,LBN,m,convicted,1
2016,2,LBY,m,convicted,1
2016,2,LTU,m,convicted,11
2016,2,LVA,m,convicted,7
2016,2,MDA,m,convicted,2
2016,2,DEU,m,convicted,19
2016,2,NGA,m,convicted,7
2016,2,PAK,m,convicted,3
2016,2,PSE,m,convicted,1
2016,2,PRT,m,convicted,1
2016,2,ZAF,m,convicted,1
2016,2,RUS,m,convicted,23
2016,2,ROU,m,convicted,25
2016,2,SRB,m,convicted,4
2016,2,SVK,m,convicted,6
2016,2,SOM,m,convicted,1
2016,2,USA,m,convicted,1
2016,2,SYR,m,convicted,1
2016,2,TUN,m,convicted,1
2016,2,TUR,m,convicted,4
2016,2,UKR,m,convicted,58
2016,2,UZB,m,convicted,1
2016,2,GBR,m,convicted,3
2016,2,VNM,m,convicted,15
2016,2,ITA,m,convicted,2
2016,2,"",m,convicted,3
2016,2,"",m,convicted,5
2016,2,RUS,m,punished,1
2016,2,UKR,m,punished,16
2016,2,GHA,f,temporary,1
2016,2,LVA,f,temporary,1
2016,2,ROU,f,temporary,2
2016,2,SVK,f,temporary,1
2016,2,UKR,f,temporary,1
2016,2,VEN,f,temporary,1
2016,2,VNM,f,temporary,1
2016,2,MDA,f,convicted,1
2016,2,RUS,f,convicted,2
2016,2,ROU,f,convicted,2
2016,2,UKR,f,convicted,6
2016,2,"",f,convicted,1
2016,2,UKR,f,punished,6
2016,3,ALB,m,temporary,3
2016,3,DZA,m,temporary,1
2016,3,ARM,m,temporary,2
2016,3,AUT,m,temporary,2
2016,3,BLR,m,temporary,12
2016,3,BGR,m,temporary,13
2016,3,CHN,m,temporary,4
2016,3,HRV,m,temporary,2
2016,3,CZE,m,temporary,2
2016,3,EGY,m,temporary,1
2016,3,FRA,m,temporary,6
2016,3,GRC,m,temporary,1
2016,3,GEO,m,temporary,9
2016,3,NLD,m,temporary,3
2016,3,CMR,m,temporary,1
2016,3,KGZ,m,temporary,1
2016,3,LBY,m,temporary,1
2016,3,LTU,m,temporary,15
2016,3,LVA,m,temporary,8
2016,3,MDA,m,temporary,2
2016,3,DEU,m,temporary,12
2016,3,NGA,m,temporary,7
2016,3,NOR,m,temporary,1
2016,3,PAK,m,temporary,1
2016,3,BIH,m,temporary,1
2016,3,RUS,m,temporary,15
2016,3,ROU,m,temporary,19
2016,3,SRB,m,temporary,2
2016,3,SVK,m,temporary,4
2016,3,SVN,m,temporary,1
2016,3,USA,m,temporary,1
2016,3,SYR,m,temporary,1
2016,3,TUR,m,temporary,3
2016,3,UKR,m,temporary,45
2016,3,HUN,m,temporary,1
2016,3,VNM,m,temporary,9
2016,3,ITA,m,temporary,3
2016,3,"",m,temporary,3
2016,3,"",m,temporary,4
2016,3,AFG,m,convicted,1
2016,3,ARM,m,convicted,16
2016,3,AZE,m,convicted,1
2016,3,BEL,m,convicted,1
2016,3,BLR,m,convicted,16
2016,3,BGR,m,convicted,30
2016,3,CZE,m,convicted,7
2016,3,EGY,m,convicted,1
2016,3,EST,m,convicted,4
2016,3,FRA,m,convicted,1
2016,3,GRC,m,convicted,1
2016,3,GEO,m,convicted,12
2016,3,GIN,m,convicted,1
2016,3,NLD,m,convicted,3
2016,3,IND,m,convicted,1
2016,3,ISR,m,convicted,2
2016,3,YEM,m,convicted,1
2016,3,JOR,m,convicted,1
2016,3,CMR,m,convicted,1
2016,3,KAZ,m,convicted,1
2016,3,KGZ,m,convicted,1
2016,3,XKX,m,convicted,1
2016,3,LBN,m,convicted,1
2016,3,LBY,m,convicted,1
2016,3,LTU,m,convicted,12
2016,3,LVA,m,convicted,7
2016,3,MDA,m,convicted,1
2016,3,DEU,m,convicted,18
2016,3,NGA,m,convicted,6
2016,3,PAK,m,convicted,3
2016,3,PSE,m,convicted,1
2016,3,PRT,m,convicted,2
2016,3,ZAF,m,convicted,1
2016,3,RUS,m,convicted,24
2016,3,ROU,m,convicted,25
2016,3,SRB,m,convicted,4
2016,3,SVK,m,convicted,7
2016,3,SOM,m,convicted,1
2016,3,USA,m,convicted,1
2016,3,SYR,m,convicted,1
2016,3,SWE,m,convicted,1
2016,3,TUR,m,convicted,4
2016,3,UKR,m,convicted,58
2016,3,UZB,m,convicted,1
2016,3,GBR,m,convicted,2
2016,3,VNM,m,convicted,13
2016,3,ITA,m,convicted,2
2016,3,"",m,convicted,3
2016,3,"",m,convicted,4
2016,3,RUS,m,punished,1
2016,3,UKR,m,punished,11
2016,3,GHA,f,temporary,1
2016,3,LVA,f,temporary,1
2016,3,ROU,f,temporary,1
2016,3,SVK,f,temporary,2
2016,3,UKR,f,temporary,3
2016,3,VEN,f,temporary,1
2016,3,MDA,f,convicted,1
2016,3,RUS,f,convicted,2
2016,3,ROU,f,convicted,3
2016,3,UKR,f,convicted,7
2016,3,"",f,convicted,1
2016,3,UKR,f,punished,6
2016,4,ALB,m,temporary,2
2016,4,DZA,m,temporary,1
2016,4,ARM,m,temporary,2
2016,4,AUT,m,temporary,2
2016,4,BLR,m,temporary,12
2016,4,BGR,m,temporary,15
2016,4,CHN,m,temporary,3
2016,4,HRV,m,temporary,2
2016,4,CYP,m,temporary,1
2016,4,CZE,m,temporary,3
2016,4,EGY,m,temporary,1
2016,4,EST,m,temporary,1
2016,4,FRA,m,temporary,5
2016,4,GRC,m,temporary,1
2016,4,GEO,m,temporary,10
2016,4,NLD,m,temporary,3
2016,4,ISR,m,temporary,1
2016,4,CMR,m,temporary,1
2016,4,LTU,m,temporary,11
2016,4,LVA,m,temporary,12
2016,4,MDA,m,temporary,2
2016,4,DEU,m,temporary,11
2016,4,NGA,m,temporary,7
2016,4,NOR,m,temporary,1
2016,4,BIH,m,temporary,1
2016,4,RUS,m,temporary,14
2016,4,ROU,m,temporary,16
2016,4,SRB,m,temporary,1
2016,4,SVK,m,temporary,7
2016,4,SVN,m,temporary,1
2016,4,USA,m,temporary,1
2016,4,SWE,m,temporary,1
2016,4,TUR,m,temporary,3
2016,4,UKR,m,temporary,46
2016,4,HUN,m,temporary,1
2016,4,VNM,m,temporary,12
2016,4,ITA,m,temporary,3
2016,4,"",m,temporary,3
2016,4,"",m,temporary,3
2016,4,ARM,m,convicted,13
2016,4,AZE,m,convicted,1
2016,4,BEL,m,convicted,1
2016,4,BLR,m,convicted,16
2016,4,BGR,m,convicted,30
2016,4,CZE,m,convicted,6
2016,4,EGY,m,convicted,1
2016,4,EST,m,convicted,4
2016,4,FRA,m,convicted,1
2016,4,GRC,m,convicted,1
2016,4,GEO,m,convicted,12
2016,4,GIN,m,convicted,1
2016,4,NLD,m,convicted,3
2016,4,IND,m,convicted,1
2016,4,IRN,m,convicted,1
2016,4,ISR,m,convicted,2
2016,4,YEM,m,convicted,1
2016,4,JOR,m,convicted,2
2016,4,CMR,m,convicted,1
2016,4,KAZ,m,convicted,1
2016,4,KGZ,m,convicted,2
2016,4,XKX,m,convicted,1
2016,4,LBN,m,convicted,1
2016,4,LBY,m,convicted,1
2016,4,LTU,m,convicted,12
2016,4,LVA,m,convicted,7
2016,4,MDA,m,convicted,1
2016,4,DEU,m,convicted,20
2016,4,NGA,m,convicted,7
2016,4,PAK,m,convicted,3
2016,4,PSE,m,convicted,1
2016,4,PRT,m,convicted,2
2016,4,ZAF,m,convicted,1
2016,4,RUS,m,convicted,26
2016,4,ROU,m,convicted,25
2016,4,SRB,m,convicted,4
2016,4,SVK,m,convicted,6
2016,4,SOM,m,convicted,1
2016,4,USA,m,convicted,1
2016,4,SYR,m,convicted,1
2016,4,SWE,m,convicted,1
2016,4,TUR,m,convicted,4
2016,4,UKR,m,convicted,57
2016,4,UZB,m,convicted,1
2016,4,GBR,m,convicted,2
2016,4,VNM,m,convicted,13
2016,4,ITA,m,convicted,2
2016,4,"",m,convicted,4
2016,4,"",m,convicted,4
2016,4,LTU,m,punished,1
2016,4,UKR,m,punished,18
2016,4,GHA,f,temporary,1
2016,4,ROU,f,temporary,2
2016,4,SVK,f,temporary,2
2016,4,UKR,f,temporary,2
2016,4,VEN,f,temporary,1
2016,4,BLR,f,convicted,1
2016,4,MDA,f,convicted,1
2016,4,RUS,f,convicted,1
2016,4,ROU,f,convicted,3
2016,4,UKR,f,convicted,5
2016,4,"",f,convicted,1
2016,4,UKR,f,punished,7
2016,5,ALB,m,temporary,2
2016,5,DZA,m,temporary,1
2016,5,ARM,m,temporary,3
2016,5,AUT,m,temporary,2
2016,5,AZE,m,temporary,1
2016,5,BLR,m,temporary,12
2016,5,BGR,m,temporary,15
2016,5,CHN,m,temporary,3
2016,5,HRV,m,temporary,2
2016,5,CYP,m,temporary,1
2016,5,CZE,m,temporary,2
2016,5,EGY,m,temporary,1
2016,5,EST,m,temporary,2
2016,5,FIN,m,temporary,1
2016,5,FRA,m,temporary,5
2016,5,GRC,m,temporary,1
2016,5,GEO,m,temporary,11
2016,5,NLD,m,temporary,2
2016,5,ISR,m,temporary,1
2016,5,CMR,m,temporary,1
2016,5,XKX,m,temporary,1
2016,5,LTU,m,temporary,14
2016,5,LVA,m,temporary,10
2016,5,MDA,m,temporary,2
2016,5,DEU,m,temporary,8
2016,5,NGA,m,temporary,5
2016,5,NOR,m,temporary,1
2016,5,BIH,m,temporary,1
2016,5,RUS,m,temporary,20
2016,5,ROU,m,temporary,11
2016,5,SRB,m,temporary,1
2016,5,SVK,m,temporary,5
2016,5,SVN,m,temporary,1
2016,5,USA,m,temporary,1
2016,5,SWE,m,temporary,1
2016,5,TUR,m,temporary,3
2016,5,UKR,m,temporary,49
2016,5,HUN,m,temporary,1
2016,5,VNM,m,temporary,12
2016,5,ITA,m,temporary,3
2016,5,"",m,temporary,3
2016,5,"",m,temporary,3
2016,5,ARM,m,convicted,15
2016,5,AZE,m,convicted,1
2016,5,BEL,m,convicted,1
2016,5,BLR,m,convicted,16
2016,5,BGR,m,convicted,27
2016,5,CYP,m,convicted,1
2016,5,CZE,m,convicted,6
2016,5,EGY,m,convicted,1
2016,5,EST,m,convicted,4
2016,5,FRA,m,convicted,1
2016,5,GEO,m,convicted,12
2016,5,GIN,m,convicted,1
2016,5,NLD,m,convicted,3
2016,5,IND,m,convicted,2
2016,5,ISR,m,convicted,2
2016,5,YEM,m,convicted,1
2016,5,JOR,m,convicted,2
2016,5,KAZ,m,convicted,1
2016,5,KGZ,m,convicted,2
2016,5,XKX,m,convicted,1
2016,5,LBY,m,convicted,1
2016,5,LTU,m,convicted,12
2016,5,LVA,m,convicted,5
2016,5,MDA,m,convicted,1
2016,5,DEU,m,convicted,23
2016,5,NGA,m,convicted,7
2016,5,PAK,m,convicted,3
2016,5,PRT,m,convicted,2
2016,5,ZAF,m,convicted,1
2016,5,RUS,m,convicted,27
2016,5,ROU,m,convicted,22
2016,5,SRB,m,convicted,4
2016,5,SVK,m,convicted,5
2016,5,SOM,m,convicted,1
2016,5,USA,m,convicted,1
2016,5,SYR,m,convicted,1
2016,5,SWE,m,convicted,1
2016,5,TUR,m,convicted,4
2016,5,UKR,m,convicted,55
2016,5,UZB,m,convicted,1
2016,5,GBR,m,convicted,2
2016,5,VNM,m,convicted,12
2016,5,ITA,m,convicted,2
2016,5,"",m,convicted,4
2016,5,"",m,convicted,5
2016,5,BLR,m,punished,2
2016,5,LTU,m,punished,1
2016,5,DEU,m,punished,2
2016,5,UKR,m,punished,23
2016,5,HUN,m,punished,1
2016,5,FRA,f,temporary,1
2016,5,IRQ,f,temporary,1
2016,5,CUB,f,temporary,1
2016,5,RUS,f,temporary,1
2016,5,ROU,f,temporary,2
2016,5,SVK,f,temporary,1
2016,5,UKR,f,temporary,2
2016,5,VEN,f,temporary,1
2016,5,VNM,f,temporary,1
2016,5,RUS,f,convicted,1
2016,5,ROU,f,convicted,3
2016,5,UKR,f,convicted,7
2016,5,"",f,convicted,1
2016,5,BLR,f,punished,1
2016,5,UKR,f,punished,12
2016,6,ALB,m,temporary,3
2016,6,DZA,m,temporary,2
2016,6,ARM,m,temporary,5
2016,6,AUT,m,temporary,1
2016,6,AZE,m,temporary,1
2016,6,BEL,m,temporary,1
2016,6,BLR,m,temporary,15
2016,6,BGR,m,temporary,14
2016,6,CHN,m,temporary,3
2016,6,HRV,m,temporary,2
2016,6,CYP,m,temporary,1
2016,6,CZE,m,temporary,3
2016,6,EGY,m,temporary,1
2016,6,EST,m,temporary,2
2016,6,FIN,m,temporary,1
2016,6,FRA,m,temporary,5
2016,6,GRC,m,temporary,1
2016,6,GEO,m,temporary,12
2016,6,NLD,m,temporary,2
2016,6,ISR,m,temporary,1
2016,6,JOR,m,temporary,1
2016,6,CMR,m,temporary,1
2016,6,LTU,m,temporary,12
2016,6,LVA,m,temporary,9
2016,6,MDA,m,temporary,2
2016,6,DEU,m,temporary,6
2016,6,NGA,m,temporary,6
2016,6,PAK,m,temporary,1
2016,6,BIH,m,temporary,1
2016,6,RUS,m,temporary,22
2016,6,ROU,m,temporary,12
2016,6,SRB,m,temporary,2
2016,6,SVK,m,temporary,5
2016,6,SVN,m,temporary,1
2016,6,SWE,m,temporary,2
2016,6,TUR,m,temporary,3
2016,6,UKR,m,temporary,44
2016,6,HUN,m,temporary,1
2016,6,VNM,m,temporary,10
2016,6,ITA,m,temporary,3
2016,6,"",m,temporary,2
2016,6,"",m,temporary,3
2016,6,ARM,m,convicted,13
2016,6,AZE,m,convicted,1
2016,6,BEL,m,convicted,1
2016,6,BLR,m,convicted,13
2016,6,BGR,m,convicted,29
2016,6,HRV,m,convicted,1
2016,6,CYP,m,convicted,1
2016,6,MNE,m,convicted,1
2016,6,CZE,m,convicted,7
2016,6,EGY,m,convicted,1
2016,6,EST,m,convicted,4
2016,6,GEO,m,convicted,12
2016,6,GIN,m,convicted,1
2016,6,NLD,m,convicted,3
2016,6,IND,m,convicted,2
2016,6,ISR,m,convicted,1
2016,6,YEM,m,convicted,1
2016,6,JOR,m,convicted,2
2016,6,KAZ,m,convicted,1
2016,6,KGZ,m,convicted,2
2016,6,XKX,m,convicted,1
2016,6,LBY,m,convicted,1
2016,6,LTU,m,convicted,14
2016,6,LVA,m,convicted,5
2016,6,MDA,m,convicted,1
2016,6,NPL,m,convicted,1
2016,6,DEU,m,convicted,23
2016,6,NGA,m,convicted,6
2016,6,PAK,m,convicted,3
2016,6,PRT,m,convicted,2
2016,6,ZAF,m,convicted,1
2016,6,RUS,m,convicted,28
2016,6,ROU,m,convicted,23
2016,6,SRB,m,convicted,4
2016,6,SVK,m,convicted,5
2016,6,SOM,m,convicted,1
2016,6,USA,m,convicted,1
2016,6,SYR,m,convicted,1
2016,6,TUR,m,convicted,4
2016,6,UKR,m,convicted,56
2016,6,UZB,m,convicted,1
2016,6,HUN,m,convicted,1
2016,6,GBR,m,convicted,2
2016,6,VNM,m,convicted,11
2016,6,ITA,m,convicted,2
2016,6,"",m,convicted,4
2016,6,"",m,convicted,5
2016,6,BLR,m,punished,2
2016,6,LTU,m,punished,1
2016,6,DEU,m,punished,1
2016,6,UKR,m,punished,18
2016,6,BGR,f,temporary,1
2016,6,FRA,f,temporary,1
2016,6,IRQ,f,temporary,1
2016,6,ROU,f,temporary,3
2016,6,SVK,f,temporary,1
2016,6,UKR,f,temporary,2
2016,6,VEN,f,temporary,1
2016,6,VNM,f,temporary,1
2016,6,RUS,f,convicted,1
2016,6,ROU,f,convicted,3
2016,6,UKR,f,convicted,7
2016,6,BGR,f,punished,1
2016,6,UKR,f,punished,7
2016,7,AFG,m,temporary,1
2016,7,ALB,m,temporary,4
2016,7,DZA,m,temporary,4
2016,7,ARM,m,temporary,6
2016,7,AUT,m,temporary,1
2016,7,AZE,m,temporary,1
2016,7,BEL,m,temporary,1
2016,7,BLR,m,temporary,15
2016,7,BGR,m,temporary,12
2016,7,CHN,m,temporary,3
2016,7,HRV,m,temporary,2
2016,7,CYP,m,temporary,1
2016,7,CZE,m,temporary,1
2016,7,EGY,m,temporary,1
2016,7,FIN,m,temporary,1
2016,7,FRA,m,temporary,5
2016,7,GRC,m,temporary,1
2016,7,GEO,m,temporary,11
2016,7,NLD,m,temporary,3
2016,7,IRQ,m,temporary,1
2016,7,ISR,m,temporary,2
2016,7,JOR,m,temporary,1
2016,7,CMR,m,temporary,1
2016,7,KGZ,m,temporary,1
2016,7,LTU,m,temporary,15
2016,7,LVA,m,temporary,9
2016,7,MDA,m,temporary,3
2016,7,DEU,m,temporary,7
2016,7,NGA,m,temporary,7
2016,7,PAK,m,temporary,1
2016,7,BIH,m,temporary,1
2016,7,RUS,m,temporary,24
2016,7,ROU,m,temporary,14
2016,7,SRB,m,temporary,2
2016,7,SVK,m,temporary,5
2016,7,SVN,m,temporary,1
2016,7,SWE,m,temporary,2
2016,7,TUN,m,temporary,1
2016,7,TUR,m,temporary,1
2016,7,UKR,m,temporary,71
2016,7,HUN,m,temporary,2
2016,7,VNM,m,temporary,9
2016,7,ITA,m,temporary,4
2016,7,"",m,temporary,1
2016,7,"",m,temporary,2
2016,7,ARM,m,convicted,14
2016,7,AZE,m,convicted,1
2016,7,BEL,m,convicted,1
2016,7,BLR,m,convicted,11
2016,7,BGR,m,convicted,30
2016,7,HRV,m,convicted,1
2016,7,MNE,m,convicted,1
2016,7,CZE,m,convicted,7
2016,7,EGY,m,convicted,1
2016,7,EST,m,convicted,4
2016,7,GEO,m,convicted,12
2016,7,GIN,m,convicted,1
2016,7,NLD,m,convicted,4
2016,7,IND,m,convicted,2
2016,7,ISR,m,convicted,1
2016,7,YEM,m,convicted,1
2016,7,JOR,m,convicted,1
2016,7,KAZ,m,convicted,1
2016,7,KGZ,m,convicted,1
2016,7,XKX,m,convicted,1
2016,7,LBY,m,convicted,1
2016,7,LTU,m,convicted,17
2016,7,LVA,m,convicted,5
2016,7,MDA,m,convicted,1
2016,7,NPL,m,convicted,1
2016,7,DEU,m,convicted,23
2016,7,NGA,m,convicted,6
2016,7,PAK,m,convicted,3
2016,7,PRT,m,convicted,2
2016,7,ZAF,m,convicted,1
2016,7,RUS,m,convicted,33
2016,7,ROU,m,convicted,27
2016,7,SRB,m,convicted,4
2016,7,SVK,m,convicted,5
2016,7,SOM,m,convicted,1
2016,7,USA,m,convicted,1
2016,7,SYR,m,convicted,2
2016,7,SWE,m,convicted,1
2016,7,TUR,m,convicted,4
2016,7,UKR,m,convicted,57
2016,7,HUN,m,convicted,1
2016,7,GBR,m,convicted,1
2016,7,VNM,m,convicted,11
2016,7,ITA,m,convicted,3
2016,7,"",m,convicted,4
2016,7,"",m,convicted,5
2016,7,UKR,m,punished,7
2016,7,BEL,f,temporary,1
2016,7,BGR,f,temporary,1
2016,7,CZE,f,temporary,1
2016,7,FRA,f,temporary,1
2016,7,GEO,f,temporary,1
2016,7,IRQ,f,temporary,1
2016,7,ROU,f,temporary,2
2016,7,SVK,f,temporary,1
2016,7,UKR,f,temporary,4
2016,7,VEN,f,temporary,1
2016,7,LTU,f,convicted,1
2016,7,RUS,f,convicted,1
2016,7,ROU,f,convicted,3
2016,7,UKR,f,convicted,7
2016,7,ITA,f,convicted,1
2016,7,ARM,f,punished,1
2016,7,BLR,f,punished,1
2016,7,UKR,f,punished,6
2016,8,AFG,m,temporary,1
2016,8,ALB,m,temporary,2
2016,8,DZA,m,temporary,4
2016,8,ARM,m,temporary,6
2016,8,AUT,m,temporary,1
2016,8,AZE,m,temporary,1
2016,8,BEL,m,temporary,1
2016,8,BLR,m,temporary,13
2016,8,BGR,m,temporary,11
2016,8,CHN,m,temporary,4
2016,8,HRV,m,temporary,2
2016,8,CYP,m,temporary,1
2016,8,EGY,m,temporary,1
2016,8,FIN,m,temporary,1
2016,8,FRA,m,temporary,5
2016,8,GRC,m,temporary,2
2016,8,GEO,m,temporary,10
2016,8,ESP,m,temporary,1
2016,8,IRQ,m,temporary,1
2016,8,ISR,m,temporary,2
2016,8,JOR,m,temporary,1
2016,8,CMR,m,temporary,1
2016,8,KGZ,m,temporary,1
2016,8,LTU,m,temporary,15
2016,8,LVA,m,temporary,11
2016,8,MDA,m,temporary,3
2016,8,DEU,m,temporary,6
2016,8,NGA,m,temporary,6
2016,8,PAK,m,temporary,1
2016,8,BIH,m,temporary,1
2016,8,ZAF,m,temporary,1
2016,8,RUS,m,temporary,28
2016,8,ROU,m,temporary,16
2016,8,SRB,m,temporary,2
2016,8,SVK,m,temporary,5
2016,8,SVN,m,temporary,1
2016,8,SWE,m,temporary,1
2016,8,TUN,m,temporary,1
2016,8,TUR,m,temporary,3
2016,8,UKR,m,temporary,78
2016,8,HUN,m,temporary,2
2016,8,VNM,m,temporary,12
2016,8,ITA,m,temporary,4
2016,8,"",m,temporary,1
2016,8,"",m,temporary,2
2016,8,ARM,m,convicted,13
2016,8,AZE,m,convicted,1
2016,8,BLR,m,convicted,11
2016,8,BGR,m,convicted,28
2016,8,HRV,m,convicted,1
2016,8,MNE,m,convicted,1
2016,8,CZE,m,convicted,7
2016,8,EGY,m,convicted,1
2016,8,EST,m,convicted,4
2016,8,GEO,m,convicted,12
2016,8,GIN,m,convicted,1
2016,8,NLD,m,convicted,4
2016,8,IND,m,convicted,1
2016,8,ISR,m,convicted,1
2016,8,YEM,m,convicted,1
2016,8,JOR,m,convicted,1
2016,8,KAZ,m,convicted,1
2016,8,KGZ,m,convicted,1
2016,8,XKX,m,convicted,1
2016,8,LBY,m,convicted,1
2016,8,LTU,m,convicted,16
2016,8,LVA,m,convicted,4
2016,8,MDA,m,convicted,1
2016,8,NPL,m,convicted,1
2016,8,DEU,m,convicted,21
2016,8,NGA,m,convicted,7
2016,8,PAK,m,convicted,3
2016,8,PRT,m,convicted,2
2016,8,ZAF,m,convicted,1
2016,8,RUS,m,convicted,31
2016,8,ROU,m,convicted,28
2016,8,SRB,m,convicted,4
2016,8,SVK,m,convicted,5
2016,8,SOM,m,convicted,1
2016,8,USA,m,convicted,1
2016,8,SYR,m,convicted,2
2016,8,SWE,m,convicted,1
2016,8,TUR,m,convicted,4
2016,8,UKR,m,convicted,55
2016,8,HUN,m,convicted,1
2016,8,GBR,m,convicted,1
2016,8,VNM,m,convicted,10
2016,8,ITA,m,convicted,3
2016,8,"",m,convicted,4
2016,8,"",m,convicted,4
2016,8,BLR,m,punished,2
2016,8,LTU,m,punished,1
2016,8,ROU,m,punished,1
2016,8,UKR,m,punished,22
2016,8,BEL,f,temporary,1
2016,8,BGR,f,temporary,1
2016,8,CZE,f,temporary,1
2016,8,IRQ,f,temporary,1
2016,8,ROU,f,temporary,3
2016,8,SVK,f,temporary,1
2016,8,UKR,f,temporary,2
2016,8,VEN,f,temporary,1
2016,8,"",f,temporary,1
2016,8,BLR,f,convicted,1
2016,8,LTU,f,convicted,1
2016,8,RUS,f,convicted,1
2016,8,ROU,f,convicted,2
2016,8,UKR,f,convicted,6
2016,8,ITA,f,convicted,1
2016,8,RUS,f,punished,1
2016,8,ROU,f,punished,1
2016,8,UKR,f,punished,4
2016,9,AFG,m,temporary,1
2016,9,ALB,m,temporary,2
2016,9,DZA,m,temporary,2
2016,9,ARM,m,temporary,5
2016,9,AUT,m,temporary,1
2016,9,AZE,m,temporary,1
2016,9,BEL,m,temporary,1
2016,9,BLR,m,temporary,13
2016,9,BGR,m,temporary,9
2016,9,CHN,m,temporary,5
2016,9,HRV,m,temporary,2
2016,9,CYP,m,temporary,1
2016,9,EGY,m,temporary,2
2016,9,EST,m,temporary,1
2016,9,FIN,m,temporary,1
2016,9,FRA,m,temporary,5
2016,9,GRC,m,temporary,2
2016,9,GEO,m,temporary,9
2016,9,ESP,m,temporary,1
2016,9,IRQ,m,temporary,1
2016,9,ISR,m,temporary,1
2016,9,JOR,m,temporary,1
2016,9,KGZ,m,temporary,1
2016,9,XKX,m,temporary,1
2016,9,LTU,m,temporary,14
2016,9,LVA,m,temporary,14
2016,9,MKD,m,temporary,1
2016,9,MAR,m,temporary,1
2016,9,MDA,m,temporary,3
2016,9,DEU,m,temporary,4
2016,9,NGA,m,temporary,7
2016,9,PAK,m,temporary,2
2016,9,BIH,m,temporary,1
2016,9,ZAF,m,temporary,1
2016,9,RUS,m,temporary,27
2016,9,ROU,m,temporary,18
2016,9,SRB,m,temporary,2
2016,9,SVK,m,temporary,5
2016,9,SVN,m,temporary,1
2016,9,TUN,m,temporary,1
2016,9,TUR,m,temporary,4
2016,9,UKR,m,temporary,74
2016,9,HUN,m,temporary,2
2016,9,VNM,m,temporary,9
2016,9,ITA,m,temporary,4
2016,9,"",m,temporary,1
2016,9,"",m,temporary,3
2016,9,DZA,m,convicted,1
2016,9,ARM,m,convicted,13
2016,9,AZE,m,convicted,1
2016,9,BLR,m,convicted,13
2016,9,BGR,m,convicted,28
2016,9,HRV,m,convicted,1
2016,9,MNE,m,convicted,1
2016,9,CZE,m,convicted,6
2016,9,DNK,m,convicted,1
2016,9,EGY,m,convicted,1
2016,9,EST,m,convicted,3
2016,9,GEO,m,convicted,11
2016,9,GIN,m,convicted,1
2016,9,NLD,m,convicted,4
2016,9,IND,m,convicted,1
2016,9,ISR,m,convicted,1
2016,9,YEM,m,convicted,1
2016,9,JOR,m,convicted,1
2016,9,KAZ,m,convicted,1
2016,9,KGZ,m,convicted,1
2016,9,XKX,m,convicted,1
2016,9,LBY,m,convicted,1
2016,9,LTU,m,convicted,17
2016,9,LVA,m,convicted,4
2016,9,MDA,m,convicted,2
2016,9,NPL,m,convicted,1
2016,9,DEU,m,convicted,19
2016,9,NGA,m,convicted,7
2016,9,PAK,m,convicted,3
2016,9,PRT,m,convicted,2
2016,9,ZAF,m,convicted,1
2016,9,RUS,m,convicted,31
2016,9,ROU,m,convicted,29
2016,9,SRB,m,convicted,3
2016,9,SVK,m,convicted,5
2016,9,SOM,m,convicted,1
2016,9,USA,m,convicted,1
2016,9,SYR,m,convicted,1
2016,9,TUR,m,convicted,4
2016,9,TKM,m,convicted,1
2016,9,UKR,m,convicted,61
2016,9,HUN,m,convicted,1
2016,9,GBR,m,convicted,1
2016,9,VNM,m,convicted,11
2016,9,ITA,m,convicted,3
2016,9,"",m,convicted,4
2016,9,"",m,convicted,2
2016,9,BLR,m,punished,2
2016,9,ROU,m,punished,1
2016,9,UKR,m,punished,32
2016,9,BGR,f,temporary,1
2016,9,CZE,f,temporary,1
2016,9,IRQ,f,temporary,1
2016,9,ROU,f,temporary,2
2016,9,SVK,f,temporary,1
2016,9,UKR,f,temporary,3
2016,9,VEN,f,temporary,1
2016,9,"",f,temporary,1
2016,9,LTU,f,convicted,1
2016,9,RUS,f,convicted,1
2016,9,ROU,f,convicted,3
2016,9,UKR,f,convicted,7
2016,9,BLR,f,punished,1
2016,9,RUS,f,punished,1
2016,9,ROU,f,punished,1
2016,9,UKR,f,punished,9
2016,10,AFG,m,temporary,1
2016,10,ALB,m,temporary,2
2016,10,DZA,m,temporary,1
2016,10,ARM,m,temporary,4
2016,10,AUT,m,temporary,1
2016,10,AZE,m,temporary,1
2016,10,BEL,m,temporary,1
2016,10,BLR,m,temporary,12
2016,10,BGR,m,temporary,13
2016,10,CHN,m,temporary,4
2016,10,CYP,m,temporary,1
2016,10,EGY,m,temporary,1
2016,10,EST,m,temporary,1
2016,10,FIN,m,temporary,1
2016,10,FRA,m,temporary,3
2016,10,GRC,m,temporary,2
2016,10,GEO,m,temporary,9
2016,10,ESP,m,temporary,1
2016,10,IRQ,m,temporary,1
2016,10,IRN,m,temporary,2
2016,10,ISR,m,temporary,1
2016,10,JOR,m,temporary,1
2016,10,KAZ,m,temporary,1
2016,10,KGZ,m,temporary,1
2016,10,XKX,m,temporary,1
2016,10,LTU,m,temporary,15
2016,10,LVA,m,temporary,12
2016,10,MKD,m,temporary,1
2016,10,MAR,m,temporary,2
2016,10,MDA,m,temporary,2
2016,10,DEU,m,temporary,4
2016,10,NGA,m,temporary,5
2016,10,PAK,m,temporary,2
2016,10,RUS,m,temporary,26
2016,10,ROU,m,temporary,17
2016,10,SRB,m,temporary,2
2016,10,SVK,m,temporary,6
2016,10,TUN,m,temporary,1
2016,10,TUR,m,temporary,5
2016,10,UKR,m,temporary,83
2016,10,HUN,m,temporary,2
2016,10,VNM,m,temporary,13
2016,10,ITA,m,temporary,4
2016,10,"",m,temporary,1
2016,10,"",m,temporary,3
2016,10,DZA,m,convicted,2
2016,10,ARM,m,convicted,13
2016,10,AZE,m,convicted,1
2016,10,BLR,m,convicted,15
2016,10,BGR,m,convicted,29
2016,10,HRV,m,convicted,2
2016,10,MNE,m,convicted,1
2016,10,CZE,m,convicted,5
2016,10,DNK,m,convicted,1
2016,10,EGY,m,convicted,1
2016,10,EST,m,convicted,3
2016,10,GEO,m,convicted,12
2016,10,GIN,m,convicted,1
2016,10,NLD,m,convicted,4
2016,10,IND,m,convicted,1
2016,10,ISR,m,convicted,1
2016,10,YEM,m,convicted,1
2016,10,JOR,m,convicted,1
2016,10,CAN,m,convicted,1
2016,10,KAZ,m,convicted,1
2016,10,KGZ,m,convicted,1
2016,10,XKX,m,convicted,1
2016,10,LBY,m,convicted,1
2016,10,LTU,m,convicted,20
2016,10,LVA,m,convicted,4
2016,10,MDA,m,convicted,1
2016,10,NPL,m,convicted,1
2016,10,DEU,m,convicted,16
2016,10,NGA,m,convicted,8
2016,10,PAK,m,convicted,3
2016,10,PRT,m,convicted,2
2016,10,ZAF,m,convicted,1
2016,10,RUS,m,convicted,32
2016,10,ROU,m,convicted,28
2016,10,SRB,m,convicted,3
2016,10,SVK,m,convicted,5
2016,10,SOM,m,convicted,1
2016,10,USA,m,convicted,1
2016,10,SYR,m,convicted,2
2016,10,TUR,m,convicted,3
2016,10,TKM,m,convicted,1
2016,10,UKR,m,convicted,68
2016,10,HUN,m,convicted,1
2016,10,GBR,m,convicted,1
2016,10,VNM,m,convicted,12
2016,10,ITA,m,convicted,3
2016,10,"",m,convicted,4
2016,10,"",m,convicted,2
2016,10,DEU,m,punished,2
2016,10,ROU,m,punished,1
2016,10,UKR,m,punished,27
2016,10,BLR,f,temporary,1
2016,10,BGR,f,temporary,1
2016,10,CZE,f,temporary,1
2016,10,IRQ,f,temporary,1
2016,10,ROU,f,temporary,1
2016,10,SRB,f,temporary,1
2016,10,SVK,f,temporary,1
2016,10,UKR,f,temporary,3
2016,10,"",f,temporary,1
2016,10,BLR,f,convicted,1
2016,10,LTU,f,convicted,1
2016,10,ROU,f,convicted,4
2016,10,UKR,f,convicted,8
2016,10,VEN,f,convicted,1
2016,10,UKR,f,punished,6
2016,11,AFG,m,temporary,1
2016,11,ALB,m,temporary,2
2016,11,ARM,m,temporary,4
2016,11,AUT,m,temporary,1
2016,11,AZE,m,temporary,1
2016,11,BEL,m,temporary,1
2016,11,BLR,m,temporary,13
2016,11,BGR,m,temporary,11
2016,11,CHN,m,temporary,4
2016,11,CYP,m,temporary,1
2016,11,CZE,m,temporary,2
2016,11,EGY,m,temporary,1
2016,11,EST,m,temporary,1
2016,11,FIN,m,temporary,1
2016,11,FRA,m,temporary,2
2016,11,GRC,m,temporary,2
2016,11,GEO,m,temporary,6
2016,11,ESP,m,temporary,1
2016,11,IRQ,m,temporary,1
2016,11,IRN,m,temporary,2
2016,11,ISR,m,temporary,2
2016,11,CAN,m,temporary,1
2016,11,KAZ,m,temporary,1
2016,11,KEN,m,temporary,1
2016,11,KGZ,m,temporary,1
2016,11,XKX,m,temporary,1
2016,11,LTU,m,temporary,15
2016,11,LVA,m,temporary,11
2016,11,MKD,m,temporary,1
2016,11,MAR,m,temporary,2
2016,11,MDA,m,temporary,5
2016,11,DEU,m,temporary,4
2016,11,NGA,m,temporary,6
2016,11,PAK,m,temporary,2
2016,11,RUS,m,temporary,28
2016,11,ROU,m,temporary,20
2016,11,SRB,m,temporary,2
2016,11,SVK,m,temporary,4
2016,11,SYR,m,temporary,1
2016,11,TUN,m,temporary,1
2016,11,TUR,m,temporary,6
2016,11,UKR,m,temporary,88
2016,11,HUN,m,temporary,3
2016,11,VNM,m,temporary,14
2016,11,ITA,m,temporary,3
2016,11,"",m,temporary,1
2016,11,"",m,temporary,4
2016,11,DZA,m,convicted,3
2016,11,ARM,m,convicted,14
2016,11,AZE,m,convicted,1
2016,11,BLR,m,convicted,15
2016,11,BGR,m,convicted,30
2016,11,HRV,m,convicted,2
2016,11,MNE,m,convicted,1
2016,11,CZE,m,convicted,5
2016,11,DNK,m,convicted,1
2016,11,EGY,m,convicted,1
2016,11,EST,m,convicted,3
2016,11,GEO,m,convicted,12
2016,11,GIN,m,convicted,1
2016,11,NLD,m,convicted,3
2016,11,IND,m,convicted,1
2016,11,ISR,m,convicted,1
2016,11,YEM,m,convicted,1
2016,11,JOR,m,convicted,1
2016,11,CAN,m,convicted,1
2016,11,KAZ,m,convicted,2
2016,11,KGZ,m,convicted,1
2016,11,XKX,m,convicted,1
2016,11,LBY,m,convicted,1
2016,11,LTU,m,convicted,17
2016,11,LVA,m,convicted,4
2016,11,MDA,m,convicted,2
2016,11,NPL,m,convicted,1
2016,11,DEU,m,convicted,16
2016,11,NGA,m,convicted,8
2016,11,PAK,m,convicted,3
2016,11,PRT,m,convicted,2
2016,11,ZAF,m,convicted,1
2016,11,RUS,m,convicted,33
2016,11,ROU,m,convicted,28
2016,11,SRB,m,convicted,3
2016,11,SVK,m,convicted,4
2016,11,SOM,m,convicted,1
2016,11,USA,m,convicted,1
2016,11,SYR,m,convicted,2
2016,11,TUR,m,convicted,3
2016,11,TKM,m,convicted,1
2016,11,UKR,m,convicted,69
2016,11,HUN,m,convicted,1
2016,11,GBR,m,convicted,1
2016,11,VNM,m,convicted,11
2016,11,ITA,m,convicted,3
2016,11,"",m,convicted,4
2016,11,"",m,convicted,1
2016,11,BLR,m,punished,6
2016,11,LTU,m,punished,1
2016,11,DEU,m,punished,1
2016,11,UKR,m,punished,30
2016,11,BLR,f,temporary,1
2016,11,BGR,f,temporary,1
2016,11,CZE,f,temporary,2
2016,11,IRQ,f,temporary,1
2016,11,SRB,f,temporary,1
2016,11,SVK,f,temporary,1
2016,11,UKR,f,temporary,4
2016,11,"",f,temporary,1
2016,11,LTU,f,convicted,1
2016,11,ROU,f,convicted,5
2016,11,UKR,f,convicted,6
2016,11,VEN,f,convicted,1
2016,11,UKR,f,punished,8
2016,12,ALB,m,temporary,3
2016,12,ARM,m,temporary,8
2016,12,AUT,m,temporary,1
2016,12,BGD,m,temporary,1
2016,12,BEL,m,temporary,1
2016,12,BLR,m,temporary,13
2016,12,BGR,m,temporary,8
2016,12,CHN,m,temporary,2
2016,12,CYP,m,temporary,1
2016,12,CZE,m,temporary,1
2016,12,EGY,m,temporary,1
2016,12,EST,m,temporary,1
2016,12,FIN,m,temporary,1
2016,12,FRA,m,temporary,2
2016,12,GRC,m,temporary,2
2016,12,GEO,m,temporary,7
2016,12,ESP,m,temporary,1
2016,12,NLD,m,temporary,1
2016,12,IRQ,m,temporary,1
2016,12,IRN,m,temporary,2
2016,12,ISR,m,temporary,4
2016,12,CAN,m,temporary,1
2016,12,KAZ,m,temporary,1
2016,12,KEN,m,temporary,1
2016,12,KGZ,m,temporary,1
2016,12,XKX,m,temporary,2
2016,12,LTU,m,temporary,10
2016,12,LVA,m,temporary,12
2016,12,MKD,m,temporary,1
2016,12,MAR,m,temporary,2
2016,12,MDA,m,temporary,8
2016,12,DEU,m,temporary,3
2016,12,NGA,m,temporary,6
2016,12,PAK,m,temporary,2
2016,12,RUS,m,temporary,27
2016,12,ROU,m,temporary,19
2016,12,SRB,m,temporary,1
2016,12,SVK,m,temporary,4
2016,12,USA,m,temporary,1
2016,12,SYR,m,temporary,1
2016,12,TUN,m,temporary,1
2016,12,TUR,m,temporary,4
2016,12,UKR,m,temporary,80
2016,12,VEN,m,temporary,1
2016,12,HUN,m,temporary,2
2016,12,VNM,m,temporary,16
2016,12,ITA,m,temporary,2
2016,12,"",m,temporary,1
2016,12,"",m,temporary,4
2016,12,DZA,m,convicted,3
2016,12,ARM,m,convicted,12
2016,12,AZE,m,convicted,1
2016,12,BLR,m,convicted,17
2016,12,BGR,m,convicted,30
2016,12,CHN,m,convicted,2
2016,12,HRV,m,convicted,2
2016,12,CZE,m,convicted,6
2016,12,DNK,m,convicted,1
2016,12,EGY,m,convicted,1
2016,12,EST,m,convicted,3
2016,12,GEO,m,convicted,11
2016,12,GIN,m,convicted,1
2016,12,NLD,m,convicted,3
2016,12,IND,m,convicted,1
2016,12,ISR,m,convicted,1
2016,12,YEM,m,convicted,1
2016,12,JOR,m,convicted,2
2016,12,CAN,m,convicted,1
2016,12,KAZ,m,convicted,2
2016,12,KGZ,m,convicted,1
2016,12,LBY,m,convicted,1
2016,12,LTU,m,convicted,16
2016,12,LVA,m,convicted,5
2016,12,MDA,m,convicted,2
2016,12,NPL,m,convicted,1
2016,12,DEU,m,convicted,17
2016,12,NGA,m,convicted,9
2016,12,PAK,m,convicted,3
2016,12,PRT,m,convicted,2
2016,12,ZAF,m,convicted,1
2016,12,RUS,m,convicted,28
2016,12,ROU,m,convicted,29
2016,12,SRB,m,convicted,4
2016,12,SVK,m,convicted,5
2016,12,SOM,m,convicted,1
2016,12,USA,m,convicted,1
2016,12,SYR,m,convicted,2
2016,12,TUR,m,convicted,6
2016,12,TKM,m,convicted,1
2016,12,UKR,m,convicted,64
2016,12,HUN,m,convicted,1
2016,12,VNM,m,convicted,8
2016,12,ITA,m,convicted,4
2016,12,"",m,convicted,4
2016,12,"",m,convicted,2
2016,12,BLR,m,punished,2
2016,12,GEO,m,punished,1
2016,12,UKR,m,punished,29
2016,12,BLR,f,temporary,1
2016,12,BGR,f,temporary,1
2016,12,CZE,f,temporary,1
2016,12,IRQ,f,temporary,1
2016,12,SRB,f,temporary,1
2016,12,SVK,f,temporary,1
2016,12,USA,f,temporary,1
2016,12,UKR,f,temporary,4
2016,12,"",f,temporary,1
2016,12,LTU,f,convicted,1
2016,12,RUS,f,convicted,1
2016,12,ROU,f,convicted,6
2016,12,UKR,f,convicted,6
2016,12,VEN,f,convicted,1
2016,12,LTU,f,punished,1
2016,12,UKR,f,punished,7
2017,1,ALB,m,temporary,3
2017,1,DZA,m,temporary,1
2017,1,ARM,m,temporary,10
2017,1,AUT,m,temporary,1
2017,1,BEL,m,temporary,1
2017,1,BLR,m,temporary,15
2017,1,BGR,m,temporary,7
2017,1,CHN,m,temporary,2
2017,1,CYP,m,temporary,1
2017,1,CZE,m,temporary,1
2017,1,DNK,m,temporary,2
2017,1,EGY,m,temporary,1
2017,1,EST,m,temporary,1
2017,1,FIN,m,temporary,1
2017,1,FRA,m,temporary,2
2017,1,GRC,m,temporary,3
2017,1,GEO,m,temporary,10
2017,1,ESP,m,temporary,1
2017,1,NLD,m,temporary,1
2017,1,IRQ,m,temporary,1
2017,1,IRN,m,temporary,1
2017,1,ISR,m,temporary,6
2017,1,CAN,m,temporary,1
2017,1,KAZ,m,temporary,1
2017,1,KEN,m,temporary,1
2017,1,KGZ,m,temporary,1
2017,1,XKX,m,temporary,1
2017,1,LTU,m,temporary,10
2017,1,LVA,m,temporary,12
2017,1,MAR,m,temporary,2
2017,1,MDA,m,temporary,8
2017,1,NPL,m,temporary,1
2017,1,DEU,m,temporary,6
2017,1,NGA,m,temporary,6
2017,1,PAK,m,temporary,2
2017,1,RUS,m,temporary,27
2017,1,ROU,m,temporary,19
2017,1,SRB,m,temporary,1
2017,1,SVK,m,temporary,1
2017,1,USA,m,temporary,1
2017,1,SYR,m,temporary,1
2017,1,SWE,m,temporary,1
2017,1,TUN,m,temporary,2
2017,1,TUR,m,temporary,3
2017,1,UKR,m,temporary,85
2017,1,VEN,m,temporary,1
2017,1,HUN,m,temporary,1
2017,1,VNM,m,temporary,17
2017,1,ITA,m,temporary,3
2017,1,"",m,temporary,1
2017,1,"",m,temporary,1
2017,1,DZA,m,convicted,3
2017,1,ARM,m,convicted,11
2017,1,AZE,m,convicted,1
2017,1,BLR,m,convicted,12
2017,1,BGR,m,convicted,26
2017,1,CHN,m,convicted,3
2017,1,HRV,m,convicted,2
2017,1,CZE,m,convicted,6
2017,1,DNK,m,convicted,1
2017,1,EGY,m,convicted,1
2017,1,EST,m,convicted,3
2017,1,GEO,m,convicted,11
2017,1,GIN,m,convicted,1
2017,1,NLD,m,convicted,3
2017,1,ISR,m,convicted,1
2017,1,YEM,m,convicted,1
2017,1,JOR,m,convicted,2
2017,1,KAZ,m,convicted,2
2017,1,KGZ,m,convicted,1
2017,1,LBY,m,convicted,2
2017,1,LTU,m,convicted,16
2017,1,LVA,m,convicted,5
2017,1,MDA,m,convicted,2
2017,1,NPL,m,convicted,1
2017,1,DEU,m,convicted,17
2017,1,NGA,m,convicted,7
2017,1,PAK,m,convicted,3
2017,1,PRT,m,convicted,2
2017,1,ZAF,m,convicted,1
2017,1,RUS,m,convicted,31
2017,1,ROU,m,convicted,30
2017,1,SRB,m,convicted,4
2017,1,SVK,m,convicted,6
2017,1,SOM,m,convicted,1
2017,1,USA,m,convicted,1
2017,1,SYR,m,convicted,2
2017,1,TUN,m,convicted,1
2017,1,TUR,m,convicted,6
2017,1,TKM,m,convicted,1
2017,1,UKR,m,convicted,62
2017,1,HUN,m,convicted,1
2017,1,VNM,m,convicted,8
2017,1,ITA,m,convicted,4
2017,1,"",m,convicted,4
2017,1,"",m,convicted,2
2017,1,BLR,m,punished,4
2017,1,LTU,m,punished,2
2017,1,LVA,m,punished,1
2017,1,RUS,m,punished,1
2017,1,UKR,m,punished,28
2017,1,BLR,f,temporary,1
2017,1,BGR,f,temporary,1
2017,1,CZE,f,temporary,1
2017,1,GRC,f,temporary,1
2017,1,IRQ,f,temporary,1
2017,1,MDA,f,temporary,1
2017,1,RUS,f,temporary,1
2017,1,SRB,f,temporary,1
2017,1,SVK,f,temporary,1
2017,1,USA,f,temporary,1
2017,1,UKR,f,temporary,4
2017,1,VEN,f,temporary,1
2017,1,"",f,temporary,1
2017,1,RUS,f,convicted,1
2017,1,ROU,f,convicted,5
2017,1,UKR,f,convicted,7
2017,1,VEN,f,convicted,1
2017,1,UKR,f,punished,9
2017,2,ALB,m,temporary,2
2017,2,DZA,m,temporary,2
2017,2,ARM,m,temporary,9
2017,2,BEL,m,temporary,1
2017,2,BLR,m,temporary,16
2017,2,BGR,m,temporary,10
2017,2,CHN,m,temporary,2
2017,2,CYP,m,temporary,1
2017,2,CZE,m,temporary,1
2017,2,DNK,m,temporary,2
2017,2,EGY,m,temporary,1
2017,2,EST,m,temporary,2
2017,2,FRA,m,temporary,2
2017,2,GRC,m,temporary,3
2017,2,GEO,m,temporary,13
2017,2,ESP,m,temporary,2
2017,2,NLD,m,temporary,1
2017,2,IRQ,m,temporary,1
2017,2,IRN,m,temporary,1
2017,2,ISR,m,temporary,3
2017,2,CAN,m,temporary,1
2017,2,KGZ,m,temporary,1
2017,2,XKX,m,temporary,1
2017,2,LTU,m,temporary,11
2017,2,LVA,m,temporary,11
2017,2,MAR,m,temporary,2
2017,2,MEX,m,temporary,1
2017,2,MDA,m,temporary,7
2017,2,DEU,m,temporary,7
2017,2,NGA,m,temporary,5
2017,2,PAK,m,temporary,1
2017,2,RUS,m,temporary,27
2017,2,ROU,m,temporary,20
2017,2,SRB,m,temporary,1
2017,2,SVK,m,temporary,1
2017,2,USA,m,temporary,1
2017,2,SYR,m,temporary,1
2017,2,TUN,m,temporary,2
2017,2,TUR,m,temporary,5
2017,2,UKR,m,temporary,82
2017,2,VNM,m,temporary,23
2017,2,ITA,m,temporary,3
2017,2,"",m,temporary,1
2017,2,DZA,m,convicted,3
2017,2,ARM,m,convicted,10
2017,2,AUT,m,convicted,1
2017,2,AZE,m,convicted,1
2017,2,BLR,m,convicted,14
2017,2,BGR,m,convicted,26
2017,2,CHN,m,convicted,2
2017,2,HRV,m,convicted,2
2017,2,CZE,m,convicted,6
2017,2,DNK,m,convicted,1
2017,2,EGY,m,convicted,1
2017,2,EST,m,convicted,3
2017,2,GEO,m,convicted,10
2017,2,GIN,m,convicted,1
2017,2,NLD,m,convicted,3
2017,2,ISR,m,convicted,1
2017,2,YEM,m,convicted,1
2017,2,JOR,m,convicted,2
2017,2,KAZ,m,convicted,1
2017,2,KGZ,m,convicted,1
2017,2,LBY,m,convicted,2
2017,2,LTU,m,convicted,15
2017,2,LVA,m,convicted,4
2017,2,MDA,m,convicted,2
2017,2,NPL,m,convicted,1
2017,2,DEU,m,convicted,16
2017,2,NGA,m,convicted,7
2017,2,PAK,m,convicted,3
2017,2,PSE,m,convicted,1
2017,2,PRT,m,convicted,2
2017,2,ZAF,m,convicted,1
2017,2,RUS,m,convicted,29
2017,2,ROU,m,convicted,30
2017,2,SRB,m,convicted,4
2017,2,SVK,m,convicted,6
2017,2,SOM,m,convicted,1
2017,2,USA,m,convicted,1
2017,2,SYR,m,convicted,2
2017,2,TUR,m,convicted,6
2017,2,TKM,m,convicted,1
2017,2,UKR,m,convicted,72
2017,2,HUN,m,convicted,2
2017,2,VNM,m,convicted,9
2017,2,ITA,m,convicted,3
2017,2,"",m,convicted,5
2017,2,"",m,convicted,2
2017,2,BLR,m,punished,3
2017,2,LTU,m,punished,1
2017,2,RUS,m,punished,1
2017,2,UKR,m,punished,31
2017,2,BLR,f,temporary,1
2017,2,BGR,f,temporary,1
2017,2,CZE,f,temporary,1
2017,2,GRC,f,temporary,1
2017,2,IRQ,f,temporary,1
2017,2,MDA,f,temporary,1
2017,2,DEU,f,temporary,1
2017,2,RUS,f,temporary,1
2017,2,ROU,f,temporary,1
2017,2,SRB,f,temporary,1
2017,2,SVK,f,temporary,1
2017,2,USA,f,temporary,1
2017,2,UKR,f,temporary,4
2017,2,VEN,f,temporary,1
2017,2,"",f,temporary,2
2017,2,BLR,f,convicted,1
2017,2,BGR,f,convicted,1
2017,2,RUS,f,convicted,1
2017,2,ROU,f,convicted,4
2017,2,UKR,f,convicted,7
2017,2,VEN,f,convicted,1
2017,2,"",f,convicted,2
2017,2,UKR,f,punished,12
2017,3,ALB,m,temporary,2
2017,3,DZA,m,temporary,2
2017,3,ARM,m,temporary,10
2017,3,BLR,m,temporary,17
2017,3,BGR,m,temporary,10
2017,3,CHN,m,temporary,2
2017,3,CYP,m,temporary,1
2017,3,CZE,m,temporary,2
2017,3,DNK,m,temporary,2
2017,3,EGY,m,temporary,1
2017,3,EST,m,temporary,2
2017,3,FRA,m,temporary,2
2017,3,GRC,m,temporary,4
2017,3,GEO,m,temporary,14
2017,3,ESP,m,temporary,2
2017,3,NLD,m,temporary,1
2017,3,IRQ,m,temporary,1
2017,3,IRN,m,temporary,1
2017,3,ISR,m,temporary,3
2017,3,CAN,m,temporary,1
2017,3,KGZ,m,temporary,1
2017,3,LTU,m,temporary,11
2017,3,LVA,m,temporary,11
2017,3,MAR,m,temporary,2
2017,3,MEX,m,temporary,1
2017,3,MDA,m,temporary,6
2017,3,DEU,m,temporary,7
2017,3,NGA,m,temporary,7
2017,3,PAK,m,temporary,2
2017,3,RUS,m,temporary,27
2017,3,ROU,m,temporary,17
2017,3,SRB,m,temporary,1
2017,3,SVK,m,temporary,1
2017,3,USA,m,temporary,2
2017,3,SWE,m,temporary,1
2017,3,TUN,m,temporary,2
2017,3,TUR,m,temporary,5
2017,3,UKR,m,temporary,98
2017,3,UZB,m,temporary,1
2017,3,VNM,m,temporary,25
2017,3,ITA,m,temporary,2
2017,3,"",m,temporary,1
2017,3,DZA,m,convicted,3
2017,3,ARM,m,convicted,10
2017,3,AUT,m,convicted,1
2017,3,AZE,m,convicted,1
2017,3,BLR,m,convicted,14
2017,3,BGR,m,convicted,27
2017,3,CHN,m,convicted,2
2017,3,HRV,m,convicted,2
2017,3,CZE,m,convicted,5
2017,3,DNK,m,convicted,1
2017,3,EGY,m,convicted,2
2017,3,EST,m,convicted,2
2017,3,GEO,m,convicted,10
2017,3,GIN,m,convicted,1
2017,3,NLD,m,convicted,2
2017,3,ISR,m,convicted,1
2017,3,YEM,m,convicted,1
2017,3,JOR,m,convicted,2
2017,3,KAZ,m,convicted,1
2017,3,KGZ,m,convicted,1
2017,3,LBN,m,convicted,1
2017,3,LBY,m,convicted,2
2017,3,LTU,m,convicted,13
2017,3,LVA,m,convicted,4
2017,3,MDA,m,convicted,2
2017,3,NPL,m,convicted,1
2017,3,DEU,m,convicted,15
2017,3,NGA,m,convicted,7
2017,3,PAK,m,convicted,3
2017,3,PSE,m,convicted,1
2017,3,PRT,m,convicted,2
2017,3,ZAF,m,convicted,1
2017,3,RUS,m,convicted,29
2017,3,ROU,m,convicted,31
2017,3,SRB,m,convicted,4
2017,3,SVK,m,convicted,6
2017,3,SOM,m,convicted,1
2017,3,USA,m,convicted,1
2017,3,SYR,m,convicted,3
2017,3,TUN,m,convicted,2
2017,3,TUR,m,convicted,7
2017,3,TKM,m,convicted,1
2017,3,UKR,m,convicted,75
2017,3,HUN,m,convicted,2
2017,3,VNM,m,convicted,10
2017,3,ITA,m,convicted,3
2017,3,"",m,convicted,5
2017,3,"",m,convicted,2
2017,3,BLR,m,punished,2
2017,3,DEU,m,punished,2
2017,3,UKR,m,punished,38
2017,3,"",m,punished,1
2017,3,BLR,f,temporary,1
2017,3,BGR,f,temporary,1
2017,3,CZE,f,temporary,1
2017,3,GRC,f,temporary,1
2017,3,MDA,f,temporary,1
2017,3,DEU,f,temporary,1
2017,3,RUS,f,temporary,1
2017,3,ROU,f,temporary,2
2017,3,SRB,f,temporary,1
2017,3,SVK,f,temporary,1
2017,3,USA,f,temporary,1
2017,3,UKR,f,temporary,5
2017,3,VEN,f,temporary,1
2017,3,"",f,temporary,1
2017,3,BLR,f,convicted,1
2017,3,BGR,f,convicted,1
2017,3,ROU,f,convicted,4
2017,3,UKR,f,convicted,9
2017,3,VEN,f,convicted,1
2017,3,"",f,convicted,2
2017,3,UKR,f,punished,14
2017,4,ALB,m,temporary,2
2017,4,DZA,m,temporary,2
2017,4,ARM,m,temporary,10
2017,4,AUT,m,temporary,1
2017,4,BLR,m,temporary,15
2017,4,BGR,m,temporary,14
2017,4,CHN,m,temporary,2
2017,4,CYP,m,temporary,1
2017,4,CZE,m,temporary,3
2017,4,EGY,m,temporary,1
2017,4,EST,m,temporary,2
2017,4,FRA,m,temporary,2
2017,4,GRC,m,temporary,3
2017,4,GEO,m,temporary,15
2017,4,ESP,m,temporary,1
2017,4,NLD,m,temporary,1
2017,4,IRQ,m,temporary,1
2017,4,IRN,m,temporary,1
2017,4,ISR,m,temporary,3
2017,4,CAN,m,temporary,1
2017,4,KGZ,m,temporary,1
2017,4,LBN,m,temporary,1
2017,4,LTU,m,temporary,17
2017,4,LVA,m,temporary,13
2017,4,MAR,m,temporary,2
2017,4,MEX,m,temporary,1
2017,4,MDA,m,temporary,5
2017,4,DEU,m,temporary,10
2017,4,NGA,m,temporary,7
2017,4,PAK,m,temporary,2
2017,4,RUS,m,temporary,26
2017,4,ROU,m,temporary,18
2017,4,SRB,m,temporary,4
2017,4,SVK,m,temporary,1
2017,4,USA,m,temporary,2
2017,4,SWE,m,temporary,2
2017,4,TJK,m,temporary,1
2017,4,TUN,m,temporary,2
2017,4,TUR,m,temporary,4
2017,4,UKR,m,temporary,94
2017,4,UZB,m,temporary,1
2017,4,VNM,m,temporary,28
2017,4,ITA,m,temporary,2
2017,4,"",m,temporary,2
2017,4,DZA,m,convicted,3
2017,4,ARM,m,convicted,11
2017,4,AUT,m,convicted,1
2017,4,AZE,m,convicted,1
2017,4,BLR,m,convicted,16
2017,4,BGR,m,convicted,27
2017,4,CHN,m,convicted,2
2017,4,HRV,m,convicted,2
2017,4,CZE,m,convicted,5
2017,4,DNK,m,convicted,1
2017,4,EGY,m,convicted,2
2017,4,EST,m,convicted,2
2017,4,GEO,m,convicted,9
2017,4,GIN,m,convicted,1
2017,4,NLD,m,convicted,2
2017,4,ISR,m,convicted,1
2017,4,YEM,m,convicted,1
2017,4,JOR,m,convicted,2
2017,4,KAZ,m,convicted,1
2017,4,KGZ,m,convicted,1
2017,4,LBN,m,convicted,1
2017,4,LBY,m,convicted,2
2017,4,LTU,m,convicted,13
2017,4,LVA,m,convicted,4
2017,4,MDA,m,convicted,2
2017,4,NPL,m,convicted,1
2017,4,DEU,m,convicted,15
2017,4,NGA,m,convicted,7
2017,4,PAK,m,convicted,3
2017,4,PSE,m,convicted,1
2017,4,PRT,m,convicted,2
2017,4,ZAF,m,convicted,1
2017,4,RUS,m,convicted,28
2017,4,ROU,m,convicted,29
2017,4,SEN,m,convicted,1
2017,4,SRB,m,convicted,4
2017,4,SVK,m,convicted,6
2017,4,SVN,m,convicted,1
2017,4,SOM,m,convicted,1
2017,4,USA,m,convicted,1
2017,4,SYR,m,convicted,3
2017,4,TUN,m,convicted,1
2017,4,TUR,m,convicted,7
2017,4,TKM,m,convicted,1
2017,4,UKR,m,convicted,78
2017,4,HUN,m,convicted,2
2017,4,VNM,m,convicted,10
2017,4,ITA,m,convicted,3
2017,4,"",m,convicted,5
2017,4,"",m,convicted,2
2017,4,BLR,m,punished,1
2017,4,UKR,m,punished,32
2017,4,BLR,f,temporary,2
2017,4,BGR,f,temporary,1
2017,4,CZE,f,temporary,1
2017,4,GRC,f,temporary,1
2017,4,MDA,f,temporary,1
2017,4,DEU,f,temporary,1
2017,4,RUS,f,temporary,1
2017,4,ROU,f,temporary,2
2017,4,SRB,f,temporary,1
2017,4,SVK,f,temporary,1
2017,4,USA,f,temporary,1
2017,4,UKR,f,temporary,8
2017,4,VEN,f,temporary,1
2017,4,"",f,temporary,1
2017,4,ARM,f,convicted,1
2017,4,BLR,f,convicted,1
2017,4,BGR,f,convicted,1
2017,4,ROU,f,convicted,4
2017,4,UKR,f,convicted,9
2017,4,VEN,f,convicted,1
2017,4,"",f,convicted,2
2017,4,UKR,f,punished,12
2017,5,ALB,m,temporary,2
2017,5,DZA,m,temporary,1
2017,5,ARM,m,temporary,10
2017,5,AZE,m,temporary,1
2017,5,BLR,m,temporary,14
2017,5,BGR,m,temporary,19
2017,5,CHN,m,temporary,3
2017,5,CZE,m,temporary,3
2017,5,EGY,m,temporary,1
2017,5,EST,m,temporary,3
2017,5,FRA,m,temporary,3
2017,5,GRC,m,temporary,2
2017,5,GEO,m,temporary,12
2017,5,ESP,m,temporary,1
2017,5,NLD,m,temporary,2
2017,5,IRN,m,temporary,1
2017,5,ISR,m,temporary,3
2017,5,CAN,m,temporary,1
2017,5,KGZ,m,temporary,1
2017,5,LBN,m,temporary,1
2017,5,LTU,m,temporary,19
2017,5,LVA,m,temporary,16
2017,5,MAR,m,temporary,2
2017,5,MEX,m,temporary,1
2017,5,MDA,m,temporary,6
2017,5,DEU,m,temporary,9
2017,5,NGA,m,temporary,7
2017,5,PAK,m,temporary,1
2017,5,PER,m,temporary,1
2017,5,RUS,m,temporary,22
2017,5,ROU,m,temporary,17
2017,5,SRB,m,temporary,3
2017,5,SVK,m,temporary,1
2017,5,USA,m,temporary,2
2017,5,SYR,m,temporary,1
2017,5,SWE,m,temporary,2
2017,5,TUN,m,temporary,2
2017,5,TUR,m,temporary,5
2017,5,UKR,m,temporary,103
2017,5,UZB,m,temporary,1
2017,5,VNM,m,temporary,29
2017,5,ITA,m,temporary,2
2017,5,"",m,temporary,2
2017,5,DZA,m,convicted,3
2017,5,ARM,m,convicted,11
2017,5,AZE,m,convicted,1
2017,5,BLR,m,convicted,16
2017,5,BGR,m,convicted,25
2017,5,CHN,m,convicted,2
2017,5,HRV,m,convicted,2
2017,5,CZE,m,convicted,6
2017,5,DNK,m,convicted,1
2017,5,EGY,m,convicted,1
2017,5,EST,m,convicted,1
2017,5,GEO,m,convicted,9
2017,5,GIN,m,convicted,1
2017,5,NLD,m,convicted,2
2017,5,ISR,m,convicted,1
2017,5,YEM,m,convicted,1
2017,5,JOR,m,convicted,2
2017,5,KAZ,m,convicted,1
2017,5,KGZ,m,convicted,1
2017,5,LBN,m,convicted,1
2017,5,LBY,m,convicted,2
2017,5,LTU,m,convicted,16
2017,5,LVA,m,convicted,5
2017,5,MDA,m,convicted,1
2017,5,NPL,m,convicted,1
2017,5,DEU,m,convicted,12
2017,5,NGA,m,convicted,7
2017,5,PAK,m,convicted,3
2017,5,PSE,m,convicted,1
2017,5,PRT,m,convicted,2
2017,5,ZAF,m,convicted,1
2017,5,RUS,m,convicted,30
2017,5,ROU,m,convicted,27
2017,5,SEN,m,convicted,1
2017,5,SRB,m,convicted,5
2017,5,SVK,m,convicted,7
2017,5,SVN,m,convicted,1
2017,5,SOM,m,convicted,1
2017,5,USA,m,convicted,1
2017,5,SYR,m,convicted,3
2017,5,TUN,m,convicted,1
2017,5,TUR,m,convicted,7
2017,5,TKM,m,convicted,1
2017,5,UKR,m,convicted,78
2017,5,HUN,m,convicted,2
2017,5,VNM,m,convicted,10
2017,5,ITA,m,convicted,3
2017,5,"",m,convicted,6
2017,5,"",m,convicted,2
2017,5,BLR,m,punished,3
2017,5,FRA,m,punished,1
2017,5,UKR,m,punished,32
2017,5,BLR,f,temporary,1
2017,5,BGR,f,temporary,1
2017,5,CZE,f,temporary,1
2017,5,FRA,f,temporary,1
2017,5,GRC,f,temporary,1
2017,5,MDA,f,temporary,1
2017,5,DEU,f,temporary,1
2017,5,RUS,f,temporary,1
2017,5,ROU,f,temporary,2
2017,5,USA,f,temporary,1
2017,5,UKR,f,temporary,8
2017,5,"",f,temporary,1
2017,5,BLR,f,convicted,1
2017,5,ROU,f,convicted,4
2017,5,UKR,f,convicted,7
2017,5,VEN,f,convicted,2
2017,5,"",f,convicted,2
2017,5,UKR,f,punished,15
2017,6,AFG,m,temporary,2
2017,6,ALB,m,temporary,2
2017,6,DZA,m,temporary,2
2017,6,ARM,m,temporary,9
2017,6,AZE,m,temporary,1
2017,6,BLR,m,temporary,14
2017,6,BGR,m,temporary,22
2017,6,CHN,m,temporary,3
2017,6,CZE,m,temporary,2
2017,6,EST,m,temporary,3
2017,6,FRA,m,temporary,2
2017,6,GRC,m,temporary,2
2017,6,GEO,m,temporary,19
2017,6,ESP,m,temporary,1
2017,6,NLD,m,temporary,3
2017,6,IRN,m,temporary,2
2017,6,ISR,m,temporary,3
2017,6,CAN,m,temporary,1
2017,6,KGZ,m,temporary,1
2017,6,LBN,m,temporary,1
2017,6,LTU,m,temporary,16
2017,6,LVA,m,temporary,9
2017,6,MAR,m,temporary,2
2017,6,MEX,m,temporary,1
2017,6,MDA,m,temporary,3
2017,6,MNG,m,temporary,1
2017,6,DEU,m,temporary,12
2017,6,NGA,m,temporary,6
2017,6,PAK,m,temporary,2
2017,6,PER,m,temporary,1
2017,6,RUS,m,temporary,29
2017,6,ROU,m,temporary,21
2017,6,SRB,m,temporary,3
2017,6,SVK,m,temporary,2
2017,6,USA,m,temporary,2
2017,6,SYR,m,temporary,1
2017,6,SWE,m,temporary,1
2017,6,TUN,m,temporary,2
2017,6,TUR,m,temporary,5
2017,6,UKR,m,temporary,106
2017,6,UZB,m,temporary,1
2017,6,GBR,m,temporary,1
2017,6,VNM,m,temporary,32
2017,6,ITA,m,temporary,4
2017,6,"",m,temporary,1
2017,6,DZA,m,convicted,2
2017,6,ARM,m,convicted,10
2017,6,AZE,m,convicted,1
2017,6,BGD,m,convicted,1
2017,6,BLR,m,convicted,15
2017,6,BGR,m,convicted,24
2017,6,CHN,m,convicted,2
2017,6,HRV,m,convicted,2
2017,6,CZE,m,convicted,7
2017,6,DNK,m,convicted,1
2017,6,EGY,m,convicted,1
2017,6,EST,m,convicted,1
2017,6,GEO,m,convicted,9
2017,6,GIN,m,convicted,1
2017,6,NLD,m,convicted,3
2017,6,ISR,m,convicted,1
2017,6,YEM,m,convicted,1
2017,6,JOR,m,convicted,2
2017,6,KAZ,m,convicted,1
2017,6,KGZ,m,convicted,1
2017,6,LBN,m,convicted,1
2017,6,LBY,m,convicted,2
2017,6,LTU,m,convicted,13
2017,6,LVA,m,convicted,6
2017,6,MDA,m,convicted,2
2017,6,NPL,m,convicted,1
2017,6,DEU,m,convicted,12
2017,6,NGA,m,convicted,8
2017,6,PAK,m,convicted,3
2017,6,PSE,m,convicted,1
2017,6,PRT,m,convicted,2
2017,6,ZAF,m,convicted,1
2017,6,RUS,m,convicted,32
2017,6,ROU,m,convicted,27
2017,6,SEN,m,convicted,1
2017,6,SRB,m,convicted,5
2017,6,SVK,m,convicted,7
2017,6,SVN,m,convicted,1
2017,6,SOM,m,convicted,1
2017,6,USA,m,convicted,1
2017,6,SYR,m,convicted,3
2017,6,TUN,m,convicted,1
2017,6,TUR,m,convicted,5
2017,6,TKM,m,convicted,1
2017,6,UKR,m,convicted,83
2017,6,HUN,m,convicted,2
2017,6,VNM,m,convicted,8
2017,6,ITA,m,convicted,3
2017,6,"",m,convicted,4
2017,6,"",m,convicted,1
2017,6,BLR,m,punished,3
2017,6,RUS,m,punished,1
2017,6,UKR,m,punished,34
2017,6,BLR,f,temporary,1
2017,6,BGR,f,temporary,2
2017,6,GRC,f,temporary,1
2017,6,ISR,f,temporary,1
2017,6,MDA,f,temporary,1
2017,6,DEU,f,temporary,1
2017,6,RUS,f,temporary,1
2017,6,ROU,f,temporary,2
2017,6,SVK,f,temporary,2
2017,6,USA,f,temporary,1
2017,6,UKR,f,temporary,5
2017,6,VNM,f,temporary,2
2017,6,"",f,temporary,1
2017,6,BLR,f,convicted,1
2017,6,CZE,f,convicted,1
2017,6,ROU,f,convicted,3
2017,6,UKR,f,convicted,7
2017,6,VEN,f,convicted,2
2017,6,"",f,convicted,2
2017,6,BGR,f,punished,1
2017,6,UKR,f,punished,13
2017,7,ALB,m,temporary,2
2017,7,DZA,m,temporary,2
2017,7,ARM,m,temporary,9
2017,7,AZE,m,temporary,2
2017,7,BLR,m,temporary,14
2017,7,BGR,m,temporary,23
2017,7,CHN,m,temporary,1
2017,7,CZE,m,temporary,2
2017,7,EGY,m,temporary,1
2017,7,EST,m,temporary,3
2017,7,FRA,m,temporary,2
2017,7,GRC,m,temporary,1
2017,7,GEO,m,temporary,17
2017,7,ESP,m,temporary,1
2017,7,NLD,m,temporary,2
2017,7,IRN,m,temporary,2
2017,7,ISR,m,temporary,3
2017,7,KGZ,m,temporary,1
2017,7,LTU,m,temporary,16
2017,7,LVA,m,temporary,11
2017,7,MAR,m,temporary,2
2017,7,MEX,m,temporary,1
2017,7,MDA,m,temporary,4
2017,7,MNG,m,temporary,1
2017,7,DEU,m,temporary,13
2017,7,NGA,m,temporary,8
2017,7,PAK,m,temporary,2
2017,7,PSE,m,temporary,1
2017,7,PER,m,temporary,1
2017,7,RUS,m,temporary,34
2017,7,ROU,m,temporary,21
2017,7,SRB,m,temporary,3
2017,7,SVK,m,temporary,2
2017,7,USA,m,temporary,1
2017,7,SYR,m,temporary,1
2017,7,TUN,m,temporary,2
2017,7,TUR,m,temporary,6
2017,7,UKR,m,temporary,111
2017,7,VNM,m,temporary,31
2017,7,ITA,m,temporary,2
2017,7,"",m,temporary,1
2017,7,DZA,m,convicted,2
2017,7,ARM,m,convicted,11
2017,7,AZE,m,convicted,1
2017,7,BLR,m,convicted,15
2017,7,BGR,m,convicted,26
2017,7,CHN,m,convicted,3
2017,7,HRV,m,convicted,2
2017,7,CZE,m,convicted,7
2017,7,DNK,m,convicted,1
2017,7,EGY,m,convicted,1
2017,7,GEO,m,convicted,10
2017,7,GIN,m,convicted,1
2017,7,NLD,m,convicted,3
2017,7,ISR,m,convicted,1
2017,7,JOR,m,convicted,2
2017,7,CAN,m,convicted,1
2017,7,KAZ,m,convicted,1
2017,7,KGZ,m,convicted,1
2017,7,LBN,m,convicted,1
2017,7,LBY,m,convicted,2
2017,7,LTU,m,convicted,11
2017,7,LVA,m,convicted,6
2017,7,MDA,m,convicted,3
2017,7,NPL,m,convicted,1
2017,7,DEU,m,convicted,13
2017,7,NGA,m,convicted,9
2017,7,PAK,m,convicted,2
2017,7,PSE,m,convicted,1
2017,7,PRT,m,convicted,2
2017,7,ZAF,m,convicted,2
2017,7,RUS,m,convicted,34
2017,7,ROU,m,convicted,29
2017,7,SEN,m,convicted,1
2017,7,SRB,m,convicted,5
2017,7,SVK,m,convicted,6
2017,7,SVN,m,convicted,1
2017,7,SOM,m,convicted,1
2017,7,USA,m,convicted,1
2017,7,SYR,m,convicted,3
2017,7,SWE,m,convicted,2
2017,7,TUN,m,convicted,1
2017,7,TUR,m,convicted,5
2017,7,TKM,m,convicted,1
2017,7,UKR,m,convicted,83
2017,7,HUN,m,convicted,2
2017,7,VNM,m,convicted,7
2017,7,ITA,m,convicted,3
2017,7,"",m,convicted,4
2017,7,"",m,convicted,1
2017,7,FRA,m,punished,1
2017,7,RUS,m,punished,1
2017,7,UKR,m,punished,28
2017,7,"",m,punished,1
2017,7,BGR,f,temporary,2
2017,7,CZE,f,temporary,1
2017,7,ISR,f,temporary,1
2017,7,LTU,f,temporary,1
2017,7,DEU,f,temporary,1
2017,7,RUS,f,temporary,1
2017,7,ROU,f,temporary,3
2017,7,SVK,f,temporary,1
2017,7,USA,f,temporary,1
2017,7,UKR,f,temporary,4
2017,7,VNM,f,temporary,3
2017,7,ARM,f,convicted,1
2017,7,CZE,f,convicted,1
2017,7,ROU,f,convicted,3
2017,7,UKR,f,convicted,7
2017,7,VEN,f,convicted,2
2017,7,"",f,convicted,2
2017,7,"",f,convicted,1
2017,7,UKR,f,punished,10
2017,8,ALB,m,temporary,2
2017,8,DZA,m,temporary,4
2017,8,ARM,m,temporary,5
2017,8,AZE,m,temporary,1
2017,8,BLR,m,temporary,11
2017,8,BGR,m,temporary,23
2017,8,CHN,m,temporary,1
2017,8,CZE,m,temporary,4
2017,8,DNK,m,temporary,1
2017,8,EST,m,temporary,3
2017,8,FRA,m,temporary,1
2017,8,GRC,m,temporary,2
2017,8,GEO,m,temporary,18
2017,8,ESP,m,temporary,2
2017,8,NLD,m,temporary,2
2017,8,IRN,m,temporary,2
2017,8,ISR,m,temporary,4
2017,8,KGZ,m,temporary,1
2017,8,LTU,m,temporary,13
2017,8,LVA,m,temporary,9
2017,8,MAR,m,temporary,2
2017,8,MEX,m,temporary,1
2017,8,MDA,m,temporary,4
2017,8,MNG,m,temporary,1
2017,8,DEU,m,temporary,14
2017,8,NGA,m,temporary,7
2017,8,PAK,m,temporary,1
2017,8,PSE,m,temporary,1
2017,8,PER,m,temporary,1
2017,8,RUS,m,temporary,32
2017,8,ROU,m,temporary,19
2017,8,SRB,m,temporary,4
2017,8,SVK,m,temporary,5
2017,8,USA,m,temporary,1
2017,8,SYR,m,temporary,1
2017,8,TWN,m,temporary,1
2017,8,TUN,m,temporary,2
2017,8,TUR,m,temporary,6
2017,8,UKR,m,temporary,109
2017,8,VNM,m,temporary,31
2017,8,ITA,m,temporary,2
2017,8,"",m,temporary,2
2017,8,DZA,m,convicted,2
2017,8,ARM,m,convicted,12
2017,8,AZE,m,convicted,1
2017,8,BLR,m,convicted,16
2017,8,BGR,m,convicted,28
2017,8,CHN,m,convicted,3
2017,8,HRV,m,convicted,2
2017,8,CZE,m,convicted,7
2017,8,DNK,m,convicted,1
2017,8,EGY,m,convicted,1
2017,8,GEO,m,convicted,11
2017,8,GIN,m,convicted,1
2017,8,NLD,m,convicted,3
2017,8,JOR,m,convicted,1
2017,8,CAN,m,convicted,1
2017,8,KAZ,m,convicted,1
2017,8,KGZ,m,convicted,1
2017,8,LBN,m,convicted,1
2017,8,LBY,m,convicted,2
2017,8,LTU,m,convicted,11
2017,8,LVA,m,convicted,6
2017,8,MDA,m,convicted,1
2017,8,DEU,m,convicted,13
2017,8,NGA,m,convicted,9
2017,8,PAK,m,convicted,2
2017,8,PSE,m,convicted,1
2017,8,PRT,m,convicted,2
2017,8,ZAF,m,convicted,2
2017,8,RUS,m,convicted,31
2017,8,ROU,m,convicted,29
2017,8,SEN,m,convicted,1
2017,8,SRB,m,convicted,5
2017,8,SVK,m,convicted,6
2017,8,USA,m,convicted,1
2017,8,SYR,m,convicted,3
2017,8,SWE,m,convicted,2
2017,8,TUN,m,convicted,1
2017,8,TUR,m,convicted,5
2017,8,TKM,m,convicted,1
2017,8,UKR,m,convicted,78
2017,8,HUN,m,convicted,2
2017,8,VNM,m,convicted,7
2017,8,ITA,m,convicted,3
2017,8,"",m,convicted,4
2017,8,"",m,convicted,2
2017,8,BLR,m,punished,1
2017,8,DEU,m,punished,1
2017,8,RUS,m,punished,1
2017,8,UKR,m,punished,23
2017,8,BGR,f,temporary,1
2017,8,CZE,f,temporary,1
2017,8,ISR,f,temporary,1
2017,8,LTU,f,temporary,2
2017,8,DEU,f,temporary,1
2017,8,RUS,f,temporary,1
2017,8,ROU,f,temporary,2
2017,8,SVK,f,temporary,1
2017,8,USA,f,temporary,1
2017,8,UKR,f,temporary,6
2017,8,VNM,f,temporary,3
2017,8,BGR,f,convicted,1
2017,8,CZE,f,convicted,1
2017,8,ROU,f,convicted,3
2017,8,UKR,f,convicted,6
2017,8,VEN,f,convicted,2
2017,8,"",f,convicted,2
2017,8,"",f,convicted,1
2017,8,UKR,f,punished,7
2017,8,"",f,punished,1
2017,9,ALB,m,temporary,1
2017,9,DZA,m,temporary,4
2017,9,ARM,m,temporary,8
2017,9,AZE,m,temporary,1
2017,9,BLR,m,temporary,10
2017,9,BGR,m,temporary,24
2017,9,CHN,m,temporary,1
2017,9,CZE,m,temporary,4
2017,9,DNK,m,temporary,1
2017,9,EST,m,temporary,3
2017,9,FRA,m,temporary,1
2017,9,GRC,m,temporary,1
2017,9,GEO,m,temporary,17
2017,9,ESP,m,temporary,1
2017,9,NLD,m,temporary,2
2017,9,IRN,m,temporary,2
2017,9,ISR,m,temporary,4
2017,9,KGZ,m,temporary,1
2017,9,LTU,m,temporary,14
2017,9,LVA,m,temporary,7
2017,9,MAR,m,temporary,2
2017,9,MEX,m,temporary,1
2017,9,MDA,m,temporary,5
2017,9,MNG,m,temporary,1
2017,9,DEU,m,temporary,12
2017,9,NGA,m,temporary,6
2017,9,NOR,m,temporary,1
2017,9,NZL,m,temporary,1
2017,9,PAK,m,temporary,1
2017,9,PSE,m,temporary,1
2017,9,PER,m,temporary,1
2017,9,RUS,m,temporary,36
2017,9,ROU,m,temporary,19
2017,9,SRB,m,temporary,4
2017,9,SVK,m,temporary,4
2017,9,USA,m,temporary,1
2017,9,SYR,m,temporary,2
2017,9,TWN,m,temporary,1
2017,9,TUN,m,temporary,1
2017,9,TUR,m,temporary,8
2017,9,UKR,m,temporary,117
2017,9,VEN,m,temporary,1
2017,9,HUN,m,temporary,3
2017,9,VNM,m,temporary,29
2017,9,ITA,m,temporary,1
2017,9,"",m,temporary,2
2017,9,ALB,m,convicted,1
2017,9,DZA,m,convicted,2
2017,9,ARM,m,convicted,12
2017,9,AZE,m,convicted,1
2017,9,BLR,m,convicted,18
2017,9,BGR,m,convicted,30
2017,9,CHN,m,convicted,3
2017,9,HRV,m,convicted,2
2017,9,CZE,m,convicted,5
2017,9,DNK,m,convicted,1
2017,9,EGY,m,convicted,1
2017,9,GRC,m,convicted,1
2017,9,GEO,m,convicted,12
2017,9,GIN,m,convicted,1
2017,9,NLD,m,convicted,3
2017,9,JOR,m,convicted,1
2017,9,CAN,m,convicted,2
2017,9,KAZ,m,convicted,1
2017,9,KGZ,m,convicted,1
2017,9,LBN,m,convicted,1
2017,9,LBY,m,convicted,2
2017,9,LTU,m,convicted,10
2017,9,LVA,m,convicted,6
2017,9,MDA,m,convicted,2
2017,9,DEU,m,convicted,13
2017,9,NGA,m,convicted,9
2017,9,PAK,m,convicted,2
2017,9,PSE,m,convicted,1
2017,9,PRT,m,convicted,2
2017,9,ZAF,m,convicted,2
2017,9,RUS,m,convicted,29
2017,9,ROU,m,convicted,31
2017,9,SEN,m,convicted,1
2017,9,SRB,m,convicted,5
2017,9,SVK,m,convicted,6
2017,9,USA,m,convicted,2
2017,9,SYR,m,convicted,3
2017,9,SWE,m,convicted,1
2017,9,TUN,m,convicted,1
2017,9,TUR,m,convicted,5
2017,9,TKM,m,convicted,1
2017,9,UKR,m,convicted,83
2017,9,HUN,m,convicted,2
2017,9,VNM,m,convicted,10
2017,9,ITA,m,convicted,3
2017,9,"",m,convicted,3
2017,9,"",m,convicted,2
2017,9,BLR,m,punished,2
2017,9,LTU,m,punished,1
2017,9,DEU,m,punished,1
2017,9,ROU,m,punished,1
2017,9,UKR,m,punished,20
2017,9,BGR,f,temporary,1
2017,9,CZE,f,temporary,1
2017,9,LTU,f,temporary,2
2017,9,DEU,f,temporary,1
2017,9,ROU,f,temporary,2
2017,9,USA,f,temporary,1
2017,9,UKR,f,temporary,6
2017,9,VNM,f,temporary,2
2017,9,BGR,f,convicted,2
2017,9,CZE,f,convicted,1
2017,9,ROU,f,convicted,3
2017,9,UKR,f,convicted,8
2017,9,VEN,f,convicted,2
2017,9,"",f,convicted,2
2017,9,"",f,convicted,1
2017,9,BLR,f,punished,1
2017,9,UKR,f,punished,8
2017,10,DZA,m,temporary,4
2017,10,ARM,m,temporary,11
2017,10,AZE,m,temporary,1
2017,10,BGD,m,temporary,1
2017,10,BEL,m,temporary,1
2017,10,BLR,m,temporary,10
2017,10,BGR,m,temporary,28
2017,10,CHN,m,temporary,1
2017,10,CZE,m,temporary,5
2017,10,DNK,m,temporary,1
2017,10,EST,m,temporary,3
2017,10,FRA,m,temporary,1
2017,10,GRC,m,temporary,1
2017,10,GEO,m,temporary,21
2017,10,ESP,m,temporary,1
2017,10,NLD,m,temporary,2
2017,10,IND,m,temporary,1
2017,10,IRN,m,temporary,2
2017,10,ISR,m,temporary,5
2017,10,KGZ,m,temporary,1
2017,10,LTU,m,temporary,19
2017,10,LVA,m,temporary,9
2017,10,MAR,m,temporary,1
2017,10,MEX,m,temporary,1
2017,10,MDA,m,temporary,5
2017,10,MNG,m,temporary,1
2017,10,DEU,m,temporary,14
2017,10,NGA,m,temporary,5
2017,10,NOR,m,temporary,1
2017,10,NZL,m,temporary,1
2017,10,PAK,m,temporary,1
2017,10,PSE,m,temporary,1
2017,10,PRT,m,temporary,1
2017,10,BIH,m,temporary,1
2017,10,RUS,m,temporary,42
2017,10,ROU,m,temporary,20
2017,10,SRB,m,temporary,4
2017,10,SVK,m,temporary,2
2017,10,USA,m,temporary,1
2017,10,SYR,m,temporary,2
2017,10,TWN,m,temporary,1
2017,10,TUN,m,temporary,1
2017,10,TUR,m,temporary,7
2017,10,UKR,m,temporary,149
2017,10,VEN,m,temporary,1
2017,10,HUN,m,temporary,3
2017,10,GBR,m,temporary,1
2017,10,VNM,m,temporary,30
2017,10,"",m,temporary,3
2017,10,"",m,temporary,1
2017,10,ALB,m,convicted,2
2017,10,DZA,m,convicted,2
2017,10,ARM,m,convicted,11
2017,10,AUT,m,convicted,1
2017,10,AZE,m,convicted,1
2017,10,BLR,m,convicted,17
2017,10,BGR,m,convicted,30
2017,10,CHN,m,convicted,3
2017,10,HRV,m,convicted,2
2017,10,CZE,m,convicted,4
2017,10,DNK,m,convicted,1
2017,10,EGY,m,convicted,2
2017,10,GRC,m,convicted,1
2017,10,GEO,m,convicted,11
2017,10,GIN,m,convicted,1
2017,10,NLD,m,convicted,4
2017,10,JOR,m,convicted,1
2017,10,CAN,m,convicted,1
2017,10,KAZ,m,convicted,1
2017,10,KGZ,m,convicted,1
2017,10,LBN,m,convicted,1
2017,10,LBY,m,convicted,2
2017,10,LTU,m,convicted,11
2017,10,LVA,m,convicted,5
2017,10,MAR,m,convicted,1
2017,10,MDA,m,convicted,2
2017,10,DEU,m,convicted,13
2017,10,NGA,m,convicted,10
2017,10,PAK,m,convicted,2
2017,10,PSE,m,convicted,1
2017,10,PRT,m,convicted,2
2017,10,ZAF,m,convicted,2
2017,10,RUS,m,convicted,29
2017,10,ROU,m,convicted,29
2017,10,SEN,m,convicted,1
2017,10,SRB,m,convicted,5
2017,10,SVK,m,convicted,6
2017,10,USA,m,convicted,2
2017,10,SYR,m,convicted,3
2017,10,SWE,m,convicted,1
2017,10,TUN,m,convicted,1
2017,10,TUR,m,convicted,5
2017,10,TKM,m,convicted,1
2017,10,UKR,m,convicted,88
2017,10,HUN,m,convicted,2
2017,10,GBR,m,convicted,1
2017,10,VNM,m,convicted,10
2017,10,ITA,m,convicted,4
2017,10,"",m,convicted,3
2017,10,"",m,convicted,3
2017,10,BLR,m,punished,6
2017,10,DEU,m,punished,1
2017,10,UKR,m,punished,15
2017,10,BLR,f,temporary,1
2017,10,BGR,f,temporary,1
2017,10,CZE,f,temporary,1
2017,10,LTU,f,temporary,1
2017,10,DEU,f,temporary,1
2017,10,RUS,f,temporary,1
2017,10,ROU,f,temporary,2
2017,10,USA,f,temporary,1
2017,10,UKR,f,temporary,6
2017,10,VNM,f,temporary,2
2017,10,BGR,f,convicted,3
2017,10,CZE,f,convicted,1
2017,10,ROU,f,convicted,2
2017,10,UKR,f,convicted,9
2017,10,VEN,f,convicted,2
2017,10,"",f,convicted,2
2017,10,"",f,convicted,1
2017,10,BLR,f,punished,1
2017,10,UKR,f,punished,9
2017,11,DZA,m,temporary,5
2017,11,ARM,m,temporary,13
2017,11,AZE,m,temporary,1
2017,11,BGD,m,temporary,1
2017,11,BEL,m,temporary,1
2017,11,BLR,m,temporary,9
2017,11,BGR,m,temporary,26
2017,11,CHN,m,temporary,4
2017,11,CZE,m,temporary,4
2017,11,DNK,m,temporary,1
2017,11,EST,m,temporary,2
2017,11,FRA,m,temporary,1
2017,11,GRC,m,temporary,1
2017,11,GEO,m,temporary,26
2017,11,ESP,m,temporary,1
2017,11,NLD,m,temporary,3
2017,11,IRN,m,temporary,2
2017,11,ISR,m,temporary,5
2017,11,KGZ,m,temporary,1
2017,11,LTU,m,temporary,14
2017,11,LVA,m,temporary,7
2017,11,MAR,m,temporary,1
2017,11,MEX,m,temporary,1
2017,11,MDA,m,temporary,6
2017,11,MNG,m,temporary,1
2017,11,DEU,m,temporary,14
2017,11,NGA,m,temporary,5
2017,11,NOR,m,temporary,1
2017,11,NZL,m,temporary,1
2017,11,PSE,m,temporary,1
2017,11,PRT,m,temporary,1
2017,11,BIH,m,temporary,1
2017,11,RUS,m,temporary,38
2017,11,ROU,m,temporary,19
2017,11,SRB,m,temporary,5
2017,11,SVK,m,temporary,1
2017,11,SYR,m,temporary,2
2017,11,TWN,m,temporary,1
2017,11,TUN,m,temporary,1
2017,11,TUR,m,temporary,5
2017,11,UKR,m,temporary,154
2017,11,VEN,m,temporary,1
2017,11,HUN,m,temporary,3
2017,11,GBR,m,temporary,1
2017,11,VNM,m,temporary,29
2017,11,"",m,temporary,4
2017,11,"",m,temporary,1
2017,11,ALB,m,convicted,2
2017,11,DZA,m,convicted,2
2017,11,ARM,m,convicted,12
2017,11,AUT,m,convicted,1
2017,11,AZE,m,convicted,1
2017,11,BLR,m,convicted,20
2017,11,BGR,m,convicted,27
2017,11,CHN,m,convicted,3
2017,11,HRV,m,convicted,2
2017,11,CZE,m,convicted,4
2017,11,DNK,m,convicted,1
2017,11,EGY,m,convicted,2
2017,11,GRC,m,convicted,1
2017,11,GEO,m,convicted,10
2017,11,GIN,m,convicted,1
2017,11,NLD,m,convicted,4
2017,11,JOR,m,convicted,1
2017,11,CAN,m,convicted,1
2017,11,KAZ,m,convicted,1
2017,11,KGZ,m,convicted,1
2017,11,KOR,m,convicted,1
2017,11,LBN,m,convicted,1
2017,11,LBY,m,convicted,2
2017,11,LTU,m,convicted,11
2017,11,LVA,m,convicted,7
2017,11,MAR,m,convicted,1
2017,11,MDA,m,convicted,2
2017,11,DEU,m,convicted,15
2017,11,NGA,m,convicted,10
2017,11,PAK,m,convicted,2
2017,11,PSE,m,convicted,1
2017,11,PRT,m,convicted,2
2017,11,ZAF,m,convicted,2
2017,11,RUS,m,convicted,34
2017,11,ROU,m,convicted,31
2017,11,SEN,m,convicted,1
2017,11,SRB,m,convicted,4
2017,11,SVK,m,convicted,6
2017,11,USA,m,convicted,2
2017,11,SYR,m,convicted,3
2017,11,TUN,m,convicted,1
2017,11,TUR,m,convicted,5
2017,11,TKM,m,convicted,1
2017,11,UKR,m,convicted,91
2017,11,HUN,m,convicted,2
2017,11,GBR,m,convicted,2
2017,11,VNM,m,convicted,13
2017,11,ITA,m,convicted,4
2017,11,"",m,convicted,3
2017,11,"",m,convicted,3
2017,11,BLR,m,punished,7
2017,11,UKR,m,punished,26
2017,11,BGR,f,temporary,1
2017,11,CZE,f,temporary,1
2017,11,LTU,f,temporary,1
2017,11,DEU,f,temporary,1
2017,11,ROU,f,temporary,2
2017,11,UKR,f,temporary,5
2017,11,VNM,f,temporary,2
2017,11,BGR,f,convicted,3
2017,11,CZE,f,convicted,1
2017,11,ROU,f,convicted,2
2017,11,UKR,f,convicted,6
2017,11,VEN,f,convicted,2
2017,11,"",f,convicted,2
2017,11,"",f,convicted,1
2017,11,UKR,f,punished,10
2017,12,DZA,m,temporary,4
2017,12,ARM,m,temporary,7
2017,12,AZE,m,temporary,1
2017,12,BGD,m,temporary,1
2017,12,BEL,m,temporary,1
2017,12,BLR,m,temporary,8
2017,12,BGR,m,temporary,26
2017,12,CHN,m,temporary,4
2017,12,CZE,m,temporary,4
2017,12,DNK,m,temporary,1
2017,12,EGY,m,temporary,1
2017,12,EST,m,temporary,3
2017,12,FRA,m,temporary,1
2017,12,GRC,m,temporary,1
2017,12,GEO,m,temporary,33
2017,12,ESP,m,temporary,1
2017,12,NLD,m,temporary,3
2017,12,IRN,m,temporary,1
2017,12,ISR,m,temporary,6
2017,12,KGZ,m,temporary,1
2017,12,LTU,m,temporary,12
2017,12,LVA,m,temporary,7
2017,12,MAR,m,temporary,2
2017,12,MEX,m,temporary,2
2017,12,MDA,m,temporary,9
2017,12,MNG,m,temporary,1
2017,12,DEU,m,temporary,14
2017,12,NGA,m,temporary,5
2017,12,NOR,m,temporary,1
2017,12,NZL,m,temporary,1
2017,12,PSE,m,temporary,1
2017,12,PRT,m,temporary,1
2017,12,BIH,m,temporary,1
2017,12,RUS,m,temporary,35
2017,12,ROU,m,temporary,18
2017,12,SRB,m,temporary,2
2017,12,SVK,m,temporary,1
2017,12,SYR,m,temporary,1
2017,12,TWN,m,temporary,1
2017,12,TUN,m,temporary,1
2017,12,TUR,m,temporary,4
2017,12,UKR,m,temporary,149
2017,12,VEN,m,temporary,1
2017,12,HUN,m,temporary,3
2017,12,GBR,m,temporary,2
2017,12,VNM,m,temporary,29
2017,12,"",m,temporary,3
2017,12,"",m,temporary,1
2017,12,ALB,m,convicted,2
2017,12,DZA,m,convicted,2
2017,12,ARM,m,convicted,14
2017,12,AUT,m,convicted,1
2017,12,AZE,m,convicted,1
2017,12,BLR,m,convicted,20
2017,12,BGR,m,convicted,27
2017,12,CHN,m,convicted,3
2017,12,HRV,m,convicted,2
2017,12,CZE,m,convicted,3
2017,12,DNK,m,convicted,1
2017,12,EGY,m,convicted,2
2017,12,GRC,m,convicted,1
2017,12,GEO,m,convicted,11
2017,12,GIN,m,convicted,1
2017,12,NLD,m,convicted,3
2017,12,ISR,m,convicted,1
2017,12,JOR,m,convicted,1
2017,12,CAN,m,convicted,1
2017,12,KAZ,m,convicted,1
2017,12,KGZ,m,convicted,1
2017,12,KOR,m,convicted,1
2017,12,LBY,m,convicted,2
2017,12,LTU,m,convicted,10
2017,12,LVA,m,convicted,7
2017,12,MAR,m,convicted,1
2017,12,MDA,m,convicted,2
2017,12,DEU,m,convicted,17
2017,12,NGA,m,convicted,8
2017,12,PAK,m,convicted,2
2017,12,PSE,m,convicted,1
2017,12,PRT,m,convicted,2
2017,12,ZAF,m,convicted,2
2017,12,RUS,m,convicted,33
2017,12,ROU,m,convicted,34
2017,12,SEN,m,convicted,1
2017,12,SRB,m,convicted,4
2017,12,SVK,m,convicted,6
2017,12,USA,m,convicted,1
2017,12,SYR,m,convicted,2
2017,12,TUN,m,convicted,2
2017,12,TUR,m,convicted,5
2017,12,TKM,m,convicted,1
2017,12,UKR,m,convicted,91
2017,12,HUN,m,convicted,1
2017,12,GBR,m,convicted,2
2017,12,VNM,m,convicted,14
2017,12,ITA,m,convicted,3
2017,12,"",m,convicted,4
2017,12,"",m,convicted,3
2017,12,BLR,m,punished,2
2017,12,UKR,m,punished,20
2017,12,BLR,f,temporary,1
2017,12,BGR,f,temporary,3
2017,12,CZE,f,temporary,1
2017,12,LTU,f,temporary,1
2017,12,DEU,f,temporary,1
2017,12,ROU,f,temporary,3
2017,12,UKR,f,temporary,5
2017,12,VNM,f,temporary,2
2017,12,BGR,f,convicted,3
2017,12,CZE,f,convicted,1
2017,12,ROU,f,convicted,2
2017,12,UKR,f,convicted,5
2017,12,VEN,f,convicted,2
2017,12,"",f,convicted,2
2017,12,"",f,convicted,1
2017,12,UKR,f,punished,8
2018,1,DZA,m,temporary,4
2018,1,ARM,m,temporary,5
2018,1,AZE,m,temporary,1
2018,1,BGD,m,temporary,1
2018,1,BLR,m,temporary,8
2018,1,BGR,m,temporary,25
2018,1,CHN,m,temporary,20
2018,1,CZE,m,temporary,5
2018,1,DNK,m,temporary,1
2018,1,EGY,m,temporary,1
2018,1,EST,m,temporary,3
2018,1,FIN,m,temporary,1
2018,1,FRA,m,temporary,1
2018,1,GRC,m,temporary,1
2018,1,GEO,m,temporary,35
2018,1,ESP,m,temporary,1
2018,1,NLD,m,temporary,3
2018,1,IRN,m,temporary,1
2018,1,ISR,m,temporary,7
2018,1,KGZ,m,temporary,1
2018,1,LTU,m,temporary,10
2018,1,LVA,m,temporary,7
2018,1,MAR,m,temporary,2
2018,1,MEX,m,temporary,1
2018,1,MDA,m,temporary,9
2018,1,MNG,m,temporary,2
2018,1,DEU,m,temporary,15
2018,1,NGA,m,temporary,4
2018,1,NOR,m,temporary,1
2018,1,NZL,m,temporary,1
2018,1,PSE,m,temporary,1
2018,1,PRT,m,temporary,1
2018,1,RUS,m,temporary,33
2018,1,ROU,m,temporary,15
2018,1,SRB,m,temporary,2
2018,1,SVK,m,temporary,1
2018,1,SYR,m,temporary,1
2018,1,TWN,m,temporary,27
2018,1,TUN,m,temporary,1
2018,1,TUR,m,temporary,3
2018,1,UKR,m,temporary,138
2018,1,VEN,m,temporary,1
2018,1,HUN,m,temporary,1
2018,1,GBR,m,temporary,2
2018,1,VNM,m,temporary,38
2018,1,ITA,m,temporary,1
2018,1,"",m,temporary,3
2018,1,"",m,temporary,1
2018,1,ALB,m,convicted,2
2018,1,DZA,m,convicted,2
2018,1,ARM,m,convicted,16
2018,1,AUT,m,convicted,1
2018,1,AZE,m,convicted,2
2018,1,BLR,m,convicted,20
2018,1,BGR,m,convicted,27
2018,1,CHN,m,convicted,3
2018,1,HRV,m,convicted,2
2018,1,CZE,m,convicted,3
2018,1,DNK,m,convicted,1
2018,1,EGY,m,convicted,2
2018,1,ECU,m,convicted,1
2018,1,GRC,m,convicted,1
2018,1,GEO,m,convicted,13
2018,1,NLD,m,convicted,3
2018,1,ISR,m,convicted,1
2018,1,JOR,m,convicted,1
2018,1,CAN,m,convicted,1
2018,1,KAZ,m,convicted,1
2018,1,KGZ,m,convicted,1
2018,1,KOR,m,convicted,1
2018,1,LBY,m,convicted,1
2018,1,LTU,m,convicted,10
2018,1,LVA,m,convicted,7
2018,1,MAR,m,convicted,1
2018,1,MDA,m,convicted,2
2018,1,DEU,m,convicted,15
2018,1,NGA,m,convicted,8
2018,1,PAK,m,convicted,1
2018,1,PSE,m,convicted,1
2018,1,PRT,m,convicted,2
2018,1,ZAF,m,convicted,2
2018,1,RUS,m,convicted,33
2018,1,ROU,m,convicted,35
2018,1,SRB,m,convicted,4
2018,1,SVK,m,convicted,7
2018,1,USA,m,convicted,1
2018,1,SYR,m,convicted,2
2018,1,TUN,m,convicted,2
2018,1,TUR,m,convicted,6
2018,1,TKM,m,convicted,1
2018,1,UKR,m,convicted,92
2018,1,UZB,m,convicted,1
2018,1,HUN,m,convicted,1
2018,1,GBR,m,convicted,2
2018,1,VNM,m,convicted,16
2018,1,ITA,m,convicted,4
2018,1,"",m,convicted,4
2018,1,"",m,convicted,2
2018,1,BLR,m,punished,2
2018,1,LBY,m,punished,1
2018,1,RUS,m,punished,1
2018,1,ROU,m,punished,1
2018,1,UKR,m,punished,28
2018,1,BLR,f,temporary,2
2018,1,BGR,f,temporary,3
2018,1,CHN,f,temporary,3
2018,1,CZE,f,temporary,1
2018,1,LTU,f,temporary,1
2018,1,DEU,f,temporary,1
2018,1,ROU,f,temporary,1
2018,1,TWN,f,temporary,5
2018,1,UKR,f,temporary,3
2018,1,VNM,f,temporary,2
2018,1,BGR,f,convicted,3
2018,1,CZE,f,convicted,1
2018,1,ROU,f,convicted,2
2018,1,UKR,f,convicted,6
2018,1,VEN,f,convicted,2
2018,1,"",f,convicted,2
2018,1,"",f,convicted,1
2018,1,BLR,f,punished,1
2018,1,UKR,f,punished,8
2018,2,DZA,m,temporary,4
2018,2,ARM,m,temporary,3
2018,2,AZE,m,temporary,1
2018,2,BLR,m,temporary,17
2018,2,BGR,m,temporary,20
2018,2,CHN,m,temporary,18
2018,2,CZE,m,temporary,5
2018,2,DNK,m,temporary,1
2018,2,EGY,m,temporary,1
2018,2,EST,m,temporary,2
2018,2,FRA,m,temporary,1
2018,2,GRC,m,temporary,1
2018,2,GEO,m,temporary,36
2018,2,ESP,m,temporary,1
2018,2,NLD,m,temporary,2
2018,2,IRQ,m,temporary,1
2018,2,IRN,m,temporary,1
2018,2,ISR,m,temporary,9
2018,2,KGZ,m,temporary,1
2018,2,LTU,m,temporary,13
2018,2,LVA,m,temporary,7
2018,2,MAR,m,temporary,2
2018,2,MEX,m,temporary,1
2018,2,MDA,m,temporary,11
2018,2,MNG,m,temporary,2
2018,2,DEU,m,temporary,14
2018,2,NGA,m,temporary,4
2018,2,NOR,m,temporary,1
2018,2,NZL,m,temporary,1
2018,2,PSE,m,temporary,2
2018,2,PRY,m,temporary,1
2018,2,PRT,m,temporary,1
2018,2,RUS,m,temporary,35
2018,2,ROU,m,temporary,15
2018,2,SRB,m,temporary,2
2018,2,SVK,m,temporary,2
2018,2,SYR,m,temporary,1
2018,2,SWE,m,temporary,2
2018,2,TWN,m,temporary,27
2018,2,TUN,m,temporary,1
2018,2,TUR,m,temporary,4
2018,2,UKR,m,temporary,130
2018,2,VEN,m,temporary,1
2018,2,HUN,m,temporary,1
2018,2,VNM,m,temporary,40
2018,2,ITA,m,temporary,1
2018,2,"",m,temporary,3
2018,2,"",m,temporary,1
2018,2,ALB,m,convicted,2
2018,2,DZA,m,convicted,1
2018,2,ARM,m,convicted,18
2018,2,AUT,m,convicted,1
2018,2,AZE,m,convicted,2
2018,2,BLR,m,convicted,20
2018,2,BGR,m,convicted,27
2018,2,CHN,m,convicted,3
2018,2,HRV,m,convicted,2
2018,2,CZE,m,convicted,3
2018,2,DNK,m,convicted,1
2018,2,EGY,m,convicted,2
2018,2,ECU,m,convicted,1
2018,2,GRC,m,convicted,2
2018,2,GEO,m,convicted,14
2018,2,NLD,m,convicted,3
2018,2,ISR,m,convicted,1
2018,2,JOR,m,convicted,1
2018,2,CAN,m,convicted,1
2018,2,KAZ,m,convicted,1
2018,2,KGZ,m,convicted,1
2018,2,KOR,m,convicted,1
2018,2,LBY,m,convicted,1
2018,2,LTU,m,convicted,7
2018,2,LVA,m,convicted,7
2018,2,MAR,m,convicted,1
2018,2,MDA,m,convicted,3
2018,2,DEU,m,convicted,17
2018,2,NGA,m,convicted,8
2018,2,PAK,m,convicted,1
2018,2,PSE,m,convicted,1
2018,2,PRT,m,convicted,2
2018,2,ZAF,m,convicted,2
2018,2,RUS,m,convicted,33
2018,2,ROU,m,convicted,38
2018,2,SRB,m,convicted,4
2018,2,SVK,m,convicted,8
2018,2,USA,m,convicted,1
2018,2,SYR,m,convicted,2
2018,2,TUN,m,convicted,2
2018,2,TUR,m,convicted,5
2018,2,TKM,m,convicted,1
2018,2,UKR,m,convicted,90
2018,2,HUN,m,convicted,1
2018,2,GBR,m,convicted,2
2018,2,VNM,m,convicted,18
2018,2,ITA,m,convicted,4
2018,2,"",m,convicted,6
2018,2,"",m,convicted,3
2018,2,BLR,m,punished,5
2018,2,LBY,m,punished,1
2018,2,LTU,m,punished,1
2018,2,UKR,m,punished,22
2018,2,BLR,f,temporary,2
2018,2,BRA,f,temporary,1
2018,2,BGR,f,temporary,1
2018,2,CHN,f,temporary,3
2018,2,CZE,f,temporary,1
2018,2,LTU,f,temporary,1
2018,2,ROU,f,temporary,1
2018,2,TWN,f,temporary,5
2018,2,UKR,f,temporary,2
2018,2,VNM,f,temporary,2
2018,2,BGR,f,convicted,3
2018,2,IRQ,f,convicted,1
2018,2,DEU,f,convicted,2
2018,2,ROU,f,convicted,3
2018,2,UKR,f,convicted,5
2018,2,VEN,f,convicted,2
2018,2,"",f,convicted,2
2018,2,"",f,convicted,1
2018,2,UKR,f,punished,4
2018,3,ALB,m,temporary,1
2018,3,DZA,m,temporary,4
2018,3,ARM,m,temporary,3
2018,3,AZE,m,temporary,1
2018,3,BLR,m,temporary,13
2018,3,BGR,m,temporary,21
2018,3,CHN,m,temporary,18
2018,3,CZE,m,temporary,5
2018,3,DNK,m,temporary,1
2018,3,EST,m,temporary,2
2018,3,FRA,m,temporary,2
2018,3,GRC,m,temporary,1
2018,3,GEO,m,temporary,34
2018,3,ESP,m,temporary,1
2018,3,NLD,m,temporary,2
2018,3,IRQ,m,temporary,1
2018,3,ISR,m,temporary,9
2018,3,KAZ,m,temporary,1
2018,3,KGZ,m,temporary,1
2018,3,LTU,m,temporary,18
2018,3,LVA,m,temporary,8
2018,3,MAR,m,temporary,3
2018,3,MEX,m,temporary,1
2018,3,MDA,m,temporary,14
2018,3,MNG,m,temporary,1
2018,3,DEU,m,temporary,13
2018,3,NGA,m,temporary,4
2018,3,NOR,m,temporary,1
2018,3,NZL,m,temporary,1
2018,3,PSE,m,temporary,2
2018,3,PRY,m,temporary,1
2018,3,PRT,m,temporary,1
2018,3,RUS,m,temporary,37
2018,3,ROU,m,temporary,20
2018,3,SEN,m,temporary,1
2018,3,SRB,m,temporary,1
2018,3,SVK,m,temporary,3
2018,3,USA,m,temporary,1
2018,3,SYR,m,temporary,1
2018,3,TWN,m,temporary,27
2018,3,TUN,m,temporary,2
2018,3,TUR,m,temporary,3
2018,3,UKR,m,temporary,139
2018,3,VEN,m,temporary,1
2018,3,HUN,m,temporary,1
2018,3,GBR,m,temporary,1
2018,3,VNM,m,temporary,37
2018,3,ITA,m,temporary,2
2018,3,"",m,temporary,3
2018,3,"",m,temporary,2
2018,3,ALB,m,convicted,2
2018,3,DZA,m,convicted,2
2018,3,ARM,m,convicted,18
2018,3,AUT,m,convicted,1
2018,3,AZE,m,convicted,2
2018,3,BLR,m,convicted,22
2018,3,BGR,m,convicted,26
2018,3,CHN,m,convicted,3
2018,3,HRV,m,convicted,2
2018,3,CZE,m,convicted,3
2018,3,DNK,m,convicted,1
2018,3,EGY,m,convicted,2
2018,3,ECU,m,convicted,1
2018,3,GRC,m,convicted,2
2018,3,GEO,m,convicted,16
2018,3,NLD,m,convicted,4
2018,3,ISR,m,convicted,2
2018,3,JOR,m,convicted,1
2018,3,CAN,m,convicted,1
2018,3,KGZ,m,convicted,1
2018,3,KOR,m,convicted,1
2018,3,LBY,m,convicted,1
2018,3,LTU,m,convicted,6
2018,3,LVA,m,convicted,8
2018,3,MAR,m,convicted,1
2018,3,MDA,m,convicted,3
2018,3,MNG,m,convicted,1
2018,3,DEU,m,convicted,16
2018,3,NGA,m,convicted,8
2018,3,PAK,m,convicted,1
2018,3,PSE,m,convicted,1
2018,3,PER,m,convicted,1
2018,3,PRT,m,convicted,2
2018,3,ZAF,m,convicted,1
2018,3,RUS,m,convicted,35
2018,3,ROU,m,convicted,36
2018,3,SRB,m,convicted,5
2018,3,SVK,m,convicted,8
2018,3,USA,m,convicted,1
2018,3,SYR,m,convicted,2
2018,3,TUN,m,convicted,3
2018,3,TUR,m,convicted,7
2018,3,TKM,m,convicted,1
2018,3,UKR,m,convicted,96
2018,3,HUN,m,convicted,1
2018,3,GBR,m,convicted,2
2018,3,VNM,m,convicted,22
2018,3,ITA,m,convicted,6
2018,3,"",m,convicted,6
2018,3,"",m,convicted,3
2018,3,BLR,m,punished,5
2018,3,UKR,m,punished,19
2018,3,BLR,f,temporary,2
2018,3,BRA,f,temporary,1
2018,3,BGR,f,temporary,1
2018,3,CHN,f,temporary,3
2018,3,ESP,f,temporary,1
2018,3,LTU,f,temporary,1
2018,3,MDA,f,temporary,1
2018,3,ROU,f,temporary,4
2018,3,TWN,f,temporary,5
2018,3,UKR,f,temporary,3
2018,3,VNM,f,temporary,1
2018,3,BGR,f,convicted,3
2018,3,CZE,f,convicted,1
2018,3,DEU,f,convicted,2
2018,3,ROU,f,convicted,3
2018,3,UKR,f,convicted,5
2018,3,VEN,f,convicted,2
2018,3,"",f,convicted,2
2018,3,"",f,convicted,1
2018,3,BLR,f,punished,1
2018,3,UKR,f,punished,7
2018,4,ALB,m,temporary,1
2018,4,DZA,m,temporary,4
2018,4,ARM,m,temporary,4
2018,4,BEL,m,temporary,1
2018,4,BEN,m,temporary,1
2018,4,BLR,m,temporary,16
2018,4,BGR,m,temporary,21
2018,4,CHN,m,temporary,6
2018,4,CZE,m,temporary,4
2018,4,DNK,m,temporary,1
2018,4,EGY,m,temporary,1
2018,4,EST,m,temporary,2
2018,4,FRA,m,temporary,1
2018,4,GRC,m,temporary,1
2018,4,GEO,m,temporary,31
2018,4,NLD,m,temporary,4
2018,4,ISR,m,temporary,8
2018,4,KAZ,m,temporary,1
2018,4,KGZ,m,temporary,1
2018,4,LTU,m,temporary,19
2018,4,LVA,m,temporary,8
2018,4,MAR,m,temporary,3
2018,4,MEX,m,temporary,1
2018,4,MDA,m,temporary,16
2018,4,MNG,m,temporary,1
2018,4,DEU,m,temporary,13
2018,4,NGA,m,temporary,2
2018,4,NOR,m,temporary,1
2018,4,NZL,m,temporary,1
2018,4,PAK,m,temporary,1
2018,4,PSE,m,temporary,2
2018,4,PNG,m,temporary,1
2018,4,PRY,m,temporary,1
2018,4,PRT,m,temporary,1
2018,4,RUS,m,temporary,36
2018,4,ROU,m,temporary,22
2018,4,SEN,m,temporary,1
2018,4,SRB,m,temporary,4
2018,4,SVK,m,temporary,3
2018,4,USA,m,temporary,1
2018,4,SYR,m,temporary,1
2018,4,TWN,m,temporary,1
2018,4,TUN,m,temporary,2
2018,4,TUR,m,temporary,3
2018,4,UKR,m,temporary,153
2018,4,VEN,m,temporary,1
2018,4,HUN,m,temporary,1
2018,4,GBR,m,temporary,1
2018,4,VNM,m,temporary,38
2018,4,ITA,m,temporary,1
2018,4,"",m,temporary,3
2018,4,"",m,temporary,3
2018,4,ALB,m,convicted,2
2018,4,DZA,m,convicted,2
2018,4,ARM,m,convicted,17
2018,4,AUT,m,convicted,1
2018,4,AZE,m,convicted,2
2018,4,BLR,m,convicted,23
2018,4,BGR,m,convicted,27
2018,4,CHN,m,convicted,3
2018,4,HRV,m,convicted,2
2018,4,CZE,m,convicted,3
2018,4,DNK,m,convicted,1
2018,4,EGY,m,convicted,2
2018,4,GRC,m,convicted,2
2018,4,GEO,m,convicted,20
2018,4,NLD,m,convicted,3
2018,4,ISR,m,convicted,2
2018,4,JOR,m,convicted,1
2018,4,CAN,m,convicted,1
2018,4,KGZ,m,convicted,1
2018,4,KOR,m,convicted,1
2018,4,LBY,m,convicted,1
2018,4,LTU,m,convicted,4
2018,4,LVA,m,convicted,8
2018,4,MAR,m,convicted,1
2018,4,MDA,m,convicted,4
2018,4,MNG,m,convicted,1
2018,4,DEU,m,convicted,16
2018,4,NGA,m,convicted,8
2018,4,PAK,m,convicted,1
2018,4,PSE,m,convicted,1
2018,4,PER,m,convicted,1
2018,4,PRT,m,convicted,2
2018,4,ZAF,m,convicted,1
2018,4,RUS,m,convicted,37
2018,4,ROU,m,convicted,37
2018,4,SRB,m,convicted,5
2018,4,SVK,m,convicted,8
2018,4,USA,m,convicted,1
2018,4,SYR,m,convicted,2
2018,4,TUN,m,convicted,3
2018,4,TUR,m,convicted,7
2018,4,TKM,m,convicted,1
2018,4,UKR,m,convicted,102
2018,4,UZB,m,convicted,1
2018,4,HUN,m,convicted,1
2018,4,GBR,m,convicted,2
2018,4,VNM,m,convicted,21
2018,4,ITA,m,convicted,6
2018,4,"",m,convicted,4
2018,4,"",m,convicted,3
2018,4,DZA,m,punished,1
2018,4,BLR,m,punished,2
2018,4,MDA,m,punished,1
2018,4,DEU,m,punished,1
2018,4,RUS,m,punished,2
2018,4,UKR,m,punished,37
2018,4,"",m,punished,1
2018,4,BLR,f,temporary,2
2018,4,BRA,f,temporary,1
2018,4,BGR,f,temporary,3
2018,4,LTU,f,temporary,1
2018,4,MDA,f,temporary,1
2018,4,ROU,f,temporary,4
2018,4,UKR,f,temporary,4
2018,4,VNM,f,temporary,1
2018,4,BGR,f,convicted,3
2018,4,CZE,f,convicted,1
2018,4,DEU,f,convicted,2
2018,4,ROU,f,convicted,3
2018,4,UKR,f,convicted,7
2018,4,VEN,f,convicted,2
2018,4,"",f,convicted,1
2018,4,"",f,convicted,1
2018,4,ROU,f,punished,1
2018,4,UKR,f,punished,5
2018,5,ALB,m,temporary,1
2018,5,DZA,m,temporary,3
2018,5,ARM,m,temporary,4
2018,5,AZE,m,temporary,1
2018,5,BEL,m,temporary,1
2018,5,BEN,m,temporary,1
2018,5,BLR,m,temporary,16
2018,5,BGR,m,temporary,26
2018,5,CHN,m,temporary,5
2018,5,HRV,m,temporary,1
2018,5,CZE,m,temporary,5
2018,5,DNK,m,temporary,1
2018,5,EGY,m,temporary,1
2018,5,EST,m,temporary,1
2018,5,FRA,m,temporary,1
2018,5,GRC,m,temporary,1
2018,5,GEO,m,temporary,30
2018,5,ESP,m,temporary,3
2018,5,NLD,m,temporary,3
2018,5,ISR,m,temporary,7
2018,5,KAZ,m,temporary,1
2018,5,KGZ,m,temporary,1
2018,5,LTU,m,temporary,21
2018,5,LVA,m,temporary,6
2018,5,MAR,m,temporary,3
2018,5,MEX,m,temporary,1
2018,5,MDA,m,temporary,15
2018,5,MNG,m,temporary,1
2018,5,DEU,m,temporary,14
2018,5,NGA,m,temporary,2
2018,5,NZL,m,temporary,1
2018,5,PAK,m,temporary,1
2018,5,PSE,m,temporary,2
2018,5,PRT,m,temporary,1
2018,5,RUS,m,temporary,34
2018,5,ROU,m,temporary,19
2018,5,SEN,m,temporary,1
2018,5,SRB,m,temporary,4
2018,5,SVK,m,temporary,3
2018,5,USA,m,temporary,1
2018,5,SYR,m,temporary,1
2018,5,TWN,m,temporary,1
2018,5,TUN,m,temporary,2
2018,5,TUR,m,temporary,5
2018,5,UKR,m,temporary,157
2018,5,UZB,m,temporary,3
2018,5,VEN,m,temporary,1
2018,5,HUN,m,temporary,1
2018,5,GBR,m,temporary,1
2018,5,VNM,m,temporary,34
2018,5,"",m,temporary,2
2018,5,"",m,temporary,3
2018,5,ALB,m,convicted,2
2018,5,DZA,m,convicted,3
2018,5,ARM,m,convicted,17
2018,5,AUT,m,convicted,1
2018,5,AZE,m,convicted,2
2018,5,BLR,m,convicted,19
2018,5,BGR,m,convicted,26
2018,5,CHN,m,convicted,3
2018,5,HRV,m,convicted,2
2018,5,CZE,m,convicted,2
2018,5,DNK,m,convicted,1
2018,5,EGY,m,convicted,2
2018,5,GRC,m,convicted,1
2018,5,GEO,m,convicted,21
2018,5,NLD,m,convicted,3
2018,5,ISR,m,convicted,3
2018,5,JOR,m,convicted,1
2018,5,CAN,m,convicted,1
2018,5,KGZ,m,convicted,1
2018,5,KOR,m,convicted,1
2018,5,LBY,m,convicted,1
2018,5,LTU,m,convicted,4
2018,5,LVA,m,convicted,7
2018,5,MAR,m,convicted,1
2018,5,MDA,m,convicted,4
2018,5,MNG,m,convicted,1
2018,5,DEU,m,convicted,15
2018,5,NGA,m,convicted,7
2018,5,PAK,m,convicted,1
2018,5,PSE,m,convicted,1
2018,5,PER,m,convicted,1
2018,5,PRT,m,convicted,2
2018,5,ZAF,m,convicted,1
2018,5,RUS,m,convicted,37
2018,5,ROU,m,convicted,35
2018,5,SRB,m,convicted,5
2018,5,SVK,m,convicted,8
2018,5,SYR,m,convicted,2
2018,5,TUN,m,convicted,2
2018,5,TUR,m,convicted,6
2018,5,TKM,m,convicted,1
2018,5,UKR,m,convicted,115
2018,5,UZB,m,convicted,1
2018,5,HUN,m,convicted,1
2018,5,GBR,m,convicted,2
2018,5,VNM,m,convicted,25
2018,5,ITA,m,convicted,5
2018,5,"",m,convicted,5
2018,5,"",m,convicted,3
2018,5,BLR,m,punished,1
2018,5,DEU,m,punished,1
2018,5,RUS,m,punished,1
2018,5,ROU,m,punished,1
2018,5,UKR,m,punished,27
2018,5,BLR,f,temporary,3
2018,5,BRA,f,temporary,1
2018,5,BGR,f,temporary,4
2018,5,LTU,f,temporary,1
2018,5,MDA,f,temporary,1
2018,5,ROU,f,temporary,4
2018,5,UKR,f,temporary,4
2018,5,VNM,f,temporary,2
2018,5,"",f,temporary,1
2018,5,BGR,f,convicted,3
2018,5,CZE,f,convicted,1
2018,5,DEU,f,convicted,2
2018,5,ROU,f,convicted,3
2018,5,UKR,f,convicted,5
2018,5,VEN,f,convicted,2
2018,5,"",f,convicted,1
2018,5,"",f,convicted,1
2018,5,UKR,f,punished,2
2018,6,ALB,m,temporary,2
2018,6,DZA,m,temporary,2
2018,6,ARM,m,temporary,5
2018,6,AZE,m,temporary,1
2018,6,BEL,m,temporary,1
2018,6,BEN,m,temporary,1
2018,6,BLR,m,temporary,22
2018,6,BGR,m,temporary,23
2018,6,CHN,m,temporary,5
2018,6,HRV,m,temporary,1
2018,6,CZE,m,temporary,4
2018,6,DNK,m,temporary,1
2018,6,EGY,m,temporary,1
2018,6,EST,m,temporary,1
2018,6,FRA,m,temporary,1
2018,6,GRC,m,temporary,1
2018,6,GEO,m,temporary,32
2018,6,ESP,m,temporary,3
2018,6,NLD,m,temporary,3
2018,6,IRL,m,temporary,1
2018,6,ISR,m,temporary,7
2018,6,KAZ,m,temporary,1
2018,6,KGZ,m,temporary,1
2018,6,COG,m,temporary,1
2018,6,LTU,m,temporary,19
2018,6,LVA,m,temporary,5
2018,6,MLT,m,temporary,1
2018,6,MAR,m,temporary,3
2018,6,MEX,m,temporary,1
2018,6,MDA,m,temporary,16
2018,6,MNG,m,temporary,1
2018,6,DEU,m,temporary,16
2018,6,NGA,m,temporary,3
2018,6,NZL,m,temporary,1
2018,6,PAK,m,temporary,2
2018,6,PSE,m,temporary,2
2018,6,PRT,m,temporary,1
2018,6,RUS,m,temporary,30
2018,6,ROU,m,temporary,17
2018,6,SEN,m,temporary,1
2018,6,SRB,m,temporary,4
2018,6,SVK,m,temporary,2
2018,6,USA,m,temporary,1
2018,6,SYR,m,temporary,1
2018,6,TWN,m,temporary,1
2018,6,TUN,m,temporary,2
2018,6,TUR,m,temporary,5
2018,6,UKR,m,temporary,164
2018,6,VEN,m,temporary,1
2018,6,HUN,m,temporary,2
2018,6,GBR,m,temporary,1
2018,6,VNM,m,temporary,38
2018,6,ITA,m,temporary,1
2018,6,"",m,temporary,2
2018,6,"",m,temporary,2
2018,6,ALB,m,convicted,2
2018,6,DZA,m,convicted,4
2018,6,ARM,m,convicted,18
2018,6,AUT,m,convicted,1
2018,6,AZE,m,convicted,2
2018,6,BLR,m,convicted,18
2018,6,BGR,m,convicted,27
2018,6,CHN,m,convicted,3
2018,6,HRV,m,convicted,2
2018,6,CZE,m,convicted,3
2018,6,DNK,m,convicted,1
2018,6,EGY,m,convicted,2
2018,6,GRC,m,convicted,1
2018,6,GEO,m,convicted,20
2018,6,NLD,m,convicted,3
2018,6,ISR,m,convicted,3
2018,6,JOR,m,convicted,1
2018,6,CAN,m,convicted,1
2018,6,KGZ,m,convicted,1
2018,6,KOR,m,convicted,1
2018,6,LBY,m,convicted,1
2018,6,LTU,m,convicted,4
2018,6,LVA,m,convicted,6
2018,6,MKD,m,convicted,1
2018,6,MAR,m,convicted,1
2018,6,MDA,m,convicted,4
2018,6,MNG,m,convicted,2
2018,6,DEU,m,convicted,14
2018,6,NGA,m,convicted,7
2018,6,PAK,m,convicted,1
2018,6,PSE,m,convicted,1
2018,6,PER,m,convicted,1
2018,6,PRT,m,convicted,2
2018,6,ZAF,m,convicted,1
2018,6,RUS,m,convicted,39
2018,6,ROU,m,convicted,38
2018,6,SRB,m,convicted,6
2018,6,SVK,m,convicted,8
2018,6,SYR,m,convicted,2
2018,6,TUN,m,convicted,2
2018,6,TUR,m,convicted,7
2018,6,TKM,m,convicted,1
2018,6,UKR,m,convicted,121
2018,6,UZB,m,convicted,1
2018,6,HUN,m,convicted,2
2018,6,GBR,m,convicted,1
2018,6,VNM,m,convicted,24
2018,6,ITA,m,convicted,5
2018,6,"",m,convicted,5
2018,6,"",m,convicted,3
2018,6,BLR,m,punished,2
2018,6,RUS,m,punished,2
2018,6,UKR,m,punished,18
2018,6,ALB,f,temporary,1
2018,6,BLR,f,temporary,3
2018,6,BRA,f,temporary,1
2018,6,BGR,f,temporary,2
2018,6,LTU,f,temporary,1
2018,6,MDA,f,temporary,1
2018,6,ROU,f,temporary,2
2018,6,UKR,f,temporary,3
2018,6,VNM,f,temporary,2
2018,6,ITA,f,temporary,1
2018,6,"",f,temporary,1
2018,6,BGR,f,convicted,3
2018,6,CZE,f,convicted,1
2018,6,DEU,f,convicted,2
2018,6,ROU,f,convicted,3
2018,6,UKR,f,convicted,7
2018,6,VEN,f,convicted,2
2018,6,BGR,f,punished,1
2018,6,UKR,f,punished,3
2018,7,ALB,m,temporary,2
2018,7,DZA,m,temporary,2
2018,7,ARM,m,temporary,4
2018,7,AZE,m,temporary,1
2018,7,BEL,m,temporary,1
2018,7,BEN,m,temporary,1
2018,7,BLR,m,temporary,21
2018,7,BGR,m,temporary,16
2018,7,CHN,m,temporary,3
2018,7,HRV,m,temporary,2
2018,7,CZE,m,temporary,5
2018,7,DNK,m,temporary,1
2018,7,EGY,m,temporary,1
2018,7,EST,m,temporary,1
2018,7,FRA,m,temporary,1
2018,7,GRC,m,temporary,1
2018,7,GEO,m,temporary,36
2018,7,ESP,m,temporary,3
2018,7,NLD,m,temporary,3
2018,7,IND,m,temporary,3
2018,7,IRL,m,temporary,1
2018,7,ISR,m,temporary,7
2018,7,KAZ,m,temporary,1
2018,7,KGZ,m,temporary,1
2018,7,COG,m,temporary,1
2018,7,LTU,m,temporary,20
2018,7,LVA,m,temporary,6
2018,7,MLT,m,temporary,1
2018,7,MAR,m,temporary,3
2018,7,MEX,m,temporary,1
2018,7,MDA,m,temporary,15
2018,7,MNG,m,temporary,1
2018,7,DEU,m,temporary,16
2018,7,NGA,m,temporary,3
2018,7,NZL,m,temporary,1
2018,7,PAK,m,temporary,2
2018,7,PSE,m,temporary,1
2018,7,PRT,m,temporary,1
2018,7,RUS,m,temporary,27
2018,7,ROU,m,temporary,16
2018,7,SRB,m,temporary,4
2018,7,SVK,m,temporary,2
2018,7,USA,m,temporary,1
2018,7,TWN,m,temporary,1
2018,7,TUN,m,temporary,1
2018,7,TUR,m,temporary,4
2018,7,UKR,m,temporary,167
2018,7,VEN,m,temporary,1
2018,7,HUN,m,temporary,2
2018,7,GBR,m,temporary,2
2018,7,VNM,m,temporary,32
2018,7,ITA,m,temporary,1
2018,7,"",m,temporary,2
2018,7,"",m,temporary,2
2018,7,ALB,m,convicted,1
2018,7,DZA,m,convicted,4
2018,7,ARM,m,convicted,17
2018,7,AUT,m,convicted,1
2018,7,AZE,m,convicted,2
2018,7,BLR,m,convicted,18
2018,7,BGR,m,convicted,28
2018,7,CHN,m,convicted,3
2018,7,HRV,m,convicted,2
2018,7,CZE,m,convicted,4
2018,7,DNK,m,convicted,1
2018,7,EGY,m,convicted,3
2018,7,EST,m,convicted,1
2018,7,GRC,m,convicted,1
2018,7,GEO,m,convicted,21
2018,7,NLD,m,convicted,3
2018,7,ISR,m,convicted,2
2018,7,CAN,m,convicted,1
2018,7,KOR,m,convicted,1
2018,7,LBY,m,convicted,1
2018,7,LTU,m,convicted,7
2018,7,LVA,m,convicted,6
2018,7,MKD,m,convicted,1
2018,7,MAR,m,convicted,2
2018,7,MDA,m,convicted,5
2018,7,MNG,m,convicted,2
2018,7,DEU,m,convicted,16
2018,7,NGA,m,convicted,7
2018,7,PAK,m,convicted,1
2018,7,PSE,m,convicted,2
2018,7,PER,m,convicted,1
2018,7,PRT,m,convicted,2
2018,7,ZAF,m,convicted,1
2018,7,RUS,m,convicted,36
2018,7,ROU,m,convicted,39
2018,7,SRB,m,convicted,6
2018,7,SVK,m,convicted,7
2018,7,USA,m,convicted,1
2018,7,SYR,m,convicted,2
2018,7,TUN,m,convicted,2
2018,7,TUR,m,convicted,7
2018,7,TKM,m,convicted,1
2018,7,UKR,m,convicted,127
2018,7,HUN,m,convicted,2
2018,7,GBR,m,convicted,1
2018,7,VNM,m,convicted,30
2018,7,ITA,m,convicted,5
2018,7,"",m,convicted,5
2018,7,"",m,convicted,3
2018,7,BLR,m,punished,1
2018,7,RUS,m,punished,2
2018,7,UKR,m,punished,19
2018,7,ALB,f,temporary,1
2018,7,BLR,f,temporary,3
2018,7,BRA,f,temporary,1
2018,7,BGR,f,temporary,1
2018,7,CHN,f,temporary,1
2018,7,COG,f,temporary,1
2018,7,LTU,f,temporary,3
2018,7,MDA,f,temporary,2
2018,7,ROU,f,temporary,1
2018,7,UKR,f,temporary,5
2018,7,VNM,f,temporary,2
2018,7,ITA,f,temporary,1
2018,7,"",f,temporary,1
2018,7,BGR,f,convicted,4
2018,7,CZE,f,convicted,1
2018,7,DEU,f,convicted,2
2018,7,ROU,f,convicted,4
2018,7,UKR,f,convicted,7
2018,7,VEN,f,convicted,2
2018,7,"",f,convicted,1
2018,7,"",f,convicted,1
2018,7,UKR,f,punished,6
2018,8,ALB,m,temporary,2
2018,8,DZA,m,temporary,2
2018,8,ARM,m,temporary,4
2018,8,AUT,m,temporary,1
2018,8,AZE,m,temporary,1
2018,8,BEL,m,temporary,1
2018,8,BEN,m,temporary,1
2018,8,BLR,m,temporary,17
2018,8,BGR,m,temporary,17
2018,8,CHN,m,temporary,3
2018,8,HRV,m,temporary,1
2018,8,CZE,m,temporary,5
2018,8,DNK,m,temporary,1
2018,8,EGY,m,temporary,1
2018,8,EST,m,temporary,1
2018,8,FRA,m,temporary,1
2018,8,GRC,m,temporary,1
2018,8,GEO,m,temporary,31
2018,8,ESP,m,temporary,2
2018,8,NLD,m,temporary,2
2018,8,IND,m,temporary,3
2018,8,IRL,m,temporary,1
2018,8,ISR,m,temporary,5
2018,8,KAZ,m,temporary,1
2018,8,KGZ,m,temporary,1
2018,8,COG,m,temporary,1
2018,8,LTU,m,temporary,16
2018,8,LVA,m,temporary,5
2018,8,MLT,m,temporary,1
2018,8,MAR,m,temporary,4
2018,8,MEX,m,temporary,1
2018,8,MDA,m,temporary,13
2018,8,MNG,m,temporary,1
2018,8,NPL,m,temporary,1
2018,8,DEU,m,temporary,15
2018,8,NGA,m,temporary,3
2018,8,NZL,m,temporary,1
2018,8,PAK,m,temporary,3
2018,8,PSE,m,temporary,1
2018,8,PRT,m,temporary,1
2018,8,RUS,m,temporary,26
2018,8,ROU,m,temporary,16
2018,8,SRB,m,temporary,4
2018,8,SVK,m,temporary,2
2018,8,USA,m,temporary,1
2018,8,TWN,m,temporary,1
2018,8,TZA,m,temporary,1
2018,8,TUN,m,temporary,1
2018,8,TUR,m,temporary,6
2018,8,UKR,m,temporary,167
2018,8,VEN,m,temporary,1
2018,8,HUN,m,temporary,2
2018,8,GBR,m,temporary,2
2018,8,VNM,m,temporary,29
2018,8,ITA,m,temporary,1
2018,8,"",m,temporary,2
2018,8,"",m,temporary,2
2018,8,ALB,m,convicted,1
2018,8,DZA,m,convicted,4
2018,8,ARM,m,convicted,16
2018,8,AUT,m,convicted,1
2018,8,AZE,m,convicted,2
2018,8,BLR,m,convicted,17
2018,8,BGR,m,convicted,29
2018,8,CHN,m,convicted,3
2018,8,HRV,m,convicted,2
2018,8,CZE,m,convicted,5
2018,8,DNK,m,convicted,1
2018,8,EGY,m,convicted,3
2018,8,GRC,m,convicted,1
2018,8,GEO,m,convicted,22
2018,8,NLD,m,convicted,3
2018,8,ISR,m,convicted,2
2018,8,CAN,m,convicted,1
2018,8,KOR,m,convicted,1
2018,8,LBY,m,convicted,1
2018,8,LTU,m,convicted,9
2018,8,LVA,m,convicted,5
2018,8,MKD,m,convicted,1
2018,8,MAR,m,convicted,2
2018,8,MDA,m,convicted,6
2018,8,MNG,m,convicted,2
2018,8,DEU,m,convicted,16
2018,8,NGA,m,convicted,7
2018,8,PAK,m,convicted,1
2018,8,PSE,m,convicted,2
2018,8,PER,m,convicted,1
2018,8,PRT,m,convicted,2
2018,8,ZAF,m,convicted,1
2018,8,RUS,m,convicted,38
2018,8,ROU,m,convicted,36
2018,8,SRB,m,convicted,7
2018,8,SVK,m,convicted,7
2018,8,USA,m,convicted,1
2018,8,SYR,m,convicted,2
2018,8,TUN,m,convicted,2
2018,8,TUR,m,convicted,7
2018,8,TKM,m,convicted,1
2018,8,UKR,m,convicted,127
2018,8,HUN,m,convicted,2
2018,8,GBR,m,convicted,1
2018,8,VNM,m,convicted,30
2018,8,ITA,m,convicted,6
2018,8,"",m,convicted,5
2018,8,"",m,convicted,2
2018,8,BGR,m,punished,1
2018,8,LTU,m,punished,2
2018,8,DEU,m,punished,2
2018,8,UKR,m,punished,18
2018,8,"",m,punished,1
2018,8,ALB,f,temporary,1
2018,8,BLR,f,temporary,4
2018,8,BRA,f,temporary,1
2018,8,BGR,f,temporary,3
2018,8,CHN,f,temporary,1
2018,8,IND,f,temporary,1
2018,8,COG,f,temporary,1
2018,8,LTU,f,temporary,4
2018,8,MDA,f,temporary,2
2018,8,NOR,f,temporary,1
2018,8,UKR,f,temporary,4
2018,8,VNM,f,temporary,1
2018,8,ITA,f,temporary,1
2018,8,"",f,temporary,1
2018,8,BGR,f,convicted,4
2018,8,CZE,f,convicted,1
2018,8,LTU,f,convicted,1
2018,8,DEU,f,convicted,3
2018,8,ROU,f,convicted,5
2018,8,UKR,f,convicted,8
2018,8,VEN,f,convicted,2
2018,8,VNM,f,convicted,1
2018,8,ITA,f,convicted,9
2018,8,"",f,convicted,1
2018,8,UKR,f,punished,1
2018,9,ALB,m,temporary,2
2018,9,DZA,m,temporary,3
2018,9,ARM,m,temporary,8
2018,9,AUT,m,temporary,1
2018,9,AZE,m,temporary,1
2018,9,BEL,m,temporary,1
2018,9,BEN,m,temporary,1
2018,9,BLR,m,temporary,21
2018,9,BGR,m,temporary,15
2018,9,CHN,m,temporary,3
2018,9,HRV,m,temporary,1
2018,9,CZE,m,temporary,3
2018,9,DNK,m,temporary,1
2018,9,EGY,m,temporary,1
2018,9,EST,m,temporary,1
2018,9,FRA,m,temporary,1
2018,9,GRC,m,temporary,1
2018,9,GEO,m,temporary,34
2018,9,ESP,m,temporary,2
2018,9,NLD,m,temporary,2
2018,9,IND,m,temporary,4
2018,9,IRQ,m,temporary,1
2018,9,IRL,m,temporary,1
2018,9,ISR,m,temporary,5
2018,9,KAZ,m,temporary,1
2018,9,KGZ,m,temporary,1
2018,9,COG,m,temporary,1
2018,9,LBY,m,temporary,1
2018,9,LTU,m,temporary,20
2018,9,LVA,m,temporary,6
2018,9,MLT,m,temporary,1
2018,9,MAR,m,temporary,5
2018,9,MEX,m,temporary,1
2018,9,MDA,m,temporary,14
2018,9,MNG,m,temporary,1
2018,9,NPL,m,temporary,1
2018,9,DEU,m,temporary,16
2018,9,NGA,m,temporary,3
2018,9,NZL,m,temporary,1
2018,9,PAK,m,temporary,3
2018,9,PSE,m,temporary,1
2018,9,PRT,m,temporary,1
2018,9,RUS,m,temporary,27
2018,9,ROU,m,temporary,14
2018,9,SRB,m,temporary,4
2018,9,SVK,m,temporary,2
2018,9,USA,m,temporary,1
2018,9,TWN,m,temporary,1
2018,9,TZA,m,temporary,1
2018,9,TUN,m,temporary,1
2018,9,TUR,m,temporary,6
2018,9,UKR,m,temporary,169
2018,9,VEN,m,temporary,1
2018,9,HUN,m,temporary,1
2018,9,GBR,m,temporary,2
2018,9,VNM,m,temporary,29
2018,9,ITA,m,temporary,5
2018,9,"",m,temporary,2
2018,9,"",m,temporary,3
2018,9,ALB,m,convicted,1
2018,9,DZA,m,convicted,2
2018,9,ARM,m,convicted,18
2018,9,AUT,m,convicted,1
2018,9,AZE,m,convicted,2
2018,9,BLR,m,convicted,16
2018,9,BGR,m,convicted,27
2018,9,CHN,m,convicted,3
2018,9,HRV,m,convicted,2
2018,9,CZE,m,convicted,6
2018,9,DNK,m,convicted,1
2018,9,EGY,m,convicted,3
2018,9,EST,m,convicted,1
2018,9,GRC,m,convicted,1
2018,9,GEO,m,convicted,22
2018,9,NLD,m,convicted,3
2018,9,ISR,m,convicted,2
2018,9,JAM,m,convicted,1
2018,9,CAN,m,convicted,1
2018,9,COG,m,convicted,1
2018,9,KOR,m,convicted,1
2018,9,LBY,m,convicted,1
2018,9,LTU,m,convicted,11
2018,9,LVA,m,convicted,5
2018,9,MKD,m,convicted,1
2018,9,MAR,m,convicted,3
2018,9,MDA,m,convicted,7
2018,9,MNG,m,convicted,2
2018,9,DEU,m,convicted,20
2018,9,NGA,m,convicted,7
2018,9,PAK,m,convicted,1
2018,9,PSE,m,convicted,2
2018,9,PER,m,convicted,1
2018,9,PRT,m,convicted,2
2018,9,ZAF,m,convicted,1
2018,9,RUS,m,convicted,41
2018,9,ROU,m,convicted,38
2018,9,SRB,m,convicted,7
2018,9,SVK,m,convicted,7
2018,9,SYR,m,convicted,2
2018,9,TZA,m,convicted,1
2018,9,TUN,m,convicted,2
2018,9,TUR,m,convicted,7
2018,9,TKM,m,convicted,1
2018,9,UKR,m,convicted,132
2018,9,HUN,m,convicted,2
2018,9,VNM,m,convicted,30
2018,9,ITA,m,convicted,8
2018,9,"",m,convicted,5
2018,9,"",m,convicted,3
2018,9,LTU,m,punished,1
2018,9,UKR,m,punished,27
2018,9,ALB,f,temporary,1
2018,9,BLR,f,temporary,4
2018,9,BRA,f,temporary,1
2018,9,BGR,f,temporary,4
2018,9,CHN,f,temporary,1
2018,9,COG,f,temporary,1
2018,9,LTU,f,temporary,1
2018,9,MDA,f,temporary,2
2018,9,RUS,f,temporary,1
2018,9,UKR,f,temporary,4
2018,9,VNM,f,temporary,1
2018,9,ITA,f,temporary,2
2018,9,ARM,f,convicted,1
2018,9,BGR,f,convicted,3
2018,9,CZE,f,convicted,1
2018,9,LTU,f,convicted,1
2018,9,DEU,f,convicted,2
2018,9,ROU,f,convicted,4
2018,9,UKR,f,convicted,9
2018,9,VEN,f,convicted,2
2018,9,VNM,f,convicted,2
2018,9,"",f,convicted,1
2018,9,"",f,convicted,1
2018,10,ALB,m,temporary,3
2018,10,DZA,m,temporary,3
2018,10,ARM,m,temporary,8
2018,10,AUT,m,temporary,1
2018,10,BEL,m,temporary,1
2018,10,BEN,m,temporary,1
2018,10,BLR,m,temporary,20
2018,10,BGR,m,temporary,12
2018,10,CHN,m,temporary,1
2018,10,HRV,m,temporary,1
2018,10,CZE,m,temporary,2
2018,10,DNK,m,temporary,1
2018,10,EGY,m,temporary,1
2018,10,EST,m,temporary,1
2018,10,FRA,m,temporary,1
2018,10,GRC,m,temporary,1
2018,10,GEO,m,temporary,42
2018,10,ESP,m,temporary,2
2018,10,NLD,m,temporary,3
2018,10,IND,m,temporary,3
2018,10,ISR,m,temporary,4
2018,10,KAZ,m,temporary,1
2018,10,KGZ,m,temporary,1
2018,10,COG,m,temporary,1
2018,10,LBY,m,temporary,2
2018,10,LTU,m,temporary,17
2018,10,LVA,m,temporary,8
2018,10,MLT,m,temporary,1
2018,10,MAR,m,temporary,5
2018,10,MDA,m,temporary,16
2018,10,MNG,m,temporary,1
2018,10,NPL,m,temporary,1
2018,10,DEU,m,temporary,17
2018,10,NGA,m,temporary,3
2018,10,NZL,m,temporary,1
2018,10,PAK,m,temporary,3
2018,10,PRY,m,temporary,1
2018,10,PRT,m,temporary,1
2018,10,RUS,m,temporary,26
2018,10,ROU,m,temporary,13
2018,10,SRB,m,temporary,4
2018,10,SVK,m,temporary,3
2018,10,USA,m,temporary,2
2018,10,TWN,m,temporary,1
2018,10,TZA,m,temporary,1
2018,10,TUN,m,temporary,1
2018,10,TUR,m,temporary,5
2018,10,UKR,m,temporary,181
2018,10,VEN,m,temporary,1
2018,10,HUN,m,temporary,1
2018,10,GBR,m,temporary,1
2018,10,VNM,m,temporary,28
2018,10,ITA,m,temporary,2
2018,10,"",m,temporary,2
2018,10,ALB,m,convicted,1
2018,10,DZA,m,convicted,2
2018,10,ARM,m,convicted,18
2018,10,AUT,m,convicted,1
2018,10,AZE,m,convicted,2
2018,10,BLR,m,convicted,16
2018,10,BGR,m,convicted,25
2018,10,CHN,m,convicted,3
2018,10,HRV,m,convicted,1
2018,10,MNE,m,convicted,1
2018,10,CZE,m,convicted,6
2018,10,DNK,m,convicted,1
2018,10,EGY,m,convicted,3
2018,10,EST,m,convicted,2
2018,10,GRC,m,convicted,1
2018,10,GEO,m,convicted,19
2018,10,NLD,m,convicted,3
2018,10,ISR,m,convicted,2
2018,10,COL,m,convicted,1
2018,10,COG,m,convicted,1
2018,10,KOR,m,convicted,1
2018,10,LBN,m,convicted,1
2018,10,LTU,m,convicted,10
2018,10,LVA,m,convicted,6
2018,10,MKD,m,convicted,1
2018,10,MAR,m,convicted,1
2018,10,MDA,m,convicted,9
2018,10,MNG,m,convicted,2
2018,10,DEU,m,convicted,17
2018,10,NGA,m,convicted,6
2018,10,PAK,m,convicted,1
2018,10,PSE,m,convicted,2
2018,10,PER,m,convicted,1
2018,10,PRT,m,convicted,2
2018,10,ZAF,m,convicted,1
2018,10,RUS,m,convicted,39
2018,10,ROU,m,convicted,39
2018,10,SRB,m,convicted,9
2018,10,SVK,m,convicted,7
2018,10,SYR,m,convicted,2
2018,10,TZA,m,convicted,1
2018,10,TUN,m,convicted,2
2018,10,TUR,m,convicted,6
2018,10,TKM,m,convicted,1
2018,10,UKR,m,convicted,148
2018,10,HUN,m,convicted,2
2018,10,GBR,m,convicted,1
2018,10,VNM,m,convicted,29
2018,10,ITA,m,convicted,7
2018,10,"",m,convicted,5
2018,10,"",m,convicted,5
2018,10,LTU,m,punished,1
2018,10,DEU,m,punished,1
2018,10,RUS,m,punished,1
2018,10,UKR,m,punished,23
2018,10,BLR,f,temporary,5
2018,10,BRA,f,temporary,1
2018,10,BGR,f,temporary,3
2018,10,CZE,f,temporary,2
2018,10,COG,f,temporary,1
2018,10,LTU,f,temporary,1
2018,10,MDA,f,temporary,2
2018,10,RUS,f,temporary,1
2018,10,UKR,f,temporary,4
2018,10,VNM,f,temporary,1
2018,10,ITA,f,temporary,2
2018,10,ARM,f,convicted,1
2018,10,BGR,f,convicted,4
2018,10,CZE,f,convicted,1
2018,10,LTU,f,convicted,1
2018,10,DEU,f,convicted,2
2018,10,ROU,f,convicted,6
2018,10,UKR,f,convicted,8
2018,10,VEN,f,convicted,2
2018,10,VNM,f,convicted,3
2018,10,"",f,convicted,1
2018,10,"",f,convicted,1
2018,10,BLR,f,punished,2
2018,10,RUS,f,punished,1
2018,10,UKR,f,punished,5
2018,10,"",f,punished,1
2018,11,ALB,m,temporary,3
2018,11,DZA,m,temporary,4
2018,11,ARM,m,temporary,8
2018,11,AUT,m,temporary,1
2018,11,BEL,m,temporary,1
2018,11,BEN,m,temporary,1
2018,11,BLR,m,temporary,17
2018,11,BGR,m,temporary,17
2018,11,CHN,m,temporary,1
2018,11,HRV,m,temporary,1
2018,11,CZE,m,temporary,4
2018,11,DNK,m,temporary,1
2018,11,EGY,m,temporary,2
2018,11,EST,m,temporary,1
2018,11,FRA,m,temporary,1
2018,11,GRC,m,temporary,1
2018,11,GEO,m,temporary,46
2018,11,ESP,m,temporary,3
2018,11,NLD,m,temporary,3
2018,11,IND,m,temporary,4
2018,11,ISR,m,temporary,4
2018,11,KAZ,m,temporary,1
2018,11,KGZ,m,temporary,1
2018,11,LBY,m,temporary,2
2018,11,LTU,m,temporary,19
2018,11,LVA,m,temporary,7
2018,11,MLT,m,temporary,1
2018,11,MAR,m,temporary,5
2018,11,MDA,m,temporary,20
2018,11,MNG,m,temporary,1
2018,11,NPL,m,temporary,1
2018,11,DEU,m,temporary,19
2018,11,NGA,m,temporary,1
2018,11,PAK,m,temporary,3
2018,11,PRY,m,temporary,2
2018,11,PRT,m,temporary,1
2018,11,RUS,m,temporary,32
2018,11,ROU,m,temporary,9
2018,11,SRB,m,temporary,4
2018,11,SVK,m,temporary,3
2018,11,USA,m,temporary,2
2018,11,TWN,m,temporary,1
2018,11,TZA,m,temporary,1
2018,11,TUN,m,temporary,1
2018,11,TUR,m,temporary,3
2018,11,UKR,m,temporary,181
2018,11,URY,m,temporary,1
2018,11,VEN,m,temporary,1
2018,11,HUN,m,temporary,2
2018,11,GBR,m,temporary,1
2018,11,VNM,m,temporary,31
2018,11,ITA,m,temporary,2
2018,11,"",m,temporary,2
2018,11,ALB,m,convicted,1
2018,11,DZA,m,convicted,2
2018,11,ARM,m,convicted,17
2018,11,AUT,m,convicted,1
2018,11,AZE,m,convicted,2
2018,11,BLR,m,convicted,15
2018,11,BGR,m,convicted,26
2018,11,CHN,m,convicted,3
2018,11,HRV,m,convicted,1
2018,11,MNE,m,convicted,1
2018,11,CZE,m,convicted,7
2018,11,DNK,m,convicted,1
2018,11,EGY,m,convicted,3
2018,11,EST,m,convicted,1
2018,11,FRA,m,convicted,2
2018,11,GRC,m,convicted,1
2018,11,GEO,m,convicted,18
2018,11,NLD,m,convicted,3
2018,11,ISR,m,convicted,2
2018,11,KEN,m,convicted,1
2018,11,COL,m,convicted,1
2018,11,COG,m,convicted,1
2018,11,KOR,m,convicted,1
2018,11,LBN,m,convicted,1
2018,11,LTU,m,convicted,12
2018,11,LVA,m,convicted,6
2018,11,MKD,m,convicted,1
2018,11,MAR,m,convicted,1
2018,11,MDA,m,convicted,8
2018,11,MNG,m,convicted,2
2018,11,DEU,m,convicted,17
2018,11,NGA,m,convicted,7
2018,11,PAK,m,convicted,1
2018,11,PSE,m,convicted,2
2018,11,PER,m,convicted,1
2018,11,PRT,m,convicted,2
2018,11,ZAF,m,convicted,1
2018,11,RUS,m,convicted,34
2018,11,ROU,m,convicted,40
2018,11,SRB,m,convicted,8
2018,11,SVK,m,convicted,8
2018,11,SYR,m,convicted,2
2018,11,TZA,m,convicted,1
2018,11,TUN,m,convicted,2
2018,11,TUR,m,convicted,6
2018,11,TKM,m,convicted,1
2018,11,UKR,m,convicted,148
2018,11,HUN,m,convicted,2
2018,11,GBR,m,convicted,2
2018,11,VNM,m,convicted,27
2018,11,ITA,m,convicted,7
2018,11,"",m,convicted,5
2018,11,"",m,convicted,5
2018,11,LTU,m,punished,1
2018,11,RUS,m,punished,2
2018,11,UKR,m,punished,23
2018,11,BLR,f,temporary,5
2018,11,BRA,f,temporary,1
2018,11,BGR,f,temporary,3
2018,11,CZE,f,temporary,2
2018,11,COG,f,temporary,1
2018,11,LTU,f,temporary,1
2018,11,MDA,f,temporary,2
2018,11,RUS,f,temporary,1
2018,11,UKR,f,temporary,4
2018,11,VNM,f,temporary,1
2018,11,ITA,f,temporary,2
2018,11,ARM,f,convicted,1
2018,11,BLR,f,convicted,1
2018,11,BGR,f,convicted,4
2018,11,CZE,f,convicted,1
2018,11,LTU,f,convicted,1
2018,11,DEU,f,convicted,2
2018,11,ROU,f,convicted,7
2018,11,UKR,f,convicted,9
2018,11,VEN,f,convicted,2
2018,11,VNM,f,convicted,3
2018,11,"",f,convicted,1
2018,11,"",f,convicted,11
2018,11,BLR,f,punished,1
2018,11,UKR,f,punished,3
2018,11,"",f,punished,1
2018,12,ALB,m,temporary,3
2018,12,DZA,m,temporary,3
2018,12,ARM,m,temporary,9
2018,12,BEL,m,temporary,2
2018,12,BEN,m,temporary,1
2018,12,BLR,m,temporary,17
2018,12,BGR,m,temporary,13
2018,12,HRV,m,temporary,1
2018,12,MNE,m,temporary,1
2018,12,CZE,m,temporary,2
2018,12,DNK,m,temporary,1
2018,12,EGY,m,temporary,1
2018,12,EST,m,temporary,2
2018,12,ETH,m,temporary,1
2018,12,FRA,m,temporary,1
2018,12,GRC,m,temporary,1
2018,12,GEO,m,temporary,42
2018,12,ESP,m,temporary,3
2018,12,NLD,m,temporary,2
2018,12,IND,m,temporary,4
2018,12,ISR,m,temporary,3
2018,12,CMR,m,temporary,1
2018,12,KAZ,m,temporary,1
2018,12,KGZ,m,temporary,1
2018,12,KOR,m,temporary,1
2018,12,LTU,m,temporary,16
2018,12,LVA,m,temporary,6
2018,12,MKD,m,temporary,1
2018,12,MLT,m,temporary,1
2018,12,MAR,m,temporary,5
2018,12,MDA,m,temporary,20
2018,12,MNG,m,temporary,1
2018,12,NPL,m,temporary,1
2018,12,DEU,m,temporary,21
2018,12,NGA,m,temporary,1
2018,12,PAK,m,temporary,2
2018,12,PRY,m,temporary,2
2018,12,PRT,m,temporary,1
2018,12,RUS,m,temporary,32
2018,12,ROU,m,temporary,9
2018,12,SRB,m,temporary,4
2018,12,SVK,m,temporary,3
2018,12,USA,m,temporary,1
2018,12,TJK,m,temporary,1
2018,12,TWN,m,temporary,1
2018,12,TZA,m,temporary,1
2018,12,TUN,m,temporary,1
2018,12,TUR,m,temporary,4
2018,12,UKR,m,temporary,191
2018,12,VEN,m,temporary,1
2018,12,HUN,m,temporary,2
2018,12,VNM,m,temporary,36
2018,12,ITA,m,temporary,2
2018,12,"",m,temporary,2
2018,12,ALB,m,convicted,1
2018,12,DZA,m,convicted,3
2018,12,ARM,m,convicted,17
2018,12,AUT,m,convicted,1
2018,12,AZE,m,convicted,2
2018,12,BLR,m,convicted,16
2018,12,BGR,m,convicted,25
2018,12,CHN,m,convicted,4
2018,12,CZE,m,convicted,7
2018,12,DNK,m,convicted,1
2018,12,EGY,m,convicted,3
2018,12,EST,m,convicted,1
2018,12,FRA,m,convicted,2
2018,12,GRC,m,convicted,1
2018,12,GEO,m,convicted,18
2018,12,NLD,m,convicted,3
2018,12,IND,m,convicted,1
2018,12,ISR,m,convicted,2
2018,12,KEN,m,convicted,1
2018,12,COL,m,convicted,1
2018,12,KOR,m,convicted,1
2018,12,LBN,m,convicted,1
2018,12,LBY,m,convicted,2
2018,12,LTU,m,convicted,14
2018,12,LVA,m,convicted,5
2018,12,MKD,m,convicted,1
2018,12,MAR,m,convicted,1
2018,12,MDA,m,convicted,8
2018,12,MNG,m,convicted,2
2018,12,DEU,m,convicted,16
2018,12,NGA,m,convicted,6
2018,12,PAK,m,convicted,1
2018,12,PSE,m,convicted,2
2018,12,PER,m,convicted,1
2018,12,PRT,m,convicted,1
2018,12,ZAF,m,convicted,1
2018,12,RUS,m,convicted,35
2018,12,ROU,m,convicted,35
2018,12,SRB,m,convicted,8
2018,12,SVK,m,convicted,9
2018,12,SYR,m,convicted,2
2018,12,SWE,m,convicted,1
2018,12,TZA,m,convicted,1
2018,12,TUN,m,convicted,3
2018,12,TUR,m,convicted,6
2018,12,UKR,m,convicted,154
2018,12,HUN,m,convicted,1
2018,12,GBR,m,convicted,1
2018,12,VNM,m,convicted,28
2018,12,ITA,m,convicted,7
2018,12,"",m,convicted,5
2018,12,BLR,m,punished,2
2018,12,LTU,m,punished,1
2018,12,RUS,m,punished,1
2018,12,TKM,m,punished,1
2018,12,UKR,m,punished,14
2018,12,BLR,f,temporary,5
2018,12,BRA,f,temporary,1
2018,12,BGR,f,temporary,1
2018,12,CZE,f,temporary,1
2018,12,COG,f,temporary,1
2018,12,LTU,f,temporary,1
2018,12,MDA,f,temporary,2
2018,12,RUS,f,temporary,1
2018,12,ROU,f,temporary,2
2018,12,UKR,f,temporary,7
2018,12,VNM,f,temporary,2
2018,12,ITA,f,temporary,2
2018,12,BLR,f,convicted,1
2018,12,BGR,f,convicted,3
2018,12,CZE,f,convicted,1
2018,12,LTU,f,convicted,1
2018,12,DEU,f,convicted,1
2018,12,ROU,f,convicted,7
2018,12,UKR,f,convicted,8
2018,12,VEN,f,convicted,2
2018,12,VNM,f,convicted,3
2018,12,UKR,f,punished,1
2019,1,ALB,m,temporary,3
2019,1,DZA,m,temporary,2
2019,1,ARM,m,temporary,8
2019,1,BEL,m,temporary,2
2019,1,BEN,m,temporary,1
2019,1,BLR,m,temporary,18
2019,1,BGR,m,temporary,12
2019,1,CHN,m,temporary,3
2019,1,HRV,m,temporary,1
2019,1,CYP,m,temporary,1
2019,1,MNE,m,temporary,1
2019,1,CZE,m,temporary,2
2019,1,DNK,m,temporary,1
2019,1,EGY,m,temporary,3
2019,1,EST,m,temporary,2
2019,1,FRA,m,temporary,1
2019,1,GRC,m,temporary,1
2019,1,GEO,m,temporary,45
2019,1,ESP,m,temporary,4
2019,1,NLD,m,temporary,2
2019,1,IND,m,temporary,6
2019,1,ISR,m,temporary,3
2019,1,CMR,m,temporary,1
2019,1,KAZ,m,temporary,1
2019,1,KGZ,m,temporary,1
2019,1,KOR,m,temporary,1
2019,1,LTU,m,temporary,15
2019,1,LVA,m,temporary,6
2019,1,MKD,m,temporary,1
2019,1,MLT,m,temporary,1
2019,1,MAR,m,temporary,5
2019,1,MDA,m,temporary,19
2019,1,MNG,m,temporary,1
2019,1,NPL,m,temporary,1
2019,1,DEU,m,temporary,16
2019,1,NGA,m,temporary,1
2019,1,PAK,m,temporary,1
2019,1,PRY,m,temporary,2
2019,1,PRT,m,temporary,1
2019,1,RUS,m,temporary,31
2019,1,ROU,m,temporary,10
2019,1,SRB,m,temporary,4
2019,1,SVK,m,temporary,2
2019,1,USA,m,temporary,2
2019,1,TJK,m,temporary,1
2019,1,TWN,m,temporary,1
2019,1,TUN,m,temporary,1
2019,1,TUR,m,temporary,3
2019,1,UKR,m,temporary,187
2019,1,VEN,m,temporary,1
2019,1,HUN,m,temporary,2
2019,1,VNM,m,temporary,35
2019,1,ITA,m,temporary,2
2019,1,"",m,temporary,2
2019,1,ALB,m,convicted,1
2019,1,DZA,m,convicted,3
2019,1,ARM,m,convicted,15
2019,1,AUT,m,convicted,1
2019,1,AZE,m,convicted,3
2019,1,BLR,m,convicted,16
2019,1,BGR,m,convicted,23
2019,1,CHN,m,convicted,4
2019,1,CZE,m,convicted,7
2019,1,DNK,m,convicted,1
2019,1,EGY,m,convicted,3
2019,1,FRA,m,convicted,2
2019,1,GRC,m,convicted,1
2019,1,GEO,m,convicted,18
2019,1,NLD,m,convicted,3
2019,1,IND,m,convicted,2
2019,1,ISR,m,convicted,2
2019,1,KEN,m,convicted,1
2019,1,COL,m,convicted,1
2019,1,KOR,m,convicted,1
2019,1,LBN,m,convicted,1
2019,1,LBY,m,convicted,2
2019,1,LTU,m,convicted,15
2019,1,LVA,m,convicted,7
2019,1,MKD,m,convicted,1
2019,1,MAR,m,convicted,1
2019,1,MDA,m,convicted,10
2019,1,MNG,m,convicted,2
2019,1,DEU,m,convicted,16
2019,1,NGA,m,convicted,5
2019,1,PAK,m,convicted,1
2019,1,PSE,m,convicted,2
2019,1,PER,m,convicted,1
2019,1,PRT,m,convicted,1
2019,1,ZAF,m,convicted,1
2019,1,RUS,m,convicted,35
2019,1,ROU,m,convicted,35
2019,1,SRB,m,convicted,7
2019,1,SVK,m,convicted,8
2019,1,SYR,m,convicted,2
2019,1,SWE,m,convicted,1
2019,1,TZA,m,convicted,1
2019,1,TUN,m,convicted,3
2019,1,TUR,m,convicted,6
2019,1,UKR,m,convicted,146
2019,1,HUN,m,convicted,1
2019,1,GBR,m,convicted,1
2019,1,VNM,m,convicted,28
2019,1,ITA,m,convicted,7
2019,1,"",m,convicted,6
2019,1,"",m,convicted,7
2019,1,BLR,m,punished,1
2019,1,BGR,m,punished,1
2019,1,GEO,m,punished,1
2019,1,UKR,m,punished,19
2019,1,BLR,f,temporary,5
2019,1,BRA,f,temporary,1
2019,1,BGR,f,temporary,2
2019,1,CZE,f,temporary,1
2019,1,GEO,f,temporary,1
2019,1,COG,f,temporary,1
2019,1,LTU,f,temporary,1
2019,1,MDA,f,temporary,2
2019,1,RUS,f,temporary,1
2019,1,ROU,f,temporary,2
2019,1,UKR,f,temporary,8
2019,1,VNM,f,temporary,2
2019,1,ITA,f,temporary,2
2019,1,BLR,f,convicted,1
2019,1,BGR,f,convicted,3
2019,1,CZE,f,convicted,1
2019,1,LTU,f,convicted,1
2019,1,DEU,f,convicted,2
2019,1,ROU,f,convicted,7
2019,1,UKR,f,convicted,5
2019,1,VEN,f,convicted,2
2019,1,VNM,f,convicted,3
2019,1,"",f,convicted,1
2019,1,"",f,convicted,1
2019,1,BLR,f,punished,1
2019,1,UKR,f,punished,4
2019,2,ALB,m,temporary,2
2019,2,DZA,m,temporary,2
2019,2,ARM,m,temporary,8
2019,2,BEL,m,temporary,2
2019,2,BLR,m,temporary,19
2019,2,BGR,m,temporary,10
2019,2,CHN,m,temporary,3
2019,2,CYP,m,temporary,1
2019,2,MNE,m,temporary,1
2019,2,CZE,m,temporary,4
2019,2,DNK,m,temporary,1
2019,2,EGY,m,temporary,3
2019,2,EST,m,temporary,2
2019,2,FRA,m,temporary,1
2019,2,GEO,m,temporary,48
2019,2,ESP,m,temporary,4
2019,2,NLD,m,temporary,1
2019,2,IND,m,temporary,6
2019,2,ISR,m,temporary,3
2019,2,CMR,m,temporary,1
2019,2,KAZ,m,temporary,1
2019,2,KGZ,m,temporary,1
2019,2,KOR,m,temporary,1
2019,2,LTU,m,temporary,16
2019,2,LVA,m,temporary,5
2019,2,MLT,m,temporary,1
2019,2,MAR,m,temporary,5
2019,2,MDA,m,temporary,18
2019,2,MNG,m,temporary,1
2019,2,NPL,m,temporary,1
2019,2,DEU,m,temporary,18
2019,2,NGA,m,temporary,1
2019,2,NOR,m,temporary,1
2019,2,PAK,m,temporary,1
2019,2,PRY,m,temporary,2
2019,2,PRT,m,temporary,1
2019,2,RUS,m,temporary,28
2019,2,ROU,m,temporary,9
2019,2,SRB,m,temporary,4
2019,2,SVK,m,temporary,2
2019,2,USA,m,temporary,3
2019,2,SWE,m,temporary,1
2019,2,TJK,m,temporary,1
2019,2,TWN,m,temporary,1
2019,2,TUN,m,temporary,1
2019,2,TUR,m,temporary,3
2019,2,UKR,m,temporary,187
2019,2,VEN,m,temporary,1
2019,2,HUN,m,temporary,2
2019,2,GBR,m,temporary,1
2019,2,VNM,m,temporary,35
2019,2,ITA,m,temporary,2
2019,2,"",m,temporary,2
2019,2,"",m,temporary,1
2019,2,ALB,m,convicted,1
2019,2,DZA,m,convicted,3
2019,2,ARM,m,convicted,16
2019,2,AUT,m,convicted,1
2019,2,AZE,m,convicted,3
2019,2,BLR,m,convicted,18
2019,2,BGR,m,convicted,26
2019,2,CHN,m,convicted,4
2019,2,CZE,m,convicted,7
2019,2,DNK,m,convicted,1
2019,2,EGY,m,convicted,3
2019,2,FRA,m,convicted,4
2019,2,GRC,m,convicted,1
2019,2,GEO,m,convicted,21
2019,2,NLD,m,convicted,3
2019,2,ISR,m,convicted,2
2019,2,KEN,m,convicted,1
2019,2,COL,m,convicted,1
2019,2,KOR,m,convicted,1
2019,2,LBN,m,convicted,1
2019,2,LBY,m,convicted,2
2019,2,LTU,m,convicted,14
2019,2,LVA,m,convicted,9
2019,2,MKD,m,convicted,1
2019,2,MAR,m,convicted,1
2019,2,MDA,m,convicted,12
2019,2,MNG,m,convicted,2
2019,2,DEU,m,convicted,15
2019,2,NGA,m,convicted,5
2019,2,PAK,m,convicted,1
2019,2,PSE,m,convicted,2
2019,2,PER,m,convicted,1
2019,2,PRT,m,convicted,1
2019,2,ZAF,m,convicted,1
2019,2,RUS,m,convicted,34
2019,2,ROU,m,convicted,35
2019,2,SRB,m,convicted,6
2019,2,SVK,m,convicted,8
2019,2,SYR,m,convicted,2
2019,2,SWE,m,convicted,2
2019,2,TZA,m,convicted,1
2019,2,TUN,m,convicted,3
2019,2,TUR,m,convicted,5
2019,2,UKR,m,convicted,150
2019,2,HUN,m,convicted,1
2019,2,GBR,m,convicted,1
2019,2,VNM,m,convicted,27
2019,2,ITA,m,convicted,5
2019,2,"",m,convicted,5
2019,2,"",m,convicted,7
2019,2,BLR,m,punished,1
2019,2,DEU,m,punished,1
2019,2,RUS,m,punished,1
2019,2,UKR,m,punished,22
2019,2,BLR,f,temporary,5
2019,2,BRA,f,temporary,1
2019,2,BGR,f,temporary,1
2019,2,CZE,f,temporary,2
2019,2,GEO,f,temporary,1
2019,2,COG,f,temporary,1
2019,2,LTU,f,temporary,1
2019,2,MDA,f,temporary,2
2019,2,RUS,f,temporary,1
2019,2,ROU,f,temporary,3
2019,2,UKR,f,temporary,10
2019,2,VNM,f,temporary,2
2019,2,ITA,f,temporary,1
2019,2,BLR,f,convicted,1
2019,2,BGR,f,convicted,4
2019,2,LTU,f,convicted,1
2019,2,DEU,f,convicted,2
2019,2,ROU,f,convicted,6
2019,2,UKR,f,convicted,6
2019,2,VEN,f,convicted,1
2019,2,VNM,f,convicted,3
2019,2,"",f,convicted,1
2019,2,"",f,convicted,1
2019,2,BLR,f,punished,1
2019,2,UKR,f,punished,4
2019,3,ALB,m,temporary,2
2019,3,DZA,m,temporary,3
2019,3,ARM,m,temporary,12
2019,3,AZE,m,temporary,3
2019,3,BEL,m,temporary,3
2019,3,BLR,m,temporary,16
2019,3,BGR,m,temporary,9
2019,3,CHN,m,temporary,5
2019,3,CYP,m,temporary,1
2019,3,MNE,m,temporary,1
2019,3,CZE,m,temporary,6
2019,3,DNK,m,temporary,1
2019,3,EGY,m,temporary,2
2019,3,EST,m,temporary,3
2019,3,FIN,m,temporary,1
2019,3,GEO,m,temporary,44
2019,3,ESP,m,temporary,4
2019,3,NLD,m,temporary,1
2019,3,IND,m,temporary,5
2019,3,IRN,m,temporary,1
2019,3,ISR,m,temporary,2
2019,3,CMR,m,temporary,1
2019,3,KAZ,m,temporary,1
2019,3,KGZ,m,temporary,1
2019,3,KOR,m,temporary,1
2019,3,LTU,m,temporary,16
2019,3,LVA,m,temporary,6
2019,3,MLT,m,temporary,1
2019,3,MAR,m,temporary,5
2019,3,MDA,m,temporary,19
2019,3,NPL,m,temporary,1
2019,3,DEU,m,temporary,16
2019,3,NGA,m,temporary,2
2019,3,NOR,m,temporary,1
2019,3,NZL,m,temporary,1
2019,3,PAK,m,temporary,1
2019,3,PRY,m,temporary,2
2019,3,PRT,m,temporary,1
2019,3,RUS,m,temporary,30
2019,3,ROU,m,temporary,11
2019,3,SRB,m,temporary,4
2019,3,SVK,m,temporary,5
2019,3,USA,m,temporary,2
2019,3,SWE,m,temporary,2
2019,3,TJK,m,temporary,1
2019,3,TWN,m,temporary,1
2019,3,TUN,m,temporary,1
2019,3,TUR,m,temporary,4
2019,3,UKR,m,temporary,231
2019,3,VEN,m,temporary,1
2019,3,HUN,m,temporary,1
2019,3,GBR,m,temporary,1
2019,3,VNM,m,temporary,37
2019,3,ITA,m,temporary,2
2019,3,"",m,temporary,2
2019,3,ALB,m,convicted,1
2019,3,DZA,m,convicted,4
2019,3,ARM,m,convicted,16
2019,3,AUT,m,convicted,1
2019,3,AZE,m,convicted,3
2019,3,BLR,m,convicted,20
2019,3,BGR,m,convicted,28
2019,3,CHN,m,convicted,4
2019,3,CZE,m,convicted,4
2019,3,DNK,m,convicted,1
2019,3,EGY,m,convicted,2
2019,3,FRA,m,convicted,3
2019,3,GRC,m,convicted,1
2019,3,GEO,m,convicted,23
2019,3,NLD,m,convicted,3
2019,3,ISR,m,convicted,1
2019,3,KEN,m,convicted,1
2019,3,COL,m,convicted,1
2019,3,KOR,m,convicted,1
2019,3,LBN,m,convicted,1
2019,3,LBY,m,convicted,2
2019,3,LTU,m,convicted,13
2019,3,LVA,m,convicted,9
2019,3,MKD,m,convicted,1
2019,3,MAR,m,convicted,1
2019,3,MDA,m,convicted,11
2019,3,MNG,m,convicted,3
2019,3,DEU,m,convicted,16
2019,3,NGA,m,convicted,5
2019,3,PAK,m,convicted,1
2019,3,PSE,m,convicted,2
2019,3,PER,m,convicted,1
2019,3,ZAF,m,convicted,1
2019,3,RUS,m,convicted,39
2019,3,ROU,m,convicted,34
2019,3,SRB,m,convicted,6
2019,3,SVK,m,convicted,8
2019,3,SYR,m,convicted,2
2019,3,SWE,m,convicted,2
2019,3,TZA,m,convicted,1
2019,3,TUN,m,convicted,2
2019,3,TUR,m,convicted,5
2019,3,UKR,m,convicted,163
2019,3,VNM,m,convicted,25
2019,3,ITA,m,convicted,5
2019,3,"",m,convicted,5
2019,3,LTU,m,punished,1
2019,3,RUS,m,punished,1
2019,3,USA,m,punished,1
2019,3,UKR,m,punished,23
2019,3,BLR,f,temporary,5
2019,3,BRA,f,temporary,1
2019,3,BGR,f,temporary,1
2019,3,CZE,f,temporary,2
2019,3,FIN,f,temporary,1
2019,3,GEO,f,temporary,1
2019,3,COG,f,temporary,1
2019,3,MDA,f,temporary,2
2019,3,RUS,f,temporary,1
2019,3,ROU,f,temporary,3
2019,3,THA,f,temporary,1
2019,3,TWN,f,temporary,1
2019,3,UKR,f,temporary,17
2019,3,HUN,f,temporary,1
2019,3,VNM,f,temporary,2
2019,3,ITA,f,temporary,1
2019,3,BGR,f,convicted,3
2019,3,LTU,f,convicted,1
2019,3,DEU,f,convicted,1
2019,3,ROU,f,convicted,7
2019,3,UKR,f,convicted,7
2019,3,VEN,f,convicted,1
2019,3,VNM,f,convicted,3
2019,3,"",f,convicted,1
2019,3,BLR,f,punished,1
2019,3,UKR,f,punished,3
2019,3,"",f,punished,1
2019,4,ALB,m,temporary,2
2019,4,DZA,m,temporary,3
2019,4,ARM,m,temporary,10
2019,4,AZE,m,temporary,3
2019,4,BEL,m,temporary,3
2019,4,BLR,m,temporary,19
2019,4,BGR,m,temporary,11
2019,4,CHN,m,temporary,4
2019,4,CYP,m,temporary,1
2019,4,MNE,m,temporary,1
2019,4,CZE,m,temporary,6
2019,4,DNK,m,temporary,1
2019,4,EGY,m,temporary,1
2019,4,EST,m,temporary,3
2019,4,GRC,m,temporary,1
2019,4,GEO,m,temporary,50
2019,4,ESP,m,temporary,2
2019,4,NLD,m,temporary,2
2019,4,IND,m,temporary,5
2019,4,IRQ,m,temporary,1
2019,4,ISR,m,temporary,2
2019,4,KAZ,m,temporary,1
2019,4,KGZ,m,temporary,1
2019,4,KOR,m,temporary,1
2019,4,LTU,m,temporary,18
2019,4,LVA,m,temporary,6
2019,4,MLT,m,temporary,1
2019,4,MAR,m,temporary,4
2019,4,MDA,m,temporary,19
2019,4,DEU,m,temporary,15
2019,4,NGA,m,temporary,3
2019,4,NOR,m,temporary,1
2019,4,NZL,m,temporary,1
2019,4,PAK,m,temporary,1
2019,4,PRY,m,temporary,2
2019,4,PRT,m,temporary,1
2019,4,RUS,m,temporary,30
2019,4,ROU,m,temporary,12
2019,4,SRB,m,temporary,4
2019,4,SVK,m,temporary,5
2019,4,USA,m,temporary,2
2019,4,SWE,m,temporary,3
2019,4,TJK,m,temporary,2
2019,4,TWN,m,temporary,1
2019,4,TUN,m,temporary,1
2019,4,TUR,m,temporary,4
2019,4,UKR,m,temporary,239
2019,4,HUN,m,temporary,1
2019,4,VNM,m,temporary,38
2019,4,ITA,m,temporary,2
2019,4,"",m,temporary,2
2019,4,"",m,temporary,3
2019,4,ALB,m,convicted,1
2019,4,DZA,m,convicted,4
2019,4,ARM,m,convicted,17
2019,4,AUT,m,convicted,1
2019,4,AZE,m,convicted,3
2019,4,BLR,m,convicted,20
2019,4,BGR,m,convicted,29
2019,4,CHN,m,convicted,4
2019,4,CZE,m,convicted,4
2019,4,EGY,m,convicted,2
2019,4,FRA,m,convicted,3
2019,4,GRC,m,convicted,1
2019,4,GEO,m,convicted,24
2019,4,ESP,m,convicted,2
2019,4,NLD,m,convicted,3
2019,4,ISR,m,convicted,2
2019,4,CAN,m,convicted,1
2019,4,KAZ,m,convicted,2
2019,4,KEN,m,convicted,1
2019,4,KOR,m,convicted,1
2019,4,LBN,m,convicted,1
2019,4,LBY,m,convicted,2
2019,4,LTU,m,convicted,12
2019,4,LVA,m,convicted,9
2019,4,MKD,m,convicted,1
2019,4,MAR,m,convicted,1
2019,4,MDA,m,convicted,11
2019,4,MNG,m,convicted,3
2019,4,NPL,m,convicted,1
2019,4,DEU,m,convicted,17
2019,4,NGA,m,convicted,5
2019,4,PAK,m,convicted,1
2019,4,PSE,m,convicted,2
2019,4,ZAF,m,convicted,1
2019,4,RUS,m,convicted,39
2019,4,ROU,m,convicted,35
2019,4,SRB,m,convicted,6
2019,4,SVK,m,convicted,9
2019,4,USA,m,convicted,1
2019,4,SYR,m,convicted,2
2019,4,SWE,m,convicted,2
2019,4,TZA,m,convicted,1
2019,4,TUN,m,convicted,1
2019,4,TUR,m,convicted,5
2019,4,UKR,m,convicted,173
2019,4,VNM,m,convicted,25
2019,4,ITA,m,convicted,4
2019,4,"",m,convicted,5
2019,4,"",m,convicted,8
2019,4,BLR,m,punished,3
2019,4,BGR,m,punished,1
2019,4,GEO,m,punished,1
2019,4,RUS,m,punished,1
2019,4,UKR,m,punished,17
2019,4,"",m,punished,1
2019,4,BLR,f,temporary,5
2019,4,BRA,f,temporary,1
2019,4,BGR,f,temporary,3
2019,4,CZE,f,temporary,3
2019,4,FIN,f,temporary,1
2019,4,GEO,f,temporary,1
2019,4,COG,f,temporary,1
2019,4,MDA,f,temporary,2
2019,4,RUS,f,temporary,1
2019,4,ROU,f,temporary,3
2019,4,USA,f,temporary,1
2019,4,THA,f,temporary,1
2019,4,TWN,f,temporary,1
2019,4,UKR,f,temporary,9
2019,4,HUN,f,temporary,1
2019,4,VNM,f,temporary,1
2019,4,ITA,f,temporary,1
2019,4,BLR,f,convicted,1
2019,4,BGR,f,convicted,3
2019,4,DEU,f,convicted,1
2019,4,ROU,f,convicted,5
2019,4,UKR,f,convicted,7
2019,4,VEN,f,convicted,1
2019,4,VNM,f,convicted,3
2019,4,"",f,convicted,1
2019,4,"",f,convicted,1
2019,4,BLR,f,punished,1
2019,4,UKR,f,punished,3
2019,5,ALB,m,temporary,2
2019,5,DZA,m,temporary,3
2019,5,ARM,m,temporary,10
2019,5,AZE,m,temporary,3
2019,5,BEL,m,temporary,3
2019,5,BLR,m,temporary,16
2019,5,BGR,m,temporary,11
2019,5,CHN,m,temporary,5
2019,5,MNE,m,temporary,1
2019,5,CZE,m,temporary,8
2019,5,DNK,m,temporary,1
2019,5,EGY,m,temporary,1
2019,5,EST,m,temporary,3
2019,5,GRC,m,temporary,1
2019,5,GEO,m,temporary,48
2019,5,ESP,m,temporary,2
2019,5,NLD,m,temporary,3
2019,5,IND,m,temporary,4
2019,5,ISR,m,temporary,2
2019,5,KAZ,m,temporary,2
2019,5,KGZ,m,temporary,1
2019,5,KOR,m,temporary,1
2019,5,LTU,m,temporary,22
2019,5,LVA,m,temporary,7
2019,5,MLT,m,temporary,1
2019,5,MAR,m,temporary,3
2019,5,MDA,m,temporary,18
2019,5,DEU,m,temporary,14
2019,5,NGA,m,temporary,1
2019,5,NZL,m,temporary,1
2019,5,PAK,m,temporary,1
2019,5,PRY,m,temporary,2
2019,5,PRT,m,temporary,1
2019,5,RUS,m,temporary,27
2019,5,ROU,m,temporary,12
2019,5,SRB,m,temporary,4
2019,5,SVK,m,temporary,5
2019,5,USA,m,temporary,2
2019,5,SWE,m,temporary,1
2019,5,TJK,m,temporary,3
2019,5,TWN,m,temporary,1
2019,5,TUN,m,temporary,1
2019,5,TUR,m,temporary,6
2019,5,UKR,m,temporary,247
2019,5,UZB,m,temporary,1
2019,5,HUN,m,temporary,2
2019,5,GBR,m,temporary,2
2019,5,VNM,m,temporary,37
2019,5,ITA,m,temporary,1
2019,5,"",m,temporary,2
2019,5,"",m,temporary,4
2019,5,ALB,m,convicted,1
2019,5,DZA,m,convicted,4
2019,5,ARM,m,convicted,19
2019,5,AUT,m,convicted,1
2019,5,AZE,m,convicted,3
2019,5,BLR,m,convicted,20
2019,5,BGR,m,convicted,29
2019,5,CHN,m,convicted,4
2019,5,CZE,m,convicted,5
2019,5,EGY,m,convicted,2
2019,5,FRA,m,convicted,2
2019,5,GRC,m,convicted,2
2019,5,GEO,m,convicted,20
2019,5,ESP,m,convicted,1
2019,5,NLD,m,convicted,3
2019,5,IND,m,convicted,1
2019,5,ISR,m,convicted,2
2019,5,CAN,m,convicted,1
2019,5,KAZ,m,convicted,2
2019,5,KEN,m,convicted,1
2019,5,KOR,m,convicted,1
2019,5,LBN,m,convicted,1
2019,5,LBY,m,convicted,2
2019,5,LTU,m,convicted,13
2019,5,LVA,m,convicted,10
2019,5,MKD,m,convicted,2
2019,5,MAR,m,convicted,1
2019,5,MDA,m,convicted,14
2019,5,MNG,m,convicted,4
2019,5,NPL,m,convicted,1
2019,5,DEU,m,convicted,20
2019,5,NGA,m,convicted,5
2019,5,PAK,m,convicted,1
2019,5,PSE,m,convicted,2
2019,5,ZAF,m,convicted,1
2019,5,RUS,m,convicted,39
2019,5,ROU,m,convicted,32
2019,5,SRB,m,convicted,6
2019,5,SVK,m,convicted,9
2019,5,SYR,m,convicted,2
2019,5,SWE,m,convicted,1
2019,5,TZA,m,convicted,1
2019,5,TUN,m,convicted,1
2019,5,TUR,m,convicted,5
2019,5,UKR,m,convicted,171
2019,5,VNM,m,convicted,24
2019,5,ITA,m,convicted,4
2019,5,"",m,convicted,5
2019,5,"",m,convicted,9
2019,5,BLR,m,punished,1
2019,5,GEO,m,punished,1
2019,5,UKR,m,punished,25
2019,5,BLR,f,temporary,4
2019,5,BRA,f,temporary,1
2019,5,BGR,f,temporary,4
2019,5,EST,f,temporary,1
2019,5,FIN,f,temporary,1
2019,5,GEO,f,temporary,1
2019,5,COG,f,temporary,1
2019,5,MDA,f,temporary,2
2019,5,RUS,f,temporary,1
2019,5,ROU,f,temporary,3
2019,5,SVK,f,temporary,1
2019,5,USA,f,temporary,1
2019,5,TWN,f,temporary,1
2019,5,UKR,f,temporary,16
2019,5,HUN,f,temporary,1
2019,5,VNM,f,temporary,1
2019,5,ITA,f,temporary,1
2019,5,BLR,f,convicted,2
2019,5,BGR,f,convicted,4
2019,5,DEU,f,convicted,2
2019,5,ROU,f,convicted,5
2019,5,UKR,f,convicted,9
2019,5,VEN,f,convicted,1
2019,5,VNM,f,convicted,3
2019,5,"",f,convicted,1
2019,5,"",f,convicted,1
2019,5,MDA,f,punished,1
2019,5,RUS,f,punished,1
2019,5,UKR,f,punished,4
2019,6,ALB,m,temporary,1
2019,6,DZA,m,temporary,2
2019,6,ARM,m,temporary,12
2019,6,AZE,m,temporary,2
2019,6,BGD,m,temporary,1
2019,6,BEL,m,temporary,3
2019,6,BLR,m,temporary,19
2019,6,BGR,m,temporary,15
2019,6,CHN,m,temporary,6
2019,6,CZE,m,temporary,7
2019,6,DNK,m,temporary,2
2019,6,EGY,m,temporary,1
2019,6,EST,m,temporary,3
2019,6,GRC,m,temporary,1
2019,6,GEO,m,temporary,53
2019,6,ESP,m,temporary,2
2019,6,NLD,m,temporary,3
2019,6,IND,m,temporary,4
2019,6,IRL,m,temporary,1
2019,6,ISR,m,temporary,2
2019,6,KAZ,m,temporary,2
2019,6,KOR,m,temporary,1
2019,6,LTU,m,temporary,21
2019,6,LVA,m,temporary,8
2019,6,MKD,m,temporary,1
2019,6,MLT,m,temporary,1
2019,6,MAR,m,temporary,3
2019,6,MDA,m,temporary,21
2019,6,DEU,m,temporary,17
2019,6,NGA,m,temporary,5
2019,6,NZL,m,temporary,1
2019,6,PAK,m,temporary,3
2019,6,PRY,m,temporary,2
2019,6,PRT,m,temporary,1
2019,6,RUS,m,temporary,27
2019,6,ROU,m,temporary,14
2019,6,SRB,m,temporary,4
2019,6,SVK,m,temporary,5
2019,6,USA,m,temporary,2
2019,6,SWE,m,temporary,1
2019,6,TJK,m,temporary,3
2019,6,TWN,m,temporary,1
2019,6,TUN,m,temporary,1
2019,6,TUR,m,temporary,6
2019,6,UGA,m,temporary,1
2019,6,UKR,m,temporary,220
2019,6,UZB,m,temporary,2
2019,6,HUN,m,temporary,2
2019,6,GBR,m,temporary,2
2019,6,VNM,m,temporary,33
2019,6,ITA,m,temporary,1
2019,6,"",m,temporary,1
2019,6,"",m,temporary,4
2019,6,ALB,m,convicted,1
2019,6,DZA,m,convicted,4
2019,6,ARM,m,convicted,19
2019,6,AUT,m,convicted,1
2019,6,AZE,m,convicted,3
2019,6,BLR,m,convicted,22
2019,6,BGR,m,convicted,26
2019,6,CHN,m,convicted,4
2019,6,CZE,m,convicted,5
2019,6,EGY,m,convicted,2
2019,6,FRA,m,convicted,2
2019,6,GEO,m,convicted,21
2019,6,ESP,m,convicted,1
2019,6,NLD,m,convicted,2
2019,6,IND,m,convicted,1
2019,6,ISR,m,convicted,2
2019,6,CAN,m,convicted,1
2019,6,KAZ,m,convicted,1
2019,6,KEN,m,convicted,1
2019,6,KGZ,m,convicted,1
2019,6,KOR,m,convicted,1
2019,6,LBY,m,convicted,2
2019,6,LTU,m,convicted,14
2019,6,LVA,m,convicted,9
2019,6,MKD,m,convicted,2
2019,6,MAR,m,convicted,1
2019,6,MDA,m,convicted,14
2019,6,MNG,m,convicted,4
2019,6,NPL,m,convicted,1
2019,6,DEU,m,convicted,21
2019,6,NGA,m,convicted,6
2019,6,PAK,m,convicted,1
2019,6,PSE,m,convicted,2
2019,6,ZAF,m,convicted,1
2019,6,RUS,m,convicted,44
2019,6,ROU,m,convicted,32
2019,6,SRB,m,convicted,5
2019,6,SVK,m,convicted,7
2019,6,SYR,m,convicted,1
2019,6,SWE,m,convicted,1
2019,6,TZA,m,convicted,1
2019,6,TUN,m,convicted,1
2019,6,TUR,m,convicted,4
2019,6,UKR,m,convicted,165
2019,6,VNM,m,convicted,26
2019,6,ITA,m,convicted,3
2019,6,"",m,convicted,6
2019,6,"",m,convicted,9
2019,6,BLR,m,punished,1
2019,6,UKR,m,punished,16
2019,6,BLR,f,temporary,4
2019,6,BRA,f,temporary,1
2019,6,BGR,f,temporary,2
2019,6,GEO,f,temporary,1
2019,6,COG,f,temporary,1
2019,6,MDA,f,temporary,2
2019,6,NGA,f,temporary,1
2019,6,RUS,f,temporary,2
2019,6,ROU,f,temporary,2
2019,6,SVK,f,temporary,1
2019,6,USA,f,temporary,1
2019,6,TWN,f,temporary,1
2019,6,UKR,f,temporary,17
2019,6,HUN,f,temporary,1
2019,6,VNM,f,temporary,1
2019,6,ITA,f,temporary,1
2019,6,BLR,f,convicted,2
2019,6,BGR,f,convicted,3
2019,6,DEU,f,convicted,2
2019,6,ROU,f,convicted,5
2019,6,UKR,f,convicted,6
2019,6,VEN,f,convicted,1
2019,6,VNM,f,convicted,3
2019,6,"",f,convicted,1
2019,6,UKR,f,punished,8
2019,7,ALB,m,temporary,1
2019,7,DZA,m,temporary,2
2019,7,ARM,m,temporary,13
2019,7,AZE,m,temporary,1
2019,7,BGD,m,temporary,1
2019,7,BEL,m,temporary,3
2019,7,BLR,m,temporary,22
2019,7,BGR,m,temporary,15
2019,7,CHN,m,temporary,6
2019,7,CZE,m,temporary,6
2019,7,DNK,m,temporary,2
2019,7,EGY,m,temporary,1
2019,7,EST,m,temporary,3
2019,7,FRA,m,temporary,1
2019,7,GRC,m,temporary,1
2019,7,GEO,m,temporary,55
2019,7,ESP,m,temporary,1
2019,7,NLD,m,temporary,3
2019,7,IND,m,temporary,4
2019,7,IRN,m,temporary,2
2019,7,ISR,m,temporary,2
2019,7,CMR,m,temporary,1
2019,7,KAZ,m,temporary,2
2019,7,KOR,m,temporary,1
2019,7,LTU,m,temporary,19
2019,7,LVA,m,temporary,7
2019,7,MKD,m,temporary,1
2019,7,MLT,m,temporary,1
2019,7,MAR,m,temporary,1
2019,7,MDA,m,temporary,22
2019,7,MNG,m,temporary,1
2019,7,DEU,m,temporary,15
2019,7,NGA,m,temporary,5
2019,7,NZL,m,temporary,1
2019,7,PAK,m,temporary,2
2019,7,PRY,m,temporary,2
2019,7,PRT,m,temporary,1
2019,7,RUS,m,temporary,28
2019,7,ROU,m,temporary,17
2019,7,SRB,m,temporary,4
2019,7,SVK,m,temporary,5
2019,7,USA,m,temporary,2
2019,7,SWE,m,temporary,2
2019,7,TJK,m,temporary,1
2019,7,TWN,m,temporary,1
2019,7,TUN,m,temporary,1
2019,7,TUR,m,temporary,8
2019,7,UGA,m,temporary,1
2019,7,UKR,m,temporary,235
2019,7,UZB,m,temporary,2
2019,7,HUN,m,temporary,2
2019,7,GBR,m,temporary,3
2019,7,VNM,m,temporary,23
2019,7,ITA,m,temporary,1
2019,7,"",m,temporary,1
2019,7,"",m,temporary,4
2019,7,ALB,m,convicted,1
2019,7,DZA,m,convicted,4
2019,7,ARM,m,convicted,16
2019,7,AUT,m,convicted,1
2019,7,AZE,m,convicted,3
2019,7,BLR,m,convicted,19
2019,7,BGR,m,convicted,26
2019,7,CHN,m,convicted,4
2019,7,CZE,m,convicted,7
2019,7,EGY,m,convicted,2
2019,7,GEO,m,convicted,21
2019,7,ESP,m,convicted,2
2019,7,NLD,m,convicted,2
2019,7,IND,m,convicted,1
2019,7,ISR,m,convicted,3
2019,7,CAN,m,convicted,1
2019,7,KAZ,m,convicted,1
2019,7,KEN,m,convicted,1
2019,7,KGZ,m,convicted,1
2019,7,KOR,m,convicted,1
2019,7,LBY,m,convicted,2
2019,7,LTU,m,convicted,13
2019,7,LVA,m,convicted,9
2019,7,MKD,m,convicted,2
2019,7,MAR,m,convicted,2
2019,7,MDA,m,convicted,15
2019,7,MNG,m,convicted,4
2019,7,NPL,m,convicted,1
2019,7,DEU,m,convicted,23
2019,7,NGA,m,convicted,6
2019,7,PAK,m,convicted,1
2019,7,PSE,m,convicted,2
2019,7,ZAF,m,convicted,1
2019,7,RUS,m,convicted,47
2019,7,ROU,m,convicted,32
2019,7,SRB,m,convicted,5
2019,7,SVK,m,convicted,8
2019,7,SYR,m,convicted,1
2019,7,SWE,m,convicted,1
2019,7,TZA,m,convicted,1
2019,7,TUR,m,convicted,4
2019,7,UKR,m,convicted,180
2019,7,VNM,m,convicted,31
2019,7,ITA,m,convicted,2
2019,7,"",m,convicted,6
2019,7,"",m,convicted,7
2019,7,DEU,m,punished,1
2019,7,UKR,m,punished,18
2019,7,ARM,f,temporary,1
2019,7,BEL,f,temporary,1
2019,7,BLR,f,temporary,3
2019,7,BRA,f,temporary,1
2019,7,BGR,f,temporary,3
2019,7,GEO,f,temporary,1
2019,7,ESP,f,temporary,2
2019,7,COG,f,temporary,1
2019,7,MDA,f,temporary,2
2019,7,NGA,f,temporary,1
2019,7,RUS,f,temporary,1
2019,7,ROU,f,temporary,2
2019,7,SVK,f,temporary,1
2019,7,TWN,f,temporary,1
2019,7,UKR,f,temporary,18
2019,7,HUN,f,temporary,1
2019,7,VNM,f,temporary,1
2019,7,ITA,f,temporary,1
2019,7,BLR,f,convicted,2
2019,7,BGR,f,convicted,3
2019,7,DEU,f,convicted,1
2019,7,ROU,f,convicted,5
2019,7,UKR,f,convicted,9
2019,7,VEN,f,convicted,2
2019,7,VNM,f,convicted,3
2019,7,DEU,f,punished,1
2019,7,UKR,f,punished,5
2019,8,ALB,m,temporary,1
2019,8,DZA,m,temporary,2
2019,8,ARM,m,temporary,18
2019,8,AZE,m,temporary,1
2019,8,BGD,m,temporary,1
2019,8,BEL,m,temporary,3
2019,8,BLR,m,temporary,23
2019,8,BGR,m,temporary,18
2019,8,CHN,m,temporary,6
2019,8,CZE,m,temporary,7
2019,8,DNK,m,temporary,2
2019,8,EGY,m,temporary,1
2019,8,EST,m,temporary,3
2019,8,FRA,m,temporary,1
2019,8,GRC,m,temporary,1
2019,8,GEO,m,temporary,63
2019,8,ESP,m,temporary,1
2019,8,NLD,m,temporary,3
2019,8,IND,m,temporary,4
2019,8,IRN,m,temporary,2
2019,8,ISR,m,temporary,3
2019,8,CMR,m,temporary,1
2019,8,KAZ,m,temporary,2
2019,8,KOR,m,temporary,1
2019,8,LTU,m,temporary,22
2019,8,LVA,m,temporary,7
2019,8,MKD,m,temporary,1
2019,8,MLT,m,temporary,1
2019,8,MAR,m,temporary,1
2019,8,MDA,m,temporary,22
2019,8,MNG,m,temporary,1
2019,8,DEU,m,temporary,14
2019,8,NGA,m,temporary,6
2019,8,NZL,m,temporary,1
2019,8,PAK,m,temporary,1
2019,8,PRY,m,temporary,2
2019,8,PRT,m,temporary,1
2019,8,RUS,m,temporary,43
2019,8,ROU,m,temporary,20
2019,8,SRB,m,temporary,6
2019,8,SVK,m,temporary,3
2019,8,USA,m,temporary,2
2019,8,SWE,m,temporary,2
2019,8,TJK,m,temporary,1
2019,8,TWN,m,temporary,1
2019,8,TUN,m,temporary,2
2019,8,TUR,m,temporary,10
2019,8,UGA,m,temporary,1
2019,8,UKR,m,temporary,246
2019,8,UZB,m,temporary,2
2019,8,HUN,m,temporary,2
2019,8,GBR,m,temporary,4
2019,8,VNM,m,temporary,23
2019,8,ITA,m,temporary,2
2019,8,"",m,temporary,1
2019,8,"",m,temporary,4
2019,8,ALB,m,convicted,1
2019,8,DZA,m,convicted,4
2019,8,ARM,m,convicted,16
2019,8,AUT,m,convicted,1
2019,8,AZE,m,convicted,3
2019,8,BLR,m,convicted,21
2019,8,BGR,m,convicted,27
2019,8,CHN,m,convicted,4
2019,8,CZE,m,convicted,7
2019,8,EGY,m,convicted,2
2019,8,GEO,m,convicted,24
2019,8,ESP,m,convicted,2
2019,8,NLD,m,convicted,2
2019,8,IND,m,convicted,1
2019,8,ISR,m,convicted,3
2019,8,CAN,m,convicted,1
2019,8,KAZ,m,convicted,1
2019,8,KEN,m,convicted,1
2019,8,KGZ,m,convicted,1
2019,8,KOR,m,convicted,1
2019,8,LBY,m,convicted,2
2019,8,LTU,m,convicted,12
2019,8,LVA,m,convicted,8
2019,8,MKD,m,convicted,1
2019,8,MAR,m,convicted,2
2019,8,MDA,m,convicted,14
2019,8,MNG,m,convicted,3
2019,8,NPL,m,convicted,1
2019,8,DEU,m,convicted,24
2019,8,NGA,m,convicted,6
2019,8,PAK,m,convicted,2
2019,8,PSE,m,convicted,2
2019,8,ZAF,m,convicted,1
2019,8,RUS,m,convicted,42
2019,8,ROU,m,convicted,30
2019,8,SRB,m,convicted,5
2019,8,SVK,m,convicted,7
2019,8,SYR,m,convicted,1
2019,8,SWE,m,convicted,1
2019,8,TZA,m,convicted,1
2019,8,TUR,m,convicted,4
2019,8,UKR,m,convicted,183
2019,8,VNM,m,convicted,32
2019,8,ITA,m,convicted,2
2019,8,"",m,convicted,6
2019,8,"",m,convicted,5
2019,8,BLR,m,punished,1
2019,8,DEU,m,punished,1
2019,8,UKR,m,punished,12
2019,8,ARM,f,temporary,1
2019,8,BEL,f,temporary,1
2019,8,BLR,f,temporary,3
2019,8,BRA,f,temporary,1
2019,8,BGR,f,temporary,1
2019,8,GEO,f,temporary,1
2019,8,ESP,f,temporary,2
2019,8,COG,f,temporary,1
2019,8,MDA,f,temporary,2
2019,8,NGA,f,temporary,1
2019,8,RUS,f,temporary,1
2019,8,ROU,f,temporary,2
2019,8,SVK,f,temporary,1
2019,8,CHE,f,temporary,1
2019,8,TWN,f,temporary,1
2019,8,UKR,f,temporary,15
2019,8,HUN,f,temporary,1
2019,8,VNM,f,temporary,1
2019,8,ITA,f,temporary,1
2019,8,BGR,f,convicted,4
2019,8,DEU,f,convicted,1
2019,8,ROU,f,convicted,4
2019,8,UKR,f,convicted,10
2019,8,VEN,f,convicted,1
2019,8,VNM,f,convicted,3
2019,8,DEU,f,punished,1
2019,8,UKR,f,punished,5
2019,9,ALB,m,temporary,1
2019,9,DZA,m,temporary,2
2019,9,ARM,m,temporary,19
2019,9,AUS,m,temporary,1
2019,9,AZE,m,temporary,1
2019,9,BGD,m,temporary,1
2019,9,BEL,m,temporary,4
2019,9,BLR,m,temporary,30
2019,9,BRA,m,temporary,1
2019,9,BGR,m,temporary,18
2019,9,CHN,m,temporary,7
2019,9,CZE,m,temporary,6
2019,9,DNK,m,temporary,2
2019,9,EGY,m,temporary,1
2019,9,EST,m,temporary,3
2019,9,FRA,m,temporary,1
2019,9,GRC,m,temporary,1
2019,9,GEO,m,temporary,67
2019,9,ESP,m,temporary,3
2019,9,NLD,m,temporary,3
2019,9,IND,m,temporary,4
2019,9,IRN,m,temporary,2
2019,9,ISR,m,temporary,2
2019,9,CMR,m,temporary,1
2019,9,KAZ,m,temporary,2
2019,9,KOR,m,temporary,1
2019,9,LTU,m,temporary,21
2019,9,LVA,m,temporary,6
2019,9,MKD,m,temporary,1
2019,9,MLT,m,temporary,1
2019,9,MAR,m,temporary,1
2019,9,MDA,m,temporary,12
2019,9,MNG,m,temporary,1
2019,9,DEU,m,temporary,14
2019,9,NGA,m,temporary,6
2019,9,NZL,m,temporary,1
2019,9,PAK,m,temporary,1
2019,9,PRY,m,temporary,7
2019,9,PRT,m,temporary,1
2019,9,RUS,m,temporary,45
2019,9,ROU,m,temporary,15
2019,9,SRB,m,temporary,4
2019,9,SVK,m,temporary,2
2019,9,USA,m,temporary,3
2019,9,SYR,m,temporary,1
2019,9,SWE,m,temporary,1
2019,9,TJK,m,temporary,1
2019,9,TWN,m,temporary,1
2019,9,TUN,m,temporary,2
2019,9,TUR,m,temporary,13
2019,9,UGA,m,temporary,1
2019,9,UKR,m,temporary,239
2019,9,UZB,m,temporary,2
2019,9,HUN,m,temporary,2
2019,9,GBR,m,temporary,3
2019,9,VNM,m,temporary,27
2019,9,ITA,m,temporary,2
2019,9,"",m,temporary,1
2019,9,"",m,temporary,6
2019,9,ALB,m,convicted,1
2019,9,DZA,m,convicted,4
2019,9,ARM,m,convicted,16
2019,9,AUT,m,convicted,1
2019,9,AZE,m,convicted,2
2019,9,BLR,m,convicted,21
2019,9,BGR,m,convicted,29
2019,9,CHN,m,convicted,3
2019,9,CZE,m,convicted,7
2019,9,EGY,m,convicted,2
2019,9,GEO,m,convicted,23
2019,9,ESP,m,convicted,2
2019,9,NLD,m,convicted,2
2019,9,IND,m,convicted,1
2019,9,ISR,m,convicted,3
2019,9,CAN,m,convicted,1
2019,9,KAZ,m,convicted,1
2019,9,KEN,m,convicted,1
2019,9,KGZ,m,convicted,1
2019,9,KOR,m,convicted,1
2019,9,LBY,m,convicted,2
2019,9,LTU,m,convicted,12
2019,9,LVA,m,convicted,8
2019,9,MKD,m,convicted,1
2019,9,MAR,m,convicted,2
2019,9,MDA,m,convicted,16
2019,9,MNG,m,convicted,2
2019,9,NPL,m,convicted,1
2019,9,DEU,m,convicted,22
2019,9,NGA,m,convicted,5
2019,9,PAK,m,convicted,2
2019,9,PSE,m,convicted,2
2019,9,RUS,m,convicted,43
2019,9,ROU,m,convicted,33
2019,9,SRB,m,convicted,8
2019,9,SVK,m,convicted,7
2019,9,SVN,m,convicted,1
2019,9,SYR,m,convicted,1
2019,9,SWE,m,convicted,1
2019,9,TZA,m,convicted,1
2019,9,TUR,m,convicted,4
2019,9,UKR,m,convicted,196
2019,9,HUN,m,convicted,1
2019,9,VNM,m,convicted,31
2019,9,ITA,m,convicted,2
2019,9,"",m,convicted,7
2019,9,"",m,convicted,5
2019,9,RUS,m,punished,2
2019,9,UKR,m,punished,11
2019,9,ARM,f,temporary,1
2019,9,BEL,f,temporary,1
2019,9,BLR,f,temporary,3
2019,9,BRA,f,temporary,1
2019,9,BGR,f,temporary,1
2019,9,GEO,f,temporary,1
2019,9,ESP,f,temporary,2
2019,9,COG,f,temporary,1
2019,9,MDA,f,temporary,2
2019,9,NGA,f,temporary,1
2019,9,RUS,f,temporary,2
2019,9,ROU,f,temporary,2
2019,9,SVK,f,temporary,1
2019,9,CHE,f,temporary,1
2019,9,UKR,f,temporary,14
2019,9,HUN,f,temporary,1
2019,9,VNM,f,temporary,2
2019,9,ITA,f,temporary,1
2019,9,BGR,f,convicted,6
2019,9,DEU,f,convicted,1
2019,9,ROU,f,convicted,4
2019,9,UKR,f,convicted,10
2019,9,VEN,f,convicted,1
2019,9,VNM,f,convicted,3
2019,9,CZE,f,punished,1
2019,9,UKR,f,punished,6
2019,10,AFG,m,temporary,1
2019,10,ALB,m,temporary,1
2019,10,SAU,m,temporary,1
2019,10,ARM,m,temporary,20
2019,10,AUS,m,temporary,1
2019,10,AZE,m,temporary,1
2019,10,BGD,m,temporary,1
2019,10,BEL,m,temporary,4
2019,10,BLR,m,temporary,33
2019,10,BRA,m,temporary,1
2019,10,BGR,m,temporary,20
2019,10,CHN,m,temporary,6
2019,10,CZE,m,temporary,6
2019,10,DNK,m,temporary,2
2019,10,EGY,m,temporary,1
2019,10,EST,m,temporary,5
2019,10,FRA,m,temporary,2
2019,10,GRC,m,temporary,1
2019,10,GEO,m,temporary,74
2019,10,ESP,m,temporary,3
2019,10,NLD,m,temporary,3
2019,10,IND,m,temporary,5
2019,10,IRN,m,temporary,2
2019,10,ISR,m,temporary,2
2019,10,CMR,m,temporary,1
2019,10,CAN,m,temporary,1
2019,10,KAZ,m,temporary,3
2019,10,KGZ,m,temporary,1
2019,10,KOR,m,temporary,1
2019,10,LTU,m,temporary,18
2019,10,LVA,m,temporary,6
2019,10,MDA,m,temporary,12
2019,10,MNG,m,temporary,1
2019,10,DEU,m,temporary,16
2019,10,NGA,m,temporary,5
2019,10,NZL,m,temporary,1
2019,10,PAK,m,temporary,1
2019,10,PAN,m,temporary,1
2019,10,PRY,m,temporary,5
2019,10,PRT,m,temporary,1
2019,10,RUS,m,temporary,47
2019,10,ROU,m,temporary,15
2019,10,SRB,m,temporary,1
2019,10,SVK,m,temporary,1
2019,10,USA,m,temporary,1
2019,10,SYR,m,temporary,1
2019,10,SWE,m,temporary,2
2019,10,TJK,m,temporary,2
2019,10,TWN,m,temporary,1
2019,10,TZA,m,temporary,1
2019,10,TUN,m,temporary,2
2019,10,TUR,m,temporary,8
2019,10,UGA,m,temporary,1
2019,10,UKR,m,temporary,249
2019,10,UZB,m,temporary,2
2019,10,HUN,m,temporary,2
2019,10,GBR,m,temporary,4
2019,10,VNM,m,temporary,28
2019,10,ITA,m,temporary,1
2019,10,"",m,temporary,1
2019,10,"",m,temporary,7
2019,10,ALB,m,convicted,1
2019,10,DZA,m,convicted,6
2019,10,ARM,m,convicted,18
2019,10,AZE,m,convicted,2
2019,10,BLR,m,convicted,22
2019,10,BGR,m,convicted,29
2019,10,CHN,m,convicted,3
2019,10,CZE,m,convicted,7
2019,10,EGY,m,convicted,1
2019,10,GEO,m,convicted,25
2019,10,ESP,m,convicted,2
2019,10,NLD,m,convicted,4
2019,10,IND,m,convicted,2
2019,10,ISR,m,convicted,3
2019,10,CAN,m,convicted,1
2019,10,KEN,m,convicted,1
2019,10,KGZ,m,convicted,1
2019,10,KOR,m,convicted,1
2019,10,LBY,m,convicted,2
2019,10,LTU,m,convicted,15
2019,10,LVA,m,convicted,7
2019,10,MKD,m,convicted,2
2019,10,MAR,m,convicted,3
2019,10,MDA,m,convicted,16
2019,10,MNG,m,convicted,2
2019,10,NPL,m,convicted,1
2019,10,DEU,m,convicted,22
2019,10,NGA,m,convicted,7
2019,10,PAK,m,convicted,2
2019,10,PSE,m,convicted,2
2019,10,BIH,m,convicted,1
2019,10,RUS,m,convicted,41
2019,10,ROU,m,convicted,32
2019,10,SRB,m,convicted,8
2019,10,SVK,m,convicted,6
2019,10,SVN,m,convicted,1
2019,10,SYR,m,convicted,1
2019,10,SWE,m,convicted,1
2019,10,TZA,m,convicted,1
2019,10,TUN,m,convicted,1
2019,10,TUR,m,convicted,5
2019,10,UKR,m,convicted,211
2019,10,HUN,m,convicted,1
2019,10,VNM,m,convicted,23
2019,10,ITA,m,convicted,4
2019,10,"",m,convicted,7
2019,10,"",m,convicted,5
2019,10,GEO,m,punished,1
2019,10,RUS,m,punished,2
2019,10,UKR,m,punished,11
2019,10,ARM,f,temporary,1
2019,10,BEL,f,temporary,1
2019,10,BLR,f,temporary,2
2019,10,BRA,f,temporary,1
2019,10,BGR,f,temporary,1
2019,10,GEO,f,temporary,1
2019,10,ESP,f,temporary,2
2019,10,NLD,f,temporary,1
2019,10,COG,f,temporary,1
2019,10,MDA,f,temporary,2
2019,10,NGA,f,temporary,1
2019,10,RUS,f,temporary,2
2019,10,ROU,f,temporary,3
2019,10,SVK,f,temporary,1
2019,10,UKR,f,temporary,17
2019,10,HUN,f,temporary,1
2019,10,GBR,f,temporary,1
2019,10,VNM,f,temporary,2
2019,10,ITA,f,temporary,1
2019,10,BLR,f,convicted,1
2019,10,BGR,f,convicted,3
2019,10,DEU,f,convicted,1
2019,10,RUS,f,convicted,1
2019,10,ROU,f,convicted,3
2019,10,CHE,f,convicted,1
2019,10,UKR,f,convicted,9
2019,10,VEN,f,convicted,1
2019,10,VNM,f,convicted,3
2019,10,ITA,f,convicted,1
2019,10,UKR,f,punished,1
2019,11,SAU,m,temporary,1
2019,11,ARM,m,temporary,23
2019,11,AUS,m,temporary,1
2019,11,AUT,m,temporary,1
2019,11,AZE,m,temporary,1
2019,11,BGD,m,temporary,1
2019,11,BEL,m,temporary,4
2019,11,BLR,m,temporary,39
2019,11,BRA,m,temporary,1
2019,11,BGR,m,temporary,19
2019,11,CHN,m,temporary,6
2019,11,CZE,m,temporary,7
2019,11,DNK,m,temporary,3
2019,11,EGY,m,temporary,1
2019,11,EST,m,temporary,5
2019,11,FRA,m,temporary,2
2019,11,GRC,m,temporary,1
2019,11,GEO,m,temporary,84
2019,11,ESP,m,temporary,3
2019,11,NLD,m,temporary,4
2019,11,IND,m,temporary,6
2019,11,IRQ,m,temporary,1
2019,11,IRN,m,temporary,2
2019,11,ISR,m,temporary,2
2019,11,CAN,m,temporary,1
2019,11,KAZ,m,temporary,3
2019,11,KGZ,m,temporary,1
2019,11,KOR,m,temporary,1
2019,11,CRI,m,temporary,1
2019,11,LTU,m,temporary,15
2019,11,LVA,m,temporary,11
2019,11,MDA,m,temporary,12
2019,11,DEU,m,temporary,17
2019,11,NGA,m,temporary,5
2019,11,NZL,m,temporary,1
2019,11,PAK,m,temporary,1
2019,11,PAN,m,temporary,1
2019,11,PRY,m,temporary,5
2019,11,PRT,m,temporary,1
2019,11,RUS,m,temporary,46
2019,11,ROU,m,temporary,16
2019,11,SRB,m,temporary,2
2019,11,SVK,m,temporary,1
2019,11,USA,m,temporary,2
2019,11,SYR,m,temporary,1
2019,11,SWE,m,temporary,2
2019,11,TWN,m,temporary,1
2019,11,TZA,m,temporary,1
2019,11,TUN,m,temporary,3
2019,11,TUR,m,temporary,7
2019,11,UGA,m,temporary,1
2019,11,UKR,m,temporary,246
2019,11,UZB,m,temporary,2
2019,11,HUN,m,temporary,2
2019,11,GBR,m,temporary,5
2019,11,VNM,m,temporary,33
2019,11,ITA,m,temporary,1
2019,11,"",m,temporary,1
2019,11,"",m,temporary,4
2019,11,ALB,m,convicted,2
2019,11,DZA,m,convicted,6
2019,11,ARM,m,convicted,16
2019,11,AZE,m,convicted,2
2019,11,BLR,m,convicted,23
2019,11,BGR,m,convicted,27
2019,11,CHN,m,convicted,3
2019,11,CZE,m,convicted,7
2019,11,EGY,m,convicted,1
2019,11,GEO,m,convicted,27
2019,11,ESP,m,convicted,2
2019,11,NLD,m,convicted,4
2019,11,IND,m,convicted,2
2019,11,ISR,m,convicted,3
2019,11,CAN,m,convicted,1
2019,11,KEN,m,convicted,1
2019,11,KGZ,m,convicted,1
2019,11,KOR,m,convicted,1
2019,11,LBY,m,convicted,1
2019,11,LTU,m,convicted,14
2019,11,LVA,m,convicted,7
2019,11,MKD,m,convicted,2
2019,11,MAR,m,convicted,3
2019,11,MDA,m,convicted,17
2019,11,MNG,m,convicted,1
2019,11,NPL,m,convicted,1
2019,11,DEU,m,convicted,20
2019,11,NGA,m,convicted,7
2019,11,PAK,m,convicted,2
2019,11,PSE,m,convicted,2
2019,11,BIH,m,convicted,1
2019,11,RUS,m,convicted,42
2019,11,ROU,m,convicted,32
2019,11,SRB,m,convicted,7
2019,11,SVK,m,convicted,6
2019,11,SVN,m,convicted,1
2019,11,USA,m,convicted,1
2019,11,SYR,m,convicted,1
2019,11,SWE,m,convicted,1
2019,11,TZA,m,convicted,1
2019,11,TUR,m,convicted,5
2019,11,UKR,m,convicted,215
2019,11,HUN,m,convicted,1
2019,11,VNM,m,convicted,24
2019,11,ITA,m,convicted,3
2019,11,"",m,convicted,7
2019,11,"",m,convicted,3
2019,11,LBY,m,punished,1
2019,11,DEU,m,punished,1
2019,11,UKR,m,punished,15
2019,11,"",m,punished,1
2019,11,ARM,f,temporary,1
2019,11,BEL,f,temporary,1
2019,11,BLR,f,temporary,3
2019,11,BRA,f,temporary,2
2019,11,BGR,f,temporary,1
2019,11,GEO,f,temporary,2
2019,11,ESP,f,temporary,2
2019,11,NLD,f,temporary,1
2019,11,COG,f,temporary,1
2019,11,MDA,f,temporary,2
2019,11,DEU,f,temporary,1
2019,11,NGA,f,temporary,1
2019,11,RUS,f,temporary,3
2019,11,ROU,f,temporary,5
2019,11,SVK,f,temporary,1
2019,11,UKR,f,temporary,19
2019,11,HUN,f,temporary,1
2019,11,GBR,f,temporary,1
2019,11,VNM,f,temporary,2
2019,11,ITA,f,temporary,1
2019,11,BLR,f,convicted,1
2019,11,BGR,f,convicted,3
2019,11,DEU,f,convicted,1
2019,11,RUS,f,convicted,1
2019,11,ROU,f,convicted,3
2019,11,CHE,f,convicted,1
2019,11,UKR,f,convicted,10
2019,11,VEN,f,convicted,1
2019,11,VNM,f,convicted,3
2019,11,ITA,f,convicted,1
2019,11,"",f,convicted,1
2019,11,RUS,f,punished,1
2019,11,UKR,f,punished,3
2019,12,SAU,m,temporary,1
2019,12,ARM,m,temporary,23
2019,12,AUS,m,temporary,1
2019,12,AUT,m,temporary,1
2019,12,AZE,m,temporary,1
2019,12,BGD,m,temporary,1
2019,12,BEL,m,temporary,3
2019,12,BLR,m,temporary,43
2019,12,BRA,m,temporary,1
2019,12,BGR,m,temporary,17
2019,12,CHN,m,temporary,6
2019,12,CZE,m,temporary,6
2019,12,DNK,m,temporary,1
2019,12,EGY,m,temporary,1
2019,12,EST,m,temporary,4
2019,12,FRA,m,temporary,2
2019,12,GRC,m,temporary,3
2019,12,GEO,m,temporary,83
2019,12,ESP,m,temporary,2
2019,12,NLD,m,temporary,3
2019,12,IND,m,temporary,5
2019,12,IRN,m,temporary,3
2019,12,ISR,m,temporary,2
2019,12,CAN,m,temporary,1
2019,12,KAZ,m,temporary,3
2019,12,COL,m,temporary,4
2019,12,KOR,m,temporary,1
2019,12,CRI,m,temporary,1
2019,12,LTU,m,temporary,15
2019,12,LVA,m,temporary,9
2019,12,MKD,m,temporary,1
2019,12,MDA,m,temporary,11
2019,12,DEU,m,temporary,17
2019,12,NGA,m,temporary,5
2019,12,NOR,m,temporary,1
2019,12,PAK,m,temporary,1
2019,12,PAN,m,temporary,1
2019,12,PRY,m,temporary,5
2019,12,PRT,m,temporary,1
2019,12,RUS,m,temporary,38
2019,12,ROU,m,temporary,18
2019,12,SRB,m,temporary,2
2019,12,SVK,m,temporary,1
2019,12,USA,m,temporary,2
2019,12,SYR,m,temporary,1
2019,12,SWE,m,temporary,2
2019,12,TWN,m,temporary,1
2019,12,TUN,m,temporary,2
2019,12,TUR,m,temporary,8
2019,12,UGA,m,temporary,1
2019,12,UKR,m,temporary,225
2019,12,UZB,m,temporary,2
2019,12,HUN,m,temporary,2
2019,12,GBR,m,temporary,4
2019,12,VNM,m,temporary,33
2019,12,"",m,temporary,1
2019,12,"",m,temporary,5
2019,12,ALB,m,convicted,2
2019,12,DZA,m,convicted,6
2019,12,ARM,m,convicted,17
2019,12,AZE,m,convicted,2
2019,12,BLR,m,convicted,24
2019,12,BGR,m,convicted,27
2019,12,CHN,m,convicted,4
2019,12,HRV,m,convicted,1
2019,12,CZE,m,convicted,6
2019,12,EGY,m,convicted,1
2019,12,GEO,m,convicted,30
2019,12,ESP,m,convicted,2
2019,12,NLD,m,convicted,3
2019,12,IND,m,convicted,2
2019,12,ISR,m,convicted,2
2019,12,CAN,m,convicted,1
2019,12,KEN,m,convicted,1
2019,12,KGZ,m,convicted,1
2019,12,KOR,m,convicted,1
2019,12,LBY,m,convicted,2
2019,12,LTU,m,convicted,17
2019,12,LVA,m,convicted,5
2019,12,MKD,m,convicted,2
2019,12,MAR,m,convicted,3
2019,12,MDA,m,convicted,17
2019,12,MNG,m,convicted,1
2019,12,NPL,m,convicted,1
2019,12,DEU,m,convicted,21
2019,12,NGA,m,convicted,6
2019,12,NZL,m,convicted,1
2019,12,PAK,m,convicted,2
2019,12,PSE,m,convicted,2
2019,12,BIH,m,convicted,1
2019,12,RUS,m,convicted,43
2019,12,ROU,m,convicted,36
2019,12,SRB,m,convicted,7
2019,12,SVK,m,convicted,7
2019,12,SVN,m,convicted,1
2019,12,USA,m,convicted,1
2019,12,SYR,m,convicted,1
2019,12,SWE,m,convicted,1
2019,12,TZA,m,convicted,1
2019,12,TUR,m,convicted,4
2019,12,UKR,m,convicted,230
2019,12,HUN,m,convicted,1
2019,12,VNM,m,convicted,23
2019,12,ITA,m,convicted,3
2019,12,"",m,convicted,7
2019,12,"",m,convicted,5
2019,12,BLR,m,punished,2
2019,12,LTU,m,punished,1
2019,12,MDA,m,punished,1
2019,12,UKR,m,punished,13
2019,12,ARM,f,temporary,1
2019,12,BEL,f,temporary,1
2019,12,BLR,f,temporary,4
2019,12,BRA,f,temporary,2
2019,12,BGR,f,temporary,2
2019,12,GEO,f,temporary,2
2019,12,ESP,f,temporary,2
2019,12,NLD,f,temporary,1
2019,12,MDA,f,temporary,1
2019,12,DEU,f,temporary,1
2019,12,NGA,f,temporary,1
2019,12,RUS,f,temporary,3
2019,12,ROU,f,temporary,4
2019,12,UKR,f,temporary,14
2019,12,HUN,f,temporary,1
2019,12,GBR,f,temporary,1
2019,12,VNM,f,temporary,1
2019,12,BLR,f,convicted,1
2019,12,BGR,f,convicted,1
2019,12,COG,f,convicted,1
2019,12,DEU,f,convicted,1
2019,12,RUS,f,convicted,1
2019,12,ROU,f,convicted,3
2019,12,CHE,f,convicted,1
2019,12,UKR,f,convicted,10
2019,12,VEN,f,convicted,1
2019,12,VNM,f,convicted,3
2019,12,ITA,f,convicted,2
2019,12,UKR,f,punished,3
2020,1,SAU,m,temporary,1
2020,1,ARM,m,temporary,24
2020,1,AUS,m,temporary,1
2020,1,AUT,m,temporary,2
2020,1,AZE,m,temporary,2
2020,1,BGD,m,temporary,1
2020,1,BEL,m,temporary,3
2020,1,BLR,m,temporary,35
2020,1,BRA,m,temporary,1
2020,1,BGR,m,temporary,18
2020,1,CHN,m,temporary,5
2020,1,CZE,m,temporary,11
2020,1,DNK,m,temporary,1
2020,1,EGY,m,temporary,1
2020,1,EST,m,temporary,4
2020,1,FRA,m,temporary,2
2020,1,GRC,m,temporary,3
2020,1,GEO,m,temporary,90
2020,1,ESP,m,temporary,2
2020,1,NLD,m,temporary,4
2020,1,IND,m,temporary,6
2020,1,IRN,m,temporary,3
2020,1,ISR,m,temporary,1
2020,1,CAN,m,temporary,1
2020,1,KAZ,m,temporary,2
2020,1,COL,m,temporary,4
2020,1,KOR,m,temporary,1
2020,1,CRI,m,temporary,1
2020,1,LTU,m,temporary,16
2020,1,LVA,m,temporary,8
2020,1,MKD,m,temporary,1
2020,1,MDA,m,temporary,13
2020,1,DEU,m,temporary,15
2020,1,NGA,m,temporary,5
2020,1,NOR,m,temporary,1
2020,1,PAK,m,temporary,1
2020,1,PAN,m,temporary,1
2020,1,PRY,m,temporary,5
2020,1,PRT,m,temporary,1
2020,1,RUS,m,temporary,38
2020,1,ROU,m,temporary,17
2020,1,SRB,m,temporary,1
2020,1,SVK,m,temporary,1
2020,1,USA,m,temporary,2
2020,1,SYR,m,temporary,1
2020,1,SWE,m,temporary,2
2020,1,TWN,m,temporary,1
2020,1,TUN,m,temporary,1
2020,1,TUR,m,temporary,9
2020,1,UGA,m,temporary,1
2020,1,UKR,m,temporary,226
2020,1,UZB,m,temporary,1
2020,1,HUN,m,temporary,2
2020,1,GBR,m,temporary,4
2020,1,VNM,m,temporary,32
2020,1,"",m,temporary,1
2020,1,"",m,temporary,2
2020,1,ALB,m,convicted,2
2020,1,DZA,m,convicted,6
2020,1,ARM,m,convicted,19
2020,1,AZE,m,convicted,2
2020,1,BLR,m,convicted,25
2020,1,BGR,m,convicted,27
2020,1,CHN,m,convicted,4
2020,1,CZE,m,convicted,6
2020,1,EGY,m,convicted,1
2020,1,GEO,m,convicted,34
2020,1,ESP,m,convicted,2
2020,1,NLD,m,convicted,2
2020,1,IND,m,convicted,2
2020,1,ISR,m,convicted,3
2020,1,CAN,m,convicted,1
2020,1,KEN,m,convicted,1
2020,1,KGZ,m,convicted,1
2020,1,KOR,m,convicted,1
2020,1,LBY,m,convicted,1
2020,1,LTU,m,convicted,16
2020,1,LVA,m,convicted,6
2020,1,MKD,m,convicted,1
2020,1,MAR,m,convicted,3
2020,1,MDA,m,convicted,16
2020,1,MNG,m,convicted,1
2020,1,NPL,m,convicted,1
2020,1,DEU,m,convicted,19
2020,1,NGA,m,convicted,5
2020,1,NZL,m,convicted,1
2020,1,PAK,m,convicted,3
2020,1,PSE,m,convicted,2
2020,1,BIH,m,convicted,1
2020,1,RUS,m,convicted,41
2020,1,ROU,m,convicted,36
2020,1,SRB,m,convicted,7
2020,1,SVK,m,convicted,7
2020,1,SVN,m,convicted,1
2020,1,USA,m,convicted,1
2020,1,SYR,m,convicted,1
2020,1,TZA,m,convicted,1
2020,1,TUN,m,convicted,1
2020,1,TUR,m,convicted,4
2020,1,UKR,m,convicted,226
2020,1,HUN,m,convicted,1
2020,1,VNM,m,convicted,22
2020,1,ITA,m,convicted,3
2020,1,"",m,convicted,8
2020,1,"",m,convicted,8
2020,1,ARM,m,punished,1
2020,1,BLR,m,punished,2
2020,1,LTU,m,punished,1
2020,1,RUS,m,punished,1
2020,1,UKR,m,punished,10
2020,1,UZB,m,punished,1
2020,1,BEL,f,temporary,1
2020,1,BLR,f,temporary,3
2020,1,BRA,f,temporary,2
2020,1,BGR,f,temporary,1
2020,1,GEO,f,temporary,2
2020,1,ESP,f,temporary,2
2020,1,NLD,f,temporary,1
2020,1,MDA,f,temporary,1
2020,1,DEU,f,temporary,1
2020,1,NGA,f,temporary,1
2020,1,RUS,f,temporary,2
2020,1,ROU,f,temporary,2
2020,1,UKR,f,temporary,17
2020,1,GBR,f,temporary,1
2020,1,VNM,f,temporary,1
2020,1,BLR,f,convicted,1
2020,1,BGR,f,convicted,1
2020,1,COG,f,convicted,1
2020,1,DEU,f,convicted,1
2020,1,RUS,f,convicted,1
2020,1,ROU,f,convicted,5
2020,1,SVK,f,convicted,1
2020,1,UKR,f,convicted,8
2020,1,HUN,f,convicted,1
2020,1,VNM,f,convicted,3
2020,1,ITA,f,convicted,2
2020,1,DEU,f,punished,1
2020,1,UKR,f,punished,6
2020,1,"",f,punished,1
2020,2,DZA,m,temporary,2
2020,2,SAU,m,temporary,1
2020,2,ARM,m,temporary,22
2020,2,AUS,m,temporary,1
2020,2,AUT,m,temporary,1
2020,2,AZE,m,temporary,2
2020,2,BGD,m,temporary,1
2020,2,BEL,m,temporary,3
2020,2,BLR,m,temporary,34
2020,2,BRA,m,temporary,1
2020,2,BGR,m,temporary,19
2020,2,CHN,m,temporary,5
2020,2,CZE,m,temporary,8
2020,2,DNK,m,temporary,1
2020,2,EGY,m,temporary,2
2020,2,EST,m,temporary,3
2020,2,FRA,m,temporary,3
2020,2,GRC,m,temporary,2
2020,2,GEO,m,temporary,98
2020,2,ESP,m,temporary,2
2020,2,NLD,m,temporary,4
2020,2,IND,m,temporary,9
2020,2,IRN,m,temporary,2
2020,2,ISR,m,temporary,1
2020,2,CAN,m,temporary,1
2020,2,KAZ,m,temporary,2
2020,2,KGZ,m,temporary,1
2020,2,COL,m,temporary,4
2020,2,CRI,m,temporary,1
2020,2,LBN,m,temporary,1
2020,2,LTU,m,temporary,16
2020,2,LVA,m,temporary,9
2020,2,MKD,m,temporary,1
2020,2,MDA,m,temporary,12
2020,2,DEU,m,temporary,13
2020,2,NGA,m,temporary,4
2020,2,NOR,m,temporary,1
2020,2,PAK,m,temporary,1
2020,2,PAN,m,temporary,1
2020,2,PRY,m,temporary,5
2020,2,RUS,m,temporary,40
2020,2,ROU,m,temporary,18
2020,2,SRB,m,temporary,1
2020,2,SVK,m,temporary,2
2020,2,SVN,m,temporary,1
2020,2,USA,m,temporary,1
2020,2,SYR,m,temporary,1
2020,2,SWE,m,temporary,2
2020,2,TWN,m,temporary,1
2020,2,TUN,m,temporary,1
2020,2,TUR,m,temporary,10
2020,2,UGA,m,temporary,1
2020,2,UKR,m,temporary,223
2020,2,UZB,m,temporary,3
2020,2,HUN,m,temporary,2
2020,2,GBR,m,temporary,4
2020,2,VNM,m,temporary,34
2020,2,ITA,m,temporary,2
2020,2,"",m,temporary,1
2020,2,"",m,temporary,3
2020,2,ALB,m,convicted,2
2020,2,DZA,m,convicted,5
2020,2,ARM,m,convicted,21
2020,2,AZE,m,convicted,2
2020,2,BLR,m,convicted,25
2020,2,BGR,m,convicted,31
2020,2,CHN,m,convicted,4
2020,2,CZE,m,convicted,8
2020,2,EGY,m,convicted,1
2020,2,EST,m,convicted,1
2020,2,GEO,m,convicted,35
2020,2,ESP,m,convicted,1
2020,2,NLD,m,convicted,2
2020,2,IND,m,convicted,2
2020,2,ISR,m,convicted,3
2020,2,CAN,m,convicted,1
2020,2,KEN,m,convicted,1
2020,2,KGZ,m,convicted,1
2020,2,KOR,m,convicted,1
2020,2,LBY,m,convicted,1
2020,2,LTU,m,convicted,14
2020,2,LVA,m,convicted,6
2020,2,MKD,m,convicted,1
2020,2,MAR,m,convicted,2
2020,2,MEX,m,convicted,1
2020,2,MDA,m,convicted,14
2020,2,MNG,m,convicted,1
2020,2,DEU,m,convicted,20
2020,2,NGA,m,convicted,5
2020,2,NZL,m,convicted,1
2020,2,PAK,m,convicted,3
2020,2,PSE,m,convicted,2
2020,2,PRT,m,convicted,1
2020,2,BIH,m,convicted,1
2020,2,RUS,m,convicted,44
2020,2,ROU,m,convicted,33
2020,2,SRB,m,convicted,7
2020,2,SVK,m,convicted,7
2020,2,SVN,m,convicted,1
2020,2,USA,m,convicted,3
2020,2,SYR,m,convicted,1
2020,2,TZA,m,convicted,1
2020,2,TUN,m,convicted,1
2020,2,TUR,m,convicted,3
2020,2,UKR,m,convicted,226
2020,2,HUN,m,convicted,1
2020,2,VNM,m,convicted,23
2020,2,ITA,m,convicted,3
2020,2,"",m,convicted,8
2020,2,"",m,convicted,8
2020,2,ARM,m,punished,1
2020,2,BLR,m,punished,2
2020,2,UKR,m,punished,16
2020,2,BEL,f,temporary,1
2020,2,BLR,f,temporary,3
2020,2,BRA,f,temporary,2
2020,2,GEO,f,temporary,2
2020,2,ESP,f,temporary,2
2020,2,MDA,f,temporary,1
2020,2,DEU,f,temporary,1
2020,2,NGA,f,temporary,1
2020,2,RUS,f,temporary,2
2020,2,ROU,f,temporary,2
2020,2,UKR,f,temporary,14
2020,2,VNM,f,temporary,1
2020,2,BLR,f,convicted,1
2020,2,BGR,f,convicted,2
2020,2,NLD,f,convicted,1
2020,2,COG,f,convicted,1
2020,2,DEU,f,convicted,1
2020,2,RUS,f,convicted,1
2020,2,ROU,f,convicted,5
2020,2,SVK,f,convicted,1
2020,2,UKR,f,convicted,9
2020,2,HUN,f,convicted,1
2020,2,GBR,f,convicted,1
2020,2,VNM,f,convicted,3
2020,2,ITA,f,convicted,2
2020,3,DZA,m,temporary,2
2020,3,SAU,m,temporary,1
2020,3,ARM,m,temporary,13
2020,3,AUS,m,temporary,1
2020,3,AZE,m,temporary,2
2020,3,BGD,m,temporary,1
2020,3,BEL,m,temporary,3
2020,3,BLR,m,temporary,31
2020,3,BRA,m,temporary,1
2020,3,BGR,m,temporary,22
2020,3,CHN,m,temporary,6
2020,3,CZE,m,temporary,10
2020,3,DNK,m,temporary,1
2020,3,EGY,m,temporary,1
2020,3,EST,m,temporary,3
2020,3,FRA,m,temporary,4
2020,3,GRC,m,temporary,2
2020,3,GEO,m,temporary,97
2020,3,ESP,m,temporary,2
2020,3,NLD,m,temporary,3
2020,3,IND,m,temporary,9
2020,3,IRN,m,temporary,2
2020,3,CAN,m,temporary,1
2020,3,KAZ,m,temporary,2
2020,3,KGZ,m,temporary,1
2020,3,COL,m,temporary,4
2020,3,CRI,m,temporary,1
2020,3,LBN,m,temporary,1
2020,3,LTU,m,temporary,13
2020,3,LVA,m,temporary,7
2020,3,MKD,m,temporary,1
2020,3,MDA,m,temporary,12
2020,3,DEU,m,temporary,12
2020,3,NGA,m,temporary,4
2020,3,NOR,m,temporary,1
2020,3,PAK,m,temporary,1
2020,3,PAN,m,temporary,1
2020,3,PRY,m,temporary,5
2020,3,RUS,m,temporary,35
2020,3,ROU,m,temporary,18
2020,3,SRB,m,temporary,2
2020,3,SVK,m,temporary,1
2020,3,SVN,m,temporary,1
2020,3,USA,m,temporary,1
2020,3,SYR,m,temporary,1
2020,3,SWE,m,temporary,2
2020,3,TWN,m,temporary,1
2020,3,TUR,m,temporary,8
2020,3,TKM,m,temporary,1
2020,3,UGA,m,temporary,1
2020,3,UKR,m,temporary,203
2020,3,UZB,m,temporary,2
2020,3,HUN,m,temporary,1
2020,3,GBR,m,temporary,4
2020,3,VNM,m,temporary,32
2020,3,ITA,m,temporary,2
2020,3,"",m,temporary,1
2020,3,"",m,temporary,3
2020,3,ALB,m,convicted,2
2020,3,DZA,m,convicted,6
2020,3,ARM,m,convicted,25
2020,3,AZE,m,convicted,2
2020,3,BLR,m,convicted,25
2020,3,BGR,m,convicted,32
2020,3,CHN,m,convicted,4
2020,3,CZE,m,convicted,7
2020,3,EGY,m,convicted,1
2020,3,EST,m,convicted,1
2020,3,GEO,m,convicted,34
2020,3,ESP,m,convicted,1
2020,3,NLD,m,convicted,2
2020,3,IND,m,convicted,3
2020,3,ISR,m,convicted,3
2020,3,CAN,m,convicted,1
2020,3,KGZ,m,convicted,1
2020,3,KOR,m,convicted,1
2020,3,LBY,m,convicted,1
2020,3,LTU,m,convicted,16
2020,3,LVA,m,convicted,6
2020,3,MKD,m,convicted,1
2020,3,MAR,m,convicted,1
2020,3,MEX,m,convicted,1
2020,3,MDA,m,convicted,13
2020,3,MNG,m,convicted,1
2020,3,DEU,m,convicted,22
2020,3,NGA,m,convicted,5
2020,3,NZL,m,convicted,1
2020,3,PAK,m,convicted,3
2020,3,PSE,m,convicted,2
2020,3,PRT,m,convicted,1
2020,3,BIH,m,convicted,1
2020,3,RUS,m,convicted,42
2020,3,ROU,m,convicted,31
2020,3,SRB,m,convicted,7
2020,3,SVK,m,convicted,7
2020,3,SVN,m,convicted,1
2020,3,USA,m,convicted,2
2020,3,SYR,m,convicted,1
2020,3,TZA,m,convicted,1
2020,3,TUN,m,convicted,2
2020,3,TUR,m,convicted,2
2020,3,UKR,m,convicted,207
2020,3,HUN,m,convicted,1
2020,3,GBR,m,convicted,1
2020,3,VNM,m,convicted,23
2020,3,ITA,m,convicted,3
2020,3,"",m,convicted,6
2020,3,"",m,convicted,9
2020,3,UKR,m,punished,8
2020,3,BLR,f,temporary,3
2020,3,BRA,f,temporary,2
2020,3,BGR,f,temporary,2
2020,3,ESP,f,temporary,2
2020,3,DEU,f,temporary,1
2020,3,NGA,f,temporary,1
2020,3,RUS,f,temporary,2
2020,3,ROU,f,temporary,2
2020,3,UKR,f,temporary,13
2020,3,VNM,f,temporary,1
2020,3,BLR,f,convicted,1
2020,3,BGR,f,convicted,2
2020,3,GEO,f,convicted,1
2020,3,NLD,f,convicted,1
2020,3,COG,f,convicted,1
2020,3,DEU,f,convicted,1
2020,3,RUS,f,convicted,1
2020,3,ROU,f,convicted,6
2020,3,SVK,f,convicted,1
2020,3,UKR,f,convicted,10
2020,3,HUN,f,convicted,1
2020,3,GBR,f,convicted,1
2020,3,VNM,f,convicted,3
2020,3,ITA,f,convicted,2
2020,3,"",f,convicted,1
2020,4,SAU,m,temporary,1
2020,4,ARM,m,temporary,9
2020,4,AUS,m,temporary,1
2020,4,AZE,m,temporary,1
2020,4,BGD,m,temporary,1
2020,4,BEL,m,temporary,3
2020,4,BLR,m,temporary,30
2020,4,BGR,m,temporary,21
2020,4,CHN,m,temporary,9
2020,4,CZE,m,temporary,9
2020,4,DNK,m,temporary,1
2020,4,EGY,m,temporary,1
2020,4,EST,m,temporary,3
2020,4,FRA,m,temporary,3
2020,4,GRC,m,temporary,2
2020,4,GEO,m,temporary,84
2020,4,ESP,m,temporary,1
2020,4,NLD,m,temporary,3
2020,4,IND,m,temporary,6
2020,4,IRN,m,temporary,2
2020,4,JOR,m,temporary,1
2020,4,CMR,m,temporary,1
2020,4,CAN,m,temporary,1
2020,4,KAZ,m,temporary,2
2020,4,KGZ,m,temporary,1
2020,4,COL,m,temporary,4
2020,4,CRI,m,temporary,1
2020,4,LBN,m,temporary,1
2020,4,LTU,m,temporary,11
2020,4,LVA,m,temporary,6
2020,4,MKD,m,temporary,1
2020,4,MDA,m,temporary,17
2020,4,DEU,m,temporary,10
2020,4,NGA,m,temporary,4
2020,4,NOR,m,temporary,1
2020,4,PAK,m,temporary,1
2020,4,PAN,m,temporary,1
2020,4,RUS,m,temporary,21
2020,4,ROU,m,temporary,14
2020,4,SRB,m,temporary,3
2020,4,SVN,m,temporary,1
2020,4,USA,m,temporary,1
2020,4,SYR,m,temporary,1
2020,4,SWE,m,temporary,3
2020,4,TWN,m,temporary,1
2020,4,TUR,m,temporary,8
2020,4,TKM,m,temporary,1
2020,4,UGA,m,temporary,1
2020,4,UKR,m,temporary,200
2020,4,UZB,m,temporary,2
2020,4,HUN,m,temporary,1
2020,4,GBR,m,temporary,3
2020,4,VNM,m,temporary,29
2020,4,ITA,m,temporary,2
2020,4,"",m,temporary,1
2020,4,"",m,temporary,4
2020,4,ALB,m,convicted,2
2020,4,DZA,m,convicted,5
2020,4,ARM,m,convicted,23
2020,4,AZE,m,convicted,2
2020,4,BLR,m,convicted,21
2020,4,BGR,m,convicted,34
2020,4,CHN,m,convicted,4
2020,4,CZE,m,convicted,9
2020,4,EGY,m,convicted,1
2020,4,EST,m,convicted,1
2020,4,GEO,m,convicted,34
2020,4,ESP,m,convicted,1
2020,4,NLD,m,convicted,2
2020,4,IND,m,convicted,3
2020,4,ISR,m,convicted,3
2020,4,CAN,m,convicted,1
2020,4,KGZ,m,convicted,1
2020,4,KOR,m,convicted,1
2020,4,LBY,m,convicted,1
2020,4,LTU,m,convicted,17
2020,4,LVA,m,convicted,6
2020,4,MKD,m,convicted,1
2020,4,MAR,m,convicted,2
2020,4,MEX,m,convicted,1
2020,4,MDA,m,convicted,12
2020,4,DEU,m,convicted,23
2020,4,NGA,m,convicted,5
2020,4,NZL,m,convicted,1
2020,4,PAK,m,convicted,3
2020,4,PSE,m,convicted,2
2020,4,PRT,m,convicted,1
2020,4,BIH,m,convicted,1
2020,4,RUS,m,convicted,40
2020,4,ROU,m,convicted,30
2020,4,SRB,m,convicted,6
2020,4,SVK,m,convicted,7
2020,4,SYR,m,convicted,1
2020,4,TZA,m,convicted,1
2020,4,TUN,m,convicted,1
2020,4,TUR,m,convicted,1
2020,4,UKR,m,convicted,194
2020,4,HUN,m,convicted,1
2020,4,GBR,m,convicted,1
2020,4,VNM,m,convicted,21
2020,4,ITA,m,convicted,3
2020,4,"",m,convicted,6
2020,4,"",m,convicted,8
2020,4,MDA,m,punished,1
2020,4,UKR,m,punished,3
2020,4,BLR,f,temporary,3
2020,4,BRA,f,temporary,2
2020,4,BGR,f,temporary,1
2020,4,ESP,f,temporary,2
2020,4,NGA,f,temporary,1
2020,4,RUS,f,temporary,2
2020,4,ROU,f,temporary,1
2020,4,UKR,f,temporary,13
2020,4,VNM,f,temporary,1
2020,4,BLR,f,convicted,1
2020,4,BGR,f,convicted,3
2020,4,GEO,f,convicted,1
2020,4,NLD,f,convicted,1
2020,4,COG,f,convicted,1
2020,4,DEU,f,convicted,1
2020,4,RUS,f,convicted,1
2020,4,ROU,f,convicted,6
2020,4,SVK,f,convicted,1
2020,4,UKR,f,convicted,10
2020,4,HUN,f,convicted,1
2020,4,GBR,f,convicted,1
2020,4,VNM,f,convicted,3
2020,4,ITA,f,convicted,2
2020,4,"",f,convicted,1
2020,5,SAU,m,temporary,1
2020,5,ARM,m,temporary,9
2020,5,AUS,m,temporary,1
2020,5,AZE,m,temporary,1
2020,5,BGD,m,temporary,1
2020,5,BEL,m,temporary,3
2020,5,BLR,m,temporary,26
2020,5,BGR,m,temporary,18
2020,5,CHN,m,temporary,9
2020,5,CZE,m,temporary,6
2020,5,DNK,m,temporary,1
2020,5,EST,m,temporary,3
2020,5,FRA,m,temporary,3
2020,5,GRC,m,temporary,2
2020,5,GEO,m,temporary,78
2020,5,ESP,m,temporary,1
2020,5,NLD,m,temporary,3
2020,5,IND,m,temporary,7
2020,5,IRN,m,temporary,2
2020,5,JOR,m,temporary,1
2020,5,"",m,temporary,1
2020,5,CMR,m,temporary,1
2020,5,CAN,m,temporary,1
2020,5,KAZ,m,temporary,2
2020,5,KGZ,m,temporary,1
2020,5,COL,m,temporary,4
2020,5,CRI,m,temporary,1
2020,5,LBN,m,temporary,1
2020,5,LTU,m,temporary,12
2020,5,LVA,m,temporary,5
2020,5,MKD,m,temporary,1
2020,5,MDA,m,temporary,20
2020,5,DEU,m,temporary,9
2020,5,NGA,m,temporary,4
2020,5,NOR,m,temporary,1
2020,5,PAK,m,temporary,2
2020,5,PAN,m,temporary,1
2020,5,RUS,m,temporary,19
2020,5,ROU,m,temporary,13
2020,5,SRB,m,temporary,7
2020,5,USA,m,temporary,1
2020,5,SWE,m,temporary,3
2020,5,TWN,m,temporary,1
2020,5,TUR,m,temporary,6
2020,5,TKM,m,temporary,1
2020,5,UGA,m,temporary,1
2020,5,UKR,m,temporary,206
2020,5,UZB,m,temporary,2
2020,5,HUN,m,temporary,1
2020,5,GBR,m,temporary,3
2020,5,VNM,m,temporary,27
2020,5,ITA,m,temporary,2
2020,5,"",m,temporary,1
2020,5,"",m,temporary,4
2020,5,ALB,m,convicted,2
2020,5,DZA,m,convicted,5
2020,5,ARM,m,convicted,23
2020,5,AZE,m,convicted,2
2020,5,BLR,m,convicted,22
2020,5,BGR,m,convicted,33
2020,5,CHN,m,convicted,4
2020,5,CZE,m,convicted,6
2020,5,EGY,m,convicted,2
2020,5,EST,m,convicted,1
2020,5,GEO,m,convicted,33
2020,5,ESP,m,convicted,1
2020,5,NLD,m,convicted,2
2020,5,IND,m,convicted,2
2020,5,ISR,m,convicted,3
2020,5,CMR,m,convicted,1
2020,5,CAN,m,convicted,1
2020,5,KGZ,m,convicted,1
2020,5,KOR,m,convicted,1
2020,5,LBY,m,convicted,1
2020,5,LTU,m,convicted,16
2020,5,LVA,m,convicted,6
2020,5,MKD,m,convicted,1
2020,5,MAR,m,convicted,2
2020,5,MEX,m,convicted,1
2020,5,MDA,m,convicted,11
2020,5,DEU,m,convicted,23
2020,5,NGA,m,convicted,7
2020,5,NZL,m,convicted,1
2020,5,PAK,m,convicted,2
2020,5,PSE,m,convicted,2
2020,5,PRT,m,convicted,1
2020,5,BIH,m,convicted,1
2020,5,RUS,m,convicted,38
2020,5,ROU,m,convicted,28
2020,5,SRB,m,convicted,6
2020,5,SVK,m,convicted,8
2020,5,SYR,m,convicted,1
2020,5,TZA,m,convicted,1
2020,5,TUN,m,convicted,1
2020,5,TUR,m,convicted,1
2020,5,UKR,m,convicted,191
2020,5,HUN,m,convicted,2
2020,5,VNM,m,convicted,23
2020,5,ITA,m,convicted,3
2020,5,"",m,convicted,7
2020,5,"",m,convicted,6
2020,5,BLR,m,punished,2
2020,5,BGR,m,punished,1
2020,5,RUS,m,punished,1
2020,5,SVK,m,punished,1
2020,5,UKR,m,punished,4
2020,5,BLR,f,temporary,4
2020,5,BRA,f,temporary,2
2020,5,BGR,f,temporary,1
2020,5,ESP,f,temporary,2
2020,5,NGA,f,temporary,1
2020,5,RUS,f,temporary,2
2020,5,ROU,f,temporary,1
2020,5,UKR,f,temporary,14
2020,5,VNM,f,temporary,1
2020,5,BLR,f,convicted,1
2020,5,BGR,f,convicted,3
2020,5,GEO,f,convicted,1
2020,5,NLD,f,convicted,1
2020,5,COG,f,convicted,1
2020,5,LTU,f,convicted,1
2020,5,DEU,f,convicted,1
2020,5,RUS,f,convicted,1
2020,5,ROU,f,convicted,4
2020,5,SVK,f,convicted,1
2020,5,UKR,f,convicted,8
2020,5,HUN,f,convicted,1
2020,5,GBR,f,convicted,1
2020,5,VNM,f,convicted,3
2020,5,ITA,f,convicted,2
2020,5,"",f,convicted,1
2020,6,DZA,m,temporary,1
2020,6,SAU,m,temporary,1
2020,6,ARM,m,temporary,10
2020,6,AUS,m,temporary,1
2020,6,AZE,m,temporary,1
2020,6,BGD,m,temporary,2
2020,6,BEL,m,temporary,3
2020,6,BLR,m,temporary,21
2020,6,BGR,m,temporary,19
2020,6,CHN,m,temporary,9
2020,6,CZE,m,temporary,5
2020,6,DNK,m,temporary,1
2020,6,EST,m,temporary,3
2020,6,FRA,m,temporary,2
2020,6,GRC,m,temporary,2
2020,6,GEO,m,temporary,70
2020,6,ESP,m,temporary,1
2020,6,NLD,m,temporary,4
2020,6,IND,m,temporary,7
2020,6,IRN,m,temporary,3
2020,6,JOR,m,temporary,1
2020,6,CMR,m,temporary,3
2020,6,CAN,m,temporary,1
2020,6,KAZ,m,temporary,2
2020,6,KGZ,m,temporary,2
2020,6,COL,m,temporary,4
2020,6,CRI,m,temporary,1
2020,6,LBN,m,temporary,1
2020,6,LTU,m,temporary,13
2020,6,LVA,m,temporary,5
2020,6,MKD,m,temporary,1
2020,6,MDA,m,temporary,20
2020,6,DEU,m,temporary,9
2020,6,NGA,m,temporary,5
2020,6,NOR,m,temporary,1
2020,6,PAK,m,temporary,1
2020,6,PAN,m,temporary,1
2020,6,ZAF,m,temporary,1
2020,6,RUS,m,temporary,19
2020,6,ROU,m,temporary,13
2020,6,SRB,m,temporary,6
2020,6,SVK,m,temporary,2
2020,6,USA,m,temporary,1
2020,6,SWE,m,temporary,3
2020,6,TWN,m,temporary,1
2020,6,TUR,m,temporary,6
2020,6,TKM,m,temporary,1
2020,6,UGA,m,temporary,1
2020,6,UKR,m,temporary,191
2020,6,UZB,m,temporary,1
2020,6,HUN,m,temporary,1
2020,6,GBR,m,temporary,3
2020,6,VNM,m,temporary,28
2020,6,ITA,m,temporary,2
2020,6,"",m,temporary,1
2020,6,"",m,temporary,5
2020,6,ALB,m,convicted,2
2020,6,DZA,m,convicted,6
2020,6,ARM,m,convicted,24
2020,6,AZE,m,convicted,2
2020,6,BLR,m,convicted,22
2020,6,BGR,m,convicted,32
2020,6,CHN,m,convicted,4
2020,6,CZE,m,convicted,5
2020,6,EGY,m,convicted,2
2020,6,EST,m,convicted,2
2020,6,FRA,m,convicted,1
2020,6,GEO,m,convicted,31
2020,6,NLD,m,convicted,2
2020,6,IND,m,convicted,2
2020,6,ISR,m,convicted,3
2020,6,CMR,m,convicted,1
2020,6,CAN,m,convicted,1
2020,6,KGZ,m,convicted,1
2020,6,KOR,m,convicted,1
2020,6,LBY,m,convicted,1
2020,6,LTU,m,convicted,15
2020,6,LVA,m,convicted,6
2020,6,MKD,m,convicted,1
2020,6,MAR,m,convicted,1
2020,6,MEX,m,convicted,1
2020,6,MDA,m,convicted,12
2020,6,DEU,m,convicted,22
2020,6,NGA,m,convicted,8
2020,6,NZL,m,convicted,1
2020,6,PAK,m,convicted,2
2020,6,PSE,m,convicted,2
2020,6,PRT,m,convicted,1
2020,6,RUS,m,convicted,39
2020,6,ROU,m,convicted,27
2020,6,SRB,m,convicted,6
2020,6,SVK,m,convicted,8
2020,6,SYR,m,convicted,1
2020,6,TZA,m,convicted,1
2020,6,TUN,m,convicted,1
2020,6,TUR,m,convicted,1
2020,6,UKR,m,convicted,194
2020,6,HUN,m,convicted,2
2020,6,VNM,m,convicted,22
2020,6,ITA,m,convicted,3
2020,6,"",m,convicted,7
2020,6,"",m,convicted,6
2020,6,UKR,m,punished,4
2020,6,BLR,f,temporary,3
2020,6,BRA,f,temporary,2
2020,6,ESP,f,temporary,2
2020,6,NGA,f,temporary,1
2020,6,RUS,f,temporary,3
2020,6,ROU,f,temporary,1
2020,6,UKR,f,temporary,12
2020,6,VNM,f,temporary,1
2020,6,ARM,f,convicted,1
2020,6,BLR,f,convicted,2
2020,6,BGR,f,convicted,3
2020,6,GEO,f,convicted,1
2020,6,NLD,f,convicted,1
2020,6,COG,f,convicted,1
2020,6,LTU,f,convicted,1
2020,6,DEU,f,convicted,1
2020,6,RUS,f,convicted,1
2020,6,ROU,f,convicted,2
2020,6,SVK,f,convicted,1
2020,6,UKR,f,convicted,12
2020,6,HUN,f,convicted,1
2020,6,GBR,f,convicted,1
2020,6,VNM,f,convicted,3
2020,6,ITA,f,convicted,2
2020,6,LVA,f,punished,1
2020,6,UKR,f,punished,1
2020,7,SAU,m,temporary,1
2020,7,ARM,m,temporary,11
2020,7,AUS,m,temporary,1
2020,7,AZE,m,temporary,1
2020,7,BGD,m,temporary,2
2020,7,BEL,m,temporary,3
2020,7,BLR,m,temporary,20
2020,7,BGR,m,temporary,19
2020,7,CHN,m,temporary,10
2020,7,CZE,m,temporary,6
2020,7,EGY,m,temporary,3
2020,7,EST,m,temporary,2
2020,7,FRA,m,temporary,1
2020,7,GRC,m,temporary,2
2020,7,GEO,m,temporary,68
2020,7,ESP,m,temporary,1
2020,7,NLD,m,temporary,4
2020,7,IND,m,temporary,7
2020,7,IRQ,m,temporary,2
2020,7,IRN,m,temporary,3
2020,7,CMR,m,temporary,3
2020,7,CAN,m,temporary,1
2020,7,KAZ,m,temporary,2
2020,7,KGZ,m,temporary,2
2020,7,COL,m,temporary,4
2020,7,CRI,m,temporary,1
2020,7,LBN,m,temporary,1
2020,7,LTU,m,temporary,16
2020,7,LVA,m,temporary,5
2020,7,MKD,m,temporary,1
2020,7,MDA,m,temporary,20
2020,7,DEU,m,temporary,8
2020,7,NGA,m,temporary,5
2020,7,NOR,m,temporary,1
2020,7,PAK,m,temporary,1
2020,7,PAN,m,temporary,1
2020,7,ZAF,m,temporary,1
2020,7,RUS,m,temporary,19
2020,7,ROU,m,temporary,16
2020,7,SRB,m,temporary,7
2020,7,SVK,m,temporary,1
2020,7,USA,m,temporary,1
2020,7,SWE,m,temporary,2
2020,7,TWN,m,temporary,1
2020,7,TUR,m,temporary,4
2020,7,UGA,m,temporary,1
2020,7,UKR,m,temporary,186
2020,7,HUN,m,temporary,1
2020,7,GBR,m,temporary,3
2020,7,VNM,m,temporary,26
2020,7,ITA,m,temporary,2
2020,7,"",m,temporary,1
2020,7,"",m,temporary,4
2020,7,ALB,m,convicted,2
2020,7,DZA,m,convicted,3
2020,7,ARM,m,convicted,23
2020,7,AZE,m,convicted,2
2020,7,BEL,m,convicted,1
2020,7,BLR,m,convicted,22
2020,7,BGR,m,convicted,28
2020,7,CHN,m,convicted,4
2020,7,CZE,m,convicted,6
2020,7,DNK,m,convicted,1
2020,7,EST,m,convicted,2
2020,7,FRA,m,convicted,1
2020,7,GEO,m,convicted,32
2020,7,NLD,m,convicted,4
2020,7,IND,m,convicted,2
2020,7,ISR,m,convicted,3
2020,7,CMR,m,convicted,1
2020,7,CAN,m,convicted,1
2020,7,KAZ,m,convicted,1
2020,7,KGZ,m,convicted,1
2020,7,KOR,m,convicted,1
2020,7,LBY,m,convicted,1
2020,7,LTU,m,convicted,18
2020,7,LVA,m,convicted,6
2020,7,MKD,m,convicted,1
2020,7,MAR,m,convicted,1
2020,7,MEX,m,convicted,1
2020,7,MDA,m,convicted,14
2020,7,DEU,m,convicted,22
2020,7,NGA,m,convicted,9
2020,7,NZL,m,convicted,1
2020,7,PAK,m,convicted,2
2020,7,PSE,m,convicted,2
2020,7,PRT,m,convicted,1
2020,7,RUS,m,convicted,41
2020,7,ROU,m,convicted,27
2020,7,SRB,m,convicted,6
2020,7,SVK,m,convicted,8
2020,7,SYR,m,convicted,1
2020,7,TZA,m,convicted,1
2020,7,TUN,m,convicted,2
2020,7,TUR,m,convicted,1
2020,7,TKM,m,convicted,1
2020,7,UKR,m,convicted,203
2020,7,HUN,m,convicted,2
2020,7,VNM,m,convicted,18
2020,7,ITA,m,convicted,4
2020,7,"",m,convicted,8
2020,7,"",m,convicted,7
2020,7,BLR,m,punished,1
2020,7,LTU,m,punished,2
2020,7,MDA,m,punished,1
2020,7,DEU,m,punished,1
2020,7,RUS,m,punished,1
2020,7,UKR,m,punished,7
2020,7,UZB,m,punished,1
2020,7,VNM,m,punished,1
2020,7,BLR,f,temporary,1
2020,7,BRA,f,temporary,2
2020,7,CHN,f,temporary,1
2020,7,ESP,f,temporary,2
2020,7,LTU,f,temporary,1
2020,7,NGA,f,temporary,1
2020,7,RUS,f,temporary,2
2020,7,UKR,f,temporary,11
2020,7,VNM,f,temporary,1
2020,7,ARM,f,convicted,1
2020,7,BLR,f,convicted,2
2020,7,BGR,f,convicted,3
2020,7,GEO,f,convicted,1
2020,7,NLD,f,convicted,1
2020,7,COG,f,convicted,1
2020,7,LTU,f,convicted,1
2020,7,DEU,f,convicted,1
2020,7,RUS,f,convicted,1
2020,7,ROU,f,convicted,2
2020,7,SVK,f,convicted,1
2020,7,UKR,f,convicted,13
2020,7,HUN,f,convicted,1
2020,7,GBR,f,convicted,1
2020,7,VNM,f,convicted,2
2020,7,ITA,f,convicted,2
2020,8,ALB,m,temporary,1
2020,8,SAU,m,temporary,1
2020,8,ARM,m,temporary,11
2020,8,AUS,m,temporary,1
2020,8,AZE,m,temporary,2
2020,8,BGD,m,temporary,2
2020,8,BEL,m,temporary,3
2020,8,BLR,m,temporary,23
2020,8,BGR,m,temporary,18
2020,8,CHN,m,temporary,11
2020,8,CZE,m,temporary,6
2020,8,EGY,m,temporary,3
2020,8,EST,m,temporary,1
2020,8,FRA,m,temporary,1
2020,8,GRC,m,temporary,2
2020,8,GEO,m,temporary,65
2020,8,ESP,m,temporary,1
2020,8,NLD,m,temporary,3
2020,8,IND,m,temporary,7
2020,8,IRQ,m,temporary,2
2020,8,IRN,m,temporary,3
2020,8,CMR,m,temporary,3
2020,8,CAN,m,temporary,2
2020,8,KAZ,m,temporary,3
2020,8,KGZ,m,temporary,2
2020,8,COL,m,temporary,4
2020,8,CRI,m,temporary,1
2020,8,LBN,m,temporary,1
2020,8,LTU,m,temporary,16
2020,8,LVA,m,temporary,5
2020,8,MDA,m,temporary,21
2020,8,DEU,m,temporary,5
2020,8,NGA,m,temporary,7
2020,8,NOR,m,temporary,3
2020,8,PAK,m,temporary,1
2020,8,PAN,m,temporary,1
2020,8,BIH,m,temporary,1
2020,8,ZAF,m,temporary,1
2020,8,RUS,m,temporary,17
2020,8,ROU,m,temporary,18
2020,8,SRB,m,temporary,5
2020,8,SVK,m,temporary,1
2020,8,USA,m,temporary,1
2020,8,SWE,m,temporary,2
2020,8,TWN,m,temporary,1
2020,8,TUR,m,temporary,7
2020,8,UGA,m,temporary,1
2020,8,UKR,m,temporary,203
2020,8,UZB,m,temporary,3
2020,8,HUN,m,temporary,2
2020,8,GBR,m,temporary,5
2020,8,VNM,m,temporary,25
2020,8,ITA,m,temporary,3
2020,8,"",m,temporary,1
2020,8,"",m,temporary,4
2020,8,ALB,m,convicted,2
2020,8,DZA,m,convicted,3
2020,8,ARM,m,convicted,25
2020,8,AZE,m,convicted,2
2020,8,BEL,m,convicted,1
2020,8,BLR,m,convicted,22
2020,8,BGR,m,convicted,32
2020,8,CHN,m,convicted,4
2020,8,CZE,m,convicted,6
2020,8,DNK,m,convicted,1
2020,8,EST,m,convicted,2
2020,8,FRA,m,convicted,1
2020,8,GEO,m,convicted,34
2020,8,NLD,m,convicted,4
2020,8,IND,m,convicted,2
2020,8,ISR,m,convicted,2
2020,8,CMR,m,convicted,1
2020,8,CAN,m,convicted,1
2020,8,KAZ,m,convicted,1
2020,8,KGZ,m,convicted,1
2020,8,KOR,m,convicted,1
2020,8,LBY,m,convicted,1
2020,8,LTU,m,convicted,15
2020,8,LVA,m,convicted,6
2020,8,MKD,m,convicted,1
2020,8,MAR,m,convicted,1
2020,8,MEX,m,convicted,1
2020,8,MDA,m,convicted,12
2020,8,DEU,m,convicted,22
2020,8,NGA,m,convicted,8
2020,8,NOR,m,convicted,1
2020,8,NZL,m,convicted,1
2020,8,PAK,m,convicted,1
2020,8,PSE,m,convicted,2
2020,8,PRT,m,convicted,1
2020,8,RUS,m,convicted,41
2020,8,ROU,m,convicted,25
2020,8,SRB,m,convicted,6
2020,8,SVK,m,convicted,8
2020,8,SYR,m,convicted,1
2020,8,TZA,m,convicted,1
2020,8,TUN,m,convicted,2
2020,8,TUR,m,convicted,1
2020,8,TKM,m,convicted,1
2020,8,UKR,m,convicted,213
2020,8,HUN,m,convicted,2
2020,8,VNM,m,convicted,17
2020,8,ITA,m,convicted,4
2020,8,"",m,convicted,8
2020,8,"",m,convicted,7
2020,8,BLR,m,punished,2
2020,8,LTU,m,punished,2
2020,8,UKR,m,punished,5
2020,8,BLR,f,temporary,1
2020,8,BRA,f,temporary,1
2020,8,BGR,f,temporary,1
2020,8,CHN,f,temporary,1
2020,8,ESP,f,temporary,2
2020,8,LTU,f,temporary,1
2020,8,NGA,f,temporary,1
2020,8,RUS,f,temporary,2
2020,8,UKR,f,temporary,10
2020,8,VNM,f,temporary,1
2020,8,ARM,f,convicted,1
2020,8,BLR,f,convicted,2
2020,8,BRA,f,convicted,1
2020,8,BGR,f,convicted,2
2020,8,GEO,f,convicted,1
2020,8,NLD,f,convicted,1
2020,8,COG,f,convicted,1
2020,8,DEU,f,convicted,1
2020,8,RUS,f,convicted,1
2020,8,ROU,f,convicted,2
2020,8,SVK,f,convicted,1
2020,8,UKR,f,convicted,10
2020,8,HUN,f,convicted,1
2020,8,GBR,f,convicted,1
2020,8,VNM,f,convicted,2
2020,8,ITA,f,convicted,2
2020,8,UKR,f,punished,1
2020,9,ALB,m,temporary,1
2020,9,SAU,m,temporary,1
2020,9,ARM,m,temporary,10
2020,9,AUS,m,temporary,1
2020,9,BGD,m,temporary,2
2020,9,BEL,m,temporary,2
2020,9,BLR,m,temporary,22
2020,9,BGR,m,temporary,19
2020,9,CHN,m,temporary,10
2020,9,CZE,m,temporary,5
2020,9,EGY,m,temporary,3
2020,9,EST,m,temporary,1
2020,9,FRA,m,temporary,1
2020,9,GRC,m,temporary,1
2020,9,GEO,m,temporary,67
2020,9,NLD,m,temporary,3
2020,9,IND,m,temporary,8
2020,9,IRQ,m,temporary,2
2020,9,IRN,m,temporary,3
2020,9,JOR,m,temporary,1
2020,9,CMR,m,temporary,3
2020,9,CAN,m,temporary,1
2020,9,KAZ,m,temporary,3
2020,9,KGZ,m,temporary,2
2020,9,COL,m,temporary,4
2020,9,CRI,m,temporary,1
2020,9,LBN,m,temporary,1
2020,9,LTU,m,temporary,17
2020,9,LVA,m,temporary,5
2020,9,MDA,m,temporary,23
2020,9,MNG,m,temporary,1
2020,9,DEU,m,temporary,6
2020,9,NGA,m,temporary,10
2020,9,NOR,m,temporary,1
2020,9,PAK,m,temporary,1
2020,9,PAN,m,temporary,1
2020,9,PER,m,temporary,1
2020,9,BIH,m,temporary,2
2020,9,ZAF,m,temporary,1
2020,9,RUS,m,temporary,21
2020,9,ROU,m,temporary,18
2020,9,SRB,m,temporary,5
2020,9,SVK,m,temporary,1
2020,9,USA,m,temporary,1
2020,9,SWE,m,temporary,2
2020,9,TWN,m,temporary,1
2020,9,TUR,m,temporary,4
2020,9,UKR,m,temporary,221
2020,9,UZB,m,temporary,3
2020,9,HUN,m,temporary,1
2020,9,GBR,m,temporary,4
2020,9,VNM,m,temporary,32
2020,9,ITA,m,temporary,3
2020,9,"",m,temporary,1
2020,9,"",m,temporary,3
2020,9,ALB,m,convicted,2
2020,9,DZA,m,convicted,3
2020,9,ARM,m,convicted,21
2020,9,AZE,m,convicted,2
2020,9,BEL,m,convicted,1
2020,9,BLR,m,convicted,23
2020,9,BGR,m,convicted,30
2020,9,CHN,m,convicted,6
2020,9,CZE,m,convicted,5
2020,9,DNK,m,convicted,1
2020,9,EST,m,convicted,1
2020,9,FRA,m,convicted,1
2020,9,GEO,m,convicted,37
2020,9,NLD,m,convicted,4
2020,9,IND,m,convicted,2
2020,9,ISR,m,convicted,2
2020,9,CMR,m,convicted,1
2020,9,CAN,m,convicted,1
2020,9,KAZ,m,convicted,1
2020,9,KGZ,m,convicted,1
2020,9,KOR,m,convicted,1
2020,9,LBY,m,convicted,1
2020,9,LTU,m,convicted,14
2020,9,LVA,m,convicted,5
2020,9,MKD,m,convicted,1
2020,9,MAR,m,convicted,1
2020,9,MEX,m,convicted,1
2020,9,MDA,m,convicted,13
2020,9,DEU,m,convicted,22
2020,9,NGA,m,convicted,8
2020,9,NOR,m,convicted,1
2020,9,NZL,m,convicted,1
2020,9,PAK,m,convicted,1
2020,9,PSE,m,convicted,1
2020,9,PRT,m,convicted,1
2020,9,RUS,m,convicted,42
2020,9,ROU,m,convicted,26
2020,9,SRB,m,convicted,6
2020,9,SVK,m,convicted,8
2020,9,SVN,m,convicted,1
2020,9,SYR,m,convicted,1
2020,9,TZA,m,convicted,1
2020,9,TUN,m,convicted,1
2020,9,TUR,m,convicted,2
2020,9,TKM,m,convicted,2
2020,9,UKR,m,convicted,218
2020,9,HUN,m,convicted,2
2020,9,GBR,m,convicted,1
2020,9,VNM,m,convicted,16
2020,9,ITA,m,convicted,5
2020,9,"",m,convicted,8
2020,9,"",m,convicted,12
2020,9,ROU,m,punished,1
2020,9,UKR,m,punished,11
2020,9,BLR,f,temporary,1
2020,9,BRA,f,temporary,1
2020,9,BGR,f,temporary,2
2020,9,CHN,f,temporary,1
2020,9,ESP,f,temporary,2
2020,9,LTU,f,temporary,1
2020,9,NGA,f,temporary,1
2020,9,RUS,f,temporary,2
2020,9,UKR,f,temporary,12
2020,9,VNM,f,temporary,3
2020,9,ARM,f,convicted,1
2020,9,BLR,f,convicted,2
2020,9,BRA,f,convicted,1
2020,9,BGR,f,convicted,2
2020,9,GEO,f,convicted,1
2020,9,NLD,f,convicted,1
2020,9,COG,f,convicted,1
2020,9,DEU,f,convicted,1
2020,9,RUS,f,convicted,1
2020,9,ROU,f,convicted,3
2020,9,SVK,f,convicted,1
2020,9,UKR,f,convicted,10
2020,9,GBR,f,convicted,1
2020,9,VNM,f,convicted,2
2020,9,ITA,f,convicted,2
2020,9,UKR,f,punished,1
2020,10,ALB,m,temporary,1
2020,10,SAU,m,temporary,1
2020,10,ARM,m,temporary,10
2020,10,AUS,m,temporary,1
2020,10,BGD,m,temporary,2
2020,10,BLR,m,temporary,36
2020,10,BGR,m,temporary,21
2020,10,CHN,m,temporary,8
2020,10,CZE,m,temporary,8
2020,10,EGY,m,temporary,3
2020,10,EST,m,temporary,1
2020,10,FRA,m,temporary,1
2020,10,GRC,m,temporary,1
2020,10,GEO,m,temporary,76
2020,10,NLD,m,temporary,3
2020,10,IND,m,temporary,8
2020,10,IRQ,m,temporary,3
2020,10,IRN,m,temporary,2
2020,10,JOR,m,temporary,1
2020,10,CMR,m,temporary,3
2020,10,CAN,m,temporary,1
2020,10,KAZ,m,temporary,3
2020,10,KGZ,m,temporary,1
2020,10,COL,m,temporary,4
2020,10,CRI,m,temporary,1
2020,10,LBN,m,temporary,1
2020,10,LTU,m,temporary,21
2020,10,LVA,m,temporary,4
2020,10,MDA,m,temporary,24
2020,10,MNG,m,temporary,1
2020,10,DEU,m,temporary,7
2020,10,NGA,m,temporary,12
2020,10,NOR,m,temporary,2
2020,10,PAK,m,temporary,1
2020,10,PAN,m,temporary,1
2020,10,PRT,m,temporary,1
2020,10,BIH,m,temporary,2
2020,10,ZAF,m,temporary,1
2020,10,RUS,m,temporary,24
2020,10,ROU,m,temporary,17
2020,10,SRB,m,temporary,2
2020,10,SVK,m,temporary,2
2020,10,USA,m,temporary,2
2020,10,SYR,m,temporary,2
2020,10,SWE,m,temporary,2
2020,10,TWN,m,temporary,1
2020,10,TUR,m,temporary,2
2020,10,UKR,m,temporary,219
2020,10,UZB,m,temporary,3
2020,10,HUN,m,temporary,1
2020,10,GBR,m,temporary,4
2020,10,VNM,m,temporary,32
2020,10,ITA,m,temporary,2
2020,10,ZWE,m,temporary,1
2020,10,"",m,temporary,1
2020,10,"",m,temporary,3
2020,10,ALB,m,convicted,1
2020,10,DZA,m,convicted,2
2020,10,ARM,m,convicted,22
2020,10,AZE,m,convicted,2
2020,10,BEL,m,convicted,2
2020,10,BLR,m,convicted,22
2020,10,BGR,m,convicted,31
2020,10,CHN,m,convicted,7
2020,10,CZE,m,convicted,5
2020,10,DNK,m,convicted,1
2020,10,EST,m,convicted,1
2020,10,FRA,m,convicted,1
2020,10,GEO,m,convicted,40
2020,10,NLD,m,convicted,3
2020,10,IND,m,convicted,2
2020,10,ISR,m,convicted,2
2020,10,CMR,m,convicted,1
2020,10,CAN,m,convicted,1
2020,10,KAZ,m,convicted,1
2020,10,KGZ,m,convicted,1
2020,10,KOR,m,convicted,1
2020,10,LBY,m,convicted,2
2020,10,LTU,m,convicted,12
2020,10,LVA,m,convicted,6
2020,10,MKD,m,convicted,1
2020,10,MAR,m,convicted,1
2020,10,MEX,m,convicted,1
2020,10,MDA,m,convicted,15
2020,10,DEU,m,convicted,20
2020,10,NGA,m,convicted,8
2020,10,NOR,m,convicted,2
2020,10,NZL,m,convicted,1
2020,10,PAK,m,convicted,1
2020,10,PSE,m,convicted,1
2020,10,PRT,m,convicted,1
2020,10,RUS,m,convicted,44
2020,10,ROU,m,convicted,26
2020,10,SRB,m,convicted,7
2020,10,SVK,m,convicted,7
2020,10,SVN,m,convicted,1
2020,10,SYR,m,convicted,1
2020,10,TZA,m,convicted,1
2020,10,TUN,m,convicted,1
2020,10,TUR,m,convicted,3
2020,10,TKM,m,convicted,2
2020,10,UKR,m,convicted,227
2020,10,HUN,m,convicted,2
2020,10,GBR,m,convicted,2
2020,10,VNM,m,convicted,17
2020,10,ITA,m,convicted,4
2020,10,"",m,convicted,7
2020,10,"",m,convicted,14
2020,10,BLR,m,punished,2
2020,10,GEO,m,punished,1
2020,10,UKR,m,punished,8
2020,10,BRA,f,temporary,1
2020,10,BGR,f,temporary,4
2020,10,CHN,f,temporary,1
2020,10,CZE,f,temporary,1
2020,10,ESP,f,temporary,2
2020,10,LTU,f,temporary,1
2020,10,NGA,f,temporary,1
2020,10,RUS,f,temporary,2
2020,10,ROU,f,temporary,1
2020,10,SVK,f,temporary,1
2020,10,UKR,f,temporary,14
2020,10,VNM,f,temporary,3
2020,10,ARM,f,convicted,1
2020,10,BLR,f,convicted,2
2020,10,BRA,f,convicted,1
2020,10,BGR,f,convicted,2
2020,10,GEO,f,convicted,1
2020,10,NLD,f,convicted,1
2020,10,COG,f,convicted,1
2020,10,RUS,f,convicted,1
2020,10,ROU,f,convicted,3
2020,10,SVK,f,convicted,1
2020,10,UKR,f,convicted,10
2020,10,GBR,f,convicted,1
2020,10,VNM,f,convicted,2
2020,10,ITA,f,convicted,2
2020,10,"",f,convicted,1
2020,10,UKR,f,punished,3
2020,11,SAU,m,temporary,1
2020,11,ARM,m,temporary,11
2020,11,AUS,m,temporary,1
2020,11,BGD,m,temporary,2
2020,11,BLR,m,temporary,31
2020,11,BGR,m,temporary,23
2020,11,CHN,m,temporary,7
2020,11,CZE,m,temporary,7
2020,11,EGY,m,temporary,3
2020,11,EST,m,temporary,1
2020,11,FRA,m,temporary,1
2020,11,GRC,m,temporary,1
2020,11,GEO,m,temporary,71
2020,11,ESP,m,temporary,1
2020,11,NLD,m,temporary,3
2020,11,IND,m,temporary,10
2020,11,IRQ,m,temporary,3
2020,11,IRN,m,temporary,2
2020,11,JOR,m,temporary,1
2020,11,CMR,m,temporary,3
2020,11,CAN,m,temporary,1
2020,11,KAZ,m,temporary,3
2020,11,KGZ,m,temporary,1
2020,11,COL,m,temporary,4
2020,11,CRI,m,temporary,1
2020,11,LBN,m,temporary,1
2020,11,LTU,m,temporary,22
2020,11,LVA,m,temporary,5
2020,11,MDA,m,temporary,26
2020,11,MNG,m,temporary,1
2020,11,DEU,m,temporary,8
2020,11,NGA,m,temporary,13
2020,11,NOR,m,temporary,2
2020,11,PAK,m,temporary,2
2020,11,PAN,m,temporary,1
2020,11,PRT,m,temporary,1
2020,11,BIH,m,temporary,1
2020,11,ZAF,m,temporary,1
2020,11,RUS,m,temporary,18
2020,11,ROU,m,temporary,17
2020,11,SRB,m,temporary,2
2020,11,SVK,m,temporary,3
2020,11,USA,m,temporary,2
2020,11,SYR,m,temporary,2
2020,11,SWE,m,temporary,2
2020,11,TWN,m,temporary,1
2020,11,TUR,m,temporary,3
2020,11,UKR,m,temporary,233
2020,11,UZB,m,temporary,3
2020,11,HUN,m,temporary,1
2020,11,GBR,m,temporary,4
2020,11,VNM,m,temporary,36
2020,11,ITA,m,temporary,2
2020,11,ZWE,m,temporary,1
2020,11,"",m,temporary,1
2020,11,"",m,temporary,1
2020,11,ALB,m,convicted,1
2020,11,DZA,m,convicted,2
2020,11,ARM,m,convicted,22
2020,11,AZE,m,convicted,2
2020,11,BEL,m,convicted,2
2020,11,BLR,m,convicted,20
2020,11,BGR,m,convicted,31
2020,11,CHN,m,convicted,7
2020,11,CZE,m,convicted,4
2020,11,DNK,m,convicted,1
2020,11,EST,m,convicted,1
2020,11,FRA,m,convicted,1
2020,11,GEO,m,convicted,40
2020,11,NLD,m,convicted,3
2020,11,IND,m,convicted,2
2020,11,ISR,m,convicted,2
2020,11,KAZ,m,convicted,1
2020,11,KGZ,m,convicted,1
2020,11,KOR,m,convicted,1
2020,11,LBY,m,convicted,2
2020,11,LTU,m,convicted,12
2020,11,LVA,m,convicted,7
2020,11,MKD,m,convicted,1
2020,11,MAR,m,convicted,1
2020,11,MEX,m,convicted,1
2020,11,MDA,m,convicted,16
2020,11,DEU,m,convicted,18
2020,11,NGA,m,convicted,8
2020,11,NOR,m,convicted,2
2020,11,NZL,m,convicted,1
2020,11,PAK,m,convicted,1
2020,11,PSE,m,convicted,1
2020,11,PRT,m,convicted,1
2020,11,RUS,m,convicted,46
2020,11,ROU,m,convicted,24
2020,11,SRB,m,convicted,7
2020,11,SVK,m,convicted,7
2020,11,SVN,m,convicted,1
2020,11,SYR,m,convicted,1
2020,11,TZA,m,convicted,1
2020,11,TUN,m,convicted,1
2020,11,TUR,m,convicted,3
2020,11,TKM,m,convicted,2
2020,11,UKR,m,convicted,238
2020,11,HUN,m,convicted,1
2020,11,GBR,m,convicted,2
2020,11,VNM,m,convicted,16
2020,11,ITA,m,convicted,3
2020,11,"",m,convicted,7
2020,11,"",m,convicted,14
2020,11,BLR,m,punished,1
2020,11,GEO,m,punished,1
2020,11,UKR,m,punished,5
2020,11,"",m,punished,1
2020,11,BRA,f,temporary,1
2020,11,BGR,f,temporary,2
2020,11,CHN,f,temporary,1
2020,11,ESP,f,temporary,2
2020,11,LTU,f,temporary,1
2020,11,NGA,f,temporary,1
2020,11,RUS,f,temporary,1
2020,11,ROU,f,temporary,1
2020,11,SVK,f,temporary,1
2020,11,UKR,f,temporary,14
2020,11,VNM,f,temporary,3
2020,11,ARM,f,convicted,2
2020,11,BLR,f,convicted,2
2020,11,BRA,f,convicted,1
2020,11,BGR,f,convicted,2
2020,11,GEO,f,convicted,1
2020,11,NLD,f,convicted,1
2020,11,COG,f,convicted,1
2020,11,RUS,f,convicted,2
2020,11,ROU,f,convicted,3
2020,11,SVK,f,convicted,1
2020,11,UKR,f,convicted,11
2020,11,GBR,f,convicted,1
2020,11,VNM,f,convicted,1
2020,11,ITA,f,convicted,2
2020,11,"",f,convicted,1
2020,12,ARM,m,temporary,10
2020,12,AUS,m,temporary,1
2020,12,BGD,m,temporary,2
2020,12,BLR,m,temporary,31
2020,12,BGR,m,temporary,25
2020,12,CHN,m,temporary,8
2020,12,CZE,m,temporary,9
2020,12,EGY,m,temporary,2
2020,12,EST,m,temporary,1
2020,12,FRA,m,temporary,1
2020,12,GRC,m,temporary,1
2020,12,GEO,m,temporary,57
2020,12,ESP,m,temporary,1
2020,12,NLD,m,temporary,3
2020,12,IND,m,temporary,9
2020,12,IRQ,m,temporary,3
2020,12,IRN,m,temporary,2
2020,12,JOR,m,temporary,1
2020,12,CMR,m,temporary,3
2020,12,CAN,m,temporary,1
2020,12,KAZ,m,temporary,3
2020,12,KGZ,m,temporary,1
2020,12,COL,m,temporary,4
2020,12,XKX,m,temporary,1
2020,12,LBN,m,temporary,1
2020,12,LTU,m,temporary,21
2020,12,LVA,m,temporary,5
2020,12,MDA,m,temporary,25
2020,12,MNG,m,temporary,1
2020,12,DEU,m,temporary,9
2020,12,NGA,m,temporary,12
2020,12,NOR,m,temporary,2
2020,12,PAK,m,temporary,2
2020,12,PAN,m,temporary,1
2020,12,PRT,m,temporary,1
2020,12,BIH,m,temporary,1
2020,12,RUS,m,temporary,19
2020,12,ROU,m,temporary,16
2020,12,SRB,m,temporary,2
2020,12,SVK,m,temporary,3
2020,12,SVN,m,temporary,1
2020,12,USA,m,temporary,2
2020,12,SYR,m,temporary,2
2020,12,SWE,m,temporary,2
2020,12,TWN,m,temporary,1
2020,12,TUR,m,temporary,4
2020,12,UKR,m,temporary,212
2020,12,UZB,m,temporary,1
2020,12,HUN,m,temporary,2
2020,12,GBR,m,temporary,3
2020,12,VNM,m,temporary,32
2020,12,ITA,m,temporary,2
2020,12,ZWE,m,temporary,1
2020,12,"",m,temporary,1
2020,12,"",m,temporary,1
2020,12,ALB,m,convicted,1
2020,12,DZA,m,convicted,1
2020,12,SAU,m,convicted,1
2020,12,ARM,m,convicted,22
2020,12,AUT,m,convicted,1
2020,12,AZE,m,convicted,3
2020,12,BEL,m,convicted,2
2020,12,BLR,m,convicted,22
2020,12,BGR,m,convicted,31
2020,12,CHN,m,convicted,7
2020,12,CZE,m,convicted,3
2020,12,DNK,m,convicted,1
2020,12,EGY,m,convicted,1
2020,12,EST,m,convicted,1
2020,12,FRA,m,convicted,1
2020,12,GEO,m,convicted,46
2020,12,NLD,m,convicted,3
2020,12,IND,m,convicted,2
2020,12,ISR,m,convicted,2
2020,12,JOR,m,convicted,1
2020,12,KAZ,m,convicted,1
2020,12,KGZ,m,convicted,1
2020,12,KOR,m,convicted,1
2020,12,CRI,m,convicted,1
2020,12,LBY,m,convicted,2
2020,12,LTU,m,convicted,14
2020,12,LVA,m,convicted,7
2020,12,MKD,m,convicted,1
2020,12,MAR,m,convicted,1
2020,12,MDA,m,convicted,16
2020,12,DEU,m,convicted,17
2020,12,NGA,m,convicted,10
2020,12,NOR,m,convicted,2
2020,12,NZL,m,convicted,1
2020,12,PAK,m,convicted,1
2020,12,PSE,m,convicted,1
2020,12,PRT,m,convicted,1
2020,12,RUS,m,convicted,47
2020,12,ROU,m,convicted,28
2020,12,SRB,m,convicted,7
2020,12,SVK,m,convicted,7
2020,12,SVN,m,convicted,1
2020,12,SYR,m,convicted,2
2020,12,TZA,m,convicted,1
2020,12,TUN,m,convicted,1
2020,12,TUR,m,convicted,1
2020,12,TKM,m,convicted,2
2020,12,UKR,m,convicted,252
2020,12,UZB,m,convicted,1
2020,12,HUN,m,convicted,1
2020,12,GBR,m,convicted,2
2020,12,VNM,m,convicted,20
2020,12,ITA,m,convicted,3
2020,12,"",m,convicted,8
2020,12,"",m,convicted,17
2020,12,UKR,m,punished,3
2020,12,BLR,f,temporary,1
2020,12,BRA,f,temporary,1
2020,12,BGR,f,temporary,1
2020,12,GEO,f,temporary,1
2020,12,KAZ,f,temporary,1
2020,12,LTU,f,temporary,1
2020,12,NGA,f,temporary,1
2020,12,RUS,f,temporary,1
2020,12,ROU,f,temporary,2
2020,12,SVK,f,temporary,1
2020,12,UKR,f,temporary,13
2020,12,VNM,f,temporary,3
2020,12,ARM,f,convicted,2
2020,12,BLR,f,convicted,2
2020,12,BRA,f,convicted,1
2020,12,BGR,f,convicted,2
2020,12,GEO,f,convicted,1
2020,12,ESP,f,convicted,2
2020,12,NLD,f,convicted,1
2020,12,COG,f,convicted,1
2020,12,RUS,f,convicted,2
2020,12,ROU,f,convicted,3
2020,12,SVK,f,convicted,1
2020,12,USA,f,convicted,1
2020,12,UKR,f,convicted,14
2020,12,GBR,f,convicted,1
2020,12,VNM,f,convicted,1
2020,12,ITA,f,convicted,2
2020,12,"",f,convicted,1
2021,1,ARM,m,temporary,9
2021,1,AUS,m,temporary,1
2021,1,BGD,m,temporary,2
2021,1,BLR,m,temporary,30
2021,1,BGR,m,temporary,22
2021,1,CHN,m,temporary,8
2021,1,CZE,m,temporary,7
2021,1,EGY,m,temporary,2
2021,1,EST,m,temporary,1
2021,1,FRA,m,temporary,1
2021,1,GRC,m,temporary,1
2021,1,GEO,m,temporary,62
2021,1,ESP,m,temporary,1
2021,1,NLD,m,temporary,3
2021,1,IND,m,temporary,9
2021,1,IRQ,m,temporary,3
2021,1,IRN,m,temporary,2
2021,1,JOR,m,temporary,1
2021,1,CMR,m,temporary,3
2021,1,CAN,m,temporary,1
2021,1,KAZ,m,temporary,3
2021,1,KGZ,m,temporary,1
2021,1,COL,m,temporary,4
2021,1,XKX,m,temporary,1
2021,1,LBN,m,temporary,1
2021,1,LTU,m,temporary,16
2021,1,LVA,m,temporary,6
2021,1,MAR,m,temporary,1
2021,1,MDA,m,temporary,25
2021,1,MNG,m,temporary,1
2021,1,DEU,m,temporary,10
2021,1,NGA,m,temporary,12
2021,1,NOR,m,temporary,3
2021,1,PAK,m,temporary,2
2021,1,PAN,m,temporary,1
2021,1,RUS,m,temporary,17
2021,1,ROU,m,temporary,15
2021,1,SRB,m,temporary,2
2021,1,SVK,m,temporary,3
2021,1,SVN,m,temporary,1
2021,1,LKA,m,temporary,1
2021,1,USA,m,temporary,2
2021,1,SYR,m,temporary,2
2021,1,CHE,m,temporary,1
2021,1,SWE,m,temporary,2
2021,1,TWN,m,temporary,1
2021,1,TUR,m,temporary,4
2021,1,TKM,m,temporary,1
2021,1,UKR,m,temporary,208
2021,1,UZB,m,temporary,1
2021,1,HUN,m,temporary,2
2021,1,GBR,m,temporary,3
2021,1,VNM,m,temporary,34
2021,1,ITA,m,temporary,3
2021,1,ZWE,m,temporary,1
2021,1,"",m,temporary,1
2021,1,"",m,temporary,2
2021,1,ALB,m,convicted,1
2021,1,DZA,m,convicted,1
2021,1,SAU,m,convicted,1
2021,1,ARM,m,convicted,21
2021,1,AUT,m,convicted,1
2021,1,AZE,m,convicted,3
2021,1,BEL,m,convicted,2
2021,1,BLR,m,convicted,24
2021,1,BGR,m,convicted,35
2021,1,CHN,m,convicted,7
2021,1,CZE,m,convicted,2
2021,1,DNK,m,convicted,1
2021,1,EGY,m,convicted,1
2021,1,EST,m,convicted,1
2021,1,FRA,m,convicted,1
2021,1,GEO,m,convicted,45
2021,1,NLD,m,convicted,3
2021,1,IND,m,convicted,3
2021,1,ISR,m,convicted,2
2021,1,JOR,m,convicted,1
2021,1,KAZ,m,convicted,1
2021,1,KGZ,m,convicted,1
2021,1,KOR,m,convicted,1
2021,1,CRI,m,convicted,1
2021,1,LBY,m,convicted,2
2021,1,LTU,m,convicted,13
2021,1,LVA,m,convicted,7
2021,1,MKD,m,convicted,1
2021,1,MAR,m,convicted,1
2021,1,MDA,m,convicted,16
2021,1,DEU,m,convicted,16
2021,1,NGA,m,convicted,10
2021,1,NOR,m,convicted,3
2021,1,NZL,m,convicted,1
2021,1,PAK,m,convicted,1
2021,1,PSE,m,convicted,1
2021,1,PRT,m,convicted,1
2021,1,RUS,m,convicted,47
2021,1,ROU,m,convicted,26
2021,1,SRB,m,convicted,5
2021,1,SVK,m,convicted,6
2021,1,SVN,m,convicted,1
2021,1,SYR,m,convicted,2
2021,1,TZA,m,convicted,1
2021,1,TUN,m,convicted,1
2021,1,TUR,m,convicted,1
2021,1,TKM,m,convicted,2
2021,1,UKR,m,convicted,247
2021,1,UZB,m,convicted,1
2021,1,HUN,m,convicted,1
2021,1,GBR,m,convicted,2
2021,1,VNM,m,convicted,20
2021,1,ITA,m,convicted,3
2021,1,"",m,convicted,9
2021,1,"",m,convicted,18
2021,1,BLR,m,punished,1
2021,1,ROU,m,punished,1
2021,1,UKR,m,punished,6
2021,1,BLR,f,temporary,1
2021,1,BGR,f,temporary,1
2021,1,GEO,f,temporary,1
2021,1,KAZ,f,temporary,1
2021,1,LTU,f,temporary,1
2021,1,NGA,f,temporary,1
2021,1,RUS,f,temporary,1
2021,1,ROU,f,temporary,2
2021,1,SVK,f,temporary,2
2021,1,UKR,f,temporary,13
2021,1,VNM,f,temporary,3
2021,1,ARM,f,convicted,2
2021,1,BLR,f,convicted,2
2021,1,BRA,f,convicted,2
2021,1,BGR,f,convicted,2
2021,1,GEO,f,convicted,1
2021,1,ESP,f,convicted,2
2021,1,NLD,f,convicted,1
2021,1,COG,f,convicted,1
2021,1,RUS,f,convicted,2
2021,1,ROU,f,convicted,2
2021,1,SVK,f,convicted,1
2021,1,USA,f,convicted,1
2021,1,UKR,f,convicted,14
2021,1,GBR,f,convicted,1
2021,1,VNM,f,convicted,1
2021,1,ITA,f,convicted,2
2021,2,ARM,m,temporary,8
2021,2,AUS,m,temporary,1
2021,2,AZE,m,temporary,1
2021,2,BGD,m,temporary,2
2021,2,BLR,m,temporary,40
2021,2,BGR,m,temporary,18
2021,2,CHN,m,temporary,9
2021,2,CZE,m,temporary,8
2021,2,EGY,m,temporary,2
2021,2,EST,m,temporary,1
2021,2,FRA,m,temporary,1
2021,2,GRC,m,temporary,1
2021,2,GEO,m,temporary,73
2021,2,ESP,m,temporary,1
2021,2,NLD,m,temporary,3
2021,2,IND,m,temporary,10
2021,2,IRQ,m,temporary,3
2021,2,IRN,m,temporary,2
2021,2,JOR,m,temporary,1
2021,2,CMR,m,temporary,3
2021,2,CAN,m,temporary,1
2021,2,KAZ,m,temporary,3
2021,2,KGZ,m,temporary,1
2021,2,COL,m,temporary,4
2021,2,LBN,m,temporary,1
2021,2,LTU,m,temporary,17
2021,2,LVA,m,temporary,4
2021,2,MAR,m,temporary,1
2021,2,MDA,m,temporary,23
2021,2,MNG,m,temporary,1
2021,2,DEU,m,temporary,10
2021,2,NGA,m,temporary,12
2021,2,NOR,m,temporary,3
2021,2,PAK,m,temporary,2
2021,2,PAN,m,temporary,1
2021,2,RUS,m,temporary,19
2021,2,ROU,m,temporary,18
2021,2,SRB,m,temporary,2
2021,2,SVK,m,temporary,4
2021,2,SVN,m,temporary,1
2021,2,LKA,m,temporary,1
2021,2,USA,m,temporary,2
2021,2,CHE,m,temporary,1
2021,2,SWE,m,temporary,2
2021,2,TWN,m,temporary,1
2021,2,TUR,m,temporary,3
2021,2,TKM,m,temporary,1
2021,2,UKR,m,temporary,228
2021,2,UZB,m,temporary,1
2021,2,HUN,m,temporary,2
2021,2,GBR,m,temporary,3
2021,2,VNM,m,temporary,37
2021,2,ITA,m,temporary,3
2021,2,ZWE,m,temporary,1
2021,2,"",m,temporary,1
2021,2,"",m,temporary,4
2021,2,ALB,m,convicted,1
2021,2,DZA,m,convicted,1
2021,2,SAU,m,convicted,1
2021,2,ARM,m,convicted,20
2021,2,AUT,m,convicted,1
2021,2,AZE,m,convicted,3
2021,2,BEL,m,convicted,2
2021,2,BLR,m,convicted,19
2021,2,BGR,m,convicted,34
2021,2,CHN,m,convicted,7
2021,2,CZE,m,convicted,3
2021,2,DNK,m,convicted,1
2021,2,EGY,m,convicted,1
2021,2,EST,m,convicted,1
2021,2,GEO,m,convicted,44
2021,2,NLD,m,convicted,3
2021,2,IND,m,convicted,3
2021,2,ISR,m,convicted,2
2021,2,JOR,m,convicted,1
2021,2,KGZ,m,convicted,1
2021,2,KOR,m,convicted,1
2021,2,CRI,m,convicted,1
2021,2,LBY,m,convicted,2
2021,2,LTU,m,convicted,11
2021,2,LVA,m,convicted,8
2021,2,MKD,m,convicted,1
2021,2,MAR,m,convicted,1
2021,2,MDA,m,convicted,17
2021,2,DEU,m,convicted,18
2021,2,NGA,m,convicted,10
2021,2,NOR,m,convicted,2
2021,2,NZL,m,convicted,1
2021,2,PAK,m,convicted,1
2021,2,PSE,m,convicted,1
2021,2,PER,m,convicted,1
2021,2,PRT,m,convicted,1
2021,2,RUS,m,convicted,48
2021,2,ROU,m,convicted,24
2021,2,SRB,m,convicted,4
2021,2,SVK,m,convicted,5
2021,2,SVN,m,convicted,1
2021,2,SYR,m,convicted,2
2021,2,SWE,m,convicted,1
2021,2,TZA,m,convicted,1
2021,2,TUN,m,convicted,1
2021,2,TUR,m,convicted,1
2021,2,TKM,m,convicted,2
2021,2,UKR,m,convicted,238
2021,2,UZB,m,convicted,1
2021,2,HUN,m,convicted,1
2021,2,GBR,m,convicted,2
2021,2,VNM,m,convicted,18
2021,2,ITA,m,convicted,3
2021,2,"",m,convicted,9
2021,2,"",m,convicted,13
2021,2,AZE,m,punished,1
2021,2,UKR,m,punished,5
2021,2,BLR,f,temporary,1
2021,2,BGR,f,temporary,2
2021,2,CZE,f,temporary,2
2021,2,GEO,f,temporary,1
2021,2,KAZ,f,temporary,1
2021,2,LTU,f,temporary,1
2021,2,NGA,f,temporary,1
2021,2,ROU,f,temporary,2
2021,2,SVK,f,temporary,2
2021,2,UKR,f,temporary,11
2021,2,VNM,f,temporary,2
2021,2,ARM,f,convicted,1
2021,2,BLR,f,convicted,2
2021,2,BRA,f,convicted,2
2021,2,BGR,f,convicted,2
2021,2,GEO,f,convicted,1
2021,2,ESP,f,convicted,2
2021,2,NLD,f,convicted,1
2021,2,COG,f,convicted,1
2021,2,RUS,f,convicted,2
2021,2,ROU,f,convicted,2
2021,2,SVK,f,convicted,1
2021,2,USA,f,convicted,1
2021,2,UKR,f,convicted,12
2021,2,GBR,f,convicted,1
2021,2,VNM,f,convicted,1
2021,2,ITA,f,convicted,2
2021,2,UKR,f,punished,2
2021,3,ARM,m,temporary,5
2021,3,AUS,m,temporary,1
2021,3,AZE,m,temporary,1
2021,3,BGD,m,temporary,2
2021,3,BLR,m,temporary,44
2021,3,BGR,m,temporary,17
2021,3,CHN,m,temporary,9
2021,3,CZE,m,temporary,7
2021,3,DNK,m,temporary,2
2021,3,EGY,m,temporary,2
2021,3,EST,m,temporary,1
2021,3,FRA,m,temporary,1
2021,3,GRC,m,temporary,1
2021,3,GEO,m,temporary,58
2021,3,ESP,m,temporary,1
2021,3,NLD,m,temporary,3
2021,3,IND,m,temporary,8
2021,3,IRQ,m,temporary,1
2021,3,IRN,m,temporary,2
2021,3,JOR,m,temporary,1
2021,3,CMR,m,temporary,4
2021,3,CAN,m,temporary,1
2021,3,KAZ,m,temporary,4
2021,3,KGZ,m,temporary,1
2021,3,COL,m,temporary,4
2021,3,LBN,m,temporary,1
2021,3,LTU,m,temporary,18
2021,3,LVA,m,temporary,6
2021,3,MAR,m,temporary,1
2021,3,MDA,m,temporary,28
2021,3,MNG,m,temporary,1
2021,3,DEU,m,temporary,11
2021,3,NGA,m,temporary,14
2021,3,NOR,m,temporary,3
2021,3,PAK,m,temporary,2
2021,3,PAN,m,temporary,1
2021,3,RUS,m,temporary,20
2021,3,ROU,m,temporary,17
2021,3,SRB,m,temporary,2
2021,3,SVK,m,temporary,6
2021,3,LKA,m,temporary,1
2021,3,USA,m,temporary,1
2021,3,SWE,m,temporary,1
2021,3,TJK,m,temporary,1
2021,3,TWN,m,temporary,1
2021,3,TUR,m,temporary,3
2021,3,TKM,m,temporary,2
2021,3,UKR,m,temporary,225
2021,3,UZB,m,temporary,1
2021,3,HUN,m,temporary,2
2021,3,GBR,m,temporary,2
2021,3,VNM,m,temporary,35
2021,3,ITA,m,temporary,4
2021,3,ZWE,m,temporary,1
2021,3,"",m,temporary,2
2021,3,"",m,temporary,4
2021,3,ALB,m,convicted,1
2021,3,DZA,m,convicted,2
2021,3,SAU,m,convicted,1
2021,3,ARM,m,convicted,19
2021,3,AUT,m,convicted,1
2021,3,AZE,m,convicted,3
2021,3,BEL,m,convicted,2
2021,3,BLR,m,convicted,25
2021,3,BGR,m,convicted,35
2021,3,CHN,m,convicted,7
2021,3,CZE,m,convicted,4
2021,3,DNK,m,convicted,1
2021,3,EGY,m,convicted,1
2021,3,EST,m,convicted,1
2021,3,GEO,m,convicted,47
2021,3,NLD,m,convicted,3
2021,3,IND,m,convicted,5
2021,3,ISR,m,convicted,2
2021,3,JOR,m,convicted,1
2021,3,KGZ,m,convicted,1
2021,3,KOR,m,convicted,1
2021,3,CRI,m,convicted,1
2021,3,LBY,m,convicted,2
2021,3,LTU,m,convicted,13
2021,3,LVA,m,convicted,8
2021,3,MKD,m,convicted,1
2021,3,MAR,m,convicted,1
2021,3,MDA,m,convicted,19
2021,3,DEU,m,convicted,18
2021,3,NGA,m,convicted,11
2021,3,NOR,m,convicted,2
2021,3,PAK,m,convicted,1
2021,3,PSE,m,convicted,1
2021,3,PRT,m,convicted,2
2021,3,RUS,m,convicted,52
2021,3,ROU,m,convicted,26
2021,3,SRB,m,convicted,4
2021,3,SVK,m,convicted,5
2021,3,SVN,m,convicted,1
2021,3,SYR,m,convicted,2
2021,3,SWE,m,convicted,1
2021,3,TZA,m,convicted,1
2021,3,TUN,m,convicted,1
2021,3,TUR,m,convicted,1
2021,3,TKM,m,convicted,2
2021,3,UKR,m,convicted,244
2021,3,UZB,m,convicted,1
2021,3,HUN,m,convicted,1
2021,3,GBR,m,convicted,2
2021,3,VNM,m,convicted,20
2021,3,ITA,m,convicted,3
2021,3,"",m,convicted,9
2021,3,"",m,convicted,15
2021,3,UKR,m,punished,12
2021,3,BLR,f,temporary,1
2021,3,BGR,f,temporary,1
2021,3,CZE,f,temporary,2
2021,3,GEO,f,temporary,1
2021,3,KAZ,f,temporary,1
2021,3,LTU,f,temporary,1
2021,3,NGA,f,temporary,2
2021,3,ROU,f,temporary,3
2021,3,SVK,f,temporary,2
2021,3,USA,f,temporary,1
2021,3,UKR,f,temporary,9
2021,3,VNM,f,temporary,2
2021,3,ARM,f,convicted,1
2021,3,BLR,f,convicted,3
2021,3,BRA,f,convicted,2
2021,3,BGR,f,convicted,3
2021,3,GEO,f,convicted,1
2021,3,ESP,f,convicted,2
2021,3,NLD,f,convicted,1
2021,3,COG,f,convicted,1
2021,3,RUS,f,convicted,2
2021,3,ROU,f,convicted,2
2021,3,SVK,f,convicted,1
2021,3,USA,f,convicted,1
2021,3,UKR,f,convicted,10
2021,3,GBR,f,convicted,1
2021,3,VNM,f,convicted,1
2021,3,ITA,f,convicted,2
2021,3,UKR,f,punished,4
2021,4,ARM,m,temporary,4
2021,4,AUS,m,temporary,1
2021,4,AZE,m,temporary,1
2021,4,BGD,m,temporary,2
2021,4,BLR,m,temporary,47
2021,4,BGR,m,temporary,17
2021,4,CHN,m,temporary,9
2021,4,CZE,m,temporary,6
2021,4,DNK,m,temporary,2
2021,4,EGY,m,temporary,2
2021,4,EST,m,temporary,1
2021,4,FRA,m,temporary,1
2021,4,GRC,m,temporary,1
2021,4,GEO,m,temporary,62
2021,4,ESP,m,temporary,1
2021,4,NLD,m,temporary,4
2021,4,IND,m,temporary,6
2021,4,IRQ,m,temporary,1
2021,4,IRN,m,temporary,2
2021,4,JOR,m,temporary,1
2021,4,CMR,m,temporary,4
2021,4,CAN,m,temporary,1
2021,4,KAZ,m,temporary,4
2021,4,KGZ,m,temporary,1
2021,4,COL,m,temporary,4
2021,4,LBN,m,temporary,1
2021,4,LTU,m,temporary,17
2021,4,LVA,m,temporary,6
2021,4,MKD,m,temporary,1
2021,4,MAR,m,temporary,1
2021,4,MDA,m,temporary,28
2021,4,MNG,m,temporary,1
2021,4,DEU,m,temporary,10
2021,4,NGA,m,temporary,14
2021,4,NOR,m,temporary,2
2021,4,PAK,m,temporary,2
2021,4,PSE,m,temporary,1
2021,4,PAN,m,temporary,1
2021,4,RUS,m,temporary,21
2021,4,ROU,m,temporary,16
2021,4,SRB,m,temporary,2
2021,4,SVK,m,temporary,6
2021,4,LKA,m,temporary,1
2021,4,USA,m,temporary,1
2021,4,SWE,m,temporary,1
2021,4,TJK,m,temporary,1
2021,4,TWN,m,temporary,1
2021,4,TUN,m,temporary,1
2021,4,TUR,m,temporary,5
2021,4,TKM,m,temporary,1
2021,4,UKR,m,temporary,236
2021,4,UZB,m,temporary,1
2021,4,HUN,m,temporary,2
2021,4,GBR,m,temporary,2
2021,4,VNM,m,temporary,34
2021,4,ITA,m,temporary,3
2021,4,ZWE,m,temporary,1
2021,4,"",m,temporary,2
2021,4,"",m,temporary,4
2021,4,ALB,m,convicted,1
2021,4,DZA,m,convicted,2
2021,4,ARM,m,convicted,21
2021,4,AUT,m,convicted,1
2021,4,AZE,m,convicted,3
2021,4,BEL,m,convicted,2
2021,4,BLR,m,convicted,25
2021,4,BGR,m,convicted,34
2021,4,CHN,m,convicted,7
2021,4,CZE,m,convicted,4
2021,4,DNK,m,convicted,1
2021,4,EGY,m,convicted,1
2021,4,EST,m,convicted,1
2021,4,GEO,m,convicted,46
2021,4,NLD,m,convicted,2
2021,4,IND,m,convicted,5
2021,4,ISR,m,convicted,2
2021,4,JOR,m,convicted,1
2021,4,KGZ,m,convicted,2
2021,4,KOR,m,convicted,1
2021,4,CRI,m,convicted,1
2021,4,LBY,m,convicted,2
2021,4,LTU,m,convicted,13
2021,4,LVA,m,convicted,7
2021,4,MKD,m,convicted,1
2021,4,MAR,m,convicted,1
2021,4,MDA,m,convicted,21
2021,4,DEU,m,convicted,19
2021,4,NGA,m,convicted,9
2021,4,NOR,m,convicted,2
2021,4,PAK,m,convicted,1
2021,4,PSE,m,convicted,1
2021,4,PRT,m,convicted,2
2021,4,RUS,m,convicted,50
2021,4,ROU,m,convicted,27
2021,4,SRB,m,convicted,4
2021,4,SVK,m,convicted,4
2021,4,SVN,m,convicted,1
2021,4,SYR,m,convicted,2
2021,4,TZA,m,convicted,1
2021,4,TUN,m,convicted,1
2021,4,TUR,m,convicted,1
2021,4,TKM,m,convicted,2
2021,4,UKR,m,convicted,262
2021,4,UZB,m,convicted,1
2021,4,HUN,m,convicted,1
2021,4,GBR,m,convicted,2
2021,4,VNM,m,convicted,19
2021,4,ITA,m,convicted,3
2021,4,"",m,convicted,9
2021,4,"",m,convicted,15
2021,4,BGR,m,punished,1
2021,4,UKR,m,punished,10
2021,4,"",m,punished,1
2021,4,BLR,f,temporary,1
2021,4,BGR,f,temporary,2
2021,4,CZE,f,temporary,2
2021,4,GEO,f,temporary,1
2021,4,KAZ,f,temporary,1
2021,4,LTU,f,temporary,1
2021,4,DEU,f,temporary,2
2021,4,NGA,f,temporary,2
2021,4,ROU,f,temporary,3
2021,4,SVK,f,temporary,1
2021,4,USA,f,temporary,1
2021,4,UKR,f,temporary,12
2021,4,VNM,f,temporary,1
2021,4,ARM,f,convicted,1
2021,4,BLR,f,convicted,3
2021,4,BRA,f,convicted,2
2021,4,BGR,f,convicted,3
2021,4,GEO,f,convicted,1
2021,4,ESP,f,convicted,2
2021,4,NLD,f,convicted,1
2021,4,COG,f,convicted,1
2021,4,RUS,f,convicted,2
2021,4,ROU,f,convicted,1
2021,4,SVK,f,convicted,1
2021,4,USA,f,convicted,1
2021,4,UKR,f,convicted,12
2021,4,GBR,f,convicted,1
2021,4,VNM,f,convicted,1
2021,4,ITA,f,convicted,2
2021,4,CZE,f,punished,1
2021,4,UKR,f,punished,3
2021,5,DZA,m,temporary,1
2021,5,ARM,m,temporary,3
2021,5,AUS,m,temporary,1
2021,5,AZE,m,temporary,1
2021,5,BGD,m,temporary,2
2021,5,BLR,m,temporary,49
2021,5,BGR,m,temporary,16
2021,5,CHN,m,temporary,8
2021,5,CZE,m,temporary,7
2021,5,DNK,m,temporary,1
2021,5,EGY,m,temporary,2
2021,5,EST,m,temporary,1
2021,5,FRA,m,temporary,2
2021,5,GEO,m,temporary,73
2021,5,ESP,m,temporary,1
2021,5,NLD,m,temporary,3
2021,5,IND,m,temporary,6
2021,5,IRQ,m,temporary,1
2021,5,IRN,m,temporary,2
2021,5,ISR,m,temporary,1
2021,5,CMR,m,temporary,4
2021,5,CAN,m,temporary,1
2021,5,KAZ,m,temporary,4
2021,5,KGZ,m,temporary,1
2021,5,COL,m,temporary,4
2021,5,LTU,m,temporary,17
2021,5,LVA,m,temporary,3
2021,5,MKD,m,temporary,1
2021,5,MAR,m,temporary,2
2021,5,MDA,m,temporary,28
2021,5,MNG,m,temporary,1
2021,5,DEU,m,temporary,9
2021,5,NGA,m,temporary,15
2021,5,NOR,m,temporary,1
2021,5,PAK,m,temporary,1
2021,5,PSE,m,temporary,1
2021,5,PAN,m,temporary,1
2021,5,RUS,m,temporary,22
2021,5,ROU,m,temporary,14
2021,5,SRB,m,temporary,3
2021,5,SVK,m,temporary,6
2021,5,LKA,m,temporary,1
2021,5,USA,m,temporary,2
2021,5,SYR,m,temporary,1
2021,5,SWE,m,temporary,1
2021,5,TJK,m,temporary,1
2021,5,TWN,m,temporary,1
2021,5,TUN,m,temporary,1
2021,5,TUR,m,temporary,6
2021,5,TKM,m,temporary,1
2021,5,UKR,m,temporary,248
2021,5,UZB,m,temporary,3
2021,5,HUN,m,temporary,1
2021,5,GBR,m,temporary,2
2021,5,VNM,m,temporary,33
2021,5,ITA,m,temporary,2
2021,5,ZWE,m,temporary,1
2021,5,"",m,temporary,2
2021,5,"",m,temporary,4
2021,5,ALB,m,convicted,1
2021,5,DZA,m,convicted,1
2021,5,ARM,m,convicted,21
2021,5,AUT,m,convicted,1
2021,5,AZE,m,convicted,3
2021,5,BEL,m,convicted,2
2021,5,BLR,m,convicted,24
2021,5,BRA,m,convicted,2
2021,5,BGR,m,convicted,37
2021,5,CHN,m,convicted,7
2021,5,CZE,m,convicted,4
2021,5,DNK,m,convicted,1
2021,5,EGY,m,convicted,1
2021,5,GRC,m,convicted,1
2021,5,GEO,m,convicted,49
2021,5,NLD,m,convicted,2
2021,5,IND,m,convicted,7
2021,5,ISR,m,convicted,2
2021,5,JOR,m,convicted,1
2021,5,KAZ,m,convicted,1
2021,5,KGZ,m,convicted,2
2021,5,KOR,m,convicted,1
2021,5,CRI,m,convicted,1
2021,5,LBY,m,convicted,2
2021,5,LTU,m,convicted,13
2021,5,LVA,m,convicted,6
2021,5,MAR,m,convicted,1
2021,5,MDA,m,convicted,23
2021,5,DEU,m,convicted,19
2021,5,NGA,m,convicted,10
2021,5,NOR,m,convicted,2
2021,5,PAK,m,convicted,1
2021,5,PSE,m,convicted,1
2021,5,PRT,m,convicted,2
2021,5,RUS,m,convicted,50
2021,5,ROU,m,convicted,29
2021,5,SRB,m,convicted,4
2021,5,SVK,m,convicted,3
2021,5,SVN,m,convicted,1
2021,5,SYR,m,convicted,2
2021,5,TZA,m,convicted,1
2021,5,TUN,m,convicted,1
2021,5,TUR,m,convicted,1
2021,5,TKM,m,convicted,2
2021,5,UKR,m,convicted,271
2021,5,UZB,m,convicted,1
2021,5,GBR,m,convicted,2
2021,5,VNM,m,convicted,20
2021,5,ITA,m,convicted,4
2021,5,"",m,convicted,8
2021,5,"",m,convicted,15
2021,5,BLR,m,punished,1
2021,5,UKR,m,punished,12
2021,5,"",m,punished,1
2021,5,BLR,f,temporary,2
2021,5,BGR,f,temporary,4
2021,5,CZE,f,temporary,2
2021,5,GEO,f,temporary,1
2021,5,KAZ,f,temporary,1
2021,5,LTU,f,temporary,1
2021,5,DEU,f,temporary,2
2021,5,NGA,f,temporary,2
2021,5,ROU,f,temporary,3
2021,5,SVK,f,temporary,1
2021,5,USA,f,temporary,1
2021,5,UKR,f,temporary,13
2021,5,VNM,f,temporary,1
2021,5,ARM,f,convicted,1
2021,5,BLR,f,convicted,3
2021,5,BRA,f,convicted,2
2021,5,BGR,f,convicted,3
2021,5,GEO,f,convicted,1
2021,5,ESP,f,convicted,2
2021,5,NLD,f,convicted,1
2021,5,COG,f,convicted,1
2021,5,MDA,f,convicted,1
2021,5,RUS,f,convicted,2
2021,5,ROU,f,convicted,1
2021,5,SVK,f,convicted,1
2021,5,USA,f,convicted,1
2021,5,UKR,f,convicted,11
2021,5,GBR,f,convicted,1
2021,5,VNM,f,convicted,1
2021,5,ITA,f,convicted,1
2021,5,UKR,f,punished,1
2021,6,DZA,m,temporary,2
2021,6,ARM,m,temporary,3
2021,6,AUS,m,temporary,1
2021,6,AZE,m,temporary,1
2021,6,BGD,m,temporary,2
2021,6,BLR,m,temporary,55
2021,6,BGR,m,temporary,17
2021,6,CHN,m,temporary,9
2021,6,CZE,m,temporary,6
2021,6,EGY,m,temporary,2
2021,6,EST,m,temporary,4
2021,6,PHL,m,temporary,1
2021,6,FRA,m,temporary,2
2021,6,GEO,m,temporary,80
2021,6,ESP,m,temporary,2
2021,6,NLD,m,temporary,3
2021,6,IND,m,temporary,7
2021,6,IRQ,m,temporary,1
2021,6,IRN,m,temporary,2
2021,6,ISR,m,temporary,1
2021,6,CMR,m,temporary,4
2021,6,CAN,m,temporary,1
2021,6,KAZ,m,temporary,2
2021,6,KGZ,m,temporary,1
2021,6,COL,m,temporary,4
2021,6,LTU,m,temporary,14
2021,6,LVA,m,temporary,3
2021,6,MKD,m,temporary,2
2021,6,MAR,m,temporary,2
2021,6,MDA,m,temporary,30
2021,6,MNG,m,temporary,1
2021,6,DEU,m,temporary,8
2021,6,NGA,m,temporary,16
2021,6,NOR,m,temporary,1
2021,6,PAK,m,temporary,2
2021,6,PSE,m,temporary,1
2021,6,PAN,m,temporary,1
2021,6,RUS,m,temporary,21
2021,6,ROU,m,temporary,13
2021,6,SRB,m,temporary,3
2021,6,SVK,m,temporary,5
2021,6,SOM,m,temporary,1
2021,6,USA,m,temporary,2
2021,6,SYR,m,temporary,1
2021,6,SWE,m,temporary,1
2021,6,TJK,m,temporary,1
2021,6,TWN,m,temporary,1
2021,6,TUN,m,temporary,1
2021,6,TUR,m,temporary,7
2021,6,UKR,m,temporary,257
2021,6,UZB,m,temporary,2
2021,6,HUN,m,temporary,1
2021,6,GBR,m,temporary,2
2021,6,VNM,m,temporary,21
2021,6,ITA,m,temporary,1
2021,6,"",m,temporary,2
2021,6,"",m,temporary,4
2021,6,"",m,temporary,4
2021,6,ALB,m,convicted,1
2021,6,DZA,m,convicted,1
2021,6,ARM,m,convicted,20
2021,6,AUT,m,convicted,1
2021,6,AZE,m,convicted,4
2021,6,BEL,m,convicted,2
2021,6,BLR,m,convicted,24
2021,6,BRA,m,convicted,2
2021,6,BGR,m,convicted,35
2021,6,CHN,m,convicted,6
2021,6,CZE,m,convicted,4
2021,6,EGY,m,convicted,1
2021,6,GMB,m,convicted,1
2021,6,GRC,m,convicted,1
2021,6,GEO,m,convicted,49
2021,6,NLD,m,convicted,2
2021,6,IND,m,convicted,4
2021,6,ISR,m,convicted,2
2021,6,KAZ,m,convicted,2
2021,6,KGZ,m,convicted,3
2021,6,KOR,m,convicted,1
2021,6,CRI,m,convicted,1
2021,6,LBY,m,convicted,3
2021,6,LTU,m,convicted,14
2021,6,LVA,m,convicted,6
2021,6,MAR,m,convicted,1
2021,6,MDA,m,convicted,23
2021,6,DEU,m,convicted,21
2021,6,NGA,m,convicted,10
2021,6,NOR,m,convicted,2
2021,6,PAK,m,convicted,1
2021,6,PSE,m,convicted,1
2021,6,PYF,m,convicted,1
2021,6,PRT,m,convicted,1
2021,6,RUS,m,convicted,52
2021,6,ROU,m,convicted,26
2021,6,SRB,m,convicted,4
2021,6,SVK,m,convicted,3
2021,6,SVN,m,convicted,1
2021,6,SYR,m,convicted,2
2021,6,TZA,m,convicted,1
2021,6,TUN,m,convicted,1
2021,6,TUR,m,convicted,2
2021,6,TKM,m,convicted,1
2021,6,UKR,m,convicted,277
2021,6,UZB,m,convicted,1
2021,6,GBR,m,convicted,2
2021,6,VNM,m,convicted,19
2021,6,ITA,m,convicted,4
2021,6,"",m,convicted,9
2021,6,"",m,convicted,17
2021,6,"",m,convicted,15
2021,6,GEO,m,punished,2
2021,6,RUS,m,punished,1
2021,6,UKR,m,punished,9
2021,6,"",m,punished,1
2021,6,BLR,f,temporary,2
2021,6,BGR,f,temporary,4
2021,6,CZE,f,temporary,2
2021,6,KAZ,f,temporary,1
2021,6,LTU,f,temporary,1
2021,6,DEU,f,temporary,1
2021,6,NGA,f,temporary,1
2021,6,RUS,f,temporary,1
2021,6,ROU,f,temporary,2
2021,6,USA,f,temporary,2
2021,6,UKR,f,temporary,14
2021,6,ARM,f,convicted,1
2021,6,BLR,f,convicted,3
2021,6,BRA,f,convicted,2
2021,6,BGR,f,convicted,3
2021,6,GEO,f,convicted,1
2021,6,ESP,f,convicted,2
2021,6,NLD,f,convicted,1
2021,6,MDA,f,convicted,1
2021,6,RUS,f,convicted,2
2021,6,ROU,f,convicted,1
2021,6,SVK,f,convicted,2
2021,6,UKR,f,convicted,13
2021,6,GBR,f,convicted,1
2021,6,VNM,f,convicted,1
2021,6,UKR,f,punished,5
2021,7,DZA,m,temporary,3
2021,7,ARM,m,temporary,2
2021,7,AUS,m,temporary,1
2021,7,AZE,m,temporary,3
2021,7,BGD,m,temporary,1
2021,7,BLR,m,temporary,53
2021,7,BGR,m,temporary,17
2021,7,CHN,m,temporary,9
2021,7,CZE,m,temporary,5
2021,7,EGY,m,temporary,1
2021,7,EST,m,temporary,4
2021,7,PHL,m,temporary,1
2021,7,FRA,m,temporary,1
2021,7,GEO,m,temporary,84
2021,7,ESP,m,temporary,2
2021,7,NLD,m,temporary,3
2021,7,IND,m,temporary,8
2021,7,IRQ,m,temporary,1
2021,7,IRN,m,temporary,2
2021,7,ISR,m,temporary,1
2021,7,CMR,m,temporary,4
2021,7,CAN,m,temporary,1
2021,7,KAZ,m,temporary,2
2021,7,KGZ,m,temporary,1
2021,7,COL,m,temporary,4
2021,7,LTU,m,temporary,17
2021,7,LVA,m,temporary,3
2021,7,MKD,m,temporary,2
2021,7,MAR,m,temporary,2
2021,7,MDA,m,temporary,29
2021,7,MNG,m,temporary,1
2021,7,DEU,m,temporary,9
2021,7,NGA,m,temporary,15
2021,7,NOR,m,temporary,1
2021,7,PAK,m,temporary,1
2021,7,PSE,m,temporary,1
2021,7,PAN,m,temporary,1
2021,7,RUS,m,temporary,20
2021,7,ROU,m,temporary,13
2021,7,SRB,m,temporary,3
2021,7,SVK,m,temporary,5
2021,7,SOM,m,temporary,1
2021,7,USA,m,temporary,2
2021,7,SYR,m,temporary,1
2021,7,SWE,m,temporary,1
2021,7,TJK,m,temporary,1
2021,7,TWN,m,temporary,1
2021,7,TUN,m,temporary,1
2021,7,TUR,m,temporary,5
2021,7,UKR,m,temporary,250
2021,7,UZB,m,temporary,2
2021,7,HUN,m,temporary,1
2021,7,GBR,m,temporary,3
2021,7,VNM,m,temporary,17
2021,7,ITA,m,temporary,1
2021,7,ZWE,m,temporary,1
2021,7,"",m,temporary,1
2021,7,"",m,temporary,2
2021,7,ALB,m,convicted,1
2021,7,DZA,m,convicted,2
2021,7,ARM,m,convicted,20
2021,7,AUT,m,convicted,1
2021,7,AZE,m,convicted,4
2021,7,BGD,m,convicted,1
2021,7,BEL,m,convicted,2
2021,7,BLR,m,convicted,20
2021,7,BRA,m,convicted,2
2021,7,BGR,m,convicted,34
2021,7,CHN,m,convicted,6
2021,7,CZE,m,convicted,3
2021,7,EGY,m,convicted,1
2021,7,FRA,m,convicted,1
2021,7,GRC,m,convicted,1
2021,7,GEO,m,convicted,48
2021,7,NLD,m,convicted,2
2021,7,IND,m,convicted,3
2021,7,ISR,m,convicted,2
2021,7,KAZ,m,convicted,3
2021,7,KGZ,m,convicted,2
2021,7,KOR,m,convicted,1
2021,7,CRI,m,convicted,1
2021,7,LBY,m,convicted,3
2021,7,LTU,m,convicted,16
2021,7,LVA,m,convicted,6
2021,7,MKD,m,convicted,1
2021,7,MAR,m,convicted,1
2021,7,MDA,m,convicted,24
2021,7,DEU,m,convicted,20
2021,7,NGA,m,convicted,10
2021,7,NOR,m,convicted,2
2021,7,PAK,m,convicted,1
2021,7,PSE,m,convicted,1
2021,7,PYF,m,convicted,1
2021,7,PRT,m,convicted,1
2021,7,RUS,m,convicted,55
2021,7,ROU,m,convicted,27
2021,7,SRB,m,convicted,4
2021,7,SVK,m,convicted,3
2021,7,SVN,m,convicted,1
2021,7,SYR,m,convicted,2
2021,7,TZA,m,convicted,1
2021,7,TUN,m,convicted,1
2021,7,TUR,m,convicted,4
2021,7,TKM,m,convicted,1
2021,7,UKR,m,convicted,299
2021,7,UZB,m,convicted,2
2021,7,GBR,m,convicted,2
2021,7,VNM,m,convicted,20
2021,7,ITA,m,convicted,4
2021,7,"",m,convicted,8
2021,7,"",m,convicted,20
2021,7,GEO,m,punished,1
2021,7,JOR,m,punished,1
2021,7,DEU,m,punished,1
2021,7,UKR,m,punished,17
2021,7,"",m,punished,1
2021,7,BLR,f,temporary,2
2021,7,BGR,f,temporary,4
2021,7,CZE,f,temporary,2
2021,7,KAZ,f,temporary,1
2021,7,LTU,f,temporary,1
2021,7,DEU,f,temporary,1
2021,7,NGA,f,temporary,1
2021,7,RUS,f,temporary,1
2021,7,ROU,f,temporary,2
2021,7,SVK,f,temporary,2
2021,7,USA,f,temporary,2
2021,7,UKR,f,temporary,11
2021,7,ZWE,f,temporary,3
2021,7,ARM,f,convicted,1
2021,7,BLR,f,convicted,3
2021,7,BRA,f,convicted,2
2021,7,BGR,f,convicted,3
2021,7,ESP,f,convicted,2
2021,7,NLD,f,convicted,1
2021,7,MDA,f,convicted,1
2021,7,RUS,f,convicted,2
2021,7,ROU,f,convicted,1
2021,7,SVK,f,convicted,1
2021,7,UKR,f,convicted,13
2021,7,VNM,f,convicted,1
2021,7,UKR,f,punished,1
2021,8,DZA,m,temporary,3
2021,8,ARM,m,temporary,2
2021,8,AUS,m,temporary,1
2021,8,AZE,m,temporary,3
2021,8,BGD,m,temporary,2
2021,8,BEL,m,temporary,1
2021,8,BLR,m,temporary,53
2021,8,BGR,m,temporary,18
2021,8,CHN,m,temporary,9
2021,8,CZE,m,temporary,9
2021,8,EGY,m,temporary,2
2021,8,EST,m,temporary,4
2021,8,PHL,m,temporary,1
2021,8,FRA,m,temporary,2
2021,8,GEO,m,temporary,104
2021,8,ESP,m,temporary,2
2021,8,NLD,m,temporary,3
2021,8,IND,m,temporary,9
2021,8,IRQ,m,temporary,2
2021,8,IRN,m,temporary,2
2021,8,ISR,m,temporary,1
2021,8,CMR,m,temporary,4
2021,8,CAN,m,temporary,1
2021,8,KAZ,m,temporary,2
2021,8,KGZ,m,temporary,1
2021,8,COL,m,temporary,4
2021,8,LTU,m,temporary,15
2021,8,LVA,m,temporary,4
2021,8,MKD,m,temporary,2
2021,8,MAR,m,temporary,3
2021,8,MDA,m,temporary,32
2021,8,MNG,m,temporary,1
2021,8,DEU,m,temporary,11
2021,8,NGA,m,temporary,13
2021,8,NOR,m,temporary,1
2021,8,PAK,m,temporary,2
2021,8,PSE,m,temporary,1
2021,8,PAN,m,temporary,1
2021,8,RUS,m,temporary,23
2021,8,ROU,m,temporary,14
2021,8,SRB,m,temporary,3
2021,8,SVK,m,temporary,5
2021,8,SOM,m,temporary,1
2021,8,USA,m,temporary,2
2021,8,SYR,m,temporary,2
2021,8,SWE,m,temporary,1
2021,8,TJK,m,temporary,1
2021,8,TWN,m,temporary,1
2021,8,TUN,m,temporary,1
2021,8,TUR,m,temporary,5
2021,8,UKR,m,temporary,250
2021,8,UZB,m,temporary,2
2021,8,HUN,m,temporary,1
2021,8,GBR,m,temporary,3
2021,8,VNM,m,temporary,18
2021,8,ITA,m,temporary,1
2021,8,ZWE,m,temporary,1
2021,8,"",m,temporary,2
2021,8,AFG,m,convicted,1
2021,8,ALB,m,convicted,1
2021,8,DZA,m,convicted,2
2021,8,ARM,m,convicted,20
2021,8,AUT,m,convicted,2
2021,8,AZE,m,convicted,4
2021,8,BGD,m,convicted,1
2021,8,BEL,m,convicted,2
2021,8,BLR,m,convicted,22
2021,8,BRA,m,convicted,2
2021,8,BGR,m,convicted,31
2021,8,CHN,m,convicted,6
2021,8,CZE,m,convicted,3
2021,8,EGY,m,convicted,1
2021,8,FRA,m,convicted,1
2021,8,GRC,m,convicted,2
2021,8,GEO,m,convicted,48
2021,8,NLD,m,convicted,2
2021,8,IND,m,convicted,2
2021,8,ISR,m,convicted,2
2021,8,KAZ,m,convicted,4
2021,8,KGZ,m,convicted,2
2021,8,KOR,m,convicted,1
2021,8,CRI,m,convicted,1
2021,8,LBY,m,convicted,4
2021,8,LTU,m,convicted,18
2021,8,LVA,m,convicted,6
2021,8,MKD,m,convicted,1
2021,8,MAR,m,convicted,1
2021,8,MDA,m,convicted,24
2021,8,DEU,m,convicted,21
2021,8,NGA,m,convicted,9
2021,8,PAK,m,convicted,1
2021,8,PSE,m,convicted,2
2021,8,PYF,m,convicted,1
2021,8,PRT,m,convicted,1
2021,8,RUS,m,convicted,58
2021,8,ROU,m,convicted,25
2021,8,SRB,m,convicted,4
2021,8,SVK,m,convicted,3
2021,8,SVN,m,convicted,1
2021,8,SYR,m,convicted,2
2021,8,TZA,m,convicted,1
2021,8,TUN,m,convicted,1
2021,8,TUR,m,convicted,6
2021,8,TKM,m,convicted,1
2021,8,UKR,m,convicted,301
2021,8,UZB,m,convicted,2
2021,8,GBR,m,convicted,2
2021,8,VNM,m,convicted,20
2021,8,ITA,m,convicted,4
2021,8,"",m,convicted,9
2021,8,"",m,convicted,16
2021,8,GEO,m,punished,1
2021,8,RUS,m,punished,1
2021,8,UKR,m,punished,12
2021,8,BLR,f,temporary,1
2021,8,BGR,f,temporary,3
2021,8,CZE,f,temporary,4
2021,8,KAZ,f,temporary,1
2021,8,LTU,f,temporary,1
2021,8,DEU,f,temporary,1
2021,8,NGA,f,temporary,1
2021,8,RUS,f,temporary,1
2021,8,ROU,f,temporary,1
2021,8,SVK,f,temporary,2
2021,8,UKR,f,temporary,16
2021,8,ZWE,f,temporary,3
2021,8,ARM,f,convicted,2
2021,8,BLR,f,convicted,4
2021,8,BRA,f,convicted,2
2021,8,BGR,f,convicted,3
2021,8,ESP,f,convicted,2
2021,8,RUS,f,convicted,2
2021,8,ROU,f,convicted,2
2021,8,SVK,f,convicted,1
2021,8,UKR,f,convicted,14
2021,8,VNM,f,convicted,1
2021,8,UKR,f,punished,1
2021,9,DZA,m,temporary,3
2021,9,ARM,m,temporary,3
2021,9,AUS,m,temporary,1
2021,9,AZE,m,temporary,4
2021,9,BGD,m,temporary,2
2021,9,BEL,m,temporary,1
2021,9,BLR,m,temporary,53
2021,9,BGR,m,temporary,17
2021,9,CHN,m,temporary,8
2021,9,CZE,m,temporary,10
2021,9,DNK,m,temporary,1
2021,9,EGY,m,temporary,2
2021,9,EST,m,temporary,3
2021,9,PHL,m,temporary,1
2021,9,FRA,m,temporary,2
2021,9,GEO,m,temporary,101
2021,9,ESP,m,temporary,2
2021,9,NLD,m,temporary,4
2021,9,IND,m,temporary,9
2021,9,IRQ,m,temporary,2
2021,9,IRN,m,temporary,1
2021,9,ISR,m,temporary,1
2021,9,CMR,m,temporary,4
2021,9,CAN,m,temporary,1
2021,9,KAZ,m,temporary,1
2021,9,KGZ,m,temporary,1
2021,9,COL,m,temporary,4
2021,9,LTU,m,temporary,18
2021,9,LVA,m,temporary,4
2021,9,MAR,m,temporary,3
2021,9,MDA,m,temporary,30
2021,9,MNG,m,temporary,1
2021,9,DEU,m,temporary,10
2021,9,NGA,m,temporary,13
2021,9,NOR,m,temporary,2
2021,9,PAK,m,temporary,2
2021,9,PSE,m,temporary,1
2021,9,PAN,m,temporary,1
2021,9,RUS,m,temporary,22
2021,9,ROU,m,temporary,13
2021,9,SRB,m,temporary,1
2021,9,SVK,m,temporary,5
2021,9,SVN,m,temporary,1
2021,9,SOM,m,temporary,1
2021,9,LKA,m,temporary,1
2021,9,USA,m,temporary,2
2021,9,SYR,m,temporary,3
2021,9,TJK,m,temporary,1
2021,9,TWN,m,temporary,1
2021,9,TUN,m,temporary,1
2021,9,TUR,m,temporary,5
2021,9,UKR,m,temporary,266
2021,9,UZB,m,temporary,4
2021,9,HUN,m,temporary,1
2021,9,GBR,m,temporary,2
2021,9,VNM,m,temporary,18
2021,9,ITA,m,temporary,1
2021,9,ZWE,m,temporary,1
2021,9,"",m,temporary,2
2021,9,AFG,m,convicted,1
2021,9,ALB,m,convicted,1
2021,9,DZA,m,convicted,1
2021,9,ARM,m,convicted,18
2021,9,AUT,m,convicted,2
2021,9,AZE,m,convicted,4
2021,9,BGD,m,convicted,1
2021,9,BEL,m,convicted,2
2021,9,BLR,m,convicted,25
2021,9,BRA,m,convicted,1
2021,9,BGR,m,convicted,34
2021,9,CHN,m,convicted,6
2021,9,CZE,m,convicted,3
2021,9,EGY,m,convicted,1
2021,9,FRA,m,convicted,1
2021,9,GRC,m,convicted,2
2021,9,GEO,m,convicted,45
2021,9,NLD,m,convicted,2
2021,9,IND,m,convicted,2
2021,9,ISR,m,convicted,2
2021,9,CAN,m,convicted,1
2021,9,KAZ,m,convicted,5
2021,9,KGZ,m,convicted,1
2021,9,CRI,m,convicted,1
2021,9,LBY,m,convicted,3
2021,9,LTU,m,convicted,16
2021,9,LVA,m,convicted,5
2021,9,MAR,m,convicted,1
2021,9,MDA,m,convicted,24
2021,9,DEU,m,convicted,21
2021,9,NGA,m,convicted,8
2021,9,PAK,m,convicted,1
2021,9,PSE,m,convicted,2
2021,9,PRT,m,convicted,1
2021,9,RUS,m,convicted,58
2021,9,ROU,m,convicted,24
2021,9,SRB,m,convicted,5
2021,9,SVK,m,convicted,3
2021,9,USA,m,convicted,1
2021,9,SYR,m,convicted,2
2021,9,TZA,m,convicted,1
2021,9,TUN,m,convicted,1
2021,9,TUR,m,convicted,5
2021,9,TKM,m,convicted,1
2021,9,UKR,m,convicted,301
2021,9,UZB,m,convicted,2
2021,9,GBR,m,convicted,2
2021,9,VNM,m,convicted,20
2021,9,ITA,m,convicted,5
2021,9,"",m,convicted,9
2021,9,"",m,convicted,19
2021,9,GEO,m,punished,1
2021,9,LBY,m,punished,1
2021,9,UKR,m,punished,11
2021,9,BLR,f,temporary,2
2021,9,BGR,f,temporary,3
2021,9,CZE,f,temporary,2
2021,9,KAZ,f,temporary,1
2021,9,LTU,f,temporary,1
2021,9,DEU,f,temporary,1
2021,9,NGA,f,temporary,1
2021,9,RUS,f,temporary,1
2021,9,ROU,f,temporary,2
2021,9,SVK,f,temporary,2
2021,9,UKR,f,temporary,14
2021,9,ZWE,f,temporary,3
2021,9,ARM,f,convicted,2
2021,9,BLR,f,convicted,4
2021,9,BRA,f,convicted,2
2021,9,BGR,f,convicted,3
2021,9,ESP,f,convicted,2
2021,9,RUS,f,convicted,2
2021,9,ROU,f,convicted,2
2021,9,SVK,f,convicted,1
2021,9,UKR,f,convicted,17
2021,9,VNM,f,convicted,1
2021,9,UKR,f,punished,2
2021,10,ALB,m,temporary,1
2021,10,DZA,m,temporary,2
2021,10,ARM,m,temporary,4
2021,10,AUS,m,temporary,1
2021,10,AZE,m,temporary,4
2021,10,BGD,m,temporary,2
2021,10,BEL,m,temporary,2
2021,10,BLR,m,temporary,58
2021,10,BGR,m,temporary,13
2021,10,CHN,m,temporary,7
2021,10,CZE,m,temporary,11
2021,10,DNK,m,temporary,1
2021,10,EGY,m,temporary,1
2021,10,EST,m,temporary,3
2021,10,PHL,m,temporary,1
2021,10,FIN,m,temporary,1
2021,10,FRA,m,temporary,1
2021,10,GEO,m,temporary,120
2021,10,ESP,m,temporary,1
2021,10,NLD,m,temporary,5
2021,10,IND,m,temporary,11
2021,10,IRQ,m,temporary,12
2021,10,IRN,m,temporary,2
2021,10,ISR,m,temporary,1
2021,10,CMR,m,temporary,4
2021,10,CAN,m,temporary,1
2021,10,KAZ,m,temporary,2
2021,10,KGZ,m,temporary,1
2021,10,COL,m,temporary,4
2021,10,LBN,m,temporary,1
2021,10,LTU,m,temporary,17
2021,10,LVA,m,temporary,8
2021,10,MAR,m,temporary,3
2021,10,MDA,m,temporary,29
2021,10,MNG,m,temporary,1
2021,10,DEU,m,temporary,13
2021,10,NGA,m,temporary,14
2021,10,NOR,m,temporary,2
2021,10,PAK,m,temporary,2
2021,10,PSE,m,temporary,1
2021,10,PAN,m,temporary,1
2021,10,RUS,m,temporary,24
2021,10,ROU,m,temporary,12
2021,10,SVK,m,temporary,4
2021,10,SVN,m,temporary,1
2021,10,SOM,m,temporary,2
2021,10,LKA,m,temporary,1
2021,10,USA,m,temporary,2
2021,10,SYR,m,temporary,15
2021,10,CHE,m,temporary,1
2021,10,SWE,m,temporary,3
2021,10,TJK,m,temporary,4
2021,10,TWN,m,temporary,1
2021,10,TUN,m,temporary,1
2021,10,TUR,m,temporary,5
2021,10,UKR,m,temporary,300
2021,10,UZB,m,temporary,6
2021,10,HUN,m,temporary,1
2021,10,GBR,m,temporary,3
2021,10,VNM,m,temporary,16
2021,10,ITA,m,temporary,1
2021,10,ZWE,m,temporary,1
2021,10,"",m,temporary,1
2021,10,"",m,temporary,3
2021,10,AFG,m,convicted,1
2021,10,ALB,m,convicted,1
2021,10,DZA,m,convicted,1
2021,10,ARM,m,convicted,19
2021,10,AUT,m,convicted,2
2021,10,AZE,m,convicted,4
2021,10,BGD,m,convicted,1
2021,10,BEL,m,convicted,2
2021,10,BLR,m,convicted,25
2021,10,BRA,m,convicted,1
2021,10,BGR,m,convicted,38
2021,10,CHN,m,convicted,6
2021,10,CZE,m,convicted,4
2021,10,EGY,m,convicted,1
2021,10,FRA,m,convicted,1
2021,10,GRC,m,convicted,2
2021,10,GEO,m,convicted,47
2021,10,NLD,m,convicted,2
2021,10,IND,m,convicted,2
2021,10,ISR,m,convicted,2
2021,10,CAN,m,convicted,1
2021,10,KAZ,m,convicted,3
2021,10,KGZ,m,convicted,1
2021,10,CRI,m,convicted,1
2021,10,LBY,m,convicted,1
2021,10,LTU,m,convicted,16
2021,10,LVA,m,convicted,5
2021,10,MAR,m,convicted,1
2021,10,MDA,m,convicted,27
2021,10,DEU,m,convicted,21
2021,10,NGA,m,convicted,8
2021,10,PAK,m,convicted,1
2021,10,PSE,m,convicted,2
2021,10,PRT,m,convicted,1
2021,10,RUS,m,convicted,57
2021,10,ROU,m,convicted,27
2021,10,SRB,m,convicted,5
2021,10,SVK,m,convicted,4
2021,10,USA,m,convicted,1
2021,10,SYR,m,convicted,2
2021,10,TZA,m,convicted,1
2021,10,TUN,m,convicted,3
2021,10,TUR,m,convicted,5
2021,10,TKM,m,convicted,1
2021,10,UKR,m,convicted,312
2021,10,UZB,m,convicted,2
2021,10,GBR,m,convicted,3
2021,10,VNM,m,convicted,21
2021,10,ITA,m,convicted,5
2021,10,"",m,convicted,9
2021,10,"",m,convicted,19
2021,10,GEO,m,punished,2
2021,10,UKR,m,punished,8
2021,10,BLR,f,temporary,2
2021,10,BGR,f,temporary,2
2021,10,CZE,f,temporary,2
2021,10,LTU,f,temporary,1
2021,10,LVA,f,temporary,1
2021,10,MNG,f,temporary,1
2021,10,DEU,f,temporary,2
2021,10,NGA,f,temporary,1
2021,10,RUS,f,temporary,1
2021,10,ROU,f,temporary,3
2021,10,SVK,f,temporary,1
2021,10,UKR,f,temporary,12
2021,10,ZWE,f,temporary,3
2021,10,ARM,f,convicted,2
2021,10,BLR,f,convicted,4
2021,10,BRA,f,convicted,2
2021,10,BGR,f,convicted,3
2021,10,ESP,f,convicted,2
2021,10,RUS,f,convicted,2
2021,10,ROU,f,convicted,1
2021,10,SVK,f,convicted,1
2021,10,UKR,f,convicted,12
2021,10,VNM,f,convicted,1
2021,10,UKR,f,punished,1
2021,11,ALB,m,temporary,1
2021,11,DZA,m,temporary,2
2021,11,ARM,m,temporary,6
2021,11,AUS,m,temporary,2
2021,11,AUT,m,temporary,1
2021,11,AZE,m,temporary,4
2021,11,BGD,m,temporary,2
2021,11,BEL,m,temporary,2
2021,11,BLR,m,temporary,60
2021,11,BGR,m,temporary,12
2021,11,CHN,m,temporary,7
2021,11,CZE,m,temporary,12
2021,11,DNK,m,temporary,1
2021,11,EST,m,temporary,3
2021,11,PHL,m,temporary,1
2021,11,FIN,m,temporary,1
2021,11,FRA,m,temporary,2
2021,11,GEO,m,temporary,132
2021,11,ESP,m,temporary,1
2021,11,NLD,m,temporary,8
2021,11,IND,m,temporary,10
2021,11,IRQ,m,temporary,11
2021,11,IRN,m,temporary,4
2021,11,ISR,m,temporary,1
2021,11,CMR,m,temporary,4
2021,11,CAN,m,temporary,1
2021,11,KAZ,m,temporary,3
2021,11,KGZ,m,temporary,1
2021,11,COL,m,temporary,4
2021,11,LBN,m,temporary,1
2021,11,LBY,m,temporary,1
2021,11,LTU,m,temporary,19
2021,11,LVA,m,temporary,6
2021,11,MAR,m,temporary,2
2021,11,MDA,m,temporary,26
2021,11,MNG,m,temporary,1
2021,11,DEU,m,temporary,12
2021,11,NGA,m,temporary,17
2021,11,NOR,m,temporary,2
2021,11,PAK,m,temporary,1
2021,11,PSE,m,temporary,1
2021,11,PAN,m,temporary,1
2021,11,RUS,m,temporary,28
2021,11,ROU,m,temporary,15
2021,11,SVK,m,temporary,3
2021,11,SVN,m,temporary,1
2021,11,SOM,m,temporary,2
2021,11,LKA,m,temporary,2
2021,11,USA,m,temporary,1
2021,11,SYR,m,temporary,21
2021,11,CHE,m,temporary,1
2021,11,SWE,m,temporary,5
2021,11,TJK,m,temporary,6
2021,11,TWN,m,temporary,1
2021,11,TUN,m,temporary,2
2021,11,TUR,m,temporary,5
2021,11,UKR,m,temporary,325
2021,11,UZB,m,temporary,8
2021,11,HUN,m,temporary,1
2021,11,GBR,m,temporary,4
2021,11,VNM,m,temporary,12
2021,11,ITA,m,temporary,2
2021,11,ZWE,m,temporary,1
2021,11,"",m,temporary,1
2021,11,"",m,temporary,3
2021,11,AFG,m,convicted,1
2021,11,ALB,m,convicted,1
2021,11,DZA,m,convicted,1
2021,11,ARM,m,convicted,18
2021,11,AUT,m,convicted,2
2021,11,AZE,m,convicted,5
2021,11,BGD,m,convicted,1
2021,11,BEL,m,convicted,2
2021,11,BLR,m,convicted,28
2021,11,BGR,m,convicted,37
2021,11,CHN,m,convicted,6
2021,11,CZE,m,convicted,5
2021,11,DNK,m,convicted,1
2021,11,EGY,m,convicted,1
2021,11,FRA,m,convicted,1
2021,11,GRC,m,convicted,2
2021,11,GEO,m,convicted,49
2021,11,NLD,m,convicted,3
2021,11,IND,m,convicted,2
2021,11,ISR,m,convicted,2
2021,11,CAN,m,convicted,1
2021,11,KAZ,m,convicted,3
2021,11,KGZ,m,convicted,1
2021,11,CRI,m,convicted,1
2021,11,LBY,m,convicted,1
2021,11,LTU,m,convicted,13
2021,11,LVA,m,convicted,5
2021,11,MAR,m,convicted,2
2021,11,MDA,m,convicted,29
2021,11,DEU,m,convicted,19
2021,11,NGA,m,convicted,10
2021,11,PAK,m,convicted,1
2021,11,PSE,m,convicted,2
2021,11,PRT,m,convicted,1
2021,11,BIH,m,convicted,1
2021,11,RUS,m,convicted,57
2021,11,ROU,m,convicted,27
2021,11,SRB,m,convicted,5
2021,11,SVK,m,convicted,5
2021,11,USA,m,convicted,3
2021,11,SYR,m,convicted,2
2021,11,TZA,m,convicted,1
2021,11,TUN,m,convicted,3
2021,11,TUR,m,convicted,5
2021,11,TKM,m,convicted,1
2021,11,UKR,m,convicted,316
2021,11,UZB,m,convicted,3
2021,11,GBR,m,convicted,2
2021,11,VNM,m,convicted,23
2021,11,ITA,m,convicted,5
2021,11,"",m,convicted,10
2021,11,"",m,convicted,18
2021,11,ARM,m,punished,1
2021,11,LTU,m,punished,1
2021,11,UKR,m,punished,10
2021,11,BLR,f,temporary,2
2021,11,BGR,f,temporary,1
2021,11,CZE,f,temporary,2
2021,11,LTU,f,temporary,1
2021,11,DEU,f,temporary,3
2021,11,NGA,f,temporary,1
2021,11,RUS,f,temporary,1
2021,11,ROU,f,temporary,3
2021,11,SVK,f,temporary,1
2021,11,SYR,f,temporary,1
2021,11,UKR,f,temporary,11
2021,11,ZWE,f,temporary,3
2021,11,ARM,f,convicted,2
2021,11,BLR,f,convicted,4
2021,11,BRA,f,convicted,2
2021,11,BGR,f,convicted,3
2021,11,ESP,f,convicted,2
2021,11,RUS,f,convicted,2
2021,11,ROU,f,convicted,1
2021,11,SVK,f,convicted,1
2021,11,UKR,f,convicted,12
2021,11,VNM,f,convicted,2
2021,11,UKR,f,punished,1
2021,12,AFG,m,temporary,1
2021,12,ALB,m,temporary,2
2021,12,DZA,m,temporary,2
2021,12,ARM,m,temporary,7
2021,12,AUS,m,temporary,2
2021,12,AUT,m,temporary,1
2021,12,AZE,m,temporary,3
2021,12,BGD,m,temporary,2
2021,12,BEL,m,temporary,2
2021,12,BLR,m,temporary,64
2021,12,BGR,m,temporary,10
2021,12,CHN,m,temporary,6
2021,12,CZE,m,temporary,10
2021,12,EST,m,temporary,3
2021,12,PHL,m,temporary,1
2021,12,FIN,m,temporary,1
2021,12,FRA,m,temporary,1
2021,12,GEO,m,temporary,139
2021,12,ESP,m,temporary,1
2021,12,NLD,m,temporary,7
2021,12,IND,m,temporary,10
2021,12,IRQ,m,temporary,10
2021,12,IRN,m,temporary,4
2021,12,ISR,m,temporary,2
2021,12,CMR,m,temporary,4
2021,12,CAN,m,temporary,1
2021,12,KAZ,m,temporary,3
2021,12,KGZ,m,temporary,1
2021,12,COL,m,temporary,4
2021,12,LBY,m,temporary,1
2021,12,LTU,m,temporary,17
2021,12,LVA,m,temporary,5
2021,12,MAR,m,temporary,2
2021,12,MDA,m,temporary,20
2021,12,MNG,m,temporary,1
2021,12,DEU,m,temporary,11
2021,12,NGA,m,temporary,18
2021,12,NOR,m,temporary,1
2021,12,PAK,m,temporary,1
2021,12,PSE,m,temporary,1
2021,12,PAN,m,temporary,1
2021,12,PYF,m,temporary,1
2021,12,PRT,m,temporary,1
2021,12,RUS,m,temporary,30
2021,12,ROU,m,temporary,20
2021,12,SVK,m,temporary,7
2021,12,SVN,m,temporary,1
2021,12,SOM,m,temporary,2
2021,12,LKA,m,temporary,2
2021,12,USA,m,temporary,2
2021,12,SYR,m,temporary,18
2021,12,CHE,m,temporary,1
2021,12,SWE,m,temporary,3
2021,12,TJK,m,temporary,6
2021,12,TWN,m,temporary,1
2021,12,TUN,m,temporary,2
2021,12,TUR,m,temporary,7
2021,12,UKR,m,temporary,346
2021,12,UZB,m,temporary,8
2021,12,HUN,m,temporary,1
2021,12,GBR,m,temporary,4
2021,12,VNM,m,temporary,13
2021,12,ITA,m,temporary,5
2021,12,ZWE,m,temporary,2
2021,12,"",m,temporary,3
2021,12,AFG,m,convicted,1
2021,12,DZA,m,convicted,1
2021,12,ARM,m,convicted,19
2021,12,AUT,m,convicted,2
2021,12,AZE,m,convicted,6
2021,12,BGD,m,convicted,1
2021,12,BEL,m,convicted,3
2021,12,BLR,m,convicted,33
2021,12,BGR,m,convicted,35
2021,12,CHN,m,convicted,5
2021,12,CZE,m,convicted,5
2021,12,DNK,m,convicted,1
2021,12,EGY,m,convicted,1
2021,12,FRA,m,convicted,1
2021,12,GRC,m,convicted,2
2021,12,GEO,m,convicted,54
2021,12,NLD,m,convicted,3
2021,12,IND,m,convicted,4
2021,12,ISR,m,convicted,1
2021,12,CAN,m,convicted,1
2021,12,KAZ,m,convicted,3
2021,12,KGZ,m,convicted,1
2021,12,CRI,m,convicted,1
2021,12,LBY,m,convicted,1
2021,12,LTU,m,convicted,16
2021,12,LVA,m,convicted,6
2021,12,MAR,m,convicted,2
2021,12,MDA,m,convicted,35
2021,12,DEU,m,convicted,20
2021,12,NGA,m,convicted,10
2021,12,PAK,m,convicted,1
2021,12,PSE,m,convicted,2
2021,12,PRT,m,convicted,1
2021,12,BIH,m,convicted,1
2021,12,RUS,m,convicted,61
2021,12,ROU,m,convicted,28
2021,12,SRB,m,convicted,5
2021,12,SVK,m,convicted,5
2021,12,LKA,m,convicted,1
2021,12,USA,m,convicted,3
2021,12,SYR,m,convicted,2
2021,12,TZA,m,convicted,1
2021,12,TUN,m,convicted,2
2021,12,TUR,m,convicted,6
2021,12,TKM,m,convicted,1
2021,12,UKR,m,convicted,340
2021,12,UZB,m,convicted,3
2021,12,GBR,m,convicted,2
2021,12,VNM,m,convicted,25
2021,12,ITA,m,convicted,4
2021,12,"",m,convicted,8
2021,12,"",m,convicted,17
2021,12,BGR,m,punished,1
2021,12,UKR,m,punished,12
2021,12,"",m,punished,1
2021,12,BLR,f,temporary,3
2021,12,BGR,f,temporary,1
2021,12,LTU,f,temporary,1
2021,12,DEU,f,temporary,2
2021,12,NGA,f,temporary,1
2021,12,RUS,f,temporary,1
2021,12,ROU,f,temporary,2
2021,12,SVK,f,temporary,2
2021,12,SYR,f,temporary,1
2021,12,UKR,f,temporary,11
2021,12,ZWE,f,temporary,2
2021,12,ARM,f,convicted,1
2021,12,BLR,f,convicted,4
2021,12,BRA,f,convicted,2
2021,12,BGR,f,convicted,3
2021,12,ESP,f,convicted,2
2021,12,LTU,f,convicted,1
2021,12,RUS,f,convicted,2
2021,12,ROU,f,convicted,1
2021,12,SVK,f,convicted,1
2021,12,UKR,f,convicted,16
2021,12,VNM,f,convicted,2
2021,12,"",f,convicted,1
2021,12,UKR,f,punished,2
2022,1,AFG,m,temporary,1
2022,1,ALB,m,temporary,3
2022,1,DZA,m,temporary,2
2022,1,ARM,m,temporary,9
2022,1,AUS,m,temporary,2
2022,1,AZE,m,temporary,2
2022,1,BGD,m,temporary,2
2022,1,BEL,m,temporary,2
2022,1,BLR,m,temporary,62
2022,1,BGR,m,temporary,12
2022,1,CHN,m,temporary,4
2022,1,CZE,m,temporary,8
2022,1,DNK,m,temporary,1
2022,1,EST,m,temporary,3
2022,1,PHL,m,temporary,1
2022,1,FIN,m,temporary,1
2022,1,FRA,m,temporary,1
2022,1,GEO,m,temporary,158
2022,1,ESP,m,temporary,1
2022,1,NLD,m,temporary,6
2022,1,IND,m,temporary,11
2022,1,IRQ,m,temporary,9
2022,1,IRN,m,temporary,3
2022,1,ISR,m,temporary,2
2022,1,CMR,m,temporary,4
2022,1,CAN,m,temporary,2
2022,1,KAZ,m,temporary,2
2022,1,KGZ,m,temporary,1
2022,1,COL,m,temporary,4
2022,1,LBY,m,temporary,1
2022,1,LTU,m,temporary,14
2022,1,LVA,m,temporary,3
2022,1,MAR,m,temporary,2
2022,1,MDA,m,temporary,17
2022,1,MNG,m,temporary,1
2022,1,DEU,m,temporary,13
2022,1,NGA,m,temporary,17
2022,1,NOR,m,temporary,1
2022,1,PAK,m,temporary,1
2022,1,PSE,m,temporary,1
2022,1,PAN,m,temporary,1
2022,1,PYF,m,temporary,1
2022,1,PRT,m,temporary,2
2022,1,RUS,m,temporary,30
2022,1,ROU,m,temporary,22
2022,1,SVK,m,temporary,6
2022,1,SVN,m,temporary,1
2022,1,SOM,m,temporary,2
2022,1,LKA,m,temporary,2
2022,1,USA,m,temporary,3
2022,1,SYR,m,temporary,17
2022,1,CHE,m,temporary,1
2022,1,SWE,m,temporary,2
2022,1,TJK,m,temporary,4
2022,1,TWN,m,temporary,1
2022,1,TUN,m,temporary,2
2022,1,TUR,m,temporary,7
2022,1,TKM,m,temporary,1
2022,1,UKR,m,temporary,369
2022,1,UZB,m,temporary,6
2022,1,HUN,m,temporary,1
2022,1,GBR,m,temporary,2
2022,1,VNM,m,temporary,13
2022,1,ITA,m,temporary,7
2022,1,ZWE,m,temporary,2
2022,1,"",m,temporary,1
2022,1,"",m,temporary,4
2022,1,AFG,m,convicted,1
2022,1,ARM,m,convicted,18
2022,1,AUT,m,convicted,1
2022,1,AZE,m,convicted,7
2022,1,BGD,m,convicted,1
2022,1,BEL,m,convicted,3
2022,1,BLR,m,convicted,35
2022,1,BGR,m,convicted,38
2022,1,CHN,m,convicted,7
2022,1,CZE,m,convicted,8
2022,1,DNK,m,convicted,1
2022,1,EGY,m,convicted,1
2022,1,FRA,m,convicted,1
2022,1,GRC,m,convicted,2
2022,1,GEO,m,convicted,53
2022,1,NLD,m,convicted,3
2022,1,IND,m,convicted,4
2022,1,ISR,m,convicted,1
2022,1,KAZ,m,convicted,3
2022,1,KGZ,m,convicted,1
2022,1,CRI,m,convicted,1
2022,1,LBY,m,convicted,1
2022,1,LTU,m,convicted,16
2022,1,LVA,m,convicted,5
2022,1,MLT,m,convicted,1
2022,1,MAR,m,convicted,2
2022,1,MDA,m,convicted,37
2022,1,NPL,m,convicted,1
2022,1,DEU,m,convicted,19
2022,1,NGA,m,convicted,9
2022,1,PAK,m,convicted,1
2022,1,PSE,m,convicted,1
2022,1,RUS,m,convicted,58
2022,1,ROU,m,convicted,27
2022,1,SRB,m,convicted,5
2022,1,SVK,m,convicted,5
2022,1,LKA,m,convicted,1
2022,1,USA,m,convicted,3
2022,1,SYR,m,convicted,2
2022,1,TZA,m,convicted,1
2022,1,TUN,m,convicted,2
2022,1,TUR,m,convicted,6
2022,1,TKM,m,convicted,1
2022,1,UKR,m,convicted,336
2022,1,UZB,m,convicted,3
2022,1,GBR,m,convicted,3
2022,1,VNM,m,convicted,24
2022,1,ITA,m,convicted,3
2022,1,"",m,convicted,9
2022,1,"",m,convicted,17
2022,1,BLR,m,punished,1
2022,1,GEO,m,punished,2
2022,1,UKR,m,punished,9
2022,1,"",m,punished,1
2022,1,BLR,f,temporary,3
2022,1,BGR,f,temporary,1
2022,1,FRA,f,temporary,1
2022,1,GEO,f,temporary,1
2022,1,LTU,f,temporary,1
2022,1,DEU,f,temporary,3
2022,1,NGA,f,temporary,1
2022,1,RUS,f,temporary,1
2022,1,ROU,f,temporary,1
2022,1,SVK,f,temporary,1
2022,1,UKR,f,temporary,13
2022,1,ZWE,f,temporary,2
2022,1,ARM,f,convicted,1
2022,1,BLR,f,convicted,5
2022,1,BRA,f,convicted,2
2022,1,BGR,f,convicted,3
2022,1,ESP,f,convicted,2
2022,1,LTU,f,convicted,1
2022,1,RUS,f,convicted,2
2022,1,ROU,f,convicted,2
2022,1,SVK,f,convicted,1
2022,1,UKR,f,convicted,14
2022,1,VNM,f,convicted,1
2022,1,"",f,convicted,1
2022,1,UKR,f,punished,1
2022,2,ALB,m,temporary,3
2022,2,DZA,m,temporary,2
2022,2,ARM,m,temporary,10
2022,2,AUS,m,temporary,2
2022,2,AZE,m,temporary,2
2022,2,BGD,m,temporary,2
2022,2,BEL,m,temporary,2
2022,2,BLR,m,temporary,66
2022,2,BGR,m,temporary,10
2022,2,CHN,m,temporary,2
2022,2,CZE,m,temporary,10
2022,2,DNK,m,temporary,1
2022,2,EST,m,temporary,3
2022,2,PHL,m,temporary,1
2022,2,FIN,m,temporary,1
2022,2,FRA,m,temporary,1
2022,2,GMB,m,temporary,1
2022,2,GEO,m,temporary,148
2022,2,ESP,m,temporary,1
2022,2,NLD,m,temporary,4
2022,2,IND,m,temporary,10
2022,2,IRQ,m,temporary,7
2022,2,IRN,m,temporary,3
2022,2,ISR,m,temporary,2
2022,2,CMR,m,temporary,4
2022,2,CAN,m,temporary,2
2022,2,KAZ,m,temporary,1
2022,2,KGZ,m,temporary,1
2022,2,COL,m,temporary,4
2022,2,LTU,m,temporary,13
2022,2,LVA,m,temporary,5
2022,2,MAR,m,temporary,2
2022,2,MDA,m,temporary,17
2022,2,MNG,m,temporary,1
2022,2,DEU,m,temporary,12
2022,2,NGA,m,temporary,15
2022,2,NOR,m,temporary,1
2022,2,PAK,m,temporary,1
2022,2,PSE,m,temporary,1
2022,2,PAN,m,temporary,1
2022,2,PRT,m,temporary,2
2022,2,RUS,m,temporary,29
2022,2,ROU,m,temporary,20
2022,2,SVK,m,temporary,4
2022,2,SVN,m,temporary,1
2022,2,SOM,m,temporary,1
2022,2,LKA,m,temporary,1
2022,2,USA,m,temporary,4
2022,2,SYR,m,temporary,14
2022,2,SWE,m,temporary,2
2022,2,TJK,m,temporary,5
2022,2,TWN,m,temporary,1
2022,2,TUN,m,temporary,1
2022,2,TUR,m,temporary,8
2022,2,TKM,m,temporary,1
2022,2,UKR,m,temporary,360
2022,2,UZB,m,temporary,6
2022,2,HUN,m,temporary,1
2022,2,GBR,m,temporary,1
2022,2,VNM,m,temporary,16
2022,2,ITA,m,temporary,7
2022,2,ZWE,m,temporary,2
2022,2,"",m,temporary,1
2022,2,"",m,temporary,4
2022,2,AFG,m,convicted,1
2022,2,ARM,m,convicted,17
2022,2,AUT,m,convicted,1
2022,2,AZE,m,convicted,5
2022,2,BGD,m,convicted,1
2022,2,BEL,m,convicted,3
2022,2,BLR,m,convicted,34
2022,2,BGR,m,convicted,37
2022,2,CHN,m,convicted,9
2022,2,CZE,m,convicted,8
2022,2,DNK,m,convicted,1
2022,2,EGY,m,convicted,1
2022,2,FRA,m,convicted,1
2022,2,GRC,m,convicted,2
2022,2,GEO,m,convicted,56
2022,2,NLD,m,convicted,4
2022,2,IND,m,convicted,4
2022,2,ISR,m,convicted,1
2022,2,KAZ,m,convicted,5
2022,2,KGZ,m,convicted,1
2022,2,CRI,m,convicted,1
2022,2,LBY,m,convicted,1
2022,2,LTU,m,convicted,16
2022,2,LVA,m,convicted,6
2022,2,MLT,m,convicted,1
2022,2,MAR,m,convicted,2
2022,2,MDA,m,convicted,37
2022,2,NPL,m,convicted,1
2022,2,DEU,m,convicted,21
2022,2,NGA,m,convicted,9
2022,2,PAK,m,convicted,1
2022,2,PSE,m,convicted,1
2022,2,RUS,m,convicted,54
2022,2,ROU,m,convicted,24
2022,2,SRB,m,convicted,5
2022,2,SVK,m,convicted,4
2022,2,LKA,m,convicted,1
2022,2,USA,m,convicted,3
2022,2,SYR,m,convicted,3
2022,2,TJK,m,convicted,1
2022,2,TZA,m,convicted,1
2022,2,TUN,m,convicted,2
2022,2,TUR,m,convicted,5
2022,2,TKM,m,convicted,1
2022,2,UKR,m,convicted,353
2022,2,UZB,m,convicted,2
2022,2,GBR,m,convicted,3
2022,2,VNM,m,convicted,21
2022,2,ITA,m,convicted,3
2022,2,"",m,convicted,8
2022,2,"",m,convicted,21
2022,2,BLR,m,punished,1
2022,2,BGR,m,punished,1
2022,2,GEO,m,punished,2
2022,2,LTU,m,punished,1
2022,2,MAR,m,punished,1
2022,2,UKR,m,punished,14
2022,2,"",m,punished,1
2022,2,BLR,f,temporary,3
2022,2,BGR,f,temporary,1
2022,2,FRA,f,temporary,1
2022,2,GEO,f,temporary,2
2022,2,LTU,f,temporary,1
2022,2,DEU,f,temporary,2
2022,2,NGA,f,temporary,1
2022,2,RUS,f,temporary,1
2022,2,SVK,f,temporary,1
2022,2,TJK,f,temporary,1
2022,2,UKR,f,temporary,12
2022,2,ZWE,f,temporary,2
2022,2,ARM,f,convicted,1
2022,2,BLR,f,convicted,5
2022,2,BRA,f,convicted,2
2022,2,BGR,f,convicted,3
2022,2,ESP,f,convicted,2
2022,2,LTU,f,convicted,1
2022,2,RUS,f,convicted,2
2022,2,ROU,f,convicted,2
2022,2,SVK,f,convicted,1
2022,2,UKR,f,convicted,13
2022,2,VNM,f,convicted,1
2022,2,UKR,f,punished,1
2022,3,ALB,m,temporary,2
2022,3,DZA,m,temporary,1
2022,3,ARM,m,temporary,12
2022,3,AUS,m,temporary,1
2022,3,AZE,m,temporary,5
2022,3,BGD,m,temporary,2
2022,3,BEL,m,temporary,3
2022,3,BLR,m,temporary,65
2022,3,BGR,m,temporary,11
2022,3,CHN,m,temporary,2
2022,3,CZE,m,temporary,11
2022,3,DNK,m,temporary,2
2022,3,EGY,m,temporary,1
2022,3,EST,m,temporary,4
2022,3,ETH,m,temporary,1
2022,3,PHL,m,temporary,1
2022,3,FIN,m,temporary,1
2022,3,FRA,m,temporary,1
2022,3,GMB,m,temporary,1
2022,3,GEO,m,temporary,145
2022,3,ESP,m,temporary,2
2022,3,NLD,m,temporary,5
2022,3,IND,m,temporary,9
2022,3,IRQ,m,temporary,6
2022,3,IRN,m,temporary,3
2022,3,ISR,m,temporary,3
2022,3,JOR,m,temporary,2
2022,3,CMR,m,temporary,4
2022,3,CAN,m,temporary,1
2022,3,KAZ,m,temporary,1
2022,3,KGZ,m,temporary,4
2022,3,COL,m,temporary,4
2022,3,COG,m,temporary,1
2022,3,KOR,m,temporary,1
2022,3,LBN,m,temporary,1
2022,3,LTU,m,temporary,12
2022,3,LVA,m,temporary,3
2022,3,MAR,m,temporary,6
2022,3,MDA,m,temporary,22
2022,3,MNG,m,temporary,1
2022,3,DEU,m,temporary,10
2022,3,NGA,m,temporary,14
2022,3,NOR,m,temporary,1
2022,3,PAK,m,temporary,1
2022,3,PSE,m,temporary,1
2022,3,PAN,m,temporary,1
2022,3,PRT,m,temporary,1
2022,3,RUS,m,temporary,27
2022,3,ROU,m,temporary,21
2022,3,SVK,m,temporary,5
2022,3,SVN,m,temporary,1
2022,3,USA,m,temporary,4
2022,3,SYR,m,temporary,6
2022,3,SWE,m,temporary,1
2022,3,TJK,m,temporary,8
2022,3,TWN,m,temporary,1
2022,3,TUR,m,temporary,11
2022,3,TKM,m,temporary,2
2022,3,UKR,m,temporary,347
2022,3,UZB,m,temporary,9
2022,3,HUN,m,temporary,1
2022,3,GBR,m,temporary,1
2022,3,VNM,m,temporary,15
2022,3,ITA,m,temporary,3
2022,3,ZWE,m,temporary,2
2022,3,"",m,temporary,1
2022,3,"",m,temporary,4
2022,3,AFG,m,convicted,1
2022,3,ARM,m,convicted,18
2022,3,AUT,m,convicted,1
2022,3,AZE,m,convicted,5
2022,3,BGD,m,convicted,1
2022,3,BEL,m,convicted,3
2022,3,BLR,m,convicted,34
2022,3,BGR,m,convicted,37
2022,3,CHN,m,convicted,6
2022,3,CZE,m,convicted,6
2022,3,EGY,m,convicted,1
2022,3,FRA,m,convicted,1
2022,3,GRC,m,convicted,2
2022,3,GEO,m,convicted,59
2022,3,NLD,m,convicted,2
2022,3,IND,m,convicted,4
2022,3,ISR,m,convicted,1
2022,3,JAM,m,convicted,1
2022,3,CAN,m,convicted,1
2022,3,KAZ,m,convicted,5
2022,3,KGZ,m,convicted,1
2022,3,LBY,m,convicted,1
2022,3,LTU,m,convicted,15
2022,3,LVA,m,convicted,7
2022,3,MLT,m,convicted,1
2022,3,MAR,m,convicted,1
2022,3,MDA,m,convicted,37
2022,3,DEU,m,convicted,20
2022,3,NGA,m,convicted,8
2022,3,PAK,m,convicted,1
2022,3,PSE,m,convicted,1
2022,3,PRT,m,convicted,1
2022,3,RUS,m,convicted,55
2022,3,ROU,m,convicted,24
2022,3,SRB,m,convicted,5
2022,3,SVK,m,convicted,5
2022,3,SVN,m,convicted,1
2022,3,SOM,m,convicted,1
2022,3,LKA,m,convicted,1
2022,3,USA,m,convicted,3
2022,3,SYR,m,convicted,3
2022,3,TJK,m,convicted,1
2022,3,TZA,m,convicted,1
2022,3,TUN,m,convicted,3
2022,3,TUR,m,convicted,5
2022,3,TKM,m,convicted,1
2022,3,UKR,m,convicted,340
2022,3,UZB,m,convicted,3
2022,3,GBR,m,convicted,4
2022,3,VNM,m,convicted,21
2022,3,ITA,m,convicted,3
2022,3,"",m,convicted,8
2022,3,"",m,convicted,21
2022,3,ALB,m,punished,1
2022,3,GEO,m,punished,1
2022,3,LTU,m,punished,1
2022,3,MDA,m,punished,1
2022,3,UKR,m,punished,7
2022,3,"",m,punished,1
2022,3,BLR,f,temporary,3
2022,3,BGR,f,temporary,1
2022,3,FRA,f,temporary,1
2022,3,GEO,f,temporary,1
2022,3,LTU,f,temporary,1
2022,3,LVA,f,temporary,1
2022,3,MDA,f,temporary,1
2022,3,DEU,f,temporary,2
2022,3,RUS,f,temporary,2
2022,3,TJK,f,temporary,1
2022,3,UKR,f,temporary,9
2022,3,ZWE,f,temporary,2
2022,3,ARM,f,convicted,1
2022,3,BLR,f,convicted,5
2022,3,BRA,f,convicted,2
2022,3,BGR,f,convicted,3
2022,3,ESP,f,convicted,2
2022,3,LTU,f,convicted,1
2022,3,RUS,f,convicted,1
2022,3,ROU,f,convicted,2
2022,3,SVK,f,convicted,2
2022,3,UKR,f,convicted,13
2022,3,UKR,f,punished,1
2022,4,ALB,m,temporary,4
2022,4,DZA,m,temporary,3
2022,4,ARM,m,temporary,9
2022,4,AUS,m,temporary,1
2022,4,AZE,m,temporary,6
2022,4,BGD,m,temporary,2
2022,4,BEL,m,temporary,3
2022,4,BLR,m,temporary,65
2022,4,BGR,m,temporary,10
2022,4,CHN,m,temporary,1
2022,4,CZE,m,temporary,9
2022,4,DNK,m,temporary,2
2022,4,EGY,m,temporary,2
2022,4,EST,m,temporary,4
2022,4,ETH,m,temporary,1
2022,4,FIN,m,temporary,1
2022,4,FRA,m,temporary,1
2022,4,GMB,m,temporary,1
2022,4,GEO,m,temporary,155
2022,4,ESP,m,temporary,2
2022,4,NLD,m,temporary,4
2022,4,IND,m,temporary,8
2022,4,IRQ,m,temporary,6
2022,4,IRN,m,temporary,3
2022,4,ISR,m,temporary,3
2022,4,JOR,m,temporary,2
2022,4,CMR,m,temporary,4
2022,4,CAN,m,temporary,1
2022,4,KAZ,m,temporary,1
2022,4,KGZ,m,temporary,5
2022,4,COL,m,temporary,5
2022,4,COG,m,temporary,1
2022,4,KOR,m,temporary,1
2022,4,LTU,m,temporary,14
2022,4,LVA,m,temporary,5
2022,4,MAR,m,temporary,5
2022,4,MDA,m,temporary,18
2022,4,DEU,m,temporary,11
2022,4,NGA,m,temporary,13
2022,4,NOR,m,temporary,2
2022,4,PAK,m,temporary,1
2022,4,PSE,m,temporary,2
2022,4,PAN,m,temporary,1
2022,4,PRT,m,temporary,1
2022,4,RUS,m,temporary,31
2022,4,ROU,m,temporary,22
2022,4,SRB,m,temporary,1
2022,4,SVK,m,temporary,5
2022,4,SVN,m,temporary,1
2022,4,USA,m,temporary,4
2022,4,SYR,m,temporary,4
2022,4,SWE,m,temporary,2
2022,4,TJK,m,temporary,8
2022,4,TWN,m,temporary,1
2022,4,TUR,m,temporary,11
2022,4,TKM,m,temporary,2
2022,4,UKR,m,temporary,340
2022,4,UZB,m,temporary,9
2022,4,HUN,m,temporary,1
2022,4,GBR,m,temporary,2
2022,4,VNM,m,temporary,15
2022,4,ITA,m,temporary,2
2022,4,ZWE,m,temporary,2
2022,4,"",m,temporary,1
2022,4,"",m,temporary,3
2022,4,AFG,m,convicted,1
2022,4,DZA,m,convicted,1
2022,4,ARM,m,convicted,19
2022,4,AUT,m,convicted,1
2022,4,AZE,m,convicted,6
2022,4,BGD,m,convicted,1
2022,4,BEL,m,convicted,2
2022,4,BLR,m,convicted,38
2022,4,BGR,m,convicted,36
2022,4,CHN,m,convicted,7
2022,4,CZE,m,convicted,7
2022,4,EGY,m,convicted,1
2022,4,FRA,m,convicted,1
2022,4,GRC,m,convicted,2
2022,4,GEO,m,convicted,67
2022,4,NLD,m,convicted,2
2022,4,IND,m,convicted,4
2022,4,ISR,m,convicted,1
2022,4,JAM,m,convicted,1
2022,4,CAN,m,convicted,1
2022,4,KAZ,m,convicted,5
2022,4,KGZ,m,convicted,1
2022,4,LBY,m,convicted,1
2022,4,LTU,m,convicted,13
2022,4,LVA,m,convicted,5
2022,4,MLT,m,convicted,1
2022,4,MAR,m,convicted,1
2022,4,MDA,m,convicted,38
2022,4,DEU,m,convicted,23
2022,4,NGA,m,convicted,8
2022,4,PAK,m,convicted,1
2022,4,PSE,m,convicted,1
2022,4,PRT,m,convicted,1
2022,4,RUS,m,convicted,55
2022,4,ROU,m,convicted,22
2022,4,SRB,m,convicted,5
2022,4,SVK,m,convicted,6
2022,4,SOM,m,convicted,1
2022,4,USA,m,convicted,3
2022,4,SYR,m,convicted,4
2022,4,TZA,m,convicted,1
2022,4,TUN,m,convicted,4
2022,4,TUR,m,convicted,4
2022,4,TKM,m,convicted,1
2022,4,UKR,m,convicted,339
2022,4,UZB,m,convicted,3
2022,4,GBR,m,convicted,4
2022,4,VNM,m,convicted,20
2022,4,ITA,m,convicted,4
2022,4,ARE,m,convicted,1
2022,4,"",m,convicted,8
2022,4,"",m,convicted,22
2022,4,LTU,m,punished,1
2022,4,UKR,m,punished,6
2022,4,"",m,punished,1
2022,4,BLR,f,temporary,3
2022,4,BGR,f,temporary,1
2022,4,FRA,f,temporary,1
2022,4,GEO,f,temporary,1
2022,4,LTU,f,temporary,1
2022,4,MDA,f,temporary,1
2022,4,DEU,f,temporary,2
2022,4,RUS,f,temporary,1
2022,4,TJK,f,temporary,1
2022,4,UKR,f,temporary,15
2022,4,ZWE,f,temporary,2
2022,4,ARM,f,convicted,1
2022,4,BLR,f,convicted,5
2022,4,BRA,f,convicted,2
2022,4,BGR,f,convicted,3
2022,4,ESP,f,convicted,2
2022,4,LTU,f,convicted,2
2022,4,RUS,f,convicted,1
2022,4,ROU,f,convicted,2
2022,4,SVK,f,convicted,2
2022,4,UKR,f,convicted,15
2022,4,UKR,f,punished,1
2022,5,ALB,m,temporary,4
2022,5,DZA,m,temporary,3
2022,5,ARM,m,temporary,11
2022,5,AUS,m,temporary,1
2022,5,AZE,m,temporary,4
2022,5,BGD,m,temporary,2
2022,5,BEL,m,temporary,3
2022,5,BLR,m,temporary,66
2022,5,BGR,m,temporary,8
2022,5,CHN,m,temporary,1
2022,5,CZE,m,temporary,10
2022,5,DNK,m,temporary,2
2022,5,EGY,m,temporary,3
2022,5,EST,m,temporary,6
2022,5,ETH,m,temporary,2
2022,5,GEO,m,temporary,165
2022,5,ESP,m,temporary,1
2022,5,NLD,m,temporary,4
2022,5,IND,m,temporary,7
2022,5,IRQ,m,temporary,3
2022,5,IRN,m,temporary,3
2022,5,ISR,m,temporary,1
2022,5,JOR,m,temporary,1
2022,5,CMR,m,temporary,3
2022,5,KAZ,m,temporary,1
2022,5,KGZ,m,temporary,5
2022,5,COL,m,temporary,5
2022,5,COG,m,temporary,1
2022,5,KOR,m,temporary,1
2022,5,LTU,m,temporary,14
2022,5,LVA,m,temporary,8
2022,5,MAR,m,temporary,4
2022,5,MDA,m,temporary,16
2022,5,DEU,m,temporary,9
2022,5,NGA,m,temporary,13
2022,5,NOR,m,temporary,2
2022,5,PAK,m,temporary,1
2022,5,PSE,m,temporary,2
2022,5,RUS,m,temporary,33
2022,5,ROU,m,temporary,24
2022,5,SRB,m,temporary,1
2022,5,SVK,m,temporary,5
2022,5,SVN,m,temporary,1
2022,5,USA,m,temporary,2
2022,5,SYR,m,temporary,4
2022,5,SWE,m,temporary,2
2022,5,TJK,m,temporary,7
2022,5,TWN,m,temporary,1
2022,5,TUR,m,temporary,12
2022,5,TKM,m,temporary,3
2022,5,UKR,m,temporary,331
2022,5,UZB,m,temporary,9
2022,5,HUN,m,temporary,3
2022,5,GBR,m,temporary,1
2022,5,VNM,m,temporary,15
2022,5,ITA,m,temporary,2
2022,5,ZWE,m,temporary,2
2022,5,"",m,temporary,1
2022,5,"",m,temporary,4
2022,5,AFG,m,convicted,1
2022,5,DZA,m,convicted,1
2022,5,ARM,m,convicted,22
2022,5,AUT,m,convicted,1
2022,5,AZE,m,convicted,7
2022,5,BGD,m,convicted,1
2022,5,BEL,m,convicted,2
2022,5,BLR,m,convicted,46
2022,5,BGR,m,convicted,38
2022,5,CHN,m,convicted,7
2022,5,CZE,m,convicted,6
2022,5,EGY,m,convicted,1
2022,5,FRA,m,convicted,1
2022,5,GRC,m,convicted,2
2022,5,GEO,m,convicted,74
2022,5,ESP,m,convicted,1
2022,5,NLD,m,convicted,2
2022,5,IND,m,convicted,6
2022,5,ISR,m,convicted,1
2022,5,JAM,m,convicted,1
2022,5,CMR,m,convicted,1
2022,5,CAN,m,convicted,1
2022,5,KAZ,m,convicted,4
2022,5,KGZ,m,convicted,1
2022,5,LBY,m,convicted,1
2022,5,LTU,m,convicted,15
2022,5,LVA,m,convicted,6
2022,5,MLT,m,convicted,1
2022,5,MAR,m,convicted,1
2022,5,MDA,m,convicted,40
2022,5,DEU,m,convicted,23
2022,5,NGA,m,convicted,7
2022,5,PAK,m,convicted,1
2022,5,PSE,m,convicted,1
2022,5,PRT,m,convicted,1
2022,5,RUS,m,convicted,58
2022,5,ROU,m,convicted,23
2022,5,SRB,m,convicted,5
2022,5,SVK,m,convicted,6
2022,5,SOM,m,convicted,1
2022,5,USA,m,convicted,3
2022,5,SYR,m,convicted,3
2022,5,TJK,m,convicted,1
2022,5,TZA,m,convicted,1
2022,5,TUN,m,convicted,3
2022,5,TUR,m,convicted,4
2022,5,TKM,m,convicted,1
2022,5,UKR,m,convicted,329
2022,5,UZB,m,convicted,2
2022,5,GBR,m,convicted,3
2022,5,VNM,m,convicted,19
2022,5,ITA,m,convicted,4
2022,5,ARE,m,convicted,1
2022,5,"",m,convicted,7
2022,5,"",m,convicted,24
2022,5,BLR,m,punished,1
2022,5,GEO,m,punished,1
2022,5,UKR,m,punished,5
2022,5,"",m,punished,1
2022,5,"",m,punished,1
2022,5,BLR,f,temporary,3
2022,5,BGR,f,temporary,3
2022,5,FRA,f,temporary,1
2022,5,GEO,f,temporary,1
2022,5,LTU,f,temporary,1
2022,5,MDA,f,temporary,1
2022,5,DEU,f,temporary,2
2022,5,RUS,f,temporary,1
2022,5,SVK,f,temporary,1
2022,5,TJK,f,temporary,1
2022,5,UKR,f,temporary,19
2022,5,ZWE,f,temporary,2
2022,5,BLR,f,convicted,6
2022,5,BRA,f,convicted,2
2022,5,BGR,f,convicted,4
2022,5,ESP,f,convicted,2
2022,5,LTU,f,convicted,2
2022,5,RUS,f,convicted,1
2022,5,ROU,f,convicted,2
2022,5,SVK,f,convicted,2
2022,5,UKR,f,convicted,13
2022,5,"",f,convicted,1
2022,5,UKR,f,punished,3
2022,5,ITA,f,punished,1
2022,6,ALB,m,temporary,4
2022,6,DZA,m,temporary,3
2022,6,ARM,m,temporary,14
2022,6,AUS,m,temporary,1
2022,6,AZE,m,temporary,5
2022,6,BGD,m,temporary,2
2022,6,BEL,m,temporary,3
2022,6,BLR,m,temporary,61
2022,6,BGR,m,temporary,8
2022,6,CHN,m,temporary,1
2022,6,CZE,m,temporary,7
2022,6,DNK,m,temporary,2
2022,6,EGY,m,temporary,3
2022,6,EST,m,temporary,5
2022,6,ETH,m,temporary,2
2022,6,GMB,m,temporary,1
2022,6,GRC,m,temporary,1
2022,6,GEO,m,temporary,165
2022,6,ESP,m,temporary,2
2022,6,NLD,m,temporary,3
2022,6,IND,m,temporary,6
2022,6,IRQ,m,temporary,4
2022,6,IRN,m,temporary,3
2022,6,ISL,m,temporary,1
2022,6,ISR,m,temporary,2
2022,6,"",m,temporary,1
2022,6,CMR,m,temporary,3
2022,6,KAZ,m,temporary,2
2022,6,KGZ,m,temporary,5
2022,6,COL,m,temporary,5
2022,6,COG,m,temporary,1
2022,6,KOR,m,temporary,1
2022,6,LTU,m,temporary,11
2022,6,LVA,m,temporary,7
2022,6,MAR,m,temporary,3
2022,6,MEX,m,temporary,1
2022,6,MDA,m,temporary,17
2022,6,DEU,m,temporary,8
2022,6,NGA,m,temporary,12
2022,6,NOR,m,temporary,1
2022,6,PAK,m,temporary,2
2022,6,PSE,m,temporary,2
2022,6,BIH,m,temporary,1
2022,6,RUS,m,temporary,33
2022,6,ROU,m,temporary,26
2022,6,SRB,m,temporary,1
2022,6,SVK,m,temporary,5
2022,6,SVN,m,temporary,1
2022,6,USA,m,temporary,2
2022,6,SYR,m,temporary,5
2022,6,SWE,m,temporary,2
2022,6,TJK,m,temporary,7
2022,6,TWN,m,temporary,1
2022,6,TUR,m,temporary,12
2022,6,TKM,m,temporary,1
2022,6,UKR,m,temporary,329
2022,6,UZB,m,temporary,14
2022,6,HUN,m,temporary,1
2022,6,GBR,m,temporary,1
2022,6,VNM,m,temporary,14
2022,6,ITA,m,temporary,2
2022,6,ZWE,m,temporary,1
2022,6,"",m,temporary,1
2022,6,"",m,temporary,4
2022,6,AFG,m,convicted,1
2022,6,DZA,m,convicted,1
2022,6,ARM,m,convicted,20
2022,6,AUT,m,convicted,1
2022,6,AZE,m,convicted,6
2022,6,BGD,m,convicted,1
2022,6,BEL,m,convicted,2
2022,6,BLR,m,convicted,44
2022,6,BGR,m,convicted,38
2022,6,CHN,m,convicted,7
2022,6,CZE,m,convicted,8
2022,6,EGY,m,convicted,1
2022,6,FRA,m,convicted,1
2022,6,GRC,m,convicted,2
2022,6,GEO,m,convicted,77
2022,6,ESP,m,convicted,1
2022,6,NLD,m,convicted,1
2022,6,IND,m,convicted,6
2022,6,ISR,m,convicted,1
2022,6,JAM,m,convicted,1
2022,6,CMR,m,convicted,1
2022,6,CAN,m,convicted,1
2022,6,KAZ,m,convicted,5
2022,6,KGZ,m,convicted,1
2022,6,LBY,m,convicted,1
2022,6,LTU,m,convicted,16
2022,6,LVA,m,convicted,5
2022,6,MKD,m,convicted,1
2022,6,MLT,m,convicted,1
2022,6,MAR,m,convicted,1
2022,6,MDA,m,convicted,42
2022,6,DEU,m,convicted,22
2022,6,NGA,m,convicted,8
2022,6,PAK,m,convicted,1
2022,6,PSE,m,convicted,1
2022,6,PRT,m,convicted,1
2022,6,RUS,m,convicted,54
2022,6,ROU,m,convicted,23
2022,6,SRB,m,convicted,5
2022,6,SVK,m,convicted,6
2022,6,SOM,m,convicted,1
2022,6,USA,m,convicted,3
2022,6,SYR,m,convicted,3
2022,6,TJK,m,convicted,2
2022,6,TZA,m,convicted,1
2022,6,TUN,m,convicted,3
2022,6,TUR,m,convicted,4
2022,6,TKM,m,convicted,1
2022,6,UKR,m,convicted,325
2022,6,UZB,m,convicted,3
2022,6,GBR,m,convicted,2
2022,6,VNM,m,convicted,21
2022,6,ITA,m,convicted,3
2022,6,"",m,convicted,8
2022,6,"",m,convicted,26
2022,6,RUS,m,punished,1
2022,6,UKR,m,punished,8
2022,6,GBR,m,punished,1
2022,6,"",m,punished,1
2022,6,BEL,f,temporary,1
2022,6,BLR,f,temporary,3
2022,6,BGR,f,temporary,3
2022,6,FRA,f,temporary,1
2022,6,GEO,f,temporary,1
2022,6,LTU,f,temporary,1
2022,6,MDA,f,temporary,2
2022,6,DEU,f,temporary,2
2022,6,RUS,f,temporary,1
2022,6,SVK,f,temporary,1
2022,6,UKR,f,temporary,19
2022,6,BLR,f,convicted,5
2022,6,BRA,f,convicted,2
2022,6,BGR,f,convicted,3
2022,6,ESP,f,convicted,2
2022,6,LTU,f,convicted,2
2022,6,RUS,f,convicted,1
2022,6,ROU,f,convicted,3
2022,6,SVK,f,convicted,2
2022,6,UKR,f,convicted,14
2022,6,"",f,convicted,1
2022,6,UKR,f,punished,4
2022,7,ALB,m,temporary,3
2022,7,DZA,m,temporary,2
2022,7,ARM,m,temporary,13
2022,7,AUS,m,temporary,1
2022,7,AZE,m,temporary,3
2022,7,BGD,m,temporary,2
2022,7,BEL,m,temporary,4
2022,7,BLR,m,temporary,66
2022,7,BGR,m,temporary,8
2022,7,CZE,m,temporary,8
2022,7,DNK,m,temporary,3
2022,7,EGY,m,temporary,3
2022,7,EST,m,temporary,4
2022,7,ETH,m,temporary,2
2022,7,FRA,m,temporary,3
2022,7,GMB,m,temporary,1
2022,7,GRC,m,temporary,1
2022,7,GEO,m,temporary,183
2022,7,ESP,m,temporary,2
2022,7,NLD,m,temporary,3
2022,7,IND,m,temporary,7
2022,7,IRQ,m,temporary,3
2022,7,IRN,m,temporary,3
2022,7,ISR,m,temporary,2
2022,7,"",m,temporary,1
2022,7,CMR,m,temporary,3
2022,7,CAN,m,temporary,1
2022,7,KAZ,m,temporary,2
2022,7,KGZ,m,temporary,3
2022,7,COL,m,temporary,5
2022,7,COG,m,temporary,1
2022,7,KOR,m,temporary,1
2022,7,LBN,m,temporary,1
2022,7,LTU,m,temporary,13
2022,7,LVA,m,temporary,5
2022,7,MAR,m,temporary,3
2022,7,MEX,m,temporary,1
2022,7,MDA,m,temporary,18
2022,7,DEU,m,temporary,8
2022,7,NGA,m,temporary,12
2022,7,NOR,m,temporary,1
2022,7,PAK,m,temporary,3
2022,7,PSE,m,temporary,2
2022,7,BIH,m,temporary,1
2022,7,RUS,m,temporary,35
2022,7,ROU,m,temporary,28
2022,7,SEN,m,temporary,1
2022,7,SRB,m,temporary,1
2022,7,SVK,m,temporary,5
2022,7,SVN,m,temporary,1
2022,7,USA,m,temporary,2
2022,7,SYR,m,temporary,5
2022,7,SWE,m,temporary,2
2022,7,TJK,m,temporary,6
2022,7,TWN,m,temporary,1
2022,7,TUR,m,temporary,13
2022,7,TKM,m,temporary,1
2022,7,UKR,m,temporary,326
2022,7,UZB,m,temporary,13
2022,7,HUN,m,temporary,1
2022,7,GBR,m,temporary,1
2022,7,VNM,m,temporary,11
2022,7,ITA,m,temporary,3
2022,7,ZWE,m,temporary,1
2022,7,"",m,temporary,2
2022,7,"",m,temporary,4
2022,7,AFG,m,convicted,1
2022,7,DZA,m,convicted,1
2022,7,ARM,m,convicted,20
2022,7,AUT,m,convicted,1
2022,7,AZE,m,convicted,6
2022,7,BGD,m,convicted,1
2022,7,BEL,m,convicted,2
2022,7,BLR,m,convicted,44
2022,7,BGR,m,convicted,36
2022,7,CHN,m,convicted,8
2022,7,CZE,m,convicted,8
2022,7,EGY,m,convicted,1
2022,7,FRA,m,convicted,1
2022,7,GRC,m,convicted,2
2022,7,GEO,m,convicted,75
2022,7,ESP,m,convicted,1
2022,7,NLD,m,convicted,1
2022,7,IND,m,convicted,7
2022,7,ISR,m,convicted,1
2022,7,CMR,m,convicted,1
2022,7,CAN,m,convicted,1
2022,7,KAZ,m,convicted,6
2022,7,KGZ,m,convicted,1
2022,7,LBN,m,convicted,1
2022,7,LBY,m,convicted,1
2022,7,LTU,m,convicted,14
2022,7,LVA,m,convicted,5
2022,7,MKD,m,convicted,2
2022,7,MLT,m,convicted,1
2022,7,MAR,m,convicted,1
2022,7,MDA,m,convicted,39
2022,7,DEU,m,convicted,23
2022,7,NGA,m,convicted,9
2022,7,NOR,m,convicted,1
2022,7,PAK,m,convicted,1
2022,7,PSE,m,convicted,1
2022,7,PRT,m,convicted,1
2022,7,RUS,m,convicted,47
2022,7,ROU,m,convicted,25
2022,7,SRB,m,convicted,5
2022,7,SVK,m,convicted,5
2022,7,SOM,m,convicted,1
2022,7,USA,m,convicted,3
2022,7,SYR,m,convicted,3
2022,7,TJK,m,convicted,2
2022,7,TZA,m,convicted,1
2022,7,TUN,m,convicted,3
2022,7,TUR,m,convicted,5
2022,7,TKM,m,convicted,1
2022,7,UKR,m,convicted,340
2022,7,UZB,m,convicted,3
2022,7,GBR,m,convicted,2
2022,7,VNM,m,convicted,21
2022,7,ITA,m,convicted,3
2022,7,ZWE,m,convicted,1
2022,7,"",m,convicted,8
2022,7,"",m,convicted,28
2022,7,BLR,m,punished,1
2022,7,GEO,m,punished,1
2022,7,RUS,m,punished,1
2022,7,RWA,m,punished,1
2022,7,UKR,m,punished,5
2022,7,UZB,m,punished,1
2022,7,"",m,punished,1
2022,7,BEL,f,temporary,2
2022,7,BLR,f,temporary,3
2022,7,BGR,f,temporary,5
2022,7,FRA,f,temporary,1
2022,7,LTU,f,temporary,1
2022,7,MDA,f,temporary,1
2022,7,DEU,f,temporary,1
2022,7,ROU,f,temporary,1
2022,7,SVK,f,temporary,1
2022,7,UKR,f,temporary,16
2022,7,BLR,f,convicted,4
2022,7,BRA,f,convicted,1
2022,7,BGR,f,convicted,2
2022,7,ESP,f,convicted,2
2022,7,LTU,f,convicted,2
2022,7,RUS,f,convicted,1
2022,7,ROU,f,convicted,3
2022,7,SVK,f,convicted,2
2022,7,UKR,f,convicted,14
2022,7,"",f,convicted,1
2022,7,UKR,f,punished,1
2022,8,ALB,m,temporary,3
2022,8,DZA,m,temporary,2
2022,8,ARM,m,temporary,9
2022,8,AZE,m,temporary,3
2022,8,BHS,m,temporary,1
2022,8,BGD,m,temporary,2
2022,8,BEL,m,temporary,5
2022,8,BLR,m,temporary,58
2022,8,BGR,m,temporary,9
2022,8,CHN,m,temporary,1
2022,8,CZE,m,temporary,9
2022,8,DNK,m,temporary,3
2022,8,EGY,m,temporary,2
2022,8,EST,m,temporary,5
2022,8,ETH,m,temporary,2
2022,8,FRA,m,temporary,5
2022,8,GMB,m,temporary,1
2022,8,GRC,m,temporary,1
2022,8,GEO,m,temporary,203
2022,8,ESP,m,temporary,3
2022,8,NLD,m,temporary,3
2022,8,IND,m,temporary,8
2022,8,IRQ,m,temporary,6
2022,8,IRN,m,temporary,4
2022,8,ISR,m,temporary,1
2022,8,"",m,temporary,1
2022,8,CMR,m,temporary,4
2022,8,CAN,m,temporary,2
2022,8,KAZ,m,temporary,2
2022,8,KGZ,m,temporary,3
2022,8,COL,m,temporary,5
2022,8,COG,m,temporary,1
2022,8,KOR,m,temporary,1
2022,8,LTU,m,temporary,13
2022,8,LVA,m,temporary,6
2022,8,MAR,m,temporary,2
2022,8,MDA,m,temporary,25
2022,8,DEU,m,temporary,9
2022,8,NGA,m,temporary,9
2022,8,NOR,m,temporary,1
2022,8,PAK,m,temporary,5
2022,8,PSE,m,temporary,1
2022,8,BIH,m,temporary,1
2022,8,RUS,m,temporary,37
2022,8,ROU,m,temporary,25
2022,8,SEN,m,temporary,1
2022,8,SRB,m,temporary,1
2022,8,SVK,m,temporary,5
2022,8,SVN,m,temporary,1
2022,8,USA,m,temporary,2
2022,8,SYR,m,temporary,4
2022,8,SWE,m,temporary,3
2022,8,TJK,m,temporary,6
2022,8,TWN,m,temporary,1
2022,8,TUR,m,temporary,12
2022,8,TKM,m,temporary,1
2022,8,UKR,m,temporary,332
2022,8,UZB,m,temporary,11
2022,8,HUN,m,temporary,1
2022,8,GBR,m,temporary,1
2022,8,VNM,m,temporary,11
2022,8,ITA,m,temporary,1
2022,8,"",m,temporary,2
2022,8,"",m,temporary,4
2022,8,AFG,m,convicted,1
2022,8,DZA,m,convicted,1
2022,8,ARM,m,convicted,21
2022,8,AUT,m,convicted,1
2022,8,AZE,m,convicted,6
2022,8,BGD,m,convicted,1
2022,8,BEL,m,convicted,2
2022,8,BLR,m,convicted,38
2022,8,BGR,m,convicted,36
2022,8,CHN,m,convicted,8
2022,8,CZE,m,convicted,8
2022,8,EGY,m,convicted,1
2022,8,FRA,m,convicted,1
2022,8,GRC,m,convicted,2
2022,8,GEO,m,convicted,75
2022,8,ESP,m,convicted,1
2022,8,NLD,m,convicted,1
2022,8,IND,m,convicted,6
2022,8,ISR,m,convicted,1
2022,8,CMR,m,convicted,1
2022,8,CAN,m,convicted,1
2022,8,KAZ,m,convicted,5
2022,8,KGZ,m,convicted,1
2022,8,LBN,m,convicted,1
2022,8,LBY,m,convicted,1
2022,8,LTU,m,convicted,14
2022,8,LVA,m,convicted,4
2022,8,MKD,m,convicted,1
2022,8,MLT,m,convicted,1
2022,8,MAR,m,convicted,1
2022,8,MDA,m,convicted,38
2022,8,DEU,m,convicted,25
2022,8,NGA,m,convicted,8
2022,8,NOR,m,convicted,1
2022,8,PAK,m,convicted,1
2022,8,PSE,m,convicted,1
2022,8,PRT,m,convicted,1
2022,8,RUS,m,convicted,45
2022,8,ROU,m,convicted,26
2022,8,SRB,m,convicted,5
2022,8,SVK,m,convicted,4
2022,8,SOM,m,convicted,1
2022,8,USA,m,convicted,3
2022,8,SYR,m,convicted,5
2022,8,TJK,m,convicted,1
2022,8,TZA,m,convicted,1
2022,8,TUN,m,convicted,3
2022,8,TUR,m,convicted,5
2022,8,TKM,m,convicted,1
2022,8,UKR,m,convicted,334
2022,8,UZB,m,convicted,3
2022,8,GBR,m,convicted,3
2022,8,VNM,m,convicted,21
2022,8,ITA,m,convicted,3
2022,8,ZWE,m,convicted,1
2022,8,"",m,convicted,8
2022,8,"",m,convicted,29
2022,8,BGR,m,punished,1
2022,8,GEO,m,punished,1
2022,8,MDA,m,punished,1
2022,8,ROU,m,punished,1
2022,8,UKR,m,punished,1
2022,8,"",m,punished,1
2022,8,BEL,f,temporary,2
2022,8,BLR,f,temporary,3
2022,8,BGR,f,temporary,5
2022,8,DNK,f,temporary,1
2022,8,FRA,f,temporary,1
2022,8,LTU,f,temporary,1
2022,8,LVA,f,temporary,1
2022,8,MDA,f,temporary,1
2022,8,DEU,f,temporary,1
2022,8,ROU,f,temporary,1
2022,8,UKR,f,temporary,16
2022,8,BLR,f,convicted,4
2022,8,BRA,f,convicted,1
2022,8,BGR,f,convicted,1
2022,8,ESP,f,convicted,2
2022,8,LTU,f,convicted,2
2022,8,RUS,f,convicted,1
2022,8,ROU,f,convicted,3
2022,8,SVK,f,convicted,2
2022,8,UKR,f,convicted,11
2022,8,UKR,f,punished,3
2022,9,ALB,m,temporary,3
2022,9,DZA,m,temporary,2
2022,9,ARM,m,temporary,9
2022,9,AZE,m,temporary,6
2022,9,BHS,m,temporary,1
2022,9,BGD,m,temporary,2
2022,9,BEL,m,temporary,4
2022,9,BLR,m,temporary,49
2022,9,BGR,m,temporary,9
2022,9,CHN,m,temporary,1
2022,9,CZE,m,temporary,11
2022,9,DNK,m,temporary,2
2022,9,EGY,m,temporary,3
2022,9,EST,m,temporary,5
2022,9,ETH,m,temporary,3
2022,9,FRA,m,temporary,4
2022,9,GRC,m,temporary,1
2022,9,GEO,m,temporary,191
2022,9,ESP,m,temporary,2
2022,9,NLD,m,temporary,3
2022,9,IND,m,temporary,5
2022,9,IRQ,m,temporary,4
2022,9,IRN,m,temporary,4
2022,9,ISR,m,temporary,1
2022,9,"",m,temporary,1
2022,9,CMR,m,temporary,4
2022,9,CAN,m,temporary,2
2022,9,KAZ,m,temporary,2
2022,9,KGZ,m,temporary,2
2022,9,COL,m,temporary,5
2022,9,COG,m,temporary,1
2022,9,KOR,m,temporary,1
2022,9,LTU,m,temporary,15
2022,9,LVA,m,temporary,8
2022,9,MAR,m,temporary,2
2022,9,MDA,m,temporary,21
2022,9,DEU,m,temporary,11
2022,9,NGA,m,temporary,10
2022,9,NOR,m,temporary,1
2022,9,PAK,m,temporary,5
2022,9,PSE,m,temporary,1
2022,9,PRT,m,temporary,1
2022,9,BIH,m,temporary,1
2022,9,RUS,m,temporary,34
2022,9,ROU,m,temporary,23
2022,9,SEN,m,temporary,1
2022,9,SRB,m,temporary,1
2022,9,SVK,m,temporary,8
2022,9,SVN,m,temporary,1
2022,9,USA,m,temporary,3
2022,9,SYR,m,temporary,3
2022,9,SWE,m,temporary,3
2022,9,TJK,m,temporary,4
2022,9,TWN,m,temporary,1
2022,9,TZA,m,temporary,1
2022,9,TUR,m,temporary,9
2022,9,TKM,m,temporary,2
2022,9,UKR,m,temporary,336
2022,9,UZB,m,temporary,12
2022,9,HUN,m,temporary,2
2022,9,GBR,m,temporary,1
2022,9,VNM,m,temporary,10
2022,9,ITA,m,temporary,1
2022,9,ZWE,m,temporary,1
2022,9,"",m,temporary,2
2022,9,"",m,temporary,3
2022,9,AFG,m,convicted,1
2022,9,ALB,m,convicted,1
2022,9,DZA,m,convicted,1
2022,9,ARM,m,convicted,23
2022,9,AUT,m,convicted,1
2022,9,AZE,m,convicted,6
2022,9,BGD,m,convicted,1
2022,9,BEL,m,convicted,2
2022,9,BLR,m,convicted,38
2022,9,BGR,m,convicted,34
2022,9,CHN,m,convicted,7
2022,9,CZE,m,convicted,7
2022,9,EGY,m,convicted,1
2022,9,FRA,m,convicted,1
2022,9,GRC,m,convicted,2
2022,9,GEO,m,convicted,77
2022,9,ESP,m,convicted,1
2022,9,NLD,m,convicted,1
2022,9,IND,m,convicted,8
2022,9,IRQ,m,convicted,1
2022,9,ISR,m,convicted,1
2022,9,CMR,m,convicted,1
2022,9,CAN,m,convicted,1
2022,9,KAZ,m,convicted,5
2022,9,KGZ,m,convicted,1
2022,9,LBN,m,convicted,1
2022,9,LBY,m,convicted,1
2022,9,LTU,m,convicted,15
2022,9,LVA,m,convicted,4
2022,9,MKD,m,convicted,1
2022,9,MLT,m,convicted,1
2022,9,MAR,m,convicted,1
2022,9,MDA,m,convicted,39
2022,9,DEU,m,convicted,23
2022,9,NGA,m,convicted,7
2022,9,NOR,m,convicted,1
2022,9,PAK,m,convicted,1
2022,9,PSE,m,convicted,1
2022,9,PRT,m,convicted,1
2022,9,RUS,m,convicted,45
2022,9,ROU,m,convicted,26
2022,9,SRB,m,convicted,5
2022,9,SVK,m,convicted,4
2022,9,USA,m,convicted,3
2022,9,SYR,m,convicted,4
2022,9,TJK,m,convicted,1
2022,9,TZA,m,convicted,1
2022,9,TUN,m,convicted,3
2022,9,TUR,m,convicted,6
2022,9,TKM,m,convicted,1
2022,9,UKR,m,convicted,337
2022,9,UZB,m,convicted,3
2022,9,GBR,m,convicted,3
2022,9,VNM,m,convicted,22
2022,9,ITA,m,convicted,3
2022,9,"",m,convicted,9
2022,9,"",m,convicted,29
2022,9,BLR,m,punished,2
2022,9,MDA,m,punished,1
2022,9,SVK,m,punished,1
2022,9,UKR,m,punished,3
2022,9,"",m,punished,1
2022,9,BEL,f,temporary,1
2022,9,BLR,f,temporary,4
2022,9,BGR,f,temporary,6
2022,9,DNK,f,temporary,1
2022,9,LTU,f,temporary,1
2022,9,LVA,f,temporary,1
2022,9,MDA,f,temporary,2
2022,9,DEU,f,temporary,1
2022,9,ROU,f,temporary,3
2022,9,SVK,f,temporary,1
2022,9,UKR,f,temporary,19
2022,9,BLR,f,convicted,3
2022,9,BRA,f,convicted,1
2022,9,BGR,f,convicted,1
2022,9,FRA,f,convicted,1
2022,9,ESP,f,convicted,2
2022,9,LTU,f,convicted,2
2022,9,RUS,f,convicted,1
2022,9,ROU,f,convicted,2
2022,9,SVK,f,convicted,2
2022,9,UKR,f,convicted,14
2022,9,UKR,f,punished,3
2022,10,ALB,m,temporary,3
2022,10,DZA,m,temporary,2
2022,10,ARM,m,temporary,8
2022,10,AZE,m,temporary,9
2022,10,BGD,m,temporary,2
2022,10,BEL,m,temporary,3
2022,10,BLR,m,temporary,57
2022,10,BGR,m,temporary,9
2022,10,CHN,m,temporary,1
2022,10,CZE,m,temporary,11
2022,10,DNK,m,temporary,3
2022,10,EGY,m,temporary,3
2022,10,EST,m,temporary,5
2022,10,ETH,m,temporary,3
2022,10,FRA,m,temporary,3
2022,10,GRC,m,temporary,2
2022,10,GEO,m,temporary,200
2022,10,ESP,m,temporary,2
2022,10,NLD,m,temporary,3
2022,10,IND,m,temporary,6
2022,10,IRQ,m,temporary,2
2022,10,IRN,m,temporary,5
2022,10,ISR,m,temporary,2
2022,10,"",m,temporary,1
2022,10,CMR,m,temporary,4
2022,10,CAN,m,temporary,1
2022,10,KAZ,m,temporary,3
2022,10,KGZ,m,temporary,2
2022,10,COL,m,temporary,5
2022,10,COG,m,temporary,1
2022,10,KOR,m,temporary,1
2022,10,LTU,m,temporary,19
2022,10,LVA,m,temporary,8
2022,10,MAR,m,temporary,2
2022,10,MDA,m,temporary,28
2022,10,DEU,m,temporary,10
2022,10,NGA,m,temporary,10
2022,10,NOR,m,temporary,1
2022,10,PAK,m,temporary,7
2022,10,PSE,m,temporary,1
2022,10,PRT,m,temporary,2
2022,10,BIH,m,temporary,1
2022,10,RUS,m,temporary,32
2022,10,ROU,m,temporary,19
2022,10,SEN,m,temporary,1
2022,10,SVK,m,temporary,7
2022,10,SVN,m,temporary,1
2022,10,USA,m,temporary,3
2022,10,SYR,m,temporary,3
2022,10,SWE,m,temporary,4
2022,10,TJK,m,temporary,6
2022,10,TWN,m,temporary,1
2022,10,TZA,m,temporary,1
2022,10,TUR,m,temporary,12
2022,10,TKM,m,temporary,2
2022,10,UKR,m,temporary,352
2022,10,UZB,m,temporary,12
2022,10,HUN,m,temporary,2
2022,10,GBR,m,temporary,1
2022,10,VNM,m,temporary,9
2022,10,"",m,temporary,3
2022,10,"",m,temporary,3
2022,10,AFG,m,convicted,1
2022,10,ALB,m,convicted,1
2022,10,DZA,m,convicted,2
2022,10,ARM,m,convicted,27
2022,10,AUT,m,convicted,1
2022,10,AZE,m,convicted,6
2022,10,BGD,m,convicted,1
2022,10,BEL,m,convicted,2
2022,10,BLR,m,convicted,43
2022,10,BRA,m,convicted,1
2022,10,BGR,m,convicted,34
2022,10,CHN,m,convicted,7
2022,10,CZE,m,convicted,7
2022,10,EGY,m,convicted,1
2022,10,FRA,m,convicted,1
2022,10,GRC,m,convicted,1
2022,10,GEO,m,convicted,80
2022,10,ESP,m,convicted,1
2022,10,NLD,m,convicted,2
2022,10,IND,m,convicted,5
2022,10,IRQ,m,convicted,1
2022,10,ISR,m,convicted,1
2022,10,CMR,m,convicted,1
2022,10,CAN,m,convicted,1
2022,10,KAZ,m,convicted,6
2022,10,KGZ,m,convicted,1
2022,10,LBN,m,convicted,1
2022,10,LBY,m,convicted,1
2022,10,LTU,m,convicted,16
2022,10,LVA,m,convicted,3
2022,10,MLT,m,convicted,1
2022,10,MAR,m,convicted,1
2022,10,MDA,m,convicted,39
2022,10,MNG,m,convicted,1
2022,10,DEU,m,convicted,23
2022,10,NGA,m,convicted,7
2022,10,PAK,m,convicted,1
2022,10,PSE,m,convicted,1
2022,10,PRT,m,convicted,1
2022,10,RUS,m,convicted,46
2022,10,ROU,m,convicted,27
2022,10,SRB,m,convicted,6
2022,10,SVK,m,convicted,4
2022,10,USA,m,convicted,3
2022,10,SYR,m,convicted,3
2022,10,TZA,m,convicted,1
2022,10,TUN,m,convicted,2
2022,10,TUR,m,convicted,6
2022,10,TKM,m,convicted,2
2022,10,UKR,m,convicted,339
2022,10,UZB,m,convicted,3
2022,10,GBR,m,convicted,5
2022,10,VNM,m,convicted,23
2022,10,ITA,m,convicted,3
2022,10,"",m,convicted,9
2022,10,"",m,convicted,27
2022,10,BLR,m,punished,1
2022,10,GEO,m,punished,1
2022,10,UKR,m,punished,4
2022,10,UZB,m,punished,1
2022,10,ZWE,m,punished,1
2022,10,"",m,punished,1
2022,10,BEL,f,temporary,1
2022,10,BLR,f,temporary,3
2022,10,BGR,f,temporary,5
2022,10,DNK,f,temporary,1
2022,10,LTU,f,temporary,1
2022,10,LVA,f,temporary,1
2022,10,MDA,f,temporary,3
2022,10,DEU,f,temporary,1
2022,10,ROU,f,temporary,4
2022,10,SVK,f,temporary,1
2022,10,USA,f,temporary,1
2022,10,UKR,f,temporary,21
2022,10,BLR,f,convicted,3
2022,10,BRA,f,convicted,1
2022,10,BGR,f,convicted,2
2022,10,FRA,f,convicted,1
2022,10,ESP,f,convicted,2
2022,10,LTU,f,convicted,1
2022,10,ROU,f,convicted,1
2022,10,SVK,f,convicted,3
2022,10,UKR,f,convicted,13
2022,10,"",f,convicted,1
2022,10,LTU,f,punished,1
2022,10,UKR,f,punished,3
2022,11,ALB,m,temporary,2
2022,11,DZA,m,temporary,3
2022,11,ARM,m,temporary,8
2022,11,AZE,m,temporary,8
2022,11,BGD,m,temporary,3
2022,11,BEL,m,temporary,3
2022,11,BLR,m,temporary,59
2022,11,BGR,m,temporary,12
2022,11,CHN,m,temporary,1
2022,11,CZE,m,temporary,12
2022,11,DNK,m,temporary,3
2022,11,EGY,m,temporary,4
2022,11,EST,m,temporary,5
2022,11,FRA,m,temporary,4
2022,11,GRC,m,temporary,2
2022,11,GEO,m,temporary,209
2022,11,ESP,m,temporary,2
2022,11,NLD,m,temporary,3
2022,11,IND,m,temporary,6
2022,11,IRQ,m,temporary,2
2022,11,IRN,m,temporary,5
2022,11,ISR,m,temporary,3
2022,11,JOR,m,temporary,1
2022,11,"",m,temporary,1
2022,11,CMR,m,temporary,4
2022,11,CAN,m,temporary,1
2022,11,KAZ,m,temporary,3
2022,11,KGZ,m,temporary,2
2022,11,COL,m,temporary,5
2022,11,COG,m,temporary,1
2022,11,KOR,m,temporary,1
2022,11,LTU,m,temporary,19
2022,11,LVA,m,temporary,7
2022,11,MKD,m,temporary,1
2022,11,MAR,m,temporary,1
2022,11,MDA,m,temporary,38
2022,11,DEU,m,temporary,10
2022,11,NGA,m,temporary,8
2022,11,NOR,m,temporary,1
2022,11,PAK,m,temporary,8
2022,11,PSE,m,temporary,1
2022,11,PRT,m,temporary,1
2022,11,BIH,m,temporary,1
2022,11,RUS,m,temporary,30
2022,11,RWA,m,temporary,1
2022,11,ROU,m,temporary,22
2022,11,SEN,m,temporary,1
2022,11,SVK,m,temporary,9
2022,11,SVN,m,temporary,1
2022,11,USA,m,temporary,3
2022,11,SYR,m,temporary,3
2022,11,SWE,m,temporary,3
2022,11,TJK,m,temporary,5
2022,11,TWN,m,temporary,1
2022,11,TZA,m,temporary,1
2022,11,TUN,m,temporary,1
2022,11,TUR,m,temporary,11
2022,11,TKM,m,temporary,3
2022,11,UKR,m,temporary,365
2022,11,UZB,m,temporary,15
2022,11,HUN,m,temporary,2
2022,11,GBR,m,temporary,1
2022,11,VNM,m,temporary,7
2022,11,"",m,temporary,1
2022,11,"",m,temporary,3
2022,11,AFG,m,convicted,1
2022,11,ALB,m,convicted,1
2022,11,DZA,m,convicted,1
2022,11,ARM,m,convicted,25
2022,11,AUT,m,convicted,1
2022,11,AZE,m,convicted,6
2022,11,BGD,m,convicted,1
2022,11,BEL,m,convicted,2
2022,11,BLR,m,convicted,45
2022,11,BRA,m,convicted,1
2022,11,BGR,m,convicted,34
2022,11,CHN,m,convicted,7
2022,11,CZE,m,convicted,8
2022,11,EGY,m,convicted,2
2022,11,EST,m,convicted,2
2022,11,FRA,m,convicted,1
2022,11,GRC,m,convicted,1
2022,11,GEO,m,convicted,88
2022,11,ESP,m,convicted,1
2022,11,NLD,m,convicted,1
2022,11,IND,m,convicted,5
2022,11,IRQ,m,convicted,1
2022,11,ISR,m,convicted,1
2022,11,JOR,m,convicted,1
2022,11,CMR,m,convicted,1
2022,11,CAN,m,convicted,1
2022,11,KAZ,m,convicted,6
2022,11,KGZ,m,convicted,1
2022,11,LBN,m,convicted,1
2022,11,LBY,m,convicted,1
2022,11,LTU,m,convicted,14
2022,11,LVA,m,convicted,3
2022,11,MLT,m,convicted,1
2022,11,MAR,m,convicted,1
2022,11,MDA,m,convicted,34
2022,11,MNG,m,convicted,1
2022,11,DEU,m,convicted,19
2022,11,NGA,m,convicted,7
2022,11,PAK,m,convicted,1
2022,11,PSE,m,convicted,1
2022,11,PRT,m,convicted,1
2022,11,RUS,m,convicted,48
2022,11,ROU,m,convicted,28
2022,11,SRB,m,convicted,6
2022,11,SVK,m,convicted,4
2022,11,USA,m,convicted,3
2022,11,SYR,m,convicted,2
2022,11,TZA,m,convicted,1
2022,11,TUN,m,convicted,2
2022,11,TUR,m,convicted,6
2022,11,TKM,m,convicted,2
2022,11,UKR,m,convicted,336
2022,11,UZB,m,convicted,3
2022,11,GBR,m,convicted,5
2022,11,VNM,m,convicted,22
2022,11,ITA,m,convicted,2
2022,11,CIV,m,convicted,1
2022,11,ZWE,m,convicted,2
2022,11,"",m,convicted,10
2022,11,"",m,convicted,23
2022,11,GEO,m,punished,2
2022,11,MDA,m,punished,1
2022,11,RUS,m,punished,1
2022,11,UKR,m,punished,7
2022,11,BEL,f,temporary,1
2022,11,BLR,f,temporary,3
2022,11,BGR,f,temporary,4
2022,11,CZE,f,temporary,1
2022,11,DNK,f,temporary,1
2022,11,LVA,f,temporary,1
2022,11,MDA,f,temporary,4
2022,11,DEU,f,temporary,1
2022,11,ROU,f,temporary,4
2022,11,SVK,f,temporary,1
2022,11,USA,f,temporary,1
2022,11,UKR,f,temporary,23
2022,11,BLR,f,convicted,3
2022,11,BRA,f,convicted,1
2022,11,BGR,f,convicted,1
2022,11,FRA,f,convicted,1
2022,11,ESP,f,convicted,2
2022,11,LTU,f,convicted,2
2022,11,ROU,f,convicted,1
2022,11,SVK,f,convicted,3
2022,11,CHE,f,convicted,1
2022,11,UKR,f,convicted,12
2022,11,"",f,convicted,2
2022,11,UKR,f,punished,1
2022,11,"",f,punished,1
2022,12,ALB,m,temporary,1
2022,12,DZA,m,temporary,2
2022,12,ARM,m,temporary,4
2022,12,AZE,m,temporary,6
2022,12,BGD,m,temporary,2
2022,12,BEL,m,temporary,3
2022,12,BLR,m,temporary,52
2022,12,BGR,m,temporary,12
2022,12,CHN,m,temporary,1
2022,12,CZE,m,temporary,8
2022,12,DNK,m,temporary,3
2022,12,EGY,m,temporary,4
2022,12,EST,m,temporary,4
2022,12,FRA,m,temporary,4
2022,12,GRC,m,temporary,2
2022,12,GEO,m,temporary,199
2022,12,ESP,m,temporary,2
2022,12,NLD,m,temporary,3
2022,12,IND,m,temporary,9
2022,12,IRQ,m,temporary,1
2022,12,IRN,m,temporary,4
2022,12,ISR,m,temporary,2
2022,12,"",m,temporary,1
2022,12,CMR,m,temporary,4
2022,12,CAN,m,temporary,1
2022,12,KAZ,m,temporary,4
2022,12,KGZ,m,temporary,1
2022,12,COL,m,temporary,5
2022,12,COG,m,temporary,1
2022,12,LTU,m,temporary,19
2022,12,LVA,m,temporary,8
2022,12,MAR,m,temporary,1
2022,12,MDA,m,temporary,37
2022,12,DEU,m,temporary,7
2022,12,NGA,m,temporary,8
2022,12,NOR,m,temporary,2
2022,12,PAK,m,temporary,8
2022,12,PRT,m,temporary,1
2022,12,BIH,m,temporary,1
2022,12,RUS,m,temporary,32
2022,12,ROU,m,temporary,19
2022,12,RWA,m,temporary,1
2022,12,SEN,m,temporary,1
2022,12,SVK,m,temporary,6
2022,12,SVN,m,temporary,1
2022,12,USA,m,temporary,3
2022,12,SDN,m,temporary,1
2022,12,SYR,m,temporary,2
2022,12,SWE,m,temporary,2
2022,12,TJK,m,temporary,4
2022,12,TWN,m,temporary,1
2022,12,TZA,m,temporary,1
2022,12,TUN,m,temporary,1
2022,12,TUR,m,temporary,7
2022,12,TKM,m,temporary,5
2022,12,UKR,m,temporary,342
2022,12,UZB,m,temporary,15
2022,12,HUN,m,temporary,2
2022,12,VNM,m,temporary,8
2022,12,ZWE,m,temporary,1
2022,12,"",m,temporary,1
2022,12,"",m,temporary,3
2022,12,AFG,m,convicted,1
2022,12,ALB,m,convicted,1
2022,12,DZA,m,convicted,1
2022,12,ARM,m,convicted,25
2022,12,AUT,m,convicted,1
2022,12,AZE,m,convicted,6
2022,12,BGD,m,convicted,1
2022,12,BEL,m,convicted,2
2022,12,BLR,m,convicted,45
2022,12,BGR,m,convicted,36
2022,12,CHN,m,convicted,7
2022,12,CZE,m,convicted,8
2022,12,EGY,m,convicted,2
2022,12,EST,m,convicted,2
2022,12,FRA,m,convicted,1
2022,12,GRC,m,convicted,2
2022,12,GEO,m,convicted,82
2022,12,ESP,m,convicted,1
2022,12,NLD,m,convicted,1
2022,12,IND,m,convicted,5
2022,12,IRQ,m,convicted,1
2022,12,ISR,m,convicted,1
2022,12,JOR,m,convicted,1
2022,12,CMR,m,convicted,1
2022,12,CAN,m,convicted,1
2022,12,KAZ,m,convicted,5
2022,12,KGZ,m,convicted,1
2022,12,LBN,m,convicted,1
2022,12,LBY,m,convicted,1
2022,12,LTU,m,convicted,14
2022,12,LVA,m,convicted,5
2022,12,MLT,m,convicted,1
2022,12,MAR,m,convicted,1
2022,12,MDA,m,convicted,37
2022,12,MNG,m,convicted,1
2022,12,DEU,m,convicted,17
2022,12,NGA,m,convicted,6
2022,12,PAK,m,convicted,2
2022,12,PSE,m,convicted,2
2022,12,PRT,m,convicted,1
2022,12,RUS,m,convicted,49
2022,12,ROU,m,convicted,30
2022,12,SRB,m,convicted,6
2022,12,SVK,m,convicted,4
2022,12,USA,m,convicted,3
2022,12,SYR,m,convicted,2
2022,12,TZA,m,convicted,1
2022,12,TUN,m,convicted,2
2022,12,TUR,m,convicted,7
2022,12,TKM,m,convicted,2
2022,12,UKR,m,convicted,353
2022,12,UZB,m,convicted,3
2022,12,GBR,m,convicted,5
2022,12,VNM,m,convicted,19
2022,12,ITA,m,convicted,2
2022,12,CIV,m,convicted,1
2022,12,ZWE,m,convicted,1
2022,12,"",m,convicted,9
2022,12,"",m,convicted,22
2022,12,DZA,m,punished,1
2022,12,BLR,m,punished,1
2022,12,GEO,m,punished,1
2022,12,UKR,m,punished,6
2022,12,BEL,f,temporary,1
2022,12,BLR,f,temporary,3
2022,12,BGR,f,temporary,2
2022,12,CZE,f,temporary,1
2022,12,DNK,f,temporary,1
2022,12,MDA,f,temporary,5
2022,12,DEU,f,temporary,1
2022,12,ROU,f,temporary,2
2022,12,UKR,f,temporary,22
2022,12,VNM,f,temporary,1
2022,12,BLR,f,convicted,3
2022,12,BRA,f,convicted,1
2022,12,BGR,f,convicted,1
2022,12,CZE,f,convicted,1
2022,12,FRA,f,convicted,1
2022,12,ESP,f,convicted,2
2022,12,LTU,f,convicted,2
2022,12,ROU,f,convicted,2
2022,12,SVK,f,convicted,3
2022,12,CHE,f,convicted,1
2022,12,UKR,f,convicted,10
2022,12,"",f,convicted,2
2023,1,ALB,m,temporary,1
2023,1,DZA,m,temporary,2
2023,1,ARM,m,temporary,4
2023,1,AZE,m,temporary,12
2023,1,BGD,m,temporary,3
2023,1,BEL,m,temporary,2
2023,1,BLR,m,temporary,52
2023,1,BGR,m,temporary,10
2023,1,CHN,m,temporary,1
2023,1,CZE,m,temporary,8
2023,1,DNK,m,temporary,1
2023,1,EGY,m,temporary,5
2023,1,EST,m,temporary,6
2023,1,FRA,m,temporary,5
2023,1,GRC,m,temporary,2
2023,1,GEO,m,temporary,188
2023,1,ESP,m,temporary,2
2023,1,NLD,m,temporary,2
2023,1,IND,m,temporary,10
2023,1,IRQ,m,temporary,2
2023,1,IRN,m,temporary,4
2023,1,ISR,m,temporary,2
2023,1,"",m,temporary,1
2023,1,CMR,m,temporary,4
2023,1,CAN,m,temporary,1
2023,1,KAZ,m,temporary,3
2023,1,KGZ,m,temporary,1
2023,1,COL,m,temporary,5
2023,1,COG,m,temporary,1
2023,1,LTU,m,temporary,14
2023,1,LVA,m,temporary,7
2023,1,MAR,m,temporary,1
2023,1,MDA,m,temporary,33
2023,1,DEU,m,temporary,8
2023,1,NGA,m,temporary,8
2023,1,NOR,m,temporary,2
2023,1,PAK,m,temporary,5
2023,1,PRT,m,temporary,1
2023,1,BIH,m,temporary,1
2023,1,RUS,m,temporary,32
2023,1,ROU,m,temporary,17
2023,1,RWA,m,temporary,1
2023,1,SEN,m,temporary,1
2023,1,SVK,m,temporary,5
2023,1,SVN,m,temporary,1
2023,1,USA,m,temporary,4
2023,1,SDN,m,temporary,1
2023,1,SYR,m,temporary,3
2023,1,SWE,m,temporary,2
2023,1,TJK,m,temporary,3
2023,1,TWN,m,temporary,1
2023,1,TUN,m,temporary,1
2023,1,TUR,m,temporary,7
2023,1,TKM,m,temporary,2
2023,1,UKR,m,temporary,351
2023,1,UZB,m,temporary,13
2023,1,HUN,m,temporary,1
2023,1,VNM,m,temporary,7
2023,1,ITA,m,temporary,1
2023,1,ZWE,m,temporary,1
2023,1,"",m,temporary,1
2023,1,"",m,temporary,4
2023,1,AFG,m,convicted,1
2023,1,ALB,m,convicted,1
2023,1,ARM,m,convicted,24
2023,1,AZE,m,convicted,6
2023,1,BGD,m,convicted,1
2023,1,BEL,m,convicted,1
2023,1,BLR,m,convicted,43
2023,1,BGR,m,convicted,36
2023,1,CHN,m,convicted,6
2023,1,CZE,m,convicted,7
2023,1,EGY,m,convicted,2
2023,1,EST,m,convicted,2
2023,1,GRC,m,convicted,1
2023,1,GEO,m,convicted,100
2023,1,ESP,m,convicted,1
2023,1,NLD,m,convicted,1
2023,1,IND,m,convicted,5
2023,1,IRQ,m,convicted,1
2023,1,ISR,m,convicted,1
2023,1,JOR,m,convicted,1
2023,1,CMR,m,convicted,1
2023,1,CAN,m,convicted,1
2023,1,KAZ,m,convicted,4
2023,1,KGZ,m,convicted,1
2023,1,LBN,m,convicted,1
2023,1,LBY,m,convicted,1
2023,1,LTU,m,convicted,16
2023,1,LVA,m,convicted,4
2023,1,MLT,m,convicted,1
2023,1,MAR,m,convicted,2
2023,1,MDA,m,convicted,38
2023,1,MNG,m,convicted,2
2023,1,DEU,m,convicted,16
2023,1,NGA,m,convicted,6
2023,1,PAK,m,convicted,3
2023,1,PSE,m,convicted,2
2023,1,PRT,m,convicted,1
2023,1,RUS,m,convicted,50
2023,1,ROU,m,convicted,27
2023,1,SRB,m,convicted,6
2023,1,SVK,m,convicted,7
2023,1,USA,m,convicted,3
2023,1,SYR,m,convicted,2
2023,1,TZA,m,convicted,2
2023,1,TUN,m,convicted,2
2023,1,TUR,m,convicted,6
2023,1,TKM,m,convicted,2
2023,1,UKR,m,convicted,396
2023,1,UZB,m,convicted,3
2023,1,GBR,m,convicted,5
2023,1,VNM,m,convicted,18
2023,1,ITA,m,convicted,2
2023,1,CIV,m,convicted,1
2023,1,"",m,convicted,8
2023,1,"",m,convicted,24
2023,1,MDA,m,punished,1
2023,1,SVK,m,punished,1
2023,1,UKR,m,punished,6
2023,1,BEL,f,temporary,1
2023,1,BLR,f,temporary,5
2023,1,BGR,f,temporary,2
2023,1,CZE,f,temporary,1
2023,1,DNK,f,temporary,1
2023,1,MDA,f,temporary,3
2023,1,DEU,f,temporary,2
2023,1,ROU,f,temporary,1
2023,1,UKR,f,temporary,24
2023,1,VNM,f,temporary,1
2023,1,BLR,f,convicted,3
2023,1,BRA,f,convicted,2
2023,1,BGR,f,convicted,1
2023,1,CZE,f,convicted,1
2023,1,FRA,f,convicted,1
2023,1,LTU,f,convicted,2
2023,1,ROU,f,convicted,3
2023,1,SVK,f,convicted,3
2023,1,CHE,f,convicted,1
2023,1,UKR,f,convicted,11
2023,1,"",f,convicted,1
2023,1,UKR,f,punished,2
2023,2,ALB,m,temporary,1
2023,2,DZA,m,temporary,2
2023,2,ARM,m,temporary,5
2023,2,AZE,m,temporary,12
2023,2,BGD,m,temporary,3
2023,2,BEL,m,temporary,2
2023,2,BLR,m,temporary,49
2023,2,BGR,m,temporary,11
2023,2,CZE,m,temporary,10
2023,2,DNK,m,temporary,1
2023,2,EGY,m,temporary,4
2023,2,EST,m,temporary,6
2023,2,FRA,m,temporary,5
2023,2,GRC,m,temporary,1
2023,2,GEO,m,temporary,195
2023,2,ESP,m,temporary,2
2023,2,NLD,m,temporary,2
2023,2,IND,m,temporary,9
2023,2,IRQ,m,temporary,2
2023,2,IRN,m,temporary,4
2023,2,ISR,m,temporary,2
2023,2,"",m,temporary,1
2023,2,CMR,m,temporary,4
2023,2,CAN,m,temporary,1
2023,2,KAZ,m,temporary,3
2023,2,COL,m,temporary,7
2023,2,COG,m,temporary,1
2023,2,LTU,m,temporary,11
2023,2,LVA,m,temporary,7
2023,2,MAR,m,temporary,1
2023,2,MDA,m,temporary,28
2023,2,DEU,m,temporary,11
2023,2,NGA,m,temporary,10
2023,2,NOR,m,temporary,3
2023,2,PAK,m,temporary,4
2023,2,PRT,m,temporary,1
2023,2,BIH,m,temporary,1
2023,2,RUS,m,temporary,39
2023,2,ROU,m,temporary,16
2023,2,RWA,m,temporary,1
2023,2,SEN,m,temporary,1
2023,2,SVK,m,temporary,7
2023,2,SVN,m,temporary,1
2023,2,USA,m,temporary,4
2023,2,SDN,m,temporary,1
2023,2,SYR,m,temporary,3
2023,2,SWE,m,temporary,2
2023,2,TJK,m,temporary,2
2023,2,TUN,m,temporary,2
2023,2,TUR,m,temporary,7
2023,2,TKM,m,temporary,3
2023,2,UKR,m,temporary,345
2023,2,UZB,m,temporary,19
2023,2,HUN,m,temporary,1
2023,2,VNM,m,temporary,7
2023,2,ITA,m,temporary,1
2023,2,ZWE,m,temporary,1
2023,2,"",m,temporary,1
2023,2,"",m,temporary,4
2023,2,ALB,m,convicted,2
2023,2,ARM,m,convicted,21
2023,2,AZE,m,convicted,7
2023,2,BGD,m,convicted,1
2023,2,BEL,m,convicted,1
2023,2,BLR,m,convicted,45
2023,2,BGR,m,convicted,36
2023,2,CHN,m,convicted,6
2023,2,CZE,m,convicted,8
2023,2,EGY,m,convicted,2
2023,2,EST,m,convicted,2
2023,2,PHL,m,convicted,1
2023,2,GRC,m,convicted,1
2023,2,GEO,m,convicted,112
2023,2,ESP,m,convicted,1
2023,2,NLD,m,convicted,2
2023,2,IND,m,convicted,6
2023,2,IRQ,m,convicted,1
2023,2,ISR,m,convicted,1
2023,2,JOR,m,convicted,1
2023,2,CMR,m,convicted,1
2023,2,CAN,m,convicted,1
2023,2,KAZ,m,convicted,5
2023,2,KGZ,m,convicted,1
2023,2,LBN,m,convicted,1
2023,2,LBY,m,convicted,1
2023,2,LTU,m,convicted,17
2023,2,LVA,m,convicted,5
2023,2,MLT,m,convicted,1
2023,2,MAR,m,convicted,1
2023,2,MEX,m,convicted,1
2023,2,MDA,m,convicted,38
2023,2,MNG,m,convicted,2
2023,2,DEU,m,convicted,15
2023,2,NGA,m,convicted,6
2023,2,PAK,m,convicted,3
2023,2,PSE,m,convicted,2
2023,2,PRT,m,convicted,1
2023,2,RUS,m,convicted,53
2023,2,ROU,m,convicted,28
2023,2,SRB,m,convicted,6
2023,2,SVK,m,convicted,7
2023,2,USA,m,convicted,4
2023,2,SYR,m,convicted,2
2023,2,TZA,m,convicted,2
2023,2,TUN,m,convicted,2
2023,2,TUR,m,convicted,5
2023,2,TKM,m,convicted,1
2023,2,UKR,m,convicted,419
2023,2,UZB,m,convicted,3
2023,2,GBR,m,convicted,3
2023,2,VNM,m,convicted,17
2023,2,ITA,m,convicted,2
2023,2,CIV,m,convicted,1
2023,2,ZWE,m,convicted,1
2023,2,"",m,convicted,7
2023,2,"",m,convicted,26
2023,2,GEO,m,punished,2
2023,2,UKR,m,punished,7
2023,2,BLR,f,temporary,4
2023,2,BGR,f,temporary,1
2023,2,DNK,f,temporary,1
2023,2,MDA,f,temporary,3
2023,2,DEU,f,temporary,3
2023,2,ROU,f,temporary,1
2023,2,UKR,f,temporary,22
2023,2,VNM,f,temporary,1
2023,2,BEL,f,convicted,1
2023,2,BLR,f,convicted,3
2023,2,BRA,f,convicted,2
2023,2,BGR,f,convicted,1
2023,2,CZE,f,convicted,1
2023,2,FRA,f,convicted,1
2023,2,LTU,f,convicted,2
2023,2,ROU,f,convicted,4
2023,2,SVK,f,convicted,3
2023,2,CHE,f,convicted,1
2023,2,UKR,f,convicted,13
2023,2,"",f,convicted,1
2023,2,UKR,f,punished,2
2023,3,ALB,m,temporary,1
2023,3,DZA,m,temporary,2
2023,3,ARM,m,temporary,8
2023,3,AZE,m,temporary,11
2023,3,BGD,m,temporary,2
2023,3,BEL,m,temporary,1
2023,3,BLR,m,temporary,50
2023,3,BGR,m,temporary,10
2023,3,CZE,m,temporary,10
2023,3,DNK,m,temporary,1
2023,3,EGY,m,temporary,5
2023,3,EST,m,temporary,8
2023,3,ETH,m,temporary,1
2023,3,FRA,m,temporary,5
2023,3,GRC,m,temporary,1
2023,3,GEO,m,temporary,204
2023,3,ESP,m,temporary,2
2023,3,NLD,m,temporary,4
2023,3,IND,m,temporary,11
2023,3,IRQ,m,temporary,2
2023,3,IRN,m,temporary,4
2023,3,ISR,m,temporary,2
2023,3,JOR,m,temporary,1
2023,3,"",m,temporary,1
2023,3,CMR,m,temporary,4
2023,3,CAN,m,temporary,1
2023,3,KAZ,m,temporary,3
2023,3,COL,m,temporary,7
2023,3,COG,m,temporary,1
2023,3,LTU,m,temporary,8
2023,3,LVA,m,temporary,5
2023,3,MAR,m,temporary,2
2023,3,MDA,m,temporary,28
2023,3,DEU,m,temporary,12
2023,3,NGA,m,temporary,10
2023,3,NOR,m,temporary,3
2023,3,PAK,m,temporary,6
2023,3,PRT,m,temporary,1
2023,3,BIH,m,temporary,1
2023,3,RUS,m,temporary,29
2023,3,ROU,m,temporary,16
2023,3,RWA,m,temporary,1
2023,3,SEN,m,temporary,1
2023,3,SVK,m,temporary,7
2023,3,SVN,m,temporary,1
2023,3,USA,m,temporary,3
2023,3,SYR,m,temporary,4
2023,3,SWE,m,temporary,3
2023,3,TJK,m,temporary,2
2023,3,TUN,m,temporary,2
2023,3,TUR,m,temporary,7
2023,3,TKM,m,temporary,5
2023,3,UKR,m,temporary,374
2023,3,UZB,m,temporary,19
2023,3,HUN,m,temporary,1
2023,3,GBR,m,temporary,1
2023,3,VNM,m,temporary,7
2023,3,ITA,m,temporary,2
2023,3,ZWE,m,temporary,1
2023,3,"",m,temporary,1
2023,3,"",m,temporary,4
2023,3,ALB,m,convicted,2
2023,3,DZA,m,convicted,1
2023,3,ARM,m,convicted,19
2023,3,AZE,m,convicted,7
2023,3,BGD,m,convicted,2
2023,3,BEL,m,convicted,1
2023,3,BLR,m,convicted,46
2023,3,BGR,m,convicted,37
2023,3,CHN,m,convicted,4
2023,3,CZE,m,convicted,8
2023,3,EGY,m,convicted,1
2023,3,EST,m,convicted,2
2023,3,PHL,m,convicted,1
2023,3,GRC,m,convicted,1
2023,3,GEO,m,convicted,114
2023,3,NLD,m,convicted,2
2023,3,IND,m,convicted,7
2023,3,IRQ,m,convicted,2
2023,3,ISL,m,convicted,1
2023,3,ISR,m,convicted,1
2023,3,CMR,m,convicted,1
2023,3,CAN,m,convicted,1
2023,3,KAZ,m,convicted,5
2023,3,KGZ,m,convicted,1
2023,3,LBN,m,convicted,1
2023,3,LBY,m,convicted,1
2023,3,LTU,m,convicted,17
2023,3,LVA,m,convicted,5
2023,3,MLT,m,convicted,1
2023,3,MAR,m,convicted,3
2023,3,MDA,m,convicted,37
2023,3,MNG,m,convicted,2
2023,3,DEU,m,convicted,16
2023,3,NGA,m,convicted,7
2023,3,PAK,m,convicted,2
2023,3,PSE,m,convicted,2
2023,3,PRT,m,convicted,1
2023,3,RUS,m,convicted,54
2023,3,ROU,m,convicted,30
2023,3,SRB,m,convicted,5
2023,3,SVK,m,convicted,7
2023,3,USA,m,convicted,3
2023,3,SYR,m,convicted,2
2023,3,TZA,m,convicted,1
2023,3,TUN,m,convicted,2
2023,3,TUR,m,convicted,6
2023,3,TKM,m,convicted,2
2023,3,UKR,m,convicted,444
2023,3,UZB,m,convicted,4
2023,3,GBR,m,convicted,3
2023,3,VNM,m,convicted,16
2023,3,ITA,m,convicted,2
2023,3,ZWE,m,convicted,1
2023,3,"",m,convicted,8
2023,3,"",m,convicted,26
2023,3,ARM,m,punished,1
2023,3,BLR,m,punished,1
2023,3,BGR,m,punished,1
2023,3,JOR,m,punished,1
2023,3,RUS,m,punished,2
2023,3,SVK,m,punished,1
2023,3,UKR,m,punished,5
2023,3,"",m,punished,1
2023,3,"",m,punished,1
2023,3,BLR,f,temporary,4
2023,3,BGR,f,temporary,1
2023,3,CZE,f,temporary,2
2023,3,DNK,f,temporary,1
2023,3,LTU,f,temporary,1
2023,3,MDA,f,temporary,3
2023,3,DEU,f,temporary,4
2023,3,ROU,f,temporary,1
2023,3,SVK,f,temporary,1
2023,3,UKR,f,temporary,24
2023,3,VNM,f,temporary,1
2023,3,BEL,f,convicted,1
2023,3,BLR,f,convicted,4
2023,3,BRA,f,convicted,2
2023,3,BGR,f,convicted,1
2023,3,CZE,f,convicted,1
2023,3,FRA,f,convicted,1
2023,3,LTU,f,convicted,2
2023,3,ROU,f,convicted,4
2023,3,SVK,f,convicted,3
2023,3,CHE,f,convicted,1
2023,3,UKR,f,convicted,16
2023,3,VNM,f,convicted,1
2023,3,"",f,convicted,1
2023,3,UKR,f,punished,1
2023,3,ITA,f,punished,1
2023,4,ALB,m,temporary,1
2023,4,DZA,m,temporary,1
2023,4,SAU,m,temporary,1
2023,4,ARM,m,temporary,10
2023,4,AZE,m,temporary,10
2023,4,BGD,m,temporary,2
2023,4,BEL,m,temporary,1
2023,4,BLR,m,temporary,50
2023,4,BGR,m,temporary,10
2023,4,CZE,m,temporary,8
2023,4,DNK,m,temporary,1
2023,4,EGY,m,temporary,5
2023,4,EST,m,temporary,6
2023,4,ETH,m,temporary,1
2023,4,FRA,m,temporary,4
2023,4,GRC,m,temporary,1
2023,4,GEO,m,temporary,218
2023,4,ESP,m,temporary,2
2023,4,NLD,m,temporary,4
2023,4,IND,m,temporary,10
2023,4,IRQ,m,temporary,2
2023,4,IRN,m,temporary,4
2023,4,IRL,m,temporary,1
2023,4,ISR,m,temporary,2
2023,4,JOR,m,temporary,1
2023,4,"",m,temporary,1
2023,4,CMR,m,temporary,4
2023,4,CAN,m,temporary,1
2023,4,KAZ,m,temporary,2
2023,4,KGZ,m,temporary,1
2023,4,COL,m,temporary,7
2023,4,COG,m,temporary,1
2023,4,LTU,m,temporary,10
2023,4,LVA,m,temporary,7
2023,4,MAR,m,temporary,2
2023,4,MDA,m,temporary,28
2023,4,DEU,m,temporary,11
2023,4,NGA,m,temporary,10
2023,4,NOR,m,temporary,2
2023,4,PAK,m,temporary,5
2023,4,PRT,m,temporary,1
2023,4,BIH,m,temporary,1
2023,4,RUS,m,temporary,27
2023,4,ROU,m,temporary,17
2023,4,RWA,m,temporary,1
2023,4,SEN,m,temporary,1
2023,4,SVK,m,temporary,7
2023,4,SVN,m,temporary,1
2023,4,USA,m,temporary,4
2023,4,SYR,m,temporary,3
2023,4,SWE,m,temporary,3
2023,4,TJK,m,temporary,2
2023,4,TUN,m,temporary,2
2023,4,TUR,m,temporary,4
2023,4,TKM,m,temporary,6
2023,4,UKR,m,temporary,373
2023,4,UZB,m,temporary,20
2023,4,HUN,m,temporary,1
2023,4,GBR,m,temporary,1
2023,4,VNM,m,temporary,7
2023,4,ITA,m,temporary,2
2023,4,ZWE,m,temporary,1
2023,4,"",m,temporary,1
2023,4,"",m,temporary,4
2023,4,ALB,m,convicted,1
2023,4,DZA,m,convicted,1
2023,4,ARM,m,convicted,22
2023,4,AZE,m,convicted,7
2023,4,BGD,m,convicted,2
2023,4,BEL,m,convicted,1
2023,4,BLR,m,convicted,54
2023,4,BGR,m,convicted,38
2023,4,CHN,m,convicted,4
2023,4,CZE,m,convicted,10
2023,4,EGY,m,convicted,1
2023,4,EST,m,convicted,2
2023,4,GRC,m,convicted,1
2023,4,GEO,m,convicted,120
2023,4,NLD,m,convicted,2
2023,4,IND,m,convicted,6
2023,4,IRQ,m,convicted,1
2023,4,ISR,m,convicted,1
2023,4,JOR,m,convicted,1
2023,4,CMR,m,convicted,1
2023,4,CAN,m,convicted,1
2023,4,KAZ,m,convicted,4
2023,4,KGZ,m,convicted,1
2023,4,LBN,m,convicted,1
2023,4,LBY,m,convicted,1
2023,4,LTU,m,convicted,16
2023,4,LVA,m,convicted,6
2023,4,MLT,m,convicted,1
2023,4,MAR,m,convicted,3
2023,4,MDA,m,convicted,35
2023,4,MNG,m,convicted,2
2023,4,DEU,m,convicted,19
2023,4,NGA,m,convicted,7
2023,4,NOR,m,convicted,1
2023,4,PAK,m,convicted,2
2023,4,PSE,m,convicted,2
2023,4,PRT,m,convicted,1
2023,4,RUS,m,convicted,56
2023,4,ROU,m,convicted,33
2023,4,SRB,m,convicted,5
2023,4,SVK,m,convicted,7
2023,4,USA,m,convicted,2
2023,4,SYR,m,convicted,3
2023,4,TZA,m,convicted,1
2023,4,TUN,m,convicted,1
2023,4,TUR,m,convicted,6
2023,4,TKM,m,convicted,1
2023,4,UKR,m,convicted,466
2023,4,UZB,m,convicted,6
2023,4,GBR,m,convicted,4
2023,4,VNM,m,convicted,18
2023,4,ITA,m,convicted,1
2023,4,ZWE,m,convicted,1
2023,4,"",m,convicted,8
2023,4,"",m,convicted,31
2023,4,BLR,m,punished,1
2023,4,UKR,m,punished,2
2023,4,UZB,m,punished,1
2023,4,"",m,punished,1
2023,4,BLR,f,temporary,4
2023,4,BGR,f,temporary,1
2023,4,CZE,f,temporary,2
2023,4,KAZ,f,temporary,1
2023,4,LTU,f,temporary,1
2023,4,MDA,f,temporary,3
2023,4,DEU,f,temporary,3
2023,4,ROU,f,temporary,1
2023,4,SVK,f,temporary,1
2023,4,TUR,f,temporary,1
2023,4,UKR,f,temporary,25
2023,4,VNM,f,temporary,1
2023,4,BLR,f,convicted,3
2023,4,BRA,f,convicted,2
2023,4,BGR,f,convicted,1
2023,4,CZE,f,convicted,1
2023,4,DNK,f,convicted,1
2023,4,FRA,f,convicted,1
2023,4,LTU,f,convicted,2
2023,4,ROU,f,convicted,3
2023,4,SVK,f,convicted,4
2023,4,CHE,f,convicted,1
2023,4,UKR,f,convicted,17
2023,4,VNM,f,convicted,1
2023,4,ITA,f,convicted,1
2023,4,"",f,convicted,1
2023,4,UKR,f,punished,1
2023,5,ALB,m,temporary,1
2023,5,DZA,m,temporary,1
2023,5,SAU,m,temporary,1
2023,5,ARM,m,temporary,10
2023,5,AZE,m,temporary,8
2023,5,BGD,m,temporary,3
2023,5,BEL,m,temporary,1
2023,5,BLR,m,temporary,58
2023,5,BGR,m,temporary,10
2023,5,CHN,m,temporary,1
2023,5,CZE,m,temporary,9
2023,5,DNK,m,temporary,1
2023,5,EGY,m,temporary,3
2023,5,EST,m,temporary,6
2023,5,FRA,m,temporary,3
2023,5,GRC,m,temporary,1
2023,5,GEO,m,temporary,219
2023,5,ESP,m,temporary,2
2023,5,NLD,m,temporary,4
2023,5,IND,m,temporary,11
2023,5,IRQ,m,temporary,1
2023,5,IRN,m,temporary,4
2023,5,IRL,m,temporary,1
2023,5,ISR,m,temporary,2
2023,5,YEM,m,temporary,1
2023,5,"",m,temporary,1
2023,5,CMR,m,temporary,4
2023,5,CAN,m,temporary,1
2023,5,KAZ,m,temporary,2
2023,5,KGZ,m,temporary,1
2023,5,COL,m,temporary,7
2023,5,COG,m,temporary,1
2023,5,KOR,m,temporary,1
2023,5,LTU,m,temporary,8
2023,5,LVA,m,temporary,8
2023,5,MAR,m,temporary,2
2023,5,MDA,m,temporary,32
2023,5,DEU,m,temporary,10
2023,5,NGA,m,temporary,10
2023,5,NOR,m,temporary,2
2023,5,PAK,m,temporary,5
2023,5,PRT,m,temporary,1
2023,5,BIH,m,temporary,1
2023,5,RUS,m,temporary,30
2023,5,ROU,m,temporary,17
2023,5,RWA,m,temporary,1
2023,5,SVK,m,temporary,7
2023,5,SVN,m,temporary,1
2023,5,USA,m,temporary,6
2023,5,SYR,m,temporary,3
2023,5,SWE,m,temporary,5
2023,5,TJK,m,temporary,1
2023,5,TUN,m,temporary,3
2023,5,TUR,m,temporary,4
2023,5,TKM,m,temporary,4
2023,5,UKR,m,temporary,388
2023,5,UZB,m,temporary,24
2023,5,HUN,m,temporary,1
2023,5,GBR,m,temporary,2
2023,5,VNM,m,temporary,8
2023,5,ITA,m,temporary,2
2023,5,ZWE,m,temporary,1
2023,5,"",m,temporary,1
2023,5,"",m,temporary,6
2023,5,ALB,m,convicted,1
2023,5,ARM,m,convicted,21
2023,5,AZE,m,convicted,7
2023,5,BGD,m,convicted,2
2023,5,BEL,m,convicted,2
2023,5,BLR,m,convicted,52
2023,5,BGR,m,convicted,36
2023,5,CHN,m,convicted,4
2023,5,CZE,m,convicted,12
2023,5,EGY,m,convicted,2
2023,5,EST,m,convicted,2
2023,5,GRC,m,convicted,1
2023,5,GEO,m,convicted,119
2023,5,NLD,m,convicted,2
2023,5,IND,m,convicted,6
2023,5,IRQ,m,convicted,1
2023,5,ISR,m,convicted,1
2023,5,JOR,m,convicted,1
2023,5,CMR,m,convicted,1
2023,5,CAN,m,convicted,1
2023,5,KAZ,m,convicted,4
2023,5,KGZ,m,convicted,1
2023,5,LBN,m,convicted,1
2023,5,LBY,m,convicted,1
2023,5,LTU,m,convicted,16
2023,5,LVA,m,convicted,6
2023,5,MLT,m,convicted,1
2023,5,MAR,m,convicted,3
2023,5,MDA,m,convicted,38
2023,5,MNG,m,convicted,4
2023,5,DEU,m,convicted,18
2023,5,NGA,m,convicted,6
2023,5,NOR,m,convicted,1
2023,5,PAK,m,convicted,1
2023,5,PSE,m,convicted,2
2023,5,PRT,m,convicted,1
2023,5,RUS,m,convicted,61
2023,5,ROU,m,convicted,34
2023,5,SEN,m,convicted,1
2023,5,SRB,m,convicted,4
2023,5,SVK,m,convicted,8
2023,5,USA,m,convicted,2
2023,5,SYR,m,convicted,3
2023,5,TZA,m,convicted,1
2023,5,TUN,m,convicted,2
2023,5,TUR,m,convicted,5
2023,5,TKM,m,convicted,1
2023,5,UKR,m,convicted,472
2023,5,UZB,m,convicted,6
2023,5,GBR,m,convicted,4
2023,5,VNM,m,convicted,19
2023,5,ITA,m,convicted,1
2023,5,ZWE,m,convicted,1
2023,5,"",m,convicted,8
2023,5,"",m,convicted,33
2023,5,GEO,m,punished,4
2023,5,MDA,m,punished,1
2023,5,RUS,m,punished,1
2023,5,UKR,m,punished,10
2023,5,"",m,punished,2
2023,5,BLR,f,temporary,4
2023,5,BGR,f,temporary,1
2023,5,CZE,f,temporary,3
2023,5,KAZ,f,temporary,1
2023,5,LTU,f,temporary,1
2023,5,MDA,f,temporary,2
2023,5,DEU,f,temporary,3
2023,5,ROU,f,temporary,1
2023,5,SVK,f,temporary,1
2023,5,TUR,f,temporary,1
2023,5,UKR,f,temporary,24
2023,5,VNM,f,temporary,1
2023,5,BLR,f,convicted,3
2023,5,BRA,f,convicted,1
2023,5,CZE,f,convicted,1
2023,5,DNK,f,convicted,1
2023,5,FRA,f,convicted,1
2023,5,GEO,f,convicted,1
2023,5,LTU,f,convicted,2
2023,5,RUS,f,convicted,1
2023,5,ROU,f,convicted,5
2023,5,SVK,f,convicted,4
2023,5,CHE,f,convicted,1
2023,5,UKR,f,convicted,14
2023,5,VNM,f,convicted,1
2023,5,ITA,f,convicted,1
2023,5,"",f,convicted,1
2023,5,UKR,f,punished,2
2023,6,ALB,m,temporary,1
2023,6,DZA,m,temporary,1
2023,6,SAU,m,temporary,1
2023,6,ARM,m,temporary,9
2023,6,AZE,m,temporary,8
2023,6,BGD,m,temporary,3
2023,6,BLR,m,temporary,62
2023,6,BGR,m,temporary,11
2023,6,HRV,m,temporary,1
2023,6,CZE,m,temporary,10
2023,6,DNK,m,temporary,1
2023,6,EGY,m,temporary,2
2023,6,EST,m,temporary,3
2023,6,FRA,m,temporary,3
2023,6,GRC,m,temporary,1
2023,6,GEO,m,temporary,224
2023,6,ESP,m,temporary,2
2023,6,NLD,m,temporary,5
2023,6,IND,m,temporary,9
2023,6,IRQ,m,temporary,1
2023,6,IRN,m,temporary,4
2023,6,IRL,m,temporary,1
2023,6,ISR,m,temporary,2
2023,6,YEM,m,temporary,1
2023,6,"",m,temporary,1
2023,6,CMR,m,temporary,3
2023,6,CAN,m,temporary,1
2023,6,KAZ,m,temporary,2
2023,6,KGZ,m,temporary,2
2023,6,COL,m,temporary,7
2023,6,COG,m,temporary,1
2023,6,KOR,m,temporary,1
2023,6,LTU,m,temporary,8
2023,6,LVA,m,temporary,10
2023,6,MAR,m,temporary,1
2023,6,MDA,m,temporary,32
2023,6,DEU,m,temporary,10
2023,6,NGA,m,temporary,10
2023,6,NOR,m,temporary,2
2023,6,PAK,m,temporary,5
2023,6,PRT,m,temporary,1
2023,6,BIH,m,temporary,1
2023,6,RUS,m,temporary,32
2023,6,ROU,m,temporary,20
2023,6,RWA,m,temporary,1
2023,6,SVK,m,temporary,6
2023,6,SVN,m,temporary,1
2023,6,USA,m,temporary,5
2023,6,SYR,m,temporary,2
2023,6,SWE,m,temporary,4
2023,6,TJK,m,temporary,2
2023,6,TUN,m,temporary,3
2023,6,TUR,m,temporary,4
2023,6,TKM,m,temporary,4
2023,6,UKR,m,temporary,382
2023,6,UZB,m,temporary,19
2023,6,HUN,m,temporary,1
2023,6,GBR,m,temporary,2
2023,6,VNM,m,temporary,6
2023,6,ITA,m,temporary,4
2023,6,ZWE,m,temporary,2
2023,6,"",m,temporary,1
2023,6,"",m,temporary,6
2023,6,ALB,m,convicted,1
2023,6,ARM,m,convicted,20
2023,6,AZE,m,convicted,7
2023,6,BGD,m,convicted,2
2023,6,BEL,m,convicted,2
2023,6,BLR,m,convicted,55
2023,6,BGR,m,convicted,38
2023,6,CHN,m,convicted,4
2023,6,CZE,m,convicted,11
2023,6,EGY,m,convicted,3
2023,6,EST,m,convicted,3
2023,6,ETH,m,convicted,1
2023,6,FIN,m,convicted,1
2023,6,GRC,m,convicted,1
2023,6,GEO,m,convicted,119
2023,6,NLD,m,convicted,2
2023,6,IND,m,convicted,7
2023,6,IRQ,m,convicted,2
2023,6,ISR,m,convicted,1
2023,6,JOR,m,convicted,1
2023,6,CMR,m,convicted,1
2023,6,CAN,m,convicted,1
2023,6,KAZ,m,convicted,3
2023,6,KGZ,m,convicted,1
2023,6,LBN,m,convicted,1
2023,6,LBY,m,convicted,1
2023,6,LTU,m,convicted,13
2023,6,LVA,m,convicted,8
2023,6,MLT,m,convicted,1
2023,6,MAR,m,convicted,2
2023,6,MDA,m,convicted,38
2023,6,MNG,m,convicted,3
2023,6,DEU,m,convicted,17
2023,6,NGA,m,convicted,7
2023,6,NOR,m,convicted,2
2023,6,PAK,m,convicted,2
2023,6,PSE,m,convicted,2
2023,6,PRT,m,convicted,1
2023,6,RUS,m,convicted,56
2023,6,ROU,m,convicted,35
2023,6,SEN,m,convicted,1
2023,6,SRB,m,convicted,3
2023,6,SVK,m,convicted,8
2023,6,USA,m,convicted,3
2023,6,SYR,m,convicted,2
2023,6,TZA,m,convicted,1
2023,6,TUN,m,convicted,2
2023,6,TUR,m,convicted,5
2023,6,TKM,m,convicted,1
2023,6,UKR,m,convicted,504
2023,6,UZB,m,convicted,5
2023,6,HUN,m,convicted,1
2023,6,GBR,m,convicted,4
2023,6,VNM,m,convicted,21
2023,6,ITA,m,convicted,1
2023,6,ZWE,m,convicted,1
2023,6,"",m,convicted,8
2023,6,"",m,convicted,35
2023,6,BEL,m,punished,1
2023,6,BLR,m,punished,2
2023,6,GEO,m,punished,3
2023,6,KAZ,m,punished,1
2023,6,RUS,m,punished,1
2023,6,TUR,m,punished,1
2023,6,UKR,m,punished,11
2023,6,UZB,m,punished,1
2023,6,BLR,f,temporary,4
2023,6,BGR,f,temporary,1
2023,6,CZE,f,temporary,3
2023,6,GEO,f,temporary,1
2023,6,KAZ,f,temporary,1
2023,6,LTU,f,temporary,1
2023,6,MDA,f,temporary,3
2023,6,DEU,f,temporary,4
2023,6,ROU,f,temporary,4
2023,6,SVK,f,temporary,1
2023,6,UKR,f,temporary,28
2023,6,VNM,f,temporary,1
2023,6,"",f,temporary,1
2023,6,BLR,f,convicted,3
2023,6,BRA,f,convicted,1
2023,6,DNK,f,convicted,1
2023,6,FRA,f,convicted,1
2023,6,LTU,f,convicted,2
2023,6,ROU,f,convicted,4
2023,6,SVK,f,convicted,4
2023,6,CHE,f,convicted,1
2023,6,UKR,f,convicted,16
2023,6,VNM,f,convicted,1
2023,6,ITA,f,convicted,1
2023,6,"",f,convicted,1
2023,6,UKR,f,punished,3
2023,7,AFG,m,temporary,1
2023,7,ALB,m,temporary,3
2023,7,DZA,m,temporary,2
2023,7,ARM,m,temporary,6
2023,7,AZE,m,temporary,9
2023,7,BGD,m,temporary,3
2023,7,BEL,m,temporary,1
2023,7,BLR,m,temporary,65
2023,7,BRA,m,temporary,1
2023,7,BGR,m,temporary,9
2023,7,CHN,m,temporary,1
2023,7,CZE,m,temporary,8
2023,7,DNK,m,temporary,1
2023,7,EGY,m,temporary,1
2023,7,EST,m,temporary,3
2023,7,FIN,m,temporary,1
2023,7,FRA,m,temporary,3
2023,7,GRC,m,temporary,1
2023,7,GEO,m,temporary,215
2023,7,ESP,m,temporary,2
2023,7,NLD,m,temporary,4
2023,7,IND,m,temporary,11
2023,7,IRQ,m,temporary,1
2023,7,IRN,m,temporary,1
2023,7,IRL,m,temporary,1
2023,7,ISR,m,temporary,2
2023,7,YEM,m,temporary,1
2023,7,CAN,m,temporary,1
2023,7,KAZ,m,temporary,2
2023,7,KGZ,m,temporary,1
2023,7,COL,m,temporary,6
2023,7,COG,m,temporary,1
2023,7,KOR,m,temporary,1
2023,7,LTU,m,temporary,7
2023,7,LVA,m,temporary,10
2023,7,MAR,m,temporary,1
2023,7,MDA,m,temporary,27
2023,7,DEU,m,temporary,12
2023,7,NGA,m,temporary,10
2023,7,NOR,m,temporary,2
2023,7,PAK,m,temporary,4
2023,7,PER,m,temporary,3
2023,7,PRT,m,temporary,1
2023,7,RUS,m,temporary,31
2023,7,ROU,m,temporary,20
2023,7,RWA,m,temporary,1
2023,7,SEN,m,temporary,1
2023,7,SVK,m,temporary,5
2023,7,USA,m,temporary,4
2023,7,SYR,m,temporary,3
2023,7,SWE,m,temporary,3
2023,7,TJK,m,temporary,3
2023,7,TUN,m,temporary,4
2023,7,TUR,m,temporary,4
2023,7,TKM,m,temporary,5
2023,7,UKR,m,temporary,390
2023,7,UZB,m,temporary,19
2023,7,HUN,m,temporary,1
2023,7,GBR,m,temporary,2
2023,7,VNM,m,temporary,6
2023,7,ITA,m,temporary,5
2023,7,ZWE,m,temporary,2
2023,7,"",m,temporary,1
2023,7,"",m,temporary,5
2023,7,ALB,m,convicted,1
2023,7,ARM,m,convicted,23
2023,7,AUT,m,convicted,1
2023,7,AZE,m,convicted,7
2023,7,BGD,m,convicted,2
2023,7,BEL,m,convicted,2
2023,7,BLR,m,convicted,58
2023,7,BGR,m,convicted,43
2023,7,CHN,m,convicted,4
2023,7,CZE,m,convicted,12
2023,7,EGY,m,convicted,3
2023,7,EST,m,convicted,3
2023,7,ETH,m,convicted,1
2023,7,FIN,m,convicted,1
2023,7,GEO,m,convicted,130
2023,7,NLD,m,convicted,2
2023,7,IND,m,convicted,9
2023,7,IRQ,m,convicted,2
2023,7,ISR,m,convicted,1
2023,7,JOR,m,convicted,1
2023,7,CMR,m,convicted,1
2023,7,CAN,m,convicted,1
2023,7,KAZ,m,convicted,3
2023,7,KGZ,m,convicted,1
2023,7,LBN,m,convicted,1
2023,7,LBY,m,convicted,1
2023,7,LTU,m,convicted,15
2023,7,LVA,m,convicted,8
2023,7,MLT,m,convicted,1
2023,7,MAR,m,convicted,2
2023,7,MDA,m,convicted,41
2023,7,MNG,m,convicted,3
2023,7,DEU,m,convicted,15
2023,7,NGA,m,convicted,6
2023,7,NOR,m,convicted,1
2023,7,PAK,m,convicted,2
2023,7,PSE,m,convicted,2
2023,7,PRT,m,convicted,1
2023,7,RUS,m,convicted,60
2023,7,ROU,m,convicted,37
2023,7,SRB,m,convicted,3
2023,7,SVK,m,convicted,8
2023,7,LKA,m,convicted,1
2023,7,USA,m,convicted,3
2023,7,SYR,m,convicted,2
2023,7,SWE,m,convicted,1
2023,7,TJK,m,convicted,1
2023,7,TZA,m,convicted,1
2023,7,TUN,m,convicted,2
2023,7,TUR,m,convicted,5
2023,7,TKM,m,convicted,1
2023,7,UKR,m,convicted,536
2023,7,UZB,m,convicted,5
2023,7,GBR,m,convicted,3
2023,7,VNM,m,convicted,21
2023,7,ITA,m,convicted,1
2023,7,"",m,convicted,8
2023,7,"",m,convicted,36
2023,7,BLR,m,punished,2
2023,7,GEO,m,punished,2
2023,7,KAZ,m,punished,1
2023,7,DEU,m,punished,1
2023,7,RUS,m,punished,1
2023,7,UKR,m,punished,4
2023,7,"",m,punished,1
2023,7,BLR,f,temporary,4
2023,7,BGR,f,temporary,2
2023,7,CZE,f,temporary,4
2023,7,GEO,f,temporary,1
2023,7,KAZ,f,temporary,1
2023,7,LTU,f,temporary,1
2023,7,DEU,f,temporary,2
2023,7,ROU,f,temporary,2
2023,7,SVK,f,temporary,1
2023,7,UKR,f,temporary,25
2023,7,BLR,f,convicted,3
2023,7,BRA,f,convicted,1
2023,7,BGR,f,convicted,1
2023,7,DNK,f,convicted,1
2023,7,GEO,f,convicted,2
2023,7,LTU,f,convicted,2
2023,7,ROU,f,convicted,2
2023,7,SVK,f,convicted,4
2023,7,CHE,f,convicted,1
2023,7,UKR,f,convicted,14
2023,7,ITA,f,convicted,1
2023,7,"",f,convicted,2
2023,7,IND,f,punished,1
2023,8,AFG,m,temporary,1
2023,8,ALB,m,temporary,2
2023,8,DZA,m,temporary,2
2023,8,ARG,m,temporary,1
2023,8,ARM,m,temporary,6
2023,8,AZE,m,temporary,5
2023,8,BGD,m,temporary,4
2023,8,BEL,m,temporary,1
2023,8,BLR,m,temporary,72
2023,8,BRA,m,temporary,1
2023,8,BGR,m,temporary,10
2023,8,CHN,m,temporary,1
2023,8,CZE,m,temporary,7
2023,8,DNK,m,temporary,2
2023,8,EGY,m,temporary,3
2023,8,EST,m,temporary,1
2023,8,FIN,m,temporary,1
2023,8,FRA,m,temporary,4
2023,8,GRC,m,temporary,1
2023,8,GEO,m,temporary,231
2023,8,ESP,m,temporary,3
2023,8,NLD,m,temporary,4
2023,8,IND,m,temporary,11
2023,8,IRQ,m,temporary,1
2023,8,IRN,m,temporary,1
2023,8,IRL,m,temporary,1
2023,8,ISR,m,temporary,3
2023,8,YEM,m,temporary,1
2023,8,CAN,m,temporary,1
2023,8,KAZ,m,temporary,1
2023,8,COL,m,temporary,6
2023,8,COG,m,temporary,1
2023,8,KOR,m,temporary,1
2023,8,XKX,m,temporary,1
2023,8,LTU,m,temporary,7
2023,8,LVA,m,temporary,13
2023,8,MAR,m,temporary,1
2023,8,MDA,m,temporary,30
2023,8,DEU,m,temporary,10
2023,8,NGA,m,temporary,9
2023,8,NOR,m,temporary,2
2023,8,PAK,m,temporary,5
2023,8,PRY,m,temporary,6
2023,8,PER,m,temporary,3
2023,8,PRT,m,temporary,3
2023,8,ZAF,m,temporary,1
2023,8,RUS,m,temporary,33
2023,8,ROU,m,temporary,19
2023,8,RWA,m,temporary,1
2023,8,SEN,m,temporary,1
2023,8,SRB,m,temporary,1
2023,8,SVK,m,temporary,5
2023,8,USA,m,temporary,4
2023,8,SYR,m,temporary,8
2023,8,SWE,m,temporary,3
2023,8,TJK,m,temporary,3
2023,8,TUN,m,temporary,4
2023,8,TUR,m,temporary,3
2023,8,TKM,m,temporary,7
2023,8,UKR,m,temporary,408
2023,8,UZB,m,temporary,18
2023,8,HUN,m,temporary,1
2023,8,GBR,m,temporary,2
2023,8,VNM,m,temporary,6
2023,8,ITA,m,temporary,3
2023,8,ZWE,m,temporary,2
2023,8,"",m,temporary,1
2023,8,"",m,temporary,7
2023,8,ALB,m,convicted,1
2023,8,ARM,m,convicted,26
2023,8,AUT,m,convicted,1
2023,8,AZE,m,convicted,9
2023,8,BGD,m,convicted,2
2023,8,BEL,m,convicted,2
2023,8,BLR,m,convicted,56
2023,8,BGR,m,convicted,45
2023,8,CHN,m,convicted,4
2023,8,CZE,m,convicted,9
2023,8,EGY,m,convicted,3
2023,8,EST,m,convicted,4
2023,8,ETH,m,convicted,1
2023,8,FIN,m,convicted,1
2023,8,GEO,m,convicted,141
2023,8,NLD,m,convicted,2
2023,8,IND,m,convicted,7
2023,8,IRQ,m,convicted,1
2023,8,ISR,m,convicted,1
2023,8,JOR,m,convicted,1
2023,8,CMR,m,convicted,1
2023,8,CAN,m,convicted,1
2023,8,KAZ,m,convicted,6
2023,8,KGZ,m,convicted,1
2023,8,LBN,m,convicted,1
2023,8,LBY,m,convicted,2
2023,8,LTU,m,convicted,16
2023,8,LVA,m,convicted,7
2023,8,MLT,m,convicted,1
2023,8,MAR,m,convicted,2
2023,8,MDA,m,convicted,45
2023,8,MNG,m,convicted,3
2023,8,DEU,m,convicted,12
2023,8,NGA,m,convicted,6
2023,8,NOR,m,convicted,1
2023,8,PAK,m,convicted,1
2023,8,PSE,m,convicted,2
2023,8,PRT,m,convicted,1
2023,8,RUS,m,convicted,57
2023,8,ROU,m,convicted,32
2023,8,SRB,m,convicted,4
2023,8,SVK,m,convicted,7
2023,8,LKA,m,convicted,1
2023,8,USA,m,convicted,3
2023,8,SYR,m,convicted,2
2023,8,SWE,m,convicted,1
2023,8,TJK,m,convicted,1
2023,8,TZA,m,convicted,1
2023,8,TUN,m,convicted,3
2023,8,TUR,m,convicted,6
2023,8,TKM,m,convicted,1
2023,8,UKR,m,convicted,542
2023,8,UZB,m,convicted,6
2023,8,GBR,m,convicted,3
2023,8,VNM,m,convicted,22
2023,8,ITA,m,convicted,1
2023,8,"",m,convicted,8
2023,8,"",m,convicted,37
2023,8,BLR,m,punished,4
2023,8,GEO,m,punished,1
2023,8,LTU,m,punished,1
2023,8,MDA,m,punished,1
2023,8,RUS,m,punished,1
2023,8,UKR,m,punished,13
2023,8,"",m,punished,2
2023,8,BLR,f,temporary,4
2023,8,BGR,f,temporary,2
2023,8,CZE,f,temporary,2
2023,8,GEO,f,temporary,2
2023,8,KAZ,f,temporary,1
2023,8,LTU,f,temporary,1
2023,8,DEU,f,temporary,1
2023,8,ROU,f,temporary,1
2023,8,SVK,f,temporary,1
2023,8,UKR,f,temporary,33
2023,8,ARM,f,convicted,1
2023,8,BLR,f,convicted,3
2023,8,BRA,f,convicted,1
2023,8,BGR,f,convicted,2
2023,8,DNK,f,convicted,1
2023,8,GEO,f,convicted,1
2023,8,LTU,f,convicted,1
2023,8,ROU,f,convicted,2
2023,8,SVK,f,convicted,3
2023,8,CHE,f,convicted,1
2023,8,UKR,f,convicted,14
2023,8,ITA,f,convicted,1
2023,8,"",f,convicted,1
2023,8,LTU,f,punished,1
2023,8,UKR,f,punished,3
2023,8,"",f,punished,1
2023,9,AFG,m,temporary,1
2023,9,ALB,m,temporary,3
2023,9,DZA,m,temporary,2
2023,9,ARM,m,temporary,8
2023,9,AZE,m,temporary,7
2023,9,BGD,m,temporary,4
2023,9,BEL,m,temporary,1
2023,9,BLR,m,temporary,73
2023,9,BRA,m,temporary,1
2023,9,BGR,m,temporary,11
2023,9,CHN,m,temporary,1
2023,9,CZE,m,temporary,5
2023,9,DNK,m,temporary,2
2023,9,EGY,m,temporary,2
2023,9,EST,m,temporary,2
2023,9,ETH,m,temporary,2
2023,9,FRA,m,temporary,4
2023,9,GRC,m,temporary,1
2023,9,GEO,m,temporary,218
2023,9,ESP,m,temporary,3
2023,9,NLD,m,temporary,4
2023,9,IND,m,temporary,11
2023,9,IRQ,m,temporary,1
2023,9,IRN,m,temporary,2
2023,9,IRL,m,temporary,1
2023,9,ISR,m,temporary,3
2023,9,YEM,m,temporary,1
2023,9,CAN,m,temporary,1
2023,9,KAZ,m,temporary,1
2023,9,COL,m,temporary,5
2023,9,COG,m,temporary,1
2023,9,KOR,m,temporary,1
2023,9,XKX,m,temporary,1
2023,9,LTU,m,temporary,7
2023,9,LVA,m,temporary,20
2023,9,MAR,m,temporary,1
2023,9,MDA,m,temporary,32
2023,9,DEU,m,temporary,13
2023,9,NGA,m,temporary,11
2023,9,NOR,m,temporary,3
2023,9,PAK,m,temporary,4
2023,9,PRY,m,temporary,6
2023,9,PER,m,temporary,3
2023,9,PRT,m,temporary,3
2023,9,BIH,m,temporary,1
2023,9,ZAF,m,temporary,1
2023,9,RUS,m,temporary,31
2023,9,ROU,m,temporary,24
2023,9,RWA,m,temporary,1
2023,9,SRB,m,temporary,1
2023,9,SVK,m,temporary,4
2023,9,USA,m,temporary,3
2023,9,SYR,m,temporary,12
2023,9,SWE,m,temporary,3
2023,9,TJK,m,temporary,7
2023,9,TUN,m,temporary,4
2023,9,TUR,m,temporary,4
2023,9,TKM,m,temporary,7
2023,9,UKR,m,temporary,424
2023,9,UZB,m,temporary,17
2023,9,HUN,m,temporary,1
2023,9,GBR,m,temporary,2
2023,9,VNM,m,temporary,5
2023,9,ITA,m,temporary,2
2023,9,ZWE,m,temporary,2
2023,9,"",m,temporary,1
2023,9,"",m,temporary,6
2023,9,ALB,m,convicted,1
2023,9,ARM,m,convicted,26
2023,9,AUT,m,convicted,1
2023,9,AZE,m,convicted,6
2023,9,BGD,m,convicted,2
2023,9,BEL,m,convicted,2
2023,9,BLR,m,convicted,49
2023,9,BGR,m,convicted,41
2023,9,CHN,m,convicted,4
2023,9,CZE,m,convicted,8
2023,9,EGY,m,convicted,3
2023,9,EST,m,convicted,4
2023,9,ETH,m,convicted,1
2023,9,GEO,m,convicted,140
2023,9,NLD,m,convicted,2
2023,9,IND,m,convicted,7
2023,9,IDN,m,convicted,1
2023,9,IRQ,m,convicted,1
2023,9,ISR,m,convicted,1
2023,9,JOR,m,convicted,1
2023,9,CMR,m,convicted,1
2023,9,CAN,m,convicted,1
2023,9,KAZ,m,convicted,5
2023,9,KGZ,m,convicted,1
2023,9,LBN,m,convicted,1
2023,9,LBY,m,convicted,1
2023,9,LTU,m,convicted,15
2023,9,LVA,m,convicted,9
2023,9,MLT,m,convicted,1
2023,9,MAR,m,convicted,1
2023,9,MDA,m,convicted,40
2023,9,MNG,m,convicted,2
2023,9,DEU,m,convicted,12
2023,9,NGA,m,convicted,6
2023,9,NOR,m,convicted,1
2023,9,PAK,m,convicted,1
2023,9,PSE,m,convicted,2
2023,9,PRT,m,convicted,1
2023,9,RUS,m,convicted,56
2023,9,ROU,m,convicted,30
2023,9,SRB,m,convicted,4
2023,9,SVK,m,convicted,9
2023,9,LKA,m,convicted,1
2023,9,USA,m,convicted,3
2023,9,SYR,m,convicted,2
2023,9,SWE,m,convicted,1
2023,9,TJK,m,convicted,1
2023,9,TZA,m,convicted,1
2023,9,TUN,m,convicted,4
2023,9,TUR,m,convicted,6
2023,9,UKR,m,convicted,548
2023,9,UZB,m,convicted,9
2023,9,GBR,m,convicted,4
2023,9,VNM,m,convicted,21
2023,9,ITA,m,convicted,2
2023,9,ZWE,m,convicted,1
2023,9,"",m,convicted,8
2023,9,"",m,convicted,42
2023,9,ARM,m,punished,1
2023,9,CZE,m,punished,1
2023,9,GEO,m,punished,3
2023,9,LTU,m,punished,2
2023,9,MDA,m,punished,3
2023,9,RUS,m,punished,1
2023,9,UKR,m,punished,11
2023,9,"",m,punished,1
2023,9,BLR,f,temporary,5
2023,9,BGR,f,temporary,1
2023,9,CZE,f,temporary,1
2023,9,GEO,f,temporary,2
2023,9,KAZ,f,temporary,1
2023,9,LTU,f,temporary,1
2023,9,DEU,f,temporary,1
2023,9,ROU,f,temporary,1
2023,9,UKR,f,temporary,34
2023,9,BLR,f,convicted,3
2023,9,BRA,f,convicted,1
2023,9,BGR,f,convicted,2
2023,9,DNK,f,convicted,1
2023,9,GEO,f,convicted,1
2023,9,LTU,f,convicted,1
2023,9,ROU,f,convicted,3
2023,9,SVK,f,convicted,3
2023,9,CHE,f,convicted,1
2023,9,UKR,f,convicted,16
2023,9,ITA,f,convicted,1
2023,9,"",f,convicted,1
2023,9,UKR,f,punished,3
2023,10,AFG,m,temporary,1
2023,10,ALB,m,temporary,4
2023,10,DZA,m,temporary,2
2023,10,ARM,m,temporary,5
2023,10,AUT,m,temporary,1
2023,10,AZE,m,temporary,7
2023,10,BGD,m,temporary,4
2023,10,BEL,m,temporary,1
2023,10,BLR,m,temporary,80
2023,10,BRA,m,temporary,1
2023,10,BGR,m,temporary,11
2023,10,CHN,m,temporary,1
2023,10,CZE,m,temporary,8
2023,10,DNK,m,temporary,1
2023,10,EGY,m,temporary,1
2023,10,EST,m,temporary,5
2023,10,ETH,m,temporary,2
2023,10,FIN,m,temporary,1
2023,10,FRA,m,temporary,2
2023,10,GRC,m,temporary,1
2023,10,GEO,m,temporary,215
2023,10,ESP,m,temporary,3
2023,10,NLD,m,temporary,5
2023,10,IND,m,temporary,11
2023,10,IRN,m,temporary,2
2023,10,IRL,m,temporary,1
2023,10,ISL,m,temporary,1
2023,10,ISR,m,temporary,4
2023,10,CAN,m,temporary,1
2023,10,KAZ,m,temporary,2
2023,10,COL,m,temporary,5
2023,10,COG,m,temporary,1
2023,10,KOR,m,temporary,1
2023,10,XKX,m,temporary,1
2023,10,LTU,m,temporary,7
2023,10,LVA,m,temporary,22
2023,10,MAR,m,temporary,2
2023,10,MDA,m,temporary,30
2023,10,DEU,m,temporary,15
2023,10,NGA,m,temporary,11
2023,10,NOR,m,temporary,3
2023,10,PAK,m,temporary,3
2023,10,PSE,m,temporary,1
2023,10,PRY,m,temporary,6
2023,10,PER,m,temporary,3
2023,10,PRT,m,temporary,3
2023,10,BIH,m,temporary,1
2023,10,ZAF,m,temporary,1
2023,10,RUS,m,temporary,30
2023,10,ROU,m,temporary,24
2023,10,RWA,m,temporary,1
2023,10,SVK,m,temporary,6
2023,10,USA,m,temporary,2
2023,10,SYR,m,temporary,14
2023,10,SWE,m,temporary,3
2023,10,TJK,m,temporary,7
2023,10,TWN,m,temporary,1
2023,10,TUN,m,temporary,4
2023,10,TUR,m,temporary,3
2023,10,TKM,m,temporary,11
2023,10,UKR,m,temporary,447
2023,10,UZB,m,temporary,17
2023,10,HUN,m,temporary,1
2023,10,GBR,m,temporary,1
2023,10,VNM,m,temporary,4
2023,10,ITA,m,temporary,6
2023,10,ZWE,m,temporary,2
2023,10,"",m,temporary,2
2023,10,"",m,temporary,7
2023,10,ALB,m,convicted,1
2023,10,ARM,m,convicted,29
2023,10,AUT,m,convicted,1
2023,10,AZE,m,convicted,5
2023,10,BGD,m,convicted,2
2023,10,BEL,m,convicted,2
2023,10,BLR,m,convicted,55
2023,10,BGR,m,convicted,42
2023,10,CHN,m,convicted,3
2023,10,CZE,m,convicted,9
2023,10,EGY,m,convicted,4
2023,10,EST,m,convicted,4
2023,10,ETH,m,convicted,1
2023,10,GEO,m,convicted,139
2023,10,NLD,m,convicted,2
2023,10,IND,m,convicted,6
2023,10,IDN,m,convicted,1
2023,10,IRQ,m,convicted,1
2023,10,ISR,m,convicted,1
2023,10,JOR,m,convicted,2
2023,10,CMR,m,convicted,1
2023,10,CAN,m,convicted,1
2023,10,KAZ,m,convicted,5
2023,10,KGZ,m,convicted,1
2023,10,LBN,m,convicted,1
2023,10,LBY,m,convicted,1
2023,10,LTU,m,convicted,13
2023,10,LVA,m,convicted,7
2023,10,MLT,m,convicted,1
2023,10,MAR,m,convicted,1
2023,10,MDA,m,convicted,42
2023,10,MNG,m,convicted,1
2023,10,DEU,m,convicted,14
2023,10,NGA,m,convicted,6
2023,10,NOR,m,convicted,1
2023,10,PAK,m,convicted,2
2023,10,PSE,m,convicted,1
2023,10,PRT,m,convicted,1
2023,10,RUS,m,convicted,56
2023,10,ROU,m,convicted,29
2023,10,SRB,m,convicted,4
2023,10,SVK,m,convicted,8
2023,10,USA,m,convicted,3
2023,10,SYR,m,convicted,2
2023,10,SWE,m,convicted,1
2023,10,TJK,m,convicted,2
2023,10,TZA,m,convicted,1
2023,10,TUN,m,convicted,3
2023,10,TUR,m,convicted,5
2023,10,UKR,m,convicted,556
2023,10,UZB,m,convicted,9
2023,10,GBR,m,convicted,3
2023,10,VNM,m,convicted,22
2023,10,ITA,m,convicted,1
2023,10,ZWE,m,convicted,1
2023,10,"",m,convicted,9
2023,10,"",m,convicted,37
2023,10,ARM,m,punished,1
2023,10,BLR,m,punished,5
2023,10,GEO,m,punished,3
2023,10,LTU,m,punished,1
2023,10,UKR,m,punished,12
2023,10,"",m,punished,1
2023,10,BLR,f,temporary,5
2023,10,BGR,f,temporary,1
2023,10,CZE,f,temporary,2
2023,10,GEO,f,temporary,2
2023,10,KAZ,f,temporary,1
2023,10,LTU,f,temporary,1
2023,10,MDA,f,temporary,3
2023,10,DEU,f,temporary,1
2023,10,ROU,f,temporary,1
2023,10,UKR,f,temporary,32
2023,10,ITA,f,temporary,1
2023,10,BLR,f,convicted,4
2023,10,BRA,f,convicted,1
2023,10,DNK,f,convicted,1
2023,10,GEO,f,convicted,1
2023,10,RUS,f,convicted,1
2023,10,ROU,f,convicted,4
2023,10,SVK,f,convicted,3
2023,10,USA,f,convicted,1
2023,10,CHE,f,convicted,1
2023,10,UKR,f,convicted,13
2023,10,ITA,f,convicted,1
2023,10,"",f,convicted,1
2023,10,UKR,f,punished,1
2023,11,AFG,m,temporary,1
2023,11,ALB,m,temporary,4
2023,11,DZA,m,temporary,2
2023,11,ARM,m,temporary,4
2023,11,AZE,m,temporary,8
2023,11,BGD,m,temporary,4
2023,11,BEL,m,temporary,1
2023,11,BLR,m,temporary,78
2023,11,BGR,m,temporary,11
2023,11,CHN,m,temporary,1
2023,11,CZE,m,temporary,12
2023,11,DNK,m,temporary,1
2023,11,EGY,m,temporary,2
2023,11,EST,m,temporary,5
2023,11,ETH,m,temporary,2
2023,11,FIN,m,temporary,1
2023,11,FRA,m,temporary,3
2023,11,GRC,m,temporary,1
2023,11,GEO,m,temporary,198
2023,11,ESP,m,temporary,3
2023,11,NLD,m,temporary,4
2023,11,IND,m,temporary,11
2023,11,IRN,m,temporary,2
2023,11,IRL,m,temporary,1
2023,11,ISR,m,temporary,4
2023,11,CAN,m,temporary,1
2023,11,KAZ,m,temporary,2
2023,11,COL,m,temporary,9
2023,11,KOR,m,temporary,1
2023,11,LTU,m,temporary,11
2023,11,LVA,m,temporary,21
2023,11,MAR,m,temporary,2
2023,11,MDA,m,temporary,34
2023,11,DEU,m,temporary,15
2023,11,NGA,m,temporary,10
2023,11,NOR,m,temporary,3
2023,11,PAK,m,temporary,3
2023,11,PSE,m,temporary,1
2023,11,PRY,m,temporary,6
2023,11,PER,m,temporary,3
2023,11,PRT,m,temporary,3
2023,11,BIH,m,temporary,1
2023,11,RUS,m,temporary,31
2023,11,ROU,m,temporary,26
2023,11,RWA,m,temporary,1
2023,11,SEN,m,temporary,1
2023,11,SVK,m,temporary,4
2023,11,USA,m,temporary,2
2023,11,SYR,m,temporary,11
2023,11,SWE,m,temporary,3
2023,11,TJK,m,temporary,8
2023,11,TWN,m,temporary,1
2023,11,TUN,m,temporary,4
2023,11,TUR,m,temporary,3
2023,11,TKM,m,temporary,12
2023,11,UKR,m,temporary,446
2023,11,UZB,m,temporary,17
2023,11,HUN,m,temporary,1
2023,11,GBR,m,temporary,1
2023,11,VNM,m,temporary,5
2023,11,ITA,m,temporary,6
2023,11,ZWE,m,temporary,2
2023,11,"",m,temporary,2
2023,11,"",m,temporary,7
2023,11,ALB,m,convicted,1
2023,11,DZA,m,convicted,1
2023,11,ARM,m,convicted,28
2023,11,AUT,m,convicted,1
2023,11,AZE,m,convicted,4
2023,11,BGD,m,convicted,2
2023,11,BEL,m,convicted,2
2023,11,BLR,m,convicted,57
2023,11,BGR,m,convicted,37
2023,11,CHN,m,convicted,3
2023,11,CZE,m,convicted,7
2023,11,EGY,m,convicted,4
2023,11,EST,m,convicted,4
2023,11,ETH,m,convicted,1
2023,11,GEO,m,convicted,155
2023,11,NLD,m,convicted,1
2023,11,IND,m,convicted,5
2023,11,IRQ,m,convicted,1
2023,11,ISR,m,convicted,1
2023,11,JOR,m,convicted,2
2023,11,CMR,m,convicted,1
2023,11,CAN,m,convicted,1
2023,11,KAZ,m,convicted,4
2023,11,KGZ,m,convicted,1
2023,11,LBN,m,convicted,1
2023,11,LBY,m,convicted,1
2023,11,LTU,m,convicted,13
2023,11,LVA,m,convicted,7
2023,11,MLT,m,convicted,1
2023,11,MAR,m,convicted,1
2023,11,MDA,m,convicted,41
2023,11,MNG,m,convicted,1
2023,11,DEU,m,convicted,14
2023,11,NGA,m,convicted,6
2023,11,NOR,m,convicted,1
2023,11,PAK,m,convicted,3
2023,11,PSE,m,convicted,1
2023,11,PRT,m,convicted,1
2023,11,RUS,m,convicted,59
2023,11,ROU,m,convicted,31
2023,11,SRB,m,convicted,3
2023,11,SVK,m,convicted,9
2023,11,USA,m,convicted,3
2023,11,SYR,m,convicted,3
2023,11,TJK,m,convicted,2
2023,11,TZA,m,convicted,1
2023,11,TUN,m,convicted,3
2023,11,TUR,m,convicted,6
2023,11,UKR,m,convicted,559
2023,11,UZB,m,convicted,9
2023,11,GBR,m,convicted,3
2023,11,VNM,m,convicted,19
2023,11,"",m,convicted,8
2023,11,"",m,convicted,28
2023,11,BLR,m,punished,2
2023,11,GEO,m,punished,7
2023,11,LVA,m,punished,1
2023,11,MDA,m,punished,3
2023,11,UKR,m,punished,13
2023,11,"",m,punished,2
2023,11,BLR,f,temporary,5
2023,11,BGR,f,temporary,1
2023,11,CZE,f,temporary,2
2023,11,GEO,f,temporary,2
2023,11,KAZ,f,temporary,1
2023,11,LTU,f,temporary,1
2023,11,LVA,f,temporary,1
2023,11,MDA,f,temporary,4
2023,11,DEU,f,temporary,1
2023,11,UKR,f,temporary,31
2023,11,ITA,f,temporary,1
2023,11,BLR,f,convicted,2
2023,11,BRA,f,convicted,1
2023,11,DNK,f,convicted,1
2023,11,GEO,f,convicted,1
2023,11,KAZ,f,convicted,1
2023,11,RUS,f,convicted,1
2023,11,ROU,f,convicted,3
2023,11,SVK,f,convicted,2
2023,11,USA,f,convicted,2
2023,11,CHE,f,convicted,1
2023,11,UKR,f,convicted,16
2023,11,ITA,f,convicted,1
2023,11,"",f,convicted,2
2023,11,UKR,f,punished,1
2023,12,AFG,m,temporary,2
2023,12,ALB,m,temporary,4
2023,12,DZA,m,temporary,2
2023,12,ARM,m,temporary,4
2023,12,AZE,m,temporary,7
2023,12,BGD,m,temporary,3
2023,12,BEL,m,temporary,1
2023,12,BLR,m,temporary,77
2023,12,BGR,m,temporary,10
2023,12,CHN,m,temporary,1
2023,12,CZE,m,temporary,10
2023,12,DNK,m,temporary,1
2023,12,EGY,m,temporary,3
2023,12,EST,m,temporary,3
2023,12,ETH,m,temporary,1
2023,12,FIN,m,temporary,1
2023,12,FRA,m,temporary,3
2023,12,GRC,m,temporary,1
2023,12,GEO,m,temporary,182
2023,12,ESP,m,temporary,3
2023,12,NLD,m,temporary,11
2023,12,IND,m,temporary,8
2023,12,IRN,m,temporary,2
2023,12,IRL,m,temporary,2
2023,12,ISR,m,temporary,4
2023,12,CAN,m,temporary,1
2023,12,KAZ,m,temporary,2
2023,12,COL,m,temporary,12
2023,12,KOR,m,temporary,1
2023,12,LTU,m,temporary,11
2023,12,LVA,m,temporary,15
2023,12,MAR,m,temporary,2
2023,12,MDA,m,temporary,32
2023,12,DEU,m,temporary,11
2023,12,NGA,m,temporary,9
2023,12,NOR,m,temporary,3
2023,12,PAK,m,temporary,3
2023,12,PSE,m,temporary,1
2023,12,PRY,m,temporary,6
2023,12,PER,m,temporary,3
2023,12,PRT,m,temporary,2
2023,12,RUS,m,temporary,27
2023,12,ROU,m,temporary,21
2023,12,SEN,m,temporary,1
2023,12,SVK,m,temporary,4
2023,12,USA,m,temporary,2
2023,12,SYR,m,temporary,11
2023,12,SWE,m,temporary,3
2023,12,TJK,m,temporary,3
2023,12,TWN,m,temporary,1
2023,12,TUN,m,temporary,3
2023,12,TUR,m,temporary,4
2023,12,TKM,m,temporary,13
2023,12,UKR,m,temporary,429
2023,12,UZB,m,temporary,16
2023,12,HUN,m,temporary,1
2023,12,GBR,m,temporary,1
2023,12,VNM,m,temporary,6
2023,12,ITA,m,temporary,6
2023,12,ZWE,m,temporary,2
2023,12,"",m,temporary,2
2023,12,"",m,temporary,6
2023,12,ALB,m,convicted,1
2023,12,DZA,m,convicted,1
2023,12,ARM,m,convicted,30
2023,12,AUT,m,convicted,1
2023,12,AZE,m,convicted,5
2023,12,BGD,m,convicted,2
2023,12,BEL,m,convicted,2
2023,12,BLR,m,convicted,60
2023,12,BGR,m,convicted,35
2023,12,CHN,m,convicted,3
2023,12,CZE,m,convicted,7
2023,12,EGY,m,convicted,4
2023,12,EST,m,convicted,4
2023,12,GEO,m,convicted,159
2023,12,NLD,m,convicted,1
2023,12,IND,m,convicted,6
2023,12,IRQ,m,convicted,1
2023,12,ISR,m,convicted,1
2023,12,JOR,m,convicted,1
2023,12,CMR,m,convicted,1
2023,12,CAN,m,convicted,1
2023,12,KAZ,m,convicted,4
2023,12,KGZ,m,convicted,1
2023,12,LBN,m,convicted,1
2023,12,LBY,m,convicted,1
2023,12,LTU,m,convicted,12
2023,12,LVA,m,convicted,11
2023,12,MLT,m,convicted,1
2023,12,MAR,m,convicted,1
2023,12,MDA,m,convicted,39
2023,12,MNG,m,convicted,1
2023,12,DEU,m,convicted,15
2023,12,NGA,m,convicted,7
2023,12,NOR,m,convicted,1
2023,12,PAK,m,convicted,3
2023,12,PSE,m,convicted,1
2023,12,PRT,m,convicted,1
2023,12,RUS,m,convicted,60
2023,12,ROU,m,convicted,31
2023,12,RWA,m,convicted,1
2023,12,SRB,m,convicted,3
2023,12,SVK,m,convicted,11
2023,12,USA,m,convicted,3
2023,12,SDN,m,convicted,1
2023,12,SYR,m,convicted,3
2023,12,TJK,m,convicted,3
2023,12,TZA,m,convicted,1
2023,12,TUN,m,convicted,4
2023,12,TUR,m,convicted,7
2023,12,UKR,m,convicted,575
2023,12,UZB,m,convicted,10
2023,12,GBR,m,convicted,3
2023,12,VNM,m,convicted,18
2023,12,"",m,convicted,7
2023,12,"",m,convicted,31
2023,12,BLR,m,punished,2
2023,12,GEO,m,punished,4
2023,12,LTU,m,punished,2
2023,12,MDA,m,punished,1
2023,12,PRT,m,punished,1
2023,12,RUS,m,punished,1
2023,12,UKR,m,punished,11
2023,12,ITA,m,punished,1
2023,12,"",m,punished,3
2023,12,BLR,f,temporary,8
2023,12,CZE,f,temporary,1
2023,12,GEO,f,temporary,2
2023,12,KAZ,f,temporary,1
2023,12,LTU,f,temporary,1
2023,12,MDA,f,temporary,3
2023,12,DEU,f,temporary,3
2023,12,UKR,f,temporary,35
2023,12,ITA,f,temporary,1
2023,12,BLR,f,convicted,2
2023,12,BRA,f,convicted,1
2023,12,DNK,f,convicted,1
2023,12,GEO,f,convicted,2
2023,12,KAZ,f,convicted,1
2023,12,ROU,f,convicted,2
2023,12,SVK,f,convicted,1
2023,12,USA,f,convicted,2
2023,12,CHE,f,convicted,1
2023,12,UKR,f,convicted,21
2023,12,ITA,f,convicted,1
2023,12,"",f,convicted,2
2023,12,MDA,f,punished,1
2023,12,UKR,f,punished,1
2024,1,AFG,m,temporary,2
2024,1,ALB,m,temporary,4
2024,1,DZA,m,temporary,2
2024,1,ARM,m,temporary,5
2024,1,AZE,m,temporary,7
2024,1,BGD,m,temporary,3
2024,1,BEL,m,temporary,1
2024,1,BLR,m,temporary,80
2024,1,BGR,m,temporary,8
2024,1,CHN,m,temporary,1
2024,1,HRV,m,temporary,1
2024,1,CZE,m,temporary,9
2024,1,DNK,m,temporary,1
2024,1,EGY,m,temporary,3
2024,1,EST,m,temporary,3
2024,1,ETH,m,temporary,1
2024,1,FIN,m,temporary,1
2024,1,FRA,m,temporary,4
2024,1,GEO,m,temporary,168
2024,1,ESP,m,temporary,3
2024,1,NLD,m,temporary,11
2024,1,IND,m,temporary,9
2024,1,IRN,m,temporary,2
2024,1,IRL,m,temporary,2
2024,1,ISR,m,temporary,3
2024,1,CAN,m,temporary,1
2024,1,KAZ,m,temporary,1
2024,1,COL,m,temporary,11
2024,1,KOR,m,temporary,1
2024,1,LTU,m,temporary,8
2024,1,LVA,m,temporary,8
2024,1,MYS,m,temporary,1
2024,1,MAR,m,temporary,1
2024,1,MDA,m,temporary,33
2024,1,DEU,m,temporary,13
2024,1,NGA,m,temporary,9
2024,1,NOR,m,temporary,2
2024,1,PAK,m,temporary,3
2024,1,PRY,m,temporary,6
2024,1,PER,m,temporary,3
2024,1,PRT,m,temporary,3
2024,1,RUS,m,temporary,25
2024,1,ROU,m,temporary,22
2024,1,SEN,m,temporary,1
2024,1,SVK,m,temporary,8
2024,1,USA,m,temporary,2
2024,1,SYR,m,temporary,9
2024,1,SWE,m,temporary,3
2024,1,TJK,m,temporary,3
2024,1,TUN,m,temporary,2
2024,1,TUR,m,temporary,4
2024,1,TKM,m,temporary,13
2024,1,UKR,m,temporary,402
2024,1,UZB,m,temporary,13
2024,1,HUN,m,temporary,1
2024,1,GBR,m,temporary,3
2024,1,VNM,m,temporary,5
2024,1,ITA,m,temporary,6
2024,1,ZWE,m,temporary,2
2024,1,"",m,temporary,1
2024,1,"",m,temporary,6
2024,1,ALB,m,convicted,1
2024,1,DZA,m,convicted,1
2024,1,ARM,m,convicted,28
2024,1,AUT,m,convicted,1
2024,1,AZE,m,convicted,5
2024,1,BGD,m,convicted,2
2024,1,BEL,m,convicted,2
2024,1,BLR,m,convicted,61
2024,1,BGR,m,convicted,30
2024,1,CHN,m,convicted,2
2024,1,CZE,m,convicted,8
2024,1,EGY,m,convicted,2
2024,1,EST,m,convicted,5
2024,1,GEO,m,convicted,170
2024,1,NLD,m,convicted,1
2024,1,IND,m,convicted,6
2024,1,IRQ,m,convicted,1
2024,1,ISR,m,convicted,1
2024,1,JOR,m,convicted,1
2024,1,CMR,m,convicted,2
2024,1,CAN,m,convicted,2
2024,1,KAZ,m,convicted,4
2024,1,KGZ,m,convicted,1
2024,1,LBN,m,convicted,1
2024,1,LBY,m,convicted,1
2024,1,LTU,m,convicted,12
2024,1,LVA,m,convicted,10
2024,1,MLT,m,convicted,1
2024,1,MDA,m,convicted,41
2024,1,MNG,m,convicted,1
2024,1,DEU,m,convicted,14
2024,1,NGA,m,convicted,7
2024,1,NOR,m,convicted,1
2024,1,PAK,m,convicted,2
2024,1,PSE,m,convicted,1
2024,1,PRT,m,convicted,1
2024,1,RUS,m,convicted,64
2024,1,ROU,m,convicted,33
2024,1,RWA,m,convicted,1
2024,1,SRB,m,convicted,3
2024,1,SVK,m,convicted,11
2024,1,USA,m,convicted,3
2024,1,SDN,m,convicted,1
2024,1,SYR,m,convicted,3
2024,1,TJK,m,convicted,3
2024,1,TZA,m,convicted,1
2024,1,TUN,m,convicted,4
2024,1,TUR,m,convicted,8
2024,1,UKR,m,convicted,603
2024,1,UZB,m,convicted,10
2024,1,GBR,m,convicted,3
2024,1,VNM,m,convicted,16
2024,1,ZWE,m,convicted,1
2024,1,"",m,convicted,7
2024,1,"",m,convicted,35
2024,1,BLR,m,punished,3
2024,1,GEO,m,punished,7
2024,1,MDA,m,punished,4
2024,1,UKR,m,punished,17
2024,1,ITA,m,punished,1
2024,1,"",m,punished,2
2024,1,BLR,f,temporary,7
2024,1,CHN,f,temporary,2
2024,1,CZE,f,temporary,1
2024,1,GEO,f,temporary,2
2024,1,KAZ,f,temporary,1
2024,1,LTU,f,temporary,1
2024,1,MDA,f,temporary,4
2024,1,DEU,f,temporary,2
2024,1,UKR,f,temporary,38
2024,1,VNM,f,temporary,1
2024,1,BLR,f,convicted,2
2024,1,BRA,f,convicted,1
2024,1,BGR,f,convicted,1
2024,1,GEO,f,convicted,2
2024,1,KAZ,f,convicted,1
2024,1,DEU,f,convicted,1
2024,1,ROU,f,convicted,2
2024,1,SVK,f,convicted,1
2024,1,USA,f,convicted,1
2024,1,CHE,f,convicted,1
2024,1,UKR,f,convicted,24
2024,1,ITA,f,convicted,2
2024,1,"",f,convicted,2
2024,1,UKR,f,punished,1
2024,2,AFG,m,temporary,2
2024,2,ALB,m,temporary,5
2024,2,DZA,m,temporary,2
2024,2,ARM,m,temporary,3
2024,2,AZE,m,temporary,5
2024,2,BGD,m,temporary,1
2024,2,BEL,m,temporary,1
2024,2,BLR,m,temporary,77
2024,2,BGR,m,temporary,8
2024,2,CHN,m,temporary,2
2024,2,HRV,m,temporary,1
2024,2,CZE,m,temporary,7
2024,2,DNK,m,temporary,1
2024,2,EGY,m,temporary,3
2024,2,EST,m,temporary,4
2024,2,ETH,m,temporary,1
2024,2,FIN,m,temporary,1
2024,2,FRA,m,temporary,5
2024,2,GHA,m,temporary,1
2024,2,GEO,m,temporary,167
2024,2,ESP,m,temporary,2
2024,2,NLD,m,temporary,11
2024,2,IND,m,temporary,7
2024,2,IRN,m,temporary,2
2024,2,IRL,m,temporary,1
2024,2,ISR,m,temporary,3
2024,2,CAN,m,temporary,1
2024,2,KAZ,m,temporary,2
2024,2,KGZ,m,temporary,1
2024,2,COL,m,temporary,12
2024,2,KOR,m,temporary,1
2024,2,LTU,m,temporary,11
2024,2,LVA,m,temporary,6
2024,2,MYS,m,temporary,1
2024,2,MAR,m,temporary,1
2024,2,MDA,m,temporary,30
2024,2,DEU,m,temporary,10
2024,2,NGA,m,temporary,14
2024,2,NOR,m,temporary,2
2024,2,PAK,m,temporary,3
2024,2,PRY,m,temporary,6
2024,2,PER,m,temporary,3
2024,2,PRT,m,temporary,3
2024,2,RUS,m,temporary,30
2024,2,ROU,m,temporary,27
2024,2,SEN,m,temporary,1
2024,2,SVK,m,temporary,11
2024,2,SVN,m,temporary,2
2024,2,USA,m,temporary,1
2024,2,SYR,m,temporary,8
2024,2,SWE,m,temporary,3
2024,2,TJK,m,temporary,2
2024,2,TUN,m,temporary,2
2024,2,TUR,m,temporary,6
2024,2,TKM,m,temporary,12
2024,2,UKR,m,temporary,403
2024,2,UZB,m,temporary,12
2024,2,HUN,m,temporary,1
2024,2,GBR,m,temporary,3
2024,2,VNM,m,temporary,5
2024,2,ITA,m,temporary,5
2024,2,ZWE,m,temporary,2
2024,2,"",m,temporary,1
2024,2,"",m,temporary,5
2024,2,ALB,m,convicted,1
2024,2,DZA,m,convicted,1
2024,2,ARM,m,convicted,29
2024,2,AUT,m,convicted,1
2024,2,AZE,m,convicted,6
2024,2,BGD,m,convicted,2
2024,2,BEL,m,convicted,2
2024,2,BLR,m,convicted,58
2024,2,BGR,m,convicted,29
2024,2,CHN,m,convicted,1
2024,2,CZE,m,convicted,11
2024,2,EGY,m,convicted,2
2024,2,EST,m,convicted,5
2024,2,ETH,m,convicted,1
2024,2,GEO,m,convicted,171
2024,2,NLD,m,convicted,1
2024,2,IND,m,convicted,6
2024,2,ISR,m,convicted,1
2024,2,JOR,m,convicted,1
2024,2,CMR,m,convicted,1
2024,2,CAN,m,convicted,2
2024,2,KAZ,m,convicted,5
2024,2,KGZ,m,convicted,1
2024,2,LBN,m,convicted,1
2024,2,LBY,m,convicted,1
2024,2,LTU,m,convicted,12
2024,2,LVA,m,convicted,9
2024,2,MDA,m,convicted,43
2024,2,MNG,m,convicted,1
2024,2,DEU,m,convicted,15
2024,2,NGA,m,convicted,8
2024,2,NOR,m,convicted,1
2024,2,PAK,m,convicted,1
2024,2,PSE,m,convicted,1
2024,2,PRT,m,convicted,1
2024,2,RUS,m,convicted,63
2024,2,ROU,m,convicted,34
2024,2,RWA,m,convicted,1
2024,2,SRB,m,convicted,3
2024,2,SVK,m,convicted,11
2024,2,USA,m,convicted,3
2024,2,SDN,m,convicted,1
2024,2,SYR,m,convicted,3
2024,2,TJK,m,convicted,2
2024,2,TZA,m,convicted,1
2024,2,TUN,m,convicted,5
2024,2,TUR,m,convicted,7
2024,2,TKM,m,convicted,1
2024,2,UKR,m,convicted,644
2024,2,UZB,m,convicted,10
2024,2,GBR,m,convicted,3
2024,2,VNM,m,convicted,16
2024,2,ITA,m,convicted,1
2024,2,ZWE,m,convicted,2
2024,2,"",m,convicted,7
2024,2,"",m,convicted,31
2024,2,BLR,m,punished,2
2024,2,GEO,m,punished,2
2024,2,LTU,m,punished,1
2024,2,LVA,m,punished,1
2024,2,MDA,m,punished,2
2024,2,UKR,m,punished,17
2024,2,ITA,m,punished,1
2024,2,"",m,punished,2
2024,2,BLR,f,temporary,6
2024,2,KAZ,f,temporary,1
2024,2,LTU,f,temporary,1
2024,2,MDA,f,temporary,4
2024,2,DEU,f,temporary,2
2024,2,UKR,f,temporary,42
2024,2,VNM,f,temporary,1
2024,2,BLR,f,convicted,4
2024,2,BRA,f,convicted,1
2024,2,BGR,f,convicted,1
2024,2,CHN,f,convicted,1
2024,2,GEO,f,convicted,1
2024,2,KAZ,f,convicted,1
2024,2,DEU,f,convicted,1
2024,2,ROU,f,convicted,3
2024,2,SVK,f,convicted,1
2024,2,USA,f,convicted,1
2024,2,CHE,f,convicted,1
2024,2,UKR,f,convicted,22
2024,2,ITA,f,convicted,2
2024,2,"",f,convicted,2
2024,3,AFG,m,temporary,3
2024,3,ALB,m,temporary,4
2024,3,DZA,m,temporary,1
2024,3,ARM,m,temporary,4
2024,3,AZE,m,temporary,6
2024,3,BGD,m,temporary,1
2024,3,BLR,m,temporary,74
2024,3,BGR,m,temporary,7
2024,3,CHN,m,temporary,2
2024,3,HRV,m,temporary,1
2024,3,CZE,m,temporary,10
2024,3,DNK,m,temporary,2
2024,3,EGY,m,temporary,3
2024,3,EST,m,temporary,3
2024,3,ETH,m,temporary,1
2024,3,FIN,m,temporary,1
2024,3,FRA,m,temporary,4
2024,3,GHA,m,temporary,2
2024,3,GEO,m,temporary,158
2024,3,ESP,m,temporary,3
2024,3,NLD,m,temporary,12
2024,3,IND,m,temporary,4
2024,3,IRN,m,temporary,1
2024,3,IRL,m,temporary,1
2024,3,ISR,m,temporary,3
2024,3,CAN,m,temporary,1
2024,3,KAZ,m,temporary,4
2024,3,KGZ,m,temporary,1
2024,3,COL,m,temporary,10
2024,3,KOR,m,temporary,1
2024,3,LTU,m,temporary,9
2024,3,LVA,m,temporary,5
2024,3,MYS,m,temporary,1
2024,3,MDA,m,temporary,28
2024,3,DEU,m,temporary,18
2024,3,NGA,m,temporary,21
2024,3,NOR,m,temporary,1
2024,3,PAK,m,temporary,2
2024,3,PRY,m,temporary,6
2024,3,PER,m,temporary,3
2024,3,PRT,m,temporary,3
2024,3,RUS,m,temporary,25
2024,3,ROU,m,temporary,23
2024,3,SEN,m,temporary,1
2024,3,SVK,m,temporary,14
2024,3,SVN,m,temporary,2
2024,3,USA,m,temporary,1
2024,3,SYR,m,temporary,6
2024,3,SWE,m,temporary,2
2024,3,TJK,m,temporary,2
2024,3,TUN,m,temporary,1
2024,3,TUR,m,temporary,6
2024,3,TKM,m,temporary,9
2024,3,UKR,m,temporary,435
2024,3,UZB,m,temporary,10
2024,3,HUN,m,temporary,2
2024,3,GBR,m,temporary,3
2024,3,VNM,m,temporary,4
2024,3,ITA,m,temporary,5
2024,3,ZWE,m,temporary,2
2024,3,"",m,temporary,2
2024,3,"",m,temporary,4
2024,3,ALB,m,convicted,2
2024,3,DZA,m,convicted,1
2024,3,ARM,m,convicted,29
2024,3,AZE,m,convicted,3
2024,3,BGD,m,convicted,2
2024,3,BEL,m,convicted,3
2024,3,BLR,m,convicted,59
2024,3,BGR,m,convicted,32
2024,3,CHN,m,convicted,1
2024,3,CZE,m,convicted,13
2024,3,EGY,m,convicted,2
2024,3,EST,m,convicted,5
2024,3,ETH,m,convicted,1
2024,3,FRA,m,convicted,1
2024,3,GEO,m,convicted,177
2024,3,NLD,m,convicted,2
2024,3,IND,m,convicted,7
2024,3,ISR,m,convicted,1
2024,3,JOR,m,convicted,1
2024,3,CMR,m,convicted,1
2024,3,CAN,m,convicted,1
2024,3,KAZ,m,convicted,5
2024,3,KGZ,m,convicted,1
2024,3,LBN,m,convicted,1
2024,3,LBY,m,convicted,1
2024,3,LTU,m,convicted,12
2024,3,LVA,m,convicted,8
2024,3,MDA,m,convicted,51
2024,3,MNG,m,convicted,1
2024,3,DEU,m,convicted,15
2024,3,NGA,m,convicted,8
2024,3,NOR,m,convicted,1
2024,3,PAK,m,convicted,2
2024,3,PSE,m,convicted,1
2024,3,PRT,m,convicted,1
2024,3,RUS,m,convicted,61
2024,3,ROU,m,convicted,32
2024,3,RWA,m,convicted,1
2024,3,SRB,m,convicted,3
2024,3,SVK,m,convicted,11
2024,3,USA,m,convicted,3
2024,3,SDN,m,convicted,1
2024,3,SYR,m,convicted,4
2024,3,SWE,m,convicted,1
2024,3,TJK,m,convicted,3
2024,3,TZA,m,convicted,1
2024,3,TUN,m,convicted,4
2024,3,TUR,m,convicted,7
2024,3,TKM,m,convicted,1
2024,3,UKR,m,convicted,654
2024,3,UZB,m,convicted,11
2024,3,GBR,m,convicted,4
2024,3,VNM,m,convicted,16
2024,3,ITA,m,convicted,1
2024,3,ZWE,m,convicted,1
2024,3,"",m,convicted,7
2024,3,"",m,convicted,28
2024,3,BLR,m,punished,1
2024,3,CZE,m,punished,1
2024,3,GEO,m,punished,2
2024,3,TKM,m,punished,1
2024,3,UKR,m,punished,13
2024,3,"",m,punished,1
2024,3,BLR,f,temporary,8
2024,3,KAZ,f,temporary,1
2024,3,LTU,f,temporary,1
2024,3,MDA,f,temporary,4
2024,3,DEU,f,temporary,2
2024,3,RUS,f,temporary,1
2024,3,UKR,f,temporary,40
2024,3,VNM,f,temporary,1
2024,3,BLR,f,convicted,4
2024,3,BRA,f,convicted,1
2024,3,BGR,f,convicted,1
2024,3,CHN,f,convicted,1
2024,3,GEO,f,convicted,1
2024,3,KAZ,f,convicted,1
2024,3,DEU,f,convicted,1
2024,3,RUS,f,convicted,1
2024,3,ROU,f,convicted,3
2024,3,SVK,f,convicted,2
2024,3,USA,f,convicted,1
2024,3,CHE,f,convicted,1
2024,3,UKR,f,convicted,27
2024,3,ITA,f,convicted,2
2024,3,"",f,convicted,1
2024,3,UKR,f,punished,1
2024,4,AFG,m,temporary,2
2024,4,ALB,m,temporary,2
2024,4,DZA,m,temporary,1
2024,4,ARM,m,temporary,6
2024,4,AZE,m,temporary,5
2024,4,BGD,m,temporary,1
2024,4,BLR,m,temporary,68
2024,4,BGR,m,temporary,8
2024,4,CHN,m,temporary,2
2024,4,HRV,m,temporary,2
2024,4,CZE,m,temporary,10
2024,4,DNK,m,temporary,2
2024,4,EGY,m,temporary,4
2024,4,EST,m,temporary,2
2024,4,ETH,m,temporary,1
2024,4,FIN,m,temporary,1
2024,4,FRA,m,temporary,4
2024,4,GHA,m,temporary,2
2024,4,GEO,m,temporary,157
2024,4,ESP,m,temporary,3
2024,4,NLD,m,temporary,11
2024,4,IND,m,temporary,4
2024,4,IRN,m,temporary,1
2024,4,IRL,m,temporary,2
2024,4,ISR,m,temporary,3
2024,4,CAN,m,temporary,1
2024,4,KAZ,m,temporary,6
2024,4,KGZ,m,temporary,1
2024,4,COL,m,temporary,10
2024,4,KOR,m,temporary,1
2024,4,LTU,m,temporary,9
2024,4,LVA,m,temporary,5
2024,4,MYS,m,temporary,1
2024,4,MDA,m,temporary,32
2024,4,DEU,m,temporary,18
2024,4,NGA,m,temporary,19
2024,4,NOR,m,temporary,1
2024,4,PAK,m,temporary,2
2024,4,PRY,m,temporary,6
2024,4,PRT,m,temporary,3
2024,4,RUS,m,temporary,25
2024,4,ROU,m,temporary,19
2024,4,SEN,m,temporary,1
2024,4,SRB,m,temporary,3
2024,4,SVK,m,temporary,13
2024,4,SVN,m,temporary,2
2024,4,USA,m,temporary,2
2024,4,SYR,m,temporary,6
2024,4,SWE,m,temporary,2
2024,4,TJK,m,temporary,2
2024,4,TUN,m,temporary,1
2024,4,TUR,m,temporary,5
2024,4,TKM,m,temporary,8
2024,4,UKR,m,temporary,453
2024,4,UZB,m,temporary,10
2024,4,HUN,m,temporary,1
2024,4,GBR,m,temporary,2
2024,4,VNM,m,temporary,3
2024,4,ITA,m,temporary,9
2024,4,ZWE,m,temporary,2
2024,4,"",m,temporary,2
2024,4,"",m,temporary,4
2024,4,ALB,m,convicted,2
2024,4,DZA,m,convicted,2
2024,4,ARM,m,convicted,29
2024,4,AZE,m,convicted,3
2024,4,BGD,m,convicted,3
2024,4,BEL,m,convicted,1
2024,4,BLR,m,convicted,63
2024,4,BGR,m,convicted,31
2024,4,CHN,m,convicted,1
2024,4,HRV,m,convicted,1
2024,4,CZE,m,convicted,13
2024,4,EGY,m,convicted,3
2024,4,EST,m,convicted,5
2024,4,ETH,m,convicted,1
2024,4,FRA,m,convicted,1
2024,4,GEO,m,convicted,183
2024,4,NLD,m,convicted,2
2024,4,IND,m,convicted,7
2024,4,JOR,m,convicted,1
2024,4,CAN,m,convicted,1
2024,4,KAZ,m,convicted,4
2024,4,KGZ,m,convicted,1
2024,4,LBN,m,convicted,1
2024,4,LBY,m,convicted,1
2024,4,LTU,m,convicted,12
2024,4,LVA,m,convicted,6
2024,4,MAR,m,convicted,1
2024,4,MDA,m,convicted,54
2024,4,MNG,m,convicted,1
2024,4,DEU,m,convicted,16
2024,4,NGA,m,convicted,10
2024,4,PAK,m,convicted,2
2024,4,PSE,m,convicted,1
2024,4,PRT,m,convicted,1
2024,4,RUS,m,convicted,61
2024,4,ROU,m,convicted,28
2024,4,RWA,m,convicted,1
2024,4,SRB,m,convicted,4
2024,4,SVK,m,convicted,9
2024,4,USA,m,convicted,3
2024,4,SDN,m,convicted,1
2024,4,SYR,m,convicted,5
2024,4,SWE,m,convicted,1
2024,4,TJK,m,convicted,3
2024,4,TZA,m,convicted,1
2024,4,TUN,m,convicted,4
2024,4,TUR,m,convicted,8
2024,4,TKM,m,convicted,1
2024,4,UKR,m,convicted,678
2024,4,UZB,m,convicted,13
2024,4,GBR,m,convicted,4
2024,4,VNM,m,convicted,16
2024,4,ITA,m,convicted,1
2024,4,"",m,convicted,6
2024,4,"",m,convicted,31
2024,4,BLR,m,punished,1
2024,4,GEO,m,punished,3
2024,4,LVA,m,punished,1
2024,4,MDA,m,punished,1
2024,4,DEU,m,punished,1
2024,4,RUS,m,punished,1
2024,4,ROU,m,punished,1
2024,4,TKM,m,punished,1
2024,4,UKR,m,punished,19
2024,4,"",m,punished,2
2024,4,BLR,f,temporary,8
2024,4,KAZ,f,temporary,1
2024,4,LVA,f,temporary,1
2024,4,MDA,f,temporary,5
2024,4,DEU,f,temporary,2
2024,4,NGA,f,temporary,3
2024,4,RUS,f,temporary,1
2024,4,SRB,f,temporary,1
2024,4,UKR,f,temporary,42
2024,4,VNM,f,temporary,1
2024,4,BLR,f,convicted,2
2024,4,BRA,f,convicted,1
2024,4,BGR,f,convicted,1
2024,4,CHN,f,convicted,1
2024,4,KAZ,f,convicted,1
2024,4,DEU,f,convicted,1
2024,4,RUS,f,convicted,1
2024,4,ROU,f,convicted,3
2024,4,SVK,f,convicted,2
2024,4,USA,f,convicted,1
2024,4,CHE,f,convicted,1
2024,4,UKR,f,convicted,23
2024,4,ITA,f,convicted,2
2024,4,UKR,f,punished,3
2024,4,"",f,punished,1
2024,5,AFG,m,temporary,1
2024,5,ALB,m,temporary,2
2024,5,DZA,m,temporary,1
2024,5,ARM,m,temporary,6
2024,5,AZE,m,temporary,4
2024,5,BGD,m,temporary,1
2024,5,BLR,m,temporary,70
2024,5,BGR,m,temporary,8
2024,5,CHN,m,temporary,2
2024,5,HRV,m,temporary,1
2024,5,CZE,m,temporary,9
2024,5,DNK,m,temporary,2
2024,5,EGY,m,temporary,3
2024,5,EST,m,temporary,2
2024,5,ETH,m,temporary,1
2024,5,FIN,m,temporary,1
2024,5,FRA,m,temporary,4
2024,5,GHA,m,temporary,2
2024,5,GEO,m,temporary,148
2024,5,ESP,m,temporary,3
2024,5,NLD,m,temporary,9
2024,5,IND,m,temporary,4
2024,5,IRN,m,temporary,1
2024,5,IRL,m,temporary,3
2024,5,ISR,m,temporary,2
2024,5,CAN,m,temporary,2
2024,5,KAZ,m,temporary,5
2024,5,KGZ,m,temporary,1
2024,5,COL,m,temporary,10
2024,5,KOR,m,temporary,1
2024,5,LTU,m,temporary,12
2024,5,LVA,m,temporary,5
2024,5,MKD,m,temporary,1
2024,5,MYS,m,temporary,1
2024,5,MDA,m,temporary,35
2024,5,DEU,m,temporary,12
2024,5,NGA,m,temporary,17
2024,5,NOR,m,temporary,2
2024,5,PAK,m,temporary,3
2024,5,PRT,m,temporary,2
2024,5,BIH,m,temporary,1
2024,5,RUS,m,temporary,16
2024,5,ROU,m,temporary,17
2024,5,SEN,m,temporary,1
2024,5,SRB,m,temporary,3
2024,5,SVK,m,temporary,10
2024,5,SVN,m,temporary,2
2024,5,USA,m,temporary,2
2024,5,SYR,m,temporary,6
2024,5,SWE,m,temporary,3
2024,5,TJK,m,temporary,4
2024,5,TUN,m,temporary,1
2024,5,TUR,m,temporary,4
2024,5,TKM,m,temporary,9
2024,5,UKR,m,temporary,467
2024,5,UZB,m,temporary,12
2024,5,HUN,m,temporary,1
2024,5,GBR,m,temporary,2
2024,5,VNM,m,temporary,3
2024,5,ITA,m,temporary,7
2024,5,ZWE,m,temporary,3
2024,5,"",m,temporary,6
2024,5,ALB,m,convicted,2
2024,5,DZA,m,convicted,3
2024,5,ARM,m,convicted,26
2024,5,AZE,m,convicted,3
2024,5,BGD,m,convicted,3
2024,5,BEL,m,convicted,1
2024,5,BLR,m,convicted,67
2024,5,BGR,m,convicted,31
2024,5,CHN,m,convicted,1
2024,5,HRV,m,convicted,1
2024,5,CZE,m,convicted,15
2024,5,EGY,m,convicted,2
2024,5,EST,m,convicted,5
2024,5,ETH,m,convicted,1
2024,5,FRA,m,convicted,1
2024,5,GEO,m,convicted,176
2024,5,NLD,m,convicted,2
2024,5,IND,m,convicted,6
2024,5,JOR,m,convicted,1
2024,5,CAN,m,convicted,1
2024,5,KAZ,m,convicted,3
2024,5,KGZ,m,convicted,1
2024,5,COL,m,convicted,1
2024,5,LBN,m,convicted,1
2024,5,LBY,m,convicted,1
2024,5,LTU,m,convicted,13
2024,5,LVA,m,convicted,7
2024,5,MAR,m,convicted,1
2024,5,MDA,m,convicted,56
2024,5,MNG,m,convicted,1
2024,5,DEU,m,convicted,15
2024,5,NGA,m,convicted,10
2024,5,PAK,m,convicted,2
2024,5,PSE,m,convicted,1
2024,5,PRT,m,convicted,1
2024,5,RUS,m,convicted,68
2024,5,ROU,m,convicted,27
2024,5,RWA,m,convicted,1
2024,5,SRB,m,convicted,4
2024,5,SVK,m,convicted,8
2024,5,USA,m,convicted,3
2024,5,SDN,m,convicted,1
2024,5,SYR,m,convicted,5
2024,5,SWE,m,convicted,1
2024,5,TJK,m,convicted,2
2024,5,TZA,m,convicted,1
2024,5,TUN,m,convicted,5
2024,5,TUR,m,convicted,7
2024,5,TKM,m,convicted,2
2024,5,UKR,m,convicted,682
2024,5,UZB,m,convicted,12
2024,5,GBR,m,convicted,4
2024,5,VNM,m,convicted,16
2024,5,ITA,m,convicted,2
2024,5,"",m,convicted,7
2024,5,"",m,convicted,33
2024,5,BLR,m,punished,1
2024,5,GEO,m,punished,8
2024,5,IND,m,punished,1
2024,5,MDA,m,punished,1
2024,5,UKR,m,punished,23
2024,5,"",m,punished,3
2024,5,BLR,f,temporary,7
2024,5,CAN,f,temporary,1
2024,5,LVA,f,temporary,1
2024,5,MDA,f,temporary,3
2024,5,MNG,f,temporary,1
2024,5,DEU,f,temporary,2
2024,5,NGA,f,temporary,3
2024,5,RUS,f,temporary,1
2024,5,SRB,f,temporary,1
2024,5,UKR,f,temporary,41
2024,5,GBR,f,temporary,1
2024,5,VNM,f,temporary,1
2024,5,BLR,f,convicted,3
2024,5,BRA,f,convicted,1
2024,5,KAZ,f,convicted,1
2024,5,DEU,f,convicted,1
2024,5,ROU,f,convicted,3
2024,5,SVK,f,convicted,2
2024,5,USA,f,convicted,1
2024,5,CHE,f,convicted,1
2024,5,UKR,f,convicted,22
2024,5,ITA,f,convicted,2
2024,6,AFG,m,temporary,1
2024,6,ALB,m,temporary,2
2024,6,DZA,m,temporary,1
2024,6,ARM,m,temporary,8
2024,6,AZE,m,temporary,5
2024,6,BLR,m,temporary,69
2024,6,BGR,m,temporary,9
2024,6,CHN,m,temporary,2
2024,6,HRV,m,temporary,1
2024,6,CZE,m,temporary,10
2024,6,DNK,m,temporary,2
2024,6,EGY,m,temporary,3
2024,6,EST,m,temporary,1
2024,6,ETH,m,temporary,1
2024,6,FIN,m,temporary,1
2024,6,FRA,m,temporary,5
2024,6,GHA,m,temporary,2
2024,6,GEO,m,temporary,158
2024,6,ESP,m,temporary,2
2024,6,NLD,m,temporary,9
2024,6,IND,m,temporary,4
2024,6,IRN,m,temporary,1
2024,6,IRL,m,temporary,2
2024,6,ISR,m,temporary,3
2024,6,CAN,m,temporary,2
2024,6,KAZ,m,temporary,6
2024,6,COL,m,temporary,12
2024,6,KOR,m,temporary,1
2024,6,LTU,m,temporary,12
2024,6,LVA,m,temporary,4
2024,6,MKD,m,temporary,1
2024,6,MYS,m,temporary,1
2024,6,MDA,m,temporary,39
2024,6,DEU,m,temporary,13
2024,6,NGA,m,temporary,18
2024,6,NOR,m,temporary,2
2024,6,PAK,m,temporary,3
2024,6,PRT,m,temporary,2
2024,6,BIH,m,temporary,1
2024,6,RUS,m,temporary,18
2024,6,ROU,m,temporary,16
2024,6,SEN,m,temporary,1
2024,6,SRB,m,temporary,6
2024,6,SVK,m,temporary,9
2024,6,SVN,m,temporary,2
2024,6,USA,m,temporary,2
2024,6,SYR,m,temporary,8
2024,6,SWE,m,temporary,3
2024,6,TJK,m,temporary,4
2024,6,TUN,m,temporary,1
2024,6,TUR,m,temporary,6
2024,6,TKM,m,temporary,9
2024,6,UKR,m,temporary,478
2024,6,UZB,m,temporary,9
2024,6,HUN,m,temporary,1
2024,6,GBR,m,temporary,2
2024,6,VNM,m,temporary,3
2024,6,ITA,m,temporary,6
2024,6,ZWE,m,temporary,3
2024,6,"",m,temporary,6
2024,6,ALB,m,convicted,2
2024,6,DZA,m,convicted,3
2024,6,ARM,m,convicted,25
2024,6,AZE,m,convicted,3
2024,6,BGD,m,convicted,4
2024,6,BEL,m,convicted,1
2024,6,BLR,m,convicted,65
2024,6,BGR,m,convicted,28
2024,6,CHN,m,convicted,1
2024,6,HRV,m,convicted,1
2024,6,CZE,m,convicted,14
2024,6,EGY,m,convicted,2
2024,6,EST,m,convicted,6
2024,6,FRA,m,convicted,2
2024,6,GEO,m,convicted,168
2024,6,NLD,m,convicted,2
2024,6,IND,m,convicted,6
2024,6,JOR,m,convicted,1
2024,6,CAN,m,convicted,1
2024,6,KAZ,m,convicted,3
2024,6,KGZ,m,convicted,1
2024,6,COL,m,convicted,1
2024,6,LBN,m,convicted,1
2024,6,LBY,m,convicted,1
2024,6,LTU,m,convicted,15
2024,6,LVA,m,convicted,7
2024,6,MAR,m,convicted,1
2024,6,MDA,m,convicted,57
2024,6,MNG,m,convicted,1
2024,6,DEU,m,convicted,14
2024,6,NGA,m,convicted,10
2024,6,PAK,m,convicted,2
2024,6,PSE,m,convicted,1
2024,6,PRT,m,convicted,1
2024,6,RUS,m,convicted,65
2024,6,ROU,m,convicted,30
2024,6,RWA,m,convicted,1
2024,6,SRB,m,convicted,4
2024,6,SVK,m,convicted,8
2024,6,USA,m,convicted,2
2024,6,SYR,m,convicted,7
2024,6,SWE,m,convicted,1
2024,6,TJK,m,convicted,2
2024,6,TZA,m,convicted,1
2024,6,TUN,m,convicted,5
2024,6,TUR,m,convicted,8
2024,6,TKM,m,convicted,3
2024,6,UKR,m,convicted,699
2024,6,UZB,m,convicted,11
2024,6,GBR,m,convicted,2
2024,6,VNM,m,convicted,15
2024,6,ITA,m,convicted,2
2024,6,ZWE,m,convicted,1
2024,6,"",m,convicted,7
2024,6,"",m,convicted,33
2024,6,BLR,m,punished,1
2024,6,GEO,m,punished,4
2024,6,RUS,m,punished,1
2024,6,UKR,m,punished,21
2024,6,GBR,m,punished,1
2024,6,"",m,punished,2
2024,6,BLR,f,temporary,7
2024,6,CAN,f,temporary,1
2024,6,KAZ,f,temporary,1
2024,6,LVA,f,temporary,1
2024,6,MDA,f,temporary,2
2024,6,MNG,f,temporary,1
2024,6,DEU,f,temporary,1
2024,6,NGA,f,temporary,3
2024,6,SRB,f,temporary,2
2024,6,UKR,f,temporary,37
2024,6,GBR,f,temporary,1
2024,6,VNM,f,temporary,1
2024,6,ITA,f,temporary,1
2024,6,BLR,f,convicted,4
2024,6,BRA,f,convicted,1
2024,6,BGR,f,convicted,1
2024,6,KAZ,f,convicted,1
2024,6,DEU,f,convicted,1
2024,6,RUS,f,convicted,1
2024,6,ROU,f,convicted,4
2024,6,SVK,f,convicted,2
2024,6,USA,f,convicted,1
2024,6,UKR,f,convicted,25
2024,6,ITA,f,convicted,2
2024,6,"",f,convicted,2
2024,6,UKR,f,punished,1
2024,7,AFG,m,temporary,1
2024,7,ALB,m,temporary,2
2024,7,DZA,m,temporary,1
2024,7,ARM,m,temporary,8
2024,7,AZE,m,temporary,5
2024,7,BLR,m,temporary,62
2024,7,BGR,m,temporary,13
2024,7,CHN,m,temporary,2
2024,7,HRV,m,temporary,1
2024,7,CZE,m,temporary,12
2024,7,DNK,m,temporary,2
2024,7,EGY,m,temporary,3
2024,7,EST,m,temporary,1
2024,7,ETH,m,temporary,1
2024,7,FIN,m,temporary,1
2024,7,FRA,m,temporary,5
2024,7,GHA,m,temporary,1
2024,7,GEO,m,temporary,159
2024,7,ESP,m,temporary,1
2024,7,NLD,m,temporary,4
2024,7,IND,m,temporary,5
2024,7,IRN,m,temporary,1
2024,7,IRL,m,temporary,2
2024,7,ISR,m,temporary,3
2024,7,CAN,m,temporary,2
2024,7,KAZ,m,temporary,9
2024,7,COL,m,temporary,13
2024,7,KOR,m,temporary,1
2024,7,LTU,m,temporary,10
2024,7,LVA,m,temporary,3
2024,7,MKD,m,temporary,1
2024,7,MYS,m,temporary,1
2024,7,MDA,m,temporary,42
2024,7,DEU,m,temporary,11
2024,7,NGA,m,temporary,17
2024,7,NOR,m,temporary,2
2024,7,PAK,m,temporary,2
2024,7,PRT,m,temporary,1
2024,7,BIH,m,temporary,1
2024,7,RUS,m,temporary,23
2024,7,ROU,m,temporary,17
2024,7,RWA,m,temporary,1
2024,7,SEN,m,temporary,1
2024,7,SRB,m,temporary,6
2024,7,SVK,m,temporary,9
2024,7,SVN,m,temporary,2
2024,7,USA,m,temporary,2
2024,7,SYR,m,temporary,6
2024,7,SWE,m,temporary,2
2024,7,TJK,m,temporary,2
2024,7,TUN,m,temporary,1
2024,7,TUR,m,temporary,8
2024,7,TKM,m,temporary,9
2024,7,UKR,m,temporary,465
2024,7,UZB,m,temporary,6
2024,7,GBR,m,temporary,2
2024,7,VNM,m,temporary,3
2024,7,ITA,m,temporary,6
2024,7,ZWE,m,temporary,4
2024,7,"",m,temporary,6
2024,7,ALB,m,convicted,2
2024,7,DZA,m,convicted,1
2024,7,ARM,m,convicted,25
2024,7,AZE,m,convicted,3
2024,7,BGD,m,convicted,3
2024,7,BEL,m,convicted,1
2024,7,BLR,m,convicted,67
2024,7,BGR,m,convicted,30
2024,7,CHN,m,convicted,1
2024,7,HRV,m,convicted,1
2024,7,CZE,m,convicted,16
2024,7,EGY,m,convicted,2
2024,7,EST,m,convicted,6
2024,7,FRA,m,convicted,2
2024,7,GEO,m,convicted,171
2024,7,NLD,m,convicted,2
2024,7,IND,m,convicted,7
2024,7,JOR,m,convicted,1
2024,7,CAN,m,convicted,1
2024,7,KAZ,m,convicted,3
2024,7,KGZ,m,convicted,1
2024,7,COL,m,convicted,1
2024,7,LBN,m,convicted,1
2024,7,LBY,m,convicted,1
2024,7,LTU,m,convicted,17
2024,7,LVA,m,convicted,8
2024,7,MAR,m,convicted,1
2024,7,MEX,m,convicted,1
2024,7,MDA,m,convicted,55
2024,7,MNG,m,convicted,1
2024,7,DEU,m,convicted,12
2024,7,NGA,m,convicted,10
2024,7,PAK,m,convicted,1
2024,7,PSE,m,convicted,1
2024,7,PRT,m,convicted,2
2024,7,RUS,m,convicted,67
2024,7,ROU,m,convicted,30
2024,7,RWA,m,convicted,1
2024,7,SRB,m,convicted,4
2024,7,SVK,m,convicted,7
2024,7,USA,m,convicted,2
2024,7,SYR,m,convicted,10
2024,7,SWE,m,convicted,1
2024,7,TJK,m,convicted,1
2024,7,TZA,m,convicted,1
2024,7,TUN,m,convicted,6
2024,7,TUR,m,convicted,7
2024,7,TKM,m,convicted,2
2024,7,UKR,m,convicted,711
2024,7,UZB,m,convicted,12
2024,7,VEN,m,convicted,1
2024,7,GBR,m,convicted,2
2024,7,VNM,m,convicted,13
2024,7,ITA,m,convicted,2
2024,7,ZWE,m,convicted,1
2024,7,"",m,convicted,6
2024,7,"",m,convicted,30
2024,7,DZA,m,punished,1
2024,7,BLR,m,punished,3
2024,7,CZE,m,punished,1
2024,7,GEO,m,punished,4
2024,7,MDA,m,punished,5
2024,7,DEU,m,punished,1
2024,7,ROU,m,punished,1
2024,7,UKR,m,punished,17
2024,7,"",m,punished,2
2024,7,BLR,f,temporary,6
2024,7,BGR,f,temporary,3
2024,7,CAN,f,temporary,1
2024,7,KAZ,f,temporary,2
2024,7,LVA,f,temporary,1
2024,7,MDA,f,temporary,2
2024,7,MNG,f,temporary,1
2024,7,NGA,f,temporary,3
2024,7,SRB,f,temporary,2
2024,7,UKR,f,temporary,40
2024,7,GBR,f,temporary,1
2024,7,VNM,f,temporary,1
2024,7,ITA,f,temporary,1
2024,7,BLR,f,convicted,5
2024,7,BRA,f,convicted,1
2024,7,BGR,f,convicted,1
2024,7,KAZ,f,convicted,1
2024,7,DEU,f,convicted,1
2024,7,RUS,f,convicted,1
2024,7,ROU,f,convicted,4
2024,7,SVK,f,convicted,2
2024,7,UKR,f,convicted,28
2024,7,ITA,f,convicted,2
2024,7,"",f,convicted,1
2024,7,"",f,convicted,1
2024,7,BLR,f,punished,1
2024,7,"",f,punished,1
2024,8,AFG,m,temporary,1
2024,8,ALB,m,temporary,2
2024,8,DZA,m,temporary,1
2024,8,ARM,m,temporary,11
2024,8,AZE,m,temporary,5
2024,8,BLR,m,temporary,59
2024,8,BGR,m,temporary,11
2024,8,CHN,m,temporary,3
2024,8,HRV,m,temporary,1
2024,8,CZE,m,temporary,9
2024,8,DNK,m,temporary,1
2024,8,EGY,m,temporary,1
2024,8,ETH,m,temporary,1
2024,8,FIN,m,temporary,1
2024,8,FRA,m,temporary,4
2024,8,GEO,m,temporary,162
2024,8,ESP,m,temporary,1
2024,8,IND,m,temporary,6
2024,8,IRN,m,temporary,1
2024,8,IRL,m,temporary,2
2024,8,ISR,m,temporary,3
2024,8,CMR,m,temporary,1
2024,8,CAN,m,temporary,2
2024,8,KAZ,m,temporary,9
2024,8,KGZ,m,temporary,2
2024,8,COL,m,temporary,17
2024,8,KOR,m,temporary,2
2024,8,LTU,m,temporary,16
2024,8,LVA,m,temporary,4
2024,8,MKD,m,temporary,1
2024,8,MYS,m,temporary,1
2024,8,MDA,m,temporary,41
2024,8,NPL,m,temporary,1
2024,8,DEU,m,temporary,11
2024,8,NGA,m,temporary,18
2024,8,NOR,m,temporary,2
2024,8,PAK,m,temporary,3
2024,8,PSE,m,temporary,1
2024,8,PRT,m,temporary,1
2024,8,RUS,m,temporary,22
2024,8,ROU,m,temporary,16
2024,8,RWA,m,temporary,1
2024,8,SEN,m,temporary,1
2024,8,SRB,m,temporary,5
2024,8,SVK,m,temporary,9
2024,8,SVN,m,temporary,2
2024,8,USA,m,temporary,3
2024,8,SYR,m,temporary,6
2024,8,SWE,m,temporary,2
2024,8,TJK,m,temporary,4
2024,8,TUR,m,temporary,7
2024,8,TKM,m,temporary,10
2024,8,UKR,m,temporary,471
2024,8,UZB,m,temporary,6
2024,8,GBR,m,temporary,2
2024,8,VNM,m,temporary,4
2024,8,ITA,m,temporary,8
2024,8,ZWE,m,temporary,4
2024,8,"",m,temporary,5
2024,8,ALB,m,convicted,2
2024,8,DZA,m,convicted,1
2024,8,ARM,m,convicted,26
2024,8,AZE,m,convicted,3
2024,8,BGD,m,convicted,2
2024,8,BEL,m,convicted,1
2024,8,BLR,m,convicted,71
2024,8,BGR,m,convicted,28
2024,8,HRV,m,convicted,1
2024,8,CZE,m,convicted,15
2024,8,EGY,m,convicted,3
2024,8,EST,m,convicted,6
2024,8,FRA,m,convicted,2
2024,8,GEO,m,convicted,169
2024,8,NLD,m,convicted,3
2024,8,IND,m,convicted,7
2024,8,JOR,m,convicted,2
2024,8,CAN,m,convicted,1
2024,8,KAZ,m,convicted,3
2024,8,KGZ,m,convicted,1
2024,8,COL,m,convicted,1
2024,8,LBN,m,convicted,1
2024,8,LBY,m,convicted,1
2024,8,LTU,m,convicted,18
2024,8,LVA,m,convicted,7
2024,8,MAR,m,convicted,1
2024,8,MEX,m,convicted,1
2024,8,MDA,m,convicted,58
2024,8,MNG,m,convicted,1
2024,8,DEU,m,convicted,14
2024,8,NGA,m,convicted,9
2024,8,PAK,m,convicted,2
2024,8,PSE,m,convicted,1
2024,8,PRT,m,convicted,2
2024,8,RUS,m,convicted,65
2024,8,ROU,m,convicted,29
2024,8,RWA,m,convicted,1
2024,8,SRB,m,convicted,4
2024,8,SVK,m,convicted,8
2024,8,USA,m,convicted,2
2024,8,SYR,m,convicted,10
2024,8,SWE,m,convicted,1
2024,8,TJK,m,convicted,1
2024,8,TZA,m,convicted,1
2024,8,TUN,m,convicted,7
2024,8,TUR,m,convicted,8
2024,8,TKM,m,convicted,1
2024,8,UKR,m,convicted,695
2024,8,UZB,m,convicted,11
2024,8,VEN,m,convicted,1
2024,8,GBR,m,convicted,2
2024,8,VNM,m,convicted,12
2024,8,ITA,m,convicted,2
2024,8,ZWE,m,convicted,1
2024,8,"",m,convicted,6
2024,8,"",m,convicted,35
2024,8,BLR,m,punished,1
2024,8,BGR,m,punished,1
2024,8,CZE,m,punished,1
2024,8,GEO,m,punished,2
2024,8,MDA,m,punished,3
2024,8,RUS,m,punished,2
2024,8,UKR,m,punished,18
2024,8,VNM,m,punished,1
2024,8,"",m,punished,2
2024,8,BLR,f,temporary,6
2024,8,CZE,f,temporary,1
2024,8,GEO,f,temporary,2
2024,8,CAN,f,temporary,1
2024,8,KAZ,f,temporary,2
2024,8,LVA,f,temporary,1
2024,8,MDA,f,temporary,4
2024,8,MNG,f,temporary,1
2024,8,NGA,f,temporary,3
2024,8,ROU,f,temporary,2
2024,8,SRB,f,temporary,2
2024,8,SVK,f,temporary,1
2024,8,UKR,f,temporary,41
2024,8,ITA,f,temporary,1
2024,8,BLR,f,convicted,8
2024,8,BRA,f,convicted,1
2024,8,BGR,f,convicted,1
2024,8,CZE,f,convicted,2
2024,8,KAZ,f,convicted,1
2024,8,MDA,f,convicted,2
2024,8,DEU,f,convicted,3
2024,8,RUS,f,convicted,1
2024,8,ROU,f,convicted,5
2024,8,SVK,f,convicted,2
2024,8,UKR,f,convicted,30
2024,8,GBR,f,convicted,1
2024,8,VNM,f,convicted,2
2024,8,ITA,f,convicted,2
2024,8,"",f,convicted,1
2024,8,"",f,convicted,2
2024,8,BLR,f,punished,1
2024,8,UKR,f,punished,4
2024,8,"",f,punished,1
2024,9,AFG,m,temporary,1
2024,9,ALB,m,temporary,2
2024,9,DZA,m,temporary,1
2024,9,ARM,m,temporary,11
2024,9,AZE,m,temporary,4
2024,9,BEL,m,temporary,1
2024,9,BLR,m,temporary,59
2024,9,BGR,m,temporary,12
2024,9,CHN,m,temporary,3
2024,9,HRV,m,temporary,1
2024,9,CZE,m,temporary,12
2024,9,DNK,m,temporary,1
2024,9,EGY,m,temporary,1
2024,9,ETH,m,temporary,1
2024,9,FIN,m,temporary,1
2024,9,FRA,m,temporary,4
2024,9,GHA,m,temporary,1
2024,9,GRC,m,temporary,1
2024,9,GEO,m,temporary,160
2024,9,ESP,m,temporary,1
2024,9,NLD,m,temporary,5
2024,9,IND,m,temporary,6
2024,9,IRQ,m,temporary,1
2024,9,IRN,m,temporary,1
2024,9,IRL,m,temporary,1
2024,9,ISR,m,temporary,1
2024,9,CMR,m,temporary,1
2024,9,CAN,m,temporary,2
2024,9,KAZ,m,temporary,8
2024,9,KGZ,m,temporary,2
2024,9,COL,m,temporary,17
2024,9,KOR,m,temporary,2
2024,9,LTU,m,temporary,19
2024,9,LVA,m,temporary,3
2024,9,MKD,m,temporary,1
2024,9,MYS,m,temporary,1
2024,9,MAR,m,temporary,1
2024,9,MEX,m,temporary,4
2024,9,MDA,m,temporary,35
2024,9,NPL,m,temporary,1
2024,9,DEU,m,temporary,13
2024,9,NGA,m,temporary,16
2024,9,NOR,m,temporary,2
2024,9,PAK,m,temporary,3
2024,9,PSE,m,temporary,1
2024,9,PRT,m,temporary,1
2024,9,RUS,m,temporary,20
2024,9,ROU,m,temporary,18
2024,9,SEN,m,temporary,1
2024,9,SRB,m,temporary,2
2024,9,SVK,m,temporary,9
2024,9,SVN,m,temporary,2
2024,9,USA,m,temporary,4
2024,9,SYR,m,temporary,7
2024,9,SWE,m,temporary,2
2024,9,TJK,m,temporary,5
2024,9,TUR,m,temporary,6
2024,9,TKM,m,temporary,13
2024,9,UKR,m,temporary,471
2024,9,UZB,m,temporary,6
2024,9,GBR,m,temporary,2
2024,9,VNM,m,temporary,3
2024,9,ITA,m,temporary,8
2024,9,ZWE,m,temporary,4
2024,9,"",m,temporary,1
2024,9,"",m,temporary,7
2024,9,ALB,m,convicted,3
2024,9,DZA,m,convicted,1
2024,9,ARM,m,convicted,25
2024,9,AZE,m,convicted,5
2024,9,BGD,m,convicted,2
2024,9,BEL,m,convicted,1
2024,9,BLR,m,convicted,71
2024,9,BGR,m,convicted,27
2024,9,HRV,m,convicted,1
2024,9,CZE,m,convicted,16
2024,9,EGY,m,convicted,2
2024,9,EST,m,convicted,6
2024,9,FRA,m,convicted,2
2024,9,GEO,m,convicted,173
2024,9,NLD,m,convicted,3
2024,9,IND,m,convicted,7
2024,9,IRL,m,convicted,1
2024,9,JOR,m,convicted,2
2024,9,CAN,m,convicted,1
2024,9,KAZ,m,convicted,3
2024,9,KGZ,m,convicted,1
2024,9,COL,m,convicted,1
2024,9,LBN,m,convicted,1
2024,9,LBY,m,convicted,1
2024,9,LTU,m,convicted,19
2024,9,LVA,m,convicted,7
2024,9,MAR,m,convicted,1
2024,9,MEX,m,convicted,1
2024,9,MDA,m,convicted,64
2024,9,MNG,m,convicted,1
2024,9,DEU,m,convicted,13
2024,9,NGA,m,convicted,9
2024,9,PAK,m,convicted,2
2024,9,PSE,m,convicted,1
2024,9,PRT,m,convicted,2
2024,9,RUS,m,convicted,69
2024,9,ROU,m,convicted,27
2024,9,RWA,m,convicted,1
2024,9,SRB,m,convicted,4
2024,9,SVK,m,convicted,7
2024,9,USA,m,convicted,2
2024,9,SYR,m,convicted,9
2024,9,SWE,m,convicted,1
2024,9,TJK,m,convicted,1
2024,9,TZA,m,convicted,1
2024,9,TUN,m,convicted,7
2024,9,TUR,m,convicted,7
2024,9,TKM,m,convicted,1
2024,9,UKR,m,convicted,714
2024,9,UZB,m,convicted,9
2024,9,VEN,m,convicted,1
2024,9,GBR,m,convicted,2
2024,9,VNM,m,convicted,11
2024,9,ITA,m,convicted,3
2024,9,ZWE,m,convicted,1
2024,9,"",m,convicted,6
2024,9,"",m,convicted,41
2024,9,BLR,m,punished,3
2024,9,GEO,m,punished,5
2024,9,LTU,m,punished,1
2024,9,MDA,m,punished,1
2024,9,UKR,m,punished,14
2024,9,"",m,punished,1
2024,9,BLR,f,temporary,5
2024,9,CZE,f,temporary,1
2024,9,GEO,f,temporary,2
2024,9,KAZ,f,temporary,2
2024,9,LVA,f,temporary,2
2024,9,MDA,f,temporary,3
2024,9,MNG,f,temporary,1
2024,9,NGA,f,temporary,3
2024,9,ROU,f,temporary,1
2024,9,SRB,f,temporary,2
2024,9,SVK,f,temporary,1
2024,9,UKR,f,temporary,44
2024,9,ITA,f,temporary,1
2024,9,BLR,f,convicted,8
2024,9,BRA,f,convicted,1
2024,9,BGR,f,convicted,1
2024,9,CZE,f,convicted,1
2024,9,KAZ,f,convicted,1
2024,9,MDA,f,convicted,3
2024,9,DEU,f,convicted,3
2024,9,ROU,f,convicted,3
2024,9,SVK,f,convicted,2
2024,9,UKR,f,convicted,27
2024,9,VNM,f,convicted,2
2024,9,ITA,f,convicted,1
2024,9,"",f,convicted,1
2024,9,BLR,f,punished,1
2024,9,UKR,f,punished,2
2024,9,"",f,punished,2
2024,10,AFG,m,temporary,1
2024,10,ALB,m,temporary,1
2024,10,DZA,m,temporary,1
2024,10,ARM,m,temporary,9
2024,10,AZE,m,temporary,4
2024,10,BGD,m,temporary,1
2024,10,BLR,m,temporary,60
2024,10,BGR,m,temporary,12
2024,10,CHN,m,temporary,3
2024,10,HRV,m,temporary,1
2024,10,CZE,m,temporary,12
2024,10,DNK,m,temporary,2
2024,10,EGY,m,temporary,1
2024,10,EST,m,temporary,1
2024,10,FIN,m,temporary,1
2024,10,FRA,m,temporary,3
2024,10,GHA,m,temporary,1
2024,10,GRC,m,temporary,1
2024,10,GEO,m,temporary,148
2024,10,ESP,m,temporary,2
2024,10,NLD,m,temporary,5
2024,10,IND,m,temporary,5
2024,10,IRQ,m,temporary,2
2024,10,IRN,m,temporary,1
2024,10,IRL,m,temporary,1
2024,10,ISR,m,temporary,1
2024,10,CMR,m,temporary,2
2024,10,CAN,m,temporary,2
2024,10,KAZ,m,temporary,9
2024,10,KGZ,m,temporary,1
2024,10,COL,m,temporary,16
2024,10,KOR,m,temporary,2
2024,10,LTU,m,temporary,18
2024,10,LVA,m,temporary,2
2024,10,MKD,m,temporary,2
2024,10,MYS,m,temporary,2
2024,10,MAR,m,temporary,2
2024,10,MEX,m,temporary,4
2024,10,MDA,m,temporary,30
2024,10,NPL,m,temporary,1
2024,10,DEU,m,temporary,12
2024,10,NGA,m,temporary,12
2024,10,NOR,m,temporary,2
2024,10,PAK,m,temporary,1
2024,10,PRT,m,temporary,1
2024,10,RUS,m,temporary,20
2024,10,ROU,m,temporary,20
2024,10,SEN,m,temporary,1
2024,10,SRB,m,temporary,2
2024,10,SVK,m,temporary,7
2024,10,SVN,m,temporary,2
2024,10,USA,m,temporary,3
2024,10,SYR,m,temporary,7
2024,10,SWE,m,temporary,2
2024,10,TJK,m,temporary,5
2024,10,TUR,m,temporary,7
2024,10,TKM,m,temporary,12
2024,10,UKR,m,temporary,455
2024,10,UZB,m,temporary,6
2024,10,GBR,m,temporary,3
2024,10,VNM,m,temporary,3
2024,10,ITA,m,temporary,8
2024,10,ZWE,m,temporary,4
2024,10,"",m,temporary,1
2024,10,"",m,temporary,8
2024,10,ALB,m,convicted,3
2024,10,DZA,m,convicted,1
2024,10,ARM,m,convicted,26
2024,10,AZE,m,convicted,5
2024,10,BGD,m,convicted,2
2024,10,BEL,m,convicted,2
2024,10,BLR,m,convicted,66
2024,10,BGR,m,convicted,25
2024,10,HRV,m,convicted,1
2024,10,CZE,m,convicted,17
2024,10,EGY,m,convicted,2
2024,10,EST,m,convicted,5
2024,10,FRA,m,convicted,2
2024,10,GEO,m,convicted,172
2024,10,NLD,m,convicted,4
2024,10,IND,m,convicted,6
2024,10,IRL,m,convicted,1
2024,10,JOR,m,convicted,1
2024,10,CAN,m,convicted,1
2024,10,KAZ,m,convicted,3
2024,10,KGZ,m,convicted,1
2024,10,COL,m,convicted,1
2024,10,LBN,m,convicted,1
2024,10,LBY,m,convicted,1
2024,10,LTU,m,convicted,21
2024,10,LVA,m,convicted,8
2024,10,MAR,m,convicted,2
2024,10,MEX,m,convicted,1
2024,10,MDA,m,convicted,60
2024,10,MNG,m,convicted,1
2024,10,DEU,m,convicted,14
2024,10,NGA,m,convicted,11
2024,10,PAK,m,convicted,3
2024,10,PSE,m,convicted,2
2024,10,PRT,m,convicted,2
2024,10,RUS,m,convicted,71
2024,10,ROU,m,convicted,24
2024,10,RWA,m,convicted,1
2024,10,SRB,m,convicted,4
2024,10,SVK,m,convicted,10
2024,10,USA,m,convicted,2
2024,10,SYR,m,convicted,9
2024,10,SWE,m,convicted,1
2024,10,TJK,m,convicted,1
2024,10,TZA,m,convicted,1
2024,10,TUN,m,convicted,6
2024,10,TUR,m,convicted,9
2024,10,TKM,m,convicted,3
2024,10,UKR,m,convicted,725
2024,10,UZB,m,convicted,10
2024,10,GBR,m,convicted,2
2024,10,VNM,m,convicted,10
2024,10,ITA,m,convicted,3
2024,10,"",m,convicted,4
2024,10,"",m,convicted,41
2024,10,BLR,m,punished,2
2024,10,GEO,m,punished,5
2024,10,LTU,m,punished,1
2024,10,LVA,m,punished,1
2024,10,MDA,m,punished,1
2024,10,RUS,m,punished,1
2024,10,ROU,m,punished,1
2024,10,UKR,m,punished,15
2024,10,"",m,punished,1
2024,10,BLR,f,temporary,4
2024,10,CZE,f,temporary,1
2024,10,GEO,f,temporary,2
2024,10,KAZ,f,temporary,2
2024,10,LVA,f,temporary,2
2024,10,MDA,f,temporary,4
2024,10,MNG,f,temporary,1
2024,10,DEU,f,temporary,1
2024,10,RUS,f,temporary,1
2024,10,ROU,f,temporary,1
2024,10,SRB,f,temporary,2
2024,10,SVK,f,temporary,1
2024,10,UKR,f,temporary,41
2024,10,BLR,f,convicted,6
2024,10,BRA,f,convicted,1
2024,10,BGR,f,convicted,2
2024,10,CZE,f,convicted,1
2024,10,KAZ,f,convicted,1
2024,10,MDA,f,convicted,1
2024,10,DEU,f,convicted,2
2024,10,ROU,f,convicted,2
2024,10,SVK,f,convicted,2
2024,10,UKR,f,convicted,26
2024,10,VNM,f,convicted,2
2024,10,ITA,f,convicted,1
2024,10,"",f,convicted,1
2024,10,UKR,f,punished,4
2024,11,AFG,m,temporary,1
2024,11,ALB,m,temporary,1
2024,11,DZA,m,temporary,1
2024,11,ARM,m,temporary,11
2024,11,AZE,m,temporary,8
2024,11,BGD,m,temporary,1
2024,11,BLR,m,temporary,64
2024,11,BGR,m,temporary,13
2024,11,CHN,m,temporary,3
2024,11,HRV,m,temporary,1
2024,11,CZE,m,temporary,14
2024,11,DNK,m,temporary,2
2024,11,COD,m,temporary,1
2024,11,EGY,m,temporary,1
2024,11,FIN,m,temporary,1
2024,11,FRA,m,temporary,3
2024,11,GHA,m,temporary,1
2024,11,GRC,m,temporary,1
2024,11,GEO,m,temporary,150
2024,11,ESP,m,temporary,2
2024,11,NLD,m,temporary,5
2024,11,IND,m,temporary,4
2024,11,IRQ,m,temporary,3
2024,11,IRN,m,temporary,1
2024,11,IRL,m,temporary,1
2024,11,CMR,m,temporary,2
2024,11,CAN,m,temporary,2
2024,11,KAZ,m,temporary,9
2024,11,KGZ,m,temporary,1
2024,11,COL,m,temporary,17
2024,11,KOR,m,temporary,2
2024,11,XKX,m,temporary,1
2024,11,LTU,m,temporary,22
2024,11,LVA,m,temporary,2
2024,11,MKD,m,temporary,1
2024,11,MYS,m,temporary,1
2024,11,MAR,m,temporary,2
2024,11,MEX,m,temporary,4
2024,11,MDA,m,temporary,31
2024,11,MNG,m,temporary,1
2024,11,NPL,m,temporary,1
2024,11,DEU,m,temporary,10
2024,11,NGA,m,temporary,13
2024,11,NOR,m,temporary,2
2024,11,PAK,m,temporary,1
2024,11,PRT,m,temporary,1
2024,11,RUS,m,temporary,22
2024,11,ROU,m,temporary,23
2024,11,SEN,m,temporary,1
2024,11,SRB,m,temporary,2
2024,11,SVK,m,temporary,6
2024,11,SVN,m,temporary,2
2024,11,USA,m,temporary,3
2024,11,SDN,m,temporary,1
2024,11,SYR,m,temporary,6
2024,11,SWE,m,temporary,4
2024,11,TJK,m,temporary,4
2024,11,TUN,m,temporary,1
2024,11,TUR,m,temporary,8
2024,11,TKM,m,temporary,9
2024,11,UKR,m,temporary,444
2024,11,UZB,m,temporary,9
2024,11,GBR,m,temporary,5
2024,11,VNM,m,temporary,5
2024,11,ITA,m,temporary,8
2024,11,ZWE,m,temporary,4
2024,11,"",m,temporary,1
2024,11,"",m,temporary,7
2024,11,ALB,m,convicted,3
2024,11,DZA,m,convicted,2
2024,11,ARM,m,convicted,27
2024,11,AZE,m,convicted,4
2024,11,BGD,m,convicted,2
2024,11,BEL,m,convicted,2
2024,11,BLR,m,convicted,63
2024,11,BGR,m,convicted,26
2024,11,HRV,m,convicted,1
2024,11,CZE,m,convicted,16
2024,11,EGY,m,convicted,1
2024,11,EST,m,convicted,5
2024,11,ETH,m,convicted,1
2024,11,FRA,m,convicted,2
2024,11,GMB,m,convicted,1
2024,11,GEO,m,convicted,168
2024,11,NLD,m,convicted,4
2024,11,IND,m,convicted,6
2024,11,IRL,m,convicted,1
2024,11,JOR,m,convicted,1
2024,11,CAN,m,convicted,1
2024,11,KAZ,m,convicted,4
2024,11,KGZ,m,convicted,1
2024,11,COL,m,convicted,2
2024,11,LBN,m,convicted,1
2024,11,LBY,m,convicted,1
2024,11,LTU,m,convicted,18
2024,11,LVA,m,convicted,7
2024,11,MYS,m,convicted,1
2024,11,MAR,m,convicted,1
2024,11,MEX,m,convicted,1
2024,11,MDA,m,convicted,57
2024,11,DEU,m,convicted,13
2024,11,NGA,m,convicted,9
2024,11,PAK,m,convicted,2
2024,11,PSE,m,convicted,2
2024,11,PRT,m,convicted,2
2024,11,RUS,m,convicted,66
2024,11,ROU,m,convicted,21
2024,11,RWA,m,convicted,1
2024,11,SRB,m,convicted,4
2024,11,SVK,m,convicted,11
2024,11,USA,m,convicted,2
2024,11,SYR,m,convicted,9
2024,11,TJK,m,convicted,1
2024,11,TZA,m,convicted,1
2024,11,TUN,m,convicted,6
2024,11,TUR,m,convicted,10
2024,11,TKM,m,convicted,3
2024,11,UKR,m,convicted,728
2024,11,UZB,m,convicted,10
2024,11,GBR,m,convicted,2
2024,11,VNM,m,convicted,9
2024,11,ITA,m,convicted,3
2024,11,ZWE,m,convicted,1
2024,11,"",m,convicted,4
2024,11,"",m,convicted,39
2024,11,GEO,m,punished,2
2024,11,LTU,m,punished,1
2024,11,LVA,m,punished,1
2024,11,MDA,m,punished,2
2024,11,UKR,m,punished,21
2024,11,"",m,punished,3
2024,11,AUT,f,temporary,1
2024,11,BLR,f,temporary,4
2024,11,CZE,f,temporary,2
2024,11,GEO,f,temporary,2
2024,11,KAZ,f,temporary,2
2024,11,LVA,f,temporary,1
2024,11,MDA,f,temporary,4
2024,11,DEU,f,temporary,2
2024,11,RUS,f,temporary,2
2024,11,ROU,f,temporary,1
2024,11,SRB,f,temporary,2
2024,11,SVK,f,temporary,1
2024,11,UKR,f,temporary,45
2024,11,ARM,f,convicted,1
2024,11,BLR,f,convicted,5
2024,11,BRA,f,convicted,1
2024,11,BGR,f,convicted,2
2024,11,CZE,f,convicted,1
2024,11,MDA,f,convicted,1
2024,11,DEU,f,convicted,2
2024,11,RUS,f,convicted,1
2024,11,ROU,f,convicted,2
2024,11,SVK,f,convicted,2
2024,11,UKR,f,convicted,29
2024,11,VNM,f,convicted,2
2024,11,ITA,f,convicted,1
2024,11,"",f,convicted,3
2024,11,UKR,f,punished,1
2024,11,"",f,punished,1
2024,12,AFG,m,temporary,1
2024,12,ALB,m,temporary,2
2024,12,DZA,m,temporary,2
2024,12,ARM,m,temporary,11
2024,12,AZE,m,temporary,9
2024,12,BGD,m,temporary,1
2024,12,BLR,m,temporary,65
2024,12,BGR,m,temporary,10
2024,12,CHN,m,temporary,3
2024,12,HRV,m,temporary,1
2024,12,CZE,m,temporary,15
2024,12,DNK,m,temporary,2
2024,12,PHL,m,temporary,3
2024,12,FIN,m,temporary,1
2024,12,FRA,m,temporary,1
2024,12,GHA,m,temporary,1
2024,12,GRC,m,temporary,1
2024,12,GEO,m,temporary,135
2024,12,ESP,m,temporary,2
2024,12,NLD,m,temporary,8
2024,12,IND,m,temporary,3
2024,12,IRQ,m,temporary,3
2024,12,IRN,m,temporary,1
2024,12,IRL,m,temporary,1
2024,12,CMR,m,temporary,2
2024,12,CAN,m,temporary,2
2024,12,KAZ,m,temporary,8
2024,12,KGZ,m,temporary,1
2024,12,COL,m,temporary,16
2024,12,KOR,m,temporary,2
2024,12,XKX,m,temporary,1
2024,12,LBY,m,temporary,1
2024,12,LTU,m,temporary,25
2024,12,LVA,m,temporary,1
2024,12,MKD,m,temporary,1
2024,12,MYS,m,temporary,1
2024,12,MAR,m,temporary,2
2024,12,MEX,m,temporary,4
2024,12,MDA,m,temporary,29
2024,12,NPL,m,temporary,1
2024,12,DEU,m,temporary,11
2024,12,NGA,m,temporary,12
2024,12,NOR,m,temporary,1
2024,12,PAK,m,temporary,2
2024,12,PRT,m,temporary,1
2024,12,RUS,m,temporary,21
2024,12,ROU,m,temporary,23
2024,12,SEN,m,temporary,1
2024,12,SRB,m,temporary,2
2024,12,SVK,m,temporary,6
2024,12,SVN,m,temporary,2
2024,12,USA,m,temporary,3
2024,12,SDN,m,temporary,1
2024,12,SYR,m,temporary,4
2024,12,SWE,m,temporary,4
2024,12,TJK,m,temporary,3
2024,12,TUN,m,temporary,1
2024,12,TUR,m,temporary,7
2024,12,TKM,m,temporary,8
2024,12,UKR,m,temporary,433
2024,12,UZB,m,temporary,8
2024,12,GBR,m,temporary,6
2024,12,VNM,m,temporary,4
2024,12,ITA,m,temporary,7
2024,12,ZWE,m,temporary,3
2024,12,"",m,temporary,8
2024,12,ALB,m,convicted,3
2024,12,DZA,m,convicted,1
2024,12,ARM,m,convicted,28
2024,12,AZE,m,convicted,3
2024,12,BGD,m,convicted,2
2024,12,BEL,m,convicted,2
2024,12,BLR,m,convicted,61
2024,12,BGR,m,convicted,27
2024,12,HRV,m,convicted,1
2024,12,CZE,m,convicted,15
2024,12,EGY,m,convicted,2
2024,12,EST,m,convicted,5
2024,12,ETH,m,convicted,1
2024,12,FRA,m,convicted,2
2024,12,GMB,m,convicted,1
2024,12,GEO,m,convicted,174
2024,12,NLD,m,convicted,4
2024,12,IND,m,convicted,6
2024,12,IRL,m,convicted,1
2024,12,JOR,m,convicted,2
2024,12,CAN,m,convicted,1
2024,12,KAZ,m,convicted,4
2024,12,KGZ,m,convicted,1
2024,12,COL,m,convicted,2
2024,12,LBN,m,convicted,1
2024,12,LBY,m,convicted,1
2024,12,LTU,m,convicted,18
2024,12,LVA,m,convicted,8
2024,12,MYS,m,convicted,1
2024,12,MAR,m,convicted,1
2024,12,MEX,m,convicted,1
2024,12,MDA,m,convicted,57
2024,12,DEU,m,convicted,13
2024,12,NGA,m,convicted,9
2024,12,PAK,m,convicted,2
2024,12,PSE,m,convicted,2
2024,12,PRT,m,convicted,2
2024,12,RUS,m,convicted,60
2024,12,ROU,m,convicted,20
2024,12,RWA,m,convicted,1
2024,12,SRB,m,convicted,3
2024,12,SVK,m,convicted,8
2024,12,USA,m,convicted,2
2024,12,SYR,m,convicted,7
2024,12,TJK,m,convicted,1
2024,12,TZA,m,convicted,1
2024,12,TUN,m,convicted,7
2024,12,TUR,m,convicted,9
2024,12,TKM,m,convicted,2
2024,12,UKR,m,convicted,770
2024,12,UZB,m,convicted,11
2024,12,GBR,m,convicted,1
2024,12,VNM,m,convicted,9
2024,12,ITA,m,convicted,3
2024,12,ZWE,m,convicted,1
2024,12,"",m,convicted,4
2024,12,"",m,convicted,43
2024,12,DZA,m,punished,1
2024,12,BLR,m,punished,4
2024,12,GEO,m,punished,5
2024,12,LTU,m,punished,1
2024,12,LVA,m,punished,1
2024,12,MDA,m,punished,1
2024,12,RUS,m,punished,1
2024,12,TKM,m,punished,1
2024,12,UKR,m,punished,17
2024,12,ZWE,m,punished,1
2024,12,"",m,punished,2
2024,12,AUT,f,temporary,1
2024,12,BLR,f,temporary,5
2024,12,CZE,f,temporary,1
2024,12,KAZ,f,temporary,1
2024,12,MDA,f,temporary,5
2024,12,DEU,f,temporary,1
2024,12,RUS,f,temporary,1
2024,12,ROU,f,temporary,1
2024,12,SRB,f,temporary,1
2024,12,UKR,f,temporary,50
2024,12,ARM,f,convicted,1
2024,12,BLR,f,convicted,3
2024,12,BRA,f,convicted,1
2024,12,BGR,f,convicted,1
2024,12,CZE,f,convicted,1
2024,12,MDA,f,convicted,1
2024,12,DEU,f,convicted,2
2024,12,RUS,f,convicted,1
2024,12,ROU,f,convicted,2
2024,12,SVK,f,convicted,2
2024,12,UKR,f,convicted,33
2024,12,VNM,f,convicted,1
2024,12,ITA,f,convicted,1
2024,12,"",f,convicted,2
2024,12,BGR,f,punished,1
2024,12,MDA,f,punished,1
2025,1,AFG,m,temporary,1
2025,1,ALB,m,temporary,3
2025,1,DZA,m,temporary,3
2025,1,ARM,m,temporary,13
2025,1,AZE,m,temporary,5
2025,1,BLR,m,temporary,66
2025,1,BGR,m,temporary,10
2025,1,CHN,m,temporary,3
2025,1,HRV,m,temporary,1
2025,1,CZE,m,temporary,14
2025,1,DNK,m,temporary,2
2025,1,COD,m,temporary,1
2025,1,ETH,m,temporary,1
2025,1,PHL,m,temporary,3
2025,1,FIN,m,temporary,1
2025,1,FRA,m,temporary,1
2025,1,GHA,m,temporary,1
2025,1,GRC,m,temporary,1
2025,1,GEO,m,temporary,124
2025,1,ESP,m,temporary,1
2025,1,NLD,m,temporary,8
2025,1,IND,m,temporary,4
2025,1,IDN,m,temporary,1
2025,1,IRQ,m,temporary,4
2025,1,IRN,m,temporary,1
2025,1,IRL,m,temporary,1
2025,1,CMR,m,temporary,2
2025,1,KAZ,m,temporary,7
2025,1,KGZ,m,temporary,1
2025,1,COL,m,temporary,15
2025,1,KOR,m,temporary,2
2025,1,XKX,m,temporary,1
2025,1,LBY,m,temporary,1
2025,1,LTU,m,temporary,26
2025,1,MKD,m,temporary,2
2025,1,MYS,m,temporary,1
2025,1,MAR,m,temporary,2
2025,1,MEX,m,temporary,4
2025,1,MDA,m,temporary,38
2025,1,NPL,m,temporary,1
2025,1,DEU,m,temporary,8
2025,1,NGA,m,temporary,12
2025,1,NOR,m,temporary,2
2025,1,PAK,m,temporary,1
2025,1,PRT,m,temporary,1
2025,1,RUS,m,temporary,21
2025,1,ROU,m,temporary,28
2025,1,SRB,m,temporary,2
2025,1,SVK,m,temporary,4
2025,1,SVN,m,temporary,2
2025,1,USA,m,temporary,3
2025,1,SYR,m,temporary,4
2025,1,SWE,m,temporary,4
2025,1,TJK,m,temporary,1
2025,1,TUN,m,temporary,1
2025,1,TUR,m,temporary,12
2025,1,TKM,m,temporary,14
2025,1,UKR,m,temporary,423
2025,1,UZB,m,temporary,8
2025,1,GBR,m,temporary,7
2025,1,VNM,m,temporary,4
2025,1,ITA,m,temporary,7
2025,1,ZWE,m,temporary,2
2025,1,"",m,temporary,1
2025,1,"",m,temporary,5
2025,1,ALB,m,convicted,3
2025,1,DZA,m,convicted,1
2025,1,ARM,m,convicted,30
2025,1,AZE,m,convicted,4
2025,1,BGD,m,convicted,2
2025,1,BEL,m,convicted,2
2025,1,BLR,m,convicted,65
2025,1,BGR,m,convicted,28
2025,1,HRV,m,convicted,1
2025,1,CZE,m,convicted,13
2025,1,EGY,m,convicted,3
2025,1,EST,m,convicted,5
2025,1,ETH,m,convicted,1
2025,1,FRA,m,convicted,2
2025,1,GMB,m,convicted,1
2025,1,GEO,m,convicted,174
2025,1,NLD,m,convicted,3
2025,1,IND,m,convicted,7
2025,1,IRL,m,convicted,1
2025,1,JOR,m,convicted,2
2025,1,CAN,m,convicted,2
2025,1,KAZ,m,convicted,4
2025,1,KGZ,m,convicted,2
2025,1,COL,m,convicted,3
2025,1,LBN,m,convicted,1
2025,1,LBY,m,convicted,1
2025,1,LTU,m,convicted,14
2025,1,LVA,m,convicted,8
2025,1,MYS,m,convicted,1
2025,1,MEX,m,convicted,1
2025,1,MDA,m,convicted,61
2025,1,DEU,m,convicted,13
2025,1,NGA,m,convicted,9
2025,1,PAK,m,convicted,2
2025,1,PSE,m,convicted,2
2025,1,PRT,m,convicted,2
2025,1,RUS,m,convicted,57
2025,1,ROU,m,convicted,21
2025,1,RWA,m,convicted,1
2025,1,SEN,m,convicted,1
2025,1,SRB,m,convicted,2
2025,1,SVK,m,convicted,9
2025,1,USA,m,convicted,1
2025,1,SYR,m,convicted,7
2025,1,SWE,m,convicted,1
2025,1,TJK,m,convicted,1
2025,1,TZA,m,convicted,1
2025,1,TUN,m,convicted,9
2025,1,TUR,m,convicted,8
2025,1,TKM,m,convicted,5
2025,1,UKR,m,convicted,785
2025,1,UZB,m,convicted,11
2025,1,GBR,m,convicted,2
2025,1,VNM,m,convicted,7
2025,1,ITA,m,convicted,2
2025,1,ZWE,m,convicted,1
2025,1,"",m,convicted,4
2025,1,"",m,convicted,50
2025,1,BLR,m,punished,1
2025,1,ETH,m,punished,1
2025,1,GEO,m,punished,7
2025,1,LTU,m,punished,1
2025,1,LVA,m,punished,1
2025,1,RUS,m,punished,1
2025,1,USA,m,punished,1
2025,1,UKR,m,punished,25
2025,1,"",m,punished,3
2025,1,ARM,f,temporary,1
2025,1,AUT,f,temporary,1
2025,1,BLR,f,temporary,5
2025,1,KAZ,f,temporary,1
2025,1,MDA,f,temporary,6
2025,1,DEU,f,temporary,1
2025,1,RUS,f,temporary,2
2025,1,ROU,f,temporary,3
2025,1,SRB,f,temporary,1
2025,1,SVK,f,temporary,1
2025,1,UKR,f,temporary,45
2025,1,ITA,f,temporary,1
2025,1,BLR,f,convicted,3
2025,1,BRA,f,convicted,1
2025,1,BGR,f,convicted,1
2025,1,CZE,f,convicted,1
2025,1,MDA,f,convicted,1
2025,1,DEU,f,convicted,2
2025,1,RUS,f,convicted,1
2025,1,ROU,f,convicted,1
2025,1,SVK,f,convicted,2
2025,1,UKR,f,convicted,35
2025,1,VNM,f,convicted,1
2025,1,ITA,f,convicted,1
2025,1,"",f,convicted,2
2025,2,AFG,m,temporary,1
2025,2,ALB,m,temporary,3
2025,2,DZA,m,temporary,3
2025,2,ARM,m,temporary,16
2025,2,AZE,m,temporary,7
2025,2,BLR,m,temporary,64
2025,2,BGR,m,temporary,10
2025,2,CHN,m,temporary,3
2025,2,HRV,m,temporary,1
2025,2,CZE,m,temporary,14
2025,2,DNK,m,temporary,2
2025,2,COD,m,temporary,1
2025,2,ETH,m,temporary,1
2025,2,PHL,m,temporary,3
2025,2,FIN,m,temporary,1
2025,2,FRA,m,temporary,1
2025,2,GHA,m,temporary,1
2025,2,GRC,m,temporary,1
2025,2,GEO,m,temporary,133
2025,2,ESP,m,temporary,1
2025,2,NLD,m,temporary,8
2025,2,IND,m,temporary,5
2025,2,IDN,m,temporary,1
2025,2,IRQ,m,temporary,5
2025,2,IRN,m,temporary,1
2025,2,IRL,m,temporary,1
2025,2,CMR,m,temporary,2
2025,2,KAZ,m,temporary,7
2025,2,COL,m,temporary,15
2025,2,KOR,m,temporary,2
2025,2,XKX,m,temporary,1
2025,2,LTU,m,temporary,26
2025,2,LVA,m,temporary,1
2025,2,MKD,m,temporary,2
2025,2,MYS,m,temporary,1
2025,2,MLI,m,temporary,1
2025,2,MAR,m,temporary,3
2025,2,MEX,m,temporary,6
2025,2,MDA,m,temporary,38
2025,2,NPL,m,temporary,1
2025,2,DEU,m,temporary,9
2025,2,NGA,m,temporary,12
2025,2,NOR,m,temporary,2
2025,2,PAK,m,temporary,2
2025,2,RUS,m,temporary,22
2025,2,ROU,m,temporary,19
2025,2,SVK,m,temporary,4
2025,2,SVN,m,temporary,2
2025,2,USA,m,temporary,4
2025,2,SYR,m,temporary,4
2025,2,SWE,m,temporary,2
2025,2,TZA,m,temporary,1
2025,2,TUN,m,temporary,1
2025,2,TUR,m,temporary,6
2025,2,TKM,m,temporary,11
2025,2,UKR,m,temporary,457
2025,2,UZB,m,temporary,9
2025,2,GBR,m,temporary,7
2025,2,VNM,m,temporary,3
2025,2,ITA,m,temporary,6
2025,2,ZWE,m,temporary,2
2025,2,"",m,temporary,1
2025,2,"",m,temporary,6
2025,2,ALB,m,convicted,2
2025,2,DZA,m,convicted,2
2025,2,ARM,m,convicted,29
2025,2,AZE,m,convicted,4
2025,2,BGD,m,convicted,2
2025,2,BEL,m,convicted,2
2025,2,BLR,m,convicted,70
2025,2,BGR,m,convicted,28
2025,2,HRV,m,convicted,1
2025,2,CZE,m,convicted,15
2025,2,EGY,m,convicted,3
2025,2,EST,m,convicted,5
2025,2,ETH,m,convicted,1
2025,2,FRA,m,convicted,3
2025,2,GMB,m,convicted,1
2025,2,GEO,m,convicted,183
2025,2,NLD,m,convicted,3
2025,2,IND,m,convicted,7
2025,2,IRL,m,convicted,1
2025,2,JOR,m,convicted,1
2025,2,CAN,m,convicted,2
2025,2,KAZ,m,convicted,6
2025,2,KGZ,m,convicted,2
2025,2,COL,m,convicted,3
2025,2,LBN,m,convicted,1
2025,2,LBY,m,convicted,1
2025,2,LTU,m,convicted,15
2025,2,LVA,m,convicted,9
2025,2,MYS,m,convicted,1
2025,2,MEX,m,convicted,1
2025,2,MDA,m,convicted,60
2025,2,DEU,m,convicted,11
2025,2,NGA,m,convicted,9
2025,2,PAK,m,convicted,2
2025,2,PSE,m,convicted,2
2025,2,PRT,m,convicted,2
2025,2,RUS,m,convicted,57
2025,2,ROU,m,convicted,23
2025,2,RWA,m,convicted,1
2025,2,SEN,m,convicted,1
2025,2,SRB,m,convicted,2
2025,2,SVK,m,convicted,9
2025,2,USA,m,convicted,2
2025,2,SYR,m,convicted,6
2025,2,SWE,m,convicted,1
2025,2,TJK,m,convicted,1
2025,2,TZA,m,convicted,1
2025,2,TUN,m,convicted,8
2025,2,TUR,m,convicted,7
2025,2,TKM,m,convicted,4
2025,2,UKR,m,convicted,809
2025,2,UZB,m,convicted,12
2025,2,VEN,m,convicted,1
2025,2,HUN,m,convicted,1
2025,2,GBR,m,convicted,2
2025,2,VNM,m,convicted,8
2025,2,ITA,m,convicted,2
2025,2,ZWE,m,convicted,2
2025,2,"",m,convicted,4
2025,2,"",m,convicted,47
2025,2,BLR,m,punished,1
2025,2,BGR,m,punished,1
2025,2,GEO,m,punished,9
2025,2,LTU,m,punished,2
2025,2,LVA,m,punished,1
2025,2,MDA,m,punished,1
2025,2,ROU,m,punished,2
2025,2,UKR,m,punished,20
2025,2,UZB,m,punished,1
2025,2,"",m,punished,1
2025,2,ARM,f,temporary,1
2025,2,AUT,f,temporary,1
2025,2,BLR,f,temporary,6
2025,2,KAZ,f,temporary,1
2025,2,MDA,f,temporary,5
2025,2,DEU,f,temporary,1
2025,2,RUS,f,temporary,2
2025,2,ROU,f,temporary,3
2025,2,SVK,f,temporary,1
2025,2,SVN,f,temporary,1
2025,2,UKR,f,temporary,44
2025,2,ITA,f,temporary,1
2025,2,BLR,f,convicted,2
2025,2,BRA,f,convicted,1
2025,2,BGR,f,convicted,1
2025,2,CZE,f,convicted,1
2025,2,LTU,f,convicted,1
2025,2,MDA,f,convicted,2
2025,2,DEU,f,convicted,2
2025,2,RUS,f,convicted,1
2025,2,ROU,f,convicted,1
2025,2,SVK,f,convicted,2
2025,2,UKR,f,convicted,42
2025,2,VNM,f,convicted,2
2025,2,ITA,f,convicted,1
2025,2,"",f,convicted,3
2025,2,UKR,f,punished,1
2025,2,"",f,punished,1
2025,3,AFG,m,temporary,1
2025,3,ALB,m,temporary,3
2025,3,DZA,m,temporary,3
2025,3,ARM,m,temporary,14
2025,3,AUT,m,temporary,1
2025,3,AZE,m,temporary,7
2025,3,BLR,m,temporary,60
2025,3,BGR,m,temporary,9
2025,3,CHN,m,temporary,3
2025,3,HRV,m,temporary,1
2025,3,CZE,m,temporary,20
2025,3,DNK,m,temporary,1
2025,3,COD,m,temporary,1
2025,3,ETH,m,temporary,1
2025,3,PHL,m,temporary,3
2025,3,FIN,m,temporary,1
2025,3,GHA,m,temporary,1
2025,3,GRC,m,temporary,1
2025,3,GEO,m,temporary,145
2025,3,NLD,m,temporary,9
2025,3,IND,m,temporary,11
2025,3,IDN,m,temporary,1
2025,3,IRQ,m,temporary,5
2025,3,IRN,m,temporary,1
2025,3,IRL,m,temporary,1
2025,3,CMR,m,temporary,2
2025,3,KAZ,m,temporary,7
2025,3,COL,m,temporary,15
2025,3,KOR,m,temporary,2
2025,3,XKX,m,temporary,1
2025,3,LTU,m,temporary,27
2025,3,LVA,m,temporary,1
2025,3,MKD,m,temporary,2
2025,3,MYS,m,temporary,1
2025,3,MLI,m,temporary,1
2025,3,MAR,m,temporary,2
2025,3,MEX,m,temporary,6
2025,3,MDA,m,temporary,38
2025,3,NPL,m,temporary,1
2025,3,DEU,m,temporary,8
2025,3,NGA,m,temporary,13
2025,3,NOR,m,temporary,2
2025,3,PAK,m,temporary,1
2025,3,RUS,m,temporary,23
2025,3,ROU,m,temporary,23
2025,3,RWA,m,temporary,1
2025,3,SVK,m,temporary,6
2025,3,USA,m,temporary,3
2025,3,SYR,m,temporary,3
2025,3,SWE,m,temporary,3
2025,3,TJK,m,temporary,1
2025,3,TZA,m,temporary,1
2025,3,TUN,m,temporary,1
2025,3,TUR,m,temporary,8
2025,3,TKM,m,temporary,12
2025,3,UKR,m,temporary,472
2025,3,UZB,m,temporary,9
2025,3,HUN,m,temporary,3
2025,3,GBR,m,temporary,7
2025,3,VNM,m,temporary,4
2025,3,ITA,m,temporary,7
2025,3,ZWE,m,temporary,2
2025,3,"",m,temporary,8
2025,3,ALB,m,convicted,2
2025,3,DZA,m,convicted,3
2025,3,ARM,m,convicted,29
2025,3,AZE,m,convicted,4
2025,3,BGD,m,convicted,1
2025,3,BEL,m,convicted,1
2025,3,BLR,m,convicted,76
2025,3,BGR,m,convicted,30
2025,3,HRV,m,convicted,1
2025,3,CZE,m,convicted,14
2025,3,EGY,m,convicted,2
2025,3,EST,m,convicted,5
2025,3,ETH,m,convicted,1
2025,3,FRA,m,convicted,5
2025,3,GMB,m,convicted,1
2025,3,GEO,m,convicted,195
2025,3,ESP,m,convicted,1
2025,3,NLD,m,convicted,3
2025,3,IND,m,convicted,9
2025,3,IRL,m,convicted,1
2025,3,JOR,m,convicted,1
2025,3,CAN,m,convicted,2
2025,3,KAZ,m,convicted,7
2025,3,KGZ,m,convicted,2
2025,3,COL,m,convicted,3
2025,3,LBN,m,convicted,1
2025,3,LBY,m,convicted,1
2025,3,LTU,m,convicted,16
2025,3,LVA,m,convicted,9
2025,3,MYS,m,convicted,1
2025,3,MEX,m,convicted,1
2025,3,MDA,m,convicted,59
2025,3,MNG,m,convicted,1
2025,3,DEU,m,convicted,12
2025,3,NGA,m,convicted,8
2025,3,PAK,m,convicted,3
2025,3,PSE,m,convicted,2
2025,3,PRT,m,convicted,2
2025,3,RUS,m,convicted,57
2025,3,ROU,m,convicted,26
2025,3,RWA,m,convicted,1
2025,3,SRB,m,convicted,2
2025,3,SVK,m,convicted,9
2025,3,USA,m,convicted,2
2025,3,SYR,m,convicted,6
2025,3,SWE,m,convicted,1
2025,3,TJK,m,convicted,1
2025,3,TZA,m,convicted,1
2025,3,TUN,m,convicted,6
2025,3,TUR,m,convicted,8
2025,3,TKM,m,convicted,5
2025,3,UKR,m,convicted,853
2025,3,UZB,m,convicted,12
2025,3,VEN,m,convicted,1
2025,3,HUN,m,convicted,1
2025,3,GBR,m,convicted,2
2025,3,VNM,m,convicted,8
2025,3,ITA,m,convicted,2
2025,3,ZWE,m,convicted,2
2025,3,"",m,convicted,4
2025,3,"",m,convicted,51
2025,3,ARM,m,punished,1
2025,3,GEO,m,punished,4
2025,3,LTU,m,punished,1
2025,3,MDA,m,punished,1
2025,3,RUS,m,punished,2
2025,3,ROU,m,punished,1
2025,3,UKR,m,punished,20
2025,3,"",m,punished,2
2025,3,AUT,f,temporary,1
2025,3,BLR,f,temporary,9
2025,3,KAZ,f,temporary,1
2025,3,MDA,f,temporary,5
2025,3,DEU,f,temporary,1
2025,3,RUS,f,temporary,2
2025,3,ROU,f,temporary,4
2025,3,SVK,f,temporary,1
2025,3,SVN,f,temporary,1
2025,3,UKR,f,temporary,49
2025,3,ITA,f,temporary,1
2025,3,BLR,f,convicted,3
2025,3,BRA,f,convicted,1
2025,3,BGR,f,convicted,1
2025,3,CZE,f,convicted,1
2025,3,LTU,f,convicted,1
2025,3,MDA,f,convicted,1
2025,3,DEU,f,convicted,2
2025,3,RUS,f,convicted,1
2025,3,ROU,f,convicted,1
2025,3,SVK,f,convicted,1
2025,3,UKR,f,convicted,37
2025,3,VNM,f,convicted,1
2025,3,ITA,f,convicted,1
2025,3,"",f,convicted,4
2025,3,UKR,f,punished,3
2025,3,"",f,punished,1
2025,4,AFG,m,temporary,1
2025,4,ALB,m,temporary,3
2025,4,DZA,m,temporary,3
2025,4,ARM,m,temporary,14
2025,4,AUT,m,temporary,1
2025,4,AZE,m,temporary,8
2025,4,BLR,m,temporary,63
2025,4,BGR,m,temporary,11
2025,4,CHN,m,temporary,3
2025,4,HRV,m,temporary,1
2025,4,CZE,m,temporary,19
2025,4,DNK,m,temporary,1
2025,4,COD,m,temporary,1
2025,4,ETH,m,temporary,1
2025,4,PHL,m,temporary,3
2025,4,FIN,m,temporary,1
2025,4,GHA,m,temporary,1
2025,4,GRC,m,temporary,1
2025,4,GEO,m,temporary,135
2025,4,ESP,m,temporary,1
2025,4,NLD,m,temporary,8
2025,4,IND,m,temporary,12
2025,4,IRQ,m,temporary,4
2025,4,IRL,m,temporary,1
2025,4,CMR,m,temporary,2
2025,4,KAZ,m,temporary,6
2025,4,KGZ,m,temporary,1
2025,4,COL,m,temporary,14
2025,4,KOR,m,temporary,2
2025,4,XKX,m,temporary,1
2025,4,LTU,m,temporary,35
2025,4,LVA,m,temporary,3
2025,4,MKD,m,temporary,2
2025,4,MYS,m,temporary,1
2025,4,MLI,m,temporary,1
2025,4,MAR,m,temporary,1
2025,4,MEX,m,temporary,6
2025,4,MDA,m,temporary,42
2025,4,NPL,m,temporary,1
2025,4,DEU,m,temporary,10
2025,4,NGA,m,temporary,12
2025,4,NOR,m,temporary,2
2025,4,PAK,m,temporary,1
2025,4,RUS,m,temporary,22
2025,4,ROU,m,temporary,28
2025,4,SVK,m,temporary,5
2025,4,USA,m,temporary,2
2025,4,SYR,m,temporary,3
2025,4,SWE,m,temporary,3
2025,4,TJK,m,temporary,1
2025,4,TZA,m,temporary,1
2025,4,TUN,m,temporary,1
2025,4,TUR,m,temporary,9
2025,4,TKM,m,temporary,12
2025,4,UKR,m,temporary,483
2025,4,UZB,m,temporary,8
2025,4,HUN,m,temporary,4
2025,4,GBR,m,temporary,8
2025,4,VNM,m,temporary,5
2025,4,ITA,m,temporary,7
2025,4,ZWE,m,temporary,2
2025,4,"",m,temporary,11
2025,4,ALB,m,convicted,1
2025,4,DZA,m,convicted,3
2025,4,ARM,m,convicted,31
2025,4,AZE,m,convicted,5
2025,4,BGD,m,convicted,1
2025,4,BEL,m,convicted,1
2025,4,BLR,m,convicted,70
2025,4,BGR,m,convicted,29
2025,4,HRV,m,convicted,1
2025,4,CZE,m,convicted,16
2025,4,EGY,m,convicted,2
2025,4,EST,m,convicted,5
2025,4,ETH,m,convicted,1
2025,4,FRA,m,convicted,5
2025,4,GEO,m,convicted,194
2025,4,ESP,m,convicted,1
2025,4,NLD,m,convicted,3
2025,4,IND,m,convicted,8
2025,4,IRL,m,convicted,1
2025,4,JOR,m,convicted,1
2025,4,CAN,m,convicted,2
2025,4,KAZ,m,convicted,9
2025,4,KGZ,m,convicted,1
2025,4,COL,m,convicted,3
2025,4,XKX,m,convicted,1
2025,4,LBN,m,convicted,1
2025,4,LBY,m,convicted,1
2025,4,LTU,m,convicted,15
2025,4,LVA,m,convicted,9
2025,4,MYS,m,convicted,1
2025,4,MAR,m,convicted,2
2025,4,MEX,m,convicted,1
2025,4,MDA,m,convicted,60
2025,4,MNG,m,convicted,1
2025,4,DEU,m,convicted,12
2025,4,NGA,m,convicted,9
2025,4,NOR,m,convicted,2
2025,4,PAK,m,convicted,3
2025,4,PSE,m,convicted,2
2025,4,PER,m,convicted,1
2025,4,PRT,m,convicted,2
2025,4,RUS,m,convicted,58
2025,4,ROU,m,convicted,25
2025,4,RWA,m,convicted,1
2025,4,SRB,m,convicted,2
2025,4,SVK,m,convicted,10
2025,4,USA,m,convicted,1
2025,4,SYR,m,convicted,5
2025,4,SWE,m,convicted,1
2025,4,TJK,m,convicted,1
2025,4,TZA,m,convicted,1
2025,4,TUN,m,convicted,6
2025,4,TUR,m,convicted,8
2025,4,TKM,m,convicted,7
2025,4,UKR,m,convicted,899
2025,4,UZB,m,convicted,15
2025,4,VEN,m,convicted,1
2025,4,HUN,m,convicted,1
2025,4,GBR,m,convicted,3
2025,4,VNM,m,convicted,7
2025,4,ITA,m,convicted,1
2025,4,ZWE,m,convicted,2
2025,4,"",m,convicted,5
2025,4,"",m,convicted,55
2025,4,AZE,m,punished,1
2025,4,BLR,m,punished,1
2025,4,GEO,m,punished,6
2025,4,LTU,m,punished,1
2025,4,MDA,m,punished,1
2025,4,RUS,m,punished,1
2025,4,UKR,m,punished,19
2025,4,UZB,m,punished,1
2025,4,ZWE,m,punished,1
2025,4,"",m,punished,2
2025,4,AUT,f,temporary,1
2025,4,BLR,f,temporary,7
2025,4,IND,f,temporary,1
2025,4,KAZ,f,temporary,1
2025,4,MDA,f,temporary,5
2025,4,DEU,f,temporary,1
2025,4,RUS,f,temporary,3
2025,4,ROU,f,temporary,3
2025,4,SVK,f,temporary,1
2025,4,SVN,f,temporary,1
2025,4,UKR,f,temporary,48
2025,4,ITA,f,temporary,1
2025,4,ARM,f,convicted,1
2025,4,BLR,f,convicted,3
2025,4,BRA,f,convicted,1
2025,4,CZE,f,convicted,1
2025,4,LTU,f,convicted,1
2025,4,MDA,f,convicted,1
2025,4,MNG,f,convicted,1
2025,4,DEU,f,convicted,2
2025,4,ROU,f,convicted,1
2025,4,SVK,f,convicted,1
2025,4,UKR,f,convicted,40
2025,4,ITA,f,convicted,1
2025,4,"",f,convicted,3
2025,4,MDA,f,punished,1
2025,4,UKR,f,punished,1
2025,4,"",f,punished,2
2025,5,AFG,m,temporary,1
2025,5,ALB,m,temporary,3
2025,5,DZA,m,temporary,3
2025,5,ARM,m,temporary,13
2025,5,AZE,m,temporary,7
2025,5,BLR,m,temporary,69
2025,5,BGR,m,temporary,9
2025,5,CHN,m,temporary,3
2025,5,HRV,m,temporary,1
2025,5,CZE,m,temporary,20
2025,5,COD,m,temporary,1
2025,5,ETH,m,temporary,1
2025,5,PHL,m,temporary,4
2025,5,FIN,m,temporary,1
2025,5,GHA,m,temporary,1
2025,5,GRC,m,temporary,1
2025,5,GEO,m,temporary,128
2025,5,ESP,m,temporary,1
2025,5,NLD,m,temporary,7
2025,5,IND,m,temporary,12
2025,5,IRQ,m,temporary,4
2025,5,IRL,m,temporary,1
2025,5,ISR,m,temporary,1
2025,5,JOR,m,temporary,1
2025,5,CMR,m,temporary,2
2025,5,KAZ,m,temporary,4
2025,5,KGZ,m,temporary,1
2025,5,COL,m,temporary,11
2025,5,KOR,m,temporary,2
2025,5,XKX,m,temporary,1
2025,5,LBY,m,temporary,1
2025,5,LTU,m,temporary,33
2025,5,LVA,m,temporary,8
2025,5,MKD,m,temporary,2
2025,5,MYS,m,temporary,1
2025,5,MAR,m,temporary,3
2025,5,MEX,m,temporary,8
2025,5,MDA,m,temporary,43
2025,5,NPL,m,temporary,1
2025,5,DEU,m,temporary,8
2025,5,NGA,m,temporary,12
2025,5,NOR,m,temporary,1
2025,5,PAK,m,temporary,2
2025,5,PRY,m,temporary,1
2025,5,RUS,m,temporary,24
2025,5,ROU,m,temporary,28
2025,5,SVK,m,temporary,6
2025,5,USA,m,temporary,3
2025,5,SYR,m,temporary,2
2025,5,SWE,m,temporary,4
2025,5,TJK,m,temporary,1
2025,5,TZA,m,temporary,1
2025,5,TUN,m,temporary,1
2025,5,TUR,m,temporary,8
2025,5,TKM,m,temporary,12
2025,5,UKR,m,temporary,459
2025,5,UZB,m,temporary,8
2025,5,HUN,m,temporary,4
2025,5,GBR,m,temporary,8
2025,5,VNM,m,temporary,6
2025,5,ITA,m,temporary,7
2025,5,ZWE,m,temporary,2
2025,5,"",m,temporary,1
2025,5,"",m,temporary,10
2025,5,ALB,m,convicted,1
2025,5,DZA,m,convicted,3
2025,5,ARM,m,convicted,33
2025,5,AZE,m,convicted,6
2025,5,BGD,m,convicted,1
2025,5,BLR,m,convicted,68
2025,5,BGR,m,convicted,28
2025,5,CHN,m,convicted,1
2025,5,HRV,m,convicted,1
2025,5,CZE,m,convicted,16
2025,5,EGY,m,convicted,2
2025,5,EST,m,convicted,5
2025,5,ETH,m,convicted,1
2025,5,FRA,m,convicted,4
2025,5,GEO,m,convicted,196
2025,5,ESP,m,convicted,2
2025,5,NLD,m,convicted,3
2025,5,IND,m,convicted,10
2025,5,IRL,m,convicted,1
2025,5,JOR,m,convicted,1
2025,5,CAN,m,convicted,2
2025,5,KAZ,m,convicted,9
2025,5,KGZ,m,convicted,1
2025,5,COL,m,convicted,7
2025,5,LBN,m,convicted,1
2025,5,LBY,m,convicted,1
2025,5,LTU,m,convicted,14
2025,5,LVA,m,convicted,10
2025,5,MKD,m,convicted,1
2025,5,MYS,m,convicted,1
2025,5,MAR,m,convicted,2
2025,5,MEX,m,convicted,1
2025,5,MDA,m,convicted,60
2025,5,MNG,m,convicted,1
2025,5,DEU,m,convicted,11
2025,5,NGA,m,convicted,9
2025,5,NOR,m,convicted,2
2025,5,PAK,m,convicted,2
2025,5,PSE,m,convicted,2
2025,5,PRT,m,convicted,2
2025,5,RUS,m,convicted,56
2025,5,ROU,m,convicted,24
2025,5,RWA,m,convicted,1
2025,5,SRB,m,convicted,2
2025,5,SVK,m,convicted,10
2025,5,USA,m,convicted,1
2025,5,SYR,m,convicted,4
2025,5,SWE,m,convicted,1
2025,5,TJK,m,convicted,1
2025,5,TZA,m,convicted,1
2025,5,TUN,m,convicted,8
2025,5,TUR,m,convicted,9
2025,5,TKM,m,convicted,6
2025,5,UKR,m,convicted,898
2025,5,UZB,m,convicted,13
2025,5,VEN,m,convicted,1
2025,5,HUN,m,convicted,1
2025,5,GBR,m,convicted,3
2025,5,VNM,m,convicted,6
2025,5,ITA,m,convicted,3
2025,5,ZWE,m,convicted,2
2025,5,"",m,convicted,5
2025,5,"",m,convicted,54
2025,5,AZE,m,punished,1
2025,5,BLR,m,punished,3
2025,5,GEO,m,punished,1
2025,5,LTU,m,punished,1
2025,5,MDA,m,punished,2
2025,5,DEU,m,punished,1
2025,5,RUS,m,punished,3
2025,5,UKR,m,punished,23
2025,5,"",m,punished,2
2025,5,AUT,f,temporary,1
2025,5,BLR,f,temporary,7
2025,5,BGR,f,temporary,2
2025,5,GEO,f,temporary,1
2025,5,KAZ,f,temporary,1
2025,5,MDA,f,temporary,4
2025,5,DEU,f,temporary,4
2025,5,RUS,f,temporary,2
2025,5,ROU,f,temporary,3
2025,5,SVK,f,temporary,3
2025,5,UKR,f,temporary,54
2025,5,ITA,f,temporary,1
2025,5,ARM,f,convicted,1
2025,5,BLR,f,convicted,3
2025,5,BRA,f,convicted,1
2025,5,CZE,f,convicted,1
2025,5,LTU,f,convicted,1
2025,5,MDA,f,convicted,1
2025,5,DEU,f,convicted,2
2025,5,ROU,f,convicted,1
2025,5,SVK,f,convicted,1
2025,5,UKR,f,convicted,39
2025,5,ITA,f,convicted,1
2025,5,"",f,convicted,4
2025,5,UKR,f,punished,2
2025,5,"",f,punished,1
2025,6,AFG,m,temporary,1
2025,6,ALB,m,temporary,4
2025,6,DZA,m,temporary,2
2025,6,ARG,m,temporary,1
2025,6,ARM,m,temporary,13
2025,6,AUT,m,temporary,1
2025,6,AZE,m,temporary,11
2025,6,BLR,m,temporary,63
2025,6,BGR,m,temporary,10
2025,6,CHN,m,temporary,2
2025,6,HRV,m,temporary,1
2025,6,MNE,m,temporary,1
2025,6,CZE,m,temporary,15
2025,6,COD,m,temporary,1
2025,6,ETH,m,temporary,1
2025,6,PHL,m,temporary,4
2025,6,FIN,m,temporary,1
2025,6,FRA,m,temporary,1
2025,6,GHA,m,temporary,1
2025,6,GRC,m,temporary,1
2025,6,GEO,m,temporary,128
2025,6,ESP,m,temporary,2
2025,6,NLD,m,temporary,8
2025,6,IND,m,temporary,5
2025,6,IRQ,m,temporary,4
2025,6,IRL,m,temporary,1
2025,6,ISR,m,temporary,1
2025,6,CMR,m,temporary,1
2025,6,COL,m,temporary,12
2025,6,KOR,m,temporary,2
2025,6,XKX,m,temporary,1
2025,6,LBY,m,temporary,1
2025,6,LTU,m,temporary,31
2025,6,LVA,m,temporary,13
2025,6,MKD,m,temporary,1
2025,6,MYS,m,temporary,1
2025,6,MAR,m,temporary,2
2025,6,MEX,m,temporary,8
2025,6,MDA,m,temporary,42
2025,6,NPL,m,temporary,1
2025,6,DEU,m,temporary,12
2025,6,NGA,m,temporary,13
2025,6,NOR,m,temporary,1
2025,6,PAK,m,temporary,1
2025,6,PSE,m,temporary,1
2025,6,PRY,m,temporary,1
2025,6,RUS,m,temporary,21
2025,6,ROU,m,temporary,28
2025,6,SVK,m,temporary,4
2025,6,USA,m,temporary,4
2025,6,SYR,m,temporary,2
2025,6,SWE,m,temporary,3
2025,6,TJK,m,temporary,2
2025,6,TZA,m,temporary,1
2025,6,TUR,m,temporary,7
2025,6,TKM,m,temporary,14
2025,6,UKR,m,temporary,469
2025,6,UZB,m,temporary,11
2025,6,VEN,m,temporary,1
2025,6,HUN,m,temporary,4
2025,6,GBR,m,temporary,8
2025,6,VNM,m,temporary,5
2025,6,ITA,m,temporary,5
2025,6,ZWE,m,temporary,2
2025,6,"",m,temporary,1
2025,6,"",m,temporary,6
2025,6,ALB,m,convicted,1
2025,6,DZA,m,convicted,3
2025,6,ARM,m,convicted,34
2025,6,AZE,m,convicted,6
2025,6,BGD,m,convicted,1
2025,6,BLR,m,convicted,68
2025,6,BIH,m,convicted,1
2025,6,BGR,m,convicted,27
2025,6,CHN,m,convicted,1
2025,6,HRV,m,convicted,1
2025,6,CZE,m,convicted,17
2025,6,EGY,m,convicted,2
2025,6,EST,m,convicted,5
2025,6,FRA,m,convicted,4
2025,6,GEO,m,convicted,199
2025,6,ESP,m,convicted,2
2025,6,NLD,m,convicted,3
2025,6,IND,m,convicted,8
2025,6,JOR,m,convicted,1
2025,6,CMR,m,convicted,1
2025,6,CAN,m,convicted,2
2025,6,KAZ,m,convicted,8
2025,6,KGZ,m,convicted,1
2025,6,COL,m,convicted,7
2025,6,LBN,m,convicted,1
2025,6,LBR,m,convicted,1
2025,6,LBY,m,convicted,1
2025,6,LTU,m,convicted,14
2025,6,LVA,m,convicted,10
2025,6,MKD,m,convicted,2
2025,6,MYS,m,convicted,1
2025,6,MAR,m,convicted,2
2025,6,MEX,m,convicted,1
2025,6,MDA,m,convicted,63
2025,6,MNG,m,convicted,1
2025,6,DEU,m,convicted,11
2025,6,NGA,m,convicted,9
2025,6,NOR,m,convicted,2
2025,6,PAK,m,convicted,2
2025,6,PSE,m,convicted,1
2025,6,PRT,m,convicted,1
2025,6,RUS,m,convicted,56
2025,6,ROU,m,convicted,25
2025,6,RWA,m,convicted,2
2025,6,SRB,m,convicted,2
2025,6,SVK,m,convicted,12
2025,6,USA,m,convicted,1
2025,6,SYR,m,convicted,3
2025,6,SWE,m,convicted,1
2025,6,TJK,m,convicted,2
2025,6,TZA,m,convicted,1
2025,6,TUN,m,convicted,8
2025,6,TUR,m,convicted,12
2025,6,TKM,m,convicted,8
2025,6,UKR,m,convicted,918
2025,6,UZB,m,convicted,13
2025,6,VEN,m,convicted,1
2025,6,HUN,m,convicted,1
2025,6,GBR,m,convicted,3
2025,6,VNM,m,convicted,7
2025,6,ITA,m,convicted,5
2025,6,ZWE,m,convicted,4
2025,6,"",m,convicted,6
2025,6,"",m,convicted,57
2025,6,BLR,m,punished,1
2025,6,GEO,m,punished,5
2025,6,IND,m,punished,1
2025,6,LTU,m,punished,2
2025,6,MDA,m,punished,3
2025,6,RUS,m,punished,1
2025,6,SVK,m,punished,1
2025,6,UKR,m,punished,19
2025,6,ZWE,m,punished,1
2025,6,"",m,punished,3
2025,6,AUT,f,temporary,1
2025,6,BLR,f,temporary,8
2025,6,BGR,f,temporary,1
2025,6,GEO,f,temporary,1
2025,6,LVA,f,temporary,1
2025,6,MDA,f,temporary,5
2025,6,DEU,f,temporary,4
2025,6,RUS,f,temporary,2
2025,6,ROU,f,temporary,2
2025,6,SVK,f,temporary,3
2025,6,UKR,f,temporary,52
2025,6,ITA,f,temporary,1
2025,6,ARM,f,convicted,1
2025,6,BLR,f,convicted,3
2025,6,BRA,f,convicted,1
2025,6,CZE,f,convicted,1
2025,6,LTU,f,convicted,1
2025,6,MDA,f,convicted,1
2025,6,DEU,f,convicted,2
2025,6,ROU,f,convicted,3
2025,6,SVK,f,convicted,1
2025,6,UKR,f,convicted,43
2025,6,ITA,f,convicted,1
2025,6,"",f,convicted,6
2025,6,UKR,f,punished,5
2025,6,"",f,punished,2
2025,7,AFG,m,temporary,1
2025,7,ALB,m,temporary,4
2025,7,DZA,m,temporary,2
2025,7,ARG,m,temporary,1
2025,7,ARM,m,temporary,12
2025,7,AUT,m,temporary,1
2025,7,AZE,m,temporary,8
2025,7,BLR,m,temporary,63
2025,7,BGR,m,temporary,9
2025,7,CHN,m,temporary,2
2025,7,MNE,m,temporary,1
2025,7,CZE,m,temporary,14
2025,7,COD,m,temporary,1
2025,7,EST,m,temporary,1
2025,7,ETH,m,temporary,1
2025,7,PHL,m,temporary,4
2025,7,FIN,m,temporary,2
2025,7,FRA,m,temporary,1
2025,7,GHA,m,temporary,1
2025,7,GRC,m,temporary,1
2025,7,GEO,m,temporary,123
2025,7,ESP,m,temporary,2
2025,7,NLD,m,temporary,7
2025,7,IND,m,temporary,5
2025,7,IRQ,m,temporary,4
2025,7,IRL,m,temporary,1
2025,7,ISR,m,temporary,1
2025,7,JOR,m,temporary,1
2025,7,CMR,m,temporary,1
2025,7,COL,m,temporary,22
2025,7,KOR,m,temporary,2
2025,7,XKX,m,temporary,1
2025,7,LBN,m,temporary,1
2025,7,LBY,m,temporary,2
2025,7,LTU,m,temporary,32
2025,7,LVA,m,temporary,12
2025,7,MKD,m,temporary,1
2025,7,MYS,m,temporary,1
2025,7,MAR,m,temporary,2
2025,7,MEX,m,temporary,8
2025,7,MDA,m,temporary,40
2025,7,NPL,m,temporary,1
2025,7,DEU,m,temporary,13
2025,7,NGA,m,temporary,13
2025,7,NOR,m,temporary,1
2025,7,PAK,m,temporary,1
2025,7,PSE,m,temporary,3
2025,7,PRY,m,temporary,7
2025,7,RUS,m,temporary,22
2025,7,ROU,m,temporary,26
2025,7,SRB,m,temporary,2
2025,7,SVK,m,temporary,6
2025,7,USA,m,temporary,3
2025,7,SYR,m,temporary,2
2025,7,SWE,m,temporary,3
2025,7,TJK,m,temporary,4
2025,7,TZA,m,temporary,1
2025,7,TUR,m,temporary,7
2025,7,TKM,m,temporary,13
2025,7,UKR,m,temporary,473
2025,7,URY,m,temporary,1
2025,7,UZB,m,temporary,13
2025,7,VEN,m,temporary,1
2025,7,HUN,m,temporary,4
2025,7,GBR,m,temporary,7
2025,7,VNM,m,temporary,5
2025,7,ITA,m,temporary,3
2025,7,ZWE,m,temporary,2
2025,7,"",m,temporary,1
2025,7,"",m,temporary,6
2025,7,ALB,m,convicted,1
2025,7,DZA,m,convicted,3
2025,7,ARM,m,convicted,35
2025,7,AZE,m,convicted,7
2025,7,BGD,m,convicted,1
2025,7,BLR,m,convicted,74
2025,7,BIH,m,convicted,1
2025,7,BGR,m,convicted,23
2025,7,CHN,m,convicted,1
2025,7,HRV,m,convicted,1
2025,7,CZE,m,convicted,17
2025,7,EGY,m,convicted,2
2025,7,EST,m,convicted,5
2025,7,FRA,m,convicted,3
2025,7,GEO,m,convicted,206
2025,7,ESP,m,convicted,1
2025,7,NLD,m,convicted,4
2025,7,IND,m,convicted,8
2025,7,JOR,m,convicted,1
2025,7,CMR,m,convicted,1
2025,7,CAN,m,convicted,1
2025,7,KAZ,m,convicted,8
2025,7,KGZ,m,convicted,1
2025,7,COL,m,convicted,8
2025,7,LBN,m,convicted,1
2025,7,LBY,m,convicted,1
2025,7,LTU,m,convicted,10
2025,7,LVA,m,convicted,9
2025,7,MKD,m,convicted,1
2025,7,MYS,m,convicted,1
2025,7,MAR,m,convicted,1
2025,7,MEX,m,convicted,1
2025,7,MDA,m,convicted,67
2025,7,DEU,m,convicted,12
2025,7,NGA,m,convicted,9
2025,7,NOR,m,convicted,1
2025,7,PAK,m,convicted,2
2025,7,PSE,m,convicted,1
2025,7,PRT,m,convicted,1
2025,7,RUS,m,convicted,56
2025,7,ROU,m,convicted,25
2025,7,RWA,m,convicted,2
2025,7,SRB,m,convicted,2
2025,7,SVK,m,convicted,12
2025,7,USA,m,convicted,1
2025,7,SYR,m,convicted,2
2025,7,SWE,m,convicted,1
2025,7,TJK,m,convicted,2
2025,7,TZA,m,convicted,1
2025,7,TUN,m,convicted,8
2025,7,TUR,m,convicted,12
2025,7,TKM,m,convicted,11
2025,7,UKR,m,convicted,944
2025,7,UZB,m,convicted,15
2025,7,VEN,m,convicted,1
2025,7,HUN,m,convicted,1
2025,7,GBR,m,convicted,3
2025,7,VNM,m,convicted,6
2025,7,ITA,m,convicted,5
2025,7,ZWE,m,convicted,3
2025,7,"",m,convicted,6
2025,7,"",m,convicted,67
2025,7,DZA,m,punished,1
2025,7,BLR,m,punished,3
2025,7,BOL,m,punished,1
2025,7,BGR,m,punished,1
2025,7,FRA,m,punished,1
2025,7,GEO,m,punished,1
2025,7,KAZ,m,punished,1
2025,7,KEN,m,punished,1
2025,7,LTU,m,punished,1
2025,7,MDA,m,punished,1
2025,7,NGA,m,punished,1
2025,7,TKM,m,punished,1
2025,7,UKR,m,punished,28
2025,7,UZB,m,punished,1
2025,7,"",m,punished,3
2025,7,AUT,f,temporary,1
2025,7,BLR,f,temporary,8
2025,7,BGR,f,temporary,1
2025,7,GEO,f,temporary,1
2025,7,LVA,f,temporary,1
2025,7,MDA,f,temporary,4
2025,7,DEU,f,temporary,3
2025,7,RUS,f,temporary,1
2025,7,ROU,f,temporary,1
2025,7,SVK,f,temporary,3
2025,7,UKR,f,temporary,48
2025,7,ITA,f,temporary,1
2025,7,ARM,f,convicted,1
2025,7,BLR,f,convicted,3
2025,7,BRA,f,convicted,1
2025,7,GEO,f,convicted,1
2025,7,LTU,f,convicted,2
2025,7,MDA,f,convicted,1
2025,7,DEU,f,convicted,4
2025,7,ROU,f,convicted,3
2025,7,SVK,f,convicted,1
2025,7,UKR,f,convicted,38
2025,7,ITA,f,convicted,1
2025,7,"",f,convicted,6
2025,7,UKR,f,punished,7
2025,7,"",f,punished,1
