year,type,group,sex,age,citizenship,count
2023,disability.pension,employees,m,55,UKR,3981
2023,disability.pension,employees,m,38,UKR,11298
2023,disability.pension,employees,m,55,DEU,56
2023,disability.pension,employees,m,54,BLR,790
2023,disability.pension,employees,m,48,BLR,1643
2023,disability.pension,employees,m,62,BLR,225
2023,disability.pension,employees,m,42,UKR,9643
2023,disability.pension,employees,m,18,UKR,6198
2023,disability.pension,employees,m,43,UKR,9509
2023,disability.pension,employees,f,76,BLR,3
2023,disability.pension,employees,f,29,UKR,8730
2023,disability.pension,employees,m,26,UKR,10273
2023,disability.pension,employees,m,24,UKR,6769
2023,disability.pension,employees,m,21,BLR,980
2023,disability.pension,employees,f,50,UKR,273
2023,disability.pension,employees,m,31,BLR,388
2023,disability.pension,employees,m,42,BLR,2641
2023,disability.pension,employees,f,46,BLR,570
2023,disability.pension,employees,f,52,BLR,370
2023,disability.pension,employees,m,40,BLR,352
2023,disability.pension,employees,m,43,BLR,2418
2023,disability.pension,employees,m,38,BLR,3421
2023,disability.pension,employees,m,46,BLR,1960
2023,disability.pension,employees,f,45,BLR,544
2023,disability.pension,employees,f,40,BLR,104
2023,disability.pension,employees,f,43,BLR,604
2023,disability.pension,employees,m,34,BLR,3557
2023,disability.pension,employees,m,26,BLR,2810
2023,disability.pension,employees,m,36,UKR,11965
2023,disability.pension,employees,m,40,UKR,11314
2023,disability.pension,employees,m,35,UKR,11994
2023,disability.pension,employees,m,45,UKR,8742
2023,disability.pension,employees,m,22,MDA,245
2023,disability.pension,employees,m,24,MDA,304
2023,disability.pension,employees,f,49,BLR,9
2023,disability.pension,employees,f,30,BLR,1182
2023,disability.pension,employees,f,32,UKR,8628
2023,disability.pension,employees,m,45,BLR,2077
2023,disability.pension,employees,m,47,BLR,1805
2023,disability.pension,employees,m,37,BLR,3719
2023,disability.pension,employees,m,36,BLR,3696
2023,disability.pension,employees,m,40,BLR,3224
2023,disability.pension,employees,m,49,BLR,1544
2023,disability.pension,employees,m,39,BLR,3302
2023,disability.pension,employees,m,32,BLR,3337
2023,disability.pension,employees,m,41,BLR,2968
2023,disability.pension,employees,f,55,UKR,4668
2023,disability.pension,employees,f,45,BLR,122
2023,disability.pension,employees,f,55,BLR,214
2023,disability.pension,employees,m,53,BLR,1006
2023,disability.pension,employees,m,55,BLR,739
2023,disability.pension,employees,m,58,BLR,469
2023,disability.pension,employees,m,33,BLR,3555
2023,disability.pension,employees,f,24,BLR,96
2023,disability.pension,employees,m,50,RUS,102
2023,disability.pension,employees,m,39,RUS,209
2023,disability.pension,employees,m,31,BLR,3182
2023,disability.pension,employees,m,50,BLR,1371
2023,disability.pension,employees,m,44,BLR,2250
2023,disability.pension,employees,m,35,BLR,3795
2023,disability.pension,employees,f,35,UKR,9441
2023,disability.pension,employees,m,59,BLR,370
2023,disability.pension,employees,m,42,BLR,322
2023,disability.pension,employees,m,52,BLR,1204
2023,disability.pension,employees,m,30,BLR,3023
2023,disability.pension,employees,m,47,BLR,228
2023,disability.pension,employees,m,25,BLR,2414
2023,disability.pension,employees,f,61,BLR,76
2023,disability.pension,employees,m,27,BLR,2771
2023,disability.pension,employees,m,42,UZB,199
2023,disability.pension,employees,m,28,BLR,2966
2023,disability.pension,employees,m,49,UKR,7192
2023,disability.pension,employees,f,34,BLR,1060
2023,disability.pension,employees,m,41,BLR,330
2023,disability.pension,employees,f,53,UKR,1334
2023,disability.pension,employees,m,33,UKR,11611
2023,disability.pension,employees,f,34,UKR,8792
2023,disability.pension,employees,f,40,UKR,10737
2023,disability.pension,employees,f,29,BLR,1307
2023,disability.pension,employees,f,49,BLR,443
2023,disability.pension,employees,m,37,UKR,11796
2023,disability.pension,employees,f,28,UKR,9136
2023,disability.pension,employees,f,48,RUS,93
2023,disability.pension,employees,f,41,BLR,703
2023,disability.pension,employees,f,50,UKR,7349
2023,disability.pension,employees,f,44,UKR,9765
2023,disability.pension,employees,f,54,UKR,5097
2023,disability.pension,employees,m,51,UKR,6348
2023,disability.pension,employees,f,33,BLR,1062
2023,disability.pension,employees,f,38,UKR,10172
2023,disability.pension,employees,m,29,UKR,11269
2023,disability.pension,employees,m,39,UKR,11565
2023,disability.pension,employees,f,25,UKR,8016
2023,disability.pension,employees,m,30,UKR,11470
2023,disability.pension,employees,f,36,UKR,9983
2023,disability.pension,employees,m,27,MDA,337
2023,disability.pension,employees,f,49,UKR,2028
2023,disability.pension,employees,m,50,UKR,6601
2023,disability.pension,employees,m,51,GEO,381
2023,disability.pension,employees,f,43,UKR,9918
2023,disability.pension,employees,f,51,UKR,7206
2023,disability.pension,employees,f,41,UKR,9857
2023,disability.pension,employees,m,46,UKR,8141
2023,disability.pension,employees,m,27,UKR,10927
2023,disability.pension,employees,f,39,UKR,10277
2023,disability.pension,employees,f,42,UKR,2062
2023,disability.pension,employees,m,28,UKR,10996
2023,disability.pension,employees,f,57,UKR,3736
2023,disability.pension,employees,f,47,UKR,9118
2023,disability.pension,employees,m,62,UKR,1890
2023,disability.pension,employees,f,30,UKR,8611
2023,disability.pension,employees,m,45,GEO,572
2023,disability.pension,employees,m,61,UKR,2258
2023,disability.pension,employees,f,47,UKR,2050
2023,disability.pension,employees,f,33,UKR,8639
2023,disability.pension,employees,f,37,UKR,10366
2023,disability.pension,employees,f,60,UKR,502
2023,disability.pension,employees,f,46,UKR,9220
2023,disability.pension,employees,f,21,UKR,5595
2023,disability.pension,employees,f,59,UKR,2847
2023,disability.pension,employees,f,26,UKR,9350
2023,disability.pension,employees,f,54,BLR,287
2023,disability.pension,employees,f,19,UKR,4349
2023,disability.pension,employees,f,42,UKR,9796
2023,disability.pension,employees,f,52,UKR,6535
2023,disability.pension,employees,m,52,UKR,5831
2023,disability.pension,employees,f,56,UKR,4011
2023,disability.pension,employees,f,67,RUS,12
2023,disability.pension,employees,f,49,RUS,85
2023,disability.pension,employees,m,48,UKR,7529
2023,disability.pension,employees,m,47,ROU,90
2023,disability.pension,employees,m,41,UKR,9889
2023,disability.pension,employees,m,59,UKR,2072
2023,disability.pension,employees,f,48,UKR,8490
2023,disability.pension,employees,m,47,GBR,42
2023,disability.pension,employees,m,31,UKR,11503
2023,disability.pension,employees,f,49,UKR,8232
2023,disability.pension,employees,m,35,UKR,1792
2023,disability.pension,employees,m,60,UKR,2396
2023,disability.pension,employees,m,63,UKR,1472
2023,disability.pension,employees,m,61,GEO,126
2023,disability.pension,employees,f,27,UKR,9538
2023,disability.pension,employees,m,56,GEO,284
2023,disability.pension,employees,f,42,RUS,118
2023,disability.pension,employees,m,54,UKR,4603
2023,disability.pension,employees,f,58,UKR,3115
2023,disability.pension,employees,m,49,KAZ,46
2023,disability.pension,employees,m,45,MDA,241
2023,disability.pension,employees,f,53,UKR,5826
2023,disability.pension,employees,m,32,UKR,11722
2023,disability.pension,employees,f,42,BLR,650
2023,disability.pension,employees,f,22,UKR,6103
2023,disability.pension,employees,m,21,UKR,3838
2023,disability.pension,employees,f,24,UKR,7075
2023,disability.pension,employees,m,17,UKR,2054
2023,disability.pension,employees,m,25,UKR,8220
2023,disability.pension,employees,m,23,UKR,5983
2023,disability.pension,employees,m,19,UKR,5445
2023,disability.pension,employees,m,34,UKR,11546
2023,disability.pension,employees,m,43,SVK,31
2023,disability.pension,employees,f,58,BLR,127
2023,disability.pension,employees,f,40,BLR,779
2023,disability.pension,employees,f,53,BLR,301
2023,disability.pension,employees,f,29,UKR,1746
2023,disability.pension,employees,f,51,UKR,1656
2023,disability.pension,employees,f,45,UKR,9529
2023,disability.pension,employees,f,57,BLR,24
2023,disability.pension,employees,m,44,UKR,8
2023,disability.pension,employees,m,63,BLR,140
2023,disability.pension,employees,f,35,BLR,1059
2023,disability.pension,employees,m,51,BLR,1248
2023,disability.pension,employees,m,73,BLR,6
2023,disability.pension,employees,m,57,BLR,564
2023,disability.pension,employees,m,44,RUS,116
2023,disability.pension,employees,m,43,BLR,220
2023,disability.pension,employees,m,28,RUS,174
2023,disability.pension,employees,f,46,PHL,90
2023,disability.pension,employees,m,53,UKR,5366
2023,disability.pension,employees,m,47,UKR,7968
2023,disability.pension,employees,f,56,BLR,195
2023,disability.pension,employees,m,41,ISL,2
2023,disability.pension,employees,m,20,UKR,2981
2023,disability.pension,employees,m,51,BLR,130
2023,disability.pension,employees,m,58,RUS,71
2023,disability.pension,employees,f,40,BLR,18
2023,disability.pension,employees,m,64,GBR,23
2023,disability.pension,employees,f,50,BLR,84
2023,disability.pension,employees,m,56,BLR,625
2023,disability.pension,employees,f,36,LVA,14
2023,disability.pension,employees,f,23,BLR,1167
2023,disability.pension,employees,f,60,UKR,2306
2023,disability.pension,employees,m,33,BLR,350
2023,disability.pension,employees,f,44,BLR,575
2023,disability.pension,employees,f,38,BLR,918
2023,disability.pension,employees,f,28,NPL,54
2023,disability.pension,employees,m,21,NPL,117
2023,disability.pension,employees,m,61,BLR,249
2023,disability.pension,employees,m,23,BLR,1914
2023,disability.pension,employees,m,29,BLR,2980
2023,disability.pension,employees,m,24,BLR,2196
2023,disability.pension,employees,f,28,BLR,1332
2023,disability.pension,employees,m,28,BLR,372
2023,disability.pension,employees,f,31,BLR,1225
2023,disability.pension,employees,f,27,BLR,188
2023,disability.pension,employees,m,73,DEU,16
2023,disability.pension,employees,m,47,GEO,522
2023,disability.pension,employees,m,49,GEO,472
2023,disability.pension,employees,m,20,BLR,662
2023,disability.pension,employees,f,60,RUS,23
2023,disability.pension,employees,m,43,ALB,18
2023,disability.pension,employees,f,31,UKR,8703
2023,disability.pension,employees,m,47,ARM,53
2023,disability.pension,employees,f,23,UKR,6645
2023,disability.pension,employees,m,33,GEO,699
2023,disability.pension,employees,f,32,GEO,140
2023,disability.pension,employees,f,47,BLR,512
2023,disability.pension,employees,f,37,BLR,940
2023,disability.pension,employees,f,24,BLR,1292
2023,disability.pension,employees,m,37,DZA,36
2023,disability.pension,employees,m,39,BLR,48
2023,disability.pension,employees,m,44,UKR,8926
2023,disability.pension,employees,m,66,RUS,13
2023,disability.pension,employees,m,53,LTU,2
2023,disability.pension,employees,f,27,LTU,22
2023,disability.pension,employees,f,18,COG,1
2023,disability.pension,employees,m,65,BLR,65
2023,disability.pension,employees,f,50,ROU,21
2023,disability.pension,employees,m,41,UKR,1428
2023,disability.pension,employees,m,37,UKR,1792
2023,disability.pension,employees,m,29,UKR,2038
2023,disability.pension,employees,m,44,UZB,194
2023,disability.pension,employees,m,22,BLR,1493
2023,disability.pension,employees,m,37,BLR,362
2023,disability.pension,employees,f,47,BLR,94
2023,disability.pension,employees,m,25,BLR,254
2023,disability.pension,employees,m,15,UKR,750
2023,disability.pension,employees,m,14,UKR,144
2023,disability.pension,employees,m,56,UKR,3425
2023,disability.pension,employees,f,17,TJK,1
2023,disability.pension,employees,m,17,RUS,5
2023,disability.pension,employees,f,61,LTU,5
2023,disability.pension,employees,f,39,UKR,2140
2023,disability.pension,employees,m,37,GEO,638
2023,disability.pension,employees,m,53,BLR,12
2023,disability.pension,employees,f,38,RUS,126
2023,disability.pension,employees,f,39,BLR,821
2023,disability.pension,employees,f,63,BLR,58
2023,disability.pension,employees,f,18,UKR,2807
2023,disability.pension,employees,f,20,BLR,653
2023,disability.pension,employees,f,16,UKR,761
2023,disability.pension,employees,m,36,GEO,636
2023,disability.pension,employees,f,51,BLR,396
2023,disability.pension,employees,m,60,BLR,322
2023,disability.pension,employees,m,57,SYR,4
2023,disability.pension,employees,m,69,BLR,16
2023,disability.pension,employees,m,50,BLR,158
2023,disability.pension,employees,f,32,BLR,1102
2023,disability.pension,employees,m,36,BLR,380
2023,disability.pension,employees,f,17,BLR,223
2023,disability.pension,employees,f,17,RUS,5
2023,disability.pension,employees,f,18,RUS,14
2023,disability.pension,employees,f,15,BLR,62
2023,disability.pension,employees,m,47,UKR,1078
2023,disability.pension,employees,m,39,UKR,1524
2023,disability.pension,employees,f,56,UKR,1014
2023,disability.pension,employees,m,44,UKR,1298
2023,disability.pension,employees,f,38,GEO,161
2023,disability.pension,employees,m,38,BLR,362
2023,disability.pension,employees,m,62,LTU,8
2023,disability.pension,employees,f,37,UKR,2270
2023,disability.pension,employees,f,69,UKR,30
2023,disability.pension,employees,m,57,UKR,3034
2023,disability.pension,employees,m,50,UKR,928
2023,disability.pension,employees,m,57,BLR,70
2023,disability.pension,employees,f,50,BLR,442
2023,disability.pension,employees,f,66,UKR,557
2023,disability.pension,employees,m,22,UKR,4677
2023,disability.pension,employees,m,44,ITA,116
2023,disability.pension,employees,m,32,BLR,374
2023,disability.pension,employees,m,43,UZB,217
2023,disability.pension,employees,m,31,LTU,33
2023,disability.pension,employees,m,55,GEO,311
2023,disability.pension,employees,f,58,RUS,10
2023,disability.pension,employees,m,46,BLR,200
2023,disability.pension,employees,m,65,UKR,735
2023,disability.pension,employees,f,15,RUS,6
2023,disability.pension,employees,f,30,BLR,15
2023,disability.pension,employees,f,38,BLR,118
2023,disability.pension,employees,m,45,IND,246
2023,disability.pension,employees,m,31,CUB,18
2023,disability.pension,employees,m,35,BGD,212
2023,disability.pension,employees,m,30,IND,894
2023,disability.pension,employees,m,25,ZWE,51
2023,disability.pension,employees,m,35,COG,3
2023,disability.pension,employees,m,32,EGY,74
2023,disability.pension,employees,m,22,RWA,33
2023,disability.pension,employees,m,58,UKR,2508
2023,disability.pension,employees,m,27,IND,817
2023,disability.pension,employees,m,23,RWA,14
2023,disability.pension,employees,f,29,IND,166
2023,disability.pension,employees,f,22,BLR,948
2023,disability.pension,employees,f,20,UKR,4884
2023,disability.pension,employees,m,24,RUS,89
2023,disability.pension,employees,f,34,ETH,4
2023,disability.pension,employees,m,29,CUB,18
2023,disability.pension,employees,f,69,UKR,258
2023,disability.pension,employees,m,27,SYR,8
2023,disability.pension,employees,m,27,DZA,40
2023,disability.pension,employees,m,23,DZA,23
2023,disability.pension,employees,m,25,DZA,34
2023,disability.pension,employees,m,21,ETH,13
2023,disability.pension,employees,m,19,BDI,1
2023,disability.pension,employees,m,26,TUR,382
2023,disability.pension,employees,m,26,ETH,49
2023,disability.pension,employees,m,28,CUB,6
2023,disability.pension,employees,m,23,TUR,200
2023,disability.pension,employees,f,25,IDN,8
2023,disability.pension,employees,f,18,BLR,401
2023,disability.pension,employees,m,23,RWA,54
2023,disability.pension,employees,m,33,IND,832
2023,disability.pension,employees,m,24,CUB,7
2023,disability.pension,employees,m,27,CUB,7
2023,disability.pension,employees,f,26,CUB,7
2023,disability.pension,employees,f,29,ETH,11
2023,disability.pension,employees,m,19,DZA,2
2023,disability.pension,employees,f,30,CUB,12
2023,disability.pension,employees,m,27,EGY,79
2023,disability.pension,employees,m,22,ETH,2
2023,disability.pension,employees,m,19,EGY,3
2023,disability.pension,employees,m,25,TUR,313
2023,disability.pension,employees,f,54,UKR,1170
2023,disability.pension,employees,m,40,UKR,1674
2023,disability.pension,employees,m,35,GEO,592
2023,disability.pension,employees,m,27,GEO,669
2023,disability.pension,employees,m,38,UZB,259
2023,disability.pension,employees,m,31,UZB,243
2023,disability.pension,employees,m,24,UZB,111
2023,disability.pension,employees,m,22,UZB,103
2023,disability.pension,employees,m,32,UZB,217
2023,disability.pension,employees,m,41,UZB,228
2023,disability.pension,employees,f,55,LTU,10
2023,disability.pension,employees,f,64,BLR,10
2023,disability.pension,employees,f,26,BLR,1383
2023,disability.pension,employees,m,32,ARM,10
2023,disability.pension,employees,m,21,ARM,6
2023,disability.pension,employees,m,27,BLR,364
2023,disability.pension,employees,m,67,JOR,2
2023,disability.pension,employees,m,40,EGY,48
2023,disability.pension,employees,f,27,UKR,1990
2023,disability.pension,employees,f,15,UKR,570
2023,disability.pension,employees,m,53,UKR,720
2023,disability.pension,employees,m,46,ESP,3
2023,disability.pension,employees,f,56,CHN,11
2023,disability.pension,employees,m,16,UKR,1148
2023,disability.pension,employees,m,35,UZB,255
2023,disability.pension,employees,m,47,UZB,148
2023,disability.pension,employees,f,58,UKR,698
2023,disability.pension,employees,f,33,UKR,180
2023,disability.pension,employees,m,45,UKR,1180
2023,disability.pension,employees,m,46,UKR,1150
2023,disability.pension,employees,m,63,RUS,35
2023,disability.pension,employees,m,34,BLR,392
2023,disability.pension,employees,f,48,BLR,490
2023,disability.pension,employees,f,36,BLR,965
2023,disability.pension,employees,m,72,BLR,6
2023,disability.pension,employees,f,38,UKR,2120
2023,disability.pension,employees,m,39,BLR,294
2023,disability.pension,employees,m,44,SVK,28
2023,disability.pension,employees,m,61,UKR,330
2023,disability.pension,employees,f,25,BLR,1372
2023,disability.pension,employees,f,24,UKR,1192
2023,disability.pension,employees,m,39,UKR,6
2023,disability.pension,employees,m,42,UKR,1358
2023,disability.pension,employees,f,36,UKR,1982
2023,disability.pension,employees,f,17,UKR,1022
2023,disability.pension,employees,m,64,UKR,1053
2023,disability.pension,employees,m,67,UKR,366
2023,disability.pension,employees,m,54,RUS,85
2023,disability.pension,employees,m,49,BLR,144
2023,disability.pension,employees,m,48,BLR,198
2023,disability.pension,employees,m,47,RUS,134
2023,disability.pension,employees,m,42,HUN,20
2023,disability.pension,employees,f,48,BLR,84
2023,disability.pension,employees,m,53,BLR,140
2023,disability.pension,employees,m,35,PHL,16
2023,disability.pension,employees,m,52,UKR,774
2023,disability.pension,employees,m,25,MDA,329
2023,disability.pension,employees,m,52,GEO,413
2023,disability.pension,employees,m,53,GEO,381
2023,disability.pension,employees,m,54,BLR,88
2023,disability.pension,employees,f,46,UKR,2142
2023,disability.pension,employees,f,43,UKR,288
2023,disability.pension,employees,f,32,UKR,1668
2023,disability.pension,employees,f,56,RUS,6
2023,disability.pension,employees,f,63,UKR,236
2023,disability.pension,employees,m,30,RUS,167
2023,disability.pension,employees,m,69,BIH,1
2023,disability.pension,employees,f,20,ZWE,30
2023,disability.pension,employees,f,43,ZWE,6
2023,disability.pension,employees,f,34,ZWE,28
2023,disability.pension,employees,m,26,ZWE,76
2023,disability.pension,employees,f,26,ZWE,62
2023,disability.pension,employees,f,54,RUS,68
2023,disability.pension,employees,m,46,GEO,520
2023,disability.pension,employees,m,24,AZE,178
2023,disability.pension,employees,f,26,BLR,180
2023,disability.pension,employees,f,57,BLR,168
2023,disability.pension,employees,m,38,UKR,1606
2023,disability.pension,employees,m,49,LTU,28
2023,disability.pension,employees,m,53,BGR,25
2023,disability.pension,employees,m,48,UKR,1070
2023,disability.pension,employees,f,41,BLR,92
2023,disability.pension,employees,m,18,BLR,338
2023,disability.pension,employees,m,58,SYR,7
2023,disability.pension,employees,m,32,CUB,15
2023,disability.pension,employees,m,18,UKR,998
2023,disability.pension,employees,f,21,BLR,712
2023,disability.pension,employees,f,40,RUS,136
2023,disability.pension,employees,f,56,RUS,66
2023,disability.pension,employees,f,62,BLR,63
2023,disability.pension,employees,m,39,UZB,239
2023,disability.pension,employees,m,49,UZB,136
2023,disability.pension,employees,m,48,UZB,133
2023,disability.pension,employees,m,23,RUS,77
2023,disability.pension,employees,f,55,AZE,3
2023,disability.pension,employees,f,50,UKR,1698
2023,disability.pension,employees,f,31,UKR,222
2023,disability.pension,employees,f,34,UKR,261
2023,disability.pension,employees,f,62,ARM,16
2023,disability.pension,employees,m,41,MDA,285
2023,disability.pension,employees,m,35,MDA,322
2023,disability.pension,employees,m,39,MDA,299
2023,disability.pension,employees,m,30,MDA,346
2023,disability.pension,employees,m,26,MDA,316
2023,disability.pension,employees,m,28,MDA,316
2023,disability.pension,employees,m,62,BLR,32
2023,disability.pension,employees,m,58,IRN,2
2023,disability.pension,employees,f,51,LTU,14
2023,disability.pension,employees,m,57,GBR,43
2023,disability.pension,employees,f,51,RUS,85
2023,disability.pension,employees,m,43,BLR,39
2023,disability.pension,employees,m,70,USA,13
2023,disability.pension,employees,m,49,BRA,9
2023,disability.pension,employees,f,52,LTU,11
2023,disability.pension,employees,m,52,TUR,101
2023,disability.pension,employees,m,32,GEO,705
2023,disability.pension,employees,m,35,PHL,267
2023,disability.pension,employees,m,37,PHL,248
2023,disability.pension,employees,m,41,PHL,336
2023,disability.pension,employees,f,59,MDA,21
2023,disability.pension,employees,f,41,MDA,125
2023,disability.pension,employees,m,39,GEO,611
2023,disability.pension,employees,m,32,AZE,149
2023,disability.pension,employees,f,52,GEO,108
2023,disability.pension,employees,f,33,PHL,216
2023,disability.pension,employees,m,30,PHL,154
2023,disability.pension,employees,m,33,TUN,54
2023,disability.pension,employees,m,27,TKM,12
2023,disability.pension,employees,f,61,UKR,1904
2023,disability.pension,employees,m,40,GEO,585
2023,disability.pension,employees,m,25,GEO,524
2023,disability.pension,employees,f,35,GEO,117
2023,disability.pension,employees,m,44,PHL,291
2023,disability.pension,employees,m,37,PHL,46
2023,disability.pension,employees,m,21,UZB,63
2023,disability.pension,employees,m,37,UZB,252
2023,disability.pension,employees,m,39,PHL,333
2023,disability.pension,employees,m,57,RUS,76
2023,disability.pension,employees,f,41,UKR,2120
2023,disability.pension,employees,f,59,BLR,114
2023,disability.pension,employees,m,24,BLR,244
2023,disability.pension,employees,f,40,BGR,19
2023,disability.pension,employees,m,15,BLR,55
2023,disability.pension,employees,f,25,UKR,1388
2023,disability.pension,employees,f,43,BLR,90
2023,disability.pension,employees,m,42,JPN,13
2023,disability.pension,employees,f,34,IDN,37
2023,disability.pension,employees,f,19,IDN,5
2023,disability.pension,employees,f,43,IDN,29
2023,disability.pension,employees,f,50,IDN,12
2023,disability.pension,employees,m,66,LTU,3
2023,disability.pension,employees,m,53,RUS,104
2023,disability.pension,employees,m,46,RUS,111
2023,disability.pension,employees,m,45,RUS,142
2023,disability.pension,employees,f,79,BLR,3
2023,disability.pension,employees,m,48,NLD,17
2023,disability.pension,employees,m,38,ROU,99
2023,disability.pension,employees,m,44,BLR,268
2023,disability.pension,employees,f,36,RUS,158
2023,disability.pension,employees,f,58,BLR,30
2023,disability.pension,employees,f,31,SVK,17
2023,disability.pension,employees,m,42,MDA,282
2023,disability.pension,employees,m,51,RUS,105
2023,disability.pension,employees,f,51,GEO,96
2023,disability.pension,employees,m,20,UKR,488
2023,disability.pension,employees,m,19,BLR,454
2023,disability.pension,employees,m,36,RUS,224
2023,disability.pension,employees,m,25,UKR,1308
2023,disability.pension,employees,f,39,GEO,156
2023,disability.pension,employees,f,27,BLR,1424
2023,disability.pension,employees,f,45,LTU,20
2023,disability.pension,employees,f,37,UKR,321
2023,disability.pension,employees,m,16,ITA,2
2023,disability.pension,employees,m,15,AZE,1
2023,disability.pension,employees,f,64,ARM,8
2023,disability.pension,employees,m,61,UKR,42
2023,disability.pension,employees,m,63,UKR,212
2023,disability.pension,employees,m,60,LVA,2
2023,disability.pension,employees,m,59,UKR,294
2023,disability.pension,employees,f,62,UKR,1550
2023,disability.pension,employees,m,24,UKR,1098
2023,disability.pension,employees,m,26,BLR,340
2023,disability.pension,employees,m,33,BLR,18
2023,disability.pension,employees,m,37,LTU,38
2023,disability.pension,employees,m,56,BLR,78
2023,disability.pension,employees,m,43,ARM,58
2023,disability.pension,employees,m,56,LTU,17
2023,disability.pension,employees,f,48,UKR,2036
2023,disability.pension,employees,m,37,MDA,328
2023,disability.pension,employees,m,42,RUS,146
2023,disability.pension,employees,m,124,BLR,4
2023,disability.pension,employees,m,26,UKR,2132
2023,disability.pension,employees,f,30,UKR,4
2023,disability.pension,employees,m,32,IND,840
2023,disability.pension,employees,m,54,GEO,360
2023,disability.pension,employees,m,43,GEO,552
2023,disability.pension,employees,m,36,UZB,259
2023,disability.pension,employees,m,35,TKM,111
2023,disability.pension,employees,m,37,TKM,87
2023,disability.pension,employees,m,22,TKM,27
2023,disability.pension,employees,m,48,AZE,37
2023,disability.pension,employees,m,39,UZB,46
2023,disability.pension,employees,m,45,AZE,52
2023,disability.pension,employees,m,52,GEO,82
2023,disability.pension,employees,m,42,GEO,578
2023,disability.pension,employees,m,52,AZE,25
2023,disability.pension,employees,m,37,AZE,84
2023,disability.pension,employees,m,31,GEO,640
2023,disability.pension,employees,m,31,UZB,36
2023,disability.pension,employees,m,45,UZB,26
2023,disability.pension,employees,m,64,BLR,105
2023,disability.pension,employees,f,34,UKR,1896
2023,disability.pension,employees,f,49,BLR,82
2023,disability.pension,employees,m,55,BLR,76
2023,disability.pension,employees,f,39,RUS,20
2023,disability.pension,employees,m,43,UKR,1392
2023,disability.pension,employees,m,45,ITA,88
2023,disability.pension,employees,f,30,ROU,40
2023,disability.pension,employees,m,39,MKD,1
2023,disability.pension,employees,f,23,UKR,1206
2023,disability.pension,employees,f,37,BLR,76
2023,disability.pension,employees,m,25,UKR,141
2023,disability.pension,employees,m,34,IND,781
2023,disability.pension,employees,m,41,DNK,11
2023,disability.pension,employees,m,31,UKR,1968
2023,disability.pension,employees,f,31,UKR,1836
2023,disability.pension,employees,f,47,LTU,18
2023,disability.pension,employees,f,34,ROU,45
2023,disability.pension,employees,m,56,ARM,30
2023,disability.pension,employees,m,39,LTU,34
2023,disability.pension,employees,m,34,UKR,1850
2023,disability.pension,employees,m,42,LTU,3
2023,disability.pension,employees,f,28,UKR,1888
2023,disability.pension,employees,m,40,RUS,199
2023,disability.pension,employees,m,29,TWN,5
2023,disability.pension,employees,m,58,VNM,49
2023,disability.pension,employees,f,37,RUS,156
2023,disability.pension,employees,m,42,RUS,32
2023,disability.pension,employees,m,43,TJK,28
2023,disability.pension,employees,m,25,RUS,113
2023,disability.pension,employees,m,26,GEO,628
2023,disability.pension,employees,f,45,ARM,16
2023,disability.pension,employees,m,48,GEO,547
2023,disability.pension,employees,f,41,GEO,175
2023,disability.pension,employees,m,28,BLR,42
2023,disability.pension,employees,m,23,GEO,450
2023,disability.pension,employees,m,44,GEO,570
2023,disability.pension,employees,m,57,GEO,261
2023,disability.pension,employees,m,35,RUS,247
2023,disability.pension,employees,m,66,UKR,567
2023,disability.pension,employees,f,19,BLR,603
2023,disability.pension,employees,m,30,EGY,80
2023,disability.pension,employees,m,49,EGY,14
2023,disability.pension,employees,m,55,KAZ,24
2023,disability.pension,employees,m,40,KAZ,58
2023,disability.pension,employees,m,39,ARM,69
2023,disability.pension,employees,m,53,ARM,38
2023,disability.pension,employees,m,66,ARM,8
2023,disability.pension,employees,m,24,TUR,269
2023,disability.pension,employees,m,51,TUR,98
2023,disability.pension,employees,m,46,TUR,134
2023,disability.pension,employees,f,35,UKR,1994
2023,disability.pension,employees,m,43,LTU,28
2023,disability.pension,employees,f,34,UKR,7
2023,disability.pension,employees,f,43,UKR,2286
2023,disability.pension,employees,m,36,EGY,53
2023,disability.pension,employees,m,54,ARM,40
2023,disability.pension,employees,f,40,UKR,2210
2023,disability.pension,employees,f,37,LTU,26
2023,disability.pension,employees,f,23,IDN,72
2023,disability.pension,employees,f,27,IDN,57
2023,disability.pension,employees,m,65,GEO,43
2023,disability.pension,employees,m,30,UKR,2018
2023,disability.pension,employees,m,19,GEO,267
2023,disability.pension,employees,m,49,MDA,199
2023,disability.pension,employees,m,39,IND,546
2023,disability.pension,employees,m,48,IND,150
2023,disability.pension,employees,m,37,IND,730
2023,disability.pension,employees,m,38,IND,679
2023,disability.pension,employees,m,65,LTU,3
2023,disability.pension,employees,f,69,LTU,5
2023,disability.pension,employees,m,70,UKR,22
2023,disability.pension,employees,m,38,GRC,28
2023,disability.pension,employees,m,27,UKR,315
2023,disability.pension,employees,m,52,LTU,22
2023,disability.pension,employees,f,62,LTU,7
2023,disability.pension,employees,f,53,BLR,68
2023,disability.pension,employees,f,44,UKR,324
2023,disability.pension,employees,f,39,DEU,3
2023,disability.pension,employees,f,58,RUS,37
2023,disability.pension,employees,f,50,RUS,90
2023,disability.pension,employees,m,30,BLR,274
2023,disability.pension,employees,m,24,BLR,21
2023,disability.pension,employees,m,22,GEO,410
2023,disability.pension,employees,m,30,GEO,580
2023,disability.pension,employees,m,45,ARM,44
2023,disability.pension,employees,m,42,TUR,191
2023,disability.pension,employees,m,42,ARM,54
2023,disability.pension,employees,m,36,UKR,1742
2023,disability.pension,employees,m,52,BLR,144
2023,disability.pension,employees,m,26,BGD,186
2023,disability.pension,employees,m,24,BGD,112
2023,disability.pension,employees,m,28,BGD,215
2023,disability.pension,employees,m,40,PHL,330
2023,disability.pension,employees,m,29,IRQ,17
2023,disability.pension,employees,f,55,UKR,1110
2023,disability.pension,employees,m,45,GBR,50
2023,disability.pension,employees,m,31,GEO,88
2023,disability.pension,employees,m,23,BLR,252
2023,disability.pension,employees,m,34,RUS,227
2023,disability.pension,employees,m,40,LTU,2
2023,disability.pension,employees,m,47,UKR,159
2023,disability.pension,employees,f,25,KAZ,41
2023,disability.pension,employees,f,49,LTU,13
2023,disability.pension,employees,m,47,ITA,97
2023,disability.pension,employees,m,35,DEU,54
2023,disability.pension,employees,m,34,BRA,58
2023,disability.pension,employees,f,31,BLR,162
2023,disability.pension,employees,m,61,RUS,41
2023,disability.pension,employees,m,42,SVK,44
2023,disability.pension,employees,m,30,SVK,27
2023,disability.pension,employees,m,24,GEO,456
2023,disability.pension,employees,f,68,RUS,7
2023,disability.pension,employees,m,44,LTU,22
2023,disability.pension,employees,f,59,BLR,8
2023,disability.pension,employees,f,35,RUS,2
2023,disability.pension,employees,m,30,ARM,59
2023,disability.pension,employees,m,26,MAR,41
2023,disability.pension,employees,m,43,RUS,127
2023,disability.pension,employees,m,68,BLR,26
2023,disability.pension,employees,m,59,BLR,32
2023,disability.pension,employees,m,65,BLR,8
2023,disability.pension,employees,m,42,DNK,3
2023,disability.pension,employees,m,57,LTU,10
2023,disability.pension,employees,f,36,RUS,28
2023,disability.pension,employees,m,25,KAZ,68
2023,disability.pension,employees,f,60,BLR,89
2023,disability.pension,employees,m,28,TKM,166
2023,disability.pension,employees,m,32,PRT,58
2023,disability.pension,employees,m,27,TKM,116
2023,disability.pension,employees,m,22,UKR,816
2023,disability.pension,employees,f,50,MNG,4
2023,disability.pension,employees,m,52,MNG,2
2023,disability.pension,employees,m,33,RUS,236
2023,disability.pension,employees,m,29,LVA,13
2023,disability.pension,employees,m,26,RUS,141
2023,disability.pension,employees,m,48,FRA,33
2023,disability.pension,employees,m,47,VNM,125
2023,disability.pension,employees,m,41,VNM,191
2023,disability.pension,employees,m,26,UZB,121
2023,disability.pension,employees,m,21,RUS,53
2023,disability.pension,employees,f,32,IDN,40
2023,disability.pension,employees,f,26,IDN,63
2023,disability.pension,employees,f,22,IDN,63
2023,disability.pension,employees,f,49,IDN,9
2023,disability.pension,employees,f,48,IDN,13
2023,disability.pension,employees,f,21,IDN,39
2023,disability.pension,employees,f,36,IDN,33
2023,disability.pension,employees,f,69,USA,2
2023,disability.pension,employees,m,55,BGD,3
2023,disability.pension,employees,m,47,BGD,38
2023,disability.pension,employees,m,33,BGD,185
2023,disability.pension,employees,m,39,BGD,183
2023,disability.pension,employees,m,77,RUS,2
2023,disability.pension,employees,m,45,ROU,102
2023,disability.pension,employees,m,33,HRV,16
2023,disability.pension,employees,f,36,LTU,33
2023,disability.pension,employees,m,44,ARM,61
2023,disability.pension,employees,m,27,TUR,417
2023,disability.pension,employees,m,27,RUS,167
2023,disability.pension,employees,m,50,LVA,13
2023,disability.pension,employees,m,29,HRV,13
2023,disability.pension,employees,m,71,LTU,1
2023,disability.pension,employees,m,50,GEO,413
2023,disability.pension,employees,m,33,ESP,100
2023,disability.pension,employees,m,33,MDA,324
2023,disability.pension,employees,m,20,MDA,160
2023,disability.pension,employees,f,42,MDA,113
2023,disability.pension,employees,m,5,BLR,2
2023,disability.pension,employees,m,23,GEO,56
2023,disability.pension,employees,m,31,AUT,6
2023,disability.pension,employees,m,49,UKR,904
2023,disability.pension,employees,f,52,UKR,1478
2023,disability.pension,employees,f,63,UKR,1264
2023,disability.pension,employees,f,70,UKR,183
2023,disability.pension,employees,f,33,UKR,1736
2023,disability.pension,employees,m,70,UKR,111
2023,disability.pension,employees,f,67,UKR,392
2023,disability.pension,employees,f,44,UKR,2102
2023,disability.pension,employees,m,28,GEO,623
2023,disability.pension,employees,m,20,GEO,308
2023,disability.pension,employees,m,41,GEO,551
2023,disability.pension,employees,f,54,MDA,10
2023,disability.pension,employees,f,45,GEO,32
2023,disability.pension,employees,f,34,GEO,105
2023,disability.pension,employees,f,0,UKR,12
2023,disability.pension,employees,f,72,UKR,114
2023,disability.pension,employees,f,38,LTU,25
2023,disability.pension,employees,m,38,RUS,198
2023,disability.pension,employees,m,23,UKR,1032
2023,disability.pension,employees,m,45,LTU,17
2023,disability.pension,employees,m,48,LTU,9
2023,disability.pension,employees,m,26,LTU,18
2023,disability.pension,employees,m,50,PRT,30
2023,disability.pension,employees,m,37,DEU,50
2023,disability.pension,employees,m,40,ROU,102
2023,disability.pension,employees,m,32,ROU,112
2023,disability.pension,employees,m,29,SVK,25
2023,disability.pension,employees,m,26,ROU,98
2023,disability.pension,employees,f,64,UKR,956
2023,disability.pension,employees,m,32,DEU,6
2023,disability.pension,employees,f,34,BEL,3
2023,disability.pension,employees,m,29,IND,856
2023,disability.pension,employees,m,31,NPL,301
2023,disability.pension,employees,m,28,IND,928
2023,disability.pension,employees,m,23,IND,325
2023,disability.pension,employees,m,26,IND,717
2023,disability.pension,employees,m,31,MDA,290
2023,disability.pension,employees,m,51,UKR,820
2023,disability.pension,employees,m,54,UKR,650
2023,disability.pension,employees,f,50,LTU,17
2023,disability.pension,employees,m,45,PHL,246
2023,disability.pension,employees,m,48,PHL,188
2023,disability.pension,employees,m,50,MDA,203
2023,disability.pension,employees,m,37,TKM,6
2023,disability.pension,employees,m,43,PHL,342
2023,disability.pension,employees,m,30,TKM,122
2023,disability.pension,employees,m,29,GEO,569
2023,disability.pension,employees,m,50,AZE,32
2023,disability.pension,employees,m,42,PHL,326
2023,disability.pension,employees,m,36,PHL,280
2023,disability.pension,employees,m,33,TKM,107
2023,disability.pension,employees,m,45,TKM,40
2023,disability.pension,employees,m,36,TKM,101
2023,disability.pension,employees,m,28,PHL,104
2023,disability.pension,employees,m,37,IDN,114
2023,disability.pension,employees,m,39,TKM,74
2023,disability.pension,employees,m,31,TKM,111
2023,disability.pension,employees,m,46,TKM,35
2023,disability.pension,employees,m,45,TKM,3
2023,disability.pension,employees,m,42,TKM,49
2023,disability.pension,employees,m,24,TKM,45
2023,disability.pension,employees,m,36,TKM,12
2023,disability.pension,employees,m,43,TKM,44
2023,disability.pension,employees,m,51,TKM,2
2023,disability.pension,employees,m,26,TKM,145
2023,disability.pension,employees,m,40,TKM,51
2023,disability.pension,employees,m,48,TKM,25
2023,disability.pension,employees,m,29,TKM,132
2023,disability.pension,employees,m,41,TKM,74
2023,disability.pension,employees,m,34,TKM,117
2023,disability.pension,employees,m,29,TKM,10
2023,disability.pension,employees,m,46,UZB,168
2023,disability.pension,employees,m,52,PHL,81
2023,disability.pension,employees,m,28,UZB,171
2023,disability.pension,employees,m,23,NPL,204
2023,disability.pension,employees,m,32,PHL,202
2023,disability.pension,employees,m,32,TKM,10
2023,disability.pension,employees,m,32,TKM,100
2023,disability.pension,employees,m,50,TKM,11
2023,disability.pension,employees,m,32,UZB,42
2023,disability.pension,employees,m,30,UZB,198
2023,disability.pension,employees,m,28,TUR,380
2023,disability.pension,employees,m,25,TKM,115
2023,disability.pension,employees,m,29,TUR,447
2023,disability.pension,employees,m,49,PHL,147
2023,disability.pension,employees,m,32,LTU,36
2023,disability.pension,employees,m,55,LTU,10
2023,disability.pension,employees,f,28,CHN,66
2023,disability.pension,employees,f,32,BLR,126
2023,disability.pension,employees,f,42,ARM,31
2023,disability.pension,employees,m,39,VNM,161
2023,disability.pension,employees,f,22,VNM,81
2023,disability.pension,employees,f,31,VNM,87
2023,disability.pension,employees,m,54,VNM,64
2023,disability.pension,employees,f,54,VNM,43
2023,disability.pension,employees,f,23,RUS,68
2023,disability.pension,employees,m,31,RUS,177
2023,disability.pension,employees,m,29,ESP,71
2023,disability.pension,employees,m,25,IND,560
2023,disability.pension,employees,m,31,CZE,23
2023,disability.pension,employees,m,79,BLR,1
2023,disability.pension,employees,m,50,ITA,84
2023,disability.pension,employees,m,56,MDA,90
2023,disability.pension,employees,m,44,MDA,251
2023,disability.pension,employees,m,40,MDA,288
2023,disability.pension,employees,m,51,MDA,176
2023,disability.pension,employees,m,55,MDA,107
2023,disability.pension,employees,m,41,KAZ,65
2023,disability.pension,employees,m,59,RUS,43
2023,disability.pension,employees,f,30,UKR,1792
2023,disability.pension,employees,m,60,UKR,288
2023,disability.pension,employees,m,75,BLR,2
2023,disability.pension,employees,m,67,BLR,6
2023,disability.pension,employees,f,36,VNM,110
2023,disability.pension,employees,m,29,VNM,168
2023,disability.pension,employees,m,25,USA,24
2023,disability.pension,employees,f,44,RUS,113
2023,disability.pension,employees,m,30,PRT,56
2023,disability.pension,employees,m,32,SVK,30
2023,disability.pension,employees,m,50,SVK,15
2023,disability.pension,employees,f,36,BLR,18
2023,disability.pension,employees,m,66,BLR,40
2023,disability.pension,employees,m,39,BRA,30
2023,disability.pension,employees,m,49,HUN,15
2023,disability.pension,employees,m,56,HUN,9
2023,disability.pension,employees,f,75,HUN,6
2023,disability.pension,employees,m,50,LTU,18
2023,disability.pension,employees,m,44,BLR,5
2023,disability.pension,employees,m,36,ALB,13
2023,disability.pension,employees,m,57,GRC,9
2023,disability.pension,employees,m,40,LTU,24
2023,disability.pension,employees,m,32,ISR,10
2023,disability.pension,employees,f,35,SVK,25
2023,disability.pension,employees,f,53,DEU,11
2023,disability.pension,employees,m,56,BEL,13
2023,disability.pension,employees,f,34,RUS,173
2023,disability.pension,employees,m,30,RUS,22
2023,disability.pension,employees,f,36,BLR,102
2023,disability.pension,employees,f,44,MDA,125
2023,disability.pension,employees,f,29,IRL,3
2023,disability.pension,employees,m,55,EGY,2
2023,disability.pension,employees,m,30,ISR,3
2023,disability.pension,employees,f,25,BLR,162
2023,disability.pension,employees,m,32,UKR,1892
2023,disability.pension,employees,f,21,IND,23
2023,disability.pension,employees,f,41,LVA,3
2023,disability.pension,employees,m,23,ITA,30
2023,disability.pension,employees,m,33,UKR,1782
2023,disability.pension,employees,f,53,LTU,9
2023,disability.pension,employees,m,38,GBR,61
2023,disability.pension,employees,f,37,BLR,18
2023,disability.pension,employees,f,35,RUS,160
2023,disability.pension,employees,f,28,BLR,138
2023,disability.pension,employees,f,39,BLR,116
2023,disability.pension,employees,f,22,RWA,35
2023,disability.pension,employees,f,50,KAZ,20
2023,disability.pension,employees,m,55,ARM,37
2023,disability.pension,employees,m,21,IND,104
2023,disability.pension,employees,m,39,GBR,59
2023,disability.pension,employees,m,31,GBR,42
2023,disability.pension,employees,m,37,RUS,228
2023,disability.pension,employees,m,34,MEX,43
2023,disability.pension,employees,m,26,COL,171
2023,disability.pension,employees,f,30,LVA,11
2023,disability.pension,employees,f,43,LTU,28
2023,disability.pension,employees,f,50,BLR,21
2023,disability.pension,employees,m,32,MDA,289
2023,disability.pension,employees,m,23,LTU,23
2023,disability.pension,employees,m,29,BLR,318
2023,disability.pension,employees,m,28,UKR,12
2023,disability.pension,employees,f,53,CZE,7
2023,disability.pension,employees,m,41,MEX,2
2023,disability.pension,employees,f,44,IDN,24
2023,disability.pension,employees,f,40,IDN,34
2023,disability.pension,employees,m,29,NOR,3
2023,disability.pension,employees,m,20,IND,46
2023,disability.pension,employees,f,21,GEO,49
2023,disability.pension,employees,f,43,UKR,8
2023,disability.pension,employees,m,35,UKR,225
2023,disability.pension,employees,m,35,BLR,392
2023,disability.pension,employees,m,21,MAR,11
2023,disability.pension,employees,f,43,THA,19
2023,disability.pension,employees,m,20,EGY,14
2023,disability.pension,employees,m,39,KAZ,3
2023,disability.pension,employees,f,35,BLR,114
2023,disability.pension,employees,m,28,UKR,2104
2023,disability.pension,employees,m,27,ESP,79
2023,disability.pension,employees,m,36,ESP,106
2023,disability.pension,employees,m,20,RUS,46
2023,disability.pension,employees,m,31,ITA,138
2023,disability.pension,employees,m,21,UKR,692
2023,disability.pension,employees,m,30,AFG,22
2023,disability.pension,employees,m,20,USA,5
2023,disability.pension,employees,f,20,IND,27
2023,disability.pension,employees,f,21,ZWE,56
2023,disability.pension,employees,m,35,AZE,94
2023,disability.pension,employees,f,71,UKR,148
2023,disability.pension,employees,f,53,THA,16
2023,disability.pension,employees,f,45,THA,31
2023,disability.pension,employees,m,35,IND,871
2023,disability.pension,employees,m,1,IND,2
2023,disability.pension,employees,m,46,DEU,53
2023,disability.pension,employees,f,30,BLR,146
2023,disability.pension,employees,m,37,GBR,48
2023,disability.pension,employees,m,60,ARM,27
2023,disability.pension,employees,f,30,UKR,267
2023,disability.pension,employees,f,43,RUS,100
2023,disability.pension,employees,f,33,BLR,106
2023,disability.pension,employees,m,21,CAN,3
2023,disability.pension,employees,f,29,BLR,146
2023,disability.pension,employees,m,22,BLR,194
2023,disability.pension,employees,m,71,DEU,30
2023,disability.pension,employees,m,30,YEM,5
2023,disability.pension,employees,m,32,DEU,49
2023,disability.pension,employees,f,20,RUS,58
2023,disability.pension,employees,m,41,DZA,21
2023,disability.pension,employees,f,41,RUS,116
2023,disability.pension,employees,m,31,TUR,32
2023,disability.pension,employees,m,43,MDA,220
2023,disability.pension,employees,f,56,HUN,7
2023,disability.pension,employees,f,26,LTU,22
2023,disability.pension,employees,f,26,VNM,78
2023,disability.pension,employees,f,42,BLR,86
2023,disability.pension,employees,f,19,IND,27
2023,disability.pension,employees,m,33,NPL,224
2023,disability.pension,employees,m,19,IND,29
2023,disability.pension,employees,m,44,FRA,50
2023,disability.pension,employees,f,21,PAK,4
2023,disability.pension,employees,m,18,IND,11
2023,disability.pension,employees,m,20,SAU,1
2023,disability.pension,employees,m,24,DZA,37
2023,disability.pension,employees,m,40,BEL,13
2023,disability.pension,employees,m,40,BLR,33
2023,disability.pension,employees,m,51,UKR,162
2023,disability.pension,employees,f,39,RUS,166
2023,disability.pension,employees,f,20,NGA,5
2023,disability.pension,employees,f,29,RUS,138
2023,disability.pension,employees,m,22,SVN,1
2023,disability.pension,employees,m,32,IND,90
2023,disability.pension,employees,m,52,DEU,57
2023,disability.pension,employees,f,34,BLR,112
2023,disability.pension,employees,m,20,BLR,84
2023,disability.pension,employees,m,50,EGY,5
2023,disability.pension,employees,f,29,BGD,10
2023,disability.pension,employees,f,71,BLR,11
2023,disability.pension,employees,m,46,HRV,9
2023,disability.pension,employees,m,52,UKR,6
2023,disability.pension,employees,f,22,ZWE,79
2023,disability.pension,employees,m,45,BLR,220
2023,disability.pension,employees,m,27,NLD,14
2023,disability.pension,employees,m,51,BGD,21
2023,disability.pension,employees,m,40,BGD,171
2023,disability.pension,employees,f,33,BGD,5
2023,disability.pension,employees,f,43,BLR,15
2023,disability.pension,employees,f,30,DEU,12
2023,disability.pension,employees,m,28,CAN,4
2023,disability.pension,employees,m,44,LTU,2
2023,disability.pension,employees,m,26,ITA,106
2023,disability.pension,employees,m,36,CHL,9
2023,disability.pension,employees,m,25,ITA,76
2023,disability.pension,employees,m,24,FRA,30
2023,disability.pension,employees,f,48,UKR,294
2023,disability.pension,employees,f,21,ESP,5
2023,disability.pension,employees,m,38,VNM,181
2023,disability.pension,employees,m,58,TUR,46
2023,disability.pension,employees,f,41,UKR,56
2023,disability.pension,employees,m,32,BLR,42
2023,disability.pension,employees,f,27,RUS,149
2023,disability.pension,employees,m,51,LTU,21
2023,disability.pension,employees,m,27,LTU,16
2023,disability.pension,employees,m,22,IND,170
2023,disability.pension,employees,f,27,ESP,23
2023,disability.pension,employees,f,20,ARM,9
2023,disability.pension,employees,f,19,ALB,3
2023,disability.pension,employees,m,24,JOR,9
2023,disability.pension,employees,m,19,ALB,1
2023,disability.pension,employees,m,25,EGY,30
2023,disability.pension,employees,m,21,ALB,5
2023,disability.pension,employees,m,22,DZA,21
2023,disability.pension,employees,f,21,TUN,1
2023,disability.pension,employees,f,22,TUN,3
2023,disability.pension,employees,m,67,BLR,34
2023,disability.pension,employees,f,22,MOZ,10
2023,disability.pension,employees,m,25,RUS,16
2023,disability.pension,employees,m,35,ROU,156
2023,disability.pension,employees,f,24,TUN,7
2023,disability.pension,employees,f,20,ALB,3
2023,disability.pension,employees,f,22,MAR,10
2023,disability.pension,employees,f,21,MDA,108
2023,disability.pension,employees,f,19,USA,2
2023,disability.pension,employees,f,26,EGY,10
2023,disability.pension,employees,f,21,DZA,3
2023,disability.pension,employees,f,22,DZA,3
2023,disability.pension,employees,f,19,MMR,3
2023,disability.pension,employees,m,22,CMR,5
2023,disability.pension,employees,f,24,IND,75
2023,disability.pension,employees,m,28,PAK,56
2023,disability.pension,employees,m,27,PAK,49
2023,disability.pension,employees,f,21,UKR,990
2023,disability.pension,employees,f,20,TZA,2
2023,disability.pension,employees,f,19,TZA,4
2023,disability.pension,employees,f,23,BLR,120
2023,disability.pension,employees,m,38,IRN,20
2023,disability.pension,employees,m,38,TUR,207
2023,disability.pension,employees,f,37,GEO,139
2023,disability.pension,employees,m,73,ITA,10
2023,disability.pension,employees,m,45,SVK,30
2023,disability.pension,employees,m,46,CUB,9
2023,disability.pension,employees,m,40,CZE,18
2023,disability.pension,employees,f,45,GEO,169
2023,disability.pension,employees,m,60,GEO,177
2023,disability.pension,employees,f,14,UKR,178
2023,disability.pension,employees,m,56,SVK,5
2023,disability.pension,employees,m,23,UKR,132
2023,disability.pension,employees,f,65,UKR,801
2023,disability.pension,employees,m,64,ITA,28
2023,disability.pension,employees,f,29,UKR,228
2023,disability.pension,employees,m,42,HRV,12
2023,disability.pension,employees,m,42,ROU,105
2023,disability.pension,employees,m,72,UKR,64
2023,disability.pension,employees,m,33,AZE,111
2023,disability.pension,employees,m,75,USA,4
2023,disability.pension,employees,f,48,CHN,36
2023,disability.pension,employees,m,41,IRQ,4
2023,disability.pension,employees,m,49,BEL,8
2023,disability.pension,employees,m,49,UZB,26
2023,disability.pension,employees,m,60,TUR,26
2023,disability.pension,employees,m,48,TUR,129
2023,disability.pension,employees,m,43,TUR,175
2023,disability.pension,employees,f,45,UKR,2116
2023,disability.pension,employees,m,65,RUS,18
2023,disability.pension,employees,m,67,DEU,38
2023,disability.pension,employees,m,55,CZE,15
2023,disability.pension,employees,m,52,CZE,21
2023,disability.pension,employees,m,57,UKR,414
2023,disability.pension,employees,f,44,BOL,2
2023,disability.pension,employees,f,28,RUS,145
2023,disability.pension,employees,m,31,ROU,94
2023,disability.pension,employees,m,34,GEO,630
2023,disability.pension,employees,f,33,NOR,2
2023,disability.pension,employees,f,34,CZE,14
2023,disability.pension,employees,m,42,ITA,8
2023,disability.pension,employees,m,56,UKR,494
2023,disability.pension,employees,m,48,ARM,51
2023,disability.pension,employees,f,46,ARM,29
2023,disability.pension,employees,f,49,ARM,27
2023,disability.pension,employees,m,29,MEX,23
2023,disability.pension,employees,m,58,UKR,69
2023,disability.pension,employees,f,36,ARM,35
2023,disability.pension,employees,f,41,MDA,10
2023,disability.pension,employees,m,63,NLD,8
2023,disability.pension,employees,f,32,RUS,168
2023,disability.pension,employees,m,54,KAZ,39
2023,disability.pension,employees,m,48,KAZ,43
2023,disability.pension,employees,m,63,TUR,16
2023,disability.pension,employees,m,55,ITA,60
2023,disability.pension,employees,f,43,SVK,21
2023,disability.pension,employees,f,57,CZE,7
2023,disability.pension,employees,m,35,HUN,4
2023,disability.pension,employees,m,43,UKR,165
2023,disability.pension,employees,m,24,CZE,16
2023,disability.pension,employees,f,80,USA,1
2023,disability.pension,employees,m,45,ALB,10
2023,disability.pension,employees,m,56,ITA,53
2023,disability.pension,employees,f,36,THA,3
2023,disability.pension,employees,m,67,ITA,17
2023,disability.pension,employees,m,24,BGR,19
2023,disability.pension,employees,m,18,UKR,180
2023,disability.pension,employees,m,39,ITA,142
2023,disability.pension,employees,m,41,IND,476
2023,disability.pension,employees,m,43,GBR,12
2023,disability.pension,employees,m,62,DEU,57
2023,disability.pension,employees,f,24,RUS,80
2023,disability.pension,employees,f,28,THA,17
2023,disability.pension,employees,m,35,AFG,13
2023,disability.pension,employees,f,61,UKR,390
2023,disability.pension,employees,m,58,UKR,358
2023,disability.pension,employees,m,37,ROU,138
2023,disability.pension,employees,m,50,ARM,44
2023,disability.pension,employees,m,56,GBR,42
2023,disability.pension,employees,m,61,DEU,55
2023,disability.pension,employees,m,39,CZE,24
2023,disability.pension,employees,m,28,CZE,18
2023,disability.pension,employees,m,30,CZE,29
2023,disability.pension,employees,m,49,ESP,28
2023,disability.pension,employees,m,41,CZE,24
2023,disability.pension,employees,m,57,NPL,1
2023,disability.pension,employees,m,49,SVK,18
2023,disability.pension,employees,m,41,FRA,51
2023,disability.pension,employees,f,28,ALB,2
2023,disability.pension,employees,f,57,RUS,51
2023,disability.pension,employees,f,31,IDN,63
2023,disability.pension,employees,m,31,DEU,44
2023,disability.pension,employees,m,76,ITA,4
2023,disability.pension,employees,m,32,MEX,41
2023,disability.pension,employees,m,40,ESP,62
2023,disability.pension,employees,m,37,TUN,32
2023,disability.pension,employees,m,50,FRA,42
2023,disability.pension,employees,m,52,AUT,6
2023,disability.pension,employees,m,38,EGY,12
2023,disability.pension,employees,m,46,GBR,47
2023,disability.pension,employees,m,57,ITA,40
2023,disability.pension,employees,m,46,MDA,243
2023,disability.pension,employees,m,47,USA,26
2023,disability.pension,employees,m,40,TUR,202
2023,disability.pension,employees,m,22,TUR,162
2023,disability.pension,employees,f,33,TUR,38
2023,disability.pension,employees,m,56,NGA,3
2023,disability.pension,employees,m,47,MDA,250
2023,disability.pension,employees,m,48,CAN,6
2023,disability.pension,employees,m,60,ITA,3
2023,disability.pension,employees,m,60,ITA,34
2023,disability.pension,employees,m,69,UKR,162
2023,disability.pension,employees,m,31,TUR,322
2023,disability.pension,employees,f,47,TUR,11
2023,disability.pension,employees,f,26,AZE,56
2023,disability.pension,employees,m,65,MDA,6
2023,disability.pension,employees,f,20,CZE,1
2023,disability.pension,employees,m,36,ARM,60
2023,disability.pension,employees,m,65,AUT,4
2023,disability.pension,employees,m,53,ROU,70
2023,disability.pension,employees,m,41,NGA,4
2023,disability.pension,employees,m,49,DZA,4
2023,disability.pension,employees,m,31,SVK,34
2023,disability.pension,employees,m,54,BGR,24
2023,disability.pension,employees,f,22,UKR,1062
2023,disability.pension,employees,f,44,HUN,5
2023,disability.pension,employees,m,68,UKR,225
2023,disability.pension,employees,m,32,RUS,195
2023,disability.pension,employees,m,58,ITA,12
2023,disability.pension,employees,m,63,CZE,5
2023,disability.pension,employees,f,40,CZE,8
2023,disability.pension,employees,m,52,ITA,71
2023,disability.pension,employees,m,34,MDA,301
2023,disability.pension,employees,m,41,CHN,64
2023,disability.pension,employees,m,40,CHN,81
2023,disability.pension,employees,m,60,DEU,6
2023,disability.pension,employees,m,42,LTU,29
2023,disability.pension,employees,f,36,UKR,258
2023,disability.pension,employees,f,43,ARM,4
2023,disability.pension,employees,f,26,UKR,2104
2023,disability.pension,employees,f,26,MEX,12
2023,disability.pension,employees,m,72,SWE,6
2023,disability.pension,employees,m,56,USA,19
2023,disability.pension,employees,f,46,ESP,9
2023,disability.pension,employees,m,60,LTU,11
2023,disability.pension,employees,f,22,RUS,56
2023,disability.pension,employees,f,46,UKR,339
2023,disability.pension,employees,m,27,NPL,363
2023,disability.pension,employees,m,25,NPL,266
2023,disability.pension,employees,m,34,NPL,205
2023,disability.pension,employees,m,41,NPL,107
2023,disability.pension,employees,m,32,NPL,244
2023,disability.pension,employees,m,24,NPL,211
2023,disability.pension,employees,m,46,NPL,52
2023,disability.pension,employees,m,44,GBR,54
2023,disability.pension,employees,m,37,USA,26
2023,disability.pension,employees,m,75,GBR,8
2023,disability.pension,employees,m,35,ALB,12
2023,disability.pension,employees,m,70,SVK,1
2023,disability.pension,employees,f,58,CZE,5
2023,disability.pension,employees,m,57,ROU,26
2023,disability.pension,employees,m,48,CZE,21
2023,disability.pension,employees,m,34,DEU,40
2023,disability.pension,employees,f,60,HUN,3
2023,disability.pension,employees,m,27,UKR,2194
2023,disability.pension,employees,f,35,MNG,10
2023,disability.pension,employees,m,43,CZE,10
2023,disability.pension,employees,m,54,CZE,10
2023,disability.pension,employees,m,53,ITA,54
2023,disability.pension,employees,m,32,SVK,4
2023,disability.pension,employees,m,41,RUS,168
2023,disability.pension,employees,f,45,CZE,13
2023,disability.pension,employees,f,60,CZE,3
2023,disability.pension,employees,m,62,CZE,4
2023,disability.pension,employees,m,56,IRL,2
2023,disability.pension,employees,f,49,CZE,14
2023,disability.pension,employees,m,36,CZE,10
2023,disability.pension,employees,m,61,ROU,19
2023,disability.pension,employees,m,33,DZA,37
2023,disability.pension,employees,f,65,CZE,4
2023,disability.pension,employees,m,39,USA,26
2023,disability.pension,employees,f,48,UKR,52
2023,disability.pension,employees,m,45,TUR,169
2023,disability.pension,employees,f,30,CZE,21
2023,disability.pension,employees,m,69,AUT,4
2023,disability.pension,employees,m,33,DEU,56
2023,disability.pension,employees,m,49,ITA,14
2023,disability.pension,employees,m,44,DZA,11
2023,disability.pension,employees,m,39,NLD,26
2023,disability.pension,employees,m,44,ESP,49
2023,disability.pension,employees,m,43,ZAF,3
2023,disability.pension,employees,m,23,MDA,259
2023,disability.pension,employees,f,23,GEO,54
2023,disability.pension,employees,m,29,ITA,151
2023,disability.pension,employees,f,24,ARM,16
2023,disability.pension,employees,m,34,TUR,273
2023,disability.pension,employees,m,33,CZE,31
2023,disability.pension,employees,f,31,ARM,23
2023,disability.pension,employees,m,64,BGR,13
2023,disability.pension,employees,f,57,UKR,882
2023,disability.pension,employees,f,39,MDA,121
2023,disability.pension,employees,m,36,MDA,354
2023,disability.pension,employees,f,38,UKR,309
2023,disability.pension,employees,m,32,UKR,4
2023,disability.pension,employees,m,38,MDA,321
2023,disability.pension,employees,m,52,MDA,174
2023,disability.pension,employees,m,41,MDA,38
2023,disability.pension,employees,f,50,UKR,2
2023,disability.pension,employees,f,43,MDA,113
2023,disability.pension,employees,f,49,UKR,300
2023,disability.pension,employees,m,40,GEO,82
2023,disability.pension,employees,f,48,MDA,115
2023,disability.pension,employees,m,53,MDA,149
2023,disability.pension,employees,f,45,MDA,135
2023,disability.pension,employees,f,38,MDA,112
2023,disability.pension,employees,m,22,MDA,26
2023,disability.pension,employees,m,48,GEO,78
2023,disability.pension,employees,m,34,MDA,32
2023,disability.pension,employees,m,29,MDA,330
2023,disability.pension,employees,m,19,MDA,116
2023,disability.pension,employees,m,19,UKR,978
2023,disability.pension,employees,m,48,MNG,3
2023,disability.pension,employees,m,28,MDA,44
2023,disability.pension,employees,m,48,ROU,76
2023,disability.pension,employees,m,44,TKM,10
2023,disability.pension,employees,m,69,USA,10
2023,disability.pension,employees,m,29,BRA,35
2023,disability.pension,employees,m,47,ESP,45
2023,disability.pension,employees,m,52,GBR,53
2023,disability.pension,employees,m,72,DEU,23
2023,disability.pension,employees,f,44,BLR,12
2023,disability.pension,employees,f,43,CHN,50
2023,disability.pension,employees,m,33,EGY,63
2023,disability.pension,employees,m,28,ROU,6
2023,disability.pension,employees,f,19,UKR,710
2023,disability.pension,employees,f,25,CZE,10
2023,disability.pension,employees,m,38,BEL,6
2023,disability.pension,employees,m,40,FRA,70
2023,disability.pension,employees,m,79,ITA,4
2023,disability.pension,employees,m,38,NPL,185
2023,disability.pension,employees,m,52,ARM,52
2023,disability.pension,employees,m,35,IND,9
2023,disability.pension,employees,m,33,BRA,2
2023,disability.pension,employees,m,35,TUR,216
2023,disability.pension,employees,f,22,UKR,138
2023,disability.pension,employees,m,58,FRA,17
2023,disability.pension,employees,m,52,NLD,23
2023,disability.pension,employees,f,41,TKM,9
2023,disability.pension,employees,m,40,HUN,31
2023,disability.pension,employees,m,44,YEM,3
2023,disability.pension,employees,m,42,YEM,2
2023,disability.pension,employees,m,38,SVK,37
2023,disability.pension,employees,m,36,MEX,4
2023,disability.pension,employees,m,73,SVK,2
2023,disability.pension,employees,f,18,UKR,450
2023,disability.pension,employees,f,68,UKR,315
2023,disability.pension,employees,f,39,UKR,330
2023,disability.pension,employees,m,76,DEU,10
2023,disability.pension,employees,m,26,CZE,18
2023,disability.pension,employees,m,29,SVN,6
2023,disability.pension,employees,m,29,CZE,28
2023,disability.pension,employees,m,23,SVN,3
2023,disability.pension,employees,m,36,DZA,24
2023,disability.pension,employees,m,49,ITA,90
2023,disability.pension,employees,m,37,ITA,137
2023,disability.pension,employees,m,21,CZE,6
2023,disability.pension,employees,m,39,SVK,27
2023,disability.pension,employees,m,31,HRV,11
2023,disability.pension,employees,m,32,FRA,90
2023,disability.pension,employees,m,42,ITA,92
2023,disability.pension,employees,f,27,USA,15
2023,disability.pension,employees,m,32,USA,28
2023,disability.pension,employees,m,44,DEU,44
2023,disability.pension,employees,f,26,USA,7
2023,disability.pension,employees,m,32,PAK,55
2023,disability.pension,employees,m,52,UKR,147
2023,disability.pension,employees,f,26,UKR,243
2023,disability.pension,employees,f,39,IRN,14
2023,disability.pension,employees,m,28,IND,182
2023,disability.pension,employees,m,62,UKR,278
2023,disability.pension,employees,f,42,HRV,2
2023,disability.pension,employees,m,69,CAN,1
2023,disability.pension,employees,f,43,GBR,2
2023,disability.pension,employees,m,125,BLR,1
2023,disability.pension,employees,f,40,MDA,125
2023,disability.pension,employees,m,4,UKR,2
2023,disability.pension,employees,m,50,ALB,8
2023,disability.pension,employees,f,23,UKR,129
2023,disability.pension,employees,m,67,FRA,7
2023,disability.pension,employees,m,53,YEM,2
2023,disability.pension,employees,m,39,TUN,2
2023,disability.pension,employees,m,21,USA,3
2023,disability.pension,employees,f,29,LTU,25
2023,disability.pension,employees,m,51,LKA,9
2023,disability.pension,employees,m,66,UKR,104
2023,disability.pension,employees,m,67,UKR,64
2023,disability.pension,employees,m,71,UKR,14
2023,disability.pension,employees,m,55,UKR,90
2023,disability.pension,employees,m,34,UKR,213
2023,disability.pension,employees,m,39,UKR,210
2023,disability.pension,employees,m,32,UKR,56
2023,disability.pension,employees,m,33,UKR,201
2023,disability.pension,employees,m,31,AZE,173
2023,disability.pension,employees,m,43,AZE,53
2023,disability.pension,employees,f,29,AZE,51
2023,disability.pension,employees,m,23,AZE,160
2023,disability.pension,employees,m,39,AZE,69
2023,disability.pension,employees,m,21,AZE,59
2023,disability.pension,employees,f,58,UKR,141
2023,disability.pension,employees,m,68,NLD,2
2023,disability.pension,employees,m,38,AGO,2
2023,disability.pension,employees,m,33,AGO,8
2023,disability.pension,employees,m,30,AGO,10
2023,disability.pension,employees,m,35,AGO,8
2023,disability.pension,employees,m,41,AGO,1
2023,disability.pension,employees,m,27,AGO,9
2023,disability.pension,employees,f,32,BLR,9
2023,disability.pension,employees,m,42,PAK,21
2023,disability.pension,employees,f,54,BLR,52
2023,disability.pension,employees,m,51,UKR,2
2023,disability.pension,employees,f,62,UKR,278
2023,disability.pension,employees,f,36,PHL,235
2023,disability.pension,employees,m,51,AUT,3
2023,disability.pension,employees,m,29,TUR,42
2023,disability.pension,employees,m,38,ITA,12
2023,disability.pension,employees,m,26,USA,23
2023,disability.pension,employees,m,30,TUR,350
2023,disability.pension,employees,m,36,TUR,224
2023,disability.pension,employees,m,35,USA,28
2023,disability.pension,employees,m,25,AUT,5
2023,disability.pension,employees,f,53,UKR,228
2023,disability.pension,employees,m,38,MAR,14
2023,disability.pension,employees,m,53,BEL,9
2023,disability.pension,employees,m,22,BGR,13
2023,disability.pension,employees,m,28,BGR,28
2023,disability.pension,employees,m,40,PRT,49
2023,disability.pension,employees,m,25,BGD,146
2023,disability.pension,employees,m,29,BGD,241
2023,disability.pension,employees,f,29,IDN,66
2023,disability.pension,employees,m,25,IDN,225
2023,disability.pension,employees,m,48,MDA,230
2023,disability.pension,employees,m,46,ALB,19
2023,disability.pension,employees,m,48,GBR,47
2023,disability.pension,employees,m,30,BGD,219
2023,disability.pension,employees,f,32,SVK,21
2023,disability.pension,employees,f,36,CHN,68
2023,disability.pension,employees,f,54,THA,2
2023,disability.pension,employees,m,34,UZB,231
2023,disability.pension,employees,m,29,UZB,177
2023,disability.pension,employees,m,33,UZB,219
2023,disability.pension,employees,m,53,TUR,72
2023,disability.pension,employees,m,40,AZE,61
2023,disability.pension,employees,m,44,AZE,42
2023,disability.pension,employees,m,41,AZE,86
2023,disability.pension,employees,m,34,AZE,119
2023,disability.pension,employees,m,26,LKA,8
2023,disability.pension,employees,f,31,RUS,142
2023,disability.pension,employees,f,40,KAZ,21
2023,disability.pension,employees,f,44,UKR,2
2023,disability.pension,employees,f,33,LTU,26
2023,disability.pension,employees,m,40,KGZ,72
2023,disability.pension,employees,m,35,KGZ,53
2023,disability.pension,employees,m,57,KGZ,6
2023,disability.pension,employees,m,47,KGZ,31
2023,disability.pension,employees,m,78,FRA,3
2023,disability.pension,employees,m,28,MAR,47
2023,disability.pension,employees,m,29,MAR,54
2023,disability.pension,employees,m,25,UZB,105
2023,disability.pension,employees,f,33,GEO,106
2023,disability.pension,employees,f,29,GEO,113
2023,disability.pension,employees,f,38,ARM,23
2023,disability.pension,employees,m,30,GEO,90
2023,disability.pension,employees,m,52,UZB,24
2023,disability.pension,employees,m,38,KAZ,70
2023,disability.pension,employees,m,42,KAZ,68
2023,disability.pension,employees,m,30,KGZ,46
2023,disability.pension,employees,m,46,KGZ,42
2023,disability.pension,employees,m,45,KGZ,52
2023,disability.pension,employees,m,40,UZB,229
2023,disability.pension,employees,m,42,KGZ,53
2023,disability.pension,employees,m,56,MDA,3
2023,disability.pension,employees,m,44,KAZ,50
2023,disability.pension,employees,m,43,KGZ,34
2023,disability.pension,employees,m,38,KGZ,8
2023,disability.pension,employees,m,23,UZB,120
2023,disability.pension,employees,m,37,KGZ,67
2023,disability.pension,employees,m,45,UZB,188
2023,disability.pension,employees,m,48,KAZ,6
2023,disability.pension,employees,m,59,AZE,17
2023,disability.pension,employees,m,48,KGZ,36
2023,disability.pension,employees,m,52,KAZ,37
2023,disability.pension,employees,m,37,KAZ,67
2023,disability.pension,employees,m,62,GEO,102
2023,disability.pension,employees,m,41,KGZ,69
2023,disability.pension,employees,m,31,KGZ,45
2023,disability.pension,employees,f,63,AUT,2
2023,disability.pension,employees,m,56,AZE,17
2023,disability.pension,employees,m,36,GMB,1
2023,disability.pension,employees,m,54,UKR,81
2023,disability.pension,employees,m,64,DEU,50
2023,disability.pension,employees,m,31,DZA,49
2023,disability.pension,employees,m,49,PRT,20
2023,disability.pension,employees,m,37,NPL,182
2023,disability.pension,employees,m,28,NPL,298
2023,disability.pension,employees,m,30,NPL,306
2023,disability.pension,employees,m,40,UZB,5
2023,disability.pension,employees,m,40,DEU,50
2023,disability.pension,employees,f,53,GEO,106
2023,disability.pension,employees,f,47,CZE,15
2023,disability.pension,employees,m,37,IRN,24
2023,disability.pension,employees,m,72,FRA,4
2023,disability.pension,employees,m,53,PSE,2
2023,disability.pension,employees,m,35,ITA,162
2023,disability.pension,employees,f,42,ITA,17
2023,disability.pension,employees,f,68,ARM,7
2023,disability.pension,employees,f,65,ARM,8
2023,disability.pension,employees,f,54,SVK,4
2023,disability.pension,employees,m,66,TZA,1
2023,disability.pension,employees,m,68,DEU,29
2023,disability.pension,employees,m,54,DZA,10
2023,disability.pension,employees,m,56,YEM,4
2023,disability.pension,employees,f,26,CUB,2
2023,disability.pension,employees,m,58,GEO,248
2023,disability.pension,employees,m,31,TUN,33
2023,disability.pension,employees,m,61,BGR,21
2023,disability.pension,employees,m,30,LKA,19
2023,disability.pension,employees,m,28,LKA,2
2023,disability.pension,employees,m,28,LKA,12
2023,disability.pension,employees,m,43,PAK,27
2023,disability.pension,employees,f,40,LTU,19
2023,disability.pension,employees,m,48,VNM,85
2023,disability.pension,employees,m,52,VNM,79
2023,disability.pension,employees,f,50,VNM,52
2023,disability.pension,employees,m,64,AGO,1
2023,disability.pension,employees,f,20,UKR,916
2023,disability.pension,employees,m,30,MMR,2
2023,disability.pension,employees,f,29,JPN,7
2023,disability.pension,employees,m,52,JOR,4
2023,disability.pension,employees,m,59,GEO,213
2023,disability.pension,employees,m,49,UKR,123
2023,disability.pension,employees,f,34,GEO,20
2023,disability.pension,employees,f,39,UKR,2
2023,disability.pension,employees,m,37,SVK,19
2023,disability.pension,employees,m,38,TUN,41
2023,disability.pension,employees,m,49,MDA,18
2023,disability.pension,employees,f,60,BGR,8
2023,disability.pension,employees,f,26,MDA,107
2023,disability.pension,employees,m,64,MLI,1
2023,disability.pension,employees,f,31,NPL,55
2023,disability.pension,employees,m,29,PRT,38
2023,disability.pension,employees,f,40,KAZ,4
2023,disability.pension,employees,f,41,DEU,24
2023,disability.pension,employees,m,61,LTU,7
2023,disability.pension,employees,m,72,BGR,3
2023,disability.pension,employees,f,61,ARM,15
2023,disability.pension,employees,f,45,RUS,105
2023,disability.pension,employees,m,42,BGR,42
2023,disability.pension,employees,m,53,UKR,99
2023,disability.pension,employees,m,49,ARM,45
2023,disability.pension,employees,f,59,USA,2
2023,disability.pension,employees,m,23,ARM,19
2023,disability.pension,employees,m,51,ARM,36
2023,disability.pension,employees,m,29,KGZ,50
2023,disability.pension,employees,m,55,UKR,564
2023,disability.pension,employees,m,48,AUS,2
2023,disability.pension,employees,m,51,HUN,16
2023,disability.pension,employees,m,36,ESP,2
2023,disability.pension,employees,m,29,USA,4
2023,disability.pension,employees,f,27,COL,90
2023,disability.pension,employees,m,61,GBR,41
2023,disability.pension,employees,m,59,NLD,22
2023,disability.pension,employees,f,64,UKR,174
2023,disability.pension,employees,m,61,ARM,16
2023,disability.pension,employees,f,52,ARM,21
2023,disability.pension,employees,m,49,ARM,8
2023,disability.pension,employees,m,54,MDA,107
2023,disability.pension,employees,m,55,VEN,3
2023,disability.pension,employees,m,64,ARM,10
2023,disability.pension,employees,m,63,GEO,79
2023,disability.pension,employees,m,41,MAR,14
2023,disability.pension,employees,f,35,ARM,6
2023,disability.pension,employees,f,29,ARM,4
2023,disability.pension,employees,m,55,SWE,5
2023,disability.pension,employees,f,18,THA,3
2023,disability.pension,employees,m,36,LTU,26
2023,disability.pension,employees,m,31,ARM,76
2023,disability.pension,employees,f,46,GEO,172
2023,disability.pension,employees,m,65,IRQ,1
2023,disability.pension,employees,m,66,MAR,1
2023,disability.pension,employees,m,47,DZA,11
2023,disability.pension,employees,m,44,DZA,2
2023,disability.pension,employees,m,29,TUN,29
2023,disability.pension,employees,m,43,DZA,15
2023,disability.pension,employees,m,37,EGY,8
2023,disability.pension,employees,m,44,EGY,35
2023,disability.pension,employees,m,34,DZA,34
2023,disability.pension,employees,m,56,DZA,3
2023,disability.pension,employees,m,46,DZA,6
2023,disability.pension,employees,m,31,DZA,8
2023,disability.pension,employees,m,34,DZA,4
2023,disability.pension,employees,m,52,EGY,4
2023,disability.pension,employees,m,30,MAR,48
2023,disability.pension,employees,m,35,EGY,12
2023,disability.pension,employees,m,40,DZA,22
2023,disability.pension,employees,m,41,ARM,51
2023,disability.pension,employees,f,70,UKR,20
2023,disability.pension,employees,f,34,LTU,30
2023,disability.pension,employees,m,18,GEO,145
2023,disability.pension,employees,f,56,GEO,20
2023,disability.pension,employees,m,40,UKR,2
2023,disability.pension,employees,m,21,GEO,344
2023,disability.pension,employees,f,44,GEO,175
2023,disability.pension,employees,f,49,GEO,129
2023,disability.pension,employees,m,32,TUR,307
2023,disability.pension,employees,m,45,BGR,29
2023,disability.pension,employees,m,62,VNM,25
2023,disability.pension,employees,m,46,ARM,52
2023,disability.pension,employees,m,25,VNM,4
2023,disability.pension,employees,m,32,IRN,24
2023,disability.pension,employees,m,20,VNM,73
2023,disability.pension,employees,f,47,GEO,161
2023,disability.pension,employees,m,40,BGR,39
2023,disability.pension,employees,f,55,CZE,11
2023,disability.pension,employees,m,65,NGA,3
2023,disability.pension,employees,f,37,VNM,88
2023,disability.pension,employees,f,43,VNM,71
2023,disability.pension,employees,m,46,VNM,99
2023,disability.pension,employees,m,39,ALB,15
2023,disability.pension,employees,m,54,FRA,25
2023,disability.pension,employees,m,40,SVK,26
2023,disability.pension,employees,m,44,SYR,7
2023,disability.pension,employees,m,21,ARM,11
2023,disability.pension,employees,m,28,EGY,57
2023,disability.pension,employees,f,48,ARM,20
2023,disability.pension,employees,m,74,FRA,5
2023,disability.pension,employees,f,26,ZAF,4
2023,disability.pension,employees,f,28,BLR,27
2023,disability.pension,employees,m,24,KGZ,36
2023,disability.pension,employees,m,28,KGZ,40
2023,disability.pension,employees,m,34,AZE,12
2023,disability.pension,employees,m,52,CHN,37
2023,disability.pension,employees,m,42,CZE,35
2023,disability.pension,employees,m,38,ARM,61
2023,disability.pension,employees,m,32,ARM,51
2023,disability.pension,employees,m,25,ARM,30
2023,disability.pension,employees,m,46,UZB,6
2023,disability.pension,employees,m,34,ARM,62
2023,disability.pension,employees,m,27,ARM,32
2023,disability.pension,employees,m,33,TUR,292
2023,disability.pension,employees,m,56,TUR,45
2023,disability.pension,employees,m,58,BGR,13
2023,disability.pension,employees,f,52,BGR,7
2023,disability.pension,employees,m,42,BRA,26
2023,disability.pension,employees,f,26,RUS,117
2023,disability.pension,employees,f,48,FRA,10
2023,disability.pension,employees,f,30,RUS,142
2023,disability.pension,employees,f,75,UKR,54
2023,disability.pension,employees,m,44,GEO,94
2023,disability.pension,employees,m,55,GEO,6
2023,disability.pension,employees,m,40,TUR,10
2023,disability.pension,employees,m,57,EGY,5
2023,disability.pension,employees,m,24,EGY,15
2023,disability.pension,employees,m,21,MDA,210
2023,disability.pension,employees,f,47,VNM,67
2023,disability.pension,employees,m,50,VNM,87
2023,disability.pension,employees,m,26,VNM,146
2023,disability.pension,employees,m,45,ESP,46
2023,disability.pension,employees,m,57,FRA,6
2023,disability.pension,employees,m,43,ZWE,8
2023,disability.pension,employees,m,30,ROU,95
2023,disability.pension,employees,m,52,ROU,96
2023,disability.pension,employees,m,34,ROU,126
2023,disability.pension,employees,m,43,ROU,88
2023,disability.pension,employees,f,46,MDA,127
2023,disability.pension,employees,f,23,MDA,107
2023,disability.pension,employees,m,49,ALB,7
2023,disability.pension,employees,m,25,GEO,72
2023,disability.pension,employees,m,38,NER,3
2023,disability.pension,employees,f,20,KAZ,34
2023,disability.pension,employees,m,44,COL,70
2023,disability.pension,employees,m,34,VNM,169
2023,disability.pension,employees,f,32,SWE,4
2023,disability.pension,employees,m,26,NPL,322
2023,disability.pension,employees,m,39,DNK,2
2023,disability.pension,employees,f,33,VNM,86
2023,disability.pension,employees,f,41,UKR,369
2023,disability.pension,employees,f,19,KOR,1
2023,disability.pension,employees,m,36,IND,4
2023,disability.pension,employees,m,24,IND,415
2023,disability.pension,employees,m,40,UKR,195
2023,disability.pension,employees,m,41,UKR,192
2023,disability.pension,employees,m,29,RUS,172
2023,disability.pension,employees,f,54,GBR,4
2023,disability.pension,employees,m,67,BGR,6
2023,disability.pension,employees,m,49,GRC,7
2023,disability.pension,employees,m,32,UKR,279
2023,disability.pension,employees,m,60,GEO,30
2023,disability.pension,employees,m,57,GEO,48
2023,disability.pension,employees,f,22,MDA,88
2023,disability.pension,employees,f,24,MDA,122
2023,disability.pension,employees,m,27,IND,180
2023,disability.pension,employees,m,37,IND,112
2023,disability.pension,employees,m,56,UKR,90
2023,disability.pension,employees,m,45,GEO,96
2023,disability.pension,employees,m,50,UKR,141
2023,disability.pension,employees,m,34,UZB,32
2023,disability.pension,employees,m,44,PHL,56
2023,disability.pension,employees,f,47,UKR,36
2023,disability.pension,employees,m,27,GEO,80
2023,disability.pension,employees,m,25,IRQ,11
2023,disability.pension,employees,m,36,IND,716
2023,disability.pension,employees,m,33,IDN,144
2023,disability.pension,employees,m,41,IDN,131
2023,disability.pension,employees,m,42,BGD,97
2023,disability.pension,employees,f,59,ARM,17
2023,disability.pension,employees,f,74,UKR,72
2023,disability.pension,employees,f,65,UKR,106
2023,disability.pension,employees,m,56,UZB,33
2023,disability.pension,employees,m,34,BGR,33
2023,disability.pension,employees,f,33,BGR,18
2023,disability.pension,employees,m,31,LVA,20
2023,disability.pension,employees,f,50,USA,6
2023,disability.pension,employees,m,39,UKR,2
2023,disability.pension,employees,m,56,MDA,14
2023,disability.pension,employees,m,33,ARG,27
2023,disability.pension,employees,m,63,NLD,12
2023,disability.pension,employees,m,43,ITA,100
2023,disability.pension,employees,m,74,TUR,1
2023,disability.pension,employees,f,57,USA,4
2023,disability.pension,employees,m,38,CZE,22
2023,disability.pension,employees,m,35,EGY,84
2023,disability.pension,employees,m,44,JOR,7
2023,disability.pension,employees,m,45,VNM,108
2023,disability.pension,employees,m,36,VNM,184
2023,disability.pension,employees,m,32,VNM,173
2023,disability.pension,employees,m,33,PRT,52
2023,disability.pension,employees,f,58,BGR,18
2023,disability.pension,employees,m,35,VNM,168
2023,disability.pension,employees,m,35,NGA,46
2023,disability.pension,employees,m,46,VNM,10
2023,disability.pension,employees,m,37,TUN,10
2023,disability.pension,employees,m,40,VNM,175
2023,disability.pension,employees,f,66,CHN,7
2023,disability.pension,employees,m,36,BGR,33
2023,disability.pension,employees,m,29,ZWE,58
2023,disability.pension,employees,m,29,UKR,282
2023,disability.pension,employees,f,20,NPL,15
2023,disability.pension,employees,m,51,ARM,4
2023,disability.pension,employees,f,23,ARM,2
2023,disability.pension,employees,m,38,DZA,30
2023,disability.pension,employees,m,45,UKR,180
2023,disability.pension,employees,m,29,ALB,21
2023,disability.pension,employees,m,68,BGR,3
2023,disability.pension,employees,m,37,ARM,51
2023,disability.pension,employees,m,37,NGA,48
2023,disability.pension,employees,m,51,AZE,29
2023,disability.pension,employees,m,33,AZE,14
2023,disability.pension,employees,m,28,AZE,201
2023,disability.pension,employees,m,42,AZE,61
2023,disability.pension,employees,m,30,AZE,147
2023,disability.pension,employees,f,51,MDA,105
2023,disability.pension,employees,f,50,AZE,2
2023,disability.pension,employees,m,47,MAR,2
2023,disability.pension,employees,m,35,MAR,26
2023,disability.pension,employees,m,50,GBR,49
2023,disability.pension,employees,f,47,ARM,21
2023,disability.pension,employees,m,32,GBR,38
2023,disability.pension,employees,f,50,ISR,1
2023,disability.pension,employees,m,35,ARM,51
2023,disability.pension,employees,f,34,ARM,20
2023,disability.pension,employees,m,31,CMR,16
2023,disability.pension,employees,m,42,LVA,18
2023,disability.pension,employees,m,39,AFG,6
2023,disability.pension,employees,m,58,MDA,64
2023,disability.pension,employees,f,34,SVK,21
2023,disability.pension,employees,m,40,VNM,6
2023,disability.pension,employees,f,35,VNM,89
2023,disability.pension,employees,f,25,ZWE,18
2023,disability.pension,employees,f,25,IND,92
2023,disability.pension,employees,m,71,UKR,92
2023,disability.pension,employees,m,31,BGD,226
2023,disability.pension,employees,m,42,DEU,41
2023,disability.pension,employees,m,26,EGY,53
2023,disability.pension,employees,m,45,CYP,4
2023,disability.pension,employees,f,27,KEN,28
2023,disability.pension,employees,f,33,ZWE,30
2023,disability.pension,employees,m,50,ROU,62
2023,disability.pension,employees,m,49,GBR,49
2023,disability.pension,employees,m,43,HUN,2
2023,disability.pension,employees,m,36,BGD,144
2023,disability.pension,employees,m,62,IRL,3
2023,disability.pension,employees,f,25,THA,5
2023,disability.pension,employees,f,27,THA,12
2023,disability.pension,employees,f,41,THA,23
2023,disability.pension,employees,f,35,DEU,2
2023,disability.pension,employees,m,29,KAZ,60
2023,disability.pension,employees,m,38,TKM,83
2023,disability.pension,employees,m,25,RWA,42
2023,disability.pension,employees,f,24,RWA,29
2023,disability.pension,employees,f,21,RWA,23
2023,disability.pension,employees,m,44,DNK,4
2023,disability.pension,employees,m,26,ZWE,26
2023,disability.pension,employees,m,44,KGZ,59
2023,disability.pension,employees,f,25,CMR,4
2023,disability.pension,employees,m,52,TUN,2
2023,disability.pension,employees,f,22,IND,38
2023,disability.pension,employees,m,55,BLR,12
2023,disability.pension,employees,m,28,TUN,23
2023,disability.pension,employees,f,23,ZWE,77
2023,disability.pension,employees,m,57,DZA,3
2023,disability.pension,employees,m,25,NER,5
2023,disability.pension,employees,m,19,ROU,38
2023,disability.pension,employees,m,42,PRT,39
2023,disability.pension,employees,f,27,RWA,26
2023,disability.pension,employees,m,55,RUS,85
2023,disability.pension,employees,m,27,NER,9
2023,disability.pension,employees,m,58,FRA,4
2023,disability.pension,employees,m,24,LVA,10
2023,disability.pension,employees,f,23,RWA,38
2023,disability.pension,employees,f,23,IND,55
2023,disability.pension,employees,m,22,LKA,3
2023,disability.pension,employees,f,22,IRN,2
2023,disability.pension,employees,f,31,RUS,16
2023,disability.pension,employees,f,23,NGA,14
2023,disability.pension,employees,m,35,ARG,33
2023,disability.pension,employees,f,27,JPN,8
2023,disability.pension,employees,m,28,NGA,73
2023,disability.pension,employees,m,32,NGA,68
2023,disability.pension,employees,m,42,IND,412
2023,disability.pension,employees,m,35,NPL,206
2023,disability.pension,employees,m,42,NPL,10
2023,disability.pension,employees,m,36,NPL,176
2023,disability.pension,employees,m,39,NPL,155
2023,disability.pension,employees,m,29,IDN,227
2023,disability.pension,employees,m,45,IDN,70
2023,disability.pension,employees,f,38,NGA,6
2023,disability.pension,employees,f,39,ZWE,23
2023,disability.pension,employees,m,22,PHL,7
2023,disability.pension,employees,f,20,LTU,2
2023,disability.pension,employees,f,24,ZMB,5
2023,disability.pension,employees,f,50,THA,33
2023,disability.pension,employees,f,21,RUS,63
2023,disability.pension,employees,m,38,GEO,583
2023,disability.pension,employees,m,29,MDA,46
2023,disability.pension,employees,m,22,RUS,69
2023,disability.pension,employees,m,38,CHN,74
2023,disability.pension,employees,f,34,FRA,17
2023,disability.pension,employees,f,52,PAK,2
2023,disability.pension,employees,f,26,BDI,4
2023,disability.pension,employees,m,30,ZWE,6
2023,disability.pension,employees,f,24,UKR,144
2023,disability.pension,employees,f,40,LVA,6
2023,disability.pension,employees,m,31,NGA,83
2023,disability.pension,employees,f,22,KAZ,45
2023,disability.pension,employees,m,36,NGA,53
2023,disability.pension,employees,f,24,ZWE,73
2023,disability.pension,employees,f,26,NGA,31
2023,disability.pension,employees,f,19,BLR,46
2023,disability.pension,employees,f,31,MEX,17
2023,disability.pension,employees,f,44,BRA,6
2023,disability.pension,employees,m,45,NLD,24
2023,disability.pension,employees,m,28,IRN,12
2023,disability.pension,employees,f,41,USA,13
2023,disability.pension,employees,m,24,IRN,12
2023,disability.pension,employees,f,53,PHL,14
2023,disability.pension,employees,f,25,ZWE,62
2023,disability.pension,employees,m,22,ZWE,50
2023,disability.pension,employees,m,52,MKD,3
2023,disability.pension,employees,f,41,ZWE,22
2023,disability.pension,employees,m,23,ISR,1
2023,disability.pension,employees,f,21,ARM,4
2023,disability.pension,employees,m,23,NGA,14
2023,disability.pension,employees,m,24,ZAF,6
2023,disability.pension,employees,m,30,SVN,4
2023,disability.pension,employees,m,41,NGA,20
2023,disability.pension,employees,f,41,PHL,207
2023,disability.pension,employees,m,31,IND,901
2023,disability.pension,employees,f,30,PHL,24
2023,disability.pension,employees,f,19,TJK,3
2023,disability.pension,employees,f,35,UKR,246
2023,disability.pension,employees,m,28,VNM,8
2023,disability.pension,employees,f,21,KAZ,63
2023,disability.pension,employees,m,36,TUN,42
2023,disability.pension,employees,m,21,ZWE,37
2023,disability.pension,employees,f,19,NER,1
2023,disability.pension,employees,f,32,ZWE,38
2023,disability.pension,employees,m,30,KAZ,80
2023,disability.pension,employees,m,27,KAZ,71
2023,disability.pension,employees,m,44,UKR,28
2023,disability.pension,employees,m,29,NGA,92
2023,disability.pension,employees,f,27,UKR,234
2023,disability.pension,employees,f,36,DEU,2
2023,disability.pension,employees,m,35,MDG,1
2023,disability.pension,employees,m,40,MDG,1
2023,disability.pension,employees,m,22,RWA,8
2023,disability.pension,employees,m,20,RWA,3
2023,disability.pension,employees,m,25,NLD,8
2023,disability.pension,employees,f,31,PRT,13
2023,disability.pension,employees,f,17,BLR,2
2023,disability.pension,employees,f,67,UKR,74
2023,disability.pension,employees,m,33,NGA,49
2023,disability.pension,employees,m,22,GBR,6
2023,disability.pension,employees,f,23,IRN,9
2023,disability.pension,employees,f,18,KAZ,29
2023,disability.pension,employees,m,19,RUS,36
2023,disability.pension,employees,f,20,TUR,12
2023,disability.pension,employees,m,38,USA,2
2023,disability.pension,employees,m,18,CHN,2
2023,disability.pension,employees,m,16,CHN,1
2023,disability.pension,employees,f,24,UGA,3
2023,disability.pension,employees,m,19,CHN,1
2023,disability.pension,employees,m,20,ZWE,18
2023,disability.pension,employees,m,27,RWA,40
2023,disability.pension,employees,m,32,RUS,10
2023,disability.pension,employees,m,59,DEU,56
2023,disability.pension,employees,m,38,BGD,206
2023,disability.pension,employees,m,59,RUS,5
2023,disability.pension,employees,m,37,GBR,4
2023,disability.pension,employees,m,34,ESP,3
2023,disability.pension,employees,f,28,CUB,2
2023,disability.pension,employees,m,35,GBR,47
2023,disability.pension,employees,f,28,ZWE,10
2023,disability.pension,employees,f,49,UKR,28
2023,disability.pension,employees,m,61,VNM,44
2023,disability.pension,employees,m,31,HUN,29
2023,disability.pension,employees,f,50,GEO,106
2023,disability.pension,employees,m,54,DEU,60
2023,disability.pension,employees,m,75,ARM,2
2023,disability.pension,employees,f,69,CZE,4
2023,disability.pension,employees,m,54,GRC,2
2023,disability.pension,employees,f,56,GBR,2
2023,disability.pension,employees,m,53,CHL,2
2023,disability.pension,employees,f,54,ITA,2
2023,disability.pension,employees,f,37,JPN,4
2023,disability.pension,employees,f,37,IND,105
2023,disability.pension,employees,f,29,ALB,3
2023,disability.pension,employees,m,39,GBR,10
2023,disability.pension,employees,f,25,CAF,1
2023,disability.pension,employees,f,34,IND,106
2023,disability.pension,employees,f,48,KOR,2
2023,disability.pension,employees,f,55,UKR,171
2023,disability.pension,employees,m,54,GRC,7
2023,disability.pension,employees,m,57,BIH,1
2023,disability.pension,employees,m,35,NER,8
2023,disability.pension,employees,f,38,AZE,6
2023,disability.pension,employees,f,36,KAZ,31
2023,disability.pension,employees,m,38,NGA,42
2023,disability.pension,employees,m,51,DEU,42
2023,disability.pension,employees,m,27,DEU,35
2023,disability.pension,employees,m,30,TUN,35
2023,disability.pension,employees,m,63,GBR,28
2023,disability.pension,employees,f,46,THA,31
2023,disability.pension,employees,f,55,THA,13
2023,disability.pension,employees,f,37,THA,14
2023,disability.pension,employees,f,47,THA,25
2023,disability.pension,employees,m,43,IND,402
2023,disability.pension,employees,f,34,ITA,3
2023,disability.pension,employees,f,23,KGZ,21
2023,disability.pension,employees,f,34,KEN,2
2023,disability.pension,employees,f,34,ZAF,4
2023,disability.pension,employees,f,30,NPL,14
2023,disability.pension,employees,f,28,IDN,77
2023,disability.pension,employees,f,38,CZE,2
2023,disability.pension,employees,m,64,NGA,3
2023,disability.pension,employees,f,57,VNM,29
2023,disability.pension,employees,m,46,EGY,19
2023,disability.pension,employees,m,41,TUR,198
2023,disability.pension,employees,m,37,VNM,175
2023,disability.pension,employees,m,52,BGR,31
2023,disability.pension,employees,m,49,BGR,35
2023,disability.pension,employees,f,54,BGR,9
2023,disability.pension,employees,f,30,BGR,22
2023,disability.pension,employees,m,24,VNM,134
2023,disability.pension,employees,m,64,VNM,26
2023,disability.pension,employees,f,46,VNM,60
2023,disability.pension,employees,f,20,VNM,49
2023,disability.pension,employees,m,27,VNM,156
2023,disability.pension,employees,m,52,MDA,16
2023,disability.pension,employees,f,44,BLR,118
2023,disability.pension,employees,f,64,ROU,7
2023,disability.pension,employees,m,56,DEU,12
2023,disability.pension,employees,m,49,VNM,85
2023,disability.pension,employees,m,50,CAN,5
2023,disability.pension,employees,m,42,TUN,20
2023,disability.pension,employees,f,56,CZE,6
2023,disability.pension,employees,m,62,USA,13
2023,disability.pension,employees,m,37,TUR,248
2023,disability.pension,employees,m,28,VNM,182
2023,disability.pension,employees,m,54,TUR,65
2023,disability.pension,employees,m,34,ALB,15
2023,disability.pension,employees,m,32,MNG,12
2023,disability.pension,employees,f,54,ARM,21
2023,disability.pension,employees,m,23,MAR,32
2023,disability.pension,employees,m,27,IRQ,24
2023,disability.pension,employees,m,37,SYR,15
2023,disability.pension,employees,f,60,PHL,1
2023,disability.pension,employees,f,33,ARM,28
2023,disability.pension,employees,m,33,ARM,64
2023,disability.pension,employees,m,70,DEU,18
2023,disability.pension,employees,m,58,GRC,6
2023,disability.pension,employees,f,51,IDN,6
2023,disability.pension,employees,f,24,IDN,69
2023,disability.pension,employees,f,72,DEU,5
2023,disability.pension,employees,m,66,DEU,38
2023,disability.pension,employees,f,64,ESP,2
2023,disability.pension,employees,m,35,ESP,16
2023,disability.pension,employees,m,38,MEX,4
2023,disability.pension,employees,m,36,MEX,4
2023,disability.pension,employees,f,30,ECU,2
2023,disability.pension,employees,f,26,ITA,30
2023,disability.pension,employees,f,31,KAZ,43
2023,disability.pension,employees,m,34,ESP,104
2023,disability.pension,employees,f,29,MEX,2
2023,disability.pension,employees,f,21,MEX,3
2023,disability.pension,employees,m,54,ITA,65
2023,disability.pension,employees,m,63,USA,9
2023,disability.pension,employees,m,41,VEN,11
2023,disability.pension,employees,f,45,AUT,5
2023,disability.pension,employees,f,29,UKR,12
2023,disability.pension,employees,m,66,GBR,2
2023,disability.pension,employees,f,17,ITA,2
2023,disability.pension,employees,m,42,TUN,4
2023,disability.pension,employees,m,47,MAR,4
2023,disability.pension,employees,m,33,MAR,10
2023,disability.pension,employees,m,33,MAR,40
2023,disability.pension,employees,m,34,TUN,45
2023,disability.pension,employees,m,40,TUN,27
2023,disability.pension,employees,m,44,MAR,5
2023,disability.pension,employees,m,39,EGY,54
2023,disability.pension,employees,m,60,EGY,5
2023,disability.pension,employees,m,47,BGD,8
2023,disability.pension,employees,f,59,UKR,566
2023,disability.pension,employees,m,42,NPL,104
2023,disability.pension,employees,m,46,IND,220
2023,disability.pension,employees,m,53,GBR,42
2023,disability.pension,employees,m,46,PHL,250
2023,disability.pension,employees,f,45,PHL,126
2023,disability.pension,employees,f,37,PHL,216
2023,disability.pension,employees,m,41,DEU,56
2023,disability.pension,employees,m,49,DEU,39
2023,disability.pension,employees,m,43,GRC,24
2023,disability.pension,employees,f,50,CHN,31
2023,disability.pension,employees,f,35,IDN,32
2023,disability.pension,employees,f,38,IDN,35
2023,disability.pension,employees,f,43,MMR,1
2023,disability.pension,employees,f,37,CHN,49
2023,disability.pension,employees,m,38,JPN,16
2023,disability.pension,employees,f,45,JPN,8
2023,disability.pension,employees,m,35,KOR,16
2023,disability.pension,employees,f,41,JPN,4
2023,disability.pension,employees,m,36,JPN,6
2023,disability.pension,employees,f,63,RUS,22
2023,disability.pension,employees,f,29,VNM,87
2023,disability.pension,employees,m,40,NPL,141
2023,disability.pension,employees,m,44,IND,286
2023,disability.pension,employees,m,53,NGA,5
2023,disability.pension,employees,m,40,IND,530
2023,disability.pension,employees,m,30,IND,122
2023,disability.pension,employees,f,22,NGA,2
2023,disability.pension,employees,m,51,KOR,25
2023,disability.pension,employees,f,58,VNM,24
2023,disability.pension,employees,f,35,ZWE,22
2023,disability.pension,employees,f,29,ZWE,42
2023,disability.pension,employees,m,30,ZWE,60
2023,disability.pension,employees,m,52,UKR,2
2023,disability.pension,employees,m,23,NGA,2
2023,disability.pension,employees,m,27,LKA,12
2023,disability.pension,employees,m,61,SYR,9
2023,disability.pension,employees,m,54,SYR,6
2023,disability.pension,employees,m,54,KOR,23
2023,disability.pension,employees,m,36,IRQ,9
2023,disability.pension,employees,m,34,IRQ,13
2023,disability.pension,employees,m,66,IRQ,1
2023,disability.pension,employees,m,67,ARM,7
2023,disability.pension,employees,m,42,VNM,133
2023,disability.pension,employees,f,40,VNM,95
2023,disability.pension,employees,m,81,DEU,3
2023,disability.pension,employees,m,52,CUB,2
2023,disability.pension,employees,m,37,PRT,58
2023,disability.pension,employees,m,47,MNG,6
2023,disability.pension,employees,m,26,DEU,32
2023,disability.pension,employees,f,37,LVA,12
2023,disability.pension,employees,m,53,ITA,14
2023,disability.pension,employees,m,29,MLT,1
2023,disability.pension,employees,f,29,THA,2
2023,disability.pension,employees,f,48,THA,33
2023,disability.pension,employees,f,40,THA,26
2023,disability.pension,employees,f,39,THA,11
2023,disability.pension,employees,f,34,PHL,172
2023,disability.pension,employees,m,50,ISR,5
2023,disability.pension,employees,m,43,DEU,57
2023,disability.pension,employees,m,33,GRC,24
2023,disability.pension,employees,m,50,SYR,15
2023,disability.pension,employees,m,53,NLD,19
2023,disability.pension,employees,m,30,DEU,52
2023,disability.pension,employees,m,57,FRA,25
2023,disability.pension,employees,f,42,SVN,2
2023,disability.pension,employees,m,29,SYR,13
2023,disability.pension,employees,m,36,SVN,3
2023,disability.pension,employees,m,47,TUR,122
2023,disability.pension,employees,f,47,SWE,2
2023,disability.pension,employees,m,40,MEX,22
2023,disability.pension,employees,m,67,HUN,5
2023,disability.pension,employees,m,42,USA,25
2023,disability.pension,employees,m,23,UZB,12
2023,disability.pension,employees,m,8,UKR,10
2023,disability.pension,employees,m,33,JOR,2
2023,disability.pension,employees,m,34,GBR,43
2023,disability.pension,employees,m,40,NGA,22
2023,disability.pension,employees,m,65,ARM,8
2023,disability.pension,employees,f,24,CAN,5
2023,disability.pension,employees,f,33,ROU,52
2023,disability.pension,employees,f,21,KAZ,4
2023,disability.pension,employees,m,33,DEU,8
2023,disability.pension,employees,m,46,NGA,10
2023,disability.pension,employees,f,28,ARM,8
2023,disability.pension,employees,m,55,CHL,1
2023,disability.pension,employees,f,41,ROU,30
2023,disability.pension,employees,f,33,CZE,19
2023,disability.pension,employees,m,25,TUN,20
2023,disability.pension,employees,m,29,EGY,66
2023,disability.pension,employees,m,40,ITA,14
2023,disability.pension,employees,f,41,LVA,9
2023,disability.pension,employees,m,51,ITA,14
2023,disability.pension,employees,f,33,COL,4
2023,disability.pension,employees,m,30,DZA,54
2023,disability.pension,employees,f,27,TUR,67
2023,disability.pension,employees,m,25,AZE,14
2023,disability.pension,employees,m,26,AZE,206
2023,disability.pension,employees,m,39,DEU,38
2023,disability.pension,employees,m,38,FRA,8
2023,disability.pension,employees,m,53,VNM,62
2023,disability.pension,employees,f,59,VNM,2
2023,disability.pension,employees,m,35,VNM,4
2023,disability.pension,employees,f,41,VNM,72
2023,disability.pension,employees,m,33,VNM,10
2023,disability.pension,employees,m,49,AZE,26
2023,disability.pension,employees,m,22,AZE,98
2023,disability.pension,employees,f,25,NGA,17
2023,disability.pension,employees,f,22,LBN,2
2023,disability.pension,employees,f,31,NLD,11
2023,disability.pension,employees,m,29,FIN,12
2023,disability.pension,employees,m,28,DZA,39
2023,disability.pension,employees,m,20,ALB,4
2023,disability.pension,employees,f,29,CUB,4
2023,disability.pension,employees,m,34,GEO,2
2023,disability.pension,employees,m,30,NGA,79
2023,disability.pension,employees,m,27,GBR,24
2023,disability.pension,employees,f,45,UKR,321
2023,disability.pension,employees,m,31,IRN,18
2023,disability.pension,employees,m,26,NGA,55
2023,disability.pension,employees,m,49,FRA,6
2023,disability.pension,employees,m,44,GRC,14
2023,disability.pension,employees,m,26,BGR,18
2023,disability.pension,employees,f,29,DEU,2
2023,disability.pension,employees,m,29,ITA,2
2023,disability.pension,employees,m,41,NLD,18
2023,disability.pension,employees,m,34,ITA,139
2023,disability.pension,employees,m,31,GHA,7
2023,disability.pension,employees,m,50,KOR,17
2023,disability.pension,employees,m,37,PAK,12
2023,disability.pension,employees,m,17,UKR,96
2023,disability.pension,employees,f,27,EGY,15
2023,disability.pension,employees,f,25,ITA,39
2023,disability.pension,employees,m,31,PAK,8
2023,disability.pension,employees,m,27,PAN,2
2023,disability.pension,employees,m,32,ESP,92
2023,disability.pension,employees,m,29,IND,142
2023,disability.pension,employees,m,25,UKR,2
2023,disability.pension,employees,m,28,SWE,13
2023,disability.pension,employees,m,38,UKR,186
2023,disability.pension,employees,f,41,USA,6
2023,disability.pension,employees,m,32,ITA,140
2023,disability.pension,employees,f,18,BLR,16
2023,disability.pension,employees,m,27,DZA,14
2023,disability.pension,employees,m,25,MAR,12
2023,disability.pension,employees,f,32,PAK,6
2023,disability.pension,employees,m,21,PAK,8
2023,disability.pension,employees,m,46,BGR,26
2023,disability.pension,employees,f,22,NGA,8
2023,disability.pension,employees,m,33,LVA,21
2023,disability.pension,employees,f,25,IND,32
2023,disability.pension,employees,m,50,NGA,6
2023,disability.pension,employees,m,30,CMR,10
2023,disability.pension,employees,m,24,UKR,147
2023,disability.pension,employees,f,21,NGA,9
2023,disability.pension,employees,f,25,LBN,3
2023,disability.pension,employees,f,43,CZE,11
2023,disability.pension,employees,m,26,PAK,22
2023,disability.pension,employees,m,26,FIN,16
2023,disability.pension,employees,f,27,NGA,36
2023,disability.pension,employees,f,26,GBR,6
2023,disability.pension,employees,m,31,KAZ,63
2023,disability.pension,employees,f,45,KAZ,23
2023,disability.pension,employees,m,30,PAK,24
2023,disability.pension,employees,m,27,RWA,14
2023,disability.pension,employees,m,26,PAK,39
2023,disability.pension,employees,m,27,BGD,10
2023,disability.pension,employees,f,35,KAZ,38
2023,disability.pension,employees,f,25,TUR,74
2023,disability.pension,employees,m,33,FRA,83
2023,disability.pension,employees,f,38,BRA,19
2023,disability.pension,employees,f,23,AZE,30
2023,disability.pension,employees,f,26,KOR,2
2023,disability.pension,employees,m,53,KOR,2
2023,disability.pension,employees,m,42,CMR,4
2023,disability.pension,employees,m,32,ZMB,3
2023,disability.pension,employees,m,21,DEU,9
2023,disability.pension,employees,f,43,AZE,8
2023,disability.pension,employees,m,30,SWE,15
2023,disability.pension,employees,m,27,FIN,10
2023,disability.pension,employees,f,23,PER,13
2023,disability.pension,employees,m,49,RUS,115
2023,disability.pension,employees,m,32,MAR,35
2023,disability.pension,employees,m,44,ITA,20
2023,disability.pension,employees,f,51,PHL,36
2023,disability.pension,employees,m,51,ROU,65
2023,disability.pension,employees,m,28,USA,29
2023,disability.pension,employees,m,25,IND,116
2023,disability.pension,employees,f,19,NGA,5
2023,disability.pension,employees,m,24,ESP,41
2023,disability.pension,employees,f,66,ARM,11
2023,disability.pension,employees,m,21,DZA,7
2023,disability.pension,employees,m,20,KAZ,32
2023,disability.pension,employees,f,56,GEO,82
2023,disability.pension,employees,m,29,KOR,24
2023,disability.pension,employees,m,33,ROU,14
2023,disability.pension,employees,f,22,BGD,1
2023,disability.pension,employees,f,39,VNM,18
2023,disability.pension,employees,f,21,RWA,6
2023,disability.pension,employees,f,24,UZB,14
2023,disability.pension,employees,f,31,MDA,99
2023,disability.pension,employees,m,63,IND,6
2023,disability.pension,employees,f,48,SVK,15
2023,disability.pension,employees,m,33,ITA,158
2023,disability.pension,employees,m,51,PHL,102
2023,disability.pension,employees,m,57,JPN,5
2023,disability.pension,employees,f,42,UKR,360
2023,disability.pension,employees,f,48,ISR,2
2023,disability.pension,employees,m,25,VNM,142
2023,disability.pension,employees,m,34,VNM,8
2023,disability.pension,employees,f,34,VNM,8
2023,disability.pension,employees,f,28,VNM,77
2023,disability.pension,employees,f,30,VNM,101
2023,disability.pension,employees,m,19,VNM,39
2023,disability.pension,employees,m,23,VNM,130
2023,disability.pension,employees,m,59,BGR,15
2023,disability.pension,employees,m,56,VNM,38
2023,disability.pension,employees,f,55,VNM,25
2023,disability.pension,employees,f,68,SVK,5
2023,disability.pension,employees,f,20,UZB,8
2023,disability.pension,employees,m,64,CZE,6
2023,disability.pension,employees,m,33,ALB,18
2023,disability.pension,employees,m,52,ITA,10
2023,disability.pension,employees,f,33,IND,170
2023,disability.pension,employees,m,23,UKR,2
2023,disability.pension,employees,m,39,HRV,2
2023,disability.pension,employees,m,46,MAR,6
2023,disability.pension,employees,m,70,ARM,2
2023,disability.pension,employees,m,46,KAZ,62
2023,disability.pension,employees,m,62,ARM,19
2023,disability.pension,employees,f,79,UKR,17
2023,disability.pension,employees,m,41,BGR,40
2023,disability.pension,employees,m,21,BGR,7
2023,disability.pension,employees,m,17,ROU,4
2023,disability.pension,employees,m,25,ROU,69
2023,disability.pension,employees,m,28,ROU,106
2023,disability.pension,employees,m,20,BGR,10
2023,disability.pension,employees,m,35,BGR,30
2023,disability.pension,employees,f,34,PHL,22
2023,disability.pension,employees,m,35,TKM,14
2023,disability.pension,employees,m,57,ARM,23
2023,disability.pension,employees,f,23,ARM,14
2023,disability.pension,employees,f,,UKR,4
2023,disability.pension,employees,m,34,SVK,25
2023,disability.pension,employees,m,47,LBY,3
2023,disability.pension,employees,m,48,AFG,4
2023,disability.pension,employees,m,32,GEO,112
2023,disability.pension,employees,f,29,TUR,83
2023,disability.pension,employees,m,54,IRN,1
2023,disability.pension,employees,m,43,AUT,2
2023,disability.pension,employees,m,44,TUR,163
2023,disability.pension,employees,m,32,KGZ,50
2023,disability.pension,employees,m,33,KGZ,63
2023,disability.pension,employees,m,58,GBR,32
2023,disability.pension,employees,m,66,NLD,7
2023,disability.pension,employees,f,41,FRA,11
2023,disability.pension,employees,m,52,IRL,6
2023,disability.pension,employees,f,32,LBY,1
2023,disability.pension,employees,m,33,DZA,4
2023,disability.pension,employees,m,31,ARM,4
2023,disability.pension,employees,m,38,GEO,80
2023,disability.pension,employees,m,31,TKM,10
2023,disability.pension,employees,m,33,ARM,8
2023,disability.pension,employees,m,29,ARM,51
2023,disability.pension,employees,m,29,ARM,12
2023,disability.pension,employees,m,60,ARM,4
2023,disability.pension,employees,f,60,GEO,42
2023,disability.pension,employees,m,33,CUB,13
2023,disability.pension,employees,m,50,DEU,45
2023,disability.pension,employees,m,49,AUS,4
2023,disability.pension,employees,f,51,BGR,18
2023,disability.pension,employees,m,61,ITA,37
2023,disability.pension,employees,m,40,ITA,104
2023,disability.pension,employees,f,28,GEO,113
2023,disability.pension,employees,m,36,HUN,23
2023,disability.pension,employees,m,47,CZE,20
2023,disability.pension,employees,m,39,TUR,204
2023,disability.pension,employees,f,31,HUN,20
2023,disability.pension,employees,m,49,ZWE,14
2023,disability.pension,employees,m,46,NLD,23
2023,disability.pension,employees,m,51,GEO,70
2023,disability.pension,employees,m,65,NLD,10
2023,disability.pension,employees,m,41,HRV,9
2023,disability.pension,employees,f,37,ARM,35
2023,disability.pension,employees,f,68,MNG,1
2023,disability.pension,employees,f,45,DEU,4
2023,disability.pension,employees,f,66,AUT,3
2023,disability.pension,employees,f,44,CHN,40
2023,disability.pension,employees,f,69,CHN,3
2023,disability.pension,employees,m,70,CHN,2
2023,disability.pension,employees,m,37,HUN,36
2023,disability.pension,employees,f,42,DEU,12
2023,disability.pension,employees,m,40,GBR,62
2023,disability.pension,employees,m,34,BGD,178
2023,disability.pension,employees,m,41,BGD,114
2023,disability.pension,employees,m,45,NPL,81
2023,disability.pension,employees,m,32,BGD,188
2023,disability.pension,employees,m,50,BGD,29
2023,disability.pension,employees,m,45,BGD,72
2023,disability.pension,employees,m,23,BGD,92
2023,disability.pension,employees,m,21,BGD,62
2023,disability.pension,employees,m,65,BGD,1
2023,disability.pension,employees,m,19,BGD,17
2023,disability.pension,employees,m,43,ITA,14
2023,disability.pension,employees,f,39,NLD,5
2023,disability.pension,employees,m,31,CAN,6
2023,disability.pension,employees,m,33,UGA,8
2023,disability.pension,employees,m,28,GEO,12
2023,disability.pension,employees,m,39,GRC,25
2023,disability.pension,employees,m,32,BGR,21
2023,disability.pension,employees,f,38,CZE,12
2023,disability.pension,employees,m,41,GBR,66
2023,disability.pension,employees,m,80,DEU,3
2023,disability.pension,employees,m,55,GBR,59
2023,disability.pension,employees,m,39,AUT,2
2023,disability.pension,employees,m,29,UGA,13
2023,disability.pension,employees,m,66,GBR,13
2023,disability.pension,employees,m,45,IRL,11
2023,disability.pension,employees,m,46,AUT,2
2023,disability.pension,employees,m,36,FRA,73
2023,disability.pension,employees,m,43,AUT,7
2023,disability.pension,employees,m,51,PRT,16
2023,disability.pension,employees,m,57,MDA,75
2023,disability.pension,employees,f,47,UKR,303
2023,disability.pension,employees,m,52,IND,57
2023,disability.pension,employees,f,25,SYR,2
2023,disability.pension,employees,f,33,SVN,5
2023,disability.pension,employees,m,55,UZB,39
2023,disability.pension,employees,f,31,UZB,18
2023,disability.pension,employees,f,39,VNM,103
2023,disability.pension,employees,m,33,VNM,171
2023,disability.pension,employees,f,41,KAZ,29
2023,disability.pension,employees,f,36,CZE,12
2023,disability.pension,employees,m,33,KAZ,59
2023,disability.pension,employees,f,37,KAZ,33
2023,disability.pension,employees,m,26,KAZ,71
2023,disability.pension,employees,m,32,UZB,12
2023,disability.pension,employees,f,53,KAZ,17
2023,disability.pension,employees,f,51,KAZ,14
2023,disability.pension,employees,f,48,KAZ,30
2023,disability.pension,employees,f,47,KAZ,33
2023,disability.pension,employees,f,24,KAZ,53
2023,disability.pension,employees,m,58,AZE,14
2023,disability.pension,employees,m,42,UKR,156
2023,disability.pension,employees,f,55,CAN,4
2023,disability.pension,employees,m,43,TUN,16
2023,disability.pension,employees,f,51,SVK,10
2023,disability.pension,employees,m,31,KEN,24
2023,disability.pension,employees,m,53,UKR,4
2023,disability.pension,employees,m,30,ETH,36
2023,disability.pension,employees,m,53,IRL,7
2023,disability.pension,employees,m,23,IDN,255
2023,disability.pension,employees,m,24,IDN,271
2023,disability.pension,employees,m,38,IDN,138
2023,disability.pension,employees,f,47,ROU,20
2023,disability.pension,employees,m,30,UZB,38
2023,disability.pension,employees,m,51,UZB,95
2023,disability.pension,employees,f,62,RUS,26
2023,disability.pension,employees,m,27,UZB,159
2023,disability.pension,employees,m,32,GRC,40
2023,disability.pension,employees,f,20,GEO,48
2023,disability.pension,employees,m,29,GBR,29
2023,disability.pension,employees,f,67,BLR,19
2023,disability.pension,employees,m,65,UKR,138
2023,disability.pension,employees,m,51,KAZ,31
2023,disability.pension,employees,m,51,VNM,70
2023,disability.pension,employees,m,36,VNM,3
2023,disability.pension,employees,m,63,VNM,47
2023,disability.pension,employees,f,61,BGR,7
2023,disability.pension,employees,m,55,AFG,4
2023,disability.pension,employees,m,61,IRN,1
2023,disability.pension,employees,m,48,ITA,82
2023,disability.pension,employees,f,44,CAN,2
2023,disability.pension,employees,m,47,HUN,14
2023,disability.pension,employees,m,44,FIN,6
2023,disability.pension,employees,m,58,ARM,22
2023,disability.pension,employees,m,64,UKR,126
2023,disability.pension,employees,f,27,BGR,2
2023,disability.pension,employees,m,44,UKR,171
2023,disability.pension,employees,m,64,UKR,21
2023,disability.pension,employees,m,37,BLR,24
2023,disability.pension,employees,m,35,MDA,50
2023,disability.pension,employees,m,47,TJK,21
2023,disability.pension,employees,f,27,CHN,10
2023,disability.pension,employees,m,53,GRC,4
2023,disability.pension,employees,m,22,AZE,14
2023,disability.pension,employees,f,52,FRA,5
2023,disability.pension,employees,m,46,UKR,159
2023,disability.pension,employees,m,45,BLR,12
2023,disability.pension,employees,m,38,UZB,60
2023,disability.pension,employees,m,60,DEU,49
2023,disability.pension,employees,m,44,VNM,86
2023,disability.pension,employees,f,33,AFG,7
2023,disability.pension,employees,f,37,TUR,20
2023,disability.pension,employees,f,32,TUR,47
2023,disability.pension,employees,f,28,MDA,88
2023,disability.pension,employees,m,68,ITA,13
2023,disability.pension,employees,f,37,SVK,2
2023,disability.pension,employees,m,21,BLR,146
2023,disability.pension,employees,m,72,GBR,7
2023,disability.pension,employees,m,61,BLR,34
2023,disability.pension,employees,f,38,PHL,196
2023,disability.pension,employees,f,52,UKR,297
2023,disability.pension,employees,f,49,MDA,20
2023,disability.pension,employees,m,54,ROU,14
2023,disability.pension,employees,m,59,UKR,8
2023,disability.pension,employees,f,46,BLR,88
2023,disability.pension,employees,f,58,UKR,24
2023,disability.pension,employees,f,66,UKR,92
2023,disability.pension,employees,f,25,UKR,162
2023,disability.pension,employees,m,50,KAZ,46
2023,disability.pension,employees,f,25,GEO,91
2023,disability.pension,employees,m,41,UKR,28
2023,disability.pension,employees,m,53,GEO,27
2023,disability.pension,employees,f,51,UKR,294
2023,disability.pension,employees,m,36,GEO,9
2023,disability.pension,employees,m,42,GEO,112
2023,disability.pension,employees,m,26,GEO,94
2023,disability.pension,employees,m,29,AZE,188
2023,disability.pension,employees,m,36,ROU,20
2023,disability.pension,employees,m,55,PRT,2
2023,disability.pension,employees,m,39,AZE,6
2023,disability.pension,employees,m,24,GEO,58
2023,disability.pension,employees,m,34,GEO,98
2023,disability.pension,employees,m,37,GEO,15
2023,disability.pension,employees,m,56,GEO,52
2023,disability.pension,employees,m,38,DEU,62
2023,disability.pension,employees,m,39,GEO,138
2023,disability.pension,employees,m,50,GEO,90
2023,disability.pension,employees,m,36,AZE,89
2023,disability.pension,employees,m,44,GEO,12
2023,disability.pension,employees,m,54,AZE,31
2023,disability.pension,employees,m,40,AZE,4
2023,disability.pension,employees,m,28,GEO,110
2023,disability.pension,employees,m,38,BLR,39
2023,disability.pension,employees,m,41,TJK,30
2023,disability.pension,employees,m,33,GEO,88
2023,disability.pension,employees,m,64,GEO,57
2023,disability.pension,employees,m,32,AZE,12
2023,disability.pension,employees,m,29,GEO,102
2023,disability.pension,employees,m,40,GEO,5
2023,disability.pension,employees,m,36,GEO,110
2023,disability.pension,employees,f,29,HUN,14
2023,disability.pension,employees,m,54,GEO,80
2023,disability.pension,employees,m,46,AZE,51
2023,disability.pension,employees,m,35,GEO,104
2023,disability.pension,employees,m,32,AZE,3
2023,disability.pension,employees,m,46,TJK,20
2023,disability.pension,employees,m,38,AZE,101
2023,disability.pension,employees,m,49,GEO,12
2023,disability.pension,employees,m,47,AZE,40
2023,disability.pension,employees,f,52,ROU,24
2023,disability.pension,employees,f,60,SVK,7
2023,disability.pension,employees,m,46,BGD,46
2023,disability.pension,employees,m,18,BGD,2
2023,disability.pension,employees,m,51,ITA,76
2023,disability.pension,employees,f,33,TKM,8
2023,disability.pension,employees,m,42,IND,88
2023,disability.pension,employees,f,56,DEU,16
2023,disability.pension,employees,f,35,IND,127
2023,disability.pension,employees,f,32,IND,162
2023,disability.pension,employees,f,36,IND,109
2023,disability.pension,employees,m,53,ESP,28
2023,disability.pension,employees,m,49,IND,103
2023,disability.pension,employees,f,28,IND,168
2023,disability.pension,employees,m,42,GBR,8
2023,disability.pension,employees,m,23,UKR,28
2023,disability.pension,employees,m,37,UKR,52
2023,disability.pension,employees,f,45,UKR,48
2023,disability.pension,employees,m,17,UKR,42
2023,disability.pension,employees,m,26,UKR,339
2023,disability.pension,employees,m,1,UKR,19
2023,disability.pension,employees,m,28,UKR,291
2023,disability.pension,employees,m,30,UKR,198
2023,disability.pension,employees,m,40,BGR,2
2023,disability.pension,employees,f,63,GRC,1
2023,disability.pension,employees,m,57,ROU,3
2023,disability.pension,employees,f,28,COL,63
2023,disability.pension,employees,m,34,ARG,26
2023,disability.pension,employees,m,30,MEX,4
2023,disability.pension,employees,m,33,PER,2
2023,disability.pension,employees,f,21,CUB,2
2023,disability.pension,employees,f,23,ARG,11
2023,disability.pension,employees,m,26,ALB,14
2023,disability.pension,employees,m,19,BLR,56
2023,disability.pension,employees,m,28,HRV,8
2023,disability.pension,employees,m,39,CHL,4
2023,disability.pension,employees,f,49,UKR,2
2023,disability.pension,employees,m,37,DEU,8
2023,disability.pension,employees,m,29,NPL,269
2023,disability.pension,employees,m,35,CZE,27
2023,disability.pension,employees,m,28,KAZ,65
2023,disability.pension,employees,m,25,GRC,12
2023,disability.pension,employees,m,30,NPL,28
2023,disability.pension,employees,m,20,NPL,2
2023,disability.pension,employees,m,24,PRT,17
2023,disability.pension,employees,m,46,GEO,102
2023,disability.pension,employees,m,23,ROU,6
2023,disability.pension,employees,m,44,ROU,3
2023,disability.pension,employees,f,27,NER,2
2023,disability.pension,employees,m,42,FRA,63
2023,disability.pension,employees,m,23,ROU,55
2023,disability.pension,employees,m,59,TUR,23
2023,disability.pension,employees,m,50,UZB,87
2023,disability.pension,employees,f,27,CMR,6
2023,disability.pension,employees,f,59,CUB,3
2023,disability.pension,employees,m,26,GRC,20
2023,disability.pension,employees,m,29,ROU,109
2023,disability.pension,employees,m,20,URY,1
2023,disability.pension,employees,m,26,SWE,11
2023,disability.pension,employees,f,26,SWE,4
2023,disability.pension,employees,m,47,IND,179
2023,disability.pension,employees,m,40,IRL,7
2023,disability.pension,employees,f,51,ITA,4
2023,disability.pension,employees,m,33,MEX,27
2023,disability.pension,employees,m,51,ROU,10
2023,disability.pension,employees,f,29,ROU,12
2023,disability.pension,employees,m,44,TKM,40
2023,disability.pension,employees,f,31,PSE,1
2023,disability.pension,employees,m,36,GRC,4
2023,disability.pension,employees,m,41,ROU,91
2023,disability.pension,employees,m,24,GRC,8
2023,disability.pension,employees,m,23,DEU,21
2023,disability.pension,employees,m,25,TUR,14
2023,disability.pension,employees,m,20,HRV,2
2023,disability.pension,employees,f,57,MDA,37
2023,disability.pension,employees,m,17,BLR,182
2023,disability.pension,employees,m,23,SLE,2
2023,disability.pension,employees,f,22,HRV,3
2023,disability.pension,employees,m,50,DEU,4
2023,disability.pension,employees,m,28,DEU,29
2023,disability.pension,employees,f,34,MDA,100
2023,disability.pension,employees,m,56,RUS,74
2023,disability.pension,employees,f,34,UKR,36
2023,disability.pension,employees,f,45,KEN,8
2023,disability.pension,employees,m,31,NPL,30
2023,disability.pension,employees,f,32,UKR,255
2023,disability.pension,employees,f,27,UZB,8
2023,disability.pension,employees,f,53,ROU,28
2023,disability.pension,employees,f,65,USA,4
2023,disability.pension,employees,m,28,COL,183
2023,disability.pension,employees,m,27,UKR,36
2023,disability.pension,employees,f,49,MDA,89
2023,disability.pension,employees,f,35,USA,6
2023,disability.pension,employees,m,38,UKR,32
2023,disability.pension,employees,m,77,DEU,13
2023,disability.pension,employees,m,40,IDN,119
2023,disability.pension,employees,m,33,COL,154
2023,disability.pension,employees,m,26,KAZ,10
2023,disability.pension,employees,m,33,PHL,213
2023,disability.pension,employees,m,34,PHL,22
2023,disability.pension,employees,m,52,PHL,10
2023,disability.pension,employees,m,45,PHL,28
2023,disability.pension,employees,m,46,PHL,42
2023,disability.pension,employees,f,28,PHL,75
2023,disability.pension,employees,m,45,KAZ,54
2023,disability.pension,employees,m,35,COL,131
2023,disability.pension,employees,m,39,COL,98
2023,disability.pension,employees,m,37,CUB,12
2023,disability.pension,employees,m,34,COL,151
2023,disability.pension,employees,m,37,COL,101
2023,disability.pension,employees,f,25,UZB,2
2023,disability.pension,employees,f,73,UKR,74
2023,disability.pension,employees,m,40,ROU,12
2023,disability.pension,employees,m,43,RUS,12
2023,disability.pension,employees,f,30,MDA,108
2023,disability.pension,employees,m,27,MDA,40
2023,disability.pension,employees,f,47,MEX,2
2023,disability.pension,employees,m,55,PER,4
2023,disability.pension,employees,m,40,GMB,3
2023,disability.pension,employees,f,25,ETH,8
2023,disability.pension,employees,m,32,DOM,4
2023,disability.pension,employees,m,23,BGR,17
2023,disability.pension,employees,m,23,TUN,7
2023,disability.pension,employees,f,51,ARM,4
2023,disability.pension,employees,f,40,TKM,7
2023,disability.pension,employees,f,44,ARM,36
2023,disability.pension,employees,m,62,BEL,8
2023,disability.pension,employees,m,50,GRC,11
2023,disability.pension,employees,m,38,KHM,1
2023,disability.pension,employees,m,15,AGO,1
2023,disability.pension,employees,f,31,IRL,2
2023,disability.pension,employees,f,52,KAZ,20
2023,disability.pension,employees,f,47,MDA,124
2023,disability.pension,employees,m,75,NZL,1
2023,disability.pension,employees,m,30,DZA,6
2023,disability.pension,employees,f,52,RUS,79
2023,disability.pension,employees,f,32,UKR,2
2023,disability.pension,employees,m,38,MDA,18
2023,disability.pension,employees,f,36,MDA,99
2023,disability.pension,employees,m,27,ROU,93
2023,disability.pension,employees,f,37,CHN,6
2023,disability.pension,employees,f,34,AGO,2
2023,disability.pension,employees,m,39,UKR,10
2023,disability.pension,employees,m,65,PRT,2
2023,disability.pension,employees,m,20,ARG,7
2023,disability.pension,employees,f,26,RUS,3
2023,disability.pension,employees,m,60,ESP,9
2023,disability.pension,employees,f,58,GEO,63
2023,disability.pension,employees,m,41,UKR,10
2023,disability.pension,employees,m,18,PRT,1
2023,disability.pension,employees,f,32,MNG,9
2023,disability.pension,employees,f,34,ALB,13
2023,disability.pension,employees,m,35,CHN,92
2023,disability.pension,employees,m,29,CHN,62
2023,disability.pension,employees,m,46,UKR,2
2023,disability.pension,employees,m,33,USA,40
2023,disability.pension,employees,m,35,DZA,33
2023,disability.pension,employees,m,35,LTU,39
2023,disability.pension,employees,f,35,BLR,18
2023,disability.pension,employees,m,66,GRC,2
2023,disability.pension,employees,m,28,ITA,127
2023,disability.pension,employees,m,53,VNM,6
2023,disability.pension,employees,m,45,ECU,1
2023,disability.pension,employees,f,28,KEN,21
2023,disability.pension,employees,m,67,LTU,2
2023,disability.pension,employees,m,30,HUN,35
2023,disability.pension,employees,m,62,DZA,1
2023,disability.pension,employees,f,48,RUS,12
2023,disability.pension,employees,f,28,UKR,234
2023,disability.pension,employees,f,46,NLD,4
2023,disability.pension,employees,f,54,LVA,5
2023,disability.pension,employees,m,61,GRC,5
2023,disability.pension,employees,m,60,GRC,10
2023,disability.pension,employees,m,59,MOZ,1
2023,disability.pension,employees,m,78,DEU,4
2023,disability.pension,employees,m,64,GBR,4
2023,disability.pension,employees,f,65,MNG,2
2023,disability.pension,employees,m,39,NGA,37
2023,disability.pension,employees,f,40,UKR,333
2023,disability.pension,employees,m,35,TUN,38
2023,disability.pension,employees,m,48,UKR,165
2023,disability.pension,employees,m,29,KEN,36
2023,disability.pension,employees,m,36,COL,139
2023,disability.pension,employees,f,38,SYR,3
2023,disability.pension,employees,m,55,VNM,63
2023,disability.pension,employees,m,55,SVK,12
2023,disability.pension,employees,m,44,NLD,27
2023,disability.pension,employees,f,58,THA,8
2023,disability.pension,employees,m,29,BLR,4
2023,disability.pension,employees,m,64,RUS,17
2023,disability.pension,employees,m,50,ARG,3
2023,disability.pension,employees,f,64,BLR,32
2023,disability.pension,employees,f,25,LTU,14
2023,disability.pension,employees,f,25,MDA,95
2023,disability.pension,employees,m,49,TKM,17
2023,disability.pension,employees,m,26,TKM,10
2023,disability.pension,employees,m,27,UZB,22
2023,disability.pension,employees,m,25,UZB,2
2023,disability.pension,employees,m,38,ITA,141
2023,disability.pension,employees,m,43,IRL,23
2023,disability.pension,employees,m,40,GEO,15
2023,disability.pension,employees,m,28,UKR,52
2023,disability.pension,employees,f,37,MDA,101
2023,disability.pension,employees,f,20,MDA,75
2023,disability.pension,employees,f,54,CZE,2
2023,disability.pension,employees,f,44,ARM,4
2023,disability.pension,employees,f,15,NOR,1
2023,disability.pension,employees,f,15,GBR,3
2023,disability.pension,employees,m,26,UKR,2
2023,disability.pension,employees,m,59,NOR,3
2023,disability.pension,employees,f,20,ARM,3
2023,disability.pension,employees,m,33,UKR,8
2023,disability.pension,employees,m,40,RUS,8
2023,disability.pension,employees,m,58,BLR,6
2023,disability.pension,employees,m,41,ESP,5
2023,disability.pension,employees,f,35,LTU,32
2023,disability.pension,employees,m,64,CZE,2
2023,disability.pension,employees,m,72,RUS,2
2023,disability.pension,employees,f,46,RUS,85
2023,disability.pension,employees,m,62,RUS,24
2023,disability.pension,employees,m,38,VEN,14
2023,disability.pension,employees,m,35,VEN,3
2023,disability.pension,employees,m,71,RUS,2
2023,disability.pension,employees,m,43,UKR,4
2023,disability.pension,employees,m,60,NLD,21
2023,disability.pension,employees,m,58,MAR,1
2023,disability.pension,employees,m,32,AFG,14
2023,disability.pension,employees,f,41,GUY,1
2023,disability.pension,employees,f,45,TKM,2
2023,disability.pension,employees,m,25,VEN,4
2023,disability.pension,employees,m,33,UKR,2
2023,disability.pension,employees,m,25,GBR,2
2023,disability.pension,employees,m,69,GRC,3
2023,disability.pension,employees,f,32,MDA,90
2023,disability.pension,employees,f,42,UKR,52
2023,disability.pension,employees,m,52,GTM,2
2023,disability.pension,employees,f,24,JOR,3
2023,disability.pension,employees,f,54,CZE,6
2023,disability.pension,employees,f,63,COL,1
2023,disability.pension,employees,m,49,TUR,122
2023,disability.pension,employees,m,37,EGY,76
2023,disability.pension,employees,m,38,EGY,48
2023,disability.pension,employees,m,31,MAR,44
2023,disability.pension,employees,m,37,CHN,81
2023,disability.pension,employees,m,34,BGD,16
2023,disability.pension,employees,m,39,ROU,96
2023,disability.pension,employees,f,56,UKR,4
2023,disability.pension,employees,f,64,LTU,5
2023,disability.pension,employees,f,63,UKR,54
2023,disability.pension,employees,m,27,ETH,16
2023,disability.pension,employees,m,23,TKM,36
2023,disability.pension,employees,m,58,NOR,2
2023,disability.pension,employees,m,20,LBN,3
2023,disability.pension,employees,m,41,LTU,31
2023,disability.pension,employees,f,67,ARM,7
2023,disability.pension,employees,f,39,ARM,24
2023,disability.pension,employees,f,27,UKR,6
2023,disability.pension,employees,f,63,LTU,7
2023,disability.pension,employees,m,53,BGD,10
2023,disability.pension,employees,m,19,UKR,135
2023,disability.pension,employees,m,58,SWE,3
2023,disability.pension,employees,f,51,BLR,56
2023,disability.pension,employees,f,57,ESP,5
2023,disability.pension,employees,m,55,TUR,50
2023,disability.pension,employees,f,73,RUS,6
2023,disability.pension,employees,f,56,USA,7
2023,disability.pension,employees,m,47,DEU,42
2023,disability.pension,employees,m,48,RUS,111
2023,disability.pension,employees,m,48,ESP,37
2023,disability.pension,employees,f,33,RUS,170
2023,disability.pension,employees,f,49,GEO,28
2023,disability.pension,employees,f,59,VNM,26
2023,disability.pension,employees,f,42,PHL,153
2023,disability.pension,employees,m,47,GBR,6
2023,disability.pension,employees,m,42,UKR,2
2023,disability.pension,employees,m,60,VNM,55
2023,disability.pension,employees,f,52,VNM,60
2023,disability.pension,employees,m,55,UKR,4
2023,disability.pension,employees,f,53,RUS,69
2023,disability.pension,employees,m,58,USA,13
2023,disability.pension,employees,m,67,GEO,14
2023,disability.pension,employees,m,27,RUS,16
2023,disability.pension,employees,m,37,KHM,1
2023,disability.pension,employees,m,56,THA,3
2023,disability.pension,employees,f,40,KHM,3
2023,disability.pension,employees,f,30,NPL,78
2023,disability.pension,employees,f,37,RUS,20
2023,disability.pension,employees,f,74,ARM,2
2023,disability.pension,employees,m,58,GEO,40
2023,disability.pension,employees,m,61,NGA,1
2023,disability.pension,employees,m,28,ARM,40
2023,disability.pension,employees,m,37,GEO,86
2023,disability.pension,employees,m,60,TKM,2
2023,disability.pension,employees,m,47,TKM,15
2023,disability.pension,employees,m,30,TKM,18
2023,disability.pension,employees,m,53,LAO,1
2023,disability.pension,employees,f,38,IND,70
2023,disability.pension,employees,f,48,NOR,1
2023,disability.pension,employees,m,44,BGR,2
2023,disability.pension,employees,m,28,GBR,19
2023,disability.pension,employees,m,44,NGA,15
2023,disability.pension,employees,f,35,MEX,10
2023,disability.pension,employees,m,32,CHL,2
2023,disability.pension,employees,m,36,ESP,10
2023,disability.pension,employees,f,38,DEU,20
2023,disability.pension,employees,m,57,VNM,42
2023,disability.pension,employees,m,57,DEU,16
2023,disability.pension,employees,m,32,DZA,42
2023,disability.pension,employees,f,36,GEO,130
2023,disability.pension,employees,f,45,TUR,11
2023,disability.pension,employees,m,40,COG,4
2023,disability.pension,employees,m,38,COG,4
2023,disability.pension,employees,f,54,MNG,3
2023,disability.pension,employees,m,44,GBR,10
2023,disability.pension,employees,f,61,UKR,87
2023,disability.pension,employees,m,70,RUS,9
2023,disability.pension,employees,f,56,ROU,58
2023,disability.pension,employees,m,45,USA,15
2023,disability.pension,employees,f,28,UKR,6
2023,disability.pension,employees,m,24,AFG,22
2023,disability.pension,employees,m,39,GMB,2
2023,disability.pension,employees,m,79,SYR,1
2023,disability.pension,employees,m,61,NLD,4
2023,disability.pension,employees,f,82,USA,1
2023,disability.pension,employees,m,34,SVK,8
2023,disability.pension,employees,m,7,UKR,8
2023,disability.pension,employees,f,61,MNG,2
2023,disability.pension,employees,m,67,RUS,4
2023,disability.pension,employees,f,38,UKR,88
2023,disability.pension,employees,m,55,UKR,4
2023,disability.pension,employees,m,40,ARM,49
2023,disability.pension,employees,m,62,IRL,4
2023,disability.pension,employees,m,70,BEL,2
2023,disability.pension,employees,m,36,PAK,51
2023,disability.pension,employees,f,57,ARM,13
2023,disability.pension,employees,f,46,UKR,80
2023,disability.pension,employees,m,29,GTM,11
2023,disability.pension,employees,f,25,MEX,11
2023,disability.pension,employees,f,16,BLR,99
2023,disability.pension,employees,m,57,AUT,7
2023,disability.pension,employees,m,53,NOR,5
2023,disability.pension,employees,f,50,DEU,8
2023,disability.pension,employees,m,21,KGZ,45
2023,disability.pension,employees,m,41,UGA,4
2023,disability.pension,employees,f,63,GEO,22
2023,disability.pension,employees,f,57,GEO,63
2023,disability.pension,employees,m,45,BGD,8
2023,disability.pension,employees,f,61,RUS,33
2023,disability.pension,employees,f,37,PAK,5
2023,disability.pension,employees,m,46,PAK,19
2023,disability.pension,employees,m,49,SWE,5
2023,disability.pension,employees,f,35,ROU,20
2023,disability.pension,employees,f,33,UKR,44
2023,disability.pension,employees,m,54,ITA,4
2023,disability.pension,employees,m,55,NLD,19
2023,disability.pension,employees,f,52,GEO,6
2023,disability.pension,employees,m,56,CHN,21
2023,disability.pension,employees,m,44,CHN,63
2023,disability.pension,employees,m,54,GBR,52
2023,disability.pension,employees,f,25,RUS,94
2023,disability.pension,employees,m,36,UKR,4
2023,disability.pension,employees,m,34,MAR,8
2023,disability.pension,employees,f,39,PHL,6
2023,disability.pension,employees,m,55,ZAF,3
2023,disability.pension,employees,f,3,VEN,1
2023,disability.pension,employees,f,40,CHN,50
2023,disability.pension,employees,m,26,ARM,34
2023,disability.pension,employees,m,22,UKR,93
2023,disability.pension,employees,m,50,EGY,4
2023,disability.pension,employees,m,48,SVK,17
2023,disability.pension,employees,m,36,SAU,2
2023,disability.pension,employees,f,35,UKR,32
2023,disability.pension,employees,m,41,SWE,13
2023,disability.pension,employees,m,45,UKR,4
2023,disability.pension,employees,m,25,UKR,2
2023,disability.pension,employees,m,59,GBR,4
2023,disability.pension,employees,m,39,TUN,44
2023,disability.pension,employees,m,20,TUR,92
2023,disability.pension,employees,m,41,TUN,26
2023,disability.pension,employees,f,37,TUN,3
2023,disability.pension,employees,m,124,UKR,32
2023,disability.pension,employees,f,28,ARM,19
2023,disability.pension,employees,m,24,ARM,30
2023,disability.pension,employees,f,27,ARM,16
2023,disability.pension,employees,f,39,UKR,14
2023,disability.pension,employees,m,40,IRQ,10
2023,disability.pension,employees,m,62,SWE,2
2023,disability.pension,employees,f,43,ARM,18
2023,disability.pension,employees,m,48,ALB,10
2023,disability.pension,employees,m,43,VNM,122
2023,disability.pension,employees,f,30,AZE,38
2023,disability.pension,employees,m,25,PSE,10
2023,disability.pension,employees,m,27,BGD,202
2023,disability.pension,employees,m,28,PSE,12
2023,disability.pension,employees,m,37,BGD,170
2023,disability.pension,employees,f,31,MAR,8
2023,disability.pension,employees,m,36,PSE,2
2023,disability.pension,employees,m,22,JOR,5
2023,disability.pension,employees,m,37,FRA,84
2023,disability.pension,employees,m,45,UKR,4
2023,disability.pension,employees,f,47,KWT,1
2023,disability.pension,employees,f,83,ARM,1
2023,disability.pension,employees,m,54,NLD,29
2023,disability.pension,employees,m,36,IRN,29
2023,disability.pension,employees,m,30,VNM,176
2023,disability.pension,employees,m,44,USA,20
2023,disability.pension,employees,m,35,UKR,2
2023,disability.pension,employees,f,22,EST,1
2023,disability.pension,employees,m,40,USA,22
2023,disability.pension,employees,f,40,UKR,6
2023,disability.pension,employees,f,47,CZE,2
2023,disability.pension,employees,m,46,ITA,72
2023,disability.pension,employees,m,50,ROU,10
2023,disability.pension,employees,m,48,ROU,18
2023,disability.pension,employees,m,52,ROU,18
2023,disability.pension,employees,m,44,ROU,10
2023,disability.pension,employees,m,56,ROU,18
2023,disability.pension,employees,m,41,ROU,18
2023,disability.pension,employees,f,40,DEU,17
2023,disability.pension,employees,m,48,BGD,27
2023,disability.pension,employees,m,24,ETH,43
2023,disability.pension,employees,f,30,GEO,12
2023,disability.pension,employees,f,31,DEU,10
2023,disability.pension,employees,m,54,USA,16
2023,disability.pension,employees,f,57,THA,12
2023,disability.pension,employees,f,30,THA,10
2023,disability.pension,employees,f,51,THA,24
2023,disability.pension,employees,f,36,THA,11
2023,disability.pension,employees,f,54,THA,16
2023,disability.pension,employees,m,28,LVA,10
2023,disability.pension,employees,f,36,FRA,9
2023,disability.pension,employees,m,43,PRT,33
2023,disability.pension,employees,m,22,GEO,52
2023,disability.pension,employees,m,47,KAZ,46
2023,disability.pension,employees,m,33,UZB,2
2023,disability.pension,employees,f,24,SVK,13
2023,disability.pension,employees,m,65,SWE,2
2023,disability.pension,employees,f,27,RUS,18
2023,disability.pension,employees,m,34,HRV,15
2023,disability.pension,employees,m,46,LTU,23
2023,disability.pension,employees,m,41,AUS,7
2023,disability.pension,employees,m,39,LTU,4
2023,disability.pension,employees,f,34,RUS,10
2023,disability.pension,employees,m,57,IRL,6
2023,disability.pension,employees,m,73,VNM,1
2023,disability.pension,employees,m,36,ITA,133
2023,disability.pension,employees,m,36,GBR,43
2023,disability.pension,employees,m,59,HRV,2
2023,disability.pension,employees,m,62,DNK,7
2023,disability.pension,employees,m,41,ITA,118
2023,disability.pension,employees,m,69,NOR,1
2023,disability.pension,employees,m,59,FRA,4
2023,disability.pension,employees,m,53,FRA,27
2023,disability.pension,employees,m,31,FRA,72
2023,disability.pension,employees,m,47,FRA,42
2023,disability.pension,employees,f,40,CZE,12
2023,disability.pension,employees,m,40,COL,85
2023,disability.pension,employees,m,47,NLD,22
2023,disability.pension,employees,m,58,NLD,16
2023,disability.pension,employees,f,28,ITA,42
2023,disability.pension,employees,m,58,TKM,3
2023,disability.pension,employees,m,46,LTU,4
2023,disability.pension,employees,f,47,RUS,74
2023,disability.pension,employees,f,57,PER,2
2023,disability.pension,employees,f,39,MEX,2
2023,disability.pension,employees,m,44,BGD,81
2023,disability.pension,employees,m,45,CAN,5
2023,disability.pension,employees,m,46,CHE,3
2023,disability.pension,employees,m,57,DNK,10
2023,disability.pension,employees,f,43,CUB,2
2023,disability.pension,employees,f,27,MDA,113
2023,disability.pension,employees,m,34,CZE,22
2023,disability.pension,employees,m,21,TKM,18
2023,disability.pension,employees,m,51,PHL,14
2023,disability.pension,employees,f,31,PHL,155
2023,disability.pension,employees,m,22,NPL,171
2023,disability.pension,employees,f,27,NPL,64
2023,disability.pension,employees,m,31,LKA,12
2023,disability.pension,employees,m,34,PHL,216
2023,disability.pension,employees,f,37,NPL,30
2023,disability.pension,employees,m,19,NPL,19
2023,disability.pension,employees,m,33,PHL,12
2023,disability.pension,employees,m,23,NPL,20
2023,disability.pension,employees,m,50,TUR,122
2023,disability.pension,employees,m,29,AZE,3
2023,disability.pension,employees,f,62,ISR,2
2023,disability.pension,employees,m,62,ISR,3
2023,disability.pension,employees,m,31,UKR,255
2023,disability.pension,employees,m,36,SWE,2
2023,disability.pension,employees,m,30,IRL,9
2023,disability.pension,employees,m,37,UKR,195
2023,disability.pension,employees,m,43,SYR,10
2023,disability.pension,employees,m,23,UKR,4
2023,disability.pension,employees,m,50,IRL,12
2023,disability.pension,employees,f,41,ZAF,2
2023,disability.pension,employees,f,32,ZAF,12
2023,disability.pension,employees,m,38,SYR,9
2023,disability.pension,employees,m,30,IDN,28
2023,disability.pension,employees,m,64,KAZ,2
2023,disability.pension,employees,f,24,UKR,6
2023,disability.pension,employees,m,56,DEU,50
2023,disability.pension,employees,m,44,IDN,94
2023,disability.pension,employees,f,70,RUS,8
2023,disability.pension,employees,f,26,UKR,12
2023,disability.pension,employees,m,27,UKR,8
2023,disability.pension,employees,m,30,AZE,14
2023,disability.pension,employees,m,55,IRN,2
2023,disability.pension,employees,m,26,UZB,24
2023,disability.pension,employees,m,49,NLD,25
2023,disability.pension,employees,m,50,DNK,6
2023,disability.pension,employees,m,77,LTU,2
2023,disability.pension,employees,m,33,PRT,4
2023,disability.pension,employees,m,31,ITA,12
2023,disability.pension,employees,m,27,ITA,12
2023,disability.pension,employees,m,47,CUB,2
2023,disability.pension,employees,m,38,FRA,71
2023,disability.pension,employees,m,41,THA,14
2023,disability.pension,employees,m,28,THA,10
2023,disability.pension,employees,f,74,RUS,3
2023,disability.pension,employees,m,51,GBR,45
2023,disability.pension,employees,m,26,GBR,24
2023,disability.pension,employees,f,34,BGR,6
2023,disability.pension,employees,f,33,DEU,25
2023,disability.pension,employees,m,35,FRA,6
2023,disability.pension,employees,f,38,ITA,13
2023,disability.pension,employees,m,59,GRC,6
2023,disability.pension,employees,m,25,IRN,12
2023,disability.pension,employees,m,26,IRN,17
2023,disability.pension,employees,f,26,IRN,12
2023,disability.pension,employees,f,30,IRN,16
2023,disability.pension,employees,f,32,JOR,5
2023,disability.pension,employees,m,33,LTU,30
2023,disability.pension,employees,m,43,EGY,30
2023,disability.pension,employees,m,35,RUS,18
2023,disability.pension,employees,m,49,FRA,35
2023,disability.pension,employees,m,57,DEU,45
2023,disability.pension,employees,m,37,BEL,10
2023,disability.pension,employees,m,42,SWE,7
2023,disability.pension,employees,m,48,FRA,2
2023,disability.pension,employees,f,45,IDN,25
2023,disability.pension,employees,f,38,THA,15
2023,disability.pension,employees,f,33,THA,11
2023,disability.pension,employees,f,41,IRL,3
2023,disability.pension,employees,m,37,NLD,35
2023,disability.pension,employees,m,31,ALB,17
2023,disability.pension,employees,m,30,ALB,22
2023,disability.pension,employees,m,35,TUN,2
2023,disability.pension,employees,m,43,GBR,56
2023,disability.pension,employees,f,34,KAZ,34
2023,disability.pension,employees,f,38,LVA,10
2023,disability.pension,employees,m,59,MDA,57
2023,disability.pension,employees,m,41,USA,22
2023,disability.pension,employees,m,35,IRL,12
2023,disability.pension,employees,m,20,BGD,45
2023,disability.pension,employees,m,34,CUB,12
2023,disability.pension,employees,m,46,SVK,19
2023,disability.pension,employees,m,35,SWE,11
2023,disability.pension,employees,f,30,RUS,6
2023,disability.pension,employees,f,29,UKR,68
2023,disability.pension,employees,m,35,BRA,58
2023,disability.pension,employees,m,26,BRA,21
2023,disability.pension,employees,f,32,BRA,32
2023,disability.pension,employees,m,45,EGY,21
2023,disability.pension,employees,m,54,UZB,57
2023,disability.pension,employees,m,28,CHN,81
2023,disability.pension,employees,f,29,COL,49
2023,disability.pension,employees,m,26,DNK,5
2023,disability.pension,employees,f,24,NGA,9
2023,disability.pension,employees,m,46,NOR,4
2023,disability.pension,employees,f,70,BLR,9
2023,disability.pension,employees,m,22,DOM,1
2023,disability.pension,employees,m,43,TZA,2
2023,disability.pension,employees,f,16,IND,1
2023,disability.pension,employees,f,47,JPN,5
2023,disability.pension,employees,m,30,LBN,20
2023,disability.pension,employees,m,56,FRA,23
2023,disability.pension,employees,f,33,BRA,21
2023,disability.pension,employees,m,29,LTU,19
2023,disability.pension,employees,m,32,KEN,18
2023,disability.pension,employees,f,22,BLR,96
2023,disability.pension,employees,m,34,FRA,81
2023,disability.pension,employees,m,42,GBR,50
2023,disability.pension,employees,f,22,JOR,2
2023,disability.pension,employees,m,46,ESP,31
2023,disability.pension,employees,m,29,NLD,14
2023,disability.pension,employees,f,36,ITA,17
2023,disability.pension,employees,f,30,IDN,61
2023,disability.pension,employees,f,25,IDN,62
2023,disability.pension,employees,f,45,FRA,11
2023,disability.pension,employees,f,52,CHN,36
2023,disability.pension,employees,m,36,FRA,6
2023,disability.pension,employees,m,30,NGA,4
2023,disability.pension,employees,m,46,GBR,8
2023,disability.pension,employees,f,32,IRN,22
2023,disability.pension,employees,f,31,ZWE,2
2023,disability.pension,employees,m,71,FRA,2
2023,disability.pension,employees,m,26,BRA,3
2023,disability.pension,employees,m,41,EGY,4
2023,disability.pension,employees,f,28,RUS,22
2023,disability.pension,employees,m,38,ESP,74
2023,disability.pension,employees,m,37,ZAF,4
2023,disability.pension,employees,m,58,DEU,4
2023,disability.pension,employees,f,43,BLR,3
2023,disability.pension,employees,f,41,TTO,1
2023,disability.pension,employees,m,26,BLR,21
2023,disability.pension,employees,m,23,IRN,5
2023,disability.pension,employees,m,36,GHA,2
2023,disability.pension,employees,f,32,EST,1
2023,disability.pension,employees,m,35,CHL,10
2023,disability.pension,employees,f,41,CZE,18
2023,disability.pension,employees,m,24,USA,2
2023,disability.pension,employees,m,30,NGA,34
2023,disability.pension,employees,m,36,USA,30
2023,disability.pension,employees,m,34,LKA,10
2023,disability.pension,employees,m,29,VNM,10
2023,disability.pension,employees,m,63,ROU,12
2023,disability.pension,employees,m,28,PRT,40
2023,disability.pension,employees,m,51,CHL,2
2023,disability.pension,employees,m,26,EGY,8
2023,disability.pension,employees,f,76,UKR,39
2023,disability.pension,employees,m,38,LVA,19
2023,disability.pension,employees,m,50,CHN,49
2023,disability.pension,employees,f,51,CHN,34
2023,disability.pension,employees,m,25,CHN,39
2023,disability.pension,employees,f,36,FIN,3
2023,disability.pension,employees,m,30,IRN,23
2023,disability.pension,employees,f,35,PER,5
2023,disability.pension,employees,m,43,BGR,33
2023,disability.pension,employees,m,29,DEU,35
2023,disability.pension,employees,m,31,RUS,18
2023,disability.pension,employees,m,21,IRN,6
2023,disability.pension,employees,f,39,FRA,10
2023,disability.pension,employees,m,21,SYR,2
2023,disability.pension,employees,f,56,THA,9
2023,disability.pension,employees,m,58,THA,3
2023,disability.pension,employees,m,34,MMR,1
2023,disability.pension,employees,m,28,IRN,8
2023,disability.pension,employees,m,35,UKR,8
2023,disability.pension,employees,m,31,NGA,9
2023,disability.pension,employees,f,36,ESP,11
2023,disability.pension,employees,f,25,IRN,4
2023,disability.pension,employees,m,21,EGY,11
2023,disability.pension,employees,f,39,AUT,2
2023,disability.pension,employees,m,32,KEN,6
2023,disability.pension,employees,f,30,ALB,2
2023,disability.pension,employees,m,23,PSE,2
2023,disability.pension,employees,f,20,BLR,70
2023,disability.pension,employees,m,36,ROU,119
2023,disability.pension,employees,m,35,IRQ,2
2023,disability.pension,employees,m,33,ETH,8
2023,disability.pension,employees,m,32,ETH,6
2023,disability.pension,employees,f,22,PAK,1
2023,disability.pension,employees,m,21,LBN,4
2023,disability.pension,employees,f,35,ARM,13
2023,disability.pension,employees,m,30,CAN,9
2023,disability.pension,employees,m,33,PAK,54
2023,disability.pension,employees,m,27,EST,3
2023,disability.pension,employees,m,22,IRQ,2
2023,disability.pension,employees,m,66,SWE,4
2023,disability.pension,employees,m,48,BEL,6
2023,disability.pension,employees,f,32,ESP,32
2023,disability.pension,employees,m,35,IND,146
2023,disability.pension,employees,f,57,UKR,102
2023,disability.pension,employees,m,52,IDN,8
2023,disability.pension,employees,m,33,PAK,18
2023,disability.pension,employees,m,29,PAK,34
2023,disability.pension,employees,f,31,NGA,33
2023,disability.pension,employees,f,30,IND,26
2023,disability.pension,employees,m,32,PAK,8
2023,disability.pension,employees,f,28,PAK,8
2023,disability.pension,employees,f,40,PHL,198
2023,disability.pension,employees,m,30,IRN,20
2023,disability.pension,employees,m,34,PRT,78
2023,disability.pension,employees,f,27,KAZ,51
2023,disability.pension,employees,m,54,PRT,11
2023,disability.pension,employees,m,30,MDA,38
2023,disability.pension,employees,m,31,PER,2
2023,disability.pension,employees,m,25,LBN,2
2023,disability.pension,employees,m,30,PAK,51
2023,disability.pension,employees,m,28,JOR,2
2023,disability.pension,employees,m,20,NGA,11
2023,disability.pension,employees,m,21,IND,6
2023,disability.pension,employees,m,20,UZB,51
2023,disability.pension,employees,f,26,TUR,112
2023,disability.pension,employees,m,24,BRA,11
2023,disability.pension,employees,m,35,FIN,10
2023,disability.pension,employees,m,48,TUN,4
2023,disability.pension,employees,f,33,LKA,3
2023,disability.pension,employees,m,73,UKR,45
2023,disability.pension,employees,m,57,NLD,29
2023,disability.pension,employees,f,25,PAK,7
2023,disability.pension,employees,m,27,UKR,2
2023,disability.pension,employees,f,38,BLR,21
2023,disability.pension,employees,m,41,BEL,20
2023,disability.pension,employees,f,31,IND,194
2023,disability.pension,employees,m,37,ESP,76
2023,disability.pension,employees,m,28,AUT,6
2023,disability.pension,employees,m,52,USA,17
2023,disability.pension,employees,m,25,MDA,42
2023,disability.pension,employees,m,39,FRA,3
2023,disability.pension,employees,m,22,EGY,16
2023,disability.pension,employees,f,27,IND,42
2023,disability.pension,employees,m,43,CHL,8
2023,disability.pension,employees,f,41,DEU,4
2023,disability.pension,employees,f,32,RUS,24
2023,disability.pension,employees,m,31,NLD,15
2023,disability.pension,employees,m,29,IRN,24
2023,disability.pension,employees,m,21,TUN,3
2023,disability.pension,employees,m,33,IRN,14
2023,disability.pension,employees,m,23,IND,62
2023,disability.pension,employees,m,32,IRN,12
2023,disability.pension,employees,f,30,PAK,12
2023,disability.pension,employees,m,31,PAK,6
2023,disability.pension,employees,m,23,CAN,2
2023,disability.pension,employees,m,37,IRN,14
2023,disability.pension,employees,m,37,RUS,24
2023,disability.pension,employees,m,30,GBR,47
2023,disability.pension,employees,m,27,FRA,49
2023,disability.pension,employees,m,27,DNK,6
2023,disability.pension,employees,m,39,CAN,3
2023,disability.pension,employees,m,34,SDN,2
2023,disability.pension,employees,m,29,ETH,8
2023,disability.pension,employees,f,21,IRN,4
2023,disability.pension,employees,m,20,CAN,2
2023,disability.pension,employees,f,23,ISR,1
2023,disability.pension,employees,m,33,BEL,16
2023,disability.pension,employees,f,52,LTU,2
2023,disability.pension,employees,m,24,SWE,4
2023,disability.pension,employees,m,22,PAK,10
2023,disability.pension,employees,f,25,ETH,26
2023,disability.pension,employees,f,28,IND,32
2023,disability.pension,employees,m,43,MEX,14
2023,disability.pension,employees,f,23,CHN,23
2023,disability.pension,employees,f,24,CHN,26
2023,disability.pension,employees,f,40,PAK,4
2023,disability.pension,employees,m,63,AUT,3
2023,disability.pension,employees,f,26,BGR,14
2023,disability.pension,employees,f,26,IND,34
2023,disability.pension,employees,f,24,VNM,58
2023,disability.pension,employees,m,30,ETH,10
2023,disability.pension,employees,m,27,HUN,22
2023,disability.pension,employees,m,27,AUT,7
2023,disability.pension,employees,m,34,USA,34
2023,disability.pension,employees,m,43,NGA,24
2023,disability.pension,employees,f,22,ZAF,6
2023,disability.pension,employees,f,78,UKR,17
2023,disability.pension,employees,f,34,CHN,60
2023,disability.pension,employees,f,26,TZA,7
2023,disability.pension,employees,m,43,ISR,14
2023,disability.pension,employees,m,39,SYR,2
2023,disability.pension,employees,f,25,GHA,3
2023,disability.pension,employees,m,51,CHE,2
2023,disability.pension,employees,f,25,BGD,6
2023,disability.pension,employees,m,38,NLD,17
2023,disability.pension,employees,f,28,NGA,2
2023,disability.pension,employees,f,25,ESP,15
2023,disability.pension,employees,f,24,IND,12
2023,disability.pension,employees,m,68,IRL,1
2023,disability.pension,employees,f,45,UKR,6
2023,disability.pension,employees,m,24,ITA,63
2023,disability.pension,employees,m,53,UKR,4
2023,disability.pension,employees,m,28,ESP,85
2023,disability.pension,employees,m,33,ROU,111
2023,disability.pension,employees,m,35,HND,3
2023,disability.pension,employees,f,29,MDA,94
2023,disability.pension,employees,m,24,PSE,2
2023,disability.pension,employees,m,26,HUN,22
2023,disability.pension,employees,f,35,AUS,1
2023,disability.pension,employees,f,21,KEN,4
2023,disability.pension,employees,f,29,PAK,14
2023,disability.pension,employees,m,21,JOR,2
2023,disability.pension,employees,f,19,KAZ,32
2023,disability.pension,employees,m,46,UKR,6
2023,disability.pension,employees,f,39,DEU,18
2023,disability.pension,employees,f,19,MOZ,1
2023,disability.pension,employees,f,24,RUS,18
2023,disability.pension,employees,f,35,IRQ,2
2023,disability.pension,employees,m,35,HUN,30
2023,disability.pension,employees,m,26,BGD,18
2023,disability.pension,employees,m,22,KAZ,54
2023,disability.pension,employees,m,24,IND,80
2023,disability.pension,employees,m,35,GRC,19
2023,disability.pension,employees,f,36,CAN,4
2023,disability.pension,employees,f,50,ESP,6
2023,disability.pension,employees,m,29,JOR,25
2023,disability.pension,employees,m,37,LVA,14
2023,disability.pension,employees,f,19,RUS,24
2023,disability.pension,employees,m,29,ESP,6
2023,disability.pension,employees,f,23,ETH,31
2023,disability.pension,employees,m,23,USA,10
2023,disability.pension,employees,f,27,IND,164
2023,disability.pension,employees,m,36,UKR,44
2023,disability.pension,employees,m,53,AZE,33
2023,disability.pension,employees,m,33,SVK,42
2023,disability.pension,employees,f,34,THA,13
2023,disability.pension,employees,f,24,AZE,62
2023,disability.pension,employees,m,33,GBR,35
2023,disability.pension,employees,f,27,MAR,6
2023,disability.pension,employees,m,35,LVA,17
2023,disability.pension,employees,m,36,LVA,22
2023,disability.pension,employees,m,48,MEX,10
2023,disability.pension,employees,f,26,ZWE,18
2023,disability.pension,employees,m,44,TUN,16
2023,disability.pension,employees,m,22,LVA,7
2023,disability.pension,employees,m,24,ROU,80
2023,disability.pension,employees,m,20,SWE,4
2023,disability.pension,employees,m,30,UGA,12
2023,disability.pension,employees,m,26,LVA,13
2023,disability.pension,employees,m,39,KAZ,92
2023,disability.pension,employees,m,26,PRT,31
2023,disability.pension,employees,m,23,KAZ,69
2023,disability.pension,employees,f,47,RUS,8
2023,disability.pension,employees,m,39,BGD,22
2023,disability.pension,employees,m,49,IRL,8
2023,disability.pension,employees,f,24,ESP,17
2023,disability.pension,employees,m,40,SGP,1
2023,disability.pension,employees,m,22,SVK,7
2023,disability.pension,employees,m,22,MLT,1
2023,disability.pension,employees,m,39,MYS,2
2023,disability.pension,employees,f,30,ZWE,32
2023,disability.pension,employees,m,24,GHA,4
2023,disability.pension,employees,m,28,BEL,10
2023,disability.pension,employees,f,29,CHN,12
2023,disability.pension,employees,m,27,CHN,10
2023,disability.pension,employees,f,20,CHN,9
2023,disability.pension,employees,m,28,HUN,17
2023,disability.pension,employees,m,54,PER,2
2023,disability.pension,employees,m,28,FRA,49
2023,disability.pension,employees,m,43,USA,21
2023,disability.pension,employees,f,27,CHN,46
2023,disability.pension,employees,m,25,MEX,11
2023,disability.pension,employees,f,18,IND,8
2023,disability.pension,employees,m,23,ZWE,56
2023,disability.pension,employees,f,27,IRN,10
2023,disability.pension,employees,f,29,EGY,2
2023,disability.pension,employees,m,31,DNK,4
2023,disability.pension,employees,m,17,SYR,1
2023,disability.pension,employees,m,31,IRN,22
2023,disability.pension,employees,m,21,COG,3
2023,disability.pension,employees,m,29,GHA,4
2023,disability.pension,employees,m,28,GHA,9
2023,disability.pension,employees,m,22,ROU,45
2023,disability.pension,employees,m,36,SWE,8
2023,disability.pension,employees,m,27,GHA,9
2023,disability.pension,employees,m,31,UKR,56
2023,disability.pension,employees,f,21,NER,1
2023,disability.pension,employees,m,34,ETH,8
2023,disability.pension,employees,m,26,ITA,2
2023,disability.pension,employees,f,20,PHL,4
2023,disability.pension,employees,m,26,IRN,4
2023,disability.pension,employees,m,36,CHL,2
2023,disability.pension,employees,f,22,KAZ,2
2023,disability.pension,employees,m,43,DZA,6
2023,disability.pension,employees,m,25,FIN,9
2023,disability.pension,employees,m,33,HUN,38
2023,disability.pension,employees,m,22,ESP,22
2023,disability.pension,employees,m,30,ITA,137
2023,disability.pension,employees,m,34,HUN,36
2023,disability.pension,employees,m,24,FIN,2
2023,disability.pension,employees,m,31,ETH,6
2023,disability.pension,employees,m,22,SDN,3
2023,disability.pension,employees,m,25,HUN,18
2023,disability.pension,employees,m,36,PAK,12
2023,disability.pension,employees,m,45,CHE,1
2023,disability.pension,employees,m,27,TUR,40
2023,disability.pension,employees,f,20,KOR,1
2023,disability.pension,employees,m,35,NPL,10
2023,disability.pension,employees,m,28,FRA,4
2023,disability.pension,employees,f,19,IRN,2
2023,disability.pension,employees,m,32,TUR,32
2023,disability.pension,employees,m,58,HUN,6
2023,disability.pension,employees,f,44,UKR,8
2023,disability.pension,employees,m,49,CUB,7
2023,disability.pension,employees,m,37,UZB,2
2023,disability.pension,employees,m,49,GEO,78
2023,disability.pension,employees,f,20,BLR,6
2023,disability.pension,employees,m,18,ROU,17
2023,disability.pension,employees,m,31,UKR,10
2023,disability.pension,employees,f,40,UKR,5
2023,disability.pension,employees,m,35,IDN,139
2023,disability.pension,employees,m,27,IDN,18
2023,disability.pension,employees,m,27,IDN,234
2023,disability.pension,employees,f,26,IDN,6
2023,disability.pension,employees,m,26,IDN,20
2023,disability.pension,employees,m,28,IDN,228
2023,disability.pension,employees,m,34,IDN,158
2023,disability.pension,employees,m,22,IDN,199
2023,disability.pension,employees,m,22,IDN,6
2023,disability.pension,employees,m,53,IDN,7
2023,disability.pension,employees,f,39,IDN,30
2023,disability.pension,employees,m,26,IDN,249
2023,disability.pension,employees,m,28,IDN,6
2023,disability.pension,employees,m,48,IDN,39
2023,disability.pension,employees,m,42,IDN,102
2023,disability.pension,employees,m,23,IDN,26
2023,disability.pension,employees,m,25,IDN,28
2023,disability.pension,employees,m,42,IDN,12
2023,disability.pension,employees,m,30,IDN,196
2023,disability.pension,employees,m,31,IDN,159
2023,disability.pension,employees,m,21,IDN,100
2023,disability.pension,employees,f,20,IDN,25
2023,disability.pension,employees,m,32,IDN,158
2023,disability.pension,employees,m,39,IDN,120
2023,disability.pension,employees,f,43,ROU,22
2023,disability.pension,employees,m,56,CUB,5
2023,disability.pension,employees,m,39,MEX,26
2023,disability.pension,employees,f,63,LTU,2
2023,disability.pension,employees,f,16,UKR,16
2023,disability.pension,employees,m,26,UKR,48
2023,disability.pension,employees,m,29,PAK,55
2023,disability.pension,employees,m,20,AZE,30
2023,disability.pension,employees,m,56,BGR,19
2023,disability.pension,employees,f,41,ARM,25
2023,disability.pension,employees,m,27,BGR,16
2023,disability.pension,employees,f,21,BGR,11
2023,disability.pension,employees,m,49,UZB,4
2023,disability.pension,employees,m,34,IND,116
2023,disability.pension,employees,f,30,IND,160
2023,disability.pension,employees,f,49,THA,27
2023,disability.pension,employees,m,41,UKR,10
2023,disability.pension,employees,m,59,UKR,45
2023,disability.pension,employees,m,53,PAK,7
2023,disability.pension,employees,m,41,PAK,34
2023,disability.pension,employees,f,44,MDA,34
2023,disability.pension,employees,f,20,RUS,2
2023,disability.pension,employees,m,16,UKR,20
2023,disability.pension,employees,m,37,PAK,32
2023,disability.pension,employees,m,65,DEU,48
2023,disability.pension,employees,f,60,DEU,10
2023,disability.pension,employees,f,64,DEU,11
2023,disability.pension,employees,f,37,ITA,2
2023,disability.pension,employees,f,32,ALB,5
2023,disability.pension,employees,m,31,ZAF,5
2023,disability.pension,employees,f,60,USA,6
2023,disability.pension,employees,f,24,TUR,56
2023,disability.pension,employees,f,29,ITA,57
2023,disability.pension,employees,m,30,SLV,2
2023,disability.pension,employees,f,31,TUR,47
2023,disability.pension,employees,f,62,BGR,8
2023,disability.pension,employees,f,24,BGR,2
2023,disability.pension,employees,m,21,TUR,119
2023,disability.pension,employees,f,43,BGR,10
2023,disability.pension,employees,m,47,AUS,4
2023,disability.pension,employees,m,63,DEU,50
2023,disability.pension,employees,f,55,BGR,11
2023,disability.pension,employees,m,33,BGR,32
2023,disability.pension,employees,f,37,BGR,14
2023,disability.pension,employees,m,51,GBR,2
2023,disability.pension,employees,m,61,NLD,10
2023,disability.pension,employees,f,70,BGR,2
2023,disability.pension,employees,m,38,BGR,40
2023,disability.pension,employees,m,50,BGR,24
2023,disability.pension,employees,f,54,MDA,63
2023,disability.pension,employees,f,21,BLR,80
2023,disability.pension,employees,f,55,NLD,1
2023,disability.pension,employees,m,44,ROU,84
2023,disability.pension,employees,m,52,SVK,11
2023,disability.pension,employees,m,40,LKA,9
2023,disability.pension,employees,m,30,SLE,1
2023,disability.pension,employees,m,25,BGR,11
2023,disability.pension,employees,f,32,BGR,2
2023,disability.pension,employees,m,23,ALB,2
2023,disability.pension,employees,m,55,BGR,24
2023,disability.pension,employees,f,44,BGR,21
2023,disability.pension,employees,m,66,BGR,6
2023,disability.pension,employees,f,31,BGR,13
2023,disability.pension,employees,f,35,BGR,27
2023,disability.pension,employees,f,34,BGR,19
2023,disability.pension,employees,m,39,BGR,44
2023,disability.pension,employees,f,32,VNM,91
2023,disability.pension,employees,f,38,BGR,20
2023,disability.pension,employees,f,49,BGR,17
2023,disability.pension,employees,m,51,CHN,55
2023,disability.pension,employees,m,59,VNM,49
2023,disability.pension,employees,f,35,MKD,2
2023,disability.pension,employees,f,33,MDA,94
2023,disability.pension,employees,f,49,BLR,24
2023,disability.pension,employees,m,52,CHN,2
2023,disability.pension,employees,m,57,TUR,45
2023,disability.pension,employees,f,47,DEU,15
2023,disability.pension,employees,f,58,BGR,4
2023,disability.pension,employees,m,28,TUR,22
2023,disability.pension,employees,m,57,TUR,2
2023,disability.pension,employees,m,50,TUR,20
2023,disability.pension,employees,m,24,TUR,12
2023,disability.pension,employees,m,21,TUR,4
2023,disability.pension,employees,m,65,BGR,11
2023,disability.pension,employees,f,29,BGR,13
2023,disability.pension,employees,m,43,IND,62
2023,disability.pension,employees,m,49,HRV,12
2023,disability.pension,employees,m,29,BGR,24
2023,disability.pension,employees,f,27,BGR,15
2023,disability.pension,employees,f,45,BGR,18
2023,disability.pension,employees,m,57,IND,15
2023,disability.pension,employees,m,43,ROU,6
2023,disability.pension,employees,m,36,KGZ,58
2023,disability.pension,employees,m,27,TJK,41
2023,disability.pension,employees,m,70,BGR,2
2023,disability.pension,employees,m,55,GEO,54
2023,disability.pension,employees,m,22,VNM,121
2023,disability.pension,employees,f,59,BGR,12
2023,disability.pension,employees,f,63,BGR,8
2023,disability.pension,employees,f,24,GEO,78
2023,disability.pension,employees,f,60,UKR,93
2023,disability.pension,employees,m,18,BGR,7
2023,disability.pension,employees,f,32,MEX,18
2023,disability.pension,employees,m,53,DEU,51
2023,disability.pension,employees,f,28,BGR,15
2023,disability.pension,employees,m,39,IND,90
2023,disability.pension,employees,m,40,IND,70
2023,disability.pension,employees,m,38,IND,86
2023,disability.pension,employees,m,26,IND,138
2023,disability.pension,employees,m,31,LKA,6
2023,disability.pension,employees,m,56,NLD,22
2023,disability.pension,employees,m,34,ROU,16
2023,disability.pension,employees,f,27,DEU,11
2023,disability.pension,employees,m,42,CHN,4
2023,disability.pension,employees,m,38,LTU,28
2023,disability.pension,employees,m,64,HRV,2
2023,disability.pension,employees,m,42,UKR,5
2023,disability.pension,employees,m,43,PSE,1
2023,disability.pension,employees,m,24,BGR,3
2023,disability.pension,employees,m,28,LTU,20
2023,disability.pension,employees,m,25,BLR,15
2023,disability.pension,employees,m,59,LTU,7
2023,disability.pension,employees,m,54,LVA,9
2023,disability.pension,employees,m,51,NLD,30
2023,disability.pension,employees,f,42,BGR,23
2023,disability.pension,employees,f,47,BGR,21
2023,disability.pension,employees,m,24,LBN,11
2023,disability.pension,employees,m,54,ROU,54
2023,disability.pension,employees,m,30,BGR,27
2023,disability.pension,employees,m,18,HUN,2
2023,disability.pension,employees,m,44,HUN,26
2023,disability.pension,employees,f,26,MDA,22
2023,disability.pension,employees,m,16,BGR,2
2023,disability.pension,employees,m,30,LTU,23
2023,disability.pension,employees,m,47,BGR,36
2023,disability.pension,employees,f,65,BGR,3
2023,disability.pension,employees,f,28,GMB,2
2023,disability.pension,employees,m,43,UKR,5
2023,disability.pension,employees,f,35,MDA,107
2023,disability.pension,employees,m,18,MDA,71
2023,disability.pension,employees,m,24,UKR,28
2023,disability.pension,employees,m,25,DEU,22
2023,disability.pension,employees,f,42,GEO,163
2023,disability.pension,employees,m,21,LTU,14
2023,disability.pension,employees,m,61,FIN,3
2023,disability.pension,employees,m,51,USA,20
2023,disability.pension,employees,m,58,ITA,38
2023,disability.pension,employees,m,46,ZAF,5
2023,disability.pension,employees,m,58,KAZ,13
2023,disability.pension,employees,m,46,USA,16
2023,disability.pension,employees,m,29,LBN,19
2023,disability.pension,employees,f,25,TUN,12
2023,disability.pension,employees,m,55,LVA,2
2023,disability.pension,employees,m,25,AFG,13
2023,disability.pension,employees,m,62,GRC,4
2023,disability.pension,employees,m,55,ETH,2
2023,disability.pension,employees,m,36,IDN,141
2023,disability.pension,employees,m,40,URY,6
2023,disability.pension,employees,m,52,PER,3
2023,disability.pension,employees,m,36,MKD,6
2023,disability.pension,employees,m,62,ITA,36
2023,disability.pension,employees,m,27,AZE,26
2023,disability.pension,employees,m,55,PRT,9
2023,disability.pension,employees,f,48,TUR,8
2023,disability.pension,employees,m,46,AUS,5
2023,disability.pension,employees,m,46,IND,9
2023,disability.pension,employees,m,20,CMR,2
2023,disability.pension,employees,m,24,ALB,8
2023,disability.pension,employees,m,59,ITA,42
2023,disability.pension,employees,m,51,HRV,6
2023,disability.pension,employees,m,75,NLD,3
2023,disability.pension,employees,f,39,USA,9
2023,disability.pension,employees,m,38,PER,8
2023,disability.pension,employees,m,58,ESP,6
2023,disability.pension,employees,m,56,ROU,58
2023,disability.pension,employees,m,35,ESP,114
2023,disability.pension,employees,m,33,KAZ,8
2023,disability.pension,employees,m,58,DEU,41
2023,disability.pension,employees,f,29,NLD,2
2023,disability.pension,employees,m,35,PRT,58
2023,disability.pension,employees,m,39,JOR,4
2023,disability.pension,employees,m,60,FRA,10
2023,disability.pension,employees,m,34,LKA,13
2023,disability.pension,employees,f,34,AFG,5
2023,disability.pension,employees,f,36,BGR,28
2023,disability.pension,employees,m,27,CZE,14
2023,disability.pension,employees,m,24,TUN,12
2023,disability.pension,employees,m,68,VNM,8
2023,disability.pension,employees,m,54,MKD,4
2023,disability.pension,employees,m,15,USA,1
2023,disability.pension,employees,m,19,KAZ,39
2023,disability.pension,employees,f,18,UKR,72
2023,disability.pension,employees,m,18,KAZ,46
2023,disability.pension,employees,f,17,KAZ,24
2023,disability.pension,employees,f,17,UKR,44
2023,disability.pension,employees,m,17,KAZ,49
2023,disability.pension,employees,f,16,KAZ,19
2023,disability.pension,employees,f,15,UKR,8
2023,disability.pension,employees,m,16,BLR,120
2023,disability.pension,employees,f,15,GEO,1
2023,disability.pension,employees,m,34,NER,7
2023,disability.pension,employees,m,27,TZA,7
2023,disability.pension,employees,m,60,PHL,10
2023,disability.pension,employees,m,56,PHL,24
2023,disability.pension,employees,m,60,UKR,12
2023,disability.pension,employees,f,39,BLR,15
2023,disability.pension,employees,m,22,ARM,10
2023,disability.pension,employees,m,76,GBR,5
2023,disability.pension,employees,f,62,UKR,2
2023,disability.pension,employees,m,57,LAO,2
2023,disability.pension,employees,m,59,LAO,1
2023,disability.pension,employees,f,55,MDA,52
2023,disability.pension,employees,m,27,TUN,34
2023,disability.pension,employees,m,30,TJK,24
2023,disability.pension,employees,m,26,TJK,33
2023,disability.pension,employees,m,46,COG,2
2023,disability.pension,employees,m,62,ZWE,1
2023,disability.pension,employees,m,49,CZE,19
2023,disability.pension,employees,f,32,THA,9
2023,disability.pension,employees,m,31,DNK,2
2023,disability.pension,employees,m,60,AFG,3
2023,disability.pension,employees,f,71,BGR,4
2023,disability.pension,employees,m,38,PAK,30
2023,disability.pension,employees,m,56,SYR,6
2023,disability.pension,employees,f,25,UKR,4
2023,disability.pension,employees,m,16,KAZ,39
2023,disability.pension,employees,m,15,KAZ,15
2023,disability.pension,employees,f,24,BRA,9
2023,disability.pension,employees,m,27,MNG,8
2023,disability.pension,employees,m,58,GRC,4
2023,disability.pension,employees,m,34,KGZ,60
2023,disability.pension,employees,m,58,UZB,16
2023,disability.pension,employees,m,39,PRT,60
2023,disability.pension,employees,m,17,UZB,2
2023,disability.pension,employees,m,43,ESP,53
2023,disability.pension,employees,f,53,BGR,9
2023,disability.pension,employees,m,33,NLD,24
2023,disability.pension,employees,m,54,BIH,2
2023,disability.pension,employees,f,59,KAZ,7
2023,disability.pension,employees,f,40,ARM,21
2023,disability.pension,employees,f,37,CZE,12
2023,disability.pension,employees,m,36,UKR,219
2023,disability.pension,employees,m,39,SLV,2
2023,disability.pension,employees,f,42,URY,2
2023,disability.pension,employees,m,59,BLR,3
2023,disability.pension,employees,m,32,KAZ,53
2023,disability.pension,employees,f,45,DEU,16
2023,disability.pension,employees,f,43,TKM,7
2023,disability.pension,employees,f,57,BGR,12
2023,disability.pension,employees,m,21,GEO,56
2023,disability.pension,employees,m,62,CUB,1
2023,disability.pension,employees,m,54,BGD,7
2023,disability.pension,employees,f,37,BGD,1
2023,disability.pension,employees,m,41,JPN,12
2023,disability.pension,employees,m,58,BLR,58
2023,disability.pension,employees,m,41,ZAF,9
2023,disability.pension,employees,m,59,LBN,2
2023,disability.pension,employees,m,25,YEM,4
2023,disability.pension,employees,f,52,MDA,95
2023,disability.pension,employees,f,48,UZB,9
2023,disability.pension,employees,f,23,MDA,26
2023,disability.pension,employees,f,25,MDA,16
2023,disability.pension,employees,f,27,ZWE,10
2023,disability.pension,employees,m,28,NPL,30
2023,disability.pension,employees,m,21,KAZ,49
2023,disability.pension,employees,m,54,DEU,4
2023,disability.pension,employees,f,25,CHN,34
2023,disability.pension,employees,f,25,ROU,37
2023,disability.pension,employees,m,42,MAR,14
2023,disability.pension,employees,f,25,ITA,3
2023,disability.pension,employees,f,34,KOR,4
2023,disability.pension,employees,m,55,ESP,17
2023,disability.pension,employees,f,42,EGY,3
2023,disability.pension,employees,m,41,ALB,14
2023,disability.pension,employees,m,41,IND,96
2023,disability.pension,employees,m,36,IND,102
2023,disability.pension,employees,m,31,IND,128
2023,disability.pension,employees,m,50,BEL,6
2023,disability.pension,employees,m,43,GEO,86
2023,disability.pension,employees,m,28,ETH,40
2023,disability.pension,employees,m,38,BGD,18
2023,disability.pension,employees,f,35,THA,8
2023,disability.pension,employees,m,74,DEU,12
2023,disability.pension,employees,f,45,BEL,3
2023,disability.pension,employees,m,40,ALB,15
2023,disability.pension,employees,m,33,UKR,2
2023,disability.pension,employees,m,42,EGY,40
2023,disability.pension,employees,f,22,BGR,10
2023,disability.pension,employees,f,44,TUR,11
2023,disability.pension,employees,m,37,TJK,43
2023,disability.pension,employees,f,39,LTU,20
2023,disability.pension,employees,m,45,FRA,32
2023,disability.pension,employees,m,47,AUT,6
2023,disability.pension,employees,m,60,MLT,1
2023,disability.pension,employees,m,26,PHL,59
2023,disability.pension,employees,m,21,PHL,4
2023,disability.pension,employees,m,43,CZE,23
2023,disability.pension,employees,m,26,ESP,69
2023,disability.pension,employees,m,41,EGY,33
2023,disability.pension,employees,m,27,AZE,237
2023,disability.pension,employees,m,50,MDA,16
2023,disability.pension,employees,m,45,NOR,4
2023,disability.pension,employees,m,47,TUR,8
2023,disability.pension,employees,m,47,LTU,18
2023,disability.pension,employees,f,32,ARM,32
2023,disability.pension,employees,m,24,COL,170
2023,disability.pension,employees,m,44,MYS,2
2023,disability.pension,employees,m,50,FIN,2
2023,disability.pension,employees,m,22,ISL,1
2023,disability.pension,employees,m,36,MAR,18
2023,disability.pension,employees,m,50,IND,91
2023,disability.pension,employees,m,39,LVA,22
2023,disability.pension,employees,m,39,FRA,61
2023,disability.pension,employees,m,26,SVK,2
2023,disability.pension,employees,m,21,ROU,53
2023,disability.pension,employees,m,26,FRA,56
2023,disability.pension,employees,m,63,BEL,4
2023,disability.pension,employees,m,70,ITA,10
2023,disability.pension,employees,m,38,YEM,1
2023,disability.pension,employees,f,22,LVA,6
2023,disability.pension,employees,m,32,CZE,31
2023,disability.pension,employees,m,37,BGD,14
2023,disability.pension,employees,f,27,NGA,2
2023,disability.pension,employees,m,44,CHL,2
2023,disability.pension,employees,m,35,BLR,30
2023,disability.pension,employees,f,35,NLD,5
2023,disability.pension,employees,m,26,BEL,4
2023,disability.pension,employees,f,60,AFG,3
2023,disability.pension,employees,m,29,COL,24
2023,disability.pension,employees,m,45,MDA,36
2023,disability.pension,employees,m,25,CAF,1
2023,disability.pension,employees,m,27,CAF,1
2023,disability.pension,employees,m,62,LVA,4
2023,disability.pension,employees,m,73,TUR,2
2023,disability.pension,employees,m,52,UZB,61
2023,disability.pension,employees,m,17,MDA,10
2023,disability.pension,employees,f,44,ROU,29
2023,disability.pension,employees,m,52,RUS,101
2023,disability.pension,employees,f,29,DEU,15
2023,disability.pension,employees,m,76,YUG,1
2023,disability.pension,employees,m,33,PER,13
2023,disability.pension,employees,f,62,DEU,8
2023,disability.pension,employees,f,31,GEO,134
2023,disability.pension,employees,m,68,SYR,4
2023,disability.pension,employees,f,41,IDN,37
2023,disability.pension,employees,f,54,AGO,1
2023,disability.pension,employees,m,47,NGA,9
2023,disability.pension,employees,f,27,BLR,21
2023,disability.pension,employees,f,52,RUS,6
2023,disability.pension,employees,m,45,MEX,8
2023,disability.pension,employees,m,43,ARM,4
2023,disability.pension,employees,m,54,DNK,8
2023,disability.pension,employees,m,41,BGD,18
2023,disability.pension,employees,m,31,PHL,176
2023,disability.pension,employees,m,38,PHL,281
2023,disability.pension,employees,m,51,MAR,2
2023,disability.pension,employees,f,63,AND,1
2023,disability.pension,employees,f,62,GEO,29
2023,disability.pension,employees,m,33,VEN,5
2023,disability.pension,employees,m,59,ARM,21
2023,disability.pension,employees,m,56,DNK,7
2023,disability.pension,employees,m,43,SVK,6
2023,disability.pension,employees,m,46,CZE,21
2023,disability.pension,employees,f,56,LTU,7
2023,disability.pension,employees,m,63,DNK,2
2023,disability.pension,employees,f,46,UKR,2
2023,disability.pension,employees,f,26,NPL,6
2023,disability.pension,employees,m,25,NPL,24
2023,disability.pension,employees,m,27,NPL,24
2023,disability.pension,employees,m,38,NPL,12
2023,disability.pension,employees,f,33,IDN,37
2023,disability.pension,employees,m,65,USA,12
2023,disability.pension,employees,m,61,BEL,4
2023,disability.pension,employees,f,39,HUN,18
2023,disability.pension,employees,f,29,CZE,13
2023,disability.pension,employees,m,51,JOR,3
2023,disability.pension,employees,m,69,DEU,27
2023,disability.pension,employees,m,35,SYR,9
2023,disability.pension,employees,m,35,DNK,6
2023,disability.pension,employees,f,26,AFG,10
2023,disability.pension,employees,f,25,TKM,9
2023,disability.pension,employees,m,37,BGR,31
2023,disability.pension,employees,m,65,GEO,12
2023,disability.pension,employees,m,49,SYR,8
2023,disability.pension,employees,f,55,ITA,5
2023,disability.pension,employees,m,61,DNK,5
2023,disability.pension,employees,f,26,NPL,70
2023,disability.pension,employees,f,36,EGY,7
2023,disability.pension,employees,f,82,UKR,15
2023,disability.pension,employees,f,32,DEU,18
2023,disability.pension,employees,f,35,PHL,207
2023,disability.pension,employees,m,39,TKM,8
2023,disability.pension,employees,m,41,LKA,11
2023,disability.pension,employees,m,38,LKA,13
2023,disability.pension,employees,m,46,LKA,12
2023,disability.pension,employees,m,65,DNK,2
2023,disability.pension,employees,m,35,GTM,5
2023,disability.pension,employees,m,43,BGD,90
2023,disability.pension,employees,m,22,BGD,60
2023,disability.pension,employees,f,70,ARM,7
2023,disability.pension,employees,f,63,DNK,1
2023,disability.pension,employees,f,35,DEU,15
2023,disability.pension,employees,f,27,NPL,14
2023,disability.pension,employees,m,26,ESP,3
2023,disability.pension,employees,f,45,VNM,68
2023,disability.pension,employees,m,31,VNM,181
2023,disability.pension,employees,m,15,UKR,8
2023,disability.pension,employees,f,85,DEU,1
2023,disability.pension,employees,m,62,BRA,1
2023,disability.pension,employees,m,24,MDA,34
2023,disability.pension,employees,m,31,ARG,23
2023,disability.pension,employees,m,40,DNK,6
2023,disability.pension,employees,f,59,DEU,13
2023,disability.pension,employees,f,33,TTO,1
2023,disability.pension,employees,f,43,GEO,163
2023,disability.pension,employees,f,83,DEU,1
2023,disability.pension,employees,f,41,BGR,14
2023,disability.pension,employees,f,24,BGD,3
2023,disability.pension,employees,m,36,DZA,4
2023,disability.pension,employees,f,20,BGR,15
2023,disability.pension,employees,m,44,CZE,15
2023,disability.pension,employees,f,58,CAN,2
2023,disability.pension,employees,m,45,DEU,63
2023,disability.pension,employees,m,47,COL,47
2023,disability.pension,employees,m,39,UKR,28
2023,disability.pension,employees,m,61,SVK,7
2023,disability.pension,employees,m,38,CUB,15
2023,disability.pension,employees,f,63,SVK,3
2023,disability.pension,employees,m,44,BRA,19
2023,disability.pension,employees,m,30,DOM,3
2023,disability.pension,employees,f,63,VNM,15
2023,disability.pension,employees,m,37,VNM,10
2023,disability.pension,employees,m,31,TUN,4
2023,disability.pension,employees,m,29,IRL,2
2023,disability.pension,employees,f,30,ZWE,2
2023,disability.pension,employees,m,36,SVK,22
2023,disability.pension,employees,m,25,NGA,34
2023,disability.pension,employees,f,37,VEN,2
2023,disability.pension,employees,m,73,AUT,2
2023,disability.pension,employees,m,39,MAR,22
2023,disability.pension,employees,m,37,MAR,26
2023,disability.pension,employees,m,45,MRT,1
2023,disability.pension,employees,m,32,TUN,41
2023,disability.pension,employees,m,34,MAR,30
2023,disability.pension,employees,m,35,DZA,6
2023,disability.pension,employees,m,55,DZA,5
2023,disability.pension,employees,m,59,IRQ,3
2023,disability.pension,employees,m,30,EGY,2
2023,disability.pension,employees,m,42,DZA,11
2023,disability.pension,employees,m,33,IRQ,7
2023,disability.pension,employees,f,49,SVK,10
2023,disability.pension,employees,m,65,VNM,14
2023,disability.pension,employees,m,39,IRQ,11
2023,disability.pension,employees,f,66,RUS,2
2023,disability.pension,employees,f,32,SVK,2
2023,disability.pension,employees,f,77,DEU,4
2023,disability.pension,employees,m,49,AFG,6
2023,disability.pension,employees,f,45,HUN,7
2023,disability.pension,employees,m,44,IRL,21
2023,disability.pension,employees,m,24,USA,14
2023,disability.pension,employees,f,70,SVK,2
2023,disability.pension,employees,m,71,ARM,3
2023,disability.pension,employees,m,62,UKR,33
2023,disability.pension,employees,f,64,SWE,1
2023,disability.pension,employees,m,61,BIH,3
2023,disability.pension,employees,m,28,MEX,17
2023,disability.pension,employees,f,56,UKR,129
2023,disability.pension,employees,f,49,UKR,6
2023,disability.pension,employees,m,33,RUS,12
2023,disability.pension,employees,m,24,ESP,4
2023,disability.pension,employees,m,25,ESP,2
2023,disability.pension,employees,f,56,URY,1
2023,disability.pension,employees,f,42,UZB,10
2023,disability.pension,employees,f,33,MEX,11
2023,disability.pension,employees,m,60,USA,13
2023,disability.pension,employees,f,71,PRT,1
2023,disability.pension,employees,f,29,PER,6
2023,disability.pension,employees,f,22,TUR,25
2023,disability.pension,employees,f,23,KAZ,50
2023,disability.pension,employees,m,67,SWE,2
2023,disability.pension,employees,f,83,UKR,10
2023,disability.pension,employees,f,23,USA,8
2023,disability.pension,employees,m,35,MEX,6
2023,disability.pension,employees,f,62,CZE,2
2023,disability.pension,employees,f,50,SVK,7
2023,disability.pension,employees,m,32,ESP,16
2023,disability.pension,employees,m,50,AUT,6
2023,disability.pension,employees,f,33,KEN,2
2023,disability.pension,employees,f,56,VNM,19
2023,disability.pension,employees,f,62,GEO,2
2023,disability.pension,employees,f,36,UKR,4
2023,disability.pension,employees,m,38,SVK,2
2023,disability.pension,employees,m,50,TUN,4
2023,disability.pension,employees,m,21,VNM,88
2023,disability.pension,employees,f,54,UZB,3
2023,disability.pension,employees,m,43,VEN,9
2023,disability.pension,employees,f,38,MEX,9
2023,disability.pension,employees,f,79,RUS,7
2023,disability.pension,employees,m,59,ISR,3
2023,disability.pension,employees,f,37,GBR,6
2023,disability.pension,employees,f,36,GBR,2
2023,disability.pension,employees,f,54,ZAF,2
2023,disability.pension,employees,f,39,SYR,5
2023,disability.pension,employees,m,37,ARM,4
2023,disability.pension,employees,f,60,VNM,21
2023,disability.pension,employees,f,27,VNM,88
2023,disability.pension,employees,f,39,ROU,35
2023,disability.pension,employees,f,52,UKR,32
2023,disability.pension,employees,f,23,VNM,63
2023,disability.pension,employees,m,53,EGY,5
2023,disability.pension,employees,m,48,DEU,50
2023,disability.pension,employees,m,55,USA,22
2023,disability.pension,employees,m,63,TUN,1
2023,disability.pension,employees,f,47,UZB,12
2023,disability.pension,employees,f,44,IRL,3
2023,disability.pension,employees,m,52,VGB,1
2023,disability.pension,employees,m,56,NOR,2
2023,disability.pension,employees,m,41,ESP,8
2023,disability.pension,employees,f,45,SVN,1
2023,disability.pension,employees,m,46,GIN,1
2023,disability.pension,employees,m,52,DZA,2
2023,disability.pension,employees,m,63,MLI,1
2023,disability.pension,employees,f,60,MDA,6
2023,disability.pension,employees,m,66,VNM,7
2023,disability.pension,employees,f,48,VNM,52
2023,disability.pension,employees,m,73,SWE,4
2023,disability.pension,employees,f,62,VNM,13
2023,disability.pension,employees,m,43,CMR,4
2023,disability.pension,employees,m,62,IND,3
2023,disability.pension,employees,m,65,IRL,2
2023,disability.pension,employees,f,46,ROU,24
2023,disability.pension,employees,m,63,UKR,42
2023,disability.pension,employees,m,65,UKR,18
2023,disability.pension,employees,m,56,BLR,6
2023,disability.pension,employees,m,57,UKR,66
2023,disability.pension,employees,m,31,AZE,14
2023,disability.pension,employees,m,64,GEO,3
2023,disability.pension,employees,m,54,UKR,12
2023,disability.pension,employees,m,60,UKR,39
2023,disability.pension,employees,m,57,PHL,17
2023,disability.pension,employees,m,54,GEO,12
2023,disability.pension,employees,m,52,UKR,24
2023,disability.pension,employees,m,42,UKR,32
2023,disability.pension,employees,m,59,MDA,3
2023,disability.pension,employees,m,54,RUS,3
2023,disability.pension,employees,m,53,RUS,6
2023,disability.pension,employees,m,57,PHL,4
2023,disability.pension,employees,m,51,UKR,28
2023,disability.pension,employees,m,53,RUS,8
2023,disability.pension,employees,m,54,UKR,5
2023,disability.pension,employees,m,56,UKR,16
2023,disability.pension,employees,m,61,MDA,6
2023,disability.pension,employees,m,25,UZB,6
2023,disability.pension,employees,m,45,UKR,20
2023,disability.pension,employees,m,51,RUS,3
2023,disability.pension,employees,m,51,MDA,9
2023,disability.pension,employees,m,61,GEO,3
2023,disability.pension,employees,m,68,UKR,9
2023,disability.pension,employees,m,60,UZB,6
2023,disability.pension,employees,m,67,UKR,9
2023,disability.pension,employees,m,43,PHL,34
2023,disability.pension,employees,m,34,UKR,32
2023,disability.pension,employees,m,45,ARM,6
2023,disability.pension,employees,m,45,UZB,6
2023,disability.pension,employees,m,35,UZB,9
2023,disability.pension,employees,m,53,UZB,3
2023,disability.pension,employees,m,38,GEO,9
2023,disability.pension,employees,m,31,UZB,6
2023,disability.pension,employees,m,42,UZB,21
2023,disability.pension,employees,m,43,TKM,3
2023,disability.pension,employees,m,36,UZB,44
2023,disability.pension,employees,m,52,UZB,9
2023,disability.pension,employees,m,39,TUR,3
2023,disability.pension,employees,m,40,GEO,4
2023,disability.pension,employees,m,42,NPL,3
2023,disability.pension,employees,m,49,UZB,9
2023,disability.pension,employees,m,46,AZE,2
2023,disability.pension,employees,m,41,UZB,15
2023,disability.pension,employees,m,43,TUR,10
2023,disability.pension,employees,m,43,IND,12
2023,disability.pension,employees,m,39,GEO,15
2023,disability.pension,employees,m,38,NPL,6
2023,disability.pension,employees,m,50,GEO,21
2023,disability.pension,employees,m,48,TJK,3
2023,disability.pension,employees,m,40,UZB,48
2023,disability.pension,employees,m,65,GEO,3
2023,disability.pension,employees,m,36,KGZ,4
2023,disability.pension,employees,m,35,UZB,38
2023,disability.pension,employees,m,36,UZB,15
2023,disability.pension,employees,m,43,UZB,15
2023,disability.pension,employees,m,39,UZB,27
2023,disability.pension,employees,m,57,UZB,3
2023,disability.pension,employees,m,60,KGZ,3
2023,disability.pension,employees,m,40,KAZ,3
2023,disability.pension,employees,m,47,UZB,9
2023,disability.pension,employees,m,51,PHL,3
2023,disability.pension,employees,m,41,AZE,3
2023,disability.pension,employees,m,56,UKR,3
2023,disability.pension,employees,m,45,KGZ,5
2023,disability.pension,employees,m,35,GEO,12
2023,disability.pension,employees,m,59,GEO,9
2023,disability.pension,employees,m,42,KGZ,6
2023,disability.pension,employees,m,35,TUR,18
2023,disability.pension,employees,m,42,IND,6
2023,disability.pension,employees,m,49,KGZ,2
2023,disability.pension,employees,m,46,UZB,28
2023,disability.pension,employees,m,56,UZB,3
2023,disability.pension,employees,m,48,UZB,24
2023,disability.pension,employees,m,37,UZB,27
2023,disability.pension,employees,m,45,TJK,9
2023,disability.pension,employees,m,37,AZE,3
2023,disability.pension,employees,m,53,UZB,8
2023,disability.pension,employees,m,46,TUR,3
2023,disability.pension,employees,m,44,UZB,4
2023,disability.pension,employees,m,44,UZB,38
2023,disability.pension,employees,m,43,PHL,12
2023,disability.pension,employees,m,40,TUR,8
2023,disability.pension,employees,m,63,PHL,3
2023,disability.pension,employees,m,34,UZB,21
2023,disability.pension,employees,m,44,UZB,24
2023,disability.pension,employees,m,33,UZB,9
2023,disability.pension,employees,m,34,GEO,3
2023,disability.pension,employees,m,40,UZB,30
2023,disability.pension,employees,m,50,UZB,6
2023,disability.pension,employees,m,47,UZB,24
2023,disability.pension,employees,m,41,GEO,96
2023,disability.pension,employees,m,30,UZB,6
2023,disability.pension,employees,m,28,TUR,6
2023,disability.pension,employees,m,31,GEO,12
2023,disability.pension,employees,m,31,UZB,8
2023,disability.pension,employees,m,30,UZB,15
2023,disability.pension,employees,m,41,UZB,4
2023,disability.pension,employees,m,50,TJK,2
2023,disability.pension,employees,m,26,UZB,6
2023,disability.pension,employees,m,54,PHL,3
2023,disability.pension,employees,m,40,PHL,54
2023,disability.pension,employees,m,40,TJK,5
2023,disability.pension,employees,m,41,TJK,5
2023,disability.pension,employees,m,65,TUR,3
2023,disability.pension,employees,m,37,UZB,42
2023,disability.pension,employees,m,51,UZB,12
2023,disability.pension,employees,m,56,UZB,12
2023,disability.pension,employees,m,41,UZB,42
2023,disability.pension,employees,m,49,NPL,10
2023,disability.pension,employees,m,51,UZB,18
2023,disability.pension,employees,m,34,KGZ,3
2023,disability.pension,employees,m,35,TJK,3
2023,disability.pension,employees,m,40,AZE,3
2023,disability.pension,employees,m,36,TJK,6
2023,disability.pension,employees,m,39,UZB,4
2023,disability.pension,employees,m,32,UZB,4
2023,disability.pension,employees,m,54,TUR,3
2023,disability.pension,employees,m,44,PHL,3
2023,disability.pension,employees,m,44,ZWE,36
2023,disability.pension,employees,m,34,UZB,8
2023,disability.pension,employees,m,34,TJK,3
2023,disability.pension,employees,m,35,UZB,4
2023,disability.pension,employees,m,28,UZB,6
2023,disability.pension,employees,m,46,TJK,4
2023,disability.pension,employees,m,26,UZB,4
2023,disability.pension,employees,m,27,TJK,5
2023,disability.pension,employees,m,51,BLR,15
2023,disability.pension,employees,m,36,UZB,4
2023,disability.pension,employees,m,27,TJK,3
2023,disability.pension,employees,m,27,GEO,12
2023,disability.pension,employees,m,54,UZB,4
2023,disability.pension,employees,m,67,KAZ,3
2023,disability.pension,employees,m,54,UZB,3
2023,disability.pension,employees,m,43,TJK,3
2023,disability.pension,employees,m,22,UZB,12
2023,disability.pension,employees,m,31,TUR,9
2023,disability.pension,employees,m,30,AZE,3
2023,disability.pension,employees,m,41,TJK,6
2023,disability.pension,employees,m,29,UZB,3
2023,disability.pension,employees,m,30,TJK,3
2023,disability.pension,employees,m,42,UZB,46
2023,disability.pension,employees,m,30,GEO,3
2023,disability.pension,employees,m,41,TUR,3
2023,disability.pension,employees,m,37,TJK,8
2023,disability.pension,employees,m,31,TJK,10
2023,disability.pension,employees,m,29,TUR,9
2023,disability.pension,employees,m,44,NPL,4
2023,disability.pension,employees,m,27,UZB,9
2023,disability.pension,employees,m,33,UZB,38
2023,disability.pension,employees,m,20,UZB,4
2023,disability.pension,employees,m,47,KEN,5
2023,disability.pension,employees,m,48,TUR,6
2023,disability.pension,employees,m,26,TUR,3
2023,disability.pension,employees,m,38,UZB,9
2023,disability.pension,employees,m,52,PHL,6
2023,disability.pension,employees,m,22,TJK,5
2023,disability.pension,employees,m,32,TJK,3
2023,disability.pension,employees,m,58,PHL,6
2023,disability.pension,employees,m,33,UZB,4
2023,disability.pension,employees,m,29,UZB,4
2023,disability.pension,employees,m,22,UZB,6
2023,disability.pension,employees,m,49,PHL,3
2023,disability.pension,employees,m,50,TUR,3
2023,disability.pension,employees,m,40,TJK,4
2023,disability.pension,employees,m,35,AZE,3
2023,disability.pension,employees,f,41,GEO,38
2023,disability.pension,employees,m,54,AZE,3
2023,disability.pension,employees,m,41,KGZ,4
2023,disability.pension,employees,f,23,GEO,12
2023,disability.pension,employees,m,24,TJK,26
2023,disability.pension,employees,m,38,TJK,4
2023,disability.pension,employees,m,21,UZB,3
2023,disability.pension,employees,m,45,TUR,16
2023,disability.pension,employees,m,31,TJK,6
2023,disability.pension,employees,m,34,TUR,24
2023,disability.pension,employees,m,24,UZB,12
2023,disability.pension,employees,m,50,NPL,3
2023,disability.pension,employees,m,43,TUR,3
2023,disability.pension,employees,m,36,ZWE,3
2023,disability.pension,employees,m,30,KGZ,4
2023,disability.pension,employees,m,47,NPL,42
2023,disability.pension,employees,m,37,TUR,6
2023,disability.pension,employees,m,38,UZB,4
2023,disability.pension,employees,m,37,KGZ,12
2023,disability.pension,employees,m,33,KGZ,12
2023,disability.pension,employees,m,32,KGZ,3
2023,disability.pension,employees,m,30,IND,6
2023,disability.pension,employees,m,39,TUR,24
2023,disability.pension,employees,m,24,UZB,6
2023,disability.pension,employees,m,24,AZE,20
2023,disability.pension,employees,m,39,ZWE,14
2023,disability.pension,employees,m,45,ZWE,2
2023,disability.pension,employees,m,41,TUR,18
2023,disability.pension,employees,m,32,TJK,8
2023,disability.pension,employees,m,69,TUR,2
2023,disability.pension,employees,m,36,NPL,10
2023,disability.pension,employees,m,44,AZE,4
2023,disability.pension,employees,m,39,NPL,16
2023,disability.pension,employees,m,46,TUR,18
2023,disability.pension,employees,m,49,TJK,3
2023,disability.pension,employees,m,38,ZWE,60
2023,disability.pension,employees,m,53,TUR,8
2023,disability.pension,employees,m,34,ZWE,18
2023,disability.pension,employees,m,39,ZWE,59
2023,disability.pension,employees,m,45,ZWE,37
2023,disability.pension,employees,m,43,UZB,36
2023,disability.pension,employees,m,29,UZB,34
2023,disability.pension,employees,m,38,TUR,12
2023,disability.pension,employees,m,25,UZB,18
2023,disability.pension,employees,m,40,ZWE,58
2023,disability.pension,employees,m,32,TJK,40
2023,disability.pension,employees,m,31,ZWE,38
2023,disability.pension,employees,m,38,KGZ,56
2023,disability.pension,employees,f,41,UZB,16
2023,disability.pension,employees,m,32,ZWE,10
2023,disability.pension,employees,m,35,ZWE,33
2023,disability.pension,employees,m,33,TUR,10
2023,disability.pension,employees,m,74,UKR,26
2023,disability.pension,employees,m,59,GBR,38
2023,disability.pension,employees,f,18,GEO,13
2023,disability.pension,employees,m,44,AUT,2
2023,disability.pension,employees,f,34,VNM,84
2023,disability.pension,employees,f,69,MDA,2
2023,disability.pension,employees,m,41,JOR,8
2023,disability.pension,employees,m,25,PAK,25
2023,disability.pension,employees,m,30,USA,28
2023,disability.pension,employees,m,47,LVA,15
2023,disability.pension,employees,m,67,VNM,7
2023,disability.pension,employees,m,53,VEN,2
2023,disability.pension,employees,m,60,GBR,35
2023,disability.pension,employees,f,36,JPN,4
2023,disability.pension,employees,m,43,IRN,11
2023,disability.pension,employees,m,39,IRL,10
2023,disability.pension,employees,m,50,USA,23
2023,disability.pension,employees,m,24,GBR,7
2023,disability.pension,employees,f,60,SYR,1
2023,disability.pension,employees,m,31,EGY,4
2023,disability.pension,employees,f,39,KAZ,21
2023,disability.pension,employees,f,31,ROU,34
2023,disability.pension,employees,m,59,UZB,2
2023,disability.pension,employees,m,37,MKD,4
2023,disability.pension,employees,m,62,UZB,2
2023,disability.pension,employees,m,53,BLR,4
2023,disability.pension,employees,m,57,MDA,10
2023,disability.pension,employees,m,44,TJK,12
2023,disability.pension,employees,m,68,GEO,15
2023,disability.pension,employees,m,55,UZB,2
2023,disability.pension,employees,m,51,KAZ,8
2023,disability.pension,employees,m,62,GEO,22
2023,disability.pension,employees,m,51,TUR,3
2023,disability.pension,employees,m,61,UZB,2
2023,disability.pension,employees,m,24,IND,3
2023,disability.pension,employees,m,26,TJK,14
2023,disability.pension,employees,f,27,AZE,64
2023,disability.pension,employees,m,34,TJK,2
2023,disability.pension,employees,m,24,TJK,2
2023,disability.pension,employees,m,28,UZB,18
2023,disability.pension,employees,m,49,IND,28
2023,disability.pension,employees,m,53,IND,51
2023,disability.pension,employees,m,61,UZB,3
2023,disability.pension,employees,m,45,IND,40
2023,disability.pension,employees,m,65,TUR,4
2023,disability.pension,employees,m,44,IND,42
2023,disability.pension,employees,m,35,ZWE,8
2023,disability.pension,employees,m,33,IND,86
2023,disability.pension,employees,m,41,AZE,8
2023,disability.pension,employees,m,48,IND,44
2023,disability.pension,employees,m,38,AZE,6
2023,disability.pension,employees,m,34,KGZ,10
2023,disability.pension,employees,f,40,UZB,6
2023,disability.pension,employees,m,55,PHL,33
2023,disability.pension,employees,m,42,ZWE,51
2023,disability.pension,employees,m,42,LKA,6
2023,disability.pension,employees,m,51,TUR,4
2023,disability.pension,employees,m,30,ZWE,10
2023,disability.pension,employees,f,49,UKR,2
2023,disability.pension,employees,f,30,ARM,21
2023,disability.pension,employees,f,68,UKR,32
2023,disability.pension,employees,f,69,FRA,2
2023,disability.pension,employees,f,34,LVA,12
2023,disability.pension,employees,m,67,USA,9
2023,disability.pension,employees,m,53,HUN,6
2023,disability.pension,employees,m,47,SWE,6
2023,disability.pension,employees,m,41,CHE,2
2023,disability.pension,employees,f,31,TUN,6
2023,disability.pension,employees,m,27,ARM,12
2023,disability.pension,employees,f,23,TUR,35
2023,disability.pension,employees,f,23,PHL,5
2023,disability.pension,employees,f,31,IND,26
2023,disability.pension,employees,m,44,MEX,16
2023,disability.pension,employees,f,26,GEO,92
2023,disability.pension,employees,m,43,FRA,64
2023,disability.pension,employees,f,67,AUT,3
2023,disability.pension,employees,m,63,FRA,2
2023,disability.pension,employees,f,45,BLR,18
2023,disability.pension,employees,m,35,CMR,8
2023,disability.pension,employees,m,46,USA,2
2023,disability.pension,employees,f,26,PHL,46
2023,disability.pension,employees,m,70,GRC,2
2023,disability.pension,employees,m,40,CMR,3
2023,disability.pension,employees,m,37,CMR,12
2023,disability.pension,employees,f,35,CMR,4
2023,disability.pension,employees,f,44,KAZ,25
2023,disability.pension,employees,f,44,UKR,68
2023,disability.pension,employees,f,17,VNM,1
2023,disability.pension,employees,m,39,SVN,11
2023,disability.pension,employees,m,69,ARM,7
2023,disability.pension,employees,f,60,THA,6
2023,disability.pension,employees,f,47,IDN,17
2023,disability.pension,employees,f,54,IDN,3
2023,disability.pension,employees,f,34,IDN,6
2023,disability.pension,employees,f,42,IDN,27
2023,disability.pension,employees,m,69,GBR,11
2023,disability.pension,employees,f,60,MEX,1
2023,disability.pension,employees,m,41,ESP,70
2023,disability.pension,employees,m,69,FRA,2
2023,disability.pension,employees,m,53,CHE,5
2023,disability.pension,employees,m,19,ITA,5
2023,disability.pension,employees,m,43,IDN,99
2023,disability.pension,employees,m,31,EGY,56
2023,disability.pension,employees,f,63,GBR,7
2023,disability.pension,employees,m,53,BEL,2
2023,disability.pension,employees,f,55,VEN,2
2023,disability.pension,employees,m,53,ARM,4
2023,disability.pension,employees,m,37,HRV,12
2023,disability.pension,employees,f,27,BLR,3
2023,disability.pension,employees,m,26,LKA,4
2023,disability.pension,employees,f,23,BGD,3
2023,disability.pension,employees,m,23,EGY,16
2023,disability.pension,employees,f,21,CHN,2
2023,disability.pension,employees,m,20,DZA,4
2023,disability.pension,employees,f,19,AZE,8
2023,disability.pension,employees,f,25,AZE,59
2023,disability.pension,employees,m,47,PRT,26
2023,disability.pension,employees,f,41,ITA,13
2023,disability.pension,employees,m,66,KAZ,1
2023,disability.pension,employees,m,76,ITA,4
2023,disability.pension,employees,m,72,AUT,3
2023,disability.pension,employees,f,69,ARM,3
2023,disability.pension,employees,m,46,CAN,6
2023,disability.pension,employees,f,20,UKR,20
2023,disability.pension,employees,f,18,ROU,7
2023,disability.pension,employees,f,25,COG,2
2023,disability.pension,employees,m,20,DZA,4
2023,disability.pension,employees,m,24,IRQ,5
2023,disability.pension,employees,m,40,AGO,2
2023,disability.pension,employees,m,56,LBY,3
2023,disability.pension,employees,m,48,FIN,6
2023,disability.pension,employees,f,25,ESP,2
2023,disability.pension,employees,f,32,FRA,25
2023,disability.pension,employees,f,40,COL,44
2023,disability.pension,employees,f,45,PER,3
2023,disability.pension,employees,f,30,COL,53
2023,disability.pension,employees,f,38,GTM,2
2023,disability.pension,employees,f,48,VEN,2
2023,disability.pension,employees,m,34,SEN,4
2023,disability.pension,employees,m,61,COL,6
2023,disability.pension,employees,f,75,GBR,1
2023,disability.pension,employees,m,39,RUS,18
2023,disability.pension,employees,m,54,CAN,2
2023,disability.pension,employees,m,36,EGY,6
2023,disability.pension,employees,m,43,BRA,24
2023,disability.pension,employees,m,38,IRQ,10
2023,disability.pension,employees,m,43,IRQ,6
2023,disability.pension,employees,m,27,MAR,45
2023,disability.pension,employees,f,32,LTU,28
2023,disability.pension,employees,m,39,DZA,23
2023,disability.pension,employees,m,46,DEU,2
2023,disability.pension,employees,m,71,ITA,7
2023,disability.pension,employees,m,51,JPN,6
2023,disability.pension,employees,m,55,ITA,6
2023,disability.pension,employees,m,40,MNG,7
2023,disability.pension,employees,f,47,PRT,2
2023,disability.pension,employees,f,55,USA,6
2023,disability.pension,employees,f,42,IND,28
2023,disability.pension,employees,f,52,IRQ,1
2023,disability.pension,employees,m,44,NPL,69
2023,disability.pension,employees,m,59,EGY,4
2023,disability.pension,employees,m,51,CZE,6
2023,disability.pension,employees,f,35,SVK,2
2023,disability.pension,employees,m,49,NPL,17
2023,disability.pension,employees,f,69,GBR,2
2023,disability.pension,employees,m,43,NZL,1
2023,disability.pension,employees,f,25,VNM,61
2023,disability.pension,employees,f,63,USA,2
2023,disability.pension,employees,f,60,VNM,6
2023,disability.pension,employees,f,67,VNM,3
2023,disability.pension,employees,f,42,VNM,67
2023,disability.pension,employees,f,19,VNM,21
2023,disability.pension,employees,f,28,ROU,33
2023,disability.pension,employees,m,66,ITA,18
2023,disability.pension,employees,m,62,PRT,10
2023,disability.pension,employees,m,51,PRT,4
2023,disability.pension,employees,f,53,UKR,2
2023,disability.pension,employees,m,26,COG,13
2023,disability.pension,employees,f,34,GBR,8
2023,disability.pension,employees,m,34,UKR,16
2023,disability.pension,employees,m,52,HUN,12
2023,disability.pension,employees,f,61,VNM,9
2023,disability.pension,employees,f,26,UKR,12
2023,disability.pension,employees,m,66,FRA,8
2023,disability.pension,employees,m,56,MAR,3
2023,disability.pension,employees,m,40,MAR,18
2023,disability.pension,employees,m,41,SAU,1
2023,disability.pension,employees,m,61,USA,4
2023,disability.pension,employees,m,44,MKD,2
2023,disability.pension,employees,m,45,PRT,4
2023,disability.pension,employees,m,45,ITA,12
2023,disability.pension,employees,f,40,GBR,6
2023,disability.pension,employees,f,40,USA,13
2023,disability.pension,employees,m,42,USA,8
2023,disability.pension,employees,m,37,USA,6
2023,disability.pension,employees,m,45,CZE,20
2023,disability.pension,employees,m,45,BEL,7
2023,disability.pension,employees,m,65,UZB,1
2023,disability.pension,employees,m,25,CUB,4
2023,disability.pension,employees,m,23,CUB,4
2023,disability.pension,employees,f,33,ARM,8
2023,disability.pension,employees,m,63,BRA,3
2023,disability.pension,employees,m,66,TWN,1
2023,disability.pension,employees,f,63,TWN,1
2023,disability.pension,employees,m,39,CMR,7
2023,disability.pension,employees,m,20,CMR,2
2023,disability.pension,employees,m,25,BEL,9
2023,disability.pension,employees,f,28,TUR,3
2023,disability.pension,employees,m,23,NLD,2
2023,disability.pension,employees,f,30,ZAF,8
2023,disability.pension,employees,m,29,DZA,6
2023,disability.pension,employees,m,30,FRA,79
2023,disability.pension,employees,f,24,LTU,13
2023,disability.pension,employees,f,55,GBR,7
2023,disability.pension,employees,f,50,CAN,1
2023,disability.pension,employees,m,46,ROU,98
2023,disability.pension,employees,f,21,CMR,3
2023,disability.pension,employees,f,63,RUS,2
2023,disability.pension,employees,m,38,PRT,61
2023,disability.pension,employees,f,44,IND,10
2023,disability.pension,employees,f,41,IND,42
2023,disability.pension,employees,f,32,IRN,13
2023,disability.pension,employees,m,48,KEN,5
2023,disability.pension,employees,f,56,BLR,54
2023,disability.pension,employees,m,26,UKR,2
2023,disability.pension,employees,m,28,AZE,14
2023,disability.pension,employees,m,29,AZE,22
2023,disability.pension,employees,m,35,AUT,8
2023,disability.pension,employees,m,52,UKR,2
2023,disability.pension,employees,m,35,UKR,2
2023,disability.pension,employees,m,32,SWE,13
2023,disability.pension,employees,f,32,GEO,18
2023,disability.pension,employees,m,35,TJK,36
2023,disability.pension,employees,m,38,TJK,37
2023,disability.pension,employees,m,42,TJK,16
2023,disability.pension,employees,m,40,TJK,25
2023,disability.pension,employees,m,22,TJK,20
2023,disability.pension,employees,m,41,ITA,14
2023,disability.pension,employees,f,57,GBR,4
2023,disability.pension,employees,m,30,GBR,6
2023,disability.pension,employees,f,31,RUS,3
2023,disability.pension,employees,m,41,IRL,12
2023,disability.pension,employees,f,32,COL,53
2023,disability.pension,employees,f,39,GRC,6
2023,disability.pension,employees,m,37,CZE,26
2023,disability.pension,employees,m,41,SVK,28
2023,disability.pension,employees,m,69,UKR,30
2023,disability.pension,employees,f,43,KAZ,15
2023,disability.pension,employees,f,38,VNM,81
2023,disability.pension,employees,f,44,VNM,70
2023,disability.pension,employees,m,41,PRT,45
2023,disability.pension,employees,m,41,NZL,1
2023,disability.pension,employees,f,47,LVA,11
2023,disability.pension,employees,m,62,ARM,4
2023,disability.pension,employees,m,35,PAK,48
2023,disability.pension,employees,f,45,RUS,18
2023,disability.pension,employees,m,33,ITA,4
2023,disability.pension,employees,f,38,AUT,4
2023,disability.pension,employees,f,32,PRT,7
2023,disability.pension,employees,m,60,IRL,8
2023,disability.pension,employees,m,60,SWE,4
2023,disability.pension,employees,f,25,BLR,18
2023,disability.pension,employees,f,79,USA,1
2023,disability.pension,employees,f,45,ESP,8
2023,disability.pension,employees,m,67,PRT,5
2023,disability.pension,employees,m,33,RWA,12
2023,disability.pension,employees,m,33,CHE,4
2023,disability.pension,employees,f,42,LTU,15
2023,disability.pension,employees,m,35,BGR,4
2023,disability.pension,employees,f,27,FRA,4
2023,disability.pension,employees,m,37,IRL,14
2023,disability.pension,employees,f,39,JOR,1
2023,disability.pension,employees,f,32,ITA,33
2023,disability.pension,employees,f,77,UKR,41
2023,disability.pension,employees,m,42,IRL,21
2023,disability.pension,employees,m,83,DEU,5
2023,disability.pension,employees,f,50,ARM,22
2023,disability.pension,employees,f,25,SLV,1
2023,disability.pension,employees,m,71,GBR,3
2023,disability.pension,employees,m,32,THA,2
2023,disability.pension,employees,m,50,HUN,8
2023,disability.pension,employees,m,37,BRA,35
2023,disability.pension,employees,m,29,CHE,4
2023,disability.pension,employees,f,37,ROU,20
2023,disability.pension,employees,m,62,KAZ,4
2023,disability.pension,employees,m,34,KAZ,85
2023,disability.pension,employees,f,44,THA,18
2023,disability.pension,employees,m,55,IRL,9
2023,disability.pension,employees,f,30,TUN,9
2023,disability.pension,employees,m,52,TUR,4
2023,disability.pension,employees,m,39,KGZ,71
2023,disability.pension,employees,m,20,TJK,4
2023,disability.pension,employees,m,32,TTO,1
2023,disability.pension,employees,f,34,LBY,1
2023,disability.pension,employees,m,39,PRY,1
2023,disability.pension,employees,f,46,BGR,15
2023,disability.pension,employees,f,69,MNG,1
2023,disability.pension,employees,f,63,CHE,1
2023,disability.pension,employees,m,25,MUS,2
2023,disability.pension,employees,f,24,KEN,17
2023,disability.pension,employees,f,30,ITA,35
2023,disability.pension,employees,f,42,LTU,3
2023,disability.pension,employees,m,40,PAK,25
2023,disability.pension,employees,m,67,URY,1
2023,disability.pension,employees,m,38,CMR,2
2023,disability.pension,employees,m,32,AGO,2
2023,disability.pension,employees,m,24,HUN,14
2023,disability.pension,employees,m,34,SVN,5
2023,disability.pension,employees,m,45,GBR,6
2023,disability.pension,employees,m,30,BEL,2
2023,disability.pension,employees,m,34,NLD,22
2023,disability.pension,employees,m,32,DNK,2
2023,disability.pension,employees,m,62,NLD,10
2023,disability.pension,employees,m,39,PER,11
2023,disability.pension,employees,f,39,ESP,8
2023,disability.pension,employees,f,23,MNG,5
2023,disability.pension,employees,m,41,KEN,16
2023,disability.pension,employees,m,59,IND,14
2023,disability.pension,employees,f,21,COG,5
2023,disability.pension,employees,m,54,ISL,1
2023,disability.pension,employees,m,27,MYS,5
2023,disability.pension,employees,m,31,ESP,83
2023,disability.pension,employees,m,48,CHN,4
2023,disability.pension,employees,f,24,USA,10
2023,disability.pension,employees,f,59,UKR,32
2023,disability.pension,employees,m,39,ROU,3
2023,disability.pension,employees,m,38,ROU,3
2023,disability.pension,employees,m,35,LTU,6
2023,disability.pension,employees,m,40,ROU,3
2023,disability.pension,employees,f,47,ROU,6
2023,disability.pension,employees,m,28,ROU,6
2023,disability.pension,employees,m,47,ROU,14
2023,disability.pension,employees,m,53,ROU,6
2023,disability.pension,employees,m,56,ROU,3
2023,disability.pension,employees,m,33,ROU,3
2023,disability.pension,employees,m,58,ROU,12
2023,disability.pension,employees,m,53,ROU,26
2023,disability.pension,employees,m,54,ROU,3
2023,disability.pension,employees,m,30,ROU,3
2023,disability.pension,employees,m,42,ROU,14
2023,disability.pension,employees,m,46,ROU,4
2023,disability.pension,employees,m,41,ROU,3
2023,disability.pension,employees,m,35,ROU,3
2023,disability.pension,employees,m,29,ROU,3
2023,disability.pension,employees,m,32,ROU,3
2023,disability.pension,employees,f,45,AZE,8
2023,disability.pension,employees,m,24,ROU,4
2023,disability.pension,employees,m,55,ROU,16
2023,disability.pension,employees,f,52,ITA,7
2023,disability.pension,employees,m,48,GBR,6
2023,disability.pension,employees,f,42,VNM,10
2023,disability.pension,employees,f,65,ARM,4
2023,disability.pension,employees,m,45,AUT,10
2023,disability.pension,employees,m,37,ROU,12
2023,disability.pension,employees,m,46,CMR,2
2023,disability.pension,employees,f,44,IND,27
2023,disability.pension,employees,m,21,ITA,2
2023,disability.pension,employees,m,35,JPN,14
2023,disability.pension,employees,f,36,USA,7
2023,disability.pension,employees,m,25,AZE,193
2023,disability.pension,employees,f,46,GRC,3
2023,disability.pension,employees,f,30,GRC,14
2023,disability.pension,employees,m,37,GRC,22
2023,disability.pension,employees,m,61,FRA,8
2023,disability.pension,employees,f,33,ROU,8
2023,disability.pension,employees,m,57,USA,2
2023,disability.pension,employees,m,28,VEN,2
2023,disability.pension,employees,m,35,VEN,11
2023,disability.pension,employees,f,31,IRN,12
2023,disability.pension,employees,f,47,IRL,3
2023,disability.pension,employees,m,29,SWE,12
2023,disability.pension,employees,m,34,GRC,2
2023,disability.pension,employees,m,29,AUT,4
2023,disability.pension,employees,m,22,COL,112
2023,disability.pension,employees,m,37,ARG,23
2023,disability.pension,employees,m,59,HUN,9
2023,disability.pension,employees,f,23,BEN,2
2023,disability.pension,employees,m,31,BGR,26
2023,disability.pension,employees,m,27,ITA,133
2023,disability.pension,employees,m,41,SVK,4
2023,disability.pension,employees,f,25,RUS,14
2023,disability.pension,employees,m,50,HRV,1
2023,disability.pension,employees,m,28,NLD,24
2023,disability.pension,employees,m,37,IRQ,8
2023,disability.pension,employees,m,29,CHN,4
2023,disability.pension,employees,m,34,IRN,21
2023,disability.pension,employees,m,35,NOR,3
2023,disability.pension,employees,m,54,ISR,1
2023,disability.pension,employees,f,40,NLD,6
2023,disability.pension,employees,m,46,MEX,19
2023,disability.pension,employees,m,24,PER,16
2023,disability.pension,employees,m,54,TUN,4
2023,disability.pension,employees,f,69,SWE,3
2023,disability.pension,employees,m,37,KEN,19
2023,disability.pension,employees,m,29,GRC,27
2023,disability.pension,employees,f,34,HUN,22
2023,disability.pension,employees,m,66,GRC,2
2023,disability.pension,employees,m,60,JPN,3
2023,disability.pension,employees,f,42,CHN,8
2023,disability.pension,employees,f,38,RUS,12
2023,disability.pension,employees,m,38,PAK,12
2023,disability.pension,employees,m,28,DNK,5
2023,disability.pension,employees,m,26,SVK,19
2023,disability.pension,employees,f,28,RWA,20
2023,disability.pension,employees,m,55,HUN,5
2023,disability.pension,employees,m,23,GBR,4
2023,disability.pension,employees,f,23,GBR,4
2023,disability.pension,employees,m,32,SEN,4
2023,disability.pension,employees,f,54,CHN,14
2023,disability.pension,employees,m,26,CAN,6
2023,disability.pension,employees,m,36,IRN,6
2023,disability.pension,employees,m,36,NLD,21
2023,disability.pension,employees,f,39,CHN,43
2023,disability.pension,employees,f,26,BLR,30
2023,disability.pension,employees,m,24,KAZ,71
2023,disability.pension,employees,m,29,FRA,55
2023,disability.pension,employees,m,44,PAK,17
2023,disability.pension,employees,f,31,USA,15
2023,disability.pension,employees,m,38,FIN,3
2023,disability.pension,employees,m,32,FRA,4
2023,disability.pension,employees,f,22,ETH,26
2023,disability.pension,employees,f,27,IRQ,2
2023,disability.pension,employees,f,28,TWN,6
2023,disability.pension,employees,f,25,TWN,3
2023,disability.pension,employees,f,21,VNM,45
2023,disability.pension,employees,f,29,VNM,20
2023,disability.pension,employees,m,46,ITA,9
2023,disability.pension,employees,m,28,ALB,20
2023,disability.pension,employees,m,55,ALB,8
2023,disability.pension,employees,f,35,VNM,8
2023,disability.pension,employees,f,32,CAN,3
2023,disability.pension,employees,m,23,MNG,6
2023,disability.pension,employees,f,20,MNG,12
2023,disability.pension,employees,f,60,USA,4
2023,disability.pension,employees,f,38,IRN,6
2023,disability.pension,employees,f,37,HUN,13
2023,disability.pension,employees,f,29,FRA,15
2023,disability.pension,employees,m,30,ESP,99
2023,disability.pension,employees,f,39,IRL,2
2023,disability.pension,employees,m,34,VEN,13
2023,disability.pension,employees,m,32,VEN,4
2023,disability.pension,employees,f,18,PER,1
2023,disability.pension,employees,m,29,PER,18
2023,disability.pension,employees,f,23,PAK,5
2023,disability.pension,employees,f,30,ESP,2
2023,disability.pension,employees,m,43,HUN,20
2023,disability.pension,employees,f,28,FRA,25
2023,disability.pension,employees,m,31,BEL,13
2023,disability.pension,employees,m,41,UKR,12
2023,disability.pension,employees,m,33,NGA,20
2023,disability.pension,employees,m,31,BLR,8
2023,disability.pension,employees,f,20,ESP,7
2023,disability.pension,employees,f,26,MAR,4
2023,disability.pension,employees,f,42,SVK,23
2023,disability.pension,employees,m,40,AUT,4
2023,disability.pension,employees,m,74,ITA,5
2023,disability.pension,employees,f,45,KAZ,4
2023,disability.pension,employees,m,31,PAK,47
2023,disability.pension,employees,m,37,NLD,2
2023,disability.pension,employees,f,35,ITA,8
2023,disability.pension,employees,m,30,TUR,14
2023,disability.pension,employees,m,35,UKR,3
2023,disability.pension,employees,m,53,PRT,10
2023,disability.pension,employees,m,34,LVA,19
2023,disability.pension,employees,m,36,SYR,10
2023,disability.pension,employees,m,19,MMR,3
2023,disability.pension,employees,m,39,HUN,25
2023,disability.pension,employees,f,19,UKR,108
2023,disability.pension,employees,m,38,USA,19
2023,disability.pension,employees,m,123,UKR,2
2023,disability.pension,employees,m,53,UZB,47
2023,disability.pension,employees,m,33,USA,6
2023,disability.pension,employees,f,43,DEU,15
2023,disability.pension,employees,f,23,UZB,20
2023,disability.pension,employees,f,38,CHN,47
2023,disability.pension,employees,m,36,CUB,13
2023,disability.pension,employees,f,49,USA,3
2023,disability.pension,employees,m,29,CHL,4
2023,disability.pension,employees,f,33,ITA,47
2023,disability.pension,employees,f,21,AFG,5
2023,disability.pension,employees,f,21,CAN,2
2023,disability.pension,employees,m,36,NZL,1
2023,disability.pension,employees,m,36,BEL,21
2023,disability.pension,employees,f,49,HUN,7
2023,disability.pension,employees,f,27,GBR,15
2023,disability.pension,employees,m,41,PAK,8
2023,disability.pension,employees,m,45,ARG,21
2023,disability.pension,employees,f,45,PRT,3
2023,disability.pension,employees,m,27,CHN,62
2023,disability.pension,employees,m,21,CHN,6
2023,disability.pension,employees,f,21,CHN,12
2023,disability.pension,employees,f,22,CHN,16
2023,disability.pension,employees,m,35,AZE,18
2023,disability.pension,employees,f,31,NER,5
2023,disability.pension,employees,f,23,COG,6
2023,disability.pension,employees,f,26,COG,9
2023,disability.pension,employees,f,30,VNM,14
2023,disability.pension,employees,m,30,NLD,2
2023,disability.pension,employees,m,38,CHL,3
2023,disability.pension,employees,f,21,MNG,3
2023,disability.pension,employees,f,32,ROU,33
2023,disability.pension,employees,m,20,YEM,1
2023,disability.pension,employees,f,25,COG,4
2023,disability.pension,employees,f,36,TUN,2
2023,disability.pension,employees,m,33,IRN,32
2023,disability.pension,employees,m,41,GRC,22
2023,disability.pension,employees,m,24,NGA,15
2023,disability.pension,employees,f,37,SVK,15
2023,disability.pension,employees,m,34,EGY,6
2023,disability.pension,employees,f,39,IRL,2
2023,disability.pension,employees,m,30,SYR,13
2023,disability.pension,employees,f,27,SYR,2
2023,disability.pension,employees,m,24,MKD,2
2023,disability.pension,employees,m,25,USA,2
2023,disability.pension,employees,m,25,CZE,4
2023,disability.pension,employees,f,34,UKR,2
2023,disability.pension,employees,m,21,UKR,90
2023,disability.pension,employees,m,35,PAK,8
2023,disability.pension,employees,f,23,HUN,8
2023,disability.pension,employees,m,53,SYR,8
2023,disability.pension,employees,f,33,LVA,11
2023,disability.pension,employees,m,20,IDN,48
2023,disability.pension,employees,m,32,GBR,2
2023,disability.pension,employees,m,23,COG,11
2023,disability.pension,employees,m,19,USA,4
2023,disability.pension,employees,m,23,CHN,25
2023,disability.pension,employees,m,18,EGY,3
2023,disability.pension,employees,m,32,BLR,2
2023,disability.pension,employees,m,56,AUT,9
2023,disability.pension,employees,m,71,BEL,3
2023,disability.pension,employees,m,33,NLD,6
2023,disability.pension,employees,m,66,AUT,3
2023,disability.pension,employees,m,38,NGA,14
2023,disability.pension,employees,f,19,ESP,4
2023,disability.pension,employees,m,28,CHN,4
2023,disability.pension,employees,m,60,DNK,7
2023,disability.pension,employees,f,69,ITA,2
2023,disability.pension,employees,m,41,ISR,8
2023,disability.pension,employees,m,34,PRT,4
2023,disability.pension,employees,f,24,DNK,1
2023,disability.pension,employees,m,20,MMR,2
2023,disability.pension,employees,f,26,UZB,20
2023,disability.pension,employees,m,19,AZE,18
2023,disability.pension,employees,m,39,KAZ,16
2023,disability.pension,employees,m,27,CAN,2
2023,disability.pension,employees,m,21,ZAF,3
2023,disability.pension,employees,f,40,TUR,13
2023,disability.pension,employees,m,57,USA,20
2023,disability.pension,employees,m,44,RUS,2
2023,disability.pension,employees,f,28,USA,12
2023,disability.pension,employees,m,28,IRL,5
2023,disability.pension,employees,f,30,EST,1
2023,disability.pension,employees,f,34,ESP,11
2023,disability.pension,employees,m,27,CZE,4
2023,disability.pension,employees,m,23,ESP,23
2023,disability.pension,employees,f,33,IRN,17
2023,disability.pension,employees,m,35,SVK,40
2023,disability.pension,employees,m,28,PRT,8
2023,disability.pension,employees,m,30,HUN,2
2023,disability.pension,employees,f,23,ZAF,3
2023,disability.pension,employees,m,44,PRT,30
2023,disability.pension,employees,f,25,TZA,7
2023,disability.pension,employees,m,35,CZE,4
2023,disability.pension,employees,f,26,KAZ,53
2023,disability.pension,employees,m,47,EGY,18
2023,disability.pension,employees,m,28,SVN,8
2023,disability.pension,employees,m,53,UKR,6
2023,disability.pension,employees,f,37,PHL,28
2023,disability.pension,employees,f,26,BRA,13
2023,disability.pension,employees,f,34,MKD,5
2023,disability.pension,employees,m,32,UZB,3
2023,disability.pension,employees,m,34,COL,10
2023,disability.pension,employees,m,35,FRA,82
2023,disability.pension,employees,f,29,FIN,4
2023,disability.pension,employees,f,28,AGO,5
2023,disability.pension,employees,f,59,ESP,2
2023,disability.pension,employees,m,24,SDN,3
2023,disability.pension,employees,f,32,MNG,4
2023,disability.pension,employees,f,22,AZE,11
2023,disability.pension,employees,m,27,HRV,12
2023,disability.pension,employees,m,57,PRT,4
2023,disability.pension,employees,f,25,FRA,14
2023,disability.pension,employees,m,46,SWE,13
2023,disability.pension,employees,m,44,DZA,3
2023,disability.pension,employees,m,51,BGR,32
2023,disability.pension,employees,m,24,AUT,1
2023,disability.pension,employees,m,21,SVK,8
2023,disability.pension,employees,m,36,GRC,17
2023,disability.pension,employees,m,47,SVK,27
2023,disability.pension,employees,m,21,PRT,4
2023,disability.pension,employees,m,36,MDA,40
2023,disability.pension,employees,m,31,SVK,10
2023,disability.pension,employees,m,31,SGP,2
2023,disability.pension,employees,f,53,BRA,2
2023,disability.pension,employees,m,26,CHN,10
2023,disability.pension,employees,m,41,CHN,6
2023,disability.pension,employees,m,52,FIN,4
2023,disability.pension,employees,m,19,YEM,3
2023,disability.pension,employees,m,20,KOR,1
2023,disability.pension,employees,f,28,BRA,2
2023,disability.pension,employees,m,25,BRA,4
2023,disability.pension,employees,f,39,IRN,6
2023,disability.pension,employees,m,26,JAM,2
2023,disability.pension,employees,f,30,TUR,8
2023,disability.pension,employees,m,18,MNG,3
2023,disability.pension,employees,f,18,MNG,2
2023,disability.pension,employees,f,22,ALB,2
2023,disability.pension,employees,m,29,USA,21
2023,disability.pension,employees,f,67,GBR,1
2023,disability.pension,employees,m,18,DZA,1
2023,disability.pension,employees,f,52,RUS,10
2023,disability.pension,employees,m,27,EGY,6
2023,disability.pension,employees,m,40,IRN,6
2023,disability.pension,employees,f,45,IRN,2
2023,disability.pension,employees,f,38,PRT,6
2023,disability.pension,employees,m,24,UKR,8
2023,disability.pension,employees,f,26,ARM,19
2023,disability.pension,employees,m,26,LBN,4
2023,disability.pension,employees,f,19,MNG,2
2023,disability.pension,employees,f,63,SWE,3
2023,disability.pension,employees,m,29,DZA,36
2023,disability.pension,employees,m,36,COL,10
2023,disability.pension,employees,f,46,ISR,3
2023,disability.pension,employees,f,21,TUR,13
2023,disability.pension,employees,m,56,PRT,9
2023,disability.pension,employees,m,33,EGY,10
2023,disability.pension,employees,m,22,DEU,12
2023,disability.pension,employees,m,62,ESP,5
2023,disability.pension,employees,f,34,LTU,8
2023,disability.pension,employees,f,27,MEX,2
2023,disability.pension,employees,f,33,MEX,2
2023,disability.pension,employees,f,30,EGY,2
2023,disability.pension,employees,f,21,USA,2
2023,disability.pension,employees,f,23,ROU,19
2023,disability.pension,employees,f,51,UKR,40
2023,disability.pension,employees,m,50,NLD,28
2023,disability.pension,employees,f,27,PAK,2
2023,disability.pension,employees,f,32,VEN,2
2023,disability.pension,employees,f,28,MDA,14
2023,disability.pension,employees,f,25,KGZ,17
2023,disability.pension,employees,f,49,KAZ,20
2023,disability.pension,employees,f,57,DEU,12
2023,disability.pension,employees,f,61,GBR,6
2023,disability.pension,employees,f,54,ROU,25
2023,disability.pension,employees,f,24,ROU,28
2023,disability.pension,employees,f,27,ROU,23
2023,disability.pension,employees,m,30,UKR,32
2023,disability.pension,employees,f,41,AFG,3
2023,disability.pension,employees,m,71,GEO,3
2023,disability.pension,employees,m,21,MDA,32
2023,disability.pension,employees,f,55,ARM,9
2023,disability.pension,employees,m,80,VNM,1
2023,disability.pension,employees,f,52,AUT,2
2023,disability.pension,employees,f,50,ECU,1
2023,disability.pension,employees,m,64,IRL,4
2023,disability.pension,employees,f,50,MDA,78
2023,disability.pension,employees,f,53,VNM,49
2023,disability.pension,employees,m,44,AFG,5
2023,disability.pension,employees,m,49,PER,6
2023,disability.pension,employees,f,65,BLR,33
2023,disability.pension,employees,m,60,BGR,16
2023,disability.pension,employees,f,48,DEU,8
2023,disability.pension,employees,m,28,MUS,3
2023,disability.pension,employees,f,54,GEO,85
2023,disability.pension,employees,m,33,ISR,2
2023,disability.pension,employees,m,68,TUR,3
2023,disability.pension,employees,f,49,MNG,3
2023,disability.pension,employees,m,33,BGD,18
2023,disability.pension,employees,m,29,UKR,10
2023,disability.pension,employees,m,59,USA,19
2023,disability.pension,employees,f,30,GEO,110
2023,disability.pension,employees,m,24,BLR,3
2023,disability.pension,employees,f,46,IDN,22
2023,disability.pension,employees,m,43,CRI,2
2023,disability.pension,employees,f,49,JAM,1
2023,disability.pension,employees,f,32,GBR,9
2023,disability.pension,employees,m,50,GBR,6
2023,disability.pension,employees,f,41,SEN,1
2023,disability.pension,employees,m,25,VEN,6
2023,disability.pension,employees,m,40,ZAF,5
2023,disability.pension,employees,m,38,CZE,4
2023,disability.pension,employees,m,55,ROU,56
2023,disability.pension,employees,m,38,HND,1
2023,disability.pension,employees,m,44,IRQ,5
2023,disability.pension,employees,f,64,USA,2
2023,disability.pension,employees,f,41,PRT,2
2023,disability.pension,employees,m,61,AUT,3
2023,disability.pension,employees,m,24,SVK,15
2023,disability.pension,employees,f,32,KAZ,44
2023,disability.pension,employees,m,34,BEL,21
2023,disability.pension,employees,f,40,UKR,6
2023,disability.pension,employees,f,43,IDN,3
2023,disability.pension,employees,f,60,PAK,1
2023,disability.pension,employees,m,27,COL,161
2023,disability.pension,employees,m,74,GBR,6
2023,disability.pension,employees,m,45,BLR,24
2023,disability.pension,employees,m,16,RUS,3
2023,disability.pension,employees,f,40,GRC,4
2023,disability.pension,employees,f,58,ARM,11
2023,disability.pension,employees,m,15,ARM,1
2023,disability.pension,employees,m,,UKR,8
2023,disability.pension,employees,m,56,KWT,1
2023,disability.pension,employees,m,56,RUS,12
2023,disability.pension,employees,m,18,RUS,10
2023,disability.pension,employees,m,49,ROU,75
2023,disability.pension,employees,m,28,VEN,7
2023,disability.pension,employees,m,60,RUS,46
2023,disability.pension,employees,f,16,RUS,4
2023,disability.pension,employees,m,60,SYR,5
2023,disability.pension,employees,f,25,UZB,15
2023,disability.pension,employees,m,46,BLR,24
2023,disability.pension,employees,f,25,NPL,66
2023,disability.pension,employees,f,23,NPL,64
2023,disability.pension,employees,f,59,ROU,14
2023,disability.pension,employees,m,63,ARM,12
2023,disability.pension,employees,m,30,CPV,3
2023,disability.pension,employees,f,53,ARM,11
2023,disability.pension,employees,m,75,UKR,21
2023,disability.pension,employees,m,47,RUS,10
2023,disability.pension,employees,m,29,UKR,6
2023,disability.pension,employees,m,60,BLR,28
2023,disability.pension,employees,m,58,UKR,2
2023,disability.pension,employees,m,27,BLR,27
2023,disability.pension,employees,f,69,BLR,14
2023,disability.pension,employees,m,48,UKR,8
2023,disability.pension,employees,m,68,ARM,1
2023,disability.pension,employees,f,36,ZWE,23
2023,disability.pension,employees,m,33,ZWE,48
2023,disability.pension,employees,f,28,ZWE,52
2023,disability.pension,employees,m,36,ZWE,52
2023,disability.pension,employees,m,21,ITA,16
2023,disability.pension,employees,f,55,RUS,56
2023,disability.pension,employees,m,3,BLR,5
2023,disability.pension,employees,f,33,GBR,10
2023,disability.pension,employees,m,54,NGA,2
2023,disability.pension,employees,m,68,BLR,4
2023,disability.pension,employees,f,26,UKR,2
2023,disability.pension,employees,m,54,BLR,6
2023,disability.pension,employees,m,22,UKR,4
2023,disability.pension,employees,m,51,BLR,4
2023,disability.pension,employees,f,35,RUS,3
2023,disability.pension,employees,m,46,ARM,6
2023,disability.pension,employees,m,61,ESP,6
2023,disability.pension,employees,m,77,IRQ,2
2023,disability.pension,employees,f,29,ZAF,4
2023,disability.pension,employees,f,30,NGA,6
2023,disability.pension,employees,m,59,IRN,2
2023,disability.pension,employees,m,26,RUS,20
2023,disability.pension,employees,f,33,ZWE,12
2023,disability.pension,employees,m,67,ITA,6
2023,disability.pension,employees,m,24,KAZ,6
2023,disability.pension,employees,m,72,SWE,2
2023,disability.pension,employees,f,14,BLR,11
2023,disability.pension,employees,f,24,NPL,46
2023,disability.pension,employees,f,32,NPL,53
2023,disability.pension,employees,f,39,NPL,4
2023,disability.pension,employees,f,29,ARM,18
2023,disability.pension,employees,m,42,LVA,2
2023,disability.pension,employees,m,18,TUR,8
2023,disability.pension,employees,m,46,SYR,2
2023,disability.pension,employees,m,53,MKD,5
2023,disability.pension,employees,f,81,RUS,3
2023,disability.pension,employees,m,84,RUS,1
2023,disability.pension,employees,m,53,LTU,14
2023,disability.pension,employees,f,130,UKR,1
2023,disability.pension,employees,m,53,GEO,62
2023,disability.pension,employees,m,22,TUN,2
2023,disability.pension,employees,m,36,TUN,10
2023,disability.pension,employees,f,41,LTU,26
2023,disability.pension,employees,m,26,ESP,16
2023,disability.pension,employees,f,27,ZWE,50
2023,disability.pension,employees,f,34,BGD,8
2023,disability.pension,employees,f,54,UKR,4
2023,disability.pension,employees,m,34,EGY,48
2023,disability.pension,employees,f,42,KAZ,20
2023,disability.pension,employees,f,57,LVA,2
2023,disability.pension,employees,m,71,EST,1
2023,disability.pension,employees,f,26,UKR,15
2023,disability.pension,employees,m,25,UKR,9
2023,disability.pension,employees,m,32,KAZ,6
2023,disability.pension,employees,m,75,DEU,12
2023,disability.pension,employees,f,39,NPL,16
2023,disability.pension,employees,f,55,SVK,7
2023,disability.pension,employees,m,39,CHN,78
2023,disability.pension,employees,m,55,IND,21
2023,disability.pension,employees,f,37,ZWE,25
2023,disability.pension,employees,f,28,BEL,4
2023,disability.pension,employees,m,54,LTU,10
2023,disability.pension,employees,m,57,BGR,16
2023,disability.pension,employees,m,32,EGY,6
2023,disability.pension,employees,m,47,RUS,3
2023,disability.pension,employees,m,77,ITA,6
2023,disability.pension,employees,f,23,IND,10
2023,disability.pension,employees,f,49,DEU,10
2023,disability.pension,employees,m,45,NGA,18
2023,disability.pension,employees,f,48,GEO,156
2023,disability.pension,employees,m,47,NGA,4
2023,disability.pension,employees,m,53,BIH,2
2023,disability.pension,employees,f,33,USA,15
2023,disability.pension,employees,m,43,CHN,6
2023,disability.pension,employees,m,33,MKD,8
2023,disability.pension,employees,f,24,ECU,2
2023,disability.pension,employees,m,52,HRV,5
2023,disability.pension,employees,m,22,MOZ,3
2023,disability.pension,employees,m,47,GRC,11
2023,disability.pension,employees,f,30,UKR,5
2023,disability.pension,employees,m,35,BGD,10
2023,disability.pension,employees,m,44,NER,2
2023,disability.pension,employees,m,32,JOR,5
2023,disability.pension,employees,m,46,ITA,10
2023,disability.pension,employees,f,25,CAN,6
2023,disability.pension,employees,m,39,NER,3
2023,disability.pension,employees,m,57,AZE,14
2023,disability.pension,employees,f,40,GEO,169
2023,disability.pension,employees,f,30,EGY,5
2023,disability.pension,employees,f,38,ZWE,27
2023,disability.pension,employees,f,29,TUR,8
2023,disability.pension,employees,m,37,ZWE,42
2023,disability.pension,employees,f,31,KEN,18
2023,disability.pension,employees,m,24,ZWE,44
2023,disability.pension,employees,f,34,CHN,6
2023,disability.pension,employees,m,33,CHN,84
2023,disability.pension,employees,f,39,ZWE,4
2023,disability.pension,employees,f,21,ITA,7
2023,disability.pension,employees,f,28,NOR,4
2023,disability.pension,employees,f,37,NER,1
2023,disability.pension,employees,f,32,USA,10
2023,disability.pension,employees,f,36,ZAF,2
2023,disability.pension,employees,f,23,KEN,5
2023,disability.pension,employees,f,40,ZWE,19
2023,disability.pension,employees,m,46,LVA,18
2023,disability.pension,employees,m,33,BGR,4
2023,disability.pension,employees,m,30,PSE,3
2023,disability.pension,employees,m,52,ZWE,9
2023,disability.pension,employees,f,45,ZWE,6
2023,disability.pension,employees,m,51,DNK,9
2023,disability.pension,employees,f,42,CZE,7
2023,disability.pension,employees,m,25,JOR,7
2023,disability.pension,employees,f,28,EGY,10
2023,disability.pension,employees,f,42,ZWE,8
2023,disability.pension,employees,m,56,BGD,4
2023,disability.pension,employees,f,29,IND,24
2023,disability.pension,employees,m,36,KAZ,71
2023,disability.pension,employees,f,21,ZAF,2
2023,disability.pension,employees,f,28,PRT,9
2023,disability.pension,employees,m,36,DEU,35
2023,disability.pension,employees,f,27,GHA,5
2023,disability.pension,employees,f,44,ZWE,3
2023,disability.pension,employees,f,30,ZWE,4
2023,disability.pension,employees,m,38,HRV,9
2023,disability.pension,employees,m,41,ZWE,51
2023,disability.pension,employees,m,28,LTU,6
2023,disability.pension,employees,m,32,ZWE,47
2023,disability.pension,employees,f,21,BDI,4
2023,disability.pension,employees,m,65,FRA,9
2023,disability.pension,employees,m,22,CZE,5
2023,disability.pension,employees,f,25,ZAF,5
2023,disability.pension,employees,m,31,AFG,14
2023,disability.pension,employees,f,24,BGR,19
2023,disability.pension,employees,f,19,KEN,1
2023,disability.pension,employees,f,31,ZWE,38
2023,disability.pension,employees,m,28,UKR,12
2023,disability.pension,employees,m,31,USA,15
2023,disability.pension,employees,f,30,UGA,9
2023,disability.pension,employees,m,18,SDN,1
2023,disability.pension,employees,f,18,TUN,1
2023,disability.pension,employees,f,84,UKR,5
2023,disability.pension,employees,m,28,UKR,5
2023,disability.pension,employees,f,61,DEU,2
2023,disability.pension,employees,f,65,MDA,3
2023,disability.pension,employees,f,36,BGD,7
2023,disability.pension,employees,f,35,BGD,7
2023,disability.pension,employees,m,45,LKA,11
2023,disability.pension,employees,f,41,MNG,7
2023,disability.pension,employees,f,69,AUT,2
2023,disability.pension,employees,f,64,HUN,2
2023,disability.pension,employees,m,53,AFG,2
2023,disability.pension,employees,f,21,UKR,108
2023,disability.pension,employees,m,51,TZA,1
2023,disability.pension,employees,f,21,AZE,7
2023,disability.pension,employees,m,30,BGD,14
2023,disability.pension,employees,m,18,AZE,11
2023,disability.pension,employees,m,19,UZB,43
2023,disability.pension,employees,m,18,UZB,10
2023,disability.pension,employees,f,29,LTU,6
2023,disability.pension,employees,m,72,HRV,2
2023,disability.pension,employees,m,20,ITA,14
2023,disability.pension,employees,m,60,YUG,2
2023,disability.pension,employees,f,40,UKR,4
2023,disability.pension,employees,f,64,GEO,14
2023,disability.pension,employees,m,49,IRQ,6
2023,disability.pension,employees,m,33,LTU,2
2023,disability.pension,employees,m,49,CHN,57
2023,disability.pension,employees,m,45,DZA,12
2023,disability.pension,employees,f,70,HUN,4
2023,disability.pension,employees,m,73,GBR,5
2023,disability.pension,employees,m,35,JOR,6
2023,disability.pension,employees,m,43,PAK,8
2023,disability.pension,employees,f,59,RUS,40
2023,disability.pension,employees,m,55,COG,3
2023,disability.pension,employees,m,26,BLR,7
2023,disability.pension,employees,f,62,MDA,6
2023,disability.pension,employees,m,60,DZA,5
2023,disability.pension,employees,m,57,VNM,6
2023,disability.pension,employees,f,63,GEO,2
2023,disability.pension,employees,m,40,SYR,19
2023,disability.pension,employees,f,43,VNM,12
2023,disability.pension,employees,m,55,HRV,5
2023,disability.pension,employees,f,26,RUS,14
2023,disability.pension,employees,f,26,TUN,10
2023,disability.pension,employees,m,40,MEX,3
2023,disability.pension,employees,m,63,VNM,2
2023,disability.pension,employees,m,38,VNM,12
2023,disability.pension,employees,m,55,VNM,6
2023,disability.pension,employees,f,46,VNM,2
2023,disability.pension,employees,m,50,PHL,118
2023,disability.pension,employees,m,47,PHL,205
2023,disability.pension,employees,f,59,GEO,61
2023,disability.pension,employees,m,47,MYS,1
2023,disability.pension,employees,m,48,BGR,29
2023,disability.pension,employees,m,70,SWE,4
2023,disability.pension,employees,f,22,BLR,4
2023,disability.pension,employees,m,43,LVA,27
2023,disability.pension,employees,m,55,FRA,22
2023,disability.pension,employees,m,27,JOR,19
2023,disability.pension,employees,f,39,IRQ,2
2023,disability.pension,employees,m,43,CHN,54
2023,disability.pension,employees,f,41,CHN,64
2023,disability.pension,employees,m,33,SYR,10
2023,disability.pension,employees,m,24,SYR,8
2023,disability.pension,employees,m,29,ARG,26
2023,disability.pension,employees,m,40,COL,2
2023,disability.pension,employees,f,47,COL,8
2023,disability.pension,employees,m,24,ARG,22
2023,disability.pension,employees,f,40,ARG,4
2023,disability.pension,employees,m,19,ARG,5
2023,disability.pension,employees,m,42,ARG,32
2023,disability.pension,employees,m,21,COL,76
2023,disability.pension,employees,m,51,COL,32
2023,disability.pension,employees,m,25,ARG,6
2023,disability.pension,employees,f,27,ARG,10
2023,disability.pension,employees,m,27,ARG,39
2023,disability.pension,employees,f,32,ARG,7
2023,disability.pension,employees,m,25,ARG,28
2023,disability.pension,employees,m,26,ARG,24
2023,disability.pension,employees,m,23,ARG,17
2023,disability.pension,employees,f,42,COL,16
2023,disability.pension,employees,m,46,COL,54
2023,disability.pension,employees,m,32,COL,195
2023,disability.pension,employees,m,30,COL,187
2023,disability.pension,employees,f,37,COL,33
2023,disability.pension,employees,f,46,COL,19
2023,disability.pension,employees,m,43,COL,80
2023,disability.pension,employees,m,57,KAZ,17
2023,disability.pension,employees,m,47,CAN,5
2023,disability.pension,employees,m,34,LBN,15
2023,disability.pension,employees,m,50,LBN,3
2023,disability.pension,employees,m,51,SYR,6
2023,disability.pension,employees,m,52,DZA,3
2023,disability.pension,employees,f,46,PHL,6
2023,disability.pension,employees,m,34,NGA,56
2023,disability.pension,employees,f,45,NPL,8
2023,disability.pension,employees,m,53,USA,2
2023,disability.pension,employees,m,40,NLD,2
2023,disability.pension,employees,f,71,ARM,2
2023,disability.pension,employees,m,65,LBY,2
2023,disability.pension,employees,m,52,FRA,33
2023,disability.pension,employees,f,50,UKR,16
2023,disability.pension,employees,f,48,CHE,2
2023,disability.pension,employees,f,30,ETH,8
2023,disability.pension,employees,f,26,ETH,8
2023,disability.pension,employees,f,23,ETH,4
2023,disability.pension,employees,m,26,DZA,10
2023,disability.pension,employees,f,31,LTU,29
2023,disability.pension,employees,f,21,MAR,6
2023,disability.pension,employees,m,40,LBN,7
2023,disability.pension,employees,m,45,LBN,6
2023,disability.pension,employees,m,23,LBN,11
2023,disability.pension,employees,f,52,BEL,2
2023,disability.pension,employees,m,37,UKR,4
2023,disability.pension,employees,f,61,MNG,2
2023,disability.pension,employees,f,49,VNM,48
2023,disability.pension,employees,f,51,VNM,48
2023,disability.pension,employees,f,27,GRC,12
2023,disability.pension,employees,m,45,MAR,7
2023,disability.pension,employees,f,44,GEO,36
2023,disability.pension,employees,m,44,CHL,3
2023,disability.pension,employees,f,42,COL,6
2023,disability.pension,employees,f,39,COL,2
2023,disability.pension,employees,m,58,JOR,2
2023,disability.pension,employees,m,60,IND,12
2023,disability.pension,employees,f,25,ROU,8
2023,disability.pension,employees,f,28,TUR,82
2023,disability.pension,employees,m,51,SVK,18
2023,disability.pension,employees,m,57,PAK,4
2023,disability.pension,employees,f,47,CUB,3
2023,disability.pension,employees,m,25,PHL,4
2023,disability.pension,employees,f,46,LKA,3
2023,disability.pension,employees,f,42,RUS,12
2023,disability.pension,employees,f,51,ARM,21
2023,disability.pension,employees,f,27,UKR,56
2023,disability.pension,employees,m,34,DEU,2
2023,disability.pension,employees,m,44,SVK,10
2023,disability.pension,employees,f,39,PHL,193
2023,disability.pension,employees,f,30,ARM,4
2023,disability.pension,employees,m,32,BRA,55
2023,disability.pension,employees,f,49,NLD,3
2023,disability.pension,employees,m,42,HUN,2
2023,disability.pension,employees,m,36,MEX,34
2023,disability.pension,employees,m,63,FRA,8
2023,disability.pension,employees,m,54,FRA,6
2023,disability.pension,employees,m,54,MNG,2
2023,disability.pension,employees,m,37,KAZ,4
2023,disability.pension,employees,m,53,MDA,2
2023,disability.pension,employees,m,20,UKR,54
2023,disability.pension,employees,m,37,DNK,2
2023,disability.pension,employees,m,29,ETH,34
2023,disability.pension,employees,m,42,BOL,3
2023,disability.pension,employees,m,48,LBY,2
2023,disability.pension,employees,m,29,MKD,4
2023,disability.pension,employees,m,36,TJK,33
2023,disability.pension,employees,m,29,ETH,3
2023,disability.pension,employees,m,27,ETH,38
2023,disability.pension,employees,f,76,UKR,4
2023,disability.pension,employees,f,48,IND,7
2023,disability.pension,employees,f,50,ARM,2
2023,disability.pension,employees,f,54,UKR,141
2023,disability.pension,employees,m,28,AFG,14
2023,disability.pension,employees,m,38,AFG,10
2023,disability.pension,employees,m,48,NGA,7
2023,disability.pension,employees,m,58,GBR,5
2023,disability.pension,employees,m,46,LBN,4
2023,disability.pension,employees,f,46,KEN,2
2023,disability.pension,employees,m,29,CUB,3
2023,disability.pension,employees,m,45,FIN,7
2023,disability.pension,employees,f,25,ARM,15
2023,disability.pension,employees,f,37,GEO,24
2023,disability.pension,employees,f,46,GBR,8
2023,disability.pension,employees,f,68,LTU,5
2023,disability.pension,employees,f,66,BLR,2
2023,disability.pension,employees,m,76,FRA,2
2023,disability.pension,employees,m,25,CMR,7
2023,disability.pension,employees,m,36,PRT,10
2023,disability.pension,employees,f,55,GEO,70
2023,disability.pension,employees,m,36,HTI,3
2023,disability.pension,employees,f,42,MNG,5
2023,disability.pension,employees,f,63,ARM,9
2023,disability.pension,employees,m,42,NGA,19
2023,disability.pension,employees,m,34,CMR,7
2023,disability.pension,employees,m,43,MAR,12
2023,disability.pension,employees,f,28,SYR,2
2023,disability.pension,employees,m,37,NOR,2
2023,disability.pension,employees,m,36,VNM,4
2023,disability.pension,employees,m,49,BGD,28
2023,disability.pension,employees,m,34,IRN,10
2023,disability.pension,employees,f,25,CHN,2
2023,disability.pension,employees,f,33,KGZ,9
2023,disability.pension,employees,m,63,ITA,22
2023,disability.pension,employees,m,61,IRQ,3
2023,disability.pension,employees,m,45,CHN,40
2023,disability.pension,employees,m,34,CHN,84
2023,disability.pension,employees,f,27,UKR,2
2023,disability.pension,employees,m,51,DZA,2
2023,disability.pension,employees,f,64,RUS,24
2023,disability.pension,employees,f,29,TWN,6
2023,disability.pension,employees,m,54,ESP,14
2023,disability.pension,employees,m,70,FRA,6
2023,disability.pension,employees,f,34,HUN,4
2023,disability.pension,employees,f,28,LBN,4
2023,disability.pension,employees,m,22,AFG,12
2023,disability.pension,employees,m,67,GBR,16
2023,disability.pension,employees,f,33,PAK,4
2023,disability.pension,employees,f,31,COG,8
2023,disability.pension,employees,f,43,NPL,6
2023,disability.pension,employees,m,52,NLD,10
2023,disability.pension,employees,f,36,MKD,2
2023,disability.pension,employees,f,31,CHN,54
2023,disability.pension,employees,m,42,SYR,13
2023,disability.pension,employees,f,35,CUB,4
2023,disability.pension,employees,m,31,IND,12
2023,disability.pension,employees,m,33,TUN,4
2023,disability.pension,employees,m,26,MNG,11
2023,disability.pension,employees,m,25,KAZ,12
2023,disability.pension,employees,m,35,NGA,6
2023,disability.pension,employees,m,54,IRL,5
2023,disability.pension,employees,m,57,IND,3
2023,disability.pension,employees,m,66,TUR,5
2023,disability.pension,employees,m,31,PRT,47
2023,disability.pension,employees,m,26,MAR,4
2023,disability.pension,employees,m,28,LBN,2
2023,disability.pension,employees,m,38,ZAF,5
2023,disability.pension,employees,f,34,TWN,6
2023,disability.pension,employees,m,22,YEM,1
2023,disability.pension,employees,m,35,IRN,8
2023,disability.pension,employees,f,30,IRN,12
2023,disability.pension,employees,m,28,PAK,16
2023,disability.pension,employees,m,44,CZE,2
2023,disability.pension,employees,m,34,FIN,7
2023,disability.pension,employees,m,28,ZAF,2
2023,disability.pension,employees,m,31,MEX,30
2023,disability.pension,employees,f,28,ESP,20
2023,disability.pension,employees,f,25,YEM,1
2023,disability.pension,employees,m,29,BGD,14
2023,disability.pension,employees,f,36,GBR,2
2023,disability.pension,employees,m,23,IRL,2
2023,disability.pension,employees,m,66,GEO,23
2023,disability.pension,employees,f,28,GRC,13
2023,disability.pension,employees,m,32,LVA,17
2023,disability.pension,employees,m,19,COG,4
2023,disability.pension,employees,m,48,JPN,10
2023,disability.pension,employees,m,37,JPN,9
2023,disability.pension,employees,f,29,PHL,10
2023,disability.pension,employees,m,30,ESP,8
2023,disability.pension,employees,f,30,ESP,24
2023,disability.pension,employees,m,26,MDA,54
2023,disability.pension,employees,f,49,ROU,26
2023,disability.pension,employees,m,30,HRV,10
2023,disability.pension,employees,m,28,COG,14
2023,disability.pension,employees,f,22,CUB,2
2023,disability.pension,employees,f,28,SWE,3
2023,disability.pension,employees,f,28,MYS,2
2023,disability.pension,employees,f,27,LBN,2
2023,disability.pension,employees,f,30,SGP,1
2023,disability.pension,employees,m,22,AGO,1
2023,disability.pension,employees,f,21,EGY,2
2023,disability.pension,employees,f,25,ALB,3
2023,disability.pension,employees,m,46,SYR,7
2023,disability.pension,employees,m,49,VNM,4
2023,disability.pension,employees,m,36,MKD,2
2023,disability.pension,employees,f,29,COG,4
2023,disability.pension,employees,m,27,PAK,20
2023,disability.pension,employees,f,23,YEM,1
2023,disability.pension,employees,m,42,PAK,2
2023,disability.pension,employees,m,40,JPN,5
2023,disability.pension,employees,m,2,UKR,11
2023,disability.pension,employees,f,9,UKR,3
2023,disability.pension,employees,f,23,MOZ,1
2023,disability.pension,employees,m,65,ITA,10
2023,disability.pension,employees,m,25,ESP,49
2023,disability.pension,employees,m,26,NLD,10
2023,disability.pension,employees,f,27,TKM,9
2023,disability.pension,employees,m,23,FRA,21
2023,disability.pension,employees,m,27,BEL,9
2023,disability.pension,employees,m,41,FIN,7
2023,disability.pension,employees,m,39,PAK,6
2023,disability.pension,employees,m,37,BRA,4
2023,disability.pension,employees,m,32,TUN,6
2023,disability.pension,employees,f,48,SYR,3
2023,disability.pension,employees,f,24,UKR,28
2023,disability.pension,employees,f,46,UKR,20
2023,disability.pension,employees,f,26,IRN,2
2023,disability.pension,employees,m,44,VNM,16
2023,disability.pension,employees,f,19,AGO,1
2023,disability.pension,employees,m,34,CHN,6
2023,disability.pension,employees,f,29,IRN,6
2023,disability.pension,employees,f,22,MNG,6
2023,disability.pension,employees,f,24,MNG,2
2023,disability.pension,employees,f,34,IRN,8
2023,disability.pension,employees,f,36,AUS,1
2023,disability.pension,employees,m,28,IRQ,2
2023,disability.pension,employees,f,20,AZE,8
2023,disability.pension,employees,f,40,SVK,19
2023,disability.pension,employees,m,59,SVK,10
2023,disability.pension,employees,m,32,JAM,1
2023,disability.pension,employees,f,39,NGA,3
2023,disability.pension,employees,m,47,TUN,7
2023,disability.pension,employees,f,36,URY,1
2023,disability.pension,employees,f,54,RUS,6
2023,disability.pension,employees,m,48,THA,10
2023,disability.pension,employees,m,32,BEL,15
2023,disability.pension,employees,m,59,UZB,8
2023,disability.pension,employees,m,45,HUN,15
2023,disability.pension,employees,f,37,UKR,8
2023,disability.pension,employees,m,47,MEX,4
2023,disability.pension,employees,f,36,SVK,26
2023,disability.pension,employees,f,37,GEO,6
2023,disability.pension,employees,f,38,MDA,14
2023,disability.pension,employees,f,53,SVK,7
2023,disability.pension,employees,m,48,RUS,12
2023,disability.pension,employees,m,29,COL,184
2023,disability.pension,employees,m,16,SVK,1
2023,disability.pension,employees,f,30,TJK,1
2023,disability.pension,employees,m,34,TJK,30
2023,disability.pension,employees,f,42,NGA,3
2023,disability.pension,employees,f,41,SVK,22
2023,disability.pension,employees,f,38,SVK,20
2023,disability.pension,employees,f,22,NPL,32
2023,disability.pension,employees,f,65,AUT,1
2023,disability.pension,employees,m,25,KEN,25
2023,disability.pension,employees,f,34,CUB,2
2023,disability.pension,employees,m,1,BLR,7
2023,disability.pension,employees,f,81,USA,5
2023,disability.pension,employees,f,51,CZE,6
2023,disability.pension,employees,f,36,AFG,8
2023,disability.pension,employees,m,47,BOL,2
2023,disability.pension,employees,f,34,NPL,43
2023,disability.pension,employees,m,2,NPL,1
2023,disability.pension,employees,m,42,EGY,2
2023,disability.pension,employees,m,38,HUN,17
2023,disability.pension,employees,m,22,UKR,2
2023,disability.pension,employees,m,76,AUT,3
2023,disability.pension,employees,m,49,USA,20
2023,disability.pension,employees,m,47,ALB,13
2023,disability.pension,employees,m,58,BGD,3
2023,disability.pension,employees,m,23,AFG,8
2023,disability.pension,employees,f,56,MDA,31
2023,disability.pension,employees,m,68,MDA,5
2023,disability.pension,employees,f,53,MDA,48
2023,disability.pension,employees,m,62,MDA,27
2023,disability.pension,employees,m,66,MDA,4
2023,disability.pension,employees,f,38,ROU,32
2023,disability.pension,employees,m,60,MDA,50
2023,disability.pension,employees,m,39,MDA,32
2023,disability.pension,employees,m,41,HUN,27
2023,disability.pension,employees,m,48,MDA,40
2023,disability.pension,employees,f,33,NPL,40
2023,disability.pension,employees,f,57,ROU,22
2023,disability.pension,employees,f,63,MDA,4
2023,disability.pension,employees,f,29,NPL,61
2023,disability.pension,employees,m,44,MDA,24
2023,disability.pension,employees,m,42,MDA,34
2023,disability.pension,employees,f,39,MDA,26
2023,disability.pension,employees,m,53,MDA,16
2023,disability.pension,employees,m,60,MDA,4
2023,disability.pension,employees,m,32,MDA,24
2023,disability.pension,employees,f,45,MDA,18
2023,disability.pension,employees,m,43,NPL,82
2023,disability.pension,employees,f,58,MDA,27
2023,disability.pension,employees,m,23,SUR,1
2023,disability.pension,employees,m,23,MDA,30
2023,disability.pension,employees,m,54,MDA,12
2023,disability.pension,employees,m,40,MDA,36
2023,disability.pension,employees,f,61,MDA,10
2023,disability.pension,employees,f,29,PHL,98
2023,disability.pension,employees,m,58,MDA,10
2023,disability.pension,employees,m,48,NGA,2
2023,disability.pension,employees,m,29,NPL,16
2023,disability.pension,employees,m,21,GEO,6
2023,disability.pension,employees,m,22,ETH,23
2023,disability.pension,employees,m,28,KEN,38
2023,disability.pension,employees,f,39,UGA,4
2023,disability.pension,employees,m,39,UGA,5
2023,disability.pension,employees,m,38,UGA,6
2023,disability.pension,employees,m,31,UGA,14
2023,disability.pension,employees,m,34,UGA,7
2023,disability.pension,employees,m,21,UKR,2
2023,disability.pension,employees,m,28,UGA,10
2023,disability.pension,employees,m,45,UGA,2
2023,disability.pension,employees,f,32,UGA,3
2023,disability.pension,employees,f,28,UGA,7
2023,disability.pension,employees,f,26,UGA,3
2023,disability.pension,employees,f,36,GEO,8
2023,disability.pension,employees,f,25,COL,56
2023,disability.pension,employees,f,27,GEO,95
2023,disability.pension,employees,m,25,UGA,3
2023,disability.pension,employees,f,31,COL,61
2023,disability.pension,employees,m,22,GEO,6
2023,disability.pension,employees,m,30,VEN,9
2023,disability.pension,employees,m,26,TZA,7
2023,disability.pension,employees,m,20,MDA,3
2023,disability.pension,employees,f,44,PHL,138
2023,disability.pension,employees,f,22,GEO,61
2023,disability.pension,employees,f,64,UKR,24
2023,disability.pension,employees,m,54,COL,21
2023,disability.pension,employees,m,25,COL,168
2023,disability.pension,employees,m,49,COL,38
2023,disability.pension,employees,m,23,COL,150
2023,disability.pension,employees,f,54,COL,2
2023,disability.pension,employees,m,42,COL,82
2023,disability.pension,employees,m,31,COL,171
2023,disability.pension,employees,f,26,COL,70
2023,disability.pension,employees,f,34,COL,53
2023,disability.pension,employees,f,24,COL,72
2023,disability.pension,employees,m,45,VEN,6
2023,disability.pension,employees,m,38,COL,100
2023,disability.pension,employees,m,45,COL,70
2023,disability.pension,employees,f,22,COL,37
2023,disability.pension,employees,m,37,UGA,6
2023,disability.pension,employees,f,43,COL,32
2023,disability.pension,employees,f,35,COL,51
2023,disability.pension,employees,m,53,NPL,4
2023,disability.pension,employees,m,41,COL,97
2023,disability.pension,employees,m,21,COL,10
2023,disability.pension,employees,f,39,KEN,5
2023,disability.pension,employees,m,43,KEN,10
2023,disability.pension,employees,m,23,ETH,36
2023,disability.pension,employees,m,38,KEN,13
2023,disability.pension,employees,f,36,ROU,50
2023,disability.pension,employees,f,21,COL,44
2023,disability.pension,employees,f,33,COL,48
2023,disability.pension,employees,f,47,COL,20
2023,disability.pension,employees,f,38,COL,45
2023,disability.pension,employees,m,48,COL,39
2023,disability.pension,employees,f,36,COL,38
2023,disability.pension,employees,f,46,VEN,2
2023,disability.pension,employees,m,50,COL,25
2023,disability.pension,employees,m,55,COL,16
2023,disability.pension,employees,f,40,NPL,16
2023,disability.pension,employees,m,52,COL,23
2023,disability.pension,employees,m,25,ETH,30
2023,disability.pension,employees,m,61,MDA,28
2023,disability.pension,employees,f,41,COL,36
2023,disability.pension,employees,m,22,ARG,20
2023,disability.pension,employees,m,60,COL,5
2023,disability.pension,employees,m,43,ARG,23
2023,disability.pension,employees,f,39,COL,36
2023,disability.pension,employees,m,27,UGA,7
2023,disability.pension,employees,m,20,COL,62
2023,disability.pension,employees,m,53,COL,21
2023,disability.pension,employees,m,28,COL,14
2023,disability.pension,employees,f,27,COL,12
2023,disability.pension,employees,m,31,VEN,6
2023,disability.pension,employees,m,32,ARG,29
2023,disability.pension,employees,m,20,COL,6
2023,disability.pension,employees,m,26,NPL,20
2023,disability.pension,employees,m,41,NPL,18
2023,disability.pension,employees,m,20,PER,10
2023,disability.pension,employees,f,23,COL,50
2023,disability.pension,employees,f,18,MDA,45
2023,disability.pension,employees,m,30,ARG,17
2023,disability.pension,employees,f,30,ARG,10
2023,disability.pension,employees,m,44,ARG,18
2023,disability.pension,employees,m,19,COL,34
2023,disability.pension,employees,m,32,NPL,20
2023,disability.pension,employees,m,37,NPL,22
2023,disability.pension,employees,f,21,ARG,7
2023,disability.pension,employees,f,44,COL,22
2023,disability.pension,employees,f,19,COL,19
2023,disability.pension,employees,f,24,VEN,4
2023,disability.pension,employees,f,36,NPL,35
2023,disability.pension,employees,m,40,ARG,25
2023,disability.pension,employees,m,22,ARG,2
2023,disability.pension,employees,m,40,PER,7
2023,disability.pension,employees,m,28,ARG,32
2023,disability.pension,employees,m,33,COL,12
2023,disability.pension,employees,f,31,COL,4
2023,disability.pension,employees,m,57,PER,1
2023,disability.pension,employees,m,67,COL,1
2023,disability.pension,employees,m,38,ARG,19
2023,disability.pension,employees,f,24,ARG,10
2023,disability.pension,employees,f,20,COL,34
2023,disability.pension,employees,m,39,ARG,12
2023,disability.pension,employees,f,19,MDA,80
2023,disability.pension,employees,m,44,PER,7
2023,disability.pension,employees,m,27,PER,14
2023,disability.pension,employees,f,45,COL,15
2023,disability.pension,employees,f,49,COL,9
2023,disability.pension,employees,m,21,PER,12
2023,disability.pension,employees,m,22,PER,10
2023,disability.pension,employees,m,26,PER,17
2023,disability.pension,employees,m,48,PER,5
2023,disability.pension,employees,m,23,COL,10
2023,disability.pension,employees,m,35,COL,14
2023,disability.pension,employees,m,57,COL,6
2023,disability.pension,employees,m,36,ARG,22
2023,disability.pension,employees,m,38,ARG,2
2023,disability.pension,employees,m,28,ARG,2
2023,disability.pension,employees,m,26,ARG,4
2023,disability.pension,employees,m,18,ARG,1
2023,disability.pension,employees,m,48,NPL,21
2023,disability.pension,employees,m,56,COL,10
2023,disability.pension,employees,m,54,VEN,2
2023,disability.pension,employees,f,43,ARG,4
2023,disability.pension,employees,m,21,ARG,15
2023,disability.pension,employees,f,25,ARG,8
2023,disability.pension,employees,m,43,PER,4
2023,disability.pension,employees,m,18,COL,8
2023,disability.pension,employees,m,41,ARG,17
2023,disability.pension,employees,f,37,ROU,42
2023,disability.pension,employees,m,28,PER,16
2023,disability.pension,employees,m,36,PER,9
2023,disability.pension,employees,f,22,ARG,8
2023,disability.pension,employees,m,46,PRY,1
2023,disability.pension,employees,m,20,NPL,60
2023,disability.pension,employees,m,31,PER,14
2023,disability.pension,employees,m,32,COL,18
2023,disability.pension,employees,m,22,COL,12
2023,disability.pension,employees,f,28,ARG,7
2023,disability.pension,employees,m,32,VEN,16
2023,disability.pension,employees,f,26,VEN,2
2023,disability.pension,employees,m,49,ARG,7
2023,disability.pension,employees,f,42,ARG,2
2023,disability.pension,employees,m,37,PER,17
2023,disability.pension,employees,f,29,COL,4
2023,disability.pension,employees,f,47,PER,4
2023,disability.pension,employees,m,46,ARG,12
2023,disability.pension,employees,f,20,ARG,7
2023,disability.pension,employees,f,53,COL,9
2023,disability.pension,employees,f,18,COL,3
2023,disability.pension,employees,m,42,PER,4
2023,disability.pension,employees,f,41,PER,5
2023,disability.pension,employees,f,40,PER,4
2023,disability.pension,employees,m,45,PER,6
2023,disability.pension,employees,m,27,PRY,2
2023,disability.pension,employees,m,18,PER,2
2023,disability.pension,employees,m,51,PER,2
2023,disability.pension,employees,f,34,PER,12
2023,disability.pension,employees,m,27,COL,16
2023,disability.pension,employees,m,45,PER,2
2023,disability.pension,employees,m,51,ARG,5
2023,disability.pension,employees,f,52,COL,6
2023,disability.pension,employees,m,50,PER,4
2023,disability.pension,employees,m,41,PER,8
2023,disability.pension,employees,m,25,PER,12
2023,disability.pension,employees,m,34,PER,9
2023,disability.pension,employees,f,25,PER,11
2023,disability.pension,employees,f,51,COL,10
2023,disability.pension,employees,f,26,ARG,7
2023,disability.pension,employees,f,26,PRY,1
2023,disability.pension,employees,m,24,UGA,8
2023,disability.pension,employees,f,35,NPL,32
2023,disability.pension,employees,f,48,COL,15
2023,disability.pension,employees,f,34,ARG,4
2023,disability.pension,employees,f,39,ARG,8
2023,disability.pension,employees,f,33,ARG,9
2023,disability.pension,employees,m,25,PER,2
2023,disability.pension,employees,f,50,PER,3
2023,disability.pension,employees,f,49,PER,3
2023,disability.pension,employees,m,33,ARG,4
2023,disability.pension,employees,m,27,ARG,4
2023,disability.pension,employees,f,29,ARG,11
2023,disability.pension,employees,m,63,MDA,17
2023,disability.pension,employees,f,32,MDA,12
2023,disability.pension,employees,m,55,ARG,4
2023,disability.pension,employees,f,53,MDA,16
2023,disability.pension,employees,f,48,ARG,2
2023,disability.pension,employees,m,27,VEN,12
2023,disability.pension,employees,m,58,COL,10
2023,disability.pension,employees,m,42,VEN,8
2023,disability.pension,employees,m,47,ARG,2
2023,disability.pension,employees,f,46,ARG,3
2023,disability.pension,employees,m,52,VEN,4
2023,disability.pension,employees,m,31,PRY,1
2023,disability.pension,employees,f,35,TZA,3
2023,disability.pension,employees,m,47,MDA,24
2023,disability.pension,employees,f,41,ARG,3
2023,disability.pension,employees,f,61,COL,1
2023,disability.pension,employees,m,29,VEN,20
2023,disability.pension,employees,f,19,NPL,6
2023,disability.pension,employees,m,53,ARG,1
2023,disability.pension,employees,f,47,ARG,3
2023,disability.pension,employees,f,38,AUS,2
2023,disability.pension,employees,f,30,TUR,62
2023,disability.pension,employees,m,28,NGA,22
2023,disability.pension,employees,m,56,BOL,3
2023,disability.pension,employees,m,59,BEL,9
2023,disability.pension,employees,f,46,LVA,8
2023,disability.pension,employees,f,35,CZE,14
2023,disability.pension,employees,f,44,DEU,12
2023,disability.pension,employees,f,36,CHN,10
2023,disability.pension,employees,f,41,LTU,3
2023,disability.pension,employees,m,30,TZA,11
2023,disability.pension,employees,m,42,SVN,2
2023,disability.pension,employees,m,28,ISR,5
2023,disability.pension,employees,m,23,SVK,9
2023,disability.pension,employees,m,19,ESP,7
2023,disability.pension,employees,m,58,CAN,5
2023,disability.pension,employees,m,61,TUR,17
2023,disability.pension,employees,f,53,UKR,36
2023,disability.pension,employees,m,26,CMR,3
2023,disability.pension,employees,m,51,TJK,7
2023,disability.pension,employees,m,47,UKR,4
2023,disability.pension,employees,f,36,MDA,6
2023,disability.pension,employees,m,33,MDA,3
2023,disability.pension,employees,m,50,UGA,2
2023,disability.pension,employees,m,59,ITA,3
2023,disability.pension,employees,f,39,CRI,1
2023,disability.pension,employees,f,43,SVK,2
2023,disability.pension,employees,m,33,TJK,33
2023,disability.pension,employees,f,37,MNG,8
2023,disability.pension,employees,m,36,ARM,10
2023,disability.pension,employees,f,52,CZE,5
2023,disability.pension,employees,m,56,KOR,17
2023,disability.pension,employees,f,55,MNG,3
2023,disability.pension,employees,f,66,BLR,23
2023,disability.pension,employees,m,36,JAM,1
2023,disability.pension,employees,f,38,BGR,2
2023,disability.pension,employees,m,53,CZE,2
2023,disability.pension,employees,m,58,DZA,1
2023,disability.pension,employees,m,82,ITA,2
2023,disability.pension,employees,m,36,NGA,6
2023,disability.pension,employees,f,42,ARM,4
2023,disability.pension,employees,f,76,RUS,3
2023,disability.pension,employees,m,45,KEN,8
2023,disability.pension,employees,m,67,DEU,8
2023,disability.pension,employees,m,64,ITA,2
2023,disability.pension,employees,m,40,SDN,1
2023,disability.pension,employees,m,64,AUT,3
2023,disability.pension,employees,f,65,RUS,15
2023,disability.pension,employees,f,52,BLR,54
2023,disability.pension,employees,m,42,CRI,2
2023,disability.pension,employees,f,58,USA,5
2023,disability.pension,employees,f,30,LTU,26
2023,disability.pension,employees,m,80,DEU,11
2023,disability.pension,employees,m,68,FRA,4
2023,disability.pension,employees,f,46,NPL,6
2023,disability.pension,employees,m,51,DNK,6
2023,disability.pension,employees,m,31,ETH,20
2023,disability.pension,employees,f,57,LTU,12
2023,disability.pension,employees,m,54,SLV,1
2023,disability.pension,employees,m,28,BGD,20
2023,disability.pension,employees,m,20,BGD,6
2023,disability.pension,employees,m,44,BGD,6
2023,disability.pension,employees,m,65,ROU,13
2023,disability.pension,employees,f,36,UKR,6
2023,disability.pension,employees,m,52,NPL,7
2023,disability.pension,employees,m,61,ITA,8
2023,disability.pension,employees,f,48,LTU,6
2023,disability.pension,employees,m,21,AFG,8
2023,disability.pension,employees,m,48,EGY,14
2023,disability.pension,employees,m,31,SAU,3
2023,disability.pension,employees,f,30,MYS,2
2023,disability.pension,employees,f,27,FRA,25
2023,disability.pension,employees,f,43,GBR,10
2023,disability.pension,employees,f,58,MNG,4
2023,disability.pension,employees,f,30,NGA,36
2023,disability.pension,employees,m,46,CHN,53
2023,disability.pension,employees,f,23,LTU,10
2023,disability.pension,employees,f,38,BGD,3
2023,disability.pension,employees,m,53,LVA,9
2023,disability.pension,employees,f,17,DEU,1
2023,disability.pension,employees,f,46,BGD,1
2023,disability.pension,employees,m,40,LKA,4
2023,disability.pension,employees,m,58,JOR,3
2023,disability.pension,employees,m,41,LTU,6
2023,disability.pension,employees,m,66,UKR,6
2023,disability.pension,employees,f,23,MEX,4
2023,disability.pension,employees,f,29,RUS,6
2023,disability.pension,employees,m,56,KHM,1
2023,disability.pension,employees,m,26,AZE,30
2023,disability.pension,employees,m,33,MDA,12
2023,disability.pension,employees,m,16,MDA,5
2023,disability.pension,employees,f,35,ZAF,5
2023,disability.pension,employees,m,35,ZAF,7
2023,disability.pension,employees,m,54,AFG,2
2023,disability.pension,employees,m,29,TJK,32
2023,disability.pension,employees,f,36,DEU,23
2023,disability.pension,employees,m,42,AUS,5
2023,disability.pension,employees,f,14,DEU,1
2023,disability.pension,employees,m,59,UKR,2
2023,disability.pension,employees,m,20,UKR,8
2023,disability.pension,employees,m,55,MDA,12
2023,disability.pension,employees,f,31,MEX,4
2023,disability.pension,employees,m,56,CUB,4
2023,disability.pension,employees,m,75,AUT,2
2023,disability.pension,employees,f,32,BGR,20
2023,disability.pension,employees,m,66,ROU,5
2023,disability.pension,employees,f,36,NGA,4
2023,disability.pension,employees,f,37,IRN,13
2023,disability.pension,employees,m,47,AZE,4
2023,disability.pension,employees,f,48,NLD,4
2023,disability.pension,employees,f,28,TZA,2
2023,disability.pension,employees,m,35,ESP,3
2023,disability.pension,employees,f,28,NGA,2
2023,disability.pension,employees,m,46,PER,2
2023,disability.pension,employees,f,34,NPL,6
2023,disability.pension,employees,m,48,AUT,2
2023,disability.pension,employees,m,15,DEU,2
2023,disability.pension,employees,f,49,TUR,12
2023,disability.pension,employees,f,63,DEU,10
2023,disability.pension,employees,m,43,BEL,7
2023,disability.pension,employees,f,40,MEX,2
2023,disability.pension,employees,f,45,HRV,3
2023,disability.pension,employees,f,41,MDA,15
2023,disability.pension,employees,m,36,MDA,3
2023,disability.pension,employees,m,59,GEO,38
2023,disability.pension,employees,f,52,GEO,10
2023,disability.pension,employees,f,33,MDA,20
2023,disability.pension,employees,m,19,GEO,24
2023,disability.pension,employees,f,42,UKR,20
2023,disability.pension,employees,m,38,ALB,16
2023,disability.pension,employees,f,33,TUR,6
2023,disability.pension,employees,f,28,CUB,4
2023,disability.pension,employees,m,56,GEO,3
2023,disability.pension,employees,f,51,GEO,3
2023,disability.pension,employees,f,51,GEO,16
2023,disability.pension,employees,f,40,IND,58
2023,disability.pension,employees,m,48,KOR,20
2023,disability.pension,employees,m,35,UKR,10
2023,disability.pension,employees,f,51,IRL,1
2023,disability.pension,employees,m,34,LTU,32
2023,disability.pension,employees,m,36,UKR,2
2023,disability.pension,employees,m,48,UKR,2
2023,disability.pension,employees,m,62,UKR,4
2023,disability.pension,employees,m,28,UKR,4
2023,disability.pension,employees,m,43,UKR,4
2023,disability.pension,employees,m,35,UKR,2
2023,disability.pension,employees,m,33,UKR,2
2023,disability.pension,employees,m,45,UKR,2
2023,disability.pension,employees,m,40,UKR,8
2023,disability.pension,employees,m,58,UKR,2
2023,disability.pension,employees,m,44,UKR,2
2023,disability.pension,employees,m,43,UKR,10
2023,disability.pension,employees,m,49,UKR,4
2023,disability.pension,employees,m,20,UKR,2
2023,disability.pension,employees,m,60,BLR,4
2023,disability.pension,employees,m,57,UKR,2
2023,disability.pension,employees,m,33,UKR,2
2023,disability.pension,employees,m,48,UKR,10
2023,disability.pension,employees,m,49,UKR,4
2023,disability.pension,employees,m,42,FRA,2
2023,disability.pension,employees,f,21,GEO,14
2023,disability.pension,employees,f,39,TUR,19
2023,disability.pension,employees,m,19,TUR,51
2023,disability.pension,employees,m,31,DEU,6
2023,disability.pension,employees,f,69,BLR,2
2023,disability.pension,employees,f,26,ESP,21
2023,disability.pension,employees,m,45,AZE,2
2023,disability.pension,employees,f,44,AZE,7
2023,disability.pension,employees,m,50,AZE,4
2023,disability.pension,employees,m,37,AZE,4
2023,disability.pension,employees,m,42,AZE,14
2023,disability.pension,employees,m,62,AZE,7
2023,disability.pension,employees,f,48,AZE,5
2023,disability.pension,employees,m,30,BRA,42
2023,disability.pension,employees,f,39,UKR,36
2023,disability.pension,employees,m,40,KAZ,16
2023,disability.pension,employees,m,27,TGO,1
2023,disability.pension,employees,f,40,VNM,8
2023,disability.pension,employees,m,42,NLD,19
2023,disability.pension,employees,m,52,DEU,12
2023,disability.pension,employees,m,29,PHL,117
2023,disability.pension,employees,m,52,NLD,9
2023,disability.pension,employees,m,45,DZA,2
2023,disability.pension,employees,m,47,FIN,5
2023,disability.pension,employees,m,39,BRA,6
2023,disability.pension,employees,m,53,USA,20
2023,disability.pension,employees,f,42,LVA,5
2023,disability.pension,employees,f,31,JPN,3
2023,disability.pension,employees,f,38,TUR,26
2023,disability.pension,employees,m,30,EST,3
2023,disability.pension,employees,m,5,MDA,1
2023,disability.pension,employees,m,64,MDA,15
2023,disability.pension,employees,f,23,BGR,4
2023,disability.pension,employees,m,26,THA,2
2023,disability.pension,employees,f,30,BGD,6
2023,disability.pension,employees,m,30,NOR,1
2023,disability.pension,employees,f,51,FRA,6
2023,disability.pension,employees,f,28,UKR,5
2023,disability.pension,employees,f,73,ARM,4
2023,disability.pension,employees,m,22,EGY,2
2023,disability.pension,employees,f,41,NPL,9
2023,disability.pension,employees,m,30,CUB,11
2023,disability.pension,employees,f,27,CUB,2
2023,disability.pension,employees,f,39,UZB,13
2023,disability.pension,employees,f,25,UKR,40
2023,disability.pension,employees,f,43,PHL,148
2023,disability.pension,employees,f,32,PHL,148
2023,disability.pension,employees,m,19,SYR,2
2023,disability.pension,employees,m,52,MAR,2
2023,disability.pension,employees,m,19,ARM,6
2023,disability.pension,employees,f,48,LVA,3
2023,disability.pension,employees,f,37,MDA,24
2023,disability.pension,employees,m,31,MDA,52
2023,disability.pension,employees,m,26,MDA,6
2023,disability.pension,employees,f,47,MDA,22
2023,disability.pension,employees,f,20,MDA,22
2023,disability.pension,employees,f,19,MDA,8
2023,disability.pension,employees,m,20,MDA,18
2023,disability.pension,employees,m,19,MDA,12
2023,disability.pension,employees,f,31,MDA,18
2023,disability.pension,employees,m,33,MDA,34
2023,disability.pension,employees,f,57,MDA,4
2023,disability.pension,employees,f,48,MDA,16
2023,disability.pension,employees,f,51,MDA,16
2023,disability.pension,employees,f,35,MDA,28
2023,disability.pension,employees,m,53,TJK,7
2023,disability.pension,employees,f,43,USA,6
2023,disability.pension,employees,f,27,GEO,12
2023,disability.pension,employees,m,39,CUB,18
2023,disability.pension,employees,m,35,CUB,16
2023,disability.pension,employees,m,47,BEL,7
2023,disability.pension,employees,f,42,TJK,2
2023,disability.pension,employees,m,6,MDA,1
2023,disability.pension,employees,m,20,GEO,38
2023,disability.pension,employees,m,14,UKR,12
2023,disability.pension,employees,f,71,UKR,10
2023,disability.pension,employees,f,61,GEO,21
2023,disability.pension,employees,f,29,IRQ,3
2023,disability.pension,employees,f,50,COL,12
2023,disability.pension,employees,f,53,PER,2
2023,disability.pension,employees,m,56,PER,4
2023,disability.pension,employees,m,60,PER,2
2023,disability.pension,employees,m,18,MDA,10
2023,disability.pension,employees,f,40,MDA,16
2023,disability.pension,employees,m,53,MEX,2
2023,disability.pension,employees,f,38,HUN,4
2023,disability.pension,employees,f,48,AUT,4
2023,disability.pension,employees,m,59,CUB,2
2023,disability.pension,employees,m,35,PAN,2
2023,disability.pension,employees,m,17,GEO,24
2023,disability.pension,employees,m,61,CZE,10
2023,disability.pension,employees,m,25,LTU,10
2023,disability.pension,employees,m,28,GTM,7
2023,disability.pension,employees,m,25,GTM,8
2023,disability.pension,employees,m,23,CUB,3
2023,disability.pension,employees,m,70,AUT,2
2023,disability.pension,employees,m,28,MDA,9
2023,disability.pension,employees,f,38,NPL,23
2023,disability.pension,employees,f,44,NPL,10
2023,disability.pension,employees,m,34,NPL,10
2023,disability.pension,employees,m,40,NPL,12
2023,disability.pension,employees,m,24,NPL,24
2023,disability.pension,employees,f,33,BLR,3
2023,disability.pension,employees,m,6,UKR,2
2023,disability.pension,employees,m,68,NLD,3
2023,disability.pension,employees,f,69,AFG,1
2023,disability.pension,employees,f,33,NGA,10
2023,disability.pension,employees,m,34,URY,2
2023,disability.pension,employees,m,15,GEO,3
2023,disability.pension,employees,m,28,GEO,8
2023,disability.pension,employees,f,19,GEO,28
2023,disability.pension,employees,m,36,VEN,11
2023,disability.pension,employees,m,37,MEX,19
2023,disability.pension,employees,m,39,VEN,9
2023,disability.pension,employees,f,39,VEN,7
2023,disability.pension,employees,m,20,VEN,8
2023,disability.pension,employees,m,44,CUB,8
2023,disability.pension,employees,m,26,CUB,9
2023,disability.pension,employees,m,46,VEN,6
2023,disability.pension,employees,f,22,VEN,6
2023,disability.pension,employees,m,56,VEN,4
2023,disability.pension,employees,f,27,VEN,7
2023,disability.pension,employees,f,25,VEN,2
2023,disability.pension,employees,m,23,VEN,8
2023,disability.pension,employees,f,20,VEN,3
2023,disability.pension,employees,f,15,ARG,1
2023,disability.pension,employees,f,50,BGR,13
2023,disability.pension,employees,f,36,KEN,3
2023,disability.pension,employees,m,44,BGR,46
2023,disability.pension,employees,m,25,TJK,35
2023,disability.pension,employees,m,23,CZE,11
2023,disability.pension,employees,f,40,ROU,20
2023,disability.pension,employees,f,32,TZA,3
2023,disability.pension,employees,f,30,TZA,4
2023,disability.pension,employees,f,50,PHL,29
2023,disability.pension,employees,m,45,BOL,2
2023,disability.pension,employees,m,27,BOL,2
2023,disability.pension,employees,m,29,BOL,2
2023,disability.pension,employees,f,33,PHL,22
2023,disability.pension,employees,m,51,CYP,1
2023,disability.pension,employees,f,36,UKR,48
2023,disability.pension,employees,m,40,BRA,30
2023,disability.pension,employees,m,31,TJK,31
2023,disability.pension,employees,f,41,TJK,2
2023,disability.pension,employees,m,45,TJK,18
2023,disability.pension,employees,m,47,AFG,3
2023,disability.pension,employees,m,53,PHL,62
2023,disability.pension,employees,m,46,KAZ,3
2023,disability.pension,employees,m,39,AZE,12
2023,disability.pension,employees,m,38,IDN,10
2023,disability.pension,employees,m,24,IDN,22
2023,disability.pension,employees,m,46,IDN,4
2023,disability.pension,employees,m,42,DEU,4
2023,disability.pension,employees,m,40,ARM,6
2023,disability.pension,employees,f,79,BGR,1
2023,disability.pension,employees,f,28,KAZ,59
2023,disability.pension,employees,m,44,SOM,2
2023,disability.pension,employees,m,26,SOM,1
2023,disability.pension,employees,m,41,GMB,2
2023,disability.pension,employees,m,38,IRL,15
2023,disability.pension,employees,m,40,KGZ,10
2023,disability.pension,employees,m,27,KGZ,8
2023,disability.pension,employees,m,44,KGZ,4
2023,disability.pension,employees,f,59,GEO,6
2023,disability.pension,employees,f,21,NPL,26
2023,disability.pension,employees,m,21,NPL,3
2023,disability.pension,employees,m,35,KGZ,10
2023,disability.pension,employees,f,45,LBR,1
2023,disability.pension,employees,f,50,MEX,3
2023,disability.pension,employees,f,38,VEN,5
2023,disability.pension,employees,m,45,CUB,8
2023,disability.pension,employees,m,50,VEN,2
2023,disability.pension,employees,f,32,CUB,5
2023,disability.pension,employees,m,51,CUB,7
2023,disability.pension,employees,m,26,VEN,7
2023,disability.pension,employees,m,24,VEN,13
2023,disability.pension,employees,m,28,DOM,1
2023,disability.pension,employees,f,33,CUB,5
2023,disability.pension,employees,m,28,ALB,2
2023,disability.pension,employees,f,38,UZB,10
2023,disability.pension,employees,m,31,KGZ,2
2023,disability.pension,employees,m,28,KGZ,2
2023,disability.pension,employees,m,42,ALB,18
2023,disability.pension,employees,m,32,CZE,4
2023,disability.pension,employees,m,36,MNG,7
2023,disability.pension,employees,f,43,BEL,2
2023,disability.pension,employees,m,46,PRT,35
2023,disability.pension,employees,f,37,PER,2
2023,disability.pension,employees,f,46,KAZ,24
2023,disability.pension,employees,m,28,SVK,23
2023,disability.pension,employees,m,53,CYP,1
2023,disability.pension,employees,m,56,ALB,4
2023,disability.pension,employees,f,33,PRT,6
2023,disability.pension,employees,m,58,KOR,13
2023,disability.pension,employees,f,36,TUR,33
2023,disability.pension,employees,f,15,TUR,1
2023,disability.pension,employees,m,47,THA,8
2023,disability.pension,employees,f,32,VNM,24
2023,disability.pension,employees,m,48,PRT,19
2023,disability.pension,employees,f,32,ITA,2
2023,disability.pension,employees,m,46,NER,3
2023,disability.pension,employees,f,35,ESP,19
2023,disability.pension,employees,f,19,BGR,4
2023,disability.pension,employees,m,36,ITA,10
2023,disability.pension,employees,m,35,KEN,20
2023,disability.pension,employees,f,42,NOR,1
2023,disability.pension,employees,m,39,VNM,8
2023,disability.pension,employees,m,22,USA,5
2023,disability.pension,employees,m,71,BGR,2
2023,disability.pension,employees,m,15,BGR,5
2023,disability.pension,employees,f,85,UKR,4
2023,disability.pension,employees,m,59,KGZ,9
2023,disability.pension,employees,m,46,UZB,2
2023,disability.pension,employees,m,27,KGZ,33
2023,disability.pension,employees,m,52,KGZ,21
2023,disability.pension,employees,m,58,KGZ,5
2023,disability.pension,employees,m,25,MAR,36
2023,disability.pension,employees,m,58,AUT,5
2023,disability.pension,employees,m,50,LKA,7
2023,disability.pension,employees,m,62,AUT,2
2023,disability.pension,employees,m,53,KAZ,41
2023,disability.pension,employees,f,49,BEL,1
2023,disability.pension,employees,m,69,NLD,5
2023,disability.pension,employees,m,57,UKR,2
2023,disability.pension,employees,f,54,KGZ,3
2023,disability.pension,employees,m,53,ALB,9
2023,disability.pension,employees,m,45,AFG,9
2023,disability.pension,employees,f,48,BGR,12
2023,disability.pension,employees,m,51,FRA,45
2023,disability.pension,employees,m,51,UKR,2
2023,disability.pension,employees,m,27,ALB,19
2023,disability.pension,employees,f,35,BEL,5
2023,disability.pension,employees,m,31,BEL,2
2023,disability.pension,employees,m,32,HUN,30
2023,disability.pension,employees,m,45,LTU,6
2023,disability.pension,employees,m,19,BGR,4
2023,disability.pension,employees,m,41,BLR,18
2023,disability.pension,employees,m,42,GEO,18
2023,disability.pension,employees,m,35,MNG,2
2023,disability.pension,employees,f,66,MNG,1
2023,disability.pension,employees,f,54,LTU,16
2023,disability.pension,employees,m,44,MAR,2
2023,disability.pension,employees,m,57,MKD,2
2023,disability.pension,employees,m,64,YUG,1
2023,disability.pension,employees,m,39,SYR,11
2023,disability.pension,employees,f,71,AUT,1
2023,disability.pension,employees,m,52,MDA,6
2023,disability.pension,employees,m,39,SLE,1
2023,disability.pension,employees,f,31,AFG,3
2023,disability.pension,employees,m,60,UZB,1
2023,disability.pension,employees,m,41,BGR,2
2023,disability.pension,employees,f,26,LKA,4
2023,disability.pension,employees,m,19,RUS,2
2023,disability.pension,employees,f,49,PHL,32
2023,disability.pension,employees,m,47,MEX,3
2023,disability.pension,employees,f,27,PHL,46
2023,disability.pension,employees,m,41,PHL,50
2023,disability.pension,employees,f,27,PHL,8
2023,disability.pension,employees,m,28,IRQ,10
2023,disability.pension,employees,f,42,PHL,40
2023,disability.pension,employees,f,37,IDN,25
2023,disability.pension,employees,m,36,PHL,26
2023,disability.pension,employees,m,32,CRI,11
2023,disability.pension,employees,m,122,BLR,1
2023,disability.pension,employees,m,41,KAZ,8
2023,disability.pension,employees,m,43,KAZ,10
2023,disability.pension,employees,m,50,VNM,8
2023,disability.pension,employees,m,56,GRC,5
2023,disability.pension,employees,m,51,MAR,4
2023,disability.pension,employees,f,43,UKR,68
2023,disability.pension,employees,m,35,JAM,1
2023,disability.pension,employees,m,33,CUB,6
2023,disability.pension,employees,f,49,GBR,5
2023,disability.pension,employees,m,38,JOR,2
2023,disability.pension,employees,m,34,JOR,2
2023,disability.pension,employees,m,55,JOR,4
2023,disability.pension,employees,m,28,TJK,42
2023,disability.pension,employees,m,54,CHN,36
2023,disability.pension,employees,m,50,IND,6
2023,disability.pension,employees,m,46,ZWE,6
2023,disability.pension,employees,m,44,PSE,3
2023,disability.pension,employees,m,25,SYR,4
2023,disability.pension,employees,m,80,GBR,4
2023,disability.pension,employees,f,33,VNM,24
2023,disability.pension,employees,m,54,ZWE,6
2023,disability.pension,employees,m,46,ZWE,25
2023,disability.pension,employees,m,34,ZWE,39
2023,disability.pension,employees,m,28,ZMB,2
2023,disability.pension,employees,m,56,PAK,3
2023,disability.pension,employees,m,39,PAK,38
2023,disability.pension,employees,m,37,YEM,2
2023,disability.pension,employees,m,27,YEM,2
2023,disability.pension,employees,m,50,NPL,27
2023,disability.pension,employees,f,31,ETH,8
2023,disability.pension,employees,m,21,PAK,2
2023,disability.pension,employees,m,61,IND,8
2023,disability.pension,employees,m,74,ARM,3
2023,disability.pension,employees,f,25,ARM,6
2023,disability.pension,employees,f,34,UZB,12
2023,disability.pension,employees,m,25,KGZ,42
2023,disability.pension,employees,f,72,ARM,3
2023,disability.pension,employees,m,55,BEL,9
2023,disability.pension,employees,m,62,TUR,12
2023,disability.pension,employees,m,55,CHN,40
2023,disability.pension,employees,m,46,BEL,3
2023,disability.pension,employees,m,50,RUS,6
2023,disability.pension,employees,m,33,RUS,5
2023,disability.pension,employees,m,36,DNK,9
2023,disability.pension,employees,m,32,NLD,17
2023,disability.pension,employees,m,40,HRV,18
2023,disability.pension,employees,m,4,BLR,2
2023,disability.pension,employees,f,25,URY,1
2023,disability.pension,employees,m,52,ESP,19
2023,disability.pension,employees,f,35,ROU,38
2023,disability.pension,employees,m,35,MNG,8
2023,disability.pension,employees,m,24,HRV,4
2023,disability.pension,employees,m,26,BLR,2
2023,disability.pension,employees,m,35,ARM,2
2023,disability.pension,employees,m,20,HUN,7
2023,disability.pension,employees,m,57,KOR,11
2023,disability.pension,employees,m,55,TJK,7
2023,disability.pension,employees,m,36,KOR,15
2023,disability.pension,employees,m,39,EGY,4
2023,disability.pension,employees,m,45,KOR,20
2023,disability.pension,employees,m,32,SVN,3
2023,disability.pension,employees,m,27,SVK,13
2023,disability.pension,employees,m,59,ROU,17
2023,disability.pension,employees,f,36,GRC,3
2023,disability.pension,employees,m,59,PHL,6
2023,disability.pension,employees,m,31,FRA,6
2023,disability.pension,employees,f,50,UKR,10
2023,disability.pension,employees,f,65,SWE,4
2023,disability.pension,employees,m,56,MKD,2
2023,disability.pension,employees,m,53,CAN,4
2023,disability.pension,employees,f,34,MEX,10
2023,disability.pension,employees,m,40,MKD,5
2023,disability.pension,employees,m,45,NER,2
2023,disability.pension,employees,m,37,IRQ,2
2023,disability.pension,employees,m,50,IRQ,4
2023,disability.pension,employees,f,65,DEU,12
2023,disability.pension,employees,m,42,GRC,22
2023,disability.pension,employees,m,26,KEN,14
2023,disability.pension,employees,m,61,DZA,4
2023,disability.pension,employees,m,59,DZA,3
2023,disability.pension,employees,m,26,DZA,48
2023,disability.pension,employees,m,38,DZA,4
2023,disability.pension,employees,f,31,NGA,10
2023,disability.pension,employees,f,30,RWA,7
2023,disability.pension,employees,m,24,BGD,6
2023,disability.pension,employees,m,57,BGD,1
2023,disability.pension,employees,f,30,SWE,8
2023,disability.pension,employees,f,17,GEO,2
2023,disability.pension,employees,m,51,UKR,2
2023,disability.pension,employees,f,66,GEO,10
2023,disability.pension,employees,m,39,LKA,4
2023,disability.pension,employees,m,63,LBY,5
2023,disability.pension,employees,m,28,RWA,34
2023,disability.pension,employees,m,42,GTM,1
2023,disability.pension,employees,f,54,EST,2
2023,disability.pension,employees,f,37,MDA,6
2023,disability.pension,employees,f,39,BGR,15
2023,disability.pension,employees,m,80,TUR,1
2023,disability.pension,employees,m,24,KEN,10
2023,disability.pension,employees,m,26,UKR,12
2023,disability.pension,employees,m,52,AFG,2
2023,disability.pension,employees,m,64,COG,2
2023,disability.pension,employees,f,38,USA,18
2023,disability.pension,employees,f,45,CUB,2
2023,disability.pension,employees,m,76,NLD,1
2023,disability.pension,employees,m,70,DNK,2
2023,disability.pension,employees,m,62,GBR,20
2023,disability.pension,employees,f,52,DEU,14
2023,disability.pension,employees,m,27,LTU,2
2023,disability.pension,employees,f,53,AZE,6
2023,disability.pension,employees,f,51,TKM,6
2023,disability.pension,employees,f,57,TKM,2
2023,disability.pension,employees,f,19,BGR,11
2023,disability.pension,employees,m,58,PSE,1
2023,disability.pension,employees,m,31,PSE,3
2023,disability.pension,employees,m,31,SYR,12
2023,disability.pension,employees,f,28,BGD,4
2023,disability.pension,employees,m,31,PSE,10
2023,disability.pension,employees,m,38,DNK,4
2023,disability.pension,employees,m,37,ALB,13
2023,disability.pension,employees,f,31,TKM,2
2023,disability.pension,employees,m,55,NLD,4
2023,disability.pension,employees,m,28,UKR,2
2023,disability.pension,employees,f,63,KAZ,4
2023,disability.pension,employees,f,37,ARM,6
2023,disability.pension,employees,m,36,USA,4
2023,disability.pension,employees,m,33,CHL,4
2023,disability.pension,employees,f,50,RUS,12
2023,disability.pension,employees,m,68,GBR,6
2023,disability.pension,employees,f,27,NPL,2
2023,disability.pension,employees,m,31,UKR,6
2023,disability.pension,employees,m,65,DEU,4
2023,disability.pension,employees,m,43,KAZ,52
2023,disability.pension,employees,f,29,RUS,12
2023,disability.pension,employees,f,47,CHN,38
2023,disability.pension,employees,f,52,KOR,3
2023,disability.pension,employees,m,34,BOL,3
2023,disability.pension,employees,m,3,UKR,9
2023,disability.pension,employees,f,44,AFG,3
2023,disability.pension,employees,f,43,EST,4
2023,disability.pension,employees,m,27,NGA,56
2023,disability.pension,employees,f,28,LKA,4
2023,disability.pension,employees,m,32,NGA,24
2023,disability.pension,employees,f,23,TUR,2
2023,disability.pension,employees,f,36,CMR,2
2023,disability.pension,employees,m,50,ESP,4
2023,disability.pension,employees,f,78,CAN,1
2023,disability.pension,employees,m,34,COG,11
2023,disability.pension,employees,m,44,JPN,6
2023,disability.pension,employees,m,43,GBR,3
2023,disability.pension,employees,f,33,VEN,2
2023,disability.pension,employees,m,22,UKR,2
2023,disability.pension,employees,m,75,GRC,1
2023,disability.pension,employees,m,42,ESP,50
2023,disability.pension,employees,m,42,BEL,9
2023,disability.pension,employees,f,35,ALB,3
2023,disability.pension,employees,m,40,CUB,5
2023,disability.pension,employees,m,73,ITA,2
2023,disability.pension,employees,f,26,LBN,6
2023,disability.pension,employees,f,25,LBN,2
2023,disability.pension,employees,f,38,FIN,3
2023,disability.pension,employees,f,30,KAZ,42
2023,disability.pension,employees,m,36,CHN,94
2023,disability.pension,employees,f,68,THA,1
2023,disability.pension,employees,f,59,THA,5
2023,disability.pension,employees,f,52,THA,17
2023,disability.pension,employees,f,25,UKR,2
2023,disability.pension,employees,m,45,GBR,3
2023,disability.pension,employees,m,50,BLR,12
2023,disability.pension,employees,m,66,DNK,3
2023,disability.pension,employees,m,70,NLD,2
2023,disability.pension,employees,m,46,FRA,6
2023,disability.pension,employees,m,35,IRQ,8
2023,disability.pension,employees,m,37,AFG,10
2023,disability.pension,employees,m,19,AFG,4
2023,disability.pension,employees,m,59,KAZ,8
2023,disability.pension,employees,m,1,GEO,2
2023,disability.pension,employees,m,20,GEO,3
2023,disability.pension,employees,f,27,BRA,19
2023,disability.pension,employees,f,50,TUR,5
2023,disability.pension,employees,m,53,NLD,4
2023,disability.pension,employees,f,38,UKR,2
2023,disability.pension,employees,f,41,JOR,1
2023,disability.pension,employees,f,41,LVA,2
2023,disability.pension,employees,m,40,GRC,22
2023,disability.pension,employees,f,58,IND,2
2023,disability.pension,employees,m,35,BEL,14
2023,disability.pension,employees,f,23,UGA,4
2023,disability.pension,employees,m,43,UKR,2
2023,disability.pension,employees,m,29,RWA,28
2023,disability.pension,employees,m,30,RWA,23
2023,disability.pension,employees,m,34,ITA,8
2023,disability.pension,employees,m,40,PAK,6
2023,disability.pension,employees,f,29,AFG,9
2023,disability.pension,employees,f,29,ITA,4
2023,disability.pension,employees,m,41,LBY,4
2023,disability.pension,employees,m,24,MEX,5
2023,disability.pension,employees,f,29,TKM,10
2023,disability.pension,employees,f,51,RUS,20
2023,disability.pension,employees,m,43,MDA,24
2023,disability.pension,employees,m,60,ZAF,2
2023,disability.pension,employees,m,58,TUR,2
2023,disability.pension,employees,m,35,PER,5
2023,disability.pension,employees,m,44,SWE,7
2023,disability.pension,employees,f,32,BRA,8
2023,disability.pension,employees,f,31,UKR,2
2023,disability.pension,employees,m,39,ESP,80
2023,disability.pension,employees,m,29,CMR,6
2023,disability.pension,employees,m,25,GBR,23
2023,disability.pension,employees,f,31,USA,2
2023,disability.pension,employees,m,30,IRQ,4
2023,disability.pension,employees,f,35,CUB,6
2023,disability.pension,employees,m,27,MEX,14
2023,disability.pension,employees,f,39,THA,2
2023,disability.pension,employees,f,42,THA,28
2023,disability.pension,employees,f,56,ALB,2
2023,disability.pension,employees,m,23,ALB,7
2023,disability.pension,employees,m,32,ALB,16
2023,disability.pension,employees,m,25,ALB,13
2023,disability.pension,employees,f,48,AFG,4
2023,disability.pension,employees,f,38,DEU,2
2023,disability.pension,employees,f,39,MDA,6
2023,disability.pension,employees,f,31,UKR,40
2023,disability.pension,employees,m,46,MDA,20
2023,disability.pension,employees,f,29,GEO,20
2023,disability.pension,employees,f,27,UKR,2
2023,disability.pension,employees,m,55,KGZ,13
2023,disability.pension,employees,f,44,KGZ,10
2023,disability.pension,employees,f,55,UKR,8
2023,disability.pension,employees,f,46,BLR,18
2023,disability.pension,employees,f,60,BLR,10
2023,disability.pension,employees,f,39,UKR,2
2023,disability.pension,employees,f,54,VEN,1
2023,disability.pension,employees,f,36,FRA,6
2023,disability.pension,employees,f,23,MKD,1
2023,disability.pension,employees,m,31,IDN,20
2023,disability.pension,employees,m,21,NPL,8
2023,disability.pension,employees,m,51,IND,78
2023,disability.pension,employees,m,64,FRA,7
2023,disability.pension,employees,f,42,NPL,8
2023,disability.pension,employees,m,35,MEX,32
2023,disability.pension,employees,m,37,AUT,13
2023,disability.pension,employees,f,24,ETH,26
2023,disability.pension,employees,f,46,NGA,2
2023,disability.pension,employees,m,34,UKR,3
2023,disability.pension,employees,f,41,GBR,11
2023,disability.pension,employees,f,25,BGR,13
2023,disability.pension,employees,m,62,BGR,11
2023,disability.pension,employees,m,27,USA,23
2023,disability.pension,employees,m,27,IRL,5
2023,disability.pension,employees,f,26,CAN,3
2023,disability.pension,employees,m,25,LBN,12
2023,disability.pension,employees,f,51,IND,5
2023,disability.pension,employees,f,40,TWN,4
2023,disability.pension,employees,f,27,CIV,1
2023,disability.pension,employees,f,29,BRA,4
2023,disability.pension,employees,m,37,TUR,14
2023,disability.pension,employees,m,24,NZL,2
2023,disability.pension,employees,f,28,IRQ,3
2023,disability.pension,employees,f,23,CAN,2
2023,disability.pension,employees,f,27,CAN,4
2023,disability.pension,employees,f,26,PAK,9
2023,disability.pension,employees,f,44,GBR,10
2023,disability.pension,employees,f,39,GBR,9
2023,disability.pension,employees,m,39,UKR,16
2023,disability.pension,employees,f,36,TJK,4
2023,disability.pension,employees,m,33,BRA,48
2023,disability.pension,employees,m,27,PRT,44
2023,disability.pension,employees,m,60,ROU,19
2023,disability.pension,employees,f,22,SLV,1
2023,disability.pension,employees,m,32,IRL,12
2023,disability.pension,employees,m,28,LBN,3
2023,disability.pension,employees,m,38,BEL,2
2023,disability.pension,employees,f,29,USA,16
2023,disability.pension,employees,f,29,KAZ,4
2023,disability.pension,employees,m,31,BRA,42
2023,disability.pension,employees,f,22,SYR,3
2023,disability.pension,employees,f,20,CAN,4
2023,disability.pension,employees,f,31,MAR,2
2023,disability.pension,employees,f,26,IND,116
2023,disability.pension,employees,f,29,TZA,8
2023,disability.pension,employees,m,28,LUX,2
2023,disability.pension,employees,m,46,COL,2
2023,disability.pension,employees,m,26,NGA,4
2023,disability.pension,employees,m,27,BDI,2
2023,disability.pension,employees,m,20,UKR,4
2023,disability.pension,employees,m,123,NOR,1
2023,disability.pension,employees,f,21,THA,1
2023,disability.pension,employees,m,31,BLR,27
2023,disability.pension,employees,f,42,GEO,26
2023,disability.pension,employees,m,41,RUS,18
2023,disability.pension,employees,f,41,BRA,15
2023,disability.pension,employees,m,23,PRT,9
2023,disability.pension,employees,m,24,SYR,2
2023,disability.pension,employees,f,32,UKR,2
2023,disability.pension,employees,f,33,KAZ,30
2023,disability.pension,employees,f,25,NER,1
2023,disability.pension,employees,f,21,ZWE,6
2023,disability.pension,employees,f,27,TWN,3
2023,disability.pension,employees,m,24,CAN,4
2023,disability.pension,employees,m,24,ISR,1
2023,disability.pension,employees,f,35,TUR,4
2023,disability.pension,employees,f,59,ITA,3
2023,disability.pension,employees,f,20,KGZ,9
2023,disability.pension,employees,m,25,ZAF,5
2023,disability.pension,employees,f,25,KEN,19
2023,disability.pension,employees,f,20,SLE,1
2023,disability.pension,employees,m,28,CHL,4
2023,disability.pension,employees,f,28,TUR,8
2023,disability.pension,employees,f,26,KEN,30
2023,disability.pension,employees,m,54,IND,10
2023,disability.pension,employees,m,29,UKR,68
2023,disability.pension,employees,f,20,ECU,1
2023,disability.pension,employees,m,27,THA,2
2023,disability.pension,employees,f,31,TUR,6
2023,disability.pension,employees,m,38,SWE,5
2023,disability.pension,employees,m,50,SVN,2
2023,disability.pension,employees,f,21,RUS,2
2023,disability.pension,employees,f,26,TZA,6
2023,disability.pension,employees,m,38,UKR,2
2023,disability.pension,employees,m,36,EST,4
2023,disability.pension,employees,f,27,ITA,51
2023,disability.pension,employees,f,26,RWA,28
2023,disability.pension,employees,m,31,VNM,8
2023,disability.pension,employees,f,26,DZA,10
2023,disability.pension,employees,m,49,MEX,6
2023,disability.pension,employees,m,33,COG,8
2023,disability.pension,employees,m,84,DEU,6
2023,disability.pension,employees,f,35,NGA,10
2023,disability.pension,employees,f,25,KAZ,8
2023,disability.pension,employees,m,22,CHN,13
2023,disability.pension,employees,m,49,CMR,5
2023,disability.pension,employees,m,22,LBN,4
2023,disability.pension,employees,f,30,FRA,25
2023,disability.pension,employees,f,28,NGA,34
2023,disability.pension,employees,m,36,RWA,6
2023,disability.pension,employees,m,20,JOR,3
2023,disability.pension,employees,f,28,NGA,8
2023,disability.pension,employees,f,19,ZWE,9
2023,disability.pension,employees,m,24,RWA,46
2023,disability.pension,employees,f,22,MMR,2
2023,disability.pension,employees,m,22,TWN,1
2023,disability.pension,employees,m,63,KOR,11
2023,disability.pension,employees,f,41,UKR,4
2023,disability.pension,employees,m,27,SWE,9
2023,disability.pension,employees,m,25,HRV,5
2023,disability.pension,employees,m,21,RWA,21
2023,disability.pension,employees,m,31,NER,6
2023,disability.pension,employees,m,25,ISR,4
2023,disability.pension,employees,f,28,AZE,56
2023,disability.pension,employees,f,20,MOZ,3
2023,disability.pension,employees,m,21,MOZ,4
2023,disability.pension,employees,f,42,ROU,38
2023,disability.pension,employees,f,18,AZE,2
2023,disability.pension,employees,f,30,GHA,3
2023,disability.pension,employees,m,25,SOM,1
2023,disability.pension,employees,f,27,HUN,15
2023,disability.pension,employees,m,30,TWN,2
2023,disability.pension,employees,m,30,KAZ,14
2023,disability.pension,employees,m,22,BLR,15
2023,disability.pension,employees,f,24,ITA,19
2023,disability.pension,employees,m,24,PAK,6
2023,disability.pension,employees,m,22,MAR,25
2023,disability.pension,employees,f,18,KGZ,1
2023,disability.pension,employees,f,19,KGZ,6
2023,disability.pension,employees,m,19,KEN,5
2023,disability.pension,employees,m,24,TZA,8
2023,disability.pension,employees,f,19,ISR,1
2023,disability.pension,employees,f,25,USA,12
2023,disability.pension,employees,m,27,IRN,10
2023,disability.pension,employees,f,27,IRN,6
2023,disability.pension,employees,f,65,TWN,2
2023,disability.pension,employees,f,31,ESP,24
2023,disability.pension,employees,f,40,CUB,2
2023,disability.pension,employees,m,27,JAM,1
2023,disability.pension,employees,m,62,UKR,2
2023,disability.pension,employees,f,20,ARM,2
2023,disability.pension,employees,f,17,BGR,3
2023,disability.pension,employees,f,16,BGR,1
2023,disability.pension,employees,f,49,ARG,2
2023,disability.pension,employees,m,52,SYR,6
2023,disability.pension,employees,f,54,ARM,2
2023,disability.pension,employees,m,42,UZB,4
2023,disability.pension,employees,m,31,RWA,22
2023,disability.pension,employees,m,37,RWA,9
2023,disability.pension,employees,f,56,ARM,14
2023,disability.pension,employees,m,33,ARM,13
2023,disability.pension,employees,m,41,UKR,2
2023,disability.pension,employees,m,46,IDN,41
2023,disability.pension,employees,m,28,IDN,20
2023,disability.pension,employees,m,23,BLR,12
2023,disability.pension,employees,f,64,TUR,1
2023,disability.pension,employees,m,56,IND,22
2023,disability.pension,employees,f,60,ARM,12
2023,disability.pension,employees,m,57,HUN,9
2023,disability.pension,employees,m,49,TJK,8
2023,disability.pension,employees,m,58,TJK,3
2023,disability.pension,employees,f,30,UZB,13
2023,disability.pension,employees,m,48,YEM,1
2023,disability.pension,employees,f,39,MAR,2
2023,disability.pension,employees,f,64,GRC,1
2023,disability.pension,employees,f,39,GRC,2
2023,disability.pension,employees,m,55,EGY,7
2023,disability.pension,employees,f,29,UZB,13
2023,disability.pension,employees,f,44,MAR,2
2023,disability.pension,employees,f,29,THA,7
2023,disability.pension,employees,m,25,PHL,37
2023,disability.pension,employees,m,26,SYR,13
2023,disability.pension,employees,f,28,PSE,2
2023,disability.pension,employees,f,29,BGR,2
2023,disability.pension,employees,m,53,KAZ,4
2023,disability.pension,employees,m,52,KAZ,10
2023,disability.pension,employees,f,81,UKR,8
2023,disability.pension,employees,m,52,BLR,12
2023,disability.pension,employees,f,37,FRA,9
2023,disability.pension,employees,m,46,FRA,40
2023,disability.pension,employees,f,38,MNG,5
2023,disability.pension,employees,m,38,TKM,8
2023,disability.pension,employees,f,42,TKM,5
2023,disability.pension,employees,f,36,UZB,14
2023,disability.pension,employees,f,45,TKM,8
2023,disability.pension,employees,f,52,TKM,5
2023,disability.pension,employees,m,42,TUR,3
2023,disability.pension,employees,f,45,UZB,14
2023,disability.pension,employees,f,28,TKM,13
2023,disability.pension,employees,f,44,UZB,12
2023,disability.pension,employees,f,39,TKM,9
2023,disability.pension,employees,f,48,TKM,5
2023,disability.pension,employees,f,46,TKM,7
2023,disability.pension,employees,f,23,TKM,9
2023,disability.pension,employees,f,24,TKM,7
2023,disability.pension,employees,f,34,TKM,10
2023,disability.pension,employees,m,28,BIH,7
2023,disability.pension,employees,m,48,TKM,2
2023,disability.pension,employees,f,42,TUR,17
2023,disability.pension,employees,m,41,MNG,4
2023,disability.pension,employees,f,21,TKM,1
2023,disability.pension,employees,m,26,KGZ,50
2023,disability.pension,employees,m,20,KGZ,28
2023,disability.pension,employees,m,49,KGZ,27
2023,disability.pension,employees,m,26,TUR,28
2023,disability.pension,employees,f,51,TUR,9
2023,disability.pension,employees,m,65,GBR,9
2023,disability.pension,employees,m,31,GRC,28
2023,disability.pension,employees,f,73,BLR,5
2023,disability.pension,employees,f,34,AUS,2
2023,disability.pension,employees,f,25,RWA,32
2023,disability.pension,employees,m,48,ISR,5
2023,disability.pension,employees,m,44,UKR,8
2023,disability.pension,employees,f,18,BGR,9
2023,disability.pension,employees,m,19,MNG,4
2023,disability.pension,employees,m,21,PRT,4
2023,disability.pension,employees,m,24,PRT,2
2023,disability.pension,employees,m,58,PRT,6
2023,disability.pension,employees,f,50,PRT,2
2023,disability.pension,employees,m,20,MNG,5
2023,disability.pension,employees,f,29,SVK,17
2023,disability.pension,employees,f,31,THA,7
2023,disability.pension,employees,m,22,ALB,7
2023,disability.pension,employees,f,29,ROU,44
2023,disability.pension,employees,m,46,MNG,2
2023,disability.pension,employees,f,31,IND,4
2023,disability.pension,employees,m,26,NGA,6
2023,disability.pension,employees,f,21,UKR,16
2023,disability.pension,employees,m,25,MMR,2
2023,disability.pension,employees,m,21,NGA,17
2023,disability.pension,employees,m,49,IRQ,2
2023,disability.pension,employees,f,28,BGD,7
2023,disability.pension,employees,f,19,PHL,2
2023,disability.pension,employees,f,30,ETH,7
2023,disability.pension,employees,m,51,KGZ,16
2023,disability.pension,employees,m,50,KGZ,22
2023,disability.pension,employees,m,53,KGZ,14
2023,disability.pension,employees,m,25,AUS,1
2023,disability.pension,employees,m,56,CZE,12
2023,disability.pension,employees,f,29,SVK,4
2023,disability.pension,employees,m,34,RUS,12
2023,disability.pension,employees,f,59,SVK,4
2023,disability.pension,employees,f,33,RUS,24
2023,disability.pension,employees,m,5,UKR,8
2023,disability.pension,employees,m,34,ZAF,7
2023,disability.pension,employees,m,32,MEX,6
2023,disability.pension,employees,m,32,GTM,8
2023,disability.pension,employees,f,32,CZE,11
2023,disability.pension,employees,m,62,SYR,4
2023,disability.pension,employees,m,27,ZAF,6
2023,disability.pension,employees,f,46,ZAF,6
2023,disability.pension,employees,f,26,ZAF,10
2023,disability.pension,employees,m,72,NLD,2
2023,disability.pension,employees,f,43,KHM,1
2023,disability.pension,employees,m,68,HRV,1
2023,disability.pension,employees,f,46,LVA,2
2023,disability.pension,employees,f,42,GBR,8
2023,disability.pension,employees,m,61,LTU,2
2023,disability.pension,employees,m,42,AFG,10
2023,disability.pension,employees,m,48,AUT,5
2023,disability.pension,employees,f,29,UGA,10
2023,disability.pension,employees,f,30,PHL,116
2023,disability.pension,employees,f,58,DEU,10
2023,disability.pension,employees,f,57,RUS,10
2023,disability.pension,employees,m,48,EGY,2
2023,disability.pension,employees,m,26,TUN,17
2023,disability.pension,employees,f,40,UGA,3
2023,disability.pension,employees,m,28,UKR,6
2023,disability.pension,employees,m,27,PHL,4
2023,disability.pension,employees,m,56,EGY,2
2023,disability.pension,employees,m,47,BIH,7
2023,disability.pension,employees,m,32,BIH,4
2023,disability.pension,employees,f,29,BIH,4
2023,disability.pension,employees,m,33,BIH,9
2023,disability.pension,employees,m,23,BIH,2
2023,disability.pension,employees,m,51,LVA,13
2023,disability.pension,employees,f,36,CUB,4
2023,disability.pension,employees,m,43,KOR,30
2023,disability.pension,employees,m,39,MDA,3
2023,disability.pension,employees,m,43,MDA,3
2023,disability.pension,employees,m,50,HUN,2
2023,disability.pension,employees,m,63,AUT,6
2023,disability.pension,employees,f,54,KAZ,10
2023,disability.pension,employees,m,53,KOR,18
2023,disability.pension,employees,f,38,KOR,5
2023,disability.pension,employees,m,29,DNK,4
2023,disability.pension,employees,f,34,DEU,16
2023,disability.pension,employees,m,26,BRA,6
2023,disability.pension,employees,m,41,KOR,23
2023,disability.pension,employees,m,37,LTU,3
2023,disability.pension,employees,m,43,ITA,3
2023,disability.pension,employees,f,45,CZE,2
2023,disability.pension,employees,m,44,MAR,3
2023,disability.pension,employees,m,27,AFG,17
2023,disability.pension,employees,f,36,VEN,6
2023,disability.pension,employees,m,54,PHL,51
2023,disability.pension,employees,m,26,COG,4
2023,disability.pension,employees,m,30,COG,20
2023,disability.pension,employees,m,46,KOR,6
2023,disability.pension,employees,m,48,USA,21
2023,disability.pension,employees,f,36,CZE,2
2023,disability.pension,employees,f,51,RUS,4
2023,disability.pension,employees,m,65,HRV,2
2023,disability.pension,employees,m,29,UKR,4
2023,disability.pension,employees,f,31,CZE,18
2023,disability.pension,employees,m,47,GEO,94
2023,disability.pension,employees,m,52,CZE,8
2023,disability.pension,employees,m,44,AUT,3
2023,disability.pension,employees,m,30,CZE,6
2023,disability.pension,employees,m,60,SWE,8
2023,disability.pension,employees,m,48,DNK,4
2023,disability.pension,employees,m,58,ROU,23
2023,disability.pension,employees,m,20,SDN,2
2023,disability.pension,employees,m,32,BGD,12
2023,disability.pension,employees,f,22,DEU,10
2023,disability.pension,employees,m,32,PRT,8
2023,disability.pension,employees,m,45,PRT,29
2023,disability.pension,employees,f,26,DEU,2
2023,disability.pension,employees,f,26,MMR,4
2023,disability.pension,employees,m,48,PAK,11
2023,disability.pension,employees,m,49,NGA,10
2023,disability.pension,employees,f,41,TUR,18
2023,disability.pension,employees,f,46,RUS,16
2023,disability.pension,employees,m,63,AUS,2
2023,disability.pension,employees,m,44,HUN,4
2023,disability.pension,employees,f,34,TUR,29
2023,disability.pension,employees,m,29,PRT,4
2023,disability.pension,employees,m,41,BRA,6
2023,disability.pension,employees,f,46,DEU,9
2023,disability.pension,employees,m,27,GRC,22
2023,disability.pension,employees,m,43,JOR,2
2023,disability.pension,employees,f,27,PRT,12
2023,disability.pension,employees,f,76,AFG,3
2023,disability.pension,employees,m,55,FRA,6
2023,disability.pension,employees,f,28,PRT,2
2023,disability.pension,employees,f,31,ITA,35
2023,disability.pension,employees,m,34,ISR,10
2023,disability.pension,employees,m,28,GBR,2
2023,disability.pension,employees,f,25,LKA,2
2023,disability.pension,employees,m,65,AZE,3
2023,disability.pension,employees,m,59,CZE,9
2023,disability.pension,employees,m,30,SYR,6
2023,disability.pension,employees,m,29,GMB,3
2023,disability.pension,employees,m,62,HUN,4
2023,disability.pension,employees,m,54,SVK,8
2023,disability.pension,employees,m,54,NPL,2
2023,disability.pension,employees,m,43,THA,9
2023,disability.pension,employees,m,68,IND,3
2023,disability.pension,employees,m,29,CUB,2
2023,disability.pension,employees,f,27,MYS,3
2023,disability.pension,employees,f,51,USA,6
2023,disability.pension,employees,f,40,BRA,13
2023,disability.pension,employees,f,26,NER,3
2023,disability.pension,employees,f,2,UKR,6
2023,disability.pension,employees,m,67,IRQ,2
2023,disability.pension,employees,f,39,AUS,2
2023,disability.pension,employees,m,78,UKR,8
2023,disability.pension,employees,m,51,DEU,2
2023,disability.pension,employees,f,57,SWE,2
2023,disability.pension,employees,m,40,AFG,9
2023,disability.pension,employees,m,54,ARG,7
2023,disability.pension,employees,m,47,FRA,8
2023,disability.pension,employees,m,42,SEN,3
2023,disability.pension,employees,f,25,SVK,2
2023,disability.pension,employees,m,40,GBR,2
2023,disability.pension,employees,f,50,UZB,3
2023,disability.pension,employees,f,28,UZB,15
2023,disability.pension,employees,f,43,UZB,16
2023,disability.pension,employees,f,32,UZB,14
2023,disability.pension,employees,m,34,JOR,8
2023,disability.pension,employees,m,51,ITA,5
2023,disability.pension,employees,m,63,DEU,4
2023,disability.pension,employees,m,43,YEM,7
2023,disability.pension,employees,m,24,YEM,4
2023,disability.pension,employees,f,43,YEM,1
2023,disability.pension,employees,f,52,GBR,10
2023,disability.pension,employees,m,65,ESP,3
2023,disability.pension,employees,f,33,GAB,2
2023,disability.pension,employees,m,59,DNK,4
2023,disability.pension,employees,f,121,UKR,1
2023,disability.pension,employees,f,32,UZB,2
2023,disability.pension,employees,m,55,AZE,22
2023,disability.pension,employees,m,61,PRT,2
2023,disability.pension,employees,f,71,VNM,3
2023,disability.pension,employees,m,51,MEX,6
2023,disability.pension,employees,m,53,UKR,2
2023,disability.pension,employees,f,29,UKR,18
2023,disability.pension,employees,m,47,LTU,2
2023,disability.pension,employees,m,47,IRL,11
2023,disability.pension,employees,m,22,CHN,2
2023,disability.pension,employees,m,50,SWE,5
2023,disability.pension,employees,m,31,SVN,6
2023,disability.pension,employees,m,55,CHN,6
2023,disability.pension,employees,m,62,AUS,1
2023,disability.pension,employees,m,78,ITA,5
2023,disability.pension,employees,m,49,MAR,4
2023,disability.pension,employees,m,68,GBR,2
2023,disability.pension,employees,m,36,HRV,16
2023,disability.pension,employees,m,31,VEN,2
2023,disability.pension,employees,m,28,EGY,14
2023,disability.pension,employees,f,28,KGZ,12
2023,disability.pension,employees,m,24,NLD,8
2023,disability.pension,employees,f,23,MAR,13
2023,disability.pension,employees,m,55,CAN,2
2023,disability.pension,employees,m,24,LTU,12
2023,disability.pension,employees,m,22,FRA,18
2023,disability.pension,employees,m,20,IRN,2
2023,disability.pension,employees,m,23,SDN,5
2023,disability.pension,employees,f,23,TJK,2
2023,disability.pension,employees,f,35,ZWE,8
2023,disability.pension,employees,f,33,HUN,19
2023,disability.pension,employees,f,20,TUR,2
2023,disability.pension,employees,m,20,FIN,1
2023,disability.pension,employees,m,25,MLT,3
2023,disability.pension,employees,m,21,ZMB,3
2023,disability.pension,employees,f,20,ZMB,1
2023,disability.pension,employees,m,25,FRA,42
2023,disability.pension,employees,m,51,CZE,13
2023,disability.pension,employees,m,31,NOR,3
2023,disability.pension,employees,m,25,CHE,1
2023,disability.pension,employees,m,30,LUX,2
2023,disability.pension,employees,m,28,GRC,26
2023,disability.pension,employees,m,27,BRA,23
2023,disability.pension,employees,m,31,ESP,8
2023,disability.pension,employees,m,30,BEL,8
2023,disability.pension,employees,f,63,ZAF,2
2023,disability.pension,employees,m,52,CUB,2
2023,disability.pension,employees,m,48,BLR,8
2023,disability.pension,employees,f,32,KAZ,4
2023,disability.pension,employees,f,49,LVA,10
2023,disability.pension,employees,f,30,COG,2
2023,disability.pension,employees,f,32,RUS,3
2023,disability.pension,employees,m,54,TKM,4
2023,disability.pension,employees,m,37,ISR,9
2023,disability.pension,employees,m,29,PHL,6
2023,disability.pension,employees,f,37,IDN,2
2023,disability.pension,employees,m,29,IDN,22
2023,disability.pension,employees,m,45,IDN,8
2023,disability.pension,employees,f,39,IDN,8
2023,disability.pension,employees,f,42,IDN,4
2023,disability.pension,employees,m,40,IDN,10
2023,disability.pension,employees,m,41,IDN,10
2023,disability.pension,employees,m,33,IDN,20
2023,disability.pension,employees,m,32,IDN,22
2023,disability.pension,employees,m,37,IDN,20
2023,disability.pension,employees,m,23,CMR,1
2023,disability.pension,employees,f,34,MNG,8
2023,disability.pension,employees,m,29,HUN,13
2023,disability.pension,employees,m,72,TJK,1
2023,disability.pension,employees,f,46,USA,9
2023,disability.pension,employees,m,36,GBR,2
2023,disability.pension,employees,f,40,ITA,19
2023,disability.pension,employees,m,59,YEM,2
2023,disability.pension,employees,m,64,DZA,1
2023,disability.pension,employees,f,44,SVK,9
2023,disability.pension,employees,f,34,KGZ,12
2023,disability.pension,employees,m,32,NPL,3
2023,disability.pension,employees,f,46,KGZ,8
2023,disability.pension,employees,f,52,PHL,17
2023,disability.pension,employees,m,30,PHL,14
2023,disability.pension,employees,f,55,PHL,8
2023,disability.pension,employees,m,55,ISR,2
2023,disability.pension,employees,m,51,VAT,1
2023,disability.pension,employees,f,32,UKR,40
2023,disability.pension,employees,m,64,GEO,14
2023,disability.pension,employees,m,56,KAZ,18
2023,disability.pension,employees,m,44,BLR,9
2023,disability.pension,employees,m,63,BLR,20
2023,disability.pension,employees,m,46,BEL,2
2023,disability.pension,employees,m,44,MKD,7
2023,disability.pension,employees,m,28,ROU,2
2023,disability.pension,employees,m,42,VNM,8
2023,disability.pension,employees,m,63,CHE,3
2023,disability.pension,employees,f,48,PHL,50
2023,disability.pension,employees,f,35,UGA,5
2023,disability.pension,employees,m,44,IRN,9
2023,disability.pension,employees,f,33,BLR,15
2023,disability.pension,employees,f,52,IDN,2
2023,disability.pension,employees,m,46,UKR,6
2023,disability.pension,employees,f,31,UKR,8
2023,disability.pension,employees,m,72,CAN,4
2023,disability.pension,employees,f,38,UKR,2
2023,disability.pension,employees,m,70,BLR,8
2023,disability.pension,employees,f,72,BLR,6
2023,disability.pension,employees,f,1,UKR,10
2023,disability.pension,employees,f,31,RWA,14
2023,disability.pension,employees,m,44,DEU,8
2023,disability.pension,employees,f,39,TGO,1
2023,disability.pension,employees,m,59,UKR,5
2023,disability.pension,employees,m,34,AFG,17
2023,disability.pension,employees,m,18,AFG,3
2023,disability.pension,employees,m,38,PSE,4
2023,disability.pension,employees,m,49,TJK,4
2023,disability.pension,employees,f,47,AFG,4
2023,disability.pension,employees,f,48,HRV,2
2023,disability.pension,employees,m,32,CMR,11
2023,disability.pension,employees,m,43,AFG,4
2023,disability.pension,employees,f,37,AZE,19
2023,disability.pension,employees,f,39,IND,61
2023,disability.pension,employees,f,26,KGZ,16
2023,disability.pension,employees,m,43,NPL,6
2023,disability.pension,employees,f,38,VNM,10
2023,disability.pension,employees,f,54,JPN,2
2023,disability.pension,employees,f,47,GBR,4
2023,disability.pension,employees,f,79,ITA,1
2023,disability.pension,employees,m,49,IRN,3
2023,disability.pension,employees,m,57,ITA,8
2023,disability.pension,employees,f,41,IRN,7
2023,disability.pension,employees,f,46,CHN,2
2023,disability.pension,employees,m,54,CHN,4
2023,disability.pension,employees,f,3,UKR,7
2023,disability.pension,employees,f,51,TUN,2
2023,disability.pension,employees,f,36,TKM,6
2023,disability.pension,employees,f,30,TKM,9
2023,disability.pension,employees,f,25,AFG,5
2023,disability.pension,employees,m,31,AFG,4
2023,disability.pension,employees,m,33,AFG,8
2023,disability.pension,employees,m,18,GEO,12
2023,disability.pension,employees,m,31,YEM,3
2023,disability.pension,employees,f,26,JOR,4
2023,disability.pension,employees,f,28,JOR,2
2023,disability.pension,employees,m,32,MAR,8
2023,disability.pension,employees,f,44,MNG,5
2023,disability.pension,employees,m,62,ITA,2
2023,disability.pension,employees,m,46,PRT,2
2023,disability.pension,employees,m,56,AFG,1
2023,disability.pension,employees,m,53,EST,1
2023,disability.pension,employees,m,30,LVA,19
2023,disability.pension,employees,m,40,VEN,6
2023,disability.pension,employees,f,36,VNM,20
2023,disability.pension,employees,m,32,VNM,4
2023,disability.pension,employees,f,59,HUN,2
2023,disability.pension,employees,f,42,TWN,2
2023,disability.pension,employees,f,28,DEU,17
2023,disability.pension,employees,m,32,BOL,1
2023,disability.pension,employees,m,23,CHE,1
2023,disability.pension,employees,m,53,CHN,2
2023,disability.pension,employees,f,26,FRA,12
2023,disability.pension,employees,f,23,KAZ,6
2023,disability.pension,employees,f,47,ZAF,3
2023,disability.pension,employees,f,18,LBN,1
2023,disability.pension,employees,m,23,UKR,2
2023,disability.pension,employees,f,33,UZB,9
2023,disability.pension,employees,f,31,LVA,13
2023,disability.pension,employees,m,78,VNM,1
2023,disability.pension,employees,m,39,EST,1
2023,disability.pension,employees,m,58,CHN,19
2023,disability.pension,employees,m,39,SWE,13
2023,disability.pension,employees,f,35,TUR,34
2023,disability.pension,employees,m,28,BRA,30
2023,disability.pension,employees,m,35,ISR,4
2023,disability.pension,employees,f,37,EST,2
2023,disability.pension,employees,f,37,YEM,2
2023,disability.pension,employees,f,39,ROU,12
2023,disability.pension,employees,m,25,ETH,4
2023,disability.pension,employees,m,29,KGZ,6
2023,disability.pension,employees,f,34,JPN,7
2023,disability.pension,employees,f,28,KOR,10
2023,disability.pension,employees,m,31,CHN,6
2023,disability.pension,employees,f,33,KOR,11
2023,disability.pension,employees,m,33,KOR,26
2023,disability.pension,employees,f,27,PAK,10
2023,disability.pension,employees,f,62,NLD,2
2023,disability.pension,employees,f,32,HUN,13
2023,disability.pension,employees,m,72,DZA,1
2023,disability.pension,employees,m,40,MDA,9
2023,disability.pension,employees,m,53,UKR,4
2023,disability.pension,employees,m,45,RUS,18
2023,disability.pension,employees,m,15,CYP,1
2023,disability.pension,employees,f,46,RUS,6
2023,disability.pension,employees,m,42,CUB,7
2023,disability.pension,employees,m,88,DEU,1
2023,disability.pension,employees,f,20,UKR,96
2023,disability.pension,employees,m,59,FRA,16
2023,disability.pension,employees,m,18,BLR,14
2023,disability.pension,employees,m,19,FRA,3
2023,disability.pension,employees,m,19,KAZ,2
2023,disability.pension,employees,m,26,MEX,13
2023,disability.pension,employees,m,58,SVK,10
2023,disability.pension,employees,m,48,DNK,5
2023,disability.pension,employees,f,37,DEU,9
2023,disability.pension,employees,m,46,UKR,20
2023,disability.pension,employees,m,19,UKR,12
2023,disability.pension,employees,m,38,UKR,6
2023,disability.pension,employees,m,50,IRL,2
2023,disability.pension,employees,f,30,BEL,2
2023,disability.pension,employees,m,45,BIH,5
2023,disability.pension,employees,f,49,DNK,2
2023,disability.pension,employees,f,30,BGD,2
2023,disability.pension,employees,m,24,DEU,21
2023,disability.pension,employees,f,42,AZE,5
2023,disability.pension,employees,m,48,MEX,2
2023,disability.pension,employees,m,34,CUB,4
2023,disability.pension,employees,f,40,AZE,8
2023,disability.pension,employees,f,48,GEO,2
2023,disability.pension,employees,f,55,COL,2
2023,disability.pension,employees,f,52,MDA,6
2023,disability.pension,employees,m,54,COL,4
2023,disability.pension,employees,m,30,COL,14
2023,disability.pension,employees,f,49,COL,2
2023,disability.pension,employees,m,50,GEO,2
2023,disability.pension,employees,f,23,COL,4
2023,disability.pension,employees,f,51,ROU,2
2023,disability.pension,employees,f,31,CUB,3
2023,disability.pension,employees,m,37,COL,6
2023,disability.pension,employees,m,30,CUB,2
2023,disability.pension,employees,f,43,COL,4
2023,disability.pension,employees,m,40,ZWE,6
2023,disability.pension,employees,m,31,ZWE,3
2023,disability.pension,employees,m,31,COL,22
2023,disability.pension,employees,m,42,ZWE,6
2023,disability.pension,employees,f,34,COL,2
2023,disability.pension,employees,f,25,COL,4
2023,disability.pension,employees,m,25,COL,3
2023,disability.pension,employees,m,20,ARG,2
2023,disability.pension,employees,f,26,COL,6
2023,disability.pension,employees,f,48,UZB,2
2023,disability.pension,employees,f,40,COL,12
2023,disability.pension,employees,f,40,COL,3
2023,disability.pension,employees,m,31,COL,3
2023,disability.pension,employees,m,32,ZWE,2
2023,disability.pension,employees,m,40,ZWE,3
2023,disability.pension,employees,m,48,COL,2
2023,disability.pension,employees,m,38,VEN,4
2023,disability.pension,employees,m,43,COL,8
2023,disability.pension,employees,m,26,COL,22
2023,disability.pension,employees,m,25,COL,12
2023,disability.pension,employees,m,45,COL,10
2023,disability.pension,employees,m,48,ZWE,2
2023,disability.pension,employees,m,44,ZWE,4
2023,disability.pension,employees,f,44,COL,2
2023,disability.pension,employees,f,35,VEN,2
2023,disability.pension,employees,f,34,GTM,4
2023,disability.pension,employees,f,38,COL,2
2023,disability.pension,employees,f,20,COL,2
2023,disability.pension,employees,f,21,COL,2
2023,disability.pension,employees,m,24,COL,6
2023,disability.pension,employees,m,38,COL,6
2023,disability.pension,employees,m,53,COL,2
2023,disability.pension,employees,m,41,COL,3
2023,disability.pension,employees,m,29,RWA,14
2023,disability.pension,employees,m,42,VEN,2
2023,disability.pension,employees,m,36,COL,3
2023,disability.pension,employees,m,55,PER,2
2023,disability.pension,employees,f,32,COL,4
2023,disability.pension,employees,m,41,COL,8
2023,disability.pension,employees,m,39,COL,4
2023,disability.pension,employees,f,35,COL,6
2023,disability.pension,employees,m,45,ZWE,3
2023,disability.pension,employees,m,20,COL,2
2023,disability.pension,employees,f,59,COL,2
2023,disability.pension,employees,m,55,COL,4
2023,disability.pension,employees,m,47,ZWE,2
2023,disability.pension,employees,f,30,COL,2
2023,disability.pension,employees,m,58,NLD,4
2023,disability.pension,employees,m,33,MNG,8
2023,disability.pension,employees,m,58,YUG,1
2023,disability.pension,employees,f,52,AFG,4
2023,disability.pension,employees,m,40,KEN,11
2023,disability.pension,employees,f,41,CUB,2
2023,disability.pension,employees,f,29,UZB,4
2023,disability.pension,employees,m,53,SVK,10
2023,disability.pension,employees,m,52,HUN,2
2023,disability.pension,employees,m,28,RUS,24
2023,disability.pension,employees,f,58,SVK,3
2023,disability.pension,employees,m,58,YEM,3
2023,disability.pension,employees,m,45,USA,6
2023,disability.pension,employees,m,36,AUT,5
2023,disability.pension,employees,f,40,JPN,6
2023,disability.pension,employees,m,21,IRL,1
2023,disability.pension,employees,f,29,ESP,21
2023,disability.pension,employees,f,75,DEU,4
2023,disability.pension,employees,f,49,CHN,3
2023,disability.pension,employees,f,22,UKR,3
2023,disability.pension,employees,m,47,SYR,7
2023,disability.pension,employees,m,44,TUR,10
2023,disability.pension,employees,f,35,CHN,58
2023,disability.pension,employees,f,32,BGD,12
2023,disability.pension,employees,m,62,KOR,8
2023,disability.pension,employees,m,47,KOR,8
2023,disability.pension,employees,m,53,MNG,2
2023,disability.pension,employees,m,34,TUN,10
2023,disability.pension,employees,m,27,SVN,7
2023,disability.pension,employees,m,43,UKR,8
2023,disability.pension,employees,m,40,THA,9
2023,disability.pension,employees,f,62,IND,1
2023,disability.pension,employees,m,33,THA,5
2023,disability.pension,employees,m,30,ECU,3
2023,disability.pension,employees,f,83,SWE,1
2023,disability.pension,employees,f,18,UKR,2
2023,disability.pension,employees,m,72,DNK,2
2023,disability.pension,employees,m,28,DNK,2
2023,disability.pension,employees,f,59,UKR,114
2023,disability.pension,employees,m,58,JPN,5
2023,disability.pension,employees,m,51,SYR,5
2023,disability.pension,employees,m,49,BLR,15
2023,disability.pension,employees,f,61,GRC,2
2023,disability.pension,employees,m,60,AZE,13
2023,disability.pension,employees,m,41,LVA,19
2023,disability.pension,employees,f,39,KGZ,12
2023,disability.pension,employees,f,49,KGZ,11
2023,disability.pension,employees,m,59,MDA,4
2023,disability.pension,employees,m,53,THA,3
2023,disability.pension,employees,m,52,THA,11
2023,disability.pension,employees,m,34,THA,13
2023,disability.pension,employees,m,38,LKA,2
2023,disability.pension,employees,m,24,THA,4
2023,disability.pension,employees,m,89,DEU,2
2023,disability.pension,employees,f,46,LTU,17
2023,disability.pension,employees,m,35,GBR,4
2023,disability.pension,employees,m,33,UKR,6
2023,disability.pension,employees,m,39,UKR,2
2023,disability.pension,employees,m,66,LBN,1
2023,disability.pension,employees,m,21,FRA,7
2023,disability.pension,employees,f,51,NPL,4
2023,disability.pension,employees,m,18,NPL,3
2023,disability.pension,employees,m,51,LBN,2
2023,disability.pension,employees,m,67,UKR,4
2023,disability.pension,employees,m,51,BLR,3
2023,disability.pension,employees,m,34,BLR,24
2023,disability.pension,employees,m,50,BLR,4
2023,disability.pension,employees,m,48,RUS,3
2023,disability.pension,employees,f,32,LBN,4
2023,disability.pension,employees,f,58,KEN,2
2023,disability.pension,employees,f,37,ITA,33
2023,disability.pension,employees,f,28,BGR,2
2023,disability.pension,employees,m,48,CHL,2
2023,disability.pension,employees,m,49,UKR,12
2023,disability.pension,employees,m,76,ARM,1
2023,disability.pension,employees,m,52,DNK,5
2023,disability.pension,employees,m,53,BGD,2
2023,disability.pension,employees,m,42,UKR,14
2023,disability.pension,employees,m,67,TUR,5
2023,disability.pension,employees,f,27,AFG,2
2023,disability.pension,employees,f,31,UGA,9
2023,disability.pension,employees,m,20,JPN,4
2023,disability.pension,employees,m,28,GMB,2
2023,disability.pension,employees,m,22,TUR,8
2023,disability.pension,employees,m,26,GMB,3
2023,disability.pension,employees,m,25,TZA,2
2023,disability.pension,employees,m,45,FRA,3
2023,disability.pension,employees,m,61,CHL,2
2023,disability.pension,employees,f,60,SWE,2
2023,disability.pension,employees,m,54,BEL,14
2023,disability.pension,employees,m,25,BLR,3
2023,disability.pension,employees,f,31,ISR,2
2023,disability.pension,employees,m,68,UKR,44
2023,disability.pension,employees,m,60,CHN,18
2023,disability.pension,employees,f,24,CUB,4
2023,disability.pension,employees,m,69,SWE,7
2023,disability.pension,employees,m,33,CMR,13
2023,disability.pension,employees,m,30,JOR,4
2023,disability.pension,employees,m,50,CZE,29
2023,disability.pension,employees,f,33,SWE,2
2023,disability.pension,employees,m,74,DNK,1
2023,disability.pension,employees,m,36,ISL,1
2023,disability.pension,employees,m,67,DNK,4
2023,disability.pension,employees,m,27,MEX,4
2023,disability.pension,employees,f,53,BGR,2
2023,disability.pension,employees,f,49,SYR,3
2023,disability.pension,employees,m,43,UKR,2
2023,disability.pension,employees,f,62,DNK,2
2023,disability.pension,employees,m,40,NLD,19
2023,disability.pension,employees,m,67,NLD,8
2023,disability.pension,employees,m,43,SWE,5
2023,disability.pension,employees,f,36,IND,4
2023,disability.pension,employees,m,39,MEX,4
2023,disability.pension,employees,m,52,SVN,3
2023,disability.pension,employees,m,39,DNK,5
2023,disability.pension,employees,m,30,AFG,2
2023,disability.pension,employees,m,44,BEL,12
2023,disability.pension,employees,m,36,PRT,50
2023,disability.pension,employees,m,30,THA,4
2023,disability.pension,employees,m,49,THA,10
2023,disability.pension,employees,m,41,THA,2
2023,disability.pension,employees,m,32,HRV,11
2023,disability.pension,employees,m,33,AUT,9
2023,disability.pension,employees,m,83,TKM,1
2023,disability.pension,employees,m,56,URY,1
2023,disability.pension,employees,f,68,UKR,9
2023,disability.pension,employees,f,41,SVN,2
2023,disability.pension,employees,m,34,NGA,20
2023,disability.pension,employees,m,32,SWE,4
2023,disability.pension,employees,m,31,MKD,5
2023,disability.pension,employees,m,86,USA,4
2023,disability.pension,employees,f,66,KOR,4
2023,disability.pension,employees,m,23,MKD,3
2023,disability.pension,employees,f,43,PRT,2
2023,disability.pension,employees,m,49,DNK,2
2023,disability.pension,employees,f,70,TKM,1
2023,disability.pension,employees,m,38,RUS,24
2023,disability.pension,employees,m,53,AZE,2
2023,disability.pension,employees,f,22,KEN,7
2023,disability.pension,employees,m,52,BEL,3
2023,disability.pension,employees,m,36,ZMB,2
2023,disability.pension,employees,m,35,MKD,7
2023,disability.pension,employees,m,38,MKD,6
2023,disability.pension,employees,m,25,MKD,3
2023,disability.pension,employees,m,21,KEN,7
2023,disability.pension,employees,f,32,IDN,4
2023,disability.pension,employees,m,25,DNK,3
2023,disability.pension,employees,m,23,TUR,8
2023,disability.pension,employees,m,28,AUS,5
2023,disability.pension,employees,m,36,BGD,18
2023,disability.pension,employees,m,56,ITA,4
2023,disability.pension,employees,f,33,IRN,12
2023,disability.pension,employees,m,46,DNK,2
2023,disability.pension,employees,f,66,KAZ,2
2023,disability.pension,employees,m,51,SVN,2
2023,disability.pension,employees,m,45,SWE,8
2023,disability.pension,employees,m,56,CHE,4
2023,disability.pension,employees,m,61,HUN,1
2023,disability.pension,employees,m,26,RWA,40
2023,disability.pension,employees,f,30,IDN,6
2023,disability.pension,employees,f,22,PHL,3
2023,disability.pension,employees,f,30,USA,14
2023,disability.pension,employees,m,80,UKR,5
2023,disability.pension,employees,m,21,SWE,3
2023,disability.pension,employees,m,33,GRC,8
2023,disability.pension,employees,f,69,DEU,5
2023,disability.pension,employees,m,26,HRV,7
2023,disability.pension,employees,f,70,DEU,6
2023,disability.pension,employees,f,71,DEU,7
2023,disability.pension,employees,f,66,DEU,9
2023,disability.pension,employees,f,74,DEU,3
2023,disability.pension,employees,m,37,MDA,24
2023,disability.pension,employees,m,23,TZA,4
2023,disability.pension,employees,m,27,KEN,4
2023,disability.pension,employees,m,55,SYR,3
2023,disability.pension,employees,f,37,HRV,5
2023,disability.pension,employees,m,20,YEM,2
2023,disability.pension,employees,m,41,NOR,3
2023,disability.pension,employees,m,34,LVA,2
2023,disability.pension,employees,f,51,AFG,2
2023,disability.pension,employees,f,48,UKR,4
2023,disability.pension,employees,f,30,CHN,10
2023,disability.pension,employees,m,46,ESP,4
2023,disability.pension,employees,f,42,USA,6
2023,disability.pension,employees,m,40,RWA,4
2023,disability.pension,employees,m,31,LVA,2
2023,disability.pension,employees,m,49,KAZ,8
2023,disability.pension,employees,m,66,BLR,6
2023,disability.pension,employees,m,46,IRL,9
2023,disability.pension,employees,m,22,NPL,6
2023,disability.pension,employees,f,36,NPL,4
2023,disability.pension,employees,f,22,NPL,4
2023,disability.pension,employees,f,43,DOM,1
2023,disability.pension,employees,m,56,FRA,8
2023,disability.pension,employees,f,45,BRA,4
2023,disability.pension,employees,m,28,ESP,10
2023,disability.pension,employees,m,24,IRN,2
2023,disability.pension,employees,m,27,ZWE,50
2023,disability.pension,employees,m,44,ZAF,2
2023,disability.pension,employees,m,67,SWE,2
2023,disability.pension,employees,f,74,BLR,6
2023,disability.pension,employees,m,58,PHL,15
2023,disability.pension,employees,m,55,PHL,6
2023,disability.pension,employees,m,27,PHL,68
2023,disability.pension,employees,f,25,BGR,2
2023,disability.pension,employees,m,44,HRV,7
2023,disability.pension,employees,m,52,CZE,3
2023,disability.pension,employees,f,40,PHL,16
2023,disability.pension,employees,m,28,YEM,3
2023,disability.pension,employees,f,22,UKR,6
2023,disability.pension,employees,m,15,IRL,1
2023,disability.pension,employees,m,45,PAK,20
2023,disability.pension,employees,m,47,PAK,13
2023,disability.pension,employees,f,39,PAK,4
2023,disability.pension,employees,m,29,AFG,2
2023,disability.pension,employees,m,37,ZWE,12
2023,disability.pension,employees,m,32,ETH,11
2023,disability.pension,employees,m,41,BRA,23
2023,disability.pension,employees,m,52,USA,4
2023,disability.pension,employees,m,28,SYR,13
2023,disability.pension,employees,f,62,GBR,3
2023,disability.pension,employees,f,46,UZB,7
2023,disability.pension,employees,f,29,LVA,8
2023,disability.pension,employees,f,28,NPL,6
2023,disability.pension,employees,m,61,UKR,2
2023,disability.pension,employees,m,34,GTM,3
2023,disability.pension,employees,f,47,PHL,61
2023,disability.pension,employees,f,30,KEN,13
2023,disability.pension,employees,f,29,KEN,16
2023,disability.pension,employees,m,60,PSE,1
2023,disability.pension,employees,m,30,RUS,2
2023,disability.pension,employees,m,39,ESP,4
2023,disability.pension,employees,f,20,HRV,2
2023,disability.pension,employees,m,25,LVA,12
2023,disability.pension,employees,f,124,UKR,13
2023,disability.pension,employees,f,33,UKR,4
2023,disability.pension,employees,f,43,UKR,6
2023,disability.pension,employees,m,68,GRC,3
2023,disability.pension,employees,f,32,LKA,4
2023,disability.pension,employees,f,43,ROU,23
2023,disability.pension,employees,f,33,CMR,5
2023,disability.pension,employees,m,76,GRC,1
2023,disability.pension,employees,f,35,NGA,4
2023,disability.pension,employees,m,23,LKA,3
2023,disability.pension,employees,m,23,MMR,3
2023,disability.pension,employees,f,35,IRL,1
2023,disability.pension,employees,f,38,CMR,3
2023,disability.pension,employees,f,29,CMR,9
2023,disability.pension,employees,f,38,KEN,6
2023,disability.pension,employees,m,39,PHL,56
2023,disability.pension,employees,f,54,URY,1
2023,disability.pension,employees,m,44,ESP,6
2023,disability.pension,employees,m,63,GRC,8
2023,disability.pension,employees,m,56,HRV,4
2023,disability.pension,employees,m,32,GIN,2
2023,disability.pension,employees,m,25,BRA,18
2023,disability.pension,employees,m,43,HRV,11
2023,disability.pension,employees,m,38,NLD,2
2023,disability.pension,employees,m,74,CZE,1
2023,disability.pension,employees,f,64,MNG,3
2023,disability.pension,employees,m,61,AUT,3
2023,disability.pension,employees,m,69,DEU,8
2023,disability.pension,employees,m,54,LAO,1
2023,disability.pension,employees,m,,DEU,1
2023,disability.pension,employees,m,51,IRQ,6
2023,disability.pension,employees,m,34,SYR,16
2023,disability.pension,employees,m,47,DEU,4
2023,disability.pension,employees,m,68,CAN,3
2023,disability.pension,employees,f,61,DEU,10
2023,disability.pension,employees,f,31,CAN,5
2023,disability.pension,employees,f,22,LTU,8
2023,disability.pension,employees,m,34,PSE,6
2023,disability.pension,employees,m,25,UKR,24
2023,disability.pension,employees,m,41,DEU,2
2023,disability.pension,employees,m,33,NGA,6
2023,disability.pension,employees,m,57,SVK,4
2023,disability.pension,employees,f,55,SWE,2
2023,disability.pension,employees,m,81,UKR,3
2023,disability.pension,employees,m,52,ESP,8
2023,disability.pension,employees,m,82,DEU,5
2023,disability.pension,employees,m,92,DEU,1
2023,disability.pension,employees,m,44,EGY,4
2023,disability.pension,employees,f,26,VNM,14
2023,disability.pension,employees,m,19,VNM,2
2023,disability.pension,employees,m,58,GBR,6
2023,disability.pension,employees,m,51,GRC,7
2023,disability.pension,employees,m,34,GRC,38
2023,disability.pension,employees,m,47,AZE,3
2023,disability.pension,employees,m,59,NLD,6
2023,disability.pension,employees,f,58,NLD,2
2023,disability.pension,employees,f,48,CAN,1
2023,disability.pension,employees,m,37,PRY,1
2023,disability.pension,employees,m,17,ITA,1
2023,disability.pension,employees,m,20,ROU,43
2023,disability.pension,employees,f,35,LVA,8
2023,disability.pension,employees,f,44,CZE,11
2023,disability.pension,employees,f,22,FRA,5
2023,disability.pension,employees,f,42,MKD,4
2023,disability.pension,employees,m,59,CHE,3
2023,disability.pension,employees,m,35,IDN,2
2023,disability.pension,employees,m,55,ROU,2
2023,disability.pension,employees,f,28,UKR,40
2023,disability.pension,employees,m,30,ROU,2
2023,disability.pension,employees,m,31,UKR,2
2023,disability.pension,employees,f,63,MNG,1
2023,disability.pension,employees,m,37,CHL,3
2023,disability.pension,employees,m,29,ITA,6
2023,disability.pension,employees,f,47,GBR,4
2023,disability.pension,employees,f,55,UKR,2
2023,disability.pension,employees,m,25,RUS,3
2023,disability.pension,employees,f,70,MDA,2
2023,disability.pension,employees,f,33,VAT,2
2023,disability.pension,employees,m,36,THA,9
2023,disability.pension,employees,m,29,THA,8
2023,disability.pension,employees,m,46,THA,8
2023,disability.pension,employees,f,23,BLR,3
2023,disability.pension,employees,m,28,LBN,16
2023,disability.pension,employees,m,52,LBR,1
2023,disability.pension,employees,f,36,AZE,4
2023,disability.pension,employees,m,42,HND,2
2023,disability.pension,employees,m,54,HUN,9
2023,disability.pension,employees,m,63,ARM,4
2023,disability.pension,employees,f,66,CZE,1
2023,disability.pension,employees,m,46,EGY,6
2023,disability.pension,employees,f,38,NPL,2
2023,disability.pension,employees,f,31,TJK,2
2023,disability.pension,employees,m,42,LBY,1
2023,disability.pension,employees,f,67,UKR,6
2023,disability.pension,employees,f,64,UKR,2
2023,disability.pension,employees,f,52,UKR,10
2023,disability.pension,employees,f,55,SYR,2
2023,disability.pension,employees,m,53,ETH,2
2023,disability.pension,employees,f,56,MNG,1
2023,disability.pension,employees,m,46,CHL,3
2023,disability.pension,employees,f,65,UKR,33
2023,disability.pension,employees,m,21,BLR,4
2023,disability.pension,employees,m,62,CHN,8
2023,disability.pension,employees,m,38,BRA,34
2023,disability.pension,employees,m,33,KEN,18
2023,disability.pension,employees,m,47,ZAF,3
2023,disability.pension,employees,f,57,USA,4
2023,disability.pension,employees,f,35,CHN,8
2023,disability.pension,employees,f,37,HND,3
2023,disability.pension,employees,f,55,IRQ,2
2023,disability.pension,employees,f,40,ZAF,6
2023,disability.pension,employees,f,45,PHL,6
2023,disability.pension,employees,f,43,IND,4
2023,disability.pension,employees,f,29,PRY,2
2023,disability.pension,employees,m,34,TWN,2
2023,disability.pension,employees,f,45,NGA,4
2023,disability.pension,employees,f,28,IDN,8
2023,disability.pension,employees,f,33,IND,14
2023,disability.pension,employees,f,43,TTO,2
2023,disability.pension,employees,f,36,PHL,26
2023,disability.pension,employees,f,53,USA,2
2023,disability.pension,employees,f,34,ZAF,2
2023,disability.pension,employees,f,44,NGA,5
2023,disability.pension,employees,f,31,ZWE,3
2023,disability.pension,employees,f,28,FRA,2
2023,disability.pension,employees,m,33,ESP,10
2023,disability.pension,employees,f,40,CHN,6
2023,disability.pension,employees,f,40,JPN,6
2023,disability.pension,employees,f,30,CRI,2
2023,disability.pension,employees,m,37,SEN,2
2023,disability.pension,employees,f,49,FRA,6
2023,disability.pension,employees,f,48,PHL,12
2023,disability.pension,employees,m,29,SEN,2
2023,disability.pension,employees,f,28,JPN,2
2023,disability.pension,employees,f,30,FRA,4
2023,disability.pension,employees,f,25,USA,4
2023,disability.pension,employees,f,26,CHN,6
2023,disability.pension,employees,f,45,COL,2
2023,disability.pension,employees,f,28,ZAF,2
2023,disability.pension,employees,m,23,BEL,2
2023,disability.pension,employees,f,53,JPN,2
2023,disability.pension,employees,f,29,CRI,2
2023,disability.pension,employees,f,32,PHL,14
2023,disability.pension,employees,f,27,USA,2
2023,disability.pension,employees,f,28,USA,2
2023,disability.pension,employees,f,22,ESP,3
2023,disability.pension,employees,m,23,ESP,2
2023,disability.pension,employees,f,24,FRA,9
2023,disability.pension,employees,f,43,USA,2
2023,disability.pension,employees,m,32,CHN,87
2023,disability.pension,employees,m,57,YUG,1
2023,disability.pension,employees,m,62,VNM,2
2023,disability.pension,employees,m,22,SYR,6
2023,disability.pension,employees,f,37,NGA,2
2023,disability.pension,employees,m,62,TZA,2
2023,disability.pension,employees,m,69,HRV,1
2023,disability.pension,employees,m,65,SYR,3
2023,disability.pension,employees,f,45,EST,2
2023,disability.pension,employees,m,21,TJK,15
2023,disability.pension,employees,f,58,PHL,1
2023,disability.pension,employees,f,45,AND,1
2023,disability.pension,employees,m,21,ESP,17
2023,disability.pension,employees,m,48,BRA,8
2023,disability.pension,employees,f,70,VNM,2
2023,disability.pension,employees,m,68,SVK,1
2023,disability.pension,employees,m,74,IND,2
2023,disability.pension,employees,f,31,BRA,32
2023,disability.pension,employees,m,25,JPN,8
2023,disability.pension,employees,f,56,MNG,4
2023,disability.pension,employees,f,39,PSE,1
2023,disability.pension,employees,m,50,ESP,31
2023,disability.pension,employees,m,60,ITA,6
2023,disability.pension,employees,f,56,VGB,1
2023,disability.pension,employees,f,27,RUS,4
2023,disability.pension,employees,f,50,ITA,8
2023,disability.pension,employees,f,35,ITA,28
2023,disability.pension,employees,f,30,VNM,3
2023,disability.pension,employees,f,36,VNM,6
2023,disability.pension,employees,f,64,GBR,4
2023,disability.pension,employees,f,45,IND,25
2023,disability.pension,employees,m,74,SWE,2
2023,disability.pension,employees,m,60,SWE,2
2023,disability.pension,employees,f,46,SVN,1
2023,disability.pension,employees,f,71,USA,2
2023,disability.pension,employees,f,54,PHL,14
2023,disability.pension,employees,m,32,URY,2
2023,disability.pension,employees,f,65,BLR,4
2023,disability.pension,employees,f,36,UZB,2
2023,disability.pension,employees,f,67,BEL,2
2023,disability.pension,employees,f,46,CHN,40
2023,disability.pension,employees,f,61,VNM,2
2023,disability.pension,employees,m,39,HUN,6
2023,disability.pension,employees,f,35,AZE,18
2023,disability.pension,employees,m,74,VNM,2
2023,disability.pension,employees,m,56,GBR,2
2023,disability.pension,employees,m,56,SWE,2
2023,disability.pension,employees,f,41,VNM,10
2023,disability.pension,employees,f,42,LKA,2
2023,disability.pension,employees,m,33,IND,4
2023,disability.pension,employees,m,36,GHA,9
2023,disability.pension,employees,m,32,LKA,15
2023,disability.pension,employees,m,22,HTI,2
2023,disability.pension,employees,f,25,UGA,3
2023,disability.pension,employees,f,22,BDI,4
2023,disability.pension,employees,f,23,ZWE,4
2023,disability.pension,employees,f,34,ZWE,4
2023,disability.pension,employees,m,27,ZWE,16
2023,disability.pension,employees,m,20,MAR,2
2023,disability.pension,employees,f,47,NER,1
2023,disability.pension,employees,f,21,PHL,2
2023,disability.pension,employees,f,20,NER,1
2023,disability.pension,employees,f,22,UGA,4
2023,disability.pension,employees,m,28,BDI,2
2023,disability.pension,employees,m,21,UZB,6
2023,disability.pension,employees,f,20,RWA,9
2023,disability.pension,employees,m,21,GIN,1
2023,disability.pension,employees,m,31,GIN,4
2023,disability.pension,employees,f,19,BDI,1
2023,disability.pension,employees,m,19,ZWE,6
2023,disability.pension,employees,f,27,BGD,5
2023,disability.pension,employees,f,36,AZE,21
2023,disability.pension,employees,m,21,AGO,2
2023,disability.pension,employees,m,24,MAR,34
2023,disability.pension,employees,f,21,TZA,7
2023,disability.pension,employees,f,83,USA,3
2023,disability.pension,employees,f,56,JPN,2
2023,disability.pension,employees,m,52,LBY,1
2023,disability.pension,employees,m,45,VNM,8
2023,disability.pension,employees,f,74,MNG,1
2023,disability.pension,employees,f,50,SWE,1
2023,disability.pension,employees,f,81,LTU,1
2023,disability.pension,employees,m,64,BEL,4
2023,disability.pension,employees,m,53,CZE,14
2023,disability.pension,employees,f,56,KAZ,10
2023,disability.pension,employees,m,33,UKR,2
2023,disability.pension,employees,m,59,IRL,8
2023,disability.pension,employees,m,59,VNM,4
2023,disability.pension,employees,f,38,CHN,4
2023,disability.pension,employees,m,29,IDN,9
2023,disability.pension,employees,m,47,YEM,2
2023,disability.pension,employees,m,33,LBN,8
2023,disability.pension,employees,m,62,FRA,8
2023,disability.pension,employees,f,53,SWE,3
2023,disability.pension,employees,m,29,CZE,6
2023,disability.pension,employees,m,75,FRA,3
2023,disability.pension,employees,f,48,SWE,3
2023,disability.pension,employees,m,38,CHN,6
2023,disability.pension,employees,f,53,CHN,21
2023,disability.pension,employees,m,47,IRN,7
2023,disability.pension,employees,f,39,IRQ,2
2023,disability.pension,employees,m,32,PSE,4
2023,disability.pension,employees,f,35,UZB,10
2023,disability.pension,employees,m,33,PSE,5
2023,disability.pension,employees,m,54,SVN,3
2023,disability.pension,employees,m,40,ESP,6
2023,disability.pension,employees,m,34,PAK,37
2023,disability.pension,employees,f,38,LKA,2
2023,disability.pension,employees,m,26,AFG,11
2023,disability.pension,employees,m,18,TJK,2
2023,disability.pension,employees,f,43,MNG,2
2023,disability.pension,employees,m,42,MNG,3
2023,disability.pension,employees,m,46,MLT,1
2023,disability.pension,employees,m,58,AUS,5
2023,disability.pension,employees,f,50,BIH,2
2023,disability.pension,employees,m,50,ITA,12
2023,disability.pension,employees,f,44,PHL,14
2023,disability.pension,employees,f,40,LBY,1
2023,disability.pension,employees,m,48,DOM,2
2023,disability.pension,employees,f,39,UKR,10
2023,disability.pension,employees,m,36,RUS,16
2023,disability.pension,employees,m,71,CHE,2
2023,disability.pension,employees,f,65,GBR,2
2023,disability.pension,employees,f,51,UKR,8
2023,disability.pension,employees,f,35,HUN,2
2023,disability.pension,employees,m,41,SWE,2
2023,disability.pension,employees,m,36,CAN,3
2023,disability.pension,employees,m,30,VNM,8
2023,disability.pension,employees,m,29,IND,9
2023,disability.pension,employees,m,20,IND,4
2023,disability.pension,employees,m,22,IND,16
2023,disability.pension,employees,m,53,ISR,6
2023,disability.pension,employees,f,43,IND,28
2023,disability.pension,employees,f,28,MNG,6
2023,disability.pension,employees,f,20,CRI,1
2023,disability.pension,employees,m,46,BIH,5
2023,disability.pension,employees,m,48,VNM,3
2023,disability.pension,employees,f,39,PHL,14
2023,disability.pension,employees,f,60,UKR,2
2023,disability.pension,employees,f,55,GBR,2
2023,disability.pension,employees,f,46,USA,2
2023,disability.pension,employees,f,32,DZA,4
2023,disability.pension,employees,f,31,ZAF,2
2023,disability.pension,employees,m,18,URY,1
2023,disability.pension,employees,m,55,USA,2
2023,disability.pension,employees,f,0,VNM,1
2023,disability.pension,employees,m,65,GBR,4
2023,disability.pension,employees,f,60,CHN,2
2023,disability.pension,employees,m,61,BGD,2
2023,disability.pension,employees,f,42,FRA,7
2023,disability.pension,employees,m,68,ISR,3
2023,disability.pension,employees,m,33,NPL,8
2023,disability.pension,employees,f,19,SLE,2
2023,disability.pension,employees,f,24,AFG,6
2023,disability.pension,employees,f,26,PAK,2
2023,disability.pension,employees,m,26,TKM,2
2023,disability.pension,employees,f,22,COG,2
2023,disability.pension,employees,m,31,CIV,4
2023,disability.pension,employees,m,20,ETH,1
2023,disability.pension,employees,f,72,ISR,2
2023,disability.pension,employees,f,47,ISR,1
2023,disability.pension,employees,m,62,DEU,4
2023,disability.pension,employees,f,61,KAZ,1
2023,disability.pension,employees,m,38,URY,1
2023,disability.pension,employees,m,54,MAR,4
2023,disability.pension,employees,m,31,PSE,2
2023,disability.pension,employees,f,67,ITA,2
2023,disability.pension,employees,m,51,BRA,6
2023,disability.pension,employees,m,37,LBN,8
2023,disability.pension,employees,m,55,CAN,4
2023,disability.pension,employees,f,48,HUN,3
2023,disability.pension,employees,m,37,COL,3
2023,disability.pension,employees,m,43,EST,5
2023,disability.pension,employees,f,53,ESP,1
2023,disability.pension,employees,m,25,AGO,7
2023,disability.pension,employees,m,39,IRL,4
2023,disability.pension,employees,m,49,DEU,6
2023,disability.pension,employees,f,58,LBN,2
2023,disability.pension,employees,f,22,ITA,14
2023,disability.pension,employees,m,75,FRA,8
2023,disability.pension,employees,m,63,SWE,3
2023,disability.pension,employees,m,64,LTU,9
2023,disability.pension,employees,m,71,SWE,2
2023,disability.pension,employees,m,47,IRQ,4
2023,disability.pension,employees,m,42,IRQ,7
2023,disability.pension,employees,f,33,EGY,3
2023,disability.pension,employees,m,54,LBN,2
2023,disability.pension,employees,m,39,LBN,3
2023,disability.pension,employees,m,43,LBN,2
2023,disability.pension,employees,m,37,JPN,2
2023,disability.pension,employees,m,47,CZE,4
2023,disability.pension,employees,m,57,KWT,1
2023,disability.pension,employees,f,37,SYR,1
2023,disability.pension,employees,m,55,IRQ,3
2023,disability.pension,employees,m,51,SVK,2
2023,disability.pension,employees,m,66,ISR,2
2023,disability.pension,employees,m,21,BLR,12
2023,disability.pension,employees,f,28,VNM,16
2023,disability.pension,employees,f,56,ESP,2
2023,disability.pension,employees,m,37,ITA,12
2023,disability.pension,employees,f,86,BLR,2
2023,disability.pension,employees,f,34,IRN,21
2023,disability.pension,employees,m,49,DEU,3
2023,disability.pension,employees,m,47,CHN,40
2023,disability.pension,employees,m,38,BGR,2
2023,disability.pension,employees,f,53,PAK,1
2023,disability.pension,employees,f,65,VNM,5
2023,disability.pension,employees,m,51,IRL,2
2023,disability.pension,employees,f,51,DZA,1
2023,disability.pension,employees,f,54,IND,2
2023,disability.pension,employees,m,64,USA,6
2023,disability.pension,employees,f,48,SWE,4
2023,disability.pension,employees,m,52,TJK,9
2023,disability.pension,employees,m,48,TJK,8
2023,disability.pension,employees,m,3,TUR,4
2023,disability.pension,employees,m,54,GBR,2
2023,disability.pension,employees,m,46,SAU,1
2023,disability.pension,employees,m,48,ESP,4
2023,disability.pension,employees,m,60,HUN,2
2023,disability.pension,employees,m,50,IND,26
2023,disability.pension,employees,m,62,ROU,13
2023,disability.pension,employees,m,71,CAN,2
2023,disability.pension,employees,f,49,CMR,1
2023,disability.pension,employees,m,53,DNK,4
2023,disability.pension,employees,f,34,BIH,1
2023,disability.pension,employees,f,22,CZE,5
2023,disability.pension,employees,m,44,GTM,2
2023,disability.pension,employees,f,57,TUR,1
2023,disability.pension,employees,m,38,HTI,2
2023,disability.pension,employees,m,69,FRA,5
2023,disability.pension,employees,f,61,USA,1
2023,disability.pension,employees,m,48,HUN,12
2023,disability.pension,employees,f,35,PAK,4
2023,disability.pension,employees,m,38,LTU,2
2023,disability.pension,employees,f,66,AFG,1
2023,disability.pension,employees,f,52,JPN,4
2023,disability.pension,employees,m,64,IND,3
2023,disability.pension,employees,m,38,CAN,8
2023,disability.pension,employees,m,61,GRC,2
2023,disability.pension,employees,f,37,DEU,2
2023,disability.pension,employees,m,39,USA,2
2023,disability.pension,employees,f,28,MEX,9
2023,disability.pension,employees,m,53,AUT,6
2023,disability.pension,employees,m,57,IRL,4
2023,disability.pension,employees,m,65,ITA,4
2023,disability.pension,employees,m,25,ROU,8
2023,disability.pension,employees,f,39,LVA,2
2023,disability.pension,employees,m,38,SGP,2
2023,disability.pension,employees,f,38,ROU,10
2023,disability.pension,employees,m,43,TWN,2
2023,disability.pension,employees,m,33,EST,3
2023,disability.pension,employees,f,51,DEU,2
2023,disability.pension,employees,f,28,JPN,11
2023,disability.pension,employees,m,78,ESP,1
2023,disability.pension,employees,f,35,ESP,4
2023,disability.pension,employees,f,54,TJK,2
2023,disability.pension,employees,f,35,UKR,12
2023,disability.pension,employees,m,36,URY,2
2023,disability.pension,employees,m,52,ISR,5
2023,disability.pension,employees,m,45,ESP,6
2023,disability.pension,employees,f,43,ISR,1
2023,disability.pension,employees,f,48,ITA,7
2023,disability.pension,employees,m,67,ISR,2
2023,disability.pension,employees,f,73,LTU,2
2023,disability.pension,employees,m,32,ITA,3
2023,disability.pension,employees,f,32,AZE,31
2023,disability.pension,employees,f,29,ZWE,6
2023,disability.pension,employees,f,34,UKR,8
2023,disability.pension,employees,m,47,PER,6
2023,disability.pension,employees,f,33,ITA,2
2023,disability.pension,employees,f,27,VNM,12
2023,disability.pension,employees,f,58,FRA,3
2023,disability.pension,employees,f,86,FRA,1
2023,disability.pension,employees,f,45,LTU,3
2023,disability.pension,employees,m,38,MLT,3
2023,disability.pension,employees,m,58,DNK,8
2023,disability.pension,employees,m,34,NOR,2
2023,disability.pension,employees,f,25,RUS,2
2023,disability.pension,employees,f,63,BLR,6
2023,disability.pension,employees,f,49,TKM,5
2023,disability.pension,employees,m,41,FRA,6
2023,disability.pension,employees,m,37,MNG,5
2023,disability.pension,employees,m,57,BEL,3
2023,disability.pension,employees,m,36,ISR,12
2023,disability.pension,employees,m,29,JAM,3
2023,disability.pension,employees,m,45,HRV,6
2023,disability.pension,employees,m,55,IRN,3
2023,disability.pension,employees,m,30,MEX,34
2023,disability.pension,employees,m,29,EST,2
2023,disability.pension,employees,m,51,IND,24
2023,disability.pension,employees,m,48,ISR,2
2023,disability.pension,employees,f,35,FRA,16
2023,disability.pension,employees,m,37,ESP,4
2023,disability.pension,employees,f,28,ESP,8
2023,disability.pension,employees,f,27,ESP,2
2023,disability.pension,employees,f,29,ECU,2
2023,disability.pension,employees,f,23,ESP,18
2023,disability.pension,employees,m,31,GMB,4
2023,disability.pension,employees,f,40,SVK,2
2023,disability.pension,employees,f,25,SVK,11
2023,disability.pension,employees,m,51,NPL,11
2023,disability.pension,employees,m,42,ZMB,1
2023,disability.pension,employees,m,30,NLD,19
2023,disability.pension,employees,m,49,PRT,2
2023,disability.pension,employees,m,45,ZMB,1
2023,disability.pension,employees,m,56,BGD,2
2023,disability.pension,employees,f,24,MNG,8
2023,disability.pension,employees,m,29,RUS,14
2023,disability.pension,employees,m,54,FIN,5
2023,disability.pension,employees,f,30,BLR,8
2023,disability.pension,employees,m,39,TWN,1
2023,disability.pension,employees,f,80,UKR,11
2023,disability.pension,employees,m,41,BGR,3
2023,disability.pension,employees,m,47,BLR,4
2023,disability.pension,employees,f,38,KAZ,27
2023,disability.pension,employees,m,41,ISR,2
2023,disability.pension,employees,f,34,BRA,31
2023,disability.pension,employees,f,36,SVK,4
2023,disability.pension,employees,m,43,CAN,2
2023,disability.pension,employees,f,28,CHN,6
2023,disability.pension,employees,m,33,IRL,7
2023,disability.pension,employees,f,43,CAN,3
2023,disability.pension,employees,f,33,CHN,61
2023,disability.pension,employees,m,52,GBR,8
2023,disability.pension,employees,m,61,BEL,3
2023,disability.pension,employees,m,70,AUT,2
2023,disability.pension,employees,m,43,NOR,1
2023,disability.pension,employees,m,61,MNG,2
2023,disability.pension,employees,m,48,JPN,3
2023,disability.pension,employees,f,42,ESP,4
2023,disability.pension,employees,m,35,LBY,1
2023,disability.pension,employees,f,46,SGP,3
2023,disability.pension,employees,m,34,DNK,5
2023,disability.pension,employees,m,29,LBY,4
2023,disability.pension,employees,m,47,NOR,2
2023,disability.pension,employees,m,55,SYR,2
2023,disability.pension,employees,m,48,GIN,2
2023,disability.pension,employees,m,18,VNM,8
2023,disability.pension,employees,f,29,GBR,6
2023,disability.pension,employees,f,59,IND,2
2023,disability.pension,employees,f,26,CHN,45
2023,disability.pension,employees,m,47,SWE,2
2023,disability.pension,employees,m,50,CYP,1
2023,disability.pension,employees,f,23,IRQ,2
2023,disability.pension,employees,m,32,ZAF,9
2023,disability.pension,employees,f,24,TKM,4
2023,disability.pension,employees,f,46,IND,2
2023,disability.pension,employees,m,39,BEL,2
2023,disability.pension,employees,f,27,SWE,4
2023,disability.pension,employees,f,33,UKR,9
2023,disability.pension,employees,m,52,VNM,4
2023,disability.pension,employees,m,69,KOR,1
2023,disability.pension,employees,f,49,UKR,2
2023,disability.pension,employees,m,24,LTU,2
2023,disability.pension,employees,f,22,VNM,10
2023,disability.pension,employees,m,52,BGD,15
2023,disability.pension,employees,f,46,CZE,12
2023,disability.pension,employees,f,70,NER,1
2023,disability.pension,employees,f,28,SVK,22
2023,disability.pension,employees,m,66,IRL,2
2023,disability.pension,employees,m,32,CAN,9
2023,disability.pension,employees,m,31,CHN,63
2023,disability.pension,employees,m,29,EGY,6
2023,disability.pension,employees,f,38,BIH,2
2023,disability.pension,employees,m,27,LVA,12
2023,disability.pension,employees,f,30,DNK,1
2023,disability.pension,employees,f,43,HUN,8
2023,disability.pension,employees,m,40,AUS,5
2023,disability.pension,employees,m,50,ITA,3
2023,disability.pension,employees,f,24,HTI,3
2023,disability.pension,employees,f,30,IRN,3
2023,disability.pension,employees,m,33,IRN,3
2023,disability.pension,employees,m,43,JPN,7
2023,disability.pension,employees,m,35,ISR,4
2023,disability.pension,employees,f,48,KEN,2
2023,disability.pension,employees,f,27,ISL,1
2023,disability.pension,employees,f,21,MDA,3
2023,disability.pension,employees,m,22,ZMB,3
2023,disability.pension,employees,f,20,AFG,2
2023,disability.pension,employees,f,22,AFG,8
2023,disability.pension,employees,m,20,PRT,2
2023,disability.pension,employees,m,34,GHA,4
2023,disability.pension,employees,m,26,ETH,16
2023,disability.pension,employees,m,49,PAK,2
2023,disability.pension,employees,f,26,AFG,2
2023,disability.pension,employees,f,41,SWE,3
2023,disability.pension,employees,f,29,TUN,12
2023,disability.pension,employees,m,48,LVA,3
2023,disability.pension,employees,m,39,UKR,2
2023,disability.pension,employees,m,33,FIN,8
2023,disability.pension,employees,f,26,TWN,1
2023,disability.pension,employees,f,23,ZMB,2
2023,disability.pension,employees,f,34,GHA,1
2023,disability.pension,employees,m,23,IRQ,4
2023,disability.pension,employees,m,30,GRC,28
2023,disability.pension,employees,m,51,ESP,11
2023,disability.pension,employees,f,38,ESP,10
2023,disability.pension,employees,f,31,PAK,4
2023,disability.pension,employees,m,40,TZA,3
2023,disability.pension,employees,f,37,VNM,18
2023,disability.pension,employees,m,38,IRN,2
2023,disability.pension,employees,f,59,ITA,2
2023,disability.pension,employees,f,38,IRN,8
2023,disability.pension,employees,f,26,BRA,6
2023,disability.pension,employees,m,31,NGA,20
2023,disability.pension,employees,m,42,NOR,2
2023,disability.pension,employees,m,80,FRA,2
2023,disability.pension,employees,m,36,LBY,3
2023,disability.pension,employees,m,36,AZE,2
2023,disability.pension,employees,m,41,ISR,3
2023,disability.pension,employees,m,48,SWE,5
2023,disability.pension,employees,m,37,SWE,7
2023,disability.pension,employees,m,30,IRQ,2
2023,disability.pension,employees,m,37,NGA,12
2023,disability.pension,employees,m,53,SWE,7
2023,disability.pension,employees,f,33,ISR,2
2023,disability.pension,employees,f,24,NER,3
2023,disability.pension,employees,f,42,UKR,4
2023,disability.pension,employees,m,55,USA,2
2023,disability.pension,employees,f,26,LVA,5
2023,disability.pension,employees,m,55,GBR,3
2023,disability.pension,employees,m,49,ESP,2
2023,disability.pension,employees,m,58,CZE,7
2023,disability.pension,employees,m,26,HUN,2
2023,disability.pension,employees,f,38,EST,1
2023,disability.pension,employees,m,47,CHN,3
2023,disability.pension,employees,m,49,ISR,11
2023,disability.pension,employees,f,45,NLD,2
2023,disability.pension,employees,m,33,SWE,13
2023,disability.pension,employees,m,27,IRN,18
2023,disability.pension,employees,f,69,AUT,2
2023,disability.pension,employees,m,24,FIN,7
2023,disability.pension,employees,f,38,JPN,5
2023,disability.pension,employees,f,34,BLR,26
2023,disability.pension,employees,f,28,PAN,1
2023,disability.pension,employees,m,47,VEN,2
2023,disability.pension,employees,m,61,UZB,4
2023,disability.pension,employees,f,39,CHN,6
2023,disability.pension,employees,m,45,SYR,5
2023,disability.pension,employees,m,44,LVA,18
2023,disability.pension,employees,m,33,FRA,10
2023,disability.pension,employees,m,35,SYR,2
2023,disability.pension,employees,f,29,KGZ,18
2023,disability.pension,employees,m,40,ISR,8
2023,disability.pension,employees,f,30,IRL,2
2023,disability.pension,employees,m,37,CAN,7
2023,disability.pension,employees,f,35,GBR,11
2023,disability.pension,employees,m,23,TJK,25
2023,disability.pension,employees,m,25,YEM,2
2023,disability.pension,employees,m,37,IRQ,2
2023,disability.pension,employees,f,29,SDN,2
2023,disability.pension,employees,f,50,CHE,1
2023,disability.pension,employees,m,23,PER,2
2023,disability.pension,employees,m,35,GHA,2
2023,disability.pension,employees,m,19,IDN,9
2023,disability.pension,employees,m,28,ZWE,53
2023,disability.pension,employees,m,48,MAR,3
2023,disability.pension,employees,f,18,NGA,1
2023,disability.pension,employees,m,42,GRC,6
2023,disability.pension,employees,f,36,ARG,4
2023,disability.pension,employees,m,27,GRC,2
2023,disability.pension,employees,f,65,GEO,9
2023,disability.pension,employees,f,27,ETH,17
2023,disability.pension,employees,f,35,AFG,2
2023,disability.pension,employees,m,32,AFG,4
2023,disability.pension,employees,m,78,NLD,4
2023,disability.pension,employees,f,24,LBN,2
2023,disability.pension,employees,f,22,KGZ,15
2023,disability.pension,employees,m,23,KGZ,42
2023,disability.pension,employees,m,41,AUT,4
2023,disability.pension,employees,m,32,IRQ,2
2023,disability.pension,employees,f,43,ESP,8
2023,disability.pension,employees,m,41,JOR,2
2023,disability.pension,employees,m,27,VEN,2
2023,disability.pension,employees,f,28,LTU,24
2023,disability.pension,employees,m,36,AFG,11
2023,disability.pension,employees,m,51,MNG,4
2023,disability.pension,employees,f,33,LTU,6
2023,disability.pension,employees,m,24,MLT,1
2023,disability.pension,employees,m,63,PRT,2
2023,disability.pension,employees,m,69,PRT,1
2023,disability.pension,employees,m,59,FIN,2
2023,disability.pension,employees,f,54,PAK,2
2023,disability.pension,employees,m,60,ISR,5
2023,disability.pension,employees,f,20,MOZ,2
2023,disability.pension,employees,f,21,ECU,1
2023,disability.pension,employees,f,37,AGO,2
2023,disability.pension,employees,f,18,TJK,1
2023,disability.pension,employees,m,35,ETH,6
2023,disability.pension,employees,m,20,ARM,7
2023,disability.pension,employees,f,45,VNM,8
2023,disability.pension,employees,m,68,ISR,1
2023,disability.pension,employees,f,25,PAK,2
2023,disability.pension,employees,f,35,PHL,3
2023,disability.pension,employees,m,19,KGZ,16
2023,disability.pension,employees,f,59,LTU,6
2023,disability.pension,employees,f,30,CAN,1
2023,disability.pension,employees,m,23,PAK,11
2023,disability.pension,employees,m,24,ECU,8
2023,disability.pension,employees,f,47,KOR,2
2023,disability.pension,employees,m,36,AUS,3
2023,disability.pension,employees,m,47,ISR,5
2023,disability.pension,employees,f,47,USA,4
2023,disability.pension,employees,f,34,AUT,2
2023,disability.pension,employees,m,60,USA,8
2023,disability.pension,employees,f,33,JPN,8
2023,disability.pension,employees,m,29,CAN,4
2023,disability.pension,employees,m,49,FIN,5
2023,disability.pension,employees,m,26,GRC,2
2023,disability.pension,employees,m,26,URY,1
2023,disability.pension,employees,f,30,AZE,8
2023,disability.pension,employees,m,20,TUR,8
2023,disability.pension,employees,m,30,DNK,8
2023,disability.pension,employees,m,29,BEL,13
2023,disability.pension,employees,m,38,DEU,6
2023,disability.pension,employees,f,23,BGR,7
2023,disability.pension,employees,f,22,TKM,4
2023,disability.pension,employees,m,22,PRT,7
2023,disability.pension,employees,f,28,PAK,15
2023,disability.pension,employees,m,35,URY,2
2023,disability.pension,employees,m,38,ETH,4
2023,disability.pension,employees,f,61,IND,2
2023,disability.pension,employees,f,39,BEL,1
2023,disability.pension,employees,f,30,HUN,24
2023,disability.pension,employees,f,25,SWE,2
2023,disability.pension,employees,m,22,BEL,6
2023,disability.pension,employees,m,31,CHL,3
2023,disability.pension,employees,m,41,MEX,17
2023,disability.pension,employees,m,21,LKA,3
2023,disability.pension,employees,m,48,CYP,2
2023,disability.pension,employees,m,57,ISR,2
2023,disability.pension,employees,m,24,NOR,1
2023,disability.pension,employees,m,26,PSE,10
2023,disability.pension,employees,f,34,PSE,1
2023,disability.pension,employees,m,39,JPN,10
2023,disability.pension,employees,f,18,TUR,2
2023,disability.pension,employees,f,24,TZA,6
2023,disability.pension,employees,m,20,CRI,1
2023,disability.pension,employees,m,21,DEU,2
2023,disability.pension,employees,m,20,DEU,8
2023,disability.pension,employees,f,19,AUT,2
2023,disability.pension,employees,m,23,DEU,2
2023,disability.pension,employees,f,21,DEU,2
2023,disability.pension,employees,m,22,PSE,3
2023,disability.pension,employees,f,20,BGD,4
2023,disability.pension,employees,m,59,AUT,3
2023,disability.pension,employees,f,22,IND,4
2023,disability.pension,employees,m,39,BEL,13
2023,disability.pension,employees,m,31,IRL,7
2023,disability.pension,employees,m,48,DEU,4
2023,disability.pension,employees,f,29,ZWE,8
2023,disability.pension,employees,m,30,KEN,21
2023,disability.pension,employees,f,24,TJK,7
2023,disability.pension,employees,m,62,IRN,3
2023,disability.pension,employees,m,64,BLR,8
2023,disability.pension,employees,m,21,UKR,2
2023,disability.pension,employees,m,40,CHN,4
2023,disability.pension,employees,m,42,MLT,2
2023,disability.pension,employees,m,39,ARM,2
2023,disability.pension,employees,f,42,ETH,1
2023,disability.pension,employees,m,36,ESP,3
2023,disability.pension,employees,f,58,LTU,17
2023,disability.pension,employees,f,30,UZB,6
2023,disability.pension,employees,m,22,TZA,2
2023,disability.pension,employees,m,19,MAR,4
2023,disability.pension,employees,m,26,HTI,1
2023,disability.pension,employees,f,18,IDN,2
2023,disability.pension,employees,m,36,UKR,6
2023,disability.pension,employees,m,65,GRD,1
2023,disability.pension,employees,m,72,IRQ,1
2023,disability.pension,employees,f,54,IRQ,1
2023,disability.pension,employees,m,56,TJK,6
2023,disability.pension,employees,f,47,TKM,5
2023,disability.pension,employees,m,49,ROU,8
2023,disability.pension,employees,f,24,GBR,3
2023,disability.pension,employees,m,23,KGZ,6
2023,disability.pension,employees,m,22,KGZ,40
2023,disability.pension,employees,f,51,BLR,4
2023,disability.pension,employees,m,48,IDN,6
2023,disability.pension,employees,m,51,IDN,11
2023,disability.pension,employees,m,59,MNG,2
2023,disability.pension,employees,m,59,BFA,1
2023,disability.pension,employees,f,56,UZB,2
2023,disability.pension,employees,m,51,EGY,13
2023,disability.pension,employees,f,66,VNM,7
2023,disability.pension,employees,m,56,CHL,1
2023,disability.pension,employees,m,68,BGR,3
2023,disability.pension,employees,f,34,EGY,4
2023,disability.pension,employees,m,26,UKR,6
2023,disability.pension,employees,f,23,TUN,6
2023,disability.pension,employees,m,44,LBN,6
2023,disability.pension,employees,m,59,ITA,4
2023,disability.pension,employees,m,29,PAN,1
2023,disability.pension,employees,f,54,BLR,9
2023,disability.pension,employees,f,61,BLR,9
2023,disability.pension,employees,f,54,BGR,2
2023,disability.pension,employees,f,47,BLR,6
2023,disability.pension,employees,f,33,FRA,17
2023,disability.pension,employees,m,51,BIH,4
2023,disability.pension,employees,f,53,ITA,10
2023,disability.pension,employees,m,65,IRN,1
2023,disability.pension,employees,m,74,HUN,1
2023,disability.pension,employees,m,59,PAK,2
2023,disability.pension,employees,m,55,JPN,6
2023,disability.pension,employees,f,79,ESP,1
2023,disability.pension,employees,m,30,NGA,2
2023,disability.pension,employees,f,32,ZMB,4
2023,disability.pension,employees,m,73,COL,1
2023,disability.pension,employees,m,43,VNM,4
2023,disability.pension,employees,m,51,UKR,4
2023,disability.pension,employees,m,70,VNM,5
2023,disability.pension,employees,m,42,LBN,5
2023,disability.pension,employees,m,57,IRQ,2
2023,disability.pension,employees,f,63,FRA,1
2023,disability.pension,employees,f,19,ARM,2
2023,disability.pension,employees,f,27,SYR,4
2023,disability.pension,employees,f,60,TWN,1
2023,disability.pension,employees,f,25,CZE,2
2023,disability.pension,employees,m,32,IRQ,12
2023,disability.pension,employees,f,58,UKR,2
2023,disability.pension,employees,f,60,UKR,16
2023,disability.pension,employees,f,62,UKR,51
2023,disability.pension,employees,f,58,BLR,3
2023,disability.pension,employees,f,69,VNM,2
2023,disability.pension,employees,f,51,LTU,2
2023,disability.pension,employees,m,42,LTU,2
2023,disability.pension,employees,m,40,IRN,16
2023,disability.pension,employees,m,57,UZB,17
2023,disability.pension,employees,m,65,TJK,3
2023,disability.pension,employees,m,50,TJK,5
2023,disability.pension,employees,m,39,TJK,24
2023,disability.pension,employees,f,57,ARM,2
2023,disability.pension,employees,m,57,NGA,4
2023,disability.pension,employees,m,51,AFG,4
2023,disability.pension,employees,m,38,TUN,4
2023,disability.pension,employees,f,40,AUT,2
2023,disability.pension,employees,m,77,RUS,1
2023,disability.pension,employees,m,44,CHL,2
2023,disability.pension,employees,m,57,VEN,2
2023,disability.pension,employees,m,51,TKM,14
2023,disability.pension,employees,f,41,BLR,9
2023,disability.pension,employees,f,57,FRA,4
2023,disability.pension,employees,f,32,IRQ,2
2023,disability.pension,employees,m,26,AFG,3
2023,disability.pension,employees,m,59,CAN,3
2023,disability.pension,employees,f,25,LVA,4
2023,disability.pension,employees,m,24,AFG,2
2023,disability.pension,employees,m,66,PRT,2
2023,disability.pension,employees,f,58,PRT,1
2023,disability.pension,employees,m,46,TUN,4
2023,disability.pension,employees,f,47,TUN,1
2023,disability.pension,employees,f,29,UKR,4
2023,disability.pension,employees,m,51,SWE,9
2023,disability.pension,employees,m,51,VNM,4
2023,disability.pension,employees,f,49,KEN,3
2023,disability.pension,employees,m,52,NPL,2
2023,disability.pension,employees,m,41,TGO,2
2023,disability.pension,employees,m,53,FRA,6
2023,disability.pension,employees,f,57,ITA,7
2023,disability.pension,employees,f,45,SVK,13
2023,disability.pension,employees,m,16,GEO,4
2023,disability.pension,employees,m,53,DEU,4
2023,disability.pension,employees,m,77,ITA,2
2023,disability.pension,employees,m,82,GBR,3
2023,disability.pension,employees,f,34,NGA,2
2023,disability.pension,employees,f,31,GEO,18
2023,disability.pension,employees,f,44,GBR,2
2023,disability.pension,employees,m,39,VEN,2
2023,disability.pension,employees,f,26,TUR,10
2023,disability.pension,employees,f,34,AGO,2
2023,disability.pension,employees,f,68,VNM,7
2023,disability.pension,employees,m,43,CUB,2
2023,disability.pension,employees,f,29,ESP,6
2023,disability.pension,employees,m,41,ARM,6
2023,disability.pension,employees,f,22,BGR,2
2023,disability.pension,employees,f,49,JPN,4
2023,disability.pension,employees,m,62,PHL,5
2023,disability.pension,employees,m,25,MNG,7
2023,disability.pension,employees,m,59,USA,8
2023,disability.pension,employees,f,34,ECU,2
2023,disability.pension,employees,m,64,UZB,1
2023,disability.pension,employees,m,61,YEM,1
2023,disability.pension,employees,f,27,LVA,2
2023,disability.pension,employees,f,32,CHN,42
2023,disability.pension,employees,m,38,NPL,6
2023,disability.pension,employees,f,50,ZAF,3
2023,disability.pension,employees,f,37,NGA,7
2023,disability.pension,employees,m,65,ZMB,1
2023,disability.pension,employees,m,16,VNM,2
2023,disability.pension,employees,f,50,CZE,8
2023,disability.pension,employees,f,37,AUT,3
2023,disability.pension,employees,f,57,PAK,1
2023,disability.pension,employees,f,35,IND,10
2023,disability.pension,employees,m,40,PAK,3
2023,disability.pension,employees,f,29,PAK,8
2023,disability.pension,employees,f,65,CHE,1
2023,disability.pension,employees,f,61,THA,5
2023,disability.pension,employees,f,62,THA,2
2023,disability.pension,employees,f,36,ETH,1
2023,disability.pension,employees,m,34,BEN,1
2023,disability.pension,employees,m,31,MAR,3
2023,disability.pension,employees,m,30,PSE,3
2023,disability.pension,employees,f,45,DZA,1
2023,disability.pension,employees,f,29,NGA,33
2023,disability.pension,employees,f,32,UKR,3
2023,disability.pension,employees,m,28,ITA,16
2023,disability.pension,employees,m,41,VNM,12
2023,disability.pension,employees,m,64,EST,1
2023,disability.pension,employees,m,32,TGO,3
2023,disability.pension,employees,m,66,ISR,3
2023,disability.pension,employees,f,28,LVA,11
2023,disability.pension,employees,f,65,KAZ,2
2023,disability.pension,employees,m,61,DEU,8
2023,disability.pension,employees,f,48,LTU,12
2023,disability.pension,employees,m,54,USA,6
2023,disability.pension,employees,m,44,ISR,6
2023,disability.pension,employees,f,56,ROU,24
2023,disability.pension,employees,m,41,IRN,18
2023,disability.pension,employees,f,24,AFG,2
2023,disability.pension,employees,m,20,PAK,3
2023,disability.pension,employees,f,43,PRT,9
2023,disability.pension,employees,m,40,UKR,2
2023,disability.pension,employees,m,36,UGA,5
2023,disability.pension,employees,m,61,IRL,4
2023,disability.pension,employees,m,48,ETH,1
2023,disability.pension,employees,m,44,ETH,1
2023,disability.pension,employees,m,50,ETH,1
2023,disability.pension,employees,m,40,NER,3
2023,disability.pension,employees,f,37,GHA,3
2023,disability.pension,employees,f,34,NZL,1
2023,disability.pension,employees,f,36,SYR,3
2023,disability.pension,employees,m,39,ITA,4
2023,disability.pension,employees,m,36,UKR,2
2023,disability.pension,employees,m,40,AGO,2
2023,disability.pension,employees,m,39,MKD,3
2023,disability.pension,employees,m,34,ARM,4
2023,disability.pension,employees,m,36,NER,5
2023,disability.pension,employees,m,35,NPL,3
2023,disability.pension,employees,m,30,RUS,4
2023,disability.pension,employees,m,37,ARM,3
2023,disability.pension,employees,m,34,LBN,2
2023,disability.pension,employees,m,62,CYP,2
2023,disability.pension,employees,m,29,RUS,3
2023,disability.pension,employees,m,34,FRA,6
2023,disability.pension,employees,m,50,NER,1
2023,disability.pension,employees,m,36,TUN,3
2023,disability.pension,employees,m,29,KEN,3
2023,disability.pension,employees,m,29,TUN,4
2023,disability.pension,employees,m,36,TUR,10
2023,disability.pension,employees,m,31,JOR,2
2023,disability.pension,employees,m,48,BLR,3
2023,disability.pension,employees,m,34,UKR,2
2023,disability.pension,employees,m,35,MAR,6
2023,disability.pension,employees,m,32,GMB,3
2023,disability.pension,employees,m,49,LBN,3
2023,disability.pension,employees,m,24,RUS,10
2023,disability.pension,employees,m,32,DZA,8
2023,disability.pension,employees,m,34,IRQ,2
2023,disability.pension,employees,m,42,NGA,2
2023,disability.pension,employees,m,48,RUS,2
2023,disability.pension,employees,m,34,RWA,13
2023,disability.pension,employees,m,39,ROU,16
2023,disability.pension,employees,m,31,ZWE,10
2023,disability.pension,employees,m,35,NGA,3
2023,disability.pension,employees,m,33,RWA,6
2023,disability.pension,employees,m,30,SVN,2
2023,disability.pension,employees,m,29,ZWE,10
2023,disability.pension,employees,m,36,JOR,2
2023,disability.pension,employees,m,30,NGA,4
2023,disability.pension,employees,m,64,MNG,2
2023,disability.pension,employees,m,33,RWA,31
2023,disability.pension,employees,m,29,AFG,23
2023,disability.pension,employees,m,28,ZWE,3
2023,disability.pension,employees,m,28,TZA,7
2023,disability.pension,employees,m,32,NER,7
2023,disability.pension,employees,m,29,NGA,28
2023,disability.pension,employees,m,37,ETH,2
2023,disability.pension,employees,m,4,TUR,1
2023,disability.pension,employees,m,30,GMB,2
2023,disability.pension,employees,m,26,ZWE,6
2023,disability.pension,employees,m,46,ZWE,2
2023,disability.pension,employees,m,48,SLV,2
2023,disability.pension,employees,m,28,YEM,2
2023,disability.pension,employees,m,50,LVA,6
2023,disability.pension,employees,m,27,UKR,4
2023,disability.pension,employees,m,29,MAR,8
2023,disability.pension,employees,m,35,AGO,2
2023,disability.pension,employees,m,32,RWA,17
2023,disability.pension,employees,m,20,NOR,1
2023,disability.pension,employees,m,38,LBN,2
2023,disability.pension,employees,m,27,LBN,18
2023,disability.pension,employees,m,33,IND,6
2023,disability.pension,employees,m,21,LBN,2
2023,disability.pension,employees,m,27,PAK,3
2023,disability.pension,employees,m,27,ROU,10
2023,disability.pension,employees,m,33,TKM,12
2023,disability.pension,employees,m,27,ETH,6
2023,disability.pension,employees,f,38,MAR,4
2023,disability.pension,employees,m,41,CUB,12
2023,disability.pension,employees,m,26,JOR,13
2023,disability.pension,employees,m,36,BRA,61
2023,disability.pension,employees,m,52,LBN,2
2023,disability.pension,employees,f,43,ALB,2
2023,disability.pension,employees,m,26,YEM,3
2023,disability.pension,employees,m,34,ETH,7
2023,disability.pension,employees,m,45,MNG,2
2023,disability.pension,employees,m,36,AFG,4
2023,disability.pension,employees,f,47,CAN,2
2023,disability.pension,employees,m,52,NGA,2
2023,disability.pension,employees,f,38,TWN,2
2023,disability.pension,employees,m,53,CHN,31
2023,disability.pension,employees,m,30,CHN,71
2023,disability.pension,employees,f,39,BIH,3
2023,disability.pension,employees,f,59,CUB,2
2023,disability.pension,employees,f,41,CMR,4
2023,disability.pension,employees,m,45,CMR,4
2023,disability.pension,employees,m,35,UGA,5
2023,disability.pension,employees,m,41,UGA,6
2023,disability.pension,employees,m,38,SVN,6
2023,disability.pension,employees,m,63,IRN,1
2023,disability.pension,employees,f,38,ISR,1
2023,disability.pension,employees,f,42,HUN,2
2023,disability.pension,employees,m,34,BLR,8
2023,disability.pension,employees,m,37,DNK,6
2023,disability.pension,employees,m,26,IND,15
2023,disability.pension,employees,m,50,USA,2
2023,disability.pension,employees,f,46,FRA,8
2023,disability.pension,employees,f,43,UKR,20
2023,disability.pension,employees,f,32,NIC,2
2023,disability.pension,employees,m,30,PER,13
2023,disability.pension,employees,m,47,EST,1
2023,disability.pension,employees,f,35,MYS,2
2023,disability.pension,employees,f,43,MKD,1
2023,disability.pension,employees,m,51,CHE,2
2023,disability.pension,employees,m,32,JPN,8
2023,disability.pension,employees,m,70,TZA,1
2023,disability.pension,employees,m,42,GUY,1
2023,disability.pension,employees,m,50,BRA,2
2023,disability.pension,employees,m,49,KEN,2
2023,disability.pension,employees,m,37,BIH,5
2023,disability.pension,employees,m,35,BRA,6
2023,disability.pension,employees,f,39,CZE,11
2023,disability.pension,employees,f,29,NLD,3
2023,disability.pension,employees,m,48,MKD,4
2023,disability.pension,employees,f,32,LTU,4
2023,disability.pension,employees,m,46,MKD,5
2023,disability.pension,employees,f,36,LTU,2
2023,disability.pension,employees,f,52,SWE,3
2023,disability.pension,employees,m,46,AFG,2
2023,disability.pension,employees,m,24,PHL,16
2023,disability.pension,employees,f,33,PHL,9
2023,disability.pension,employees,f,37,ZMB,2
2023,disability.pension,employees,m,37,FRA,2
2023,disability.pension,employees,m,30,KEN,8
2023,disability.pension,employees,f,40,ESP,9
2023,disability.pension,employees,m,54,AFG,2
2023,disability.pension,employees,m,56,UKR,2
2023,disability.pension,employees,f,23,FIN,1
2023,disability.pension,employees,m,42,ESP,6
2023,disability.pension,employees,m,51,NPL,2
2023,disability.pension,employees,f,31,ZWE,2
2023,disability.pension,employees,f,37,IRN,4
2023,disability.pension,employees,f,78,AUT,1
2023,disability.pension,employees,m,37,KEN,2
2023,disability.pension,employees,f,35,IRN,3
2023,disability.pension,employees,m,59,TJK,3
2023,disability.pension,employees,m,54,TJK,3
2023,disability.pension,employees,f,62,ESP,3
2023,disability.pension,employees,m,43,NOR,3
2023,disability.pension,employees,m,75,HRV,2
2023,disability.pension,employees,f,54,MUS,1
2023,disability.pension,employees,m,51,USA,6
2023,disability.pension,employees,m,28,MMR,1
2023,disability.pension,employees,f,55,CUB,2
2023,disability.pension,employees,m,36,ZWE,12
2023,disability.pension,employees,f,23,ZWE,6
2023,disability.pension,employees,f,32,VNM,6
2023,disability.pension,employees,m,21,MNG,3
2023,disability.pension,employees,m,46,RWA,1
2023,disability.pension,employees,m,41,RWA,5
2023,disability.pension,employees,m,30,PSE,7
2023,disability.pension,employees,m,45,TUN,11
2023,disability.pension,employees,m,41,USA,4
2023,disability.pension,employees,m,20,RUS,6
2023,disability.pension,employees,f,33,IDN,8
2023,disability.pension,employees,f,36,IDN,4
2023,disability.pension,employees,f,38,IDN,4
2023,disability.pension,employees,m,43,NLD,6
2023,disability.pension,employees,m,72,GRC,3
2023,disability.pension,employees,m,28,CHL,2
2023,disability.pension,employees,m,66,CHN,7
2023,disability.pension,employees,m,39,IRQ,2
2023,disability.pension,employees,m,40,LVA,12
2023,disability.pension,employees,m,72,ARM,1
2023,disability.pension,employees,m,65,MKD,2
2023,disability.pension,employees,f,25,MNG,7
2023,disability.pension,employees,f,33,SYR,4
2023,disability.pension,employees,f,35,SYR,5
2023,disability.pension,employees,m,39,HRV,5
2023,disability.pension,employees,f,21,TJK,6
2023,disability.pension,employees,m,48,NOR,4
2023,disability.pension,employees,f,35,TKM,11
2023,disability.pension,employees,m,34,CHE,5
2023,disability.pension,employees,m,34,KOR,12
2023,disability.pension,employees,f,57,KGZ,2
2023,disability.pension,employees,m,41,ROU,2
2023,disability.pension,employees,m,42,MYS,3
2023,disability.pension,employees,m,59,LVA,5
2023,disability.pension,employees,f,51,ROU,12
2023,disability.pension,employees,f,47,ZWE,2
2023,disability.pension,employees,m,33,UKR,10
2023,disability.pension,employees,f,43,KEN,2
2023,disability.pension,employees,f,35,RUS,20
2023,disability.pension,employees,m,25,HTI,1
2023,disability.pension,employees,f,28,UKR,3
2023,disability.pension,employees,f,44,LKA,2
2023,disability.pension,employees,m,58,IND,17
2023,disability.pension,employees,m,35,SGP,1
2023,disability.pension,employees,m,44,ISR,4
2023,disability.pension,employees,m,42,IRN,2
2023,disability.pension,employees,m,57,ISR,4
2023,disability.pension,employees,f,40,PRT,2
2023,disability.pension,employees,m,42,PHL,44
2023,disability.pension,employees,m,52,CYP,3
2023,disability.pension,employees,f,42,ESP,9
2023,disability.pension,employees,f,38,URY,1
2023,disability.pension,employees,m,23,LVA,21
2023,disability.pension,employees,m,55,LVA,7
2023,disability.pension,employees,m,60,PRT,4
2023,disability.pension,employees,m,59,SWE,6
2023,disability.pension,employees,m,27,CMR,4
2023,disability.pension,employees,m,20,VNM,2
2023,disability.pension,employees,m,42,COG,3
2023,disability.pension,employees,m,44,MMR,1
2023,disability.pension,employees,f,23,ALB,4
2023,disability.pension,employees,f,22,ISR,1
2023,disability.pension,employees,m,27,LVA,2
2023,disability.pension,employees,m,41,SVN,2
2023,disability.pension,employees,f,47,SVK,15
2023,disability.pension,employees,m,25,PAK,4
2023,disability.pension,employees,f,38,MAR,2
2023,disability.pension,employees,f,31,DEU,2
2023,disability.pension,employees,m,41,GMB,4
2023,disability.pension,employees,f,22,TJK,5
2023,disability.pension,employees,m,69,BGR,5
2023,disability.pension,employees,m,21,NOR,2
2023,disability.pension,employees,m,29,ZAF,10
2023,disability.pension,employees,f,27,ZAF,5
2023,disability.pension,employees,m,41,BLR,12
2023,disability.pension,employees,m,59,ROU,18
2023,disability.pension,employees,m,32,PHL,38
2023,disability.pension,employees,f,25,PHL,16
2023,disability.pension,employees,f,24,HUN,5
2023,disability.pension,employees,f,36,UGA,7
2023,disability.pension,employees,m,20,MAR,8
2023,disability.pension,employees,m,35,GHA,8
2023,disability.pension,employees,f,57,ARG,2
2023,disability.pension,employees,m,19,UZB,2
2023,disability.pension,employees,m,22,CZE,2
2023,disability.pension,employees,m,42,ISR,7
2023,disability.pension,employees,f,32,CHN,10
2023,disability.pension,employees,f,66,UKR,30
2023,disability.pension,employees,f,56,UKR,12
2023,disability.pension,employees,m,43,JOR,5
2023,disability.pension,employees,f,51,AUT,1
2023,disability.pension,employees,m,56,TUN,2
2023,disability.pension,employees,f,64,BGR,5
2023,disability.pension,employees,m,69,CZE,5
2023,disability.pension,employees,m,55,YEM,3
2023,disability.pension,employees,m,60,CZE,6
2023,disability.pension,employees,f,33,GBR,2
2023,disability.pension,employees,f,52,CZE,4
2023,disability.pension,employees,m,52,GRC,3
2023,disability.pension,employees,f,33,KAZ,3
2023,disability.pension,employees,f,68,BGR,5
2023,disability.pension,employees,m,53,BIH,2
2023,disability.pension,employees,m,65,CUB,1
2023,disability.pension,employees,m,68,EGY,1
2023,disability.pension,employees,m,41,BLR,3
2023,disability.pension,employees,f,37,DOM,1
2023,disability.pension,employees,m,68,SWE,2
2023,disability.pension,employees,f,44,SDN,1
2023,disability.pension,employees,f,34,SYR,2
2023,disability.pension,employees,m,42,LKA,20
2023,disability.pension,employees,f,76,DEU,4
2023,disability.pension,employees,m,48,ITA,10
2023,disability.pension,employees,f,57,MNG,2
2023,disability.pension,employees,f,59,MNG,2
2023,disability.pension,employees,f,33,MNG,8
2023,disability.pension,employees,m,64,MKD,1
2023,disability.pension,employees,m,49,IRL,6
2023,disability.pension,employees,m,67,KOR,1
2023,disability.pension,employees,m,16,ARM,1
2023,disability.pension,employees,f,32,MKD,2
2023,disability.pension,employees,f,50,UKR,2
2023,disability.pension,employees,m,48,ARM,6
2023,disability.pension,employees,m,66,USA,9
2023,disability.pension,employees,f,68,MDA,2
2023,disability.pension,employees,f,46,MDA,16
2023,disability.pension,employees,m,33,DOM,2
2023,disability.pension,employees,m,22,BOL,1
2023,disability.pension,employees,m,38,BOL,2
2023,disability.pension,employees,m,71,GRC,1
2023,disability.pension,employees,f,54,ESP,4
2023,disability.pension,employees,m,58,TUN,1
2023,disability.pension,employees,m,61,USA,17
2023,disability.pension,employees,m,59,SVN,1
2023,disability.pension,employees,m,57,HRV,2
2023,disability.pension,employees,m,49,PSE,1
2023,disability.pension,employees,f,17,MDA,3
2023,disability.pension,employees,m,66,SVN,1
2023,disability.pension,employees,m,47,JOR,2
2023,disability.pension,employees,m,48,JOR,2
2023,disability.pension,employees,m,52,BRA,3
2023,disability.pension,employees,f,31,BLR,9
2023,disability.pension,employees,m,51,TUN,1
2023,disability.pension,employees,f,24,TUR,2
2023,disability.pension,employees,m,26,RWA,6
2023,disability.pension,employees,m,23,KEN,11
2023,disability.pension,employees,m,68,AUT,2
2023,disability.pension,employees,f,57,UKR,12
2023,disability.pension,employees,m,36,COG,2
2023,disability.pension,employees,f,29,AZE,6
2023,disability.pension,employees,m,30,MYS,3
2023,disability.pension,employees,f,29,ALB,2
2023,disability.pension,employees,m,55,THA,6
2023,disability.pension,employees,m,25,THA,7
2023,disability.pension,employees,m,27,THA,5
2023,disability.pension,employees,f,76,SWE,1
2023,disability.pension,employees,f,30,SVK,25
2023,disability.pension,employees,f,69,RUS,7
2023,disability.pension,employees,m,40,ESP,2
2023,disability.pension,employees,m,55,UKR,20
2023,disability.pension,employees,f,26,BWA,2
2023,disability.pension,employees,f,41,RUS,12
2023,disability.pension,employees,m,46,DEU,6
2023,disability.pension,employees,m,49,SVN,3
2023,disability.pension,employees,f,35,KEN,9
2023,disability.pension,employees,m,38,JOR,2
2023,disability.pension,employees,m,72,USA,5
2023,disability.pension,employees,m,51,GRC,4
2023,disability.pension,employees,m,46,GRC,17
2023,disability.pension,employees,m,58,BEL,8
2023,disability.pension,employees,m,63,VEN,1
2023,disability.pension,employees,m,40,SWE,5
2023,disability.pension,employees,f,26,URY,2
2023,disability.pension,employees,f,29,CRI,2
2023,disability.pension,employees,f,33,UKR,10
2023,disability.pension,employees,m,28,UKR,2
2023,disability.pension,employees,m,55,KOR,4
2023,disability.pension,employees,f,20,UKR,2
2023,disability.pension,employees,m,65,KAZ,2
2023,disability.pension,employees,m,63,CUB,2
2023,disability.pension,employees,m,75,MKD,2
2023,disability.pension,employees,m,54,CUB,4
2023,disability.pension,employees,f,51,CUB,1
2023,disability.pension,employees,f,94,RUS,1
2023,disability.pension,employees,m,44,ZAF,5
2023,disability.pension,employees,f,45,GBR,3
2023,disability.pension,employees,m,52,CAN,3
2023,disability.pension,employees,f,62,MNG,3
2023,disability.pension,employees,m,60,NOR,3
2023,disability.pension,employees,m,29,PSE,4
2023,disability.pension,employees,f,64,KOR,3
2023,disability.pension,employees,f,38,SVK,2
2023,disability.pension,employees,m,69,IRL,2
2023,disability.pension,employees,m,28,MNG,6
2023,disability.pension,employees,m,41,PSE,1
2023,disability.pension,employees,m,41,SYR,6
2023,disability.pension,employees,f,57,KOR,3
2023,disability.pension,employees,m,28,IRN,3
2023,disability.pension,employees,m,23,AZE,10
2023,disability.pension,employees,m,48,UGA,2
2023,disability.pension,employees,f,34,UKR,12
2023,disability.pension,employees,m,44,MNG,4
2023,disability.pension,employees,m,50,NOR,1
2023,disability.pension,employees,m,40,UKR,24
2023,disability.pension,employees,m,34,HUN,4
2023,disability.pension,employees,m,45,KOR,6
2023,disability.pension,employees,m,43,DNK,5
2023,disability.pension,employees,m,44,SEN,1
2023,disability.pension,employees,m,40,EST,2
2023,disability.pension,employees,m,64,LBN,2
2023,disability.pension,employees,m,65,IRL,2
2023,disability.pension,employees,m,53,GRC,6
2023,disability.pension,employees,m,35,MLT,1
2023,disability.pension,employees,f,32,CMR,4
2023,disability.pension,employees,m,28,AGO,16
2023,disability.pension,employees,f,31,ROU,14
2023,disability.pension,employees,m,29,PAK,3
2023,disability.pension,employees,f,67,DEU,3
2023,disability.pension,employees,m,37,BOL,2
2023,disability.pension,employees,m,51,THA,7
2023,disability.pension,employees,f,25,VNM,8
2023,disability.pension,employees,m,56,IRL,2
2023,disability.pension,employees,m,41,ITA,3
2023,disability.pension,employees,m,78,RUS,3
2023,disability.pension,employees,m,33,UKR,24
2023,disability.pension,employees,f,62,KOR,4
2023,disability.pension,employees,m,33,UKR,2
2023,disability.pension,employees,m,50,AFG,2
2023,disability.pension,employees,m,112,UKR,2
2023,disability.pension,employees,f,51,UKR,6
2023,disability.pension,employees,f,46,UKR,6
2023,disability.pension,employees,m,53,AUS,2
2023,disability.pension,employees,m,30,UKR,10
2023,disability.pension,employees,m,32,CUB,4
2023,disability.pension,employees,m,48,SYR,10
2023,disability.pension,employees,m,77,HRV,1
2023,disability.pension,employees,m,40,DEU,4
2023,disability.pension,employees,m,51,BEL,6
2023,disability.pension,employees,m,42,CHN,76
2023,disability.pension,employees,f,41,BLR,2
2023,disability.pension,employees,f,27,AGO,2
2023,disability.pension,employees,f,35,UKR,5
2023,disability.pension,employees,m,57,SWE,7
2023,disability.pension,employees,m,40,IRL,2
2023,disability.pension,employees,m,56,CAN,1
2023,disability.pension,employees,m,39,DZA,4
2023,disability.pension,employees,f,45,LTU,4
2023,disability.pension,employees,f,33,ESP,25
2023,disability.pension,employees,m,48,IRL,8
2023,disability.pension,employees,m,50,SDN,2
2023,disability.pension,employees,f,26,MYS,5
2023,disability.pension,employees,m,39,KOR,17
2023,disability.pension,employees,f,47,UKR,2
2023,disability.pension,employees,f,22,RUS,2
2023,disability.pension,employees,m,33,SYR,2
2023,disability.pension,employees,m,54,DEU,8
2023,disability.pension,employees,m,56,PRT,4
2023,disability.pension,employees,f,75,ITA,1
2023,disability.pension,employees,f,28,HUN,12
2023,disability.pension,employees,m,36,CHE,3
2023,disability.pension,employees,m,36,MAR,6
2023,disability.pension,employees,m,82,UKR,4
2023,disability.pension,employees,f,29,LTU,2
2023,disability.pension,employees,m,26,ISR,5
2023,disability.pension,employees,m,32,ROU,6
2023,disability.pension,employees,m,35,ETH,6
2023,disability.pension,employees,f,31,PAK,13
2023,disability.pension,employees,m,67,NGA,1
2023,disability.pension,employees,f,37,KOR,2
2023,disability.pension,employees,m,27,LTU,4
2023,disability.pension,employees,m,29,UKR,8
2023,disability.pension,employees,f,29,BLR,3
2023,disability.pension,employees,f,29,MDA,20
2023,disability.pension,employees,m,37,NGA,6
2023,disability.pension,employees,m,36,PSE,2
2023,disability.pension,employees,m,40,EGY,4
2023,disability.pension,employees,m,37,CMR,2
2023,disability.pension,employees,f,31,KOR,2
2023,disability.pension,employees,f,35,IRN,4
2023,disability.pension,employees,f,27,NGA,6
2023,disability.pension,employees,f,36,NLD,5
2023,disability.pension,employees,f,24,IRN,2
2023,disability.pension,employees,f,54,ITA,6
2023,disability.pension,employees,f,59,LVA,4
2023,disability.pension,employees,f,54,DEU,10
2023,disability.pension,employees,f,53,FRA,4
2023,disability.pension,employees,f,31,VNM,6
2023,disability.pension,employees,f,40,FRA,12
2023,disability.pension,employees,m,42,AUT,6
2023,disability.pension,employees,m,69,RUS,10
2023,disability.pension,employees,f,27,DZA,2
2023,disability.pension,employees,m,26,JOR,2
2023,disability.pension,employees,m,26,PSE,2
2023,disability.pension,employees,f,28,TZA,8
2023,disability.pension,employees,m,31,JAM,1
2023,disability.pension,employees,m,49,GRC,2
2023,disability.pension,employees,m,32,GRC,2
2023,disability.pension,employees,f,29,NER,3
2023,disability.pension,employees,f,30,ITA,6
2023,disability.pension,employees,m,51,ISR,7
2023,disability.pension,employees,f,51,BLR,3
2023,disability.pension,employees,m,38,EST,5
2023,disability.pension,employees,f,38,IRL,2
2023,disability.pension,employees,f,36,KOR,5
2023,disability.pension,employees,f,29,CHN,57
2023,disability.pension,employees,f,37,ESP,12
2023,disability.pension,employees,f,31,ETH,4
2023,disability.pension,employees,m,31,IRQ,17
2023,disability.pension,employees,m,25,LBY,2
2023,disability.pension,employees,f,27,ETH,10
2023,disability.pension,employees,m,19,LBN,2
2023,disability.pension,employees,m,36,TZA,6
2023,disability.pension,employees,m,25,CYP,2
2023,disability.pension,employees,m,23,AUS,2
2023,disability.pension,employees,f,21,KGZ,9
2023,disability.pension,employees,m,29,BLR,21
2023,disability.pension,employees,f,32,KEN,4
2023,disability.pension,employees,m,21,MMR,2
2023,disability.pension,employees,f,54,KAZ,2
2023,disability.pension,employees,m,35,NLD,25
2023,disability.pension,employees,f,37,ARG,2
2023,disability.pension,employees,f,31,IDN,2
2023,disability.pension,employees,m,41,KOR,4
2023,disability.pension,employees,f,51,KOR,2
2023,disability.pension,employees,f,27,LVA,5
2023,disability.pension,employees,m,68,DEU,6
2023,disability.pension,employees,f,45,USA,4
2023,disability.pension,employees,f,24,AGO,5
2023,disability.pension,employees,m,28,CHE,2
2023,disability.pension,employees,m,24,CHN,28
2023,disability.pension,employees,m,23,PSE,3
2023,disability.pension,employees,f,23,URY,2
2023,disability.pension,employees,f,26,COG,2
2023,disability.pension,employees,m,30,ZAF,3
2023,disability.pension,employees,m,52,LTU,2
2023,disability.pension,employees,f,24,COG,2
2023,disability.pension,employees,f,24,TWN,2
2023,disability.pension,employees,m,30,AUT,6
2023,disability.pension,employees,m,24,BGR,2
2023,disability.pension,employees,f,23,MMR,1
2023,disability.pension,employees,f,36,GBR,9
2023,disability.pension,employees,m,52,KOR,27
2023,disability.pension,employees,m,18,COG,1
2023,disability.pension,employees,m,44,ECU,2
2023,disability.pension,employees,f,24,LTU,4
2023,disability.pension,employees,f,33,RWA,12
2023,disability.pension,employees,m,44,BRA,6
2023,disability.pension,employees,f,20,ZAF,3
2023,disability.pension,employees,f,19,JOR,1
2023,disability.pension,employees,m,18,CAN,1
2023,disability.pension,employees,m,42,KOR,3
2023,disability.pension,employees,f,21,JPN,4
2023,disability.pension,employees,f,36,LBY,1
2023,disability.pension,employees,m,32,MKD,2
2023,disability.pension,employees,m,19,NOR,2
2023,disability.pension,employees,f,55,RUS,6
2023,disability.pension,employees,m,49,KOR,23
2023,disability.pension,employees,m,30,IRQ,13
2023,disability.pension,employees,m,55,IND,6
2023,disability.pension,employees,m,48,GBR,3
2023,disability.pension,employees,m,23,ZAF,4
2023,disability.pension,employees,f,26,USA,2
2023,disability.pension,employees,f,22,USA,1
2023,disability.pension,employees,f,31,ZAF,2
2023,disability.pension,employees,m,33,JOR,14
2023,disability.pension,employees,m,15,VNM,1
2023,disability.pension,employees,m,20,AFG,3
2023,disability.pension,employees,f,66,GBR,2
2023,disability.pension,employees,m,31,NGA,2
2023,disability.pension,employees,f,51,ARG,3
2023,disability.pension,employees,m,48,BOL,1
2023,disability.pension,employees,f,43,NOR,3
2023,disability.pension,employees,f,92,AUS,1
2023,disability.pension,employees,f,41,PAK,1
2023,disability.pension,employees,m,44,IDN,6
2023,disability.pension,employees,m,35,IDN,10
2023,disability.pension,employees,m,55,GRC,5
2023,disability.pension,employees,m,36,CIV,4
2023,disability.pension,employees,m,32,PSE,3
2023,disability.pension,employees,f,72,UKR,2
2023,disability.pension,employees,f,37,CUB,4
2023,disability.pension,employees,m,50,CZE,3
2023,disability.pension,employees,m,46,BLR,4
2023,disability.pension,employees,f,48,NPL,3
2023,disability.pension,employees,m,68,ITA,4
2023,disability.pension,employees,f,51,PRT,2
2023,disability.pension,employees,m,56,AZE,2
2023,disability.pension,employees,m,63,SVK,5
2023,disability.pension,employees,f,28,COL,4
2023,disability.pension,employees,f,37,MEX,11
2023,disability.pension,employees,f,36,HUN,2
2023,disability.pension,employees,m,63,HUN,4
2023,disability.pension,employees,f,40,UKR,52
2023,disability.pension,employees,f,59,FRA,2
2023,disability.pension,employees,m,64,FRA,2
2023,disability.pension,employees,f,30,CHN,45
2023,disability.pension,employees,m,36,PAK,6
2023,disability.pension,employees,f,41,CHN,3
2023,disability.pension,employees,m,35,UKR,64
2023,disability.pension,employees,m,27,FRA,4
2023,disability.pension,employees,f,31,BRA,6
2023,disability.pension,employees,m,66,ITA,2
2023,disability.pension,employees,m,25,MDG,5
2023,disability.pension,employees,f,25,PAN,2
2023,disability.pension,employees,m,27,MKD,2
2023,disability.pension,employees,f,23,BWA,1
2023,disability.pension,employees,m,43,KOR,4
2023,disability.pension,employees,m,40,KOR,25
2023,disability.pension,employees,f,34,PAK,4
2023,disability.pension,employees,f,29,PAK,3
2023,disability.pension,employees,m,59,BGD,2
2023,disability.pension,employees,m,22,NGA,20
2023,disability.pension,employees,m,33,LBN,2
2023,disability.pension,employees,m,34,ESP,10
2023,disability.pension,employees,m,43,ETH,2
2023,disability.pension,employees,m,28,ETH,10
2023,disability.pension,employees,f,33,PAK,5
2023,disability.pension,employees,f,36,PAK,4
2023,disability.pension,employees,m,23,BDI,3
2023,disability.pension,employees,m,69,CHE,2
2023,disability.pension,employees,f,21,MOZ,3
2023,disability.pension,employees,f,28,ETH,21
2023,disability.pension,employees,f,36,IRN,2
2023,disability.pension,employees,f,20,SGP,1
2023,disability.pension,employees,f,35,IRN,8
2023,disability.pension,employees,m,20,PSE,1
2023,disability.pension,employees,m,21,NER,2
2023,disability.pension,employees,f,24,GHA,2
2023,disability.pension,employees,f,24,BLR,6
2023,disability.pension,employees,f,39,GEO,6
2023,disability.pension,employees,f,37,BEL,2
2023,disability.pension,employees,f,17,ARM,1
2023,disability.pension,employees,f,42,CYP,1
2023,disability.pension,employees,m,41,SYR,4
2023,disability.pension,employees,m,67,CAN,2
2023,disability.pension,employees,m,46,IND,46
2023,disability.pension,employees,m,71,SWE,2
2023,disability.pension,employees,m,60,TUR,6
2023,disability.pension,employees,f,30,DEU,4
2023,disability.pension,employees,f,56,BGR,9
2023,disability.pension,employees,m,27,UKR,10
2023,disability.pension,employees,f,21,BGR,4
2023,disability.pension,employees,f,26,UKR,8
2023,disability.pension,employees,m,47,IND,56
2023,disability.pension,employees,f,60,COL,1
2023,disability.pension,employees,m,63,HRV,4
2023,disability.pension,employees,f,46,GEO,22
2023,disability.pension,employees,f,23,DEU,4
2023,disability.pension,employees,m,30,BLR,33
2023,disability.pension,employees,f,39,RUS,2
2023,disability.pension,employees,m,44,SVN,5
2023,disability.pension,employees,m,14,BLR,3
2023,disability.pension,employees,m,62,IRQ,3
2023,disability.pension,employees,m,72,BLR,2
2023,disability.pension,employees,m,35,KAZ,65
2023,disability.pension,employees,m,50,KAZ,6
2023,disability.pension,employees,m,36,FIN,8
2023,disability.pension,employees,f,82,DEU,1
2023,disability.pension,employees,f,64,ISR,1
2023,disability.pension,employees,m,30,ARM,2
2023,disability.pension,employees,m,49,IDN,37
2023,disability.pension,employees,m,47,PHL,34
2023,disability.pension,employees,f,58,AZE,2
2023,disability.pension,employees,m,61,UGA,1
2023,disability.pension,employees,f,41,KOR,8
2023,disability.pension,employees,m,31,BGD,3
2023,disability.pension,employees,f,63,CZE,3
2023,disability.pension,employees,f,52,SVK,8
2023,disability.pension,employees,f,57,SVK,10
2023,disability.pension,employees,f,57,GRC,1
2023,disability.pension,employees,f,38,CUB,6
2023,disability.pension,employees,m,22,CUB,5
2023,disability.pension,employees,f,27,BGD,3
2023,disability.pension,employees,f,56,DEU,7
2023,disability.pension,employees,m,44,FIN,4
2023,disability.pension,employees,m,2,BLR,5
2023,disability.pension,employees,f,53,UKR,4
2023,disability.pension,employees,m,35,HRV,9
2023,disability.pension,employees,m,33,GEO,9
2023,disability.pension,employees,m,40,CUB,5
2023,disability.pension,employees,f,57,TWN,3
2023,disability.pension,employees,f,51,JPN,3
2023,disability.pension,employees,m,55,SVN,2
2023,disability.pension,employees,m,51,VEN,3
2023,disability.pension,employees,m,48,UKR,2
2023,disability.pension,employees,m,49,AUT,6
2023,disability.pension,employees,f,49,TZA,2
2023,disability.pension,employees,m,64,SYR,3
2023,disability.pension,employees,m,37,MEX,2
2023,disability.pension,employees,m,43,PER,2
2023,disability.pension,employees,f,28,ALB,7
2023,disability.pension,employees,m,52,IND,20
2023,disability.pension,employees,m,28,EST,2
2023,disability.pension,employees,m,54,IND,38
2023,disability.pension,employees,f,26,AZE,6
2023,disability.pension,employees,m,16,GBR,2
2023,disability.pension,employees,m,0,VNM,1
2023,disability.pension,employees,m,14,USA,2
2023,disability.pension,employees,f,84,BGR,1
2023,disability.pension,employees,m,54,PAK,5
2023,disability.pension,employees,f,33,JPN,2
2023,disability.pension,employees,m,74,BGR,3
2023,disability.pension,employees,f,34,TJK,4
2023,disability.pension,employees,f,35,TJK,5
2023,disability.pension,employees,f,46,IND,11
2023,disability.pension,employees,f,35,PHL,22
2023,disability.pension,employees,m,35,VEN,2
2023,disability.pension,employees,m,25,LKA,2
2023,disability.pension,employees,f,41,PHL,24
2023,disability.pension,employees,m,29,LKA,19
2023,disability.pension,employees,f,42,LKA,3
2023,disability.pension,employees,m,24,LKA,4
2023,disability.pension,employees,m,33,VEN,2
2023,disability.pension,employees,m,47,LKA,8
2023,disability.pension,employees,m,48,LKA,16
2023,disability.pension,employees,f,54,PER,1
2023,disability.pension,employees,m,23,VEN,2
2023,disability.pension,employees,m,58,VEN,1
2023,disability.pension,employees,f,26,UKR,2
2023,disability.pension,employees,f,35,EST,2
2023,disability.pension,employees,m,53,TKM,2
2023,disability.pension,employees,m,55,TKM,6
2023,disability.pension,employees,f,31,AZE,38
2023,disability.pension,employees,f,37,TKM,9
2023,disability.pension,employees,m,27,NPL,3
2023,disability.pension,employees,f,33,BEL,2
2023,disability.pension,employees,f,28,PHL,12
2023,disability.pension,employees,f,24,VNM,14
2023,disability.pension,employees,m,42,KOR,24
2023,disability.pension,employees,m,56,LVA,5
2023,disability.pension,employees,m,36,LBN,7
2023,disability.pension,employees,f,51,MNG,3
2023,disability.pension,employees,f,51,ESP,6
2023,disability.pension,employees,m,79,SWE,4
2023,disability.pension,employees,m,41,LKA,4
2023,disability.pension,employees,m,35,LKA,10
2023,disability.pension,employees,m,70,GEO,4
2023,disability.pension,employees,f,13,UKR,11
2023,disability.pension,employees,m,64,SEN,2
2023,disability.pension,employees,m,35,PSE,2
2023,disability.pension,employees,m,71,NLD,4
2023,disability.pension,employees,f,15,MDA,2
2023,disability.pension,employees,m,60,TUN,1
2023,disability.pension,employees,f,33,GEO,20
2023,disability.pension,employees,f,61,LKA,1
2023,disability.pension,employees,f,41,UKR,2
2023,disability.pension,employees,f,11,UKR,7
2023,disability.pension,employees,m,55,DEU,4
2023,disability.pension,employees,f,35,KEN,4
2023,disability.pension,employees,f,50,UKR,4
2023,disability.pension,employees,m,37,UKR,4
2023,disability.pension,employees,m,69,UKR,3
2023,disability.pension,employees,f,34,AZE,19
2023,disability.pension,employees,f,45,ZMB,1
2023,disability.pension,employees,f,24,TUN,4
2023,disability.pension,employees,m,76,DNK,2
2023,disability.pension,employees,m,47,SDN,1
2023,disability.pension,employees,m,64,NLD,5
2023,disability.pension,employees,m,23,THA,1
2023,disability.pension,employees,m,37,KEN,3
2023,disability.pension,employees,f,31,BGD,4
2023,disability.pension,employees,m,39,FRA,6
2023,disability.pension,employees,m,41,AFG,8
2023,disability.pension,employees,f,49,HRV,2
2023,disability.pension,employees,m,42,URY,2
2023,disability.pension,employees,m,64,LVA,5
2023,disability.pension,employees,f,42,ZMB,3
2023,disability.pension,employees,f,58,KAZ,5
2023,disability.pension,employees,f,45,SWE,2
2023,disability.pension,employees,f,24,CYP,2
2023,disability.pension,employees,m,42,ARM,2
2023,disability.pension,employees,f,39,UKR,2
2023,disability.pension,employees,f,35,PAK,8
2023,disability.pension,employees,m,45,DNK,4
2023,disability.pension,employees,f,39,GEO,22
2023,disability.pension,employees,f,22,GEO,2
2023,disability.pension,employees,m,33,LVA,4
2023,disability.pension,employees,f,42,UKR,3
2023,disability.pension,employees,f,40,KEN,2
2023,disability.pension,employees,m,83,RUS,2
2023,disability.pension,employees,m,34,UKR,2
2023,disability.pension,employees,f,31,UKR,2
2023,disability.pension,employees,m,71,ISR,2
2023,disability.pension,employees,m,17,GBR,1
2023,disability.pension,employees,m,28,MDG,4
2023,disability.pension,employees,m,32,MDG,2
2023,disability.pension,employees,m,30,MDG,2
2023,disability.pension,employees,m,64,SWE,6
2023,disability.pension,employees,f,66,SWE,1
2023,disability.pension,employees,m,52,DNK,2
2023,disability.pension,employees,f,20,BGR,2
2023,disability.pension,employees,m,25,CZE,10
2023,disability.pension,employees,m,32,ITA,8
2023,disability.pension,employees,m,55,BEL,2
2023,disability.pension,employees,m,21,PSE,1
2023,disability.pension,employees,m,36,IRL,10
2023,disability.pension,employees,m,55,CYP,1
2023,disability.pension,employees,m,71,NLD,2
2023,disability.pension,employees,m,58,CHE,3
2023,disability.pension,employees,m,52,PRT,4
2023,disability.pension,employees,m,64,CHN,2
2023,disability.pension,employees,m,43,MLT,2
2023,disability.pension,employees,m,35,GTM,2
2023,disability.pension,employees,m,29,MDG,3
2023,disability.pension,employees,f,31,IRN,10
2023,disability.pension,employees,f,25,RWA,3
2023,disability.pension,employees,f,25,RWA,4
2023,disability.pension,employees,m,19,VNM,2
2023,disability.pension,employees,m,19,NGA,3
2023,disability.pension,employees,m,20,ECU,2
2023,disability.pension,employees,f,38,GBR,10
2023,disability.pension,employees,m,54,URY,1
2023,disability.pension,employees,f,41,UKR,4
2023,disability.pension,employees,m,18,PHL,1
2023,disability.pension,employees,m,19,PHL,1
2023,disability.pension,employees,m,43,PRT,8
2023,disability.pension,employees,m,58,LTU,7
2023,disability.pension,employees,f,46,AFG,5
2023,disability.pension,employees,m,64,AZE,3
2023,disability.pension,employees,m,63,MKD,1
2023,disability.pension,employees,m,34,LBY,2
2023,disability.pension,employees,m,72,ITA,7
2023,disability.pension,employees,f,56,AGO,1
2023,disability.pension,employees,m,53,IRQ,1
2023,disability.pension,employees,m,47,GMB,1
2023,disability.pension,employees,m,54,MEX,3
2023,disability.pension,employees,m,54,YUG,1
2023,disability.pension,employees,f,49,CHN,29
2023,disability.pension,employees,m,56,CYP,2
2023,disability.pension,employees,m,65,CHN,6
2023,disability.pension,employees,f,62,USA,3
2023,disability.pension,employees,f,51,AZE,2
2023,disability.pension,employees,f,38,FRA,11
2023,disability.pension,employees,f,31,DZA,1
2023,disability.pension,employees,f,59,LTU,8
2023,disability.pension,employees,f,56,SVK,5
2023,disability.pension,employees,f,55,AUS,1
2023,disability.pension,employees,f,39,LKA,3
2023,disability.pension,employees,f,44,IDN,6
2023,disability.pension,employees,f,54,GEO,10
2023,disability.pension,employees,f,47,GEO,30
2023,disability.pension,employees,f,47,GEO,6
2023,disability.pension,employees,f,52,UZB,4
2023,disability.pension,employees,f,36,TZA,2
2023,disability.pension,employees,f,55,BLR,44
2023,disability.pension,employees,m,67,ROU,5
2023,disability.pension,employees,m,50,ZAF,5
2023,disability.pension,employees,f,54,ESP,2
2023,disability.pension,employees,f,55,PHL,3
2023,disability.pension,employees,f,66,LTU,3
2023,disability.pension,employees,m,48,CHN,48
2023,disability.pension,employees,f,54,AZE,7
2023,disability.pension,employees,f,29,MAR,13
2023,disability.pension,employees,f,34,THA,2
2023,disability.pension,employees,m,40,MUS,3
2023,disability.pension,employees,f,28,LTU,2
2023,disability.pension,employees,m,55,DNK,7
2023,disability.pension,employees,m,61,GBR,4
2023,disability.pension,employees,m,17,BGR,4
2023,disability.pension,employees,m,16,BGD,2
2023,disability.pension,employees,m,47,HUN,4
2023,disability.pension,employees,f,60,MNG,1
2023,disability.pension,employees,m,62,DNK,2
2023,disability.pension,employees,f,53,IDN,3
2023,disability.pension,employees,m,67,GBR,2
2023,disability.pension,employees,f,36,COG,3
2023,disability.pension,employees,f,28,COG,3
2023,disability.pension,employees,m,68,SWE,3
2023,disability.pension,employees,m,74,NOR,2
2023,disability.pension,employees,m,52,ARG,2
2023,disability.pension,employees,f,26,SVK,4
2023,disability.pension,employees,f,37,MNG,2
2023,disability.pension,employees,f,41,ESP,10
2023,disability.pension,employees,m,30,CYP,1
2023,disability.pension,employees,f,34,TUR,6
2023,disability.pension,employees,f,39,NOR,2
2023,disability.pension,employees,m,47,ITA,12
2023,disability.pension,employees,m,78,PHL,1
2023,disability.pension,employees,m,66,CHL,2
2023,disability.pension,employees,f,55,ERI,1
2023,disability.pension,employees,m,80,ITA,1
2023,disability.pension,employees,f,56,IRL,3
2023,disability.pension,employees,m,54,UKR,2
2023,disability.pension,employees,m,73,NLD,6
2023,disability.pension,employees,m,0,BLR,8
2023,disability.pension,employees,m,59,IRL,3
2023,disability.pension,employees,m,56,BEL,6
2023,disability.pension,employees,m,50,IDN,14
2023,disability.pension,employees,m,48,BLR,12
2023,disability.pension,employees,f,32,NLD,4
2023,disability.pension,employees,m,55,LTU,3
2023,disability.pension,employees,m,76,IRQ,3
2023,disability.pension,employees,m,32,ESP,3
2023,disability.pension,employees,f,39,MNG,3
2023,disability.pension,employees,m,35,UKR,2
2023,disability.pension,employees,m,44,UKR,2
2023,disability.pension,employees,m,63,FIN,2
2023,disability.pension,employees,f,50,IND,10
2023,disability.pension,employees,f,37,IRQ,2
2023,disability.pension,employees,m,50,PAK,5
2023,disability.pension,employees,f,60,CHN,10
2023,disability.pension,employees,f,20,ROU,2
2023,disability.pension,employees,f,46,SWE,2
2023,disability.pension,employees,m,30,MNG,7
2023,disability.pension,employees,m,48,HRV,4
2023,disability.pension,employees,m,71,AUT,2
2023,disability.pension,employees,m,73,DEU,4
2023,disability.pension,employees,m,26,CHN,46
2023,disability.pension,employees,m,53,CAN,2
2023,disability.pension,employees,f,38,PHL,18
2023,disability.pension,employees,m,59,ESP,5
2023,disability.pension,employees,m,58,RUS,10
2023,disability.pension,employees,m,51,CHN,3
2023,disability.pension,employees,f,16,GEO,1
2023,disability.pension,employees,m,79,DEU,4
2023,disability.pension,employees,m,51,FRA,6
2023,disability.pension,employees,m,59,SYR,5
2023,disability.pension,employees,m,61,VAT,1
2023,disability.pension,employees,m,63,ESP,4
2023,disability.pension,employees,f,30,MNG,3
2023,disability.pension,employees,m,61,CHN,14
2023,disability.pension,employees,f,55,RUS,3
2023,disability.pension,employees,f,38,KGZ,2
2023,disability.pension,employees,m,90,RUS,1
2023,disability.pension,employees,f,39,MEX,7
2023,disability.pension,employees,f,42,CHN,51
2023,disability.pension,employees,f,43,CHN,2
2023,disability.pension,employees,m,43,MDG,2
2023,disability.pension,employees,m,47,CAN,2
2023,disability.pension,employees,f,29,CZE,3
2023,disability.pension,employees,f,26,UKR,2
2023,disability.pension,employees,f,37,ETH,1
2023,disability.pension,employees,f,65,GBR,2
2023,disability.pension,employees,m,50,SVK,2
2023,disability.pension,employees,m,27,DZA,2
2023,disability.pension,employees,m,52,AUS,5
2023,disability.pension,employees,m,28,AFG,6
2023,disability.pension,employees,m,61,SWE,3
2023,disability.pension,employees,f,39,EST,3
2023,disability.pension,employees,m,45,IRQ,2
2023,disability.pension,employees,m,60,IRQ,2
2023,disability.pension,employees,f,25,IRL,2
2023,disability.pension,employees,m,65,ARM,4
2023,disability.pension,employees,m,43,GMB,2
2023,disability.pension,employees,m,51,ALB,7
2023,disability.pension,employees,m,55,TUR,6
2023,disability.pension,employees,m,65,VNM,2
2023,disability.pension,employees,f,40,UZB,4
2023,disability.pension,employees,m,39,DEU,4
2023,disability.pension,employees,f,24,VAT,1
2023,disability.pension,employees,f,60,ITA,3
2023,disability.pension,employees,m,73,ARM,1
2023,disability.pension,employees,f,63,JOR,3
2023,disability.pension,employees,m,50,AUS,1
2023,disability.pension,employees,f,32,DZA,1
2023,disability.pension,employees,f,24,MAR,14
2023,disability.pension,employees,f,24,KGZ,15
2023,disability.pension,employees,f,27,EGY,4
2023,disability.pension,employees,f,20,IND,2
2023,disability.pension,employees,m,56,PHL,4
2023,disability.pension,employees,m,60,KGZ,3
2023,disability.pension,employees,m,51,DEU,4
2023,disability.pension,employees,m,52,PSE,2
2023,disability.pension,employees,f,53,ARG,2
2023,disability.pension,employees,m,42,ITA,3
2023,disability.pension,employees,m,54,AUT,2
2023,disability.pension,employees,f,37,MKD,3
2023,disability.pension,employees,m,73,FRA,2
2023,disability.pension,employees,f,72,COL,1
2023,disability.pension,employees,f,30,SAU,1
2023,disability.pension,employees,m,70,ISR,1
2023,disability.pension,employees,m,65,ISR,2
2023,disability.pension,employees,f,48,LKA,2
2023,disability.pension,employees,f,61,ESP,4
2023,disability.pension,employees,m,70,BLR,2
2023,disability.pension,employees,m,37,SYR,2
2023,disability.pension,employees,m,33,GBR,2
2023,disability.pension,employees,m,50,BGD,3
2023,disability.pension,employees,f,96,USA,2
2023,disability.pension,employees,m,42,GHA,3
2023,disability.pension,employees,f,54,DEU,2
2023,disability.pension,employees,f,49,IND,9
2023,disability.pension,employees,m,64,MNG,2
2023,disability.pension,employees,f,34,MNG,2
2023,disability.pension,employees,f,66,JPN,1
2023,disability.pension,employees,f,48,GEO,22
2023,disability.pension,employees,m,53,MLT,1
2023,disability.pension,employees,f,42,USA,2
2023,disability.pension,employees,m,47,AUT,4
2023,disability.pension,employees,f,47,IND,8
2023,disability.pension,employees,f,50,HRV,1
2023,disability.pension,employees,m,73,BGR,3
2023,disability.pension,employees,f,34,GTM,6
2023,disability.pension,employees,f,37,KAZ,3
2023,disability.pension,employees,f,26,ROU,41
2023,disability.pension,employees,m,48,GRC,2
2023,disability.pension,employees,m,24,ARM,2
2023,disability.pension,employees,m,45,LVA,15
2023,disability.pension,employees,m,46,EST,3
2023,disability.pension,employees,m,60,CHL,2
2023,disability.pension,employees,f,40,RUS,8
2023,disability.pension,employees,f,36,AUT,1
2023,disability.pension,employees,m,37,BOL,2
2023,disability.pension,employees,f,50,TKM,4
2023,disability.pension,employees,m,36,BGR,6
2023,disability.pension,employees,m,47,CHE,2
2023,disability.pension,employees,f,75,USA,3
2023,disability.pension,employees,m,63,CHN,5
2023,disability.pension,employees,f,40,MAR,2
2023,disability.pension,employees,f,21,AZE,4
2023,disability.pension,employees,m,22,MNG,5
2023,disability.pension,employees,f,38,AUT,2
2023,disability.pension,employees,m,68,LTU,2
2023,disability.pension,employees,m,45,JPN,7
2023,disability.pension,employees,m,49,RUS,10
2023,disability.pension,employees,m,65,CAN,1
2023,disability.pension,employees,f,26,PER,8
2023,disability.pension,employees,f,45,FIN,3
2023,disability.pension,employees,f,55,DEU,8
2023,disability.pension,employees,f,28,SVN,3
2023,disability.pension,employees,f,29,TJK,3
2023,disability.pension,employees,m,41,MKD,6
2023,disability.pension,employees,m,37,UKR,6
2023,disability.pension,employees,m,42,UKR,7
2023,disability.pension,employees,f,48,UKR,3
2023,disability.pension,employees,m,18,UKR,20
2023,disability.pension,employees,f,51,KGZ,1
2023,disability.pension,employees,m,38,VAT,1
2023,disability.pension,employees,m,35,EST,2
2023,disability.pension,employees,m,55,NOR,3
2023,disability.pension,employees,m,29,ZMB,3
2023,disability.pension,employees,m,50,MNG,5
2023,disability.pension,employees,m,30,TUR,3
2023,disability.pension,employees,f,39,TWN,3
2023,disability.pension,employees,m,40,FRA,4
2023,disability.pension,employees,m,39,MNG,1
2023,disability.pension,employees,m,33,ISR,6
2023,disability.pension,employees,m,53,ITA,3
2023,disability.pension,employees,m,42,CAN,3
2023,disability.pension,employees,f,34,ITA,2
2023,disability.pension,employees,m,56,SWE,7
2023,disability.pension,employees,f,52,UKR,2
2023,disability.pension,employees,m,68,FRA,3
2023,disability.pension,employees,f,36,LKA,3
2023,disability.pension,employees,f,42,UKR,4
2023,disability.pension,employees,m,42,BLR,18
2023,disability.pension,employees,m,45,CHN,2
2023,disability.pension,employees,f,56,PHL,7
2023,disability.pension,employees,f,64,SYR,2
2023,disability.pension,employees,m,35,CHN,4
2023,disability.pension,employees,m,75,CHN,1
2023,disability.pension,employees,f,20,AGO,1
2023,disability.pension,employees,f,20,USA,1
2023,disability.pension,employees,f,27,DEU,4
2023,disability.pension,employees,m,47,JPN,9
2023,disability.pension,employees,f,35,AUT,4
2023,disability.pension,employees,f,50,FRA,7
2023,disability.pension,employees,m,44,KOR,24
2023,disability.pension,employees,m,22,PAN,1
2023,disability.pension,employees,m,52,IRN,3
2023,disability.pension,employees,m,40,TUN,3
2023,disability.pension,employees,m,41,TKM,3
2023,disability.pension,employees,m,44,BOL,2
2023,disability.pension,employees,m,51,CHN,2
2023,disability.pension,employees,f,37,UKR,30
2023,disability.pension,employees,f,35,IRQ,4
2023,disability.pension,employees,f,19,CRI,1
2023,disability.pension,employees,m,42,ISR,2
2023,disability.pension,employees,m,50,KOR,6
2023,disability.pension,employees,f,24,SYR,2
2023,disability.pension,employees,f,48,CYP,1
2023,disability.pension,employees,f,33,TUN,2
2023,disability.pension,employees,f,38,UZB,2
2023,disability.pension,employees,f,45,UKR,2
2023,disability.pension,employees,m,47,UKR,2
2023,disability.pension,employees,f,25,MAR,10
2023,disability.pension,employees,f,19,THA,1
2023,disability.pension,employees,m,38,AUT,6
2023,disability.pension,employees,m,41,TKM,2
2023,disability.pension,employees,f,39,IND,3
2023,disability.pension,employees,f,27,TUR,10
2023,disability.pension,employees,f,52,DEU,2
2023,disability.pension,employees,f,23,ITA,13
2023,disability.pension,employees,m,26,IRQ,8
2023,disability.pension,employees,m,54,ZMB,1
2023,disability.pension,employees,m,31,UKR,2
2023,disability.pension,employees,f,69,KAZ,1
2023,disability.pension,employees,m,52,ITA,2
2023,disability.pension,employees,f,25,BEL,2
2023,disability.pension,employees,m,90,LVA,1
2023,disability.pension,employees,m,51,URY,2
2023,disability.pension,employees,f,40,KGZ,9
2023,disability.pension,employees,f,58,HRV,2
2023,disability.pension,employees,f,38,LTU,4
2023,disability.pension,employees,f,33,MKD,3
2023,disability.pension,employees,m,35,UKR,2
2023,disability.pension,employees,f,22,ARM,6
2023,disability.pension,employees,f,28,IRL,1
2023,disability.pension,employees,f,26,AGO,2
2023,disability.pension,employees,f,28,EST,1
2023,disability.pension,employees,f,18,ZWE,1
2023,disability.pension,employees,f,25,AZE,4
2023,disability.pension,employees,f,21,BRA,1
2023,disability.pension,employees,f,48,ROU,30
2023,disability.pension,employees,f,50,KOR,3
2023,disability.pension,employees,m,78,BGR,1
2023,disability.pension,employees,f,49,MDA,3
2023,disability.pension,employees,m,82,USA,5
2023,disability.pension,employees,m,48,UKR,32
2023,disability.pension,employees,m,25,GHA,4
2023,disability.pension,employees,f,29,MNG,8
2023,disability.pension,employees,m,67,EST,2
2023,disability.pension,employees,m,15,RUS,3
2023,disability.pension,employees,m,54,YEM,2
2023,disability.pension,employees,m,70,HRV,2
2023,disability.pension,employees,f,37,GTM,2
2023,disability.pension,employees,m,65,IND,7
2023,disability.pension,employees,f,14,AFG,1
2023,disability.pension,employees,f,33,AZE,4
2023,disability.pension,employees,f,44,LTU,4
2023,disability.pension,employees,f,53,RUS,8
2023,disability.pension,employees,f,47,MNG,3
2023,disability.pension,employees,m,42,KEN,4
2023,disability.pension,employees,m,39,UKR,2
2023,disability.pension,employees,f,33,AZE,28
2023,disability.pension,employees,m,64,TZA,1
2023,disability.pension,employees,m,66,NLD,2
2023,disability.pension,employees,m,48,NLD,2
2023,disability.pension,employees,f,49,SWE,3
2023,disability.pension,employees,m,34,ARM,3
2023,disability.pension,employees,m,43,LBY,2
2023,disability.pension,employees,m,38,LBY,3
2023,disability.pension,employees,m,35,RWA,12
2023,disability.pension,employees,f,33,AFG,2
2023,disability.pension,employees,m,43,ESP,4
2023,disability.pension,employees,m,58,SWE,2
2023,disability.pension,employees,f,45,AUS,2
2023,disability.pension,employees,f,44,VNM,4
2023,disability.pension,employees,m,28,MAR,12
2023,disability.pension,employees,f,32,IND,10
2023,disability.pension,employees,f,44,RUS,12
2023,disability.pension,employees,m,25,GIN,1
2023,disability.pension,employees,m,32,LKA,2
2023,disability.pension,employees,m,47,IRN,4
2023,disability.pension,employees,m,32,COG,10
2023,disability.pension,employees,f,73,DEU,2
2023,disability.pension,employees,f,22,AGO,2
2023,disability.pension,employees,m,28,ZWE,4
2023,disability.pension,employees,f,49,AFG,7
2023,disability.pension,employees,f,68,DEU,1
2023,disability.pension,employees,m,20,COG,2
2023,disability.pension,employees,m,48,GRC,7
2023,disability.pension,employees,m,23,BEL,6
2023,disability.pension,employees,f,34,KEN,5
2023,disability.pension,employees,f,47,GRC,3
2023,disability.pension,employees,f,29,ZMB,2
2023,disability.pension,employees,f,51,CZE,5
2023,disability.pension,employees,m,76,UKR,10
2023,disability.pension,employees,m,52,URY,1
2023,disability.pension,employees,m,55,ETH,2
2023,disability.pension,employees,f,86,DEU,2
2023,disability.pension,employees,m,35,ITA,12
2023,disability.pension,employees,m,34,MNG,6
2023,disability.pension,employees,m,55,AZE,4
2023,disability.pension,employees,f,77,RUS,5
2023,disability.pension,employees,f,15,ITA,2
2023,disability.pension,employees,m,70,MKD,1
2023,disability.pension,employees,f,76,USA,4
2023,disability.pension,employees,m,77,MDA,1
2023,disability.pension,employees,m,48,VGB,1
2023,disability.pension,employees,f,34,AUT,5
2023,disability.pension,employees,m,30,AUS,6
2023,disability.pension,employees,m,60,LBY,2
2023,disability.pension,employees,m,27,LTU,3
2023,disability.pension,employees,f,73,UKR,4
2023,disability.pension,employees,f,34,MYS,2
2023,disability.pension,employees,f,55,CHN,23
2023,disability.pension,employees,m,37,ETH,3
2023,disability.pension,employees,f,30,KOR,3
2023,disability.pension,employees,m,60,MKD,1
2023,disability.pension,employees,m,42,SVK,2
2023,disability.pension,employees,m,57,JOR,3
2023,disability.pension,employees,f,44,ESP,3
2023,disability.pension,employees,m,34,IRL,9
2023,disability.pension,employees,m,49,EST,2
2023,disability.pension,employees,m,10,BLR,1
2023,disability.pension,employees,m,11,BLR,1
2023,disability.pension,employees,m,7,BLR,3
2023,disability.pension,employees,f,36,MMR,1
2023,disability.pension,employees,f,40,KOR,4
2023,disability.pension,employees,f,4,MDA,2
2023,disability.pension,employees,m,77,BLR,4
2023,disability.pension,employees,f,38,ITA,2
2023,disability.pension,employees,m,56,IDN,2
2023,disability.pension,employees,m,35,BLR,8
2023,disability.pension,employees,f,42,UKR,4
2023,disability.pension,employees,f,29,ISL,1
2023,disability.pension,employees,m,20,FRA,4
2023,disability.pension,employees,f,33,NLD,3
2023,disability.pension,employees,f,30,SVN,1
2023,disability.pension,employees,m,39,ARG,3
2023,disability.pension,employees,f,42,UGA,3
2023,disability.pension,employees,m,21,RUS,2
2023,disability.pension,employees,m,70,LTU,2
2023,disability.pension,employees,f,39,SVK,21
2023,disability.pension,employees,m,29,BIH,3
2023,disability.pension,employees,m,55,BRA,2
2023,disability.pension,employees,f,26,TKM,9
2023,disability.pension,employees,m,55,LBY,1
2023,disability.pension,employees,m,87,BLR,1
2023,disability.pension,employees,m,49,YEM,1
2023,disability.pension,employees,f,38,PER,3
2023,disability.pension,employees,f,40,AFG,7
2023,disability.pension,employees,f,13,BLR,6
2023,disability.pension,employees,m,50,UKR,2
2023,disability.pension,employees,f,15,SYR,1
2023,disability.pension,employees,f,62,UZB,1
2023,disability.pension,employees,m,56,TWN,2
2023,disability.pension,employees,f,45,BLR,6
2023,disability.pension,employees,f,18,CZE,2
2023,disability.pension,employees,f,18,LTU,1
2023,disability.pension,employees,m,27,GTM,7
2023,disability.pension,employees,m,22,LTU,9
2023,disability.pension,employees,m,29,JPN,8
2023,disability.pension,employees,m,59,KOR,15
2023,disability.pension,employees,f,52,BLR,3
2023,disability.pension,employees,f,47,AZE,2
2023,disability.pension,employees,m,76,BLR,3
2023,disability.pension,employees,m,30,MAR,10
2023,disability.pension,employees,f,56,ITA,5
2023,disability.pension,employees,m,69,LTU,1
2023,disability.pension,employees,m,65,KOR,3
2023,disability.pension,employees,f,43,UKR,2
2023,disability.pension,employees,m,43,AGO,1
2023,disability.pension,employees,m,74,BLR,3
2023,disability.pension,employees,f,32,AFG,7
2023,disability.pension,employees,f,29,BLR,6
2023,disability.pension,employees,f,26,TJK,6
2023,disability.pension,employees,m,20,LTU,8
2023,disability.pension,employees,m,54,KGZ,19
2023,disability.pension,employees,m,44,KEN,6
2023,disability.pension,employees,m,65,EGY,2
2023,disability.pension,employees,m,73,BLR,3
2023,disability.pension,employees,m,22,BRA,6
2023,disability.pension,employees,f,56,LTU,2
2023,disability.pension,employees,m,73,LTU,1
2023,disability.pension,employees,f,25,ZMB,3
2023,disability.pension,employees,m,54,GBR,4
2023,disability.pension,employees,f,84,MNG,1
2023,disability.pension,employees,m,26,UGA,9
2023,disability.pension,employees,m,51,ETH,3
2023,disability.pension,employees,f,44,LTU,12
2023,disability.pension,employees,m,9,BLR,2
2023,disability.pension,employees,f,31,BGD,6
2023,disability.pension,employees,f,44,UKR,4
2023,disability.pension,employees,m,41,BLR,8
2023,disability.pension,employees,m,56,BLR,4
2023,disability.pension,employees,m,60,NGA,1
2023,disability.pension,employees,m,57,CHN,21
2023,disability.pension,employees,m,21,BGD,4
2023,disability.pension,employees,m,47,IDN,44
2023,disability.pension,employees,m,37,LKA,2
2023,disability.pension,employees,f,36,ARM,3
2023,disability.pension,employees,f,52,PHL,2
2023,disability.pension,employees,f,59,IDN,1
2023,disability.pension,employees,f,26,ETH,37
2023,disability.pension,employees,m,67,LVA,2
2023,disability.pension,employees,f,61,LVA,2
2023,disability.pension,employees,m,65,LVA,4
2023,disability.pension,employees,f,43,MDA,22
2023,disability.pension,employees,f,53,BLR,12
2023,disability.pension,employees,f,27,BDI,1
2023,disability.pension,employees,f,30,MDA,12
2023,disability.pension,employees,m,27,KEN,32
2023,disability.pension,employees,f,42,BLR,6
2023,disability.pension,employees,f,21,LTU,5
2023,disability.pension,employees,f,43,PHL,24
2023,disability.pension,employees,m,31,COG,12
2023,disability.pension,employees,m,39,AGO,1
2023,disability.pension,employees,f,32,KEN,15
2023,disability.pension,employees,m,34,KEN,20
2023,disability.pension,employees,f,24,KEN,2
2023,disability.pension,employees,f,33,KEN,15
2023,disability.pension,employees,m,22,KEN,7
2023,disability.pension,employees,m,24,KEN,4
2023,disability.pension,employees,m,28,KEN,10
2023,disability.pension,employees,m,39,KEN,9
2023,disability.pension,employees,f,27,TZA,10
2023,disability.pension,employees,f,37,KEN,8
2023,disability.pension,employees,m,51,GEO,9
2023,disability.pension,employees,f,38,PHL,2
2023,disability.pension,employees,f,44,KEN,5
2023,disability.pension,employees,m,33,KEN,2
2023,disability.pension,employees,f,49,KEN,2
2023,disability.pension,employees,f,30,KEN,4
2023,disability.pension,employees,f,36,KGZ,13
2023,disability.pension,employees,f,37,ZMB,1
2023,disability.pension,employees,f,24,GEO,14
2023,disability.pension,employees,m,23,KEN,4
2023,disability.pension,employees,f,25,KEN,2
2023,disability.pension,employees,f,43,KEN,5
2023,disability.pension,employees,m,41,GHA,4
2023,disability.pension,employees,m,32,SLE,2
2023,disability.pension,employees,f,41,KEN,5
2023,disability.pension,employees,f,31,PHL,22
2023,disability.pension,employees,m,23,PHL,3
2023,disability.pension,employees,m,28,PHL,6
2023,disability.pension,employees,m,0,UKR,7
2023,disability.pension,employees,m,43,KGZ,2
2023,disability.pension,employees,m,43,KGZ,8
2023,disability.pension,employees,m,45,KGZ,6
2023,disability.pension,employees,m,42,KGZ,6
2023,disability.pension,employees,m,53,KGZ,2
2023,disability.pension,employees,m,49,TUR,10
2023,disability.pension,employees,m,39,KGZ,4
2023,disability.pension,employees,m,32,KGZ,12
2023,disability.pension,employees,m,40,KGZ,2
2023,disability.pension,employees,m,45,KWT,1
2023,disability.pension,employees,m,37,BLR,4
2023,disability.pension,employees,m,43,ZWE,36
2023,disability.pension,employees,f,22,SWE,3
2023,disability.pension,employees,m,33,LKA,9
2023,disability.pension,employees,m,49,PHL,14
2023,disability.pension,employees,m,46,PHL,4
2023,disability.pension,employees,m,48,PHL,16
2023,disability.pension,employees,m,36,IND,9
2023,disability.pension,employees,f,23,UKR,20
2023,disability.pension,employees,m,55,RUS,4
2023,disability.pension,employees,m,34,KAZ,14
2023,disability.pension,employees,m,24,BLR,3
2023,disability.pension,employees,m,45,GRC,15
2023,disability.pension,employees,m,42,RUS,2
2023,disability.pension,employees,m,50,MMR,1
2023,disability.pension,employees,m,57,GEO,4
2023,disability.pension,employees,m,45,GEO,4
2023,disability.pension,employees,m,38,PHL,44
2023,disability.pension,employees,m,63,GEO,8
2023,disability.pension,employees,m,72,LTU,1
2023,disability.pension,employees,m,26,UKR,12
2023,disability.pension,employees,m,30,GHA,14
2023,disability.pension,employees,f,29,ISR,2
2023,disability.pension,employees,m,58,DEU,3
2023,disability.pension,employees,m,48,UKR,17
2023,disability.pension,employees,m,54,TKM,6
2023,disability.pension,employees,f,40,MNG,2
2023,disability.pension,employees,m,38,MNG,2
2023,disability.pension,employees,f,48,MNG,2
2023,disability.pension,employees,f,36,MNG,5
2023,disability.pension,employees,m,36,KGZ,2
2023,disability.pension,employees,m,47,BLR,15
2023,disability.pension,employees,m,60,LVA,4
2023,disability.pension,employees,m,29,TZA,12
2023,disability.pension,employees,m,35,PER,14
2023,disability.pension,employees,f,47,BLR,3
2023,disability.pension,employees,f,23,UKR,6
2023,disability.pension,employees,m,43,KEN,4
2023,disability.pension,employees,f,47,KGZ,6
2023,disability.pension,employees,f,54,TKM,2
2023,disability.pension,employees,m,42,NER,4
2023,disability.pension,employees,f,38,KGZ,6
2023,disability.pension,employees,f,50,KGZ,7
2023,disability.pension,employees,f,56,KGZ,5
2023,disability.pension,employees,m,56,KGZ,11
2023,disability.pension,employees,f,54,CAN,1
2023,disability.pension,employees,m,51,KEN,2
2023,disability.pension,employees,f,41,NGA,2
2023,disability.pension,employees,m,33,GIN,1
2023,disability.pension,employees,f,38,GEO,14
2023,disability.pension,employees,f,45,IDN,4
2023,disability.pension,employees,m,34,PHL,3
2023,disability.pension,employees,m,26,PHL,4
2023,disability.pension,employees,f,42,BLR,14
2023,disability.pension,employees,f,34,UGA,4
2023,disability.pension,employees,f,39,ISR,1
2023,disability.pension,employees,m,32,GHA,14
2023,disability.pension,employees,m,36,KEN,14
2023,disability.pension,employees,f,37,IND,4
2023,disability.pension,employees,f,1,BLR,2
2023,disability.pension,employees,m,56,TKM,2
2023,disability.pension,employees,f,42,NER,2
2023,disability.pension,employees,m,35,UKR,10
2023,disability.pension,employees,m,45,PHL,3
2023,disability.pension,employees,m,55,KOR,17
2023,disability.pension,employees,m,39,SDN,2
2023,disability.pension,employees,m,65,HUN,3
2023,disability.pension,employees,m,26,MMR,1
2023,disability.pension,employees,m,41,BLR,4
2023,disability.pension,employees,f,37,UKR,48
2023,disability.pension,employees,f,55,KAZ,14
2023,disability.pension,employees,m,60,ITA,6
2023,disability.pension,employees,m,57,ITA,7
2023,disability.pension,employees,m,68,ITA,7
2023,disability.pension,employees,f,88,ITA,2
2023,disability.pension,employees,f,60,ITA,2
2023,disability.pension,employees,m,41,SVK,3
2023,disability.pension,employees,m,25,NZL,1
2023,disability.pension,employees,f,51,DEU,5
2023,disability.pension,employees,f,35,AFG,4
2023,disability.pension,employees,f,27,AFG,11
2023,disability.pension,employees,f,26,SVK,2
2023,disability.pension,employees,m,38,ESP,2
2023,disability.pension,employees,m,60,EGY,2
2023,disability.pension,employees,m,74,HRV,1
2023,disability.pension,employees,m,80,NLD,1
2023,disability.pension,employees,f,56,AFG,3
2023,disability.pension,employees,m,31,GEO,2
2023,disability.pension,employees,f,40,GEO,20
2023,disability.pension,employees,m,77,GRC,1
2023,disability.pension,employees,f,10,UKR,4
2023,disability.pension,employees,m,22,VEN,4
2023,disability.pension,employees,m,53,KEN,2
2023,disability.pension,employees,m,49,TZA,2
2023,disability.pension,employees,m,56,KEN,1
2023,disability.pension,employees,f,23,CZE,4
2023,disability.pension,employees,m,23,CMR,2
2023,disability.pension,employees,m,11,AFG,1
2023,disability.pension,employees,f,34,UKR,2
2023,disability.pension,employees,m,20,SEN,2
2023,disability.pension,employees,m,71,USA,2
2023,disability.pension,employees,f,32,UKR,6
2023,disability.pension,employees,m,72,BIH,2
2023,disability.pension,employees,m,28,ZAF,7
2023,disability.pension,employees,f,29,TTO,1
2023,disability.pension,employees,f,28,GBR,4
2023,disability.pension,employees,m,49,CHL,3
2023,disability.pension,employees,m,60,DEU,6
2023,disability.pension,employees,m,34,AUT,10
2023,disability.pension,employees,m,30,JPN,10
2023,disability.pension,employees,m,78,BIH,1
2023,disability.pension,employees,m,61,RUS,6
2023,disability.pension,employees,m,61,AGO,2
2023,disability.pension,employees,m,31,FIN,7
2023,disability.pension,employees,f,41,IRQ,1
2023,disability.pension,employees,f,47,ALB,2
2023,disability.pension,employees,f,57,ARG,1
2023,disability.pension,employees,m,62,ARG,1
2023,disability.pension,employees,m,24,GEO,2
2023,disability.pension,employees,f,35,GTM,1
2023,disability.pension,employees,f,40,IRL,2
2023,disability.pension,employees,m,23,UKR,4
2023,disability.pension,employees,f,31,ARG,2
2023,disability.pension,employees,f,61,UZB,2
2023,disability.pension,employees,m,35,BOL,6
2023,disability.pension,employees,f,38,BOL,1
2023,disability.pension,employees,f,45,TJK,1
2023,disability.pension,employees,f,41,GEO,3
2023,disability.pension,employees,f,44,ARG,3
2023,disability.pension,employees,m,44,VEN,6
2023,disability.pension,employees,f,23,VEN,3
2023,disability.pension,employees,m,25,PRY,1
2023,disability.pension,employees,m,40,ARG,2
2023,disability.pension,employees,m,31,ARG,2
2023,disability.pension,employees,m,44,ARG,2
2023,disability.pension,employees,f,49,VEN,3
2023,disability.pension,employees,f,35,ARG,8
2023,disability.pension,employees,m,65,COL,3
2023,disability.pension,employees,m,65,VEN,2
2023,disability.pension,employees,f,64,VEN,1
2023,disability.pension,employees,f,37,PAN,1
2023,disability.pension,employees,m,53,UZB,10
2023,disability.pension,employees,f,55,GEO,14
2023,disability.pension,employees,m,50,UZB,12
2023,disability.pension,employees,f,55,PER,1
2023,disability.pension,employees,f,34,CUB,6
2023,disability.pension,employees,m,43,CUB,7
2023,disability.pension,employees,f,55,MDA,4
2023,disability.pension,employees,f,25,CUB,4
2023,disability.pension,employees,m,55,CUB,4
2023,disability.pension,employees,f,31,CUB,3
2023,disability.pension,employees,f,19,CUB,1
2023,disability.pension,employees,f,52,CUB,1
2023,disability.pension,employees,f,36,HUN,17
2023,disability.pension,employees,m,68,CZE,2
2023,disability.pension,employees,m,52,FRA,4
2023,disability.pension,employees,m,28,KAZ,6
2023,disability.pension,employees,f,43,LVA,6
2023,disability.pension,employees,f,27,SVK,8
2023,disability.pension,employees,f,36,SVN,2
2023,disability.pension,employees,m,54,UKR,2
2023,disability.pension,employees,m,34,ECU,3
2023,disability.pension,employees,f,25,EST,1
2023,disability.pension,employees,m,67,GRC,4
2023,disability.pension,employees,m,38,KOR,17
2023,disability.pension,employees,m,56,KOR,2
2023,disability.pension,employees,f,30,PER,7
2023,disability.pension,employees,f,31,PER,4
2023,disability.pension,employees,m,57,CZE,12
2023,disability.pension,employees,m,18,LTU,4
2023,disability.pension,employees,m,27,KOR,12
2023,disability.pension,employees,f,58,CHN,7
2023,disability.pension,employees,f,24,GRC,11
2023,disability.pension,employees,f,24,PRT,8
2023,disability.pension,employees,f,32,AUT,4
2023,disability.pension,employees,m,38,PAN,2
2023,disability.pension,employees,f,38,UKR,10
2023,disability.pension,employees,f,48,BLR,9
2023,disability.pension,employees,m,26,UKR,3
2023,disability.pension,employees,m,34,BRA,2
2023,disability.pension,employees,m,43,UGA,3
2023,disability.pension,employees,m,32,UGA,10
2023,disability.pension,employees,m,45,ZAF,2
2023,disability.pension,employees,f,42,IND,2
2023,disability.pension,employees,m,47,UGA,2
2023,disability.pension,employees,f,33,UGA,2
2023,disability.pension,employees,f,27,UGA,5
2023,disability.pension,employees,f,32,CHL,3
2023,disability.pension,employees,m,28,ARM,2
2023,disability.pension,employees,m,22,IDN,20
2023,disability.pension,employees,f,55,COL,2
2023,disability.pension,employees,m,50,MAR,2
2023,disability.pension,employees,f,27,MOZ,4
2023,disability.pension,employees,m,77,CZE,1
2023,disability.pension,employees,m,33,SAU,4
2023,disability.pension,employees,f,43,AFG,4
2023,disability.pension,employees,m,36,KOR,2
2023,disability.pension,employees,f,63,ARM,2
2023,disability.pension,employees,f,42,MDA,6
2023,disability.pension,employees,m,50,UKR,8
2023,disability.pension,employees,m,42,KAZ,6
2023,disability.pension,employees,m,35,KAZ,3
2023,disability.pension,employees,m,43,GEO,12
2023,disability.pension,employees,m,18,GEO,3
2023,disability.pension,employees,f,53,GBR,4
2023,disability.pension,employees,f,5,UKR,2
2023,disability.pension,employees,m,60,BEL,3
2023,disability.pension,employees,f,54,SVK,6
2023,disability.pension,employees,m,52,UKR,2
2023,disability.pension,employees,m,29,SVK,6
2023,disability.pension,employees,f,40,LKA,2
2023,disability.pension,employees,m,37,LKA,14
2023,disability.pension,employees,m,41,KAZ,3
2023,disability.pension,employees,m,71,CHE,2
2023,disability.pension,employees,f,30,UKR,2
2023,disability.pension,employees,f,52,PRT,5
2023,disability.pension,employees,m,77,UKR,13
2023,disability.pension,employees,m,51,SOM,1
2023,disability.pension,employees,m,35,SLE,2
2023,disability.pension,employees,m,59,ARM,2
2023,disability.pension,employees,m,43,BGR,4
2023,disability.pension,employees,m,29,MKD,3
2023,disability.pension,employees,f,33,MDG,1
2023,disability.pension,employees,f,95,UKR,1
2023,disability.pension,employees,m,50,GHA,1
2023,disability.pension,employees,f,59,JAM,1
2023,disability.pension,employees,m,18,PER,2
2023,disability.pension,employees,f,61,HUN,1
2023,disability.pension,employees,f,56,FRA,6
2023,disability.pension,employees,f,45,CHN,40
2023,disability.pension,employees,m,63,KAZ,5
2023,disability.pension,employees,f,40,GEO,3
2023,disability.pension,employees,f,42,ZWE,6
2023,disability.pension,employees,f,19,DEU,5
2023,disability.pension,employees,f,44,BGD,2
2023,disability.pension,employees,f,47,LKA,1
2023,disability.pension,employees,m,36,UZB,2
2023,disability.pension,employees,m,36,KAZ,10
2023,disability.pension,employees,f,42,ECU,4
2023,disability.pension,employees,m,63,AGO,3
2023,disability.pension,employees,f,42,IRN,4
2023,disability.pension,employees,m,31,RUS,6
2023,disability.pension,employees,m,46,GRC,2
2023,disability.pension,employees,f,18,ARM,2
2023,disability.pension,employees,f,27,MDG,1
2023,disability.pension,employees,f,88,UKR,2
2023,disability.pension,employees,m,53,JOR,2
2023,disability.pension,employees,m,44,RUS,8
2023,disability.pension,employees,m,26,JPN,7
2023,disability.pension,employees,f,28,CYP,1
2023,disability.pension,employees,f,25,PRT,11
2023,disability.pension,employees,m,22,JPN,3
2023,disability.pension,employees,f,21,AUS,1
2023,disability.pension,employees,m,22,SWE,4
2023,disability.pension,employees,m,50,DEU,5
2023,disability.pension,employees,m,54,BEL,2
2023,disability.pension,employees,m,51,DZA,3
2023,disability.pension,employees,m,64,DEU,2
2023,disability.pension,employees,f,56,DEU,2
2023,disability.pension,employees,m,17,TKM,1
2023,disability.pension,employees,m,41,CMR,11
2023,disability.pension,employees,m,56,USA,2
2023,disability.pension,employees,m,42,TWN,3
2023,disability.pension,employees,f,32,GBR,2
2023,disability.pension,employees,f,43,FRA,11
2023,disability.pension,employees,m,27,TWN,2
2023,disability.pension,employees,m,21,BRA,5
2023,disability.pension,employees,m,35,RWA,4
2023,disability.pension,employees,m,35,GMB,3
2023,disability.pension,employees,f,31,LKA,3
2023,disability.pension,employees,f,27,LBN,5
2023,disability.pension,employees,m,22,UKR,12
2023,disability.pension,employees,f,12,UKR,12
2023,disability.pension,employees,f,37,AFG,4
2023,disability.pension,employees,m,67,SVK,2
2023,disability.pension,employees,m,19,SVK,2
2023,disability.pension,employees,m,44,SYR,2
2023,disability.pension,employees,f,55,LVA,2
2023,disability.pension,employees,f,33,FRA,2
2023,disability.pension,employees,f,23,SVK,3
2023,disability.pension,employees,m,66,GHA,3
2023,disability.pension,employees,f,49,ARM,6
2023,disability.pension,employees,m,30,ZMB,5
2023,disability.pension,employees,m,38,BGR,3
2023,disability.pension,employees,f,63,NLD,2
2023,disability.pension,employees,f,48,MKD,2
2023,disability.pension,employees,m,58,CHL,1
2023,disability.pension,employees,f,50,BRA,3
2023,disability.pension,employees,m,79,UKR,3
2023,disability.pension,employees,f,33,ETH,4
2023,disability.pension,employees,m,39,IRN,25
2023,disability.pension,employees,m,66,HUN,3
2023,disability.pension,employees,m,49,COG,1
2023,disability.pension,employees,m,44,COG,1
2023,disability.pension,employees,m,58,SEN,1
2023,disability.pension,employees,m,46,NLD,2
2023,disability.pension,employees,m,36,CMR,11
2023,disability.pension,employees,m,38,MEX,24
2023,disability.pension,employees,f,32,HRV,14
2023,disability.pension,employees,m,38,MRT,3
2023,disability.pension,employees,f,35,CMR,2
2023,disability.pension,employees,f,42,MAR,3
2023,disability.pension,employees,f,32,AZE,6
2023,disability.pension,employees,m,34,SLE,1
2023,disability.pension,employees,f,32,MAR,7
2023,disability.pension,employees,f,42,TUR,2
2023,disability.pension,employees,m,23,GBR,2
2023,disability.pension,employees,m,28,GAB,1
2023,disability.pension,employees,f,34,GRC,10
2023,disability.pension,employees,f,23,BDI,4
2023,disability.pension,employees,f,24,COG,4
2023,disability.pension,employees,m,40,TUN,4
2023,disability.pension,employees,f,33,RWA,2
2023,disability.pension,employees,m,31,HTI,2
2023,disability.pension,employees,f,27,MKD,2
2023,disability.pension,employees,m,28,MKD,3
2023,disability.pension,employees,f,37,COG,2
2023,disability.pension,employees,m,40,CMR,5
2023,disability.pension,employees,f,29,RWA,20
2023,disability.pension,employees,m,34,MUS,2
2023,disability.pension,employees,m,24,COG,7
2023,disability.pension,employees,f,26,GRC,15
2023,disability.pension,employees,f,39,AZE,6
2023,disability.pension,employees,m,23,HUN,11
2023,disability.pension,employees,m,24,TCD,1
2023,disability.pension,employees,f,30,MAR,9
2023,disability.pension,employees,m,28,PSE,3
2023,disability.pension,employees,m,30,JOR,15
2023,disability.pension,employees,m,32,AUS,4
2023,disability.pension,employees,f,48,CZE,13
2023,disability.pension,employees,m,36,ETH,9
2023,disability.pension,employees,m,60,NLD,6
2023,disability.pension,employees,m,55,MAR,2
2023,disability.pension,employees,m,47,NLD,6
2023,disability.pension,employees,m,84,AUT,2
2023,disability.pension,employees,m,11,UKR,11
2023,disability.pension,employees,m,25,CAN,3
2023,disability.pension,employees,m,23,PER,13
2023,disability.pension,employees,m,32,PER,8
2023,disability.pension,employees,m,47,UKR,2
2023,disability.pension,employees,m,52,UGA,2
2023,disability.pension,employees,m,46,AZE,3
2023,disability.pension,employees,m,40,EGY,3
2023,disability.pension,employees,m,27,PER,2
2023,disability.pension,employees,f,32,MDG,2
2023,disability.pension,employees,f,2,BLR,1
2023,disability.pension,employees,m,47,UZB,2
2023,disability.pension,employees,m,61,UZB,2
2023,disability.pension,employees,m,42,IDN,6
2023,disability.pension,employees,m,52,IND,3
2023,disability.pension,employees,m,60,UZB,2
2023,disability.pension,employees,m,39,IND,12
2023,disability.pension,employees,m,56,UKR,5
2023,disability.pension,employees,m,32,IDN,2
2023,disability.pension,employees,m,58,IND,3
2023,disability.pension,employees,m,53,IND,12
2023,disability.pension,employees,m,49,LKA,2
2023,disability.pension,employees,m,55,LKA,2
2023,disability.pension,employees,m,43,MAR,2
2023,disability.pension,employees,m,50,LKA,2
2023,disability.pension,employees,m,53,LKA,2
2023,disability.pension,employees,m,47,BGD,3
2023,disability.pension,employees,m,46,RUS,16
2023,disability.pension,employees,m,38,RWA,4
2023,disability.pension,employees,m,48,IND,6
2023,disability.pension,employees,m,59,NPL,2
2023,disability.pension,employees,m,45,NPL,4
2023,disability.pension,employees,f,54,AZE,3
2023,disability.pension,employees,m,61,LKA,2
2023,disability.pension,employees,m,36,LKA,3
2023,disability.pension,employees,m,44,IND,6
2023,disability.pension,employees,m,54,LKA,3
2023,disability.pension,employees,m,42,RWA,2
2023,disability.pension,employees,f,28,GEO,16
2023,disability.pension,employees,m,44,ARM,4
2023,disability.pension,employees,m,57,IND,3
2023,disability.pension,employees,f,33,LKA,4
2023,disability.pension,employees,m,31,UZB,2
2023,disability.pension,employees,m,47,PAK,4
2023,disability.pension,employees,m,30,RWA,6
2023,disability.pension,employees,f,45,LKA,3
2023,disability.pension,employees,m,45,IND,12
2023,disability.pension,employees,f,49,PHL,2
2023,disability.pension,employees,f,51,KAZ,4
2023,disability.pension,employees,f,35,TKM,2
2023,disability.pension,employees,m,45,NPL,3
2023,disability.pension,employees,m,29,UKR,2
2023,disability.pension,employees,m,39,UGA,2
2023,disability.pension,employees,m,39,RWA,4
2023,disability.pension,employees,m,41,IND,6
2023,disability.pension,employees,m,46,PAK,3
2023,disability.pension,employees,m,43,BGD,3
2023,disability.pension,employees,m,37,IND,6
2023,disability.pension,employees,f,30,RWA,6
2023,disability.pension,employees,m,22,MEX,2
2023,disability.pension,employees,m,54,UZB,6
2023,disability.pension,employees,m,56,MAR,2
2023,disability.pension,employees,m,40,BGD,6
2023,disability.pension,employees,m,52,PAK,6
2023,disability.pension,employees,m,37,NPL,3
2023,disability.pension,employees,m,31,MLI,2
2023,disability.pension,employees,m,41,IND,2
2023,disability.pension,employees,m,49,PAK,6
2023,disability.pension,employees,m,28,IND,6
2023,disability.pension,employees,m,47,LKA,3
2023,disability.pension,employees,m,45,LKA,3
2023,disability.pension,employees,m,43,ERI,2
2023,disability.pension,employees,m,32,IND,6
2023,disability.pension,employees,m,55,IND,8
2023,disability.pension,employees,m,22,BGD,4
2023,disability.pension,employees,m,55,MAR,2
2023,disability.pension,employees,m,25,BGD,2
2023,disability.pension,employees,m,54,LKA,2
2023,disability.pension,employees,m,47,LKA,2
2023,disability.pension,employees,m,52,LKA,4
2023,disability.pension,employees,m,40,BGD,3
2023,disability.pension,employees,m,49,GHA,2
2023,disability.pension,employees,m,28,TKM,16
2023,disability.pension,employees,m,48,BGD,2
2023,disability.pension,employees,m,28,KAZ,3
2023,disability.pension,employees,m,23,BGD,8
2023,disability.pension,employees,m,51,ERI,2
2023,disability.pension,employees,m,42,BGD,6
2023,disability.pension,employees,m,22,TKM,2
2023,disability.pension,employees,m,72,UKR,10
2023,disability.pension,employees,m,50,UKR,4
2023,disability.pension,employees,f,51,BLR,9
2023,disability.pension,employees,m,21,GMB,1
2023,disability.pension,employees,m,51,UKR,2
2023,disability.pension,employees,f,57,UKR,2
2023,disability.pension,employees,m,46,IRN,4
2023,disability.pension,employees,m,56,IRN,1
2023,disability.pension,employees,m,44,RWA,4
2023,disability.pension,employees,m,49,RWA,2
2023,disability.pension,employees,m,46,MAR,2
2023,disability.pension,employees,m,31,RWA,4
2023,disability.pension,employees,m,37,RWA,2
2023,disability.pension,employees,m,43,RWA,2
2023,disability.pension,employees,m,45,RWA,2
2023,disability.pension,employees,m,48,RWA,5
2023,disability.pension,employees,m,40,RWA,7
2023,disability.pension,employees,m,42,RWA,5
2023,disability.pension,employees,m,56,RWA,1
2023,disability.pension,employees,f,31,TZA,4
2023,disability.pension,employees,f,49,RWA,1
2023,disability.pension,employees,m,35,BDI,1
2023,disability.pension,employees,f,43,GEO,22
2023,disability.pension,employees,m,60,ISL,1
2023,disability.pension,employees,m,48,LVA,8
2023,disability.pension,employees,f,35,NER,1
2023,disability.pension,employees,m,39,MYS,2
2023,disability.pension,employees,f,55,KGZ,6
2023,disability.pension,employees,m,48,AZE,2
2023,disability.pension,employees,m,46,DZA,2
2023,disability.pension,employees,f,40,COG,1
2023,disability.pension,employees,m,33,CAN,5
2023,disability.pension,employees,m,47,ITA,2
2023,disability.pension,employees,m,29,CMR,6
2023,disability.pension,employees,m,22,ITA,22
2023,disability.pension,employees,f,37,VEN,3
2023,disability.pension,employees,f,31,TJK,3
2023,disability.pension,employees,f,38,GEO,4
2023,disability.pension,employees,m,48,GEO,4
2023,disability.pension,employees,f,63,ROU,32
2023,disability.pension,employees,f,27,COG,12
2023,disability.pension,employees,m,29,IRN,9
2023,disability.pension,employees,m,40,EST,4
2023,disability.pension,employees,f,57,GEO,10
2023,disability.pension,employees,m,71,PHL,2
2023,disability.pension,employees,m,61,PHL,2
2023,disability.pension,employees,m,46,BGD,6
2023,disability.pension,employees,m,34,IND,2
2023,disability.pension,employees,f,62,KAZ,4
2023,disability.pension,employees,m,31,IND,2
2023,disability.pension,employees,m,34,IDN,2
2023,disability.pension,employees,m,24,PAK,17
2023,disability.pension,employees,f,150,UKR,1
2023,disability.pension,employees,m,23,MUS,3
2023,disability.pension,employees,f,50,COL,2
2023,disability.pension,employees,m,44,COL,2
2023,disability.pension,employees,m,46,PER,2
2023,disability.pension,employees,m,54,IDN,4
2023,disability.pension,employees,m,52,TKM,13
2023,disability.pension,employees,f,32,TKM,8
2023,disability.pension,employees,f,51,TKM,2
2023,disability.pension,employees,f,53,TKM,1
2023,disability.pension,employees,f,47,UZB,2
2023,disability.pension,employees,f,65,LVA,3
2023,disability.pension,employees,m,45,TKM,6
2023,disability.pension,employees,m,43,TUN,2
2023,disability.pension,employees,m,27,TKM,3
2023,disability.pension,employees,f,23,TKM,3
2023,disability.pension,employees,f,43,TKM,2
2023,disability.pension,employees,f,41,TKM,2
2023,disability.pension,employees,m,39,TJK,6
2023,disability.pension,employees,m,18,TKM,1
2023,disability.pension,employees,f,43,UKR,3
2023,disability.pension,employees,f,53,LVA,5
2023,disability.pension,employees,f,53,UKR,5
2023,disability.pension,employees,f,29,URY,2
2023,disability.pension,employees,f,38,TKM,7
2023,disability.pension,employees,m,0,IND,5
2023,disability.pension,employees,f,30,IRL,2
2023,disability.pension,employees,f,50,TJK,1
2023,disability.pension,employees,m,60,RUS,4
2023,disability.pension,employees,m,33,KGZ,2
2023,disability.pension,employees,m,36,UKR,4
2023,disability.pension,employees,f,27,MDA,16
2023,disability.pension,employees,f,53,MKD,4
2023,disability.pension,employees,m,68,RUS,5
2023,disability.pension,employees,m,58,UZB,2
2023,disability.pension,employees,m,55,ARM,4
2023,disability.pension,employees,m,85,UKR,1
2023,disability.pension,employees,f,74,CZE,1
2023,disability.pension,employees,f,26,GHA,2
2023,disability.pension,employees,m,19,PAK,1
2023,disability.pension,employees,f,30,AUS,2
2023,disability.pension,employees,m,31,LBN,22
2023,disability.pension,employees,m,20,SYR,2
2023,disability.pension,employees,f,28,SAU,2
2023,disability.pension,employees,m,28,SDN,3
2023,disability.pension,employees,m,27,NGA,12
2023,disability.pension,employees,f,59,AUT,1
2023,disability.pension,employees,m,58,AFG,4
2023,disability.pension,employees,m,63,ITA,4
2023,disability.pension,employees,m,42,IRN,11
2023,disability.pension,employees,m,33,HUN,2
2023,disability.pension,employees,m,41,LVA,4
2023,disability.pension,employees,f,33,DEU,2
2023,disability.pension,employees,f,23,VNM,8
2023,disability.pension,employees,f,38,TUR,2
2023,disability.pension,employees,f,45,UGA,2
2023,disability.pension,employees,f,75,NLD,1
2023,disability.pension,employees,m,44,CHE,1
2023,disability.pension,employees,m,36,MKD,2
2023,disability.pension,employees,m,37,NER,4
2023,disability.pension,employees,f,29,HUN,2
2023,disability.pension,employees,m,28,GHA,2
2023,disability.pension,employees,m,30,GHA,2
2023,disability.pension,employees,f,43,ITA,12
2023,disability.pension,employees,m,27,KOR,2
2023,disability.pension,employees,f,29,BEL,2
2023,disability.pension,employees,f,27,CZE,7
2023,disability.pension,employees,f,60,FRA,3
2023,disability.pension,employees,f,25,DZA,11
2023,disability.pension,employees,m,47,IND,6
2023,disability.pension,employees,m,40,IND,6
2023,disability.pension,employees,m,34,BGR,3
2023,disability.pension,employees,m,63,SYR,3
2023,disability.pension,employees,f,81,DEU,1
2023,disability.pension,employees,f,94,DEU,1
2023,disability.pension,employees,f,80,DEU,2
2023,disability.pension,employees,f,79,DEU,2
2023,disability.pension,employees,f,99,USA,1
2023,disability.pension,employees,f,86,UKR,10
2023,disability.pension,employees,m,80,CAN,1
2023,disability.pension,employees,f,66,HUN,3
2023,disability.pension,employees,m,68,AUS,3
2023,disability.pension,employees,m,74,USA,6
2023,disability.pension,employees,m,26,BDI,4
2023,disability.pension,employees,f,26,DEU,17
2023,disability.pension,employees,m,9,UKR,5
2023,disability.pension,employees,m,27,BRA,2
2023,disability.pension,employees,m,26,UKR,10
2023,disability.pension,employees,f,25,GIN,1
2023,disability.pension,employees,m,62,UKR,4
2023,disability.pension,employees,m,23,GRC,8
2023,disability.pension,employees,m,54,HRV,4
2023,disability.pension,employees,f,67,CZE,1
2023,disability.pension,employees,f,32,SYR,3
2023,disability.pension,employees,m,28,COG,2
2023,disability.pension,employees,m,50,UKR,2
2023,disability.pension,employees,f,28,GHA,3
2023,disability.pension,employees,m,25,COG,2
2023,disability.pension,employees,f,19,UKR,16
2023,disability.pension,employees,f,54,UKR,16
2023,disability.pension,employees,m,33,SGP,2
2023,disability.pension,employees,m,31,GHA,6
2023,disability.pension,employees,m,50,NGA,2
2023,disability.pension,employees,m,32,ARG,2
2023,disability.pension,employees,f,54,SWE,2
2023,disability.pension,employees,m,43,FRA,8
2023,disability.pension,employees,m,70,ECU,1
2023,disability.pension,employees,f,26,RWA,4
2023,disability.pension,employees,m,33,GTM,5
2023,disability.pension,employees,m,31,PRT,2
2023,disability.pension,employees,f,20,DZA,3
2023,disability.pension,employees,f,24,DZA,9
2023,disability.pension,employees,f,23,FRA,8
2023,disability.pension,employees,m,19,UKR,6
2023,disability.pension,employees,f,64,VNM,7
2023,disability.pension,employees,f,34,MDA,2
2023,disability.pension,employees,f,47,AZE,2
2023,disability.pension,employees,f,50,VEN,1
2023,disability.pension,employees,m,71,COL,1
2023,disability.pension,employees,m,27,ECU,7
2023,disability.pension,employees,m,27,CAN,7
2023,disability.pension,employees,m,45,CZE,4
2023,disability.pension,employees,f,46,VNM,3
2023,disability.pension,employees,m,45,THA,11
2023,disability.pension,employees,m,27,VNM,6
2023,disability.pension,employees,f,45,SYR,1
2023,disability.pension,employees,m,47,ETH,3
2023,disability.pension,employees,m,46,MEX,4
2023,disability.pension,employees,m,31,BDI,2
2023,disability.pension,employees,m,51,CIV,2
2023,disability.pension,employees,f,9,BLR,3
2023,disability.pension,employees,f,11,BLR,3
2023,disability.pension,employees,m,51,NGA,7
2023,disability.pension,employees,f,41,SGP,2
2023,disability.pension,employees,m,31,JPN,6
2023,disability.pension,employees,f,28,AFG,8
2023,disability.pension,employees,f,30,UKR,2
2023,disability.pension,employees,m,43,FIN,4
2023,disability.pension,employees,m,37,FIN,10
2023,disability.pension,employees,m,32,FIN,14
2023,disability.pension,employees,m,30,FIN,11
2023,disability.pension,employees,f,25,FIN,5
2023,disability.pension,employees,m,23,FIN,3
2023,disability.pension,employees,f,24,FIN,4
2023,disability.pension,employees,f,39,CHL,2
2023,disability.pension,employees,f,30,ISL,1
2023,disability.pension,employees,f,58,SYR,2
2023,disability.pension,employees,f,46,CHN,3
2023,disability.pension,employees,f,48,LVA,2
2023,disability.pension,employees,m,63,UKR,2
2023,disability.pension,employees,m,69,AUS,1
2023,disability.pension,employees,m,42,BGR,6
2023,disability.pension,employees,f,48,NZL,1
2023,disability.pension,employees,f,51,UZB,3
2023,disability.pension,employees,m,31,UKR,10
2023,disability.pension,employees,m,47,UKR,16
2023,disability.pension,employees,m,52,GEO,2
2023,disability.pension,employees,m,36,BLR,4
2023,disability.pension,employees,f,38,CMR,3
2023,disability.pension,employees,f,26,UKR,28
2023,disability.pension,employees,m,29,KAZ,10
2023,disability.pension,employees,m,36,LKA,2
2023,disability.pension,employees,f,26,GEO,14
2023,disability.pension,employees,m,29,LTU,4
2023,disability.pension,employees,f,35,MDA,3
2023,disability.pension,employees,m,51,MDA,14
2023,disability.pension,employees,f,21,ETH,2
2023,disability.pension,employees,m,38,AUS,3
2023,disability.pension,employees,m,25,EGY,2
2023,disability.pension,employees,f,18,UKR,4
2023,disability.pension,employees,f,29,NPL,4
2023,disability.pension,employees,m,31,BGD,4
2023,disability.pension,employees,f,24,NPL,3
2023,disability.pension,employees,f,43,NPL,2
2023,disability.pension,employees,f,41,UKR,4
2023,disability.pension,employees,m,40,NPL,2
2023,disability.pension,employees,m,27,KAZ,10
2023,disability.pension,employees,m,31,PHL,10
2023,disability.pension,employees,m,50,PHL,14
2023,disability.pension,employees,m,23,PHL,4
2023,disability.pension,employees,m,24,PHL,2
2023,disability.pension,employees,f,38,PHL,6
2023,disability.pension,employees,f,43,PHL,6
2023,disability.pension,employees,m,33,PHL,3
2023,disability.pension,employees,m,28,NGA,3
2023,disability.pension,employees,f,37,AZE,3
2023,disability.pension,employees,f,36,PHL,6
2023,disability.pension,employees,m,43,NPL,3
2023,disability.pension,employees,m,29,NGA,4
2023,disability.pension,employees,m,36,IDN,12
2023,disability.pension,employees,f,53,MNG,5
2023,disability.pension,employees,f,26,MNG,5
2023,disability.pension,employees,m,40,NGA,6
2023,disability.pension,employees,m,38,MNG,6
2023,disability.pension,employees,f,47,ESP,8
2023,disability.pension,employees,f,33,SVK,15
2023,disability.pension,employees,f,26,SYR,3
2023,disability.pension,employees,f,30,SYR,3
2023,disability.pension,employees,f,26,BLR,4
2023,disability.pension,employees,f,50,GEO,22
2023,disability.pension,employees,f,57,MDA,3
2023,disability.pension,employees,f,53,GEO,6
2023,disability.pension,employees,m,46,KAZ,6
2023,disability.pension,employees,f,42,MEX,6
2023,disability.pension,employees,f,35,USA,2
2023,disability.pension,employees,f,49,NGA,1
2023,disability.pension,employees,m,32,USA,4
2023,disability.pension,employees,f,32,NGA,27
2023,disability.pension,employees,f,37,NLD,3
2023,disability.pension,employees,m,35,LBN,5
2023,disability.pension,employees,f,27,PER,3
2023,disability.pension,employees,f,41,MEX,4
2023,disability.pension,employees,f,34,ITA,26
2023,disability.pension,employees,m,29,GBR,2
2023,disability.pension,employees,m,23,ECU,5
2023,disability.pension,employees,m,33,TZA,5
2023,disability.pension,employees,m,32,CIV,2
2023,disability.pension,employees,m,35,SLV,2
2023,disability.pension,employees,f,36,CHL,2
2023,disability.pension,employees,m,29,BRA,4
2023,disability.pension,employees,f,26,KOR,11
2023,disability.pension,employees,m,29,NAM,1
2023,disability.pension,employees,m,33,PAN,1
2023,disability.pension,employees,f,27,MKD,2
2023,disability.pension,employees,f,24,NAM,1
2023,disability.pension,employees,f,22,ETH,6
2023,disability.pension,employees,f,24,THA,4
2023,disability.pension,employees,m,40,CHL,5
2023,disability.pension,employees,f,24,GHA,3
2023,disability.pension,employees,m,26,THA,6
2023,disability.pension,employees,f,20,GHA,1
2023,disability.pension,employees,m,22,ZAF,8
2023,disability.pension,employees,m,21,BEL,2
2023,disability.pension,employees,m,24,JPN,9
2023,disability.pension,employees,m,35,CRI,5
2023,disability.pension,employees,m,26,KOR,12
2023,disability.pension,employees,m,24,VNM,4
2023,disability.pension,employees,m,28,MYS,6
2023,disability.pension,employees,m,37,MAR,4
2023,disability.pension,employees,m,3,NPL,1
2023,disability.pension,employees,m,36,PHL,6
2023,disability.pension,employees,m,42,UKR,2
2023,disability.pension,employees,f,35,RWA,2
2023,disability.pension,employees,m,29,UKR,3
2023,disability.pension,employees,m,29,MDA,6
2023,disability.pension,employees,f,20,UKR,5
2023,disability.pension,employees,f,36,PHL,2
2023,disability.pension,employees,m,36,NPL,3
2023,disability.pension,employees,m,30,TUN,2
2023,disability.pension,employees,m,33,NPL,3
2023,disability.pension,employees,m,26,BLR,3
2023,disability.pension,employees,f,27,GEO,3
2023,disability.pension,employees,m,32,MDA,3
2023,disability.pension,employees,f,28,CZE,9
2023,disability.pension,employees,f,43,IDN,2
2023,disability.pension,employees,m,26,IDN,3
2023,disability.pension,employees,f,19,NPL,2
2023,disability.pension,employees,f,25,GEO,6
2023,disability.pension,employees,m,27,IDN,3
2023,disability.pension,employees,f,32,KGZ,10
2023,disability.pension,employees,m,29,NPL,3
2023,disability.pension,employees,f,28,CMR,5
2023,disability.pension,employees,m,52,GEO,3
2023,disability.pension,employees,m,43,BGD,8
2023,disability.pension,employees,m,55,UZB,8
2023,disability.pension,employees,m,47,KAZ,6
2023,disability.pension,employees,m,61,KAZ,9
2023,disability.pension,employees,m,35,KAZ,10
2023,disability.pension,employees,f,37,KGZ,7
2023,disability.pension,employees,m,44,KOR,2
2023,disability.pension,employees,m,33,KOR,4
2023,disability.pension,employees,m,125,UKR,2
2023,disability.pension,employees,f,45,AZE,2
2023,disability.pension,employees,f,28,ZWE,2
2023,disability.pension,employees,m,58,IND,4
2023,disability.pension,employees,m,46,PHL,3
2023,disability.pension,employees,m,29,GTM,2
2023,disability.pension,employees,f,35,IDN,4
2023,disability.pension,employees,f,45,PHL,3
2023,disability.pension,employees,m,27,MAR,8
2023,disability.pension,employees,m,34,IDN,14
2023,disability.pension,employees,m,24,MNG,3
2023,disability.pension,employees,m,26,MNG,2
2023,disability.pension,employees,f,43,MNG,4
2023,disability.pension,employees,m,20,MNG,2
2023,disability.pension,employees,f,31,HUN,4
2023,disability.pension,employees,m,56,ESP,6
2023,disability.pension,employees,f,55,FRA,2
2023,disability.pension,employees,m,49,NOR,1
2023,disability.pension,employees,m,44,CMR,1
2023,disability.pension,employees,f,35,RWA,2
2023,disability.pension,employees,f,28,ETH,6
2023,disability.pension,employees,f,41,LKA,3
2023,disability.pension,employees,f,32,NPL,6
2023,disability.pension,employees,f,37,EGY,3
2023,disability.pension,employees,m,47,UKR,2
2023,disability.pension,employees,m,47,ZWE,13
2023,disability.pension,employees,m,43,NGA,6
2023,disability.pension,employees,m,33,ZWE,6
2023,disability.pension,employees,m,39,ZWE,3
2023,disability.pension,employees,m,23,DZA,6
2023,disability.pension,employees,m,28,JOR,16
2023,disability.pension,employees,f,29,LKA,4
2023,disability.pension,employees,m,36,GTM,3
2023,disability.pension,employees,m,36,BRA,4
2023,disability.pension,employees,m,27,PSE,2
2023,disability.pension,employees,f,35,BRA,22
2023,disability.pension,employees,f,25,JPN,4
2023,disability.pension,employees,f,24,MAR,3
2023,disability.pension,employees,f,37,RWA,3
2023,disability.pension,employees,m,32,KOR,20
2023,disability.pension,employees,m,58,LVA,8
2023,disability.pension,employees,m,63,LVA,2
2023,disability.pension,employees,m,37,UKR,8
2023,disability.pension,employees,m,48,THA,2
2023,disability.pension,employees,m,28,NGA,5
2023,disability.pension,employees,m,38,HRV,2
2023,disability.pension,employees,f,39,BRA,20
2023,disability.pension,employees,m,24,ZWE,10
2023,disability.pension,employees,f,25,KOR,6
2023,disability.pension,employees,m,30,KOR,24
2023,disability.pension,employees,m,31,NZL,2
2023,disability.pension,employees,m,33,JPN,10
2023,disability.pension,employees,f,35,JPN,4
2023,disability.pension,employees,f,71,JPN,1
2023,disability.pension,employees,f,65,ROU,8
2023,disability.pension,employees,m,21,IDN,6
2023,disability.pension,employees,f,23,IDN,2
2023,disability.pension,employees,m,38,IDN,3
2023,disability.pension,employees,f,37,MAR,1
2023,disability.pension,employees,f,28,EGY,2
2023,disability.pension,employees,f,25,MEX,2
2023,disability.pension,employees,m,53,ZWE,4
2023,disability.pension,employees,m,44,CUB,2
2023,disability.pension,employees,f,31,TKM,8
2023,disability.pension,employees,m,38,CRI,4
2023,disability.pension,employees,f,20,GEO,8
2023,disability.pension,employees,m,44,GEO,3
2023,disability.pension,employees,m,45,BRA,15
2023,disability.pension,employees,m,61,KOR,9
2023,disability.pension,employees,f,37,BRA,17
2023,disability.pension,employees,m,53,TKM,7
2023,disability.pension,employees,f,58,BLR,3
2023,disability.pension,employees,f,50,UKR,3
2023,disability.pension,employees,m,40,MMR,2
2023,disability.pension,employees,f,65,UKR,3
2023,disability.pension,employees,f,77,CZE,1
2023,disability.pension,employees,m,28,KOR,16
2023,disability.pension,employees,m,37,KOR,16
2023,disability.pension,employees,f,47,PHL,10
2023,disability.pension,employees,m,27,NGA,2
2023,disability.pension,employees,m,35,TUN,3
2023,disability.pension,employees,m,23,EGY,2
2023,disability.pension,employees,m,8,GEO,2
2023,disability.pension,employees,f,57,HUN,2
2023,disability.pension,employees,f,43,UKR,2
2023,disability.pension,employees,m,47,BEL,4
2023,disability.pension,employees,f,32,ZWE,4
2023,disability.pension,employees,f,39,JPN,3
2023,disability.pension,employees,f,28,RUS,2
2023,disability.pension,employees,m,48,SVN,2
2023,disability.pension,employees,m,66,ROU,4
2023,disability.pension,employees,m,78,USA,4
2023,disability.pension,employees,f,87,UKR,6
2023,disability.pension,employees,f,32,CHN,3
2023,disability.pension,employees,f,71,RUS,4
2023,disability.pension,employees,m,36,JOR,8
2023,disability.pension,employees,f,42,PER,2
2023,disability.pension,employees,m,28,BRA,2
2023,disability.pension,employees,m,59,MNG,1
2023,disability.pension,employees,m,43,LKA,16
2023,disability.pension,employees,m,61,JOR,1
2023,disability.pension,employees,m,48,CZE,2
2023,disability.pension,employees,m,29,CIV,2
2023,disability.pension,employees,m,65,CZE,5
2023,disability.pension,employees,f,87,AUT,1
2023,disability.pension,employees,m,63,PHL,1
2023,disability.pension,employees,m,71,ESP,2
2023,disability.pension,employees,m,40,SLE,1
2023,disability.pension,employees,m,56,NLD,6
2023,disability.pension,employees,m,0,SVK,1
2023,disability.pension,employees,m,49,LKA,9
2023,disability.pension,employees,m,55,SVN,2
2023,disability.pension,employees,m,28,FIN,13
2023,disability.pension,employees,m,31,SWE,15
2023,disability.pension,employees,m,59,PHL,7
2023,disability.pension,employees,m,38,PHL,3
2023,disability.pension,employees,m,52,LKA,6
2023,disability.pension,employees,m,25,LKA,8
2023,disability.pension,employees,m,62,CHE,3
2023,disability.pension,employees,m,74,CHE,2
2023,disability.pension,employees,f,33,NOR,2
2023,disability.pension,employees,f,33,COG,2
2023,disability.pension,employees,f,40,BGD,3
2023,disability.pension,employees,m,33,KAZ,2
2023,disability.pension,employees,m,68,CAN,1
2023,disability.pension,employees,f,54,TUR,1
2023,disability.pension,employees,m,36,UZB,2
2023,disability.pension,employees,m,54,KGZ,2
2023,disability.pension,employees,f,36,BRA,22
2023,disability.pension,employees,f,16,AUS,1
2023,disability.pension,employees,f,16,AFG,1
2023,disability.pension,employees,f,34,RUS,6
2023,disability.pension,employees,f,45,MEX,5
2023,disability.pension,employees,f,19,AFG,4
2023,disability.pension,employees,f,30,AFG,5
2023,disability.pension,employees,m,74,NLD,3
2023,disability.pension,employees,f,62,LVA,8
2023,disability.pension,employees,f,72,SVK,1
2023,disability.pension,employees,m,72,SVK,1
2023,disability.pension,employees,f,33,UKR,10
2023,disability.pension,employees,m,34,ARG,2
2023,disability.pension,employees,f,51,BRA,4
2023,disability.pension,employees,f,45,ROU,24
2023,disability.pension,employees,f,25,HRV,2
2023,disability.pension,employees,m,25,DZA,6
2023,disability.pension,employees,f,46,SVK,12
2023,disability.pension,employees,m,68,USA,3
2023,disability.pension,employees,m,78,BLR,3
2023,disability.pension,employees,f,51,LVA,4
2023,disability.pension,employees,m,63,NGA,1
2023,disability.pension,employees,m,21,HRV,3
2023,disability.pension,employees,f,52,IND,4
2023,disability.pension,employees,m,22,NOR,1
2023,disability.pension,employees,m,29,AGO,9
2023,disability.pension,employees,m,27,ZWE,2
2023,disability.pension,employees,f,20,GRC,2
2023,disability.pension,employees,f,50,BLR,3
2023,disability.pension,employees,f,57,PHL,4
2023,disability.pension,employees,f,30,ROU,3
2023,disability.pension,employees,f,25,UKR,2
2023,disability.pension,employees,f,27,UZB,16
2023,disability.pension,employees,m,40,UKR,2
2023,disability.pension,employees,m,47,KGZ,2
2023,disability.pension,employees,m,63,BIH,1
2023,disability.pension,employees,m,25,BIH,3
2023,disability.pension,employees,m,30,BIH,3
2023,disability.pension,employees,m,57,TKM,2
2023,disability.pension,employees,f,49,UKR,10
2023,disability.pension,employees,m,49,UKR,2
2023,disability.pension,employees,m,46,GEO,9
2023,disability.pension,employees,m,46,IRQ,2
2023,disability.pension,employees,m,58,MDA,6
2023,disability.pension,employees,f,48,USA,3
2023,disability.pension,employees,f,63,ROU,11
2023,disability.pension,employees,f,56,PRT,3
2023,disability.pension,employees,m,47,HRV,7
2023,disability.pension,employees,m,60,HRV,4
2023,disability.pension,employees,m,67,MDA,6
2023,disability.pension,employees,m,123,GEO,1
2023,disability.pension,employees,m,39,ROU,2
2023,disability.pension,employees,m,35,ROU,10
2023,disability.pension,employees,m,50,LTU,4
2023,disability.pension,employees,m,33,URY,1
2023,disability.pension,employees,f,40,ROU,4
2023,disability.pension,employees,m,53,MDA,3
2023,disability.pension,employees,m,44,ROU,4
2023,disability.pension,employees,m,45,ROU,12
2023,disability.pension,employees,f,20,ROU,9
2023,disability.pension,employees,m,62,LTU,2
2023,disability.pension,employees,m,40,LTU,18
2023,disability.pension,employees,f,63,ROU,3
2023,disability.pension,employees,f,46,UKR,2
2023,disability.pension,employees,f,21,ROU,15
2023,disability.pension,employees,f,46,DEU,2
2023,disability.pension,employees,m,39,ISR,5
2023,disability.pension,employees,m,38,LTU,4
2023,disability.pension,employees,m,29,URY,1
2023,disability.pension,employees,m,36,BLR,30
2023,disability.pension,employees,m,50,EST,3
2023,disability.pension,employees,m,60,LTU,4
2023,disability.pension,employees,m,48,KGZ,2
2023,disability.pension,employees,m,44,KAZ,6
2023,disability.pension,employees,m,62,BLR,3
2023,disability.pension,employees,m,52,AZE,4
2023,disability.pension,employees,m,48,ZWE,14
2023,disability.pension,employees,m,47,ZMB,2
2023,disability.pension,employees,m,47,ZWE,2
2023,disability.pension,employees,m,50,ZWE,19
2023,disability.pension,employees,m,51,ZWE,13
2023,disability.pension,employees,f,47,ZWE,2
2023,disability.pension,employees,m,48,ZWE,8
2023,disability.pension,employees,m,41,ZWE,6
2023,disability.pension,employees,m,38,ZMB,2
2023,disability.pension,employees,m,39,CZE,4
2023,disability.pension,employees,m,23,UZB,7
2023,disability.pension,employees,f,43,ROU,3
2023,disability.pension,employees,m,38,LTU,4
2023,disability.pension,employees,f,36,PRT,6
2023,disability.pension,employees,m,28,JPN,5
2023,disability.pension,employees,m,32,NOR,4
2023,disability.pension,employees,f,25,CHE,1
2023,disability.pension,employees,m,36,CRI,4
2023,disability.pension,employees,m,23,DOM,1
2023,disability.pension,employees,m,13,UKR,9
2023,disability.pension,employees,m,67,VNM,7
2023,disability.pension,employees,f,31,UKR,2
2023,disability.pension,employees,f,32,EGY,6
2023,disability.pension,employees,f,42,CHE,2
2023,disability.pension,employees,f,39,ZAF,6
2023,disability.pension,employees,f,28,SVK,2
2023,disability.pension,employees,m,52,RUS,3
2023,disability.pension,employees,f,41,TUR,4
2023,disability.pension,employees,f,33,UKR,2
2023,disability.pension,employees,f,26,BGR,4
2023,disability.pension,employees,f,40,FRA,2
2023,disability.pension,employees,m,55,SWE,2
2023,disability.pension,employees,m,64,AFG,2
2023,disability.pension,employees,f,32,UKR,8
2023,disability.pension,employees,m,31,MNG,5
2023,disability.pension,employees,m,17,SDN,1
2023,disability.pension,employees,f,53,CHN,2
2023,disability.pension,employees,f,55,SWE,2
2023,disability.pension,employees,m,71,RUS,4
2023,disability.pension,employees,f,49,RUS,3
2023,disability.pension,employees,m,49,ESP,3
2023,disability.pension,employees,f,56,JPN,4
2023,disability.pension,employees,m,37,LTU,2
2023,disability.pension,employees,m,69,ITA,7
2023,disability.pension,employees,f,48,CRI,2
2023,disability.pension,employees,m,35,IRN,18
2023,disability.pension,employees,f,39,CHE,1
2023,disability.pension,employees,f,42,IRN,3
2023,disability.pension,employees,m,19,LTU,5
2023,disability.pension,employees,f,43,TUR,13
2023,disability.pension,employees,f,19,LTU,3
2023,disability.pension,employees,m,26,LBN,11
2023,disability.pension,employees,m,30,SWE,2
2023,disability.pension,employees,m,31,SDN,2
2023,disability.pension,employees,f,29,PNG,1
2023,disability.pension,employees,f,50,MDA,6
2023,disability.pension,employees,f,14,ROU,2
2023,disability.pension,employees,m,9,ROU,2
2023,disability.pension,employees,f,16,ROU,5
2023,disability.pension,employees,m,12,UKR,8
2023,disability.pension,employees,f,48,UZB,2
2023,disability.pension,employees,m,56,TZA,1
2023,disability.pension,employees,m,44,TZA,3
2023,disability.pension,employees,m,69,SVK,1
2023,disability.pension,employees,m,43,MEX,3
2023,disability.pension,employees,m,34,LBY,2
2023,disability.pension,employees,m,55,NOR,2
2023,disability.pension,employees,f,29,HND,1
2023,disability.pension,employees,f,49,MYS,1
2023,disability.pension,employees,f,43,HRV,2
2023,disability.pension,employees,m,61,KAZ,4
2023,disability.pension,employees,f,44,IRN,6
2023,disability.pension,employees,f,77,ARM,1
2023,disability.pension,employees,m,64,HUN,2
2023,disability.pension,employees,f,61,AFG,1
2023,disability.pension,employees,m,77,SWE,1
2023,disability.pension,employees,m,52,SWE,4
2023,disability.pension,employees,m,35,AFG,4
2023,disability.pension,employees,m,22,AFG,2
2023,disability.pension,employees,m,45,JOR,5
2023,disability.pension,employees,f,35,BFA,1
2023,disability.pension,employees,f,39,UKR,8
2023,disability.pension,employees,f,24,LVA,4
2023,disability.pension,employees,m,49,DNK,5
2023,disability.pension,employees,f,57,BEL,1
2023,disability.pension,employees,m,71,GBR,3
2023,disability.pension,employees,m,58,IRL,3
2023,disability.pension,employees,m,80,DNK,1
2023,disability.pension,employees,f,68,DEU,2
2023,disability.pension,employees,m,46,LTU,4
2023,disability.pension,employees,m,62,HRV,1
2023,disability.pension,employees,f,49,SVN,2
2023,disability.pension,employees,m,60,DNK,2
2023,disability.pension,employees,f,35,FIN,5
2023,disability.pension,employees,m,34,RUS,3
2023,disability.pension,employees,f,39,HRV,6
2023,disability.pension,employees,f,57,FIN,2
2023,disability.pension,employees,m,74,NOR,1
2023,disability.pension,employees,f,39,ITA,21
2023,disability.pension,employees,f,29,HRV,10
2023,disability.pension,employees,m,63,NZL,1
2023,disability.pension,employees,m,44,CRI,4
2023,disability.pension,employees,f,32,TWN,3
2023,disability.pension,employees,f,35,TWN,4
2023,disability.pension,employees,f,55,BLR,3
2023,disability.pension,employees,f,24,NLD,4
2023,disability.pension,employees,f,43,LKA,2
2023,disability.pension,employees,f,27,BEL,2
2023,disability.pension,employees,f,42,GRC,3
2023,disability.pension,employees,f,54,TWN,1
2023,disability.pension,employees,f,57,TWN,2
2023,disability.pension,employees,m,47,BRA,7
2023,disability.pension,employees,f,52,USA,6
2023,disability.pension,employees,m,20,QAT,8
2023,disability.pension,employees,m,19,QAT,7
2023,disability.pension,employees,m,21,QAT,4
2023,disability.pension,employees,m,22,QAT,1
2023,disability.pension,employees,m,33,ZAF,4
2023,disability.pension,employees,f,44,BEL,1
2023,disability.pension,employees,m,52,NZL,2
2023,disability.pension,employees,f,7,RUS,1
2023,disability.pension,employees,f,11,RUS,1
2023,disability.pension,employees,f,7,BLR,1
2023,disability.pension,employees,m,14,VNM,2
2023,disability.pension,employees,f,33,GRC,7
2023,disability.pension,employees,m,75,LTU,1
2023,disability.pension,employees,m,56,GBR,4
2023,disability.pension,employees,m,37,CZE,3
2023,disability.pension,employees,f,47,HUN,11
2023,disability.pension,employees,m,13,BLR,1
2023,disability.pension,employees,f,26,BEL,4
2023,disability.pension,employees,m,34,CAN,4
2023,disability.pension,employees,m,70,CHE,2
2023,disability.pension,employees,m,68,DNK,2
2023,disability.pension,employees,f,53,AFG,4
2023,disability.pension,employees,m,59,AGO,1
2023,disability.pension,employees,f,60,DZA,1
2023,disability.pension,employees,f,57,AUT,1
2023,disability.pension,employees,m,83,UKR,3
2023,disability.pension,employees,m,41,GRC,4
2023,disability.pension,employees,f,24,ALB,6
2023,disability.pension,employees,f,61,UKR,4
2023,disability.pension,employees,f,40,TUN,3
2023,disability.pension,employees,m,34,CIV,2
2023,disability.pension,employees,f,65,LTU,6
2023,disability.pension,employees,f,47,MEX,2
2023,disability.pension,employees,f,48,CMR,1
2023,disability.pension,employees,m,64,IRN,2
2023,disability.pension,employees,m,22,GMB,1
2023,disability.pension,employees,m,70,NZL,1
2023,disability.pension,employees,m,64,CHN,5
2023,disability.pension,employees,m,78,SWE,1
2023,disability.pension,employees,f,26,LTU,4
2023,disability.pension,employees,m,57,BLR,8
2023,disability.pension,employees,m,46,HUN,18
2023,disability.pension,employees,f,27,MEX,7
2023,disability.pension,employees,f,43,UZB,2
2023,disability.pension,employees,m,65,NOR,1
2023,disability.pension,employees,f,39,MUS,1
2023,disability.pension,employees,f,6,UKR,4
2023,disability.pension,employees,f,33,COG,2
2023,disability.pension,employees,m,57,LKA,3
2023,disability.pension,employees,f,27,GHA,2
2023,disability.pension,employees,f,60,GBR,2
2023,disability.pension,employees,f,37,TWN,1
2023,disability.pension,employees,m,45,ITA,3
2023,disability.pension,employees,f,32,GRC,9
2023,disability.pension,employees,m,65,HRV,2
2023,disability.pension,employees,m,64,TUN,2
2023,disability.pension,employees,f,51,SWE,6
2023,disability.pension,employees,m,41,CMR,4
2023,disability.pension,employees,f,40,EST,4
2023,disability.pension,employees,m,33,DNK,5
2023,disability.pension,employees,f,32,CIV,2
2023,disability.pension,employees,f,32,CMR,7
2023,disability.pension,employees,m,20,DEU,7
2023,disability.pension,employees,f,56,FRA,2
2023,disability.pension,employees,f,24,UZB,2
2023,disability.pension,employees,f,28,AZE,12
2023,disability.pension,employees,m,24,BDI,1
2023,disability.pension,employees,m,28,BGR,4
2023,disability.pension,employees,f,27,DZA,4
2023,disability.pension,employees,f,84,RUS,2
2023,disability.pension,employees,m,48,SAU,1
2023,disability.pension,employees,m,45,SAU,1
2023,disability.pension,employees,m,49,SAU,1
2023,disability.pension,employees,m,58,ZAF,1
2023,disability.pension,employees,m,59,NZL,1
2023,disability.pension,employees,f,69,ITA,3
2023,disability.pension,employees,f,17,ROU,1
2023,disability.pension,employees,m,15,ROU,3
2023,disability.pension,employees,f,13,ROU,4
2023,disability.pension,employees,f,14,ROU,2
2023,disability.pension,employees,f,12,ROU,2
2023,disability.pension,employees,m,14,ROU,5
2023,disability.pension,employees,m,10,ROU,4
2023,disability.pension,employees,m,11,ROU,3
2023,disability.pension,employees,f,9,ROU,1
2023,disability.pension,employees,m,12,ROU,3
2023,disability.pension,employees,m,47,DZA,4
2023,disability.pension,employees,m,23,JOR,4
2023,disability.pension,employees,m,24,MAR,6
2023,disability.pension,employees,m,26,CYP,1
2023,disability.pension,employees,f,34,USA,10
2023,disability.pension,employees,m,60,KAZ,3
2023,disability.pension,employees,f,59,SWE,1
2023,disability.pension,employees,f,33,UGA,7
2023,disability.pension,employees,f,39,MAR,2
2023,disability.pension,employees,m,53,VNM,7
2023,disability.pension,employees,m,9,BGD,1
2023,disability.pension,employees,f,7,BGD,1
2023,disability.pension,employees,f,28,BLR,5
2023,disability.pension,employees,f,16,NOR,1
2023,disability.pension,employees,m,40,CAN,2
2023,disability.pension,employees,m,37,GMB,2
2023,disability.pension,employees,m,71,VNM,3
2023,disability.pension,employees,m,57,IDN,2
2023,disability.pension,employees,m,22,VNM,2
2023,disability.pension,employees,m,70,NOR,2
2023,disability.pension,employees,f,26,MDG,1
2023,disability.pension,employees,m,27,COG,6
2023,disability.pension,employees,f,29,DNK,3
2023,disability.pension,employees,f,30,FIN,6
2023,disability.pension,employees,m,48,ISL,1
2023,disability.pension,employees,m,21,DNK,2
2023,disability.pension,employees,f,21,DNK,2
2023,disability.pension,employees,m,24,MDA,3
2023,disability.pension,employees,f,21,MNG,2
2023,disability.pension,employees,m,50,MYS,2
2023,disability.pension,employees,f,43,AND,1
2023,disability.pension,employees,f,24,THA,2
2023,disability.pension,employees,f,32,SLV,2
2023,disability.pension,employees,f,30,UKR,3
2023,disability.pension,employees,m,51,NOR,1
2023,disability.pension,employees,m,39,AUS,5
2023,disability.pension,employees,m,16,SDN,1
2023,disability.pension,employees,f,8,KOR,2
2023,disability.pension,employees,f,11,GBR,2
2023,disability.pension,employees,f,20,SVK,2
2023,disability.pension,employees,f,18,GHA,1
2023,disability.pension,employees,f,58,ESP,4
2023,disability.pension,employees,m,44,EST,2
2023,disability.pension,employees,m,53,MLI,3
2023,disability.pension,employees,m,37,SEN,1
2023,disability.pension,employees,f,41,NLD,3
2023,disability.pension,employees,m,41,YEM,2
2023,disability.pension,employees,m,34,AGO,4
2023,disability.pension,employees,m,53,BRA,6
2023,disability.pension,employees,m,38,JOR,2
2023,disability.pension,employees,m,35,SEN,1
2023,disability.pension,employees,f,40,HUN,13
2023,disability.pension,employees,f,59,DNK,1
2023,disability.pension,employees,f,43,BRA,10
2023,disability.pension,employees,f,39,SLV,1
2023,disability.pension,employees,m,34,PAK,6
2023,disability.pension,employees,m,32,YEM,5
2023,disability.pension,employees,f,35,PRT,8
2023,disability.pension,employees,m,29,COG,2
2023,disability.pension,employees,f,32,PER,7
2023,disability.pension,employees,f,47,PRT,4
2023,disability.pension,employees,m,25,PRT,20
2023,disability.pension,employees,f,28,BRA,15
2023,disability.pension,employees,m,30,SEN,2
2023,disability.pension,employees,m,25,MLI,2
2023,disability.pension,employees,m,27,ZMB,5
2023,disability.pension,employees,m,29,PSE,7
2023,disability.pension,employees,m,30,CMR,8
2023,disability.pension,employees,f,29,MYS,6
2023,disability.pension,employees,m,31,SEN,3
2023,disability.pension,employees,f,30,PRT,12
2023,disability.pension,employees,m,35,BDI,2
2023,disability.pension,employees,f,28,TUN,11
2023,disability.pension,employees,m,29,CMR,12
2023,disability.pension,employees,m,53,EGY,2
2023,disability.pension,employees,f,23,THA,1
2023,disability.pension,employees,f,59,HRV,1
2023,disability.pension,employees,f,25,HUN,11
2023,disability.pension,employees,f,61,FIN,1
2023,disability.pension,employees,f,29,MDG,1
2023,disability.pension,employees,m,32,RWA,4
2023,disability.pension,employees,f,31,HRV,1
2023,disability.pension,employees,m,27,SAU,3
2023,disability.pension,employees,m,28,STP,1
2023,disability.pension,employees,f,26,MAR,15
2023,disability.pension,employees,f,28,MAR,10
2023,disability.pension,employees,m,30,CIV,2
2023,disability.pension,employees,f,22,TZA,6
2023,disability.pension,employees,m,27,PSE,9
2023,disability.pension,employees,f,57,CHE,1
2023,disability.pension,employees,m,24,AGO,4
2023,disability.pension,employees,m,35,CMR,6
2023,disability.pension,employees,m,29,FRA,2
2023,disability.pension,employees,m,35,SAU,2
2023,disability.pension,employees,f,31,SVN,4
2023,disability.pension,employees,m,24,BDI,2
2023,disability.pension,employees,f,20,EGY,1
2023,disability.pension,employees,f,31,FRA,16
2023,disability.pension,employees,m,34,MDG,1
2023,disability.pension,employees,f,26,CZE,14
2023,disability.pension,employees,f,29,KAZ,45
2023,disability.pension,employees,m,25,SDN,1
2023,disability.pension,employees,f,25,SOM,2
2023,disability.pension,employees,f,27,CMR,2
2023,disability.pension,employees,m,23,URY,1
2023,disability.pension,employees,f,34,RWA,2
2023,disability.pension,employees,f,26,PRT,9
2023,disability.pension,employees,f,23,AGO,5
2023,disability.pension,employees,f,30,DZA,4
2023,disability.pension,employees,f,25,DEU,9
2023,disability.pension,employees,f,22,PRT,3
2023,disability.pension,employees,f,26,AGO,3
2023,disability.pension,employees,m,20,BEL,1
2023,disability.pension,employees,m,25,ITA,4
2023,disability.pension,employees,f,26,ITA,4
2023,disability.pension,employees,m,29,GIN,2
2023,disability.pension,employees,f,21,CHL,1
2023,disability.pension,employees,m,26,AGO,10
2023,disability.pension,employees,m,26,AUT,6
2023,disability.pension,employees,m,38,KAZ,6
2023,disability.pension,employees,f,23,PRT,7
2023,disability.pension,employees,f,29,EGY,8
2023,disability.pension,employees,m,54,CHE,5
2023,disability.pension,employees,m,25,SUR,1
2023,disability.pension,employees,m,25,COG,5
2023,disability.pension,employees,f,22,SVK,3
2023,disability.pension,employees,m,33,FRA,3
2023,disability.pension,employees,f,29,DZA,3
2023,disability.pension,employees,m,38,RWA,4
2023,disability.pension,employees,m,24,BEL,6
2023,disability.pension,employees,m,32,ECU,7
2023,disability.pension,employees,f,18,ITA,2
2023,disability.pension,employees,f,23,LVA,4
2023,disability.pension,employees,f,30,BRA,21
2023,disability.pension,employees,f,20,DEU,5
2023,disability.pension,employees,m,33,SVN,3
2023,disability.pension,employees,m,23,CYP,4
2023,disability.pension,employees,f,34,CHL,3
2023,disability.pension,employees,m,31,KEN,2
2023,disability.pension,employees,f,50,BLR,3
2023,disability.pension,employees,f,29,SAU,1
2023,disability.pension,employees,m,13,RUS,2
2023,disability.pension,employees,f,27,FIN,9
2023,disability.pension,employees,m,28,LBY,2
2023,disability.pension,employees,m,53,UKR,3
2023,disability.pension,employees,m,60,FIN,2
2023,disability.pension,employees,f,24,FIN,3
2023,disability.pension,employees,m,63,SWE,2
2023,disability.pension,employees,f,29,LBN,9
2023,disability.pension,employees,f,42,NLD,2
2023,disability.pension,employees,f,41,DZA,1
2023,disability.pension,employees,m,49,BGR,2
2023,disability.pension,employees,m,26,ARM,4
2023,disability.pension,employees,f,58,HUN,2
2023,disability.pension,employees,f,23,DEU,8
2023,disability.pension,employees,f,22,ROU,15
2023,disability.pension,employees,m,22,HUN,6
2023,disability.pension,employees,m,20,SVK,2
2023,disability.pension,employees,f,29,AUT,4
2023,disability.pension,employees,m,25,SVK,12
2023,disability.pension,employees,f,20,HUN,3
2023,disability.pension,employees,f,24,CZE,4
2023,disability.pension,employees,f,22,HUN,4
2023,disability.pension,employees,m,19,HUN,3
2023,disability.pension,employees,f,24,DEU,10
2023,disability.pension,employees,m,37,UKR,2
2023,disability.pension,employees,m,32,GHA,8
2023,disability.pension,employees,f,29,GHA,2
2023,disability.pension,employees,m,26,RWA,3
2023,disability.pension,employees,m,33,IDN,3
2023,disability.pension,employees,m,31,ZMB,3
2023,disability.pension,employees,m,30,ROU,16
2023,disability.pension,employees,m,37,SVN,7
2023,disability.pension,employees,m,77,GBR,2
2023,disability.pension,employees,f,33,AGO,2
2023,disability.pension,employees,m,29,CMR,3
2023,disability.pension,employees,m,31,GRC,2
2023,disability.pension,employees,f,28,ZAF,11
2023,disability.pension,employees,f,38,CAN,1
2023,disability.pension,employees,f,36,RWA,5
2023,disability.pension,employees,m,49,HUN,4
2023,disability.pension,employees,m,61,CUB,2
2023,disability.pension,employees,m,36,NLD,4
2023,disability.pension,employees,f,40,ISR,2
2023,disability.pension,employees,m,46,ISR,7
2023,disability.pension,employees,f,39,TJK,2
2023,disability.pension,employees,m,52,CHE,1
2023,disability.pension,employees,m,59,THA,3
2023,disability.pension,employees,m,31,THA,5
2023,disability.pension,employees,m,42,THA,9
2023,disability.pension,employees,f,42,UZB,4
2023,disability.pension,employees,m,61,AZE,6
2023,disability.pension,employees,m,50,ZWE,4
2023,disability.pension,employees,m,27,LKA,2
2023,disability.pension,employees,m,24,NGA,2
2023,disability.pension,employees,m,33,GHA,13
2023,disability.pension,employees,f,30,NER,3
2023,disability.pension,employees,f,41,RWA,1
2023,disability.pension,employees,m,43,LKA,10
2023,disability.pension,employees,m,40,ETH,1
2023,disability.pension,employees,f,44,TKM,1
2023,disability.pension,employees,f,23,TZA,4
2023,disability.pension,employees,f,26,NGA,6
2023,disability.pension,employees,f,33,ZAF,5
2023,disability.pension,employees,f,66,RUS,7
2023,disability.pension,employees,f,51,CHL,1
2023,disability.pension,employees,f,32,COL,3
2023,disability.pension,employees,m,35,GRC,2
2023,disability.pension,employees,f,53,HRV,2
2023,disability.pension,employees,m,56,ESP,2
2023,disability.pension,employees,m,30,ITA,6
2023,disability.pension,employees,m,26,UKR,3
2023,disability.pension,employees,f,24,COL,8
2023,disability.pension,employees,f,34,VEN,5
2023,disability.pension,employees,f,57,COL,2
2023,disability.pension,employees,f,39,LTU,3
2023,disability.pension,employees,m,1,TJK,1
2023,disability.pension,employees,f,23,GTM,2
2023,disability.pension,employees,f,52,UZB,5
2023,disability.pension,employees,f,31,MDA,4
2023,disability.pension,employees,f,52,TUR,5
2023,disability.pension,employees,f,35,GEO,22
2023,disability.pension,employees,m,61,UKR,4
2023,disability.pension,employees,f,47,UKR,15
2023,disability.pension,employees,f,57,UKR,5
2023,disability.pension,employees,f,22,BLR,12
2023,disability.pension,employees,m,61,LTU,2
2023,disability.pension,employees,m,35,CAN,4
2023,disability.pension,employees,f,23,AFG,3
2023,disability.pension,employees,f,30,UKR,4
2023,disability.pension,employees,m,35,CHE,3
2023,disability.pension,employees,f,34,FIN,4
2023,disability.pension,employees,f,29,IRN,4
2023,disability.pension,employees,f,36,HRV,5
2023,disability.pension,employees,f,24,ZWE,3
2023,disability.pension,employees,f,31,EGY,9
2023,disability.pension,employees,f,45,NOR,4
2023,disability.pension,employees,f,28,NER,2
2023,disability.pension,employees,f,26,EST,1
2023,disability.pension,employees,m,33,TWN,3
2023,disability.pension,employees,f,41,ETH,1
2023,disability.pension,employees,f,34,IRQ,1
2023,disability.pension,employees,m,10,UKR,12
2023,disability.pension,employees,m,67,CHN,1
2023,disability.pension,employees,m,31,QAT,1
2023,disability.pension,employees,f,30,MEX,15
2023,disability.pension,employees,m,2,GEO,2
2023,disability.pension,employees,m,46,JOR,3
2023,disability.pension,employees,m,50,CHE,3
2023,disability.pension,employees,f,42,BRA,7
2023,disability.pension,employees,m,53,UKR,5
2023,disability.pension,employees,f,60,GEO,6
2023,disability.pension,employees,f,167,UKR,1
2023,disability.pension,employees,m,52,LVA,8
2023,disability.pension,employees,f,27,TUN,12
2023,disability.pension,employees,m,54,RUS,2
2023,disability.pension,employees,f,49,UZB,4
2023,disability.pension,employees,f,31,KGZ,7
2023,disability.pension,employees,m,24,LBN,2
2023,disability.pension,employees,m,39,SVK,2
2023,disability.pension,employees,m,26,CRI,3
2023,disability.pension,employees,m,47,MDA,4
2023,disability.pension,employees,f,54,GEO,3
2023,disability.pension,employees,f,31,GEO,9
2023,disability.pension,employees,m,66,MDA,2
2023,disability.pension,employees,m,44,UKR,2
2023,disability.pension,employees,m,34,UKR,6
2023,disability.pension,employees,f,28,GEO,3
2023,disability.pension,employees,f,46,KOR,2
2023,disability.pension,employees,m,25,UKR,2
2023,disability.pension,employees,m,0,ITA,1
2023,disability.pension,employees,m,67,RUS,4
2023,disability.pension,employees,m,38,THA,10
2023,disability.pension,employees,f,61,UGA,1
2023,disability.pension,employees,f,31,ARG,5
2023,disability.pension,employees,f,62,UKR,4
2023,disability.pension,employees,m,40,ROU,2
2023,disability.pension,employees,m,58,EST,2
2023,disability.pension,employees,m,73,UKR,2
2023,disability.pension,employees,m,29,SOM,3
2023,disability.pension,employees,f,28,RWA,6
2023,disability.pension,employees,f,41,UKR,2
2023,disability.pension,employees,f,60,RUS,2
2023,disability.pension,employees,f,46,HUN,5
2023,disability.pension,employees,f,40,RUS,2
2023,disability.pension,employees,m,37,NGA,2
2023,disability.pension,employees,f,47,UKR,2
2023,disability.pension,employees,m,21,SAU,2
2023,disability.pension,employees,m,23,SAU,1
2023,disability.pension,employees,m,44,ZMB,1
2023,disability.pension,employees,f,34,NOR,1
2023,disability.pension,employees,m,41,GEO,3
2023,disability.pension,employees,f,46,CAN,1
2023,disability.pension,employees,f,33,BLR,4
2023,disability.pension,employees,m,29,UKR,2
2023,disability.pension,employees,m,57,TJK,3
2023,disability.pension,employees,f,30,KGZ,14
2023,disability.pension,employees,m,56,AUS,3
2023,disability.pension,employees,m,37,EST,4
2023,disability.pension,employees,f,31,BLR,3
2023,disability.pension,employees,m,45,SVN,5
2023,disability.pension,employees,m,46,KOR,26
2023,disability.pension,employees,f,46,BLR,2
2023,disability.pension,employees,m,45,UKR,5
2023,disability.pension,employees,m,33,NGA,2
2023,disability.pension,employees,f,53,HUN,4
2023,disability.pension,employees,f,27,UKR,2
2023,disability.pension,employees,f,37,UZB,11
2023,disability.pension,employees,f,2,MDA,1
2023,disability.pension,employees,f,50,HUN,5
2023,disability.pension,employees,m,26,GUY,1
2023,disability.pension,employees,m,23,GUY,1
2023,disability.pension,employees,m,45,GUY,1
2023,disability.pension,employees,m,41,EST,3
2023,disability.pension,employees,m,30,UKR,2
2023,disability.pension,employees,f,58,DNK,1
2023,disability.pension,employees,f,53,MLT,1
2023,disability.pension,employees,m,55,NGA,4
2023,disability.pension,employees,m,44,THA,5
2023,disability.pension,employees,m,67,UKR,2
2023,disability.pension,employees,m,55,IDN,3
2023,disability.pension,employees,f,48,KAZ,2
2023,disability.pension,employees,m,58,NGA,2
2023,disability.pension,employees,f,27,ECU,2
2023,disability.pension,employees,m,31,LTU,4
2023,disability.pension,employees,m,51,NLD,2
2023,disability.pension,employees,m,27,UKR,2
2023,disability.pension,employees,m,19,UKR,2
2023,disability.pension,employees,f,30,UKR,60
2023,disability.pension,employees,m,19,BLR,9
2023,disability.pension,employees,f,19,ROU,6
2023,disability.pension,employees,f,18,UZB,1
2023,disability.pension,employees,m,20,TKM,2
2023,disability.pension,employees,f,22,COL,2
2023,disability.pension,employees,f,53,TUR,5
2023,disability.pension,employees,f,57,KAZ,6
2023,disability.pension,employees,m,51,ESP,2
2023,disability.pension,employees,m,34,SOM,2
2023,disability.pension,employees,f,19,GEO,2
2023,disability.pension,employees,m,22,SOM,1
2023,disability.pension,employees,m,34,MDA,3
2023,disability.pension,employees,f,42,ISR,1
2023,disability.pension,employees,m,63,GBR,3
2023,disability.pension,employees,m,24,BLR,6
2023,disability.pension,employees,m,39,THA,7
2023,disability.pension,employees,m,50,THA,6
2023,disability.pension,employees,m,42,THA,4
2023,disability.pension,employees,f,53,THA,2
2023,disability.pension,employees,m,35,MMR,1
2023,disability.pension,employees,m,20,IRL,4
2023,disability.pension,employees,f,56,MDA,3
2023,disability.pension,employees,m,53,CHL,2
2023,disability.pension,employees,m,61,GEO,10
2023,disability.pension,employees,f,26,UZB,4
2023,disability.pension,employees,m,30,COG,6
2023,disability.pension,employees,f,47,FRA,6
2023,disability.pension,employees,m,38,ISR,3
2023,disability.pension,employees,m,49,ZAF,2
2023,disability.pension,employees,m,66,EGY,1
2023,disability.pension,employees,f,50,DZA,2
2023,disability.pension,employees,f,38,FRA,2
2023,disability.pension,employees,m,63,BGR,14
2023,disability.pension,employees,f,38,KAZ,4
2023,disability.pension,employees,f,25,AUS,1
2023,disability.pension,employees,f,47,CUB,2
2023,disability.pension,employees,m,34,MKD,2
2023,disability.pension,employees,f,30,HRV,5
2023,disability.pension,employees,m,18,CUB,1
2023,disability.pension,employees,m,15,AFG,1
2023,disability.pension,employees,m,16,AFG,1
2023,disability.pension,employees,m,46,KGZ,4
2023,disability.pension,employees,m,57,KAZ,2
2023,disability.pension,employees,m,51,KGZ,4
2023,disability.pension,employees,m,29,TJK,2
2023,disability.pension,employees,m,42,TJK,4
2023,disability.pension,employees,f,44,DEU,2
2023,disability.pension,employees,m,60,AUT,5
2023,disability.pension,employees,f,60,GBR,4
2023,disability.pension,employees,m,50,TWN,2
2023,disability.pension,employees,f,36,MDA,8
2023,disability.pension,employees,m,50,NPL,2
2023,disability.pension,employees,m,38,UKR,2
2023,disability.pension,employees,m,48,BEL,2
2023,disability.pension,employees,f,53,ARM,2
2023,disability.pension,employees,f,44,UZB,2
2023,disability.pension,employees,m,57,THA,2
2023,disability.pension,employees,m,0,ARG,2
2023,disability.pension,employees,m,53,UKR,2
2023,disability.pension,employees,f,58,BEL,3
2023,disability.pension,employees,m,45,KAZ,6
2023,disability.pension,employees,m,42,TUR,12
2023,disability.pension,employees,m,63,KGZ,1
2023,disability.pension,employees,m,34,BLR,4
2023,disability.pension,employees,m,25,TJK,2
2023,disability.pension,employees,f,30,TWN,2
2023,disability.pension,employees,m,23,JPN,6
2023,disability.pension,employees,m,32,UKR,2
2023,disability.pension,employees,m,44,QAT,1
2023,disability.pension,employees,f,56,MDA,4
2023,disability.pension,employees,m,57,UKR,2
2023,disability.pension,employees,f,61,MDA,2
2023,disability.pension,employees,f,73,GEO,1
2023,disability.pension,employees,m,62,MDA,6
2023,disability.pension,employees,f,18,MDA,6
2023,disability.pension,employees,m,42,TJK,3
2023,disability.pension,employees,m,28,TJK,4
2023,disability.pension,employees,m,36,BIH,5
2023,disability.pension,employees,f,62,ROU,10
2023,disability.pension,employees,m,38,DEU,3
2023,disability.pension,employees,m,47,GEO,6
2023,disability.pension,employees,m,29,BLR,2
2023,disability.pension,employees,f,36,UKR,6
2023,disability.pension,employees,f,48,UKR,5
2023,disability.pension,employees,m,26,GEO,6
2023,disability.pension,employees,f,50,ROU,38
2023,disability.pension,employees,f,19,TUR,3
2023,disability.pension,employees,f,36,LBN,2
2023,disability.pension,employees,m,38,LBN,6
2023,disability.pension,employees,m,36,BFA,1
2023,disability.pension,employees,m,35,IND,4
2023,disability.pension,employees,m,55,ISL,1
2023,disability.pension,employees,f,71,GRC,1
2023,disability.pension,employees,f,42,IRL,2
2023,disability.pension,employees,m,57,COD,1
2023,disability.pension,employees,m,67,CZE,4
2023,disability.pension,employees,f,30,ROU,8
2023,disability.pension,employees,f,38,HUN,11
2023,disability.pension,employees,f,31,ITA,2
2023,disability.pension,employees,m,43,ECU,1
2023,disability.pension,employees,m,37,CHE,2
2023,disability.pension,employees,m,63,LTU,5
2023,disability.pension,employees,m,25,DOM,2
2023,disability.pension,employees,m,26,DOM,1
2023,disability.pension,employees,m,24,DOM,1
2023,disability.pension,employees,f,42,JPN,6
2023,disability.pension,employees,f,49,IRL,1
2023,disability.pension,employees,m,31,TZA,8
2023,disability.pension,employees,m,23,SWE,2
2023,disability.pension,employees,m,2,BEL,1
2023,disability.pension,employees,m,25,SWE,5
2023,disability.pension,employees,m,22,FIN,5
2023,disability.pension,employees,m,21,HUN,5
2023,disability.pension,employees,m,21,HUN,2
2023,disability.pension,employees,f,21,HUN,3
2023,disability.pension,employees,m,19,LVA,3
2023,disability.pension,employees,m,20,LVA,8
2023,disability.pension,employees,m,56,KAZ,2
2023,disability.pension,employees,m,45,BLR,3
2023,disability.pension,employees,f,54,HRV,2
2023,disability.pension,employees,m,33,NER,7
2023,disability.pension,employees,m,54,BIH,1
2023,disability.pension,employees,m,17,URY,1
2023,disability.pension,employees,m,51,IRL,4
2023,disability.pension,employees,m,73,RUS,6
2023,disability.pension,employees,f,59,CZE,4
2023,disability.pension,employees,f,59,FRA,2
2023,disability.pension,employees,f,47,VNM,6
2023,disability.pension,employees,f,29,AND,1
2023,disability.pension,employees,f,41,COG,2
2023,disability.pension,employees,f,34,CZE,2
2023,disability.pension,employees,m,15,KAZ,2
2023,disability.pension,employees,m,16,KAZ,2
2023,disability.pension,employees,f,42,BEL,3
2023,disability.pension,employees,m,67,CUB,2
2023,disability.pension,employees,m,64,SVK,3
2023,disability.pension,employees,m,18,BGR,2
2023,disability.pension,employees,m,56,GEO,5
2023,disability.pension,employees,m,66,GEO,3
2023,disability.pension,employees,m,59,KGZ,2
2023,disability.pension,employees,m,55,MUS,1
2023,disability.pension,employees,f,34,NLD,3
2023,disability.pension,employees,m,70,TUR,1
2023,disability.pension,employees,m,32,IDN,3
2023,disability.pension,employees,m,2,IND,1
2023,disability.pension,employees,m,39,GEO,3
2023,disability.pension,employees,m,28,BLR,12
2023,disability.pension,employees,f,38,UGA,6
2023,disability.pension,employees,m,1,MDA,2
2023,disability.pension,employees,m,36,UKR,2
2023,disability.pension,employees,m,41,TWN,3
2023,disability.pension,employees,f,38,TWN,2
2023,disability.pension,employees,m,32,THA,7
2023,disability.pension,employees,m,45,PAN,1
2023,disability.pension,employees,f,29,GRC,12
2023,disability.pension,employees,f,23,RUS,10
2023,disability.pension,employees,f,68,ROU,11
2023,disability.pension,employees,f,79,CAN,1
2023,disability.pension,employees,m,74,BEL,1
2023,disability.pension,employees,f,78,FIN,1
2023,disability.pension,employees,m,61,PHL,7
2023,disability.pension,employees,m,53,PHL,6
2023,disability.pension,employees,m,44,LKA,10
2023,disability.pension,employees,m,54,PHL,12
2023,disability.pension,employees,m,39,LKA,7
2023,disability.pension,employees,f,30,LKA,2
2023,disability.pension,employees,f,31,NPL,6
2023,disability.pension,employees,f,43,NLD,1
2023,disability.pension,employees,m,55,NOR,6
2023,disability.pension,employees,m,63,TJK,2
2023,disability.pension,employees,f,55,TJK,2
2023,disability.pension,employees,m,25,CHN,2
2023,disability.pension,employees,f,19,KHM,1
2023,disability.pension,employees,f,30,UKR,2
2023,disability.pension,employees,f,62,PHL,1
2023,disability.pension,employees,f,68,ITA,2
2023,disability.pension,employees,m,33,AND,1
2023,disability.pension,employees,f,32,LVA,4
2023,disability.pension,employees,m,67,LVA,2
2023,disability.pension,employees,f,36,CHE,2
2023,disability.pension,employees,m,45,YEM,4
2023,disability.pension,employees,m,57,UKR,8
2023,disability.pension,employees,f,33,PER,3
2023,disability.pension,employees,m,37,VEN,8
2023,disability.pension,employees,f,51,VEN,3
2023,disability.pension,employees,f,48,CUB,2
2023,disability.pension,employees,m,47,CUB,1
2023,disability.pension,employees,m,53,CUB,2
2023,disability.pension,employees,f,58,COL,1
2023,disability.pension,employees,f,43,VEN,1
2023,disability.pension,employees,f,56,COL,2
2023,disability.pension,employees,f,24,MDA,8
2023,disability.pension,employees,m,56,LKA,3
2023,disability.pension,employees,m,58,LKA,2
2023,disability.pension,employees,f,76,GEO,1
2023,disability.pension,employees,m,55,LKA,3
2023,disability.pension,employees,m,46,LKA,4
2023,disability.pension,employees,f,39,PER,3
2023,disability.pension,employees,f,39,GEO,2
2023,disability.pension,employees,m,54,LKA,3
2023,disability.pension,employees,m,44,LKA,2
2023,disability.pension,employees,m,60,LKA,1
2023,disability.pension,employees,f,44,AUT,1
2023,disability.pension,employees,m,60,MNG,1
2023,disability.pension,employees,f,57,ITA,2
2023,disability.pension,employees,m,60,CHE,1
2023,disability.pension,employees,m,40,CAN,3
2023,disability.pension,employees,f,33,MYS,2
2023,disability.pension,employees,f,21,GBR,4
2023,disability.pension,employees,f,23,DNK,1
2023,disability.pension,employees,f,40,PAK,3
2023,disability.pension,employees,m,34,ZAF,2
2023,disability.pension,employees,m,37,SAU,2
2023,disability.pension,employees,f,38,SWE,3
2023,disability.pension,employees,f,85,BLR,1
2023,disability.pension,employees,f,95,BLR,1
2023,disability.pension,employees,f,26,SLV,1
2023,disability.pension,employees,m,33,ESP,3
2023,disability.pension,employees,f,41,COG,1
2023,disability.pension,employees,f,32,MYS,2
2023,disability.pension,employees,f,34,MYS,1
2023,disability.pension,employees,m,71,AUT,2
2023,disability.pension,employees,f,44,LTU,3
2023,disability.pension,employees,m,56,ESP,2
2023,disability.pension,employees,f,40,JPN,3
2023,disability.pension,employees,m,53,HRV,3
2023,disability.pension,employees,f,34,IDN,2
2023,disability.pension,employees,f,22,RWA,8
2023,disability.pension,employees,f,24,MMR,1
2023,disability.pension,employees,m,28,VNM,2
2023,disability.pension,employees,f,34,LKA,2
2023,disability.pension,employees,m,42,ETH,2
2023,disability.pension,employees,m,36,AGO,2
2023,disability.pension,employees,m,41,ETH,3
2023,disability.pension,employees,m,23,GHA,7
2023,disability.pension,employees,m,64,USA,2
2023,disability.pension,employees,m,43,DEU,4
2023,disability.pension,employees,f,57,GAB,1
2023,disability.pension,employees,f,69,SVK,2
2023,disability.pension,employees,m,35,TWN,2
2023,disability.pension,employees,f,43,UGA,2
2023,disability.pension,employees,m,51,ITA,6
2023,disability.pension,employees,f,31,CAN,2
2023,disability.pension,employees,f,41,CHL,2
2023,disability.pension,employees,f,35,EGY,2
2023,disability.pension,employees,f,45,IRN,2
2023,disability.pension,employees,m,61,ISR,4
2023,disability.pension,employees,f,37,BIH,1
2023,disability.pension,employees,f,70,CZE,2
2023,disability.pension,employees,f,37,USA,8
2023,disability.pension,employees,m,64,PRT,3
2023,disability.pension,employees,f,40,ROU,20
2023,disability.pension,employees,m,43,SVK,3
2023,disability.pension,employees,f,1,MDA,2
2023,disability.pension,employees,f,5,ITA,1
2023,disability.pension,employees,f,2,ITA,1
2023,disability.pension,employees,m,61,EST,2
2023,disability.pension,employees,f,55,BRA,1
2023,disability.pension,employees,f,59,BRA,1
2023,disability.pension,employees,f,61,ITA,4
2023,disability.pension,employees,m,32,UKR,6
2023,disability.pension,employees,f,59,RUS,6
2023,disability.pension,employees,m,55,AUT,2
2023,disability.pension,employees,f,61,AUT,1
2023,disability.pension,employees,f,61,JPN,3
2023,disability.pension,employees,f,45,BEL,1
2023,disability.pension,employees,f,60,JPN,1
2023,disability.pension,employees,m,54,IRL,2
2023,disability.pension,employees,f,62,IRN,2
2023,disability.pension,employees,m,41,CAN,4
2023,disability.pension,employees,m,44,NLD,2
2023,disability.pension,employees,m,52,JPN,2
2023,disability.pension,employees,f,52,HUN,2
2023,disability.pension,employees,f,41,HUN,12
2023,disability.pension,employees,f,36,MKD,2
2023,disability.pension,employees,f,32,HUN,4
2023,disability.pension,employees,f,33,TWN,4
2023,disability.pension,employees,f,51,GRC,2
2023,disability.pension,employees,f,36,EST,2
2023,disability.pension,employees,f,56,SWE,2
2023,disability.pension,employees,f,38,ARG,3
2023,disability.pension,employees,m,41,GTM,7
2023,disability.pension,employees,m,27,CMR,9
2023,disability.pension,employees,m,48,IRN,5
2023,disability.pension,employees,m,45,CHL,3
2023,disability.pension,employees,f,39,SAU,1
2023,disability.pension,employees,f,51,CAN,2
2023,disability.pension,employees,f,35,ISR,2
2023,disability.pension,employees,f,21,NOR,1
2023,disability.pension,employees,f,31,TWN,8
2023,disability.pension,employees,f,27,NLD,2
2023,disability.pension,employees,f,26,GBR,2
2023,disability.pension,employees,m,34,TWN,4
2023,disability.pension,employees,f,62,FRA,1
2023,disability.pension,employees,f,26,CZE,2
2023,disability.pension,employees,f,31,AUT,4
2023,disability.pension,employees,f,27,BEL,2
2023,disability.pension,employees,m,33,ETH,10
2023,disability.pension,employees,m,46,ETH,1
2023,disability.pension,employees,m,60,BRA,2
2023,disability.pension,employees,m,39,GHA,6
2023,disability.pension,employees,f,51,FIN,1
2023,disability.pension,employees,f,25,GRC,11
2023,disability.pension,employees,m,76,BEL,1
2023,disability.pension,employees,f,23,GRC,8
2023,disability.pension,employees,f,26,IRL,2
2023,disability.pension,employees,m,38,AUT,2
2023,disability.pension,employees,m,21,GHA,2
2023,disability.pension,employees,m,44,FRA,4
2023,disability.pension,employees,m,28,NER,4
2023,disability.pension,employees,m,20,ESP,11
2023,disability.pension,employees,m,57,GBR,6
2023,disability.pension,employees,m,78,GBR,2
2023,disability.pension,employees,f,58,SVN,1
2023,disability.pension,employees,m,52,ZAF,4
2023,disability.pension,employees,f,42,BOL,2
2023,disability.pension,employees,m,60,CZE,4
2023,disability.pension,employees,m,25,JPN,2
2023,disability.pension,employees,m,28,SWE,2
2023,disability.pension,employees,m,26,CZE,2
2023,disability.pension,employees,m,29,SWE,4
2023,disability.pension,employees,m,39,FIN,2
2023,disability.pension,employees,f,70,GBR,1
2023,disability.pension,employees,f,68,GBR,1
2023,disability.pension,employees,f,49,BEL,2
2023,disability.pension,employees,f,52,KOR,2
2023,disability.pension,employees,f,69,GBR,2
2023,disability.pension,employees,f,31,GRC,2
2023,disability.pension,employees,f,27,IRL,3
2023,disability.pension,employees,f,45,IRL,2
2023,disability.pension,employees,f,42,ZAF,2
2023,disability.pension,employees,f,34,IND,10
2023,disability.pension,employees,f,58,ZAF,2
2023,disability.pension,employees,m,67,AUT,4
2023,disability.pension,employees,m,36,ECU,1
2023,disability.pension,employees,m,34,NGA,3
2023,disability.pension,employees,f,25,GBR,2
2023,disability.pension,employees,f,22,UZB,7
2023,disability.pension,employees,f,30,PAK,5
2023,disability.pension,employees,m,36,LBN,2
2023,disability.pension,employees,f,36,IRN,14
2023,disability.pension,employees,m,39,IRN,4
2023,disability.pension,employees,m,29,MNG,6
2023,disability.pension,employees,m,36,HUN,2
2023,disability.pension,employees,f,45,BLR,4
2023,disability.pension,employees,m,56,JPN,4
2023,disability.pension,employees,f,57,JPN,1
2023,disability.pension,employees,f,36,TUN,2
2023,disability.pension,employees,f,43,IRN,5
2023,disability.pension,employees,m,50,MEX,5
2023,disability.pension,employees,f,33,HRV,9
2023,disability.pension,employees,f,37,ZAF,3
2023,disability.pension,employees,m,44,CYP,1
2023,disability.pension,employees,f,40,MKD,3
2023,disability.pension,employees,m,38,CYP,2
2023,disability.pension,employees,m,39,DOM,2
2023,disability.pension,employees,f,37,JOR,2
2023,disability.pension,employees,m,33,MOZ,1
2023,disability.pension,employees,m,34,BDI,1
2023,disability.pension,employees,f,36,JOR,1
2023,disability.pension,employees,f,50,LVA,7
2023,disability.pension,employees,f,35,JOR,2
2023,disability.pension,employees,f,34,HND,1
2023,disability.pension,employees,m,37,PRT,2
2023,disability.pension,employees,f,29,JOR,3
2023,disability.pension,employees,m,37,GHA,8
2023,disability.pension,employees,m,40,CYP,2
2023,disability.pension,employees,m,31,JOR,12
2023,disability.pension,employees,f,31,VEN,5
2023,disability.pension,employees,f,30,JOR,4
2023,disability.pension,employees,f,24,EGY,2
2023,disability.pension,employees,f,27,JOR,2
2023,disability.pension,employees,m,32,JOR,2
2023,disability.pension,employees,m,31,MUS,1
2023,disability.pension,employees,m,40,MUS,3
2023,disability.pension,employees,m,37,SLV,1
2023,disability.pension,employees,m,32,SLV,1
2023,disability.pension,employees,f,33,SLV,1
2023,disability.pension,employees,m,27,CYP,2
2023,disability.pension,employees,f,31,JOR,2
2023,disability.pension,employees,m,34,SLV,1
2023,disability.pension,employees,f,29,MEX,5
2023,disability.pension,employees,m,34,YEM,6
2023,disability.pension,employees,f,25,PNG,1
2023,disability.pension,employees,f,33,JOR,1
2023,disability.pension,employees,f,36,IRQ,1
2023,disability.pension,employees,m,53,JPN,6
2023,disability.pension,employees,m,44,MEX,2
2023,disability.pension,employees,m,18,KGZ,4
2023,disability.pension,employees,m,17,AZE,7
2023,disability.pension,employees,m,17,TUR,1
2023,disability.pension,employees,m,16,AZE,12
2023,disability.pension,employees,f,16,AZE,1
2023,disability.pension,employees,m,17,YEM,1
2023,disability.pension,employees,m,15,UKR,2
2023,disability.pension,employees,m,70,FIN,1
2023,disability.pension,employees,m,30,ARG,2
2023,disability.pension,employees,f,34,CHN,3
2023,disability.pension,employees,f,33,AUT,2
2023,disability.pension,employees,f,33,GIN,3
2023,disability.pension,employees,f,33,ECU,2
2023,disability.pension,employees,f,25,AUT,4
2023,disability.pension,employees,m,21,NLD,2
2023,disability.pension,employees,m,58,IRL,4
2023,disability.pension,employees,f,23,SLV,2
2023,disability.pension,employees,f,69,HUN,1
2023,disability.pension,employees,m,69,KAZ,1
2023,disability.pension,employees,f,10,BLR,2
2023,disability.pension,employees,f,43,NGA,1
2023,disability.pension,employees,m,54,LVA,2
2023,disability.pension,employees,f,48,BGR,5
2023,disability.pension,employees,m,43,UKR,6
2023,disability.pension,employees,m,55,BLR,4
2023,disability.pension,employees,m,26,ARM,4
2023,disability.pension,employees,m,58,UKR,4
2023,disability.pension,employees,m,54,BLR,4
2023,disability.pension,employees,m,28,RUS,6
2023,disability.pension,employees,f,26,HUN,13
2023,disability.pension,employees,f,44,ISR,3
2023,disability.pension,employees,f,64,AUT,3
2023,disability.pension,employees,m,73,DNK,2
2023,disability.pension,employees,f,36,ROU,3
2023,disability.pension,employees,f,44,IRQ,2
2023,disability.pension,employees,m,54,JOR,2
2023,disability.pension,employees,f,44,ITA,4
2023,disability.pension,employees,m,19,CMR,1
2023,disability.pension,employees,f,37,CMR,1
2023,disability.pension,employees,m,40,SEN,2
2023,disability.pension,employees,m,37,ECU,2
2023,disability.pension,employees,f,53,SYR,1
2023,disability.pension,employees,m,37,SUR,2
2023,disability.pension,employees,m,26,MYS,3
2023,disability.pension,employees,f,29,VEN,6
2023,disability.pension,employees,f,25,GBR,2
2023,disability.pension,employees,f,42,HUN,5
2023,disability.pension,employees,m,26,NGA,2
2023,disability.pension,employees,f,39,MYS,1
2023,disability.pension,employees,f,24,LAO,1
2023,disability.pension,employees,f,38,ETH,3
2023,disability.pension,employees,f,34,PAK,7
2023,disability.pension,employees,f,31,CMR,9
2023,disability.pension,employees,f,34,RWA,7
2023,disability.pension,employees,m,26,GIN,2
2023,disability.pension,employees,f,94,UKR,1
2023,disability.pension,employees,m,31,IND,8
2023,disability.pension,employees,m,28,COG,3
2023,disability.pension,employees,m,45,LKA,2
2023,disability.pension,employees,f,45,IND,2
2023,disability.pension,employees,f,31,UGA,3
2023,disability.pension,employees,m,32,ZMB,4
2023,disability.pension,employees,m,34,MYS,2
2023,disability.pension,employees,m,44,SLV,1
2023,disability.pension,employees,f,46,ITA,7
2023,disability.pension,employees,m,46,URY,2
2023,disability.pension,employees,f,40,URY,1
2023,disability.pension,employees,m,39,URY,2
2023,disability.pension,employees,f,43,GRC,3
2023,disability.pension,employees,f,35,GRC,4
2023,disability.pension,employees,f,32,URY,2
2023,disability.pension,employees,m,24,URY,1
2023,disability.pension,employees,m,44,USA,4
2023,disability.pension,employees,f,68,MEX,1
2023,disability.pension,employees,f,43,SWE,4
2023,disability.pension,employees,m,34,SWE,7
2023,disability.pension,employees,m,23,MLI,3
2023,disability.pension,employees,m,30,GIN,3
2023,disability.pension,employees,m,29,SUR,1
2023,disability.pension,employees,f,32,RWA,9
2023,disability.pension,employees,m,25,ZWE,8
2023,disability.pension,employees,f,35,GHA,2
2023,disability.pension,employees,f,32,GHA,1
2023,disability.pension,employees,f,29,RWA,8
2023,disability.pension,employees,m,24,RWA,8
2023,disability.pension,employees,f,20,TJK,3
2023,disability.pension,employees,m,32,ITA,4
2023,disability.pension,employees,m,18,ZWE,1
2023,disability.pension,employees,f,31,GBR,8
2023,disability.pension,employees,f,41,FRA,2
2023,disability.pension,employees,m,71,UKR,6
2023,disability.pension,employees,f,27,SYR,2
2023,disability.pension,employees,m,44,CAN,4
2023,disability.pension,employees,f,28,AUT,1
2023,disability.pension,employees,m,51,RUS,16
2023,disability.pension,employees,m,73,USA,8
2023,disability.pension,employees,m,51,LUX,1
2023,disability.pension,employees,m,57,LUX,1
2023,disability.pension,employees,m,31,EST,3
2023,disability.pension,employees,f,26,ALB,4
2023,disability.pension,employees,f,33,AUT,1
2023,disability.pension,employees,m,27,HRV,4
2023,disability.pension,employees,m,45,ISR,3
2023,disability.pension,employees,f,37,PRT,8
2023,disability.pension,employees,m,30,MNG,2
2023,disability.pension,employees,f,32,CRI,6
2023,disability.pension,employees,f,29,URY,2
2023,disability.pension,employees,m,29,MYS,3
2023,disability.pension,employees,m,26,PAN,1
2023,disability.pension,employees,m,35,MYS,2
2023,disability.pension,employees,f,32,BOL,2
2023,disability.pension,employees,f,32,MYS,3
2023,disability.pension,employees,m,31,MYS,4
2023,disability.pension,employees,m,64,MEX,2
2023,disability.pension,employees,m,60,SVK,3
2023,disability.pension,employees,f,69,UKR,3
2023,disability.pension,employees,f,34,BLR,12
2023,disability.pension,employees,m,82,CUB,1
2023,disability.pension,employees,f,26,GMB,1
2023,disability.pension,employees,m,42,ZAF,5
2023,disability.pension,employees,m,27,CHE,3
2023,disability.pension,employees,m,30,MKD,3
2023,disability.pension,employees,m,52,MEX,2
2023,disability.pension,employees,m,40,JPN,4
2023,disability.pension,employees,f,74,USA,3
2023,disability.pension,employees,m,35,JPN,3
2023,disability.pension,employees,f,50,DNK,1
2023,disability.pension,employees,m,52,BIH,2
2023,disability.pension,employees,m,48,ZAF,4
2023,disability.pension,employees,f,43,EGY,3
2023,disability.pension,employees,m,32,MYS,3
2023,disability.pension,employees,m,39,ECU,2
2023,disability.pension,employees,f,46,IRN,4
2023,disability.pension,employees,f,27,ALB,9
2023,disability.pension,employees,f,34,NGA,2
2023,disability.pension,employees,f,28,ITA,4
2023,disability.pension,employees,f,32,ISR,3
2023,disability.pension,employees,m,36,SLV,3
2023,disability.pension,employees,f,30,VEN,7
2023,disability.pension,employees,m,46,GBR,3
2023,disability.pension,employees,m,31,BRA,2
2023,disability.pension,employees,f,58,GBR,2
2023,disability.pension,employees,f,57,KAZ,2
2023,disability.pension,employees,f,38,MKD,3
2023,disability.pension,employees,f,35,CPV,1
2023,disability.pension,employees,f,39,PRT,8
2023,disability.pension,employees,f,29,BRA,12
2023,disability.pension,employees,f,45,ALB,4
2023,disability.pension,employees,f,43,SVN,2
2023,disability.pension,employees,f,38,PAK,3
2023,disability.pension,employees,m,51,ZAF,2
2023,disability.pension,employees,f,36,PAK,4
2023,disability.pension,employees,f,40,ALB,3
2023,disability.pension,employees,f,49,ZAF,1
2023,disability.pension,employees,m,29,ROU,6
2023,disability.pension,employees,f,33,SGP,1
2023,disability.pension,employees,m,34,PER,2
2023,disability.pension,employees,f,26,SVK,19
2023,disability.pension,employees,f,42,ALB,2
2023,disability.pension,employees,f,22,FRA,2
2023,disability.pension,employees,f,32,PAK,4
2023,disability.pension,employees,f,30,ALB,4
2023,disability.pension,employees,f,25,MKD,3
2023,disability.pension,employees,f,43,MEX,3
2023,disability.pension,employees,f,35,SGP,2
2023,disability.pension,employees,m,42,MEX,9
2023,disability.pension,employees,f,40,MEX,3
2023,disability.pension,employees,m,75,ISR,1
2023,disability.pension,employees,m,53,AUT,2
2023,disability.pension,employees,m,30,CIV,2
2023,disability.pension,employees,f,35,AZE,2
2023,disability.pension,employees,f,26,ECU,2
2023,disability.pension,employees,f,47,BIH,1
2023,disability.pension,employees,f,33,TUN,8
2023,disability.pension,employees,f,55,AFG,2
2023,disability.pension,employees,f,42,MDG,3
2023,disability.pension,employees,f,31,BLR,5
2023,disability.pension,employees,f,35,UKR,6
2023,disability.pension,employees,f,44,ROU,22
2023,disability.pension,employees,m,44,ALB,2
2023,disability.pension,employees,m,62,JPN,3
2023,disability.pension,employees,m,32,TZA,5
2023,disability.pension,employees,m,31,ROU,8
2023,disability.pension,employees,f,28,DZA,8
2023,disability.pension,employees,f,29,KEN,2
2023,disability.pension,employees,m,27,UKR,2
2023,disability.pension,employees,f,28,UKR,2
2023,disability.pension,employees,m,26,ETH,3
2023,disability.pension,employees,f,61,PHL,2
2023,disability.pension,employees,f,34,SVN,3
2023,disability.pension,employees,m,45,GTM,2
2023,disability.pension,employees,f,46,ITA,2
2023,disability.pension,employees,m,37,MLI,1
2023,disability.pension,employees,m,56,FIN,5
2023,disability.pension,employees,f,44,NLD,1
2023,disability.pension,employees,m,35,MUS,2
2023,disability.pension,employees,m,30,DEU,6
2023,disability.pension,employees,m,41,CIV,1
2023,disability.pension,employees,m,32,COG,6
2023,disability.pension,employees,f,58,ITA,5
2023,disability.pension,employees,m,46,SVN,1
2023,disability.pension,employees,f,40,ECU,1
2023,disability.pension,employees,f,38,CMR,2
2023,disability.pension,employees,m,33,CYP,1
2023,disability.pension,employees,f,29,MAR,2
2023,disability.pension,employees,m,29,COG,11
2023,disability.pension,employees,m,25,RWA,8
2023,disability.pension,employees,f,29,SWE,2
2023,disability.pension,employees,f,41,TWN,2
2023,disability.pension,employees,m,27,AGO,6
2023,disability.pension,employees,f,52,ESP,3
2023,disability.pension,employees,f,24,RWA,4
2023,disability.pension,employees,m,31,COG,3
2023,disability.pension,employees,m,30,AGO,4
2023,disability.pension,employees,m,27,DOM,3
2023,disability.pension,employees,f,32,COG,3
2023,disability.pension,employees,m,32,COG,3
2023,disability.pension,employees,m,33,COG,2
2023,disability.pension,employees,f,48,BRA,3
2023,disability.pension,employees,f,23,RWA,10
2023,disability.pension,employees,m,32,CHL,5
2023,disability.pension,employees,m,31,URY,2
2023,disability.pension,employees,m,40,DZA,2
2023,disability.pension,employees,m,32,NLD,3
2023,disability.pension,employees,m,26,AGO,2
2023,disability.pension,employees,m,27,COG,7
2023,disability.pension,employees,m,33,ECU,3
2023,disability.pension,employees,f,35,TUN,2
2023,disability.pension,employees,m,28,AGO,2
2023,disability.pension,employees,f,24,DZA,2
2023,disability.pension,employees,f,39,DZA,2
2023,disability.pension,employees,f,30,AGO,3
2023,disability.pension,employees,m,21,CAF,1
2023,disability.pension,employees,f,29,PRT,9
2023,disability.pension,employees,m,25,ECU,2
2023,disability.pension,employees,m,24,SVN,2
2023,disability.pension,employees,m,36,GTM,2
2023,disability.pension,employees,f,47,ITA,5
2023,disability.pension,employees,f,20,BRA,1
2023,disability.pension,employees,m,28,ECU,5
2023,disability.pension,employees,f,44,ESP,7
2023,disability.pension,employees,m,25,IRL,4
2023,disability.pension,employees,m,45,LBY,1
2023,disability.pension,employees,f,37,ISR,3
2023,disability.pension,employees,f,27,ISR,2
2023,disability.pension,employees,f,27,IDN,6
2023,disability.pension,employees,f,29,IDN,3
2023,disability.pension,employees,m,86,ISR,1
2023,disability.pension,employees,m,54,GBR,6
2023,disability.pension,employees,m,36,BEL,2
2023,disability.pension,employees,f,37,CAN,1
2023,disability.pension,employees,m,46,BRA,7
2023,disability.pension,employees,f,34,SWE,4
2023,disability.pension,employees,m,53,BOL,2
2023,disability.pension,employees,m,37,MRT,1
2023,disability.pension,employees,f,38,EGY,2
2023,disability.pension,employees,f,40,PRT,4
2023,disability.pension,employees,f,25,BRA,5
2023,disability.pension,employees,m,26,CHE,2
2023,disability.pension,employees,f,34,JOR,1
2023,disability.pension,employees,m,40,CHE,4
2023,disability.pension,employees,f,25,CIV,2
2023,disability.pension,employees,m,31,AUS,3
2023,disability.pension,employees,m,39,ZAF,4
2023,disability.pension,employees,f,33,CAN,1
2023,disability.pension,employees,m,40,ESP,6
2023,disability.pension,employees,f,54,LBN,1
2023,disability.pension,employees,m,68,MAR,1
2023,disability.pension,employees,f,59,SVK,4
2023,disability.pension,employees,f,60,KAZ,5
2023,disability.pension,employees,m,32,AGO,2
2023,disability.pension,employees,m,40,MLT,1
2023,disability.pension,employees,f,38,GRC,7
2023,disability.pension,employees,f,60,IND,1
2023,disability.pension,employees,f,36,GAB,1
2023,disability.pension,employees,f,40,ZAF,3
2023,disability.pension,employees,f,31,GRC,5
2023,disability.pension,employees,m,37,MYS,2
2023,disability.pension,employees,f,36,TWN,2
2023,disability.pension,employees,f,31,GIN,1
2023,disability.pension,employees,m,24,ISR,2
2023,disability.pension,employees,m,31,MDG,2
2023,disability.pension,employees,f,37,CRI,1
2023,disability.pension,employees,m,33,GMB,2
2023,disability.pension,employees,f,46,TUR,8
2023,disability.pension,employees,m,36,TGO,2
2023,disability.pension,employees,f,30,GBR,7
2023,disability.pension,employees,f,28,COG,2
2023,disability.pension,employees,m,30,EGY,3
2023,disability.pension,employees,f,36,MEX,9
2023,disability.pension,employees,f,32,TUN,6
2023,disability.pension,employees,f,38,DZA,2
2023,disability.pension,employees,m,36,LKA,6
2023,disability.pension,employees,f,51,ZWE,3
2023,disability.pension,employees,f,31,MUS,3
2023,disability.pension,employees,f,25,EGY,7
2023,disability.pension,employees,m,39,NOR,4
2023,disability.pension,employees,m,42,CHL,5
2023,disability.pension,employees,m,39,GIN,2
2023,disability.pension,employees,m,35,GIN,3
2023,disability.pension,employees,m,64,ZAF,2
2023,disability.pension,employees,m,43,SVN,4
2023,disability.pension,employees,m,37,CRI,4
2023,disability.pension,employees,m,27,CRI,6
2023,disability.pension,employees,m,30,CRI,4
2023,disability.pension,employees,m,25,CRI,5
2023,disability.pension,employees,f,45,CRI,1
2023,disability.pension,employees,m,29,CRI,9
2023,disability.pension,employees,m,28,CRI,4
2023,disability.pension,employees,f,28,CRI,5
2023,disability.pension,employees,m,31,CRI,5
2023,disability.pension,employees,f,26,CRI,2
2023,disability.pension,employees,f,25,CRI,3
2023,disability.pension,employees,m,49,CRI,1
2023,disability.pension,employees,m,29,CYP,1
2023,disability.pension,employees,f,28,MYS,8
2023,disability.pension,employees,f,37,IRL,1
2023,disability.pension,employees,m,39,PRT,4
2023,disability.pension,employees,f,53,USA,3
2023,disability.pension,employees,m,41,CHL,5
2023,disability.pension,employees,m,36,ZAF,2
2023,disability.pension,employees,m,26,ZMB,4
2023,disability.pension,employees,m,45,CRI,2
2023,disability.pension,employees,m,31,SDN,3
2023,disability.pension,employees,m,33,CHL,4
2023,disability.pension,employees,m,31,ECU,3
2023,disability.pension,employees,m,38,MLI,1
2023,disability.pension,employees,f,24,ETH,4
2023,disability.pension,employees,m,23,DNK,4
2023,disability.pension,employees,f,24,MRT,1
2023,disability.pension,employees,m,27,MRT,1
2023,disability.pension,employees,m,23,ZMB,1
2023,disability.pension,employees,f,27,SAU,1
2023,disability.pension,employees,f,34,NGA,5
2023,disability.pension,employees,f,19,UZB,2
2023,disability.pension,employees,m,19,RWA,2
2023,disability.pension,employees,m,30,CHE,3
2023,disability.pension,employees,f,66,ITA,2
2023,disability.pension,employees,m,59,CHN,17
2023,disability.pension,employees,m,31,TWN,1
2023,disability.pension,employees,m,26,TTO,1
2023,disability.pension,employees,m,43,BRA,4
2023,disability.pension,employees,m,34,CRI,5
2023,disability.pension,employees,f,46,CHL,1
2023,disability.pension,employees,m,33,BOL,1
2023,disability.pension,employees,m,42,NZL,3
2023,disability.pension,employees,m,60,IRN,1
2023,disability.pension,employees,m,51,GTM,2
2023,disability.pension,employees,m,36,BEN,1
2023,disability.pension,employees,m,34,USA,4
2023,disability.pension,employees,f,44,MEX,2
2023,disability.pension,employees,f,31,ESP,6
2023,disability.pension,employees,m,42,FIN,4
2023,disability.pension,employees,f,53,IRL,3
2023,disability.pension,employees,f,29,GHA,3
2023,disability.pension,employees,f,44,EST,1
2023,disability.pension,employees,f,34,PRT,5
2023,disability.pension,employees,m,32,GIN,2
2023,disability.pension,employees,f,46,BRA,2
2023,disability.pension,employees,f,33,LBN,2
2023,disability.pension,employees,f,36,BDI,1
2023,disability.pension,employees,f,24,BIH,2
2023,disability.pension,employees,f,30,LBN,3
2023,disability.pension,employees,f,25,HRV,1
2023,disability.pension,employees,f,26,CMR,2
2023,disability.pension,employees,f,28,BIH,1
2023,disability.pension,employees,f,32,BIH,1
2023,disability.pension,employees,f,30,CMR,5
2023,disability.pension,employees,f,24,PER,2
2023,disability.pension,employees,m,57,AFG,1
2023,disability.pension,employees,m,64,ESP,2
2023,disability.pension,employees,f,26,HRV,6
2023,disability.pension,employees,m,34,HTI,1
2023,disability.pension,employees,f,29,AGO,6
2023,disability.pension,employees,m,33,DOM,2
2023,disability.pension,employees,f,32,DOM,1
2023,disability.pension,employees,f,35,DOM,1
2023,disability.pension,employees,f,28,CHL,1
2023,disability.pension,employees,f,31,BIH,1
2023,disability.pension,employees,f,30,COG,1
2023,disability.pension,employees,f,36,PER,4
2023,disability.pension,employees,m,21,CRI,1
2023,disability.pension,employees,f,47,ECU,1
2023,disability.pension,employees,f,21,UZB,11
2023,disability.pension,employees,m,34,MNG,2
2023,disability.pension,employees,f,31,KAZ,6
2023,disability.pension,employees,f,36,MEX,4
2023,disability.pension,employees,m,46,HUN,2
2023,disability.pension,employees,m,42,CZE,4
2023,disability.pension,employees,m,25,KEN,2
2023,disability.pension,employees,m,26,ITA,6
2023,disability.pension,employees,m,31,GMB,2
2023,disability.pension,employees,f,27,MAR,11
2023,disability.pension,employees,f,28,IRN,6
2023,disability.pension,employees,f,27,CRI,4
2023,disability.pension,employees,m,61,LUX,1
2023,disability.pension,employees,m,37,AGO,1
2023,disability.pension,employees,m,32,LBN,14
2023,disability.pension,employees,m,35,ITA,4
2023,disability.pension,employees,f,32,ETH,1
2023,disability.pension,employees,f,25,TJK,8
2023,disability.pension,employees,f,44,USA,5
2023,disability.pension,employees,m,29,GHA,7
2023,disability.pension,employees,m,24,LUX,1
2023,disability.pension,employees,m,26,GHA,7
2023,disability.pension,employees,f,46,ZWE,5
2023,disability.pension,employees,m,31,LBR,1
2023,disability.pension,employees,m,26,IRL,6
2023,disability.pension,employees,m,38,ZWE,6
2023,disability.pension,employees,f,32,BIH,4
2023,disability.pension,employees,m,63,JPN,4
2023,disability.pension,employees,m,79,ITA,2
2023,disability.pension,employees,f,71,GEO,2
2023,disability.pension,employees,m,45,AUS,7
2023,disability.pension,employees,f,48,ZMB,1
2023,disability.pension,employees,m,67,MKD,1
2023,disability.pension,employees,f,62,ITA,1
2023,disability.pension,employees,m,56,CZE,2
2023,disability.pension,employees,m,40,PSE,1
2023,disability.pension,employees,f,34,ISR,4
2023,disability.pension,employees,f,39,LBN,1
2023,disability.pension,employees,f,24,LBN,3
2023,disability.pension,employees,f,38,MRT,1
2023,disability.pension,employees,f,28,VEN,4
2023,disability.pension,employees,f,26,AUT,1
2023,disability.pension,employees,f,25,JOR,2
2023,disability.pension,employees,f,33,COG,3
2023,disability.pension,employees,m,32,DNK,5
2023,disability.pension,employees,m,31,AGO,6
2023,disability.pension,employees,f,51,GBR,3
2023,disability.pension,employees,m,56,SVN,2
2023,disability.pension,employees,m,67,SEN,1
2023,disability.pension,employees,f,42,PRT,6
2023,disability.pension,employees,m,29,MMR,1
2023,disability.pension,employees,m,35,LBY,2
2023,disability.pension,employees,m,42,PER,4
2023,disability.pension,employees,m,48,TKM,2
2023,disability.pension,employees,m,32,SOM,1
2023,disability.pension,employees,m,29,YEM,2
2023,disability.pension,employees,f,20,MLI,2
2023,disability.pension,employees,m,29,ISR,4
2023,disability.pension,employees,f,40,SYR,2
2023,disability.pension,employees,m,48,VEN,7
2023,disability.pension,employees,f,23,TCD,1
2023,disability.pension,employees,m,27,LUX,1
2023,disability.pension,employees,m,34,SDN,4
2023,disability.pension,employees,f,28,NLD,2
2023,disability.pension,employees,f,32,TUR,6
2023,disability.pension,employees,m,27,NOR,2
2023,disability.pension,employees,m,39,NGA,2
2023,disability.pension,employees,f,40,DZA,1
2023,disability.pension,employees,f,39,SWE,3
2023,disability.pension,employees,m,29,KAZ,3
2023,disability.pension,employees,f,40,UKR,2
2023,disability.pension,employees,f,30,ECU,4
2023,disability.pension,employees,f,74,GBR,1
2023,disability.pension,employees,f,61,CAN,2
2023,disability.pension,employees,f,38,GHA,2
2023,disability.pension,employees,f,35,HRV,3
2023,disability.pension,employees,m,23,HRV,3
2023,disability.pension,employees,f,28,HRV,5
2023,disability.pension,employees,f,34,CAN,2
2023,disability.pension,employees,f,17,THA,1
2023,disability.pension,employees,f,18,VNM,2
2023,disability.pension,employees,m,61,UKR,3
2023,disability.pension,employees,f,43,FIN,2
2023,disability.pension,employees,m,38,EGY,4
2023,disability.pension,employees,f,32,GEO,4
2023,disability.pension,employees,f,34,HRV,3
2023,disability.pension,employees,f,47,BRA,3
2023,disability.pension,employees,f,36,IND,4
2023,disability.pension,employees,f,26,KGZ,4
2023,disability.pension,employees,f,24,MNG,4
2023,disability.pension,employees,f,28,PRY,1
2023,disability.pension,employees,f,22,EGY,5
2023,disability.pension,employees,f,27,HRV,4
2023,disability.pension,employees,m,27,GIN,2
2023,disability.pension,employees,f,24,ZAF,2
2023,disability.pension,employees,m,24,ETH,3
2023,disability.pension,employees,m,22,BDI,1
2023,disability.pension,employees,m,23,ETH,3
2023,disability.pension,employees,f,23,ECU,3
2023,disability.pension,employees,m,42,CHL,3
2023,disability.pension,employees,m,33,TJK,2
2023,disability.pension,employees,m,52,ALB,5
2023,disability.pension,employees,m,54,ALB,11
2023,disability.pension,employees,m,59,ALB,3
2023,disability.pension,employees,m,64,ALB,2
2023,disability.pension,employees,m,57,UZB,4
2023,disability.pension,employees,f,64,FRA,4
2023,disability.pension,employees,f,26,NPL,2
2023,disability.pension,employees,m,46,ROU,18
2023,disability.pension,employees,f,46,UKR,2
2023,disability.pension,employees,m,45,UKR,2
2023,disability.pension,employees,m,19,NPL,2
2023,disability.pension,employees,f,18,NPL,1
2023,disability.pension,employees,f,44,CHE,1
2023,disability.pension,employees,f,35,MUS,2
2023,disability.pension,employees,m,74,IRQ,1
2023,disability.pension,employees,m,31,KOR,17
2023,disability.pension,employees,f,40,MNG,2
2023,disability.pension,employees,m,20,IDN,6
2023,disability.pension,employees,f,31,MNG,2
2023,disability.pension,employees,f,45,MNG,3
2023,disability.pension,employees,m,39,PAN,1
2023,disability.pension,employees,f,35,AGO,1
2023,disability.pension,employees,f,22,ZMB,1
2023,disability.pension,employees,m,26,NER,3
2023,disability.pension,employees,m,23,BRA,7
2023,disability.pension,employees,f,28,PSE,1
2023,disability.pension,employees,m,28,BGD,3
2023,disability.pension,employees,m,54,UKR,2
2023,disability.pension,employees,f,28,CAN,3
2023,disability.pension,employees,m,29,IRL,4
2023,disability.pension,employees,m,18,GBR,1
2023,disability.pension,employees,m,19,CAN,1
2023,disability.pension,employees,m,24,NER,1
2023,disability.pension,employees,f,31,IRQ,1
2023,disability.pension,employees,m,27,TJK,4
2023,disability.pension,employees,m,29,TZA,2
2023,disability.pension,employees,f,22,GHA,5
2023,disability.pension,employees,m,18,ZAF,1
2023,disability.pension,employees,m,31,UKR,2
2023,disability.pension,employees,m,68,GEO,2
2023,disability.pension,employees,m,72,GEO,2
2023,disability.pension,employees,m,66,UZB,1
2023,disability.pension,employees,m,52,KGZ,2
2023,disability.pension,employees,m,23,UZB,3
2023,disability.pension,employees,m,60,KOR,10
2023,disability.pension,employees,f,60,KOR,2
2023,disability.pension,employees,m,27,PSE,5
2023,disability.pension,employees,f,39,NER,1
2023,disability.pension,employees,f,51,KEN,1
2023,disability.pension,employees,f,41,KAZ,6
2023,disability.pension,employees,m,49,ARG,2
2023,disability.pension,employees,f,24,SLV,1
2023,disability.pension,employees,m,64,TUR,8
2023,disability.pension,employees,m,27,ISR,7
2023,disability.pension,employees,m,56,MEX,1
2023,disability.pension,employees,m,40,NOR,1
2023,disability.pension,employees,m,29,CPV,1
2023,disability.pension,employees,f,25,CMR,5
2023,disability.pension,employees,m,38,BRA,2
2023,disability.pension,employees,f,30,RWA,3
2023,disability.pension,employees,f,24,SVK,2
2023,disability.pension,employees,f,29,TZA,2
2023,disability.pension,employees,m,34,CHL,6
2023,disability.pension,employees,m,26,NOR,5
2023,disability.pension,employees,f,23,NLD,1
2023,disability.pension,employees,f,27,DOM,1
2023,disability.pension,employees,f,28,PER,1
2023,disability.pension,employees,m,29,BDI,4
2023,disability.pension,employees,f,29,SVN,1
2023,disability.pension,employees,f,33,CHL,3
2023,disability.pension,employees,m,20,AGO,2
2023,disability.pension,employees,f,20,SWE,1
2023,disability.pension,employees,m,34,HND,2
2023,disability.pension,employees,m,22,ECU,2
2023,disability.pension,employees,m,26,NIC,4
2023,disability.pension,employees,f,45,ARG,5
2023,disability.pension,employees,f,26,CHL,3
2023,disability.pension,employees,m,23,NLD,5
2023,disability.pension,employees,m,23,MEX,7
2023,disability.pension,employees,m,74,SWE,3
2023,disability.pension,employees,f,40,RWA,3
2023,disability.pension,employees,m,43,GHA,2
2023,disability.pension,employees,f,54,UGA,1
2023,disability.pension,employees,m,44,LBY,2
2023,disability.pension,employees,m,51,SUR,1
2023,disability.pension,employees,m,42,TKM,6
2023,disability.pension,employees,f,20,PER,4
2023,disability.pension,employees,m,58,HRV,1
2023,disability.pension,employees,m,27,AZE,6
2023,disability.pension,employees,f,27,SVN,1
2023,disability.pension,employees,m,31,LBN,2
2023,disability.pension,employees,m,63,LBN,1
2023,disability.pension,employees,f,24,MEX,4
2023,disability.pension,employees,f,40,ETH,1
2023,disability.pension,employees,f,27,ITA,2
2023,disability.pension,employees,m,69,ISR,1
2023,disability.pension,employees,m,39,LBY,2
2023,disability.pension,employees,f,33,IRQ,2
2023,disability.pension,employees,m,30,CHL,2
2023,disability.pension,employees,f,24,IRL,2
2023,disability.pension,employees,m,51,MNG,2
2023,disability.pension,employees,m,56,ROU,2
2023,disability.pension,employees,f,22,MDA,10
2023,disability.pension,employees,f,27,MNG,7
2023,disability.pension,employees,m,26,URY,2
2023,disability.pension,employees,m,39,UKR,2
2023,disability.pension,employees,f,37,UGA,6
2023,disability.pension,employees,f,30,MLT,1
2023,disability.pension,employees,m,61,LVA,2
2023,disability.pension,employees,m,45,UKR,10
2023,disability.pension,employees,m,26,ECU,2
2023,disability.pension,employees,m,49,JPN,5
2023,disability.pension,employees,m,26,NZL,1
2023,disability.pension,employees,m,62,EGY,3
2023,disability.pension,employees,m,37,DOM,2
2023,disability.pension,employees,f,39,CMR,1
2023,disability.pension,employees,f,50,UKR,2
2023,disability.pension,employees,f,31,LVA,2
2023,disability.pension,employees,m,20,BLR,3
2023,disability.pension,employees,m,21,KGZ,2
2023,disability.pension,employees,m,41,NGA,2
2023,disability.pension,employees,f,36,NGA,8
2023,disability.pension,employees,m,38,NGA,2
2023,disability.pension,employees,m,32,MKD,4
2023,disability.pension,employees,f,37,BWA,1
2023,disability.pension,employees,m,22,KGZ,2
2023,disability.pension,employees,f,46,TUN,2
2023,disability.pension,employees,m,23,KOR,4
2023,disability.pension,employees,f,66,GBR,2
2023,disability.pension,employees,m,38,NZL,1
2023,disability.pension,employees,m,35,TJK,2
2023,disability.pension,employees,f,55,KAZ,2
2023,disability.pension,employees,m,27,MNG,2
2023,disability.pension,employees,f,45,BGD,1
2023,disability.pension,employees,m,1,IDN,2
2023,disability.pension,employees,f,39,BGD,5
2023,disability.pension,employees,f,44,FIN,2
2023,disability.pension,employees,m,40,GTM,2
2023,disability.pension,employees,f,42,KGZ,6
2023,disability.pension,employees,f,51,KAZ,2
2023,disability.pension,employees,m,21,KAZ,12
2023,disability.pension,employees,m,59,UKR,2
2023,disability.pension,employees,m,28,DZA,4
2023,disability.pension,employees,f,40,SVN,1
2023,disability.pension,employees,m,35,TCD,1
2023,disability.pension,employees,m,36,UKR,3
2023,disability.pension,employees,f,29,EST,1
2023,disability.pension,employees,m,32,EST,4
2023,disability.pension,employees,m,34,EST,2
2023,disability.pension,employees,f,42,EST,6
2023,disability.pension,employees,m,22,EST,2
2023,disability.pension,employees,m,30,ECU,2
2023,disability.pension,employees,f,26,BGD,7
2023,disability.pension,employees,f,31,ALB,4
2023,disability.pension,employees,m,44,ALB,8
2023,disability.pension,employees,f,23,UKR,2
2023,disability.pension,employees,m,66,LVA,3
2023,disability.pension,employees,f,66,ITA,1
2023,disability.pension,employees,m,69,GEO,4
2023,disability.pension,employees,m,43,TKM,8
2023,disability.pension,employees,m,20,PHL,1
2023,disability.pension,employees,m,24,RUS,3
2023,disability.pension,employees,f,41,BEL,2
2023,disability.pension,employees,m,38,CMR,6
2023,disability.pension,employees,m,39,UKR,8
2023,disability.pension,employees,f,47,UGA,1
2023,disability.pension,employees,m,42,BIH,2
2023,disability.pension,employees,m,27,IND,9
2023,disability.pension,employees,m,40,UKR,2
2023,disability.pension,employees,m,48,ARG,5
2023,disability.pension,employees,m,66,ROU,8
2023,disability.pension,employees,f,42,AZE,2
2023,disability.pension,employees,m,30,SEN,1
2023,disability.pension,employees,f,24,SVN,1
2023,disability.pension,employees,f,18,FRA,1
2023,disability.pension,employees,f,11,ESP,1
2023,disability.pension,employees,m,37,GTM,5
2023,disability.pension,employees,m,23,KAZ,6
2023,disability.pension,employees,m,31,CMR,2
2023,disability.pension,employees,m,59,CRI,1
2023,disability.pension,employees,f,36,MAR,5
2023,disability.pension,employees,f,45,KGZ,6
2023,disability.pension,employees,f,22,IRL,3
2023,disability.pension,employees,f,45,ETH,1
2023,disability.pension,employees,f,28,BLR,3
2023,disability.pension,employees,m,32,AUT,3
2023,disability.pension,employees,f,24,JPN,2
2023,disability.pension,employees,f,35,BRA,2
2023,disability.pension,employees,f,18,ESP,2
2023,disability.pension,employees,f,52,FIN,1
2023,disability.pension,employees,f,58,AUT,2
2023,disability.pension,employees,m,41,GAB,1
2023,disability.pension,employees,f,62,IRL,1
2023,disability.pension,employees,f,67,NLD,1
2023,disability.pension,employees,m,62,RUS,2
2023,disability.pension,employees,m,52,AND,1
2023,disability.pension,employees,m,21,CMR,2
2023,disability.pension,employees,m,18,NGA,3
2023,disability.pension,employees,f,49,EST,3
2023,disability.pension,employees,m,35,THA,8
2023,disability.pension,employees,f,65,LTU,2
2023,disability.pension,employees,f,19,PER,3
2023,disability.pension,employees,m,19,PER,6
2023,disability.pension,employees,m,36,SYR,2
2023,disability.pension,employees,f,62,BLR,16
2023,disability.pension,employees,f,17,UKR,3
2023,disability.pension,employees,m,21,UZB,2
2023,disability.pension,employees,f,33,CMR,2
2023,disability.pension,employees,m,35,ZMB,2
2023,disability.pension,employees,f,49,ITA,7
2023,disability.pension,employees,m,60,VEN,1
2023,disability.pension,employees,m,0,KOR,1
2023,disability.pension,employees,m,27,AUS,1
2023,disability.pension,employees,f,27,LTU,3
2023,disability.pension,employees,m,80,BGR,1
2023,disability.pension,employees,f,48,ESP,4
2023,disability.pension,employees,m,40,TWN,3
2023,disability.pension,employees,f,45,ITA,6
2023,disability.pension,employees,m,38,PRT,2
2023,disability.pension,employees,m,69,BEL,1
2023,disability.pension,employees,f,26,NAM,1
2023,disability.pension,employees,f,30,URY,1
2023,disability.pension,employees,f,31,ARM,2
2023,disability.pension,employees,m,68,CRI,1
2023,disability.pension,employees,m,37,ESP,4
2023,disability.pension,employees,m,16,ROU,1
2023,disability.pension,employees,f,15,KAZ,12
2023,disability.pension,employees,f,28,KAZ,4
2023,disability.pension,employees,m,73,JPN,3
2023,disability.pension,employees,f,62,SVK,2
2023,disability.pension,employees,m,37,LBY,2
2023,disability.pension,employees,m,51,NLD,5
2023,disability.pension,employees,m,79,USA,6
2023,disability.pension,employees,m,45,FRA,4
2023,disability.pension,employees,f,35,MAR,6
2023,disability.pension,employees,m,13,UZB,1
2023,disability.pension,employees,f,68,BLR,8
2023,disability.pension,employees,m,16,DEU,1
2023,disability.pension,employees,f,15,ZWE,1
2023,disability.pension,employees,m,64,ROU,10
2023,disability.pension,employees,m,66,RUS,2
2023,disability.pension,employees,m,23,ARM,4
2023,disability.pension,employees,m,49,TGO,1
2023,disability.pension,employees,f,57,AZE,1
2023,disability.pension,employees,m,58,COG,1
2023,disability.pension,employees,f,46,MNG,3
2023,disability.pension,employees,m,32,PAN,1
2023,disability.pension,employees,f,21,CZE,1
2023,disability.pension,employees,f,56,BEL,2
2023,disability.pension,employees,m,53,COL,3
2023,disability.pension,employees,m,33,LBN,2
2023,disability.pension,employees,m,75,KOR,1
2023,disability.pension,employees,f,55,BEL,1
2023,disability.pension,employees,m,74,CHN,1
2023,disability.pension,employees,f,54,BRA,2
2023,disability.pension,employees,f,67,ESP,1
2023,disability.pension,employees,f,56,MKD,1
2023,disability.pension,employees,m,60,BEL,2
2023,disability.pension,employees,m,63,CRI,1
2023,disability.pension,employees,f,61,NLD,1
2023,disability.pension,employees,m,47,PRT,2
2023,disability.pension,employees,m,32,BRA,2
2023,disability.pension,employees,m,31,CRI,2
2023,disability.pension,employees,f,29,COG,2
2023,disability.pension,employees,f,28,ECU,2
2023,disability.pension,employees,f,33,DZA,4
2023,disability.pension,employees,m,58,PRT,2
2023,disability.pension,employees,m,24,SEN,1
2023,disability.pension,employees,m,66,UKR,4
2023,disability.pension,employees,f,27,ZWE,3
2023,disability.pension,employees,f,27,HRV,2
2023,disability.pension,employees,m,50,LTU,6
2023,disability.pension,employees,m,28,UKR,2
2023,disability.pension,employees,m,71,BLR,6
2023,disability.pension,employees,m,51,IRN,3
2023,disability.pension,employees,m,36,TWN,3
2023,disability.pension,employees,m,32,TWN,2
2023,disability.pension,employees,f,66,IRN,1
2023,disability.pension,employees,m,50,IRN,3
2023,disability.pension,employees,f,34,BGD,2
2023,disability.pension,employees,m,57,IND,6
2023,disability.pension,employees,m,56,JOR,2
2023,disability.pension,employees,f,35,NPL,2
2023,disability.pension,employees,f,21,IDN,6
2023,disability.pension,employees,f,60,BIH,1
2023,disability.pension,employees,f,56,UKR,9
2023,disability.pension,employees,f,31,JOR,1
2023,disability.pension,employees,f,74,ITA,1
2023,disability.pension,employees,m,16,BLR,2
2023,disability.pension,employees,f,57,JOR,1
2023,disability.pension,employees,f,53,KGZ,2
2023,disability.pension,employees,f,41,KGZ,10
2023,disability.pension,employees,f,53,UZB,3
2023,disability.pension,employees,m,49,LVA,5
2023,disability.pension,employees,f,37,LTU,3
2023,disability.pension,employees,m,39,BLR,4
2023,disability.pension,employees,f,40,UKR,2
2023,disability.pension,employees,f,18,BLR,3
2023,disability.pension,employees,m,31,IRN,3
2023,disability.pension,employees,m,36,UKR,2
2023,disability.pension,employees,m,29,UKR,13
2023,disability.pension,employees,m,41,MDA,2
2023,disability.pension,employees,m,22,RUS,6
2023,disability.pension,employees,f,60,NLD,2
2023,disability.pension,employees,f,38,HRV,4
2023,disability.pension,employees,m,42,BLR,3
2023,disability.pension,employees,f,28,KGZ,4
2023,disability.pension,employees,f,58,KAZ,2
2023,disability.pension,employees,m,24,EST,2
2023,disability.pension,employees,f,29,KGZ,3
2023,disability.pension,employees,m,25,KGZ,6
2023,disability.pension,employees,f,27,KGZ,8
2023,disability.pension,employees,f,55,UZB,1
2023,disability.pension,employees,f,19,BLR,4
2023,disability.pension,employees,f,46,KGZ,2
2023,disability.pension,employees,f,26,KAZ,4
2023,disability.pension,employees,f,27,KAZ,4
2023,disability.pension,employees,f,43,KAZ,4
2023,disability.pension,employees,m,33,UZB,2
2023,disability.pension,employees,f,34,KAZ,4
2023,disability.pension,employees,m,34,NGA,2
2023,disability.pension,employees,f,32,NER,2
2023,disability.pension,employees,f,67,GBR,2
2023,disability.pension,employees,f,48,ARM,2
2023,disability.pension,employees,f,65,UKR,5
2023,disability.pension,employees,m,73,CHE,1
2023,disability.pension,employees,f,52,LVA,3
2023,disability.pension,employees,m,72,CZE,1
2023,disability.pension,employees,f,0,BLR,3
2023,disability.pension,employees,m,43,CHE,1
2023,disability.pension,employees,m,67,DZA,2
2023,disability.pension,employees,m,55,FRA,3
2023,disability.pension,employees,m,44,RUS,4
2023,disability.pension,employees,m,54,CHE,2
2023,disability.pension,employees,m,80,CHE,2
2023,disability.pension,employees,m,55,CHE,3
2023,disability.pension,employees,m,76,CHE,1
2023,disability.pension,employees,m,58,LBN,2
2023,disability.pension,employees,m,67,SYR,1
2023,disability.pension,employees,f,19,FRA,2
2023,disability.pension,employees,f,25,NZL,1
2023,disability.pension,employees,f,67,CHE,1
2023,disability.pension,employees,f,43,RUS,10
2023,disability.pension,employees,m,70,JPN,1
2023,disability.pension,employees,m,49,GBR,2
2023,disability.pension,employees,m,62,USA,2
2023,disability.pension,employees,m,64,CRI,2
2023,disability.pension,employees,f,43,LVA,2
2023,disability.pension,employees,m,50,CHL,3
2023,disability.pension,employees,m,35,USA,4
2023,disability.pension,employees,m,19,LTU,2
2023,disability.pension,employees,f,39,FIN,3
2023,disability.pension,employees,f,29,YEM,2
2023,disability.pension,employees,m,24,LBY,1
2023,disability.pension,employees,f,62,HRV,1
2023,disability.pension,employees,m,54,NGA,2
2023,disability.pension,employees,f,43,BOL,1
2023,disability.pension,employees,f,30,CHN,3
2023,disability.pension,employees,m,57,FRA,6
2023,disability.pension,employees,m,45,BRA,5
2023,disability.pension,employees,m,76,SYR,2
2023,disability.pension,employees,f,53,IND,3
2023,disability.pension,employees,m,76,BGR,1
2023,disability.pension,employees,m,55,TUN,2
2023,disability.pension,employees,m,66,BGR,2
2023,disability.pension,employees,f,31,KAZ,4
2023,disability.pension,employees,m,63,ITA,5
2023,disability.pension,employees,m,72,ITA,2
2023,disability.pension,employees,f,33,UZB,2
2023,disability.pension,employees,m,57,NLD,2
2023,disability.pension,employees,f,54,MEX,1
2023,disability.pension,employees,m,36,SYR,4
2023,disability.pension,employees,f,33,LTU,3
2023,disability.pension,employees,m,29,SAU,2
2023,disability.pension,employees,m,41,PER,2
2023,disability.pension,employees,m,71,FIN,1
2023,disability.pension,employees,m,40,BIH,3
2023,disability.pension,employees,m,52,VAT,1
2023,disability.pension,employees,f,73,USA,4
2023,disability.pension,employees,m,72,CHE,1
2023,disability.pension,employees,f,65,CAN,2
2023,disability.pension,employees,m,69,PAK,2
2023,disability.pension,employees,m,66,DEU,6
2023,disability.pension,employees,f,78,GRC,1
2023,disability.pension,employees,m,70,IRL,1
2023,disability.pension,employees,f,72,USA,2
2023,disability.pension,employees,m,82,MKD,1
2023,disability.pension,employees,f,90,USA,2
2023,disability.pension,employees,f,84,IRL,1
2023,disability.pension,employees,f,64,LTU,2
2023,disability.pension,employees,f,78,USA,2
2023,disability.pension,employees,f,65,ESP,1
2023,disability.pension,employees,m,80,IRL,1
2023,disability.pension,employees,f,71,GBR,2
2023,disability.pension,employees,m,75,ESP,1
2023,disability.pension,employees,f,85,USA,2
2023,disability.pension,employees,f,95,CAN,1
2023,disability.pension,employees,f,83,AUS,1
2023,disability.pension,employees,f,94,CAN,1
2023,disability.pension,employees,f,86,MEX,1
2023,disability.pension,employees,m,71,PAK,1
2023,disability.pension,employees,f,71,HUN,1
2023,disability.pension,employees,f,86,RUS,2
2023,disability.pension,employees,f,87,PER,1
2023,disability.pension,employees,m,73,AUT,1
2023,disability.pension,employees,m,66,BEL,1
2023,disability.pension,employees,f,87,RUS,1
2023,disability.pension,employees,m,84,USA,1
2023,disability.pension,employees,f,62,AUT,2
2023,disability.pension,employees,m,102,RUS,1
2023,disability.pension,employees,f,84,AUT,2
2023,disability.pension,employees,m,70,GBR,7
2023,disability.pension,employees,f,73,CAN,1
2023,disability.pension,employees,f,67,USA,3
2023,disability.pension,employees,f,91,USA,1
2023,disability.pension,employees,f,65,DNK,1
2023,disability.pension,employees,f,73,JPN,1
2023,disability.pension,employees,f,93,USA,1
2023,disability.pension,employees,f,95,SWE,1
2023,disability.pension,employees,f,92,USA,1
2023,disability.pension,employees,f,82,SWE,1
2023,disability.pension,employees,f,89,USA,1
2023,disability.pension,employees,f,79,AUT,1
2023,disability.pension,employees,f,83,RUS,3
2023,disability.pension,employees,f,89,FRA,1
2023,disability.pension,employees,m,77,USA,2
2023,disability.pension,employees,m,81,AUT,1
2023,disability.pension,employees,m,17,USA,1
2023,disability.pension,employees,m,12,USA,1
2023,disability.pension,employees,f,79,SWE,1
2023,disability.pension,employees,m,83,USA,2
2023,disability.pension,employees,m,71,USA,5
2023,disability.pension,employees,f,88,RUS,1
2023,disability.pension,employees,f,88,AUT,1
2023,disability.pension,employees,f,90,SWE,1
2023,disability.pension,employees,f,95,DEU,1
2023,disability.pension,employees,m,74,AUT,1
2023,disability.pension,employees,f,81,SWE,1
2023,disability.pension,employees,m,80,SWE,2
2023,disability.pension,employees,m,15,HRV,1
2023,disability.pension,employees,f,95,AUT,1
2023,disability.pension,employees,m,66,CAN,3
2023,disability.pension,employees,m,98,USA,1
2023,disability.pension,employees,m,81,USA,1
2023,disability.pension,employees,f,68,USA,1
2023,disability.pension,employees,f,76,FIN,1
2023,disability.pension,employees,f,69,CAN,1
2023,disability.pension,employees,m,73,AUS,1
2023,disability.pension,employees,f,97,USA,1
2023,disability.pension,employees,f,85,CAN,1
2023,disability.pension,employees,f,97,UKR,1
2023,disability.pension,employees,f,84,USA,1
2023,disability.pension,employees,m,87,UKR,1
2023,disability.pension,employees,m,85,AUS,1
2023,disability.pension,employees,m,81,CAN,1
2023,disability.pension,employees,m,82,FRA,2
2023,disability.pension,employees,f,21,AGO,1
2023,disability.pension,employees,m,57,RUS,4
2023,disability.pension,employees,m,24,BOL,2
2023,disability.pension,employees,f,45,MYS,1
2023,disability.pension,employees,m,40,UKR,2
2023,disability.pension,employees,m,43,COG,1
2023,disability.pension,employees,f,38,ZAF,3
2023,disability.pension,employees,m,33,TGO,1
2023,disability.pension,employees,m,41,BOL,2
2023,disability.pension,employees,f,47,SUR,1
2023,disability.pension,employees,m,45,SUR,1
2023,disability.pension,employees,f,34,CMR,1
2023,disability.pension,employees,f,45,LVA,4
2023,disability.pension,employees,f,41,FIN,2
2023,disability.pension,employees,m,39,FIN,10
2023,disability.pension,employees,f,40,SUR,1
2023,disability.pension,employees,f,38,SUR,1
2023,disability.pension,employees,f,39,CIV,1
2023,disability.pension,employees,f,42,SUR,1
2023,disability.pension,employees,m,28,RWA,4
2023,disability.pension,employees,f,44,SUR,1
2023,disability.pension,employees,f,46,SUR,1
2023,disability.pension,employees,m,50,CIV,1
2023,disability.pension,employees,m,25,AGO,2
2023,disability.pension,employees,f,28,ZMB,3
2023,disability.pension,employees,f,25,AGO,4
2023,disability.pension,employees,f,29,BDI,2
2023,disability.pension,employees,m,28,CMR,2
2023,disability.pension,employees,f,24,CMR,2
2023,disability.pension,employees,f,40,MUS,2
2023,disability.pension,employees,m,30,GIN,2
2023,disability.pension,employees,m,21,AZE,4
2023,disability.pension,employees,f,57,SUR,1
2023,disability.pension,employees,m,29,MOZ,2
2023,disability.pension,employees,m,24,ETH,4
2023,disability.pension,employees,f,34,TZA,1
2023,disability.pension,employees,f,51,SUR,1
2023,disability.pension,employees,f,24,CMR,2
2023,disability.pension,employees,f,40,VEN,2
2023,disability.pension,employees,f,64,ITA,1
2023,disability.pension,employees,f,26,LUX,1
2023,disability.pension,employees,m,72,ISR,2
2023,disability.pension,employees,f,69,ISR,1
2023,disability.pension,employees,f,52,BIH,1
2023,disability.pension,employees,m,36,MOZ,1
2023,disability.pension,employees,f,27,RWA,6
2023,disability.pension,employees,f,23,MLT,2
2023,disability.pension,employees,m,23,TCD,1
2023,disability.pension,employees,f,31,CRI,3
2023,disability.pension,employees,f,28,MAR,2
2023,disability.pension,employees,f,41,PSE,1
2023,disability.pension,employees,f,51,EST,1
2023,disability.pension,employees,m,35,NIC,1
2023,disability.pension,employees,m,25,LTU,2
2023,disability.pension,employees,m,48,DZA,3
2023,disability.pension,employees,f,32,THA,4
2023,disability.pension,employees,m,58,IRQ,1
2023,disability.pension,employees,m,43,LBN,2
2023,disability.pension,employees,m,35,SLE,1
2023,disability.pension,employees,f,30,UZB,2
2023,disability.pension,employees,m,37,BGR,4
2023,disability.pension,employees,m,36,MUS,3
2023,disability.pension,employees,m,52,UKR,2
2023,disability.pension,employees,f,52,ARM,2
2023,disability.pension,employees,f,46,NPL,2
2023,disability.pension,employees,m,56,COG,1
2023,disability.pension,employees,m,21,COG,2
2023,disability.pension,employees,m,53,IRN,1
2023,disability.pension,employees,f,50,PHL,2
2023,disability.pension,employees,f,46,MEX,3
2023,disability.pension,employees,f,51,RUS,3
2023,disability.pension,employees,f,52,SYR,1
2023,disability.pension,employees,f,33,CIV,1
2023,disability.pension,employees,f,21,NGA,4
2023,disability.pension,employees,f,57,URY,1
2023,disability.pension,employees,m,58,VNM,4
2023,disability.pension,employees,m,56,VNM,3
2023,disability.pension,employees,m,71,ITA,5
2023,disability.pension,employees,f,29,SYR,3
2023,disability.pension,employees,m,51,AZE,2
2023,disability.pension,employees,f,40,CIV,1
2023,disability.pension,employees,f,63,USA,1
2023,disability.pension,employees,m,21,UKR,3
2023,disability.pension,employees,m,32,GEO,9
2023,disability.pension,employees,m,50,MKD,3
2023,disability.pension,employees,f,46,SYR,2
2023,disability.pension,employees,m,37,JOR,1
2023,disability.pension,employees,m,61,EGY,1
2023,disability.pension,employees,m,58,UKR,10
2023,disability.pension,employees,m,58,ISR,4
2023,disability.pension,employees,m,29,TJK,3
2023,disability.pension,employees,f,39,LVA,9
2023,disability.pension,employees,m,24,GTM,5
2023,disability.pension,employees,f,31,SLV,1
2023,disability.pension,employees,m,53,COG,1
2023,disability.pension,employees,m,37,CHE,2
2023,disability.pension,employees,m,56,BRA,1
2023,disability.pension,employees,f,29,MEX,4
2023,disability.pension,employees,f,56,BRA,1
2023,disability.pension,employees,m,33,NZL,1
2023,disability.pension,employees,m,36,CMR,3
2023,disability.pension,employees,f,61,LVA,5
2023,disability.pension,employees,m,25,ALB,2
2023,disability.pension,employees,m,24,BIH,2
2023,disability.pension,employees,m,43,BLR,2
2023,disability.pension,employees,f,39,UKR,2
2023,disability.pension,employees,m,40,ZMB,1
2023,disability.pension,employees,f,41,PAN,1
2023,disability.pension,employees,m,35,TGO,4
2023,disability.pension,employees,m,36,COG,5
2023,disability.pension,employees,f,29,MNG,2
2023,disability.pension,employees,m,47,MUS,2
2023,disability.pension,employees,f,35,TUN,4
2023,disability.pension,employees,f,35,BDI,2
2023,disability.pension,employees,f,20,IRN,1
2023,disability.pension,employees,f,22,COG,2
2023,disability.pension,employees,m,34,GIN,2
2023,disability.pension,employees,f,33,GIN,2
2023,disability.pension,employees,m,36,GIN,2
2023,disability.pension,employees,m,61,BRA,2
2023,disability.pension,employees,f,48,BGD,1
2023,disability.pension,employees,f,21,BGD,2
2023,disability.pension,employees,m,18,ARM,2
2023,disability.pension,employees,f,41,NIC,1
2023,disability.pension,employees,f,55,IND,4
2023,disability.pension,employees,f,47,UKR,2
2023,disability.pension,employees,m,48,JOR,3
2023,disability.pension,employees,f,33,ALB,4
2023,disability.pension,employees,m,60,GEO,3
2023,disability.pension,employees,m,34,RWA,4
2023,disability.pension,employees,m,54,KAZ,2
2023,disability.pension,employees,f,52,KAZ,2
2023,disability.pension,employees,m,26,CMR,4
2023,disability.pension,employees,m,37,THA,10
2023,disability.pension,employees,m,36,BGD,8
2023,disability.pension,employees,f,31,UKR,4
2023,disability.pension,employees,m,50,ARM,2
2023,disability.pension,employees,m,47,ARM,2
2023,disability.pension,employees,m,28,PAN,1
2023,disability.pension,employees,f,66,MDA,2
2023,disability.pension,employees,m,39,COG,2
2023,disability.pension,employees,f,23,MDA,2
2023,disability.pension,employees,m,43,GHA,2
2023,disability.pension,employees,m,27,SDN,1
2023,disability.pension,employees,m,29,MDA,2
2023,disability.pension,employees,f,35,KGZ,10
2023,disability.pension,employees,m,22,BGR,2
2023,disability.pension,employees,m,43,NIC,1
2023,disability.pension,employees,m,24,NIC,4
2023,disability.pension,employees,f,46,PAK,2
2023,disability.pension,employees,m,22,COG,3
2023,disability.pension,employees,m,32,SDN,2
2023,disability.pension,employees,m,22,NIC,2
2023,disability.pension,employees,m,20,NIC,2
2023,disability.pension,employees,m,23,NIC,2
2023,disability.pension,employees,m,24,NIC,2
2023,disability.pension,employees,m,22,NIC,4
2023,disability.pension,employees,m,29,BGR,4
2023,disability.pension,employees,m,21,KAZ,3
2023,disability.pension,employees,f,63,PHL,1
2023,disability.pension,employees,m,40,GHA,2
2023,disability.pension,employees,m,46,KEN,4
2023,disability.pension,employees,m,55,KEN,1
2023,disability.pension,employees,m,36,MDA,4
2023,disability.pension,employees,m,54,MDA,6
2023,disability.pension,employees,m,46,MDA,3
2023,disability.pension,employees,f,48,KGZ,10
2023,disability.pension,employees,f,46,PHL,3
2023,disability.pension,employees,m,38,GIN,1
2023,disability.pension,employees,m,36,GIN,2
2023,disability.pension,employees,m,40,JOR,2
2023,disability.pension,employees,m,59,JOR,2
2023,disability.pension,employees,m,43,MKD,4
2023,disability.pension,employees,m,36,UKR,2
2023,disability.pension,employees,f,36,UKR,2
2023,disability.pension,employees,m,23,MDA,6
2023,disability.pension,employees,f,29,IDN,2
2023,disability.pension,employees,m,26,BLR,4
2023,disability.pension,employees,f,22,UKR,4
2023,disability.pension,employees,m,21,BLR,3
2023,disability.pension,employees,m,23,GEO,3
2023,disability.pension,employees,f,21,MDA,8
2023,disability.pension,employees,m,18,LVA,2
2023,disability.pension,employees,m,56,MNG,1
2023,disability.pension,employees,m,43,MNG,4
2023,disability.pension,employees,m,101,MNG,1
2023,disability.pension,employees,f,45,UGA,1
2023,disability.pension,employees,m,37,TZA,3
2023,disability.pension,employees,f,38,JOR,1
2023,disability.pension,employees,m,51,MKD,3
2023,disability.pension,employees,m,21,MKD,1
2023,disability.pension,employees,f,63,MDA,2
2023,disability.pension,employees,m,52,TKM,2
2023,disability.pension,employees,m,25,TKM,2
2023,disability.pension,employees,m,40,TKM,4
2023,disability.pension,employees,m,40,CUB,2
2023,disability.pension,employees,f,25,PER,2
2023,disability.pension,employees,f,44,CUB,3
2023,disability.pension,employees,f,42,CUB,2
2023,disability.pension,employees,f,60,CUB,2
2023,disability.pension,employees,m,51,LKA,2
2023,disability.pension,employees,f,52,IRN,2
2023,disability.pension,employees,f,40,TJK,3
2023,disability.pension,employees,m,51,PAK,9
2023,disability.pension,employees,m,48,PAK,2
2023,disability.pension,employees,m,34,GHA,5
2023,disability.pension,employees,f,61,BLR,6
2023,disability.pension,employees,f,68,BLR,3
2023,disability.pension,employees,m,42,EGY,2
2023,disability.pension,employees,m,62,MDA,3
2023,disability.pension,employees,m,34,UKR,2
2023,disability.pension,employees,m,51,HND,1
2023,disability.pension,employees,m,25,GEO,3
2023,disability.pension,employees,m,39,NIC,3
2023,disability.pension,employees,m,28,NIC,2
2023,disability.pension,employees,m,32,NIC,2
2023,disability.pension,employees,m,27,NIC,1
2023,disability.pension,employees,m,21,NIC,1
2023,disability.pension,employees,m,30,NIC,1
2023,disability.pension,employees,m,25,NIC,2
2023,disability.pension,employees,f,21,LUX,1
2023,disability.pension,employees,m,85,DEU,1
2023,disability.pension,employees,f,34,UKR,5
2023,disability.pension,employees,m,41,ETH,2
2023,disability.pension,employees,f,41,MMR,2
2023,disability.pension,employees,m,56,CMR,1
2023,disability.pension,employees,f,59,UZB,2
2023,disability.pension,employees,m,64,CUB,1
2023,disability.pension,employees,m,47,GIN,1
2023,disability.pension,employees,m,34,KEN,2
2023,disability.pension,employees,f,59,ZWE,1
2023,disability.pension,employees,f,49,ZWE,2
2023,disability.pension,employees,m,36,ZMB,2
2023,disability.pension,employees,f,27,ZMB,2
2023,disability.pension,employees,f,34,ZMB,1
2023,disability.pension,employees,f,53,ZWE,1
2023,disability.pension,employees,f,31,ZMB,1
2023,disability.pension,employees,m,62,SVK,4
2023,disability.pension,employees,m,40,UZB,2
2023,disability.pension,employees,m,46,PAK,2
2023,disability.pension,employees,m,24,CIV,2
2023,disability.pension,employees,f,26,ROU,6
2023,disability.pension,employees,f,59,JPN,1
2023,disability.pension,employees,m,65,SVK,4
2023,disability.pension,employees,f,49,ROU,4
2023,disability.pension,employees,m,53,AUS,3
2023,disability.pension,employees,m,51,PAK,4
2023,disability.pension,employees,m,45,PAK,6
2023,disability.pension,employees,m,0,TUR,1
2023,disability.pension,employees,f,57,UZB,2
2023,disability.pension,employees,m,22,MEX,2
2023,disability.pension,employees,f,22,BRA,1
2023,disability.pension,employees,m,38,BIH,3
2023,disability.pension,employees,m,20,AUT,1
2023,disability.pension,employees,f,24,MYS,3
2023,disability.pension,employees,m,23,SYR,2
2023,disability.pension,employees,m,64,UKR,2
2023,disability.pension,employees,m,55,DEU,3
2023,disability.pension,employees,m,59,DEU,4
2023,disability.pension,employees,m,56,SVK,2
2023,disability.pension,employees,m,62,MLI,1
2023,disability.pension,employees,f,42,LTU,2
2023,disability.pension,employees,m,69,ETH,1
2023,disability.pension,employees,m,56,LTU,2
2023,disability.pension,employees,f,37,DZA,2
2023,disability.pension,employees,f,29,BOL,2
2023,disability.pension,employees,m,44,IRQ,2
2023,disability.pension,employees,f,39,AGO,1
2023,disability.pension,employees,f,24,PAK,4
2023,disability.pension,employees,m,61,AFG,2
2023,disability.pension,employees,f,24,DEU,2
2023,disability.pension,employees,f,32,LVA,11
2023,disability.pension,employees,m,64,DNK,4
2023,disability.pension,employees,f,124,CZE,1
2023,disability.pension,employees,f,46,ARM,2
2023,disability.pension,employees,m,30,BLR,2
2023,disability.pension,employees,f,22,UKR,16
2023,disability.pension,employees,m,26,UKR,2
2023,disability.pension,employees,f,19,UKR,5
2023,disability.pension,employees,m,63,AZE,2
2023,disability.pension,employees,m,35,UKR,3
2023,disability.pension,employees,f,64,UKR,4
2023,disability.pension,employees,f,67,GEO,2
2023,disability.pension,employees,f,23,CUB,1
2023,disability.pension,employees,m,21,JPN,1
2023,disability.pension,employees,m,50,BGR,2
2023,disability.pension,employees,m,25,BLR,3
2023,disability.pension,employees,m,53,UZB,2
2023,disability.pension,employees,f,40,BLR,5
2023,disability.pension,employees,m,59,NPL,1
2023,disability.pension,employees,m,48,CUB,1
2023,disability.pension,employees,f,43,KOR,5
2023,disability.pension,employees,m,39,MLI,1
2023,disability.pension,employees,f,31,UKR,2
2023,disability.pension,employees,m,58,KEN,2
2023,disability.pension,employees,m,0,BGD,1
2023,disability.pension,employees,m,0,NPL,2
2023,disability.pension,employees,m,61,TJK,1
2023,disability.pension,employees,m,51,BLR,3
2023,disability.pension,employees,m,56,UKR,4
2023,disability.pension,employees,f,36,BLR,4
2023,disability.pension,employees,f,54,FRA,2
2023,disability.pension,employees,f,38,NGA,4
2023,disability.pension,employees,m,52,ITA,4
2023,disability.pension,employees,m,69,CAN,2
2023,disability.pension,employees,m,43,CAN,2
2023,disability.pension,employees,m,74,ROU,2
2023,disability.pension,employees,f,44,MEX,4
2023,disability.pension,employees,f,45,PER,2
2023,disability.pension,employees,m,65,MAR,1
2023,disability.pension,employees,m,60,CHN,2
2023,disability.pension,employees,m,66,CZE,3
2023,disability.pension,employees,f,87,DEU,1
2023,disability.pension,employees,m,70,DEU,2
2023,disability.pension,employees,f,36,NER,2
2023,disability.pension,employees,m,55,ITA,4
2023,disability.pension,employees,f,26,MOZ,1
2023,disability.pension,employees,m,33,UKR,2
2023,disability.pension,employees,f,73,NLD,1
2023,disability.pension,employees,m,70,CAN,1
2023,disability.pension,employees,m,67,ESP,1
2023,disability.pension,employees,f,46,UKR,2
2023,disability.pension,employees,f,63,DEU,2
2023,disability.pension,employees,f,42,GEO,3
2023,disability.pension,employees,m,41,TZA,3
2023,disability.pension,employees,m,31,UKR,2
2023,disability.pension,employees,m,24,GEO,3
2023,disability.pension,employees,m,35,UKR,2
2023,disability.pension,employees,f,46,KAZ,2
2023,disability.pension,employees,f,34,MDA,3
2023,disability.pension,employees,m,23,IDN,2
2023,disability.pension,employees,m,20,RWA,2
2023,disability.pension,employees,m,20,EST,1
2023,disability.pension,employees,f,45,NGA,2
2023,disability.pension,employees,m,58,NPL,1
2023,disability.pension,employees,f,83,BLR,1
2023,disability.pension,employees,m,24,MDA,3
2023,disability.pension,employees,m,27,UKR,2
2023,disability.pension,employees,m,47,NZL,2
2023,disability.pension,employees,m,28,NGA,2
2023,disability.pension,employees,f,24,AUT,1
2023,disability.pension,employees,f,66,ROU,7
2023,disability.pension,employees,f,64,MDA,2
2023,disability.pension,employees,m,56,UKR,2
2023,disability.pension,employees,f,38,GEO,3
2023,disability.pension,employees,m,45,HRV,2
2023,disability.pension,employees,f,60,LTU,4
2023,disability.pension,employees,f,67,LVA,3
2023,disability.pension,employees,f,71,LTU,1
2023,disability.pension,employees,f,44,LVA,6
2023,disability.pension,employees,f,43,UKR,2
2023,disability.pension,employees,f,54,LTU,4
2023,disability.pension,employees,f,66,LVA,3
2023,disability.pension,employees,f,67,LTU,1
2023,disability.pension,employees,f,63,LVA,1
2023,disability.pension,employees,f,27,KOR,12
2023,disability.pension,employees,f,29,KOR,6
2023,disability.pension,employees,f,43,UKR,6
2023,disability.pension,employees,f,42,UKR,6
2023,disability.pension,employees,f,34,LVA,5
2023,disability.pension,employees,f,48,LVA,5
2023,disability.pension,employees,f,71,MDA,2
2023,disability.pension,employees,f,52,UKR,4
2023,disability.pension,employees,m,41,DZA,4
2023,disability.pension,employees,f,53,GEO,3
2023,disability.pension,employees,m,65,UKR,2
2023,disability.pension,employees,f,58,AND,1
2023,disability.pension,employees,f,62,AZE,2
2023,disability.pension,employees,m,22,LBN,2
2023,disability.pension,employees,m,22,ERI,2
2023,disability.pension,employees,m,21,DZA,2
2023,disability.pension,employees,m,21,ZWE,2
2023,disability.pension,employees,f,24,UKR,5
2023,disability.pension,employees,f,48,SVK,2
2023,disability.pension,employees,m,65,GRC,2
2023,disability.pension,employees,f,72,BLR,3
2023,disability.pension,employees,f,49,NPL,2
2023,disability.pension,employees,m,61,SWE,3
2023,disability.pension,employees,f,67,ARM,2
2023,disability.pension,employees,f,43,BIH,1
2023,disability.pension,employees,m,70,FRA,2
2023,disability.pension,employees,f,43,CRI,1
2023,disability.pension,employees,m,14,BRA,1
2023,disability.pension,employees,m,55,ZWE,3
2023,disability.pension,employees,m,52,ZWE,2
2023,disability.pension,employees,f,54,NLD,3
2023,disability.pension,employees,m,42,SVK,2
2023,disability.pension,employees,m,39,BOL,1
2023,disability.pension,employees,f,39,BOL,2
2023,disability.pension,employees,m,28,CMR,7
2023,disability.pension,employees,m,45,PRY,2
2023,disability.pension,employees,m,24,PRY,2
2023,disability.pension,employees,f,45,PRY,1
2023,disability.pension,employees,f,49,ARG,1
2023,disability.pension,employees,f,28,GTM,3
2023,disability.pension,employees,f,20,PRY,1
2023,disability.pension,employees,f,24,PRY,1
2023,disability.pension,employees,m,20,PRY,1
2023,disability.pension,employees,f,31,PRY,1
2023,disability.pension,employees,f,21,PRY,1
2023,disability.pension,employees,f,22,PRY,1
2023,disability.pension,employees,m,35,PRY,1
2023,disability.pension,employees,m,32,PRY,1
2023,disability.pension,employees,f,35,SLV,1
2023,disability.pension,employees,m,26,CIV,2
2023,disability.pension,employees,f,35,URY,1
2023,disability.pension,employees,f,28,UZB,2
2023,disability.pension,employees,f,37,HTI,1
2023,disability.pension,employees,f,40,NGA,2
2023,disability.pension,employees,f,64,CHN,2
2023,disability.pension,employees,m,16,AUT,1
2023,disability.pension,employees,m,44,EST,2
2023,disability.pension,employees,m,52,SEN,1
2023,disability.pension,employees,m,55,UKR,4
2023,disability.pension,employees,f,21,BLR,3
2023,disability.pension,employees,m,23,BLR,3
2023,disability.pension,employees,f,58,TUR,1
2023,disability.pension,employees,f,34,SDN,1
2023,disability.pension,employees,m,53,TUN,3
2023,disability.pension,employees,m,28,BOL,1
2023,disability.pension,employees,m,43,IDN,12
2023,disability.pension,employees,f,20,IDN,4
2023,disability.pension,employees,m,47,PHL,3
2023,disability.pension,employees,m,19,VEN,4
2023,disability.pension,employees,m,3,GEO,1
2023,disability.pension,employees,m,28,MLI,3
2023,disability.pension,employees,m,24,AUS,3
2023,disability.pension,employees,f,18,GEO,2
2023,disability.pension,employees,f,35,UZB,2
2023,disability.pension,employees,m,48,ECU,1
2023,disability.pension,employees,m,32,SYR,5
2023,disability.pension,employees,f,57,UKR,2
2023,disability.pension,employees,m,69,TZA,1
2023,disability.pension,employees,m,46,DNK,5
2023,disability.pension,employees,f,61,DNK,2
2023,disability.pension,employees,f,36,DNK,2
2023,disability.pension,employees,f,25,MYS,2
2023,disability.pension,employees,m,24,MYS,1
2023,disability.pension,employees,m,52,GUY,1
2023,disability.pension,employees,m,59,UKR,2
2023,disability.pension,employees,m,62,PAK,1
2023,disability.pension,employees,m,50,MDG,1
2023,disability.pension,employees,m,69,TUR,3
2023,disability.pension,employees,f,60,TUR,1
2023,disability.pension,employees,m,56,LBN,2
2023,disability.pension,employees,f,34,SEN,1
2023,disability.pension,employees,m,50,SVN,2
2023,disability.pension,employees,m,60,BLR,6
2023,disability.pension,employees,m,57,CAN,2
2023,disability.pension,employees,m,27,SVK,2
2023,disability.pension,employees,m,25,SVK,4
2023,disability.pension,employees,m,29,ZAF,2
2023,disability.pension,employees,m,41,UKR,3
2023,disability.pension,employees,m,27,JOR,2
2023,disability.pension,employees,f,35,RUS,3
2023,disability.pension,employees,f,18,URY,2
2023,disability.pension,employees,f,36,KAZ,2
2023,disability.pension,employees,f,67,KOR,1
2023,disability.pension,employees,m,22,TZA,1
2023,disability.pension,employees,m,62,TJK,1
2023,disability.pension,employees,f,33,KGZ,2
2023,disability.pension,employees,m,20,BRA,2
2023,disability.pension,employees,m,53,DZA,1
2023,disability.pension,employees,m,33,PAK,3
2023,disability.pension,employees,m,58,ARM,2
2023,disability.pension,employees,f,60,UZB,1
2023,disability.pension,employees,f,33,GIN,2
2023,disability.pension,employees,m,47,IDN,2
2023,disability.pension,employees,f,58,GEO,4
2023,disability.pension,employees,f,48,GBR,4
2023,disability.pension,employees,m,44,UGA,2
2023,disability.pension,employees,m,25,UGA,2
2023,disability.pension,employees,m,42,KEN,2
2023,disability.pension,employees,f,33,KOR,2
2023,disability.pension,employees,m,30,UGA,2
2023,disability.pension,employees,m,40,KEN,2
2023,disability.pension,employees,m,27,UGA,2
2023,disability.pension,employees,m,40,UGA,2
2023,disability.pension,employees,f,21,ETH,3
2023,disability.pension,employees,m,63,NPL,1
2023,disability.pension,employees,m,48,MYS,2
2023,disability.pension,employees,m,52,MYS,3
2023,disability.pension,employees,m,39,JAM,3
2023,disability.pension,employees,m,44,MYS,1
2023,disability.pension,employees,m,41,MYS,2
2023,disability.pension,employees,f,35,ETH,2
2023,disability.pension,employees,f,56,IND,2
2023,disability.pension,employees,m,22,IDN,2
2023,disability.pension,employees,f,53,KOR,2
2023,disability.pension,employees,m,35,PRT,2
2023,disability.pension,employees,m,27,PHL,3
2023,disability.pension,employees,m,25,IND,6
2023,disability.pension,employees,f,40,UKR,2
2023,disability.pension,employees,m,79,NLD,1
2023,disability.pension,employees,f,43,TJK,2
2023,disability.pension,employees,m,38,GTM,4
2023,disability.pension,employees,m,12,GEO,1
2023,disability.pension,employees,m,9,GEO,1
2023,disability.pension,employees,f,65,SVK,2
2023,disability.pension,employees,m,31,BLR,4
2023,disability.pension,employees,m,39,AUT,4
2023,disability.pension,employees,m,97,DEU,1
2023,disability.pension,employees,m,46,GTM,1
2023,disability.pension,employees,m,54,LBY,1
2023,disability.pension,employees,f,30,JPN,3
2023,disability.pension,employees,f,23,JPN,3
2023,disability.pension,employees,f,22,ESP,5
2023,disability.pension,employees,f,21,FRA,2
2023,disability.pension,employees,m,19,BRA,2
2023,disability.pension,employees,m,19,BEL,1
2023,disability.pension,employees,f,20,JPN,1
2023,disability.pension,employees,m,49,CAN,2
2023,disability.pension,employees,f,37,KAZ,2
2023,disability.pension,employees,m,73,DNK,1
2023,disability.pension,employees,f,46,MEX,2
2023,disability.pension,employees,f,8,UKR,5
2023,disability.pension,employees,m,62,AFG,3
2023,disability.pension,employees,m,37,GTM,2
2023,disability.pension,employees,f,41,ALB,1
2023,disability.pension,employees,m,36,TUR,2
2023,disability.pension,employees,f,33,UKR,2
2023,disability.pension,employees,f,19,JPN,1
2023,disability.pension,employees,f,55,KEN,1
2023,disability.pension,employees,m,40,MEX,4
2023,disability.pension,employees,m,64,DOM,1
2023,disability.pension,employees,m,40,RUS,3
2023,disability.pension,employees,m,48,COG,1
2023,disability.pension,employees,m,56,PRT,9
2023,disability.pension,employees,m,52,PRT,5
2023,disability.pension,employees,m,45,MLT,2
2023,disability.pension,employees,m,48,TUR,3
2023,disability.pension,employees,m,67,NGA,2
2023,disability.pension,employees,m,25,BLR,4
2023,disability.pension,employees,m,38,ECU,1
2023,disability.pension,employees,m,41,ECU,1
2023,disability.pension,employees,f,32,BEL,3
2023,disability.pension,employees,m,71,BEL,2
2023,disability.pension,employees,m,76,RUS,1
2023,disability.pension,employees,m,59,VGB,1
2023,disability.pension,employees,f,61,CHN,3
2023,disability.pension,employees,f,56,SVN,1
2023,disability.pension,employees,f,54,AUT,1
2023,disability.pension,employees,m,64,JPN,2
2023,disability.pension,employees,m,52,JPN,5
2023,disability.pension,employees,f,51,JPN,2
2023,disability.pension,employees,f,51,TUN,1
2023,disability.pension,employees,f,59,NLD,3
2023,disability.pension,employees,f,68,ISR,1
2023,disability.pension,employees,f,75,ISR,1
2023,disability.pension,employees,m,62,CHN,2
2023,disability.pension,employees,m,48,HND,1
2023,disability.pension,employees,f,67,FIN,1
2023,disability.pension,employees,f,40,IRN,4
2023,disability.pension,employees,f,47,AUT,2
2023,disability.pension,employees,m,37,JOR,2
2023,disability.pension,employees,f,24,BEL,2
2023,disability.pension,employees,f,47,TWN,1
2023,disability.pension,employees,m,59,CAN,1
2023,disability.pension,employees,f,54,HUN,1
2023,disability.pension,employees,m,49,LTU,2
2023,disability.pension,employees,f,74,SYR,1
2023,disability.pension,employees,f,72,ROU,2
2023,disability.pension,employees,f,89,UKR,1
2023,disability.pension,employees,m,86,UKR,1
2023,disability.pension,employees,f,75,ARM,2
2023,disability.pension,employees,m,57,NIC,1
2023,disability.pension,employees,m,39,PAK,3
2023,disability.pension,employees,m,71,PAN,1
2023,disability.pension,employees,f,37,URY,1
2023,disability.pension,employees,m,52,BOL,2
2023,disability.pension,employees,f,67,SVN,1
2023,disability.pension,employees,m,43,GTM,2
2023,disability.pension,employees,m,31,MAR,2
2023,disability.pension,employees,m,26,AZE,3
2023,disability.pension,employees,m,34,CRI,2
2023,disability.pension,employees,m,27,IRQ,2
2023,disability.pension,employees,m,37,ARG,2
2023,disability.pension,employees,f,49,KOR,3
2023,disability.pension,employees,f,33,PRT,2
2023,disability.pension,employees,f,22,CAN,1
2023,disability.pension,employees,m,32,LBN,2
2023,disability.pension,employees,m,34,GBR,8
2023,disability.pension,employees,m,27,CIV,2
2023,disability.pension,employees,f,58,TWN,1
2023,disability.pension,employees,m,71,AFG,1
2023,disability.pension,employees,f,8,GBR,1
2023,disability.pension,employees,f,7,GBR,1
2023,disability.pension,employees,f,15,THA,1
2023,disability.pension,employees,m,7,PAN,1
2023,disability.pension,employees,m,4,KOR,1
2023,disability.pension,employees,f,49,ESP,3
2023,disability.pension,employees,m,37,MLT,2
2023,disability.pension,employees,f,40,CYP,2
2023,disability.pension,employees,m,59,FRA,10
2023,disability.pension,employees,m,39,BDI,1
2023,disability.pension,employees,m,48,SGP,1
2023,disability.pension,employees,f,28,BLR,3
2023,disability.pension,employees,m,23,AGO,1
2023,disability.pension,employees,m,80,BEL,1
2023,disability.pension,employees,m,41,NLD,2
2023,disability.pension,employees,f,37,HUN,2
2023,disability.pension,employees,f,50,LBY,1
2023,disability.pension,employees,m,39,VEN,2
2023,disability.pension,employees,f,10,ROU,1
2023,disability.pension,employees,f,8,ROU,3
2023,disability.pension,employees,m,8,ROU,2
2023,disability.pension,employees,f,15,ROU,4
2023,disability.pension,employees,f,7,ROU,2
2023,disability.pension,employees,f,23,NPL,8
2023,disability.pension,employees,f,35,UKR,3
2023,disability.pension,employees,f,38,ARM,3
2023,disability.pension,employees,m,37,UKR,4
2023,disability.pension,employees,m,40,UKR,7
2023,disability.pension,employees,m,46,UKR,5
2023,disability.pension,employees,m,36,UKR,8
2023,disability.pension,employees,m,30,LBN,4
2023,disability.pension,employees,f,28,ECU,1
2023,disability.pension,employees,m,30,BWA,1
2023,disability.pension,employees,f,32,NGA,3
2023,disability.pension,employees,f,47,NGA,1
2023,disability.pension,employees,f,6,UKR,2
2023,disability.pension,employees,f,10,UKR,2
2023,disability.pension,employees,m,4,UKR,2
2023,disability.pension,employees,m,43,BOL,1
2023,disability.pension,employees,m,40,BOL,2
2023,disability.pension,employees,m,46,BOL,2
2023,disability.pension,employees,m,50,BOL,1
2023,disability.pension,employees,m,30,BOL,2
2023,disability.pension,employees,f,33,HND,1
2023,disability.pension,employees,m,28,HND,2
2023,disability.pension,employees,m,26,BOL,1
2023,disability.pension,employees,m,23,BOL,1
2023,disability.pension,employees,f,35,BOL,1
2023,disability.pension,employees,f,22,BOL,1
2023,disability.pension,employees,m,24,KOR,10
2023,disability.pension,employees,m,65,FRA,15
2023,disability.pension,employees,m,67,TWN,1
2023,disability.pension,employees,m,62,FRA,6
2023,disability.pension,employees,f,54,PRT,1
2023,disability.pension,employees,f,30,BDI,1
2023,disability.pension,employees,m,124,NPL,3
2023,disability.pension,employees,m,33,SEN,4
2023,disability.pension,employees,f,31,AUS,1
2023,disability.pension,employees,f,51,SAU,1
2023,disability.pension,employees,m,66,COG,1
2023,disability.pension,employees,f,36,BOL,1
2023,disability.pension,employees,m,41,BIH,2
2023,disability.pension,employees,f,49,BOL,1
2023,disability.pension,employees,f,59,BEL,3
2023,disability.pension,employees,m,35,LBN,2
2023,disability.pension,employees,m,22,UKR,4
2023,disability.pension,employees,m,42,NLD,2
2023,disability.pension,employees,f,39,KOR,2
2023,disability.pension,employees,f,43,DNK,1
2023,disability.pension,employees,m,45,CHL,2
2023,disability.pension,employees,f,27,YEM,1
2023,disability.pension,employees,f,29,DZA,4
2023,disability.pension,employees,m,1,ROU,1
2023,disability.pension,employees,m,38,CIV,2
2023,disability.pension,employees,m,39,UKR,6
2023,disability.pension,employees,m,52,UKR,5
2023,disability.pension,employees,m,32,UKR,7
2023,disability.pension,employees,f,40,AUS,2
2023,disability.pension,employees,f,35,NOR,1
2023,disability.pension,employees,f,24,TTO,2
2023,disability.pension,employees,m,64,CAN,1
2023,disability.pension,employees,f,52,MDA,3
2023,disability.pension,employees,f,46,CUB,2
2023,disability.pension,employees,f,67,CUB,2
2023,disability.pension,employees,m,68,CUB,1
2023,disability.pension,employees,m,38,UGA,3
2023,disability.pension,employees,m,142,GEO,1
2023,disability.pension,employees,f,38,RWA,1
2023,disability.pension,employees,m,58,SVK,2
2023,disability.pension,employees,f,67,KAZ,2
2023,disability.pension,employees,m,60,IRL,3
2023,disability.pension,employees,m,29,UKR,2
2023,disability.pension,employees,m,31,NIC,2
2023,disability.pension,employees,m,23,UGA,1
2023,disability.pension,employees,m,1,KGZ,1
2023,disability.pension,employees,m,20,MEX,1
2023,disability.pension,employees,m,19,MEX,2
2023,disability.pension,employees,m,40,UGA,5
2023,disability.pension,employees,m,36,UGA,4
2023,disability.pension,employees,m,43,BIH,3
2023,disability.pension,employees,m,21,SOM,1
2023,disability.pension,employees,m,31,MLT,1
2023,disability.pension,employees,f,44,UKR,8
2023,disability.pension,employees,f,51,ETH,1
2023,disability.pension,employees,m,71,UZB,1
2023,disability.pension,employees,m,30,UKR,2
2023,disability.pension,employees,f,52,ROU,44
2023,disability.pension,employees,f,42,ROU,10
2023,disability.pension,employees,f,58,MDA,2
2023,disability.pension,employees,m,34,UKR,2
2023,disability.pension,employees,m,53,ZAF,1
2023,disability.pension,employees,m,56,ZAF,1
2023,disability.pension,employees,f,27,LKA,2
2023,disability.pension,employees,m,25,ROU,4
2023,disability.pension,employees,m,23,GRC,4
2023,disability.pension,employees,m,28,NOR,3
2023,disability.pension,employees,f,29,CYP,1
2023,disability.pension,employees,m,52,CZE,3
2023,disability.pension,employees,f,55,TKM,4
2023,disability.pension,employees,m,49,TKM,2
2023,disability.pension,employees,m,21,TKM,2
2023,disability.pension,employees,m,58,ISR,2
2023,disability.pension,employees,m,41,NER,2
2023,disability.pension,employees,f,21,MMR,2
2023,disability.pension,employees,m,23,UZB,2
2023,disability.pension,employees,f,49,ROU,38
2023,disability.pension,employees,m,70,CUB,1
2023,disability.pension,employees,m,66,AZE,1
2023,disability.pension,employees,f,33,MUS,1
2023,disability.pension,employees,m,63,UZB,3
2023,disability.pension,employees,m,55,KAZ,2
2023,disability.pension,employees,m,44,UZB,2
2023,disability.pension,employees,f,57,CHN,18
2023,disability.pension,employees,m,37,RUS,3
2023,disability.pension,employees,f,52,SVN,1
2023,disability.pension,employees,m,19,SVN,1
2023,disability.pension,employees,m,37,CYP,1
2023,disability.pension,employees,m,38,ROU,12
2023,disability.pension,employees,m,19,MDA,3
2023,disability.pension,employees,m,55,LAO,1
2023,disability.pension,employees,m,37,CIV,3
2023,disability.pension,employees,m,39,BEN,2
2023,disability.pension,employees,m,52,BRA,3
2023,disability.pension,employees,m,40,UKR,2
2023,disability.pension,employees,m,30,UKR,2
2023,disability.pension,employees,f,23,SYR,2
2023,disability.pension,employees,m,36,LVA,2
2023,disability.pension,employees,f,74,UKR,6
2023,disability.pension,employees,m,26,ROU,2
2023,disability.pension,employees,f,27,UKR,2
2023,disability.pension,employees,m,46,SOM,1
2023,disability.pension,employees,m,39,SOM,3
2023,disability.pension,employees,m,23,SOM,2
2023,disability.pension,employees,m,30,SOM,1
2023,disability.pension,employees,m,27,SOM,3
2023,disability.pension,employees,m,33,SOM,2
2023,disability.pension,employees,m,23,BLR,2
2023,disability.pension,employees,f,36,ISR,3
2023,disability.pension,employees,f,42,UKR,8
2023,disability.pension,employees,m,27,UKR,2
2023,disability.pension,employees,m,31,BLR,3
2023,disability.pension,employees,f,52,ZWE,1
2023,disability.pension,employees,m,21,TJK,2
2023,disability.pension,employees,f,38,ZWE,4
2023,disability.pension,employees,f,41,UKR,5
2023,disability.pension,employees,f,48,UKR,2
2023,disability.pension,employees,f,52,UKR,3
2023,disability.pension,employees,m,55,ESP,2
2023,disability.pension,employees,m,82,ESP,2
2023,disability.pension,employees,f,63,ITA,2
2023,disability.pension,employees,m,63,CYP,1
2023,disability.pension,employees,m,55,COG,2
2023,disability.pension,employees,f,33,ARM,4
2023,disability.pension,employees,f,20,VNM,2
2023,disability.pension,employees,m,44,AGO,1
2023,disability.pension,employees,m,32,ESP,4
2023,disability.pension,employees,f,18,BGR,2
2023,disability.pension,employees,f,46,AZE,6
2023,disability.pension,employees,m,14,KAZ,3
2023,disability.pension,employees,m,55,PAK,5
2023,disability.pension,employees,f,41,EGY,1
2023,disability.pension,employees,f,44,PAK,1
2023,disability.pension,employees,m,68,ROU,2
2023,disability.pension,employees,f,48,UKR,2
2023,disability.pension,employees,f,58,TKM,2
2023,disability.pension,employees,m,30,MDA,2
2023,disability.pension,employees,m,39,RWA,3
2023,disability.pension,employees,m,44,RWA,1
2023,disability.pension,employees,f,40,GTM,3
2023,disability.pension,employees,f,38,MUS,1
2023,disability.pension,employees,m,33,YEM,2
2023,disability.pension,employees,m,59,BGR,3
2023,disability.pension,employees,m,67,BLR,3
2023,disability.pension,employees,m,44,BLR,4
2023,disability.pension,employees,f,42,AFG,3
2023,disability.pension,employees,m,42,MAR,3
2023,disability.pension,employees,m,34,UKR,4
2023,disability.pension,employees,f,44,KAZ,2
2023,disability.pension,employees,m,51,UKR,2
2023,disability.pension,employees,f,62,MDA,2
2023,disability.pension,employees,f,26,UKR,2
2023,disability.pension,employees,m,56,TKM,2
2023,disability.pension,employees,f,56,TKM,1
2023,disability.pension,employees,f,39,UKR,2
2023,disability.pension,employees,f,38,UKR,2
2023,disability.pension,employees,m,49,UKR,2
2023,disability.pension,employees,m,49,NER,2
2023,disability.pension,employees,f,39,NGA,2
2023,disability.pension,employees,m,59,MYS,3
2023,disability.pension,employees,m,59,PAK,1
2023,disability.pension,employees,f,22,SLE,1
2023,disability.pension,employees,m,115,UKR,1
2023,disability.pension,employees,m,49,UKR,2
2023,disability.pension,employees,f,57,BLR,6
2023,disability.pension,employees,m,47,MKD,2
2023,disability.pension,employees,m,64,SVN,1
2023,disability.pension,employees,f,56,ITA,3
2023,disability.pension,employees,m,78,CZE,2
2023,disability.pension,employees,m,41,CZE,4
2023,disability.pension,employees,f,40,YEM,1
2023,disability.pension,employees,f,55,HRV,2
2023,disability.pension,employees,m,70,UZB,1
2023,disability.pension,employees,m,33,CHE,2
2023,disability.pension,employees,f,53,CAN,1
2023,disability.pension,employees,m,55,FIN,2
2023,disability.pension,employees,m,64,KOR,2
2023,disability.pension,employees,f,27,CZE,2
2023,disability.pension,employees,f,61,CZE,2
2023,disability.pension,employees,m,59,RUS,10
2023,disability.pension,employees,f,84,KOR,1
2023,disability.pension,employees,f,31,KOR,7
2023,disability.pension,employees,m,21,AUT,1
2023,disability.pension,employees,m,21,GBR,1
2023,disability.pension,employees,m,54,IND,3
2023,disability.pension,employees,f,45,RWA,2
2023,disability.pension,employees,m,51,RWA,1
2023,disability.pension,employees,m,40,UZB,2
2023,disability.pension,employees,m,69,MDA,1
2023,disability.pension,employees,f,55,UKR,4
2023,disability.pension,employees,f,30,SVK,2
2023,disability.pension,employees,f,58,UKR,2
2023,disability.pension,employees,f,23,BGR,3
2023,disability.pension,employees,m,65,MDA,2
2023,disability.pension,employees,m,61,KGZ,2
2023,disability.pension,employees,m,62,KGZ,2
2023,disability.pension,employees,m,43,AZE,2
2023,disability.pension,employees,m,55,KGZ,2
2023,disability.pension,employees,m,60,KGZ,2
2023,disability.pension,employees,m,66,AZE,2
2023,disability.pension,employees,m,57,AZE,2
2023,disability.pension,employees,f,52,AZE,1
2023,disability.pension,employees,m,57,ALB,2
2023,disability.pension,employees,f,38,AFG,3
2023,disability.pension,employees,m,78,AUS,1
2023,disability.pension,employees,m,65,JPN,1
2023,disability.pension,employees,f,59,SYR,1
2023,disability.pension,employees,f,59,MMR,1
2023,disability.pension,employees,m,14,AGO,1
2023,disability.pension,employees,m,75,ITA,2
2023,disability.pension,employees,f,43,KOR,2
2023,disability.pension,employees,f,37,MMR,2
2023,disability.pension,employees,f,47,YEM,1
2023,disability.pension,employees,m,57,BRA,2
2023,disability.pension,employees,f,45,UKR,4
2023,disability.pension,employees,f,42,ITA,4
2023,disability.pension,employees,f,24,KAZ,6
2023,disability.pension,employees,m,48,EST,1
2023,disability.pension,employees,f,57,UKR,2
2023,disability.pension,employees,m,58,EGY,3
2023,disability.pension,employees,f,40,BEL,1
2023,disability.pension,employees,m,59,MAR,2
2023,disability.pension,employees,m,22,GTM,5
2023,disability.pension,employees,m,35,SDN,1
2023,disability.pension,employees,m,50,IDN,2
2023,disability.pension,employees,m,39,IDN,6
2023,disability.pension,employees,m,51,IDN,2
2023,disability.pension,employees,m,38,IDN,2
2023,disability.pension,employees,m,52,THA,2
2023,disability.pension,employees,f,31,THA,2
2023,disability.pension,employees,f,77,LTU,1
2023,disability.pension,employees,m,26,KHM,1
2023,disability.pension,employees,m,0,ROU,1
2023,disability.pension,employees,f,24,KOR,8
2023,disability.pension,employees,m,19,KOR,1
2023,disability.pension,employees,f,56,AZE,2
2023,disability.pension,employees,m,57,SYR,2
2023,disability.pension,employees,f,52,NPL,3
2023,disability.pension,employees,m,56,QAT,1
2023,disability.pension,employees,m,48,PER,2
2023,disability.pension,employees,f,41,BLR,3
2023,disability.pension,employees,m,20,KEN,1
2023,disability.pension,employees,f,55,ROU,18
2023,disability.pension,employees,f,60,ESP,1
2023,disability.pension,employees,f,68,ESP,1
2023,disability.pension,employees,m,19,BRA,1
2023,disability.pension,employees,m,21,UKR,5
2023,disability.pension,employees,m,65,KOR,2
2023,disability.pension,employees,m,53,LKA,2
2023,disability.pension,employees,m,52,PAK,5
2023,disability.pension,employees,m,70,ESP,2
2023,disability.pension,employees,m,61,ITA,5
2023,disability.pension,employees,f,52,VNM,2
2023,disability.pension,employees,m,23,VNM,2
2023,disability.pension,employees,m,30,UKR,2
2023,disability.pension,employees,f,55,ROU,3
2023,disability.pension,employees,f,55,HUN,1
2023,disability.pension,employees,f,41,URY,1
2023,disability.pension,employees,m,57,ARG,1
2023,disability.pension,employees,m,58,PRY,1
2023,disability.pension,employees,m,58,ARG,1
2023,disability.pension,employees,m,1,NPL,3
2023,disability.pension,employees,f,21,NPL,4
2023,disability.pension,employees,m,37,TUN,3
2023,disability.pension,employees,m,41,NGA,2
2023,disability.pension,employees,m,66,FIN,1
2023,disability.pension,employees,f,58,ROU,8
2023,disability.pension,employees,m,18,ITA,2
2023,disability.pension,employees,m,59,JPN,6
2023,disability.pension,employees,f,23,CHN,2
2023,disability.pension,employees,f,57,CHN,2
2023,disability.pension,employees,m,75,ISR,46
2023,disability.pension,employees,f,20,URY,2
2023,disability.pension,employees,f,25,TKM,2
2023,disability.pension,employees,m,46,FIN,4
2023,disability.pension,employees,f,19,NLD,1
2023,disability.pension,employees,f,56,DZA,1
2023,disability.pension,employees,m,15,NLD,1
2023,disability.pension,employees,f,58,PHL,2
2023,disability.pension,employees,f,46,CUB,2
2023,disability.pension,employees,f,57,TTO,1
2023,disability.pension,employees,f,24,PER,6
2023,disability.pension,employees,f,22,PER,5
2023,disability.pension,employees,f,26,PER,2
2023,disability.pension,employees,f,21,PER,2
2023,disability.pension,employees,f,63,NOR,1
2023,disability.pension,employees,f,71,KAZ,1
2023,disability.pension,employees,m,42,COL,2
2023,disability.pension,employees,m,50,CUB,1
2023,disability.pension,employees,f,43,PER,2
2023,disability.pension,employees,f,41,BGD,2
2023,disability.pension,employees,m,52,COL,2
2023,disability.pension,employees,m,46,LBY,2
2023,disability.pension,employees,m,0,GEO,2
2023,disability.pension,employees,f,30,ZMB,1
2023,disability.pension,employees,f,28,AND,1
2023,disability.pension,employees,m,69,YUG,1
2023,disability.pension,employees,m,,DZA,1
2023,disability.pension,employees,f,36,TUR,2
2023,disability.pension,employees,m,66,BGD,1
2023,disability.pension,employees,f,51,ISR,2
2023,disability.pension,employees,m,46,NGA,2
2023,disability.pension,employees,m,68,HUN,1
2023,disability.pension,employees,m,31,CZE,4
2023,disability.pension,employees,m,62,IND,2
2023,disability.pension,employees,f,68,UKR,2
2023,disability.pension,employees,f,59,CHN,11
2023,disability.pension,employees,m,22,CAN,2
2023,disability.pension,employees,f,38,TJK,3
2023,disability.pension,employees,m,38,GHA,3
2023,disability.pension,employees,m,36,ARM,3
2023,disability.pension,employees,m,28,UKR,2
2023,disability.pension,employees,f,47,NLD,2
2023,disability.pension,employees,m,41,ROU,2
2023,disability.pension,employees,m,19,TJK,2
2023,disability.pension,employees,m,51,IND,6
2023,disability.pension,employees,m,58,LKA,2
2023,disability.pension,employees,m,21,ECU,1
2023,disability.pension,employees,m,81,GRC,1
2023,disability.pension,employees,m,63,CUB,2
2023,disability.pension,employees,m,66,EST,1
2023,disability.pension,employees,f,59,AFG,4
2023,disability.pension,employees,f,26,CHE,1
2023,disability.pension,employees,f,29,NZL,1
2023,disability.pension,employees,f,22,JPN,1
2023,disability.pension,employees,m,27,JPN,2
2023,disability.pension,employees,m,16,IRQ,1
2023,disability.pension,employees,m,43,CMR,2
2023,disability.pension,employees,m,43,DEU,4
2023,disability.pension,employees,f,21,SVK,1
2023,disability.pension,employees,f,51,NOR,1
2023,disability.pension,employees,m,74,DNK,2
2023,disability.pension,employees,f,41,ZAF,1
2023,disability.pension,employees,m,87,DEU,2
2023,disability.pension,employees,m,34,CHN,3
2023,disability.pension,employees,m,24,UKR,15
2023,disability.pension,employees,f,22,MDA,3
2023,disability.pension,employees,f,55,UKR,3
2023,disability.pension,employees,f,64,UKR,2
2023,disability.pension,employees,m,54,NLD,4
2023,disability.pension,employees,m,28,BLR,3
2023,disability.pension,employees,f,52,GRC,2
2023,disability.pension,employees,m,56,LAO,1
2023,disability.pension,employees,m,83,SWE,1
2023,disability.pension,employees,f,48,VNM,2
2023,disability.pension,employees,m,52,PSE,2
2023,disability.pension,employees,m,45,DNK,11
2023,disability.pension,employees,m,32,TZA,2
2023,disability.pension,employees,f,31,GHA,2
2023,disability.pension,employees,m,34,GMB,1
2023,disability.pension,employees,m,38,ETH,2
2023,disability.pension,employees,f,24,ZAF,2
2023,disability.pension,employees,m,24,TZA,4
2023,disability.pension,employees,m,29,NER,6
2023,disability.pension,employees,m,34,TZA,1
2023,disability.pension,employees,m,33,CMR,6
2023,disability.pension,employees,f,32,TCD,2
2023,disability.pension,employees,m,34,COG,2
2023,disability.pension,employees,m,19,DEU,3
2023,disability.pension,employees,m,29,KEN,2
2023,disability.pension,employees,m,39,ZMB,1
2023,disability.pension,employees,f,29,NGA,2
2023,disability.pension,employees,f,34,DZA,3
2023,disability.pension,employees,f,31,BWA,1
2023,disability.pension,employees,f,36,GMB,1
2023,disability.pension,employees,f,20,BDI,1
2023,disability.pension,employees,m,20,LKA,1
2023,disability.pension,employees,m,26,MLI,2
2023,disability.pension,employees,f,22,THA,1
2023,disability.pension,employees,m,21,VEN,5
2023,disability.pension,employees,m,18,VEN,1
2023,disability.pension,employees,m,17,DNK,1
2023,disability.pension,employees,m,60,MOZ,3
2023,disability.pension,employees,m,65,ARG,1
2023,disability.pension,employees,f,39,UKR,2
2023,disability.pension,employees,m,19,IRN,2
2023,disability.pension,employees,m,74,SWE,3
2023,disability.pension,employees,f,59,CAN,1
2023,disability.pension,employees,f,25,DNK,1
2023,disability.pension,employees,f,72,RUS,4
2023,disability.pension,employees,f,18,DNK,1
2023,disability.pension,employees,m,30,UKR,2
2023,disability.pension,employees,f,33,DNK,1
2023,disability.pension,employees,f,39,AFG,2
2023,disability.pension,employees,m,32,BGD,3
2023,disability.pension,employees,m,29,BGD,4
2023,disability.pension,employees,m,63,UKR,4
2023,disability.pension,employees,m,40,BGD,4
2023,disability.pension,employees,m,32,BGD,4
2023,disability.pension,employees,m,35,BGD,4
2023,disability.pension,employees,m,41,BGD,4
2023,disability.pension,employees,f,41,AZE,2
2023,disability.pension,employees,f,52,UKR,2
2023,disability.pension,employees,m,31,BGR,2
2023,disability.pension,employees,m,58,MKD,3
2023,disability.pension,employees,m,29,RUS,2
2023,disability.pension,employees,m,26,EST,3
2023,disability.pension,employees,m,48,GEO,3
2023,disability.pension,employees,f,20,KHM,1
2023,disability.pension,employees,m,34,PAN,1
2023,disability.pension,employees,f,19,RUS,2
2023,disability.pension,employees,m,52,CIV,1
2023,disability.pension,employees,m,19,SWE,2
2023,disability.pension,employees,m,32,GEO,2
2023,disability.pension,employees,m,44,GHA,2
2023,disability.pension,employees,m,46,AGO,2
2023,disability.pension,employees,f,48,MEX,3
2023,disability.pension,employees,f,39,NIC,1
2023,disability.pension,employees,f,54,DNK,2
2023,disability.pension,employees,m,69,ROU,2
2023,disability.pension,employees,m,29,MDA,4
2023,disability.pension,employees,f,55,KOR,2
2023,disability.pension,employees,m,33,CRI,3
2023,disability.pension,employees,m,39,CHN,4
2023,disability.pension,employees,m,37,CHN,2
2023,disability.pension,employees,m,67,IND,1
2023,disability.pension,employees,m,30,URY,2
2023,disability.pension,employees,f,26,JPN,3
2023,disability.pension,employees,f,32,IND,4
2023,disability.pension,employees,f,27,ROU,4
2023,disability.pension,employees,f,30,IND,4
2023,disability.pension,employees,f,21,VEN,3
2023,disability.pension,employees,m,42,NIC,1
2023,disability.pension,employees,m,49,MKD,3
2023,disability.pension,employees,f,43,UKR,3
2023,disability.pension,employees,f,55,MEX,1
2023,disability.pension,employees,m,62,TKM,2
2023,disability.pension,employees,f,61,HUN,2
2023,disability.pension,employees,m,57,HRV,3
2023,disability.pension,employees,f,51,LTU,3
2023,disability.pension,employees,m,79,GBR,2
2023,disability.pension,employees,m,63,NOR,1
2023,disability.pension,employees,m,71,IRL,1
2023,disability.pension,employees,f,41,CZE,2
2023,disability.pension,employees,f,72,UKR,2
2023,disability.pension,employees,m,27,IRQ,2
2023,disability.pension,employees,m,54,BGR,2
2023,disability.pension,employees,m,18,RUS,3
2023,disability.pension,employees,f,48,TUN,1
2023,disability.pension,employees,m,36,JPN,2
2023,disability.pension,employees,m,58,CYP,2
2023,disability.pension,employees,f,39,TTO,1
2023,disability.pension,employees,m,52,IDN,2
2023,disability.pension,employees,f,44,UKR,4
2023,disability.pension,employees,m,29,UGA,2
2023,disability.pension,employees,m,34,TKM,2
2023,disability.pension,employees,f,40,IND,2
2023,disability.pension,employees,m,45,UZB,2
2023,disability.pension,employees,m,33,UGA,2
2023,disability.pension,employees,f,29,UKR,6
2023,disability.pension,employees,f,22,KGZ,2
2023,disability.pension,employees,f,24,PHL,7
2023,disability.pension,employees,m,29,MUS,1
2023,disability.pension,employees,m,33,MUS,2
2023,disability.pension,employees,m,42,PHL,6
2023,disability.pension,employees,f,51,NGA,1
2023,disability.pension,employees,m,45,GHA,2
2023,disability.pension,employees,m,0,IDN,1
2023,disability.pension,employees,f,47,KAZ,2
2023,disability.pension,employees,m,20,NER,1
2023,disability.pension,employees,f,23,NER,1
2023,disability.pension,employees,f,27,TKM,4
2023,disability.pension,employees,m,0,LTU,1
2023,disability.pension,employees,m,44,UGA,2
2023,disability.pension,employees,f,44,TJK,3
2023,disability.pension,employees,m,18,IDN,1
2023,disability.pension,employees,f,45,UZB,2
2023,disability.pension,employees,m,61,ZWE,1
2023,disability.pension,employees,m,50,MUS,1
2023,disability.pension,employees,m,20,MUS,1
2023,disability.pension,employees,m,30,MUS,1
2023,disability.pension,employees,m,46,TZA,1
2023,disability.pension,employees,m,22,MUS,1
2023,disability.pension,employees,m,22,ZWE,4
2023,disability.pension,employees,f,53,PHL,4
2023,disability.pension,employees,f,41,PHL,3
2023,disability.pension,employees,m,32,PHL,3
2023,disability.pension,employees,m,51,YEM,1
2023,disability.pension,employees,m,68,LBN,1
2023,disability.pension,employees,m,25,LBY,1
2023,disability.pension,employees,f,7,UKR,1
2023,disability.pension,employees,f,52,MNG,2
2023,disability.pension,employees,m,80,MKD,1
2023,disability.pension,employees,f,37,SWE,2
2023,disability.pension,employees,f,68,KAZ,1
2023,disability.pension,employees,f,67,UKR,2
2023,disability.pension,employees,m,63,PRY,1
2023,disability.pension,employees,f,51,THA,2
2023,disability.pension,employees,f,81,UKR,2
2023,disability.pension,employees,m,44,FRA,3
2023,disability.pension,employees,f,30,KHM,1
2023,disability.pension,employees,f,53,MEX,1
2023,disability.pension,employees,m,64,GRC,3
2023,disability.pension,employees,m,31,CYP,1
2023,disability.pension,employees,m,34,JPN,6
2023,disability.pension,employees,m,27,BLR,3
2023,disability.pension,employees,f,59,ARM,4
2023,disability.pension,employees,f,67,NOR,1
2023,disability.pension,employees,m,55,GRC,2
2023,disability.pension,employees,f,32,ARM,2
2023,disability.pension,employees,f,72,FRA,2
2023,disability.pension,employees,m,59,CZE,2
2023,disability.pension,employees,m,46,JPN,6
2023,disability.pension,employees,m,69,JPN,2
2023,disability.pension,employees,m,57,ESP,3
2023,disability.pension,employees,m,64,PER,1
2023,disability.pension,employees,m,38,LBN,4
2023,disability.pension,employees,f,51,SVN,1
2023,disability.pension,employees,m,29,PSE,4
2023,disability.pension,employees,f,49,URY,1
2023,disability.pension,employees,m,50,UKR,2
2023,disability.pension,employees,m,45,GEO,3
2023,disability.pension,employees,f,42,IRL,2
2023,disability.pension,employees,f,56,KOR,1
2023,disability.pension,employees,m,58,AUS,2
2023,disability.pension,employees,m,32,GEO,4
2023,disability.pension,employees,f,48,GEO,4
2023,disability.pension,employees,f,23,UKR,4
2023,disability.pension,employees,m,21,PAN,1
2023,disability.pension,employees,m,44,AUS,3
2023,disability.pension,employees,m,24,UKR,6
2023,disability.pension,employees,f,22,UKR,2
2023,disability.pension,employees,m,63,ISR,1
2023,disability.pension,employees,m,43,UZB,2
2023,disability.pension,employees,m,124,IDN,1
2023,disability.pension,employees,m,31,ISR,1
2023,disability.pension,employees,f,21,UKR,4
2023,disability.pension,employees,f,30,MAR,2
2023,disability.pension,employees,m,27,BIH,3
2023,disability.pension,employees,m,30,ESP,3
2023,disability.pension,employees,f,50,ITA,2
2023,disability.pension,employees,f,32,CZE,3
2023,disability.pension,employees,f,84,CZE,1
2023,disability.pension,employees,m,84,HUN,1
2023,disability.pension,employees,f,44,JPN,1
2023,disability.pension,employees,m,81,FRA,2
2023,disability.pension,employees,f,59,FIN,1
2023,disability.pension,employees,m,52,ITA,3
2023,disability.pension,employees,m,43,ARG,2
2023,disability.pension,employees,f,51,LVA,4
2023,disability.pension,employees,m,63,MNG,1
2023,disability.pension,employees,m,25,KGZ,2
2023,disability.pension,employees,m,37,MUS,3
2023,disability.pension,employees,f,32,NGA,4
2023,disability.pension,employees,f,25,NPL,4
2023,disability.pension,employees,f,32,KOR,7
2023,disability.pension,employees,f,31,VNM,3
2023,disability.pension,employees,f,31,GIN,2
2023,disability.pension,employees,f,36,MNG,2
2023,disability.pension,employees,f,47,PAK,1
2023,disability.pension,employees,f,48,MYS,2
2023,disability.pension,employees,f,48,ALB,1
2023,disability.pension,employees,m,40,SLV,2
2023,disability.pension,employees,f,29,CHL,2
2023,disability.pension,employees,f,43,NZL,1
2023,disability.pension,employees,f,31,SYR,1
2023,disability.pension,employees,m,43,UKR,2
2023,disability.pension,employees,f,32,SVN,2
2023,disability.pension,employees,f,31,CHN,4
2023,disability.pension,employees,m,25,ZMB,1
2023,disability.pension,employees,f,35,CAN,2
2023,disability.pension,employees,m,56,NER,1
2023,disability.pension,employees,f,46,UKR,2
2023,disability.pension,employees,f,35,BLR,4
2023,disability.pension,employees,m,29,LBN,2
2023,disability.pension,employees,f,57,DNK,1
2023,disability.pension,employees,f,48,ITA,2
2023,disability.pension,employees,m,52,HND,1
2023,disability.pension,employees,m,40,HND,2
2023,disability.pension,employees,m,34,DOM,1
2023,disability.pension,employees,f,62,DEU,2
2023,disability.pension,employees,m,36,NGA,3
2023,disability.pension,employees,m,55,GBR,10
2023,disability.pension,employees,m,34,SDN,2
2023,disability.pension,employees,f,35,SYR,2
2023,disability.pension,employees,f,27,IDN,3
2023,disability.pension,employees,m,30,CHN,4
2023,disability.pension,employees,m,29,NGA,2
2023,disability.pension,employees,f,39,PAK,2
2023,disability.pension,employees,m,27,LBN,2
2023,disability.pension,employees,f,33,BOL,1
2023,disability.pension,employees,m,48,SYR,2
2023,disability.pension,employees,f,43,NER,1
2023,disability.pension,employees,f,36,LVA,2
2023,disability.pension,employees,m,44,SLE,2
2023,disability.pension,employees,f,46,FIN,1
2023,disability.pension,employees,f,41,AZE,6
2023,disability.pension,employees,f,53,FRA,3
2023,disability.pension,employees,f,39,SGP,1
2023,disability.pension,employees,m,35,NLD,4
2023,disability.pension,employees,m,39,MDG,1
2023,disability.pension,employees,f,35,COG,1
2023,disability.pension,employees,f,45,SEN,1
2023,disability.pension,employees,m,37,SEN,3
2023,disability.pension,employees,m,50,ECU,1
2023,disability.pension,employees,f,32,FIN,2
2023,disability.pension,employees,f,40,GAB,1
2023,disability.pension,employees,f,59,ZAF,1
2023,disability.pension,employees,f,24,HTI,2
2023,disability.pension,employees,f,32,GIN,1
2023,disability.pension,employees,m,59,TUN,1
2023,disability.pension,employees,f,41,GRC,1
2023,disability.pension,employees,f,41,EST,2
2023,disability.pension,employees,m,26,MOZ,3
2023,disability.pension,employees,m,33,CIV,1
2023,disability.pension,employees,f,20,MAR,3
2023,disability.pension,employees,m,41,KHM,1
2023,disability.pension,employees,f,39,GTM,2
2023,disability.pension,employees,m,22,GRC,2
2023,disability.pension,employees,m,30,GTM,4
2023,disability.pension,employees,m,39,GTM,2
2023,disability.pension,employees,f,48,GTM,2
2023,disability.pension,employees,m,24,ECU,2
2023,disability.pension,employees,m,31,GTM,7
2023,disability.pension,employees,m,40,USA,2
2023,disability.pension,employees,f,23,DZA,2
2023,disability.pension,employees,f,49,BRA,1
2023,disability.pension,employees,f,55,GRC,1
2023,disability.pension,employees,m,26,SEN,2
2023,disability.pension,employees,f,27,FIN,2
2023,disability.pension,employees,f,19,MAR,3
2023,disability.pension,employees,f,31,GTM,2
2023,disability.pension,employees,f,27,MUS,1
2023,disability.pension,employees,f,25,DZA,2
2023,disability.pension,employees,f,28,CIV,2
2023,disability.pension,employees,f,37,GTM,3
2023,disability.pension,employees,m,24,SVN,3
2023,disability.pension,employees,m,22,NLD,2
2023,disability.pension,employees,m,61,PER,1
2023,disability.pension,employees,m,32,HUN,2
2023,disability.pension,employees,f,38,DNK,1
2023,disability.pension,employees,m,32,BGR,2
2023,disability.pension,employees,f,35,VEN,1
2023,disability.pension,employees,f,31,FIN,2
2023,disability.pension,employees,f,28,FIN,2
2023,disability.pension,employees,m,29,TWN,2
2023,disability.pension,employees,f,33,GHA,3
2023,disability.pension,employees,m,28,TWN,1
2023,disability.pension,employees,m,37,TWN,2
2023,disability.pension,employees,m,28,SVK,2
2023,disability.pension,employees,m,27,DEU,2
2023,disability.pension,employees,f,29,HRV,2
2023,disability.pension,employees,m,22,SAU,1
2023,disability.pension,employees,m,39,ETH,3
2023,disability.pension,employees,f,26,THA,7
2023,disability.pension,employees,f,46,CHE,1
2023,disability.pension,employees,f,31,EST,5
2023,disability.pension,employees,m,34,MEX,4
2023,disability.pension,employees,f,37,BOL,1
2023,disability.pension,employees,f,21,TJK,2
2023,disability.pension,employees,f,31,ECU,1
2023,disability.pension,employees,m,21,RUS,8
2023,disability.pension,employees,f,24,ECU,2
2023,disability.pension,employees,m,24,CHE,2
2023,disability.pension,employees,m,65,SVK,2
2023,disability.pension,employees,f,48,CZE,2
2023,disability.pension,employees,m,58,BGR,2
2023,disability.pension,employees,m,48,BGR,2
2023,disability.pension,employees,m,52,RUS,4
2023,disability.pension,employees,m,64,LBY,2
2023,disability.pension,employees,m,40,MAR,2
2023,disability.pension,employees,m,43,EGY,2
2023,disability.pension,employees,f,55,UKR,5
2023,disability.pension,employees,m,24,BLR,5
2023,disability.pension,employees,m,26,BGR,4
2023,disability.pension,employees,m,52,RUS,2
2023,disability.pension,employees,m,49,EGY,2
2023,disability.pension,employees,f,49,TKM,4
2023,disability.pension,employees,m,20,BGR,2
2023,disability.pension,employees,m,27,RUS,3
2023,disability.pension,employees,m,56,FRA,6
2023,disability.pension,employees,f,73,GBR,1
2023,disability.pension,employees,f,61,ISR,1
2023,disability.pension,employees,f,62,SVN,1
2023,disability.pension,employees,m,53,DEU,3
2023,disability.pension,employees,f,49,ESP,3
2023,disability.pension,employees,f,49,RUS,6
2023,disability.pension,employees,m,60,UNKNOWN,1
2023,disability.pension,employees,m,65,MEX,1
2023,disability.pension,employees,f,72,GBR,2
2023,disability.pension,employees,m,44,JPN,2
2023,disability.pension,employees,m,66,MNG,1
2023,disability.pension,employees,m,49,USA,4
2023,disability.pension,employees,f,41,ARM,2
2023,disability.pension,employees,m,67,MEX,1
2023,disability.pension,employees,m,38,NLD,3
2023,disability.pension,employees,f,49,IRN,1
2023,disability.pension,employees,m,75,IRN,1
2023,disability.pension,employees,m,48,JPN,2
2023,disability.pension,employees,f,36,ROU,12
2023,disability.pension,employees,f,40,PAK,5
2023,disability.pension,employees,f,49,AZE,2
2023,disability.pension,employees,m,62,USA,3
2023,disability.pension,employees,f,37,TWN,2
2023,disability.pension,employees,f,29,TWN,2
2023,disability.pension,employees,f,51,NLD,2
2023,disability.pension,employees,m,29,IRQ,2
2023,disability.pension,employees,f,28,IRN,2
2023,disability.pension,employees,f,34,ESP,2
2023,disability.pension,employees,f,60,HUN,1
2023,disability.pension,employees,f,30,KAZ,10
2023,disability.pension,employees,f,29,AFG,3
2023,disability.pension,employees,m,35,ISL,1
2023,disability.pension,employees,f,54,USA,2
2023,disability.pension,employees,m,76,VGB,1
2023,disability.pension,employees,f,30,VGB,1
2023,disability.pension,employees,f,45,AUT,2
2023,disability.pension,employees,f,51,VGB,1
2023,disability.pension,employees,f,39,VGB,1
2023,disability.pension,employees,m,36,CZE,6
2023,disability.pension,employees,f,23,KGZ,4
2023,disability.pension,employees,f,75,CZE,1
2023,disability.pension,employees,m,78,CHE,2
2023,disability.pension,employees,f,17,COG,3
2023,disability.pension,employees,f,63,ERI,1
2023,disability.pension,employees,f,36,SWE,2
2023,disability.pension,employees,f,57,ESP,1
2023,disability.pension,employees,m,49,SYR,2
2023,disability.pension,employees,f,27,AUT,2
2023,disability.pension,employees,f,61,LTU,2
2023,disability.pension,employees,f,55,FRA,2
2023,disability.pension,employees,m,84,DEU,2
2023,disability.pension,employees,m,82,BEL,1
2023,disability.pension,employees,f,72,AUT,1
2023,disability.pension,employees,m,89,UKR,1
2023,disability.pension,employees,m,83,FRA,1
2023,disability.pension,employees,f,61,BEL,2
2023,disability.pension,employees,f,69,GRC,1
2023,disability.pension,employees,m,58,MNG,3
2023,disability.pension,employees,f,59,MNG,2
2023,disability.pension,employees,f,43,CHE,1
2023,disability.pension,employees,m,30,FRA,2
2023,disability.pension,employees,m,26,MKD,3
2023,disability.pension,employees,f,35,BIH,2
2023,disability.pension,employees,m,20,PRT,3
2023,disability.pension,employees,f,19,CHE,1
2023,disability.pension,employees,m,69,IND,1
2023,disability.pension,employees,f,48,IRL,2
2023,disability.pension,employees,f,46,UKR,2
2023,disability.pension,employees,f,71,LTU,2
2023,disability.pension,employees,f,67,MDA,2
2023,disability.pension,employees,m,77,ARG,1
2023,disability.pension,employees,f,56,GRC,1
2023,disability.pension,employees,m,76,CAN,1
2023,disability.pension,employees,m,74,SYR,1
2023,disability.pension,employees,f,75,RUS,1
2023,disability.pension,employees,m,70,SYR,1
2023,disability.pension,employees,f,75,BLR,3
2023,disability.pension,employees,m,32,LTU,2
2023,disability.pension,employees,f,62,RUS,2
2023,disability.pension,employees,m,75,SWE,2
2023,disability.pension,employees,m,52,SWE,2
2023,disability.pension,employees,m,94,ITA,1
2023,disability.pension,employees,f,31,CHL,1
2023,disability.pension,employees,f,23,UZB,2
2023,disability.pension,employees,f,42,ARG,2
2023,disability.pension,employees,f,26,LBN,2
2023,disability.pension,employees,f,45,KOR,3
2023,disability.pension,employees,f,37,JPN,1
2023,disability.pension,employees,m,60,AUS,2
2023,disability.pension,employees,f,30,PSE,3
2023,disability.pension,employees,m,37,PSE,1
2023,disability.pension,employees,f,25,PSE,2
2023,disability.pension,employees,m,34,NGA,2
2023,disability.pension,employees,f,35,EGY,2
2023,disability.pension,employees,m,34,AUS,4
2023,disability.pension,employees,m,37,PAK,4
2023,disability.pension,employees,f,58,DEU,2
2023,disability.pension,employees,f,18,TKM,1
2023,disability.pension,employees,f,30,KAZ,4
2023,disability.pension,employees,f,18,SYR,1
2023,disability.pension,employees,m,50,FRA,4
2023,disability.pension,employees,f,66,NLD,1
2023,disability.pension,employees,f,49,TJK,1
2023,disability.pension,employees,f,52,TJK,1
2023,disability.pension,employees,f,56,LVA,2
2023,disability.pension,employees,m,56,IDN,2
2023,disability.pension,employees,m,34,NZL,1
2023,disability.pension,employees,m,43,MYS,1
2023,disability.pension,employees,f,47,ROU,22
2023,disability.pension,employees,m,53,PER,1
2023,disability.pension,employees,m,45,NZL,1
2023,disability.pension,employees,f,49,CRI,3
2023,disability.pension,employees,m,30,BRA,2
2023,disability.pension,employees,m,36,HRV,2
2023,disability.pension,employees,m,40,CRI,1
2023,disability.pension,employees,f,71,FRA,1
2023,disability.pension,employees,f,42,NGA,2
2023,disability.pension,employees,f,60,CAN,2
2023,disability.pension,employees,m,57,GBR,3
2023,disability.pension,employees,m,38,ITA,4
2023,disability.pension,employees,f,60,ROU,9
2023,disability.pension,employees,f,26,TJK,2
2023,disability.pension,employees,f,63,IRQ,1
2023,disability.pension,employees,m,35,UKR,3
2023,disability.pension,employees,f,40,CHE,1
2023,disability.pension,employees,m,48,AGO,1
2023,disability.pension,employees,m,61,FRA,4
2023,disability.pension,employees,f,67,BLR,2
2023,disability.pension,employees,m,82,RUS,1
2023,disability.pension,employees,m,80,JPN,1
2023,disability.pension,employees,f,20,FIN,1
2023,disability.pension,employees,m,18,DEU,2
2023,disability.pension,employees,f,24,HTI,2
2023,disability.pension,employees,m,24,MLI,5
2023,disability.pension,employees,m,22,MLI,2
2023,disability.pension,employees,m,38,CHE,2
2023,disability.pension,employees,f,52,AUT,2
2023,disability.pension,employees,m,35,SVN,1
2023,disability.pension,employees,f,36,TZA,1
2023,disability.pension,employees,f,28,LBN,2
2023,disability.pension,employees,f,37,LBN,3
2023,disability.pension,employees,f,30,ISR,1
2023,disability.pension,employees,f,35,HUN,7
2023,disability.pension,employees,f,32,CHE,2
2023,disability.pension,employees,m,57,MEX,2
2023,disability.pension,employees,m,42,CMR,4
2023,disability.pension,employees,m,39,SUR,1
2023,disability.pension,employees,m,40,BEN,1
2023,disability.pension,employees,f,38,GAB,1
2023,disability.pension,employees,f,25,SAU,3
2023,disability.pension,employees,f,23,CIV,1
2023,disability.pension,employees,m,29,TGO,2
2023,disability.pension,employees,m,33,HND,1
2023,disability.pension,employees,f,23,HTI,1
2023,disability.pension,employees,f,37,GRC,5
2023,disability.pension,employees,f,49,MEX,2
2023,disability.pension,employees,m,29,YEM,2
2023,disability.pension,employees,m,67,HRV,2
2023,disability.pension,employees,m,47,VNM,8
2023,disability.pension,employees,f,50,VNM,4
2023,disability.pension,employees,m,23,ETH,4
2023,disability.pension,employees,m,66,USA,13
2023,disability.pension,employees,f,28,KOR,2
2023,disability.pension,employees,f,35,ECU,1
2023,disability.pension,employees,m,33,NOR,3
2023,disability.pension,employees,m,29,AUS,1
2023,disability.pension,employees,m,54,AUS,1
2023,disability.pension,employees,f,42,FIN,2
2023,disability.pension,employees,m,45,IRN,3
2023,disability.pension,employees,m,58,AUT,2
2023,disability.pension,employees,f,39,UKR,2
2023,disability.pension,employees,m,38,SDN,2
2023,disability.pension,employees,f,24,GBR,2
2023,disability.pension,employees,f,23,BRA,1
2023,disability.pension,employees,m,26,LBY,1
2023,disability.pension,employees,m,28,GIN,1
2023,disability.pension,employees,m,22,MAR,2
2023,disability.pension,employees,f,31,NOR,1
2023,disability.pension,employees,m,70,ITA,2
2023,disability.pension,employees,f,28,TKM,4
2023,disability.pension,employees,m,43,MNG,2
2023,disability.pension,employees,f,37,MEX,2
2023,disability.pension,employees,m,36,TUR,3
2023,disability.pension,employees,m,47,AUS,2
2023,disability.pension,employees,f,35,FRA,2
2023,disability.pension,employees,m,75,CHE,1
2023,disability.pension,employees,m,29,SEN,1
2023,disability.pension,employees,f,31,SEN,1
2023,disability.pension,employees,f,28,DZA,2
2023,disability.pension,employees,f,29,SEN,2
2023,disability.pension,employees,m,66,HRV,1
2023,disability.pension,employees,f,31,MLI,1
2023,disability.pension,employees,m,36,ZWE,2
2023,disability.pension,employees,m,27,HND,1
2023,disability.pension,employees,f,35,DZA,1
2023,disability.pension,employees,f,22,BEL,1
2023,disability.pension,employees,m,19,CZE,1
2023,disability.pension,employees,f,52,PER,1
2023,disability.pension,employees,m,62,KWT,1
2023,disability.pension,employees,f,26,DNK,1
2023,disability.pension,employees,m,56,ITA,3
2023,disability.pension,employees,f,34,JAM,1
2023,disability.pension,employees,m,65,DEU,3
2023,disability.pension,employees,f,52,MYS,2
2023,disability.pension,employees,f,28,CZE,2
2023,disability.pension,employees,m,38,GBR,4
2023,disability.pension,employees,f,61,SVK,2
2023,disability.pension,employees,m,26,CHL,1
2023,disability.pension,employees,f,51,UKR,2
2023,disability.pension,employees,f,28,SOM,2
2023,disability.pension,employees,m,31,CHE,1
2023,disability.pension,employees,f,31,BEL,2
2023,disability.pension,employees,m,63,IRL,1
2023,disability.pension,employees,m,24,IRL,1
2023,disability.pension,employees,f,66,COG,1
2023,disability.pension,employees,f,65,FRA,1
2023,disability.pension,employees,f,44,FRA,4
2023,disability.pension,employees,m,37,HUN,14
2023,disability.pension,employees,f,31,UKR,2
2023,disability.pension,employees,m,58,FIN,1
2023,disability.pension,employees,m,56,LVA,2
2023,disability.pension,employees,m,61,LBY,2
2023,disability.pension,employees,f,58,SVK,2
2023,disability.pension,employees,f,48,RUS,3
2023,disability.pension,employees,m,57,JOR,2
2023,disability.pension,employees,m,34,LTU,2
2023,disability.pension,employees,f,46,UKR,6
2023,disability.pension,employees,m,39,SWE,2
2023,disability.pension,employees,m,36,ALB,2
2023,disability.pension,employees,m,37,DZA,2
2023,disability.pension,employees,m,23,RUS,4
2023,disability.pension,employees,m,47,RUS,3
2023,disability.pension,employees,m,32,BLR,4
2023,disability.pension,employees,m,47,TKM,2
2023,disability.pension,employees,f,50,RUS,3
2023,disability.pension,employees,f,16,CMR,1
2023,disability.pension,employees,f,55,USA,2
2023,disability.pension,employees,f,50,GBR,7
2023,disability.pension,employees,m,73,ISR,8
2023,disability.pension,employees,f,58,HRV,1
2023,disability.pension,employees,f,35,CRI,2
2023,disability.pension,employees,m,41,BEL,2
2023,disability.pension,employees,f,44,CHL,1
2023,disability.pension,employees,f,18,IRQ,1
2023,disability.pension,employees,m,40,MEX,2
2023,disability.pension,employees,f,68,AFG,2
2023,disability.pension,employees,f,53,BLR,3
2023,disability.pension,employees,f,52,NLD,1
2023,disability.pension,employees,m,25,URY,1
2023,disability.pension,employees,m,36,PAN,2
2023,disability.pension,employees,m,23,HND,1
2023,disability.pension,employees,f,32,ECU,3
2023,disability.pension,employees,f,33,UZB,2
2023,disability.pension,employees,f,32,ARM,3
2023,disability.pension,employees,f,25,AFG,2
2023,disability.pension,employees,f,37,SVN,3
2023,disability.pension,employees,m,38,SEN,2
2023,disability.pension,employees,m,39,LVA,2
2023,disability.pension,employees,m,38,MKD,2
2023,disability.pension,employees,m,40,BRA,2
2023,disability.pension,employees,m,42,MKD,1
2023,disability.pension,employees,m,39,YEM,1
2023,disability.pension,employees,m,28,ERI,1
2023,disability.pension,employees,f,41,VEN,1
2023,disability.pension,employees,f,33,BIH,2
2023,disability.pension,employees,f,41,SYR,1
2023,disability.pension,employees,f,40,CAN,1
2023,disability.pension,employees,m,31,BIH,3
2023,disability.pension,employees,f,26,IRQ,1
2023,disability.pension,employees,f,41,YEM,1
2023,disability.pension,employees,f,30,CZE,2
2023,disability.pension,employees,m,25,SAU,1
2023,disability.pension,employees,f,29,MKD,1
2023,disability.pension,employees,f,31,YUG,1
2023,disability.pension,employees,m,36,CRI,4
2023,disability.pension,employees,m,31,LBY,1
2023,disability.pension,employees,m,25,BDI,1
2023,disability.pension,employees,f,32,SVK,2
2023,disability.pension,employees,m,38,SAU,3
2023,disability.pension,employees,m,35,BIH,1
2023,disability.pension,employees,m,41,SDN,2
2023,disability.pension,employees,m,56,HRV,2
2023,disability.pension,employees,f,33,MAR,2
2023,disability.pension,employees,f,26,KGZ,4
2023,disability.pension,employees,m,23,MOZ,5
2023,disability.pension,employees,f,37,CHE,1
2023,disability.pension,employees,f,26,HRV,2
2023,disability.pension,employees,m,47,BRA,2
2023,disability.pension,employees,m,26,SDN,2
2023,disability.pension,employees,f,27,BIH,2
2023,disability.pension,employees,f,42,CMR,2
2023,disability.pension,employees,m,21,BDI,2
2023,disability.pension,employees,m,24,PAN,1
2023,disability.pension,employees,f,25,CYP,1
2023,disability.pension,employees,f,19,DEU,2
2023,disability.pension,employees,f,31,MKD,2
2023,disability.pension,employees,m,19,PRT,1
2023,disability.pension,employees,m,48,VEN,2
2023,disability.pension,employees,f,79,LTU,1
2023,disability.pension,employees,m,48,CRI,1
2023,disability.pension,employees,m,57,SVN,1
2023,disability.pension,employees,m,43,IRL,2
2023,disability.pension,employees,f,39,CUB,2
2023,disability.pension,employees,m,40,CUB,3
2023,disability.pension,employees,f,32,CHL,2
2023,disability.pension,employees,m,41,IRN,2
2023,disability.pension,employees,f,21,LVA,3
2023,disability.pension,employees,f,44,PRT,2
2023,disability.pension,employees,f,72,NGA,1
2023,disability.pension,employees,m,58,LTU,2
2023,disability.pension,employees,m,25,EST,2
2023,disability.pension,employees,m,58,PAK,2
2023,disability.pension,employees,m,51,LTU,4
2023,disability.pension,employees,m,55,AUT,2
2023,disability.pension,employees,f,33,NER,1
2023,disability.pension,employees,m,39,CHE,1
2023,disability.pension,employees,m,36,SGP,1
2023,disability.pension,employees,m,33,SLV,1
2023,disability.pension,employees,m,72,ESP,2
2023,disability.pension,employees,f,75,BEL,1
2023,disability.pension,employees,m,87,ITA,1
2023,disability.pension,employees,f,93,DEU,1
2023,disability.pension,employees,f,92,DEU,1
2023,disability.pension,employees,f,100,DEU,1
2023,disability.pension,employees,m,90,CAN,1
2023,disability.pension,employees,m,70,AUS,1
2023,disability.pension,employees,f,76,GBR,2
2023,disability.pension,employees,m,75,LKA,1
2023,disability.pension,employees,f,30,LTU,3
2023,disability.pension,employees,f,22,MOZ,2
2023,disability.pension,employees,f,28,TJK,3
2023,disability.pension,employees,m,64,PAK,1
2023,disability.pension,employees,m,23,AUT,1
2023,disability.pension,employees,m,56,IRQ,3
2023,disability.pension,employees,f,50,USA,3
2023,disability.pension,employees,m,57,LBY,1
2023,disability.pension,employees,f,74,HUN,1
2023,disability.pension,employees,m,40,FIN,3
2023,disability.pension,employees,f,40,ARM,2
2023,disability.pension,employees,m,48,YEM,2
2023,disability.pension,employees,f,36,ALB,1
2023,disability.pension,employees,f,37,ERI,1
2023,disability.pension,employees,f,33,TJK,3
2023,disability.pension,employees,f,37,TJK,3
2023,disability.pension,employees,f,31,CHE,1
2023,disability.pension,employees,m,57,ESP,2
2023,disability.pension,employees,m,60,GBR,4
2023,disability.pension,employees,f,32,ECU,2
2023,disability.pension,employees,m,20,ESP,2
2023,disability.pension,employees,m,123,AFG,1
2023,disability.pension,employees,m,27,MDG,1
2023,disability.pension,employees,m,23,MYS,2
2023,disability.pension,employees,m,33,SVN,2
2023,disability.pension,employees,f,38,NER,2
2023,disability.pension,employees,m,60,MAR,2
2023,disability.pension,employees,f,81,MYS,1
2023,disability.pension,employees,f,32,UZB,2
2023,disability.pension,employees,m,64,ESP,2
2023,disability.pension,employees,f,9,RUS,1
2023,disability.pension,employees,m,11,RUS,3
2023,disability.pension,employees,m,8,RUS,1
2023,disability.pension,employees,m,9,LBY,1
2023,disability.pension,employees,f,12,LBY,1
2023,disability.pension,employees,m,51,HRV,2
2023,disability.pension,employees,f,42,KOR,8
2023,disability.pension,employees,f,35,KOR,2
2023,disability.pension,employees,m,71,NOR,1
2023,disability.pension,employees,m,50,HUN,2
2023,disability.pension,employees,m,71,TUR,1
2023,disability.pension,employees,f,55,KGZ,2
2023,disability.pension,employees,f,51,TJK,3
2023,disability.pension,employees,f,46,PRT,2
2023,disability.pension,employees,f,38,GUY,1
2023,disability.pension,employees,f,43,PAK,2
2023,disability.pension,employees,m,38,MYS,2
2023,disability.pension,employees,f,33,EST,2
2023,disability.pension,employees,f,26,GHA,3
2023,disability.pension,employees,m,40,YEM,1
2023,disability.pension,employees,m,26,VNM,2
2023,disability.pension,employees,f,30,IRQ,2
2023,disability.pension,employees,f,40,JOR,1
2023,disability.pension,employees,f,36,KEN,2
2023,disability.pension,employees,f,41,IND,2
2023,disability.pension,employees,f,38,CRI,2
2023,disability.pension,employees,f,46,EGY,1
2023,disability.pension,employees,f,33,TZA,2
2023,disability.pension,employees,f,23,GHA,3
2023,disability.pension,employees,f,34,CRI,3
2023,disability.pension,employees,m,22,GHA,2
2023,disability.pension,employees,m,33,MYS,2
2023,disability.pension,employees,f,33,CRI,3
2023,disability.pension,employees,m,39,CRI,2
2023,disability.pension,employees,f,78,ISR,1
2023,disability.pension,employees,m,32,CYP,1
2023,disability.pension,employees,m,28,SGP,1
2023,disability.pension,employees,m,28,JAM,2
2023,disability.pension,employees,m,22,CYP,1
2023,disability.pension,employees,m,29,BLR,4
2023,disability.pension,employees,m,22,IRL,1
2023,disability.pension,employees,f,23,LBN,2
2023,disability.pension,employees,f,23,EGY,1
2023,disability.pension,employees,m,62,ESP,2
2023,disability.pension,employees,f,35,GAB,3
2023,disability.pension,employees,f,37,KEN,2
2023,disability.pension,employees,m,51,COL,3
2023,disability.pension,employees,f,48,AFG,2
2023,disability.pension,employees,m,22,IRQ,2
2023,disability.pension,employees,f,41,HUN,2
2023,disability.pension,employees,m,63,ESP,6
2023,disability.pension,employees,m,55,LBN,1
2023,disability.pension,employees,m,31,NGA,2
2023,disability.pension,employees,m,28,GHA,2
2023,disability.pension,employees,f,24,ZWE,8
2023,disability.pension,employees,m,46,MUS,2
2023,disability.pension,employees,f,43,CZE,4
2023,disability.pension,employees,f,43,JPN,2
2023,disability.pension,employees,m,31,NLD,2
2023,disability.pension,employees,f,23,LAO,1
2023,disability.pension,employees,f,32,JPN,2
2023,disability.pension,employees,m,30,KWT,1
2023,disability.pension,employees,m,53,LBY,2
2023,disability.pension,employees,m,40,NZL,1
2023,disability.pension,employees,f,60,SDN,1
2023,disability.pension,employees,f,48,TJK,1
2023,disability.pension,employees,m,65,ESP,5
2023,disability.pension,employees,f,24,NGA,2
2023,disability.pension,employees,m,41,SEN,1
2023,disability.pension,employees,m,63,ISR,4
2023,disability.pension,employees,f,60,CYP,1
2023,disability.pension,employees,m,69,HUN,1
2023,disability.pension,employees,m,80,HUN,1
2023,disability.pension,employees,f,46,USA,3
2023,disability.pension,employees,m,41,IRQ,2
2023,disability.pension,employees,m,26,MDG,1
2023,disability.pension,employees,f,61,AUS,1
2023,disability.pension,employees,m,52,GBR,17
2023,disability.pension,employees,m,60,SOM,1
2023,disability.pension,employees,m,40,IRQ,2
2023,disability.pension,employees,f,47,MKD,1
2023,disability.pension,employees,m,35,SVN,4
2023,disability.pension,employees,m,29,AGO,2
2023,disability.pension,employees,f,40,CZE,2
2023,disability.pension,employees,m,52,SDN,1
2023,disability.pension,employees,m,56,PAK,2
2023,disability.pension,employees,m,23,IRQ,2
2023,disability.pension,employees,f,46,JPN,3
2023,disability.pension,employees,f,23,IRL,1
2023,disability.pension,employees,f,31,UKR,2
2023,disability.pension,employees,f,23,TWN,1
2023,disability.pension,employees,f,51,MKD,1
2023,disability.pension,employees,m,54,ISR,3
2023,disability.pension,employees,f,38,ZWE,2
2023,disability.pension,employees,f,52,NOR,1
2023,disability.pension,employees,m,45,ETH,1
2023,disability.pension,employees,m,34,MOZ,1
2023,disability.pension,employees,m,56,ISR,2
2023,disability.pension,employees,f,27,UKR,2
2023,disability.pension,employees,f,42,TZA,1
2023,disability.pension,employees,m,41,UKR,2
2023,disability.pension,employees,m,42,JOR,2
2023,disability.pension,employees,m,54,EGY,2
2023,disability.pension,employees,m,67,IND,2
2023,disability.pension,employees,m,36,CHN,4
2023,disability.pension,employees,m,27,TUR,3
2023,disability.pension,employees,f,28,ISR,1
2023,disability.pension,employees,f,54,SDN,1
2023,disability.pension,employees,m,49,MEX,2
2023,disability.pension,employees,f,44,ZAF,2
2023,disability.pension,employees,m,42,MUS,2
2023,disability.pension,employees,f,47,PAK,2
2023,disability.pension,employees,f,24,IRL,2
2023,disability.pension,employees,m,26,ZAF,4
2023,disability.pension,employees,f,45,LVA,2
2023,disability.pension,employees,f,14,AUT,1
2023,disability.pension,employees,m,27,GBR,2
2023,disability.pension,employees,m,56,NLD,3
2023,disability.pension,employees,m,29,HRV,2
2023,disability.pension,employees,m,23,NER,2
2023,disability.pension,employees,f,41,UKR,6
2023,disability.pension,employees,f,18,RUS,2
2023,disability.pension,employees,m,18,KAZ,2
2023,disability.pension,employees,m,39,MUS,1
2023,disability.pension,employees,m,45,GIN,1
2023,disability.pension,employees,m,57,TUN,1
2023,disability.pension,employees,m,40,LBY,1
2023,disability.pension,employees,m,30,PAN,2
2023,disability.pension,employees,m,37,TGO,2
2023,disability.pension,employees,m,37,COG,3
2023,disability.pension,employees,m,24,DNK,3
2023,disability.pension,employees,m,29,RWA,3
2023,disability.pension,employees,f,25,NLD,1
2023,disability.pension,employees,m,36,HND,1
2023,disability.pension,employees,m,29,GIN,1
2023,disability.pension,employees,f,60,VEN,1
2023,disability.pension,employees,f,26,NOR,3
2023,disability.pension,employees,f,25,MLI,2
2023,disability.pension,employees,m,21,ETH,4
2023,disability.pension,employees,m,24,MOZ,2
2023,disability.pension,employees,f,31,EGY,3
2023,disability.pension,employees,f,29,ZMB,3
2023,disability.pension,employees,m,68,IRL,2
2023,disability.pension,employees,f,19,CZE,1
2023,disability.pension,employees,f,17,ARG,1
2023,disability.pension,employees,m,67,BEL,3
2023,disability.pension,employees,f,31,NIC,1
2023,disability.pension,employees,m,63,AZE,5
2023,disability.pension,employees,f,56,NLD,2
2023,disability.pension,employees,m,45,DOM,2
2023,disability.pension,employees,f,54,BEL,2
2023,disability.pension,employees,f,74,AZE,1
2023,disability.pension,employees,m,22,LUX,1
2023,disability.pension,employees,m,81,SOM,1
2023,disability.pension,employees,m,53,CZE,6
2023,disability.pension,employees,m,58,NIC,1
2023,disability.pension,employees,m,43,AUS,2
2023,disability.pension,employees,f,53,JPN,1
2023,disability.pension,employees,f,36,RUS,2
2023,disability.pension,employees,m,38,JPN,2
2023,disability.pension,employees,f,44,ZAF,2
2023,disability.pension,employees,m,54,PRT,3
2023,disability.pension,employees,m,67,NOR,1
2023,disability.pension,employees,m,49,SEN,1
2023,disability.pension,employees,f,36,HTI,4
2023,disability.pension,employees,f,31,AGO,2
2023,disability.pension,employees,m,51,FIN,4
2023,disability.pension,employees,f,62,PRT,1
2023,disability.pension,employees,m,24,GRC,2
2023,disability.pension,employees,m,29,EGY,3
2023,disability.pension,employees,m,25,MOZ,2
2023,disability.pension,employees,f,37,IND,4
2023,disability.pension,employees,f,26,SWE,4
2023,disability.pension,employees,m,1,CHN,1
2023,disability.pension,employees,f,20,ITA,3
2023,disability.pension,employees,m,56,TUR,2
2023,disability.pension,employees,m,32,MLI,1
2023,disability.pension,employees,m,56,DEU,3
2023,disability.pension,employees,m,24,BIH,1
2023,disability.pension,employees,m,22,BIH,3
2023,disability.pension,employees,m,19,MKD,1
2023,disability.pension,employees,m,83,COG,1
2023,disability.pension,employees,m,29,SDN,2
2023,disability.pension,employees,f,54,HRV,1
2023,disability.pension,employees,m,53,LBN,3
2023,disability.pension,employees,f,41,LBN,2
2023,disability.pension,employees,f,51,GBR,2
2023,disability.pension,employees,m,26,DEU,2
2023,disability.pension,employees,f,34,MAR,2
2023,disability.pension,employees,f,52,LBN,1
2023,disability.pension,employees,f,31,IND,3
2023,disability.pension,employees,f,21,PRT,2
2023,disability.pension,employees,m,35,ECU,2
2023,disability.pension,employees,f,30,BLR,5
2023,disability.pension,employees,m,52,ISL,1
2023,disability.pension,employees,m,48,HRV,2
2023,disability.pension,employees,m,37,TUR,4
2023,disability.pension,employees,m,34,BIH,2
2023,disability.pension,employees,f,34,PSE,2
2023,disability.pension,employees,m,28,SAU,2
2023,disability.pension,employees,m,27,TUR,4
2023,disability.pension,employees,f,40,MOZ,1
2023,disability.pension,employees,m,65,PHL,1
2023,disability.pension,employees,f,83,CAN,1
2023,disability.pension,employees,f,53,TUN,1
2023,disability.pension,employees,m,36,VEN,2
2023,disability.pension,employees,m,42,SGP,2
2023,disability.pension,employees,m,45,NIC,2
2023,disability.pension,employees,f,52,SVK,2
2023,disability.pension,employees,m,61,ITA,3
2023,disability.pension,employees,m,51,AUS,1
2023,disability.pension,employees,f,27,TJK,3
2023,disability.pension,employees,f,56,ZAF,1
2023,disability.pension,employees,m,66,COL,1
2023,disability.pension,employees,f,41,JAM,1
2023,disability.pension,employees,m,49,UGA,1
2023,disability.pension,employees,f,43,LTU,2
2023,disability.pension,employees,m,41,MUS,2
2023,disability.pension,employees,m,24,NLD,2
2023,disability.pension,employees,f,24,HRV,2
2023,disability.pension,employees,f,28,ZMB,2
2023,disability.pension,employees,f,59,GRC,1
2023,disability.pension,employees,m,35,AUT,2
2023,disability.pension,employees,m,35,ZMB,1
2023,disability.pension,employees,f,56,GBR,1
2023,disability.pension,employees,f,39,SDN,1
2023,disability.pension,employees,f,53,MYS,1
2023,disability.pension,employees,f,19,SLE,1
2023,disability.pension,employees,m,41,LBN,1
2023,disability.pension,employees,m,55,BEL,3
2023,disability.pension,employees,f,26,ISR,1
2023,disability.pension,employees,f,23,KOR,1
2023,disability.pension,employees,f,52,EST,1
2023,disability.pension,employees,m,34,ZMB,2
2023,disability.pension,employees,m,59,MEX,1
2023,disability.pension,employees,f,29,NAM,1
2023,disability.pension,employees,m,53,FIN,2
2023,disability.pension,employees,f,22,GRC,1
2023,disability.pension,employees,m,64,NZL,1
2023,disability.pension,employees,m,24,ZMB,1
2023,disability.pension,employees,f,38,ECU,1
2023,disability.pension,employees,m,27,MLI,1
2023,disability.pension,employees,f,42,CRI,2
2023,disability.pension,employees,m,43,TJK,2
2023,disability.pension,employees,m,24,NGA,2
2023,disability.pension,employees,m,45,BRA,2
2023,disability.pension,employees,f,44,ZMB,1
2023,disability.pension,employees,m,65,TUR,4
2023,disability.pension,employees,f,55,TUR,2
2023,disability.pension,employees,m,28,SYR,2
2023,disability.pension,employees,m,7,DJI,1
2023,disability.pension,employees,m,123,ISR,1
2023,disability.pension,employees,f,56,BLR,3
2023,disability.pension,employees,f,18,UKR,2
2023,disability.pension,employees,f,38,SEN,1
2023,disability.pension,employees,m,54,ARM,2
2023,disability.pension,employees,m,48,IRQ,2
2023,disability.pension,employees,f,53,UGA,1
2023,disability.pension,employees,m,41,IRQ,2
2023,disability.pension,employees,m,24,HTI,2
2023,disability.pension,employees,f,29,AFG,2
2023,disability.pension,employees,f,24,BLR,3
2023,disability.pension,employees,f,44,UGA,1
2023,disability.pension,employees,m,33,BDI,1
2023,disability.pension,employees,m,28,SLE,1
2023,disability.pension,employees,f,46,ROU,34
2023,disability.pension,employees,f,36,GTM,3
2023,disability.pension,employees,m,46,DOM,1
2023,disability.pension,employees,f,27,KAZ,3
2023,disability.pension,employees,f,48,ZWE,1
2023,disability.pension,employees,m,47,SUR,1
2023,disability.pension,employees,f,49,KAZ,2
2023,disability.pension,employees,m,40,TJK,2
2023,disability.pension,employees,f,19,IRQ,1
2023,disability.pension,employees,m,48,SVN,3
2023,disability.pension,employees,m,58,BIH,2
2023,disability.pension,employees,m,50,BIH,2
2023,disability.pension,employees,m,44,BIH,1
2023,disability.pension,employees,m,22,HRV,3
2023,disability.pension,employees,m,20,BIH,1
2023,disability.pension,employees,m,18,LBN,1
2023,disability.pension,employees,m,46,UKR,2
2023,disability.pension,employees,f,49,UKR,2
2023,disability.pension,employees,f,44,MKD,1
2023,disability.pension,employees,m,46,GRD,1
2023,disability.pension,employees,m,35,AUS,2
2023,disability.pension,employees,m,25,TZA,2
2023,disability.pension,employees,m,39,TZA,1
2023,disability.pension,employees,f,27,UGA,2
2023,disability.pension,employees,m,36,KEN,2
2023,disability.pension,employees,m,33,IDN,2
2023,disability.pension,employees,f,65,HUN,2
2023,disability.pension,employees,m,48,TWN,1
2023,disability.pension,employees,f,62,CHN,1
2023,disability.pension,employees,f,24,NOR,1
2023,disability.pension,employees,m,43,SAU,1
2023,disability.pension,employees,m,41,MEX,3
2023,disability.pension,employees,m,59,AFG,1
2023,disability.pension,employees,f,39,HND,1
2023,disability.pension,employees,m,47,TWN,1
2023,disability.pension,employees,m,25,NAM,1
2023,disability.pension,employees,m,41,PRT,2
2023,disability.pension,employees,m,43,HTI,1
2023,disability.pension,employees,f,30,RUS,3
2023,disability.pension,employees,m,31,TZA,2
2023,disability.pension,employees,m,21,RWA,2
2023,disability.pension,employees,f,28,BWA,1
2023,disability.pension,employees,f,26,ZMB,2
2023,disability.pension,employees,f,29,NGA,4
2023,disability.pension,employees,f,22,PSE,1
2023,disability.pension,employees,f,30,CHL,1
2023,disability.pension,employees,m,25,MRT,1
2023,disability.pension,employees,m,21,THA,1
2023,disability.pension,employees,m,35,TUR,6
2023,disability.pension,employees,f,33,ALB,2
2023,disability.pension,employees,f,33,HRV,2
2023,disability.pension,employees,m,35,TZA,3
2023,disability.pension,employees,f,37,MYS,2
2023,disability.pension,employees,f,61,UKR,2
2023,disability.pension,employees,m,47,CHL,2
2023,disability.pension,employees,m,25,PAN,1
2023,disability.pension,employees,f,68,CHN,1
2023,disability.pension,employees,m,58,SAU,1
2023,disability.pension,employees,m,57,LVA,4
2023,disability.pension,employees,m,68,CHN,4
2023,disability.pension,employees,m,42,UKR,2
2023,disability.pension,employees,f,34,MRT,1
2023,disability.pension,employees,m,51,BEL,2
2023,disability.pension,employees,f,60,PRT,1
2023,disability.pension,employees,f,33,MLT,1
2023,disability.pension,employees,f,27,CYP,1
2023,disability.pension,employees,m,26,SLV,1
2023,disability.pension,employees,m,65,HUN,3
2023,disability.pension,employees,m,76,TUN,1
2023,disability.pension,employees,m,33,SVK,2
2023,disability.pension,employees,m,28,ETH,3
2023,disability.pension,employees,m,57,IRN,3
2023,disability.pension,employees,f,55,PRT,1
2023,disability.pension,employees,m,38,GHA,2
2023,disability.pension,employees,f,23,AZE,2
2023,disability.pension,employees,m,25,BWA,2
2023,disability.pension,employees,m,37,AUS,2
2023,disability.pension,employees,m,45,SWE,2
2023,disability.pension,employees,m,36,YEM,1
2023,disability.pension,employees,m,39,CYP,2
2023,disability.pension,employees,f,77,USA,1
2023,disability.pension,employees,m,71,ROU,2
2023,disability.pension,employees,f,47,CMR,2
2023,disability.pension,employees,m,38,SWE,2
2023,disability.pension,employees,f,25,TJK,2
2023,disability.pension,employees,m,57,MAR,2
2023,disability.pension,employees,m,43,AGO,2
2023,disability.pension,employees,f,67,SVK,2
2023,disability.pension,employees,m,76,SVK,1
2023,disability.pension,employees,m,37,CZE,2
2023,disability.pension,employees,f,63,RUS,3
2023,disability.pension,employees,f,20,KEN,1
2023,disability.pension,employees,m,50,KEN,1
2023,disability.pension,employees,m,30,MLI,1
2023,disability.pension,employees,f,51,DNK,1
2023,disability.pension,employees,f,65,AZE,1
2023,disability.pension,employees,m,63,SVK,2
2023,disability.pension,employees,f,34,LBN,2
2023,disability.pension,employees,f,32,BLR,4
2023,disability.pension,employees,f,51,BLR,3
2023,disability.pension,employees,f,46,UGA,3
2023,disability.pension,employees,m,57,NOR,1
2023,disability.pension,employees,m,25,TWN,1
2023,disability.pension,employees,f,29,GIN,1
2023,disability.pension,employees,m,53,ZMB,1
2023,disability.pension,employees,m,48,SDN,2
2023,disability.pension,employees,m,25,UKR,2
2023,disability.pension,employees,m,36,NOR,1
2023,disability.pension,employees,f,24,GRC,2
2023,disability.pension,employees,m,31,DOM,1
2023,disability.pension,employees,f,28,CZE,3
2023,disability.pension,employees,f,47,UKR,2
2023,disability.pension,employees,f,55,DNK,1
2023,disability.pension,employees,m,39,SLV,1
2023,disability.pension,employees,f,24,MLI,1
2023,disability.pension,employees,f,30,NIC,2
2023,disability.pension,employees,m,64,LBY,1
2023,disability.pension,employees,f,37,COL,3
2023,disability.pension,employees,f,25,ETH,3
2023,disability.pension,employees,m,76,EGY,1
2023,disability.pension,employees,m,39,SAU,1
2023,disability.pension,employees,m,50,CHL,1
2023,disability.pension,employees,m,33,MEX,2
2023,disability.pension,employees,f,60,LVA,4
2023,disability.pension,employees,f,44,ETH,1
2023,disability.pension,employees,f,1,GEO,1
2023,disability.pension,employees,m,66,KOR,2
2023,disability.pension,employees,f,34,ARM,2
2023,disability.pension,employees,m,38,DOM,1
2023,disability.pension,employees,f,48,NGA,2
2023,disability.pension,employees,m,47,BFA,1
2023,disability.pension,employees,m,74,GEO,1
2023,disability.pension,employees,m,21,SAU,1
2023,disability.pension,employees,f,45,BIH,1
2023,disability.pension,employees,m,39,BIH,2
2023,disability.pension,employees,m,26,LTU,2
2023,disability.pension,employees,m,38,TGO,1
2023,disability.pension,employees,f,38,DOM,2
2023,disability.pension,employees,m,29,SYR,3
2023,disability.pension,employees,m,67,CAN,1
2023,disability.pension,employees,m,50,SLV,1
2023,disability.pension,employees,f,78,ESP,1
2023,disability.pension,employees,f,27,ISR,2
2023,disability.pension,employees,f,43,JPN,1
2023,disability.pension,employees,m,29,NGA,2
2023,disability.pension,employees,f,28,BLR,8
2023,disability.pension,employees,f,34,AZE,4
2023,disability.pension,employees,m,50,TZA,1
2023,disability.pension,employees,f,52,ZAF,1
2023,disability.pension,employees,m,45,CMR,2
2023,disability.pension,employees,m,25,MLI,2
2023,disability.pension,employees,m,45,MUS,1
2023,disability.pension,employees,f,26,SDN,2
2023,disability.pension,employees,f,40,BGR,2
2023,disability.pension,employees,m,53,LVA,2
2023,disability.pension,employees,m,73,CAN,1
2023,disability.pension,employees,f,0,NPL,1
2023,disability.pension,employees,m,18,LVA,3
2023,disability.pension,employees,m,35,MOZ,1
2023,disability.pension,employees,f,46,ETH,1
2023,disability.pension,employees,m,23,ZWE,2
2023,disability.pension,employees,m,18,SVK,1
2023,disability.pension,employees,m,115,IND,1
2023,disability.pension,employees,m,65,BEL,2
2023,disability.pension,employees,f,61,EST,1
2023,disability.pension,employees,f,59,LVA,2
2023,disability.pension,employees,f,53,ROU,48
2023,disability.pension,employees,f,69,GEO,1
2023,disability.pension,employees,m,21,LVA,5
2023,disability.pension,employees,m,52,EST,1
2023,disability.pension,employees,f,52,KGZ,3
2023,disability.pension,employees,f,19,LVA,2
2023,disability.pension,employees,m,54,CHL,1
2023,disability.pension,employees,f,33,MDA,2
2023,disability.pension,employees,f,26,UGA,2
2023,disability.pension,employees,f,34,SUR,1
2023,disability.pension,employees,m,28,ECU,2
2023,disability.pension,employees,f,32,MUS,1
2023,disability.pension,employees,f,42,TUN,1
2023,disability.pension,employees,m,27,GHA,2
2023,disability.pension,employees,m,43,MUS,2
2023,disability.pension,employees,m,42,UKR,2
2023,disability.pension,employees,m,62,LBN,1
2023,disability.pension,employees,m,21,GTM,7
2023,disability.pension,employees,m,47,GTM,1
2023,disability.pension,employees,f,26,GTM,3
2023,disability.pension,employees,m,26,GTM,2
2023,disability.pension,employees,f,30,GTM,3
2023,disability.pension,employees,m,23,LBY,2
2023,disability.pension,employees,f,53,IRN,1
2023,disability.pension,employees,m,50,UKR,2
2023,disability.pension,employees,f,73,ROU,2
2023,disability.pension,employees,m,29,UKR,2
2023,disability.pension,employees,m,2,VNM,1
2023,disability.pension,employees,m,59,TUR,2
2023,disability.pension,employees,f,3,NPL,1
2023,disability.pension,employees,m,65,ISR,2
2023,disability.pension,employees,f,43,IRL,3
2023,disability.pension,employees,m,44,IRL,2
2023,disability.pension,employees,m,55,UGA,1
2023,disability.pension,employees,f,25,LTU,2
2023,disability.pension,employees,f,28,SEN,1
2023,disability.pension,employees,m,36,CUB,2
2023,disability.pension,employees,m,63,EST,1
2023,disability.pension,employees,m,37,GMB,2
2023,disability.pension,employees,m,46,TKM,3
2023,disability.pension,employees,f,71,ROU,16
2023,disability.pension,employees,f,67,ROU,30
2023,disability.pension,employees,f,55,ROU,58
2023,disability.pension,employees,f,65,ROU,42
2023,disability.pension,employees,f,54,ROU,50
2023,disability.pension,employees,f,48,ROU,4
2023,disability.pension,employees,f,60,ROU,44
2023,disability.pension,employees,f,60,ROU,3
2023,disability.pension,employees,f,55,ROU,5
2023,disability.pension,employees,f,32,ROU,6
2023,disability.pension,employees,f,57,ROU,26
2023,disability.pension,employees,m,32,ESP,2
2023,disability.pension,employees,f,55,ESP,2
2023,disability.pension,employees,m,70,TWN,1
2023,disability.pension,employees,f,46,UKR,2
2023,disability.pension,employees,f,37,AUS,1
2023,disability.pension,employees,m,63,THA,1
2023,disability.pension,employees,f,34,UKR,2
2023,disability.pension,employees,f,55,MMR,1
2023,disability.pension,employees,m,45,MKD,4
2023,disability.pension,employees,f,46,TWN,2
2023,disability.pension,employees,f,45,GRC,2
2023,disability.pension,employees,f,44,SVN,1
2023,disability.pension,employees,f,39,CAN,1
2023,disability.pension,employees,f,44,BLR,8
2023,disability.pension,employees,m,38,TWN,1
2023,disability.pension,employees,m,49,MYS,1
2023,disability.pension,employees,f,25,GEO,3
2023,disability.pension,employees,f,64,LVA,2
2023,disability.pension,employees,m,65,LVA,1
2023,disability.pension,employees,m,33,CHN,4
2023,disability.pension,employees,f,47,MYS,2
2023,disability.pension,employees,m,50,ZAF,2
2023,disability.pension,employees,m,59,TKM,1
2023,disability.pension,employees,m,28,CAF,1
2023,disability.pension,employees,m,47,LBN,1
2023,disability.pension,employees,m,48,PSE,2
2023,disability.pension,employees,f,55,UKR,2
2023,disability.pension,employees,f,47,UKR,2
2023,disability.pension,employees,m,61,CAN,2
2023,disability.pension,employees,f,56,BIH,1
2023,disability.pension,employees,f,42,DNK,1
2023,disability.pension,employees,f,30,IRL,2
2023,disability.pension,employees,f,63,LVA,3
2023,disability.pension,employees,f,63,HUN,2
2023,disability.pension,employees,m,24,CRI,1
2023,disability.pension,employees,f,61,SYR,1
2023,disability.pension,employees,f,59,UKR,2
2023,disability.pension,employees,f,27,MDA,3
2023,disability.pension,employees,m,31,MDA,3
2023,disability.pension,employees,f,118,UKR,1
2023,disability.pension,employees,m,25,UKR,5
2023,disability.pension,employees,f,44,LUX,1
2023,disability.pension,employees,f,48,UKR,2
2023,disability.pension,employees,m,62,MYS,1
2023,disability.pension,employees,f,44,UKR,2
2023,disability.pension,employees,f,41,ROU,18
2023,disability.pension,employees,f,51,SVK,2
2023,disability.pension,employees,f,45,BGR,2
2023,disability.pension,employees,f,67,ROU,9
2023,disability.pension,employees,f,56,BGR,2
2023,disability.pension,employees,f,44,BGR,2
2023,disability.pension,employees,f,33,SEN,1
2023,disability.pension,employees,f,25,SEN,1
2023,disability.pension,employees,m,48,LBN,1
2023,disability.pension,employees,m,76,VAT,1
2023,disability.pension,employees,m,25,AFG,2
2023,disability.pension,employees,f,69,LVA,1
2023,disability.pension,employees,f,46,SVK,2
2023,disability.pension,employees,f,57,LVA,5
2023,disability.pension,employees,f,61,ROU,9
2023,disability.pension,employees,f,64,ROU,28
2023,disability.pension,employees,f,66,ROU,20
2023,disability.pension,employees,f,70,ROU,6
2023,disability.pension,employees,f,62,ROU,30
2023,disability.pension,employees,f,61,ROU,34
2023,disability.pension,employees,f,69,ROU,18
2023,disability.pension,employees,f,48,ROU,30
2023,disability.pension,employees,f,59,ROU,42
2023,disability.pension,employees,f,76,ROU,2
2023,disability.pension,employees,m,57,ROU,10
2023,disability.pension,employees,m,67,ROU,8
2023,disability.pension,employees,f,58,ROU,52
2023,disability.pension,employees,f,68,ROU,12
2023,disability.pension,employees,f,74,ROU,2
2023,disability.pension,employees,m,63,ROU,8
2023,disability.pension,employees,m,70,ROU,2
2023,disability.pension,employees,m,65,ROU,10
2023,disability.pension,employees,m,64,ROU,16
2023,disability.pension,employees,f,72,ROU,2
2023,disability.pension,employees,m,69,ROU,8
2023,disability.pension,employees,f,45,ROU,20
2023,disability.pension,employees,m,62,ROU,12
2023,disability.pension,employees,f,51,ROU,20
2023,disability.pension,employees,f,46,ROU,3
2023,disability.pension,employees,f,39,ROU,3
2023,disability.pension,employees,m,68,ROU,8
2023,disability.pension,employees,f,22,ROU,6
2023,disability.pension,employees,f,44,ROU,3
2023,disability.pension,employees,f,34,ROU,14
2023,disability.pension,employees,m,51,ROU,3
2023,disability.pension,employees,f,64,ROU,3
2023,disability.pension,employees,m,50,ROU,3
2023,disability.pension,employees,m,61,ROU,6
2023,disability.pension,employees,m,72,ROU,2
2023,disability.pension,employees,m,26,ROU,3
2023,disability.pension,employees,m,75,ROU,2
2023,disability.pension,employees,m,60,ROU,6
2023,disability.pension,employees,f,28,ROU,4
2023,disability.pension,employees,m,21,ROU,4
2023,disability.pension,employees,f,27,ROU,2
2023,disability.pension,employees,f,24,ROU,2
2023,disability.pension,employees,f,21,ROU,4
2023,disability.pension,employees,m,76,ISR,2
2023,disability.pension,employees,m,41,NIC,1
2023,disability.pension,employees,m,45,DEU,2
2023,disability.pension,employees,m,32,UGA,2
2023,disability.pension,employees,f,51,UGA,2
2023,disability.pension,employees,m,55,NPL,3
2023,disability.pension,employees,f,24,ARM,2
2023,disability.pension,employees,f,68,LVA,2
2023,disability.pension,employees,f,60,LVA,3
2023,disability.pension,employees,f,58,LVA,2
2023,disability.pension,employees,f,64,HRV,1
2023,disability.pension,employees,m,66,NOR,1
2023,disability.pension,employees,m,40,VNM,3
2023,disability.pension,employees,f,52,UGA,1
2023,disability.pension,employees,f,45,PAK,2
2023,disability.pension,employees,m,49,MLT,1
2023,disability.pension,employees,f,26,SWE,2
2023,disability.pension,employees,m,40,HUN,2
2023,disability.pension,employees,f,65,HRV,1
2023,disability.pension,employees,m,32,ERI,1
2023,disability.pension,employees,f,43,DZA,1
2023,disability.pension,employees,m,29,NZL,1
2023,disability.pension,employees,f,19,SVK,1
2023,disability.pension,employees,m,37,NZL,1
2023,disability.pension,employees,m,41,ZMB,1
2023,disability.pension,employees,m,32,SAU,1
2023,disability.pension,employees,f,25,ZMB,2
2023,disability.pension,employees,f,29,SGP,1
2023,disability.pension,employees,m,29,HND,1
2023,disability.pension,employees,m,24,SLV,1
2023,disability.pension,employees,m,46,CRI,1
2023,disability.pension,employees,f,28,HND,1
2023,disability.pension,employees,m,50,CRI,1
2023,disability.pension,employees,m,22,MYS,1
2023,disability.pension,employees,m,54,COG,1
2023,disability.pension,employees,m,31,TGO,1
2023,disability.pension,employees,m,34,TGO,1
2023,disability.pension,employees,m,68,TJK,1
2023,disability.pension,employees,m,68,AFG,1
2023,disability.pension,employees,f,91,RUS,1
2023,disability.pension,employees,f,85,UZB,1
2023,disability.pension,employees,f,37,TUR,2
2023,disability.pension,employees,m,87,USA,2
2023,disability.pension,employees,m,59,PRT,5
2023,disability.pension,employees,m,46,NZL,1
2023,disability.pension,employees,f,13,RUS,1
2023,disability.pension,employees,m,79,IRQ,1
2023,disability.pension,employees,f,66,IRQ,1
2023,disability.pension,employees,f,56,ESP,2
2023,disability.pension,employees,m,13,ROU,1
2023,disability.pension,employees,m,59,MRT,1
2023,disability.pension,employees,f,66,BIH,1
2023,disability.pension,employees,f,62,PER,1
2023,disability.pension,employees,m,81,AUS,1
2023,disability.pension,employees,m,62,NOR,1
2023,disability.pension,employees,f,39,SEN,1
2023,disability.pension,employees,m,26,MEX,2
2023,disability.pension,employees,f,39,LTU,4
2023,disability.pension,employees,m,58,CHN,2
2023,disability.pension,employees,m,49,CHE,2
2023,disability.pension,employees,m,66,THA,1
2023,disability.pension,employees,m,71,THA,1
2023,disability.pension,employees,m,69,THA,1
2023,disability.pension,employees,f,31,LTU,2
2023,disability.pension,employees,f,35,LTU,2
2023,disability.pension,employees,m,60,IDN,1
2023,disability.pension,employees,f,44,VEN,2
2023,disability.pension,employees,f,59,LKA,1
2023,disability.pension,employees,m,61,PAK,1
2023,disability.pension,employees,m,60,ETH,1
2023,disability.pension,employees,f,55,JPN,1
2023,disability.pension,employees,m,54,GIN,1
2023,disability.pension,employees,m,45,TGO,2
2023,disability.pension,employees,f,40,SWE,1
2023,disability.pension,employees,f,21,IRQ,1
2023,disability.pension,employees,f,56,IRQ,2
2023,disability.pension,employees,m,54,IRQ,2
2023,disability.pension,employees,f,49,IRQ,2
2023,disability.pension,employees,f,55,PAK,1
2023,disability.pension,employees,f,57,MDG,1
2023,disability.pension,employees,f,48,RWA,1
2023,disability.pension,employees,f,43,RWA,1
2023,disability.pension,employees,f,50,COG,1
2023,disability.pension,employees,f,57,TJK,1
2023,disability.pension,employees,f,55,IRQ,1
2023,disability.pension,employees,f,54,TJK,2
2023,disability.pension,employees,f,47,TJK,2
2023,disability.pension,employees,f,48,EGY,1
2023,disability.pension,employees,f,58,ZWE,1
2023,disability.pension,employees,m,44,RUS,2
2023,disability.pension,employees,f,58,AFG,1
2023,disability.pension,employees,f,37,SVN,1
2023,disability.pension,employees,m,55,BGR,2
2023,disability.pension,employees,f,20,IRQ,2
2023,disability.pension,employees,m,26,FRA,2
2023,disability.pension,employees,f,53,VNM,4
2023,disability.pension,employees,m,45,SDN,2
2023,disability.pension,employees,f,59,GBR,2
2023,disability.pension,employees,f,52,BRA,1
2023,disability.pension,employees,f,46,UKR,8
2023,disability.pension,employees,f,77,GBR,1
2023,disability.pension,employees,m,59,FIN,1
2023,disability.pension,employees,m,48,CMR,1
2023,disability.pension,employees,f,12,BLR,2
2023,disability.pension,employees,m,58,CRI,1
2023,disability.pension,employees,f,52,LKA,1
2023,disability.pension,employees,f,81,HRV,1
2023,disability.pension,employees,f,69,SVN,1
2023,disability.pension,employees,f,68,IND,1
2023,disability.pension,employees,f,61,MLT,1
2023,disability.pension,employees,f,49,CHN,4
2023,disability.pension,employees,m,82,CHE,2
2023,disability.pension,employees,f,24,LVA,2
2023,disability.pension,employees,f,66,UZB,1
2023,disability.pension,employees,f,63,SVN,1
2023,disability.pension,employees,m,74,SVK,1
2023,disability.pension,employees,m,24,KAZ,4
2023,disability.pension,employees,f,22,GBR,2
2023,disability.pension,employees,m,69,SYR,2
2023,disability.pension,employees,f,53,DNK,1
2023,disability.pension,employees,m,27,SEN,3
2023,disability.pension,employees,m,22,IRN,2
2023,disability.pension,employees,m,31,IRQ,2
2023,disability.pension,employees,f,48,JPN,1
2023,disability.pension,employees,m,77,ISR,1
2023,disability.pension,employees,f,56,UKR,2
2023,disability.pension,employees,f,50,BGR,2
2023,disability.pension,employees,f,55,ISR,1
2023,disability.pension,employees,f,52,GTM,1
2023,disability.pension,employees,f,70,AUT,1
2023,disability.pension,employees,m,66,SYR,1
2023,disability.pension,employees,f,54,SYR,1
2023,disability.pension,employees,f,51,IRQ,2
2023,disability.pension,employees,f,25,BLR,4
2023,disability.pension,employees,m,46,ERI,1
2023,disability.pension,employees,m,30,URY,2
2023,disability.pension,employees,m,60,ZWE,1
2023,disability.pension,employees,f,46,EST,1
2023,disability.pension,employees,f,27,EST,1
2023,disability.pension,employees,f,55,IRN,1
2023,disability.pension,employees,m,42,ECU,1
2023,disability.pension,employees,m,18,BRA,1
2023,disability.pension,employees,m,38,GMB,1
2023,disability.pension,employees,f,46,GBR,2
2023,disability.pension,employees,m,56,UKR,3
2023,disability.pension,employees,m,31,UKR,2
2023,disability.pension,employees,f,38,RUS,2
2023,disability.pension,employees,f,57,PRT,1
2023,disability.pension,employees,m,28,ITA,2
2023,disability.pension,employees,f,60,TUN,1
2023,disability.pension,employees,f,45,ISR,1
2023,disability.pension,employees,m,62,KGZ,1
2023,disability.pension,employees,m,61,KGZ,2
2023,disability.pension,employees,m,62,AUT,4
2023,disability.pension,employees,m,14,RUS,1
2023,disability.pension,employees,m,18,GIN,1
2023,disability.pension,employees,f,42,SWE,1
2023,disability.pension,employees,m,49,TUN,1
2023,disability.pension,employees,f,28,AGO,2
2023,disability.pension,employees,m,24,MMR,1
2023,disability.pension,employees,m,57,ZAF,1
2023,disability.pension,employees,m,23,SWE,2
2023,disability.pension,employees,f,43,ZAF,2
2023,disability.pension,employees,f,58,UZB,1
2023,disability.pension,employees,f,33,GAB,1
2023,disability.pension,employees,f,59,CZE,2
2023,disability.pension,employees,f,35,SVK,2
2023,disability.pension,employees,f,70,BGR,2
2023,disability.pension,employees,m,51,BGR,2
2023,disability.pension,employees,f,47,SVK,2
2023,disability.pension,employees,f,42,CZE,3
2023,disability.pension,employees,m,50,UKR,2
2023,disability.pension,employees,m,30,NER,2
2023,disability.pension,employees,f,44,CZE,2
2023,disability.pension,employees,f,67,CZE,2
2023,disability.pension,employees,f,37,CZE,2
2023,disability.pension,employees,m,26,KGZ,2
2023,disability.pension,employees,f,35,KAZ,2
2023,disability.pension,employees,m,19,TUN,1
2023,disability.pension,employees,m,20,UGA,1
2023,disability.pension,employees,f,43,KGZ,8
2023,disability.pension,employees,m,22,RUS,4
2023,disability.pension,employees,f,50,CZE,2
2023,disability.pension,employees,f,62,CZE,1
2023,disability.pension,employees,m,71,CZE,1
2023,disability.pension,employees,f,38,UKR,5
2023,disability.pension,employees,f,32,ZWE,3
2023,disability.pension,employees,m,37,ROU,2
2023,disability.pension,employees,f,29,UKR,2
2023,disability.pension,employees,m,19,UKR,2
2023,disability.pension,employees,f,74,KAZ,1
2023,disability.pension,employees,f,41,BIH,1
2023,disability.pension,employees,f,68,FRA,1
2023,disability.pension,employees,m,72,DEU,2
2023,disability.pension,employees,f,73,CZE,1
2023,disability.pension,employees,m,67,USA,3
2023,disability.pension,employees,m,52,UKR,2
2023,disability.pension,employees,f,30,RUS,4
2023,disability.pension,employees,m,36,LTU,2
2023,disability.pension,employees,f,72,CAN,1
2023,disability.pension,employees,m,27,ESP,2
2023,disability.pension,employees,m,29,DNK,4
2023,disability.pension,employees,m,19,TUR,2
2023,disability.pension,employees,m,26,GBR,2
2023,disability.pension,employees,m,75,TWN,1
2023,disability.pension,employees,m,39,ALB,2
2023,disability.pension,employees,m,60,NZL,1
2023,disability.pension,employees,f,59,GBR,1
2023,disability.pension,employees,m,61,MLT,1
2023,disability.pension,employees,f,50,UKR,3
2023,disability.pension,employees,f,64,NLD,2
2023,disability.pension,employees,m,73,CZE,1
2023,disability.pension,employees,f,68,PRT,1
2023,disability.pension,employees,m,43,FRA,3
2023,disability.pension,employees,f,37,AUT,2
2023,disability.pension,employees,f,67,USA,2
2023,disability.pension,employees,m,68,USA,2
2023,disability.pension,employees,f,26,DOM,1
2023,disability.pension,employees,f,22,CHE,1
2023,disability.pension,employees,m,50,ESP,3
2023,disability.pension,employees,m,56,BIH,1
2023,disability.pension,employees,m,34,TUR,2
2023,disability.pension,employees,m,43,DOM,1
2023,disability.pension,employees,f,24,MOZ,1
2023,disability.pension,employees,m,43,ESP,3
2023,disability.pension,employees,f,39,BEN,1
2023,disability.pension,employees,f,68,CZE,2
2023,disability.pension,employees,f,73,GRC,1
2023,disability.pension,employees,m,93,GRC,1
2023,disability.pension,employees,f,90,UKR,1
2023,disability.pension,employees,m,70,BEL,1
2023,disability.pension,employees,f,37,FIN,3
2023,disability.pension,employees,f,26,FIN,1
2023,disability.pension,employees,f,33,FIN,2
2023,disability.pension,employees,f,29,IND,3
2023,disability.pension,employees,f,25,HTI,2
2023,disability.pension,employees,f,26,HTI,1
2023,disability.pension,employees,m,35,YEM,2
2023,disability.pension,employees,f,46,PAK,1
2023,disability.pension,employees,m,49,THA,2
2023,disability.pension,employees,m,71,JPN,1
2023,disability.pension,employees,f,37,LKA,1
2023,disability.pension,employees,m,48,LTU,2
2023,disability.pension,employees,m,41,UKR,2
2023,disability.pension,employees,f,61,FRA,1
2023,disability.pension,employees,m,58,ISR,2
2023,disability.pension,employees,m,68,ISR,2
2023,disability.pension,employees,f,30,HUN,2
2023,disability.pension,employees,m,65,AUS,1
2023,disability.pension,employees,f,41,COL,2
2023,disability.pension,employees,m,25,NLD,2
2023,disability.pension,employees,m,66,MKD,1
2023,disability.pension,employees,f,25,ECU,1
2023,disability.pension,employees,m,64,FIN,1
2023,disability.pension,employees,f,62,HUN,1
2023,disability.pension,employees,f,41,CHN,4
2023,disability.pension,employees,f,47,BRA,2
2023,disability.pension,employees,f,20,TKM,2
2023,disability.pension,employees,f,23,PAK,2
2023,disability.pension,employees,m,26,UKR,2
2023,disability.pension,employees,m,33,FRA,4
2023,disability.pension,employees,f,34,SYR,1
2023,disability.pension,employees,f,36,ESP,2
2023,disability.pension,employees,f,50,ZWE,1
2023,disability.pension,employees,f,39,KOR,6
2023,disability.pension,employees,m,40,SVN,2
2023,disability.pension,employees,m,28,HTI,1
2023,disability.pension,employees,m,61,HRV,1
2023,disability.pension,employees,f,23,EST,2
2023,disability.pension,employees,f,53,LBN,1
2023,disability.pension,employees,m,49,HND,1
2023,disability.pension,employees,f,23,ZMB,2
2023,disability.pension,employees,f,30,AUT,1
2023,disability.pension,employees,m,29,ZMB,2
2023,disability.pension,employees,m,59,MLT,1
2023,disability.pension,employees,f,57,AND,1
2023,disability.pension,employees,m,17,BEL,1
2023,disability.pension,employees,m,41,GHA,2
2023,disability.pension,employees,m,39,CIV,1
2023,disability.pension,employees,m,47,CMR,1
2023,disability.pension,employees,m,52,CMR,2
2023,disability.pension,employees,f,50,ARG,1
2023,disability.pension,employees,m,33,TCD,1
2023,disability.pension,employees,f,45,COG,1
2023,disability.pension,employees,f,44,HRV,1
2023,disability.pension,employees,f,55,CAN,1
2023,disability.pension,employees,m,36,SEN,1
2023,disability.pension,employees,m,26,HND,2
2023,disability.pension,employees,f,30,BWA,1
2023,disability.pension,employees,m,68,ARG,1
2023,disability.pension,employees,m,40,TGO,1
2023,disability.pension,employees,m,59,BRA,1
2023,disability.pension,employees,f,22,DNK,1
2023,disability.pension,employees,m,29,DEU,2
2023,disability.pension,employees,f,37,DZA,2
2023,disability.pension,employees,f,54,BEL,1
2023,disability.pension,employees,m,54,THA,2
2023,disability.pension,employees,f,46,KOR,4
2023,disability.pension,employees,m,33,LUX,1
2023,disability.pension,employees,f,59,KOR,2
2023,disability.pension,employees,m,29,KOR,2
2023,disability.pension,employees,m,6,BLR,1
2023,disability.pension,employees,f,59,EST,1
2023,disability.pension,employees,f,,KAZ,1
2023,disability.pension,employees,m,50,PSE,2
2023,disability.pension,employees,f,38,NLD,2
2023,disability.pension,employees,m,22,CHE,1
2023,disability.pension,employees,f,52,HRV,1
2023,disability.pension,employees,f,47,EST,1
2023,disability.pension,employees,m,60,MAR,2
2023,disability.pension,employees,f,34,SVK,2
2023,disability.pension,employees,f,23,BGD,1
2023,disability.pension,employees,f,20,MDA,3
2023,disability.pension,employees,m,53,ESP,3
2023,disability.pension,employees,m,18,ISR,1
2023,disability.pension,employees,f,42,BGD,2
2023,disability.pension,employees,f,33,SVK,2
2023,disability.pension,employees,f,51,MEX,1
2023,disability.pension,employees,m,34,CYP,1
2023,disability.pension,employees,f,54,GRC,1
2023,disability.pension,employees,m,26,UZB,2
2023,disability.pension,employees,f,61,TUR,1
2023,disability.pension,employees,f,48,YEM,1
2023,disability.pension,employees,f,123,UKR,1
2023,disability.pension,employees,m,25,KOR,5
2023,disability.pension,employees,m,45,TWN,1
2023,disability.pension,employees,m,49,KOR,4
2023,disability.pension,employees,m,36,GBR,2
2023,disability.pension,employees,m,35,SVK,4
2023,disability.pension,employees,m,33,NIC,1
2023,disability.pension,employees,f,48,BOL,1
2023,disability.pension,employees,m,42,CYP,1
2023,disability.pension,employees,m,55,LBY,2
2023,disability.pension,employees,m,25,UKR,2
2023,disability.pension,employees,f,42,IRQ,1
2023,disability.pension,employees,f,54,KOR,2
2023,disability.pension,employees,f,28,UKR,2
2023,disability.pension,employees,f,44,NZL,1
2023,disability.pension,employees,f,33,BWA,1
2023,disability.pension,employees,f,61,KOR,2
2023,disability.pension,employees,f,27,BWA,1
2023,disability.pension,employees,f,44,JOR,1
2023,disability.pension,employees,f,58,KOR,2
2023,disability.pension,employees,f,38,SLV,1
2023,disability.pension,employees,m,25,UZB,2
2023,disability.pension,employees,m,67,JPN,1
2023,disability.pension,employees,m,29,ECU,1
2023,disability.pension,employees,m,65,KOR,1
2023,disability.pension,employees,m,58,KOR,2
2023,disability.pension,employees,m,53,PER,2
2023,disability.pension,employees,f,33,DEU,2
2023,disability.pension,employees,f,46,TJK,1
2023,disability.pension,employees,f,54,KOR,1
2023,disability.pension,employees,m,68,KOR,2
2023,disability.pension,employees,f,47,IRN,1
2023,disability.pension,employees,m,124,IND,1
2023,disability.pension,employees,m,63,CHL,1
2023,disability.pension,employees,m,51,SGP,1
2023,disability.pension,employees,m,25,TUR,2
2023,disability.pension,employees,f,39,ZMB,1
2023,disability.pension,employees,m,25,UKR,2
2023,disability.pension,employees,f,34,IRL,2
2023,disability.pension,employees,f,58,SDN,1
2023,disability.pension,employees,m,50,ISL,2
2023,disability.pension,employees,m,81,SWE,1
2023,disability.pension,employees,f,22,KOR,1
2023,disability.pension,employees,m,33,LKA,4
2023,disability.pension,employees,f,58,KGZ,2
2023,disability.pension,employees,f,17,VEN,1
2023,disability.pension,employees,f,30,UKR,2
2023,disability.pension,employees,f,41,ROU,3
2023,disability.pension,employees,m,60,ALB,3
2023,disability.pension,employees,m,66,ALB,2
2023,disability.pension,employees,m,62,ALB,1
2023,disability.pension,employees,m,58,ALB,1
2023,disability.pension,employees,f,33,KAZ,2
2023,disability.pension,employees,f,51,MYS,1
2023,disability.pension,employees,m,47,URY,1
2023,disability.pension,employees,m,34,HUN,4
2023,disability.pension,employees,m,43,GIN,1
2023,disability.pension,employees,f,68,GEO,1
2023,disability.pension,employees,f,74,ROU,1
2023,disability.pension,employees,f,66,BGR,3
2023,disability.pension,employees,m,70,ROU,3
2023,disability.pension,employees,f,69,BGR,5
2023,disability.pension,employees,f,70,ROU,2
2023,disability.pension,employees,f,67,BGR,1
2023,disability.pension,employees,m,27,LBY,1
2023,disability.pension,employees,m,30,LBY,1
2023,disability.pension,employees,f,37,DNK,1
2023,disability.pension,employees,f,18,KOR,1
2023,disability.pension,employees,f,50,GRC,1
2023,disability.pension,employees,m,57,ZWE,1
2023,disability.pension,employees,m,20,NLD,1
2023,disability.pension,employees,m,57,TUN,2
2023,disability.pension,employees,m,61,NOR,1
2023,disability.pension,employees,m,64,BRA,1
2023,disability.pension,employees,m,60,MYS,1
2023,disability.pension,employees,m,42,MDG,1
2023,disability.pension,employees,f,39,URY,1
2023,disability.pension,employees,m,18,JPN,1
2023,disability.pension,employees,f,57,CZE,2
2023,disability.pension,employees,f,50,AUT,1
2023,disability.pension,employees,m,50,JPN,1
2023,disability.pension,employees,f,21,CHE,1
2023,disability.pension,employees,m,25,NOR,2
2023,disability.pension,employees,m,54,SWE,4
2023,disability.pension,employees,m,77,MLT,1
2023,disability.pension,employees,m,54,JPN,1
2023,disability.pension,employees,f,23,BIH,1
2023,disability.pension,employees,f,33,UKR,2
2023,disability.pension,employees,m,26,TUN,2
2023,disability.pension,employees,m,29,DOM,1
2023,disability.pension,employees,f,9,KAZ,1
2023,disability.pension,employees,f,12,KAZ,1
2023,disability.pension,employees,m,46,UKR,2
2023,disability.pension,employees,m,25,GTM,2
2023,disability.pension,employees,m,39,GTM,2
2023,disability.pension,employees,f,50,NPL,3
2023,disability.pension,employees,f,19,GBR,1
2023,disability.pension,employees,m,49,AGO,1
2023,disability.pension,employees,f,44,KOR,2
2023,disability.pension,employees,m,52,KEN,1
2023,disability.pension,employees,f,34,KHM,1
2023,disability.pension,employees,m,34,ITA,3
2023,disability.pension,employees,f,52,YUG,1
2023,disability.pension,employees,f,28,SOM,1
2023,disability.pension,employees,m,25,MNG,2
2023,disability.pension,employees,m,17,NLD,1
2023,disability.pension,employees,m,14,NLD,1
2023,disability.pension,employees,m,63,CAN,1
2023,disability.pension,employees,f,36,BEL,2
2023,disability.pension,employees,f,48,ZAF,1
2023,disability.pension,employees,m,72,IND,2
2023,disability.pension,employees,m,52,IND,3
2023,disability.pension,employees,m,3,CUB,1
2023,disability.pension,employees,m,57,YEM,1
2023,disability.pension,employees,f,4,UKR,1
2023,disability.pension,employees,m,78,IRL,1
2023,disability.pension,employees,m,21,TZA,1
2023,disability.pension,employees,f,42,VEN,1
2023,disability.pension,employees,f,23,BEL,1
2023,disability.pension,employees,m,47,UKR,2
2023,disability.pension,employees,m,44,ROU,2
2023,disability.pension,employees,m,25,HUN,2
2023,disability.pension,employees,m,22,ROU,2
2023,disability.pension,employees,m,26,SVN,1
2023,disability.pension,employees,f,52,KGZ,2
2023,disability.pension,employees,f,31,KGZ,2
2023,disability.pension,employees,f,45,KGZ,2
2023,disability.pension,employees,f,59,TUR,1
2023,disability.pension,employees,m,101,UZB,1
2023,disability.pension,employees,m,49,MNG,1
2023,disability.pension,employees,f,42,CUB,1
2023,disability.pension,employees,m,23,GTM,6
2023,disability.pension,employees,f,41,GTM,1
2023,disability.pension,employees,f,45,GTM,1
2023,disability.pension,employees,f,22,GTM,2
2023,disability.pension,employees,f,25,GTM,1
2023,disability.pension,employees,f,27,GTM,1
2023,disability.pension,employees,f,24,GTM,1
2023,disability.pension,employees,f,21,GTM,2
2023,disability.pension,employees,m,25,HND,1
2023,disability.pension,employees,f,49,GTM,1
2023,disability.pension,employees,m,57,HND,1
2023,disability.pension,employees,m,19,GTM,1
2023,disability.pension,employees,f,1,KGZ,1
2023,disability.pension,employees,f,62,COL,1
2023,disability.pension,employees,f,26,HND,1
2023,disability.pension,employees,f,50,KEN,1
2023,disability.pension,employees,f,45,BDI,1
2023,disability.pension,employees,f,41,UKR,2
2023,disability.pension,employees,f,46,AZE,4
2023,disability.pension,employees,f,64,DNK,1
2023,disability.pension,employees,m,63,DNK,1
2023,disability.pension,employees,m,19,BGR,2
2023,disability.pension,employees,f,42,SVK,2
2023,disability.pension,employees,f,47,USA,2
2023,disability.pension,employees,m,61,SEN,1
2023,disability.pension,employees,f,23,ZWE,4
2023,disability.pension,employees,f,70,HRV,1
2023,disability.pension,employees,f,71,ROU,1
2023,disability.pension,employees,m,59,PRT,2
2023,disability.pension,employees,f,74,BGR,1
2023,disability.pension,employees,m,18,ESP,1
2023,disability.pension,employees,m,43,CHE,2
2023,disability.pension,employees,m,83,AUT,1
2023,disability.pension,employees,f,26,NLD,1
2023,disability.pension,employees,m,68,AUT,1
2023,disability.pension,employees,m,71,IND,2
2023,disability.pension,employees,f,49,TWN,1
2023,disability.pension,employees,m,60,THA,1
2023,disability.pension,employees,f,40,KGZ,2
2023,disability.pension,employees,f,50,IRN,1
2023,disability.pension,employees,m,37,DNK,4
2023,disability.pension,employees,m,25,JAM,1
2023,disability.pension,employees,f,29,NOR,1
2023,disability.pension,employees,f,33,IND,4
2023,disability.pension,employees,m,44,NOR,2
2023,disability.pension,employees,f,22,FIN,1
2023,disability.pension,employees,m,19,DNK,1
2023,disability.pension,employees,f,44,PAK,2
2023,disability.pension,employees,f,49,COG,1
2023,disability.pension,employees,f,47,LBY,1
2023,disability.pension,employees,f,23,NOR,1
2023,disability.pension,employees,m,27,BLR,2
2023,disability.pension,employees,f,57,IND,1
2023,disability.pension,employees,f,16,VNM,3
2023,disability.pension,employees,m,65,EST,1
2023,disability.pension,employees,m,44,PNG,1
2023,disability.pension,employees,f,38,TKM,2
2023,disability.pension,employees,f,19,TKM,1
2023,disability.pension,employees,m,72,IND,1
2023,disability.pension,employees,m,38,BFA,1
2023,disability.pension,employees,m,56,ARG,1
2023,disability.pension,employees,f,21,CYP,1
2023,disability.pension,employees,m,62,MKD,1
2023,disability.pension,employees,m,55,MKD,2
2023,disability.pension,employees,m,59,MKD,2
2023,disability.pension,employees,m,33,ZMB,2
2023,disability.pension,employees,m,46,UKR,2
2023,disability.pension,employees,f,27,UKR,2
2023,disability.pension,employees,m,55,GHA,1
2023,disability.pension,employees,m,45,PAK,3
2023,disability.pension,employees,m,40,PHL,3
2023,disability.pension,employees,m,48,PHL,3
2023,disability.pension,employees,m,33,AUS,1
2023,disability.pension,employees,f,32,PRY,1
2023,disability.pension,employees,m,40,ZAF,2
2023,disability.pension,employees,f,42,BGD,1
2023,disability.pension,employees,m,55,TWN,1
2023,disability.pension,employees,f,59,PRT,2
2023,disability.pension,employees,m,2,UZB,1
2023,disability.pension,employees,m,55,EST,1
2023,disability.pension,employees,m,50,PHL,3
2023,disability.pension,employees,m,44,PAK,4
2023,disability.pension,employees,m,49,PAK,2
2023,disability.pension,employees,m,65,IND,2
2023,disability.pension,employees,m,56,IND,2
2023,disability.pension,employees,m,58,PHL,2
2023,disability.pension,employees,m,38,NIC,1
2023,disability.pension,employees,f,50,LKA,1
2023,disability.pension,employees,f,43,LKA,1
2023,disability.pension,employees,m,59,LKA,1
2023,disability.pension,employees,m,39,GMB,1
2023,disability.pension,employees,m,24,NPL,3
2023,disability.pension,employees,m,0,MDA,1
2023,disability.pension,employees,f,39,BGR,2
2023,disability.pension,employees,m,44,TTO,1
2023,disability.pension,employees,f,43,NGA,2
2023,disability.pension,employees,m,74,LTU,1
2023,disability.pension,employees,m,51,CAN,1
2023,disability.pension,employees,f,75,KOR,1
2023,disability.pension,employees,f,38,SVN,1
2023,disability.pension,employees,f,63,COG,1
2023,disability.pension,employees,f,73,AUT,1
2023,disability.pension,employees,f,22,SVN,1
2023,disability.pension,employees,m,38,LUX,1
2023,disability.pension,employees,f,53,YUG,1
2023,disability.pension,employees,f,28,CHE,1
2023,disability.pension,employees,f,47,SVN,1
2023,disability.pension,employees,m,55,NLD,2
2023,disability.pension,employees,f,58,PER,1
2023,disability.pension,employees,m,79,ESP,1
2023,disability.pension,employees,f,64,CZE,1
2023,disability.pension,employees,m,61,PRT,4
2023,disability.pension,employees,f,36,BEL,1
2023,disability.pension,employees,m,51,CRI,1
2023,disability.pension,employees,f,51,ZAF,1
2023,disability.pension,employees,f,32,VEN,2
2023,disability.pension,employees,f,71,HRV,2
2023,disability.pension,employees,m,55,BIH,1
2023,disability.pension,employees,f,48,GBR,2
2023,disability.pension,employees,f,48,EST,2
2023,disability.pension,employees,f,63,IRL,1
2023,disability.pension,employees,m,21,UKR,2
2023,disability.pension,employees,m,87,AUS,1
2023,disability.pension,employees,m,73,KAZ,1
2023,disability.pension,employees,f,18,AFG,1
2023,disability.pension,employees,m,16,SYR,1
2023,disability.pension,employees,f,20,SYR,1
2023,disability.pension,employees,m,59,KHM,1
2023,disability.pension,employees,m,25,MMR,1
2023,disability.pension,employees,f,23,SLE,1
2023,disability.pension,employees,f,36,CRI,1
2023,disability.pension,employees,f,24,UKR,2
2023,disability.pension,employees,m,72,JPN,1
2023,disability.pension,employees,m,78,CAN,1
2023,disability.pension,employees,f,76,AUT,1
2023,disability.pension,employees,f,90,AUS,1
2023,disability.pension,employees,f,86,JPN,1
2023,disability.pension,employees,m,78,JPN,1
2023,disability.pension,employees,m,89,AUS,1
2023,disability.pension,employees,m,69,ESP,1
2023,disability.pension,employees,m,67,ISR,1
2023,disability.pension,employees,m,41,MMR,1
2023,disability.pension,employees,f,27,UKR,5
2023,disability.pension,employees,m,39,BFA,1
2023,disability.pension,employees,m,33,TTO,1
2023,disability.pension,employees,m,50,FIN,1
2023,disability.pension,employees,f,33,MYS,3
2023,disability.pension,employees,f,48,URY,1
2023,disability.pension,employees,f,45,VEN,1
2023,disability.pension,employees,m,83,CHE,1
2023,disability.pension,employees,f,62,STP,1
2023,disability.pension,employees,f,57,AGO,1
2023,disability.pension,employees,f,42,AUT,1
2023,disability.pension,employees,m,52,LVA,2
2023,disability.pension,employees,f,65,PAK,1
2023,disability.pension,employees,f,28,CAF,1
2023,disability.pension,employees,m,26,NAM,1
2023,disability.pension,employees,f,53,KAZ,2
2023,disability.pension,employees,f,16,MDA,2
2023,disability.pension,employees,f,16,BLR,2
2023,disability.pension,employees,f,14,KAZ,3
2023,disability.pension,employees,f,15,EST,1
2023,disability.pension,employees,f,14,UZB,1
2023,disability.pension,employees,f,33,NZL,1
2023,disability.pension,employees,m,23,MLT,1
2023,disability.pension,employees,f,53,AUT,1
2023,disability.pension,employees,f,82,BLR,1
2023,disability.pension,employees,f,14,RUS,1
2023,disability.pension,employees,m,46,ESP,2
2023,disability.pension,employees,m,75,DZA,1
2023,disability.pension,employees,m,71,DZA,1
2023,disability.pension,employees,m,68,DZA,1
2023,disability.pension,employees,m,70,DZA,1
2023,disability.pension,employees,f,34,DNK,1
2023,disability.pension,employees,m,46,HRV,2
2023,disability.pension,employees,m,30,PAN,2
2023,disability.pension,employees,f,42,MYS,1
2023,disability.pension,employees,m,32,CHE,1
2023,disability.pension,employees,f,20,LVA,2
2023,disability.pension,employees,m,74,FIN,1
2023,disability.pension,employees,m,69,VNM,2
2023,disability.pension,employees,m,69,VNM,2
2023,disability.pension,employees,f,30,CRI,3
2023,disability.pension,employees,f,25,LUX,1
2023,disability.pension,employees,m,61,AUS,1
2023,disability.pension,employees,f,46,AUS,1
2023,disability.pension,employees,f,58,GRC,1
2023,disability.pension,employees,f,32,SGP,1
2023,disability.pension,employees,m,29,LUX,1
2023,disability.pension,employees,m,30,PRT,2
2023,disability.pension,employees,m,46,AUT,2
2023,disability.pension,employees,f,20,PAK,1
2023,disability.pension,employees,f,68,CAN,1
2023,disability.pension,employees,m,77,NLD,1
2023,disability.pension,employees,m,57,SDN,2
2023,disability.pension,employees,m,65,SDN,1
2023,disability.pension,employees,m,55,SDN,1
2023,disability.pension,employees,f,58,CHN,2
2023,disability.pension,employees,m,31,MLI,2
2023,disability.pension,employees,f,65,CHN,1
2023,disability.pension,employees,f,22,NLD,1
2023,disability.pension,employees,f,47,FIN,1
2023,disability.pension,employees,m,79,RUS,1
2023,disability.pension,employees,f,84,CAN,1
2023,disability.pension,employees,f,34,SOM,1
2023,disability.pension,employees,m,49,BIH,1
2023,disability.pension,employees,m,81,YUG,1
2023,disability.pension,employees,f,28,MKD,1
2023,disability.pension,employees,m,72,GEO,4
2023,disability.pension,employees,f,35,SWE,1
2023,disability.pension,employees,f,47,HND,1
2023,disability.pension,employees,f,38,IRQ,1
2023,disability.pension,employees,f,38,MYS,1
2023,disability.pension,employees,f,41,ISR,1
2023,disability.pension,employees,m,66,VNM,2
2023,disability.pension,employees,m,44,MRT,1
2023,disability.pension,employees,m,16,PAK,1
2023,disability.pension,employees,f,43,AUT,1
2023,disability.pension,employees,f,34,USA,2
2023,disability.pension,employees,f,37,GBR,2
2023,disability.pension,employees,f,33,USA,2
2023,disability.pension,employees,f,31,ZAF,2
2023,disability.pension,employees,f,36,NZL,1
2023,disability.pension,employees,f,56,RUS,3
2023,disability.pension,employees,f,66,SVK,1
2023,disability.pension,employees,f,61,MYS,1
2023,disability.pension,employees,f,8,ARM,1
2023,disability.pension,employees,f,12,TWN,1
2023,disability.pension,employees,f,55,IDN,1
2023,disability.pension,employees,f,36,ZWE,2
2023,disability.pension,employees,m,24,ERI,1
2023,disability.pension,employees,f,26,SVN,1
2023,disability.pension,employees,m,26,SGP,1
2023,disability.pension,employees,f,22,ZWE,2
2023,disability.pension,employees,f,28,ZWE,4
2023,disability.pension,employees,m,36,MYS,1
2023,disability.pension,employees,f,28,UKR,2
2023,disability.pension,employees,f,38,MNG,2
2023,disability.pension,employees,m,54,FRA,4
2023,disability.pension,employees,m,43,CYP,1
2023,disability.pension,employees,m,47,DNK,3
2023,disability.pension,employees,m,32,NGA,2
2023,disability.pension,employees,m,34,GIN,1
2023,disability.pension,employees,m,47,VEN,1
2023,disability.pension,employees,f,29,USA,2
2023,disability.pension,employees,m,42,CHE,1
2023,disability.pension,employees,f,44,GRC,1
2023,disability.pension,employees,m,39,NZL,1
2023,disability.pension,employees,f,27,NZL,1
2023,disability.pension,employees,f,20,COG,1
2023,disability.pension,employees,m,57,NGA,2
2023,disability.pension,employees,m,31,SGP,1
2023,disability.pension,employees,m,47,CHN,4
2023,disability.pension,employees,f,42,VNM,2
2023,disability.pension,employees,f,70,FRA,1
2023,disability.pension,employees,f,56,AUS,1
2023,disability.pension,employees,f,44,AUS,1
2023,disability.pension,employees,m,32,MMR,1
2023,disability.pension,employees,m,25,MYS,1
2023,disability.pension,employees,m,72,CYP,1
2023,disability.pension,employees,f,23,TJK,2
2023,disability.pension,employees,m,50,GRC,2
2023,disability.pension,employees,f,33,ZMB,1
2023,disability.pension,employees,f,47,LTU,2
2023,disability.pension,employees,m,55,IRL,3
2023,disability.pension,employees,m,47,PAN,1
2023,disability.pension,employees,f,46,YEM,1
2023,disability.pension,employees,m,25,NPL,2
2023,disability.pension,employees,f,23,EST,1
2023,disability.pension,employees,f,57,VEN,1
2023,disability.pension,employees,f,22,MLI,1
2023,disability.pension,employees,f,43,AUS,2
2023,disability.pension,employees,f,64,UKR,2
2023,disability.pension,employees,m,34,SOM,1
2023,disability.pension,employees,m,42,UGA,1
2023,disability.pension,employees,f,39,ALB,1
2023,disability.pension,employees,f,34,SAU,2
2023,disability.pension,employees,f,28,SYR,1
2023,disability.pension,employees,f,53,FIN,1
2023,disability.pension,employees,m,24,RUS,2
2023,disability.pension,employees,m,37,NIC,1
2023,disability.pension,employees,f,41,THA,2
2023,disability.pension,employees,m,73,BLR,2
2023,disability.pension,employees,m,29,KWT,1
2023,disability.pension,employees,f,48,UKR,2
2023,disability.pension,employees,m,58,COL,2
2023,disability.pension,employees,m,46,PHL,2
2023,disability.pension,employees,f,47,NPL,1
2023,disability.pension,employees,m,20,CHN,5
2023,disability.pension,employees,m,48,NPL,2
2023,disability.pension,employees,f,24,TTO,1
2023,disability.pension,employees,m,84,ITA,1
2023,disability.pension,employees,m,77,BEL,1
2023,disability.pension,employees,m,21,IRQ,1
2023,disability.pension,employees,m,57,SGP,1
2023,disability.pension,employees,f,19,CHN,5
2023,disability.pension,employees,m,62,THA,1
2023,disability.pension,employees,f,39,ETH,1
2023,disability.pension,employees,f,39,AUS,1
2023,disability.pension,employees,f,35,MMR,1
2023,disability.pension,employees,m,60,STP,1
2023,disability.pension,employees,f,38,BEL,1
2023,disability.pension,employees,m,42,PSE,1
2023,disability.pension,employees,m,78,HUN,1
2023,disability.pension,employees,m,124,MDA,1
2023,disability.pension,employees,m,28,SEN,1
2023,disability.pension,employees,m,37,SLE,1
2023,disability.pension,employees,f,32,GTM,1
2023,disability.pension,employees,f,43,IRQ,1
2023,disability.pension,employees,f,24,IRQ,1
2023,disability.pension,employees,f,38,SDN,1
2023,disability.pension,employees,m,41,KWT,1
2023,disability.pension,employees,m,77,DNK,1
2023,disability.pension,employees,m,71,CHN,1
2023,disability.pension,employees,m,60,ARG,1
2023,disability.pension,employees,m,61,ZAF,1
2023,disability.pension,employees,m,36,SDN,1
2023,disability.pension,employees,m,32,AUT,2
2023,disability.pension,employees,f,38,SOM,1
2023,disability.pension,employees,f,22,SOM,1
2023,disability.pension,employees,f,124,TUR,1
2023,disability.pension,employees,m,72,PRT,1
2023,disability.pension,employees,m,30,MOZ,1
2023,disability.pension,employees,m,48,GHA,1
2023,disability.pension,employees,m,56,ERI,1
2023,disability.pension,employees,f,51,ERI,1
2023,disability.pension,employees,f,46,IRQ,1
2023,disability.pension,employees,f,24,ISR,1
2023,disability.pension,employees,f,20,ETH,1
2023,disability.pension,employees,m,19,NLD,1
2023,disability.pension,employees,f,47,LBN,2
2023,disability.pension,employees,m,37,GIN,1
2023,disability.pension,employees,f,25,NAM,1
2023,disability.pension,employees,f,112,CHN,1
2023,disability.pension,employees,f,54,AFG,1
2023,disability.pension,employees,m,1,VNM,1
2023,disability.pension,employees,m,72,TUR,1
2023,disability.pension,employees,f,76,BGR,1
2023,disability.pension,employees,f,3,LVA,1
2023,disability.pension,employees,m,41,UKR,2
2023,disability.pension,employees,m,41,TKM,2
2023,disability.pension,employees,f,31,YEM,1
2023,disability.pension,employees,m,75,FIN,1
2023,disability.pension,employees,m,61,CUB,2
2023,disability.pension,employees,f,49,SVK,2
2023,disability.pension,employees,m,54,AZE,2
2023,disability.pension,employees,m,51,JPN,2
2023,disability.pension,employees,m,66,JPN,1
2023,disability.pension,employees,m,65,PSE,1
2023,disability.pension,employees,m,57,CUB,1
2023,disability.pension,employees,m,48,ESP,3
2023,disability.pension,employees,f,38,TUN,1
2023,disability.pension,employees,f,52,IRL,1
2023,disability.pension,employees,f,71,UKR,4
2023,disability.pension,employees,f,24,UKR,2
2023,disability.pension,employees,m,46,NZL,2
2023,disability.pension,employees,f,41,AUS,1
2023,disability.pension,employees,f,26,LBY,2
2023,disability.pension,employees,m,14,GEO,1
2023,disability.pension,employees,m,27,TUN,2
2023,disability.pension,employees,m,20,ZAF,1
2023,disability.pension,employees,m,61,JPN,1
2023,disability.pension,employees,f,42,SDN,1
2023,disability.pension,employees,f,23,GMB,1
2023,disability.pension,employees,f,27,UKR,2
2023,disability.pension,employees,f,51,LKA,1
2023,disability.pension,employees,f,70,GEO,1
2023,disability.pension,employees,m,81,ARM,1
2023,disability.pension,employees,f,30,THA,2
2023,disability.pension,employees,m,47,IRL,3
2023,disability.pension,employees,m,30,CAF,2
2023,disability.pension,employees,f,40,DOM,1
2023,disability.pension,employees,f,65,IND,1
2023,disability.pension,employees,f,48,COG,1
2023,disability.pension,employees,m,44,CHN,2
2023,disability.pension,employees,f,31,DOM,1
2023,disability.pension,employees,m,45,PSE,1
