year,type,group,sex,age,citizenship,count
2022,disability.pension,employees,m,54,UKR,4549
2022,disability.pension,employees,m,54,DEU,63
2022,disability.pension,employees,m,53,BLR,804
2022,disability.pension,employees,m,61,BLR,222
2022,disability.pension,employees,f,75,BLR,3
2022,disability.pension,employees,m,25,UKR,9750
2022,disability.pension,employees,m,23,UKR,7228
2022,disability.pension,employees,m,46,BLR,1670
2022,disability.pension,employees,m,21,BLR,1005
2022,disability.pension,employees,m,40,BLR,2566
2022,disability.pension,employees,f,26,UKR,9918
2022,disability.pension,employees,f,27,UKR,9414
2022,disability.pension,employees,m,28,UKR,2114
2022,disability.pension,employees,m,33,BLR,3147
2022,disability.pension,employees,f,45,BLR,484
2022,disability.pension,employees,f,51,BLR,340
2022,disability.pension,employees,m,35,UKR,12323
2022,disability.pension,employees,m,58,UKR,2401
2022,disability.pension,employees,m,42,UKR,9851
2022,disability.pension,employees,m,32,UKR,11887
2022,disability.pension,employees,m,41,BLR,2394
2022,disability.pension,employees,m,42,BLR,2165
2022,disability.pension,employees,m,37,BLR,3047
2022,disability.pension,employees,m,49,BLR,1324
2022,disability.pension,employees,m,52,BLR,937
2022,disability.pension,employees,f,39,UKR,10547
2022,disability.pension,employees,m,31,UKR,1882
2022,disability.pension,employees,f,42,BLR,504
2022,disability.pension,employees,m,25,BLR,2183
2022,disability.pension,employees,m,39,UKR,11678
2022,disability.pension,employees,m,41,UKR,9996
2022,disability.pension,employees,m,40,UKR,10268
2022,disability.pension,employees,m,52,UKR,6048
2022,disability.pension,employees,m,34,UKR,12242
2022,disability.pension,employees,m,44,UKR,9391
2022,disability.pension,employees,m,21,MDA,257
2022,disability.pension,employees,m,37,UKR,11645
2022,disability.pension,employees,m,23,MDA,305
2022,disability.pension,employees,m,33,UKR,11848
2022,disability.pension,employees,m,49,BLR,126
2022,disability.pension,employees,f,48,BLR,10
2022,disability.pension,employees,m,36,UKR,12134
2022,disability.pension,employees,m,38,UKR,11771
2022,disability.pension,employees,m,47,BLR,1515
2022,disability.pension,employees,m,36,BLR,3277
2022,disability.pension,employees,m,35,BLR,3235
2022,disability.pension,employees,m,39,BLR,2900
2022,disability.pension,employees,m,29,BLR,2599
2022,disability.pension,employees,m,48,BLR,1404
2022,disability.pension,employees,m,38,BLR,2954
2022,disability.pension,employees,m,45,BLR,1738
2022,disability.pension,employees,m,31,BLR,2920
2022,disability.pension,employees,f,40,BLR,549
2022,disability.pension,employees,f,54,UKR,4666
2022,disability.pension,employees,f,43,UKR,9871
2022,disability.pension,employees,f,54,BLR,196
2022,disability.pension,employees,m,54,BLR,711
2022,disability.pension,employees,m,57,BLR,457
2022,disability.pension,employees,m,32,BLR,2979
2022,disability.pension,employees,m,44,BLR,226
2022,disability.pension,employees,m,49,RUS,145
2022,disability.pension,employees,m,38,RUS,246
2022,disability.pension,employees,m,43,BLR,2038
2022,disability.pension,employees,m,38,TUN,43
2022,disability.pension,employees,f,54,KAZ,9
2022,disability.pension,employees,m,43,UKR,9431
2022,disability.pension,employees,f,38,UKR,10109
2022,disability.pension,employees,f,43,RUS,111
2022,disability.pension,employees,m,34,BLR,3328
2022,disability.pension,employees,f,31,UKR,8743
2022,disability.pension,employees,f,34,UKR,9366
2022,disability.pension,employees,m,44,BLR,1861
2022,disability.pension,employees,m,58,BLR,389
2022,disability.pension,employees,m,51,BLR,1162
2022,disability.pension,employees,m,48,BLR,170
2022,disability.pension,employees,m,37,BLR,286
2022,disability.pension,employees,m,46,BLR,214
2022,disability.pension,employees,m,24,BLR,1912
2022,disability.pension,employees,m,30,BLR,298
2022,disability.pension,employees,f,60,BLR,73
2022,disability.pension,employees,m,48,UKR,7644
2022,disability.pension,employees,m,41,UZB,157
2022,disability.pension,employees,m,27,BLR,2498
2022,disability.pension,employees,m,27,UKR,11395
2022,disability.pension,employees,f,27,LTU,28
2022,disability.pension,employees,m,36,BLR,254
2022,disability.pension,employees,m,50,BLR,1188
2022,disability.pension,employees,f,50,GEO,28
2022,disability.pension,employees,m,40,BLR,272
2022,disability.pension,employees,f,33,UKR,8882
2022,disability.pension,employees,f,58,BLR,100
2022,disability.pension,employees,f,38,BLR,654
2022,disability.pension,employees,f,26,BLR,1211
2022,disability.pension,employees,f,27,UKR,2126
2022,disability.pension,employees,f,48,BLR,374
2022,disability.pension,employees,f,55,UKR,4221
2022,disability.pension,employees,f,33,BLR,102
2022,disability.pension,employees,f,63,UKR,1017
2022,disability.pension,employees,f,49,UKR,7458
2022,disability.pension,employees,f,42,UKR,9829
2022,disability.pension,employees,f,32,BLR,874
2022,disability.pension,employees,m,36,GBR,47
2022,disability.pension,employees,m,28,UKR,11592
2022,disability.pension,employees,f,24,UKR,8675
2022,disability.pension,employees,m,47,UKR,8125
2022,disability.pension,employees,m,29,UKR,11708
2022,disability.pension,employees,f,35,UKR,9879
2022,disability.pension,employees,m,26,MDA,384
2022,disability.pension,employees,m,49,UKR,7251
2022,disability.pension,employees,f,40,UKR,9727
2022,disability.pension,employees,m,45,UKR,8631
2022,disability.pension,employees,f,44,UKR,9431
2022,disability.pension,employees,f,28,UKR,8927
2022,disability.pension,employees,m,31,UKR,12137
2022,disability.pension,employees,m,26,UKR,11430
2022,disability.pension,employees,f,23,UKR,7832
2022,disability.pension,employees,f,38,UKR,2120
2022,disability.pension,employees,f,46,UKR,2056
2022,disability.pension,employees,f,32,MDA,97
2022,disability.pension,employees,m,61,UKR,2096
2022,disability.pension,employees,m,60,UKR,2330
2022,disability.pension,employees,f,32,UKR,8611
2022,disability.pension,employees,f,36,UKR,10280
2022,disability.pension,employees,f,29,UKR,8859
2022,disability.pension,employees,f,53,UKR,5190
2022,disability.pension,employees,f,46,UKR,9123
2022,disability.pension,employees,f,19,UKR,96
2022,disability.pension,employees,f,45,UKR,9354
2022,disability.pension,employees,f,45,MDA,120
2022,disability.pension,employees,f,25,UKR,8936
2022,disability.pension,employees,f,60,UKR,2083
2022,disability.pension,employees,f,66,RUS,17
2022,disability.pension,employees,f,48,RUS,84
2022,disability.pension,employees,m,64,BLR,70
2022,disability.pension,employees,m,56,BLR,551
2022,disability.pension,employees,m,38,BLR,304
2022,disability.pension,employees,m,46,ROU,75
2022,disability.pension,employees,f,50,UKR,7335
2022,disability.pension,employees,m,28,UKR,195
2022,disability.pension,employees,f,47,UKR,8670
2022,disability.pension,employees,m,46,GBR,39
2022,disability.pension,employees,m,30,UKR,11790
2022,disability.pension,employees,f,48,UKR,8322
2022,disability.pension,employees,m,50,UKR,6926
2022,disability.pension,employees,m,59,UKR,2206
2022,disability.pension,employees,m,62,UKR,1637
2022,disability.pension,employees,f,41,UKR,9534
2022,disability.pension,employees,m,60,GEO,149
2022,disability.pension,employees,m,55,GEO,305
2022,disability.pension,employees,f,41,RUS,123
2022,disability.pension,employees,m,53,UKR,5143
2022,disability.pension,employees,m,51,UKR,6403
2022,disability.pension,employees,f,57,UKR,3326
2022,disability.pension,employees,f,53,BLR,260
2022,disability.pension,employees,f,29,BLR,993
2022,disability.pension,employees,m,48,KAZ,34
2022,disability.pension,employees,m,44,MDA,257
2022,disability.pension,employees,m,46,UKR,8472
2022,disability.pension,employees,f,52,UKR,5959
2022,disability.pension,employees,f,41,BLR,70
2022,disability.pension,employees,f,21,UKR,6828
2022,disability.pension,employees,f,37,UKR,9962
2022,disability.pension,employees,m,20,UKR,4032
2022,disability.pension,employees,m,16,UKR,862
2022,disability.pension,employees,m,50,GEO,417
2022,disability.pension,employees,m,24,UKR,8649
2022,disability.pension,employees,m,22,UKR,6375
2022,disability.pension,employees,m,18,UKR,5381
2022,disability.pension,employees,f,20,UKR,6091
2022,disability.pension,employees,m,17,UKR,1530
2022,disability.pension,employees,f,22,UKR,7350
2022,disability.pension,employees,f,18,UKR,3669
2022,disability.pension,employees,f,30,UKR,8875
2022,disability.pension,employees,m,19,ALB,4
2022,disability.pension,employees,f,34,UKR,1928
2022,disability.pension,employees,f,57,BLR,119
2022,disability.pension,employees,f,39,BLR,618
2022,disability.pension,employees,f,44,BLR,489
2022,disability.pension,employees,f,52,BLR,263
2022,disability.pension,employees,f,51,UKR,6663
2022,disability.pension,employees,f,56,BLR,163
2022,disability.pension,employees,f,34,BLR,827
2022,disability.pension,employees,m,47,BLR,162
2022,disability.pension,employees,m,27,RUS,187
2022,disability.pension,employees,m,43,BLR,242
2022,disability.pension,employees,m,62,BLR,151
2022,disability.pension,employees,f,30,BLR,1023
2022,disability.pension,employees,m,40,ISL,2
2022,disability.pension,employees,m,19,UKR,2955
2022,disability.pension,employees,m,50,BLR,134
2022,disability.pension,employees,m,19,BLR,530
2022,disability.pension,employees,m,57,RUS,91
2022,disability.pension,employees,m,63,GBR,30
2022,disability.pension,employees,m,56,BLR,86
2022,disability.pension,employees,m,55,BLR,615
2022,disability.pension,employees,m,51,BLR,144
2022,disability.pension,employees,f,23,BLR,1045
2022,disability.pension,employees,f,35,LVA,11
2022,disability.pension,employees,f,43,BLR,492
2022,disability.pension,employees,f,27,NPL,23
2022,disability.pension,employees,m,20,BLR,657
2022,disability.pension,employees,m,60,BLR,268
2022,disability.pension,employees,m,22,BLR,1400
2022,disability.pension,employees,m,28,BLR,2526
2022,disability.pension,employees,f,27,BLR,1150
2022,disability.pension,employees,f,28,BLR,1066
2022,disability.pension,employees,m,30,UKR,1962
2022,disability.pension,employees,f,33,BLR,880
2022,disability.pension,employees,m,72,DEU,19
2022,disability.pension,employees,m,46,GEO,550
2022,disability.pension,employees,m,48,GEO,475
2022,disability.pension,employees,m,30,BLR,2754
2022,disability.pension,employees,m,27,BLR,326
2022,disability.pension,employees,m,23,BLR,1725
2022,disability.pension,employees,m,23,BLR,198
2022,disability.pension,employees,m,45,BLR,214
2022,disability.pension,employees,f,46,BLR,467
2022,disability.pension,employees,f,59,RUS,43
2022,disability.pension,employees,m,26,BLR,2323
2022,disability.pension,employees,m,29,RUS,179
2022,disability.pension,employees,m,35,UKR,1806
2022,disability.pension,employees,m,42,ALB,10
2022,disability.pension,employees,f,41,BLR,515
2022,disability.pension,employees,m,37,UKR,1608
2022,disability.pension,employees,m,46,ARM,49
2022,disability.pension,employees,f,59,BLR,90
2022,disability.pension,employees,f,45,BLR,48
2022,disability.pension,employees,f,29,BLR,134
2022,disability.pension,employees,m,53,USA,6
2022,disability.pension,employees,f,36,UKR,2148
2022,disability.pension,employees,m,65,RUS,17
2022,disability.pension,employees,f,41,UKR,2194
2022,disability.pension,employees,f,26,LTU,4
2022,disability.pension,employees,f,59,RUS,6
2022,disability.pension,employees,m,27,ROU,88
2022,disability.pension,employees,f,24,BLR,1152
2022,disability.pension,employees,f,49,ROU,33
2022,disability.pension,employees,m,38,UKR,1654
2022,disability.pension,employees,m,48,UKR,1096
2022,disability.pension,employees,m,43,UZB,149
2022,disability.pension,employees,m,29,UKR,2000
2022,disability.pension,employees,m,33,UKR,1752
2022,disability.pension,employees,m,38,PAK,30
2022,disability.pension,employees,f,47,BLR,363
2022,disability.pension,employees,f,56,UKR,3788
2022,disability.pension,employees,m,32,BLR,300
2022,disability.pension,employees,f,33,CHN,63
2022,disability.pension,employees,f,43,UKR,2062
2022,disability.pension,employees,m,34,MDA,334
2022,disability.pension,employees,m,55,UKR,3854
2022,disability.pension,employees,f,60,LTU,8
2022,disability.pension,employees,m,36,GEO,660
2022,disability.pension,employees,f,29,UKR,1880
2022,disability.pension,employees,m,32,UKR,183
2022,disability.pension,employees,m,57,UKR,2904
2022,disability.pension,employees,f,37,RUS,145
2022,disability.pension,employees,m,35,GEO,128
2022,disability.pension,employees,m,35,BLR,312
2022,disability.pension,employees,f,50,BLR,361
2022,disability.pension,employees,m,39,BLR,258
2022,disability.pension,employees,m,59,BLR,323
2022,disability.pension,employees,m,56,SYR,3
2022,disability.pension,employees,f,35,UKR,1862
2022,disability.pension,employees,m,68,BLR,15
2022,disability.pension,employees,m,34,BLR,328
2022,disability.pension,employees,f,17,BLR,228
2022,disability.pension,employees,f,16,BLR,91
2022,disability.pension,employees,f,16,RUS,5
2022,disability.pension,employees,f,17,RUS,13
2022,disability.pension,employees,f,32,BLR,108
2022,disability.pension,employees,m,46,UKR,1220
2022,disability.pension,employees,m,58,BLR,34
2022,disability.pension,employees,f,49,BLR,396
2022,disability.pension,employees,f,44,UKR,2064
2022,disability.pension,employees,m,18,UKR,844
2022,disability.pension,employees,f,65,UKR,609
2022,disability.pension,employees,m,43,ITA,112
2022,disability.pension,employees,f,14,UKR,107
2022,disability.pension,employees,m,42,UZB,157
2022,disability.pension,employees,m,24,BLR,222
2022,disability.pension,employees,f,36,BLR,728
2022,disability.pension,employees,m,64,UKR,865
2022,disability.pension,employees,f,16,UKR,644
2022,disability.pension,employees,f,37,BLR,732
2022,disability.pension,employees,f,28,IND,135
2022,disability.pension,employees,m,30,CUB,7
2022,disability.pension,employees,m,34,BGD,137
2022,disability.pension,employees,m,29,IND,721
2022,disability.pension,employees,m,24,ZWE,45
2022,disability.pension,employees,m,34,COG,4
2022,disability.pension,employees,m,28,TUR,371
2022,disability.pension,employees,f,19,BLR,595
2022,disability.pension,employees,f,27,IND,121
2022,disability.pension,employees,m,21,RWA,29
2022,disability.pension,employees,m,20,IND,47
2022,disability.pension,employees,m,26,IND,594
2022,disability.pension,employees,m,22,RWA,8
2022,disability.pension,employees,f,21,BLR,799
2022,disability.pension,employees,m,23,RUS,93
2022,disability.pension,employees,f,33,ETH,4
2022,disability.pension,employees,m,28,TUR,34
2022,disability.pension,employees,f,48,UKR,1972
2022,disability.pension,employees,f,36,PHL,138
2022,disability.pension,employees,f,19,UKR,5373
2022,disability.pension,employees,m,28,IND,699
2022,disability.pension,employees,m,28,CUB,7
2022,disability.pension,employees,f,68,UKR,270
2022,disability.pension,employees,m,21,DZA,5
2022,disability.pension,employees,m,26,DZA,27
2022,disability.pension,employees,f,23,DZA,4
2022,disability.pension,employees,m,24,BGD,74
2022,disability.pension,employees,m,22,DZA,7
2022,disability.pension,employees,f,59,UKR,2710
2022,disability.pension,employees,m,20,ETH,9
2022,disability.pension,employees,m,25,ETH,29
2022,disability.pension,employees,m,18,BDI,1
2022,disability.pension,employees,f,39,UKR,2254
2022,disability.pension,employees,m,26,UKR,285
2022,disability.pension,employees,m,27,UKR,210
2022,disability.pension,employees,m,21,UKR,4922
2022,disability.pension,employees,f,17,UKR,817
2022,disability.pension,employees,m,46,ALB,6
2022,disability.pension,employees,m,21,GEO,462
2022,disability.pension,employees,m,34,GEO,640
2022,disability.pension,employees,m,37,UZB,172
2022,disability.pension,employees,m,30,UZB,154
2022,disability.pension,employees,m,23,UZB,83
2022,disability.pension,employees,f,54,LTU,12
2022,disability.pension,employees,f,63,BLR,18
2022,disability.pension,employees,f,25,BLR,1140
2022,disability.pension,employees,m,19,BLR,60
2022,disability.pension,employees,m,20,ARM,6
2022,disability.pension,employees,m,73,UKR,25
2022,disability.pension,employees,m,66,JOR,2
2022,disability.pension,employees,m,45,UKR,1262
2022,disability.pension,employees,m,39,EGY,48
2022,disability.pension,employees,m,45,ESP,3
2022,disability.pension,employees,m,28,GEO,659
2022,disability.pension,employees,m,33,MDA,314
2022,disability.pension,employees,f,55,CHN,13
2022,disability.pension,employees,m,15,UKR,601
2022,disability.pension,employees,f,16,TJK,1
2022,disability.pension,employees,m,34,UZB,148
2022,disability.pension,employees,m,46,UZB,110
2022,disability.pension,employees,m,62,RUS,38
2022,disability.pension,employees,m,33,BLR,308
2022,disability.pension,employees,f,34,BLR,130
2022,disability.pension,employees,m,56,UKR,3414
2022,disability.pension,employees,m,56,UKR,470
2022,disability.pension,employees,f,58,UKR,2929
2022,disability.pension,employees,f,35,BLR,821
2022,disability.pension,employees,f,44,PER,2
2022,disability.pension,employees,m,43,SVK,29
2022,disability.pension,employees,f,39,MEX,5
2022,disability.pension,employees,m,42,MEX,12
2022,disability.pension,employees,m,63,UKR,1170
2022,disability.pension,employees,m,36,UKR,1806
2022,disability.pension,employees,m,36,EGY,83
2022,disability.pension,employees,m,53,RUS,98
2022,disability.pension,employees,m,42,BLR,226
2022,disability.pension,employees,m,41,HUN,28
2022,disability.pension,employees,m,47,RUS,128
2022,disability.pension,employees,m,44,ARM,39
2022,disability.pension,employees,f,46,UKR,300
2022,disability.pension,employees,f,28,UKR,1902
2022,disability.pension,employees,m,32,UKR,1840
2022,disability.pension,employees,f,37,UKR,2058
2022,disability.pension,employees,f,49,UKR,1770
2022,disability.pension,employees,m,51,UKR,888
2022,disability.pension,employees,m,45,MDA,264
2022,disability.pension,employees,m,24,MDA,353
2022,disability.pension,employees,m,49,GEO,427
2022,disability.pension,employees,f,40,BLR,9
2022,disability.pension,employees,f,44,BLR,102
2022,disability.pension,employees,m,17,RUS,5
2022,disability.pension,employees,f,30,UKR,1846
2022,disability.pension,employees,f,50,UKR,1696
2022,disability.pension,employees,f,45,UKR,2228
2022,disability.pension,employees,f,51,UKR,1488
2022,disability.pension,employees,f,55,RUS,65
2022,disability.pension,employees,m,68,BIH,1
2022,disability.pension,employees,f,53,RUS,67
2022,disability.pension,employees,m,52,BGR,24
2022,disability.pension,employees,m,32,NPL,123
2022,disability.pension,employees,m,27,NPL,154
2022,disability.pension,employees,f,53,BLR,58
2022,disability.pension,employees,f,70,UKR,127
2022,disability.pension,employees,m,66,BLR,39
2022,disability.pension,employees,m,57,SYR,8
2022,disability.pension,employees,m,30,LTU,31
2022,disability.pension,employees,f,25,UKR,1676
2022,disability.pension,employees,f,39,RUS,142
2022,disability.pension,employees,m,40,UKR,1424
2022,disability.pension,employees,m,43,MDA,293
2022,disability.pension,employees,m,26,UZB,115
2022,disability.pension,employees,m,38,UZB,158
2022,disability.pension,employees,m,48,UZB,111
2022,disability.pension,employees,m,52,LTU,2
2022,disability.pension,employees,f,55,BLR,215
2022,disability.pension,employees,m,18,RUS,32
2022,disability.pension,employees,m,62,VNM,52
2022,disability.pension,employees,m,53,VNM,66
2022,disability.pension,employees,m,22,UKR,1116
2022,disability.pension,employees,f,53,UKR,1230
2022,disability.pension,employees,m,22,RUS,91
2022,disability.pension,employees,f,54,AZE,4
2022,disability.pension,employees,f,61,ARM,14
2022,disability.pension,employees,f,38,BLR,102
2022,disability.pension,employees,m,39,RUS,227
2022,disability.pension,employees,m,40,MDA,315
2022,disability.pension,employees,m,32,MDA,326
2022,disability.pension,employees,m,38,MDA,337
2022,disability.pension,employees,m,29,MDA,364
2022,disability.pension,employees,m,25,MDA,302
2022,disability.pension,employees,m,41,MDA,287
2022,disability.pension,employees,f,35,MDA,14
2022,disability.pension,employees,m,27,MDA,337
2022,disability.pension,employees,m,57,IRN,1
2022,disability.pension,employees,f,50,LTU,12
2022,disability.pension,employees,m,47,UKR,1118
2022,disability.pension,employees,m,56,GBR,45
2022,disability.pension,employees,f,50,RUS,98
2022,disability.pension,employees,f,18,BLR,516
2022,disability.pension,employees,f,25,LTU,11
2022,disability.pension,employees,m,69,USA,14
2022,disability.pension,employees,m,48,BRA,10
2022,disability.pension,employees,m,32,ROU,97
2022,disability.pension,employees,f,51,LTU,17
2022,disability.pension,employees,m,28,LTU,29
2022,disability.pension,employees,m,46,UKR,135
2022,disability.pension,employees,f,33,UKR,1866
2022,disability.pension,employees,m,51,TUR,94
2022,disability.pension,employees,m,34,UKR,1694
2022,disability.pension,employees,m,31,GEO,780
2022,disability.pension,employees,f,40,UKR,2018
2022,disability.pension,employees,m,34,PHL,164
2022,disability.pension,employees,m,36,PHL,192
2022,disability.pension,employees,f,45,UKR,279
2022,disability.pension,employees,m,27,UKR,2120
2022,disability.pension,employees,m,29,GEO,619
2022,disability.pension,employees,f,23,UKR,1438
2022,disability.pension,employees,f,32,UKR,1762
2022,disability.pension,employees,f,24,UKR,147
2022,disability.pension,employees,m,40,GEO,104
2022,disability.pension,employees,f,29,PHL,74
2022,disability.pension,employees,m,38,GEO,648
2022,disability.pension,employees,f,45,PHL,65
2022,disability.pension,employees,m,36,UZB,165
2022,disability.pension,employees,f,36,UZB,11
2022,disability.pension,employees,m,31,AZE,134
2022,disability.pension,employees,m,30,AZE,129
2022,disability.pension,employees,m,44,UKR,1198
2022,disability.pension,employees,f,51,GEO,126
2022,disability.pension,employees,f,21,UKR,1156
2022,disability.pension,employees,m,24,UKR,1458
2022,disability.pension,employees,f,32,PHL,132
2022,disability.pension,employees,m,41,UKR,1412
2022,disability.pension,employees,m,32,TKM,76
2022,disability.pension,employees,m,44,TKM,22
2022,disability.pension,employees,f,22,UKR,1392
2022,disability.pension,employees,m,29,PHL,97
2022,disability.pension,employees,m,26,GEO,680
2022,disability.pension,employees,m,34,TKM,72
2022,disability.pension,employees,m,23,AZE,130
2022,disability.pension,employees,m,32,TUN,47
2022,disability.pension,employees,m,43,LKA,6
2022,disability.pension,employees,f,31,UKR,1766
2022,disability.pension,employees,f,48,UKR,240
2022,disability.pension,employees,m,27,TKM,105
2022,disability.pension,employees,m,28,UZB,128
2022,disability.pension,employees,f,64,UKR,851
2022,disability.pension,employees,m,30,GEO,649
2022,disability.pension,employees,m,21,UKR,878
2022,disability.pension,employees,f,52,UKR,1322
2022,disability.pension,employees,f,26,UKR,2106
2022,disability.pension,employees,m,29,TKM,90
2022,disability.pension,employees,m,52,UKR,756
2022,disability.pension,employees,m,35,TKM,46
2022,disability.pension,employees,m,42,UKR,1416
2022,disability.pension,employees,m,53,TKM,8
2022,disability.pension,employees,m,26,UKR,2300
2022,disability.pension,employees,m,39,UKR,1602
2022,disability.pension,employees,f,57,UKR,700
2022,disability.pension,employees,m,43,RUS,147
2022,disability.pension,employees,f,39,BGR,21
2022,disability.pension,employees,m,54,ESP,8
2022,disability.pension,employees,m,27,TJK,34
2022,disability.pension,employees,m,47,GEO,555
2022,disability.pension,employees,m,36,TJK,33
2022,disability.pension,employees,m,41,JPN,14
2022,disability.pension,employees,f,31,IDN,40
2022,disability.pension,employees,f,33,IDN,38
2022,disability.pension,employees,m,65,LTU,3
2022,disability.pension,employees,m,46,RUS,173
2022,disability.pension,employees,m,52,RUS,108
2022,disability.pension,employees,m,41,RUS,175
2022,disability.pension,employees,f,78,BLR,2
2022,disability.pension,employees,m,44,GEO,594
2022,disability.pension,employees,m,47,NLD,18
2022,disability.pension,employees,f,35,RUS,156
2022,disability.pension,employees,f,57,BLR,32
2022,disability.pension,employees,m,18,BLR,329
2022,disability.pension,employees,m,35,RUS,249
2022,disability.pension,employees,f,38,GEO,143
2022,disability.pension,employees,f,44,LTU,19
2022,disability.pension,employees,f,36,UKR,216
2022,disability.pension,employees,m,15,ITA,1
2022,disability.pension,employees,f,63,ARM,8
2022,disability.pension,employees,m,54,UKR,664
2022,disability.pension,employees,m,62,UKR,224
2022,disability.pension,employees,m,50,UKR,906
2022,disability.pension,employees,m,33,RUS,258
2022,disability.pension,employees,m,36,LTU,37
2022,disability.pension,employees,m,42,ARM,55
2022,disability.pension,employees,m,55,LTU,22
2022,disability.pension,employees,m,36,RUS,263
2022,disability.pension,employees,m,36,MDA,330
2022,disability.pension,employees,f,27,TUR,61
2022,disability.pension,employees,m,1,UKR,24
2022,disability.pension,employees,m,53,UKR,704
2022,disability.pension,employees,m,39,GEO,608
2022,disability.pension,employees,m,37,GEO,675
2022,disability.pension,employees,m,50,GEO,78
2022,disability.pension,employees,m,25,UKR,1704
2022,disability.pension,employees,m,45,GEO,106
2022,disability.pension,employees,m,26,TKM,74
2022,disability.pension,employees,m,54,GEO,74
2022,disability.pension,employees,m,42,GEO,574
2022,disability.pension,employees,m,64,UKR,138
2022,disability.pension,employees,m,38,UKR,162
2022,disability.pension,employees,m,45,TKM,18
2022,disability.pension,employees,m,36,TKM,47
2022,disability.pension,employees,m,21,TKM,12
2022,disability.pension,employees,m,37,TKM,43
2022,disability.pension,employees,m,47,AZE,22
2022,disability.pension,employees,m,53,GEO,70
2022,disability.pension,employees,m,52,GEO,381
2022,disability.pension,employees,m,63,BLR,114
2022,disability.pension,employees,f,31,BLR,915
2022,disability.pension,employees,f,46,BLR,84
2022,disability.pension,employees,f,48,BLR,12
2022,disability.pension,employees,f,42,BLR,82
2022,disability.pension,employees,f,26,BLR,178
2022,disability.pension,employees,f,29,ROU,41
2022,disability.pension,employees,m,38,MKD,1
2022,disability.pension,employees,m,65,UKR,637
2022,disability.pension,employees,m,33,IND,621
2022,disability.pension,employees,m,65,RUS,4
2022,disability.pension,employees,m,14,UKR,103
2022,disability.pension,employees,m,35,GEO,676
2022,disability.pension,employees,f,46,LTU,15
2022,disability.pension,employees,f,33,ROU,37
2022,disability.pension,employees,f,60,UKR,376
2022,disability.pension,employees,m,31,BLR,30
2022,disability.pension,employees,m,28,BLR,288
2022,disability.pension,employees,m,55,ARM,27
2022,disability.pension,employees,m,42,AGO,1
2022,disability.pension,employees,m,16,RUS,4
2022,disability.pension,employees,m,41,LTU,3
2022,disability.pension,employees,f,44,UKR,8
2022,disability.pension,employees,m,34,LTU,41
2022,disability.pension,employees,m,45,RUS,155
2022,disability.pension,employees,f,36,BLR,84
2022,disability.pension,employees,m,28,TWN,3
2022,disability.pension,employees,m,57,VNM,54
2022,disability.pension,employees,f,36,RUS,162
2022,disability.pension,employees,m,41,RUS,26
2022,disability.pension,employees,m,42,TJK,2
2022,disability.pension,employees,f,61,BLR,51
2022,disability.pension,employees,m,25,GEO,636
2022,disability.pension,employees,f,44,ARM,15
2022,disability.pension,employees,f,54,GEO,79
2022,disability.pension,employees,f,50,GEO,119
2022,disability.pension,employees,f,40,GEO,186
2022,disability.pension,employees,m,45,GEO,560
2022,disability.pension,employees,m,51,GEO,428
2022,disability.pension,employees,m,57,GEO,263
2022,disability.pension,employees,m,22,GEO,493
2022,disability.pension,employees,m,43,GEO,571
2022,disability.pension,employees,m,43,BLR,2
2022,disability.pension,employees,m,29,EGY,65
2022,disability.pension,employees,m,54,KAZ,14
2022,disability.pension,employees,m,39,KAZ,55
2022,disability.pension,employees,m,52,BLR,120
2022,disability.pension,employees,m,65,ARM,8
2022,disability.pension,employees,m,52,ARM,47
2022,disability.pension,employees,f,43,BLR,84
2022,disability.pension,employees,m,31,BLR,280
2022,disability.pension,employees,m,50,TUR,89
2022,disability.pension,employees,m,45,TUR,115
2022,disability.pension,employees,m,41,BLR,230
2022,disability.pension,employees,f,67,UKR,356
2022,disability.pension,employees,m,35,EGY,47
2022,disability.pension,employees,m,53,ARM,38
2022,disability.pension,employees,m,18,BLR,26
2022,disability.pension,employees,m,39,MDA,323
2022,disability.pension,employees,m,60,BLR,30
2022,disability.pension,employees,m,53,GEO,362
2022,disability.pension,employees,m,29,ALB,20
2022,disability.pension,employees,f,70,BLR,13
2022,disability.pension,employees,m,41,IND,302
2022,disability.pension,employees,m,38,IND,419
2022,disability.pension,employees,m,32,IND,681
2022,disability.pension,employees,m,47,IND,98
2022,disability.pension,employees,m,37,IND,512
2022,disability.pension,employees,f,68,LTU,7
2022,disability.pension,employees,m,69,UKR,152
2022,disability.pension,employees,m,28,GEO,142
2022,disability.pension,employees,m,37,GRC,25
2022,disability.pension,employees,f,15,FRA,1
2022,disability.pension,employees,m,42,TUR,147
2022,disability.pension,employees,m,51,LTU,17
2022,disability.pension,employees,f,61,LTU,11
2022,disability.pension,employees,f,52,BLR,56
2022,disability.pension,employees,f,38,DEU,3
2022,disability.pension,employees,f,57,RUS,47
2022,disability.pension,employees,f,46,RUS,90
2022,disability.pension,employees,f,49,RUS,114
2022,disability.pension,employees,m,29,BLR,21
2022,disability.pension,employees,m,30,IND,735
2022,disability.pension,employees,m,38,PHL,225
2022,disability.pension,employees,m,37,IDN,101
2022,disability.pension,employees,m,40,IDN,97
2022,disability.pension,employees,m,37,PHL,199
2022,disability.pension,employees,m,27,PHL,61
2022,disability.pension,employees,m,42,PHL,214
2022,disability.pension,employees,m,40,PHL,242
2022,disability.pension,employees,m,30,PHL,94
2022,disability.pension,employees,m,57,PHL,12
2022,disability.pension,employees,m,41,PHL,242
2022,disability.pension,employees,m,32,IDN,112
2022,disability.pension,employees,m,42,IDN,71
2022,disability.pension,employees,m,46,PHL,151
2022,disability.pension,employees,m,31,IND,662
2022,disability.pension,employees,m,35,PHL,220
2022,disability.pension,employees,m,36,PHL,26
2022,disability.pension,employees,m,49,PHL,80
2022,disability.pension,employees,m,32,PHL,134
2022,disability.pension,employees,m,45,PHL,194
2022,disability.pension,employees,m,36,BGD,109
2022,disability.pension,employees,m,39,PHL,258
2022,disability.pension,employees,m,44,PHL,178
2022,disability.pension,employees,m,30,BGD,155
2022,disability.pension,employees,m,31,PHL,134
2022,disability.pension,employees,m,48,PHL,94
2022,disability.pension,employees,m,34,IND,667
2022,disability.pension,employees,m,33,PHL,154
2022,disability.pension,employees,f,33,PHL,137
2022,disability.pension,employees,m,47,PHL,114
2022,disability.pension,employees,m,43,PHL,226
2022,disability.pension,employees,m,41,BGD,68
2022,disability.pension,employees,m,52,LTU,12
2022,disability.pension,employees,m,49,ARM,43
2022,disability.pension,employees,f,30,BLR,114
2022,disability.pension,employees,m,25,BGD,105
2022,disability.pension,employees,m,23,BGD,36
2022,disability.pension,employees,m,27,BGD,149
2022,disability.pension,employees,m,29,BGD,149
2022,disability.pension,employees,m,28,BGD,176
2022,disability.pension,employees,m,22,BGD,38
2022,disability.pension,employees,m,66,UKR,459
2022,disability.pension,employees,m,44,GBR,48
2022,disability.pension,employees,m,30,GEO,104
2022,disability.pension,employees,f,38,GEO,22
2022,disability.pension,employees,m,58,GEO,230
2022,disability.pension,employees,m,37,GBR,63
2022,disability.pension,employees,m,39,LTU,4
2022,disability.pension,employees,m,50,RUS,142
2022,disability.pension,employees,f,38,LTU,23
2022,disability.pension,employees,m,46,ITA,93
2022,disability.pension,employees,m,34,DEU,56
2022,disability.pension,employees,m,33,BRA,58
2022,disability.pension,employees,f,22,BLR,1005
2022,disability.pension,employees,m,80,RUS,1
2022,disability.pension,employees,f,27,MDA,102
2022,disability.pension,employees,m,60,RUS,44
2022,disability.pension,employees,f,28,RUS,148
2022,disability.pension,employees,f,47,BLR,82
2022,disability.pension,employees,f,67,RUS,10
2022,disability.pension,employees,m,73,LTU,3
2022,disability.pension,employees,m,26,BLR,300
2022,disability.pension,employees,m,57,MDA,75
2022,disability.pension,employees,f,58,BLR,16
2022,disability.pension,employees,m,29,ARM,53
2022,disability.pension,employees,m,67,BLR,24
2022,disability.pension,employees,m,41,DNK,4
2022,disability.pension,employees,m,56,LTU,11
2022,disability.pension,employees,m,24,KAZ,56
2022,disability.pension,employees,m,31,PRT,12
2022,disability.pension,employees,m,23,UKR,1182
2022,disability.pension,employees,f,49,MNG,4
2022,disability.pension,employees,m,51,MNG,2
2022,disability.pension,employees,m,32,RUS,259
2022,disability.pension,employees,m,28,LVA,10
2022,disability.pension,employees,m,25,RUS,138
2022,disability.pension,employees,m,20,UKR,78
2022,disability.pension,employees,m,47,FRA,35
2022,disability.pension,employees,m,40,VNM,168
2022,disability.pension,employees,m,20,RUS,59
2022,disability.pension,employees,m,49,UKR,1074
2022,disability.pension,employees,f,68,USA,2
2022,disability.pension,employees,f,65,DEU,8
2022,disability.pension,employees,m,32,BGD,127
2022,disability.pension,employees,m,46,BGD,26
2022,disability.pension,employees,m,38,BGD,131
2022,disability.pension,employees,m,54,BGD,4
2022,disability.pension,employees,m,38,BGD,16
2022,disability.pension,employees,m,43,BGD,62
2022,disability.pension,employees,m,26,BGD,136
2022,disability.pension,employees,m,76,RUS,2
2022,disability.pension,employees,m,32,HRV,2
2022,disability.pension,employees,f,21,BLR,124
2022,disability.pension,employees,m,30,PSE,11
2022,disability.pension,employees,f,35,LTU,35
2022,disability.pension,employees,m,36,UKR,171
2022,disability.pension,employees,m,43,ARM,50
2022,disability.pension,employees,m,39,RUS,22
2022,disability.pension,employees,m,26,TUR,320
2022,disability.pension,employees,m,49,LVA,10
2022,disability.pension,employees,m,21,BLR,120
2022,disability.pension,employees,m,43,PNG,1
2022,disability.pension,employees,m,41,GEO,642
2022,disability.pension,employees,m,28,HRV,11
2022,disability.pension,employees,m,70,EST,1
2022,disability.pension,employees,m,49,MDA,221
2022,disability.pension,employees,m,31,CZE,6
2022,disability.pension,employees,m,70,LTU,1
2022,disability.pension,employees,f,26,ISR,4
2022,disability.pension,employees,m,32,ESP,94
2022,disability.pension,employees,f,50,BLR,54
2022,disability.pension,employees,m,4,BLR,2
2022,disability.pension,employees,f,34,RUS,163
2022,disability.pension,employees,m,22,BLR,180
2022,disability.pension,employees,m,54,BLR,76
2022,disability.pension,employees,m,30,AUT,4
2022,disability.pension,employees,f,30,USA,15
2022,disability.pension,employees,m,35,MDA,352
2022,disability.pension,employees,f,62,UKR,1355
2022,disability.pension,employees,f,69,UKR,156
2022,disability.pension,employees,f,55,UKR,920
2022,disability.pension,employees,f,61,UKR,1603
2022,disability.pension,employees,f,66,UKR,413
2022,disability.pension,employees,m,61,BLR,30
2022,disability.pension,employees,m,32,BLR,24
2022,disability.pension,employees,f,50,MDA,100
2022,disability.pension,employees,m,19,GEO,294
2022,disability.pension,employees,m,40,GEO,590
2022,disability.pension,employees,f,34,GEO,118
2022,disability.pension,employees,m,32,GEO,778
2022,disability.pension,employees,m,53,MDA,117
2022,disability.pension,employees,f,53,MDA,66
2022,disability.pension,employees,m,44,BLR,24
2022,disability.pension,employees,m,56,GEO,281
2022,disability.pension,employees,f,37,LTU,25
2022,disability.pension,employees,m,37,RUS,242
2022,disability.pension,employees,m,26,SYR,14
2022,disability.pension,employees,m,51,RUS,119
2022,disability.pension,employees,m,29,BGR,30
2022,disability.pension,employees,m,23,TJK,23
2022,disability.pension,employees,f,24,UKR,1542
2022,disability.pension,employees,m,49,PRT,28
2022,disability.pension,employees,m,36,DEU,43
2022,disability.pension,employees,m,39,ROU,96
2022,disability.pension,employees,m,28,SVK,30
2022,disability.pension,employees,m,31,DEU,6
2022,disability.pension,employees,m,25,BLR,256
2022,disability.pension,employees,f,33,BEL,2
2022,disability.pension,employees,m,30,NPL,163
2022,disability.pension,employees,m,27,IND,692
2022,disability.pension,employees,m,30,MDA,313
2022,disability.pension,employees,m,27,UZB,108
2022,disability.pension,employees,f,49,LTU,15
2022,disability.pension,employees,m,47,UZB,103
2022,disability.pension,employees,m,25,UZB,103
2022,disability.pension,employees,m,49,AZE,17
2022,disability.pension,employees,m,27,TKM,22
2022,disability.pension,employees,m,47,TKM,15
2022,disability.pension,employees,m,55,UKR,524
2022,disability.pension,employees,m,38,TKM,44
2022,disability.pension,employees,m,29,TKM,6
2022,disability.pension,employees,m,30,TKM,78
2022,disability.pension,employees,m,28,TKM,87
2022,disability.pension,employees,m,44,TKM,10
2022,disability.pension,employees,m,21,UZB,71
2022,disability.pension,employees,m,41,TKM,26
2022,disability.pension,employees,m,23,TKM,19
2022,disability.pension,employees,m,42,TKM,22
2022,disability.pension,employees,m,50,TKM,12
2022,disability.pension,employees,m,25,TKM,79
2022,disability.pension,employees,m,27,GEO,686
2022,disability.pension,employees,m,33,TKM,16
2022,disability.pension,employees,m,40,TKM,42
2022,disability.pension,employees,m,24,GEO,582
2022,disability.pension,employees,m,33,TKM,71
2022,disability.pension,employees,m,67,UKR,272
2022,disability.pension,employees,m,22,MDA,288
2022,disability.pension,employees,m,31,LTU,32
2022,disability.pension,employees,f,44,IDN,19
2022,disability.pension,employees,f,35,IDN,26
2022,disability.pension,employees,f,25,IDN,49
2022,disability.pension,employees,m,54,LTU,9
2022,disability.pension,employees,m,69,NOR,3
2022,disability.pension,employees,f,20,BLR,692
2022,disability.pension,employees,f,42,UKR,2100
2022,disability.pension,employees,m,38,VNM,131
2022,disability.pension,employees,m,31,UKR,225
2022,disability.pension,employees,f,53,VNM,44
2022,disability.pension,employees,m,30,RUS,192
2022,disability.pension,employees,m,36,DZA,32
2022,disability.pension,employees,m,28,ESP,4
2022,disability.pension,employees,f,34,RUS,26
2022,disability.pension,employees,m,30,CZE,8
2022,disability.pension,employees,m,26,SLV,1
2022,disability.pension,employees,m,78,BLR,1
2022,disability.pension,employees,m,49,ITA,83
2022,disability.pension,employees,m,31,MDA,289
2022,disability.pension,employees,m,54,MDA,127
2022,disability.pension,employees,m,56,MDA,82
2022,disability.pension,employees,m,50,MDA,201
2022,disability.pension,employees,m,52,MDA,18
2022,disability.pension,employees,m,52,MDA,158
2022,disability.pension,employees,f,23,RUS,85
2022,disability.pension,employees,m,74,BLR,4
2022,disability.pension,employees,m,23,SYR,6
2022,disability.pension,employees,f,35,VNM,96
2022,disability.pension,employees,m,28,VNM,158
2022,disability.pension,employees,m,35,ALB,20
2022,disability.pension,employees,m,56,RUS,82
2022,disability.pension,employees,m,24,USA,13
2022,disability.pension,employees,m,53,BLR,66
2022,disability.pension,employees,m,29,PRT,56
2022,disability.pension,employees,m,31,SVK,39
2022,disability.pension,employees,m,49,SVK,18
2022,disability.pension,employees,f,35,BLR,21
2022,disability.pension,employees,m,46,KAZ,38
2022,disability.pension,employees,m,28,ROU,10
2022,disability.pension,employees,m,38,BRA,35
2022,disability.pension,employees,m,48,HUN,14
2022,disability.pension,employees,m,55,HUN,7
2022,disability.pension,employees,f,74,HUN,5
2022,disability.pension,employees,m,49,LTU,24
2022,disability.pension,employees,m,41,ITA,88
2022,disability.pension,employees,m,43,BLR,8
2022,disability.pension,employees,m,56,GRC,5
2022,disability.pension,employees,m,39,LTU,21
2022,disability.pension,employees,m,31,ISR,7
2022,disability.pension,employees,f,34,SVK,23
2022,disability.pension,employees,m,44,ITA,89
2022,disability.pension,employees,m,55,BEL,11
2022,disability.pension,employees,m,43,TUR,131
2022,disability.pension,employees,f,24,ITA,27
2022,disability.pension,employees,f,33,RUS,178
2022,disability.pension,employees,m,45,DEU,53
2022,disability.pension,employees,f,35,BLR,96
2022,disability.pension,employees,m,21,RUS,12
2022,disability.pension,employees,m,34,AZE,96
2022,disability.pension,employees,f,28,IRL,4
2022,disability.pension,employees,m,54,EGY,8
2022,disability.pension,employees,m,29,ISR,3
2022,disability.pension,employees,f,27,BLR,126
2022,disability.pension,employees,f,40,LVA,2
2022,disability.pension,employees,m,22,ITA,18
2022,disability.pension,employees,f,49,KAZ,11
2022,disability.pension,employees,m,54,ARM,39
2022,disability.pension,employees,f,24,BGD,5
2022,disability.pension,employees,m,38,GBR,58
2022,disability.pension,employees,m,40,USA,2
2022,disability.pension,employees,m,48,GBR,53
2022,disability.pension,employees,f,26,LTU,20
2022,disability.pension,employees,m,33,MEX,44
2022,disability.pension,employees,f,27,MEX,14
2022,disability.pension,employees,m,27,MEX,21
2022,disability.pension,employees,f,29,LVA,10
2022,disability.pension,employees,m,39,BGD,6
2022,disability.pension,employees,f,42,LTU,27
2022,disability.pension,employees,f,21,RUS,70
2022,disability.pension,employees,m,43,LTU,20
2022,disability.pension,employees,f,19,IND,16
2022,disability.pension,employees,f,49,BLR,18
2022,disability.pension,employees,f,21,IND,33
2022,disability.pension,employees,f,31,AUS,1
2022,disability.pension,employees,f,32,IND,157
2022,disability.pension,employees,m,57,BLR,48
2022,disability.pension,employees,f,41,ARM,26
2022,disability.pension,employees,m,22,LTU,18
2022,disability.pension,employees,f,30,BLR,12
2022,disability.pension,employees,m,50,LVA,13
2022,disability.pension,employees,f,52,CZE,9
2022,disability.pension,employees,m,20,BGD,16
2022,disability.pension,employees,m,29,BGD,3
2022,disability.pension,employees,f,19,BLR,48
2022,disability.pension,employees,m,29,BLR,214
2022,disability.pension,employees,m,40,MEX,4
2022,disability.pension,employees,f,43,IDN,25
2022,disability.pension,employees,f,26,IDN,56
2022,disability.pension,employees,f,39,IDN,23
2022,disability.pension,employees,f,44,UKR,273
2022,disability.pension,employees,m,19,IND,27
2022,disability.pension,employees,f,20,GEO,50
2022,disability.pension,employees,m,20,BLR,100
2022,disability.pension,employees,f,31,BLR,82
2022,disability.pension,employees,m,20,MAR,8
2022,disability.pension,employees,f,42,THA,16
2022,disability.pension,employees,m,38,UKR,6
2022,disability.pension,employees,m,19,EGY,5
2022,disability.pension,employees,m,37,IRN,19
2022,disability.pension,employees,f,25,ARM,18
2022,disability.pension,employees,m,38,MKD,3
2022,disability.pension,employees,m,26,ESP,82
2022,disability.pension,employees,f,32,RUS,175
2022,disability.pension,employees,m,35,ESP,105
2022,disability.pension,employees,m,19,RUS,41
2022,disability.pension,employees,m,21,SAU,2
2022,disability.pension,employees,m,30,ITA,134
2022,disability.pension,employees,f,40,BLR,78
2022,disability.pension,employees,f,20,ZWE,27
2022,disability.pension,employees,f,28,BLR,118
2022,disability.pension,employees,m,43,UKR,144
2022,disability.pension,employees,f,52,THA,11
2022,disability.pension,employees,f,44,THA,23
2022,disability.pension,employees,m,0,IND,6
2022,disability.pension,employees,m,22,IND,159
2022,disability.pension,employees,m,34,IND,112
2022,disability.pension,employees,m,62,LTU,7
2022,disability.pension,employees,m,22,VNM,85
2022,disability.pension,employees,m,59,ARM,28
2022,disability.pension,employees,m,53,UZB,49
2022,disability.pension,employees,f,33,BEL,2
2022,disability.pension,employees,f,20,BLR,68
2022,disability.pension,employees,f,24,KAZ,40
2022,disability.pension,employees,f,42,RUS,104
2022,disability.pension,employees,m,20,CAN,2
2022,disability.pension,employees,m,28,MAR,12
2022,disability.pension,employees,m,70,DEU,27
2022,disability.pension,employees,m,31,DEU,58
2022,disability.pension,employees,f,33,ESP,13
2022,disability.pension,employees,f,34,ESP,27
2022,disability.pension,employees,m,48,MYS,2
2022,disability.pension,employees,m,40,DZA,16
2022,disability.pension,employees,f,20,MRT,1
2022,disability.pension,employees,f,21,MRT,1
2022,disability.pension,employees,f,40,RUS,126
2022,disability.pension,employees,f,22,ALB,1
2022,disability.pension,employees,m,30,TUR,24
2022,disability.pension,employees,m,59,BLR,30
2022,disability.pension,employees,m,44,DEU,66
2022,disability.pension,employees,m,35,GRC,22
2022,disability.pension,employees,f,17,EGY,1
2022,disability.pension,employees,f,55,HUN,7
2022,disability.pension,employees,m,42,SVK,37
2022,disability.pension,employees,f,25,VNM,70
2022,disability.pension,employees,m,25,AZE,162
2022,disability.pension,employees,m,24,DZA,20
2022,disability.pension,employees,m,23,DZA,21
2022,disability.pension,employees,f,18,IND,6
2022,disability.pension,employees,m,34,EGY,92
2022,disability.pension,employees,m,51,IND,40
2022,disability.pension,employees,m,27,TUR,314
2022,disability.pension,employees,f,23,TUR,38
2022,disability.pension,employees,f,51,BLR,64
2022,disability.pension,employees,m,23,TUR,153
2022,disability.pension,employees,m,18,IND,6
2022,disability.pension,employees,f,47,UKR,2000
2022,disability.pension,employees,f,53,GEO,101
2022,disability.pension,employees,f,36,GEO,155
2022,disability.pension,employees,m,72,ITA,9
2022,disability.pension,employees,m,44,SVK,29
2022,disability.pension,employees,m,43,UKR,1346
2022,disability.pension,employees,m,54,GEO,339
2022,disability.pension,employees,m,33,GEO,739
2022,disability.pension,employees,f,44,GEO,166
2022,disability.pension,employees,m,59,GEO,185
2022,disability.pension,employees,m,42,ITA,99
2022,disability.pension,employees,f,15,UKR,437
2022,disability.pension,employees,m,41,NLD,22
2022,disability.pension,employees,m,57,UKR,402
2022,disability.pension,employees,m,63,ITA,29
2022,disability.pension,employees,m,4,UKR,10
2022,disability.pension,employees,m,41,HRV,9
2022,disability.pension,employees,m,41,ROU,128
2022,disability.pension,employees,m,43,GBR,16
2022,disability.pension,employees,m,74,USA,5
2022,disability.pension,employees,f,47,CHN,33
2022,disability.pension,employees,m,40,IRQ,5
2022,disability.pension,employees,m,48,BEL,8
2022,disability.pension,employees,m,29,SVK,21
2022,disability.pension,employees,m,50,ITA,73
2022,disability.pension,employees,m,23,GEO,517
2022,disability.pension,employees,f,63,UKR,166
2022,disability.pension,employees,m,59,TUR,27
2022,disability.pension,employees,m,46,TUR,108
2022,disability.pension,employees,m,41,TUR,155
2022,disability.pension,employees,f,59,UKR,530
2022,disability.pension,employees,m,64,RUS,28
2022,disability.pension,employees,f,30,SVK,4
2022,disability.pension,employees,m,60,UKR,348
2022,disability.pension,employees,f,49,MDA,10
2022,disability.pension,employees,m,66,DEU,36
2022,disability.pension,employees,m,54,CZE,14
2022,disability.pension,employees,m,51,CZE,25
2022,disability.pension,employees,f,43,BOL,2
2022,disability.pension,employees,f,27,RUS,165
2022,disability.pension,employees,m,30,ROU,108
2022,disability.pension,employees,f,47,CZE,13
2022,disability.pension,employees,f,33,CZE,17
2022,disability.pension,employees,m,41,ITA,16
2022,disability.pension,employees,m,68,UKR,202
2022,disability.pension,employees,m,43,GEO,106
2022,disability.pension,employees,m,47,ARM,45
2022,disability.pension,employees,f,45,ARM,25
2022,disability.pension,employees,f,25,UKR,156
2022,disability.pension,employees,f,30,CZE,2
2022,disability.pension,employees,f,45,LTU,19
2022,disability.pension,employees,f,29,GEO,130
2022,disability.pension,employees,m,28,MEX,23
2022,disability.pension,employees,f,46,ESP,8
2022,disability.pension,employees,f,58,UKR,540
2022,disability.pension,employees,m,62,NLD,6
2022,disability.pension,employees,f,31,RUS,183
2022,disability.pension,employees,m,27,EGY,54
2022,disability.pension,employees,m,62,TUR,14
2022,disability.pension,employees,m,54,ITA,60
2022,disability.pension,employees,f,42,SVK,21
2022,disability.pension,employees,m,17,CZE,1
2022,disability.pension,employees,f,56,CZE,5
2022,disability.pension,employees,m,39,UZB,2
2022,disability.pension,employees,m,44,ALB,6
2022,disability.pension,employees,m,55,ITA,48
2022,disability.pension,employees,f,35,THA,3
2022,disability.pension,employees,m,66,ITA,20
2022,disability.pension,employees,m,36,GEO,128
2022,disability.pension,employees,m,33,ITA,138
2022,disability.pension,employees,m,42,GBR,10
2022,disability.pension,employees,m,61,DEU,51
2022,disability.pension,employees,f,29,UKR,207
2022,disability.pension,employees,f,27,THA,17
2022,disability.pension,employees,m,34,AFG,10
2022,disability.pension,employees,m,42,ROU,96
2022,disability.pension,employees,m,55,GBR,41
2022,disability.pension,employees,m,60,DEU,58
2022,disability.pension,employees,m,38,CZE,25
2022,disability.pension,employees,m,27,CZE,22
2022,disability.pension,employees,m,29,CZE,22
2022,disability.pension,employees,m,48,ESP,30
2022,disability.pension,employees,m,40,CZE,29
2022,disability.pension,employees,m,56,NPL,2
2022,disability.pension,employees,m,54,CZE,2
2022,disability.pension,employees,m,40,FRA,50
2022,disability.pension,employees,f,27,ALB,7
2022,disability.pension,employees,m,37,ROU,18
2022,disability.pension,employees,f,56,RUS,57
2022,disability.pension,employees,f,30,IDN,44
2022,disability.pension,employees,f,34,IDN,24
2022,disability.pension,employees,m,30,DEU,48
2022,disability.pension,employees,m,75,ITA,4
2022,disability.pension,employees,m,31,MEX,42
2022,disability.pension,employees,m,39,ESP,62
2022,disability.pension,employees,m,36,TUN,37
2022,disability.pension,employees,m,49,FRA,41
2022,disability.pension,employees,m,67,GBR,7
2022,disability.pension,employees,m,34,ITA,163
2022,disability.pension,employees,m,25,MAR,6
2022,disability.pension,employees,m,51,AUT,6
2022,disability.pension,employees,m,37,EGY,58
2022,disability.pension,employees,m,45,GBR,47
2022,disability.pension,employees,m,56,ITA,44
2022,disability.pension,employees,f,44,RUS,119
2022,disability.pension,employees,m,46,USA,6
2022,disability.pension,employees,m,39,TUR,174
2022,disability.pension,employees,m,47,TUR,114
2022,disability.pension,employees,m,33,TUR,243
2022,disability.pension,employees,m,21,TUR,78
2022,disability.pension,employees,f,32,TUR,41
2022,disability.pension,employees,m,55,NGA,3
2022,disability.pension,employees,m,42,MDA,267
2022,disability.pension,employees,m,46,MDA,261
2022,disability.pension,employees,m,55,UKR,51
2022,disability.pension,employees,m,27,UKR,14
2022,disability.pension,employees,m,47,CAN,7
2022,disability.pension,employees,m,59,ITA,3
2022,disability.pension,employees,m,59,ITA,36
2022,disability.pension,employees,f,50,ARM,23
2022,disability.pension,employees,m,25,TUR,260
2022,disability.pension,employees,m,30,TUR,294
2022,disability.pension,employees,m,64,MDA,16
2022,disability.pension,employees,f,19,CZE,3
2022,disability.pension,employees,m,35,ARM,49
2022,disability.pension,employees,m,64,AUT,3
2022,disability.pension,employees,m,52,ROU,12
2022,disability.pension,employees,m,48,DZA,5
2022,disability.pension,employees,m,30,SVK,42
2022,disability.pension,employees,m,53,BGR,31
2022,disability.pension,employees,m,29,CZE,6
2022,disability.pension,employees,f,43,HUN,5
2022,disability.pension,employees,m,31,RUS,209
2022,disability.pension,employees,f,56,UKR,884
2022,disability.pension,employees,m,57,ITA,14
2022,disability.pension,employees,m,62,CZE,4
2022,disability.pension,employees,m,49,CZE,29
2022,disability.pension,employees,f,19,UKR,954
2022,disability.pension,employees,m,51,ITA,65
2022,disability.pension,employees,m,40,CHN,68
2022,disability.pension,employees,m,59,DEU,6
2022,disability.pension,employees,f,33,TUN,2
2022,disability.pension,employees,m,41,LTU,26
2022,disability.pension,employees,f,42,ARM,4
2022,disability.pension,employees,m,52,GEO,70
2022,disability.pension,employees,f,25,MEX,11
2022,disability.pension,employees,m,40,CUB,12
2022,disability.pension,employees,m,55,USA,16
2022,disability.pension,employees,f,45,ESP,11
2022,disability.pension,employees,m,59,LTU,14
2022,disability.pension,employees,f,21,RUS,6
2022,disability.pension,employees,m,35,ROU,119
2022,disability.pension,employees,m,33,ROU,111
2022,disability.pension,employees,m,24,ROU,66
2022,disability.pension,employees,m,44,ROU,98
2022,disability.pension,employees,f,41,CZE,9
2022,disability.pension,employees,f,33,NPL,20
2022,disability.pension,employees,m,26,NPL,175
2022,disability.pension,employees,m,24,NPL,96
2022,disability.pension,employees,m,33,NPL,110
2022,disability.pension,employees,m,40,NPL,49
2022,disability.pension,employees,m,31,NPL,135
2022,disability.pension,employees,m,43,GBR,54
2022,disability.pension,employees,m,71,ITA,9
2022,disability.pension,employees,m,36,USA,24
2022,disability.pension,employees,m,74,GBR,8
2022,disability.pension,employees,m,34,ALB,15
2022,disability.pension,employees,f,57,CZE,5
2022,disability.pension,employees,f,42,ARM,21
2022,disability.pension,employees,f,26,UKR,267
2022,disability.pension,employees,m,56,ROU,33
2022,disability.pension,employees,m,31,ITA,141
2022,disability.pension,employees,m,47,CZE,18
2022,disability.pension,employees,m,33,DEU,49
2022,disability.pension,employees,f,59,HUN,3
2022,disability.pension,employees,f,34,MNG,8
2022,disability.pension,employees,m,42,CZE,6
2022,disability.pension,employees,m,53,CZE,7
2022,disability.pension,employees,m,52,ITA,56
2022,disability.pension,employees,m,31,SVK,2
2022,disability.pension,employees,m,40,RUS,16
2022,disability.pension,employees,f,44,CZE,9
2022,disability.pension,employees,f,59,CZE,5
2022,disability.pension,employees,m,61,CZE,5
2022,disability.pension,employees,f,41,PHL,120
2022,disability.pension,employees,m,55,IRL,5
2022,disability.pension,employees,f,48,CZE,14
2022,disability.pension,employees,m,35,CZE,20
2022,disability.pension,employees,m,37,SVK,41
2022,disability.pension,employees,f,64,CZE,4
2022,disability.pension,employees,f,33,UKR,64
2022,disability.pension,employees,f,26,RUS,165
2022,disability.pension,employees,m,36,ROU,106
2022,disability.pension,employees,m,38,USA,33
2022,disability.pension,employees,m,44,TUR,152
2022,disability.pension,employees,f,28,USA,15
2022,disability.pension,employees,m,76,GBR,2
2022,disability.pension,employees,m,68,AUT,4
2022,disability.pension,employees,m,32,DEU,57
2022,disability.pension,employees,m,48,ITA,14
2022,disability.pension,employees,m,43,DZA,11
2022,disability.pension,employees,m,38,NLD,26
2022,disability.pension,employees,m,43,ESP,46
2022,disability.pension,employees,m,42,ZAF,4
2022,disability.pension,employees,m,32,SVK,42
2022,disability.pension,employees,f,22,GEO,67
2022,disability.pension,employees,m,28,ITA,142
2022,disability.pension,employees,m,62,ESP,5
2022,disability.pension,employees,m,32,CZE,28
2022,disability.pension,employees,f,30,ARM,19
2022,disability.pension,employees,m,63,BGR,18
2022,disability.pension,employees,m,42,RUS,160
2022,disability.pension,employees,m,31,UKR,4
2022,disability.pension,employees,m,37,MDA,342
2022,disability.pension,employees,f,40,MDA,107
2022,disability.pension,employees,m,51,MDA,177
2022,disability.pension,employees,m,40,MDA,12
2022,disability.pension,employees,m,48,MDA,243
2022,disability.pension,employees,f,42,MDA,109
2022,disability.pension,employees,m,39,GEO,96
2022,disability.pension,employees,f,47,MDA,121
2022,disability.pension,employees,f,44,MDA,118
2022,disability.pension,employees,m,64,GEO,46
2022,disability.pension,employees,m,29,MDA,3
2022,disability.pension,employees,f,43,MDA,139
2022,disability.pension,employees,m,26,GEO,15
2022,disability.pension,employees,f,37,MDA,106
2022,disability.pension,employees,f,38,MDA,20
2022,disability.pension,employees,m,33,MDA,26
2022,disability.pension,employees,m,23,GEO,70
2022,disability.pension,employees,m,41,UKR,159
2022,disability.pension,employees,m,28,MDA,329
2022,disability.pension,employees,m,18,MDA,79
2022,disability.pension,employees,m,19,MDA,138
2022,disability.pension,employees,m,68,USA,9
2022,disability.pension,employees,m,28,BRA,35
2022,disability.pension,employees,m,46,ESP,39
2022,disability.pension,employees,m,51,GBR,54
2022,disability.pension,employees,m,71,DEU,18
2022,disability.pension,employees,f,20,CYP,1
2022,disability.pension,employees,f,42,CHN,40
2022,disability.pension,employees,f,29,SVK,26
2022,disability.pension,employees,m,31,AUS,2
2022,disability.pension,employees,m,49,HUN,11
2022,disability.pension,employees,f,32,DEU,22
2022,disability.pension,employees,m,32,EGY,59
2022,disability.pension,employees,m,27,ROU,4
2022,disability.pension,employees,m,26,EST,4
2022,disability.pension,employees,f,24,CZE,11
2022,disability.pension,employees,m,61,UKR,274
2022,disability.pension,employees,m,37,BEL,7
2022,disability.pension,employees,m,39,FRA,62
2022,disability.pension,employees,m,27,DNK,7
2022,disability.pension,employees,m,78,ITA,7
2022,disability.pension,employees,m,37,NPL,89
2022,disability.pension,employees,m,25,BGR,17
2022,disability.pension,employees,m,44,MDA,2
2022,disability.pension,employees,m,20,MDA,221
2022,disability.pension,employees,m,40,AFG,6
2022,disability.pension,employees,m,28,AFG,24
2022,disability.pension,employees,m,24,TUR,183
2022,disability.pension,employees,m,26,USA,17
2022,disability.pension,employees,m,34,TUR,210
2022,disability.pension,employees,m,22,USA,3
2022,disability.pension,employees,f,29,UGA,3
2022,disability.pension,employees,m,39,CZE,22
2022,disability.pension,employees,f,62,BLR,43
2022,disability.pension,employees,m,52,SVN,2
2022,disability.pension,employees,m,29,LVA,21
2022,disability.pension,employees,f,41,HRV,1
2022,disability.pension,employees,m,35,SVK,29
2022,disability.pension,employees,m,68,CAN,1
2022,disability.pension,employees,f,42,GBR,7
2022,disability.pension,employees,m,57,CZE,10
2022,disability.pension,employees,f,39,MDA,127
2022,disability.pension,employees,m,63,UKR,154
2022,disability.pension,employees,m,48,ITA,89
2022,disability.pension,employees,m,3,UKR,6
2022,disability.pension,employees,m,49,ALB,3
2022,disability.pension,employees,m,66,FRA,5
2022,disability.pension,employees,m,44,EGY,21
2022,disability.pension,employees,m,31,ARM,53
2022,disability.pension,employees,m,38,EGY,50
2022,disability.pension,employees,m,52,YEM,2
2022,disability.pension,employees,m,29,TUR,303
2022,disability.pension,employees,m,20,USA,2
2022,disability.pension,employees,f,28,LTU,4
2022,disability.pension,employees,m,58,UKR,342
2022,disability.pension,employees,m,34,UKR,165
2022,disability.pension,employees,m,65,UKR,96
2022,disability.pension,employees,m,66,UKR,62
2022,disability.pension,employees,m,33,UKR,159
2022,disability.pension,employees,m,42,UKR,174
2022,disability.pension,employees,m,45,UKR,126
2022,disability.pension,employees,m,42,AZE,42
2022,disability.pension,employees,f,28,AZE,44
2022,disability.pension,employees,m,67,NLD,6
2022,disability.pension,employees,m,37,AGO,2
2022,disability.pension,employees,m,31,AGO,3
2022,disability.pension,employees,m,32,AGO,7
2022,disability.pension,employees,m,29,AGO,7
2022,disability.pension,employees,f,31,PHL,94
2022,disability.pension,employees,m,41,PAK,17
2022,disability.pension,employees,m,35,PAK,40
2022,disability.pension,employees,m,50,UKR,138
2022,disability.pension,employees,m,33,GHA,5
2022,disability.pension,employees,f,35,PHL,22
2022,disability.pension,employees,m,35,UKR,207
2022,disability.pension,employees,f,33,IRN,20
2022,disability.pension,employees,m,51,DZA,5
2022,disability.pension,employees,m,50,AUT,4
2022,disability.pension,employees,m,67,RUS,10
2022,disability.pension,employees,m,37,ITA,18
2022,disability.pension,employees,m,25,USA,28
2022,disability.pension,employees,m,22,TUR,111
2022,disability.pension,employees,f,63,BLR,23
2022,disability.pension,employees,m,34,USA,33
2022,disability.pension,employees,f,49,ARM,26
2022,disability.pension,employees,m,45,UZB,138
2022,disability.pension,employees,m,23,ITA,37
2022,disability.pension,employees,m,24,AUT,5
2022,disability.pension,employees,m,31,PAK,43
2022,disability.pension,employees,f,20,UKR,1068
2022,disability.pension,employees,m,46,PRT,25
2022,disability.pension,employees,f,52,IDN,4
2022,disability.pension,employees,m,37,MAR,13
2022,disability.pension,employees,m,52,BEL,7
2022,disability.pension,employees,m,37,IRQ,9
2022,disability.pension,employees,m,59,UKR,250
2022,disability.pension,employees,m,39,PRT,54
2022,disability.pension,employees,f,34,LVA,9
2022,disability.pension,employees,m,25,CZE,13
2022,disability.pension,employees,m,25,GEO,116
2022,disability.pension,employees,m,26,BLR,8
2022,disability.pension,employees,m,29,UZB,24
2022,disability.pension,employees,m,28,UZB,18
2022,disability.pension,employees,m,33,UZB,156
2022,disability.pension,employees,m,32,UZB,139
2022,disability.pension,employees,m,39,AZE,55
2022,disability.pension,employees,m,43,AZE,33
2022,disability.pension,employees,m,40,AZE,63
2022,disability.pension,employees,m,33,AZE,84
2022,disability.pension,employees,m,25,LKA,4
2022,disability.pension,employees,f,30,RUS,144
2022,disability.pension,employees,f,39,KAZ,22
2022,disability.pension,employees,m,40,KGZ,58
2022,disability.pension,employees,m,39,KGZ,51
2022,disability.pension,employees,m,34,KGZ,46
2022,disability.pension,employees,m,64,VNM,30
2022,disability.pension,employees,m,55,GEO,62
2022,disability.pension,employees,f,38,UKR,219
2022,disability.pension,employees,f,23,UKR,168
2022,disability.pension,employees,m,77,FRA,3
2022,disability.pension,employees,f,43,GEO,177
2022,disability.pension,employees,m,44,UZB,131
2022,disability.pension,employees,m,46,GEO,94
2022,disability.pension,employees,m,56,UZB,2
2022,disability.pension,employees,m,44,GEO,102
2022,disability.pension,employees,m,24,GEO,84
2022,disability.pension,employees,m,21,GEO,74
2022,disability.pension,employees,m,27,MAR,44
2022,disability.pension,employees,m,28,MAR,57
2022,disability.pension,employees,f,31,UZB,11
2022,disability.pension,employees,m,24,UZB,90
2022,disability.pension,employees,f,32,UKR,2
2022,disability.pension,employees,m,25,IND,443
2022,disability.pension,employees,f,37,ARM,21
2022,disability.pension,employees,m,56,UKR,54
2022,disability.pension,employees,m,38,UZB,9
2022,disability.pension,employees,m,35,UZB,161
2022,disability.pension,employees,m,35,BLR,12
2022,disability.pension,employees,m,45,KGZ,29
2022,disability.pension,employees,m,39,KGZ,12
2022,disability.pension,employees,m,41,KGZ,12
2022,disability.pension,employees,m,42,KGZ,26
2022,disability.pension,employees,m,37,KGZ,12
2022,disability.pension,employees,m,22,UZB,86
2022,disability.pension,employees,f,62,AUT,2
2022,disability.pension,employees,m,55,AZE,11
2022,disability.pension,employees,m,29,RUS,24
2022,disability.pension,employees,m,48,PRT,19
2022,disability.pension,employees,f,60,UKR,75
2022,disability.pension,employees,m,36,NPL,100
2022,disability.pension,employees,f,59,UKR,4
2022,disability.pension,employees,f,60,BLR,10
2022,disability.pension,employees,m,24,NLD,7
2022,disability.pension,employees,m,39,DEU,46
2022,disability.pension,employees,f,46,CZE,11
2022,disability.pension,employees,m,47,KAZ,37
2022,disability.pension,employees,m,36,IRN,21
2022,disability.pension,employees,m,24,UKR,165
2022,disability.pension,employees,m,71,FRA,4
2022,disability.pension,employees,m,27,AZE,178
2022,disability.pension,employees,m,52,PSE,2
2022,disability.pension,employees,f,42,UKR,237
2022,disability.pension,employees,f,41,ITA,2
2022,disability.pension,employees,m,39,UZB,161
2022,disability.pension,employees,f,67,ARM,8
2022,disability.pension,employees,f,64,ARM,9
2022,disability.pension,employees,m,65,TZA,1
2022,disability.pension,employees,m,38,ARM,6
2022,disability.pension,employees,f,18,UKR,608
2022,disability.pension,employees,m,53,DZA,7
2022,disability.pension,employees,f,43,UKR,270
2022,disability.pension,employees,m,55,YEM,5
2022,disability.pension,employees,f,25,CUB,3
2022,disability.pension,employees,m,30,TUN,28
2022,disability.pension,employees,m,60,BGR,25
2022,disability.pension,employees,f,48,UKR,40
2022,disability.pension,employees,f,51,BLR,6
2022,disability.pension,employees,m,29,LKA,7
2022,disability.pension,employees,m,27,LKA,5
2022,disability.pension,employees,m,31,LKA,14
2022,disability.pension,employees,m,36,UZB,2
2022,disability.pension,employees,m,40,UZB,165
2022,disability.pension,employees,m,42,PAK,22
2022,disability.pension,employees,m,37,TJK,25
2022,disability.pension,employees,f,39,LTU,21
2022,disability.pension,employees,m,47,VNM,87
2022,disability.pension,employees,m,25,VNM,111
2022,disability.pension,employees,m,63,AGO,1
2022,disability.pension,employees,m,29,MMR,1
2022,disability.pension,employees,m,33,LVA,22
2022,disability.pension,employees,m,35,AZE,63
2022,disability.pension,employees,m,52,AZE,23
2022,disability.pension,employees,m,40,RUS,183
2022,disability.pension,employees,f,21,MDA,94
2022,disability.pension,employees,m,54,AZE,15
2022,disability.pension,employees,f,48,MDA,89
2022,disability.pension,employees,f,29,MDA,116
2022,disability.pension,employees,m,36,AZE,58
2022,disability.pension,employees,f,23,MDA,129
2022,disability.pension,employees,m,29,AZE,132
2022,disability.pension,employees,m,32,AZE,95
2022,disability.pension,employees,m,26,AZE,186
2022,disability.pension,employees,m,37,AZE,67
2022,disability.pension,employees,m,38,AZE,60
2022,disability.pension,employees,m,20,UKR,724
2022,disability.pension,employees,f,28,JPN,8
2022,disability.pension,employees,m,51,JOR,5
2022,disability.pension,employees,f,38,UKR,2
2022,disability.pension,employees,m,36,SVK,23
2022,disability.pension,employees,m,37,TUN,38
2022,disability.pension,employees,f,59,BGR,12
2022,disability.pension,employees,f,25,MDA,119
2022,disability.pension,employees,m,63,MLI,1
2022,disability.pension,employees,m,34,UKR,2
2022,disability.pension,employees,f,30,NPL,36
2022,disability.pension,employees,m,28,PRT,6
2022,disability.pension,employees,f,40,DEU,28
2022,disability.pension,employees,m,60,LTU,12
2022,disability.pension,employees,m,71,BGR,4
2022,disability.pension,employees,m,31,UZB,140
2022,disability.pension,employees,f,60,ARM,12
2022,disability.pension,employees,m,41,BGR,47
2022,disability.pension,employees,m,48,ARM,50
2022,disability.pension,employees,f,64,ARM,4
2022,disability.pension,employees,f,58,USA,2
2022,disability.pension,employees,m,22,ARM,20
2022,disability.pension,employees,m,51,ARM,42
2022,disability.pension,employees,m,50,ARM,28
2022,disability.pension,employees,m,51,KGZ,18
2022,disability.pension,employees,m,56,KGZ,7
2022,disability.pension,employees,m,35,KGZ,60
2022,disability.pension,employees,m,28,KGZ,32
2022,disability.pension,employees,m,52,RUS,2
2022,disability.pension,employees,m,47,AUS,2
2022,disability.pension,employees,m,50,HUN,14
2022,disability.pension,employees,m,35,ESP,2
2022,disability.pension,employees,m,28,USA,6
2022,disability.pension,employees,m,31,MEX,4
2022,disability.pension,employees,f,26,COL,36
2022,disability.pension,employees,m,33,LTU,33
2022,disability.pension,employees,m,34,GEO,126
2022,disability.pension,employees,m,25,RWA,6
2022,disability.pension,employees,m,60,GBR,48
2022,disability.pension,employees,m,58,NLD,19
2022,disability.pension,employees,m,54,BGR,23
2022,disability.pension,employees,m,60,ARM,17
2022,disability.pension,employees,f,51,ARM,22
2022,disability.pension,employees,m,67,DEU,33
2022,disability.pension,employees,m,33,BGR,42
2022,disability.pension,employees,m,43,PAK,17
2022,disability.pension,employees,m,54,VEN,1
2022,disability.pension,employees,m,63,ARM,14
2022,disability.pension,employees,m,38,ARM,54
2022,disability.pension,employees,m,44,RUS,170
2022,disability.pension,employees,m,62,GEO,92
2022,disability.pension,employees,f,35,ARM,30
2022,disability.pension,employees,f,43,ZMB,2
2022,disability.pension,employees,m,40,MAR,13
2022,disability.pension,employees,f,34,ARM,11
2022,disability.pension,employees,f,28,ARM,19
2022,disability.pension,employees,m,54,SWE,5
2022,disability.pension,employees,m,81,NLD,2
2022,disability.pension,employees,f,17,THA,4
2022,disability.pension,employees,m,35,LTU,30
2022,disability.pension,employees,m,30,ARM,66
2022,disability.pension,employees,f,45,GEO,175
2022,disability.pension,employees,m,23,RUS,20
2022,disability.pension,employees,f,26,ZWE,6
2022,disability.pension,employees,m,64,IRQ,2
2022,disability.pension,employees,m,65,MAR,1
2022,disability.pension,employees,m,46,DZA,13
2022,disability.pension,employees,m,43,DZA,2
2022,disability.pension,employees,m,28,TUN,27
2022,disability.pension,employees,m,42,DZA,14
2022,disability.pension,employees,m,43,EGY,33
2022,disability.pension,employees,m,55,DZA,5
2022,disability.pension,employees,m,45,DZA,10
2022,disability.pension,employees,m,30,DZA,44
2022,disability.pension,employees,m,51,EGY,3
2022,disability.pension,employees,m,29,MAR,49
2022,disability.pension,employees,m,40,ARM,55
2022,disability.pension,employees,m,50,ESP,12
2022,disability.pension,employees,f,33,LTU,32
2022,disability.pension,employees,f,55,GEO,80
2022,disability.pension,employees,m,51,GEO,94
2022,disability.pension,employees,m,29,GEO,100
2022,disability.pension,employees,m,20,GEO,349
2022,disability.pension,employees,m,37,NGA,32
2022,disability.pension,employees,m,27,IND,172
2022,disability.pension,employees,m,50,TUR,4
2022,disability.pension,employees,m,53,TUR,64
2022,disability.pension,employees,m,31,TUR,275
2022,disability.pension,employees,m,36,TUR,211
2022,disability.pension,employees,m,40,TUR,196
2022,disability.pension,employees,m,44,BGR,30
2022,disability.pension,employees,m,45,ARM,45
2022,disability.pension,employees,m,24,ARM,30
2022,disability.pension,employees,m,43,BGR,46
2022,disability.pension,employees,f,46,GEO,165
2022,disability.pension,employees,m,39,BGR,38
2022,disability.pension,employees,f,52,BGR,13
2022,disability.pension,employees,m,32,BGR,30
2022,disability.pension,employees,f,54,CZE,7
2022,disability.pension,employees,m,64,NGA,2
2022,disability.pension,employees,f,36,VNM,78
2022,disability.pension,employees,f,42,VNM,65
2022,disability.pension,employees,m,46,VNM,118
2022,disability.pension,employees,m,45,VNM,95
2022,disability.pension,employees,f,52,GEO,102
2022,disability.pension,employees,m,52,DEU,53
2022,disability.pension,employees,m,53,FRA,28
2022,disability.pension,employees,m,44,UKR,8
2022,disability.pension,employees,m,39,SVK,31
2022,disability.pension,employees,m,46,KGZ,21
2022,disability.pension,employees,m,41,KGZ,43
2022,disability.pension,employees,f,57,ARM,9
2022,disability.pension,employees,m,73,FRA,7
2022,disability.pension,employees,f,56,USA,4
2022,disability.pension,employees,m,49,DNK,2
2022,disability.pension,employees,m,37,KGZ,43
2022,disability.pension,employees,m,29,KGZ,31
2022,disability.pension,employees,m,23,KGZ,22
2022,disability.pension,employees,m,27,KGZ,21
2022,disability.pension,employees,m,51,CHN,38
2022,disability.pension,employees,m,41,CZE,31
2022,disability.pension,employees,m,2,UKR,20
2022,disability.pension,employees,m,37,ARM,57
2022,disability.pension,employees,m,34,ARM,55
2022,disability.pension,employees,m,24,TKM,84
2022,disability.pension,employees,m,26,BGR,16
2022,disability.pension,employees,f,57,UKR,75
2022,disability.pension,employees,f,3,UKR,5
2022,disability.pension,employees,f,55,UKR,132
2022,disability.pension,employees,f,31,UKR,219
2022,disability.pension,employees,f,35,UKR,225
2022,disability.pension,employees,m,48,UKR,132
2022,disability.pension,employees,f,41,UKR,228
2022,disability.pension,employees,m,44,MDA,3
2022,disability.pension,employees,f,39,MDA,3
2022,disability.pension,employees,f,31,GEO,24
2022,disability.pension,employees,f,22,UKR,159
2022,disability.pension,employees,f,22,MDA,14
2022,disability.pension,employees,f,54,UKR,1066
2022,disability.pension,employees,m,25,UKR,159
2022,disability.pension,employees,m,19,UKR,69
2022,disability.pension,employees,m,54,MDA,18
2022,disability.pension,employees,f,42,MDA,24
2022,disability.pension,employees,f,50,UKR,243
2022,disability.pension,employees,f,56,UKR,117
2022,disability.pension,employees,f,44,UKR,32
2022,disability.pension,employees,m,18,UKR,93
2022,disability.pension,employees,m,29,MDA,54
2022,disability.pension,employees,f,39,UKR,240
2022,disability.pension,employees,m,43,SYR,11
2022,disability.pension,employees,m,57,BGR,8
2022,disability.pension,employees,f,51,BGR,9
2022,disability.pension,employees,m,28,RUS,193
2022,disability.pension,employees,m,41,BRA,28
2022,disability.pension,employees,f,25,RUS,127
2022,disability.pension,employees,f,47,FRA,9
2022,disability.pension,employees,f,47,ARM,20
2022,disability.pension,employees,m,23,ARM,32
2022,disability.pension,employees,f,34,UKR,4
2022,disability.pension,employees,f,61,DEU,4
2022,disability.pension,employees,f,29,RUS,161
2022,disability.pension,employees,m,56,EGY,3
2022,disability.pension,employees,m,23,EGY,12
2022,disability.pension,employees,m,45,UKR,2
2022,disability.pension,employees,m,29,UKR,219
2022,disability.pension,employees,f,19,RUS,57
2022,disability.pension,employees,f,46,VNM,73
2022,disability.pension,employees,m,49,VNM,89
2022,disability.pension,employees,m,51,VNM,82
2022,disability.pension,employees,m,41,VNM,125
2022,disability.pension,employees,m,44,ESP,44
2022,disability.pension,employees,m,45,MDA,36
2022,disability.pension,employees,f,41,MDA,109
2022,disability.pension,employees,m,56,FRA,6
2022,disability.pension,employees,f,38,ZWE,21
2022,disability.pension,employees,f,32,SVK,4
2022,disability.pension,employees,m,35,KAZ,50
2022,disability.pension,employees,m,34,ROU,133
2022,disability.pension,employees,m,29,ROU,125
2022,disability.pension,employees,m,51,ROU,70
2022,disability.pension,employees,m,52,ROU,73
2022,disability.pension,employees,m,25,ROU,91
2022,disability.pension,employees,f,45,MDA,16
2022,disability.pension,employees,f,36,IND,116
2022,disability.pension,employees,f,48,IND,13
2022,disability.pension,employees,m,48,ALB,11
2022,disability.pension,employees,f,63,IND,1
2022,disability.pension,employees,m,65,DEU,40
2022,disability.pension,employees,m,66,SWE,4
2022,disability.pension,employees,f,31,SWE,6
2022,disability.pension,employees,m,25,NPL,161
2022,disability.pension,employees,f,38,PHL,145
2022,disability.pension,employees,f,39,PHL,141
2022,disability.pension,employees,m,38,DNK,2
2022,disability.pension,employees,m,33,VNM,147
2022,disability.pension,employees,m,21,KOR,2
2022,disability.pension,employees,m,35,IND,567
2022,disability.pension,employees,m,23,IND,235
2022,disability.pension,employees,f,33,RUS,26
2022,disability.pension,employees,m,36,TUR,18
2022,disability.pension,employees,m,30,UKR,210
2022,disability.pension,employees,f,28,KOR,4
2022,disability.pension,employees,f,53,GBR,6
2022,disability.pension,employees,m,66,BGR,5
2022,disability.pension,employees,m,65,CAN,2
2022,disability.pension,employees,m,48,GRC,6
2022,disability.pension,employees,m,49,MDA,9
2022,disability.pension,employees,m,64,UKR,16
2022,disability.pension,employees,f,58,UKR,72
2022,disability.pension,employees,f,41,GEO,177
2022,disability.pension,employees,f,39,GEO,149
2022,disability.pension,employees,m,26,IND,110
2022,disability.pension,employees,m,36,IND,112
2022,disability.pension,employees,f,61,GEO,29
2022,disability.pension,employees,f,28,UKR,216
2022,disability.pension,employees,f,24,ARM,14
2022,disability.pension,employees,f,43,UZB,14
2022,disability.pension,employees,f,49,MDA,106
2022,disability.pension,employees,m,61,UKR,33
2022,disability.pension,employees,m,61,AZE,5
2022,disability.pension,employees,f,73,UKR,48
2022,disability.pension,employees,m,54,UZB,27
2022,disability.pension,employees,m,36,ARM,43
2022,disability.pension,employees,m,25,KEN,14
2022,disability.pension,employees,f,49,USA,6
2022,disability.pension,employees,m,23,KAZ,52
2022,disability.pension,employees,m,26,KAZ,56
2022,disability.pension,employees,m,34,UZB,24
2022,disability.pension,employees,m,30,PAK,38
2022,disability.pension,employees,m,42,IND,266
2022,disability.pension,employees,m,62,NLD,12
2022,disability.pension,employees,m,73,TUR,2
2022,disability.pension,employees,m,29,DZA,42
2022,disability.pension,employees,m,37,CZE,27
2022,disability.pension,employees,m,26,ZWE,33
2022,disability.pension,employees,m,25,JOR,9
2022,disability.pension,employees,m,44,VNM,101
2022,disability.pension,employees,f,57,BGR,19
2022,disability.pension,employees,m,35,VNM,169
2022,disability.pension,employees,m,34,NGA,44
2022,disability.pension,employees,f,32,BGR,24
2022,disability.pension,employees,m,45,VNM,8
2022,disability.pension,employees,m,67,BGR,7
2022,disability.pension,employees,f,65,CHN,5
2022,disability.pension,employees,m,35,BGR,34
2022,disability.pension,employees,f,75,UKR,26
2022,disability.pension,employees,m,24,RUS,111
2022,disability.pension,employees,m,38,ITA,136
2022,disability.pension,employees,m,40,UKR,126
2022,disability.pension,employees,m,50,ARM,2
2022,disability.pension,employees,f,22,ARM,2
2022,disability.pension,employees,m,37,DZA,30
2022,disability.pension,employees,m,36,NGA,43
2022,disability.pension,employees,m,49,NLD,23
2022,disability.pension,employees,f,33,UKR,183
2022,disability.pension,employees,m,46,MAR,2
2022,disability.pension,employees,m,34,MAR,29
2022,disability.pension,employees,m,49,GBR,51
2022,disability.pension,employees,f,30,ARM,6
2022,disability.pension,employees,f,46,ARM,18
2022,disability.pension,employees,m,31,GBR,35
2022,disability.pension,employees,m,38,SVK,29
2022,disability.pension,employees,f,49,ISR,1
2022,disability.pension,employees,m,56,CZE,12
2022,disability.pension,employees,m,34,VNM,152
2022,disability.pension,employees,f,32,VNM,79
2022,disability.pension,employees,f,23,IND,57
2022,disability.pension,employees,m,26,RUS,179
2022,disability.pension,employees,f,40,LTU,23
2022,disability.pension,employees,m,30,CMR,13
2022,disability.pension,employees,m,61,IRL,5
2022,disability.pension,employees,m,58,GBR,35
2022,disability.pension,employees,f,28,RWA,20
2022,disability.pension,employees,f,34,CZE,18
2022,disability.pension,employees,m,47,MDA,233
2022,disability.pension,employees,f,31,RWA,11
2022,disability.pension,employees,f,33,SVK,20
2022,disability.pension,employees,m,39,VNM,20
2022,disability.pension,employees,m,70,UKR,106
2022,disability.pension,employees,m,57,ITA,43
2022,disability.pension,employees,m,48,KGZ,16
2022,disability.pension,employees,m,44,CYP,2
2022,disability.pension,employees,f,24,ETH,21
2022,disability.pension,employees,f,32,ZWE,23
2022,disability.pension,employees,m,36,TUN,6
2022,disability.pension,employees,m,35,BGD,102
2022,disability.pension,employees,f,24,THA,4
2022,disability.pension,employees,f,23,RWA,21
2022,disability.pension,employees,m,34,KGZ,4
2022,disability.pension,employees,m,28,KAZ,58
2022,disability.pension,employees,m,37,TKM,8
2022,disability.pension,employees,m,31,MAR,2
2022,disability.pension,employees,m,24,RWA,31
2022,disability.pension,employees,f,22,GHA,3
2022,disability.pension,employees,f,29,RWA,4
2022,disability.pension,employees,m,43,DNK,6
2022,disability.pension,employees,m,20,RWA,15
2022,disability.pension,employees,m,29,NGA,60
2022,disability.pension,employees,m,25,ZWE,38
2022,disability.pension,employees,m,43,KGZ,4
2022,disability.pension,employees,m,21,IND,87
2022,disability.pension,employees,f,22,ETH,30
2022,disability.pension,employees,m,21,ZWE,35
2022,disability.pension,employees,m,23,NGA,20
2022,disability.pension,employees,f,24,CMR,5
2022,disability.pension,employees,m,51,TUN,2
2022,disability.pension,employees,f,21,ETH,26
2022,disability.pension,employees,f,42,VNM,6
2022,disability.pension,employees,f,23,COG,4
2022,disability.pension,employees,f,21,ZMB,2
2022,disability.pension,employees,f,22,ZWE,54
2022,disability.pension,employees,m,55,MDA,102
2022,disability.pension,employees,f,36,MDA,116
2022,disability.pension,employees,m,18,ROU,12
2022,disability.pension,employees,m,47,ROU,73
2022,disability.pension,employees,f,42,ZWE,4
2022,disability.pension,employees,m,41,PRT,43
2022,disability.pension,employees,m,54,RUS,89
2022,disability.pension,employees,f,29,NGA,38
2022,disability.pension,employees,f,25,ZAF,10
2022,disability.pension,employees,f,19,KAZ,30
2022,disability.pension,employees,f,21,ZWE,54
2022,disability.pension,employees,m,23,LVA,10
2022,disability.pension,employees,f,22,RWA,42
2022,disability.pension,employees,m,21,LKA,1
2022,disability.pension,employees,f,21,IRN,3
2022,disability.pension,employees,m,19,RUS,2
2022,disability.pension,employees,f,26,TUR,52
2022,disability.pension,employees,f,22,NGA,11
2022,disability.pension,employees,m,34,ARG,20
2022,disability.pension,employees,f,26,JPN,9
2022,disability.pension,employees,m,32,ZMB,1
2022,disability.pension,employees,m,54,GRC,8
2022,disability.pension,employees,m,27,NGA,69
2022,disability.pension,employees,m,34,NPL,114
2022,disability.pension,employees,m,41,NPL,59
2022,disability.pension,employees,f,37,NGA,5
2022,disability.pension,employees,m,39,ISR,11
2022,disability.pension,employees,m,42,MDA,28
2022,disability.pension,employees,m,21,PHL,2
2022,disability.pension,employees,f,19,LTU,2
2022,disability.pension,employees,f,23,ZWE,62
2022,disability.pension,employees,m,28,ZWE,39
2022,disability.pension,employees,m,35,CMR,4
2022,disability.pension,employees,f,21,RWA,27
2022,disability.pension,employees,m,21,RUS,62
2022,disability.pension,employees,m,18,KGZ,2
2022,disability.pension,employees,m,37,CHN,70
2022,disability.pension,employees,f,33,FRA,19
2022,disability.pension,employees,f,25,BDI,3
2022,disability.pension,employees,f,36,ZWE,15
2022,disability.pension,employees,m,21,ROU,41
2022,disability.pension,employees,m,29,ZWE,16
2022,disability.pension,employees,f,23,BDI,1
2022,disability.pension,employees,m,41,ZWE,2
2022,disability.pension,employees,f,20,RWA,23
2022,disability.pension,employees,f,39,LVA,8
2022,disability.pension,employees,m,17,BLR,186
2022,disability.pension,employees,f,36,KAZ,25
2022,disability.pension,employees,m,30,NGA,75
2022,disability.pension,employees,f,26,NER,3
2022,disability.pension,employees,f,21,KAZ,43
2022,disability.pension,employees,m,35,NGA,49
2022,disability.pension,employees,f,21,NER,1
2022,disability.pension,employees,m,22,ZWE,44
2022,disability.pension,employees,f,24,ZWE,57
2022,disability.pension,employees,f,25,NGA,21
2022,disability.pension,employees,f,32,LTU,25
2022,disability.pension,employees,m,28,USA,31
2022,disability.pension,employees,m,20,NGA,10
2022,disability.pension,employees,f,30,MEX,17
2022,disability.pension,employees,f,43,BRA,4
2022,disability.pension,employees,m,44,NLD,25
2022,disability.pension,employees,m,27,IRN,11
2022,disability.pension,employees,f,27,ZWE,40
2022,disability.pension,employees,f,40,UKR,282
2022,disability.pension,employees,f,40,USA,8
2022,disability.pension,employees,m,23,TZA,2
2022,disability.pension,employees,m,23,IRN,8
2022,disability.pension,employees,m,32,RWA,20
2022,disability.pension,employees,f,27,CUB,4
2022,disability.pension,employees,m,35,DZA,24
2022,disability.pension,employees,m,58,DEU,59
2022,disability.pension,employees,m,58,RUS,6
2022,disability.pension,employees,f,55,GBR,2
2022,disability.pension,employees,m,36,GBR,3
2022,disability.pension,employees,m,33,ESP,6
2022,disability.pension,employees,m,34,GBR,48
2022,disability.pension,employees,f,27,ZWE,2
2022,disability.pension,employees,m,60,VNM,47
2022,disability.pension,employees,m,54,UKR,102
2022,disability.pension,employees,f,49,GEO,121
2022,disability.pension,employees,m,53,DEU,54
2022,disability.pension,employees,m,74,ARM,2
2022,disability.pension,employees,f,68,CZE,3
2022,disability.pension,employees,m,32,FRA,91
2022,disability.pension,employees,m,53,GRC,7
2022,disability.pension,employees,m,41,GRC,23
2022,disability.pension,employees,f,41,SVK,24
2022,disability.pension,employees,f,49,BLR,76
2022,disability.pension,employees,m,52,CHL,2
2022,disability.pension,employees,f,53,ITA,2
2022,disability.pension,employees,f,36,JPN,3
2022,disability.pension,employees,f,25,ZAF,3
2022,disability.pension,employees,m,38,GBR,10
2022,disability.pension,employees,m,56,BIH,1
2022,disability.pension,employees,m,34,NER,4
2022,disability.pension,employees,f,37,AZE,2
2022,disability.pension,employees,f,35,KAZ,23
2022,disability.pension,employees,f,25,TJK,2
2022,disability.pension,employees,m,50,DEU,47
2022,disability.pension,employees,m,26,DEU,32
2022,disability.pension,employees,m,29,TUN,27
2022,disability.pension,employees,f,68,CZE,2
2022,disability.pension,employees,m,62,GBR,26
2022,disability.pension,employees,f,36,UKR,48
2022,disability.pension,employees,f,30,CHN,54
2022,disability.pension,employees,m,32,ESP,18
2022,disability.pension,employees,f,45,THA,26
2022,disability.pension,employees,f,54,THA,10
2022,disability.pension,employees,f,47,THA,2
2022,disability.pension,employees,f,50,THA,23
2022,disability.pension,employees,f,40,THA,19
2022,disability.pension,employees,f,36,THA,12
2022,disability.pension,employees,f,49,THA,23
2022,disability.pension,employees,m,55,BLR,56
2022,disability.pension,employees,f,33,ITA,4
2022,disability.pension,employees,f,33,KEN,4
2022,disability.pension,employees,f,31,ARM,24
2022,disability.pension,employees,m,41,ARM,52
2022,disability.pension,employees,f,33,ZAF,3
2022,disability.pension,employees,f,37,PRT,2
2022,disability.pension,employees,f,29,NPL,43
2022,disability.pension,employees,f,27,IDN,57
2022,disability.pension,employees,f,62,DEU,11
2022,disability.pension,employees,m,63,NGA,3
2022,disability.pension,employees,f,56,VNM,33
2022,disability.pension,employees,m,38,DZA,25
2022,disability.pension,employees,m,45,EGY,24
2022,disability.pension,employees,f,27,CHN,58
2022,disability.pension,employees,m,36,VNM,143
2022,disability.pension,employees,m,32,VNM,145
2022,disability.pension,employees,m,51,BGR,27
2022,disability.pension,employees,m,48,BGR,36
2022,disability.pension,employees,f,53,BGR,12
2022,disability.pension,employees,m,23,VNM,106
2022,disability.pension,employees,m,63,VNM,25
2022,disability.pension,employees,f,45,VNM,65
2022,disability.pension,employees,m,61,VNM,32
2022,disability.pension,employees,f,71,UKR,95
2022,disability.pension,employees,m,39,HUN,31
2022,disability.pension,employees,f,63,ROU,13
2022,disability.pension,employees,m,43,DEU,39
2022,disability.pension,employees,m,60,VNM,6
2022,disability.pension,employees,m,49,VNM,8
2022,disability.pension,employees,m,55,DEU,12
2022,disability.pension,employees,m,48,VNM,87
2022,disability.pension,employees,m,49,CAN,6
2022,disability.pension,employees,m,53,HRV,4
2022,disability.pension,employees,m,41,TUN,16
2022,disability.pension,employees,f,55,CZE,5
2022,disability.pension,employees,m,61,USA,13
2022,disability.pension,employees,m,27,VNM,135
2022,disability.pension,employees,m,57,YEM,3
2022,disability.pension,employees,f,53,ARM,15
2022,disability.pension,employees,m,36,SYR,16
2022,disability.pension,employees,f,59,PHL,2
2022,disability.pension,employees,m,36,KGZ,51
2022,disability.pension,employees,f,32,ARM,28
2022,disability.pension,employees,m,32,ARM,61
2022,disability.pension,employees,m,31,USA,30
2022,disability.pension,employees,m,69,DEU,18
2022,disability.pension,employees,m,57,GRC,6
2022,disability.pension,employees,f,47,IDN,11
2022,disability.pension,employees,f,50,IDN,4
2022,disability.pension,employees,f,23,IDN,47
2022,disability.pension,employees,f,71,DEU,6
2022,disability.pension,employees,m,64,DEU,10
2022,disability.pension,employees,f,63,ESP,2
2022,disability.pension,employees,m,38,COL,35
2022,disability.pension,employees,m,34,ESP,3
2022,disability.pension,employees,m,37,MEX,8
2022,disability.pension,employees,m,35,MEX,6
2022,disability.pension,employees,m,59,COL,2
2022,disability.pension,employees,m,33,ESP,110
2022,disability.pension,employees,f,28,MEX,4
2022,disability.pension,employees,f,20,MEX,2
2022,disability.pension,employees,m,53,ITA,63
2022,disability.pension,employees,m,62,USA,10
2022,disability.pension,employees,m,40,VEN,9
2022,disability.pension,employees,f,44,AUT,3
2022,disability.pension,employees,m,39,ARM,51
2022,disability.pension,employees,m,65,GBR,4
2022,disability.pension,employees,f,16,ITA,2
2022,disability.pension,employees,m,48,BEL,2
2022,disability.pension,employees,m,41,TUN,6
2022,disability.pension,employees,m,41,MAR,16
2022,disability.pension,employees,m,46,MAR,3
2022,disability.pension,employees,m,32,MAR,8
2022,disability.pension,employees,m,32,MAR,39
2022,disability.pension,employees,m,39,TUN,25
2022,disability.pension,employees,m,43,MAR,5
2022,disability.pension,employees,m,33,DZA,32
2022,disability.pension,employees,m,52,GBR,42
2022,disability.pension,employees,f,44,PHL,89
2022,disability.pension,employees,m,37,EGY,3
2022,disability.pension,employees,f,26,EGY,13
2022,disability.pension,employees,m,40,DEU,51
2022,disability.pension,employees,f,35,RUS,3
2022,disability.pension,employees,m,48,DEU,39
2022,disability.pension,employees,f,49,CHN,30
2022,disability.pension,employees,f,42,MMR,1
2022,disability.pension,employees,m,43,IND,201
2022,disability.pension,employees,m,22,UKR,108
2022,disability.pension,employees,m,31,ESP,112
2022,disability.pension,employees,m,37,JPN,15
2022,disability.pension,employees,f,44,JPN,8
2022,disability.pension,employees,f,38,JPN,4
2022,disability.pension,employees,f,33,JPN,8
2022,disability.pension,employees,f,48,JPN,6
2022,disability.pension,employees,f,62,RUS,29
2022,disability.pension,employees,f,28,VNM,81
2022,disability.pension,employees,m,45,IND,161
2022,disability.pension,employees,m,44,IND,177
2022,disability.pension,employees,m,52,NGA,4
2022,disability.pension,employees,m,39,IND,403
2022,disability.pension,employees,f,66,GBR,3
2022,disability.pension,employees,m,36,NER,8
2022,disability.pension,employees,m,50,KOR,16
2022,disability.pension,employees,f,57,VNM,27
2022,disability.pension,employees,m,26,KOR,3
2022,disability.pension,employees,f,34,ZWE,16
2022,disability.pension,employees,f,28,ZWE,34
2022,disability.pension,employees,m,29,ZWE,34
2022,disability.pension,employees,f,25,MEX,2
2022,disability.pension,employees,m,26,LKA,8
2022,disability.pension,employees,f,20,IDN,29
2022,disability.pension,employees,m,60,SYR,8
2022,disability.pension,employees,m,53,SYR,7
2022,disability.pension,employees,f,24,RUS,115
2022,disability.pension,employees,m,35,IRQ,10
2022,disability.pension,employees,m,33,IRQ,15
2022,disability.pension,employees,m,65,IRQ,1
2022,disability.pension,employees,m,66,ARM,5
2022,disability.pension,employees,m,80,DEU,2
2022,disability.pension,employees,m,51,CUB,2
2022,disability.pension,employees,m,40,NGA,3
2022,disability.pension,employees,m,23,NPL,69
2022,disability.pension,employees,m,36,PRT,55
2022,disability.pension,employees,m,31,UZB,16
2022,disability.pension,employees,m,46,MNG,4
2022,disability.pension,employees,f,27,MNG,2
2022,disability.pension,employees,f,40,MNG,5
2022,disability.pension,employees,m,65,KOR,5
2022,disability.pension,employees,m,30,TKM,12
2022,disability.pension,employees,m,25,DEU,19
2022,disability.pension,employees,f,36,LVA,11
2022,disability.pension,employees,m,52,ITA,14
2022,disability.pension,employees,m,28,MLT,1
2022,disability.pension,employees,f,28,THA,3
2022,disability.pension,employees,f,47,IDN,2
2022,disability.pension,employees,f,47,THA,28
2022,disability.pension,employees,f,26,THA,11
2022,disability.pension,employees,f,39,THA,24
2022,disability.pension,employees,m,48,HRV,9
2022,disability.pension,employees,m,45,USA,21
2022,disability.pension,employees,m,35,TUR,193
2022,disability.pension,employees,m,32,GRC,25
2022,disability.pension,employees,m,49,SYR,14
2022,disability.pension,employees,f,22,RUS,67
2022,disability.pension,employees,m,52,NLD,21
2022,disability.pension,employees,f,30,VNM,60
2022,disability.pension,employees,m,29,DEU,50
2022,disability.pension,employees,f,37,CHN,6
2022,disability.pension,employees,m,53,KOR,10
2022,disability.pension,employees,m,56,FRA,27
2022,disability.pension,employees,m,50,ROU,68
2022,disability.pension,employees,m,27,PER,11
2022,disability.pension,employees,m,28,SYR,17
2022,disability.pension,employees,m,35,SVN,4
2022,disability.pension,employees,f,46,SWE,3
2022,disability.pension,employees,m,39,MEX,23
2022,disability.pension,employees,m,66,HUN,5
2022,disability.pension,employees,m,41,USA,25
2022,disability.pension,employees,m,19,UZB,50
2022,disability.pension,employees,f,24,GEO,105
2022,disability.pension,employees,f,30,ESP,21
2022,disability.pension,employees,m,7,UKR,3
2022,disability.pension,employees,f,37,UKR,243
2022,disability.pension,employees,m,32,JOR,18
2022,disability.pension,employees,m,28,NGA,76
2022,disability.pension,employees,m,33,GBR,51
2022,disability.pension,employees,f,28,IDN,54
2022,disability.pension,employees,m,64,ARM,13
2022,disability.pension,employees,m,26,ARM,33
2022,disability.pension,employees,f,23,CAN,2
2022,disability.pension,employees,m,30,MEX,4
2022,disability.pension,employees,m,31,ITA,18
2022,disability.pension,employees,f,20,KAZ,53
2022,disability.pension,employees,m,28,NGA,30
2022,disability.pension,employees,f,23,NER,1
2022,disability.pension,employees,m,32,DEU,6
2022,disability.pension,employees,m,23,MAR,2
2022,disability.pension,employees,m,33,FRA,77
2022,disability.pension,employees,m,45,NGA,9
2022,disability.pension,employees,f,27,ARM,22
2022,disability.pension,employees,m,48,UKR,16
2022,disability.pension,employees,m,54,CHL,1
2022,disability.pension,employees,f,40,ROU,33
2022,disability.pension,employees,m,27,HRV,7
2022,disability.pension,employees,m,50,EGY,15
2022,disability.pension,employees,f,28,VNM,16
2022,disability.pension,employees,m,47,ITA,90
2022,disability.pension,employees,m,47,IRL,9
2022,disability.pension,employees,m,28,EGY,47
2022,disability.pension,employees,m,43,ROU,99
2022,disability.pension,employees,f,29,UKR,60
2022,disability.pension,employees,m,39,ITA,16
2022,disability.pension,employees,m,39,LVA,14
2022,disability.pension,employees,f,40,LVA,8
2022,disability.pension,employees,m,50,ITA,10
2022,disability.pension,employees,m,35,IND,98
2022,disability.pension,employees,m,51,PHL,58
2022,disability.pension,employees,m,38,MAR,20
2022,disability.pension,employees,m,56,HUN,9
2022,disability.pension,employees,f,28,ALB,6
2022,disability.pension,employees,m,34,ETH,6
2022,disability.pension,employees,m,32,ETH,10
2022,disability.pension,employees,m,36,DZA,6
2022,disability.pension,employees,m,24,AZE,156
2022,disability.pension,employees,m,31,NGA,60
2022,disability.pension,employees,m,37,FRA,4
2022,disability.pension,employees,f,58,VNM,26
2022,disability.pension,employees,m,34,VNM,8
2022,disability.pension,employees,f,34,VNM,8
2022,disability.pension,employees,f,39,VNM,82
2022,disability.pension,employees,f,40,VNM,63
2022,disability.pension,employees,m,39,VNM,146
2022,disability.pension,employees,m,37,VNM,165
2022,disability.pension,employees,m,27,FIN,15
2022,disability.pension,employees,m,19,UKR,534
2022,disability.pension,employees,f,30,NLD,4
2022,disability.pension,employees,m,26,VNM,120
2022,disability.pension,employees,m,28,FIN,13
2022,disability.pension,employees,m,33,GEO,2
2022,disability.pension,employees,m,32,NGA,62
2022,disability.pension,employees,m,28,PAK,18
2022,disability.pension,employees,f,29,ZWE,21
2022,disability.pension,employees,m,26,GBR,21
2022,disability.pension,employees,m,31,DZA,37
2022,disability.pension,employees,f,27,CUB,5
2022,disability.pension,employees,m,21,ETH,24
2022,disability.pension,employees,f,31,ZWE,31
2022,disability.pension,employees,m,30,IRN,14
2022,disability.pension,employees,m,25,NGA,41
2022,disability.pension,employees,m,48,FRA,6
2022,disability.pension,employees,m,43,GRC,18
2022,disability.pension,employees,f,28,DEU,2
2022,disability.pension,employees,m,28,ITA,2
2022,disability.pension,employees,m,40,NLD,22
2022,disability.pension,employees,m,28,CMR,8
2022,disability.pension,employees,m,30,CZE,26
2022,disability.pension,employees,m,38,NER,4
2022,disability.pension,employees,m,20,TUR,63
2022,disability.pension,employees,m,30,GHA,12
2022,disability.pension,employees,m,49,KOR,15
2022,disability.pension,employees,m,57,UKR,42
2022,disability.pension,employees,m,59,UKR,2
2022,disability.pension,employees,m,32,GEO,108
2022,disability.pension,employees,m,36,PAK,8
2022,disability.pension,employees,f,20,ESP,3
2022,disability.pension,employees,m,30,PAK,18
2022,disability.pension,employees,m,39,DZA,23
2022,disability.pension,employees,m,36,JPN,8
2022,disability.pension,employees,m,26,PAN,2
2022,disability.pension,employees,m,29,ESP,108
2022,disability.pension,employees,m,32,TUR,252
2022,disability.pension,employees,m,26,FIN,11
2022,disability.pension,employees,m,27,SWE,12
2022,disability.pension,employees,m,25,FIN,19
2022,disability.pension,employees,m,20,UZB,66
2022,disability.pension,employees,m,25,SWE,9
2022,disability.pension,employees,m,37,UKR,180
2022,disability.pension,employees,m,24,NGA,4
2022,disability.pension,employees,f,40,USA,4
2022,disability.pension,employees,f,31,PAK,4
2022,disability.pension,employees,m,27,UKR,7
2022,disability.pension,employees,m,36,RUS,38
2022,disability.pension,employees,m,20,PAK,7
2022,disability.pension,employees,m,21,KGZ,21
2022,disability.pension,employees,m,25,PAK,24
2022,disability.pension,employees,f,18,ALB,1
2022,disability.pension,employees,m,19,AZE,8
2022,disability.pension,employees,f,21,NGA,6
2022,disability.pension,employees,f,24,IND,18
2022,disability.pension,employees,m,49,NER,2
2022,disability.pension,employees,f,25,TUR,71
2022,disability.pension,employees,m,29,CMR,12
2022,disability.pension,employees,m,47,UKR,111
2022,disability.pension,employees,f,20,NGA,5
2022,disability.pension,employees,m,25,ESP,12
2022,disability.pension,employees,m,23,DZA,2
2022,disability.pension,employees,f,19,VNM,14
2022,disability.pension,employees,f,24,LBN,5
2022,disability.pension,employees,m,39,CHN,67
2022,disability.pension,employees,f,51,NLD,2
2022,disability.pension,employees,f,19,AZE,7
2022,disability.pension,employees,f,26,NGA,29
2022,disability.pension,employees,m,37,TUR,197
2022,disability.pension,employees,m,62,IND,6
2022,disability.pension,employees,f,47,SVK,17
2022,disability.pension,employees,m,19,DZA,2
2022,disability.pension,employees,m,50,PHL,72
2022,disability.pension,employees,m,29,MEX,32
2022,disability.pension,employees,f,45,UKR,2
2022,disability.pension,employees,f,35,PHL,169
2022,disability.pension,employees,m,56,JPN,6
2022,disability.pension,employees,m,89,NLD,1
2022,disability.pension,employees,m,27,CMR,4
2022,disability.pension,employees,m,31,ROU,111
2022,disability.pension,employees,f,34,ROU,35
2022,disability.pension,employees,f,21,GEO,53
2022,disability.pension,employees,f,47,ISR,2
2022,disability.pension,employees,m,30,GRC,2
2022,disability.pension,employees,f,62,UKR,220
2022,disability.pension,employees,m,38,ZWE,17
2022,disability.pension,employees,m,55,VNM,39
2022,disability.pension,employees,m,55,ROU,59
2022,disability.pension,employees,m,21,ALB,6
2022,disability.pension,employees,m,32,ALB,17
2022,disability.pension,employees,m,27,ALB,18
2022,disability.pension,employees,m,31,GEO,124
2022,disability.pension,employees,f,54,VNM,26
2022,disability.pension,employees,f,67,SVK,6
2022,disability.pension,employees,f,19,UZB,8
2022,disability.pension,employees,m,18,GEO,165
2022,disability.pension,employees,m,63,CZE,7
2022,disability.pension,employees,m,61,GEO,103
2022,disability.pension,employees,m,61,LTU,9
2022,disability.pension,employees,m,47,MNG,3
2022,disability.pension,employees,m,29,UZB,131
2022,disability.pension,employees,m,38,HRV,4
2022,disability.pension,employees,m,43,TUN,19
2022,disability.pension,employees,f,30,SVK,17
2022,disability.pension,employees,m,45,MAR,5
2022,disability.pension,employees,m,57,EGY,4
2022,disability.pension,employees,m,69,ARM,2
2022,disability.pension,employees,m,45,KAZ,49
2022,disability.pension,employees,m,61,ARM,18
2022,disability.pension,employees,m,55,TUR,30
2022,disability.pension,employees,m,34,BGR,36
2022,disability.pension,employees,m,41,IRL,23
2022,disability.pension,employees,f,35,BRA,22
2022,disability.pension,employees,m,56,ARM,23
2022,disability.pension,employees,f,22,ARM,12
2022,disability.pension,employees,f,,UKR,7
2022,disability.pension,employees,m,46,LBY,3
2022,disability.pension,employees,m,38,GBR,3
2022,disability.pension,employees,m,53,IRN,1
2022,disability.pension,employees,m,42,AUT,2
2022,disability.pension,employees,f,35,ROU,43
2022,disability.pension,employees,m,21,UKR,75
2022,disability.pension,employees,f,33,GEO,129
2022,disability.pension,employees,m,31,KGZ,28
2022,disability.pension,employees,m,32,KGZ,42
2022,disability.pension,employees,m,57,GBR,35
2022,disability.pension,employees,m,65,NLD,6
2022,disability.pension,employees,f,40,FRA,11
2022,disability.pension,employees,m,51,IRL,7
2022,disability.pension,employees,m,38,ESP,6
2022,disability.pension,employees,m,53,UKR,84
2022,disability.pension,employees,m,32,DZA,4
2022,disability.pension,employees,m,32,CUB,12
2022,disability.pension,employees,m,49,DEU,39
2022,disability.pension,employees,m,48,AUS,4
2022,disability.pension,employees,f,50,BGR,9
2022,disability.pension,employees,m,60,ITA,38
2022,disability.pension,employees,f,27,GEO,119
2022,disability.pension,employees,m,35,HUN,27
2022,disability.pension,employees,m,46,CZE,21
2022,disability.pension,employees,m,38,TUR,176
2022,disability.pension,employees,m,48,ZWE,5
2022,disability.pension,employees,m,45,NLD,24
2022,disability.pension,employees,m,56,BGR,18
2022,disability.pension,employees,m,64,NLD,11
2022,disability.pension,employees,m,40,HRV,9
2022,disability.pension,employees,f,58,ARM,18
2022,disability.pension,employees,f,36,ARM,36
2022,disability.pension,employees,f,67,MNG,1
2022,disability.pension,employees,m,30,TUN,4
2022,disability.pension,employees,f,44,DEU,4
2022,disability.pension,employees,f,65,AUT,3
2022,disability.pension,employees,f,43,CHN,37
2022,disability.pension,employees,f,68,CHN,3
2022,disability.pension,employees,m,69,CHN,4
2022,disability.pension,employees,m,38,PRT,53
2022,disability.pension,employees,m,36,HUN,40
2022,disability.pension,employees,f,41,DEU,15
2022,disability.pension,employees,m,39,GBR,65
2022,disability.pension,employees,m,40,BGD,81
2022,disability.pension,employees,m,44,NPL,14
2022,disability.pension,employees,m,31,BGD,142
2022,disability.pension,employees,m,33,BGD,131
2022,disability.pension,employees,m,42,BGD,65
2022,disability.pension,employees,m,49,BGD,22
2022,disability.pension,employees,m,44,BGD,44
2022,disability.pension,employees,m,39,BGD,112
2022,disability.pension,employees,m,32,GBR,36
2022,disability.pension,employees,f,38,NLD,6
2022,disability.pension,employees,m,42,ISR,2
2022,disability.pension,employees,m,30,CAN,6
2022,disability.pension,employees,m,32,UGA,3
2022,disability.pension,employees,m,38,GRC,22
2022,disability.pension,employees,m,33,GEO,92
2022,disability.pension,employees,m,31,BGR,20
2022,disability.pension,employees,m,38,BEL,10
2022,disability.pension,employees,m,40,IRL,14
2022,disability.pension,employees,f,37,CZE,13
2022,disability.pension,employees,m,40,GBR,69
2022,disability.pension,employees,m,79,DEU,3
2022,disability.pension,employees,m,54,GBR,71
2022,disability.pension,employees,m,63,MDA,18
2022,disability.pension,employees,m,26,RWA,26
2022,disability.pension,employees,m,28,UGA,10
2022,disability.pension,employees,f,24,SYR,2
2022,disability.pension,employees,f,32,SVN,5
2022,disability.pension,employees,f,30,MDA,97
2022,disability.pension,employees,f,68,UKR,38
2022,disability.pension,employees,f,123,UKR,19
2022,disability.pension,employees,m,65,UKR,6
2022,disability.pension,employees,f,57,KAZ,8
2022,disability.pension,employees,m,57,KAZ,7
2022,disability.pension,employees,m,43,KGZ,46
2022,disability.pension,employees,f,54,CAN,4
2022,disability.pension,employees,m,58,SVK,11
2022,disability.pension,employees,m,42,TUN,14
2022,disability.pension,employees,f,56,UKR,2
2022,disability.pension,employees,f,50,SVK,12
2022,disability.pension,employees,f,30,KAZ,40
2022,disability.pension,employees,m,30,KEN,19
2022,disability.pension,employees,f,36,SVK,2
2022,disability.pension,employees,m,29,ETH,38
2022,disability.pension,employees,m,52,IRL,7
2022,disability.pension,employees,f,46,KAZ,15
2022,disability.pension,employees,f,74,UKR,38
2022,disability.pension,employees,m,50,UZB,71
2022,disability.pension,employees,m,53,IND,31
2022,disability.pension,employees,m,26,UKR,2
2022,disability.pension,employees,f,61,RUS,29
2022,disability.pension,employees,f,45,RUS,87
2022,disability.pension,employees,f,66,BLR,15
2022,disability.pension,employees,m,50,KAZ,22
2022,disability.pension,employees,m,50,VNM,69
2022,disability.pension,employees,f,66,VNM,4
2022,disability.pension,employees,m,24,VNM,106
2022,disability.pension,employees,m,28,ARM,46
2022,disability.pension,employees,m,54,AFG,4
2022,disability.pension,employees,m,60,IRN,1
2022,disability.pension,employees,f,43,CAN,3
2022,disability.pension,employees,m,46,HUN,18
2022,disability.pension,employees,f,64,UKR,116
2022,disability.pension,employees,f,26,CHN,3
2022,disability.pension,employees,m,23,UKR,120
2022,disability.pension,employees,m,57,ARM,23
2022,disability.pension,employees,f,30,AFG,1
2022,disability.pension,employees,f,37,CUB,4
2022,disability.pension,employees,f,26,BGR,17
2022,disability.pension,employees,m,46,TJK,17
2022,disability.pension,employees,m,41,AFG,7
2022,disability.pension,employees,m,0,UKR,35
2022,disability.pension,employees,f,51,FRA,4
2022,disability.pension,employees,f,46,NGA,2
2022,disability.pension,employees,m,123,UKR,45
2022,disability.pension,employees,m,44,GRC,15
2022,disability.pension,employees,f,42,BGR,11
2022,disability.pension,employees,m,59,DEU,40
2022,disability.pension,employees,m,43,VNM,83
2022,disability.pension,employees,f,36,TUR,20
2022,disability.pension,employees,m,45,ITA,79
2022,disability.pension,employees,f,60,DEU,12
2022,disability.pension,employees,m,39,ITA,3
2022,disability.pension,employees,m,67,ITA,9
2022,disability.pension,employees,m,55,ESP,11
2022,disability.pension,employees,m,71,GBR,8
2022,disability.pension,employees,m,63,DEU,50
2022,disability.pension,employees,f,37,PHL,148
2022,disability.pension,employees,m,44,UKR,123
2022,disability.pension,employees,f,31,MDA,77
2022,disability.pension,employees,m,49,KAZ,30
2022,disability.pension,employees,m,52,GEO,15
2022,disability.pension,employees,m,55,GEO,18
2022,disability.pension,employees,m,65,GEO,6
2022,disability.pension,employees,m,42,AZE,8
2022,disability.pension,employees,m,42,AZE,4
2022,disability.pension,employees,m,50,AZE,4
2022,disability.pension,employees,m,46,GEO,18
2022,disability.pension,employees,m,37,GEO,8
2022,disability.pension,employees,m,54,PRT,12
2022,disability.pension,employees,m,39,GEO,12
2022,disability.pension,employees,m,38,AZE,6
2022,disability.pension,employees,m,36,GEO,9
2022,disability.pension,employees,m,58,UKR,60
2022,disability.pension,employees,m,48,GEO,15
2022,disability.pension,employees,m,45,AZE,4
2022,disability.pension,employees,m,29,GEO,12
2022,disability.pension,employees,m,35,MDA,48
2022,disability.pension,employees,m,33,GEO,21
2022,disability.pension,employees,m,33,AZE,10
2022,disability.pension,employees,m,50,GEO,4
2022,disability.pension,employees,m,42,GEO,18
2022,disability.pension,employees,m,37,GEO,104
2022,disability.pension,employees,m,38,KAZ,59
2022,disability.pension,employees,m,43,GEO,9
2022,disability.pension,employees,m,37,DEU,65
2022,disability.pension,employees,m,56,GEO,56
2022,disability.pension,employees,m,41,GEO,120
2022,disability.pension,employees,m,54,AZE,2
2022,disability.pension,employees,m,40,AZE,6
2022,disability.pension,employees,m,35,AZE,8
2022,disability.pension,employees,m,53,AZE,20
2022,disability.pension,employees,m,40,GEO,30
2022,disability.pension,employees,m,63,ROU,17
2022,disability.pension,employees,m,28,AZE,142
2022,disability.pension,employees,m,46,AZE,26
2022,disability.pension,employees,m,50,AZE,20
2022,disability.pension,employees,m,48,KAZ,10
2022,disability.pension,employees,m,40,TJK,26
2022,disability.pension,employees,m,50,BGD,10
2022,disability.pension,employees,m,45,BGD,37
2022,disability.pension,employees,m,24,NER,2
2022,disability.pension,employees,m,44,NPL,42
2022,disability.pension,employees,f,55,DEU,24
2022,disability.pension,employees,m,60,MDA,42
2022,disability.pension,employees,m,45,AUT,1
2022,disability.pension,employees,m,25,KHM,2
2022,disability.pension,employees,m,39,GBR,10
2022,disability.pension,employees,m,48,IND,73
2022,disability.pension,employees,m,54,HRV,6
2022,disability.pension,employees,f,32,TKM,2
2022,disability.pension,employees,f,47,RUS,97
2022,disability.pension,employees,f,32,UKR,165
2022,disability.pension,employees,m,41,GBR,57
2022,disability.pension,employees,m,71,UKR,68
2022,disability.pension,employees,m,39,BGR,4
2022,disability.pension,employees,f,62,GRC,1
2022,disability.pension,employees,m,56,ROU,8
2022,disability.pension,employees,m,31,ESP,12
2022,disability.pension,employees,m,42,GBR,55
2022,disability.pension,employees,m,19,KAZ,35
2022,disability.pension,employees,f,25,UZB,14
2022,disability.pension,employees,m,38,CHL,5
2022,disability.pension,employees,m,36,DEU,8
2022,disability.pension,employees,m,29,TUR,28
2022,disability.pension,employees,m,28,NPL,150
2022,disability.pension,employees,m,27,KAZ,58
2022,disability.pension,employees,m,27,LVA,10
2022,disability.pension,employees,m,24,GRC,12
2022,disability.pension,employees,m,28,ESP,77
2022,disability.pension,employees,f,65,UKR,62
2022,disability.pension,employees,m,41,DEU,36
2022,disability.pension,employees,m,52,HUN,4
2022,disability.pension,employees,m,20,PRT,2
2022,disability.pension,employees,f,26,BRA,17
2022,disability.pension,employees,m,53,ROU,18
2022,disability.pension,employees,m,23,PRT,13
2022,disability.pension,employees,m,45,GEO,12
2022,disability.pension,employees,m,22,ROU,4
2022,disability.pension,employees,m,28,PRT,36
2022,disability.pension,employees,m,43,ROU,24
2022,disability.pension,employees,m,26,PAK,8
2022,disability.pension,employees,m,41,FRA,63
2022,disability.pension,employees,m,22,ROU,56
2022,disability.pension,employees,m,58,TUR,24
2022,disability.pension,employees,f,34,IRQ,2
2022,disability.pension,employees,f,26,CMR,6
2022,disability.pension,employees,m,35,ITA,132
2022,disability.pension,employees,m,21,PAK,9
2022,disability.pension,employees,m,25,GRC,12
2022,disability.pension,employees,m,31,CMR,6
2022,disability.pension,employees,m,21,NER,3
2022,disability.pension,employees,f,22,BLR,130
2022,disability.pension,employees,m,51,SWE,6
2022,disability.pension,employees,m,19,URY,1
2022,disability.pension,employees,m,38,ROU,106
2022,disability.pension,employees,f,34,ROU,18
2022,disability.pension,employees,f,25,SWE,4
2022,disability.pension,employees,m,20,KAZ,42
2022,disability.pension,employees,m,56,PSE,2
2022,disability.pension,employees,m,46,IND,137
2022,disability.pension,employees,m,39,IRL,13
2022,disability.pension,employees,m,32,MEX,30
2022,disability.pension,employees,m,50,ROU,10
2022,disability.pension,employees,m,43,UKR,2
2022,disability.pension,employees,f,74,GBR,2
2022,disability.pension,employees,m,34,DZA,34
2022,disability.pension,employees,m,24,TUN,17
2022,disability.pension,employees,f,28,ROU,8
2022,disability.pension,employees,f,33,MDA,95
2022,disability.pension,employees,m,39,NPL,71
2022,disability.pension,employees,m,55,RUS,89
2022,disability.pension,employees,m,27,LTU,4
2022,disability.pension,employees,f,47,UKR,261
2022,disability.pension,employees,m,48,NGA,10
2022,disability.pension,employees,f,59,GEO,50
2022,disability.pension,employees,m,33,TUN,45
2022,disability.pension,employees,m,30,GRC,33
2022,disability.pension,employees,f,36,BGR,14
2022,disability.pension,employees,f,52,ROU,32
2022,disability.pension,employees,f,64,USA,5
2022,disability.pension,employees,f,37,BLR,9
2022,disability.pension,employees,f,34,USA,12
2022,disability.pension,employees,m,37,UKR,16
2022,disability.pension,employees,m,76,DEU,11
2022,disability.pension,employees,f,72,SWE,1
2022,disability.pension,employees,m,42,RUS,10
2022,disability.pension,employees,f,54,RUS,55
2022,disability.pension,employees,f,32,CHN,58
2022,disability.pension,employees,m,67,UKR,36
2022,disability.pension,employees,m,62,GBR,2
2022,disability.pension,employees,m,38,UKR,48
2022,disability.pension,employees,m,54,PER,3
2022,disability.pension,employees,m,39,GMB,3
2022,disability.pension,employees,m,31,DOM,2
2022,disability.pension,employees,m,19,UZB,4
2022,disability.pension,employees,f,27,UKR,189
2022,disability.pension,employees,f,59,ARM,14
2022,disability.pension,employees,m,61,BEL,8
2022,disability.pension,employees,m,49,GRC,11
2022,disability.pension,employees,m,37,KHM,1
2022,disability.pension,employees,m,59,HUN,4
2022,disability.pension,employees,f,27,RUS,3
2022,disability.pension,employees,m,41,SVK,53
2022,disability.pension,employees,f,33,ARM,19
2022,disability.pension,employees,m,50,HND,1
2022,disability.pension,employees,f,30,IRL,2
2022,disability.pension,employees,f,51,KAZ,12
2022,disability.pension,employees,m,63,CZE,2
2022,disability.pension,employees,m,74,NZL,1
2022,disability.pension,employees,m,58,RUS,53
2022,disability.pension,employees,m,29,DZA,8
2022,disability.pension,employees,m,41,BLR,24
2022,disability.pension,employees,f,51,RUS,84
2022,disability.pension,employees,m,34,RUS,270
2022,disability.pension,employees,f,35,MDA,99
2022,disability.pension,employees,m,24,MDA,40
2022,disability.pension,employees,f,42,GEO,178
2022,disability.pension,employees,m,36,IND,562
2022,disability.pension,employees,m,46,ROU,16
2022,disability.pension,employees,m,64,PRT,3
2022,disability.pension,employees,m,52,TUR,67
2022,disability.pension,employees,m,59,ESP,7
2022,disability.pension,employees,f,57,GEO,66
2022,disability.pension,employees,f,38,RUS,159
2022,disability.pension,employees,m,17,PRT,1
2022,disability.pension,employees,f,33,ALB,11
2022,disability.pension,employees,m,34,CHN,92
2022,disability.pension,employees,m,28,CHN,57
2022,disability.pension,employees,f,49,UKR,222
2022,disability.pension,employees,f,33,MDA,10
2022,disability.pension,employees,m,28,CZE,26
2022,disability.pension,employees,m,32,USA,10
2022,disability.pension,employees,f,34,BLR,5
2022,disability.pension,employees,m,65,GRC,2
2022,disability.pension,employees,m,27,ITA,126
2022,disability.pension,employees,m,52,VNM,6
2022,disability.pension,employees,f,29,VNM,83
2022,disability.pension,employees,m,29,VNM,132
2022,disability.pension,employees,m,44,ECU,1
2022,disability.pension,employees,f,27,KEN,19
2022,disability.pension,employees,m,66,LTU,2
2022,disability.pension,employees,m,29,HUN,34
2022,disability.pension,employees,m,26,ROU,74
2022,disability.pension,employees,m,61,DZA,1
2022,disability.pension,employees,f,23,BLR,116
2022,disability.pension,employees,m,33,SVK,30
2022,disability.pension,employees,f,53,LVA,5
2022,disability.pension,employees,m,37,UKR,3
2022,disability.pension,employees,m,59,GRC,10
2022,disability.pension,employees,m,58,MOZ,1
2022,disability.pension,employees,m,29,NPL,181
2022,disability.pension,employees,m,77,DEU,9
2022,disability.pension,employees,f,64,MNG,2
2022,disability.pension,employees,m,38,NGA,30
2022,disability.pension,employees,f,22,KEN,5
2022,disability.pension,employees,m,33,KAZ,54
2022,disability.pension,employees,m,43,PHL,8
2022,disability.pension,employees,m,31,KAZ,44
2022,disability.pension,employees,m,36,UKR,2
2022,disability.pension,employees,f,72,UKR,67
2022,disability.pension,employees,m,44,LTU,20
2022,disability.pension,employees,m,54,VNM,61
2022,disability.pension,employees,m,52,VNM,69
2022,disability.pension,employees,m,54,SVK,8
2022,disability.pension,employees,m,43,NLD,25
2022,disability.pension,employees,f,64,THA,1
2022,disability.pension,employees,f,51,THA,18
2022,disability.pension,employees,f,57,THA,8
2022,disability.pension,employees,f,32,GEO,22
2022,disability.pension,employees,m,28,BLR,6
2022,disability.pension,employees,m,39,UKR,198
2022,disability.pension,employees,m,63,RUS,18
2022,disability.pension,employees,m,49,ARG,4
2022,disability.pension,employees,f,75,RUS,4
2022,disability.pension,employees,f,46,MDA,130
2022,disability.pension,employees,f,24,MDA,117
2022,disability.pension,employees,m,35,TKM,6
2022,disability.pension,employees,f,70,UKR,18
2022,disability.pension,employees,f,48,BLR,78
2022,disability.pension,employees,m,35,DEU,2
2022,disability.pension,employees,f,32,GEO,137
2022,disability.pension,employees,f,53,CZE,2
2022,disability.pension,employees,f,20,MDA,110
2022,disability.pension,employees,m,31,ITA,8
2022,disability.pension,employees,m,31,MAR,38
2022,disability.pension,employees,m,28,DZA,28
2022,disability.pension,employees,m,64,CAN,2
2022,disability.pension,employees,f,23,BLR,9
2022,disability.pension,employees,m,58,NOR,2
2022,disability.pension,employees,m,64,BGR,10
2022,disability.pension,employees,m,42,LTU,30
2022,disability.pension,employees,m,49,UKR,66
2022,disability.pension,employees,f,34,LTU,30
2022,disability.pension,employees,m,71,RUS,2
2022,disability.pension,employees,f,31,UKR,28
2022,disability.pension,employees,f,26,RUS,20
2022,disability.pension,employees,m,28,PHL,60
2022,disability.pension,employees,m,61,RUS,29
2022,disability.pension,employees,m,37,VEN,11
2022,disability.pension,employees,m,34,VEN,7
2022,disability.pension,employees,m,70,RUS,4
2022,disability.pension,employees,m,42,UKR,10
2022,disability.pension,employees,m,59,NLD,20
2022,disability.pension,employees,m,57,MAR,1
2022,disability.pension,employees,m,54,UGA,2
2022,disability.pension,employees,f,40,GUY,1
2022,disability.pension,employees,m,46,SVK,32
2022,disability.pension,employees,f,44,TKM,2
2022,disability.pension,employees,m,30,BGR,24
2022,disability.pension,employees,m,24,VEN,2
2022,disability.pension,employees,m,32,RUS,3
2022,disability.pension,employees,m,40,IND,342
2022,disability.pension,employees,m,35,TUN,43
2022,disability.pension,employees,f,53,CZE,5
2022,disability.pension,employees,m,48,TUR,103
2022,disability.pension,employees,m,55,CHN,25
2022,disability.pension,employees,m,36,CHN,74
2022,disability.pension,employees,m,51,RUS,12
2022,disability.pension,employees,f,63,LTU,6
2022,disability.pension,employees,m,26,ETH,30
2022,disability.pension,employees,m,57,NOR,1
2022,disability.pension,employees,f,66,ARM,7
2022,disability.pension,employees,f,38,ARM,16
2022,disability.pension,employees,f,62,LTU,7
2022,disability.pension,employees,m,52,BGD,6
2022,disability.pension,employees,m,45,SVN,2
2022,disability.pension,employees,m,44,IND,46
2022,disability.pension,employees,m,42,IRL,19
2022,disability.pension,employees,m,57,SWE,5
2022,disability.pension,employees,f,52,UKR,201
2022,disability.pension,employees,f,48,ARM,20
2022,disability.pension,employees,f,34,VNM,85
2022,disability.pension,employees,m,31,VNM,143
2022,disability.pension,employees,f,27,VNM,63
2022,disability.pension,employees,f,27,USA,3
2022,disability.pension,employees,f,56,ESP,5
2022,disability.pension,employees,m,5,UKR,5
2022,disability.pension,employees,f,46,TUR,8
2022,disability.pension,employees,m,54,TUR,42
2022,disability.pension,employees,f,72,RUS,6
2022,disability.pension,employees,f,55,USA,3
2022,disability.pension,employees,m,46,DEU,44
2022,disability.pension,employees,m,47,ESP,38
2022,disability.pension,employees,f,48,GEO,139
2022,disability.pension,employees,m,54,DZA,4
2022,disability.pension,employees,m,56,VNM,6
2022,disability.pension,employees,m,58,VNM,6
2022,disability.pension,employees,m,30,TUR,2
2022,disability.pension,employees,m,46,GBR,4
2022,disability.pension,employees,f,52,RUS,78
2022,disability.pension,employees,m,54,ROU,52
2022,disability.pension,employees,m,57,USA,15
2022,disability.pension,employees,f,44,RUS,18
2022,disability.pension,employees,m,34,PRT,6
2022,disability.pension,employees,m,66,GEO,22
2022,disability.pension,employees,m,36,KHM,1
2022,disability.pension,employees,f,41,KHM,2
2022,disability.pension,employees,f,39,KHM,3
2022,disability.pension,employees,f,34,MDA,109
2022,disability.pension,employees,f,73,ARM,2
2022,disability.pension,employees,m,60,NGA,1
2022,disability.pension,employees,m,27,ARM,37
2022,disability.pension,employees,m,21,ARM,8
2022,disability.pension,employees,m,52,LAO,1
2022,disability.pension,employees,f,29,IDN,54
2022,disability.pension,employees,m,43,BGR,6
2022,disability.pension,employees,m,43,NGA,12
2022,disability.pension,employees,f,59,GBR,3
2022,disability.pension,employees,f,35,ARG,6
2022,disability.pension,employees,f,34,MEX,2
2022,disability.pension,employees,m,39,TUN,4
2022,disability.pension,employees,m,35,ESP,16
2022,disability.pension,employees,m,56,VNM,56
2022,disability.pension,employees,m,56,DEU,12
2022,disability.pension,employees,f,35,GEO,136
2022,disability.pension,employees,f,44,TUR,10
2022,disability.pension,employees,m,39,COG,4
2022,disability.pension,employees,m,37,COG,4
2022,disability.pension,employees,m,68,DEU,30
2022,disability.pension,employees,m,36,RWA,6
2022,disability.pension,employees,m,27,KEN,30
2022,disability.pension,employees,f,36,KEN,8
2022,disability.pension,employees,m,25,CHL,1
2022,disability.pension,employees,m,28,IND,6
2022,disability.pension,employees,f,20,ZWE,4
2022,disability.pension,employees,f,40,ZWE,2
2022,disability.pension,employees,f,28,ZMB,2
2022,disability.pension,employees,m,19,KAZ,4
2022,disability.pension,employees,f,20,RUS,69
2022,disability.pension,employees,m,27,RWA,25
2022,disability.pension,employees,m,30,MMR,1
2022,disability.pension,employees,f,19,ZAF,1
2022,disability.pension,employees,f,24,PHL,5
2022,disability.pension,employees,m,28,JOR,3
2022,disability.pension,employees,f,24,ETH,4
2022,disability.pension,employees,m,27,DZA,36
2022,disability.pension,employees,f,26,AZE,48
2022,disability.pension,employees,f,24,AZE,43
2022,disability.pension,employees,f,46,IDN,15
2022,disability.pension,employees,f,32,IDN,32
2022,disability.pension,employees,f,55,IDN,1
2022,disability.pension,employees,f,53,IDN,3
2022,disability.pension,employees,f,48,THA,22
2022,disability.pension,employees,f,58,THA,6
2022,disability.pension,employees,f,16,UKR,8
2022,disability.pension,employees,f,53,MNG,3
2022,disability.pension,employees,m,36,ALB,11
2022,disability.pension,employees,f,37,ZWE,23
2022,disability.pension,employees,m,62,DNK,5
2022,disability.pension,employees,m,56,IRL,6
2022,disability.pension,employees,m,53,BOL,1
2022,disability.pension,employees,m,45,CHN,53
2022,disability.pension,employees,m,20,DEU,8
2022,disability.pension,employees,m,44,USA,23
2022,disability.pension,employees,f,27,UKR,3
2022,disability.pension,employees,m,78,SYR,1
2022,disability.pension,employees,m,48,RUS,132
2022,disability.pension,employees,f,61,UKR,45
2022,disability.pension,employees,m,47,GBR,47
2022,disability.pension,employees,m,60,NLD,4
2022,disability.pension,employees,f,38,FRA,10
2022,disability.pension,employees,f,81,USA,1
2022,disability.pension,employees,m,68,DNK,2
2022,disability.pension,employees,m,49,MEX,8
2022,disability.pension,employees,m,6,UKR,5
2022,disability.pension,employees,f,60,MNG,4
2022,disability.pension,employees,m,66,RUS,4
2022,disability.pension,employees,m,61,IRL,4
2022,disability.pension,employees,f,24,BLR,148
2022,disability.pension,employees,m,69,BEL,2
2022,disability.pension,employees,m,52,NOR,5
2022,disability.pension,employees,f,49,DEU,10
2022,disability.pension,employees,m,34,VEN,2
2022,disability.pension,employees,m,59,COL,2
2022,disability.pension,employees,m,27,COL,59
2022,disability.pension,employees,m,51,NLD,23
2022,disability.pension,employees,f,38,ROU,36
2022,disability.pension,employees,f,47,GEO,154
2022,disability.pension,employees,f,62,GEO,23
2022,disability.pension,employees,f,56,GEO,76
2022,disability.pension,employees,m,38,DEU,35
2022,disability.pension,employees,m,42,SYR,11
2022,disability.pension,employees,m,43,HUN,26
2022,disability.pension,employees,m,33,HUN,37
2022,disability.pension,employees,m,47,BGD,17
2022,disability.pension,employees,m,23,UKR,10
2022,disability.pension,employees,f,60,RUS,33
2022,disability.pension,employees,f,56,RUS,14
2022,disability.pension,employees,m,48,SWE,6
2022,disability.pension,employees,f,22,MDA,104
2022,disability.pension,employees,m,42,HTI,2
2022,disability.pension,employees,m,46,DNK,4
2022,disability.pension,employees,m,53,ITA,12
2022,disability.pension,employees,m,54,NLD,18
2022,disability.pension,employees,m,43,CHN,61
2022,disability.pension,employees,f,34,BLR,9
2022,disability.pension,employees,m,53,GBR,61
2022,disability.pension,employees,f,37,ROU,38
2022,disability.pension,employees,f,38,PHL,18
2022,disability.pension,employees,m,51,PRT,10
2022,disability.pension,employees,m,54,ZAF,2
2022,disability.pension,employees,f,39,CHN,55
2022,disability.pension,employees,m,25,ARM,30
2022,disability.pension,employees,m,23,TUN,9
2022,disability.pension,employees,m,47,SVK,16
2022,disability.pension,employees,m,35,SAU,2
2022,disability.pension,employees,m,40,SWE,11
2022,disability.pension,employees,m,58,GBR,2
2022,disability.pension,employees,f,59,BLR,16
2022,disability.pension,employees,m,33,ARM,46
2022,disability.pension,employees,m,40,TUN,26
2022,disability.pension,employees,m,35,IRQ,2
2022,disability.pension,employees,f,68,ARM,4
2022,disability.pension,employees,m,35,ARM,6
2022,disability.pension,employees,f,26,ARM,15
2022,disability.pension,employees,f,28,UZB,13
2022,disability.pension,employees,m,39,IRQ,12
2022,disability.pension,employees,m,47,ALB,7
2022,disability.pension,employees,m,42,VNM,99
2022,disability.pension,employees,m,37,BGD,138
2022,disability.pension,employees,f,29,AZE,38
2022,disability.pension,employees,m,28,JOR,20
2022,disability.pension,employees,f,30,MAR,12
2022,disability.pension,employees,m,35,PSE,1
2022,disability.pension,employees,m,24,PSE,5
2022,disability.pension,employees,m,63,GEO,71
2022,disability.pension,employees,f,22,BLR,6
2022,disability.pension,employees,f,1,UKR,12
2022,disability.pension,employees,f,46,KWT,1
2022,disability.pension,employees,m,26,BRA,19
2022,disability.pension,employees,f,44,BRA,4
2022,disability.pension,employees,f,25,BRA,14
2022,disability.pension,employees,f,82,ARM,1
2022,disability.pension,employees,m,47,LTU,11
2022,disability.pension,employees,m,53,NLD,27
2022,disability.pension,employees,m,27,VNM,10
2022,disability.pension,employees,m,43,USA,23
2022,disability.pension,employees,m,55,DEU,48
2022,disability.pension,employees,m,39,USA,20
2022,disability.pension,employees,f,33,MNG,2
2022,disability.pension,employees,m,34,TUN,32
2022,disability.pension,employees,m,35,AFG,15
2022,disability.pension,employees,m,23,AFG,16
2022,disability.pension,employees,f,40,GBR,15
2022,disability.pension,employees,f,46,CZE,8
2022,disability.pension,employees,m,54,SVN,3
2022,disability.pension,employees,f,54,MDA,53
2022,disability.pension,employees,f,38,MDA,131
2022,disability.pension,employees,f,28,MDA,98
2022,disability.pension,employees,m,16,MDA,5
2022,disability.pension,employees,f,55,MDA,38
2022,disability.pension,employees,f,63,MDA,4
2022,disability.pension,employees,f,43,ARM,32
2022,disability.pension,employees,m,36,BEL,12
2022,disability.pension,employees,m,28,BGR,30
2022,disability.pension,employees,m,40,BGR,42
2022,disability.pension,employees,m,36,BGR,24
2022,disability.pension,employees,m,42,ROU,10
2022,disability.pension,employees,m,38,BGR,42
2022,disability.pension,employees,m,49,ROU,64
2022,disability.pension,employees,m,49,ROU,12
2022,disability.pension,employees,m,22,BGR,10
2022,disability.pension,employees,m,23,BGR,14
2022,disability.pension,employees,m,37,ROU,87
2022,disability.pension,employees,m,50,BGR,33
2022,disability.pension,employees,m,40,ROU,92
2022,disability.pension,employees,m,37,BGR,33
2022,disability.pension,employees,f,39,DEU,13
2022,disability.pension,employees,m,30,ETH,20
2022,disability.pension,employees,m,23,ETH,27
2022,disability.pension,employees,m,24,ETH,26
2022,disability.pension,employees,m,32,ETH,11
2022,disability.pension,employees,m,28,BLR,30
2022,disability.pension,employees,f,30,DEU,17
2022,disability.pension,employees,m,53,USA,16
2022,disability.pension,employees,f,53,THA,12
2022,disability.pension,employees,f,56,THA,10
2022,disability.pension,employees,f,42,THA,2
2022,disability.pension,employees,f,29,THA,8
2022,disability.pension,employees,f,46,THA,19
2022,disability.pension,employees,m,64,DEU,42
2022,disability.pension,employees,m,44,UKR,2
2022,disability.pension,employees,m,34,FRA,79
2022,disability.pension,employees,m,64,SWE,5
2022,disability.pension,employees,f,61,UKR,288
2022,disability.pension,employees,m,39,KEN,10
2022,disability.pension,employees,m,33,HRV,18
2022,disability.pension,employees,m,45,LTU,22
2022,disability.pension,employees,m,40,AUS,5
2022,disability.pension,employees,f,33,UKR,6
2022,disability.pension,employees,m,35,HRV,16
2022,disability.pension,employees,m,43,MDA,24
2022,disability.pension,employees,m,38,LTU,2
2022,disability.pension,employees,f,32,UKR,2
2022,disability.pension,employees,m,48,NER,4
2022,disability.pension,employees,f,30,RUS,14
2022,disability.pension,employees,m,72,VNM,1
2022,disability.pension,employees,m,35,GBR,44
2022,disability.pension,employees,m,58,HRV,2
2022,disability.pension,employees,m,61,DNK,9
2022,disability.pension,employees,m,40,ITA,131
2022,disability.pension,employees,m,51,DEU,61
2022,disability.pension,employees,m,58,FRA,4
2022,disability.pension,employees,m,52,FRA,34
2022,disability.pension,employees,m,27,FRA,63
2022,disability.pension,employees,m,46,FRA,37
2022,disability.pension,employees,f,39,CZE,18
2022,disability.pension,employees,m,39,COL,28
2022,disability.pension,employees,m,46,NLD,20
2022,disability.pension,employees,m,57,NLD,17
2022,disability.pension,employees,f,39,BLR,96
2022,disability.pension,employees,m,29,UKR,2
2022,disability.pension,employees,m,35,RUS,22
2022,disability.pension,employees,f,27,ITA,56
2022,disability.pension,employees,m,22,UKR,6
2022,disability.pension,employees,m,45,LTU,6
2022,disability.pension,employees,f,33,ROU,4
2022,disability.pension,employees,m,51,KAZ,20
2022,disability.pension,employees,m,37,ALB,11
2022,disability.pension,employees,m,28,IND,126
2022,disability.pension,employees,f,38,MEX,2
2022,disability.pension,employees,m,40,ESP,6
2022,disability.pension,employees,f,24,IND,80
2022,disability.pension,employees,f,32,COL,2
2022,disability.pension,employees,m,58,SWE,8
2022,disability.pension,employees,f,71,BLR,8
2022,disability.pension,employees,m,24,NOR,2
2022,disability.pension,employees,f,53,UKR,129
2022,disability.pension,employees,f,43,UKR,10
2022,disability.pension,employees,m,44,CAN,4
2022,disability.pension,employees,m,34,MDA,36
2022,disability.pension,employees,m,26,LTU,16
2022,disability.pension,employees,m,45,CHE,3
2022,disability.pension,employees,m,57,UKR,2
2022,disability.pension,employees,m,44,TUN,13
2022,disability.pension,employees,m,56,DNK,12
2022,disability.pension,employees,f,43,CHL,2
2022,disability.pension,employees,f,42,CUB,2
2022,disability.pension,employees,m,33,CZE,24
2022,disability.pension,employees,f,61,ISR,2
2022,disability.pension,employees,m,61,ISR,3
2022,disability.pension,employees,f,64,BLR,26
2022,disability.pension,employees,m,32,EST,5
2022,disability.pension,employees,m,35,SWE,2
2022,disability.pension,employees,f,37,LTU,2
2022,disability.pension,employees,f,32,KAZ,29
2022,disability.pension,employees,f,30,GEO,140
2022,disability.pension,employees,m,49,IRL,13
2022,disability.pension,employees,m,38,IRL,11
2022,disability.pension,employees,f,31,ZAF,11
2022,disability.pension,employees,m,56,FIN,3
2022,disability.pension,employees,m,63,KAZ,2
2022,disability.pension,employees,m,39,IDN,85
2022,disability.pension,employees,m,28,IDN,175
2022,disability.pension,employees,m,44,IDN,50
2022,disability.pension,employees,m,43,IDN,78
2022,disability.pension,employees,m,36,IDN,16
2022,disability.pension,employees,m,35,IDN,12
2022,disability.pension,employees,m,24,IDN,159
2022,disability.pension,employees,m,31,IDN,128
2022,disability.pension,employees,f,69,RUS,6
2022,disability.pension,employees,m,50,GBR,53
2022,disability.pension,employees,m,47,MDA,2
2022,disability.pension,employees,m,24,RUS,8
2022,disability.pension,employees,m,25,UZB,20
2022,disability.pension,employees,f,26,UZB,17
2022,disability.pension,employees,m,48,NLD,19
2022,disability.pension,employees,m,76,LTU,2
2022,disability.pension,employees,m,37,FRA,69
2022,disability.pension,employees,m,50,THA,4
2022,disability.pension,employees,m,40,THA,14
2022,disability.pension,employees,m,38,THA,4
2022,disability.pension,employees,m,27,THA,8
2022,disability.pension,employees,f,73,RUS,2
2022,disability.pension,employees,m,17,UKR,40
2022,disability.pension,employees,m,32,ITA,162
2022,disability.pension,employees,f,61,CHE,1
2022,disability.pension,employees,m,25,GBR,20
2022,disability.pension,employees,m,28,AUT,7
2022,disability.pension,employees,f,33,BGR,26
2022,disability.pension,employees,m,54,FRA,27
2022,disability.pension,employees,f,37,THA,10
2022,disability.pension,employees,m,58,GRC,7
2022,disability.pension,employees,f,62,KAZ,4
2022,disability.pension,employees,m,24,IRN,10
2022,disability.pension,employees,m,25,IRN,13
2022,disability.pension,employees,f,25,IRN,7
2022,disability.pension,employees,f,29,IRN,14
2022,disability.pension,employees,m,32,LTU,31
2022,disability.pension,employees,m,42,EGY,28
2022,disability.pension,employees,m,27,TUN,17
2022,disability.pension,employees,m,55,BGD,2
2022,disability.pension,employees,m,34,RUS,28
2022,disability.pension,employees,m,48,FRA,36
2022,disability.pension,employees,m,31,PRT,54
2022,disability.pension,employees,f,31,GEO,133
2022,disability.pension,employees,m,59,GEO,30
2022,disability.pension,employees,m,41,SWE,7
2022,disability.pension,employees,m,47,FRA,4
2022,disability.pension,employees,m,43,RUS,20
2022,disability.pension,employees,m,59,RUS,50
2022,disability.pension,employees,m,48,RUS,24
2022,disability.pension,employees,m,39,THA,8
2022,disability.pension,employees,f,32,THA,10
2022,disability.pension,employees,m,61,ITA,34
2022,disability.pension,employees,m,56,DEU,51
2022,disability.pension,employees,f,40,IRL,4
2022,disability.pension,employees,m,36,NLD,33
2022,disability.pension,employees,m,24,TUR,10
2022,disability.pension,employees,m,24,ALB,8
2022,disability.pension,employees,m,22,RUS,8
2022,disability.pension,employees,m,26,ALB,17
2022,disability.pension,employees,m,59,ROU,18
2022,disability.pension,employees,m,38,SWE,12
2022,disability.pension,employees,f,33,KAZ,36
2022,disability.pension,employees,f,36,ROU,44
2022,disability.pension,employees,f,53,UKR,6
2022,disability.pension,employees,m,36,ITA,136
2022,disability.pension,employees,m,40,USA,21
2022,disability.pension,employees,m,34,IRL,12
2022,disability.pension,employees,m,33,CUB,14
2022,disability.pension,employees,m,45,SVK,22
2022,disability.pension,employees,m,41,FRA,8
2022,disability.pension,employees,f,29,RUS,16
2022,disability.pension,employees,m,34,BRA,62
2022,disability.pension,employees,m,25,BRA,17
2022,disability.pension,employees,m,35,FRA,68
2022,disability.pension,employees,m,27,CHN,4
2022,disability.pension,employees,f,28,COL,19
2022,disability.pension,employees,m,30,FRA,78
2022,disability.pension,employees,m,42,NZL,2
2022,disability.pension,employees,m,25,DNK,2
2022,disability.pension,employees,f,23,NGA,7
2022,disability.pension,employees,f,28,HND,2
2022,disability.pension,employees,f,62,MNG,1
2022,disability.pension,employees,m,42,TZA,1
2022,disability.pension,employees,f,123,BLR,4
2022,disability.pension,employees,f,46,JPN,4
2022,disability.pension,employees,m,22,LVA,11
2022,disability.pension,employees,m,30,ESP,109
2022,disability.pension,employees,m,55,FRA,24
2022,disability.pension,employees,m,22,SVN,3
2022,disability.pension,employees,m,28,SWE,17
2022,disability.pension,employees,m,29,DNK,9
2022,disability.pension,employees,m,50,IRL,5
2022,disability.pension,employees,f,31,UKR,4
2022,disability.pension,employees,f,21,JOR,2
2022,disability.pension,employees,f,18,UKR,4
2022,disability.pension,employees,f,17,UKR,24
2022,disability.pension,employees,m,45,ESP,32
2022,disability.pension,employees,m,63,UKR,21
2022,disability.pension,employees,m,28,NLD,19
2022,disability.pension,employees,f,35,ITA,19
2022,disability.pension,employees,f,24,IDN,41
2022,disability.pension,employees,f,53,SWE,2
2022,disability.pension,employees,f,44,FRA,12
2022,disability.pension,employees,f,51,CHN,34
2022,disability.pension,employees,m,35,FRA,12
2022,disability.pension,employees,f,64,GEO,11
2022,disability.pension,employees,m,49,UZB,57
2022,disability.pension,employees,m,29,NGA,6
2022,disability.pension,employees,m,30,BRA,4
2022,disability.pension,employees,m,34,COL,54
2022,disability.pension,employees,m,45,GBR,8
2022,disability.pension,employees,f,28,LTU,24
2022,disability.pension,employees,m,29,LBN,4
2022,disability.pension,employees,f,47,KAZ,4
2022,disability.pension,employees,f,31,IRN,20
2022,disability.pension,employees,f,30,ZWE,34
2022,disability.pension,employees,m,70,FRA,2
2022,disability.pension,employees,m,37,SYR,9
2022,disability.pension,employees,m,19,TUR,38
2022,disability.pension,employees,f,51,DEU,11
2022,disability.pension,employees,m,25,BRA,4
2022,disability.pension,employees,m,40,EGY,2
2022,disability.pension,employees,m,37,ESP,71
2022,disability.pension,employees,m,35,IRN,10
2022,disability.pension,employees,m,34,IRN,3
2022,disability.pension,employees,m,36,ZAF,4
2022,disability.pension,employees,m,57,DEU,6
2022,disability.pension,employees,m,24,SWE,7
2022,disability.pension,employees,m,36,HRV,14
2022,disability.pension,employees,m,26,HRV,7
2022,disability.pension,employees,m,32,HRV,12
2022,disability.pension,employees,m,32,IND,90
2022,disability.pension,employees,m,21,AFG,8
2022,disability.pension,employees,m,43,IRN,2
2022,disability.pension,employees,m,29,PAK,20
2022,disability.pension,employees,f,32,IRN,15
2022,disability.pension,employees,m,22,IRN,7
2022,disability.pension,employees,f,23,IRN,3
2022,disability.pension,employees,f,31,EST,2
2022,disability.pension,employees,m,43,ROU,10
2022,disability.pension,employees,f,22,IRN,5
2022,disability.pension,employees,f,40,CZE,18
2022,disability.pension,employees,f,21,IRQ,2
2022,disability.pension,employees,m,63,GEO,20
2022,disability.pension,employees,m,23,USA,2
2022,disability.pension,employees,m,29,NGA,20
2022,disability.pension,employees,m,35,USA,32
2022,disability.pension,employees,f,25,IND,95
2022,disability.pension,employees,m,33,LKA,8
2022,disability.pension,employees,m,28,VNM,2
2022,disability.pension,employees,m,40,NGA,17
2022,disability.pension,employees,m,62,ROU,12
2022,disability.pension,employees,m,27,PRT,44
2022,disability.pension,employees,m,50,CHL,2
2022,disability.pension,employees,f,31,LTU,37
2022,disability.pension,employees,m,37,LVA,13
2022,disability.pension,employees,m,49,CHN,47
2022,disability.pension,employees,f,29,GBR,9
2022,disability.pension,employees,f,35,FIN,4
2022,disability.pension,employees,m,29,IRN,18
2022,disability.pension,employees,f,34,PER,5
2022,disability.pension,employees,m,42,BGR,39
2022,disability.pension,employees,m,28,DEU,27
2022,disability.pension,employees,f,26,USA,15
2022,disability.pension,employees,m,20,IRN,5
2022,disability.pension,employees,f,34,BRA,2
2022,disability.pension,employees,m,31,PAK,8
2022,disability.pension,employees,m,31,FRA,83
2022,disability.pension,employees,f,38,RUS,26
2022,disability.pension,employees,f,27,IDN,12
2022,disability.pension,employees,m,38,SLV,2
2022,disability.pension,employees,f,32,DEU,4
2022,disability.pension,employees,m,20,SYR,4
2022,disability.pension,employees,m,57,THA,3
2022,disability.pension,employees,m,49,THA,6
2022,disability.pension,employees,f,51,MDA,79
2022,disability.pension,employees,m,22,GEO,70
2022,disability.pension,employees,m,22,GEO,9
2022,disability.pension,employees,f,19,NER,1
2022,disability.pension,employees,m,24,BOL,1
2022,disability.pension,employees,f,35,ESP,11
2022,disability.pension,employees,f,18,BLR,12
2022,disability.pension,employees,f,24,IRN,3
2022,disability.pension,employees,m,20,EGY,7
2022,disability.pension,employees,f,20,CAN,2
2022,disability.pension,employees,m,29,FRA,79
2022,disability.pension,employees,m,31,KEN,4
2022,disability.pension,employees,f,29,ALB,2
2022,disability.pension,employees,m,34,IRQ,2
2022,disability.pension,employees,f,20,PAK,3
2022,disability.pension,employees,m,30,ETH,4
2022,disability.pension,employees,f,18,NGA,2
2022,disability.pension,employees,m,32,IRN,20
2022,disability.pension,employees,f,30,TUN,2
2022,disability.pension,employees,m,20,LBN,4
2022,disability.pension,employees,m,21,IRN,1
2022,disability.pension,employees,m,29,CAN,9
2022,disability.pension,employees,f,29,BGR,19
2022,disability.pension,employees,m,32,PAK,46
2022,disability.pension,employees,m,21,IRQ,2
2022,disability.pension,employees,m,37,MEX,21
2022,disability.pension,employees,m,65,SWE,4
2022,disability.pension,employees,m,47,BEL,7
2022,disability.pension,employees,f,24,ESP,16
2022,disability.pension,employees,f,31,ESP,31
2022,disability.pension,employees,m,51,IDN,8
2022,disability.pension,employees,m,45,DEU,4
2022,disability.pension,employees,m,32,PAK,12
2022,disability.pension,employees,f,20,IND,14
2022,disability.pension,employees,m,27,NLD,18
2022,disability.pension,employees,m,38,IND,72
2022,disability.pension,employees,m,53,RUS,3
2022,disability.pension,employees,f,34,NGA,10
2022,disability.pension,employees,f,30,NGA,28
2022,disability.pension,employees,m,27,NGA,3
2022,disability.pension,employees,m,42,USA,14
2022,disability.pension,employees,f,21,TUR,7
2022,disability.pension,employees,f,29,IND,22
2022,disability.pension,employees,m,25,COG,8
2022,disability.pension,employees,f,37,VNM,74
2022,disability.pension,employees,m,27,PAK,10
2022,disability.pension,employees,f,23,ZAF,3
2022,disability.pension,employees,m,64,ISR,3
2022,disability.pension,employees,f,27,PAK,6
2022,disability.pension,employees,m,27,AZE,16
2022,disability.pension,employees,m,25,PAK,4
2022,disability.pension,employees,m,29,IRN,14
2022,disability.pension,employees,m,30,ALB,15
2022,disability.pension,employees,m,26,SWE,8
2022,disability.pension,employees,f,30,IND,22
2022,disability.pension,employees,m,33,PRT,76
2022,disability.pension,employees,f,26,KAZ,50
2022,disability.pension,employees,m,53,PRT,11
2022,disability.pension,employees,m,30,PER,2
2022,disability.pension,employees,f,33,LTU,4
2022,disability.pension,employees,m,24,LBN,11
2022,disability.pension,employees,f,22,ESP,12
2022,disability.pension,employees,f,46,GBR,6
2022,disability.pension,employees,m,42,SWE,4
2022,disability.pension,employees,m,57,LUX,1
2022,disability.pension,employees,m,25,LTU,16
2022,disability.pension,employees,f,54,UKR,102
2022,disability.pension,employees,f,31,BRA,32
2022,disability.pension,employees,m,19,NGA,4
2022,disability.pension,employees,m,21,KAZ,39
2022,disability.pension,employees,f,28,LTU,3
2022,disability.pension,employees,m,26,LBN,17
2022,disability.pension,employees,m,21,SDN,1
2022,disability.pension,employees,f,26,BLR,21
2022,disability.pension,employees,m,23,RWA,40
2022,disability.pension,employees,m,30,RUS,26
2022,disability.pension,employees,m,23,BRA,9
2022,disability.pension,employees,f,37,BLR,72
2022,disability.pension,employees,m,34,FIN,13
2022,disability.pension,employees,m,32,TZA,7
2022,disability.pension,employees,f,35,THA,6
2022,disability.pension,employees,m,47,TUN,5
2022,disability.pension,employees,m,45,LVA,19
2022,disability.pension,employees,f,32,LKA,3
2022,disability.pension,employees,m,56,NLD,25
2022,disability.pension,employees,f,24,PAK,2
2022,disability.pension,employees,m,26,CMR,10
2022,disability.pension,employees,m,20,GHA,2
2022,disability.pension,employees,m,40,BEL,13
2022,disability.pension,employees,f,30,IND,182
2022,disability.pension,employees,m,36,ESP,85
2022,disability.pension,employees,m,27,AUT,7
2022,disability.pension,employees,m,31,RUS,26
2022,disability.pension,employees,m,21,GHA,2
2022,disability.pension,employees,m,52,HRV,4
2022,disability.pension,employees,m,26,EGY,47
2022,disability.pension,employees,m,39,SWE,6
2022,disability.pension,employees,f,20,RUS,4
2022,disability.pension,employees,f,35,CHN,64
2022,disability.pension,employees,m,38,FRA,3
2022,disability.pension,employees,m,72,UKR,40
2022,disability.pension,employees,m,21,EGY,7
2022,disability.pension,employees,m,29,IND,100
2022,disability.pension,employees,f,24,GBR,5
2022,disability.pension,employees,m,22,RWA,49
2022,disability.pension,employees,f,36,LTU,24
2022,disability.pension,employees,f,26,IND,30
2022,disability.pension,employees,m,25,SGP,1
2022,disability.pension,employees,m,42,CHL,5
2022,disability.pension,employees,f,25,EST,1
2022,disability.pension,employees,f,40,DEU,2
2022,disability.pension,employees,f,31,RUS,20
2022,disability.pension,employees,m,27,CHN,67
2022,disability.pension,employees,f,19,ZWE,10
2022,disability.pension,employees,m,28,IRN,20
2022,disability.pension,employees,m,20,TUN,2
2022,disability.pension,employees,f,26,IRN,4
2022,disability.pension,employees,m,22,IND,22
2022,disability.pension,employees,m,31,IRN,12
2022,disability.pension,employees,f,29,PAK,6
2022,disability.pension,employees,m,20,YEM,2
2022,disability.pension,employees,m,36,IRN,8
2022,disability.pension,employees,m,29,GBR,40
2022,disability.pension,employees,f,36,IRN,4
2022,disability.pension,employees,f,26,LBN,4
2022,disability.pension,employees,f,22,IND,36
2022,disability.pension,employees,m,26,FRA,44
2022,disability.pension,employees,f,21,ETH,4
2022,disability.pension,employees,m,38,CAN,3
2022,disability.pension,employees,m,33,SDN,4
2022,disability.pension,employees,m,28,ETH,12
2022,disability.pension,employees,f,20,IRN,3
2022,disability.pension,employees,m,19,CAN,2
2022,disability.pension,employees,f,22,ISR,2
2022,disability.pension,employees,m,25,IND,98
2022,disability.pension,employees,m,32,BEL,17
2022,disability.pension,employees,f,51,LTU,2
2022,disability.pension,employees,m,23,SWE,7
2022,disability.pension,employees,m,20,KGZ,20
2022,disability.pension,employees,m,24,ITA,59
2022,disability.pension,employees,m,24,AZE,12
2022,disability.pension,employees,m,32,PRT,10
2022,disability.pension,employees,f,27,IND,28
2022,disability.pension,employees,f,50,LVA,4
2022,disability.pension,employees,m,42,MEX,2
2022,disability.pension,employees,f,22,CHN,20
2022,disability.pension,employees,f,23,CHN,19
2022,disability.pension,employees,m,64,UKR,18
2022,disability.pension,employees,f,39,PAK,2
2022,disability.pension,employees,m,30,GBR,46
2022,disability.pension,employees,f,25,IND,24
2022,disability.pension,employees,f,23,VNM,54
2022,disability.pension,employees,m,29,ETH,10
2022,disability.pension,employees,m,36,BGD,14
2022,disability.pension,employees,m,26,AUT,4
2022,disability.pension,employees,f,20,CHN,13
2022,disability.pension,employees,f,32,SDN,1
2022,disability.pension,employees,m,19,NER,1
2022,disability.pension,employees,m,18,AUT,1
2022,disability.pension,employees,m,24,IND,343
2022,disability.pension,employees,f,19,NGA,1
2022,disability.pension,employees,m,47,UKR,6
2022,disability.pension,employees,m,27,IRN,4
2022,disability.pension,employees,f,21,ZAF,1
2022,disability.pension,employees,f,25,TZA,5
2022,disability.pension,employees,f,18,RUS,17
2022,disability.pension,employees,m,39,ITA,104
2022,disability.pension,employees,f,53,DEU,11
2022,disability.pension,employees,m,38,NPL,71
2022,disability.pension,employees,m,48,CUB,5
2022,disability.pension,employees,f,27,BLR,3
2022,disability.pension,employees,m,22,MDA,28
2022,disability.pension,employees,m,46,UKR,28
2022,disability.pension,employees,f,46,UKR,28
2022,disability.pension,employees,f,22,ROU,9
2022,disability.pension,employees,f,25,PHL,4
2022,disability.pension,employees,f,42,PHL,112
2022,disability.pension,employees,f,39,UKR,25
2022,disability.pension,employees,m,38,GEO,124
2022,disability.pension,employees,m,41,UKR,16
2022,disability.pension,employees,m,34,IDN,113
2022,disability.pension,employees,m,26,IDN,163
2022,disability.pension,employees,m,29,IDN,38
2022,disability.pension,employees,m,26,IDN,38
2022,disability.pension,employees,m,51,GEO,6
2022,disability.pension,employees,f,25,IDN,4
2022,disability.pension,employees,m,25,IDN,40
2022,disability.pension,employees,m,27,IDN,44
2022,disability.pension,employees,m,23,IDN,36
2022,disability.pension,employees,m,28,MKD,6
2022,disability.pension,employees,f,45,GEO,18
2022,disability.pension,employees,m,31,IDN,30
2022,disability.pension,employees,m,42,IDN,10
2022,disability.pension,employees,m,22,IDN,18
2022,disability.pension,employees,m,21,IDN,30
2022,disability.pension,employees,m,20,IDN,12
2022,disability.pension,employees,m,33,IDN,114
2022,disability.pension,employees,m,48,IDN,25
2022,disability.pension,employees,f,37,IDN,31
2022,disability.pension,employees,m,33,IDN,26
2022,disability.pension,employees,m,37,IDN,24
2022,disability.pension,employees,m,50,IDN,4
2022,disability.pension,employees,m,38,IDN,14
2022,disability.pension,employees,m,47,IDN,8
2022,disability.pension,employees,m,27,IDN,170
2022,disability.pension,employees,m,21,IDN,119
2022,disability.pension,employees,m,24,IDN,26
2022,disability.pension,employees,m,23,IDN,185
2022,disability.pension,employees,m,30,IDN,107
2022,disability.pension,employees,m,29,IDN,151
2022,disability.pension,employees,m,52,IDN,2
2022,disability.pension,employees,f,38,IDN,33
2022,disability.pension,employees,f,21,IDN,46
2022,disability.pension,employees,m,25,IDN,175
2022,disability.pension,employees,m,41,IDN,16
2022,disability.pension,employees,f,33,IDN,2
2022,disability.pension,employees,f,20,IDN,8
2022,disability.pension,employees,f,23,IDN,8
2022,disability.pension,employees,m,30,IDN,26
2022,disability.pension,employees,m,34,IDN,20
2022,disability.pension,employees,m,44,IDN,14
2022,disability.pension,employees,m,19,IDN,23
2022,disability.pension,employees,m,46,IDN,43
2022,disability.pension,employees,f,42,ROU,20
2022,disability.pension,employees,m,52,UKR,87
2022,disability.pension,employees,m,66,UKR,24
2022,disability.pension,employees,m,51,UKR,81
2022,disability.pension,employees,m,55,CUB,2
2022,disability.pension,employees,m,40,ZAF,9
2022,disability.pension,employees,m,38,MEX,26
2022,disability.pension,employees,f,51,UKR,180
2022,disability.pension,employees,f,62,LTU,2
2022,disability.pension,employees,m,55,BGR,21
2022,disability.pension,employees,f,20,BGR,14
2022,disability.pension,employees,f,40,UKR,2
2022,disability.pension,employees,m,48,LTU,19
2022,disability.pension,employees,f,46,BGR,22
2022,disability.pension,employees,f,14,RUS,3
2022,disability.pension,employees,m,31,NPL,12
2022,disability.pension,employees,f,36,ITA,29
2022,disability.pension,employees,f,31,ALB,2
2022,disability.pension,employees,m,30,ZAF,7
2022,disability.pension,employees,m,32,USA,27
2022,disability.pension,employees,f,59,USA,4
2022,disability.pension,employees,f,23,USA,10
2022,disability.pension,employees,m,45,BGR,40
2022,disability.pension,employees,f,61,BGR,8
2022,disability.pension,employees,m,46,AUS,4
2022,disability.pension,employees,m,62,DEU,52
2022,disability.pension,employees,m,60,NLD,14
2022,disability.pension,employees,f,17,ESP,1
2022,disability.pension,employees,f,66,UKR,62
2022,disability.pension,employees,m,68,UKR,26
2022,disability.pension,employees,f,69,BGR,3
2022,disability.pension,employees,m,49,BGR,26
2022,disability.pension,employees,f,52,CHN,22
2022,disability.pension,employees,f,60,BGR,10
2022,disability.pension,employees,m,42,NPL,49
2022,disability.pension,employees,m,45,HUN,17
2022,disability.pension,employees,m,48,NPL,15
2022,disability.pension,employees,f,54,NLD,1
2022,disability.pension,employees,m,39,LKA,5
2022,disability.pension,employees,m,29,SLE,1
2022,disability.pension,employees,f,37,BGR,21
2022,disability.pension,employees,f,31,BGR,26
2022,disability.pension,employees,m,47,CHN,49
2022,disability.pension,employees,f,54,BGR,10
2022,disability.pension,employees,f,43,BGR,18
2022,disability.pension,employees,m,65,BGR,8
2022,disability.pension,employees,f,30,BGR,22
2022,disability.pension,employees,m,40,MDA,24
2022,disability.pension,employees,m,58,BGR,22
2022,disability.pension,employees,m,58,VNM,49
2022,disability.pension,employees,f,34,MKD,2
2022,disability.pension,employees,f,42,UKR,8
2022,disability.pension,employees,m,52,ESP,27
2022,disability.pension,employees,f,34,NLD,4
2022,disability.pension,employees,f,46,DEU,15
2022,disability.pension,employees,m,56,TUR,37
2022,disability.pension,employees,m,49,TUR,102
2022,disability.pension,employees,m,38,LTU,41
2022,disability.pension,employees,f,28,BGR,16
2022,disability.pension,employees,m,62,HRV,4
2022,disability.pension,employees,f,47,BGR,8
2022,disability.pension,employees,m,42,IND,70
2022,disability.pension,employees,m,56,IND,12
2022,disability.pension,employees,m,26,TJK,36
2022,disability.pension,employees,f,63,BGR,8
2022,disability.pension,employees,m,69,BGR,6
2022,disability.pension,employees,m,30,VNM,130
2022,disability.pension,employees,f,58,BGR,17
2022,disability.pension,employees,f,62,BGR,10
2022,disability.pension,employees,f,59,UKR,78
2022,disability.pension,employees,m,57,UKR,16
2022,disability.pension,employees,f,42,BLR,6
2022,disability.pension,employees,m,44,MDA,30
2022,disability.pension,employees,m,25,UKR,2
2022,disability.pension,employees,m,24,MDA,2
2022,disability.pension,employees,f,23,GEO,72
2022,disability.pension,employees,m,51,AZE,17
2022,disability.pension,employees,f,26,GEO,118
2022,disability.pension,employees,f,53,ROU,36
2022,disability.pension,employees,f,26,MDA,114
2022,disability.pension,employees,f,25,GEO,99
2022,disability.pension,employees,m,30,NLD,2
2022,disability.pension,employees,m,57,DEU,42
2022,disability.pension,employees,f,31,MEX,15
2022,disability.pension,employees,m,26,MDA,9
2022,disability.pension,employees,m,7,BLR,2
2022,disability.pension,employees,m,67,MDA,6
2022,disability.pension,employees,f,38,IND,64
2022,disability.pension,employees,f,29,IND,147
2022,disability.pension,employees,f,47,IND,8
2022,disability.pension,employees,f,39,IND,54
2022,disability.pension,employees,m,39,IND,86
2022,disability.pension,employees,f,57,MDA,23
2022,disability.pension,employees,m,48,MDA,14
2022,disability.pension,employees,m,75,DEU,11
2022,disability.pension,employees,m,30,PRT,44
2022,disability.pension,employees,m,55,NLD,21
2022,disability.pension,employees,m,52,DEU,6
2022,disability.pension,employees,f,48,DEU,12
2022,disability.pension,employees,m,42,HUN,25
2022,disability.pension,employees,f,26,DEU,15
2022,disability.pension,employees,m,19,BGR,7
2022,disability.pension,employees,m,15,BGR,2
2022,disability.pension,employees,m,59,MDA,56
2022,disability.pension,employees,m,41,CHN,4
2022,disability.pension,employees,m,37,LTU,28
2022,disability.pension,employees,m,63,HRV,1
2022,disability.pension,employees,f,49,BGR,14
2022,disability.pension,employees,m,24,BGR,16
2022,disability.pension,employees,m,28,RUS,18
2022,disability.pension,employees,m,41,TJK,17
2022,disability.pension,employees,m,42,PSE,1
2022,disability.pension,employees,m,27,LTU,23
2022,disability.pension,employees,m,24,BLR,12
2022,disability.pension,employees,m,58,LTU,7
2022,disability.pension,employees,m,53,LVA,11
2022,disability.pension,employees,m,50,NLD,27
2022,disability.pension,employees,m,68,BGR,5
2022,disability.pension,employees,m,38,FRA,76
2022,disability.pension,employees,m,53,ROU,69
2022,disability.pension,employees,m,46,USA,21
2022,disability.pension,employees,m,61,AUS,2
2022,disability.pension,employees,f,36,USA,9
2022,disability.pension,employees,m,50,USA,22
2022,disability.pension,employees,m,21,COL,23
2022,disability.pension,employees,m,45,ZAF,4
2022,disability.pension,employees,m,32,KAZ,49
2022,disability.pension,employees,m,30,KAZ,46
2022,disability.pension,employees,m,28,LBN,21
2022,disability.pension,employees,f,24,TUN,2
2022,disability.pension,employees,m,60,USA,16
2022,disability.pension,employees,m,61,GRC,5
2022,disability.pension,employees,m,54,ETH,1
2022,disability.pension,employees,m,39,URY,4
2022,disability.pension,employees,m,62,ESP,2
2022,disability.pension,employees,m,36,LTU,8
2022,disability.pension,employees,m,35,MKD,7
2022,disability.pension,employees,f,35,BGR,2
2022,disability.pension,employees,f,40,BGR,10
2022,disability.pension,employees,m,45,AUS,6
2022,disability.pension,employees,m,52,IND,40
2022,disability.pension,employees,m,49,IND,60
2022,disability.pension,employees,f,37,IND,83
2022,disability.pension,employees,f,33,IND,96
2022,disability.pension,employees,f,42,ITA,14
2022,disability.pension,employees,f,36,SVN,1
2022,disability.pension,employees,m,60,KAZ,8
2022,disability.pension,employees,f,25,BGR,13
2022,disability.pension,employees,m,58,ITA,40
2022,disability.pension,employees,m,50,HRV,5
2022,disability.pension,employees,m,74,NLD,3
2022,disability.pension,employees,f,38,USA,9
2022,disability.pension,employees,m,57,ESP,6
2022,disability.pension,employees,m,34,ESP,110
2022,disability.pension,employees,m,59,UKR,4
2022,disability.pension,employees,f,50,UKR,2
2022,disability.pension,employees,f,28,NLD,2
2022,disability.pension,employees,m,34,PRT,59
2022,disability.pension,employees,f,34,BGR,24
2022,disability.pension,employees,f,21,CHN,11
2022,disability.pension,employees,m,38,JOR,2
2022,disability.pension,employees,m,38,ALB,11
2022,disability.pension,employees,m,33,LKA,8
2022,disability.pension,employees,m,67,VNM,12
2022,disability.pension,employees,m,69,BLR,10
2022,disability.pension,employees,m,53,MKD,4
2022,disability.pension,employees,m,14,USA,1
2022,disability.pension,employees,m,18,KAZ,41
2022,disability.pension,employees,f,18,KAZ,28
2022,disability.pension,employees,m,17,KAZ,37
2022,disability.pension,employees,f,16,KAZ,14
2022,disability.pension,employees,f,17,KAZ,29
2022,disability.pension,employees,m,16,BLR,91
2022,disability.pension,employees,m,16,KAZ,48
2022,disability.pension,employees,f,15,BLR,54
2022,disability.pension,employees,m,15,BLR,52
2022,disability.pension,employees,f,15,KAZ,9
2022,disability.pension,employees,m,58,GEO,44
2022,disability.pension,employees,m,47,GEO,92
2022,disability.pension,employees,m,43,PRY,1
2022,disability.pension,employees,f,43,ARG,2
2022,disability.pension,employees,m,33,NER,5
2022,disability.pension,employees,m,59,PHL,6
2022,disability.pension,employees,m,55,PHL,21
2022,disability.pension,employees,m,64,GBR,13
2022,disability.pension,employees,f,35,CHN,14
2022,disability.pension,employees,m,44,RUS,3
2022,disability.pension,employees,m,36,GUY,1
2022,disability.pension,employees,m,24,HUN,17
2022,disability.pension,employees,m,56,LAO,2
2022,disability.pension,employees,m,58,LAO,1
2022,disability.pension,employees,f,36,BGR,3
2022,disability.pension,employees,m,31,CUB,11
2022,disability.pension,employees,m,45,COG,2
2022,disability.pension,employees,m,61,ZWE,1
2022,disability.pension,employees,m,36,CZE,28
2022,disability.pension,employees,m,48,CZE,18
2022,disability.pension,employees,m,45,THA,9
2022,disability.pension,employees,m,30,DNK,5
2022,disability.pension,employees,m,59,AFG,4
2022,disability.pension,employees,f,70,BGR,4
2022,disability.pension,employees,m,44,BLR,5
2022,disability.pension,employees,m,28,ROU,108
2022,disability.pension,employees,m,37,PAK,28
2022,disability.pension,employees,m,55,SYR,7
2022,disability.pension,employees,f,24,UKR,4
2022,disability.pension,employees,m,17,KGZ,3
2022,disability.pension,employees,m,15,KAZ,19
2022,disability.pension,employees,m,26,MNG,7
2022,disability.pension,employees,m,57,GRC,5
2022,disability.pension,employees,m,44,KGZ,34
2022,disability.pension,employees,m,59,VNM,57
2022,disability.pension,employees,m,42,ESP,51
2022,disability.pension,employees,f,48,BGR,17
2022,disability.pension,employees,m,73,BGR,3
2022,disability.pension,employees,m,32,NLD,25
2022,disability.pension,employees,f,56,BGR,9
2022,disability.pension,employees,m,53,BIH,2
2022,disability.pension,employees,m,34,PAK,6
2022,disability.pension,employees,m,56,AZE,15
2022,disability.pension,employees,f,58,KAZ,3
2022,disability.pension,employees,f,39,ARM,22
2022,disability.pension,employees,f,48,UKR,2
2022,disability.pension,employees,f,52,UKR,20
2022,disability.pension,employees,f,44,DEU,14
2022,disability.pension,employees,f,27,CZE,4
2022,disability.pension,employees,m,40,PRT,45
2022,disability.pension,employees,f,42,TKM,5
2022,disability.pension,employees,m,31,EGY,69
2022,disability.pension,employees,f,32,TZA,3
2022,disability.pension,employees,m,29,ITA,149
2022,disability.pension,employees,m,61,CUB,1
2022,disability.pension,employees,m,53,BGD,6
2022,disability.pension,employees,m,40,JPN,13
2022,disability.pension,employees,f,29,BGR,2
2022,disability.pension,employees,m,47,EGY,16
2022,disability.pension,employees,m,24,YEM,5
2022,disability.pension,employees,f,47,UZB,13
2022,disability.pension,employees,f,17,MDA,5
2022,disability.pension,employees,f,34,MDA,16
2022,disability.pension,employees,f,41,UKR,10
2022,disability.pension,employees,m,23,ARG,1
2022,disability.pension,employees,m,39,UKR,2
2022,disability.pension,employees,m,30,UKR,12
2022,disability.pension,employees,m,53,DEU,6
2022,disability.pension,employees,m,35,MEX,33
2022,disability.pension,employees,f,38,VNM,100
2022,disability.pension,employees,f,24,CHN,24
2022,disability.pension,employees,f,24,ITA,3
2022,disability.pension,employees,m,54,ESP,13
2022,disability.pension,employees,m,45,TUN,2
2022,disability.pension,employees,m,40,PAK,29
2022,disability.pension,employees,f,27,ARM,4
2022,disability.pension,employees,m,48,IND,24
2022,disability.pension,employees,m,40,IND,66
2022,disability.pension,employees,m,54,IND,10
2022,disability.pension,employees,m,31,IND,88
2022,disability.pension,employees,m,40,IND,12
2022,disability.pension,employees,m,49,BEL,7
2022,disability.pension,employees,f,56,USA,4
2022,disability.pension,employees,m,27,ETH,39
2022,disability.pension,employees,f,39,DNK,2
2022,disability.pension,employees,f,38,NOR,1
2022,disability.pension,employees,f,34,THA,2
2022,disability.pension,employees,m,73,DEU,9
2022,disability.pension,employees,f,44,BEL,3
2022,disability.pension,employees,m,41,EGY,38
2022,disability.pension,employees,f,43,TUR,6
2022,disability.pension,employees,m,44,FRA,34
2022,disability.pension,employees,m,46,AUT,5
2022,disability.pension,employees,m,50,UZB,16
2022,disability.pension,employees,m,35,NPL,86
2022,disability.pension,employees,m,29,SYR,17
2022,disability.pension,employees,m,59,MLT,1
2022,disability.pension,employees,m,24,PHL,14
2022,disability.pension,employees,m,42,CZE,23
2022,disability.pension,employees,m,25,ESP,62
2022,disability.pension,employees,m,40,EGY,34
2022,disability.pension,employees,m,41,AZE,52
2022,disability.pension,employees,m,44,NOR,3
2022,disability.pension,employees,m,28,FRA,57
2022,disability.pension,employees,m,21,VNM,76
2022,disability.pension,employees,m,65,TUR,7
2022,disability.pension,employees,m,46,PAK,11
2022,disability.pension,employees,m,43,MYS,2
2022,disability.pension,employees,m,49,FIN,2
2022,disability.pension,employees,m,21,ISL,1
2022,disability.pension,employees,m,35,MAR,6
2022,disability.pension,employees,m,26,GEO,108
2022,disability.pension,employees,m,38,LVA,18
2022,disability.pension,employees,m,23,FRA,20
2022,disability.pension,employees,m,27,ESP,91
2022,disability.pension,employees,m,25,SVK,6
2022,disability.pension,employees,m,19,SYR,3
2022,disability.pension,employees,f,29,MEX,16
2022,disability.pension,employees,m,28,PAK,45
2022,disability.pension,employees,m,35,IND,9
2022,disability.pension,employees,m,21,BGR,6
2022,disability.pension,employees,m,57,FRA,21
2022,disability.pension,employees,m,20,SWE,3
2022,disability.pension,employees,m,25,FRA,60
2022,disability.pension,employees,m,62,BEL,4
2022,disability.pension,employees,m,33,UKR,8
2022,disability.pension,employees,m,69,ITA,8
2022,disability.pension,employees,m,33,YEM,9
2022,disability.pension,employees,m,37,YEM,1
2022,disability.pension,employees,f,21,LVA,4
2022,disability.pension,employees,m,22,TUN,2
2022,disability.pension,employees,m,45,CUB,6
2022,disability.pension,employees,m,61,LVA,7
2022,disability.pension,employees,m,70,UKR,16
2022,disability.pension,employees,m,43,UKR,2
2022,disability.pension,employees,m,72,TUR,3
2022,disability.pension,employees,m,39,MAR,17
2022,disability.pension,employees,m,75,YUG,1
2022,disability.pension,employees,f,21,MDA,16
2022,disability.pension,employees,f,41,UKR,36
2022,disability.pension,employees,f,37,TKM,11
2022,disability.pension,employees,f,44,VNM,64
2022,disability.pension,employees,m,32,PER,8
2022,disability.pension,employees,f,61,DEU,9
2022,disability.pension,employees,m,55,UKR,2
2022,disability.pension,employees,m,67,SYR,3
2022,disability.pension,employees,f,23,BLR,3
2022,disability.pension,employees,m,43,CZE,24
2022,disability.pension,employees,f,53,AGO,1
2022,disability.pension,employees,m,46,NGA,5
2022,disability.pension,employees,m,40,LTU,3
2022,disability.pension,employees,m,44,MEX,10
2022,disability.pension,employees,m,22,IDN,179
2022,disability.pension,employees,f,22,IDN,44
2022,disability.pension,employees,m,61,RUS,2
2022,disability.pension,employees,f,52,VNM,51
2022,disability.pension,employees,f,59,KAZ,6
2022,disability.pension,employees,f,81,BLR,2
2022,disability.pension,employees,m,53,DNK,8
2022,disability.pension,employees,f,46,PHL,48
2022,disability.pension,employees,f,48,PHL,23
2022,disability.pension,employees,m,45,PHL,14
2022,disability.pension,employees,m,52,UZB,37
2022,disability.pension,employees,m,50,MAR,5
2022,disability.pension,employees,m,40,UKR,10
2022,disability.pension,employees,f,62,AND,1
2022,disability.pension,employees,m,32,VEN,4
2022,disability.pension,employees,f,55,BLR,56
2022,disability.pension,employees,m,58,ARM,15
2022,disability.pension,employees,m,55,DNK,6
2022,disability.pension,employees,m,45,CZE,21
2022,disability.pension,employees,f,55,LTU,10
2022,disability.pension,employees,m,62,DNK,2
2022,disability.pension,employees,f,63,DEU,9
2022,disability.pension,employees,m,64,USA,10
2022,disability.pension,employees,m,60,BEL,2
2022,disability.pension,employees,m,34,SYR,9
2022,disability.pension,employees,m,34,DNK,8
2022,disability.pension,employees,f,25,AFG,9
2022,disability.pension,employees,f,49,AZE,2
2022,disability.pension,employees,m,48,SYR,7
2022,disability.pension,employees,f,54,ITA,5
2022,disability.pension,employees,m,60,DNK,4
2022,disability.pension,employees,f,34,PHL,169
2022,disability.pension,employees,m,64,DNK,5
2022,disability.pension,employees,m,34,GTM,5
2022,disability.pension,employees,m,48,BGD,18
2022,disability.pension,employees,m,51,MDA,18
2022,disability.pension,employees,f,30,GEO,14
2022,disability.pension,employees,f,29,GEO,10
2022,disability.pension,employees,f,62,DNK,1
2022,disability.pension,employees,f,26,TUN,10
2022,disability.pension,employees,f,26,ALB,5
2022,disability.pension,employees,f,41,BGR,24
2022,disability.pension,employees,f,34,DEU,14
2022,disability.pension,employees,f,70,AUT,2
2022,disability.pension,employees,m,48,SAU,1
2022,disability.pension,employees,m,55,FIN,7
2022,disability.pension,employees,m,27,AFG,6
2022,disability.pension,employees,m,61,BRA,1
2022,disability.pension,employees,f,62,HUN,2
2022,disability.pension,employees,m,123,MDA,2
2022,disability.pension,employees,m,79,DEU,10
2022,disability.pension,employees,m,30,ARG,10
2022,disability.pension,employees,m,39,DNK,5
2022,disability.pension,employees,f,58,DEU,11
2022,disability.pension,employees,m,36,PAK,26
2022,disability.pension,employees,f,32,TTO,1
2022,disability.pension,employees,f,82,DEU,2
2022,disability.pension,employees,f,35,TUR,21
2022,disability.pension,employees,f,25,BLR,130
2022,disability.pension,employees,f,23,BGD,4
2022,disability.pension,employees,m,48,NOR,2
2022,disability.pension,employees,m,46,COL,17
2022,disability.pension,employees,f,51,UKR,20
2022,disability.pension,employees,m,40,CMR,14
2022,disability.pension,employees,m,47,ITA,4
2022,disability.pension,employees,m,37,CUB,12
2022,disability.pension,employees,m,48,USA,22
2022,disability.pension,employees,f,62,SVK,7
2022,disability.pension,employees,f,62,VNM,18
2022,disability.pension,employees,m,28,MOZ,2
2022,disability.pension,employees,m,60,PRT,4
2022,disability.pension,employees,m,26,NGA,50
2022,disability.pension,employees,m,24,NGA,23
2022,disability.pension,employees,f,36,VEN,2
2022,disability.pension,employees,f,52,RUS,2
2022,disability.pension,employees,m,72,AUT,3
2022,disability.pension,employees,m,36,MAR,25
2022,disability.pension,employees,m,44,MRT,1
2022,disability.pension,employees,m,31,TUN,36
2022,disability.pension,employees,m,33,MAR,32
2022,disability.pension,employees,m,58,IRQ,3
2022,disability.pension,employees,m,26,IRQ,16
2022,disability.pension,employees,m,41,DZA,12
2022,disability.pension,employees,m,26,DZA,6
2022,disability.pension,employees,m,32,IRQ,6
2022,disability.pension,employees,f,40,ARM,4
2022,disability.pension,employees,f,48,SVK,14
2022,disability.pension,employees,f,30,VNM,18
2022,disability.pension,employees,f,65,RUS,2
2022,disability.pension,employees,f,24,RWA,8
2022,disability.pension,employees,m,32,ARM,8
2022,disability.pension,employees,f,22,COG,6
2022,disability.pension,employees,f,31,SVK,2
2022,disability.pension,employees,f,30,UKR,10
2022,disability.pension,employees,f,76,DEU,4
2022,disability.pension,employees,m,43,IRL,20
2022,disability.pension,employees,f,39,GBR,6
2022,disability.pension,employees,f,69,SVK,4
2022,disability.pension,employees,f,65,ARM,12
2022,disability.pension,employees,m,70,ARM,3
2022,disability.pension,employees,f,47,RUS,14
2022,disability.pension,employees,m,54,UZB,6
2022,disability.pension,employees,f,63,SWE,1
2022,disability.pension,employees,m,60,BIH,3
2022,disability.pension,employees,m,33,TTO,2
2022,disability.pension,employees,f,55,URY,1
2022,disability.pension,employees,m,56,GBR,6
2022,disability.pension,employees,f,32,MEX,13
2022,disability.pension,employees,m,59,USA,16
2022,disability.pension,employees,f,70,PRT,1
2022,disability.pension,employees,m,24,IND,70
2022,disability.pension,employees,f,28,PER,2
2022,disability.pension,employees,f,82,UKR,5
2022,disability.pension,employees,m,41,CHL,5
2022,disability.pension,employees,f,61,CZE,2
2022,disability.pension,employees,f,27,UKR,12
2022,disability.pension,employees,f,49,SVK,13
2022,disability.pension,employees,m,35,ETH,12
2022,disability.pension,employees,f,27,ETH,3
2022,disability.pension,employees,m,37,ETH,3
2022,disability.pension,employees,f,55,VNM,2
2022,disability.pension,employees,m,14,GBR,1
2022,disability.pension,employees,f,30,UKR,4
2022,disability.pension,employees,m,49,AUT,7
2022,disability.pension,employees,f,32,KEN,2
2022,disability.pension,employees,f,55,VNM,22
2022,disability.pension,employees,f,35,UKR,4
2022,disability.pension,employees,f,41,UKR,4
2022,disability.pension,employees,m,37,SVK,4
2022,disability.pension,employees,m,25,COL,46
2022,disability.pension,employees,m,62,VNM,4
2022,disability.pension,employees,m,36,IDN,99
2022,disability.pension,employees,f,53,UZB,2
2022,disability.pension,employees,m,51,URY,1
2022,disability.pension,employees,m,42,VEN,8
2022,disability.pension,employees,f,37,MEX,10
2022,disability.pension,employees,f,78,RUS,6
2022,disability.pension,employees,m,58,ISR,3
2022,disability.pension,employees,m,25,ITA,79
2022,disability.pension,employees,f,36,GBR,8
2022,disability.pension,employees,f,53,ZAF,3
2022,disability.pension,employees,f,38,SYR,6
2022,disability.pension,employees,m,11,UKR,9
2022,disability.pension,employees,f,59,VNM,30
2022,disability.pension,employees,f,26,VNM,65
2022,disability.pension,employees,m,47,DEU,51
2022,disability.pension,employees,m,54,USA,21
2022,disability.pension,employees,m,62,TUN,1
2022,disability.pension,employees,f,46,UZB,10
2022,disability.pension,employees,f,43,IRL,3
2022,disability.pension,employees,m,40,ESP,8
2022,disability.pension,employees,m,55,NOR,2
2022,disability.pension,employees,m,39,BEL,9
2022,disability.pension,employees,m,74,UKR,24
2022,disability.pension,employees,f,65,VNM,6
2022,disability.pension,employees,m,44,CZE,6
2022,disability.pension,employees,m,45,GIN,1
2022,disability.pension,employees,m,62,MLI,1
2022,disability.pension,employees,f,59,MDA,15
2022,disability.pension,employees,m,65,VNM,7
2022,disability.pension,employees,f,47,VNM,57
2022,disability.pension,employees,f,61,VNM,15
2022,disability.pension,employees,m,63,GRC,4
2022,disability.pension,employees,m,42,CMR,4
2022,disability.pension,employees,m,64,IRL,2
2022,disability.pension,employees,f,45,ROU,33
2022,disability.pension,employees,f,43,ROU,31
2022,disability.pension,employees,m,71,ISR,4
2022,disability.pension,employees,m,39,UZB,6
2022,disability.pension,employees,m,47,GEO,9
2022,disability.pension,employees,m,54,GEO,15
2022,disability.pension,employees,m,60,GEO,30
2022,disability.pension,employees,m,45,MDA,6
2022,disability.pension,employees,m,39,PHL,26
2022,disability.pension,employees,m,59,UKR,36
2022,disability.pension,employees,m,40,UKR,24
2022,disability.pension,employees,m,45,PHL,9
2022,disability.pension,employees,m,40,PHL,22
2022,disability.pension,employees,m,52,PHL,12
2022,disability.pension,employees,m,42,GEO,78
2022,disability.pension,employees,m,27,GEO,142
2022,disability.pension,employees,m,42,PHL,42
2022,disability.pension,employees,m,51,UKR,32
2022,disability.pension,employees,m,56,PHL,8
2022,disability.pension,employees,m,50,PHL,12
2022,disability.pension,employees,m,58,RUS,8
2022,disability.pension,employees,m,48,GEO,90
2022,disability.pension,employees,m,51,PHL,4
2022,disability.pension,employees,f,53,GEO,3
2022,disability.pension,employees,m,58,MDA,8
2022,disability.pension,employees,m,32,GEO,4
2022,disability.pension,employees,m,60,GEO,6
2022,disability.pension,employees,m,49,GEO,100
2022,disability.pension,employees,m,64,GEO,12
2022,disability.pension,employees,m,53,GEO,4
2022,disability.pension,employees,m,53,RUS,16
2022,disability.pension,employees,m,57,GEO,3
2022,disability.pension,employees,m,52,RUS,16
2022,disability.pension,employees,m,34,UKR,2
2022,disability.pension,employees,m,59,UKR,5
2022,disability.pension,employees,m,60,MDA,3
2022,disability.pension,employees,m,47,PHL,9
2022,disability.pension,employees,m,42,RUS,3
2022,disability.pension,employees,m,56,GEO,12
2022,disability.pension,employees,m,39,TJK,22
2022,disability.pension,employees,m,58,GEO,6
2022,disability.pension,employees,m,72,BLR,4
2022,disability.pension,employees,m,37,UKR,5
2022,disability.pension,employees,m,35,GEO,12
2022,disability.pension,employees,m,50,RUS,8
2022,disability.pension,employees,m,53,GEO,3
2022,disability.pension,employees,m,44,LBN,2
2022,disability.pension,employees,m,50,MDA,18
2022,disability.pension,employees,m,45,TUR,10
2022,disability.pension,employees,m,49,GEO,12
2022,disability.pension,employees,m,49,TUR,3
2022,disability.pension,employees,m,58,MDA,61
2022,disability.pension,employees,m,54,BLR,18
2022,disability.pension,employees,m,59,UZB,4
2022,disability.pension,employees,m,44,UZB,20
2022,disability.pension,employees,m,45,RUS,16
2022,disability.pension,employees,m,36,UZB,42
2022,disability.pension,employees,m,46,RUS,10
2022,disability.pension,employees,m,43,UKR,32
2022,disability.pension,employees,f,56,PHL,6
2022,disability.pension,employees,m,42,PHL,6
2022,disability.pension,employees,m,50,KGZ,4
2022,disability.pension,employees,m,26,UZB,20
2022,disability.pension,employees,m,57,UKR,4
2022,disability.pension,employees,m,62,GEO,3
2022,disability.pension,employees,m,62,UKR,27
2022,disability.pension,employees,m,37,PHL,14
2022,disability.pension,employees,m,52,PHL,47
2022,disability.pension,employees,m,44,ARM,2
2022,disability.pension,employees,m,44,TUR,8
2022,disability.pension,employees,m,34,GEO,33
2022,disability.pension,employees,m,71,UKR,10
2022,disability.pension,employees,m,53,UZB,6
2022,disability.pension,employees,m,30,TJK,24
2022,disability.pension,employees,m,52,UZB,12
2022,disability.pension,employees,m,38,UZB,14
2022,disability.pension,employees,m,44,KAZ,38
2022,disability.pension,employees,m,32,UZB,3
2022,disability.pension,employees,m,46,UZB,14
2022,disability.pension,employees,m,62,UZB,2
2022,disability.pension,employees,m,61,GEO,3
2022,disability.pension,employees,m,40,UZB,30
2022,disability.pension,employees,m,29,GEO,4
2022,disability.pension,employees,m,40,UZB,2
2022,disability.pension,employees,m,27,GEO,9
2022,disability.pension,employees,m,42,TKM,3
2022,disability.pension,employees,m,37,GEO,15
2022,disability.pension,employees,m,43,AZE,6
2022,disability.pension,employees,m,51,UZB,6
2022,disability.pension,employees,m,38,TUR,18
2022,disability.pension,employees,m,49,UZB,10
2022,disability.pension,employees,m,61,GEO,20
2022,disability.pension,employees,m,48,PHL,10
2022,disability.pension,employees,m,47,PHL,14
2022,disability.pension,employees,m,52,NPL,2
2022,disability.pension,employees,m,45,NPL,2
2022,disability.pension,employees,m,41,NPL,8
2022,disability.pension,employees,m,48,UZB,14
2022,disability.pension,employees,f,36,GEO,22
2022,disability.pension,employees,m,57,GEO,24
2022,disability.pension,employees,m,41,GEO,15
2022,disability.pension,employees,m,55,PHL,6
2022,disability.pension,employees,m,67,GEO,3
2022,disability.pension,employees,m,47,AZE,2
2022,disability.pension,employees,m,46,TUR,6
2022,disability.pension,employees,m,30,GEO,6
2022,disability.pension,employees,m,53,GEO,3
2022,disability.pension,employees,m,28,GEO,4
2022,disability.pension,employees,m,35,UZB,34
2022,disability.pension,employees,m,33,UZB,6
2022,disability.pension,employees,m,33,UZB,10
2022,disability.pension,employees,m,39,UZB,22
2022,disability.pension,employees,m,36,TJK,4
2022,disability.pension,employees,m,45,UZB,16
2022,disability.pension,employees,m,32,TUR,22
2022,disability.pension,employees,m,71,GEO,2
2022,disability.pension,employees,m,57,UZB,7
2022,disability.pension,employees,m,38,TJK,17
2022,disability.pension,employees,m,56,UZB,12
2022,disability.pension,employees,m,52,TUR,6
2022,disability.pension,employees,m,34,TJK,4
2022,disability.pension,employees,m,41,KGZ,3
2022,disability.pension,employees,m,45,TJK,21
2022,disability.pension,employees,m,59,KGZ,5
2022,disability.pension,employees,m,39,TUR,12
2022,disability.pension,employees,m,34,TJK,29
2022,disability.pension,employees,m,48,AZE,18
2022,disability.pension,employees,m,58,AZE,7
2022,disability.pension,employees,m,55,UZB,22
2022,disability.pension,employees,m,50,KGZ,19
2022,disability.pension,employees,m,47,UZB,18
2022,disability.pension,employees,m,49,TJK,8
2022,disability.pension,employees,m,62,PHL,2
2022,disability.pension,employees,m,37,NPL,8
2022,disability.pension,employees,m,71,UZB,1
2022,disability.pension,employees,m,43,UZB,26
2022,disability.pension,employees,m,51,UZB,65
2022,disability.pension,employees,m,44,GBR,10
2022,disability.pension,employees,m,63,IRQ,2
2022,disability.pension,employees,f,17,GEO,2
2022,disability.pension,employees,m,43,AUT,2
2022,disability.pension,employees,f,21,VNM,55
2022,disability.pension,employees,f,33,VNM,20
2022,disability.pension,employees,m,40,JOR,9
2022,disability.pension,employees,f,41,JOR,1
2022,disability.pension,employees,m,33,MDA,2
2022,disability.pension,employees,m,29,USA,28
2022,disability.pension,employees,m,61,ESP,4
2022,disability.pension,employees,m,46,LVA,17
2022,disability.pension,employees,m,66,VNM,9
2022,disability.pension,employees,m,30,BRA,34
2022,disability.pension,employees,m,52,VEN,2
2022,disability.pension,employees,m,59,GBR,33
2022,disability.pension,employees,f,37,GEO,156
2022,disability.pension,employees,m,43,ALB,12
2022,disability.pension,employees,m,28,ALB,19
2022,disability.pension,employees,f,28,GEO,113
2022,disability.pension,employees,f,35,JPN,5
2022,disability.pension,employees,m,24,ESP,41
2022,disability.pension,employees,m,42,IRN,11
2022,disability.pension,employees,m,47,IRN,8
2022,disability.pension,employees,m,31,TKM,56
2022,disability.pension,employees,m,28,GBR,26
2022,disability.pension,employees,f,27,MDA,16
2022,disability.pension,employees,m,37,PRT,4
2022,disability.pension,employees,m,49,USA,22
2022,disability.pension,employees,f,61,DNK,2
2022,disability.pension,employees,m,30,EGY,65
2022,disability.pension,employees,f,38,KAZ,22
2022,disability.pension,employees,f,30,ROU,41
2022,disability.pension,employees,m,58,UZB,4
2022,disability.pension,employees,m,60,PHL,6
2022,disability.pension,employees,m,36,MKD,4
2022,disability.pension,employees,m,61,UZB,2
2022,disability.pension,employees,m,51,PHL,6
2022,disability.pension,employees,m,56,MDA,6
2022,disability.pension,employees,m,44,TJK,2
2022,disability.pension,employees,m,38,AZE,4
2022,disability.pension,employees,m,40,UKR,2
2022,disability.pension,employees,m,54,RUS,16
2022,disability.pension,employees,m,42,KGZ,4
2022,disability.pension,employees,m,47,TJK,13
2022,disability.pension,employees,m,41,KAZ,42
2022,disability.pension,employees,m,43,TJK,14
2022,disability.pension,employees,m,36,TJK,2
2022,disability.pension,employees,m,67,GEO,14
2022,disability.pension,employees,m,47,ARM,6
2022,disability.pension,employees,m,51,TJK,5
2022,disability.pension,employees,m,44,AZE,33
2022,disability.pension,employees,m,65,GEO,30
2022,disability.pension,employees,m,35,TUR,8
2022,disability.pension,employees,f,19,GEO,36
2022,disability.pension,employees,m,49,KGZ,18
2022,disability.pension,employees,m,46,AZE,4
2022,disability.pension,employees,m,44,TJK,13
2022,disability.pension,employees,m,60,UZB,4
2022,disability.pension,employees,m,37,ARM,2
2022,disability.pension,employees,f,29,ARM,19
2022,disability.pension,employees,f,67,UKR,50
2022,disability.pension,employees,f,37,USA,18
2022,disability.pension,employees,f,68,FRA,2
2022,disability.pension,employees,f,33,LTU,2
2022,disability.pension,employees,f,49,ESP,6
2022,disability.pension,employees,m,66,USA,6
2022,disability.pension,employees,m,46,SWE,7
2022,disability.pension,employees,m,40,CHE,2
2022,disability.pension,employees,f,27,PHL,4
2022,disability.pension,employees,f,30,TUN,7
2022,disability.pension,employees,m,43,MEX,17
2022,disability.pension,employees,m,42,FRA,57
2022,disability.pension,employees,f,66,AUT,3
2022,disability.pension,employees,m,41,IRN,12
2022,disability.pension,employees,m,62,FRA,2
2022,disability.pension,employees,f,32,ARM,6
2022,disability.pension,employees,f,37,ITA,19
2022,disability.pension,employees,m,26,AGO,8
2022,disability.pension,employees,f,29,CMR,2
2022,disability.pension,employees,m,28,AGO,8
2022,disability.pension,employees,m,34,CMR,10
2022,disability.pension,employees,m,69,GRC,2
2022,disability.pension,employees,m,39,CMR,2
2022,disability.pension,employees,m,36,CMR,12
2022,disability.pension,employees,f,34,CMR,5
2022,disability.pension,employees,m,60,DEU,8
2022,disability.pension,employees,f,43,KAZ,4
2022,disability.pension,employees,m,21,DEU,4
2022,disability.pension,employees,f,16,VNM,1
2022,disability.pension,employees,m,33,ALB,13
2022,disability.pension,employees,m,68,ARM,7
2022,disability.pension,employees,m,42,KAZ,39
2022,disability.pension,employees,m,62,SVK,6
2022,disability.pension,employees,m,68,GBR,12
2022,disability.pension,employees,m,40,ESP,74
2022,disability.pension,employees,m,68,FRA,2
2022,disability.pension,employees,f,27,BLR,15
2022,disability.pension,employees,m,52,CHE,6
2022,disability.pension,employees,f,33,TUN,2
2022,disability.pension,employees,m,50,FRA,51
2022,disability.pension,employees,f,62,GBR,4
2022,disability.pension,employees,m,52,BEL,2
2022,disability.pension,employees,f,54,VEN,2
2022,disability.pension,employees,f,40,ITA,17
2022,disability.pension,employees,m,75,ITA,4
2022,disability.pension,employees,m,71,AUT,3
2022,disability.pension,employees,m,45,CAN,6
2022,disability.pension,employees,m,60,LVA,4
2022,disability.pension,employees,f,30,UKR,44
2022,disability.pension,employees,m,43,PRT,35
2022,disability.pension,employees,f,35,UKR,20
2022,disability.pension,employees,m,47,FIN,5
2022,disability.pension,employees,f,29,PER,9
2022,disability.pension,employees,f,31,FRA,24
2022,disability.pension,employees,m,33,SEN,3
2022,disability.pension,employees,m,53,CAN,3
2022,disability.pension,employees,m,42,BRA,23
2022,disability.pension,employees,m,42,IRQ,5
2022,disability.pension,employees,m,47,MAR,6
2022,disability.pension,employees,m,3,KAZ,1
2022,disability.pension,employees,f,21,UKR,117
2022,disability.pension,employees,m,70,ITA,7
2022,disability.pension,employees,m,50,JPN,5
2022,disability.pension,employees,m,54,ITA,3
2022,disability.pension,employees,m,39,MNG,6
2022,disability.pension,employees,f,46,PRT,2
2022,disability.pension,employees,f,54,USA,7
2022,disability.pension,employees,f,25,ZAF,2
2022,disability.pension,employees,f,29,NAM,1
2022,disability.pension,employees,f,51,IRQ,2
2022,disability.pension,employees,f,39,ESP,10
2022,disability.pension,employees,f,29,RUS,3
2022,disability.pension,employees,m,38,NPL,4
2022,disability.pension,employees,m,43,NPL,31
2022,disability.pension,employees,m,58,EGY,3
2022,disability.pension,employees,m,49,EGY,2
2022,disability.pension,employees,m,50,CZE,17
2022,disability.pension,employees,f,24,VNM,44
2022,disability.pension,employees,f,62,USA,2
2022,disability.pension,employees,f,59,VNM,2
2022,disability.pension,employees,m,19,VNM,21
2022,disability.pension,employees,f,42,RUS,12
2022,disability.pension,employees,f,41,VNM,60
2022,disability.pension,employees,f,20,VNM,23
2022,disability.pension,employees,f,27,ESP,8
2022,disability.pension,employees,m,52,SYR,7
2022,disability.pension,employees,m,30,SYR,13
2022,disability.pension,employees,m,65,ITA,16
2022,disability.pension,employees,m,61,PRT,10
2022,disability.pension,employees,m,50,PRT,2
2022,disability.pension,employees,m,22,CUB,3
2022,disability.pension,employees,m,45,SEN,1
2022,disability.pension,employees,m,37,ITA,145
2022,disability.pension,employees,f,60,VNM,12
2022,disability.pension,employees,m,49,HUN,2
2022,disability.pension,employees,f,55,THA,9
2022,disability.pension,employees,m,65,FRA,9
2022,disability.pension,employees,m,55,MAR,3
2022,disability.pension,employees,m,40,SAU,1
2022,disability.pension,employees,m,60,USA,4
2022,disability.pension,employees,f,24,ROU,38
2022,disability.pension,employees,m,43,MKD,4
2022,disability.pension,employees,m,44,PRT,29
2022,disability.pension,employees,m,41,USA,6
2022,disability.pension,employees,m,43,FRA,54
2022,disability.pension,employees,m,36,USA,4
2022,disability.pension,employees,m,44,CZE,17
2022,disability.pension,employees,m,44,BEL,5
2022,disability.pension,employees,m,64,UZB,1
2022,disability.pension,employees,m,65,TWN,1
2022,disability.pension,employees,f,62,TWN,1
2022,disability.pension,employees,m,36,TWN,2
2022,disability.pension,employees,f,42,IDN,20
2022,disability.pension,employees,m,34,MNG,5
2022,disability.pension,employees,f,25,MMR,1
2022,disability.pension,employees,m,38,CMR,5
2022,disability.pension,employees,m,81,ROU,2
2022,disability.pension,employees,m,25,AUS,1
2022,disability.pension,employees,f,27,TUR,14
2022,disability.pension,employees,m,22,NLD,2
2022,disability.pension,employees,f,54,GBR,10
2022,disability.pension,employees,m,45,UKR,24
2022,disability.pension,employees,f,49,CAN,1
2022,disability.pension,employees,m,45,ROU,81
2022,disability.pension,employees,m,44,IRL,9
2022,disability.pension,employees,m,45,NOR,1
2022,disability.pension,employees,m,40,TUR,10
2022,disability.pension,employees,f,49,VNM,55
2022,disability.pension,employees,f,28,PHL,55
2022,disability.pension,employees,m,37,EGY,6
2022,disability.pension,employees,m,37,PRT,60
2022,disability.pension,employees,f,43,IND,8
2022,disability.pension,employees,f,40,IND,40
2022,disability.pension,employees,f,31,IRN,13
2022,disability.pension,employees,m,47,KEN,2
2022,disability.pension,employees,f,40,UKR,3
2022,disability.pension,employees,f,42,GEO,3
2022,disability.pension,employees,m,44,GEO,18
2022,disability.pension,employees,f,36,MDA,20
2022,disability.pension,employees,m,27,BLR,3
2022,disability.pension,employees,m,44,UKR,32
2022,disability.pension,employees,f,44,GEO,34
2022,disability.pension,employees,f,40,GEO,32
2022,disability.pension,employees,m,28,UKR,2
2022,disability.pension,employees,m,39,LTU,2
2022,disability.pension,employees,m,26,TUR,20
2022,disability.pension,employees,m,34,AUT,7
2022,disability.pension,employees,m,34,KAZ,41
2022,disability.pension,employees,m,57,HUN,5
2022,disability.pension,employees,m,35,CHL,8
2022,disability.pension,employees,m,42,CYP,2
2022,disability.pension,employees,m,30,KGZ,34
2022,disability.pension,employees,m,27,KGZ,4
2022,disability.pension,employees,m,47,TJK,2
2022,disability.pension,employees,m,33,TJK,32
2022,disability.pension,employees,m,42,TJK,27
2022,disability.pension,employees,m,35,TJK,22
2022,disability.pension,employees,m,40,ITA,12
2022,disability.pension,employees,f,56,GBR,4
2022,disability.pension,employees,m,40,SVK,30
2022,disability.pension,employees,f,42,KAZ,16
2022,disability.pension,employees,f,33,VNM,78
2022,disability.pension,employees,m,76,VNM,1
2022,disability.pension,employees,m,40,NZL,1
2022,disability.pension,employees,f,46,LVA,13
2022,disability.pension,employees,m,34,PAK,50
2022,disability.pension,employees,f,33,DEU,14
2022,disability.pension,employees,m,56,USA,20
2022,disability.pension,employees,m,32,ITA,6
2022,disability.pension,employees,f,32,VNM,20
2022,disability.pension,employees,m,31,CZE,34
2022,disability.pension,employees,f,37,AUT,4
2022,disability.pension,employees,m,59,IRL,8
2022,disability.pension,employees,f,53,USA,4
2022,disability.pension,employees,m,59,SWE,4
2022,disability.pension,employees,m,41,LBN,6
2022,disability.pension,employees,f,78,USA,1
2022,disability.pension,employees,f,44,ESP,2
2022,disability.pension,employees,m,66,PRT,4
2022,disability.pension,employees,m,44,CAN,2
2022,disability.pension,employees,m,46,BGR,44
2022,disability.pension,employees,m,32,CHE,3
2022,disability.pension,employees,f,41,LTU,16
2022,disability.pension,employees,m,28,MDA,50
2022,disability.pension,employees,f,33,ZAF,4
2022,disability.pension,employees,f,26,FRA,2
2022,disability.pension,employees,f,38,JOR,1
2022,disability.pension,employees,m,42,DEU,53
2022,disability.pension,employees,f,22,VNM,40
2022,disability.pension,employees,f,31,DEU,18
2022,disability.pension,employees,f,76,UKR,23
2022,disability.pension,employees,f,31,VNM,72
2022,disability.pension,employees,m,43,HRV,5
2022,disability.pension,employees,m,82,DEU,6
2022,disability.pension,employees,f,24,SLV,1
2022,disability.pension,employees,m,49,ISR,4
2022,disability.pension,employees,m,70,GBR,5
2022,disability.pension,employees,m,31,IRN,17
2022,disability.pension,employees,m,31,THA,7
2022,disability.pension,employees,m,46,CHN,42
2022,disability.pension,employees,m,31,AFG,23
2022,disability.pension,employees,m,36,BRA,38
2022,disability.pension,employees,m,28,CHE,4
2022,disability.pension,employees,m,40,BGR,4
2022,disability.pension,employees,m,38,CZE,3
2022,disability.pension,employees,m,61,KAZ,3
2022,disability.pension,employees,m,26,SVK,20
2022,disability.pension,employees,f,43,THA,16
2022,disability.pension,employees,m,54,IRL,9
2022,disability.pension,employees,m,26,TUN,27
2022,disability.pension,employees,m,36,FRA,89
2022,disability.pension,employees,m,29,UKR,10
2022,disability.pension,employees,m,28,JPN,2
2022,disability.pension,employees,f,33,LBY,1
2022,disability.pension,employees,m,31,ARM,3
2022,disability.pension,employees,m,38,PRY,1
2022,disability.pension,employees,m,38,GIN,3
2022,disability.pension,employees,m,34,ESP,14
2022,disability.pension,employees,f,28,MDA,24
2022,disability.pension,employees,f,68,MNG,1
2022,disability.pension,employees,f,62,CHE,1
2022,disability.pension,employees,m,33,PRT,4
2022,disability.pension,employees,m,23,JOR,10
2022,disability.pension,employees,f,30,UKR,189
2022,disability.pension,employees,m,24,MUS,3
2022,disability.pension,employees,f,23,KEN,16
2022,disability.pension,employees,f,21,MNG,3
2022,disability.pension,employees,f,29,ITA,37
2022,disability.pension,employees,f,41,LTU,4
2022,disability.pension,employees,m,48,SVK,22
2022,disability.pension,employees,f,23,RUS,8
2022,disability.pension,employees,m,39,PAK,16
2022,disability.pension,employees,m,58,USA,22
2022,disability.pension,employees,m,66,URY,1
2022,disability.pension,employees,m,37,CMR,2
2022,disability.pension,employees,m,31,AGO,2
2022,disability.pension,employees,m,23,HUN,13
2022,disability.pension,employees,m,39,ZWE,15
2022,disability.pension,employees,m,33,SVN,4
2022,disability.pension,employees,f,32,ESP,22
2022,disability.pension,employees,m,51,ISR,6
2022,disability.pension,employees,m,29,LTU,19
2022,disability.pension,employees,m,34,KOR,8
2022,disability.pension,employees,f,28,ESP,26
2022,disability.pension,employees,m,27,BGR,4
2022,disability.pension,employees,m,27,BEL,8
2022,disability.pension,employees,m,29,BEL,2
2022,disability.pension,employees,m,33,NLD,21
2022,disability.pension,employees,m,31,DNK,2
2022,disability.pension,employees,f,43,VNM,61
2022,disability.pension,employees,m,61,NLD,15
2022,disability.pension,employees,m,31,DEU,3
2022,disability.pension,employees,m,38,PER,4
2022,disability.pension,employees,f,38,ESP,10
2022,disability.pension,employees,f,35,MNG,5
2022,disability.pension,employees,f,22,MNG,4
2022,disability.pension,employees,m,53,ISL,1
2022,disability.pension,employees,f,31,KAZ,36
2022,disability.pension,employees,m,26,MYS,2
2022,disability.pension,employees,f,31,HRV,10
2022,disability.pension,employees,m,47,CHN,6
2022,disability.pension,employees,m,41,BGR,4
2022,disability.pension,employees,m,34,LTU,3
2022,disability.pension,employees,f,46,ROU,12
2022,disability.pension,employees,m,55,ROU,24
2022,disability.pension,employees,m,32,ROU,8
2022,disability.pension,employees,m,57,ROU,19
2022,disability.pension,employees,m,48,ROU,73
2022,disability.pension,employees,m,45,ROU,16
2022,disability.pension,employees,f,32,ROU,47
2022,disability.pension,employees,f,51,ITA,6
2022,disability.pension,employees,f,48,ROU,31
2022,disability.pension,employees,f,26,SYR,3
2022,disability.pension,employees,f,38,AUT,1
2022,disability.pension,employees,m,29,BEL,8
2022,disability.pension,employees,m,35,CHL,2
2022,disability.pension,employees,m,67,CHE,1
2022,disability.pension,employees,m,47,GBR,8
2022,disability.pension,employees,m,26,BEL,8
2022,disability.pension,employees,f,41,VNM,8
2022,disability.pension,employees,m,41,KOR,22
2022,disability.pension,employees,f,26,CHN,41
2022,disability.pension,employees,f,27,RUS,30
2022,disability.pension,employees,m,40,BRA,27
2022,disability.pension,employees,m,59,FRA,10
2022,disability.pension,employees,m,29,SWE,17
2022,disability.pension,employees,m,45,CMR,1
2022,disability.pension,employees,f,43,IND,26
2022,disability.pension,employees,m,34,JPN,15
2022,disability.pension,employees,m,33,SVK,2
2022,disability.pension,employees,m,32,ARG,14
2022,disability.pension,employees,m,40,RUS,3
2022,disability.pension,employees,f,32,CZE,14
2022,disability.pension,employees,f,45,GRC,4
2022,disability.pension,employees,f,29,GRC,20
2022,disability.pension,employees,m,36,GRC,21
2022,disability.pension,employees,m,60,FRA,13
2022,disability.pension,employees,m,33,BEL,19
2022,disability.pension,employees,f,32,ROU,12
2022,disability.pension,employees,m,56,USA,2
2022,disability.pension,employees,m,37,VEN,6
2022,disability.pension,employees,m,27,RUS,22
2022,disability.pension,employees,m,48,IRL,8
2022,disability.pension,employees,m,33,GRC,40
2022,disability.pension,employees,m,26,BIH,5
2022,disability.pension,employees,m,43,COL,26
2022,disability.pension,employees,m,44,NGA,14
2022,disability.pension,employees,m,36,ARG,20
2022,disability.pension,employees,m,58,HUN,9
2022,disability.pension,employees,m,42,NGA,20
2022,disability.pension,employees,f,22,BEN,2
2022,disability.pension,employees,m,26,ITA,18
2022,disability.pension,employees,m,40,SVK,2
2022,disability.pension,employees,f,29,USA,16
2022,disability.pension,employees,m,34,CZE,26
2022,disability.pension,employees,f,33,UKR,2
2022,disability.pension,employees,m,21,CHN,9
2022,disability.pension,employees,m,30,VNM,4
2022,disability.pension,employees,m,42,AUT,5
2022,disability.pension,employees,f,25,USA,8
2022,disability.pension,employees,m,36,ETH,5
2022,disability.pension,employees,m,28,CHN,4
2022,disability.pension,employees,m,34,NOR,3
2022,disability.pension,employees,f,54,ROU,32
2022,disability.pension,employees,m,45,MEX,20
2022,disability.pension,employees,f,68,SWE,3
2022,disability.pension,employees,m,36,KEN,17
2022,disability.pension,employees,m,28,GRC,27
2022,disability.pension,employees,m,26,PAK,38
2022,disability.pension,employees,m,33,UZB,4
2022,disability.pension,employees,f,33,HUN,26
2022,disability.pension,employees,m,65,GRC,2
2022,disability.pension,employees,m,59,JPN,4
2022,disability.pension,employees,f,35,HRV,7
2022,disability.pension,employees,f,28,PAK,6
2022,disability.pension,employees,f,29,ESP,27
2022,disability.pension,employees,m,30,USA,24
2022,disability.pension,employees,m,42,ISR,10
2022,disability.pension,employees,f,41,CHN,44
2022,disability.pension,employees,m,25,SVK,18
2022,disability.pension,employees,f,27,RWA,27
2022,disability.pension,employees,f,22,ITA,14
2022,disability.pension,employees,f,39,USA,16
2022,disability.pension,employees,m,54,HUN,7
2022,disability.pension,employees,m,31,SEN,2
2022,disability.pension,employees,f,53,CHN,14
2022,disability.pension,employees,m,36,IRL,12
2022,disability.pension,employees,f,21,USA,4
2022,disability.pension,employees,m,25,CAN,2
2022,disability.pension,employees,m,29,MEX,4
2022,disability.pension,employees,f,35,BGR,29
2022,disability.pension,employees,m,25,PRT,25
2022,disability.pension,employees,f,37,HUN,2
2022,disability.pension,employees,f,38,CHN,47
2022,disability.pension,employees,f,37,NLD,2
2022,disability.pension,employees,f,29,CHN,46
2022,disability.pension,employees,m,30,SVK,6
2022,disability.pension,employees,m,47,DNK,2
2022,disability.pension,employees,m,21,AGO,2
2022,disability.pension,employees,m,20,AGO,1
2022,disability.pension,employees,f,23,AGO,4
2022,disability.pension,employees,m,24,AGO,11
2022,disability.pension,employees,m,56,CHE,1
2022,disability.pension,employees,m,35,NLD,21
2022,disability.pension,employees,f,28,IRN,4
2022,disability.pension,employees,m,37,FIN,3
2022,disability.pension,employees,m,27,BGR,19
2022,disability.pension,employees,f,24,TWN,2
2022,disability.pension,employees,f,27,KGZ,8
2022,disability.pension,employees,m,20,VNM,43
2022,disability.pension,employees,m,45,ITA,3
2022,disability.pension,employees,m,33,ETH,2
2022,disability.pension,employees,m,25,CHN,41
2022,disability.pension,employees,f,45,HRV,1
2022,disability.pension,employees,f,27,ETH,17
2022,disability.pension,employees,f,31,CAN,4
2022,disability.pension,employees,m,22,MNG,4
2022,disability.pension,employees,m,20,MNG,3
2022,disability.pension,employees,f,19,MNG,2
2022,disability.pension,employees,f,59,USA,2
2022,disability.pension,employees,f,37,IRN,4
2022,disability.pension,employees,f,31,USA,11
2022,disability.pension,employees,f,36,HUN,18
2022,disability.pension,employees,m,60,GRC,3
2022,disability.pension,employees,f,45,USA,7
2022,disability.pension,employees,f,28,FRA,17
2022,disability.pension,employees,f,34,ITA,35
2022,disability.pension,employees,f,57,DEU,14
2022,disability.pension,employees,m,19,SDN,2
2022,disability.pension,employees,f,38,IRL,3
2022,disability.pension,employees,f,29,ESP,4
2022,disability.pension,employees,f,47,KOR,2
2022,disability.pension,employees,m,25,MEX,7
2022,disability.pension,employees,m,36,GBR,4
2022,disability.pension,employees,f,27,FRA,22
2022,disability.pension,employees,f,28,ROU,43
2022,disability.pension,employees,m,27,BRA,30
2022,disability.pension,employees,f,58,CHN,13
2022,disability.pension,employees,f,21,DEU,9
2022,disability.pension,employees,m,30,BEL,10
2022,disability.pension,employees,m,34,SVK,34
2022,disability.pension,employees,f,25,NER,3
2022,disability.pension,employees,m,32,NGA,6
2022,disability.pension,employees,m,33,COL,73
2022,disability.pension,employees,f,23,ITA,10
2022,disability.pension,employees,f,30,BRA,35
2022,disability.pension,employees,m,28,PAK,3
2022,disability.pension,employees,f,19,ESP,3
2022,disability.pension,employees,m,22,IRQ,4
2022,disability.pension,employees,f,25,MAR,2
2022,disability.pension,employees,m,39,AUT,5
2022,disability.pension,employees,m,22,ARM,2
2022,disability.pension,employees,m,34,MEX,6
2022,disability.pension,employees,m,29,CHN,63
2022,disability.pension,employees,m,73,ITA,6
2022,disability.pension,employees,m,24,PER,9
2022,disability.pension,employees,m,26,AZE,30
2022,disability.pension,employees,f,34,DZA,2
2022,disability.pension,employees,f,44,KAZ,14
2022,disability.pension,employees,m,32,PRT,53
2022,disability.pension,employees,f,19,KAZ,2
2022,disability.pension,employees,m,27,GBR,25
2022,disability.pension,employees,m,52,PRT,7
2022,disability.pension,employees,f,41,BLR,3
2022,disability.pension,employees,m,37,BRA,4
2022,disability.pension,employees,m,22,AZE,102
2022,disability.pension,employees,f,31,SVK,25
2022,disability.pension,employees,f,29,CZE,18
2022,disability.pension,employees,m,33,CZE,2
2022,disability.pension,employees,m,27,FIN,2
2022,disability.pension,employees,m,23,EST,2
2022,disability.pension,employees,m,35,SYR,10
2022,disability.pension,employees,m,47,BGR,33
2022,disability.pension,employees,f,26,IND,132
2022,disability.pension,employees,f,23,TUN,6
2022,disability.pension,employees,f,43,GBR,7
2022,disability.pension,employees,m,18,MMR,2
2022,disability.pension,employees,m,38,HUN,26
2022,disability.pension,employees,f,26,ROU,21
2022,disability.pension,employees,m,33,PAK,40
2022,disability.pension,employees,m,37,USA,25
2022,disability.pension,employees,m,122,UKR,3
2022,disability.pension,employees,m,24,FIN,6
2022,disability.pension,employees,m,19,USA,3
2022,disability.pension,employees,m,29,ESP,14
2022,disability.pension,employees,m,30,HRV,10
2022,disability.pension,employees,m,33,RUS,28
2022,disability.pension,employees,m,23,USA,6
2022,disability.pension,employees,m,28,IRL,6
2022,disability.pension,employees,m,42,BEL,8
2022,disability.pension,employees,m,43,ITA,16
2022,disability.pension,employees,f,77,UKR,12
2022,disability.pension,employees,m,36,UZB,3
2022,disability.pension,employees,f,42,DEU,17
2022,disability.pension,employees,f,37,UZB,10
2022,disability.pension,employees,f,22,UZB,18
2022,disability.pension,employees,m,35,CUB,11
2022,disability.pension,employees,f,48,USA,5
2022,disability.pension,employees,m,42,TUR,12
2022,disability.pension,employees,f,52,ROU,25
2022,disability.pension,employees,f,48,MDA,18
2022,disability.pension,employees,m,42,LKA,13
2022,disability.pension,employees,m,30,UKR,10
2022,disability.pension,employees,f,40,TUR,19
2022,disability.pension,employees,f,33,USA,15
2022,disability.pension,employees,m,32,MDA,38
2022,disability.pension,employees,m,20,ROU,44
2022,disability.pension,employees,m,32,MKD,8
2022,disability.pension,employees,f,32,ITA,43
2022,disability.pension,employees,f,45,RUS,14
2022,disability.pension,employees,f,20,AFG,5
2022,disability.pension,employees,f,22,AFG,3
2022,disability.pension,employees,m,49,ISR,2
2022,disability.pension,employees,m,35,NZL,1
2022,disability.pension,employees,m,43,HUN,4
2022,disability.pension,employees,f,31,CHN,44
2022,disability.pension,employees,m,22,BLR,15
2022,disability.pension,employees,m,35,BEL,21
2022,disability.pension,employees,f,24,USA,9
2022,disability.pension,employees,f,48,HUN,8
2022,disability.pension,employees,f,26,GBR,14
2022,disability.pension,employees,m,49,RUS,10
2022,disability.pension,employees,m,24,FRA,31
2022,disability.pension,employees,f,28,CHN,50
2022,disability.pension,employees,m,20,ALB,4
2022,disability.pension,employees,f,22,TCD,1
2022,disability.pension,employees,m,26,CHN,54
2022,disability.pension,employees,m,20,CHN,4
2022,disability.pension,employees,m,32,SWE,13
2022,disability.pension,employees,f,19,CHN,3
2022,disability.pension,employees,m,34,AZE,8
2022,disability.pension,employees,m,43,ISR,6
2022,disability.pension,employees,f,30,NER,3
2022,disability.pension,employees,f,25,COG,7
2022,disability.pension,employees,f,19,COG,2
2022,disability.pension,employees,f,39,PAK,4
2022,disability.pension,employees,f,27,NGA,36
2022,disability.pension,employees,m,27,ARM,2
2022,disability.pension,employees,m,24,IRQ,10
2022,disability.pension,employees,m,29,NLD,21
2022,disability.pension,employees,f,24,COG,2
2022,disability.pension,employees,m,62,AUS,2
2022,disability.pension,employees,m,25,PHL,32
2022,disability.pension,employees,m,26,GRC,2
2022,disability.pension,employees,m,37,CHL,3
2022,disability.pension,employees,f,18,MNG,1
2022,disability.pension,employees,m,19,MNG,1
2022,disability.pension,employees,m,19,COG,2
2022,disability.pension,employees,m,34,LVA,2
2022,disability.pension,employees,m,27,HUN,18
2022,disability.pension,employees,m,30,UKR,28
2022,disability.pension,employees,f,31,ROU,8
2022,disability.pension,employees,f,32,IRL,1
2022,disability.pension,employees,f,29,YEM,2
2022,disability.pension,employees,f,20,MDA,16
2022,disability.pension,employees,m,40,ETH,6
2022,disability.pension,employees,m,23,ZAF,4
2022,disability.pension,employees,m,26,IRN,14
2022,disability.pension,employees,f,26,MNG,4
2022,disability.pension,employees,f,23,LBN,3
2022,disability.pension,employees,f,20,MNG,1
2022,disability.pension,employees,f,48,KAZ,14
2022,disability.pension,employees,m,65,BLR,52
2022,disability.pension,employees,f,56,DEU,13
2022,disability.pension,employees,m,25,UKR,48
2022,disability.pension,employees,f,60,GBR,6
2022,disability.pension,employees,f,23,ROU,27
2022,disability.pension,employees,f,40,AFG,1
2022,disability.pension,employees,m,61,AUS,1
2022,disability.pension,employees,f,54,ARM,4
2022,disability.pension,employees,m,32,HUN,38
2022,disability.pension,employees,m,68,ITA,9
2022,disability.pension,employees,m,79,VNM,1
2022,disability.pension,employees,f,51,AUT,2
2022,disability.pension,employees,m,63,IRL,4
2022,disability.pension,employees,m,51,UKR,4
2022,disability.pension,employees,m,50,PRT,13
2022,disability.pension,employees,f,46,ITA,6
2022,disability.pension,employees,f,33,TKM,10
2022,disability.pension,employees,m,48,PER,4
2022,disability.pension,employees,m,59,BGR,18
2022,disability.pension,employees,m,55,AUT,4
2022,disability.pension,employees,f,47,DEU,8
2022,disability.pension,employees,m,25,UKR,2
2022,disability.pension,employees,m,34,LVA,10
2022,disability.pension,employees,m,67,TUR,2
2022,disability.pension,employees,f,48,MNG,4
2022,disability.pension,employees,m,50,ESP,2
2022,disability.pension,employees,m,28,UKR,52
2022,disability.pension,employees,f,40,IDN,29
2022,disability.pension,employees,f,36,IDN,22
2022,disability.pension,employees,f,48,JAM,1
2022,disability.pension,employees,m,24,UKR,4
2022,disability.pension,employees,m,123,RUS,2
2022,disability.pension,employees,m,34,BLR,33
2022,disability.pension,employees,m,123,BLR,8
2022,disability.pension,employees,m,43,KAZ,35
2022,disability.pension,employees,m,31,BRA,64
2022,disability.pension,employees,f,41,ROU,28
2022,disability.pension,employees,m,46,CAN,6
2022,disability.pension,employees,m,61,GBR,25
2022,disability.pension,employees,f,36,CZE,11
2022,disability.pension,employees,m,49,GBR,4
2022,disability.pension,employees,f,40,SEN,1
2022,disability.pension,employees,m,48,SVN,4
2022,disability.pension,employees,m,39,ZAF,9
2022,disability.pension,employees,m,37,CZE,4
2022,disability.pension,employees,m,21,BLR,4
2022,disability.pension,employees,m,30,HUN,32
2022,disability.pension,employees,m,37,HND,1
2022,disability.pension,employees,m,31,UKR,2
2022,disability.pension,employees,m,29,LBN,20
2022,disability.pension,employees,m,63,USA,6
2022,disability.pension,employees,f,40,PRT,4
2022,disability.pension,employees,m,60,AUT,3
2022,disability.pension,employees,m,22,DEU,9
2022,disability.pension,employees,m,23,SVK,17
2022,disability.pension,employees,f,35,HUN,20
2022,disability.pension,employees,f,23,SVN,1
2022,disability.pension,employees,m,67,ITA,6
2022,disability.pension,employees,m,26,COL,47
2022,disability.pension,employees,m,63,BLR,14
2022,disability.pension,employees,m,73,GBR,5
2022,disability.pension,employees,m,64,CZE,7
2022,disability.pension,employees,m,45,BLR,15
2022,disability.pension,employees,m,62,BLR,10
2022,disability.pension,employees,m,65,BLR,6
2022,disability.pension,employees,m,15,RUS,3
2022,disability.pension,employees,f,39,GRC,4
2022,disability.pension,employees,m,,UKR,14
2022,disability.pension,employees,m,55,KWT,1
2022,disability.pension,employees,m,52,KWT,1
2022,disability.pension,employees,m,55,RUS,2
2022,disability.pension,employees,m,55,RUS,12
2022,disability.pension,employees,f,63,USA,2
2022,disability.pension,employees,m,27,VEN,7
2022,disability.pension,employees,f,15,RUS,4
2022,disability.pension,employees,m,35,ZWE,22
2022,disability.pension,employees,f,45,UKR,4
2022,disability.pension,employees,m,59,SYR,5
2022,disability.pension,employees,m,46,LTU,23
2022,disability.pension,employees,m,26,TZA,7
2022,disability.pension,employees,m,38,BLR,45
2022,disability.pension,employees,m,32,BLR,8
2022,disability.pension,employees,m,56,YEM,2
2022,disability.pension,employees,f,55,ROU,35
2022,disability.pension,employees,f,58,BEL,4
2022,disability.pension,employees,m,74,UKR,2
2022,disability.pension,employees,m,48,BLR,15
2022,disability.pension,employees,m,59,BLR,6
2022,disability.pension,employees,m,40,BLR,21
2022,disability.pension,employees,m,39,BLR,15
2022,disability.pension,employees,m,57,BLR,6
2022,disability.pension,employees,m,33,BLR,15
2022,disability.pension,employees,m,27,BLR,15
2022,disability.pension,employees,m,43,BLR,12
2022,disability.pension,employees,m,28,UKR,10
2022,disability.pension,employees,m,57,UKR,2
2022,disability.pension,employees,m,30,AFG,14
2022,disability.pension,employees,f,68,BLR,9
2022,disability.pension,employees,m,67,ARM,1
2022,disability.pension,employees,m,36,ARM,8
2022,disability.pension,employees,f,35,ZWE,15
2022,disability.pension,employees,f,33,ZWE,29
2022,disability.pension,employees,f,38,ZWE,4
2022,disability.pension,employees,m,32,ZWE,27
2022,disability.pension,employees,m,38,ZWE,4
2022,disability.pension,employees,m,2,BLR,7
2022,disability.pension,employees,f,32,GBR,9
2022,disability.pension,employees,m,53,NGA,4
2022,disability.pension,employees,f,30,UZB,14
2022,disability.pension,employees,m,55,KAZ,20
2022,disability.pension,employees,m,34,TUR,24
2022,disability.pension,employees,m,38,BLR,12
2022,disability.pension,employees,m,46,BLR,9
2022,disability.pension,employees,m,57,PER,1
2022,disability.pension,employees,m,76,IRQ,2
2022,disability.pension,employees,f,28,ZAF,5
2022,disability.pension,employees,m,58,IRN,3
2022,disability.pension,employees,m,66,ITA,8
2022,disability.pension,employees,f,32,USA,15
2022,disability.pension,employees,m,71,SWE,2
2022,disability.pension,employees,m,19,ITA,7
2022,disability.pension,employees,m,25,UKR,5
2022,disability.pension,employees,m,45,SYR,2
2022,disability.pension,employees,m,52,MKD,7
2022,disability.pension,employees,f,80,RUS,3
2022,disability.pension,employees,m,83,RUS,1
2022,disability.pension,employees,m,28,ESP,6
2022,disability.pension,employees,m,37,BLR,33
2022,disability.pension,employees,f,129,UKR,1
2022,disability.pension,employees,m,21,TUN,1
2022,disability.pension,employees,m,35,TUN,10
2022,disability.pension,employees,f,40,ZWE,2
2022,disability.pension,employees,m,25,ESP,3
2022,disability.pension,employees,m,52,COL,3
2022,disability.pension,employees,m,50,NGA,6
2022,disability.pension,employees,f,56,LVA,2
2022,disability.pension,employees,f,25,UKR,8
2022,disability.pension,employees,m,23,BLR,8
2022,disability.pension,employees,m,24,UKR,7
2022,disability.pension,employees,f,60,GEO,29
2022,disability.pension,employees,m,43,USA,3
2022,disability.pension,employees,m,30,ZWE,6
2022,disability.pension,employees,m,42,UKR,6
2022,disability.pension,employees,m,33,NGA,52
2022,disability.pension,employees,f,47,GEO,22
2022,disability.pension,employees,f,26,MDA,24
2022,disability.pension,employees,m,40,NGA,4
2022,disability.pension,employees,f,30,NGA,10
2022,disability.pension,employees,m,30,ZWE,21
2022,disability.pension,employees,m,27,ZWE,40
2022,disability.pension,employees,m,51,ZWE,4
2022,disability.pension,employees,f,20,UKR,135
2022,disability.pension,employees,f,31,ZWE,8
2022,disability.pension,employees,m,39,GHA,2
2022,disability.pension,employees,f,20,UKR,12
2022,disability.pension,employees,f,26,ZWE,40
2022,disability.pension,employees,f,47,RUS,2
2022,disability.pension,employees,f,32,BDI,1
2022,disability.pension,employees,f,30,RWA,4
2022,disability.pension,employees,f,38,NGA,5
2022,disability.pension,employees,m,44,EGY,2
2022,disability.pension,employees,f,54,SVK,12
2022,disability.pension,employees,m,29,KAZ,68
2022,disability.pension,employees,m,39,JOR,3
2022,disability.pension,employees,f,25,ETH,16
2022,disability.pension,employees,f,38,IRN,17
2022,disability.pension,employees,f,27,KAZ,56
2022,disability.pension,employees,m,38,CHN,71
2022,disability.pension,employees,m,54,IND,19
2022,disability.pension,employees,f,36,ZWE,6
2022,disability.pension,employees,f,27,BEL,4
2022,disability.pension,employees,m,23,PSE,4
2022,disability.pension,employees,m,53,LTU,13
2022,disability.pension,employees,f,34,IND,127
2022,disability.pension,employees,m,25,GHA,5
2022,disability.pension,employees,m,76,ITA,7
2022,disability.pension,employees,m,39,NER,4
2022,disability.pension,employees,f,34,UKR,186
2022,disability.pension,employees,f,22,KAZ,37
2022,disability.pension,employees,m,46,NGA,4
2022,disability.pension,employees,m,51,BGD,11
2022,disability.pension,employees,m,42,CHN,6
2022,disability.pension,employees,f,25,THA,7
2022,disability.pension,employees,f,31,NGA,23
2022,disability.pension,employees,m,51,HRV,4
2022,disability.pension,employees,f,25,ZWE,40
2022,disability.pension,employees,m,34,BGD,14
2022,disability.pension,employees,m,31,SWE,12
2022,disability.pension,employees,m,47,BLR,18
2022,disability.pension,employees,m,21,MOZ,2
2022,disability.pension,employees,m,35,JOR,11
2022,disability.pension,employees,m,46,GRC,8
2022,disability.pension,employees,m,62,ITA,23
2022,disability.pension,employees,f,27,BGD,7
2022,disability.pension,employees,m,23,PRT,3
2022,disability.pension,employees,f,35,AZE,21
2022,disability.pension,employees,m,27,DEU,30
2022,disability.pension,employees,m,43,NER,2
2022,disability.pension,employees,m,30,BLR,15
2022,disability.pension,employees,m,45,ITA,14
2022,disability.pension,employees,f,44,ITA,4
2022,disability.pension,employees,f,24,CAN,3
2022,disability.pension,employees,m,45,UKR,8
2022,disability.pension,employees,m,40,GHA,5
2022,disability.pension,employees,f,24,NGA,11
2022,disability.pension,employees,f,36,BLR,15
2022,disability.pension,employees,f,46,IND,8
2022,disability.pension,employees,f,28,TUR,10
2022,disability.pension,employees,m,40,ZWE,13
2022,disability.pension,employees,m,36,ZWE,18
2022,disability.pension,employees,f,30,KEN,12
2022,disability.pension,employees,f,20,KGZ,5
2022,disability.pension,employees,f,33,CHN,8
2022,disability.pension,employees,m,32,CHN,87
2022,disability.pension,employees,f,20,ITA,4
2022,disability.pension,employees,m,32,LBN,2
2022,disability.pension,employees,f,27,NOR,4
2022,disability.pension,employees,f,36,GHA,3
2022,disability.pension,employees,f,39,ZWE,11
2022,disability.pension,employees,f,36,NER,1
2022,disability.pension,employees,f,25,KAZ,38
2022,disability.pension,employees,m,21,UKR,6
2022,disability.pension,employees,m,22,KAZ,56
2022,disability.pension,employees,f,40,ZWE,8
2022,disability.pension,employees,f,35,ZAF,3
2022,disability.pension,employees,f,23,SAU,2
2022,disability.pension,employees,f,43,ZWE,4
2022,disability.pension,employees,f,19,BGR,4
2022,disability.pension,employees,f,41,ZWE,9
2022,disability.pension,employees,m,49,ZWE,6
2022,disability.pension,employees,m,32,BGR,4
2022,disability.pension,employees,m,29,PSE,5
2022,disability.pension,employees,m,50,LTU,4
2022,disability.pension,employees,f,20,MAR,4
2022,disability.pension,employees,f,44,ZWE,4
2022,disability.pension,employees,f,30,RWA,11
2022,disability.pension,employees,m,50,DNK,8
2022,disability.pension,employees,f,21,BGR,8
2022,disability.pension,employees,f,28,ZWE,10
2022,disability.pension,employees,m,30,TWN,2
2022,disability.pension,employees,m,24,JOR,11
2022,disability.pension,employees,f,22,JOR,1
2022,disability.pension,employees,f,27,EGY,7
2022,disability.pension,employees,f,23,KAZ,50
2022,disability.pension,employees,f,51,ZWE,1
2022,disability.pension,employees,m,25,AFG,14
2022,disability.pension,employees,m,24,AFG,14
2022,disability.pension,employees,f,22,AZE,15
2022,disability.pension,employees,m,37,ZMB,1
2022,disability.pension,employees,f,28,IND,32
2022,disability.pension,employees,f,29,TWN,4
2022,disability.pension,employees,m,22,NGA,9
2022,disability.pension,employees,f,20,ZAF,1
2022,disability.pension,employees,f,60,DEU,3
2022,disability.pension,employees,m,41,MDA,20
2022,disability.pension,employees,f,64,MDA,3
2022,disability.pension,employees,f,40,SVK,28
2022,disability.pension,employees,f,41,KAZ,14
2022,disability.pension,employees,m,32,TUN,2
2022,disability.pension,employees,f,68,AUT,2
2022,disability.pension,employees,f,63,HUN,3
2022,disability.pension,employees,m,52,AFG,1
2022,disability.pension,employees,f,44,NGA,3
2022,disability.pension,employees,m,50,TZA,2
2022,disability.pension,employees,f,20,AZE,5
2022,disability.pension,employees,m,20,AZE,6
2022,disability.pension,employees,m,23,AZE,14
2022,disability.pension,employees,m,21,AZE,45
2022,disability.pension,employees,f,46,GEO,22
2022,disability.pension,employees,f,26,LTU,6
2022,disability.pension,employees,m,71,HRV,2
2022,disability.pension,employees,m,37,KAZ,47
2022,disability.pension,employees,m,59,YUG,2
2022,disability.pension,employees,f,39,MDA,20
2022,disability.pension,employees,f,63,GEO,17
2022,disability.pension,employees,f,48,GEO,22
2022,disability.pension,employees,f,52,LTU,9
2022,disability.pension,employees,m,48,IRQ,5
2022,disability.pension,employees,m,32,LTU,4
2022,disability.pension,employees,m,48,CHN,59
2022,disability.pension,employees,m,44,DZA,10
2022,disability.pension,employees,f,69,HUN,3
2022,disability.pension,employees,m,72,GBR,5
2022,disability.pension,employees,m,34,JOR,6
2022,disability.pension,employees,m,50,UZB,2
2022,disability.pension,employees,f,58,RUS,39
2022,disability.pension,employees,m,33,MAR,4
2022,disability.pension,employees,m,39,MDA,44
2022,disability.pension,employees,f,35,GBR,4
2022,disability.pension,employees,f,62,IDN,1
2022,disability.pension,employees,f,61,MDA,11
2022,disability.pension,employees,m,36,PRT,4
2022,disability.pension,employees,m,59,DZA,3
2022,disability.pension,employees,m,46,EGY,17
2022,disability.pension,employees,m,58,LBN,1
2022,disability.pension,employees,f,48,LTU,16
2022,disability.pension,employees,f,50,VNM,41
2022,disability.pension,employees,f,25,RUS,6
2022,disability.pension,employees,m,39,MEX,6
2022,disability.pension,employees,m,37,VNM,14
2022,disability.pension,employees,m,54,VNM,2
2022,disability.pension,employees,m,44,PHL,14
2022,disability.pension,employees,m,46,MYS,1
2022,disability.pension,employees,m,69,SWE,5
2022,disability.pension,employees,f,47,URY,3
2022,disability.pension,employees,m,42,LVA,18
2022,disability.pension,employees,m,58,BGR,2
2022,disability.pension,employees,m,26,JOR,22
2022,disability.pension,employees,f,38,IRQ,2
2022,disability.pension,employees,m,32,SYR,10
2022,disability.pension,employees,f,51,VNM,56
2022,disability.pension,employees,f,25,IND,3
2022,disability.pension,employees,m,33,LBN,13
2022,disability.pension,employees,m,64,ROU,18
2022,disability.pension,employees,f,22,NPL,14
2022,disability.pension,employees,f,44,NPL,6
2022,disability.pension,employees,m,52,USA,4
2022,disability.pension,employees,m,39,NLD,2
2022,disability.pension,employees,f,70,ARM,3
2022,disability.pension,employees,m,34,CUB,15
2022,disability.pension,employees,m,25,VEN,6
2022,disability.pension,employees,m,42,TUN,2
2022,disability.pension,employees,m,64,LBY,2
2022,disability.pension,employees,m,51,FRA,35
2022,disability.pension,employees,f,49,UKR,28
2022,disability.pension,employees,m,40,ISR,8
2022,disability.pension,employees,m,24,MYS,3
2022,disability.pension,employees,m,21,BGD,14
2022,disability.pension,employees,m,18,UZB,21
2022,disability.pension,employees,m,18,LTU,2
2022,disability.pension,employees,m,43,LBN,7
2022,disability.pension,employees,m,37,LBN,6
2022,disability.pension,employees,m,45,LBN,5
2022,disability.pension,employees,m,47,LBN,2
2022,disability.pension,employees,m,39,LBN,9
2022,disability.pension,employees,f,51,BEL,2
2022,disability.pension,employees,f,69,ARM,6
2022,disability.pension,employees,m,73,ARM,3
2022,disability.pension,employees,f,31,COL,19
2022,disability.pension,employees,f,36,SEN,1
2022,disability.pension,employees,f,28,ESP,3
2022,disability.pension,employees,f,26,VNM,24
2022,disability.pension,employees,f,48,VNM,44
2022,disability.pension,employees,f,31,VNM,26
2022,disability.pension,employees,m,44,MAR,10
2022,disability.pension,employees,f,41,COL,2
2022,disability.pension,employees,f,38,COL,2
2022,disability.pension,employees,m,57,PSE,2
2022,disability.pension,employees,m,59,IND,13
2022,disability.pension,employees,m,51,ITA,6
2022,disability.pension,employees,m,32,UZB,14
2022,disability.pension,employees,m,50,SVK,21
2022,disability.pension,employees,m,56,PAK,6
2022,disability.pension,employees,m,44,PAK,19
2022,disability.pension,employees,f,41,KGZ,6
2022,disability.pension,employees,f,41,RUS,12
2022,disability.pension,employees,m,41,LVA,10
2022,disability.pension,employees,m,43,SVK,6
2022,disability.pension,employees,f,48,NLD,3
2022,disability.pension,employees,m,41,HUN,2
2022,disability.pension,employees,f,48,UKR,2
2022,disability.pension,employees,m,62,FRA,7
2022,disability.pension,employees,m,53,FRA,6
2022,disability.pension,employees,m,22,UKR,24
2022,disability.pension,employees,m,37,BGR,6
2022,disability.pension,employees,m,43,GEO,3
2022,disability.pension,employees,m,27,ZWE,5
2022,disability.pension,employees,m,33,IND,80
2022,disability.pension,employees,m,27,ZWE,8
2022,disability.pension,employees,m,32,TUN,4
2022,disability.pension,employees,f,31,BLR,12
2022,disability.pension,employees,m,27,TUR,18
2022,disability.pension,employees,m,23,MDA,46
2022,disability.pension,employees,m,26,MAR,45
2022,disability.pension,employees,m,31,ZWE,27
2022,disability.pension,employees,m,19,UKR,2
2022,disability.pension,employees,m,27,UKR,12
2022,disability.pension,employees,m,39,UKR,10
2022,disability.pension,employees,m,37,ZWE,18
2022,disability.pension,employees,m,19,BLR,3
2022,disability.pension,employees,m,18,UKR,6
2022,disability.pension,employees,m,34,ZWE,19
2022,disability.pension,employees,m,24,UKR,2
2022,disability.pension,employees,m,28,ETH,27
2022,disability.pension,employees,m,41,ESP,2
2022,disability.pension,employees,m,47,LBY,1
2022,disability.pension,employees,m,67,LKA,1
2022,disability.pension,employees,m,37,DZA,8
2022,disability.pension,employees,m,27,AFG,19
2022,disability.pension,employees,m,47,NGA,10
2022,disability.pension,employees,m,21,VEN,4
2022,disability.pension,employees,f,49,BEL,2
2022,disability.pension,employees,m,57,GBR,3
2022,disability.pension,employees,f,25,GEO,10
2022,disability.pension,employees,m,36,FRA,8
2022,disability.pension,employees,m,65,BOL,1
2022,disability.pension,employees,m,28,LBY,4
2022,disability.pension,employees,m,28,CUB,4
2022,disability.pension,employees,m,28,KEN,31
2022,disability.pension,employees,m,26,MDA,28
2022,disability.pension,employees,m,58,ESP,6
2022,disability.pension,employees,m,35,BGD,5
2022,disability.pension,employees,m,44,FIN,7
2022,disability.pension,employees,f,45,GBR,6
2022,disability.pension,employees,f,71,USA,3
2022,disability.pension,employees,m,41,CMR,5
2022,disability.pension,employees,m,75,FRA,2
2022,disability.pension,employees,f,29,COG,4
2022,disability.pension,employees,m,35,PRT,4
2022,disability.pension,employees,f,35,VNM,16
2022,disability.pension,employees,f,41,MNG,2
2022,disability.pension,employees,f,62,ARM,6
2022,disability.pension,employees,m,41,NGA,19
2022,disability.pension,employees,m,33,CMR,11
2022,disability.pension,employees,m,22,VNM,2
2022,disability.pension,employees,f,23,MRT,2
2022,disability.pension,employees,m,42,MAR,15
2022,disability.pension,employees,m,34,SYR,4
2022,disability.pension,employees,f,27,SYR,3
2022,disability.pension,employees,f,56,ARM,9
2022,disability.pension,employees,m,36,NOR,3
2022,disability.pension,employees,f,28,MNG,2
2022,disability.pension,employees,m,35,VNM,6
2022,disability.pension,employees,m,24,BRA,18
2022,disability.pension,employees,m,39,IRN,16
2022,disability.pension,employees,m,30,BGD,14
2022,disability.pension,employees,m,37,IND,76
2022,disability.pension,employees,f,28,BGD,7
2022,disability.pension,employees,m,33,IRN,16
2022,disability.pension,employees,f,32,KGZ,6
2022,disability.pension,employees,m,60,IRQ,2
2022,disability.pension,employees,m,50,DZA,2
2022,disability.pension,employees,f,63,RUS,29
2022,disability.pension,employees,f,28,TWN,5
2022,disability.pension,employees,m,53,ESP,15
2022,disability.pension,employees,m,69,FRA,6
2022,disability.pension,employees,f,27,LBN,4
2022,disability.pension,employees,f,26,AGO,2
2022,disability.pension,employees,f,26,AGO,1
2022,disability.pension,employees,m,66,GBR,14
2022,disability.pension,employees,m,32,EGY,6
2022,disability.pension,employees,f,32,PAK,6
2022,disability.pension,employees,f,24,CMR,2
2022,disability.pension,employees,f,30,COG,7
2022,disability.pension,employees,m,51,NLD,10
2022,disability.pension,employees,m,21,COG,3
2022,disability.pension,employees,m,41,SYR,10
2022,disability.pension,employees,f,34,CUB,2
2022,disability.pension,employees,m,30,IND,12
2022,disability.pension,employees,m,37,RUS,12
2022,disability.pension,employees,m,25,MNG,6
2022,disability.pension,employees,m,29,LKA,4
2022,disability.pension,employees,f,32,TUN,10
2022,disability.pension,employees,m,31,FRA,6
2022,disability.pension,employees,m,24,UKR,2
2022,disability.pension,employees,m,63,HUN,5
2022,disability.pension,employees,m,34,NGA,10
2022,disability.pension,employees,m,53,IRL,6
2022,disability.pension,employees,m,32,AUS,1
2022,disability.pension,employees,m,56,IND,6
2022,disability.pension,employees,m,27,LBN,8
2022,disability.pension,employees,m,37,ZAF,6
2022,disability.pension,employees,m,23,CHN,15
2022,disability.pension,employees,m,21,YEM,1
2022,disability.pension,employees,m,31,LBN,16
2022,disability.pension,employees,m,34,IRN,6
2022,disability.pension,employees,f,29,IRN,10
2022,disability.pension,employees,f,35,IRN,16
2022,disability.pension,employees,f,30,IRN,6
2022,disability.pension,employees,m,45,SWE,12
2022,disability.pension,employees,m,28,NOR,2
2022,disability.pension,employees,m,27,ZAF,2
2022,disability.pension,employees,m,30,MEX,25
2022,disability.pension,employees,f,34,RWA,4
2022,disability.pension,employees,f,27,ESP,27
2022,disability.pension,employees,f,30,TUR,8
2022,disability.pension,employees,m,30,JOR,16
2022,disability.pension,employees,f,24,YEM,1
2022,disability.pension,employees,f,35,GBR,10
2022,disability.pension,employees,m,22,IRL,1
2022,disability.pension,employees,f,27,GRC,10
2022,disability.pension,employees,m,31,LVA,21
2022,disability.pension,employees,m,33,ROU,3
2022,disability.pension,employees,m,55,LVA,10
2022,disability.pension,employees,f,27,BRA,21
2022,disability.pension,employees,m,47,JPN,12
2022,disability.pension,employees,f,28,PHL,10
2022,disability.pension,employees,m,46,HRV,10
2022,disability.pension,employees,f,33,AUT,5
2022,disability.pension,employees,m,29,HRV,11
2022,disability.pension,employees,m,23,ESP,23
2022,disability.pension,employees,m,27,COG,6
2022,disability.pension,employees,f,21,CUB,1
2022,disability.pension,employees,m,41,FIN,6
2022,disability.pension,employees,f,27,SWE,4
2022,disability.pension,employees,f,27,MYS,2
2022,disability.pension,employees,f,29,SGP,1
2022,disability.pension,employees,f,24,ALB,4
2022,disability.pension,employees,m,45,SYR,7
2022,disability.pension,employees,f,39,SVK,26
2022,disability.pension,employees,f,122,SVK,1
2022,disability.pension,employees,m,61,SVK,5
2022,disability.pension,employees,m,40,LTU,23
2022,disability.pension,employees,m,31,JAM,1
2022,disability.pension,employees,m,55,SVK,3
2022,disability.pension,employees,m,21,ECU,3
2022,disability.pension,employees,f,51,SVK,5
2022,disability.pension,employees,f,35,URY,1
2022,disability.pension,employees,f,24,UZB,13
2022,disability.pension,employees,f,53,RUS,4
2022,disability.pension,employees,f,38,THA,9
2022,disability.pension,employees,m,31,BEL,13
2022,disability.pension,employees,m,44,HUN,18
2022,disability.pension,employees,m,23,CZE,10
2022,disability.pension,employees,m,46,MEX,4
2022,disability.pension,employees,f,35,SVK,27
2022,disability.pension,employees,f,52,SVK,11
2022,disability.pension,employees,m,76,UKR,15
2022,disability.pension,employees,m,15,SVK,1
2022,disability.pension,employees,f,29,TJK,2
2022,disability.pension,employees,m,25,TJK,30
2022,disability.pension,employees,m,46,UKR,2
2022,disability.pension,employees,f,41,NGA,2
2022,disability.pension,employees,m,37,UKR,14
2022,disability.pension,employees,m,20,UZB,6
2022,disability.pension,employees,f,37,SVK,22
2022,disability.pension,employees,f,64,AUT,1
2022,disability.pension,employees,m,24,KEN,17
2022,disability.pension,employees,f,80,USA,3
2022,disability.pension,employees,f,43,DEU,16
2022,disability.pension,employees,f,50,CZE,4
2022,disability.pension,employees,f,35,AFG,9
2022,disability.pension,employees,m,31,TKM,20
2022,disability.pension,employees,m,20,NPL,14
2022,disability.pension,employees,m,37,HUN,18
2022,disability.pension,employees,m,75,AUT,3
2022,disability.pension,employees,m,44,CZE,4
2022,disability.pension,employees,m,60,SVK,5
2022,disability.pension,employees,f,21,SVK,4
2022,disability.pension,employees,m,22,AFG,8
2022,disability.pension,employees,f,31,TUR,41
2022,disability.pension,employees,f,34,TUR,6
2022,disability.pension,employees,m,61,MDA,37
2022,disability.pension,employees,m,65,MDA,10
2022,disability.pension,employees,m,46,MDA,24
2022,disability.pension,employees,f,60,MDA,13
2022,disability.pension,employees,m,40,HUN,25
2022,disability.pension,employees,m,60,ROU,16
2022,disability.pension,employees,m,62,MDA,23
2022,disability.pension,employees,f,29,MDA,22
2022,disability.pension,employees,f,51,MDA,12
2022,disability.pension,employees,f,32,NPL,19
2022,disability.pension,employees,m,55,GEO,4
2022,disability.pension,employees,f,46,GEO,4
2022,disability.pension,employees,f,62,MDA,4
2022,disability.pension,employees,f,28,NPL,25
2022,disability.pension,employees,f,56,MDA,38
2022,disability.pension,employees,m,62,MDA,4
2022,disability.pension,employees,f,60,MDA,2
2022,disability.pension,employees,f,47,MDA,22
2022,disability.pension,employees,m,45,NPL,33
2022,disability.pension,employees,m,22,SUR,1
2022,disability.pension,employees,f,58,GEO,68
2022,disability.pension,employees,f,32,MDA,20
2022,disability.pension,employees,m,21,NPL,41
2022,disability.pension,employees,f,66,GEO,4
2022,disability.pension,employees,f,37,NER,1
2022,disability.pension,employees,m,19,MDA,6
2022,disability.pension,employees,m,29,KEN,22
2022,disability.pension,employees,f,37,KEN,5
2022,disability.pension,employees,m,38,KEN,7
2022,disability.pension,employees,f,43,KEN,5
2022,disability.pension,employees,f,42,UGA,3
2022,disability.pension,employees,m,34,KEN,21
2022,disability.pension,employees,m,44,KEN,5
2022,disability.pension,employees,f,38,UGA,5
2022,disability.pension,employees,m,29,UGA,12
2022,disability.pension,employees,m,38,UGA,4
2022,disability.pension,employees,f,54,GEO,10
2022,disability.pension,employees,m,37,UGA,6
2022,disability.pension,employees,f,19,MDA,73
2022,disability.pension,employees,m,30,UGA,10
2022,disability.pension,employees,m,33,UGA,3
2022,disability.pension,employees,m,50,IND,61
2022,disability.pension,employees,f,20,NPL,2
2022,disability.pension,employees,m,27,UGA,8
2022,disability.pension,employees,m,19,COL,7
2022,disability.pension,employees,m,44,UGA,2
2022,disability.pension,employees,f,42,GEO,18
2022,disability.pension,employees,f,37,NPL,12
2022,disability.pension,employees,f,25,UGA,5
2022,disability.pension,employees,m,20,GEO,52
2022,disability.pension,employees,f,31,UGA,7
2022,disability.pension,employees,f,27,UGA,4
2022,disability.pension,employees,m,30,UGA,2
2022,disability.pension,employees,m,42,ARG,15
2022,disability.pension,employees,f,23,NPL,15
2022,disability.pension,employees,f,26,NPL,36
2022,disability.pension,employees,m,32,DZA,32
2022,disability.pension,employees,m,23,UGA,7
2022,disability.pension,employees,f,30,UGA,10
2022,disability.pension,employees,m,28,COL,72
2022,disability.pension,employees,f,36,NPL,23
2022,disability.pension,employees,m,39,UGA,5
2022,disability.pension,employees,f,36,UGA,4
2022,disability.pension,employees,f,24,COL,13
2022,disability.pension,employees,f,22,COL,10
2022,disability.pension,employees,m,23,GEO,15
2022,disability.pension,employees,m,24,UGA,2
2022,disability.pension,employees,f,30,COL,19
2022,disability.pension,employees,m,28,GTM,14
2022,disability.pension,employees,f,41,IND,29
2022,disability.pension,employees,m,22,NPL,52
2022,disability.pension,employees,f,28,UGA,2
2022,disability.pension,employees,m,25,TZA,3
2022,disability.pension,employees,f,26,MDA,3
2022,disability.pension,employees,f,31,COL,2
2022,disability.pension,employees,f,37,COL,4
2022,disability.pension,employees,f,18,MDA,58
2022,disability.pension,employees,m,23,COL,43
2022,disability.pension,employees,f,18,COL,3
2022,disability.pension,employees,f,46,COL,10
2022,disability.pension,employees,f,20,COL,10
2022,disability.pension,employees,m,35,COL,44
2022,disability.pension,employees,f,41,PHL,16
2022,disability.pension,employees,f,43,PHL,100
2022,disability.pension,employees,m,37,COL,38
2022,disability.pension,employees,f,34,COL,20
2022,disability.pension,employees,m,43,UGA,4
2022,disability.pension,employees,m,31,COL,60
2022,disability.pension,employees,m,41,COL,27
2022,disability.pension,employees,m,46,NPL,20
2022,disability.pension,employees,m,29,ARG,14
2022,disability.pension,employees,f,25,ARG,5
2022,disability.pension,employees,f,31,NPL,2
2022,disability.pension,employees,m,32,NPL,6
2022,disability.pension,employees,m,30,COL,57
2022,disability.pension,employees,m,32,COL,57
2022,disability.pension,employees,m,53,COL,6
2022,disability.pension,employees,m,50,COL,7
2022,disability.pension,employees,m,24,COL,32
2022,disability.pension,employees,m,48,COL,21
2022,disability.pension,employees,f,42,COL,14
2022,disability.pension,employees,m,22,COL,27
2022,disability.pension,employees,m,36,COL,29
2022,disability.pension,employees,f,27,COL,27
2022,disability.pension,employees,f,53,COL,1
2022,disability.pension,employees,m,42,COL,28
2022,disability.pension,employees,m,57,AZE,8
2022,disability.pension,employees,f,21,COL,11
2022,disability.pension,employees,f,25,COL,16
2022,disability.pension,employees,f,19,COL,3
2022,disability.pension,employees,f,33,COL,23
2022,disability.pension,employees,f,23,COL,9
2022,disability.pension,employees,f,52,MDA,62
2022,disability.pension,employees,m,47,COL,11
2022,disability.pension,employees,f,29,COL,23
2022,disability.pension,employees,m,20,COL,25
2022,disability.pension,employees,m,44,COL,20
2022,disability.pension,employees,m,51,COL,7
2022,disability.pension,employees,f,37,COL,12
2022,disability.pension,employees,f,57,GEO,8
2022,disability.pension,employees,m,44,VEN,6
2022,disability.pension,employees,f,45,COL,4
2022,disability.pension,employees,m,45,COL,19
2022,disability.pension,employees,m,36,UGA,4
2022,disability.pension,employees,m,46,KEN,2
2022,disability.pension,employees,m,25,NPL,16
2022,disability.pension,employees,m,29,COL,56
2022,disability.pension,employees,f,53,COL,2
2022,disability.pension,employees,f,49,COL,4
2022,disability.pension,employees,f,42,KEN,3
2022,disability.pension,employees,m,52,NPL,3
2022,disability.pension,employees,f,40,COL,13
2022,disability.pension,employees,f,50,VEN,3
2022,disability.pension,employees,m,55,COL,2
2022,disability.pension,employees,f,52,COL,2
2022,disability.pension,employees,m,40,COL,34
2022,disability.pension,employees,f,43,COL,5
2022,disability.pension,employees,m,18,COL,3
2022,disability.pension,employees,m,33,KEN,13
2022,disability.pension,employees,f,38,KEN,6
2022,disability.pension,employees,m,42,KEN,10
2022,disability.pension,employees,m,35,KEN,11
2022,disability.pension,employees,m,54,COL,4
2022,disability.pension,employees,f,26,VEN,5
2022,disability.pension,employees,m,52,COL,5
2022,disability.pension,employees,m,22,ETH,35
2022,disability.pension,employees,f,24,NPL,21
2022,disability.pension,employees,f,31,NPL,32
2022,disability.pension,employees,m,37,KEN,11
2022,disability.pension,employees,f,21,KEN,4
2022,disability.pension,employees,m,49,COL,6
2022,disability.pension,employees,f,32,COL,17
2022,disability.pension,employees,f,39,COL,12
2022,disability.pension,employees,f,34,GEO,16
2022,disability.pension,employees,f,22,TUR,10
2022,disability.pension,employees,f,35,COL,9
2022,disability.pension,employees,m,57,COL,4
2022,disability.pension,employees,f,48,COL,1
2022,disability.pension,employees,m,28,COL,2
2022,disability.pension,employees,m,35,COL,6
2022,disability.pension,employees,m,26,COL,2
2022,disability.pension,employees,f,45,VEN,1
2022,disability.pension,employees,f,41,COL,2
2022,disability.pension,employees,f,44,COL,10
2022,disability.pension,employees,f,36,COL,11
2022,disability.pension,employees,f,37,AUS,2
2022,disability.pension,employees,f,56,UZB,2
2022,disability.pension,employees,f,26,UKR,4
2022,disability.pension,employees,f,18,GEO,17
2022,disability.pension,employees,f,34,SVN,2
2022,disability.pension,employees,m,55,BOL,3
2022,disability.pension,employees,m,54,BEL,8
2022,disability.pension,employees,m,58,BEL,8
2022,disability.pension,employees,m,50,GRC,9
2022,disability.pension,employees,m,40,KAZ,50
2022,disability.pension,employees,m,25,KGZ,25
2022,disability.pension,employees,f,45,LVA,7
2022,disability.pension,employees,f,34,CZE,2
2022,disability.pension,employees,m,27,ISR,7
2022,disability.pension,employees,m,57,CAN,5
2022,disability.pension,employees,m,60,TUR,24
2022,disability.pension,employees,f,36,DZA,4
2022,disability.pension,employees,m,49,TUN,4
2022,disability.pension,employees,m,32,TJK,33
2022,disability.pension,employees,m,44,RUS,16
2022,disability.pension,employees,f,40,ARM,21
2022,disability.pension,employees,f,28,RUS,8
2022,disability.pension,employees,m,25,CMR,3
2022,disability.pension,employees,m,50,TJK,6
2022,disability.pension,employees,m,32,MDA,2
2022,disability.pension,employees,m,49,UGA,2
2022,disability.pension,employees,f,54,RUS,10
2022,disability.pension,employees,m,58,ITA,6
2022,disability.pension,employees,f,42,SVK,4
2022,disability.pension,employees,f,36,MNG,8
2022,disability.pension,employees,f,35,NPL,18
2022,disability.pension,employees,m,51,UKR,4
2022,disability.pension,employees,f,51,CZE,5
2022,disability.pension,employees,m,55,KOR,12
2022,disability.pension,employees,f,54,MNG,2
2022,disability.pension,employees,m,36,UKR,10
2022,disability.pension,employees,f,58,ROU,20
2022,disability.pension,employees,m,35,JAM,2
2022,disability.pension,employees,m,52,CZE,2
2022,disability.pension,employees,m,81,ITA,2
2022,disability.pension,employees,f,41,ARM,4
2022,disability.pension,employees,m,41,UKR,2
2022,disability.pension,employees,m,66,DEU,10
2022,disability.pension,employees,m,63,ITA,4
2022,disability.pension,employees,m,17,BGD,1
2022,disability.pension,employees,m,39,SDN,1
2022,disability.pension,employees,m,63,AUT,3
2022,disability.pension,employees,f,64,RUS,14
2022,disability.pension,employees,m,41,CRI,2
2022,disability.pension,employees,f,57,USA,3
2022,disability.pension,employees,f,29,LTU,26
2022,disability.pension,employees,m,67,FRA,5
2022,disability.pension,employees,f,45,NPL,5
2022,disability.pension,employees,f,38,NPL,9
2022,disability.pension,employees,m,50,DNK,6
2022,disability.pension,employees,m,41,BGD,4
2022,disability.pension,employees,f,56,LTU,11
2022,disability.pension,employees,m,53,SLV,1
2022,disability.pension,employees,m,50,GBR,2
2022,disability.pension,employees,m,47,NPL,20
2022,disability.pension,employees,m,19,FRA,3
2022,disability.pension,employees,m,27,PAK,42
2022,disability.pension,employees,f,44,NPL,3
2022,disability.pension,employees,m,51,NPL,6
2022,disability.pension,employees,m,60,ITA,6
2022,disability.pension,employees,f,37,KAZ,25
2022,disability.pension,employees,f,70,DEU,7
2022,disability.pension,employees,m,43,THA,4
2022,disability.pension,employees,m,60,ESP,7
2022,disability.pension,employees,m,53,KAZ,25
2022,disability.pension,employees,f,47,LTU,3
2022,disability.pension,employees,f,33,DEU,4
2022,disability.pension,employees,f,22,KGZ,18
2022,disability.pension,employees,m,30,MNG,4
2022,disability.pension,employees,m,47,UKR,23
2022,disability.pension,employees,m,30,SAU,5
2022,disability.pension,employees,m,45,CHL,4
2022,disability.pension,employees,f,29,MYS,4
2022,disability.pension,employees,f,42,ZAF,5
2022,disability.pension,employees,m,66,MAR,1
2022,disability.pension,employees,m,52,LVA,8
2022,disability.pension,employees,f,16,DEU,1
2022,disability.pension,employees,m,29,GHA,11
2022,disability.pension,employees,f,45,BGD,1
2022,disability.pension,employees,m,31,UGA,8
2022,disability.pension,employees,m,57,LKA,2
2022,disability.pension,employees,m,57,JOR,3
2022,disability.pension,employees,m,40,LTU,8
2022,disability.pension,employees,f,22,MEX,3
2022,disability.pension,employees,m,43,TUR,10
2022,disability.pension,employees,f,28,RUS,6
2022,disability.pension,employees,m,55,KHM,1
2022,disability.pension,employees,m,25,AZE,16
2022,disability.pension,employees,m,22,LBN,8
2022,disability.pension,employees,m,15,MDA,3
2022,disability.pension,employees,m,65,DEU,4
2022,disability.pension,employees,m,25,UKR,6
2022,disability.pension,employees,f,54,UKR,40
2022,disability.pension,employees,m,53,AFG,2
2022,disability.pension,employees,m,28,TJK,22
2022,disability.pension,employees,f,35,DEU,21
2022,disability.pension,employees,m,41,AUS,5
2022,disability.pension,employees,m,55,CUB,6
2022,disability.pension,employees,f,24,UKR,52
2022,disability.pension,employees,f,54,HUN,1
2022,disability.pension,employees,m,30,MAR,41
2022,disability.pension,employees,m,74,AUT,3
2022,disability.pension,employees,m,66,AUT,3
2022,disability.pension,employees,f,28,AZE,8
2022,disability.pension,employees,m,65,ROU,9
2022,disability.pension,employees,m,20,AFG,8
2022,disability.pension,employees,f,35,NGA,4
2022,disability.pension,employees,f,36,IRN,12
2022,disability.pension,employees,f,27,TZA,10
2022,disability.pension,employees,f,25,NPL,25
2022,disability.pension,employees,m,59,LKA,2
2022,disability.pension,employees,m,37,LKA,10
2022,disability.pension,employees,m,27,UZB,12
2022,disability.pension,employees,f,48,TUR,9
2022,disability.pension,employees,m,41,NLD,4
2022,disability.pension,employees,f,45,BGR,25
2022,disability.pension,employees,f,44,HRV,1
2022,disability.pension,employees,f,40,UKR,32
2022,disability.pension,employees,m,26,ESP,3
2022,disability.pension,employees,m,24,GEO,6
2022,disability.pension,employees,m,37,MDA,24
2022,disability.pension,employees,f,17,AFG,1
2022,disability.pension,employees,f,52,MDA,8
2022,disability.pension,employees,m,19,GEO,42
2022,disability.pension,employees,f,44,IND,22
2022,disability.pension,employees,f,33,GEO,20
2022,disability.pension,employees,m,19,GEO,3
2022,disability.pension,employees,f,45,GEO,3
2022,disability.pension,employees,m,18,GEO,26
2022,disability.pension,employees,f,37,GEO,20
2022,disability.pension,employees,f,30,MDA,16
2022,disability.pension,employees,m,70,LVA,1
2022,disability.pension,employees,m,0,GEO,4
2022,disability.pension,employees,m,47,KOR,12
2022,disability.pension,employees,m,60,CZE,14
2022,disability.pension,employees,f,50,IRL,1
2022,disability.pension,employees,m,67,UKR,12
2022,disability.pension,employees,m,49,UKR,20
2022,disability.pension,employees,m,35,LBN,9
2022,disability.pension,employees,m,64,ITA,18
2022,disability.pension,employees,m,21,TUR,2
2022,disability.pension,employees,f,68,BLR,4
2022,disability.pension,employees,f,25,ESP,2
2022,disability.pension,employees,m,45,AZE,30
2022,disability.pension,employees,f,43,AZE,2
2022,disability.pension,employees,f,24,BGR,15
2022,disability.pension,employees,m,48,LUX,1
2022,disability.pension,employees,m,31,EGY,8
2022,disability.pension,employees,f,27,BGR,9
2022,disability.pension,employees,f,44,BLR,12
2022,disability.pension,employees,f,22,BGR,14
2022,disability.pension,employees,m,23,IND,32
2022,disability.pension,employees,m,26,TGO,1
2022,disability.pension,employees,m,51,DEU,8
2022,disability.pension,employees,m,41,IND,78
2022,disability.pension,employees,m,40,BGD,8
2022,disability.pension,employees,m,51,FIN,2
2022,disability.pension,employees,f,65,BGR,6
2022,disability.pension,employees,m,51,NLD,9
2022,disability.pension,employees,m,46,FIN,5
2022,disability.pension,employees,m,27,SVK,22
2022,disability.pension,employees,m,44,CMR,5
2022,disability.pension,employees,m,20,BGR,6
2022,disability.pension,employees,m,25,NLD,8
2022,disability.pension,employees,m,52,USA,23
2022,disability.pension,employees,f,43,MDA,24
2022,disability.pension,employees,f,38,UZB,9
2022,disability.pension,employees,f,63,UKR,24
2022,disability.pension,employees,m,53,KGZ,12
2022,disability.pension,employees,m,51,MAR,4
2022,disability.pension,employees,m,32,UKR,4
2022,disability.pension,employees,m,48,PER,2
2022,disability.pension,employees,m,21,BEL,4
2022,disability.pension,employees,m,46,BEL,8
2022,disability.pension,employees,m,47,BLR,4
2022,disability.pension,employees,m,52,MEX,4
2022,disability.pension,employees,m,40,UKR,2
2022,disability.pension,employees,f,47,AUT,4
2022,disability.pension,employees,f,64,KAZ,1
2022,disability.pension,employees,m,34,PAN,2
2022,disability.pension,employees,m,16,GEO,5
2022,disability.pension,employees,m,14,GEO,2
2022,disability.pension,employees,m,30,IND,130
2022,disability.pension,employees,m,37,ARG,18
2022,disability.pension,employees,m,40,ARG,16
2022,disability.pension,employees,m,28,ARG,19
2022,disability.pension,employees,m,27,GTM,11
2022,disability.pension,employees,m,22,GTM,12
2022,disability.pension,employees,f,25,GTM,5
2022,disability.pension,employees,f,20,GTM,2
2022,disability.pension,employees,m,45,GTM,2
2022,disability.pension,employees,m,69,AUT,2
2022,disability.pension,employees,m,67,NLD,2
2022,disability.pension,employees,f,68,AFG,1
2022,disability.pension,employees,m,39,URY,2
2022,disability.pension,employees,m,60,UKR,24
2022,disability.pension,employees,m,33,URY,2
2022,disability.pension,employees,m,41,UKR,2
2022,disability.pension,employees,f,53,ESP,2
2022,disability.pension,employees,m,31,VEN,9
2022,disability.pension,employees,m,35,VEN,9
2022,disability.pension,employees,m,28,VEN,12
2022,disability.pension,employees,m,36,MEX,22
2022,disability.pension,employees,f,26,MEX,8
2022,disability.pension,employees,m,38,VEN,10
2022,disability.pension,employees,m,39,VEN,7
2022,disability.pension,employees,m,33,VEN,7
2022,disability.pension,employees,f,56,MEX,1
2022,disability.pension,employees,m,41,VEN,6
2022,disability.pension,employees,m,41,ARG,18
2022,disability.pension,employees,m,19,VEN,3
2022,disability.pension,employees,f,30,PHL,91
2022,disability.pension,employees,m,43,CUB,8
2022,disability.pension,employees,m,25,CUB,6
2022,disability.pension,employees,m,45,VEN,5
2022,disability.pension,employees,f,21,VEN,2
2022,disability.pension,employees,m,26,VEN,8
2022,disability.pension,employees,f,37,AFG,3
2022,disability.pension,employees,f,35,KEN,5
2022,disability.pension,employees,f,29,UKR,4
2022,disability.pension,employees,m,38,UKR,2
2022,disability.pension,employees,m,24,TJK,25
2022,disability.pension,employees,f,39,ROU,22
2022,disability.pension,employees,f,31,TZA,2
2022,disability.pension,employees,f,21,ROU,12
2022,disability.pension,employees,f,29,TZA,4
2022,disability.pension,employees,m,38,PHL,32
2022,disability.pension,employees,f,49,PHL,19
2022,disability.pension,employees,m,53,PHL,36
2022,disability.pension,employees,m,44,BOL,3
2022,disability.pension,employees,f,28,BOL,1
2022,disability.pension,employees,m,26,BOL,3
2022,disability.pension,employees,m,28,BOL,3
2022,disability.pension,employees,f,36,CHN,52
2022,disability.pension,employees,m,34,LKA,4
2022,disability.pension,employees,m,39,IDN,6
2022,disability.pension,employees,m,50,CYP,1
2022,disability.pension,employees,m,45,NER,3
2022,disability.pension,employees,m,39,BRA,28
2022,disability.pension,employees,m,46,AFG,2
2022,disability.pension,employees,m,41,DEU,8
2022,disability.pension,employees,f,78,BGR,1
2022,disability.pension,employees,m,26,SOM,1
2022,disability.pension,employees,m,53,SWE,5
2022,disability.pension,employees,m,40,GMB,4
2022,disability.pension,employees,m,37,IRL,14
2022,disability.pension,employees,f,47,DNK,1
2022,disability.pension,employees,m,26,NPL,3
2022,disability.pension,employees,m,42,UZB,10
2022,disability.pension,employees,m,21,NPL,2
2022,disability.pension,employees,m,29,NPL,12
2022,disability.pension,employees,m,39,ROU,8
2022,disability.pension,employees,m,53,MEX,5
2022,disability.pension,employees,f,49,MEX,4
2022,disability.pension,employees,m,41,MEX,12
2022,disability.pension,employees,f,37,VEN,3
2022,disability.pension,employees,m,22,CUB,2
2022,disability.pension,employees,m,44,CUB,5
2022,disability.pension,employees,m,36,CUB,8
2022,disability.pension,employees,m,26,CUB,7
2022,disability.pension,employees,f,31,CUB,3
2022,disability.pension,employees,m,50,CUB,6
2022,disability.pension,employees,m,22,VEN,5
2022,disability.pension,employees,m,23,VEN,7
2022,disability.pension,employees,m,56,BLR,9
2022,disability.pension,employees,f,15,TUR,1
2022,disability.pension,employees,m,27,ALB,4
2022,disability.pension,employees,f,40,UKR,2
2022,disability.pension,employees,m,45,PRT,34
2022,disability.pension,employees,m,41,ALB,13
2022,disability.pension,employees,f,42,BEL,3
2022,disability.pension,employees,m,44,AZE,8
2022,disability.pension,employees,m,57,AZE,4
2022,disability.pension,employees,f,36,PER,2
2022,disability.pension,employees,f,45,KAZ,16
2022,disability.pension,employees,m,0,BLR,11
2022,disability.pension,employees,f,39,RUS,20
2022,disability.pension,employees,m,31,GHA,13
2022,disability.pension,employees,m,37,GHA,2
2022,disability.pension,employees,m,52,CYP,1
2022,disability.pension,employees,f,32,PRT,8
2022,disability.pension,employees,m,33,MKD,4
2022,disability.pension,employees,m,47,PRT,19
2022,disability.pension,employees,f,31,ITA,4
2022,disability.pension,employees,m,35,DEU,31
2022,disability.pension,employees,m,37,BRA,37
2022,disability.pension,employees,f,45,DEU,9
2022,disability.pension,employees,m,62,GEO,16
2022,disability.pension,employees,f,36,MEX,10
2022,disability.pension,employees,f,33,VNM,3
2022,disability.pension,employees,f,18,BGR,7
2022,disability.pension,employees,f,84,UKR,4
2022,disability.pension,employees,m,58,KGZ,8
2022,disability.pension,employees,m,26,KGZ,25
2022,disability.pension,employees,m,33,KGZ,51
2022,disability.pension,employees,m,47,KGZ,22
2022,disability.pension,employees,m,57,AUT,5
2022,disability.pension,employees,m,61,AUT,2
2022,disability.pension,employees,f,48,BEL,1
2022,disability.pension,employees,f,44,BGR,17
2022,disability.pension,employees,f,23,BGR,15
2022,disability.pension,employees,m,23,ROU,65
2022,disability.pension,employees,m,48,FRA,2
2022,disability.pension,employees,m,44,AFG,6
2022,disability.pension,employees,f,41,LVA,9
2022,disability.pension,employees,m,45,SVK,2
2022,disability.pension,employees,f,34,BEL,4
2022,disability.pension,employees,m,30,BEL,4
2022,disability.pension,employees,m,31,HUN,26
2022,disability.pension,employees,m,46,BGD,6
2022,disability.pension,employees,m,24,SDN,2
2022,disability.pension,employees,m,64,NGA,2
2022,disability.pension,employees,f,57,MNG,3
2022,disability.pension,employees,f,65,MNG,1
2022,disability.pension,employees,m,23,PER,10
2022,disability.pension,employees,f,53,LTU,13
2022,disability.pension,employees,m,43,MAR,4
2022,disability.pension,employees,m,63,YUG,1
2022,disability.pension,employees,f,32,UKR,6
2022,disability.pension,employees,m,38,SLE,1
2022,disability.pension,employees,m,47,SYR,9
2022,disability.pension,employees,m,59,UZB,5
2022,disability.pension,employees,f,27,SVK,27
2022,disability.pension,employees,f,40,PHL,154
2022,disability.pension,employees,f,41,PHL,3
2022,disability.pension,employees,f,26,PHL,25
2022,disability.pension,employees,f,57,PHL,3
2022,disability.pension,employees,f,42,PHL,14
2022,disability.pension,employees,f,52,PHL,15
2022,disability.pension,employees,f,36,PHL,14
2022,disability.pension,employees,f,25,PHL,27
2022,disability.pension,employees,m,121,BLR,1
2022,disability.pension,employees,m,22,TJK,15
2022,disability.pension,employees,f,40,UZB,12
2022,disability.pension,employees,m,34,JAM,1
2022,disability.pension,employees,f,48,GBR,6
2022,disability.pension,employees,m,37,JOR,2
2022,disability.pension,employees,m,33,JOR,3
2022,disability.pension,employees,m,51,PSE,2
2022,disability.pension,employees,f,62,UKR,27
2022,disability.pension,employees,m,63,LKA,1
2022,disability.pension,employees,m,54,PAK,6
2022,disability.pension,employees,f,38,LKA,2
2022,disability.pension,employees,m,30,LKA,9
2022,disability.pension,employees,m,54,JOR,3
2022,disability.pension,employees,m,43,PSE,3
2022,disability.pension,employees,m,24,SYR,5
2022,disability.pension,employees,m,46,UKR,2
2022,disability.pension,employees,m,57,DNK,11
2022,disability.pension,employees,f,72,ARM,3
2022,disability.pension,employees,m,79,GBR,5
2022,disability.pension,employees,m,27,BGD,8
2022,disability.pension,employees,m,29,BGD,18
2022,disability.pension,employees,m,24,EGY,18
2022,disability.pension,employees,m,34,IRQ,8
2022,disability.pension,employees,m,53,ZWE,4
2022,disability.pension,employees,m,45,ZWE,6
2022,disability.pension,employees,m,33,ZWE,19
2022,disability.pension,employees,f,40,LTU,2
2022,disability.pension,employees,m,55,PAK,3
2022,disability.pension,employees,m,57,PAK,1
2022,disability.pension,employees,m,35,EST,5
2022,disability.pension,employees,m,36,YEM,2
2022,disability.pension,employees,m,26,YEM,5
2022,disability.pension,employees,m,62,ARM,11
2022,disability.pension,employees,f,33,UKR,4
2022,disability.pension,employees,m,52,MDA,2
2022,disability.pension,employees,f,33,UZB,7
2022,disability.pension,employees,m,24,KGZ,34
2022,disability.pension,employees,m,25,MDA,32
2022,disability.pension,employees,f,71,ARM,4
2022,disability.pension,employees,m,35,PRT,52
2022,disability.pension,employees,m,54,CHN,37
2022,disability.pension,employees,m,42,BLR,9
2022,disability.pension,employees,m,43,IDN,8
2022,disability.pension,employees,m,49,NPL,19
2022,disability.pension,employees,m,38,IDN,83
2022,disability.pension,employees,m,36,PHL,3
2022,disability.pension,employees,m,33,PHL,3
2022,disability.pension,employees,m,22,TKM,14
2022,disability.pension,employees,m,39,TKM,28
2022,disability.pension,employees,m,36,KAZ,55
2022,disability.pension,employees,m,25,KAZ,53
2022,disability.pension,employees,m,0,BGD,1
2022,disability.pension,employees,m,26,NLD,11
2022,disability.pension,employees,f,62,ROU,15
2022,disability.pension,employees,m,46,UKR,2
2022,disability.pension,employees,m,55,EGY,4
2022,disability.pension,employees,m,53,NOR,1
2022,disability.pension,employees,m,50,LTU,20
2022,disability.pension,employees,m,39,HRV,17
2022,disability.pension,employees,m,51,ESP,18
2022,disability.pension,employees,f,50,ARM,2
2022,disability.pension,employees,m,23,HRV,5
2022,disability.pension,employees,f,23,ETH,6
2022,disability.pension,employees,m,37,UKR,2
2022,disability.pension,employees,m,34,ARM,2
2022,disability.pension,employees,m,30,UKR,5
2022,disability.pension,employees,m,19,HUN,4
2022,disability.pension,employees,m,47,GRC,7
2022,disability.pension,employees,m,56,LVA,5
2022,disability.pension,employees,m,56,KOR,6
2022,disability.pension,employees,m,61,ROU,16
2022,disability.pension,employees,m,24,CAN,2
2022,disability.pension,employees,m,19,ROU,21
2022,disability.pension,employees,f,52,ARM,14
2022,disability.pension,employees,m,35,KOR,7
2022,disability.pension,employees,m,22,CZE,8
2022,disability.pension,employees,m,44,KOR,17
2022,disability.pension,employees,m,58,AFG,1
2022,disability.pension,employees,m,58,PHL,8
2022,disability.pension,employees,f,28,CZE,11
2022,disability.pension,employees,m,25,ARG,18
2022,disability.pension,employees,m,31,UKR,8
2022,disability.pension,employees,f,64,SWE,3
2022,disability.pension,employees,m,55,MKD,2
2022,disability.pension,employees,m,48,MKD,4
2022,disability.pension,employees,m,39,MKD,6
2022,disability.pension,employees,m,52,CAN,5
2022,disability.pension,employees,f,33,MEX,12
2022,disability.pension,employees,m,36,UKR,8
2022,disability.pension,employees,m,39,UKR,2
2022,disability.pension,employees,m,37,UKR,6
2022,disability.pension,employees,m,49,IRQ,5
2022,disability.pension,employees,f,64,DEU,11
2022,disability.pension,employees,m,60,DZA,3
2022,disability.pension,employees,m,58,DZA,4
2022,disability.pension,employees,m,45,SOM,1
2022,disability.pension,employees,m,38,SOM,2
2022,disability.pension,employees,m,31,DZA,8
2022,disability.pension,employees,m,47,DZA,2
2022,disability.pension,employees,m,52,DZA,2
2022,disability.pension,employees,m,22,SOM,2
2022,disability.pension,employees,m,34,SDN,1
2022,disability.pension,employees,m,35,SDN,1
2022,disability.pension,employees,m,42,DZA,2
2022,disability.pension,employees,m,29,SOM,2
2022,disability.pension,employees,m,20,SOM,1
2022,disability.pension,employees,m,40,DZA,8
2022,disability.pension,employees,m,26,SOM,2
2022,disability.pension,employees,m,21,SOM,2
2022,disability.pension,employees,m,20,SOM,2
2022,disability.pension,employees,m,34,DZA,4
2022,disability.pension,employees,m,33,DZA,3
2022,disability.pension,employees,m,25,DZA,27
2022,disability.pension,employees,m,15,UKR,2
2022,disability.pension,employees,f,37,UKR,36
2022,disability.pension,employees,m,35,IRN,22
2022,disability.pension,employees,m,30,IRN,23
2022,disability.pension,employees,m,25,RWA,25
2022,disability.pension,employees,m,28,RWA,33
2022,disability.pension,employees,f,29,RWA,6
2022,disability.pension,employees,m,44,UKR,6
2022,disability.pension,employees,m,56,BGD,1
2022,disability.pension,employees,f,29,SWE,4
2022,disability.pension,employees,m,31,TJK,28
2022,disability.pension,employees,f,16,GEO,1
2022,disability.pension,employees,m,20,SVK,5
2022,disability.pension,employees,f,65,GEO,12
2022,disability.pension,employees,m,55,ALB,5
2022,disability.pension,employees,m,44,MDA,2
2022,disability.pension,employees,m,38,LKA,4
2022,disability.pension,employees,m,62,LBY,4
2022,disability.pension,employees,m,27,RWA,8
2022,disability.pension,employees,m,35,UKR,36
2022,disability.pension,employees,m,41,GTM,1
2022,disability.pension,employees,m,59,GRC,2
2022,disability.pension,employees,m,27,LBN,13
2022,disability.pension,employees,m,29,JOR,13
2022,disability.pension,employees,f,36,MDA,6
2022,disability.pension,employees,f,26,ITA,49
2022,disability.pension,employees,f,38,BGR,15
2022,disability.pension,employees,m,51,AFG,2
2022,disability.pension,employees,m,63,COG,2
2022,disability.pension,employees,f,45,AFG,5
2022,disability.pension,employees,m,75,NLD,1
2022,disability.pension,employees,m,69,DNK,2
2022,disability.pension,employees,m,26,BLR,3
2022,disability.pension,employees,f,51,MMR,1
2022,disability.pension,employees,f,38,TKM,14
2022,disability.pension,employees,m,32,RWA,18
2022,disability.pension,employees,m,43,TKM,19
2022,disability.pension,employees,f,44,TKM,10
2022,disability.pension,employees,f,28,KAZ,42
2022,disability.pension,employees,f,28,KGZ,12
2022,disability.pension,employees,f,45,CUB,3
2022,disability.pension,employees,f,32,RUS,3
2022,disability.pension,employees,m,30,USA,2
2022,disability.pension,employees,m,43,LBY,1
2022,disability.pension,employees,m,37,DNK,4
2022,disability.pension,employees,m,64,NLD,2
2022,disability.pension,employees,f,33,NGA,6
2022,disability.pension,employees,m,40,CUB,2
2022,disability.pension,employees,f,30,TKM,2
2022,disability.pension,employees,f,32,CUB,5
2022,disability.pension,employees,f,40,GBR,2
2022,disability.pension,employees,m,54,NLD,4
2022,disability.pension,employees,f,24,ROU,4
2022,disability.pension,employees,m,35,USA,2
2022,disability.pension,employees,f,27,CMR,5
2022,disability.pension,employees,m,30,MDA,42
2022,disability.pension,employees,m,39,DEU,8
2022,disability.pension,employees,f,37,BRA,2
2022,disability.pension,employees,m,47,GHA,1
2022,disability.pension,employees,m,53,PER,2
2022,disability.pension,employees,f,46,CHN,38
2022,disability.pension,employees,f,46,PER,3
2022,disability.pension,employees,f,26,KEN,22
2022,disability.pension,employees,f,42,EST,4
2022,disability.pension,employees,m,33,EGY,54
2022,disability.pension,employees,m,26,BGD,8
2022,disability.pension,employees,f,28,CMR,8
2022,disability.pension,employees,m,37,NGA,14
2022,disability.pension,employees,f,27,LKA,3
2022,disability.pension,employees,m,28,BGD,10
2022,disability.pension,employees,m,61,GBR,2
2022,disability.pension,employees,f,35,CMR,2
2022,disability.pension,employees,m,49,ESP,30
2022,disability.pension,employees,f,77,CAN,1
2022,disability.pension,employees,m,33,COG,2
2022,disability.pension,employees,m,43,JPN,5
2022,disability.pension,employees,m,29,GBR,6
2022,disability.pension,employees,f,34,CAN,2
2022,disability.pension,employees,m,42,GBR,3
2022,disability.pension,employees,f,38,UKR,32
2022,disability.pension,employees,m,48,VEN,1
2022,disability.pension,employees,m,74,GRC,2
2022,disability.pension,employees,m,41,ESP,55
2022,disability.pension,employees,m,41,BEL,10
2022,disability.pension,employees,m,39,CUB,4
2022,disability.pension,employees,m,72,ITA,2
2022,disability.pension,employees,f,37,FIN,4
2022,disability.pension,employees,m,28,IRQ,14
2022,disability.pension,employees,m,35,CHN,84
2022,disability.pension,employees,m,57,TUN,2
2022,disability.pension,employees,f,67,THA,1
2022,disability.pension,employees,f,31,THA,10
2022,disability.pension,employees,f,49,THA,2
2022,disability.pension,employees,m,40,UKR,2
2022,disability.pension,employees,f,28,VEN,7
2022,disability.pension,employees,m,44,GBR,3
2022,disability.pension,employees,m,45,PAK,12
2022,disability.pension,employees,m,65,DNK,2
2022,disability.pension,employees,m,45,FRA,46
2022,disability.pension,employees,m,47,VEN,6
2022,disability.pension,employees,f,38,HUN,17
2022,disability.pension,employees,m,36,AFG,7
2022,disability.pension,employees,m,18,AFG,4
2022,disability.pension,employees,m,43,AFG,2
2022,disability.pension,employees,f,32,RUS,18
2022,disability.pension,employees,m,58,KAZ,6
2022,disability.pension,employees,m,68,NLD,3
2022,disability.pension,employees,f,49,TUR,8
2022,disability.pension,employees,m,52,NLD,6
2022,disability.pension,employees,f,37,UKR,2
2022,disability.pension,employees,f,43,LVA,6
2022,disability.pension,employees,m,37,LTU,6
2022,disability.pension,employees,m,24,BIH,3
2022,disability.pension,employees,f,30,LTU,30
2022,disability.pension,employees,f,27,LVA,7
2022,disability.pension,employees,f,40,JOR,1
2022,disability.pension,employees,m,39,GRC,26
2022,disability.pension,employees,f,57,IND,3
2022,disability.pension,employees,m,34,BEL,13
2022,disability.pension,employees,m,30,TZA,8
2022,disability.pension,employees,m,56,BEL,5
2022,disability.pension,employees,f,55,BGR,11
2022,disability.pension,employees,m,41,GBR,8
2022,disability.pension,employees,m,33,ITA,16
2022,disability.pension,employees,m,39,PAK,4
2022,disability.pension,employees,m,46,CHL,3
2022,disability.pension,employees,m,31,MDA,26
2022,disability.pension,employees,f,28,ITA,6
2022,disability.pension,employees,f,28,TKM,8
2022,disability.pension,employees,m,17,MDA,6
2022,disability.pension,employees,f,50,RUS,16
2022,disability.pension,employees,m,57,UKR,2
2022,disability.pension,employees,f,25,GBR,6
2022,disability.pension,employees,m,59,ZAF,2
2022,disability.pension,employees,m,57,TUR,2
2022,disability.pension,employees,m,34,PER,3
2022,disability.pension,employees,m,36,BOL,2
2022,disability.pension,employees,m,43,SWE,5
2022,disability.pension,employees,m,36,ESP,4
2022,disability.pension,employees,m,47,MEX,13
2022,disability.pension,employees,f,28,UGA,10
2022,disability.pension,employees,f,35,UGA,5
2022,disability.pension,employees,f,37,UGA,6
2022,disability.pension,employees,f,32,UGA,6
2022,disability.pension,employees,f,24,UGA,3
2022,disability.pension,employees,m,34,UGA,2
2022,disability.pension,employees,f,26,UGA,4
2022,disability.pension,employees,m,20,MEX,1
2022,disability.pension,employees,m,19,MEX,2
2022,disability.pension,employees,m,18,MEX,1
2022,disability.pension,employees,m,23,MEX,5
2022,disability.pension,employees,f,23,UGA,2
2022,disability.pension,employees,f,34,UGA,4
2022,disability.pension,employees,m,29,YEM,9
2022,disability.pension,employees,f,58,GEO,6
2022,disability.pension,employees,f,33,MLT,1
2022,disability.pension,employees,f,24,TUR,49
2022,disability.pension,employees,m,38,ESP,88
2022,disability.pension,employees,f,25,TWN,2
2022,disability.pension,employees,m,24,GBR,17
2022,disability.pension,employees,f,30,USA,2
2022,disability.pension,employees,m,29,IRQ,6
2022,disability.pension,employees,m,29,CUB,7
2022,disability.pension,employees,m,26,MEX,13
2022,disability.pension,employees,m,38,VNM,12
2022,disability.pension,employees,f,55,ALB,2
2022,disability.pension,employees,m,22,ALB,8
2022,disability.pension,employees,m,31,ALB,12
2022,disability.pension,employees,m,35,AUT,8
2022,disability.pension,employees,f,47,AFG,6
2022,disability.pension,employees,m,58,CRI,2
2022,disability.pension,employees,m,26,ITA,128
2022,disability.pension,employees,f,37,DEU,4
2022,disability.pension,employees,m,43,MEX,4
2022,disability.pension,employees,m,27,SVN,6
2022,disability.pension,employees,m,40,TWN,4
2022,disability.pension,employees,m,25,LBN,14
2022,disability.pension,employees,f,26,CAN,4
2022,disability.pension,employees,f,44,BLR,4
2022,disability.pension,employees,m,50,UKR,2
2022,disability.pension,employees,m,60,RUS,2
2022,disability.pension,employees,f,42,UKR,56
2022,disability.pension,employees,m,21,MDA,26
2022,disability.pension,employees,f,28,GEO,28
2022,disability.pension,employees,f,26,MDA,5
2022,disability.pension,employees,m,54,KGZ,9
2022,disability.pension,employees,f,43,KGZ,5
2022,disability.pension,employees,m,26,KGZ,6
2022,disability.pension,employees,f,53,VEN,3
2022,disability.pension,employees,f,22,USA,4
2022,disability.pension,employees,f,35,FRA,2
2022,disability.pension,employees,f,22,MKD,1
2022,disability.pension,employees,m,45,MYS,1
2022,disability.pension,employees,f,26,LBN,5
2022,disability.pension,employees,f,36,IDN,4
2022,disability.pension,employees,f,26,IND,2
2022,disability.pension,employees,m,63,FRA,7
2022,disability.pension,employees,f,41,NPL,5
2022,disability.pension,employees,m,48,NPL,2
2022,disability.pension,employees,m,34,MEX,31
2022,disability.pension,employees,m,36,AUT,9
2022,disability.pension,employees,m,39,ALB,10
2022,disability.pension,employees,f,32,TUR,6
2022,disability.pension,employees,f,23,ETH,16
2022,disability.pension,employees,m,26,CAN,6
2022,disability.pension,employees,m,70,PHL,3
2022,disability.pension,employees,m,24,ZAF,4
2022,disability.pension,employees,f,24,BGR,2
2022,disability.pension,employees,f,51,PRT,5
2022,disability.pension,employees,m,26,IRL,4
2022,disability.pension,employees,m,27,CAN,4
2022,disability.pension,employees,m,46,GRC,2
2022,disability.pension,employees,m,21,JOR,2
2022,disability.pension,employees,f,25,CAN,2
2022,disability.pension,employees,m,23,LBN,5
2022,disability.pension,employees,f,50,IND,7
2022,disability.pension,employees,f,39,TWN,4
2022,disability.pension,employees,f,26,CIV,1
2022,disability.pension,employees,f,28,BRA,2
2022,disability.pension,employees,m,23,NZL,2
2022,disability.pension,employees,m,25,HUN,21
2022,disability.pension,employees,f,27,IRQ,3
2022,disability.pension,employees,f,22,CAN,2
2022,disability.pension,employees,f,26,IND,9
2022,disability.pension,employees,f,26,JOR,2
2022,disability.pension,employees,f,25,PAK,7
2022,disability.pension,employees,f,25,LBN,4
2022,disability.pension,employees,m,1,ESP,1
2022,disability.pension,employees,f,38,GBR,10
2022,disability.pension,employees,m,38,UKR,10
2022,disability.pension,employees,m,32,BRA,49
2022,disability.pension,employees,m,26,PRT,39
2022,disability.pension,employees,m,48,LVA,13
2022,disability.pension,employees,f,21,SLV,1
2022,disability.pension,employees,m,31,IRL,8
2022,disability.pension,employees,m,29,MAR,6
2022,disability.pension,employees,m,37,BEL,2
2022,disability.pension,employees,f,28,KAZ,2
2022,disability.pension,employees,m,28,CAN,8
2022,disability.pension,employees,m,27,NGA,2
2022,disability.pension,employees,f,28,BRA,15
2022,disability.pension,employees,m,26,UKR,24
2022,disability.pension,employees,f,21,SYR,3
2022,disability.pension,employees,f,19,CAN,2
2022,disability.pension,employees,f,28,IRQ,3
2022,disability.pension,employees,m,33,NGA,16
2022,disability.pension,employees,f,23,PAK,2
2022,disability.pension,employees,f,29,ARG,2
2022,disability.pension,employees,m,27,LUX,1
2022,disability.pension,employees,f,28,NGA,31
2022,disability.pension,employees,m,23,ZWE,44
2022,disability.pension,employees,f,28,CHN,14
2022,disability.pension,employees,m,45,COL,2
2022,disability.pension,employees,f,31,AZE,30
2022,disability.pension,employees,f,25,EGY,7
2022,disability.pension,employees,m,25,EGY,38
2022,disability.pension,employees,m,26,BDI,1
2022,disability.pension,employees,m,122,NOR,1
2022,disability.pension,employees,f,20,THA,1
2022,disability.pension,employees,m,33,PAK,10
2022,disability.pension,employees,f,26,PRT,11
2022,disability.pension,employees,m,23,UKR,20
2022,disability.pension,employees,m,51,MDA,6
2022,disability.pension,employees,m,19,UKR,3
2022,disability.pension,employees,m,31,TUR,20
2022,disability.pension,employees,f,28,RWA,12
2022,disability.pension,employees,f,25,RWA,20
2022,disability.pension,employees,f,40,BRA,13
2022,disability.pension,employees,m,22,PRT,5
2022,disability.pension,employees,f,24,NER,3
2022,disability.pension,employees,f,26,TWN,3
2022,disability.pension,employees,m,55,ROU,3
2022,disability.pension,employees,m,23,CAN,4
2022,disability.pension,employees,m,32,ISR,7
2022,disability.pension,employees,m,23,ISR,2
2022,disability.pension,employees,f,30,DZA,3
2022,disability.pension,employees,m,36,PER,13
2022,disability.pension,employees,m,22,ECU,3
2022,disability.pension,employees,f,28,KEN,19
2022,disability.pension,employees,f,19,KGZ,5
2022,disability.pension,employees,m,24,ZAF,5
2022,disability.pension,employees,f,24,KEN,15
2022,disability.pension,employees,m,41,TUR,12
2022,disability.pension,employees,f,19,SLE,1
2022,disability.pension,employees,m,31,BGD,20
2022,disability.pension,employees,m,15,IND,1
2022,disability.pension,employees,m,26,TCD,1
2022,disability.pension,employees,m,27,CHL,4
2022,disability.pension,employees,m,29,IRQ,12
2022,disability.pension,employees,m,23,IRQ,3
2022,disability.pension,employees,m,30,IRQ,18
2022,disability.pension,employees,f,25,KEN,19
2022,disability.pension,employees,m,53,IND,18
2022,disability.pension,employees,m,20,SDN,1
2022,disability.pension,employees,m,34,AGO,5
2022,disability.pension,employees,m,33,IRN,19
2022,disability.pension,employees,m,22,DZA,2
2022,disability.pension,employees,f,27,AGO,3
2022,disability.pension,employees,f,19,ECU,1
2022,disability.pension,employees,m,17,ARM,2
2022,disability.pension,employees,f,39,CUB,4
2022,disability.pension,employees,m,137,UKR,1
2022,disability.pension,employees,f,34,GBR,13
2022,disability.pension,employees,f,16,BGR,2
2022,disability.pension,employees,f,15,BGR,1
2022,disability.pension,employees,f,53,SVK,2
2022,disability.pension,employees,m,51,SYR,8
2022,disability.pension,employees,f,55,ARM,11
2022,disability.pension,employees,m,31,UKR,6
2022,disability.pension,employees,f,63,TUR,1
2022,disability.pension,employees,m,65,GBR,17
2022,disability.pension,employees,m,49,SVK,4
2022,disability.pension,employees,m,61,RUS,2
2022,disability.pension,employees,f,31,IND,148
2022,disability.pension,employees,m,55,IND,17
2022,disability.pension,employees,f,29,ZAF,8
2022,disability.pension,employees,m,48,TJK,10
2022,disability.pension,employees,m,57,TJK,2
2022,disability.pension,employees,m,47,YEM,2
2022,disability.pension,employees,f,23,MDA,20
2022,disability.pension,employees,f,21,ROU,10
2022,disability.pension,employees,m,31,IRQ,13
2022,disability.pension,employees,f,43,MAR,2
2022,disability.pension,employees,m,40,AZE,3
2022,disability.pension,employees,f,29,ARM,2
2022,disability.pension,employees,m,32,ARM,20
2022,disability.pension,employees,m,25,SYR,12
2022,disability.pension,employees,m,41,IDN,79
2022,disability.pension,employees,m,41,KAZ,6
2022,disability.pension,employees,m,35,KAZ,6
2022,disability.pension,employees,m,44,LKA,3
2022,disability.pension,employees,f,37,MNG,6
2022,disability.pension,employees,f,49,TKM,8
2022,disability.pension,employees,f,39,TKM,4
2022,disability.pension,employees,f,34,UZB,9
2022,disability.pension,employees,f,41,TKM,7
2022,disability.pension,employees,m,51,TUR,2
2022,disability.pension,employees,m,38,TKM,16
2022,disability.pension,employees,f,27,UZB,13
2022,disability.pension,employees,f,51,TKM,5
2022,disability.pension,employees,m,34,TKM,6
2022,disability.pension,employees,f,44,UZB,13
2022,disability.pension,employees,f,27,TKM,12
2022,disability.pension,employees,f,47,TKM,4
2022,disability.pension,employees,f,45,TKM,4
2022,disability.pension,employees,f,22,TKM,10
2022,disability.pension,employees,f,23,TKM,9
2022,disability.pension,employees,m,48,TKM,10
2022,disability.pension,employees,f,33,TUR,35
2022,disability.pension,employees,m,25,KGZ,4
2022,disability.pension,employees,m,21,KGZ,2
2022,disability.pension,employees,m,24,KGZ,2
2022,disability.pension,employees,f,50,TUR,7
2022,disability.pension,employees,m,38,GHA,3
2022,disability.pension,employees,m,29,EST,4
2022,disability.pension,employees,f,72,BLR,4
2022,disability.pension,employees,f,22,BGR,2
2022,disability.pension,employees,m,21,PRT,3
2022,disability.pension,employees,m,48,PAK,4
2022,disability.pension,employees,f,33,AUS,1
2022,disability.pension,employees,m,43,YEM,4
2022,disability.pension,employees,f,26,UKR,2
2022,disability.pension,employees,f,28,SVK,24
2022,disability.pension,employees,f,27,MDA,3
2022,disability.pension,employees,m,31,MDA,3
2022,disability.pension,employees,f,15,UKR,2
2022,disability.pension,employees,f,45,IDN,12
2022,disability.pension,employees,f,32,BGR,4
2022,disability.pension,employees,f,32,UKR,44
2022,disability.pension,employees,f,23,IND,6
2022,disability.pension,employees,m,26,ETH,20
2022,disability.pension,employees,f,19,MOZ,2
2022,disability.pension,employees,f,20,MOZ,4
2022,disability.pension,employees,m,20,UZB,3
2022,disability.pension,employees,m,20,ETH,6
2022,disability.pension,employees,m,31,KEN,17
2022,disability.pension,employees,m,23,MOZ,2
2022,disability.pension,employees,m,33,TZA,2
2022,disability.pension,employees,m,20,ZWE,17
2022,disability.pension,employees,m,22,BDI,2
2022,disability.pension,employees,f,19,ZWE,2
2022,disability.pension,employees,f,20,KEN,4
2022,disability.pension,employees,m,40,ALB,6
2022,disability.pension,employees,m,23,ALB,4
2022,disability.pension,employees,m,27,ETH,18
2022,disability.pension,employees,f,19,ETH,1
2022,disability.pension,employees,m,56,KAZ,13
2022,disability.pension,employees,m,52,KAZ,22
2022,disability.pension,employees,m,38,KGZ,51
2022,disability.pension,employees,m,54,FRA,6
2022,disability.pension,employees,m,35,LVA,20
2022,disability.pension,employees,f,32,HUN,20
2022,disability.pension,employees,f,58,SVK,2
2022,disability.pension,employees,m,58,MEX,2
2022,disability.pension,employees,m,33,ZAF,7
2022,disability.pension,employees,f,27,ZAF,10
2022,disability.pension,employees,f,43,ZAF,3
2022,disability.pension,employees,m,59,AUT,6
2022,disability.pension,employees,m,31,GTM,7
2022,disability.pension,employees,m,42,GRC,23
2022,disability.pension,employees,f,38,AND,1
2022,disability.pension,employees,m,105,ROU,1
2022,disability.pension,employees,m,45,ESP,8
2022,disability.pension,employees,f,31,CZE,14
2022,disability.pension,employees,m,61,SYR,3
2022,disability.pension,employees,f,33,CAN,3
2022,disability.pension,employees,m,21,USA,4
2022,disability.pension,employees,m,56,SVN,2
2022,disability.pension,employees,f,55,MDA,16
2022,disability.pension,employees,m,67,HRV,1
2022,disability.pension,employees,f,45,LVA,2
2022,disability.pension,employees,f,41,GBR,6
2022,disability.pension,employees,f,25,ESP,20
2022,disability.pension,employees,m,47,AUT,5
2022,disability.pension,employees,m,74,VNM,1
2022,disability.pension,employees,m,65,KAZ,1
2022,disability.pension,employees,m,17,VNM,4
2022,disability.pension,employees,m,36,AUS,3
2022,disability.pension,employees,m,32,ZAF,7
2022,disability.pension,employees,f,39,UKR,2
2022,disability.pension,employees,m,33,BOL,2
2022,disability.pension,employees,m,46,BIH,7
2022,disability.pension,employees,m,31,BIH,5
2022,disability.pension,employees,m,37,BIH,6
2022,disability.pension,employees,f,28,BIH,4
2022,disability.pension,employees,f,59,KOR,2
2022,disability.pension,employees,f,35,CUB,3
2022,disability.pension,employees,m,42,KOR,22
2022,disability.pension,employees,m,76,CUB,1
2022,disability.pension,employees,m,62,AUT,6
2022,disability.pension,employees,f,53,KAZ,11
2022,disability.pension,employees,f,33,TUR,8
2022,disability.pension,employees,f,30,RUS,6
2022,disability.pension,employees,f,37,KOR,5
2022,disability.pension,employees,f,37,LVA,7
2022,disability.pension,employees,m,28,DNK,7
2022,disability.pension,employees,m,40,KOR,22
2022,disability.pension,employees,m,42,ITA,4
2022,disability.pension,employees,f,44,CZE,4
2022,disability.pension,employees,m,34,UKR,2
2022,disability.pension,employees,m,52,EGY,2
2022,disability.pension,employees,f,40,CUB,3
2022,disability.pension,employees,f,35,VEN,5
2022,disability.pension,employees,m,31,ROU,2
2022,disability.pension,employees,m,35,JPN,8
2022,disability.pension,employees,m,45,KOR,18
2022,disability.pension,employees,m,47,USA,20
2022,disability.pension,employees,f,35,CZE,4
2022,disability.pension,employees,m,64,HRV,2
2022,disability.pension,employees,m,53,SVK,6
2022,disability.pension,employees,f,2,DEU,1
2022,disability.pension,employees,f,56,PHL,2
2022,disability.pension,employees,m,51,CZE,12
2022,disability.pension,employees,m,43,AUT,1
2022,disability.pension,employees,f,41,IDN,25
2022,disability.pension,employees,m,59,SWE,8
2022,disability.pension,employees,m,46,TUN,8
2022,disability.pension,employees,f,25,TKM,4
2022,disability.pension,employees,m,53,CZE,2
2022,disability.pension,employees,m,44,PRT,2
2022,disability.pension,employees,f,25,DEU,13
2022,disability.pension,employees,f,27,TWN,6
2022,disability.pension,employees,f,24,LKA,2
2022,disability.pension,employees,f,48,UKR,5
2022,disability.pension,employees,m,64,AZE,2
2022,disability.pension,employees,m,60,ESP,2
2022,disability.pension,employees,m,58,CZE,9
2022,disability.pension,employees,m,29,SYR,4
2022,disability.pension,employees,m,61,USA,2
2022,disability.pension,employees,m,28,GMB,1
2022,disability.pension,employees,m,79,UKR,8
2022,disability.pension,employees,m,61,BGR,15
2022,disability.pension,employees,m,61,HUN,4
2022,disability.pension,employees,m,53,SVK,8
2022,disability.pension,employees,m,49,BLR,6
2022,disability.pension,employees,m,53,NPL,2
2022,disability.pension,employees,m,78,NPL,1
2022,disability.pension,employees,m,43,ESP,3
2022,disability.pension,employees,m,57,TUR,34
2022,disability.pension,employees,f,26,MYS,2
2022,disability.pension,employees,m,56,AFG,4
2022,disability.pension,employees,f,78,UKR,9
2022,disability.pension,employees,f,50,USA,6
2022,disability.pension,employees,m,36,CHN,4
2022,disability.pension,employees,f,39,BRA,14
2022,disability.pension,employees,f,28,AFG,12
2022,disability.pension,employees,m,66,IRQ,2
2022,disability.pension,employees,m,31,MNG,9
2022,disability.pension,employees,m,77,UKR,10
2022,disability.pension,employees,m,30,BGR,2
2022,disability.pension,employees,m,30,LVA,19
2022,disability.pension,employees,m,44,FRA,4
2022,disability.pension,employees,f,56,SWE,2
2022,disability.pension,employees,m,39,AFG,6
2022,disability.pension,employees,m,46,FRA,6
2022,disability.pension,employees,m,59,BEL,5
2022,disability.pension,employees,m,41,SEN,3
2022,disability.pension,employees,f,49,UZB,4
2022,disability.pension,employees,m,33,JOR,10
2022,disability.pension,employees,m,28,AZE,10
2022,disability.pension,employees,m,52,JOR,3
2022,disability.pension,employees,f,36,CUB,4
2022,disability.pension,employees,m,51,UKR,2
2022,disability.pension,employees,m,62,DEU,8
2022,disability.pension,employees,m,23,YEM,4
2022,disability.pension,employees,m,61,TUR,12
2022,disability.pension,employees,f,51,GBR,9
2022,disability.pension,employees,m,64,ESP,3
2022,disability.pension,employees,m,31,CHN,2
2022,disability.pension,employees,f,120,UKR,1
2022,disability.pension,employees,m,66,SVK,3
2022,disability.pension,employees,f,49,AUT,1
2022,disability.pension,employees,m,22,CHN,17
2022,disability.pension,employees,f,25,TUN,8
2022,disability.pension,employees,f,70,VNM,3
2022,disability.pension,employees,f,27,VNM,18
2022,disability.pension,employees,m,50,MEX,7
2022,disability.pension,employees,m,52,UKR,3
2022,disability.pension,employees,m,45,ROU,3
2022,disability.pension,employees,f,66,USA,3
2022,disability.pension,employees,f,28,UKR,24
2022,disability.pension,employees,m,46,IRL,12
2022,disability.pension,employees,m,22,EGY,12
2022,disability.pension,employees,m,21,CHN,2
2022,disability.pension,employees,m,22,KGZ,4
2022,disability.pension,employees,m,49,SWE,6
2022,disability.pension,employees,m,21,MAR,18
2022,disability.pension,employees,m,28,UZB,3
2022,disability.pension,employees,m,30,SVN,6
2022,disability.pension,employees,m,77,ITA,5
2022,disability.pension,employees,m,48,MAR,3
2022,disability.pension,employees,m,67,GBR,2
2022,disability.pension,employees,m,24,HRV,6
2022,disability.pension,employees,m,27,EGY,10
2022,disability.pension,employees,f,22,ZWE,6
2022,disability.pension,employees,f,19,DZA,1
2022,disability.pension,employees,m,23,KAZ,12
2022,disability.pension,employees,m,22,KAZ,6
2022,disability.pension,employees,f,20,TJK,4
2022,disability.pension,employees,f,31,KEN,13
2022,disability.pension,employees,m,42,LVA,2
2022,disability.pension,employees,m,37,DEU,6
2022,disability.pension,employees,m,25,LTU,4
2022,disability.pension,employees,m,23,NLD,2
2022,disability.pension,employees,m,22,ZWE,8
2022,disability.pension,employees,f,22,MAR,2
2022,disability.pension,employees,m,37,ZWE,4
2022,disability.pension,employees,m,41,PRT,2
2022,disability.pension,employees,m,54,CAN,3
2022,disability.pension,employees,m,20,FRA,9
2022,disability.pension,employees,m,23,LTU,11
2022,disability.pension,employees,m,21,ZWE,4
2022,disability.pension,employees,m,51,CUB,2
2022,disability.pension,employees,m,35,PER,5
2022,disability.pension,employees,f,24,SVN,1
2022,disability.pension,employees,f,48,LVA,7
2022,disability.pension,employees,f,31,RUS,3
2022,disability.pension,employees,m,22,CIV,1
2022,disability.pension,employees,m,53,TJK,4
2022,disability.pension,employees,m,52,TJK,8
2022,disability.pension,employees,m,34,TJK,3
2022,disability.pension,employees,m,59,TJK,2
2022,disability.pension,employees,f,38,MNG,2
2022,disability.pension,employees,f,37,LKA,3
2022,disability.pension,employees,m,35,IDN,95
2022,disability.pension,employees,m,20,IDN,49
2022,disability.pension,employees,m,71,TJK,1
2022,disability.pension,employees,m,50,TUN,3
2022,disability.pension,employees,m,58,YEM,2
2022,disability.pension,employees,f,43,SVK,16
2022,disability.pension,employees,f,33,KGZ,8
2022,disability.pension,employees,f,34,NPL,14
2022,disability.pension,employees,f,32,PHL,28
2022,disability.pension,employees,f,51,PHL,13
2022,disability.pension,employees,m,29,PHL,4
2022,disability.pension,employees,m,50,VAT,1
2022,disability.pension,employees,f,53,UKR,5
2022,disability.pension,employees,m,44,BLR,8
2022,disability.pension,employees,f,43,NPL,6
2022,disability.pension,employees,m,45,BEL,2
2022,disability.pension,employees,m,43,MKD,7
2022,disability.pension,employees,f,40,KAZ,22
2022,disability.pension,employees,m,27,PAN,2
2022,disability.pension,employees,m,43,IRN,11
2022,disability.pension,employees,m,54,LVA,9
2022,disability.pension,employees,f,23,LTU,10
2022,disability.pension,employees,m,43,DEU,8
2022,disability.pension,employees,m,47,RUS,16
2022,disability.pension,employees,m,45,ALB,5
2022,disability.pension,employees,f,18,ARM,2
2022,disability.pension,employees,f,23,ARM,8
2022,disability.pension,employees,m,26,AFG,15
2022,disability.pension,employees,m,37,PSE,4
2022,disability.pension,employees,f,46,AFG,4
2022,disability.pension,employees,m,33,MEX,2
2022,disability.pension,employees,m,58,TJK,1
2022,disability.pension,employees,f,35,NLD,2
2022,disability.pension,employees,m,31,CMR,6
2022,disability.pension,employees,m,42,AFG,5
2022,disability.pension,employees,f,36,AZE,14
2022,disability.pension,employees,m,42,BLR,4
2022,disability.pension,employees,m,56,ITA,8
2022,disability.pension,employees,m,53,CHN,4
2022,disability.pension,employees,f,45,CHN,2
2022,disability.pension,employees,f,2,UKR,10
2022,disability.pension,employees,m,23,BLR,3
2022,disability.pension,employees,f,50,TUN,2
2022,disability.pension,employees,m,32,PHL,6
2022,disability.pension,employees,m,29,AFG,14
2022,disability.pension,employees,m,33,AFG,18
2022,disability.pension,employees,f,26,PHL,2
2022,disability.pension,employees,m,30,YEM,3
2022,disability.pension,employees,f,25,JOR,3
2022,disability.pension,employees,f,27,JOR,3
2022,disability.pension,employees,m,18,UKR,4
2022,disability.pension,employees,f,47,UKR,8
2022,disability.pension,employees,m,16,UKR,10
2022,disability.pension,employees,m,71,DZA,1
2022,disability.pension,employees,f,45,RUS,4
2022,disability.pension,employees,m,58,FRA,17
2022,disability.pension,employees,f,33,MKD,3
2022,disability.pension,employees,f,40,PER,4
2022,disability.pension,employees,m,51,PER,1
2022,disability.pension,employees,f,25,PER,5
2022,disability.pension,employees,f,33,PER,5
2022,disability.pension,employees,m,26,PER,4
2022,disability.pension,employees,f,41,PER,3
2022,disability.pension,employees,m,18,FRA,2
2022,disability.pension,employees,m,58,UKR,2
2022,disability.pension,employees,m,17,LTU,2
2022,disability.pension,employees,m,57,SVK,11
2022,disability.pension,employees,m,38,HRV,5
2022,disability.pension,employees,m,37,UKR,10
2022,disability.pension,employees,m,38,CUB,12
2022,disability.pension,employees,m,28,PER,6
2022,disability.pension,employees,m,47,DNK,8
2022,disability.pension,employees,m,26,RUS,20
2022,disability.pension,employees,f,36,DEU,11
2022,disability.pension,employees,f,66,BLR,4
2022,disability.pension,employees,m,41,ZAF,6
2022,disability.pension,employees,m,57,PRT,6
2022,disability.pension,employees,m,49,IRL,2
2022,disability.pension,employees,f,58,MDA,16
2022,disability.pension,employees,f,29,BEL,4
2022,disability.pension,employees,m,59,DNK,9
2022,disability.pension,employees,f,59,DEU,9
2022,disability.pension,employees,m,44,BIH,4
2022,disability.pension,employees,f,48,DNK,1
2022,disability.pension,employees,m,57,YUG,1
2022,disability.pension,employees,m,38,IRQ,9
2022,disability.pension,employees,m,23,AUS,4
2022,disability.pension,employees,m,48,EGY,9
2022,disability.pension,employees,f,26,HUN,14
2022,disability.pension,employees,m,52,SVK,9
2022,disability.pension,employees,m,30,NPL,4
2022,disability.pension,employees,m,51,HUN,2
2022,disability.pension,employees,f,57,SVK,7
2022,disability.pension,employees,m,39,NLD,23
2022,disability.pension,employees,m,44,LBN,4
2022,disability.pension,employees,m,44,USA,6
2022,disability.pension,employees,m,57,LTU,8
2022,disability.pension,employees,m,29,UKR,4
2022,disability.pension,employees,m,44,KEN,2
2022,disability.pension,employees,f,39,JPN,8
2022,disability.pension,employees,f,29,FRA,6
2022,disability.pension,employees,f,74,DEU,2
2022,disability.pension,employees,f,48,CHN,3
2022,disability.pension,employees,m,40,UKR,4
2022,disability.pension,employees,m,40,UKR,2
2022,disability.pension,employees,m,41,UZB,20
2022,disability.pension,employees,m,27,TKM,3
2022,disability.pension,employees,m,26,UZB,3
2022,disability.pension,employees,f,44,GBR,5
2022,disability.pension,employees,m,46,SYR,5
2022,disability.pension,employees,m,24,ARM,2
2022,disability.pension,employees,f,34,CHN,52
2022,disability.pension,employees,m,35,MAR,19
2022,disability.pension,employees,f,31,BGD,10
2022,disability.pension,employees,m,61,KOR,8
2022,disability.pension,employees,m,46,KOR,7
2022,disability.pension,employees,m,20,TJK,11
2022,disability.pension,employees,f,40,KOR,2
2022,disability.pension,employees,m,37,ALB,2
2022,disability.pension,employees,m,43,KOR,2
2022,disability.pension,employees,m,77,GRC,1
2022,disability.pension,employees,m,47,THA,10
2022,disability.pension,employees,f,41,THA,19
2022,disability.pension,employees,m,42,THA,7
2022,disability.pension,employees,m,48,THA,9
2022,disability.pension,employees,f,61,IND,1
2022,disability.pension,employees,m,32,MYS,2
2022,disability.pension,employees,m,32,THA,3
2022,disability.pension,employees,m,34,BGR,4
2022,disability.pension,employees,m,29,ECU,3
2022,disability.pension,employees,f,82,SWE,1
2022,disability.pension,employees,f,17,UKR,2
2022,disability.pension,employees,m,71,DNK,2
2022,disability.pension,employees,f,32,DNK,2
2022,disability.pension,employees,m,27,DNK,3
2022,disability.pension,employees,m,64,DZA,1
2022,disability.pension,employees,m,57,JPN,9
2022,disability.pension,employees,m,66,NLD,9
2022,disability.pension,employees,m,15,ESP,1
2022,disability.pension,employees,f,60,GRC,1
2022,disability.pension,employees,m,40,LVA,16
2022,disability.pension,employees,f,38,KGZ,7
2022,disability.pension,employees,f,25,KGZ,14
2022,disability.pension,employees,f,46,BLR,15
2022,disability.pension,employees,f,52,TJK,1
2022,disability.pension,employees,m,88,DEU,2
2022,disability.pension,employees,m,34,GBR,6
2022,disability.pension,employees,m,65,LBN,2
2022,disability.pension,employees,m,50,LBN,2
2022,disability.pension,employees,m,50,BLR,3
2022,disability.pension,employees,m,32,BLR,5
2022,disability.pension,employees,m,47,RUS,6
2022,disability.pension,employees,m,48,BLR,4
2022,disability.pension,employees,m,23,TJK,6
2022,disability.pension,employees,m,75,ARM,1
2022,disability.pension,employees,m,51,CIV,2
2022,disability.pension,employees,f,50,MNG,6
2022,disability.pension,employees,f,57,LTU,2
2022,disability.pension,employees,m,66,TUR,5
2022,disability.pension,employees,f,26,AFG,2
2022,disability.pension,employees,f,23,AFG,8
2022,disability.pension,employees,m,47,CHL,1
2022,disability.pension,employees,m,33,COL,2
2022,disability.pension,employees,f,28,LUX,1
2022,disability.pension,employees,f,44,URY,2
2022,disability.pension,employees,m,44,FRA,3
2022,disability.pension,employees,m,19,NPL,7
2022,disability.pension,employees,m,60,CHL,2
2022,disability.pension,employees,f,65,NLD,1
2022,disability.pension,employees,f,59,SWE,2
2022,disability.pension,employees,m,53,BEL,12
2022,disability.pension,employees,m,40,DNK,10
2022,disability.pension,employees,m,23,MKD,1
2022,disability.pension,employees,m,51,BEL,5
2022,disability.pension,employees,f,30,ISR,1
2022,disability.pension,employees,m,59,CHN,16
2022,disability.pension,employees,m,46,DZA,3
2022,disability.pension,employees,m,29,JOR,4
2022,disability.pension,employees,f,43,LTU,14
2022,disability.pension,employees,m,68,SWE,5
2022,disability.pension,employees,f,27,ROU,35
2022,disability.pension,employees,f,42,PRT,6
2022,disability.pension,employees,m,29,LTU,4
2022,disability.pension,employees,m,57,NLD,4
2022,disability.pension,employees,f,39,SYR,3
2022,disability.pension,employees,f,32,SWE,3
2022,disability.pension,employees,m,73,DNK,1
2022,disability.pension,employees,f,45,CZE,12
2022,disability.pension,employees,m,35,ISL,1
2022,disability.pension,employees,m,51,UKR,2
2022,disability.pension,employees,m,44,UZB,3
2022,disability.pension,employees,m,66,DNK,4
2022,disability.pension,employees,f,52,BGR,4
2022,disability.pension,employees,f,48,SYR,2
2022,disability.pension,employees,m,38,SVN,8
2022,disability.pension,employees,m,74,DEU,12
2022,disability.pension,employees,f,61,DNK,1
2022,disability.pension,employees,m,23,CUB,2
2022,disability.pension,employees,m,63,DNK,4
2022,disability.pension,employees,m,42,UKR,6
2022,disability.pension,employees,m,38,MEX,4
2022,disability.pension,employees,m,40,NOR,4
2022,disability.pension,employees,m,51,SVN,2
2022,disability.pension,employees,f,70,RUS,6
2022,disability.pension,employees,m,38,DNK,5
2022,disability.pension,employees,f,52,DEU,8
2022,disability.pension,employees,m,51,DNK,5
2022,disability.pension,employees,m,29,AFG,2
2022,disability.pension,employees,m,41,UZB,3
2022,disability.pension,employees,m,42,DNK,6
2022,disability.pension,employees,m,28,HUN,14
2022,disability.pension,employees,f,45,UKR,24
2022,disability.pension,employees,m,43,BEL,14
2022,disability.pension,employees,m,33,UZB,2
2022,disability.pension,employees,m,29,THA,2
2022,disability.pension,employees,m,29,GRC,27
2022,disability.pension,employees,m,31,HRV,12
2022,disability.pension,employees,m,32,AUT,5
2022,disability.pension,employees,f,45,UZB,11
2022,disability.pension,employees,m,38,AFG,7
2022,disability.pension,employees,m,82,TKM,1
2022,disability.pension,employees,m,55,URY,1
2022,disability.pension,employees,f,40,SVN,2
2022,disability.pension,employees,m,31,SWE,2
2022,disability.pension,employees,m,30,MKD,6
2022,disability.pension,employees,m,85,USA,4
2022,disability.pension,employees,m,45,UKR,2
2022,disability.pension,employees,m,34,GRC,23
2022,disability.pension,employees,f,54,MDA,6
2022,disability.pension,employees,f,42,PRT,2
2022,disability.pension,employees,m,38,RUS,14
2022,disability.pension,employees,f,69,TKM,1
2022,disability.pension,employees,m,25,ALB,13
2022,disability.pension,employees,m,52,ALB,3
2022,disability.pension,employees,f,60,USA,4
2022,disability.pension,employees,m,21,LBN,4
2022,disability.pension,employees,m,25,LVA,8
2022,disability.pension,employees,m,34,PHL,18
2022,disability.pension,employees,m,20,KEN,4
2022,disability.pension,employees,m,32,LVA,3
2022,disability.pension,employees,m,43,NLD,3
2022,disability.pension,employees,f,31,IDN,4
2022,disability.pension,employees,m,20,NER,1
2022,disability.pension,employees,m,24,DNK,2
2022,disability.pension,employees,f,41,IRN,4
2022,disability.pension,employees,m,29,TJK,15
2022,disability.pension,employees,m,27,AUS,5
2022,disability.pension,employees,f,67,DEU,2
2022,disability.pension,employees,m,55,ITA,4
2022,disability.pension,employees,m,37,IRN,4
2022,disability.pension,employees,f,32,IRN,6
2022,disability.pension,employees,m,24,LVA,11
2022,disability.pension,employees,m,78,DEU,5
2022,disability.pension,employees,m,32,GEO,12
2022,disability.pension,employees,f,73,DEU,3
2022,disability.pension,employees,m,26,ISR,5
2022,disability.pension,employees,m,45,DNK,2
2022,disability.pension,employees,m,26,LVA,14
2022,disability.pension,employees,f,65,KAZ,1
2022,disability.pension,employees,m,50,SVN,2
2022,disability.pension,employees,m,44,SWE,7
2022,disability.pension,employees,m,55,CHE,2
2022,disability.pension,employees,f,35,GEO,18
2022,disability.pension,employees,m,23,KEN,13
2022,disability.pension,employees,f,69,DEU,4
2022,disability.pension,employees,m,26,UKR,10
2022,disability.pension,employees,m,20,LVA,3
2022,disability.pension,employees,f,29,IDN,4
2022,disability.pension,employees,f,21,PHL,2
2022,disability.pension,employees,m,58,DNK,4
2022,disability.pension,employees,f,38,DEU,15
2022,disability.pension,employees,m,37,HRV,8
2022,disability.pension,employees,m,23,MAR,28
2022,disability.pension,employees,m,69,DEU,4
2022,disability.pension,employees,f,42,UKR,3
2022,disability.pension,employees,m,30,LVA,4
2022,disability.pension,employees,m,20,MDA,22
2022,disability.pension,employees,m,31,ARG,17
2022,disability.pension,employees,f,42,DOM,1
2022,disability.pension,employees,m,55,FRA,14
2022,disability.pension,employees,m,46,ARM,4
2022,disability.pension,employees,m,43,CAF,1
2022,disability.pension,employees,m,66,SWE,2
2022,disability.pension,employees,f,73,BLR,7
2022,disability.pension,employees,m,54,PHL,27
2022,disability.pension,employees,m,26,PHL,33
2022,disability.pension,employees,m,59,PHL,6
2022,disability.pension,employees,m,43,HRV,4
2022,disability.pension,employees,m,51,CZE,3
2022,disability.pension,employees,f,39,PHL,18
2022,disability.pension,employees,m,41,CHN,70
2022,disability.pension,employees,m,27,YEM,4
2022,disability.pension,employees,m,28,GEO,12
2022,disability.pension,employees,m,36,MDA,3
2022,disability.pension,employees,f,38,PAK,2
2022,disability.pension,employees,m,40,KAZ,8
2022,disability.pension,employees,m,28,AFG,2
2022,disability.pension,employees,m,27,TUN,2
2022,disability.pension,employees,m,36,UKR,8
2022,disability.pension,employees,m,22,ESP,15
2022,disability.pension,employees,m,29,UKR,20
2022,disability.pension,employees,m,47,HUN,10
2022,disability.pension,employees,f,30,JPN,2
2022,disability.pension,employees,m,27,SYR,10
2022,disability.pension,employees,m,20,UKR,20
2022,disability.pension,employees,m,29,PAK,39
2022,disability.pension,employees,m,63,GEO,3
2022,disability.pension,employees,f,61,GBR,3
2022,disability.pension,employees,m,19,BGD,2
2022,disability.pension,employees,f,28,LVA,6
2022,disability.pension,employees,f,27,AFG,5
2022,disability.pension,employees,f,25,ROU,8
2022,disability.pension,employees,f,29,NPL,8
2022,disability.pension,employees,f,29,VEN,5
2022,disability.pension,employees,f,44,GTM,2
2022,disability.pension,employees,m,21,ARG,6
2022,disability.pension,employees,f,50,COL,3
2022,disability.pension,employees,f,51,COL,3
2022,disability.pension,employees,m,62,GRC,9
2022,disability.pension,employees,m,59,PSE,1
2022,disability.pension,employees,f,31,USA,2
2022,disability.pension,employees,m,29,RUS,2
2022,disability.pension,employees,f,19,HRV,3
2022,disability.pension,employees,f,46,UKR,2
2022,disability.pension,employees,m,48,ROU,10
2022,disability.pension,employees,m,67,GRC,4
2022,disability.pension,employees,f,31,LKA,2
2022,disability.pension,employees,f,42,ROU,24
2022,disability.pension,employees,m,14,BGR,1
2022,disability.pension,employees,f,32,CMR,5
2022,disability.pension,employees,m,75,GRC,1
2022,disability.pension,employees,m,22,LKA,2
2022,disability.pension,employees,f,20,COG,1
2022,disability.pension,employees,f,34,IRL,1
2022,disability.pension,employees,m,29,GBR,3
2022,disability.pension,employees,f,37,CMR,3
2022,disability.pension,employees,m,39,NGA,18
2022,disability.pension,employees,m,41,PHL,20
2022,disability.pension,employees,f,34,DEU,2
2022,disability.pension,employees,m,43,ESP,6
2022,disability.pension,employees,m,55,HRV,6
2022,disability.pension,employees,f,83,UKR,4
2022,disability.pension,employees,f,34,KAZ,31
2022,disability.pension,employees,m,31,GIN,2
2022,disability.pension,employees,m,45,BEL,5
2022,disability.pension,employees,m,37,NLD,4
2022,disability.pension,employees,m,73,CZE,2
2022,disability.pension,employees,f,63,MNG,3
2022,disability.pension,employees,m,60,AUT,4
2022,disability.pension,employees,m,68,DEU,8
2022,disability.pension,employees,m,53,LAO,1
2022,disability.pension,employees,m,23,BLR,12
2022,disability.pension,employees,m,,DEU,1
2022,disability.pension,employees,m,81,DEU,7
2022,disability.pension,employees,m,50,IRQ,6
2022,disability.pension,employees,m,35,EGY,6
2022,disability.pension,employees,m,46,DEU,6
2022,disability.pension,employees,m,67,CAN,3
2022,disability.pension,employees,f,30,CAN,5
2022,disability.pension,employees,f,21,LTU,4
2022,disability.pension,employees,m,33,PSE,8
2022,disability.pension,employees,f,39,AUT,1
2022,disability.pension,employees,f,50,AFG,3
2022,disability.pension,employees,m,40,DEU,2
2022,disability.pension,employees,m,31,UKR,2
2022,disability.pension,employees,f,27,PHL,53
2022,disability.pension,employees,f,54,SWE,3
2022,disability.pension,employees,m,29,BRA,42
2022,disability.pension,employees,m,91,DEU,1
2022,disability.pension,employees,m,57,GBR,6
2022,disability.pension,employees,m,37,AFG,11
2022,disability.pension,employees,m,40,SYR,7
2022,disability.pension,employees,m,58,NLD,6
2022,disability.pension,employees,f,23,EGY,2
2022,disability.pension,employees,f,57,NLD,2
2022,disability.pension,employees,f,0,UKR,35
2022,disability.pension,employees,m,35,UKR,2
2022,disability.pension,employees,f,47,CAN,1
2022,disability.pension,employees,m,36,CZE,2
2022,disability.pension,employees,m,73,NLD,5
2022,disability.pension,employees,m,26,UKR,10
2022,disability.pension,employees,m,35,UKR,6
2022,disability.pension,employees,m,36,PRY,1
2022,disability.pension,employees,f,27,AZE,46
2022,disability.pension,employees,f,50,ISR,3
2022,disability.pension,employees,m,62,CHE,4
2022,disability.pension,employees,m,59,EGY,4
2022,disability.pension,employees,m,31,EGY,3
2022,disability.pension,employees,f,43,CZE,16
2022,disability.pension,employees,m,33,USA,33
2022,disability.pension,employees,f,21,FRA,8
2022,disability.pension,employees,m,54,TJK,4
2022,disability.pension,employees,f,33,GRC,2
2022,disability.pension,employees,f,32,BLR,6
2022,disability.pension,employees,m,28,ITA,14
2022,disability.pension,employees,m,27,ITA,14
2022,disability.pension,employees,f,59,LTU,6
2022,disability.pension,employees,f,46,GBR,4
2022,disability.pension,employees,f,32,ZWE,6
2022,disability.pension,employees,f,38,UKR,4
2022,disability.pension,employees,m,24,RUS,3
2022,disability.pension,employees,f,54,BLR,46
2022,disability.pension,employees,f,69,MDA,2
2022,disability.pension,employees,f,51,IDN,3
2022,disability.pension,employees,m,70,VNM,4
2022,disability.pension,employees,m,35,THA,5
2022,disability.pension,employees,m,28,THA,8
2022,disability.pension,employees,f,36,UKR,10
2022,disability.pension,employees,f,50,PHL,17
2022,disability.pension,employees,m,51,LBR,1
2022,disability.pension,employees,f,35,AZE,4
2022,disability.pension,employees,m,41,HND,2
2022,disability.pension,employees,f,65,CZE,1
2022,disability.pension,employees,f,67,BLR,12
2022,disability.pension,employees,f,37,NPL,2
2022,disability.pension,employees,f,46,VNM,2
2022,disability.pension,employees,m,41,LBY,1
2022,disability.pension,employees,f,54,SYR,2
2022,disability.pension,employees,m,52,ETH,2
2022,disability.pension,employees,f,55,MNG,2
2022,disability.pension,employees,f,65,UKR,3
2022,disability.pension,employees,m,61,CHN,8
2022,disability.pension,employees,m,21,KEN,4
2022,disability.pension,employees,m,32,KEN,17
2022,disability.pension,employees,m,22,KEN,11
2022,disability.pension,employees,m,46,ZAF,3
2022,disability.pension,employees,f,34,CHN,4
2022,disability.pension,employees,f,36,HND,3
2022,disability.pension,employees,f,37,PHL,16
2022,disability.pension,employees,f,39,ZAF,4
2022,disability.pension,employees,f,42,IND,2
2022,disability.pension,employees,f,28,PRY,2
2022,disability.pension,employees,m,33,TWN,2
2022,disability.pension,employees,f,44,NGA,2
2022,disability.pension,employees,f,34,COL,2
2022,disability.pension,employees,f,32,IND,12
2022,disability.pension,employees,f,41,JPN,2
2022,disability.pension,employees,f,42,TTO,2
2022,disability.pension,employees,f,41,CHN,6
2022,disability.pension,employees,f,52,USA,2
2022,disability.pension,employees,m,35,ZAF,2
2022,disability.pension,employees,f,43,NGA,3
2022,disability.pension,employees,m,28,SEN,4
2022,disability.pension,employees,f,29,PHL,8
2022,disability.pension,employees,f,27,FRA,4
2022,disability.pension,employees,f,31,FRA,2
2022,disability.pension,employees,m,27,ESP,16
2022,disability.pension,employees,f,24,ESP,2
2022,disability.pension,employees,f,39,CHN,6
2022,disability.pension,employees,f,39,JPN,2
2022,disability.pension,employees,f,29,CRI,2
2022,disability.pension,employees,m,34,FRA,6
2022,disability.pension,employees,f,32,PHL,3
2022,disability.pension,employees,m,36,SEN,4
2022,disability.pension,employees,f,48,FRA,2
2022,disability.pension,employees,f,47,PHL,6
2022,disability.pension,employees,f,35,USA,2
2022,disability.pension,employees,m,51,GBR,8
2022,disability.pension,employees,f,30,SEN,2
2022,disability.pension,employees,f,58,ZAF,2
2022,disability.pension,employees,f,24,USA,2
2022,disability.pension,employees,f,25,CHN,36
2022,disability.pension,employees,m,23,ESP,2
2022,disability.pension,employees,f,27,ZAF,4
2022,disability.pension,employees,m,40,CHN,2
2022,disability.pension,employees,f,28,CRI,2
2022,disability.pension,employees,m,56,YUG,1
2022,disability.pension,employees,m,32,VNM,2
2022,disability.pension,employees,m,21,SYR,7
2022,disability.pension,employees,f,56,GEO,8
2022,disability.pension,employees,f,36,NGA,7
2022,disability.pension,employees,m,68,HRV,1
2022,disability.pension,employees,m,64,SYR,3
2022,disability.pension,employees,f,44,EST,2
2022,disability.pension,employees,m,55,VEN,2
2022,disability.pension,employees,m,57,UKR,2
2022,disability.pension,employees,m,47,BRA,8
2022,disability.pension,employees,m,22,BLR,4
2022,disability.pension,employees,m,55,AUT,7
2022,disability.pension,employees,f,69,VNM,2
2022,disability.pension,employees,m,67,SVK,1
2022,disability.pension,employees,m,73,IND,2
2022,disability.pension,employees,m,85,GBR,1
2022,disability.pension,employees,f,32,USA,4
2022,disability.pension,employees,m,24,JPN,7
2022,disability.pension,employees,f,55,MNG,4
2022,disability.pension,employees,f,38,PSE,2
2022,disability.pension,employees,m,59,ITA,2
2022,disability.pension,employees,m,56,SVK,4
2022,disability.pension,employees,m,49,DEU,4
2022,disability.pension,employees,m,,GBR,1
2022,disability.pension,employees,f,55,VGB,1
2022,disability.pension,employees,f,49,ITA,9
2022,disability.pension,employees,m,51,UKR,2
2022,disability.pension,employees,f,35,VNM,3
2022,disability.pension,employees,f,37,VNM,10
2022,disability.pension,employees,f,63,GBR,4
2022,disability.pension,employees,m,74,ISR,39
2022,disability.pension,employees,m,63,ESP,6
2022,disability.pension,employees,f,53,PHL,14
2022,disability.pension,employees,m,73,SWE,2
2022,disability.pension,employees,m,59,SWE,2
2022,disability.pension,employees,m,66,CHN,4
2022,disability.pension,employees,m,50,MNG,2
2022,disability.pension,employees,f,70,USA,2
2022,disability.pension,employees,m,31,URY,2
2022,disability.pension,employees,f,35,UKR,3
2022,disability.pension,employees,m,77,NLD,3
2022,disability.pension,employees,f,66,BEL,2
2022,disability.pension,employees,f,45,CHN,34
2022,disability.pension,employees,f,60,VNM,4
2022,disability.pension,employees,f,26,TZA,6
2022,disability.pension,employees,m,38,HUN,4
2022,disability.pension,employees,m,34,UKR,6
2022,disability.pension,employees,m,73,VNM,3
2022,disability.pension,employees,m,55,GBR,2
2022,disability.pension,employees,m,55,SWE,2
2022,disability.pension,employees,f,47,CHE,1
2022,disability.pension,employees,f,41,LKA,2
2022,disability.pension,employees,m,22,MAR,17
2022,disability.pension,employees,m,22,MOZ,4
2022,disability.pension,employees,f,26,RWA,8
2022,disability.pension,employees,f,19,PHL,2
2022,disability.pension,employees,f,18,ZWE,1
2022,disability.pension,employees,f,20,UGA,1
2022,disability.pension,employees,f,30,AZE,33
2022,disability.pension,employees,f,82,USA,3
2022,disability.pension,employees,f,55,JPN,3
2022,disability.pension,employees,m,72,DOM,1
2022,disability.pension,employees,m,48,CMR,3
2022,disability.pension,employees,m,51,LBY,2
2022,disability.pension,employees,m,36,TUR,3
2022,disability.pension,employees,f,73,MNG,1
2022,disability.pension,employees,f,49,SWE,1
2022,disability.pension,employees,f,80,LTU,1
2022,disability.pension,employees,m,63,BEL,4
2022,disability.pension,employees,f,36,KAZ,2
2022,disability.pension,employees,m,52,CZE,13
2022,disability.pension,employees,m,54,ITA,6
2022,disability.pension,employees,f,50,AUT,1
2022,disability.pension,employees,m,81,FRA,3
2022,disability.pension,employees,f,28,UKR,40
2022,disability.pension,employees,f,38,TUR,15
2022,disability.pension,employees,m,28,IDN,3
2022,disability.pension,employees,m,63,SYR,2
2022,disability.pension,employees,m,40,IRN,15
2022,disability.pension,employees,f,66,MDA,2
2022,disability.pension,employees,m,40,VNM,12
2022,disability.pension,employees,m,46,YEM,2
2022,disability.pension,employees,m,61,FRA,10
2022,disability.pension,employees,f,52,SWE,2
2022,disability.pension,employees,m,74,FRA,3
2022,disability.pension,employees,f,47,SWE,3
2022,disability.pension,employees,f,34,UZB,2
2022,disability.pension,employees,m,42,ITA,14
2022,disability.pension,employees,m,21,DEU,2
2022,disability.pension,employees,f,22,LTU,8
2022,disability.pension,employees,m,37,CHN,8
2022,disability.pension,employees,m,42,CHN,45
2022,disability.pension,employees,f,50,CHN,30
2022,disability.pension,employees,f,40,CHN,60
2022,disability.pension,employees,f,43,BLR,9
2022,disability.pension,employees,m,46,IRN,5
2022,disability.pension,employees,f,38,IRQ,1
2022,disability.pension,employees,m,36,ESP,4
2022,disability.pension,employees,m,53,SVN,3
2022,disability.pension,employees,m,39,ESP,14
2022,disability.pension,employees,f,23,HUN,5
2022,disability.pension,employees,m,19,TJK,3
2022,disability.pension,employees,f,81,UKR,10
2022,disability.pension,employees,f,42,MNG,2
2022,disability.pension,employees,m,41,MNG,2
2022,disability.pension,employees,m,26,HUN,23
2022,disability.pension,employees,m,60,IND,7
2022,disability.pension,employees,m,57,AUS,3
2022,disability.pension,employees,f,49,BIH,2
2022,disability.pension,employees,m,49,ITA,8
2022,disability.pension,employees,f,39,LBY,1
2022,disability.pension,employees,f,26,USA,2
2022,disability.pension,employees,m,47,DOM,2
2022,disability.pension,employees,f,26,ARM,3
2022,disability.pension,employees,m,72,NLD,8
2022,disability.pension,employees,m,70,CHE,2
2022,disability.pension,employees,f,64,GBR,2
2022,disability.pension,employees,f,34,HUN,2
2022,disability.pension,employees,m,36,BRA,2
2022,disability.pension,employees,m,40,SWE,4
2022,disability.pension,employees,m,29,FRA,8
2022,disability.pension,employees,m,35,CAN,2
2022,disability.pension,employees,f,38,NOR,2
2022,disability.pension,employees,f,25,ITA,32
2022,disability.pension,employees,m,29,VNM,8
2022,disability.pension,employees,m,29,IND,15
2022,disability.pension,employees,m,25,BLR,12
2022,disability.pension,employees,m,21,CAF,1
2022,disability.pension,employees,m,19,IND,4
2022,disability.pension,employees,m,44,ARG,4
2022,disability.pension,employees,f,32,LTU,8
2022,disability.pension,employees,f,58,TWN,1
2022,disability.pension,employees,m,52,ISR,5
2022,disability.pension,employees,f,66,CHN,1
2022,disability.pension,employees,m,45,BIH,4
2022,disability.pension,employees,f,60,BEL,2
2022,disability.pension,employees,f,29,MAR,4
2022,disability.pension,employees,m,31,FRA,3
2022,disability.pension,employees,m,25,FRA,2
2022,disability.pension,employees,m,44,CHN,40
2022,disability.pension,employees,f,51,RUS,3
2022,disability.pension,employees,f,37,USA,2
2022,disability.pension,employees,f,29,USA,2
2022,disability.pension,employees,f,54,GBR,2
2022,disability.pension,employees,f,30,ZAF,2
2022,disability.pension,employees,f,28,USA,4
2022,disability.pension,employees,m,54,USA,2
2022,disability.pension,employees,m,54,TZA,2
2022,disability.pension,employees,m,50,SAU,1
2022,disability.pension,employees,f,66,FRA,1
2022,disability.pension,employees,f,59,CHN,2
2022,disability.pension,employees,m,60,BGD,2
2022,disability.pension,employees,m,67,ISR,4
2022,disability.pension,employees,m,35,MNG,4
2022,disability.pension,employees,f,43,UKR,52
2022,disability.pension,employees,f,59,GBR,3
2022,disability.pension,employees,m,37,TUR,10
2022,disability.pension,employees,f,28,PAK,8
2022,disability.pension,employees,f,23,AFG,2
2022,disability.pension,employees,m,30,NGA,20
2022,disability.pension,employees,f,25,BGD,7
2022,disability.pension,employees,f,20,BDI,2
2022,disability.pension,employees,f,30,ZWE,6
2022,disability.pension,employees,f,22,ZAF,2
2022,disability.pension,employees,f,71,ISR,2
2022,disability.pension,employees,f,46,ISR,1
2022,disability.pension,employees,m,61,DEU,2
2022,disability.pension,employees,f,60,KAZ,1
2022,disability.pension,employees,m,32,MDA,3
2022,disability.pension,employees,m,37,URY,2
2022,disability.pension,employees,m,53,MAR,4
2022,disability.pension,employees,m,30,PSE,2
2022,disability.pension,employees,f,65,RUS,13
2022,disability.pension,employees,m,46,JPN,9
2022,disability.pension,employees,f,66,ITA,2
2022,disability.pension,employees,m,50,BRA,7
2022,disability.pension,employees,m,42,CUB,4
2022,disability.pension,employees,f,27,ESP,3
2022,disability.pension,employees,m,22,PER,3
2022,disability.pension,employees,f,28,ESP,4
2022,disability.pension,employees,m,36,LBN,8
2022,disability.pension,employees,f,59,USA,3
2022,disability.pension,employees,m,54,CAN,4
2022,disability.pension,employees,f,94,UKR,2
2022,disability.pension,employees,m,50,CHN,55
2022,disability.pension,employees,f,32,EST,2
2022,disability.pension,employees,m,38,IRL,4
2022,disability.pension,employees,m,55,GBR,10
2022,disability.pension,employees,m,23,PAK,2
2022,disability.pension,employees,m,48,DEU,8
2022,disability.pension,employees,f,57,LBN,2
2022,disability.pension,employees,m,48,ARM,10
2022,disability.pension,employees,f,45,UKR,2
2022,disability.pension,employees,f,35,IND,107
2022,disability.pension,employees,f,35,CAN,4
2022,disability.pension,employees,m,49,NGA,2
2022,disability.pension,employees,m,42,PRT,36
2022,disability.pension,employees,m,33,FRA,6
2022,disability.pension,employees,f,55,GBR,4
2022,disability.pension,employees,m,42,SVK,4
2022,disability.pension,employees,m,74,FRA,8
2022,disability.pension,employees,m,62,SWE,3
2022,disability.pension,employees,m,63,LTU,9
2022,disability.pension,employees,m,70,SWE,2
2022,disability.pension,employees,m,46,IRQ,4
2022,disability.pension,employees,m,41,IRQ,4
2022,disability.pension,employees,f,27,SLE,2
2022,disability.pension,employees,f,67,LTU,6
2022,disability.pension,employees,m,54,IRQ,2
2022,disability.pension,employees,m,50,SVK,4
2022,disability.pension,employees,f,55,ESP,3
2022,disability.pension,employees,f,33,JPN,2
2022,disability.pension,employees,m,36,ITA,4
2022,disability.pension,employees,m,58,JOR,3
2022,disability.pension,employees,f,85,BLR,1
2022,disability.pension,employees,m,48,DEU,3
2022,disability.pension,employees,f,52,PAK,1
2022,disability.pension,employees,f,64,VNM,8
2022,disability.pension,employees,m,50,DEU,5
2022,disability.pension,employees,f,38,VNM,14
2022,disability.pension,employees,m,50,IRL,2
2022,disability.pension,employees,f,50,DZA,1
2022,disability.pension,employees,m,78,GBR,3
2022,disability.pension,employees,f,53,IND,2
2022,disability.pension,employees,f,47,SWE,4
2022,disability.pension,employees,m,51,USA,16
2022,disability.pension,employees,m,2,TUR,3
2022,disability.pension,employees,m,53,GBR,6
2022,disability.pension,employees,f,58,HUN,2
2022,disability.pension,employees,m,45,SAU,1
2022,disability.pension,employees,m,69,ISR,1
2022,disability.pension,employees,m,43,VNM,10
2022,disability.pension,employees,m,49,IND,12
2022,disability.pension,employees,m,70,CAN,1
2022,disability.pension,employees,m,63,CHN,6
2022,disability.pension,employees,f,48,CMR,1
2022,disability.pension,employees,m,52,DNK,5
2022,disability.pension,employees,f,33,BIH,2
2022,disability.pension,employees,f,21,CZE,6
2022,disability.pension,employees,f,56,TUR,1
2022,disability.pension,employees,m,37,HTI,2
2022,disability.pension,employees,m,68,FRA,5
2022,disability.pension,employees,f,45,SWE,3
2022,disability.pension,employees,f,50,PRT,3
2022,disability.pension,employees,m,47,HUN,4
2022,disability.pension,employees,f,23,ALB,5
2022,disability.pension,employees,m,32,IND,3
2022,disability.pension,employees,f,21,MMR,1
2022,disability.pension,employees,f,28,NGA,6
2022,disability.pension,employees,m,24,ETH,2
2022,disability.pension,employees,f,22,IRN,2
2022,disability.pension,employees,f,20,UZB,10
2022,disability.pension,employees,f,35,UZB,16
2022,disability.pension,employees,f,34,PAK,4
2022,disability.pension,employees,m,37,LTU,2
2022,disability.pension,employees,f,65,AFG,1
2022,disability.pension,employees,f,51,JPN,5
2022,disability.pension,employees,f,45,JPN,4
2022,disability.pension,employees,f,29,TUR,63
2022,disability.pension,employees,m,33,TUR,14
2022,disability.pension,employees,m,63,IND,4
2022,disability.pension,employees,m,37,CAN,10
2022,disability.pension,employees,m,60,GRC,2
2022,disability.pension,employees,f,23,ESP,15
2022,disability.pension,employees,m,58,AUT,3
2022,disability.pension,employees,f,43,BLR,9
2022,disability.pension,employees,m,38,USA,4
2022,disability.pension,employees,m,52,AUT,7
2022,disability.pension,employees,f,38,LVA,2
2022,disability.pension,employees,m,37,SGP,2
2022,disability.pension,employees,m,42,TWN,2
2022,disability.pension,employees,f,27,JPN,12
2022,disability.pension,employees,m,77,ESP,1
2022,disability.pension,employees,f,32,VNM,3
2022,disability.pension,employees,f,53,TJK,3
2022,disability.pension,employees,m,35,URY,2
2022,disability.pension,employees,m,44,ESP,10
2022,disability.pension,employees,f,42,ISR,2
2022,disability.pension,employees,m,45,BLR,3
2022,disability.pension,employees,f,47,ITA,8
2022,disability.pension,employees,m,66,ISR,2
2022,disability.pension,employees,f,72,LTU,2
2022,disability.pension,employees,m,31,ITA,3
2022,disability.pension,employees,f,33,UKR,6
2022,disability.pension,employees,f,23,PER,6
2022,disability.pension,employees,f,57,FRA,4
2022,disability.pension,employees,f,85,FRA,1
2022,disability.pension,employees,f,34,THA,5
2022,disability.pension,employees,m,37,MLT,3
2022,disability.pension,employees,m,33,NOR,2
2022,disability.pension,employees,m,31,CHN,71
2022,disability.pension,employees,m,43,BGD,4
2022,disability.pension,employees,m,34,HUN,30
2022,disability.pension,employees,m,40,FRA,4
2022,disability.pension,employees,m,48,HRV,2
2022,disability.pension,employees,m,36,MNG,3
2022,disability.pension,employees,f,31,MNG,6
2022,disability.pension,employees,m,35,ISR,8
2022,disability.pension,employees,m,28,JAM,3
2022,disability.pension,employees,m,57,FRA,4
2022,disability.pension,employees,f,40,VNM,12
2022,disability.pension,employees,m,37,THA,7
2022,disability.pension,employees,m,44,HRV,4
2022,disability.pension,employees,f,26,VNM,3
2022,disability.pension,employees,f,32,JPN,8
2022,disability.pension,employees,m,45,BRA,8
2022,disability.pension,employees,m,54,IRN,3
2022,disability.pension,employees,m,28,EST,2
2022,disability.pension,employees,m,50,IND,18
2022,disability.pension,employees,m,47,ISR,2
2022,disability.pension,employees,m,35,ITA,6
2022,disability.pension,employees,f,34,FRA,14
2022,disability.pension,employees,f,31,GBR,14
2022,disability.pension,employees,m,47,COG,2
2022,disability.pension,employees,f,39,VNM,4
2022,disability.pension,employees,f,26,ESP,2
2022,disability.pension,employees,m,39,NZL,3
2022,disability.pension,employees,m,18,AFG,2
2022,disability.pension,employees,m,50,NPL,9
2022,disability.pension,employees,f,41,ITA,18
2022,disability.pension,employees,m,41,ZMB,1
2022,disability.pension,employees,f,38,UKR,4
2022,disability.pension,employees,m,48,PRT,3
2022,disability.pension,employees,m,44,ZMB,1
2022,disability.pension,employees,f,23,SVK,11
2022,disability.pension,employees,f,23,MNG,5
2022,disability.pension,employees,m,34,NPL,10
2022,disability.pension,employees,m,27,IRL,4
2022,disability.pension,employees,m,82,IND,1
2022,disability.pension,employees,m,53,FIN,4
2022,disability.pension,employees,f,23,ARG,4
2022,disability.pension,employees,m,72,SWE,3
2022,disability.pension,employees,m,38,TWN,1
2022,disability.pension,employees,f,23,UKR,2
2022,disability.pension,employees,f,49,IDN,7
2022,disability.pension,employees,f,79,UKR,9
2022,disability.pension,employees,f,28,DZA,4
2022,disability.pension,employees,m,40,GRC,18
2022,disability.pension,employees,m,40,ISR,4
2022,disability.pension,employees,m,50,SYR,6
2022,disability.pension,employees,m,45,GRC,19
2022,disability.pension,employees,m,51,LTU,3
2022,disability.pension,employees,m,45,ARG,9
2022,disability.pension,employees,m,34,SWE,12
2022,disability.pension,employees,f,49,GBR,11
2022,disability.pension,employees,m,22,MKD,3
2022,disability.pension,employees,m,42,CAN,4
2022,disability.pension,employees,m,27,USA,18
2022,disability.pension,employees,m,25,KAZ,8
2022,disability.pension,employees,m,32,IRL,8
2022,disability.pension,employees,f,42,CAN,3
2022,disability.pension,employees,m,60,BEL,4
2022,disability.pension,employees,f,42,NLD,2
2022,disability.pension,employees,m,69,AUT,2
2022,disability.pension,employees,m,42,NOR,1
2022,disability.pension,employees,f,41,ESP,8
2022,disability.pension,employees,m,34,LBY,4
2022,disability.pension,employees,f,48,ARM,4
2022,disability.pension,employees,f,45,SGP,2
2022,disability.pension,employees,m,33,DNK,8
2022,disability.pension,employees,f,37,GBR,11
2022,disability.pension,employees,m,46,NOR,1
2022,disability.pension,employees,m,54,SYR,2
2022,disability.pension,employees,m,47,GIN,1
2022,disability.pension,employees,f,39,ITA,20
2022,disability.pension,employees,f,71,AUT,2
2022,disability.pension,employees,m,48,CZE,2
2022,disability.pension,employees,f,58,IND,3
2022,disability.pension,employees,f,21,ARM,3
2022,disability.pension,employees,m,46,SWE,2
2022,disability.pension,employees,m,49,CYP,1
2022,disability.pension,employees,m,55,PRT,11
2022,disability.pension,employees,f,27,CHN,8
2022,disability.pension,employees,f,22,IRQ,2
2022,disability.pension,employees,m,31,ZAF,9
2022,disability.pension,employees,f,47,LTU,16
2022,disability.pension,employees,m,43,BRA,21
2022,disability.pension,employees,f,45,IND,4
2022,disability.pension,employees,f,35,USA,8
2022,disability.pension,employees,m,38,BEL,4
2022,disability.pension,employees,m,64,FRA,7
2022,disability.pension,employees,f,26,SWE,5
2022,disability.pension,employees,f,32,UKR,14
2022,disability.pension,employees,m,51,VNM,4
2022,disability.pension,employees,m,68,KOR,1
2022,disability.pension,employees,m,34,EGY,2
2022,disability.pension,employees,f,46,IRL,3
2022,disability.pension,employees,m,20,CZE,1
2022,disability.pension,employees,m,63,VNM,4
2022,disability.pension,employees,f,69,NER,1
2022,disability.pension,employees,m,37,CHE,4
2022,disability.pension,employees,m,65,IRL,1
2022,disability.pension,employees,m,40,UKR,6
2022,disability.pension,employees,f,41,USA,6
2022,disability.pension,employees,m,47,RUS,2
2022,disability.pension,employees,m,31,CAN,8
2022,disability.pension,employees,m,37,ESP,4
2022,disability.pension,employees,m,35,MEX,6
2022,disability.pension,employees,m,48,ISR,9
2022,disability.pension,employees,f,35,AUS,1
2022,disability.pension,employees,m,37,AUS,4
2022,disability.pension,employees,m,28,EGY,8
2022,disability.pension,employees,f,37,BIH,2
2022,disability.pension,employees,f,27,GBR,2
2022,disability.pension,employees,f,29,DNK,3
2022,disability.pension,employees,m,31,NLD,20
2022,disability.pension,employees,m,39,AUS,5
2022,disability.pension,employees,m,49,ITA,3
2022,disability.pension,employees,f,31,TUR,6
2022,disability.pension,employees,f,23,HTI,2
2022,disability.pension,employees,f,32,TKM,6
2022,disability.pension,employees,f,42,USA,6
2022,disability.pension,employees,m,42,JPN,2
2022,disability.pension,employees,m,34,ISR,2
2022,disability.pension,employees,m,24,LVA,2
2022,disability.pension,employees,f,47,KEN,2
2022,disability.pension,employees,f,18,VNM,5
2022,disability.pension,employees,m,19,LBN,2
2022,disability.pension,employees,f,19,AFG,2
2022,disability.pension,employees,m,24,MAR,30
2022,disability.pension,employees,f,21,COG,3
2022,disability.pension,employees,m,19,DZA,2
2022,disability.pension,employees,f,22,HTI,2
2022,disability.pension,employees,f,18,RWA,1
2022,disability.pension,employees,f,18,UZB,3
2022,disability.pension,employees,m,58,IND,13
2022,disability.pension,employees,m,43,NGA,2
2022,disability.pension,employees,m,32,AUS,2
2022,disability.pension,employees,m,44,AUT,4
2022,disability.pension,employees,m,47,LVA,3
2022,disability.pension,employees,m,32,FIN,10
2022,disability.pension,employees,m,35,AUS,3
2022,disability.pension,employees,f,33,GHA,1
2022,disability.pension,employees,m,29,TJK,2
2022,disability.pension,employees,m,29,DOM,1
2022,disability.pension,employees,f,42,IND,25
2022,disability.pension,employees,f,37,ESP,11
2022,disability.pension,employees,m,26,NGA,14
2022,disability.pension,employees,m,23,NLD,11
2022,disability.pension,employees,m,41,VNM,8
2022,disability.pension,employees,f,30,TUR,46
2022,disability.pension,employees,f,30,PAK,4
2022,disability.pension,employees,m,39,TZA,3
2022,disability.pension,employees,m,28,CHL,4
2022,disability.pension,employees,f,29,VNM,14
2022,disability.pension,employees,m,32,GBR,6
2022,disability.pension,employees,f,58,ITA,2
2022,disability.pension,employees,f,37,IRN,7
2022,disability.pension,employees,m,24,DEU,17
2022,disability.pension,employees,m,41,NOR,1
2022,disability.pension,employees,f,24,COG,2
2022,disability.pension,employees,f,19,USA,1
2022,disability.pension,employees,f,19,IDN,15
2022,disability.pension,employees,m,47,SWE,5
2022,disability.pension,employees,m,54,NPL,3
2022,disability.pension,employees,m,34,ISR,4
2022,disability.pension,employees,m,36,SWE,9
2022,disability.pension,employees,m,33,TUR,3
2022,disability.pension,employees,f,25,BRA,4
2022,disability.pension,employees,m,29,IRQ,2
2022,disability.pension,employees,m,27,NPL,10
2022,disability.pension,employees,m,36,NGA,4
2022,disability.pension,employees,m,32,NLD,6
2022,disability.pension,employees,m,52,SWE,7
2022,disability.pension,employees,f,32,ISR,2
2022,disability.pension,employees,f,36,FRA,8
2022,disability.pension,employees,f,41,UKR,2
2022,disability.pension,employees,m,29,IRL,8
2022,disability.pension,employees,f,44,USA,5
2022,disability.pension,employees,f,35,RUS,10
2022,disability.pension,employees,f,50,FRA,4
2022,disability.pension,employees,f,25,LVA,3
2022,disability.pension,employees,m,54,GBR,3
2022,disability.pension,employees,m,48,ESP,4
2022,disability.pension,employees,f,26,KEN,2
2022,disability.pension,employees,f,26,HRV,3
2022,disability.pension,employees,f,22,TWN,1
2022,disability.pension,employees,m,25,HUN,2
2022,disability.pension,employees,m,32,RUS,12
2022,disability.pension,employees,f,37,EST,1
2022,disability.pension,employees,f,45,ETH,1
2022,disability.pension,employees,m,46,CHN,3
2022,disability.pension,employees,m,28,TUR,3
2022,disability.pension,employees,m,26,DNK,6
2022,disability.pension,employees,f,44,NLD,3
2022,disability.pension,employees,m,22,AZE,8
2022,disability.pension,employees,m,63,PRT,2
2022,disability.pension,employees,f,68,AUT,2
2022,disability.pension,employees,m,23,FIN,6
2022,disability.pension,employees,f,19,RWA,3
2022,disability.pension,employees,f,37,JPN,5
2022,disability.pension,employees,f,33,BLR,29
2022,disability.pension,employees,f,41,NLD,3
2022,disability.pension,employees,m,44,ISR,2
2022,disability.pension,employees,m,70,BGR,3
2022,disability.pension,employees,f,28,ITA,58
2022,disability.pension,employees,f,27,PAN,2
2022,disability.pension,employees,f,24,MEX,7
2022,disability.pension,employees,m,26,SVN,7
2022,disability.pension,employees,m,33,CHN,79
2022,disability.pension,employees,m,30,NOR,4
2022,disability.pension,employees,m,23,GRC,8
2022,disability.pension,employees,f,38,CHN,10
2022,disability.pension,employees,f,27,USA,14
2022,disability.pension,employees,f,32,AZE,26
2022,disability.pension,employees,m,43,LVA,8
2022,disability.pension,employees,m,32,FRA,10
2022,disability.pension,employees,f,35,MAR,6
2022,disability.pension,employees,m,30,ISR,4
2022,disability.pension,employees,f,29,IRL,2
2022,disability.pension,employees,m,23,MNG,4
2022,disability.pension,employees,m,26,MEX,4
2022,disability.pension,employees,m,27,GHA,6
2022,disability.pension,employees,m,33,VNM,8
2022,disability.pension,employees,m,22,JPN,5
2022,disability.pension,employees,m,33,DZA,6
2022,disability.pension,employees,m,34,YEM,1
2022,disability.pension,employees,f,28,SDN,2
2022,disability.pension,employees,m,38,ARG,11
2022,disability.pension,employees,f,49,CHE,1
2022,disability.pension,employees,m,19,IRQ,1
2022,disability.pension,employees,m,27,PSE,10
2022,disability.pension,employees,m,19,NOR,1
2022,disability.pension,employees,m,49,TUR,8
2022,disability.pension,employees,m,34,GHA,2
2022,disability.pension,employees,m,18,IDN,2
2022,disability.pension,employees,f,17,NGA,1
2022,disability.pension,employees,f,29,KGZ,12
2022,disability.pension,employees,m,26,IRQ,2
2022,disability.pension,employees,m,41,GRC,6
2022,disability.pension,employees,m,31,NOR,4
2022,disability.pension,employees,m,18,TUR,7
2022,disability.pension,employees,f,18,TJK,1
2022,disability.pension,employees,m,29,ITA,2
2022,disability.pension,employees,m,23,TUR,8
2022,disability.pension,employees,m,48,LBN,5
2022,disability.pension,employees,f,23,LBN,2
2022,disability.pension,employees,f,47,UKR,32
2022,disability.pension,employees,f,21,KGZ,10
2022,disability.pension,employees,m,22,KGZ,20
2022,disability.pension,employees,f,18,IDN,1
2022,disability.pension,employees,m,32,LVA,13
2022,disability.pension,employees,m,63,ISR,2
2022,disability.pension,employees,m,27,MDA,36
2022,disability.pension,employees,m,61,IRN,3
2022,disability.pension,employees,m,41,MLT,2
2022,disability.pension,employees,f,23,RUS,3
2022,disability.pension,employees,f,49,RUS,16
2022,disability.pension,employees,f,41,ETH,3
2022,disability.pension,employees,f,52,THA,2
2022,disability.pension,employees,m,56,KAZ,4
2022,disability.pension,employees,f,47,UKR,10
2022,disability.pension,employees,m,71,CUB,1
2022,disability.pension,employees,f,45,RUS,3
2022,disability.pension,employees,m,71,IRQ,1
2022,disability.pension,employees,f,53,IRQ,1
2022,disability.pension,employees,m,75,GBR,9
2022,disability.pension,employees,m,55,TJK,4
2022,disability.pension,employees,f,46,TKM,2
2022,disability.pension,employees,f,23,GBR,4
2022,disability.pension,employees,m,55,IDN,2
2022,disability.pension,employees,m,58,MNG,2
2022,disability.pension,employees,m,58,BFA,1
2022,disability.pension,employees,f,55,UZB,1
2022,disability.pension,employees,m,55,CHL,1
2022,disability.pension,employees,m,60,CAN,2
2022,disability.pension,employees,m,66,RUS,7
2022,disability.pension,employees,m,27,IND,6
2022,disability.pension,employees,f,33,EGY,3
2022,disability.pension,employees,m,20,ZAF,2
2022,disability.pension,employees,m,20,DZA,1
2022,disability.pension,employees,f,21,AGO,3
2022,disability.pension,employees,m,19,MAR,6
2022,disability.pension,employees,m,18,TJK,2
2022,disability.pension,employees,f,47,NGA,2
2022,disability.pension,employees,f,42,BLR,4
2022,disability.pension,employees,f,32,FRA,16
2022,disability.pension,employees,m,50,BIH,3
2022,disability.pension,employees,m,44,AFG,2
2022,disability.pension,employees,f,55,ESP,3
2022,disability.pension,employees,f,41,GEO,20
2022,disability.pension,employees,f,39,NPL,10
2022,disability.pension,employees,m,64,IRN,1
2022,disability.pension,employees,m,73,HUN,2
2022,disability.pension,employees,m,58,PAK,2
2022,disability.pension,employees,m,54,JPN,5
2022,disability.pension,employees,m,69,UKR,16
2022,disability.pension,employees,f,78,ESP,1
2022,disability.pension,employees,f,57,PRT,3
2022,disability.pension,employees,m,72,COL,1
2022,disability.pension,employees,m,41,PER,6
2022,disability.pension,employees,f,50,BLR,3
2022,disability.pension,employees,f,30,IRN,13
2022,disability.pension,employees,f,59,BLR,3
2022,disability.pension,employees,f,39,PAK,5
2022,disability.pension,employees,m,69,VNM,5
2022,disability.pension,employees,f,58,UKR,4
2022,disability.pension,employees,f,47,HUN,3
2022,disability.pension,employees,m,49,LBN,3
2022,disability.pension,employees,m,43,JOR,7
2022,disability.pension,employees,m,42,LBN,4
2022,disability.pension,employees,f,62,FRA,1
2022,disability.pension,employees,m,36,VNM,8
2022,disability.pension,employees,f,48,IDN,8
2022,disability.pension,employees,f,59,UKR,16
2022,disability.pension,employees,f,68,VNM,6
2022,disability.pension,employees,f,50,LTU,2
2022,disability.pension,employees,m,41,LTU,2
2022,disability.pension,employees,m,64,TJK,2
2022,disability.pension,employees,f,56,ARM,2
2022,disability.pension,employees,m,56,NGA,4
2022,disability.pension,employees,f,42,URY,1
2022,disability.pension,employees,f,47,AZE,2
2022,disability.pension,employees,f,39,AUT,2
2022,disability.pension,employees,m,32,LBY,1
2022,disability.pension,employees,m,76,RUS,2
2022,disability.pension,employees,m,43,CHL,3
2022,disability.pension,employees,m,56,VEN,3
2022,disability.pension,employees,m,71,BLR,9
2022,disability.pension,employees,f,25,VNM,8
2022,disability.pension,employees,f,56,FRA,4
2022,disability.pension,employees,f,31,IRQ,1
2022,disability.pension,employees,m,49,USA,2
2022,disability.pension,employees,f,33,ARM,6
2022,disability.pension,employees,m,48,IRN,2
2022,disability.pension,employees,m,65,PRT,3
2022,disability.pension,employees,f,65,BLR,28
2022,disability.pension,employees,f,43,PHL,14
2022,disability.pension,employees,m,50,SWE,8
2022,disability.pension,employees,m,50,VNM,4
2022,disability.pension,employees,f,48,KEN,2
2022,disability.pension,employees,m,57,GBR,5
2022,disability.pension,employees,m,49,LBY,1
2022,disability.pension,employees,m,40,TGO,5
2022,disability.pension,employees,m,71,GRC,2
2022,disability.pension,employees,m,52,FRA,4
2022,disability.pension,employees,f,56,ITA,5
2022,disability.pension,employees,m,32,UZB,2
2022,disability.pension,employees,m,15,GEO,2
2022,disability.pension,employees,m,56,AUT,5
2022,disability.pension,employees,m,76,ITA,2
2022,disability.pension,employees,m,81,GBR,3
2022,disability.pension,employees,f,33,NGA,2
2022,disability.pension,employees,f,67,VNM,7
2022,disability.pension,employees,m,43,TUN,2
2022,disability.pension,employees,m,43,CAN,5
2022,disability.pension,employees,m,23,BGR,2
2022,disability.pension,employees,f,26,PER,2
2022,disability.pension,employees,m,0,TUR,2
2022,disability.pension,employees,m,35,SWE,10
2022,disability.pension,employees,m,55,CZE,13
2022,disability.pension,employees,m,39,SYR,15
2022,disability.pension,employees,m,49,AFG,3
2022,disability.pension,employees,m,46,PAK,4
2022,disability.pension,employees,f,37,RUS,14
2022,disability.pension,employees,m,42,VNM,4
2022,disability.pension,employees,m,58,USA,3
2022,disability.pension,employees,m,63,UZB,1
2022,disability.pension,employees,f,26,LVA,7
2022,disability.pension,employees,m,42,JPN,4
2022,disability.pension,employees,m,37,NPL,6
2022,disability.pension,employees,f,49,ZAF,2
2022,disability.pension,employees,m,64,ZMB,1
2022,disability.pension,employees,m,45,FRA,4
2022,disability.pension,employees,m,15,VNM,2
2022,disability.pension,employees,f,49,CZE,10
2022,disability.pension,employees,m,47,PAK,6
2022,disability.pension,employees,f,56,PAK,1
2022,disability.pension,employees,m,24,PAK,16
2022,disability.pension,employees,m,29,URY,3
2022,disability.pension,employees,f,64,CHE,1
2022,disability.pension,employees,f,68,MDA,1
2022,disability.pension,employees,f,60,THA,6
2022,disability.pension,employees,f,35,ETH,3
2022,disability.pension,employees,m,33,BEN,1
2022,disability.pension,employees,m,64,BLR,10
2022,disability.pension,employees,m,52,PAK,5
2022,disability.pension,employees,f,51,PAK,1
2022,disability.pension,employees,m,33,ISR,3
2022,disability.pension,employees,f,44,DZA,1
2022,disability.pension,employees,m,43,EST,4
2022,disability.pension,employees,m,53,NER,1
2022,disability.pension,employees,m,54,NGA,3
2022,disability.pension,employees,f,25,TUR,6
2022,disability.pension,employees,f,36,VNM,16
2022,disability.pension,employees,m,47,IRQ,5
2022,disability.pension,employees,m,63,EST,1
2022,disability.pension,employees,f,23,AZE,28
2022,disability.pension,employees,m,57,VEN,2
2022,disability.pension,employees,m,11,BLR,3
2022,disability.pension,employees,m,42,GHA,3
2022,disability.pension,employees,m,28,DOM,2
2022,disability.pension,employees,f,41,AZE,5
2022,disability.pension,employees,f,48,AZE,2
2022,disability.pension,employees,m,35,AFG,8
2022,disability.pension,employees,m,55,THA,2
2022,disability.pension,employees,m,39,UKR,4
2022,disability.pension,employees,f,28,RWA,3
2022,disability.pension,employees,f,41,NGA,4
2022,disability.pension,employees,m,42,HRV,11
2022,disability.pension,employees,m,35,UGA,5
2022,disability.pension,employees,m,60,IRL,4
2022,disability.pension,employees,m,47,ETH,2
2022,disability.pension,employees,m,43,ETH,1
2022,disability.pension,employees,m,49,ETH,1
2022,disability.pension,employees,m,38,ISR,7
2022,disability.pension,employees,f,33,NZL,1
2022,disability.pension,employees,f,35,SYR,3
2022,disability.pension,employees,m,38,ITA,10
2022,disability.pension,employees,m,50,PAK,4
2022,disability.pension,employees,m,43,EGY,3
2022,disability.pension,employees,m,33,ARM,6
2022,disability.pension,employees,m,31,AZE,12
2022,disability.pension,employees,m,44,IRN,5
2022,disability.pension,employees,m,35,NGA,2
2022,disability.pension,employees,m,36,ARM,3
2022,disability.pension,employees,m,33,LBN,2
2022,disability.pension,employees,m,61,CYP,2
2022,disability.pension,employees,m,38,PAK,4
2022,disability.pension,employees,m,29,BRA,2
2022,disability.pension,employees,m,45,NGA,3
2022,disability.pension,employees,m,31,HUN,3
2022,disability.pension,employees,m,28,TUN,6
2022,disability.pension,employees,m,39,MAR,4
2022,disability.pension,employees,m,28,KEN,3
2022,disability.pension,employees,m,29,AZE,8
2022,disability.pension,employees,m,41,YEM,2
2022,disability.pension,employees,m,33,ETH,3
2022,disability.pension,employees,m,36,COL,2
2022,disability.pension,employees,m,31,COG,4
2022,disability.pension,employees,m,36,MDA,34
2022,disability.pension,employees,m,36,IRQ,12
2022,disability.pension,employees,m,58,BLR,3
2022,disability.pension,employees,m,30,TJK,2
2022,disability.pension,employees,m,22,NER,3
2022,disability.pension,employees,m,20,RUS,8
2022,disability.pension,employees,m,34,MAR,2
2022,disability.pension,employees,m,31,GMB,2
2022,disability.pension,employees,m,33,RWA,13
2022,disability.pension,employees,m,21,BLR,12
2022,disability.pension,employees,m,31,NPL,3
2022,disability.pension,employees,m,35,PAK,12
2022,disability.pension,employees,m,59,SVK,4
2022,disability.pension,employees,m,38,ROU,10
2022,disability.pension,employees,m,29,NGA,6
2022,disability.pension,employees,m,32,RWA,4
2022,disability.pension,employees,f,35,ZWE,12
2022,disability.pension,employees,m,35,NGA,4
2022,disability.pension,employees,m,27,ZWE,3
2022,disability.pension,employees,f,57,LTU,15
2022,disability.pension,employees,m,31,ZWE,6
2022,disability.pension,employees,m,30,NGA,4
2022,disability.pension,employees,m,51,IND,20
2022,disability.pension,employees,m,23,LVA,2
2022,disability.pension,employees,f,26,RWA,3
2022,disability.pension,employees,m,63,MNG,2
2022,disability.pension,employees,m,30,NGA,2
2022,disability.pension,employees,m,33,ZWE,4
2022,disability.pension,employees,m,27,TZA,5
2022,disability.pension,employees,m,26,UKR,2
2022,disability.pension,employees,m,30,COG,11
2022,disability.pension,employees,m,35,RUS,2
2022,disability.pension,employees,m,31,NER,4
2022,disability.pension,employees,m,26,LBN,4
2022,disability.pension,employees,m,29,NER,5
2022,disability.pension,employees,m,25,AFG,2
2022,disability.pension,employees,m,28,DZA,4
2022,disability.pension,employees,m,21,TJK,10
2022,disability.pension,employees,m,3,TUR,1
2022,disability.pension,employees,m,27,MAR,2
2022,disability.pension,employees,m,31,NGA,22
2022,disability.pension,employees,m,29,GMB,2
2022,disability.pension,employees,f,27,KEN,2
2022,disability.pension,employees,m,56,UKR,4
2022,disability.pension,employees,m,47,SLV,2
2022,disability.pension,employees,m,27,NPL,2
2022,disability.pension,employees,m,21,NLD,1
2022,disability.pension,employees,m,27,COL,3
2022,disability.pension,employees,m,35,NGA,3
2022,disability.pension,employees,m,21,FRA,12
2022,disability.pension,employees,m,31,UKR,40
2022,disability.pension,employees,m,30,MLI,5
2022,disability.pension,employees,m,21,MLT,2
2022,disability.pension,employees,m,42,ZWE,11
2022,disability.pension,employees,m,57,LTU,2
2022,disability.pension,employees,m,26,MAR,10
2022,disability.pension,employees,m,26,DZA,3
2022,disability.pension,employees,m,28,IND,2
2022,disability.pension,employees,m,47,HRV,7
2022,disability.pension,employees,m,51,NGA,2
2022,disability.pension,employees,f,37,TWN,2
2022,disability.pension,employees,m,34,UKR,24
2022,disability.pension,employees,f,38,BIH,3
2022,disability.pension,employees,f,27,UKR,2
2022,disability.pension,employees,m,49,ZAF,5
2022,disability.pension,employees,f,35,UKR,10
2022,disability.pension,employees,f,40,CMR,3
2022,disability.pension,employees,m,22,BEL,8
2022,disability.pension,employees,f,26,IRN,6
2022,disability.pension,employees,m,40,UGA,7
2022,disability.pension,employees,m,37,SVN,3
2022,disability.pension,employees,m,62,IRN,1
2022,disability.pension,employees,f,37,ISR,1
2022,disability.pension,employees,f,41,HUN,2
2022,disability.pension,employees,m,24,MLT,2
2022,disability.pension,employees,m,50,ALB,4
2022,disability.pension,employees,m,50,UKR,2
2022,disability.pension,employees,f,31,NIC,3
2022,disability.pension,employees,m,29,PER,2
2022,disability.pension,employees,m,46,EST,2
2022,disability.pension,employees,f,34,MYS,2
2022,disability.pension,employees,f,42,MKD,1
2022,disability.pension,employees,m,50,CHE,2
2022,disability.pension,employees,m,31,JPN,12
2022,disability.pension,employees,m,69,TZA,1
2022,disability.pension,employees,m,41,GUY,1
2022,disability.pension,employees,m,48,KEN,4
2022,disability.pension,employees,m,36,BIH,6
2022,disability.pension,employees,m,34,BRA,6
2022,disability.pension,employees,f,38,CZE,11
2022,disability.pension,employees,f,28,NLD,4
2022,disability.pension,employees,f,50,DNK,2
2022,disability.pension,employees,f,29,DEU,12
2022,disability.pension,employees,m,47,MKD,4
2022,disability.pension,employees,f,31,LTU,6
2022,disability.pension,employees,m,45,MKD,4
2022,disability.pension,employees,f,35,LTU,6
2022,disability.pension,employees,f,51,SWE,2
2022,disability.pension,employees,f,44,PHL,2
2022,disability.pension,employees,f,47,PHL,35
2022,disability.pension,employees,m,23,PHL,3
2022,disability.pension,employees,f,33,PHL,8
2022,disability.pension,employees,m,38,KAZ,14
2022,disability.pension,employees,m,54,KAZ,4
2022,disability.pension,employees,m,49,KAZ,8
2022,disability.pension,employees,f,5,UKR,3
2022,disability.pension,employees,m,39,GRC,2
2022,disability.pension,employees,f,24,RWA,20
2022,disability.pension,employees,m,41,ESP,4
2022,disability.pension,employees,m,50,NPL,4
2022,disability.pension,employees,f,24,PSE,2
2022,disability.pension,employees,m,29,KEN,2
2022,disability.pension,employees,m,65,NLD,4
2022,disability.pension,employees,f,77,AUT,1
2022,disability.pension,employees,f,34,IRN,3
2022,disability.pension,employees,f,61,ESP,2
2022,disability.pension,employees,m,42,NOR,3
2022,disability.pension,employees,m,74,HRV,2
2022,disability.pension,employees,f,22,RUS,12
2022,disability.pension,employees,m,39,NPL,10
2022,disability.pension,employees,f,53,MUS,1
2022,disability.pension,employees,m,50,USA,4
2022,disability.pension,employees,m,27,MMR,1
2022,disability.pension,employees,f,55,UKR,20
2022,disability.pension,employees,f,54,CUB,1
2022,disability.pension,employees,m,45,RWA,2
2022,disability.pension,employees,m,40,RWA,4
2022,disability.pension,employees,m,29,PSE,6
2022,disability.pension,employees,m,35,LBY,2
2022,disability.pension,employees,m,40,UKR,2
2022,disability.pension,employees,m,27,CHL,2
2022,disability.pension,employees,m,65,CHN,5
2022,disability.pension,employees,m,38,IRQ,2
2022,disability.pension,employees,m,30,TUR,3
2022,disability.pension,employees,m,25,RUS,14
2022,disability.pension,employees,m,71,ARM,2
2022,disability.pension,employees,m,41,SAU,1
2022,disability.pension,employees,f,32,AZE,6
2022,disability.pension,employees,f,24,MNG,3
2022,disability.pension,employees,f,32,SYR,4
2022,disability.pension,employees,f,34,SYR,6
2022,disability.pension,employees,m,25,MAR,32
2022,disability.pension,employees,m,58,IRL,5
2022,disability.pension,employees,f,28,ARM,2
2022,disability.pension,employees,m,33,CHE,4
2022,disability.pension,employees,m,33,KOR,9
2022,disability.pension,employees,m,40,ROU,4
2022,disability.pension,employees,m,40,ROU,2
2022,disability.pension,employees,m,41,MYS,4
2022,disability.pension,employees,m,58,LVA,3
2022,disability.pension,employees,f,50,ROU,16
2022,disability.pension,employees,m,39,EGY,8
2022,disability.pension,employees,m,34,PER,13
2022,disability.pension,employees,f,26,GRC,7
2022,disability.pension,employees,f,46,ZWE,5
2022,disability.pension,employees,m,23,GBR,7
2022,disability.pension,employees,m,45,CAN,2
2022,disability.pension,employees,f,38,CAN,1
2022,disability.pension,employees,f,42,KEN,2
2022,disability.pension,employees,m,24,CAN,3
2022,disability.pension,employees,f,31,BRA,4
2022,disability.pension,employees,m,42,FRA,4
2022,disability.pension,employees,m,32,NGA,12
2022,disability.pension,employees,m,24,HTI,1
2022,disability.pension,employees,f,18,DZA,1
2022,disability.pension,employees,m,44,DNK,4
2022,disability.pension,employees,f,27,UKR,6
2022,disability.pension,employees,m,42,UKR,2
2022,disability.pension,employees,f,43,LKA,2
2022,disability.pension,employees,m,57,IND,15
2022,disability.pension,employees,m,18,LBN,2
2022,disability.pension,employees,m,43,ISR,2
2022,disability.pension,employees,m,55,CHN,2
2022,disability.pension,employees,m,51,CYP,3
2022,disability.pension,employees,m,24,VEN,2
2022,disability.pension,employees,m,42,JOR,4
2022,disability.pension,employees,f,37,DZA,3
2022,disability.pension,employees,f,42,AZE,4
2022,disability.pension,employees,m,55,TUN,2
2022,disability.pension,employees,m,60,UKR,12
2022,disability.pension,employees,f,20,BLR,9
2022,disability.pension,employees,m,32,UKR,2
2022,disability.pension,employees,m,33,SYR,13
2022,disability.pension,employees,m,80,UKR,2
2022,disability.pension,employees,m,68,CZE,6
2022,disability.pension,employees,m,54,YEM,3
2022,disability.pension,employees,f,51,CZE,4
2022,disability.pension,employees,m,51,GRC,3
2022,disability.pension,employees,m,61,SWE,3
2022,disability.pension,employees,f,46,CUB,2
2022,disability.pension,employees,f,32,KAZ,6
2022,disability.pension,employees,f,55,RUS,8
2022,disability.pension,employees,f,67,BGR,3
2022,disability.pension,employees,m,52,BIH,2
2022,disability.pension,employees,f,25,UZB,4
2022,disability.pension,employees,m,26,KEN,18
2022,disability.pension,employees,f,19,IRQ,1
2022,disability.pension,employees,m,27,NGA,20
2022,disability.pension,employees,m,33,NGA,3
2022,disability.pension,employees,m,22,TKM,2
2022,disability.pension,employees,f,20,NGA,2
2022,disability.pension,employees,f,25,KEN,2
2022,disability.pension,employees,f,21,MAR,3
2022,disability.pension,employees,f,28,TUR,68
2022,disability.pension,employees,m,24,IRQ,2
2022,disability.pension,employees,m,19,ZWE,2
2022,disability.pension,employees,m,67,EGY,1
2022,disability.pension,employees,f,36,DOM,1
2022,disability.pension,employees,m,67,SWE,2
2022,disability.pension,employees,f,33,SYR,2
2022,disability.pension,employees,f,33,BLR,9
2022,disability.pension,employees,m,34,ROU,12
2022,disability.pension,employees,m,41,LKA,4
2022,disability.pension,employees,m,43,UKR,4
2022,disability.pension,employees,f,75,DEU,5
2022,disability.pension,employees,f,56,MNG,3
2022,disability.pension,employees,f,58,MNG,3
2022,disability.pension,employees,f,32,MNG,5
2022,disability.pension,employees,f,33,MNG,4
2022,disability.pension,employees,m,63,MKD,1
2022,disability.pension,employees,m,48,IRL,8
2022,disability.pension,employees,f,29,LTU,2
2022,disability.pension,employees,m,66,KOR,1
2022,disability.pension,employees,m,71,VNM,2
2022,disability.pension,employees,m,76,BEL,2
2022,disability.pension,employees,f,29,ITA,10
2022,disability.pension,employees,m,65,USA,11
2022,disability.pension,employees,f,30,FRA,4
2022,disability.pension,employees,m,23,BOL,2
2022,disability.pension,employees,m,21,BOL,2
2022,disability.pension,employees,m,41,BOL,2
2022,disability.pension,employees,m,39,BOL,3
2022,disability.pension,employees,m,37,BOL,2
2022,disability.pension,employees,m,46,MEX,3
2022,disability.pension,employees,f,24,BOL,1
2022,disability.pension,employees,m,29,BOL,2
2022,disability.pension,employees,m,23,GTM,9
2022,disability.pension,employees,m,32,BOL,3
2022,disability.pension,employees,f,29,BOL,1
2022,disability.pension,employees,m,70,GRC,1
2022,disability.pension,employees,m,34,AUS,3
2022,disability.pension,employees,f,39,UZB,7
2022,disability.pension,employees,m,45,CZE,4
2022,disability.pension,employees,m,56,HRV,3
2022,disability.pension,employees,m,48,PSE,1
2022,disability.pension,employees,f,24,HUN,4
2022,disability.pension,employees,f,17,ITA,2
2022,disability.pension,employees,f,16,MDA,3
2022,disability.pension,employees,m,65,SVN,1
2022,disability.pension,employees,m,46,JOR,3
2022,disability.pension,employees,m,47,JOR,2
2022,disability.pension,employees,m,51,BRA,3
2022,disability.pension,employees,f,21,BGD,1
2022,disability.pension,employees,m,44,NGA,2
2022,disability.pension,employees,f,21,AZE,6
2022,disability.pension,employees,m,67,AUT,2
2022,disability.pension,employees,m,35,COG,2
2022,disability.pension,employees,f,41,BLR,8
2022,disability.pension,employees,m,49,DNK,3
2022,disability.pension,employees,f,55,ARM,4
2022,disability.pension,employees,m,55,ARM,2
2022,disability.pension,employees,m,21,UKR,2
2022,disability.pension,employees,m,29,MYS,5
2022,disability.pension,employees,m,53,THA,3
2022,disability.pension,employees,f,32,THA,2
2022,disability.pension,employees,m,27,THA,2
2022,disability.pension,employees,m,33,THA,2
2022,disability.pension,employees,m,34,THA,9
2022,disability.pension,employees,f,75,SWE,1
2022,disability.pension,employees,f,68,RUS,10
2022,disability.pension,employees,m,39,ESP,2
2022,disability.pension,employees,f,44,ESP,8
2022,disability.pension,employees,f,30,PAK,11
2022,disability.pension,employees,f,56,UKR,24
2022,disability.pension,employees,m,45,DEU,6
2022,disability.pension,employees,m,23,COL,6
2022,disability.pension,employees,m,42,COL,2
2022,disability.pension,employees,m,48,COL,2
2022,disability.pension,employees,m,32,COL,2
2022,disability.pension,employees,m,20,COL,2
2022,disability.pension,employees,m,58,COL,1
2022,disability.pension,employees,f,36,TKM,5
2022,disability.pension,employees,f,37,CHL,1
2022,disability.pension,employees,f,0,BGD,1
2022,disability.pension,employees,m,71,USA,5
2022,disability.pension,employees,m,57,BEL,9
2022,disability.pension,employees,f,50,PRT,2
2022,disability.pension,employees,m,42,USA,2
2022,disability.pension,employees,f,47,BRA,2
2022,disability.pension,employees,f,32,HRV,12
2022,disability.pension,employees,f,49,HRV,3
2022,disability.pension,employees,f,30,VEN,9
2022,disability.pension,employees,f,27,HRV,2
2022,disability.pension,employees,m,66,AUS,2
2022,disability.pension,employees,f,33,ZMB,1
2022,disability.pension,employees,f,32,ZAF,2
2022,disability.pension,employees,f,36,ZAF,5
2022,disability.pension,employees,m,25,THA,4
2022,disability.pension,employees,m,54,KOR,4
2022,disability.pension,employees,f,58,RUS,6
2022,disability.pension,employees,f,28,HUN,13
2022,disability.pension,employees,m,46,LKA,4
2022,disability.pension,employees,f,78,AZE,1
2022,disability.pension,employees,m,64,KAZ,3
2022,disability.pension,employees,f,33,CRI,4
2022,disability.pension,employees,m,35,LTU,2
2022,disability.pension,employees,m,43,FIN,8
2022,disability.pension,employees,m,74,MKD,2
2022,disability.pension,employees,m,53,CUB,3
2022,disability.pension,employees,f,93,RUS,1
2022,disability.pension,employees,f,49,PAK,1
2022,disability.pension,employees,m,43,ZAF,5
2022,disability.pension,employees,f,48,ESP,2
2022,disability.pension,employees,m,51,CAN,5
2022,disability.pension,employees,f,61,MNG,3
2022,disability.pension,employees,m,20,BLR,6
2022,disability.pension,employees,m,59,NOR,3
2022,disability.pension,employees,m,68,IRL,2
2022,disability.pension,employees,m,51,THA,7
2022,disability.pension,employees,m,32,THA,2
2022,disability.pension,employees,m,19,KGZ,6
2022,disability.pension,employees,m,27,MNG,2
2022,disability.pension,employees,f,50,UKR,2
2022,disability.pension,employees,m,40,PSE,1
2022,disability.pension,employees,m,45,MLT,2
2022,disability.pension,employees,m,38,COG,2
2022,disability.pension,employees,f,32,BRA,16
2022,disability.pension,employees,f,41,BGD,2
2022,disability.pension,employees,m,24,PAK,4
2022,disability.pension,employees,m,23,COG,7
2022,disability.pension,employees,m,40,CAN,3
2022,disability.pension,employees,f,27,NPL,4
2022,disability.pension,employees,m,32,FRA,3
2022,disability.pension,employees,m,30,NGA,3
2022,disability.pension,employees,f,23,CMR,2
2022,disability.pension,employees,m,28,CMR,10
2022,disability.pension,employees,m,26,EGY,8
2022,disability.pension,employees,f,22,ZMB,1
2022,disability.pension,employees,f,26,CMR,2
2022,disability.pension,employees,f,25,ZWE,10
2022,disability.pension,employees,f,23,ZWE,12
2022,disability.pension,employees,m,47,UGA,1
2022,disability.pension,employees,m,43,GBR,3
2022,disability.pension,employees,f,26,UKR,48
2022,disability.pension,employees,m,20,AZE,17
2022,disability.pension,employees,f,44,AZE,3
2022,disability.pension,employees,m,25,PSE,3
2022,disability.pension,employees,f,42,IRL,4
2022,disability.pension,employees,m,25,PSE,4
2022,disability.pension,employees,m,43,MNG,4
2022,disability.pension,employees,m,49,NOR,1
2022,disability.pension,employees,f,22,BEL,1
2022,disability.pension,employees,f,23,BEL,4
2022,disability.pension,employees,f,30,SVK,2
2022,disability.pension,employees,m,27,BRA,2
2022,disability.pension,employees,m,44,KOR,2
2022,disability.pension,employees,m,43,SEN,1
2022,disability.pension,employees,f,43,RUS,8
2022,disability.pension,employees,m,39,EST,5
2022,disability.pension,employees,m,63,LBN,2
2022,disability.pension,employees,m,64,IRL,2
2022,disability.pension,employees,m,52,GRC,6
2022,disability.pension,employees,m,34,MLT,3
2022,disability.pension,employees,m,56,ZAF,2
2022,disability.pension,employees,f,31,CMR,9
2022,disability.pension,employees,m,27,AGO,17
2022,disability.pension,employees,f,50,KAZ,6
2022,disability.pension,employees,f,66,DEU,2
2022,disability.pension,employees,f,4,UKR,6
2022,disability.pension,employees,f,25,KAZ,10
2022,disability.pension,employees,m,62,ITA,4
2022,disability.pension,employees,m,36,BOL,3
2022,disability.pension,employees,m,25,PSE,7
2022,disability.pension,employees,m,25,SEN,2
2022,disability.pension,employees,m,33,TUN,10
2022,disability.pension,employees,m,54,TUN,4
2022,disability.pension,employees,m,55,IRL,2
2022,disability.pension,employees,m,40,ITA,3
2022,disability.pension,employees,m,77,RUS,2
2022,disability.pension,employees,f,61,KOR,3
2022,disability.pension,employees,m,111,UKR,3
2022,disability.pension,employees,m,46,IND,62
2022,disability.pension,employees,m,28,IDN,20
2022,disability.pension,employees,m,32,DOM,2
2022,disability.pension,employees,f,22,ARG,1
2022,disability.pension,employees,m,76,HRV,1
2022,disability.pension,employees,m,50,BEL,7
2022,disability.pension,employees,m,38,TUN,6
2022,disability.pension,employees,m,47,ARG,6
2022,disability.pension,employees,f,51,UKR,8
2022,disability.pension,employees,f,34,UKR,5
2022,disability.pension,employees,f,61,BLR,16
2022,disability.pension,employees,f,30,UKR,4
2022,disability.pension,employees,f,25,UKR,6
2022,disability.pension,employees,m,39,IRL,2
2022,disability.pension,employees,m,55,CAN,1
2022,disability.pension,employees,f,32,COG,5
2022,disability.pension,employees,f,44,LTU,8
2022,disability.pension,employees,m,49,SDN,2
2022,disability.pension,employees,m,36,AZE,8
2022,disability.pension,employees,f,25,MYS,4
2022,disability.pension,employees,m,32,SYR,2
2022,disability.pension,employees,m,53,DEU,8
2022,disability.pension,employees,f,74,ITA,1
2022,disability.pension,employees,m,31,LKA,4
2022,disability.pension,employees,m,40,AUT,3
2022,disability.pension,employees,f,52,GBR,5
2022,disability.pension,employees,m,44,AUT,6
2022,disability.pension,employees,m,35,CHE,3
2022,disability.pension,employees,m,61,FRA,3
2022,disability.pension,employees,f,41,UKR,3
2022,disability.pension,employees,m,25,ISR,3
2022,disability.pension,employees,f,33,GBR,8
2022,disability.pension,employees,m,31,ROU,6
2022,disability.pension,employees,m,26,EGY,3
2022,disability.pension,employees,f,29,NGA,4
2022,disability.pension,employees,m,36,ETH,2
2022,disability.pension,employees,m,29,ZMB,2
2022,disability.pension,employees,f,41,ESP,2
2022,disability.pension,employees,f,33,HUN,4
2022,disability.pension,employees,m,36,NGA,2
2022,disability.pension,employees,m,35,PSE,2
2022,disability.pension,employees,m,30,LKA,2
2022,disability.pension,employees,m,62,IRL,1
2022,disability.pension,employees,m,1,GEO,3
2022,disability.pension,employees,f,42,BRA,10
2022,disability.pension,employees,f,41,THA,2
2022,disability.pension,employees,f,26,TUR,4
2022,disability.pension,employees,f,30,KOR,4
2022,disability.pension,employees,m,35,UKR,2
2022,disability.pension,employees,m,30,UKR,4
2022,disability.pension,employees,f,34,IRN,15
2022,disability.pension,employees,f,23,UZB,9
2022,disability.pension,employees,m,35,ETH,2
2022,disability.pension,employees,f,28,ETH,12
2022,disability.pension,employees,f,26,NGA,6
2022,disability.pension,employees,f,35,NLD,4
2022,disability.pension,employees,f,53,ITA,6
2022,disability.pension,employees,m,36,NGA,3
2022,disability.pension,employees,m,25,LBN,2
2022,disability.pension,employees,m,28,IDN,2
2022,disability.pension,employees,m,40,MEX,18
2022,disability.pension,employees,f,26,CZE,8
2022,disability.pension,employees,f,52,FRA,2
2022,disability.pension,employees,f,29,IRL,3
2022,disability.pension,employees,m,41,AUT,5
2022,disability.pension,employees,f,40,ROU,3
2022,disability.pension,employees,f,59,ROU,52
2022,disability.pension,employees,f,56,ROU,16
2022,disability.pension,employees,f,60,ROU,9
2022,disability.pension,employees,m,68,RUS,9
2022,disability.pension,employees,f,26,DZA,2
2022,disability.pension,employees,f,35,UKR,6
2022,disability.pension,employees,m,25,IRQ,6
2022,disability.pension,employees,m,29,TZA,4
2022,disability.pension,employees,m,59,PAK,2
2022,disability.pension,employees,m,29,UKR,2
2022,disability.pension,employees,m,62,BGR,15
2022,disability.pension,employees,f,23,MYS,3
2022,disability.pension,employees,m,32,BGD,16
2022,disability.pension,employees,m,35,CHN,4
2022,disability.pension,employees,m,32,SDN,1
2022,disability.pension,employees,m,51,MYS,2
2022,disability.pension,employees,f,28,MEX,9
2022,disability.pension,employees,f,35,FRA,9
2022,disability.pension,employees,f,74,RUS,4
2022,disability.pension,employees,m,54,UKR,2
2022,disability.pension,employees,m,50,ISR,5
2022,disability.pension,employees,m,23,EST,1
2022,disability.pension,employees,f,19,TUR,3
2022,disability.pension,employees,m,37,EST,2
2022,disability.pension,employees,f,37,IRL,3
2022,disability.pension,employees,f,26,UKR,10
2022,disability.pension,employees,m,28,MYS,7
2022,disability.pension,employees,m,21,JPN,5
2022,disability.pension,employees,f,35,KOR,2
2022,disability.pension,employees,m,41,SDN,1
2022,disability.pension,employees,m,29,TZA,8
2022,disability.pension,employees,m,33,EGY,4
2022,disability.pension,employees,m,28,ZAF,8
2022,disability.pension,employees,f,32,RUS,3
2022,disability.pension,employees,f,43,KAZ,16
2022,disability.pension,employees,f,20,USA,1
2022,disability.pension,employees,m,19,JOR,1
2022,disability.pension,employees,f,36,ESP,10
2022,disability.pension,employees,f,30,ETH,4
2022,disability.pension,employees,m,20,PER,2
2022,disability.pension,employees,m,24,LBY,1
2022,disability.pension,employees,m,24,MEX,7
2022,disability.pension,employees,f,26,ETH,17
2022,disability.pension,employees,m,27,IRQ,8
2022,disability.pension,employees,m,45,KOR,6
2022,disability.pension,employees,m,28,KOR,16
2022,disability.pension,employees,m,19,NGA,6
2022,disability.pension,employees,m,25,IND,2
2022,disability.pension,employees,f,19,LVA,3
2022,disability.pension,employees,m,49,EGY,5
2022,disability.pension,employees,m,19,AFG,2
2022,disability.pension,employees,f,65,GBR,2
2022,disability.pension,employees,f,51,GBR,2
2022,disability.pension,employees,f,28,NER,4
2022,disability.pension,employees,f,14,GBR,1
2022,disability.pension,employees,f,42,NOR,2
2022,disability.pension,employees,m,42,NER,2
2022,disability.pension,employees,f,91,AUS,1
2022,disability.pension,employees,m,41,UKR,6
2022,disability.pension,employees,f,40,PAK,1
2022,disability.pension,employees,m,56,AZE,4
2022,disability.pension,employees,m,41,LKA,14
2022,disability.pension,employees,f,23,AZE,4
2022,disability.pension,employees,m,32,SVK,6
2022,disability.pension,employees,m,35,CIV,2
2022,disability.pension,employees,m,31,PSE,4
2022,disability.pension,employees,m,49,CZE,3
2022,disability.pension,employees,m,27,COG,10
2022,disability.pension,employees,m,65,DZA,1
2022,disability.pension,employees,f,39,HUN,15
2022,disability.pension,employees,f,25,CZE,13
2022,disability.pension,employees,m,26,NPL,4
2022,disability.pension,employees,f,21,NPL,6
2022,disability.pension,employees,m,18,NPL,1
2022,disability.pension,employees,m,58,ROU,12
2022,disability.pension,employees,m,35,UKR,4
2022,disability.pension,employees,f,35,HUN,2
2022,disability.pension,employees,m,62,HUN,4
2022,disability.pension,employees,m,48,UKR,2
2022,disability.pension,employees,f,51,UKR,2
2022,disability.pension,employees,m,51,HUN,7
2022,disability.pension,employees,m,40,MNG,3
2022,disability.pension,employees,m,30,UZB,18
2022,disability.pension,employees,f,58,FRA,2
2022,disability.pension,employees,m,63,FRA,4
2022,disability.pension,employees,m,22,HUN,9
2022,disability.pension,employees,f,40,MDA,12
2022,disability.pension,employees,f,40,CHN,3
2022,disability.pension,employees,m,30,NLD,15
2022,disability.pension,employees,m,32,IDN,16
2022,disability.pension,employees,m,29,GHA,6
2022,disability.pension,employees,f,30,BRA,4
2022,disability.pension,employees,m,47,VNM,6
2022,disability.pension,employees,m,36,IRQ,2
2022,disability.pension,employees,m,50,EGY,2
2022,disability.pension,employees,m,26,TZA,2
2022,disability.pension,employees,f,34,IRN,2
2022,disability.pension,employees,m,26,MKD,2
2022,disability.pension,employees,f,22,BWA,1
2022,disability.pension,employees,m,26,IRN,2
2022,disability.pension,employees,m,25,AUT,4
2022,disability.pension,employees,m,42,KOR,2
2022,disability.pension,employees,m,39,KOR,20
2022,disability.pension,employees,f,22,PRT,3
2022,disability.pension,employees,f,34,PAK,2
2022,disability.pension,employees,f,33,PAK,2
2022,disability.pension,employees,m,18,AZE,4
2022,disability.pension,employees,f,30,SVN,5
2022,disability.pension,employees,m,58,BGD,2
2022,disability.pension,employees,m,32,LBN,7
2022,disability.pension,employees,f,30,GHA,3
2022,disability.pension,employees,m,23,PAK,11
2022,disability.pension,employees,m,30,BOL,1
2022,disability.pension,employees,f,111,UKR,1
2022,disability.pension,employees,f,52,GEO,8
2022,disability.pension,employees,m,61,UKR,2
2022,disability.pension,employees,f,52,BRA,1
2022,disability.pension,employees,f,28,MNG,5
2022,disability.pension,employees,m,24,MNG,3
2022,disability.pension,employees,m,38,ALB,4
2022,disability.pension,employees,m,29,ALB,2
2022,disability.pension,employees,m,28,MNG,5
2022,disability.pension,employees,m,57,MEX,2
2022,disability.pension,employees,m,50,MNG,5
2022,disability.pension,employees,m,50,UKR,2
2022,disability.pension,employees,m,37,MNG,2
2022,disability.pension,employees,f,42,MNG,3
2022,disability.pension,employees,m,22,MEX,7
2022,disability.pension,employees,m,29,GTM,5
2022,disability.pension,employees,m,30,GTM,9
2022,disability.pension,employees,f,27,GTM,4
2022,disability.pension,employees,m,39,GTM,4
2022,disability.pension,employees,m,37,GTM,3
2022,disability.pension,employees,m,20,GTM,7
2022,disability.pension,employees,m,38,NIC,3
2022,disability.pension,employees,m,21,GTM,5
2022,disability.pension,employees,f,33,GTM,5
2022,disability.pension,employees,f,24,GTM,2
2022,disability.pension,employees,m,40,GTM,5
2022,disability.pension,employees,m,44,NIC,2
2022,disability.pension,employees,f,38,KGZ,4
2022,disability.pension,employees,m,44,GTM,3
2022,disability.pension,employees,f,47,KAZ,16
2022,disability.pension,employees,m,25,GTM,3
2022,disability.pension,employees,f,34,AZE,9
2022,disability.pension,employees,f,35,GTM,3
2022,disability.pension,employees,m,24,GTM,6
2022,disability.pension,employees,m,39,TJK,4
2022,disability.pension,employees,f,48,TKM,8
2022,disability.pension,employees,f,29,TKM,2
2022,disability.pension,employees,m,26,GTM,8
2022,disability.pension,employees,m,42,TKM,12
2022,disability.pension,employees,m,50,GTM,2
2022,disability.pension,employees,f,34,KGZ,11
2022,disability.pension,employees,f,21,GTM,2
2022,disability.pension,employees,f,37,GTM,2
2022,disability.pension,employees,m,26,HND,2
2022,disability.pension,employees,m,32,GTM,5
2022,disability.pension,employees,f,51,GTM,1
2022,disability.pension,employees,m,19,GTM,3
2022,disability.pension,employees,f,19,GTM,3
2022,disability.pension,employees,f,55,TKM,1
2022,disability.pension,employees,m,45,IND,44
2022,disability.pension,employees,m,36,GTM,5
2022,disability.pension,employees,f,23,GTM,3
2022,disability.pension,employees,f,47,GTM,2
2022,disability.pension,employees,m,35,GTM,4
2022,disability.pension,employees,f,26,GTM,2
2022,disability.pension,employees,m,57,HND,1
2022,disability.pension,employees,m,42,GTM,3
2022,disability.pension,employees,m,18,GTM,1
2022,disability.pension,employees,f,29,GTM,2
2022,disability.pension,employees,f,22,GTM,2
2022,disability.pension,employees,f,39,GTM,2
2022,disability.pension,employees,m,42,RUS,2
2022,disability.pension,employees,m,40,KGZ,4
2022,disability.pension,employees,m,56,DZA,2
2022,disability.pension,employees,f,30,UKR,2
2022,disability.pension,employees,f,29,LBN,2
2022,disability.pension,employees,f,16,ARM,1
2022,disability.pension,employees,f,41,CYP,1
2022,disability.pension,employees,f,34,UKR,48
2022,disability.pension,employees,m,31,BGR,4
2022,disability.pension,employees,m,29,BGR,2
2022,disability.pension,employees,f,29,MLT,3
2022,disability.pension,employees,m,51,ARM,2
2022,disability.pension,employees,m,31,GRC,42
2022,disability.pension,employees,m,66,CAN,2
2022,disability.pension,employees,f,25,SVK,5
2022,disability.pension,employees,m,70,SWE,2
2022,disability.pension,employees,m,59,TUR,8
2022,disability.pension,employees,m,38,IND,6
2022,disability.pension,employees,m,47,IND,6
2022,disability.pension,employees,f,29,DEU,4
2022,disability.pension,employees,m,71,PRT,2
2022,disability.pension,employees,f,53,EST,1
2022,disability.pension,employees,m,58,UZB,10
2022,disability.pension,employees,f,40,CUB,2
2022,disability.pension,employees,f,59,COL,1
2022,disability.pension,employees,f,54,COL,1
2022,disability.pension,employees,f,42,DEU,2
2022,disability.pension,employees,f,20,DEU,2
2022,disability.pension,employees,f,29,FRA,26
2022,disability.pension,employees,m,51,BLR,9
2022,disability.pension,employees,f,52,KAZ,9
2022,disability.pension,employees,m,43,SVN,4
2022,disability.pension,employees,m,61,IRQ,3
2022,disability.pension,employees,m,45,IRL,6
2022,disability.pension,employees,f,81,DEU,1
2022,disability.pension,employees,f,63,ISR,1
2022,disability.pension,employees,f,57,AZE,2
2022,disability.pension,employees,m,60,UGA,1
2022,disability.pension,employees,m,58,BGD,1
2022,disability.pension,employees,f,51,KOR,3
2022,disability.pension,employees,f,40,KOR,7
2022,disability.pension,employees,m,48,KOR,16
2022,disability.pension,employees,f,51,RUS,8
2022,disability.pension,employees,f,70,RUS,2
2022,disability.pension,employees,f,62,CZE,4
2022,disability.pension,employees,f,58,SVK,8
2022,disability.pension,employees,f,26,BGD,2
2022,disability.pension,employees,m,54,ALB,2
2022,disability.pension,employees,f,55,DEU,9
2022,disability.pension,employees,f,50,ESP,5
2022,disability.pension,employees,f,43,ARM,4
2022,disability.pension,employees,f,67,HUN,1
2022,disability.pension,employees,f,52,UKR,8
2022,disability.pension,employees,f,26,BLR,3
2022,disability.pension,employees,m,39,CUB,9
2022,disability.pension,employees,f,22,UKR,2
2022,disability.pension,employees,m,40,UZB,3
2022,disability.pension,employees,f,44,MDA,16
2022,disability.pension,employees,m,65,CHN,2
2022,disability.pension,employees,f,56,TWN,2
2022,disability.pension,employees,f,50,JPN,6
2022,disability.pension,employees,m,54,SVN,2
2022,disability.pension,employees,m,50,VEN,2
2022,disability.pension,employees,m,47,UKR,2
2022,disability.pension,employees,m,69,RUS,8
2022,disability.pension,employees,f,27,IRN,3
2022,disability.pension,employees,f,34,MAR,9
2022,disability.pension,employees,f,48,TZA,2
2022,disability.pension,employees,m,54,LBY,4
2022,disability.pension,employees,m,44,GIN,2
2022,disability.pension,employees,m,43,IRQ,4
2022,disability.pension,employees,m,45,LBY,2
2022,disability.pension,employees,m,36,MEX,4
2022,disability.pension,employees,f,42,ESP,8
2022,disability.pension,employees,m,27,EST,4
2022,disability.pension,employees,m,60,RUS,6
2022,disability.pension,employees,m,56,BRA,3
2022,disability.pension,employees,m,26,BLR,2
2022,disability.pension,employees,m,43,IND,38
2022,disability.pension,employees,f,21,VNM,2
2022,disability.pension,employees,m,53,PAK,3
2022,disability.pension,employees,f,32,JPN,3
2022,disability.pension,employees,m,40,IDN,3
2022,disability.pension,employees,m,32,IDN,3
2022,disability.pension,employees,f,33,TJK,3
2022,disability.pension,employees,f,34,TJK,3
2022,disability.pension,employees,m,44,IDN,3
2022,disability.pension,employees,f,58,UKR,8
2022,disability.pension,employees,f,45,IND,10
2022,disability.pension,employees,m,57,NPL,1
2022,disability.pension,employees,m,53,TUN,5
2022,disability.pension,employees,m,54,BEL,4
2022,disability.pension,employees,m,70,PAK,2
2022,disability.pension,employees,f,34,EST,2
2022,disability.pension,employees,f,25,AZE,40
2022,disability.pension,employees,f,32,BEL,2
2022,disability.pension,employees,m,40,IDN,12
2022,disability.pension,employees,m,26,GHA,6
2022,disability.pension,employees,m,29,GIN,3
2022,disability.pension,employees,m,31,ARM,4
2022,disability.pension,employees,m,48,AZE,2
2022,disability.pension,employees,m,78,SWE,4
2022,disability.pension,employees,m,27,USA,4
2022,disability.pension,employees,m,18,BGR,7
2022,disability.pension,employees,f,18,UKR,36
2022,disability.pension,employees,m,23,NPL,4
2022,disability.pension,employees,f,50,UKR,16
2022,disability.pension,employees,f,41,UZB,9
2022,disability.pension,employees,m,63,SEN,2
2022,disability.pension,employees,m,34,PSE,1
2022,disability.pension,employees,m,70,NLD,4
2022,disability.pension,employees,f,60,LKA,1
2022,disability.pension,employees,m,73,JOR,1
2022,disability.pension,employees,m,65,AUT,2
2022,disability.pension,employees,f,10,UKR,4
2022,disability.pension,employees,f,38,ROU,22
2022,disability.pension,employees,f,32,NGA,2
2022,disability.pension,employees,f,33,KAZ,2
2022,disability.pension,employees,m,41,SLV,1
2022,disability.pension,employees,f,23,TUN,2
2022,disability.pension,employees,m,75,DNK,2
2022,disability.pension,employees,m,63,NLD,5
2022,disability.pension,employees,m,65,ISR,4
2022,disability.pension,employees,f,19,MDA,18
2022,disability.pension,employees,m,36,KEN,2
2022,disability.pension,employees,f,30,BGD,4
2022,disability.pension,employees,f,48,HRV,2
2022,disability.pension,employees,m,53,MDA,14
2022,disability.pension,employees,m,78,NLD,3
2022,disability.pension,employees,m,41,URY,1
2022,disability.pension,employees,f,41,ZMB,3
2022,disability.pension,employees,f,44,SWE,3
2022,disability.pension,employees,m,59,PER,1
2022,disability.pension,employees,f,23,CYP,2
2022,disability.pension,employees,m,62,RUS,2
2022,disability.pension,employees,f,34,PAK,6
2022,disability.pension,employees,m,32,LVA,2
2022,disability.pension,employees,f,41,UKR,4
2022,disability.pension,employees,m,32,KAZ,4
2022,disability.pension,employees,f,16,NLD,1
2022,disability.pension,employees,m,55,EST,1
2022,disability.pension,employees,f,32,BGD,4
2022,disability.pension,employees,m,70,BEL,3
2022,disability.pension,employees,f,39,KEN,2
2022,disability.pension,employees,m,82,RUS,3
2022,disability.pension,employees,m,29,SVN,4
2022,disability.pension,employees,m,70,ISR,2
2022,disability.pension,employees,m,24,CUB,5
2022,disability.pension,employees,f,56,AFG,1
2022,disability.pension,employees,m,27,MDG,3
2022,disability.pension,employees,m,31,MDG,2
2022,disability.pension,employees,m,29,MDG,2
2022,disability.pension,employees,m,24,ZWE,14
2022,disability.pension,employees,m,23,GHA,2
2022,disability.pension,employees,m,60,DNK,2
2022,disability.pension,employees,m,26,COG,4
2022,disability.pension,employees,m,63,SWE,6
2022,disability.pension,employees,f,65,SWE,2
2022,disability.pension,employees,m,51,DNK,2
2022,disability.pension,employees,m,26,THA,6
2022,disability.pension,employees,m,24,CZE,8
2022,disability.pension,employees,m,28,TZA,4
2022,disability.pension,employees,m,39,CMR,7
2022,disability.pension,employees,m,22,PSE,2
2022,disability.pension,employees,m,37,NLD,19
2022,disability.pension,employees,m,20,PSE,1
2022,disability.pension,employees,f,22,MAR,7
2022,disability.pension,employees,m,21,JOR,2
2022,disability.pension,employees,m,35,IRL,9
2022,disability.pension,employees,m,54,CYP,1
2022,disability.pension,employees,m,70,NLD,4
2022,disability.pension,employees,m,57,CHE,3
2022,disability.pension,employees,m,24,KAZ,12
2022,disability.pension,employees,m,22,COG,7
2022,disability.pension,employees,m,63,CHN,2
2022,disability.pension,employees,f,30,COG,2
2022,disability.pension,employees,m,67,CHN,2
2022,disability.pension,employees,m,42,MLT,2
2022,disability.pension,employees,m,33,ETH,6
2022,disability.pension,employees,m,39,UKR,2
2022,disability.pension,employees,m,28,MDG,3
2022,disability.pension,employees,m,24,MDG,2
2022,disability.pension,employees,m,39,IRQ,4
2022,disability.pension,employees,f,31,KEN,6
2022,disability.pension,employees,f,48,PHL,6
2022,disability.pension,employees,f,62,ZAF,1
2022,disability.pension,employees,m,63,AZE,4
2022,disability.pension,employees,f,34,IND,3
2022,disability.pension,employees,f,32,IND,3
2022,disability.pension,employees,f,29,UZB,6
2022,disability.pension,employees,f,27,UZB,4
2022,disability.pension,employees,m,32,LKA,2
2022,disability.pension,employees,m,21,HTI,1
2022,disability.pension,employees,m,19,PRT,3
2022,disability.pension,employees,m,22,LKA,3
2022,disability.pension,employees,m,73,MKD,1
2022,disability.pension,employees,m,62,MKD,1
2022,disability.pension,employees,f,47,LVA,2
2022,disability.pension,employees,f,53,MDA,8
2022,disability.pension,employees,m,49,MDA,10
2022,disability.pension,employees,f,40,KGZ,4
2022,disability.pension,employees,f,45,KGZ,4
2022,disability.pension,employees,m,27,MDA,6
2022,disability.pension,employees,m,18,MDA,14
2022,disability.pension,employees,m,47,MDA,36
2022,disability.pension,employees,m,19,MDA,14
2022,disability.pension,employees,f,31,ROU,29
2022,disability.pension,employees,f,35,KGZ,8
2022,disability.pension,employees,f,44,KGZ,5
2022,disability.pension,employees,f,20,ARM,3
2022,disability.pension,employees,m,56,COG,1
2022,disability.pension,employees,m,15,PAK,1
2022,disability.pension,employees,f,67,MDA,1
2022,disability.pension,employees,f,55,AGO,1
2022,disability.pension,employees,m,52,IRQ,2
2022,disability.pension,employees,f,55,KAZ,4
2022,disability.pension,employees,m,46,GMB,1
2022,disability.pension,employees,f,49,GRC,2
2022,disability.pension,employees,f,68,DEU,4
2022,disability.pension,employees,m,36,ISR,7
2022,disability.pension,employees,f,31,GTM,2
2022,disability.pension,employees,f,33,GTM,4
2022,disability.pension,employees,m,53,YUG,1
2022,disability.pension,employees,m,55,CYP,2
2022,disability.pension,employees,m,64,CHN,7
2022,disability.pension,employees,f,45,LKA,3
2022,disability.pension,employees,f,61,USA,4
2022,disability.pension,employees,f,50,AZE,4
2022,disability.pension,employees,f,51,GEO,8
2022,disability.pension,employees,f,54,AUS,1
2022,disability.pension,employees,m,57,NER,1
2022,disability.pension,employees,f,52,RUS,8
2022,disability.pension,employees,f,62,UKR,6
2022,disability.pension,employees,m,39,UKR,32
2022,disability.pension,employees,m,27,RUS,3
2022,disability.pension,employees,f,53,GEO,18
2022,disability.pension,employees,f,33,UKR,5
2022,disability.pension,employees,f,63,UKR,4
2022,disability.pension,employees,m,51,RUS,3
2022,disability.pension,employees,f,51,UZB,4
2022,disability.pension,employees,f,33,KGZ,2
2022,disability.pension,employees,f,35,TZA,3
2022,disability.pension,employees,m,66,ROU,5
2022,disability.pension,employees,f,53,ESP,4
2022,disability.pension,employees,f,54,PHL,3
2022,disability.pension,employees,m,43,PRT,2
2022,disability.pension,employees,f,53,AZE,6
2022,disability.pension,employees,f,33,THA,6
2022,disability.pension,employees,f,27,LTU,2
2022,disability.pension,employees,m,54,DNK,9
2022,disability.pension,employees,m,54,ISR,2
2022,disability.pension,employees,m,16,BGR,3
2022,disability.pension,employees,m,46,HUN,4
2022,disability.pension,employees,f,56,COL,3
2022,disability.pension,employees,m,31,COL,3
2022,disability.pension,employees,f,59,MNG,1
2022,disability.pension,employees,m,66,GBR,4
2022,disability.pension,employees,f,35,COG,3
2022,disability.pension,employees,f,27,COG,3
2022,disability.pension,employees,f,54,PHL,5
2022,disability.pension,employees,m,67,SWE,2
2022,disability.pension,employees,m,73,NOR,2
2022,disability.pension,employees,f,31,ARM,3
2022,disability.pension,employees,f,38,TJK,3
2022,disability.pension,employees,f,36,MNG,2
2022,disability.pension,employees,f,40,ESP,7
2022,disability.pension,employees,m,77,PHL,1
2022,disability.pension,employees,m,65,CHL,2
2022,disability.pension,employees,f,54,ERI,1
2022,disability.pension,employees,m,79,ITA,1
2022,disability.pension,employees,f,55,IRL,1
2022,disability.pension,employees,f,48,IDN,4
2022,disability.pension,employees,m,58,IRL,4
2022,disability.pension,employees,m,55,BEL,6
2022,disability.pension,employees,m,49,IDN,12
2022,disability.pension,employees,m,54,LTU,3
2022,disability.pension,employees,m,34,UKR,2
2022,disability.pension,employees,f,54,CHN,19
2022,disability.pension,employees,f,34,TUR,23
2022,disability.pension,employees,f,54,FRA,4
2022,disability.pension,employees,m,62,FIN,2
2022,disability.pension,employees,f,49,IND,10
2022,disability.pension,employees,m,48,VNM,4
2022,disability.pension,employees,f,30,HUN,20
2022,disability.pension,employees,m,64,ISR,3
2022,disability.pension,employees,f,36,IRQ,1
2022,disability.pension,employees,f,32,EGY,2
2022,disability.pension,employees,f,42,VEN,1
2022,disability.pension,employees,f,45,MNG,2
2022,disability.pension,employees,m,70,AUT,2
2022,disability.pension,employees,f,69,USA,2
2022,disability.pension,employees,f,23,VNM,8
2022,disability.pension,employees,f,42,UKR,3
2022,disability.pension,employees,m,29,MNG,6
2022,disability.pension,employees,f,24,VNM,4
2022,disability.pension,employees,m,50,FRA,4
2022,disability.pension,employees,f,34,RUS,9
2022,disability.pension,employees,m,58,SYR,3
2022,disability.pension,employees,m,26,MKD,2
2022,disability.pension,employees,m,60,VAT,1
2022,disability.pension,employees,f,29,MNG,3
2022,disability.pension,employees,m,60,CHN,15
2022,disability.pension,employees,f,54,RUS,3
2022,disability.pension,employees,f,36,IRL,2
2022,disability.pension,employees,m,62,AUT,2
2022,disability.pension,employees,m,89,RUS,1
2022,disability.pension,employees,f,38,MEX,6
2022,disability.pension,employees,f,42,CHN,2
2022,disability.pension,employees,m,42,MDG,2
2022,disability.pension,employees,m,46,CAN,2
2022,disability.pension,employees,f,29,UGA,4
2022,disability.pension,employees,f,28,CZE,4
2022,disability.pension,employees,m,71,CAN,2
2022,disability.pension,employees,f,36,ETH,1
2022,disability.pension,employees,m,44,VNM,6
2022,disability.pension,employees,f,64,GBR,2
2022,disability.pension,employees,m,56,UKR,4
2022,disability.pension,employees,m,22,BRA,6
2022,disability.pension,employees,m,35,BGD,6
2022,disability.pension,employees,m,43,MUS,1
2022,disability.pension,employees,m,26,DZA,2
2022,disability.pension,employees,m,51,AUS,3
2022,disability.pension,employees,m,33,CAN,4
2022,disability.pension,employees,f,29,CRI,2
2022,disability.pension,employees,m,60,SWE,2
2022,disability.pension,employees,m,36,COL,3
2022,disability.pension,employees,m,45,CUB,2
2022,disability.pension,employees,m,50,ARG,3
2022,disability.pension,employees,m,55,NLD,10
2022,disability.pension,employees,m,44,IRQ,3
2022,disability.pension,employees,m,48,AUT,6
2022,disability.pension,employees,f,25,LKA,1
2022,disability.pension,employees,f,44,KEN,7
2022,disability.pension,employees,f,28,CAN,3
2022,disability.pension,employees,m,34,GHA,7
2022,disability.pension,employees,m,49,PAK,4
2022,disability.pension,employees,m,64,ARM,4
2022,disability.pension,employees,m,42,GMB,3
2022,disability.pension,employees,m,54,TUR,4
2022,disability.pension,employees,m,64,VNM,2
2022,disability.pension,employees,f,39,FRA,9
2022,disability.pension,employees,f,39,UZB,2
2022,disability.pension,employees,m,38,DEU,6
2022,disability.pension,employees,f,59,ITA,3
2022,disability.pension,employees,f,47,LTU,2
2022,disability.pension,employees,m,72,ARM,1
2022,disability.pension,employees,f,75,ARM,1
2022,disability.pension,employees,m,49,AUS,1
2022,disability.pension,employees,f,31,DZA,1
2022,disability.pension,employees,f,28,IND,6
2022,disability.pension,employees,f,23,MAR,13
2022,disability.pension,employees,m,28,ZWE,8
2022,disability.pension,employees,m,36,AFG,2
2022,disability.pension,employees,m,22,AFG,2
2022,disability.pension,employees,m,20,AFG,2
2022,disability.pension,employees,m,26,AFG,2
2022,disability.pension,employees,f,25,MAR,11
2022,disability.pension,employees,m,41,ISR,5
2022,disability.pension,employees,f,32,GBR,6
2022,disability.pension,employees,m,51,PSE,2
2022,disability.pension,employees,f,63,RUS,2
2022,disability.pension,employees,f,52,ARG,2
2022,disability.pension,employees,m,46,KAZ,2
2022,disability.pension,employees,m,53,AUT,3
2022,disability.pension,employees,m,67,CHN,5
2022,disability.pension,employees,f,71,COL,1
2022,disability.pension,employees,m,65,BEL,3
2022,disability.pension,employees,f,37,BGD,4
2022,disability.pension,employees,f,47,AUT,2
2022,disability.pension,employees,f,47,LKA,2
2022,disability.pension,employees,f,60,ESP,2
2022,disability.pension,employees,m,54,DEU,4
2022,disability.pension,employees,f,47,HRV,3
2022,disability.pension,employees,m,69,BLR,2
2022,disability.pension,employees,m,41,GHA,4
2022,disability.pension,employees,f,45,FRA,9
2022,disability.pension,employees,m,35,FIN,8
2022,disability.pension,employees,m,60,MNG,2
2022,disability.pension,employees,m,58,PAK,2
2022,disability.pension,employees,f,53,DEU,2
2022,disability.pension,employees,f,32,CHN,16
2022,disability.pension,employees,m,62,CHN,8
2022,disability.pension,employees,f,35,NPL,4
2022,disability.pension,employees,m,63,MNG,1
2022,disability.pension,employees,f,31,MNG,4
2022,disability.pension,employees,f,65,JPN,1
2022,disability.pension,employees,m,44,SVN,2
2022,disability.pension,employees,m,52,MLT,1
2022,disability.pension,employees,f,41,USA,2
2022,disability.pension,employees,m,32,TJK,4
2022,disability.pension,employees,m,46,AUT,2
2022,disability.pension,employees,f,31,VNM,6
2022,disability.pension,employees,m,72,BGR,3
2022,disability.pension,employees,m,31,VNM,4
2022,disability.pension,employees,m,47,GRC,2
2022,disability.pension,employees,m,44,SYR,8
2022,disability.pension,employees,m,49,SAU,1
2022,disability.pension,employees,m,60,ROU,6
2022,disability.pension,employees,m,59,CHL,1
2022,disability.pension,employees,f,35,AUT,3
2022,disability.pension,employees,m,45,IDN,34
2022,disability.pension,employees,m,52,IDN,6
2022,disability.pension,employees,f,78,ITA,1
2022,disability.pension,employees,m,59,PRT,2
2022,disability.pension,employees,m,32,IRN,32
2022,disability.pension,employees,f,44,VNM,6
2022,disability.pension,employees,f,56,UGA,1
2022,disability.pension,employees,m,59,NLD,6
2022,disability.pension,employees,m,45,ALB,2
2022,disability.pension,employees,f,34,CUB,5
2022,disability.pension,employees,m,40,TUR,3
2022,disability.pension,employees,m,46,ISR,5
2022,disability.pension,employees,f,27,ROU,4
2022,disability.pension,employees,f,74,USA,2
2022,disability.pension,employees,f,44,UKR,6
2022,disability.pension,employees,f,39,MAR,2
2022,disability.pension,employees,m,39,MUS,4
2022,disability.pension,employees,m,41,LBN,2
2022,disability.pension,employees,f,37,AUT,2
2022,disability.pension,employees,f,54,VNM,2
2022,disability.pension,employees,m,18,VNM,3
2022,disability.pension,employees,m,72,RUS,9
2022,disability.pension,employees,m,19,RUS,6
2022,disability.pension,employees,m,56,ISR,3
2022,disability.pension,employees,m,45,HRV,10
2022,disability.pension,employees,m,33,AUT,9
2022,disability.pension,employees,m,53,CHN,39
2022,disability.pension,employees,f,95,USA,1
2022,disability.pension,employees,m,44,JPN,6
2022,disability.pension,employees,m,32,MNG,5
2022,disability.pension,employees,f,47,VEN,1
2022,disability.pension,employees,m,30,AUS,2
2022,disability.pension,employees,f,44,FIN,1
2022,disability.pension,employees,f,25,CHN,10
2022,disability.pension,employees,m,33,AUS,4
2022,disability.pension,employees,f,28,TJK,3
2022,disability.pension,employees,m,23,SYR,2
2022,disability.pension,employees,m,36,UKR,9
2022,disability.pension,employees,m,37,VAT,1
2022,disability.pension,employees,m,34,EST,2
2022,disability.pension,employees,m,24,LAO,1
2022,disability.pension,employees,m,54,NOR,3
2022,disability.pension,employees,f,35,KGZ,4
2022,disability.pension,employees,m,49,MNG,3
2022,disability.pension,employees,f,25,HTI,1
2022,disability.pension,employees,m,23,HTI,1
2022,disability.pension,employees,f,47,GHA,1
2022,disability.pension,employees,f,38,TWN,3
2022,disability.pension,employees,m,38,MNG,1
2022,disability.pension,employees,f,59,GEO,8
2022,disability.pension,employees,m,52,ITA,3
2022,disability.pension,employees,f,36,CHN,10
2022,disability.pension,employees,m,65,ITA,4
2022,disability.pension,employees,m,41,CAN,3
2022,disability.pension,employees,m,38,FRA,4
2022,disability.pension,employees,m,55,SWE,5
2022,disability.pension,employees,f,41,BEL,3
2022,disability.pension,employees,f,24,ARM,2
2022,disability.pension,employees,f,32,UZB,8
2022,disability.pension,employees,f,35,LKA,3
2022,disability.pension,employees,m,30,SWE,16
2022,disability.pension,employees,f,32,NLD,4
2022,disability.pension,employees,f,24,KAZ,4
2022,disability.pension,employees,m,41,SVN,2
2022,disability.pension,employees,f,35,PAK,3
2022,disability.pension,employees,f,55,PHL,6
2022,disability.pension,employees,f,63,SYR,2
2022,disability.pension,employees,m,123,ARM,1
2022,disability.pension,employees,m,74,CHN,1
2022,disability.pension,employees,f,22,ECU,4
2022,disability.pension,employees,f,48,HUN,2
2022,disability.pension,employees,f,28,TJK,2
2022,disability.pension,employees,f,19,TJK,5
2022,disability.pension,employees,f,18,KGZ,1
2022,disability.pension,employees,f,69,BLR,8
2022,disability.pension,employees,f,34,AUT,3
2022,disability.pension,employees,f,49,FRA,5
2022,disability.pension,employees,m,43,KOR,19
2022,disability.pension,employees,m,21,PAN,1
2022,disability.pension,employees,m,51,IRN,3
2022,disability.pension,employees,m,39,TUN,3
2022,disability.pension,employees,f,29,ETH,4
2022,disability.pension,employees,m,43,BOL,2
2022,disability.pension,employees,f,33,IRN,2
2022,disability.pension,employees,f,18,CRI,1
2022,disability.pension,employees,m,58,UKR,2
2022,disability.pension,employees,m,28,BEL,13
2022,disability.pension,employees,f,47,CYP,1
2022,disability.pension,employees,m,36,CUB,2
2022,disability.pension,employees,m,26,CHN,4
2022,disability.pension,employees,m,29,CRI,4
2022,disability.pension,employees,f,29,KEN,2
2022,disability.pension,employees,f,42,CZE,12
2022,disability.pension,employees,m,25,TUR,4
2022,disability.pension,employees,m,33,CHN,6
2022,disability.pension,employees,m,41,MMR,2
2022,disability.pension,employees,f,36,UGA,2
2022,disability.pension,employees,m,67,PHL,1
2022,disability.pension,employees,f,37,UZB,4
2022,disability.pension,employees,m,56,CHN,21
2022,disability.pension,employees,m,25,IRL,2
2022,disability.pension,employees,f,51,USA,4
2022,disability.pension,employees,m,26,CHE,4
2022,disability.pension,employees,m,36,LVA,11
2022,disability.pension,employees,m,46,CYP,1
2022,disability.pension,employees,f,24,MAR,6
2022,disability.pension,employees,f,47,UKR,4
2022,disability.pension,employees,m,45,IRL,2
2022,disability.pension,employees,f,18,THA,1
2022,disability.pension,employees,m,37,AUT,4
2022,disability.pension,employees,m,23,DEU,12
2022,disability.pension,employees,m,29,VNM,8
2022,disability.pension,employees,f,44,MNG,1
2022,disability.pension,employees,m,38,FIN,9
2022,disability.pension,employees,m,25,YEM,3
2022,disability.pension,employees,m,34,NLD,23
2022,disability.pension,employees,m,23,TKM,2
2022,disability.pension,employees,f,33,BRA,31
2022,disability.pension,employees,f,51,DEU,2
2022,disability.pension,employees,m,26,PSE,7
2022,disability.pension,employees,f,0,ESP,1
2022,disability.pension,employees,m,43,ISR,3
2022,disability.pension,employees,m,39,LVA,2
2022,disability.pension,employees,m,31,COG,10
2022,disability.pension,employees,m,33,HUN,2
2022,disability.pension,employees,f,43,FRA,8
2022,disability.pension,employees,m,29,EGY,2
2022,disability.pension,employees,m,77,BGR,1
2022,disability.pension,employees,m,81,USA,6
2022,disability.pension,employees,f,30,ITA,4
2022,disability.pension,employees,m,24,GHA,3
2022,disability.pension,employees,m,66,EST,2
2022,disability.pension,employees,m,53,YEM,2
2022,disability.pension,employees,f,74,ARM,2
2022,disability.pension,employees,m,80,ARM,1
2022,disability.pension,employees,m,69,HRV,1
2022,disability.pension,employees,f,36,GTM,2
2022,disability.pension,employees,m,64,IND,5
2022,disability.pension,employees,m,16,AFG,1
2022,disability.pension,employees,m,25,TUN,13
2022,disability.pension,employees,m,33,UKR,6
2022,disability.pension,employees,f,43,LTU,6
2022,disability.pension,employees,f,25,ESP,3
2022,disability.pension,employees,f,46,MNG,2
2022,disability.pension,employees,m,27,KAZ,6
2022,disability.pension,employees,m,29,KAZ,8
2022,disability.pension,employees,m,39,EGY,2
2022,disability.pension,employees,m,47,DEU,4
2022,disability.pension,employees,m,44,LVA,9
2022,disability.pension,employees,m,30,ARM,4
2022,disability.pension,employees,m,29,RWA,19
2022,disability.pension,employees,f,122,RUS,1
2022,disability.pension,employees,f,18,UKR,5
2022,disability.pension,employees,m,63,TZA,2
2022,disability.pension,employees,f,48,SWE,2
2022,disability.pension,employees,m,42,LBY,2
2022,disability.pension,employees,m,37,LBY,4
2022,disability.pension,employees,f,36,AFG,5
2022,disability.pension,employees,f,23,ARM,6
2022,disability.pension,employees,f,25,UKR,44
2022,disability.pension,employees,m,31,RWA,14
2022,disability.pension,employees,m,32,GHA,9
2022,disability.pension,employees,m,34,RWA,13
2022,disability.pension,employees,f,32,AFG,8
2022,disability.pension,employees,f,32,DZA,5
2022,disability.pension,employees,m,42,ESP,6
2022,disability.pension,employees,m,57,SWE,2
2022,disability.pension,employees,f,36,SVK,21
2022,disability.pension,employees,f,44,AUS,2
2022,disability.pension,employees,m,48,JPN,7
2022,disability.pension,employees,m,27,MAR,6
2022,disability.pension,employees,f,31,IND,4
2022,disability.pension,employees,f,26,MAR,2
2022,disability.pension,employees,f,28,URY,3
2022,disability.pension,employees,m,58,MYS,2
2022,disability.pension,employees,f,31,AFG,7
2022,disability.pension,employees,f,23,RWA,6
2022,disability.pension,employees,m,24,GIN,1
2022,disability.pension,employees,m,46,IRN,2
2022,disability.pension,employees,m,32,JPN,6
2022,disability.pension,employees,m,55,GRC,8
2022,disability.pension,employees,f,72,DEU,3
2022,disability.pension,employees,m,22,AGO,2
2022,disability.pension,employees,f,20,AGO,1
2022,disability.pension,employees,m,23,AGO,5
2022,disability.pension,employees,m,25,AGO,9
2022,disability.pension,employees,f,50,CZE,11
2022,disability.pension,employees,m,75,UKR,15
2022,disability.pension,employees,m,54,ETH,2
2022,disability.pension,employees,f,85,DEU,2
2022,disability.pension,employees,m,34,ITA,10
2022,disability.pension,employees,m,33,MNG,5
2022,disability.pension,employees,f,76,RUS,6
2022,disability.pension,employees,m,69,MKD,1
2022,disability.pension,employees,f,75,USA,4
2022,disability.pension,employees,f,38,NER,2
2022,disability.pension,employees,m,53,NLD,2
2022,disability.pension,employees,m,76,MDA,1
2022,disability.pension,employees,m,47,VGB,1
2022,disability.pension,employees,f,33,TWN,4
2022,disability.pension,employees,m,29,AUS,5
2022,disability.pension,employees,m,6,PHL,1
2022,disability.pension,employees,f,31,BLR,12
2022,disability.pension,employees,f,30,COL,2
2022,disability.pension,employees,m,59,LBY,2
2022,disability.pension,employees,m,26,LTU,6
2022,disability.pension,employees,m,22,ITA,2
2022,disability.pension,employees,m,64,SVK,6
2022,disability.pension,employees,f,33,MYS,2
2022,disability.pension,employees,f,65,ESP,1
2022,disability.pension,employees,m,59,MKD,1
2022,disability.pension,employees,f,56,BLR,22
2022,disability.pension,employees,m,59,RUS,8
2022,disability.pension,employees,f,28,TUN,9
2022,disability.pension,employees,m,56,JOR,4
2022,disability.pension,employees,f,55,USA,4
2022,disability.pension,employees,m,42,PRT,2
2022,disability.pension,employees,f,43,ESP,6
2022,disability.pension,employees,m,33,IRL,9
2022,disability.pension,employees,m,9,BLR,2
2022,disability.pension,employees,m,10,BLR,1
2022,disability.pension,employees,m,46,NZL,4
2022,disability.pension,employees,f,62,BLR,3
2022,disability.pension,employees,m,59,IRQ,2
2022,disability.pension,employees,f,39,KOR,5
2022,disability.pension,employees,m,76,BLR,3
2022,disability.pension,employees,m,20,LTU,10
2022,disability.pension,employees,m,55,IDN,2
2022,disability.pension,employees,f,42,LVA,9
2022,disability.pension,employees,f,28,ISL,1
2022,disability.pension,employees,f,28,DEU,13
2022,disability.pension,employees,f,31,ITA,36
2022,disability.pension,employees,f,29,SVN,1
2022,disability.pension,employees,f,65,ARM,4
2022,disability.pension,employees,f,41,UGA,2
2022,disability.pension,employees,m,69,LTU,1
2022,disability.pension,employees,f,30,LVA,10
2022,disability.pension,employees,f,38,SVK,22
2022,disability.pension,employees,m,28,BIH,4
2022,disability.pension,employees,m,54,BRA,2
2022,disability.pension,employees,f,57,RUS,10
2022,disability.pension,employees,m,86,BLR,1
2022,disability.pension,employees,m,28,SYR,2
2022,disability.pension,employees,m,48,YEM,1
2022,disability.pension,employees,f,51,ROU,22
2022,disability.pension,employees,f,37,RUS,4
2022,disability.pension,employees,f,27,DEU,14
2022,disability.pension,employees,f,18,LTU,2
2022,disability.pension,employees,f,26,GEO,14
2022,disability.pension,employees,f,48,RUS,8
2022,disability.pension,employees,f,61,UZB,1
2022,disability.pension,employees,m,55,TWN,2
2022,disability.pension,employees,m,40,BRA,4
2022,disability.pension,employees,m,80,BLR,1
2022,disability.pension,employees,m,75,BLR,3
2022,disability.pension,employees,f,55,ITA,5
2022,disability.pension,employees,m,68,LTU,1
2022,disability.pension,employees,m,73,BLR,5
2022,disability.pension,employees,m,61,UKR,2
2022,disability.pension,employees,m,26,TKM,10
2022,disability.pension,employees,m,31,GHA,4
2022,disability.pension,employees,m,43,KEN,5
2022,disability.pension,employees,f,46,RUS,4
2022,disability.pension,employees,f,41,SVN,1
2022,disability.pension,employees,f,27,ARG,5
2022,disability.pension,employees,m,59,AZE,2
2022,disability.pension,employees,m,21,BRA,3
2022,disability.pension,employees,f,55,LTU,2
2022,disability.pension,employees,f,44,GEO,6
2022,disability.pension,employees,f,43,GEO,30
2022,disability.pension,employees,m,30,MDA,6
2022,disability.pension,employees,f,44,UKR,5
2022,disability.pension,employees,m,52,BLR,6
2022,disability.pension,employees,m,39,TKM,8
2022,disability.pension,employees,m,72,LTU,3
2022,disability.pension,employees,f,24,ZMB,2
2022,disability.pension,employees,m,35,BRA,69
2022,disability.pension,employees,f,83,MNG,1
2022,disability.pension,employees,f,21,TJK,3
2022,disability.pension,employees,f,1,BLR,2
2022,disability.pension,employees,f,38,EST,2
2022,disability.pension,employees,m,52,BLR,4
2022,disability.pension,employees,f,50,MDA,10
2022,disability.pension,employees,m,137,BLR,1
2022,disability.pension,employees,f,46,LTU,6
2022,disability.pension,employees,m,59,NGA,1
2022,disability.pension,employees,m,46,TKM,11
2022,disability.pension,employees,f,40,RUS,2
2022,disability.pension,employees,m,54,TKM,4
2022,disability.pension,employees,f,31,ETH,3
2022,disability.pension,employees,m,57,IDN,1
2022,disability.pension,employees,m,47,IDN,25
2022,disability.pension,employees,m,66,LVA,3
2022,disability.pension,employees,m,63,LVA,4
2022,disability.pension,employees,f,60,LVA,3
2022,disability.pension,employees,m,64,LVA,2
2022,disability.pension,employees,f,25,PRT,2
2022,disability.pension,employees,f,29,UZB,6
2022,disability.pension,employees,m,59,AZE,5
2022,disability.pension,employees,m,48,TUR,6
2022,disability.pension,employees,m,29,NOR,3
2022,disability.pension,employees,m,26,ARG,22
2022,disability.pension,employees,f,24,LTU,10
2022,disability.pension,employees,f,49,UKR,6
2022,disability.pension,employees,m,22,IDN,3
2022,disability.pension,employees,f,45,UKR,5
2022,disability.pension,employees,f,21,UKR,2
2022,disability.pension,employees,f,30,UKR,6
2022,disability.pension,employees,m,24,UKR,5
2022,disability.pension,employees,m,28,NPL,4
2022,disability.pension,employees,m,52,KOR,11
2022,disability.pension,employees,f,21,UKR,28
2022,disability.pension,employees,m,44,UKR,2
2022,disability.pension,employees,m,26,UKR,2
2022,disability.pension,employees,m,46,GEO,4
2022,disability.pension,employees,f,148,UKR,1
2022,disability.pension,employees,f,42,IDN,6
2022,disability.pension,employees,f,34,PHL,12
2022,disability.pension,employees,m,38,AGO,1
2022,disability.pension,employees,m,40,KEN,11
2022,disability.pension,employees,f,34,KEN,8
2022,disability.pension,employees,m,33,COG,9
2022,disability.pension,employees,m,21,UKR,2
2022,disability.pension,employees,f,32,KEN,11
2022,disability.pension,employees,f,22,PHL,3
2022,disability.pension,employees,f,22,GEO,4
2022,disability.pension,employees,m,31,GEO,3
2022,disability.pension,employees,f,29,KEN,10
2022,disability.pension,employees,f,40,KEN,3
2022,disability.pension,employees,f,57,KEN,1
2022,disability.pension,employees,m,53,IDN,3
2022,disability.pension,employees,f,33,KEN,5
2022,disability.pension,employees,f,55,IND,2
2022,disability.pension,employees,m,38,GEO,6
2022,disability.pension,employees,f,40,GEO,3
2022,disability.pension,employees,m,28,LKA,5
2022,disability.pension,employees,m,35,MMR,1
2022,disability.pension,employees,m,38,KGZ,4
2022,disability.pension,employees,m,30,KGZ,2
2022,disability.pension,employees,m,31,KGZ,3
2022,disability.pension,employees,m,35,KGZ,2
2022,disability.pension,employees,m,44,KGZ,2
2022,disability.pension,employees,m,36,KGZ,4
2022,disability.pension,employees,m,35,KGZ,4
2022,disability.pension,employees,m,36,BLR,9
2022,disability.pension,employees,m,52,KGZ,3
2022,disability.pension,employees,m,28,KGZ,6
2022,disability.pension,employees,f,36,KGZ,7
2022,disability.pension,employees,f,21,SWE,3
2022,disability.pension,employees,m,32,PHL,3
2022,disability.pension,employees,f,34,PHL,3
2022,disability.pension,employees,m,26,BLR,6
2022,disability.pension,employees,m,33,KAZ,14
2022,disability.pension,employees,f,29,BLR,21
2022,disability.pension,employees,f,56,MDA,4
2022,disability.pension,employees,f,53,ROU,44
2022,disability.pension,employees,m,40,UKR,3
2022,disability.pension,employees,m,49,MMR,1
2022,disability.pension,employees,m,30,UKR,2
2022,disability.pension,employees,f,28,BLR,3
2022,disability.pension,employees,m,37,UZB,28
2022,disability.pension,employees,m,46,KAZ,10
2022,disability.pension,employees,m,57,DEU,3
2022,disability.pension,employees,f,26,BGD,3
2022,disability.pension,employees,f,51,BGD,1
2022,disability.pension,employees,m,55,TKM,3
2022,disability.pension,employees,m,40,TKM,6
2022,disability.pension,employees,m,32,KGZ,4
2022,disability.pension,employees,f,25,BLR,12
2022,disability.pension,employees,m,59,LVA,6
2022,disability.pension,employees,m,30,BLR,4
2022,disability.pension,employees,f,56,CZE,6
2022,disability.pension,employees,f,42,UZB,6
2022,disability.pension,employees,f,53,NLD,3
2022,disability.pension,employees,f,31,PER,4
2022,disability.pension,employees,f,22,PER,5
2022,disability.pension,employees,m,31,PHL,18
2022,disability.pension,employees,m,30,PHL,16
2022,disability.pension,employees,f,32,PER,2
2022,disability.pension,employees,m,35,PHL,16
2022,disability.pension,employees,m,62,KAZ,6
2022,disability.pension,employees,m,55,KGZ,7
2022,disability.pension,employees,m,42,KEN,2
2022,disability.pension,employees,f,46,KGZ,5
2022,disability.pension,employees,f,53,TKM,3
2022,disability.pension,employees,m,30,UKR,2
2022,disability.pension,employees,f,52,HUN,2
2022,disability.pension,employees,m,46,AZE,3
2022,disability.pension,employees,f,40,TKM,4
2022,disability.pension,employees,m,62,KOR,6
2022,disability.pension,employees,f,41,BLR,6
2022,disability.pension,employees,f,30,PHL,8
2022,disability.pension,employees,f,32,IDN,6
2022,disability.pension,employees,f,38,IDN,2
2022,disability.pension,employees,f,28,TZA,10
2022,disability.pension,employees,m,45,IDN,8
2022,disability.pension,employees,m,48,IDN,2
2022,disability.pension,employees,f,44,IDN,4
2022,disability.pension,employees,f,21,IDN,2
2022,disability.pension,employees,m,36,NPL,4
2022,disability.pension,employees,m,33,KEN,2
2022,disability.pension,employees,f,35,IDN,2
2022,disability.pension,employees,f,43,IDN,2
2022,disability.pension,employees,m,46,IDN,4
2022,disability.pension,employees,f,31,PHL,4
2022,disability.pension,employees,m,19,IDN,2
2022,disability.pension,employees,m,30,KEN,4
2022,disability.pension,employees,m,27,KEN,4
2022,disability.pension,employees,m,54,PHL,12
2022,disability.pension,employees,m,27,PHL,8
2022,disability.pension,employees,m,35,RWA,3
2022,disability.pension,employees,f,37,IDN,2
2022,disability.pension,employees,f,27,UGA,1
2022,disability.pension,employees,f,28,IDN,4
2022,disability.pension,employees,f,46,IDN,2
2022,disability.pension,employees,m,35,UGA,2
2022,disability.pension,employees,m,24,KEN,2
2022,disability.pension,employees,m,52,UKR,7
2022,disability.pension,employees,m,59,ITA,6
2022,disability.pension,employees,m,56,ITA,7
2022,disability.pension,employees,m,67,ITA,7
2022,disability.pension,employees,f,87,ITA,2
2022,disability.pension,employees,f,59,ITA,2
2022,disability.pension,employees,m,65,NGA,1
2022,disability.pension,employees,m,40,SVK,3
2022,disability.pension,employees,m,24,NZL,1
2022,disability.pension,employees,f,50,DEU,7
2022,disability.pension,employees,f,34,AFG,7
2022,disability.pension,employees,f,26,AFG,10
2022,disability.pension,employees,f,25,SVK,16
2022,disability.pension,employees,m,85,CZE,1
2022,disability.pension,employees,f,30,CZE,16
2022,disability.pension,employees,m,57,IRL,6
2022,disability.pension,employees,f,80,UKR,4
2022,disability.pension,employees,f,27,GBR,4
2022,disability.pension,employees,m,55,VEN,2
2022,disability.pension,employees,f,66,CUB,3
2022,disability.pension,employees,m,59,EGY,2
2022,disability.pension,employees,m,73,HRV,1
2022,disability.pension,employees,f,46,ALB,3
2022,disability.pension,employees,m,76,NLD,2
2022,disability.pension,employees,m,79,NLD,1
2022,disability.pension,employees,m,20,CMR,2
2022,disability.pension,employees,f,55,AFG,4
2022,disability.pension,employees,m,32,AFG,3
2022,disability.pension,employees,m,76,GRC,1
2022,disability.pension,employees,m,53,ARG,6
2022,disability.pension,employees,m,41,KEN,4
2022,disability.pension,employees,m,26,UGA,6
2022,disability.pension,employees,m,50,KEN,1
2022,disability.pension,employees,m,52,KEN,2
2022,disability.pension,employees,m,48,TZA,2
2022,disability.pension,employees,f,22,CZE,3
2022,disability.pension,employees,m,19,TUR,2
2022,disability.pension,employees,m,10,AFG,1
2022,disability.pension,employees,m,19,SEN,2
2022,disability.pension,employees,m,70,USA,4
2022,disability.pension,employees,m,71,BIH,2
2022,disability.pension,employees,f,24,ZAF,3
2022,disability.pension,employees,m,27,ZAF,4
2022,disability.pension,employees,m,59,DEU,4
2022,disability.pension,employees,m,29,JPN,6
2022,disability.pension,employees,m,77,BIH,1
2022,disability.pension,employees,m,60,AGO,2
2022,disability.pension,employees,f,112,UKR,1
2022,disability.pension,employees,f,31,CZE,4
2022,disability.pension,employees,f,29,ARG,3
2022,disability.pension,employees,m,27,SVK,2
2022,disability.pension,employees,f,46,SVK,20
2022,disability.pension,employees,f,56,ARG,2
2022,disability.pension,employees,m,61,ARG,1
2022,disability.pension,employees,f,32,ARG,7
2022,disability.pension,employees,m,61,MDA,4
2022,disability.pension,employees,m,22,ARG,3
2022,disability.pension,employees,f,34,GTM,1
2022,disability.pension,employees,f,39,IRL,2
2022,disability.pension,employees,m,35,ARG,14
2022,disability.pension,employees,m,27,ARG,14
2022,disability.pension,employees,m,57,PRY,1
2022,disability.pension,employees,m,43,ARG,2
2022,disability.pension,employees,m,22,GEO,3
2022,disability.pension,employees,f,30,ARG,4
2022,disability.pension,employees,f,33,ARG,3
2022,disability.pension,employees,m,33,ARG,12
2022,disability.pension,employees,m,44,ARG,10
2022,disability.pension,employees,f,60,UZB,1
2022,disability.pension,employees,f,37,BOL,1
2022,disability.pension,employees,m,63,URY,1
2022,disability.pension,employees,m,57,KEN,2
2022,disability.pension,employees,m,24,ARG,9
2022,disability.pension,employees,f,44,UKR,6
2022,disability.pension,employees,f,49,GEO,22
2022,disability.pension,employees,m,30,PER,5
2022,disability.pension,employees,f,28,ARG,5
2022,disability.pension,employees,m,18,ARG,1
2022,disability.pension,employees,f,33,CUB,5
2022,disability.pension,employees,m,42,CUB,7
2022,disability.pension,employees,m,27,CUB,4
2022,disability.pension,employees,f,24,CUB,2
2022,disability.pension,employees,m,54,CUB,4
2022,disability.pension,employees,f,37,CUB,1
2022,disability.pension,employees,f,39,CZE,6
2022,disability.pension,employees,m,13,UKR,10
2022,disability.pension,employees,m,13,BLR,3
2022,disability.pension,employees,f,26,UKR,10
2022,disability.pension,employees,m,51,FRA,4
2022,disability.pension,employees,f,20,SVK,3
2022,disability.pension,employees,m,57,KOR,8
2022,disability.pension,employees,f,35,SVN,2
2022,disability.pension,employees,m,22,CMR,1
2022,disability.pension,employees,m,37,KOR,6
2022,disability.pension,employees,m,38,KOR,13
2022,disability.pension,employees,m,71,GRC,2
2022,disability.pension,employees,f,23,GRC,8
2022,disability.pension,employees,f,31,AUT,4
2022,disability.pension,employees,m,37,PAN,2
2022,disability.pension,employees,f,22,SVK,5
2022,disability.pension,employees,m,42,UGA,2
2022,disability.pension,employees,m,44,ZAF,2
2022,disability.pension,employees,m,76,CZE,2
2022,disability.pension,employees,m,25,BEL,4
2022,disability.pension,employees,f,75,UKR,4
2022,disability.pension,employees,f,42,AFG,3
2022,disability.pension,employees,f,62,ARM,2
2022,disability.pension,employees,f,53,UKR,28
2022,disability.pension,employees,m,33,MDA,3
2022,disability.pension,employees,f,58,KAZ,2
2022,disability.pension,employees,f,44,KAZ,4
2022,disability.pension,employees,f,23,KAZ,8
2022,disability.pension,employees,f,26,RWA,26
2022,disability.pension,employees,m,34,UZB,6
2022,disability.pension,employees,m,33,NPL,8
2022,disability.pension,employees,m,34,NLD,4
2022,disability.pension,employees,m,45,ISL,1
2022,disability.pension,employees,m,51,SVK,9
2022,disability.pension,employees,m,17,BGR,3
2022,disability.pension,employees,m,37,BGD,4
2022,disability.pension,employees,f,27,TZA,4
2022,disability.pension,employees,f,53,SVK,12
2022,disability.pension,employees,m,28,SVK,4
2022,disability.pension,employees,f,39,LKA,1
2022,disability.pension,employees,m,36,LKA,8
2022,disability.pension,employees,f,36,UKR,4
2022,disability.pension,employees,m,58,ARM,2
2022,disability.pension,employees,m,33,UKR,36
2022,disability.pension,employees,m,49,GHA,1
2022,disability.pension,employees,f,20,GEO,4
2022,disability.pension,employees,f,60,HUN,3
2022,disability.pension,employees,f,55,FRA,7
2022,disability.pension,employees,m,49,CHN,2
2022,disability.pension,employees,f,44,CHN,41
2022,disability.pension,employees,m,28,HND,2
2022,disability.pension,employees,m,44,ZWE,12
2022,disability.pension,employees,m,41,UKR,8
2022,disability.pension,employees,f,43,BGD,2
2022,disability.pension,employees,m,26,BLR,12
2022,disability.pension,employees,f,55,UKR,10
2022,disability.pension,employees,f,31,ALB,5
2022,disability.pension,employees,f,39,MDA,2
2022,disability.pension,employees,m,58,BLR,3
2022,disability.pension,employees,f,57,MDA,2
2022,disability.pension,employees,m,62,UZB,3
2022,disability.pension,employees,f,29,KAZ,35
2022,disability.pension,employees,m,62,AGO,3
2022,disability.pension,employees,m,37,TUN,2
2022,disability.pension,employees,f,39,UKR,4
2022,disability.pension,employees,m,38,LBN,2
2022,disability.pension,employees,m,25,JPN,7
2022,disability.pension,employees,f,27,CYP,1
2022,disability.pension,employees,m,32,NOR,4
2022,disability.pension,employees,m,26,JPN,2
2022,disability.pension,employees,f,24,PRT,8
2022,disability.pension,employees,f,20,AUS,1
2022,disability.pension,employees,m,21,SWE,2
2022,disability.pension,employees,m,49,DEU,4
2022,disability.pension,employees,f,39,KAZ,2
2022,disability.pension,employees,m,50,DZA,3
2022,disability.pension,employees,m,63,DEU,2
2022,disability.pension,employees,f,55,DEU,2
2022,disability.pension,employees,m,37,RUS,6
2022,disability.pension,employees,m,16,TKM,1
2022,disability.pension,employees,f,64,FRA,2
2022,disability.pension,employees,m,55,USA,2
2022,disability.pension,employees,m,72,CAN,1
2022,disability.pension,employees,m,41,TWN,3
2022,disability.pension,employees,f,42,FRA,11
2022,disability.pension,employees,m,24,BRA,2
2022,disability.pension,employees,m,68,CHE,1
2022,disability.pension,employees,m,34,RWA,2
2022,disability.pension,employees,m,34,GMB,2
2022,disability.pension,employees,f,30,LKA,3
2022,disability.pension,employees,f,69,UKR,14
2022,disability.pension,employees,f,54,LVA,5
2022,disability.pension,employees,m,52,JPN,5
2022,disability.pension,employees,m,65,GHA,2
2022,disability.pension,employees,m,29,ZMB,3
2022,disability.pension,employees,f,23,KOR,5
2022,disability.pension,employees,f,62,NLD,2
2022,disability.pension,employees,f,47,MKD,2
2022,disability.pension,employees,m,57,CHL,1
2022,disability.pension,employees,m,29,PER,11
2022,disability.pension,employees,m,78,UKR,5
2022,disability.pension,employees,m,38,IRN,23
2022,disability.pension,employees,m,23,NGA,2
2022,disability.pension,employees,f,43,ALB,1
2022,disability.pension,employees,m,48,COG,1
2022,disability.pension,employees,m,43,COG,1
2022,disability.pension,employees,m,57,SEN,1
2022,disability.pension,employees,m,41,COG,3
2022,disability.pension,employees,m,37,ETH,2
2022,disability.pension,employees,m,35,CMR,8
2022,disability.pension,employees,m,37,MRT,3
2022,disability.pension,employees,m,32,CAN,9
2022,disability.pension,employees,m,42,YUG,1
2022,disability.pension,employees,m,33,SLE,1
2022,disability.pension,employees,m,32,AZE,10
2022,disability.pension,employees,m,29,CMR,8
2022,disability.pension,employees,f,31,MAR,7
2022,disability.pension,employees,f,41,TUR,2
2022,disability.pension,employees,m,28,CMR,4
2022,disability.pension,employees,m,27,GAB,1
2022,disability.pension,employees,f,33,GRC,8
2022,disability.pension,employees,m,34,BDI,2
2022,disability.pension,employees,f,23,RWA,3
2022,disability.pension,employees,m,21,ITA,16
2022,disability.pension,employees,f,27,RWA,6
2022,disability.pension,employees,f,22,BDI,3
2022,disability.pension,employees,m,32,COG,11
2022,disability.pension,employees,m,26,COG,11
2022,disability.pension,employees,m,26,GRC,19
2022,disability.pension,employees,f,32,RWA,3
2022,disability.pension,employees,m,30,HTI,1
2022,disability.pension,employees,f,26,MKD,3
2022,disability.pension,employees,m,44,BRA,17
2022,disability.pension,employees,m,27,MKD,2
2022,disability.pension,employees,f,36,COG,2
2022,disability.pension,employees,m,41,ZWE,13
2022,disability.pension,employees,m,22,ETH,6
2022,disability.pension,employees,m,21,RWA,4
2022,disability.pension,employees,f,30,TJK,5
2022,disability.pension,employees,m,22,SDN,3
2022,disability.pension,employees,m,33,MUS,2
2022,disability.pension,employees,m,24,COG,5
2022,disability.pension,employees,f,25,GRC,11
2022,disability.pension,employees,f,38,AZE,5
2022,disability.pension,employees,m,60,IND,2
2022,disability.pension,employees,f,29,MAR,6
2022,disability.pension,employees,m,31,AUS,5
2022,disability.pension,employees,m,36,UKR,5
2022,disability.pension,employees,m,54,MAR,1
2022,disability.pension,employees,f,47,ROU,26
2022,disability.pension,employees,m,46,NLD,6
2022,disability.pension,employees,m,83,AUT,2
2022,disability.pension,employees,m,51,UGA,1
2022,disability.pension,employees,m,26,CZE,15
2022,disability.pension,employees,m,52,CZE,7
2022,disability.pension,employees,m,37,KEN,3
2022,disability.pension,employees,m,22,GHA,6
2022,disability.pension,employees,m,58,DEU,4
2022,disability.pension,employees,m,60,DEU,3
2022,disability.pension,employees,m,38,UKR,2
2022,disability.pension,employees,m,33,PER,6
2022,disability.pension,employees,m,21,PER,2
2022,disability.pension,employees,f,31,MDG,1
2022,disability.pension,employees,f,37,CAN,1
2022,disability.pension,employees,f,29,HUN,24
2022,disability.pension,employees,m,46,UZB,2
2022,disability.pension,employees,m,60,UZB,2
2022,disability.pension,employees,m,44,IND,4
2022,disability.pension,employees,m,54,UKR,8
2022,disability.pension,employees,m,60,MDA,2
2022,disability.pension,employees,m,31,IDN,2
2022,disability.pension,employees,m,47,IND,28
2022,disability.pension,employees,m,50,GEO,9
2022,disability.pension,employees,m,51,IND,3
2022,disability.pension,employees,m,22,UZB,8
2022,disability.pension,employees,m,46,IND,4
2022,disability.pension,employees,m,44,IND,9
2022,disability.pension,employees,m,57,IND,8
2022,disability.pension,employees,m,40,IND,4
2022,disability.pension,employees,m,47,IDN,2
2022,disability.pension,employees,m,57,IND,3
2022,disability.pension,employees,m,52,IND,14
2022,disability.pension,employees,m,50,IND,3
2022,disability.pension,employees,m,50,UZB,6
2022,disability.pension,employees,m,48,LKA,2
2022,disability.pension,employees,m,54,LKA,2
2022,disability.pension,employees,m,42,MAR,2
2022,disability.pension,employees,m,49,LKA,2
2022,disability.pension,employees,m,52,LKA,2
2022,disability.pension,employees,f,31,RWA,2
2022,disability.pension,employees,m,31,RWA,6
2022,disability.pension,employees,m,37,RWA,4
2022,disability.pension,employees,m,57,LKA,2
2022,disability.pension,employees,m,40,NPL,4
2022,disability.pension,employees,m,51,IND,3
2022,disability.pension,employees,m,58,NPL,2
2022,disability.pension,employees,m,58,LKA,2
2022,disability.pension,employees,f,53,AZE,2
2022,disability.pension,employees,m,60,LKA,2
2022,disability.pension,employees,m,35,LKA,2
2022,disability.pension,employees,m,53,LKA,4
2022,disability.pension,employees,m,21,GEO,6
2022,disability.pension,employees,m,41,RWA,2
2022,disability.pension,employees,f,27,GEO,14
2022,disability.pension,employees,f,19,BLR,3
2022,disability.pension,employees,m,34,IND,6
2022,disability.pension,employees,m,43,ARM,4
2022,disability.pension,employees,m,37,IND,3
2022,disability.pension,employees,f,40,LKA,2
2022,disability.pension,employees,m,21,IND,4
2022,disability.pension,employees,m,56,UKR,2
2022,disability.pension,employees,m,39,IND,6
2022,disability.pension,employees,f,32,RWA,2
2022,disability.pension,employees,m,31,IND,3
2022,disability.pension,employees,f,32,LKA,4
2022,disability.pension,employees,m,30,UZB,2
2022,disability.pension,employees,m,26,KAZ,12
2022,disability.pension,employees,m,26,IND,4
2022,disability.pension,employees,m,25,IND,4
2022,disability.pension,employees,m,34,IND,4
2022,disability.pension,employees,m,29,RWA,8
2022,disability.pension,employees,f,44,LKA,2
2022,disability.pension,employees,m,37,IND,4
2022,disability.pension,employees,m,50,PHL,6
2022,disability.pension,employees,m,43,EGY,2
2022,disability.pension,employees,m,44,BGD,2
2022,disability.pension,employees,f,50,KAZ,2
2022,disability.pension,employees,f,34,TKM,2
2022,disability.pension,employees,m,26,UZB,2
2022,disability.pension,employees,m,28,UKR,2
2022,disability.pension,employees,f,61,UZB,2
2022,disability.pension,employees,f,54,UZB,1
2022,disability.pension,employees,f,37,CHN,41
2022,disability.pension,employees,f,46,MDA,12
2022,disability.pension,employees,f,41,MUS,1
2022,disability.pension,employees,m,21,UKR,20
2022,disability.pension,employees,m,20,TJK,4
2022,disability.pension,employees,m,45,IRN,4
2022,disability.pension,employees,m,38,RWA,2
2022,disability.pension,employees,m,43,RWA,2
2022,disability.pension,employees,m,40,RWA,2
2022,disability.pension,employees,m,30,RWA,4
2022,disability.pension,employees,m,39,UKR,5
2022,disability.pension,employees,f,74,UKR,2
2022,disability.pension,employees,f,33,GEO,3
2022,disability.pension,employees,f,25,MDA,8
2022,disability.pension,employees,m,43,UKR,2
2022,disability.pension,employees,m,52,GEO,6
2022,disability.pension,employees,m,19,UKR,12
2022,disability.pension,employees,f,53,KGZ,1
2022,disability.pension,employees,f,49,UKR,2
2022,disability.pension,employees,m,46,UKR,6
2022,disability.pension,employees,m,59,ISL,1
2022,disability.pension,employees,m,28,TKM,8
2022,disability.pension,employees,m,38,MYS,1
2022,disability.pension,employees,m,57,MDA,6
2022,disability.pension,employees,f,54,KGZ,3
2022,disability.pension,employees,f,20,TUR,2
2022,disability.pension,employees,f,48,UZB,3
2022,disability.pension,employees,f,42,TUR,10
2022,disability.pension,employees,f,39,GEO,20
2022,disability.pension,employees,m,38,BIH,3
2022,disability.pension,employees,f,36,VEN,3
2022,disability.pension,employees,f,26,COG,13
2022,disability.pension,employees,m,27,BDI,2
2022,disability.pension,employees,f,51,KAZ,2
2022,disability.pension,employees,m,49,AZE,2
2022,disability.pension,employees,f,53,UKR,2
2022,disability.pension,employees,f,24,GEO,20
2022,disability.pension,employees,m,48,LKA,4
2022,disability.pension,employees,m,42,LKA,4
2022,disability.pension,employees,m,51,PHL,2
2022,disability.pension,employees,m,45,LKA,6
2022,disability.pension,employees,m,50,LKA,4
2022,disability.pension,employees,m,39,LKA,2
2022,disability.pension,employees,m,42,EST,5
2022,disability.pension,employees,f,24,HRV,3
2022,disability.pension,employees,m,33,BIH,4
2022,disability.pension,employees,m,18,HRV,1
2022,disability.pension,employees,m,48,UKR,2
2022,disability.pension,employees,m,41,RWA,6
2022,disability.pension,employees,m,24,CMR,4
2022,disability.pension,employees,m,32,UKR,36
2022,disability.pension,employees,m,41,UKR,2
2022,disability.pension,employees,f,47,KGZ,6
2022,disability.pension,employees,f,36,UKR,6
2022,disability.pension,employees,m,48,RWA,1
2022,disability.pension,employees,m,51,UKR,2
2022,disability.pension,employees,m,32,CMR,11
2022,disability.pension,employees,m,58,TUR,4
2022,disability.pension,employees,m,37,COL,2
2022,disability.pension,employees,m,34,COL,4
2022,disability.pension,employees,m,24,COL,4
2022,disability.pension,employees,m,31,COL,8
2022,disability.pension,employees,m,43,PHL,3
2022,disability.pension,employees,m,51,TKM,5
2022,disability.pension,employees,m,31,KAZ,4
2022,disability.pension,employees,m,38,MDA,22
2022,disability.pension,employees,f,41,MDA,6
2022,disability.pension,employees,m,50,MKD,4
2022,disability.pension,employees,f,64,LVA,1
2022,disability.pension,employees,m,52,KGZ,2
2022,disability.pension,employees,m,32,TKM,16
2022,disability.pension,employees,f,22,TKM,2
2022,disability.pension,employees,m,57,BLR,4
2022,disability.pension,employees,f,37,TJK,3
2022,disability.pension,employees,m,30,KAZ,6
2022,disability.pension,employees,m,55,UKR,12
2022,disability.pension,employees,f,52,LVA,6
2022,disability.pension,employees,m,34,IRN,24
2022,disability.pension,employees,m,84,UKR,2
2022,disability.pension,employees,m,19,JPN,2
2022,disability.pension,employees,f,73,CZE,1
2022,disability.pension,employees,f,32,LVA,4
2022,disability.pension,employees,m,45,DNK,4
2022,disability.pension,employees,m,57,AFG,3
2022,disability.pension,employees,m,18,PAK,1
2022,disability.pension,employees,f,29,AUS,2
2022,disability.pension,employees,m,30,LBN,18
2022,disability.pension,employees,f,43,ROU,28
2022,disability.pension,employees,f,29,TKM,8
2022,disability.pension,employees,f,58,AUT,1
2022,disability.pension,employees,f,29,MNG,2
2022,disability.pension,employees,f,55,KGZ,4
2022,disability.pension,employees,m,50,NLD,2
2022,disability.pension,employees,m,48,USA,4
2022,disability.pension,employees,f,38,IND,2
2022,disability.pension,employees,m,30,SWE,2
2022,disability.pension,employees,m,33,ROU,12
2022,disability.pension,employees,m,20,RWA,2
2022,disability.pension,employees,f,42,GRC,2
2022,disability.pension,employees,f,38,CZE,2
2022,disability.pension,employees,f,23,UZB,2
2022,disability.pension,employees,f,24,AZE,6
2022,disability.pension,employees,m,50,FRA,3
2022,disability.pension,employees,m,65,IND,1
2022,disability.pension,employees,f,33,AZE,17
2022,disability.pension,employees,f,74,NLD,1
2022,disability.pension,employees,m,67,CZE,1
2022,disability.pension,employees,f,32,ITA,4
2022,disability.pension,employees,m,43,CHE,2
2022,disability.pension,employees,m,30,NER,6
2022,disability.pension,employees,f,38,HRV,6
2022,disability.pension,employees,m,27,GHA,2
2022,disability.pension,employees,f,57,CHN,10
2022,disability.pension,employees,f,28,CUB,3
2022,disability.pension,employees,f,28,BEL,1
2022,disability.pension,employees,m,28,NER,6
2022,disability.pension,employees,m,38,SYR,6
2022,disability.pension,employees,m,62,SYR,4
2022,disability.pension,employees,f,80,DEU,1
2022,disability.pension,employees,f,93,DEU,1
2022,disability.pension,employees,f,79,DEU,2
2022,disability.pension,employees,f,78,DEU,1
2022,disability.pension,employees,f,98,USA,1
2022,disability.pension,employees,f,85,UKR,4
2022,disability.pension,employees,m,79,CAN,1
2022,disability.pension,employees,m,93,DEU,1
2022,disability.pension,employees,f,65,HUN,3
2022,disability.pension,employees,m,67,AUS,2
2022,disability.pension,employees,m,42,UGA,2
2022,disability.pension,employees,f,50,LVA,4
2022,disability.pension,employees,f,64,BLR,6
2022,disability.pension,employees,f,42,UKR,10
2022,disability.pension,employees,f,64,UKR,15
2022,disability.pension,employees,f,55,GEO,12
2022,disability.pension,employees,m,25,BDI,2
2022,disability.pension,employees,m,39,ESP,3
2022,disability.pension,employees,f,24,GIN,1
2022,disability.pension,employees,f,31,KOR,5
2022,disability.pension,employees,m,8,UKR,4
2022,disability.pension,employees,f,11,UKR,8
2022,disability.pension,employees,f,13,UKR,9
2022,disability.pension,employees,m,44,RWA,1
2022,disability.pension,employees,f,75,AFG,2
2022,disability.pension,employees,m,22,GRC,8
2022,disability.pension,employees,f,66,CZE,3
2022,disability.pension,employees,f,32,GAB,1
2022,disability.pension,employees,f,31,SYR,1
2022,disability.pension,employees,f,24,SVK,13
2022,disability.pension,employees,f,56,SVK,7
2022,disability.pension,employees,f,24,MDA,8
2022,disability.pension,employees,m,53,BLR,6
2022,disability.pension,employees,f,58,CZE,5
2022,disability.pension,employees,f,31,HUN,14
2022,disability.pension,employees,m,49,NGA,2
2022,disability.pension,employees,m,31,ARG,2
2022,disability.pension,employees,f,36,BEN,1
2022,disability.pension,employees,f,57,ZAF,1
2022,disability.pension,employees,m,69,ECU,1
2022,disability.pension,employees,f,37,BRA,21
2022,disability.pension,employees,f,25,RWA,4
2022,disability.pension,employees,m,31,CHL,6
2022,disability.pension,employees,m,30,PRT,4
2022,disability.pension,employees,m,35,GHA,9
2022,disability.pension,employees,f,52,ITA,8
2022,disability.pension,employees,f,63,VNM,8
2022,disability.pension,employees,m,24,VNM,4
2022,disability.pension,employees,m,56,SWE,8
2022,disability.pension,employees,m,23,MDA,6
2022,disability.pension,employees,m,76,MLT,1
2022,disability.pension,employees,m,34,MKD,5
2022,disability.pension,employees,f,22,TJK,2
2022,disability.pension,employees,m,70,COL,1
2022,disability.pension,employees,m,28,JPN,2
2022,disability.pension,employees,f,45,VNM,2
2022,disability.pension,employees,m,44,THA,8
2022,disability.pension,employees,f,44,SYR,1
2022,disability.pension,employees,m,22,PER,4
2022,disability.pension,employees,m,26,AGO,6
2022,disability.pension,employees,m,50,CIV,2
2022,disability.pension,employees,m,14,BLR,6
2022,disability.pension,employees,f,8,BLR,3
2022,disability.pension,employees,f,10,BLR,2
2022,disability.pension,employees,f,13,BLR,2
2022,disability.pension,employees,f,14,BLR,5
2022,disability.pension,employees,f,34,ZWE,3
2022,disability.pension,employees,m,21,SVK,4
2022,disability.pension,employees,f,41,IRN,2
2022,disability.pension,employees,f,40,SGP,2
2022,disability.pension,employees,m,30,JPN,6
2022,disability.pension,employees,f,26,SVN,3
2022,disability.pension,employees,m,49,PHL,16
2022,disability.pension,employees,m,42,FIN,3
2022,disability.pension,employees,m,36,FIN,9
2022,disability.pension,employees,m,33,FIN,8
2022,disability.pension,employees,m,29,FIN,13
2022,disability.pension,employees,m,31,FIN,14
2022,disability.pension,employees,f,26,FIN,11
2022,disability.pension,employees,f,24,FIN,2
2022,disability.pension,employees,m,30,FIN,9
2022,disability.pension,employees,m,22,FIN,3
2022,disability.pension,employees,f,23,FIN,2
2022,disability.pension,employees,f,58,CUB,2
2022,disability.pension,employees,m,48,NZL,1
2022,disability.pension,employees,f,57,SYR,2
2022,disability.pension,employees,f,45,CHN,3
2022,disability.pension,employees,f,47,LVA,4
2022,disability.pension,employees,m,44,SVN,2
2022,disability.pension,employees,f,51,FRA,2
2022,disability.pension,employees,f,39,TUR,2
2022,disability.pension,employees,m,55,UKR,2
2022,disability.pension,employees,m,68,AUS,1
2022,disability.pension,employees,m,51,UKR,2
2022,disability.pension,employees,m,31,RWA,3
2022,disability.pension,employees,f,29,BLR,3
2022,disability.pension,employees,f,21,BLR,6
2022,disability.pension,employees,m,21,UKR,4
2022,disability.pension,employees,m,42,SLE,2
2022,disability.pension,employees,f,29,UKR,6
2022,disability.pension,employees,m,28,RWA,12
2022,disability.pension,employees,m,33,RWA,2
2022,disability.pension,employees,f,70,UKR,3
2022,disability.pension,employees,f,33,ZWE,6
2022,disability.pension,employees,f,47,NZL,1
2022,disability.pension,employees,f,25,ROU,26
2022,disability.pension,employees,f,50,UZB,4
2022,disability.pension,employees,f,26,BLR,3
2022,disability.pension,employees,m,51,GEO,2
2022,disability.pension,employees,m,28,UKR,4
2022,disability.pension,employees,m,26,GEO,4
2022,disability.pension,employees,f,23,UKR,12
2022,disability.pension,employees,f,31,MDA,14
2022,disability.pension,employees,m,33,BLR,3
2022,disability.pension,employees,m,47,UKR,16
2022,disability.pension,employees,m,38,ROU,4
2022,disability.pension,employees,m,48,UKR,6
2022,disability.pension,employees,f,21,LBN,2
2022,disability.pension,employees,m,33,PHL,12
2022,disability.pension,employees,f,37,MAR,3
2022,disability.pension,employees,m,30,CRI,6
2022,disability.pension,employees,f,56,LVA,3
2022,disability.pension,employees,f,25,SYR,2
2022,disability.pension,employees,f,29,SYR,3
2022,disability.pension,employees,f,39,ARM,4
2022,disability.pension,employees,m,52,ARM,2
2022,disability.pension,employees,f,41,MEX,5
2022,disability.pension,employees,f,48,NGA,1
2022,disability.pension,employees,m,31,USA,2
2022,disability.pension,employees,f,36,NLD,2
2022,disability.pension,employees,m,28,BRA,3
2022,disability.pension,employees,m,28,IRN,15
2022,disability.pension,employees,m,31,NGA,3
2022,disability.pension,employees,f,27,PAK,10
2022,disability.pension,employees,f,40,MEX,3
2022,disability.pension,employees,m,28,GBR,6
2022,disability.pension,employees,m,27,GRC,21
2022,disability.pension,employees,m,31,CIV,2
2022,disability.pension,employees,f,35,CHL,2
2022,disability.pension,employees,m,28,NAM,1
2022,disability.pension,employees,m,32,PAN,1
2022,disability.pension,employees,f,34,ZWE,6
2022,disability.pension,employees,m,29,NAM,1
2022,disability.pension,employees,m,26,RWA,12
2022,disability.pension,employees,m,28,KAZ,8
2022,disability.pension,employees,f,19,UZB,2
2022,disability.pension,employees,f,30,UZB,2
2022,disability.pension,employees,f,27,ETH,6
2022,disability.pension,employees,m,24,UZB,6
2022,disability.pension,employees,m,23,ETH,6
2022,disability.pension,employees,f,26,PAK,4
2022,disability.pension,employees,f,24,ZWE,6
2022,disability.pension,employees,f,23,NAM,2
2022,disability.pension,employees,f,23,THA,5
2022,disability.pension,employees,m,39,CHL,4
2022,disability.pension,employees,f,23,GHA,3
2022,disability.pension,employees,f,34,GHA,2
2022,disability.pension,employees,f,44,UGA,2
2022,disability.pension,employees,m,56,PHL,15
2022,disability.pension,employees,f,34,BGD,4
2022,disability.pension,employees,f,59,THA,4
2022,disability.pension,employees,m,56,THA,3
2022,disability.pension,employees,f,29,JPN,3
2022,disability.pension,employees,f,63,JPN,1
2022,disability.pension,employees,m,26,NER,2
2022,disability.pension,employees,m,2,NPL,1
2022,disability.pension,employees,m,36,UKR,4
2022,disability.pension,employees,m,31,ETH,2
2022,disability.pension,employees,f,40,PHL,16
2022,disability.pension,employees,m,34,PER,2
2022,disability.pension,employees,m,39,AZE,4
2022,disability.pension,employees,m,47,NGA,2
2022,disability.pension,employees,f,44,KEN,2
2022,disability.pension,employees,f,36,KEN,2
2022,disability.pension,employees,f,44,AZE,3
2022,disability.pension,employees,m,32,GHA,2
2022,disability.pension,employees,f,27,ZWE,3
2022,disability.pension,employees,m,30,CMR,2
2022,disability.pension,employees,m,41,NGA,2
2022,disability.pension,employees,m,23,UZB,6
2022,disability.pension,employees,f,25,NPL,4
2022,disability.pension,employees,f,31,UZB,4
2022,disability.pension,employees,m,21,NGA,12
2022,disability.pension,employees,f,27,CZE,10
2022,disability.pension,employees,f,31,KGZ,5
2022,disability.pension,employees,f,30,UKR,2
2022,disability.pension,employees,f,31,UKR,2
2022,disability.pension,employees,f,46,AZE,5
2022,disability.pension,employees,f,40,PHL,3
2022,disability.pension,employees,f,29,PHL,3
2022,disability.pension,employees,m,49,UKR,2
2022,disability.pension,employees,f,37,MDA,18
2022,disability.pension,employees,m,124,UKR,2
2022,disability.pension,employees,f,25,UKR,5
2022,disability.pension,employees,m,46,PHL,10
2022,disability.pension,employees,f,46,KAZ,6
2022,disability.pension,employees,f,34,IDN,4
2022,disability.pension,employees,m,22,NPL,2
2022,disability.pension,employees,f,25,UZB,2
2022,disability.pension,employees,f,28,NPL,4
2022,disability.pension,employees,m,42,NPL,4
2022,disability.pension,employees,f,50,NPL,3
2022,disability.pension,employees,f,51,MNG,2
2022,disability.pension,employees,m,52,MNG,1
2022,disability.pension,employees,f,20,LVA,2
2022,disability.pension,employees,m,53,KAZ,4
2022,disability.pension,employees,f,27,PRT,13
2022,disability.pension,employees,f,27,UKR,40
2022,disability.pension,employees,m,42,DEU,2
2022,disability.pension,employees,m,35,CIV,2
2022,disability.pension,employees,f,32,NGA,6
2022,disability.pension,employees,m,30,RWA,16
2022,disability.pension,employees,f,23,GBR,2
2022,disability.pension,employees,f,29,TUN,9
2022,disability.pension,employees,m,46,UKR,2
2022,disability.pension,employees,m,46,ZWE,2
2022,disability.pension,employees,m,43,BLR,4
2022,disability.pension,employees,m,24,CZE,2
2022,disability.pension,employees,m,28,ETH,3
2022,disability.pension,employees,m,28,SAU,2
2022,disability.pension,employees,m,35,NER,6
2022,disability.pension,employees,m,24,DEU,2
2022,disability.pension,employees,m,26,TUN,2
2022,disability.pension,employees,m,35,BRA,2
2022,disability.pension,employees,f,34,BRA,24
2022,disability.pension,employees,m,34,ZAF,2
2022,disability.pension,employees,f,24,JPN,3
2022,disability.pension,employees,f,23,MAR,3
2022,disability.pension,employees,m,31,JOR,5
2022,disability.pension,employees,f,24,FRA,16
2022,disability.pension,employees,f,27,CIV,1
2022,disability.pension,employees,m,24,THA,6
2022,disability.pension,employees,m,23,ECU,5
2022,disability.pension,employees,f,36,RWA,4
2022,disability.pension,employees,m,36,JOR,3
2022,disability.pension,employees,f,26,ESP,23
2022,disability.pension,employees,f,28,SYR,2
2022,disability.pension,employees,m,21,ESP,7
2022,disability.pension,employees,f,25,KOR,9
2022,disability.pension,employees,m,23,LBY,1
2022,disability.pension,employees,f,25,BEL,5
2022,disability.pension,employees,f,26,CHN,6
2022,disability.pension,employees,m,31,KOR,17
2022,disability.pension,employees,m,57,LVA,5
2022,disability.pension,employees,m,62,LVA,1
2022,disability.pension,employees,f,28,AGO,6
2022,disability.pension,employees,m,36,UKR,8
2022,disability.pension,employees,m,48,UKR,2
2022,disability.pension,employees,f,38,BRA,19
2022,disability.pension,employees,m,36,UKR,24
2022,disability.pension,employees,f,34,TKM,8
2022,disability.pension,employees,m,51,KOR,19
2022,disability.pension,employees,m,54,KOR,10
2022,disability.pension,employees,m,30,KOR,12
2022,disability.pension,employees,f,30,KOR,4
2022,disability.pension,employees,m,37,NER,3
2022,disability.pension,employees,m,30,NZL,1
2022,disability.pension,employees,f,47,JPN,3
2022,disability.pension,employees,m,39,JPN,6
2022,disability.pension,employees,f,25,JPN,2
2022,disability.pension,employees,f,34,JPN,4
2022,disability.pension,employees,f,64,BGR,3
2022,disability.pension,employees,f,64,ROU,7
2022,disability.pension,employees,m,60,UKR,4
2022,disability.pension,employees,m,31,UKR,4
2022,disability.pension,employees,m,31,TUN,2
2022,disability.pension,employees,m,47,EGY,2
2022,disability.pension,employees,m,58,IRL,2
2022,disability.pension,employees,m,52,TKM,5
2022,disability.pension,employees,f,38,KOR,7
2022,disability.pension,employees,m,30,COL,2
2022,disability.pension,employees,f,35,ROU,3
2022,disability.pension,employees,m,44,MKD,5
2022,disability.pension,employees,m,67,KOR,4
2022,disability.pension,employees,m,59,KOR,11
2022,disability.pension,employees,m,37,UKR,2
2022,disability.pension,employees,m,31,BEL,3
2022,disability.pension,employees,f,32,KOR,6
2022,disability.pension,employees,m,47,SVN,2
2022,disability.pension,employees,m,57,RUS,2
2022,disability.pension,employees,m,65,ROU,4
2022,disability.pension,employees,m,77,USA,4
2022,disability.pension,employees,f,86,UKR,4
2022,disability.pension,employees,m,58,MNG,1
2022,disability.pension,employees,m,60,JOR,1
2022,disability.pension,employees,m,47,CZE,2
2022,disability.pension,employees,m,38,AUT,5
2022,disability.pension,employees,f,86,AUT,1
2022,disability.pension,employees,f,88,UKR,2
2022,disability.pension,employees,f,27,USA,2
2022,disability.pension,employees,m,70,ESP,2
2022,disability.pension,employees,f,46,BRA,4
2022,disability.pension,employees,f,50,CHN,2
2022,disability.pension,employees,f,21,ITA,10
2022,disability.pension,employees,m,39,SLE,1
2022,disability.pension,employees,m,61,PHL,4
2022,disability.pension,employees,m,61,CHE,3
2022,disability.pension,employees,m,29,AUT,6
2022,disability.pension,employees,f,46,GEO,6
2022,disability.pension,employees,f,26,GEO,3
2022,disability.pension,employees,f,0,GEO,5
2022,disability.pension,employees,f,18,GEO,4
2022,disability.pension,employees,f,19,GEO,4
2022,disability.pension,employees,m,73,CHE,2
2022,disability.pension,employees,m,57,CHN,21
2022,disability.pension,employees,f,32,COG,2
2022,disability.pension,employees,m,55,COG,1
2022,disability.pension,employees,m,54,GEO,3
2022,disability.pension,employees,m,25,URY,2
2022,disability.pension,employees,m,22,UKR,2
2022,disability.pension,employees,m,38,UKR,2
2022,disability.pension,employees,f,33,UGA,5
2022,disability.pension,employees,f,39,BGD,3
2022,disability.pension,employees,m,67,CAN,2
2022,disability.pension,employees,m,45,ARM,2
2022,disability.pension,employees,m,70,BLR,6
2022,disability.pension,employees,f,44,MEX,4
2022,disability.pension,employees,m,31,AFG,4
2022,disability.pension,employees,f,18,AFG,2
2022,disability.pension,employees,f,61,LVA,4
2022,disability.pension,employees,f,71,SVK,1
2022,disability.pension,employees,m,71,SVK,1
2022,disability.pension,employees,f,25,TJK,6
2022,disability.pension,employees,f,31,MKD,4
2022,disability.pension,employees,f,25,BGR,2
2022,disability.pension,employees,f,35,PRT,6
2022,disability.pension,employees,f,50,BRA,4
2022,disability.pension,employees,m,39,NGA,4
2022,disability.pension,employees,f,45,SVK,15
2022,disability.pension,employees,m,67,USA,3
2022,disability.pension,employees,m,77,BLR,3
2022,disability.pension,employees,f,41,IRL,3
2022,disability.pension,employees,f,60,EST,2
2022,disability.pension,employees,m,62,NGA,1
2022,disability.pension,employees,m,25,HRV,5
2022,disability.pension,employees,m,26,ZAF,1
2022,disability.pension,employees,m,20,HRV,3
2022,disability.pension,employees,m,27,JPN,3
2022,disability.pension,employees,m,28,AUS,2
2022,disability.pension,employees,m,58,ITA,4
2022,disability.pension,employees,f,51,IND,4
2022,disability.pension,employees,f,39,MKD,5
2022,disability.pension,employees,m,51,UKR,2
2022,disability.pension,employees,m,18,UKR,4
2022,disability.pension,employees,f,31,BEL,2
2022,disability.pension,employees,m,18,PRT,1
2022,disability.pension,employees,m,20,AUS,2
2022,disability.pension,employees,m,35,GRC,6
2022,disability.pension,employees,m,45,IRQ,4
2022,disability.pension,employees,m,23,UKR,2
2022,disability.pension,employees,f,29,MDA,6
2022,disability.pension,employees,m,37,AZE,4
2022,disability.pension,employees,f,23,KGZ,4
2022,disability.pension,employees,m,47,HUN,2
2022,disability.pension,employees,m,22,AUS,1
2022,disability.pension,employees,f,55,PRT,3
2022,disability.pension,employees,m,52,KAZ,8
2022,disability.pension,employees,m,58,HRV,1
2022,disability.pension,employees,m,59,HRV,3
2022,disability.pension,employees,f,53,TUR,1
2022,disability.pension,employees,f,40,LVA,3
2022,disability.pension,employees,m,66,MDA,6
2022,disability.pension,employees,m,53,UKR,2
2022,disability.pension,employees,m,61,LTU,26
2022,disability.pension,employees,m,32,URY,2
2022,disability.pension,employees,m,42,ROU,3
2022,disability.pension,employees,m,42,ROU,4
2022,disability.pension,employees,m,55,ROU,3
2022,disability.pension,employees,m,43,ROU,24
2022,disability.pension,employees,f,62,ROU,4
2022,disability.pension,employees,m,53,ROU,3
2022,disability.pension,employees,m,39,ROU,3
2022,disability.pension,employees,m,39,LTU,24
2022,disability.pension,employees,f,43,UKR,2
2022,disability.pension,employees,m,50,JOR,2
2022,disability.pension,employees,f,39,ROU,4
2022,disability.pension,employees,f,45,DEU,2
2022,disability.pension,employees,m,47,LVA,10
2022,disability.pension,employees,f,29,TUR,6
2022,disability.pension,employees,m,31,ZMB,1
2022,disability.pension,employees,m,52,UKR,3
2022,disability.pension,employees,m,55,UZB,6
2022,disability.pension,employees,m,51,AZE,2
2022,disability.pension,employees,m,32,ROU,2
2022,disability.pension,employees,m,59,MDA,3
2022,disability.pension,employees,m,22,UZB,9
2022,disability.pension,employees,m,46,KGZ,2
2022,disability.pension,employees,m,31,NOR,2
2022,disability.pension,employees,f,24,CHE,1
2022,disability.pension,employees,m,28,UKR,6
2022,disability.pension,employees,m,39,MDA,4
2022,disability.pension,employees,m,47,PER,2
2022,disability.pension,employees,m,35,CRI,4
2022,disability.pension,employees,m,66,CRI,1
2022,disability.pension,employees,m,12,UKR,7
2022,disability.pension,employees,m,66,VNM,7
2022,disability.pension,employees,m,21,FRA,2
2022,disability.pension,employees,m,73,SWE,3
2022,disability.pension,employees,m,75,SWE,1
2022,disability.pension,employees,f,58,LTU,8
2022,disability.pension,employees,f,41,CHE,2
2022,disability.pension,employees,m,51,GTM,2
2022,disability.pension,employees,f,38,ZAF,5
2022,disability.pension,employees,f,25,LTU,4
2022,disability.pension,employees,m,63,AFG,1
2022,disability.pension,employees,f,21,AFG,10
2022,disability.pension,employees,f,40,RUS,18
2022,disability.pension,employees,f,40,SYR,2
2022,disability.pension,employees,f,29,CZE,2
2022,disability.pension,employees,m,65,SWE,2
2022,disability.pension,employees,f,30,JOR,1
2022,disability.pension,employees,m,64,COL,2
2022,disability.pension,employees,f,42,HUN,10
2022,disability.pension,employees,m,49,KOR,4
2022,disability.pension,employees,f,34,PRT,6
2022,disability.pension,employees,f,25,MKD,1
2022,disability.pension,employees,f,43,DZA,1
2022,disability.pension,employees,f,12,BLR,3
2022,disability.pension,employees,m,16,SDN,1
2022,disability.pension,employees,m,52,ISR,2
2022,disability.pension,employees,f,52,CHN,4
2022,disability.pension,employees,m,70,RUS,4
2022,disability.pension,employees,f,48,RUS,3
2022,disability.pension,employees,m,67,IND,2
2022,disability.pension,employees,f,47,CRI,2
2022,disability.pension,employees,m,53,HUN,7
2022,disability.pension,employees,m,31,CUB,2
2022,disability.pension,employees,m,27,PSE,6
2022,disability.pension,employees,f,40,ZAF,4
2022,disability.pension,employees,f,40,IRN,11
2022,disability.pension,employees,m,31,ETH,11
2022,disability.pension,employees,f,38,CHE,1
2022,disability.pension,employees,m,73,GRC,1
2022,disability.pension,employees,f,60,BLR,9
2022,disability.pension,employees,f,27,SVK,2
2022,disability.pension,employees,f,28,PNG,1
2022,disability.pension,employees,f,12,UKR,4
2022,disability.pension,employees,m,50,BLR,9
2022,disability.pension,employees,m,55,TZA,1
2022,disability.pension,employees,m,43,TZA,2
2022,disability.pension,employees,m,68,SVK,1
2022,disability.pension,employees,m,33,LBY,2
2022,disability.pension,employees,m,54,NOR,2
2022,disability.pension,employees,f,26,UKR,8
2022,disability.pension,employees,f,48,MYS,1
2022,disability.pension,employees,f,42,HRV,2
2022,disability.pension,employees,m,68,GRC,2
2022,disability.pension,employees,m,44,PER,4
2022,disability.pension,employees,f,43,IRN,4
2022,disability.pension,employees,f,76,ARM,1
2022,disability.pension,employees,f,60,AFG,1
2022,disability.pension,employees,m,76,SWE,1
2022,disability.pension,employees,m,34,AFG,4
2022,disability.pension,employees,m,48,AFG,3
2022,disability.pension,employees,m,44,JOR,4
2022,disability.pension,employees,f,43,RUS,3
2022,disability.pension,employees,f,54,UKR,6
2022,disability.pension,employees,f,38,UKR,4
2022,disability.pension,employees,m,48,DNK,4
2022,disability.pension,employees,f,56,BEL,1
2022,disability.pension,employees,m,70,GBR,3
2022,disability.pension,employees,m,79,DNK,1
2022,disability.pension,employees,f,67,DEU,2
2022,disability.pension,employees,f,60,ESP,2
2022,disability.pension,employees,f,60,GBR,2
2022,disability.pension,employees,m,60,GBR,6
2022,disability.pension,employees,m,45,LTU,4
2022,disability.pension,employees,m,61,HRV,1
2022,disability.pension,employees,f,48,SVN,3
2022,disability.pension,employees,m,59,DNK,2
2022,disability.pension,employees,m,35,TWN,2
2022,disability.pension,employees,f,63,LVA,4
2022,disability.pension,employees,m,56,NOR,2
2022,disability.pension,employees,f,34,FIN,3
2022,disability.pension,employees,m,33,RUS,3
2022,disability.pension,employees,f,56,FIN,2
2022,disability.pension,employees,m,73,NOR,1
2022,disability.pension,employees,f,38,ITA,16
2022,disability.pension,employees,f,30,ECU,2
2022,disability.pension,employees,f,28,HRV,12
2022,disability.pension,employees,m,43,CRI,4
2022,disability.pension,employees,f,31,TWN,3
2022,disability.pension,employees,f,34,TWN,6
2022,disability.pension,employees,m,51,SGP,1
2022,disability.pension,employees,m,22,KWT,1
2022,disability.pension,employees,m,23,KWT,4
2022,disability.pension,employees,m,24,KWT,1
2022,disability.pension,employees,m,26,KWT,1
2022,disability.pension,employees,m,23,QAT,3
2022,disability.pension,employees,m,22,QAT,5
2022,disability.pension,employees,m,21,QAT,3
2022,disability.pension,employees,m,19,QAT,8
2022,disability.pension,employees,m,18,QAT,7
2022,disability.pension,employees,m,20,QAT,2
2022,disability.pension,employees,m,0,QAT,2
2022,disability.pension,employees,f,43,BEL,1
2022,disability.pension,employees,f,49,PRT,1
2022,disability.pension,employees,m,51,NZL,2
2022,disability.pension,employees,f,20,LTU,5
2022,disability.pension,employees,f,45,CAN,2
2022,disability.pension,employees,f,67,CAN,2
2022,disability.pension,employees,f,39,IRN,7
2022,disability.pension,employees,f,47,GBR,5
2022,disability.pension,employees,f,43,HRV,3
2022,disability.pension,employees,f,57,ESP,3
2022,disability.pension,employees,m,13,VNM,1
2022,disability.pension,employees,f,32,GRC,6
2022,disability.pension,employees,f,49,UKR,5
2022,disability.pension,employees,f,46,HUN,10
2022,disability.pension,employees,m,12,BLR,1
2022,disability.pension,employees,f,26,FRA,23
2022,disability.pension,employees,m,69,CHE,2
2022,disability.pension,employees,m,71,SVN,1
2022,disability.pension,employees,m,27,CYP,2
2022,disability.pension,employees,f,63,DNK,2
2022,disability.pension,employees,m,59,ESP,2
2022,disability.pension,employees,m,58,AGO,1
2022,disability.pension,employees,m,34,SGP,2
2022,disability.pension,employees,m,74,FIN,1
2022,disability.pension,employees,f,46,MEX,3
2022,disability.pension,employees,f,56,AUT,3
2022,disability.pension,employees,f,36,SUR,1
2022,disability.pension,employees,m,46,SVN,2
2022,disability.pension,employees,m,40,GRC,2
2022,disability.pension,employees,f,43,ISR,3
2022,disability.pension,employees,f,65,GRC,1
2022,disability.pension,employees,f,39,TUN,3
2022,disability.pension,employees,m,46,BEL,2
2022,disability.pension,employees,m,33,CIV,3
2022,disability.pension,employees,f,64,LTU,4
2022,disability.pension,employees,m,59,LBY,1
2022,disability.pension,employees,m,42,NLD,5
2022,disability.pension,employees,f,41,FRA,9
2022,disability.pension,employees,f,47,CMR,1
2022,disability.pension,employees,m,63,IRN,2
2022,disability.pension,employees,m,26,ECU,5
2022,disability.pension,employees,f,59,SVK,9
2022,disability.pension,employees,m,69,NZL,1
2022,disability.pension,employees,m,77,SWE,1
2022,disability.pension,employees,f,28,ETH,2
2022,disability.pension,employees,m,51,ISL,1
2022,disability.pension,employees,m,46,CUB,2
2022,disability.pension,employees,f,42,UZB,2
2022,disability.pension,employees,m,64,NOR,1
2022,disability.pension,employees,f,38,MUS,1
2022,disability.pension,employees,f,61,RUS,6
2022,disability.pension,employees,f,18,ROU,3
2022,disability.pension,employees,m,55,PER,2
2022,disability.pension,employees,f,36,TWN,2
2022,disability.pension,employees,m,48,MEX,6
2022,disability.pension,employees,m,38,ZAF,4
2022,disability.pension,employees,m,40,SVN,2
2022,disability.pension,employees,m,25,JAM,2
2022,disability.pension,employees,f,31,GRC,14
2022,disability.pension,employees,m,57,FIN,3
2022,disability.pension,employees,m,64,HRV,1
2022,disability.pension,employees,m,63,TUN,2
2022,disability.pension,employees,f,50,SWE,4
2022,disability.pension,employees,m,40,CMR,4
2022,disability.pension,employees,m,32,DNK,8
2022,disability.pension,employees,f,31,CIV,2
2022,disability.pension,employees,m,28,COG,11
2022,disability.pension,employees,m,25,ZAF,2
2022,disability.pension,employees,m,57,ZAF,1
2022,disability.pension,employees,m,58,NZL,1
2022,disability.pension,employees,f,68,ITA,2
2022,disability.pension,employees,f,16,ROU,2
2022,disability.pension,employees,m,14,ROU,2
2022,disability.pension,employees,f,12,ROU,3
2022,disability.pension,employees,f,13,ROU,2
2022,disability.pension,employees,m,17,ROU,2
2022,disability.pension,employees,f,11,ROU,2
2022,disability.pension,employees,f,15,ROU,4
2022,disability.pension,employees,m,13,ROU,4
2022,disability.pension,employees,m,9,ROU,3
2022,disability.pension,employees,m,10,ROU,1
2022,disability.pension,employees,f,8,ROU,1
2022,disability.pension,employees,m,11,ROU,2
2022,disability.pension,employees,f,17,ROU,1
2022,disability.pension,employees,f,57,UKR,2
2022,disability.pension,employees,m,53,AFG,1
2022,disability.pension,employees,f,23,BLR,3
2022,disability.pension,employees,m,22,JOR,5
2022,disability.pension,employees,m,44,BGR,2
2022,disability.pension,employees,m,22,FRA,13
2022,disability.pension,employees,m,25,CYP,2
2022,disability.pension,employees,m,16,UZB,1
2022,disability.pension,employees,f,58,SWE,1
2022,disability.pension,employees,f,38,MAR,3
2022,disability.pension,employees,m,52,VNM,7
2022,disability.pension,employees,m,8,BLR,1
2022,disability.pension,employees,f,27,BLR,4
2022,disability.pension,employees,f,23,FRA,2
2022,disability.pension,employees,f,15,NOR,1
2022,disability.pension,employees,m,39,CAN,3
2022,disability.pension,employees,m,36,GMB,1
2022,disability.pension,employees,m,56,IDN,2
2022,disability.pension,employees,m,40,COL,2
2022,disability.pension,employees,m,41,COL,4
2022,disability.pension,employees,m,35,DNK,8
2022,disability.pension,employees,m,19,DNK,1
2022,disability.pension,employees,f,46,FRA,6
2022,disability.pension,employees,m,53,ITA,3
2022,disability.pension,employees,m,43,UKR,2
2022,disability.pension,employees,m,21,GBR,2
2022,disability.pension,employees,f,27,HUN,15
2022,disability.pension,employees,f,31,SLV,2
2022,disability.pension,employees,m,43,FIN,3
2022,disability.pension,employees,f,39,DEU,2
2022,disability.pension,employees,m,22,MLI,3
2022,disability.pension,employees,m,24,LTU,11
2022,disability.pension,employees,m,50,NOR,1
2022,disability.pension,employees,m,38,AUS,7
2022,disability.pension,employees,m,15,SDN,1
2022,disability.pension,employees,f,39,EST,3
2022,disability.pension,employees,m,39,AGO,2
2022,disability.pension,employees,m,39,SEN,2
2022,disability.pension,employees,m,36,SEN,1
2022,disability.pension,employees,f,40,NLD,4
2022,disability.pension,employees,m,40,YEM,2
2022,disability.pension,employees,m,33,AGO,4
2022,disability.pension,employees,m,52,BRA,6
2022,disability.pension,employees,m,37,JOR,4
2022,disability.pension,employees,m,34,SEN,2
2022,disability.pension,employees,f,27,AGO,2
2022,disability.pension,employees,f,30,AGO,2
2022,disability.pension,employees,f,58,DNK,1
2022,disability.pension,employees,m,44,ITA,8
2022,disability.pension,employees,m,34,HND,2
2022,disability.pension,employees,f,38,SLV,1
2022,disability.pension,employees,f,34,MEX,14
2022,disability.pension,employees,f,33,ITA,25
2022,disability.pension,employees,m,31,YEM,5
2022,disability.pension,employees,m,36,LBY,2
2022,disability.pension,employees,f,46,PRT,2
2022,disability.pension,employees,f,32,RWA,9
2022,disability.pension,employees,m,32,AGO,2
2022,disability.pension,employees,f,33,FIN,3
2022,disability.pension,employees,m,43,PER,4
2022,disability.pension,employees,f,27,SVN,4
2022,disability.pension,employees,m,36,DNK,7
2022,disability.pension,employees,m,29,SEN,4
2022,disability.pension,employees,m,24,BEL,5
2022,disability.pension,employees,f,23,KGZ,10
2022,disability.pension,employees,f,25,MDG,2
2022,disability.pension,employees,m,24,MLI,4
2022,disability.pension,employees,f,30,ITA,31
2022,disability.pension,employees,f,40,HUN,14
2022,disability.pension,employees,m,36,USA,2
2022,disability.pension,employees,m,27,PRT,3
2022,disability.pension,employees,m,29,CHE,1
2022,disability.pension,employees,f,25,AGO,4
2022,disability.pension,employees,m,27,JOR,15
2022,disability.pension,employees,m,37,MKD,7
2022,disability.pension,employees,m,28,PSE,8
2022,disability.pension,employees,f,28,MYS,6
2022,disability.pension,employees,f,21,DZA,2
2022,disability.pension,employees,f,27,TUN,11
2022,disability.pension,employees,m,29,SWE,2
2022,disability.pension,employees,m,52,EGY,2
2022,disability.pension,employees,f,22,THA,1
2022,disability.pension,employees,f,37,MKD,3
2022,disability.pension,employees,m,34,ETH,6
2022,disability.pension,employees,f,29,AZE,6
2022,disability.pension,employees,f,58,HRV,1
2022,disability.pension,employees,f,24,TUN,6
2022,disability.pension,employees,m,38,CYP,3
2022,disability.pension,employees,f,24,HUN,8
2022,disability.pension,employees,f,60,FIN,1
2022,disability.pension,employees,f,42,ESP,2
2022,disability.pension,employees,m,31,NLD,4
2022,disability.pension,employees,m,37,CMR,8
2022,disability.pension,employees,m,30,DZA,2
2022,disability.pension,employees,f,28,MDG,1
2022,disability.pension,employees,f,30,HRV,3
2022,disability.pension,employees,m,26,SAU,2
2022,disability.pension,employees,f,23,BRA,5
2022,disability.pension,employees,m,27,STP,1
2022,disability.pension,employees,f,27,MAR,9
2022,disability.pension,employees,f,21,TZA,5
2022,disability.pension,employees,f,21,RWA,10
2022,disability.pension,employees,f,23,JOR,1
2022,disability.pension,employees,f,56,CHE,1
2022,disability.pension,employees,m,29,SAU,3
2022,disability.pension,employees,m,30,CIV,3
2022,disability.pension,employees,f,46,ARG,2
2022,disability.pension,employees,f,31,AZE,3
2022,disability.pension,employees,f,25,PRT,11
2022,disability.pension,employees,m,22,DNK,2
2022,disability.pension,employees,f,26,ETH,8
2022,disability.pension,employees,f,25,FIN,4
2022,disability.pension,employees,f,19,EGY,2
2022,disability.pension,employees,f,30,FRA,16
2022,disability.pension,employees,f,23,PRT,7
2022,disability.pension,employees,f,24,SOM,2
2022,disability.pension,employees,f,29,FIN,6
2022,disability.pension,employees,m,37,SWE,5
2022,disability.pension,employees,m,27,SDN,2
2022,disability.pension,employees,m,22,URY,1
2022,disability.pension,employees,f,33,RWA,7
2022,disability.pension,employees,f,22,AGO,5
2022,disability.pension,employees,f,36,MKD,2
2022,disability.pension,employees,f,24,DEU,7
2022,disability.pension,employees,f,28,MAR,9
2022,disability.pension,employees,f,21,PRT,3
2022,disability.pension,employees,m,19,BEL,1
2022,disability.pension,employees,f,61,GRC,1
2022,disability.pension,employees,f,29,BGD,6
2022,disability.pension,employees,m,27,CHE,2
2022,disability.pension,employees,m,29,GRC,2
2022,disability.pension,employees,m,41,NER,4
2022,disability.pension,employees,f,20,CHL,1
2022,disability.pension,employees,f,25,FRA,10
2022,disability.pension,employees,m,50,RUS,2
2022,disability.pension,employees,f,28,SAU,1
2022,disability.pension,employees,m,12,RUS,2
2022,disability.pension,employees,m,27,LBY,2
2022,disability.pension,employees,f,34,ALB,1
2022,disability.pension,employees,f,41,BRA,8
2022,disability.pension,employees,f,54,FIN,1
2022,disability.pension,employees,m,59,FIN,2
2022,disability.pension,employees,m,26,FRA,4
2022,disability.pension,employees,f,23,FIN,3
2022,disability.pension,employees,m,62,SWE,2
2022,disability.pension,employees,m,27,UKR,48
2022,disability.pension,employees,f,68,UKR,9
2022,disability.pension,employees,f,25,HUN,11
2022,disability.pension,employees,m,22,SVK,2
2022,disability.pension,employees,f,22,HUN,8
2022,disability.pension,employees,m,23,ROU,4
2022,disability.pension,employees,f,57,HUN,2
2022,disability.pension,employees,f,23,LTU,4
2022,disability.pension,employees,f,23,MDA,6
2022,disability.pension,employees,m,21,LTU,4
2022,disability.pension,employees,m,20,LTU,2
2022,disability.pension,employees,f,18,MDA,6
2022,disability.pension,employees,f,43,UKR,4
2022,disability.pension,employees,f,21,BDI,2
2022,disability.pension,employees,m,36,DOM,2
2022,disability.pension,employees,m,36,SVN,8
2022,disability.pension,employees,f,29,PRT,10
2022,disability.pension,employees,m,76,GBR,2
2022,disability.pension,employees,m,40,SEN,2
2022,disability.pension,employees,m,30,MRT,1
2022,disability.pension,employees,m,28,MRT,1
2022,disability.pension,employees,m,34,MUS,3
2022,disability.pension,employees,f,66,AFG,1
2022,disability.pension,employees,m,54,THA,4
2022,disability.pension,employees,f,35,RWA,4
2022,disability.pension,employees,m,31,PAK,3
2022,disability.pension,employees,m,30,ROU,8
2022,disability.pension,employees,m,30,ROU,2
2022,disability.pension,employees,m,69,UKR,3
2022,disability.pension,employees,m,56,PHL,3
2022,disability.pension,employees,m,51,CHE,1
2022,disability.pension,employees,m,58,THA,1
2022,disability.pension,employees,m,30,THA,5
2022,disability.pension,employees,m,41,THA,5
2022,disability.pension,employees,m,43,BLR,3
2022,disability.pension,employees,m,45,TKM,2
2022,disability.pension,employees,m,60,AZE,7
2022,disability.pension,employees,f,26,TKM,7
2022,disability.pension,employees,m,25,RWA,3
2022,disability.pension,employees,m,35,KEN,2
2022,disability.pension,employees,f,53,UZB,2
2022,disability.pension,employees,m,32,SVN,2
2022,disability.pension,employees,f,52,USA,5
2022,disability.pension,employees,m,31,VEN,2
2022,disability.pension,employees,f,56,BLR,12
2022,disability.pension,employees,f,50,CHL,1
2022,disability.pension,employees,f,31,COL,4
2022,disability.pension,employees,m,34,GRC,4
2022,disability.pension,employees,m,40,JPN,2
2022,disability.pension,employees,f,52,HRV,1
2022,disability.pension,employees,f,28,GRC,13
2022,disability.pension,employees,m,25,COL,2
2022,disability.pension,employees,f,38,LTU,4
2022,disability.pension,employees,m,35,UZB,3
2022,disability.pension,employees,m,41,TKM,4
2022,disability.pension,employees,m,36,KAZ,6
2022,disability.pension,employees,f,47,COL,1
2022,disability.pension,employees,m,56,COL,3
2022,disability.pension,employees,m,52,KGZ,10
2022,disability.pension,employees,m,45,CHN,2
2022,disability.pension,employees,f,54,ARM,2
2022,disability.pension,employees,f,51,TUR,5
2022,disability.pension,employees,m,31,GEO,4
2022,disability.pension,employees,f,47,GEO,3
2022,disability.pension,employees,f,51,UKR,2
2022,disability.pension,employees,m,22,UKR,8
2022,disability.pension,employees,m,47,AFG,3
2022,disability.pension,employees,f,32,PAK,3
2022,disability.pension,employees,f,24,NOR,1
2022,disability.pension,employees,f,24,IRL,1
2022,disability.pension,employees,m,24,PRT,14
2022,disability.pension,employees,m,30,CHL,3
2022,disability.pension,employees,m,23,IRL,2
2022,disability.pension,employees,f,30,EGY,6
2022,disability.pension,employees,f,40,ETH,1
2022,disability.pension,employees,m,38,BLR,3
2022,disability.pension,employees,f,57,ROU,12
2022,disability.pension,employees,m,56,LBN,2
2022,disability.pension,employees,m,9,UKR,11
2022,disability.pension,employees,m,30,QAT,1
2022,disability.pension,employees,m,29,BLR,4
2022,disability.pension,employees,f,37,DEU,16
2022,disability.pension,employees,m,53,CHE,4
2022,disability.pension,employees,m,33,BEL,2
2022,disability.pension,employees,f,32,ESP,2
2022,disability.pension,employees,f,166,UKR,1
2022,disability.pension,employees,m,51,LVA,14
2022,disability.pension,employees,m,50,UKR,2
2022,disability.pension,employees,f,23,URY,1
2022,disability.pension,employees,m,28,UKR,4
2022,disability.pension,employees,m,56,UKR,5
2022,disability.pension,employees,m,43,MDA,3
2022,disability.pension,employees,m,38,SVK,2
2022,disability.pension,employees,f,45,MDA,3
2022,disability.pension,employees,f,67,GEO,2
2022,disability.pension,employees,m,38,PSE,1
2022,disability.pension,employees,m,38,SAU,1
2022,disability.pension,employees,m,55,MDA,8
2022,disability.pension,employees,m,52,CHL,4
2022,disability.pension,employees,m,27,UKR,2
2022,disability.pension,employees,f,32,NOR,1
2022,disability.pension,employees,f,60,UGA,1
2022,disability.pension,employees,m,59,TKM,1
2022,disability.pension,employees,m,28,SOM,1
2022,disability.pension,employees,m,25,ARM,4
2022,disability.pension,employees,m,36,GHA,7
2022,disability.pension,employees,m,56,TKM,1
2022,disability.pension,employees,m,24,CHN,23
2022,disability.pension,employees,f,45,HUN,6
2022,disability.pension,employees,f,33,NOR,1
2022,disability.pension,employees,f,31,KAZ,4
2022,disability.pension,employees,f,20,UKR,2
2022,disability.pension,employees,m,32,CHN,4
2022,disability.pension,employees,m,28,UKR,2
2022,disability.pension,employees,m,66,PER,1
2022,disability.pension,employees,f,27,UZB,2
2022,disability.pension,employees,m,55,AUS,3
2022,disability.pension,employees,m,36,EST,2
2022,disability.pension,employees,m,19,UKR,2
2022,disability.pension,employees,f,62,BLR,4
2022,disability.pension,employees,m,20,UKR,4
2022,disability.pension,employees,f,48,GEO,9
2022,disability.pension,employees,f,63,MDA,2
2022,disability.pension,employees,m,43,AFG,2
2022,disability.pension,employees,m,44,UKR,10
2022,disability.pension,employees,m,53,UKR,2
2022,disability.pension,employees,f,24,KGZ,8
2022,disability.pension,employees,m,40,EST,3
2022,disability.pension,employees,f,40,RUS,2
2022,disability.pension,employees,m,29,ZAF,6
2022,disability.pension,employees,f,24,BLR,6
2022,disability.pension,employees,f,46,UKR,2
2022,disability.pension,employees,f,43,TKM,3
2022,disability.pension,employees,f,46,MLT,1
2022,disability.pension,employees,m,61,MLT,1
2022,disability.pension,employees,f,50,MLT,1
2022,disability.pension,employees,m,48,MLT,1
2022,disability.pension,employees,f,51,MLT,1
2022,disability.pension,employees,f,38,MLT,1
2022,disability.pension,employees,f,28,UKR,2
2022,disability.pension,employees,m,57,NGA,1
2022,disability.pension,employees,f,42,UZB,2
2022,disability.pension,employees,f,32,GEO,3
2022,disability.pension,employees,f,26,ECU,2
2022,disability.pension,employees,m,47,CYP,1
2022,disability.pension,employees,f,37,GEO,6
2022,disability.pension,employees,f,52,UKR,3
2022,disability.pension,employees,m,49,BGR,4
2022,disability.pension,employees,m,48,BGR,2
2022,disability.pension,employees,m,65,EGY,2
2022,disability.pension,employees,m,83,DEU,4
2022,disability.pension,employees,f,37,FRA,4
2022,disability.pension,employees,f,24,AUS,1
2022,disability.pension,employees,f,26,AUS,1
2022,disability.pension,employees,m,56,MKD,3
2022,disability.pension,employees,f,27,DEU,2
2022,disability.pension,employees,f,29,HRV,5
2022,disability.pension,employees,m,74,BGR,1
2022,disability.pension,employees,m,51,ROU,10
2022,disability.pension,employees,m,14,AFG,1
2022,disability.pension,employees,m,15,AFG,2
2022,disability.pension,employees,f,43,DEU,4
2022,disability.pension,employees,m,20,ESP,5
2022,disability.pension,employees,m,49,TWN,2
2022,disability.pension,employees,m,19,BRA,2
2022,disability.pension,employees,m,20,BRA,2
2022,disability.pension,employees,m,47,BEL,4
2022,disability.pension,employees,f,47,BLR,3
2022,disability.pension,employees,f,48,CHN,29
2022,disability.pension,employees,m,30,RUS,4
2022,disability.pension,employees,m,40,UKR,8
2022,disability.pension,employees,f,57,BEL,3
2022,disability.pension,employees,m,62,BLR,3
2022,disability.pension,employees,m,42,UKR,12
2022,disability.pension,employees,m,48,CYP,1
2022,disability.pension,employees,m,51,SVK,2
2022,disability.pension,employees,f,20,ROU,14
2022,disability.pension,employees,m,59,BLR,3
2022,disability.pension,employees,m,48,KGZ,2
2022,disability.pension,employees,m,43,BEL,2
2022,disability.pension,employees,m,20,GBR,2
2022,disability.pension,employees,m,43,QAT,1
2022,disability.pension,employees,m,35,BIH,6
2022,disability.pension,employees,m,48,KAZ,4
2022,disability.pension,employees,m,23,KOR,4
2022,disability.pension,employees,m,23,JPN,7
2022,disability.pension,employees,m,1,BLR,4
2022,disability.pension,employees,m,57,TKM,1
2022,disability.pension,employees,f,27,KGZ,2
2022,disability.pension,employees,f,52,UZB,3
2022,disability.pension,employees,m,61,TKM,2
2022,disability.pension,employees,f,66,GEO,2
2022,disability.pension,employees,f,20,UKR,6
2022,disability.pension,employees,f,38,UKR,5
2022,disability.pension,employees,m,37,DEU,5
2022,disability.pension,employees,m,67,KAZ,1
2022,disability.pension,employees,f,62,HUN,3
2022,disability.pension,employees,m,30,CHN,62
2022,disability.pension,employees,m,49,MKD,4
2022,disability.pension,employees,m,42,PER,2
2022,disability.pension,employees,f,70,GRC,1
2022,disability.pension,employees,m,28,KAZ,3
2022,disability.pension,employees,f,49,BOL,1
2022,disability.pension,employees,m,66,CZE,5
2022,disability.pension,employees,m,49,ESP,4
2022,disability.pension,employees,f,36,EST,2
2022,disability.pension,employees,m,42,ECU,1
2022,disability.pension,employees,m,36,CHE,2
2022,disability.pension,employees,f,37,HUN,10
2022,disability.pension,employees,m,24,DOM,2
2022,disability.pension,employees,f,41,JPN,6
2022,disability.pension,employees,m,44,UKR,5
2022,disability.pension,employees,m,72,HUN,1
2022,disability.pension,employees,f,68,JPN,1
2022,disability.pension,employees,m,24,TZA,1
2022,disability.pension,employees,f,60,SVK,4
2022,disability.pension,employees,f,63,SVK,2
2022,disability.pension,employees,f,66,SVK,4
2022,disability.pension,employees,f,61,SVK,6
2022,disability.pension,employees,f,65,SVK,4
2022,disability.pension,employees,f,68,HUN,2
2022,disability.pension,employees,f,68,SVK,3
2022,disability.pension,employees,f,64,SVK,3
2022,disability.pension,employees,f,55,SVK,10
2022,disability.pension,employees,f,70,SVK,1
2022,disability.pension,employees,f,44,ROU,21
2022,disability.pension,employees,f,52,HUN,4
2022,disability.pension,employees,f,53,HUN,1
2022,disability.pension,employees,f,66,ROU,12
2022,disability.pension,employees,f,61,HUN,3
2022,disability.pension,employees,f,49,HUN,6
2022,disability.pension,employees,m,45,FIN,6
2022,disability.pension,employees,m,33,SWE,8
2022,disability.pension,employees,f,23,IRQ,2
2022,disability.pension,employees,f,53,HRV,2
2022,disability.pension,employees,m,53,BIH,1
2022,disability.pension,employees,f,17,UGA,1
2022,disability.pension,employees,m,16,KGZ,2
2022,disability.pension,employees,f,29,BRA,15
2022,disability.pension,employees,m,50,ITA,6
2022,disability.pension,employees,f,58,FRA,3
2022,disability.pension,employees,f,43,USA,8
2022,disability.pension,employees,m,34,SVN,4
2022,disability.pension,employees,f,32,BEL,2
2022,disability.pension,employees,m,53,UKR,2
2022,disability.pension,employees,m,64,LTU,1
2022,disability.pension,employees,m,65,UZB,1
2022,disability.pension,employees,m,66,CUB,2
2022,disability.pension,employees,m,63,SVK,2
2022,disability.pension,employees,f,34,UKR,6
2022,disability.pension,employees,m,83,DEU,4
2022,disability.pension,employees,f,29,AFG,5
2022,disability.pension,employees,f,20,BEL,1
2022,disability.pension,employees,f,22,NOR,1
2022,disability.pension,employees,m,54,MUS,1
2022,disability.pension,employees,f,49,CHN,2
2022,disability.pension,employees,f,33,NLD,3
2022,disability.pension,employees,m,58,FRA,10
2022,disability.pension,employees,m,38,CUB,3
2022,disability.pension,employees,f,20,GBR,3
2022,disability.pension,employees,f,26,ISL,1
2022,disability.pension,employees,m,46,CHE,2
2022,disability.pension,employees,f,22,CHN,2
2022,disability.pension,employees,f,63,ROU,30
2022,disability.pension,employees,f,21,UKR,2
2022,disability.pension,employees,m,22,UKR,2
2022,disability.pension,employees,f,37,TWN,2
2022,disability.pension,employees,f,39,UKR,3
2022,disability.pension,employees,m,59,ALB,1
2022,disability.pension,employees,f,45,ALB,1
2022,disability.pension,employees,f,123,IDN,1
2022,disability.pension,employees,m,32,IRQ,2
2022,disability.pension,employees,f,40,NPL,8
2022,disability.pension,employees,f,67,ROU,10
2022,disability.pension,employees,f,78,CAN,1
2022,disability.pension,employees,m,73,BEL,1
2022,disability.pension,employees,f,77,FIN,1
2022,disability.pension,employees,m,47,LKA,3
2022,disability.pension,employees,m,52,LKA,3
2022,disability.pension,employees,m,40,LKA,8
2022,disability.pension,employees,m,82,UKR,1
2022,disability.pension,employees,m,54,NOR,8
2022,disability.pension,employees,m,52,GBR,2
2022,disability.pension,employees,f,29,ROU,4
2022,disability.pension,employees,m,59,CUB,1
2022,disability.pension,employees,m,63,TUR,8
2022,disability.pension,employees,m,31,LBN,2
2022,disability.pension,employees,m,62,TJK,2
2022,disability.pension,employees,f,54,TJK,2
2022,disability.pension,employees,f,18,KHM,1
2022,disability.pension,employees,f,61,PHL,1
2022,disability.pension,employees,m,43,NLD,4
2022,disability.pension,employees,m,32,AND,1
2022,disability.pension,employees,f,31,LVA,10
2022,disability.pension,employees,m,58,NGA,1
2022,disability.pension,employees,f,32,SVK,14
2022,disability.pension,employees,m,45,LKA,8
2022,disability.pension,employees,f,35,CHE,1
2022,disability.pension,employees,m,44,YEM,2
2022,disability.pension,employees,m,40,LBY,3
2022,disability.pension,employees,f,22,VEN,1
2022,disability.pension,employees,f,9,UKR,2
2022,disability.pension,employees,f,37,PER,2
2022,disability.pension,employees,m,58,CUB,1
2022,disability.pension,employees,m,38,LKA,7
2022,disability.pension,employees,f,30,TKM,8
2022,disability.pension,employees,m,49,LKA,1
2022,disability.pension,employees,m,55,LKA,1
2022,disability.pension,employees,m,53,PHL,2
2022,disability.pension,employees,f,75,GEO,1
2022,disability.pension,employees,f,68,ROU,6
2022,disability.pension,employees,f,46,RUS,3
2022,disability.pension,employees,f,68,GEO,4
2022,disability.pension,employees,m,20,SVK,2
2022,disability.pension,employees,m,44,ITA,2
2022,disability.pension,employees,m,54,LKA,2
2022,disability.pension,employees,f,38,PER,3
2022,disability.pension,employees,m,58,LKA,1
2022,disability.pension,employees,m,51,LKA,3
2022,disability.pension,employees,m,89,MDA,1
2022,disability.pension,employees,f,43,AUT,1
2022,disability.pension,employees,f,56,ITA,4
2022,disability.pension,employees,m,59,CHE,2
2022,disability.pension,employees,m,47,NOR,3
2022,disability.pension,employees,m,39,CAN,3
2022,disability.pension,employees,f,32,MYS,2
2022,disability.pension,employees,f,29,HUN,4
2022,disability.pension,employees,f,22,GBR,4
2022,disability.pension,employees,f,22,DNK,1
2022,disability.pension,employees,m,33,ZAF,2
2022,disability.pension,employees,m,51,USA,2
2022,disability.pension,employees,m,36,SAU,2
2022,disability.pension,employees,f,37,SWE,4
2022,disability.pension,employees,f,28,UKR,6
2022,disability.pension,employees,f,84,BLR,1
2022,disability.pension,employees,f,94,BLR,1
2022,disability.pension,employees,f,49,ITA,4
2022,disability.pension,employees,m,57,SVK,2
2022,disability.pension,employees,f,27,URY,1
2022,disability.pension,employees,f,31,MYS,2
2022,disability.pension,employees,m,51,ESP,4
2022,disability.pension,employees,m,70,AUT,2
2022,disability.pension,employees,f,85,ARM,1
2022,disability.pension,employees,m,38,IRN,6
2022,disability.pension,employees,f,39,JPN,3
2022,disability.pension,employees,m,21,HUN,6
2022,disability.pension,employees,m,35,ECU,2
2022,disability.pension,employees,f,33,LKA,2
2022,disability.pension,employees,m,41,ETH,2
2022,disability.pension,employees,m,35,AGO,2
2022,disability.pension,employees,m,26,SVK,4
2022,disability.pension,employees,m,58,USA,4
2022,disability.pension,employees,m,63,USA,2
2022,disability.pension,employees,f,31,GAB,1
2022,disability.pension,employees,f,56,GAB,1
2022,disability.pension,employees,m,65,CZE,5
2022,disability.pension,employees,m,34,TWN,2
2022,disability.pension,employees,f,34,EGY,3
2022,disability.pension,employees,m,27,TUR,3
2022,disability.pension,employees,f,44,IRN,3
2022,disability.pension,employees,f,34,GBR,2
2022,disability.pension,employees,m,26,KAZ,3
2022,disability.pension,employees,m,63,PRT,1
2022,disability.pension,employees,f,38,LVA,10
2022,disability.pension,employees,m,39,ROU,4
2022,disability.pension,employees,f,39,ROU,14
2022,disability.pension,employees,f,35,CZE,13
2022,disability.pension,employees,f,22,LVA,2
2022,disability.pension,employees,m,21,CZE,7
2022,disability.pension,employees,f,25,SVN,2
2022,disability.pension,employees,f,54,BRA,1
2022,disability.pension,employees,f,58,BRA,1
2022,disability.pension,employees,f,60,ITA,2
2022,disability.pension,employees,f,36,AUT,3
2022,disability.pension,employees,f,63,AUT,4
2022,disability.pension,employees,f,56,LTU,2
2022,disability.pension,employees,m,54,AUT,2
2022,disability.pension,employees,f,60,AUT,1
2022,disability.pension,employees,f,60,JPN,3
2022,disability.pension,employees,f,44,BEL,2
2022,disability.pension,employees,f,59,JPN,1
2022,disability.pension,employees,m,53,IRL,2
2022,disability.pension,employees,f,61,IRN,1
2022,disability.pension,employees,m,51,JPN,6
2022,disability.pension,employees,f,51,HUN,2
2022,disability.pension,employees,f,35,MKD,1
2022,disability.pension,employees,f,31,HUN,2
2022,disability.pension,employees,f,32,TWN,5
2022,disability.pension,employees,f,50,GRC,2
2022,disability.pension,employees,m,36,CHL,5
2022,disability.pension,employees,f,26,UZB,6
2022,disability.pension,employees,f,35,BIH,2
2022,disability.pension,employees,m,29,CZE,3
2022,disability.pension,employees,f,35,EST,2
2022,disability.pension,employees,f,35,SWE,4
2022,disability.pension,employees,f,55,SWE,2
2022,disability.pension,employees,f,37,ARG,3
2022,disability.pension,employees,m,30,SGP,1
2022,disability.pension,employees,f,28,IRN,2
2022,disability.pension,employees,f,30,ESP,14
2022,disability.pension,employees,m,36,CAN,6
2022,disability.pension,employees,f,31,NLD,5
2022,disability.pension,employees,f,22,KAZ,2
2022,disability.pension,employees,m,44,CHL,2
2022,disability.pension,employees,f,36,HRV,4
2022,disability.pension,employees,f,50,CAN,2
2022,disability.pension,employees,f,34,ISR,2
2022,disability.pension,employees,f,20,NOR,3
2022,disability.pension,employees,f,30,TWN,5
2022,disability.pension,employees,f,31,VEN,2
2022,disability.pension,employees,f,26,NLD,1
2022,disability.pension,employees,f,21,UZB,8
2022,disability.pension,employees,m,33,TWN,5
2022,disability.pension,employees,m,59,ISR,5
2022,disability.pension,employees,m,73,UKR,4
2022,disability.pension,employees,f,30,AUT,5
2022,disability.pension,employees,f,26,BEL,2
2022,disability.pension,employees,f,56,JPN,2
2022,disability.pension,employees,f,28,AUT,4
2022,disability.pension,employees,m,49,NZL,1
2022,disability.pension,employees,f,56,SVN,1
2022,disability.pension,employees,m,44,KAZ,2
2022,disability.pension,employees,m,45,KAZ,8
2022,disability.pension,employees,m,37,AUT,2
2022,disability.pension,employees,f,45,ISR,1
2022,disability.pension,employees,m,77,GBR,2
2022,disability.pension,employees,f,57,SVN,1
2022,disability.pension,employees,f,41,BOL,1
2022,disability.pension,employees,m,18,ARM,2
2022,disability.pension,employees,m,59,CZE,4
2022,disability.pension,employees,m,24,JPN,2
2022,disability.pension,employees,m,32,SVN,2
2022,disability.pension,employees,m,26,USA,4
2022,disability.pension,employees,f,69,GBR,1
2022,disability.pension,employees,f,67,GBR,1
2022,disability.pension,employees,f,48,BEL,2
2022,disability.pension,employees,m,54,GBR,10
2022,disability.pension,employees,f,68,GBR,2
2022,disability.pension,employees,f,57,GBR,2
2022,disability.pension,employees,f,28,GBR,7
2022,disability.pension,employees,f,30,GRC,2
2022,disability.pension,employees,f,26,IRL,3
2022,disability.pension,employees,f,44,IRL,2
2022,disability.pension,employees,f,27,IRL,1
2022,disability.pension,employees,m,44,CHL,4
2022,disability.pension,employees,m,39,TWN,4
2022,disability.pension,employees,f,38,SAU,1
2022,disability.pension,employees,m,30,SDN,2
2022,disability.pension,employees,f,29,PAK,7
2022,disability.pension,employees,m,35,LBN,2
2022,disability.pension,employees,m,81,AUT,1
2022,disability.pension,employees,m,35,HUN,2
2022,disability.pension,employees,m,55,JPN,5
2022,disability.pension,employees,f,35,TUN,2
2022,disability.pension,employees,f,42,IRN,3
2022,disability.pension,employees,m,29,NLD,2
2022,disability.pension,employees,m,30,AZE,8
2022,disability.pension,employees,m,40,MKD,5
2022,disability.pension,employees,m,39,ARG,16
2022,disability.pension,employees,m,43,CYP,2
2022,disability.pension,employees,m,37,CYP,2
2022,disability.pension,employees,m,38,DOM,1
2022,disability.pension,employees,f,36,JOR,1
2022,disability.pension,employees,m,32,MOZ,1
2022,disability.pension,employees,m,33,BDI,1
2022,disability.pension,employees,f,35,JOR,1
2022,disability.pension,employees,f,49,LVA,5
2022,disability.pension,employees,f,34,JOR,1
2022,disability.pension,employees,m,34,BOL,3
2022,disability.pension,employees,f,29,EGY,5
2022,disability.pension,employees,m,31,CRI,9
2022,disability.pension,employees,f,32,JOR,1
2022,disability.pension,employees,f,31,JOR,4
2022,disability.pension,employees,f,33,HND,1
2022,disability.pension,employees,m,27,MUS,2
2022,disability.pension,employees,m,34,CRI,7
2022,disability.pension,employees,m,27,NGA,4
2022,disability.pension,employees,f,28,JOR,3
2022,disability.pension,employees,m,37,DOM,2
2022,disability.pension,employees,m,32,LKA,4
2022,disability.pension,employees,m,30,SLV,1
2022,disability.pension,employees,m,39,CYP,2
2022,disability.pension,employees,f,29,JOR,4
2022,disability.pension,employees,m,30,MUS,1
2022,disability.pension,employees,m,36,MUS,6
2022,disability.pension,employees,m,36,SLV,1
2022,disability.pension,employees,m,31,SLV,1
2022,disability.pension,employees,f,32,SLV,1
2022,disability.pension,employees,m,26,CYP,2
2022,disability.pension,employees,f,30,JOR,4
2022,disability.pension,employees,f,31,PRT,9
2022,disability.pension,employees,m,33,SLV,1
2022,disability.pension,employees,f,24,GRC,11
2022,disability.pension,employees,f,23,NLD,5
2022,disability.pension,employees,m,43,BOL,1
2022,disability.pension,employees,m,52,JPN,2
2022,disability.pension,employees,f,48,IRN,2
2022,disability.pension,employees,f,31,LBN,3
2022,disability.pension,employees,m,17,AZE,2
2022,disability.pension,employees,m,16,AZE,7
2022,disability.pension,employees,m,16,TUR,1
2022,disability.pension,employees,m,17,GEO,16
2022,disability.pension,employees,m,15,AZE,14
2022,disability.pension,employees,f,15,AZE,1
2022,disability.pension,employees,m,32,UKR,5
2022,disability.pension,employees,m,69,FIN,1
2022,disability.pension,employees,m,33,ESP,10
2022,disability.pension,employees,f,30,MNG,1
2022,disability.pension,employees,f,35,ROU,8
2022,disability.pension,employees,f,33,LVA,11
2022,disability.pension,employees,f,26,AUT,5
2022,disability.pension,employees,f,37,THA,4
2022,disability.pension,employees,f,39,AZE,5
2022,disability.pension,employees,m,32,ESP,6
2022,disability.pension,employees,m,41,ROU,8
2022,disability.pension,employees,f,32,ECU,2
2022,disability.pension,employees,f,24,AUT,2
2022,disability.pension,employees,f,48,AFG,4
2022,disability.pension,employees,m,68,KAZ,1
2022,disability.pension,employees,m,40,CHL,5
2022,disability.pension,employees,f,42,NGA,1
2022,disability.pension,employees,m,33,CPV,1
2022,disability.pension,employees,f,37,VEN,2
2022,disability.pension,employees,m,50,UKR,28
2022,disability.pension,employees,m,25,ARM,4
2022,disability.pension,employees,m,52,UKR,8
2022,disability.pension,employees,m,63,UKR,4
2022,disability.pension,employees,f,47,BLR,6
2022,disability.pension,employees,m,72,DNK,2
2022,disability.pension,employees,f,33,BGR,2
2022,disability.pension,employees,m,53,JOR,2
2022,disability.pension,employees,m,45,AFG,3
2022,disability.pension,employees,f,43,ITA,5
2022,disability.pension,employees,f,58,ESP,1
2022,disability.pension,employees,f,36,CMR,2
2022,disability.pension,employees,m,36,ECU,2
2022,disability.pension,employees,m,35,BEL,2
2022,disability.pension,employees,m,32,KOR,18
2022,disability.pension,employees,f,52,SYR,1
2022,disability.pension,employees,f,26,TJK,2
2022,disability.pension,employees,m,36,SUR,2
2022,disability.pension,employees,m,25,MYS,3
2022,disability.pension,employees,m,29,CHE,2
2022,disability.pension,employees,m,24,ISR,3
2022,disability.pension,employees,m,24,SVK,21
2022,disability.pension,employees,f,41,HUN,5
2022,disability.pension,employees,m,32,GRC,4
2022,disability.pension,employees,m,36,IRL,2
2022,disability.pension,employees,f,38,MYS,2
2022,disability.pension,employees,f,23,LAO,1
2022,disability.pension,employees,f,23,ZMB,4
2022,disability.pension,employees,f,26,ZMB,3
2022,disability.pension,employees,f,37,ETH,3
2022,disability.pension,employees,f,33,PAK,6
2022,disability.pension,employees,f,30,CMR,6
2022,disability.pension,employees,f,34,ETH,2
2022,disability.pension,employees,f,26,AZE,2
2022,disability.pension,employees,f,52,FRA,5
2022,disability.pension,employees,m,25,GIN,1
2022,disability.pension,employees,f,44,CAN,1
2022,disability.pension,employees,f,73,AUS,1
2022,disability.pension,employees,f,34,IND,12
2022,disability.pension,employees,f,30,LKA,2
2022,disability.pension,employees,m,44,LKA,2
2022,disability.pension,employees,f,44,IND,2
2022,disability.pension,employees,m,43,SLV,1
2022,disability.pension,employees,f,45,ITA,9
2022,disability.pension,employees,m,45,URY,1
2022,disability.pension,employees,f,39,URY,1
2022,disability.pension,employees,m,38,URY,2
2022,disability.pension,employees,f,42,GRC,4
2022,disability.pension,employees,f,34,GRC,4
2022,disability.pension,employees,f,31,URY,2
2022,disability.pension,employees,m,30,URY,2
2022,disability.pension,employees,m,48,ZAF,3
2022,disability.pension,employees,f,22,URY,1
2022,disability.pension,employees,m,23,URY,1
2022,disability.pension,employees,m,70,USA,7
2022,disability.pension,employees,f,34,ZAF,3
2022,disability.pension,employees,f,47,TUR,2
2022,disability.pension,employees,f,33,LBN,2
2022,disability.pension,employees,f,42,SWE,4
2022,disability.pension,employees,m,38,DOM,2
2022,disability.pension,employees,f,33,DNK,2
2022,disability.pension,employees,f,43,MUS,1
2022,disability.pension,employees,f,26,KAZ,8
2022,disability.pension,employees,m,29,GIN,2
2022,disability.pension,employees,m,28,SUR,1
2022,disability.pension,employees,f,23,TJK,8
2022,disability.pension,employees,f,27,NLD,3
2022,disability.pension,employees,f,31,GHA,2
2022,disability.pension,employees,m,28,AGO,3
2022,disability.pension,employees,m,23,RWA,4
2022,disability.pension,employees,f,27,AZE,4
2022,disability.pension,employees,m,25,MMR,1
2022,disability.pension,employees,f,29,DZA,4
2022,disability.pension,employees,f,30,NLD,6
2022,disability.pension,employees,f,21,MOZ,7
2022,disability.pension,employees,m,16,ROU,1
2022,disability.pension,employees,m,17,COL,1
2022,disability.pension,employees,m,17,DEU,1
2022,disability.pension,employees,f,40,CHL,2
2022,disability.pension,employees,m,33,SVK,3
2022,disability.pension,employees,f,30,GBR,6
2022,disability.pension,employees,m,70,UKR,3
2022,disability.pension,employees,m,62,UKR,5
2022,disability.pension,employees,f,27,ZWE,4
2022,disability.pension,employees,f,35,DEU,4
2022,disability.pension,employees,f,27,AUT,2
2022,disability.pension,employees,m,50,RUS,3
2022,disability.pension,employees,f,57,HRV,2
2022,disability.pension,employees,m,50,LUX,1
2022,disability.pension,employees,m,56,LUX,1
2022,disability.pension,employees,f,33,VEN,3
2022,disability.pension,employees,m,34,CHL,7
2022,disability.pension,employees,f,25,ALB,3
2022,disability.pension,employees,f,32,AUT,3
2022,disability.pension,employees,m,37,ISR,2
2022,disability.pension,employees,m,26,HRV,2
2022,disability.pension,employees,m,11,AZE,1
2022,disability.pension,employees,m,7,AZE,1
2022,disability.pension,employees,f,8,UKR,1
2022,disability.pension,employees,f,36,PRT,7
2022,disability.pension,employees,m,30,SEN,2
2022,disability.pension,employees,f,31,CRI,6
2022,disability.pension,employees,f,38,PRT,10
2022,disability.pension,employees,m,29,PRT,4
2022,disability.pension,employees,m,25,KOR,5
2022,disability.pension,employees,m,25,PAN,1
2022,disability.pension,employees,m,34,MYS,3
2022,disability.pension,employees,f,55,BLR,3
2022,disability.pension,employees,m,37,TJK,6
2022,disability.pension,employees,m,81,CUB,1
2022,disability.pension,employees,f,30,LBN,1
2022,disability.pension,employees,f,34,IRQ,4
2022,disability.pension,employees,m,29,MKD,4
2022,disability.pension,employees,f,35,EGY,4
2022,disability.pension,employees,m,51,MEX,3
2022,disability.pension,employees,f,31,EGY,8
2022,disability.pension,employees,m,26,BEN,2
2022,disability.pension,employees,m,39,JPN,4
2022,disability.pension,employees,m,34,JPN,2
2022,disability.pension,employees,f,49,DNK,2
2022,disability.pension,employees,m,51,BIH,1
2022,disability.pension,employees,m,47,ZAF,4
2022,disability.pension,employees,f,42,EGY,3
2022,disability.pension,employees,m,31,MYS,5
2022,disability.pension,employees,m,33,ESP,2
2022,disability.pension,employees,m,38,ECU,2
2022,disability.pension,employees,f,37,TUR,26
2022,disability.pension,employees,f,45,IRN,3
2022,disability.pension,employees,m,32,NER,5
2022,disability.pension,employees,f,31,ISR,1
2022,disability.pension,employees,f,31,DZA,2
2022,disability.pension,employees,f,48,FRA,6
2022,disability.pension,employees,m,35,SLV,2
2022,disability.pension,employees,m,27,GRC,2
2022,disability.pension,employees,m,45,GBR,3
2022,disability.pension,employees,f,57,GBR,2
2022,disability.pension,employees,f,45,NLD,1
2022,disability.pension,employees,f,56,KAZ,2
2022,disability.pension,employees,f,34,CPV,1
2022,disability.pension,employees,m,30,JOR,3
2022,disability.pension,employees,f,44,ALB,4
2022,disability.pension,employees,f,42,SVN,2
2022,disability.pension,employees,f,37,PAK,3
2022,disability.pension,employees,m,32,ARG,2
2022,disability.pension,employees,m,50,ZAF,1
2022,disability.pension,employees,f,34,ARG,7
2022,disability.pension,employees,f,35,PAK,2
2022,disability.pension,employees,f,39,ALB,3
2022,disability.pension,employees,f,48,ZAF,1
2022,disability.pension,employees,f,32,SGP,1
2022,disability.pension,employees,f,38,ARG,6
2022,disability.pension,employees,f,41,ALB,2
2022,disability.pension,employees,f,39,ARG,3
2022,disability.pension,employees,f,31,PAK,6
2022,disability.pension,employees,f,29,ALB,5
2022,disability.pension,employees,f,28,GRC,4
2022,disability.pension,employees,f,46,CAN,3
2022,disability.pension,employees,m,70,CHE,2
2022,disability.pension,employees,f,38,GTM,3
2022,disability.pension,employees,f,48,IRL,1
2022,disability.pension,employees,f,49,NLD,1
2022,disability.pension,employees,m,29,CIV,2
2022,disability.pension,employees,f,44,TUN,1
2022,disability.pension,employees,f,25,ECU,2
2022,disability.pension,employees,f,46,BIH,1
2022,disability.pension,employees,f,34,HUN,10
2022,disability.pension,employees,f,33,PRT,5
2022,disability.pension,employees,f,36,BRA,20
2022,disability.pension,employees,m,22,MRT,2
2022,disability.pension,employees,f,54,AFG,2
2022,disability.pension,employees,f,41,MDG,3
2022,disability.pension,employees,m,40,UKR,5
2022,disability.pension,employees,m,61,JPN,4
2022,disability.pension,employees,m,49,JPN,2
2022,disability.pension,employees,f,59,UKR,2
2022,disability.pension,employees,m,22,TZA,1
2022,disability.pension,employees,m,28,TZA,6
2022,disability.pension,employees,m,31,TZA,3
2022,disability.pension,employees,m,23,TZA,6
2022,disability.pension,employees,f,55,BLR,4
2022,disability.pension,employees,m,19,UKR,4
2022,disability.pension,employees,m,20,CZE,2
2022,disability.pension,employees,f,33,SVN,4
2022,disability.pension,employees,m,40,FIN,4
2022,disability.pension,employees,m,42,NLD,2
2022,disability.pension,employees,m,29,CZE,4
2022,disability.pension,employees,m,36,VEN,6
2022,disability.pension,employees,f,45,ITA,2
2022,disability.pension,employees,f,30,PRT,12
2022,disability.pension,employees,f,32,AGO,2
2022,disability.pension,employees,m,36,MLI,1
2022,disability.pension,employees,m,48,CHL,2
2022,disability.pension,employees,m,46,BRA,2
2022,disability.pension,employees,f,43,NLD,1
2022,disability.pension,employees,f,43,VEN,2
2022,disability.pension,employees,m,40,CIV,1
2022,disability.pension,employees,m,31,COG,6
2022,disability.pension,employees,m,46,BRA,5
2022,disability.pension,employees,m,30,VEN,4
2022,disability.pension,employees,f,57,ITA,4
2022,disability.pension,employees,m,30,AGO,7
2022,disability.pension,employees,f,35,MEX,10
2022,disability.pension,employees,m,34,NLD,2
2022,disability.pension,employees,f,39,ECU,1
2022,disability.pension,employees,f,37,CMR,2
2022,disability.pension,employees,m,29,AGO,4
2022,disability.pension,employees,m,32,CYP,1
2022,disability.pension,employees,f,41,ECU,1
2022,disability.pension,employees,f,28,SEN,2
2022,disability.pension,employees,f,40,TWN,1
2022,disability.pension,employees,f,24,SWE,1
2022,disability.pension,employees,m,31,SVN,5
2022,disability.pension,employees,m,25,PER,2
2022,disability.pension,employees,m,29,COG,14
2022,disability.pension,employees,f,51,ESP,4
2022,disability.pension,employees,m,30,COG,2
2022,disability.pension,employees,m,26,DOM,2
2022,disability.pension,employees,f,31,COG,2
2022,disability.pension,employees,m,32,COG,2
2022,disability.pension,employees,f,47,BRA,3
2022,disability.pension,employees,f,31,DOM,2
2022,disability.pension,employees,m,23,CIV,1
2022,disability.pension,employees,f,35,TUN,3
2022,disability.pension,employees,m,23,ZWE,3
2022,disability.pension,employees,m,24,RWA,6
2022,disability.pension,employees,f,21,ZWE,6
2022,disability.pension,employees,m,32,ECU,4
2022,disability.pension,employees,f,34,TUN,6
2022,disability.pension,employees,m,31,RWA,5
2022,disability.pension,employees,f,38,DZA,2
2022,disability.pension,employees,f,24,DZA,6
2022,disability.pension,employees,f,27,DZA,3
2022,disability.pension,employees,f,29,AGO,4
2022,disability.pension,employees,m,20,CAF,1
2022,disability.pension,employees,f,28,PRT,8
2022,disability.pension,employees,m,24,ECU,1
2022,disability.pension,employees,f,25,DZA,5
2022,disability.pension,employees,m,23,SVN,2
2022,disability.pension,employees,f,20,CMR,2
2022,disability.pension,employees,f,26,KGZ,13
2022,disability.pension,employees,m,32,NIC,3
2022,disability.pension,employees,m,20,HUN,6
2022,disability.pension,employees,f,23,ESP,2
2022,disability.pension,employees,m,19,DEU,3
2022,disability.pension,employees,m,71,SWE,4
2022,disability.pension,employees,m,44,LBY,1
2022,disability.pension,employees,f,36,ISR,2
2022,disability.pension,employees,m,85,ISR,1
2022,disability.pension,employees,m,50,AUS,2
2022,disability.pension,employees,m,43,ECU,1
2022,disability.pension,employees,f,36,CAN,2
2022,disability.pension,employees,m,55,BRA,2
2022,disability.pension,employees,m,50,IDN,4
2022,disability.pension,employees,f,33,SWE,6
2022,disability.pension,employees,m,52,BOL,2
2022,disability.pension,employees,f,37,EGY,2
2022,disability.pension,employees,m,33,GHA,2
2022,disability.pension,employees,m,28,GRC,2
2022,disability.pension,employees,f,37,GRC,9
2022,disability.pension,employees,f,36,ARG,5
2022,disability.pension,employees,f,29,CHE,1
2022,disability.pension,employees,f,39,PRT,4
2022,disability.pension,employees,f,24,BRA,6
2022,disability.pension,employees,m,25,CHE,3
2022,disability.pension,employees,f,33,JOR,2
2022,disability.pension,employees,m,39,CHE,2
2022,disability.pension,employees,f,41,ARG,2
2022,disability.pension,employees,f,32,CAN,1
2022,disability.pension,employees,m,38,SYR,2
2022,disability.pension,employees,m,39,MLT,1
2022,disability.pension,employees,m,39,PER,5
2022,disability.pension,employees,m,49,HRV,2
2022,disability.pension,employees,m,32,GIN,2
2022,disability.pension,employees,f,59,IND,1
2022,disability.pension,employees,f,35,GAB,1
2022,disability.pension,employees,f,39,ZAF,5
2022,disability.pension,employees,f,30,GRC,6
2022,disability.pension,employees,m,36,MYS,2
2022,disability.pension,employees,f,22,UKR,4
2022,disability.pension,employees,f,30,GIN,2
2022,disability.pension,employees,m,30,MDG,2
2022,disability.pension,employees,f,33,UGA,4
2022,disability.pension,employees,m,32,GMB,1
2022,disability.pension,employees,f,45,TUR,5
2022,disability.pension,employees,m,35,TGO,2
2022,disability.pension,employees,f,23,ALB,2
2022,disability.pension,employees,f,31,TUN,7
2022,disability.pension,employees,m,35,GBR,2
2022,disability.pension,employees,f,35,LKA,1
2022,disability.pension,employees,m,35,LKA,3
2022,disability.pension,employees,f,50,ZWE,1
2022,disability.pension,employees,m,42,COG,2
2022,disability.pension,employees,f,30,MUS,2
2022,disability.pension,employees,f,40,LKA,2
2022,disability.pension,employees,f,22,FRA,6
2022,disability.pension,employees,f,24,EGY,6
2022,disability.pension,employees,m,34,CAN,2
2022,disability.pension,employees,m,38,NOR,4
2022,disability.pension,employees,m,34,GIN,2
2022,disability.pension,employees,m,63,ZAF,2
2022,disability.pension,employees,m,67,HUN,2
2022,disability.pension,employees,m,42,SVN,2
2022,disability.pension,employees,m,23,CRI,2
2022,disability.pension,employees,m,36,CRI,4
2022,disability.pension,employees,m,26,CRI,6
2022,disability.pension,employees,m,24,CRI,2
2022,disability.pension,employees,f,44,CRI,1
2022,disability.pension,employees,m,28,CRI,8
2022,disability.pension,employees,m,27,CRI,4
2022,disability.pension,employees,f,27,CRI,3
2022,disability.pension,employees,f,25,CRI,1
2022,disability.pension,employees,f,24,CRI,2
2022,disability.pension,employees,m,48,CRI,1
2022,disability.pension,employees,f,36,CRI,1
2022,disability.pension,employees,m,39,USA,2
2022,disability.pension,employees,f,22,GRC,5
2022,disability.pension,employees,m,38,PRT,2
2022,disability.pension,employees,m,35,ZAF,2
2022,disability.pension,employees,f,22,ETH,4
2022,disability.pension,employees,m,25,ZMB,3
2022,disability.pension,employees,m,59,CAN,3
2022,disability.pension,employees,m,44,CRI,2
2022,disability.pension,employees,m,54,AUS,1
2022,disability.pension,employees,m,30,ECU,1
2022,disability.pension,employees,m,37,MLI,1
2022,disability.pension,employees,f,22,BGD,1
2022,disability.pension,employees,m,23,ZWE,4
2022,disability.pension,employees,m,25,ITA,2
2022,disability.pension,employees,f,29,GHA,2
2022,disability.pension,employees,m,31,ECU,5
2022,disability.pension,employees,m,27,ECU,2
2022,disability.pension,employees,m,26,MRT,1
2022,disability.pension,employees,m,22,ZMB,1
2022,disability.pension,employees,m,26,SAU,2
2022,disability.pension,employees,f,26,SAU,1
2022,disability.pension,employees,f,39,NGA,1
2022,disability.pension,employees,m,33,CRI,5
2022,disability.pension,employees,f,45,CHL,1
2022,disability.pension,employees,m,27,MKD,2
2022,disability.pension,employees,m,29,VEN,5
2022,disability.pension,employees,m,31,PER,4
2022,disability.pension,employees,f,55,ISR,1
2022,disability.pension,employees,m,38,UKR,2
2022,disability.pension,employees,m,40,PER,5
2022,disability.pension,employees,f,44,UKR,4
2022,disability.pension,employees,f,28,EGY,6
2022,disability.pension,employees,m,46,PER,1
2022,disability.pension,employees,f,36,EGY,2
2022,disability.pension,employees,m,41,NZL,3
2022,disability.pension,employees,m,59,IRN,1
2022,disability.pension,employees,f,41,CRI,3
2022,disability.pension,employees,m,53,VEN,1
2022,disability.pension,employees,m,33,USA,2
2022,disability.pension,employees,f,39,NLD,5
2022,disability.pension,employees,f,22,SLV,1
2022,disability.pension,employees,f,57,ESP,2
2022,disability.pension,employees,m,40,IRN,2
2022,disability.pension,employees,m,44,PSE,1
2022,disability.pension,employees,f,35,IND,4
2022,disability.pension,employees,f,19,DEU,4
2022,disability.pension,employees,m,51,ZAF,5
2022,disability.pension,employees,f,31,TKM,6
2022,disability.pension,employees,f,52,IRL,1
2022,disability.pension,employees,f,43,EST,2
2022,disability.pension,employees,f,35,GRC,3
2022,disability.pension,employees,m,30,ESP,8
2022,disability.pension,employees,f,26,TUN,2
2022,disability.pension,employees,f,32,LBN,2
2022,disability.pension,employees,f,45,ZAF,4
2022,disability.pension,employees,f,35,BDI,1
2022,disability.pension,employees,f,23,BIH,2
2022,disability.pension,employees,m,43,ARG,7
2022,disability.pension,employees,f,42,ARG,3
2022,disability.pension,employees,f,25,CMR,2
2022,disability.pension,employees,f,27,BIH,1
2022,disability.pension,employees,f,47,CUB,1
2022,disability.pension,employees,m,34,HRV,9
2022,disability.pension,employees,f,47,USA,1
2022,disability.pension,employees,m,33,HTI,1
2022,disability.pension,employees,m,30,ITA,6
2022,disability.pension,employees,f,45,BRA,2
2022,disability.pension,employees,f,27,CHL,1
2022,disability.pension,employees,f,30,BIH,1
2022,disability.pension,employees,f,35,MEX,2
2022,disability.pension,employees,m,45,HUN,4
2022,disability.pension,employees,f,30,AZE,2
2022,disability.pension,employees,m,41,CZE,4
2022,disability.pension,employees,f,44,ITA,2
2022,disability.pension,employees,m,24,BGR,2
2022,disability.pension,employees,f,25,GRC,2
2022,disability.pension,employees,f,26,TJK,5
2022,disability.pension,employees,f,32,ZAF,3
2022,disability.pension,employees,m,23,BEL,3
2022,disability.pension,employees,f,21,ALB,1
2022,disability.pension,employees,m,30,GMB,2
2022,disability.pension,employees,f,26,MAR,11
2022,disability.pension,employees,f,40,BEL,2
2022,disability.pension,employees,f,27,IRN,4
2022,disability.pension,employees,f,26,CRI,2
2022,disability.pension,employees,m,60,LUX,1
2022,disability.pension,employees,m,45,ISR,5
2022,disability.pension,employees,m,36,AGO,3
2022,disability.pension,employees,f,37,RUS,4
2022,disability.pension,employees,f,48,ITA,8
2022,disability.pension,employees,m,27,MYS,4
2022,disability.pension,employees,m,42,LUX,1
2022,disability.pension,employees,m,40,HUN,2
2022,disability.pension,employees,m,28,SDN,1
2022,disability.pension,employees,f,24,TJK,10
2022,disability.pension,employees,f,26,MOZ,3
2022,disability.pension,employees,m,23,LKA,3
2022,disability.pension,employees,f,25,AZE,2
2022,disability.pension,employees,m,30,ZMB,2
2022,disability.pension,employees,m,26,KOR,10
2022,disability.pension,employees,m,22,PAK,7
2022,disability.pension,employees,m,28,GHA,11
2022,disability.pension,employees,m,21,AZE,2
2022,disability.pension,employees,f,30,ETH,5
2022,disability.pension,employees,f,22,UZB,2
2022,disability.pension,employees,f,23,TZA,3
2022,disability.pension,employees,m,25,IRL,2
2022,disability.pension,employees,f,31,BIH,1
2022,disability.pension,employees,m,62,JPN,4
2022,disability.pension,employees,f,59,VEN,1
2022,disability.pension,employees,m,74,ITA,3
2022,disability.pension,employees,m,44,AUS,5
2022,disability.pension,employees,f,47,ZMB,1
2022,disability.pension,employees,m,20,ITA,6
2022,disability.pension,employees,m,36,EGY,8
2022,disability.pension,employees,m,39,PSE,1
2022,disability.pension,employees,f,39,TUR,13
2022,disability.pension,employees,m,31,SAU,2
2022,disability.pension,employees,m,28,ECU,2
2022,disability.pension,employees,f,29,SVK,6
2022,disability.pension,employees,m,20,SVK,3
2022,disability.pension,employees,m,20,JOR,2
2022,disability.pension,employees,f,38,LBN,1
2022,disability.pension,employees,f,26,SVK,10
2022,disability.pension,employees,m,31,DNK,6
2022,disability.pension,employees,m,38,NER,2
2022,disability.pension,employees,f,50,GBR,5
2022,disability.pension,employees,m,19,LVA,3
2022,disability.pension,employees,m,55,SVN,2
2022,disability.pension,employees,m,66,SEN,1
2022,disability.pension,employees,m,57,BIH,3
2022,disability.pension,employees,f,36,ROU,10
2022,disability.pension,employees,f,41,PRT,5
2022,disability.pension,employees,m,38,JOR,5
2022,disability.pension,employees,m,27,IRQ,4
2022,disability.pension,employees,m,31,SOM,1
2022,disability.pension,employees,m,28,YEM,2
2022,disability.pension,employees,m,28,ISR,2
2022,disability.pension,employees,f,23,UKR,4
2022,disability.pension,employees,f,25,KGZ,2
2022,disability.pension,employees,f,24,PER,8
2022,disability.pension,employees,m,33,SDN,1
2022,disability.pension,employees,m,26,MYS,2
2022,disability.pension,employees,m,45,AFG,2
2022,disability.pension,employees,m,23,EGY,4
2022,disability.pension,employees,f,30,PER,2
2022,disability.pension,employees,f,38,SWE,2
2022,disability.pension,employees,m,22,GBR,1
2022,disability.pension,employees,f,29,ECU,6
2022,disability.pension,employees,f,73,GBR,1
2022,disability.pension,employees,f,60,CAN,2
2022,disability.pension,employees,f,34,HRV,3
2022,disability.pension,employees,m,40,FRA,4
2022,disability.pension,employees,f,25,HRV,3
2022,disability.pension,employees,f,28,SVK,2
2022,disability.pension,employees,f,19,SVK,3
2022,disability.pension,employees,f,21,HUN,2
2022,disability.pension,employees,m,22,HRV,4
2022,disability.pension,employees,f,38,GRC,5
2022,disability.pension,employees,m,47,ISR,3
2022,disability.pension,employees,f,5,BLR,1
2022,disability.pension,employees,f,16,THA,1
2022,disability.pension,employees,f,17,VNM,1
2022,disability.pension,employees,m,62,PRT,3
2022,disability.pension,employees,f,42,FIN,3
2022,disability.pension,employees,f,23,NGA,2
2022,disability.pension,employees,m,25,ETH,4
2022,disability.pension,employees,f,30,IND,4
2022,disability.pension,employees,f,28,LVA,2
2022,disability.pension,employees,f,33,HRV,2
2022,disability.pension,employees,m,31,ZMB,3
2022,disability.pension,employees,f,26,ZAF,2
2022,disability.pension,employees,f,27,PRY,1
2022,disability.pension,employees,f,21,EGY,4
2022,disability.pension,employees,m,37,SDN,2
2022,disability.pension,employees,m,26,GIN,2
2022,disability.pension,employees,f,28,GHA,4
2022,disability.pension,employees,m,34,AZE,4
2022,disability.pension,employees,m,42,ETH,1
2022,disability.pension,employees,m,21,BDI,1
2022,disability.pension,employees,m,36,BLR,4
2022,disability.pension,employees,m,58,UKR,12
2022,disability.pension,employees,m,56,GEO,4
2022,disability.pension,employees,m,35,MDA,4
2022,disability.pension,employees,m,49,GEO,4
2022,disability.pension,employees,m,53,UKR,8
2022,disability.pension,employees,f,32,BLR,4
2022,disability.pension,employees,f,60,UKR,12
2022,disability.pension,employees,m,62,UKR,4
2022,disability.pension,employees,m,34,BLR,4
2022,disability.pension,employees,f,34,BLR,4
2022,disability.pension,employees,f,58,BLR,4
2022,disability.pension,employees,f,28,BLR,5
2022,disability.pension,employees,m,43,GEO,12
2022,disability.pension,employees,m,30,GEO,8
2022,disability.pension,employees,m,56,RUS,4
2022,disability.pension,employees,f,19,UKR,12
2022,disability.pension,employees,f,60,ARM,4
2022,disability.pension,employees,f,57,UKR,8
2022,disability.pension,employees,m,58,KAZ,2
2022,disability.pension,employees,f,55,KAZ,2
2022,disability.pension,employees,f,64,UKR,8
2022,disability.pension,employees,m,36,TKM,4
2022,disability.pension,employees,f,27,AZE,4
2022,disability.pension,employees,m,22,KAZ,2
2022,disability.pension,employees,m,24,KAZ,3
2022,disability.pension,employees,m,27,KAZ,3
2022,disability.pension,employees,m,25,TKM,3
2022,disability.pension,employees,f,28,TKM,4
2022,disability.pension,employees,m,28,TKM,3
2022,disability.pension,employees,m,60,AZE,3
2022,disability.pension,employees,m,50,USA,2
2022,disability.pension,employees,f,40,TKM,4
2022,disability.pension,employees,f,63,FRA,4
2022,disability.pension,employees,m,33,CHL,6
2022,disability.pension,employees,f,34,MUS,1
2022,disability.pension,employees,m,61,UKR,2
2022,disability.pension,employees,m,73,IRQ,1
2022,disability.pension,employees,m,51,EST,2
2022,disability.pension,employees,m,38,PAN,1
2022,disability.pension,employees,f,34,AGO,2
2022,disability.pension,employees,m,17,UKR,3
2022,disability.pension,employees,m,72,GEO,1
2022,disability.pension,employees,f,49,VEN,1
2022,disability.pension,employees,f,45,TUN,1
2022,disability.pension,employees,f,24,PSE,3
2022,disability.pension,employees,f,29,AGO,2
2022,disability.pension,employees,m,33,BGD,4
2022,disability.pension,employees,m,24,BGD,2
2022,disability.pension,employees,f,27,CAN,3
2022,disability.pension,employees,f,37,FRA,7
2022,disability.pension,employees,m,31,SLE,1
2022,disability.pension,employees,f,41,UKR,2
2022,disability.pension,employees,m,24,GHA,4
2022,disability.pension,employees,m,63,GEO,4
2022,disability.pension,employees,m,26,TJK,3
2022,disability.pension,employees,m,33,GTM,1
2022,disability.pension,employees,f,23,DEU,8
2022,disability.pension,employees,m,55,UZB,5
2022,disability.pension,employees,m,68,TUR,2
2022,disability.pension,employees,m,34,UKR,3
2022,disability.pension,employees,f,59,KOR,2
2022,disability.pension,employees,m,26,PSE,3
2022,disability.pension,employees,m,31,UZB,2
2022,disability.pension,employees,m,55,MEX,1
2022,disability.pension,employees,m,31,SYR,2
2022,disability.pension,employees,m,53,CHL,1
2022,disability.pension,employees,f,24,RUS,8
2022,disability.pension,employees,m,39,NOR,1
2022,disability.pension,employees,m,28,CPV,1
2022,disability.pension,employees,f,35,COL,2
2022,disability.pension,employees,m,30,EST,2
2022,disability.pension,employees,f,22,RWA,6
2022,disability.pension,employees,f,26,ARG,2
2022,disability.pension,employees,m,20,RWA,3
2022,disability.pension,employees,m,21,ESP,2
2022,disability.pension,employees,m,24,EST,2
2022,disability.pension,employees,m,27,ECU,5
2022,disability.pension,employees,m,25,PER,5
2022,disability.pension,employees,m,30,GIN,2
2022,disability.pension,employees,f,30,EST,6
2022,disability.pension,employees,m,21,EST,2
2022,disability.pension,employees,f,22,BRA,2
2022,disability.pension,employees,m,25,NOR,6
2022,disability.pension,employees,m,41,ECU,2
2022,disability.pension,employees,f,19,HUN,1
2022,disability.pension,employees,f,22,NLD,1
2022,disability.pension,employees,f,26,DOM,1
2022,disability.pension,employees,f,19,FIN,2
2022,disability.pension,employees,m,28,BDI,1
2022,disability.pension,employees,m,39,RWA,6
2022,disability.pension,employees,f,39,RWA,2
2022,disability.pension,employees,m,52,UGA,1
2022,disability.pension,employees,m,44,NER,2
2022,disability.pension,employees,m,37,RWA,4
2022,disability.pension,employees,m,47,ZWE,4
2022,disability.pension,employees,f,53,UGA,1
2022,disability.pension,employees,m,29,UKR,6
2022,disability.pension,employees,f,28,UKR,4
2022,disability.pension,employees,m,36,UKR,2
2022,disability.pension,employees,m,30,RUS,3
2022,disability.pension,employees,m,57,HRV,2
2022,disability.pension,employees,m,30,LBN,2
2022,disability.pension,employees,m,62,LBN,1
2022,disability.pension,employees,m,41,BIH,1
2022,disability.pension,employees,f,28,LBN,8
2022,disability.pension,employees,f,23,MEX,4
2022,disability.pension,employees,f,39,ETH,1
2022,disability.pension,employees,m,68,ISR,1
2022,disability.pension,employees,f,61,KAZ,2
2022,disability.pension,employees,m,51,UKR,3
2022,disability.pension,employees,m,38,LBY,1
2022,disability.pension,employees,m,29,CHL,2
2022,disability.pension,employees,m,52,ARG,1
2022,disability.pension,employees,m,46,UKR,2
2022,disability.pension,employees,m,34,LBN,5
2022,disability.pension,employees,f,73,IRL,1
2022,disability.pension,employees,m,44,UKR,10
2022,disability.pension,employees,f,46,LKA,1
2022,disability.pension,employees,m,25,ECU,2
2022,disability.pension,employees,m,34,UKR,2
2022,disability.pension,employees,m,61,IND,3
2022,disability.pension,employees,m,25,NZL,1
2022,disability.pension,employees,m,61,EGY,4
2022,disability.pension,employees,m,51,PAK,3
2022,disability.pension,employees,m,36,DOM,1
2022,disability.pension,employees,m,45,UKR,2
2022,disability.pension,employees,f,19,ROU,3
2022,disability.pension,employees,f,38,CMR,2
2022,disability.pension,employees,f,49,UKR,2
2022,disability.pension,employees,f,30,LVA,2
2022,disability.pension,employees,f,33,BLR,2
2022,disability.pension,employees,f,34,LKA,2
2022,disability.pension,employees,f,23,FRA,2
2022,disability.pension,employees,m,21,SVN,1
2022,disability.pension,employees,m,41,KAZ,3
2022,disability.pension,employees,m,43,BRA,6
2022,disability.pension,employees,m,34,UKR,5
2022,disability.pension,employees,f,23,MKD,1
2022,disability.pension,employees,m,31,MKD,5
2022,disability.pension,employees,f,44,SVK,9
2022,disability.pension,employees,m,19,LTU,2
2022,disability.pension,employees,m,22,SVK,7
2022,disability.pension,employees,f,34,SVN,1
2022,disability.pension,employees,f,52,GRC,1
2022,disability.pension,employees,m,18,SVK,2
2022,disability.pension,employees,f,34,SVK,2
2022,disability.pension,employees,f,36,BWA,1
2022,disability.pension,employees,f,35,JAM,1
2022,disability.pension,employees,f,41,ZAF,1
2022,disability.pension,employees,f,65,GBR,2
2022,disability.pension,employees,m,37,NZL,1
2022,disability.pension,employees,f,47,MEX,5
2022,disability.pension,employees,m,21,KAZ,6
2022,disability.pension,employees,f,60,GEO,2
2022,disability.pension,employees,f,23,SLV,1
2022,disability.pension,employees,m,41,UZB,4
2022,disability.pension,employees,m,69,NLD,2
2022,disability.pension,employees,f,36,TZA,2
2022,disability.pension,employees,m,27,ERI,2
2022,disability.pension,employees,m,0,IDN,2
2022,disability.pension,employees,f,24,TZA,4
2022,disability.pension,employees,f,34,TZA,4
2022,disability.pension,employees,f,38,BGD,4
2022,disability.pension,employees,m,59,KAZ,2
2022,disability.pension,employees,f,46,TWN,1
2022,disability.pension,employees,f,37,SVN,2
2022,disability.pension,employees,f,39,SVN,1
2022,disability.pension,employees,f,23,NOR,1
2022,disability.pension,employees,m,34,TCD,1
2022,disability.pension,employees,f,28,EST,1
2022,disability.pension,employees,m,31,EST,3
2022,disability.pension,employees,m,33,EST,3
2022,disability.pension,employees,f,41,EST,5
2022,disability.pension,employees,m,38,CZE,2
2022,disability.pension,employees,m,29,ECU,2
2022,disability.pension,employees,m,28,LKA,4
2022,disability.pension,employees,f,37,UKR,5
2022,disability.pension,employees,f,32,KAZ,2
2022,disability.pension,employees,m,20,GEO,3
2022,disability.pension,employees,m,51,KGZ,2
2022,disability.pension,employees,f,22,GEO,3
2022,disability.pension,employees,m,64,MDA,2
2022,disability.pension,employees,m,22,MDA,3
2022,disability.pension,employees,m,60,KGZ,2
2022,disability.pension,employees,m,61,KGZ,2
2022,disability.pension,employees,f,23,BLR,5
2022,disability.pension,employees,m,65,LVA,3
2022,disability.pension,employees,f,65,ITA,2
2022,disability.pension,employees,f,41,AZE,2
2022,disability.pension,employees,m,45,EGY,2
2022,disability.pension,employees,f,17,FRA,1
2022,disability.pension,employees,f,10,ESP,1
2022,disability.pension,employees,m,61,MDG,1
2022,disability.pension,employees,m,66,GRC,2
2022,disability.pension,employees,f,23,UKR,5
2022,disability.pension,employees,m,64,MKD,1
2022,disability.pension,employees,m,10,UKR,6
2022,disability.pension,employees,f,44,ETH,2
2022,disability.pension,employees,m,23,ITA,4
2022,disability.pension,employees,f,51,FIN,1
2022,disability.pension,employees,f,57,AUT,2
2022,disability.pension,employees,m,40,GAB,1
2022,disability.pension,employees,f,28,SVN,1
2022,disability.pension,employees,f,61,IRL,1
2022,disability.pension,employees,f,66,NLD,1
2022,disability.pension,employees,m,51,AND,1
2022,disability.pension,employees,m,31,AUT,3
2022,disability.pension,employees,m,24,UKR,12
2022,disability.pension,employees,m,19,CMR,1
2022,disability.pension,employees,m,21,CMR,2
2022,disability.pension,employees,m,21,MEX,3
2022,disability.pension,employees,m,18,BRA,2
2022,disability.pension,employees,m,18,NGA,1
2022,disability.pension,employees,m,21,FIN,3
2022,disability.pension,employees,f,48,EST,3
2022,disability.pension,employees,m,58,KOR,8
2022,disability.pension,employees,f,26,KOR,12
2022,disability.pension,employees,f,64,LTU,2
2022,disability.pension,employees,m,42,NGA,2
2022,disability.pension,employees,f,71,UKR,6
2022,disability.pension,employees,m,20,ITA,2
2022,disability.pension,employees,m,123,EGY,1
2022,disability.pension,employees,f,18,UKR,6
2022,disability.pension,employees,m,79,BGR,1
2022,disability.pension,employees,f,47,ESP,4
2022,disability.pension,employees,m,68,BEL,1
2022,disability.pension,employees,f,25,NAM,1
2022,disability.pension,employees,m,20,UKR,6
2022,disability.pension,employees,m,67,CRI,1
2022,disability.pension,employees,m,72,BLR,3
2022,disability.pension,employees,m,72,JPN,3
2022,disability.pension,employees,m,36,LBY,3
2022,disability.pension,employees,m,35,ARG,2
2022,disability.pension,employees,m,50,NLD,6
2022,disability.pension,employees,m,78,USA,6
2022,disability.pension,employees,m,49,IRN,2
2022,disability.pension,employees,m,42,LTU,2
2022,disability.pension,employees,f,32,UKR,5
2022,disability.pension,employees,f,33,BGD,8
2022,disability.pension,employees,m,70,AFG,1
2022,disability.pension,employees,m,15,DEU,1
2022,disability.pension,employees,m,31,PSE,2
2022,disability.pension,employees,f,58,ITA,2
2022,disability.pension,employees,f,52,AFG,4
2022,disability.pension,employees,f,14,KAZ,4
2022,disability.pension,employees,m,48,TGO,1
2022,disability.pension,employees,f,56,AZE,1
2022,disability.pension,employees,m,32,PSE,4
2022,disability.pension,employees,f,57,AFG,2
2022,disability.pension,employees,f,20,CZE,1
2022,disability.pension,employees,f,55,BEL,2
2022,disability.pension,employees,m,40,LTU,9
2022,disability.pension,employees,m,74,KOR,1
2022,disability.pension,employees,f,54,BEL,2
2022,disability.pension,employees,m,73,CHN,1
2022,disability.pension,employees,m,60,AUS,2
2022,disability.pension,employees,m,61,FRA,4
2022,disability.pension,employees,m,34,NGA,2
2022,disability.pension,employees,f,53,BRA,2
2022,disability.pension,employees,f,55,MKD,1
2022,disability.pension,employees,m,62,CRI,1
2022,disability.pension,employees,m,81,UKR,3
2022,disability.pension,employees,f,60,NLD,1
2022,disability.pension,employees,m,23,SEN,1
2022,disability.pension,employees,f,54,ISR,1
2022,disability.pension,employees,m,14,KAZ,3
2022,disability.pension,employees,m,49,LTU,6
2022,disability.pension,employees,m,52,CHN,29
2022,disability.pension,employees,m,25,EST,2
2022,disability.pension,employees,f,39,UKR,8
2022,disability.pension,employees,f,33,CZE,4
2022,disability.pension,employees,f,39,BLR,3
2022,disability.pension,employees,m,45,PER,1
2022,disability.pension,employees,m,56,IRN,4
2022,disability.pension,employees,m,44,DEU,2
2022,disability.pension,employees,f,47,AZE,2
2022,disability.pension,employees,m,52,ESP,3
2022,disability.pension,employees,f,65,IRN,1
2022,disability.pension,employees,m,49,LVA,6
2022,disability.pension,employees,m,31,TZA,2
2022,disability.pension,employees,m,55,JOR,2
2022,disability.pension,employees,f,40,CHN,4
2022,disability.pension,employees,m,41,VNM,3
2022,disability.pension,employees,m,25,GEO,9
2022,disability.pension,employees,m,31,PAN,1
2022,disability.pension,employees,f,28,MLI,1
2022,disability.pension,employees,f,48,BIH,2
2022,disability.pension,employees,f,52,BIH,2
2022,disability.pension,employees,m,29,BIH,2
2022,disability.pension,employees,f,59,BIH,1
2022,disability.pension,employees,f,60,BIH,1
2022,disability.pension,employees,m,73,RUS,2
2022,disability.pension,employees,m,41,UKR,2
2022,disability.pension,employees,m,48,MDA,3
2022,disability.pension,employees,m,47,UZB,2
2022,disability.pension,employees,f,36,LTU,4
2022,disability.pension,employees,m,36,UKR,3
2022,disability.pension,employees,f,37,ZWE,2
2022,disability.pension,employees,m,26,ZWE,4
2022,disability.pension,employees,m,28,UKR,14
2022,disability.pension,employees,f,0,MDA,1
2022,disability.pension,employees,m,34,UKR,2
2022,disability.pension,employees,m,46,ZMB,2
2022,disability.pension,employees,m,32,ZWE,6
2022,disability.pension,employees,f,31,BEL,3
2022,disability.pension,employees,f,66,GBR,2
2022,disability.pension,employees,f,35,UKR,2
2022,disability.pension,employees,m,60,UKR,2
2022,disability.pension,employees,m,32,NZL,2
2022,disability.pension,employees,f,39,RUS,6
2022,disability.pension,employees,m,72,CHE,1
2022,disability.pension,employees,f,32,ETH,2
2022,disability.pension,employees,f,32,MKD,4
2022,disability.pension,employees,f,45,AUS,2
2022,disability.pension,employees,f,56,AUS,1
2022,disability.pension,employees,f,39,AUS,4
2022,disability.pension,employees,f,51,LVA,2
2022,disability.pension,employees,m,71,CZE,1
2022,disability.pension,employees,f,41,AND,1
2022,disability.pension,employees,m,48,PAK,4
2022,disability.pension,employees,m,64,VEN,1
2022,disability.pension,employees,m,66,DZA,1
2022,disability.pension,employees,m,54,FRA,3
2022,disability.pension,employees,m,43,RUS,4
2022,disability.pension,employees,m,53,CHE,2
2022,disability.pension,employees,m,79,CHE,2
2022,disability.pension,employees,m,54,CHE,3
2022,disability.pension,employees,m,75,CHE,1
2022,disability.pension,employees,m,46,ITA,4
2022,disability.pension,employees,m,57,LBN,2
2022,disability.pension,employees,m,66,SYR,1
2022,disability.pension,employees,f,66,CHE,1
2022,disability.pension,employees,m,49,CHL,3
2022,disability.pension,employees,m,69,JPN,1
2022,disability.pension,employees,m,48,GBR,2
2022,disability.pension,employees,m,63,CRI,2
2022,disability.pension,employees,m,64,KGZ,1
2022,disability.pension,employees,f,23,BLR,3
2022,disability.pension,employees,f,23,ROU,2
2022,disability.pension,employees,m,60,FIN,1
2022,disability.pension,employees,f,35,IRL,1
2022,disability.pension,employees,f,34,CAN,3
2022,disability.pension,employees,f,46,USA,5
2022,disability.pension,employees,f,38,FIN,3
2022,disability.pension,employees,m,33,SAU,2
2022,disability.pension,employees,f,35,MKD,2
2022,disability.pension,employees,f,61,HRV,1
2022,disability.pension,employees,f,20,DNK,1
2022,disability.pension,employees,f,42,BOL,1
2022,disability.pension,employees,f,29,CHN,4
2022,disability.pension,employees,m,56,FRA,6
2022,disability.pension,employees,m,44,BRA,5
2022,disability.pension,employees,f,62,GBR,2
2022,disability.pension,employees,m,75,SYR,2
2022,disability.pension,employees,f,33,COG,2
2022,disability.pension,employees,f,24,UKR,6
2022,disability.pension,employees,f,32,GIN,2
2022,disability.pension,employees,f,52,IND,2
2022,disability.pension,employees,f,43,VNM,2
2022,disability.pension,employees,m,44,YEM,2
2022,disability.pension,employees,f,58,GRC,2
2022,disability.pension,employees,m,75,BGR,1
2022,disability.pension,employees,f,24,GHA,3
2022,disability.pension,employees,f,19,RUS,2
2022,disability.pension,employees,m,62,ITA,4
2022,disability.pension,employees,m,71,ITA,3
2022,disability.pension,employees,m,56,NLD,2
2022,disability.pension,employees,f,53,MEX,1
2022,disability.pension,employees,f,54,DEU,8
2022,disability.pension,employees,m,35,SYR,2
2022,disability.pension,employees,f,23,SYR,2
2022,disability.pension,employees,m,40,PER,2
2022,disability.pension,employees,m,70,FIN,1
2022,disability.pension,employees,m,39,BIH,2
2022,disability.pension,employees,m,51,VAT,1
2022,disability.pension,employees,f,72,USA,4
2022,disability.pension,employees,m,71,CHE,1
2022,disability.pension,employees,m,68,PAK,2
2022,disability.pension,employees,f,77,GRC,1
2022,disability.pension,employees,m,69,IRL,1
2022,disability.pension,employees,m,85,BIH,1
2022,disability.pension,employees,m,81,MKD,1
2022,disability.pension,employees,f,89,USA,2
2022,disability.pension,employees,m,73,USA,5
2022,disability.pension,employees,f,83,IRL,1
2022,disability.pension,employees,f,77,USA,2
2022,disability.pension,employees,f,64,ESP,1
2022,disability.pension,employees,f,96,RUS,1
2022,disability.pension,employees,m,79,IRL,1
2022,disability.pension,employees,m,74,ESP,2
2022,disability.pension,employees,f,84,USA,3
2022,disability.pension,employees,f,94,CAN,1
2022,disability.pension,employees,f,82,AUS,1
2022,disability.pension,employees,f,93,CAN,1
2022,disability.pension,employees,f,85,MEX,1
2022,disability.pension,employees,f,70,HUN,1
2022,disability.pension,employees,f,85,RUS,1
2022,disability.pension,employees,f,86,PER,1
2022,disability.pension,employees,m,71,NLD,1
2022,disability.pension,employees,m,72,AUT,1
2022,disability.pension,employees,f,86,RUS,1
2022,disability.pension,employees,m,83,USA,1
2022,disability.pension,employees,f,61,AUT,3
2022,disability.pension,employees,m,101,RUS,1
2022,disability.pension,employees,f,83,AUT,2
2022,disability.pension,employees,m,69,GBR,7
2022,disability.pension,employees,f,72,CAN,1
2022,disability.pension,employees,m,78,RUS,3
2022,disability.pension,employees,f,90,USA,1
2022,disability.pension,employees,f,72,JPN,1
2022,disability.pension,employees,f,88,USA,2
2022,disability.pension,employees,f,92,USA,1
2022,disability.pension,employees,f,94,SWE,1
2022,disability.pension,employees,f,81,SWE,1
2022,disability.pension,employees,f,78,AUT,1
2022,disability.pension,employees,f,84,RUS,1
2022,disability.pension,employees,f,82,RUS,5
2022,disability.pension,employees,f,88,FRA,1
2022,disability.pension,employees,f,68,GBR,2
2022,disability.pension,employees,m,76,USA,2
2022,disability.pension,employees,f,73,USA,2
2022,disability.pension,employees,f,93,USA,1
2022,disability.pension,employees,m,80,AUT,1
2022,disability.pension,employees,m,16,USA,1
2022,disability.pension,employees,m,11,USA,1
2022,disability.pension,employees,f,78,SWE,1
2022,disability.pension,employees,m,82,USA,3
2022,disability.pension,employees,f,91,FRA,1
2022,disability.pension,employees,f,87,RUS,1
2022,disability.pension,employees,f,87,AUT,1
2022,disability.pension,employees,f,89,SWE,1
2022,disability.pension,employees,f,85,USA,1
2022,disability.pension,employees,f,94,DEU,1
2022,disability.pension,employees,m,73,AUT,2
2022,disability.pension,employees,f,67,ITA,1
2022,disability.pension,employees,m,13,USA,1
2022,disability.pension,employees,f,80,SWE,1
2022,disability.pension,employees,m,79,SWE,2
2022,disability.pension,employees,m,72,USA,6
2022,disability.pension,employees,m,14,HRV,1
2022,disability.pension,employees,f,83,GBR,1
2022,disability.pension,employees,f,94,AUT,1
2022,disability.pension,employees,m,97,USA,1
2022,disability.pension,employees,m,80,USA,1
2022,disability.pension,employees,f,67,USA,1
2022,disability.pension,employees,f,75,FIN,1
2022,disability.pension,employees,f,68,CAN,1
2022,disability.pension,employees,m,72,AUS,1
2022,disability.pension,employees,f,96,USA,1
2022,disability.pension,employees,f,84,CAN,1
2022,disability.pension,employees,f,96,UKR,1
2022,disability.pension,employees,f,83,USA,1
2022,disability.pension,employees,f,87,UKR,3
2022,disability.pension,employees,f,29,KAZ,8
2022,disability.pension,employees,m,56,SYR,4
2022,disability.pension,employees,m,25,SYR,2
2022,disability.pension,employees,m,30,CUB,2
2022,disability.pension,employees,f,60,ITA,2
2022,disability.pension,employees,f,44,MYS,1
2022,disability.pension,employees,f,37,ZAF,4
2022,disability.pension,employees,m,40,MUS,2
2022,disability.pension,employees,m,32,TGO,1
2022,disability.pension,employees,m,40,BOL,2
2022,disability.pension,employees,f,46,SUR,1
2022,disability.pension,employees,m,44,SUR,1
2022,disability.pension,employees,f,33,CMR,1
2022,disability.pension,employees,f,44,LVA,3
2022,disability.pension,employees,m,39,MDG,1
2022,disability.pension,employees,f,39,CIV,1
2022,disability.pension,employees,f,40,FIN,3
2022,disability.pension,employees,f,39,SUR,1
2022,disability.pension,employees,m,37,CIV,2
2022,disability.pension,employees,m,37,SUR,1
2022,disability.pension,employees,f,38,CIV,1
2022,disability.pension,employees,f,41,SUR,1
2022,disability.pension,employees,f,34,PRT,2
2022,disability.pension,employees,f,43,SUR,1
2022,disability.pension,employees,f,45,SUR,1
2022,disability.pension,employees,m,28,NGA,2
2022,disability.pension,employees,m,32,CMR,4
2022,disability.pension,employees,f,27,MAR,2
2022,disability.pension,employees,m,49,CIV,1
2022,disability.pension,employees,f,20,MAR,2
2022,disability.pension,employees,f,27,ZMB,2
2022,disability.pension,employees,f,24,AGO,2
2022,disability.pension,employees,f,28,BDI,1
2022,disability.pension,employees,m,27,CMR,2
2022,disability.pension,employees,f,56,SUR,1
2022,disability.pension,employees,f,22,CYP,1
2022,disability.pension,employees,f,33,TZA,1
2022,disability.pension,employees,f,21,ZMB,1
2022,disability.pension,employees,m,28,YEM,2
2022,disability.pension,employees,f,63,ITA,1
2022,disability.pension,employees,f,25,LUX,1
2022,disability.pension,employees,f,68,ISR,1
2022,disability.pension,employees,m,19,ARM,2
2022,disability.pension,employees,m,35,MOZ,1
2022,disability.pension,employees,m,43,FRA,6
2022,disability.pension,employees,m,25,AGO,2
2022,disability.pension,employees,m,63,VEN,1
2022,disability.pension,employees,f,40,PSE,1
2022,disability.pension,employees,f,50,EST,1
2022,disability.pension,employees,m,35,NLD,4
2022,disability.pension,employees,m,34,NIC,1
2022,disability.pension,employees,m,47,DZA,2
2022,disability.pension,employees,m,57,IRQ,1
2022,disability.pension,employees,f,42,SYR,1
2022,disability.pension,employees,m,44,JOR,2
2022,disability.pension,employees,m,34,UKR,2
2022,disability.pension,employees,m,23,UKR,2
2022,disability.pension,employees,m,34,SLE,1
2022,disability.pension,employees,m,53,RUS,2
2022,disability.pension,employees,m,36,BGR,2
2022,disability.pension,employees,m,35,MUS,3
2022,disability.pension,employees,f,43,UKR,2
2022,disability.pension,employees,m,33,UKR,2
2022,disability.pension,employees,m,54,LVA,3
2022,disability.pension,employees,f,48,UKR,2
2022,disability.pension,employees,f,35,NGA,7
2022,disability.pension,employees,m,36,GEO,2
2022,disability.pension,employees,f,45,ZWE,4
2022,disability.pension,employees,m,43,ZWE,8
2022,disability.pension,employees,f,49,ZWE,2
2022,disability.pension,employees,f,52,UKR,2
2022,disability.pension,employees,m,38,COG,2
2022,disability.pension,employees,m,52,IRN,1
2022,disability.pension,employees,m,45,JOR,3
2022,disability.pension,employees,f,49,PHL,2
2022,disability.pension,employees,f,50,SYR,1
2022,disability.pension,employees,f,51,SYR,1
2022,disability.pension,employees,f,32,CIV,2
2022,disability.pension,employees,m,36,GIN,3
2022,disability.pension,employees,f,56,URY,1
2022,disability.pension,employees,f,41,URY,1
2022,disability.pension,employees,m,57,VNM,2
2022,disability.pension,employees,m,55,VNM,3
2022,disability.pension,employees,m,70,ITA,6
2022,disability.pension,employees,m,41,UKR,6
2022,disability.pension,employees,f,42,ARM,2
2022,disability.pension,employees,f,31,DEU,3
2022,disability.pension,employees,m,70,GEO,3
2022,disability.pension,employees,m,28,RWA,3
2022,disability.pension,employees,f,62,USA,2
2022,disability.pension,employees,f,38,MDA,3
2022,disability.pension,employees,m,68,GEO,4
2022,disability.pension,employees,f,54,UKR,3
2022,disability.pension,employees,f,43,SYR,1
2022,disability.pension,employees,f,45,SYR,2
2022,disability.pension,employees,m,60,EGY,1
2022,disability.pension,employees,f,52,MNG,4
2022,disability.pension,employees,m,57,ISR,4
2022,disability.pension,employees,m,28,TJK,4
2022,disability.pension,employees,m,41,AZE,6
2022,disability.pension,employees,f,35,TKM,6
2022,disability.pension,employees,f,30,THA,5
2022,disability.pension,employees,f,33,CHL,2
2022,disability.pension,employees,f,30,SLV,1
2022,disability.pension,employees,m,52,COG,1
2022,disability.pension,employees,m,59,VNM,4
2022,disability.pension,employees,m,36,CHE,3
2022,disability.pension,employees,f,45,MEX,4
2022,disability.pension,employees,f,38,VEN,5
2022,disability.pension,employees,m,28,MEX,2
2022,disability.pension,employees,m,28,BRA,4
2022,disability.pension,employees,f,31,ARG,3
2022,disability.pension,employees,f,24,ARG,2
2022,disability.pension,employees,f,22,DEU,5
2022,disability.pension,employees,m,35,CMR,3
2022,disability.pension,employees,f,40,COG,1
2022,disability.pension,employees,m,56,IRQ,1
2022,disability.pension,employees,m,30,MYS,2
2022,disability.pension,employees,m,30,BGR,4
2022,disability.pension,employees,m,24,ALB,2
2022,disability.pension,employees,f,46,KEN,1
2022,disability.pension,employees,m,64,UKR,2
2022,disability.pension,employees,m,30,MAR,8
2022,disability.pension,employees,f,40,PAN,1
2022,disability.pension,employees,m,38,SDN,1
2022,disability.pension,employees,f,43,CYP,1
2022,disability.pension,employees,m,33,SDN,2
2022,disability.pension,employees,f,40,CMR,2
2022,disability.pension,employees,m,34,TGO,1
2022,disability.pension,employees,f,43,FIN,2
2022,disability.pension,employees,f,33,SUR,1
2022,disability.pension,employees,m,27,NOR,5
2022,disability.pension,employees,m,35,COG,4
2022,disability.pension,employees,m,46,MUS,2
2022,disability.pension,employees,m,36,ROU,6
2022,disability.pension,employees,m,42,CHE,1
2022,disability.pension,employees,f,34,BDI,2
2022,disability.pension,employees,m,25,NGA,2
2022,disability.pension,employees,m,33,GIN,2
2022,disability.pension,employees,f,32,GIN,2
2022,disability.pension,employees,m,35,GIN,2
2022,disability.pension,employees,f,34,SWE,3
2022,disability.pension,employees,m,60,BRA,1
2022,disability.pension,employees,m,41,THA,2
2022,disability.pension,employees,f,47,BGD,1
2022,disability.pension,employees,m,55,BGD,2
2022,disability.pension,employees,f,40,NIC,1
2022,disability.pension,employees,m,18,UGA,1
2022,disability.pension,employees,f,54,IND,3
2022,disability.pension,employees,f,51,BIH,1
2022,disability.pension,employees,f,32,ALB,4
2022,disability.pension,employees,m,33,NGA,2
2022,disability.pension,employees,f,71,GEO,1
2022,disability.pension,employees,m,74,GEO,2
2022,disability.pension,employees,m,36,THA,3
2022,disability.pension,employees,m,39,BGD,3
2022,disability.pension,employees,f,23,BGD,2
2022,disability.pension,employees,m,53,COG,2
2022,disability.pension,employees,m,35,ZWE,2
2022,disability.pension,employees,m,62,RUS,4
2022,disability.pension,employees,m,42,RWA,2
2022,disability.pension,employees,f,44,HUN,9
2022,disability.pension,employees,f,65,MDA,2
2022,disability.pension,employees,m,26,ARM,8
2022,disability.pension,employees,f,20,MDA,4
2022,disability.pension,employees,m,25,MDA,4
2022,disability.pension,employees,f,45,ARM,4
2022,disability.pension,employees,f,60,TKM,1
2022,disability.pension,employees,m,47,LTU,2
2022,disability.pension,employees,f,30,KGZ,5
2022,disability.pension,employees,m,29,UKR,4
2022,disability.pension,employees,m,42,MKD,3
2022,disability.pension,employees,m,36,GEO,3
2022,disability.pension,employees,f,55,UKR,2
2022,disability.pension,employees,f,35,UKR,2
2022,disability.pension,employees,m,49,UKR,2
2022,disability.pension,employees,f,23,GEO,16
2022,disability.pension,employees,f,50,TKM,9
2022,disability.pension,employees,f,43,MNG,2
2022,disability.pension,employees,m,48,MNG,2
2022,disability.pension,employees,m,55,MNG,2
2022,disability.pension,employees,m,42,MNG,2
2022,disability.pension,employees,f,27,MNG,2
2022,disability.pension,employees,m,48,MNG,1
2022,disability.pension,employees,m,27,MNG,2
2022,disability.pension,employees,f,44,UGA,1
2022,disability.pension,employees,f,25,MDA,2
2022,disability.pension,employees,m,23,UGA,2
2022,disability.pension,employees,f,37,JOR,1
2022,disability.pension,employees,m,29,PAN,2
2022,disability.pension,employees,m,46,THA,7
2022,disability.pension,employees,m,61,MKD,4
2022,disability.pension,employees,f,39,TJK,2
2022,disability.pension,employees,m,68,GEO,2
2022,disability.pension,employees,m,51,TKM,2
2022,disability.pension,employees,f,36,PHL,3
2022,disability.pension,employees,f,27,PHL,3
2022,disability.pension,employees,f,51,UKR,2
2022,disability.pension,employees,m,37,CUB,2
2022,disability.pension,employees,f,43,CUB,3
2022,disability.pension,employees,f,51,IRN,2
2022,disability.pension,employees,m,58,CHN,14
2022,disability.pension,employees,m,40,UKR,2
2022,disability.pension,employees,f,53,ARM,2
2022,disability.pension,employees,m,33,BLR,3
2022,disability.pension,employees,f,52,AZE,2
2022,disability.pension,employees,m,27,URY,2
2022,disability.pension,employees,m,43,NPL,2
2022,disability.pension,employees,m,49,NPL,4
2022,disability.pension,employees,m,41,NPL,2
2022,disability.pension,employees,m,33,UKR,2
2022,disability.pension,employees,m,29,NPL,3
2022,disability.pension,employees,m,40,NIC,1
2022,disability.pension,employees,m,30,NIC,1
2022,disability.pension,employees,m,27,NIC,3
2022,disability.pension,employees,m,23,MDA,2
2022,disability.pension,employees,m,38,MDA,3
2022,disability.pension,employees,f,58,ZWE,1
2022,disability.pension,employees,f,48,ZWE,2
2022,disability.pension,employees,f,29,CHN,8
2022,disability.pension,employees,f,58,JPN,2
2022,disability.pension,employees,m,46,BOL,2
2022,disability.pension,employees,f,40,UKR,10
2022,disability.pension,employees,m,33,ECU,3
2022,disability.pension,employees,f,48,ROU,42
2022,disability.pension,employees,m,52,AUS,4
2022,disability.pension,employees,m,47,SVK,2
2022,disability.pension,employees,m,47,FIN,2
2022,disability.pension,employees,m,55,DEU,6
2022,disability.pension,employees,m,42,AUS,2
2022,disability.pension,employees,m,21,ZAF,3
2022,disability.pension,employees,m,25,SVN,1
2022,disability.pension,employees,f,18,CZE,2
2022,disability.pension,employees,m,27,SEN,1
2022,disability.pension,employees,m,60,CUB,1
2022,disability.pension,employees,m,64,PAN,1
2022,disability.pension,employees,m,63,UKR,2
2022,disability.pension,employees,m,55,SVK,2
2022,disability.pension,employees,m,61,MLI,1
2022,disability.pension,employees,m,33,JPN,9
2022,disability.pension,employees,f,29,LKA,1
2022,disability.pension,employees,m,57,DZA,1
2022,disability.pension,employees,m,55,LTU,2
2022,disability.pension,employees,f,31,CHN,8
2022,disability.pension,employees,f,36,RUS,6
2022,disability.pension,employees,f,33,PER,2
2022,disability.pension,employees,m,28,HUN,2
2022,disability.pension,employees,f,38,AGO,1
2022,disability.pension,employees,f,29,ETH,7
2022,disability.pension,employees,m,13,RUS,2
2022,disability.pension,employees,m,90,DEU,1
2022,disability.pension,employees,f,42,KGZ,7
2022,disability.pension,employees,m,60,AFG,2
2022,disability.pension,employees,f,18,CUB,1
2022,disability.pension,employees,f,37,AZE,4
2022,disability.pension,employees,m,46,RUS,2
2022,disability.pension,employees,m,27,UKR,2
2022,disability.pension,employees,m,30,RUS,2
2022,disability.pension,employees,m,24,UKR,8
2022,disability.pension,employees,f,34,UKR,2
2022,disability.pension,employees,f,32,RUS,2
2022,disability.pension,employees,f,35,MDA,3
2022,disability.pension,employees,m,37,RUS,2
2022,disability.pension,employees,f,30,RUS,2
2022,disability.pension,employees,m,20,MDA,3
2022,disability.pension,employees,f,42,UKR,7
2022,disability.pension,employees,f,20,RUS,2
2022,disability.pension,employees,f,34,ARM,4
2022,disability.pension,employees,m,62,AZE,2
2022,disability.pension,employees,f,43,MDA,3
2022,disability.pension,employees,m,58,NPL,1
2022,disability.pension,employees,f,22,CUB,1
2022,disability.pension,employees,f,41,UKR,2
2022,disability.pension,employees,f,19,PAK,1
2022,disability.pension,employees,f,25,UKR,2
2022,disability.pension,employees,m,24,BLR,3
2022,disability.pension,employees,f,28,UKR,2
2022,disability.pension,employees,f,61,GEO,2
2022,disability.pension,employees,f,33,ECU,1
2022,disability.pension,employees,f,37,ECU,2
2022,disability.pension,employees,m,39,UKR,2
2022,disability.pension,employees,f,29,CUB,3
2022,disability.pension,employees,f,51,UZB,3
2022,disability.pension,employees,f,42,KOR,6
2022,disability.pension,employees,m,38,MLI,2
2022,disability.pension,employees,f,37,TKM,2
2022,disability.pension,employees,f,39,AFG,3
2022,disability.pension,employees,f,35,PER,1
2022,disability.pension,employees,f,35,MEX,3
2022,disability.pension,employees,f,47,NLD,3
2022,disability.pension,employees,f,53,FRA,4
2022,disability.pension,employees,f,37,NGA,2
2022,disability.pension,employees,f,39,UGA,1
2022,disability.pension,employees,m,64,AFG,1
2022,disability.pension,employees,m,51,ITA,6
2022,disability.pension,employees,m,68,CAN,2
2022,disability.pension,employees,m,70,CZE,1
2022,disability.pension,employees,m,41,UGA,3
2022,disability.pension,employees,m,78,DEU,4
2022,disability.pension,employees,m,73,ROU,2
2022,disability.pension,employees,m,24,CIV,1
2022,disability.pension,employees,m,64,MAR,2
2022,disability.pension,employees,m,59,CHN,2
2022,disability.pension,employees,f,73,PHL,1
2022,disability.pension,employees,f,86,DEU,1
2022,disability.pension,employees,f,82,BLR,2
2022,disability.pension,employees,m,59,MDA,2
2022,disability.pension,employees,m,48,NLD,2
2022,disability.pension,employees,m,54,ITA,4
2022,disability.pension,employees,f,61,AZE,2
2022,disability.pension,employees,m,32,UKR,2
2022,disability.pension,employees,f,72,NLD,1
2022,disability.pension,employees,m,68,MDA,2
2022,disability.pension,employees,m,69,CAN,1
2022,disability.pension,employees,m,66,ESP,1
2022,disability.pension,employees,f,63,CHN,2
2022,disability.pension,employees,m,52,PER,2
2022,disability.pension,employees,m,62,BIH,2
2022,disability.pension,employees,f,28,BLR,4
2022,disability.pension,employees,m,52,UKR,2
2022,disability.pension,employees,f,56,UKR,10
2022,disability.pension,employees,m,24,TKM,6
2022,disability.pension,employees,m,36,TKM,4
2022,disability.pension,employees,m,21,TKM,2
2022,disability.pension,employees,m,25,TKM,2
2022,disability.pension,employees,f,56,KAZ,2
2022,disability.pension,employees,m,35,LVA,2
2022,disability.pension,employees,f,52,KGZ,1
2022,disability.pension,employees,m,29,LBY,1
2022,disability.pension,employees,m,84,DEU,1
2022,disability.pension,employees,f,30,UKR,2
2022,disability.pension,employees,m,19,SVK,3
2022,disability.pension,employees,f,50,MDA,3
2022,disability.pension,employees,m,19,ESP,3
2022,disability.pension,employees,f,59,ROU,9
2022,disability.pension,employees,m,40,SVK,2
2022,disability.pension,employees,m,43,SVK,2
2022,disability.pension,employees,f,55,LVA,3
2022,disability.pension,employees,f,66,LVA,3
2022,disability.pension,employees,f,70,LTU,2
2022,disability.pension,employees,f,69,LTU,1
2022,disability.pension,employees,f,65,LTU,2
2022,disability.pension,employees,f,65,LVA,3
2022,disability.pension,employees,m,44,ROU,8
2022,disability.pension,employees,m,3,GEO,2
2022,disability.pension,employees,m,63,ROU,12
2022,disability.pension,employees,f,47,LVA,5
2022,disability.pension,employees,m,72,MDA,1
2022,disability.pension,employees,m,32,BIH,6
2022,disability.pension,employees,f,33,AFG,5
2022,disability.pension,employees,m,69,GEO,4
2022,disability.pension,employees,m,67,FRA,2
2022,disability.pension,employees,f,47,SVK,2
2022,disability.pension,employees,m,64,GRC,2
2022,disability.pension,employees,m,64,EGY,2
2022,disability.pension,employees,f,71,BLR,3
2022,disability.pension,employees,f,48,NPL,3
2022,disability.pension,employees,f,66,ARM,2
2022,disability.pension,employees,f,42,BIH,1
2022,disability.pension,employees,m,69,FRA,2
2022,disability.pension,employees,f,42,CRI,1
2022,disability.pension,employees,f,39,NGA,2
2022,disability.pension,employees,m,52,UKR,2
2022,disability.pension,employees,m,41,ESP,3
2022,disability.pension,employees,m,60,SWE,2
2022,disability.pension,employees,m,52,ZWE,1
2022,disability.pension,employees,m,46,ZWE,1
2022,disability.pension,employees,m,50,ZWE,3
2022,disability.pension,employees,m,41,SVK,2
2022,disability.pension,employees,m,50,URY,1
2022,disability.pension,employees,f,22,IDN,2
2022,disability.pension,employees,f,48,KGZ,5
2022,disability.pension,employees,m,79,BEL,1
2022,disability.pension,employees,m,44,PRY,2
2022,disability.pension,employees,m,26,PRY,1
2022,disability.pension,employees,m,56,ARG,1
2022,disability.pension,employees,m,23,PRY,3
2022,disability.pension,employees,m,46,ARG,3
2022,disability.pension,employees,f,44,PRY,1
2022,disability.pension,employees,f,48,ARG,2
2022,disability.pension,employees,f,19,PRY,1
2022,disability.pension,employees,f,23,PRY,1
2022,disability.pension,employees,m,19,PRY,1
2022,disability.pension,employees,f,30,PRY,1
2022,disability.pension,employees,m,35,PRY,1
2022,disability.pension,employees,m,51,ARG,2
2022,disability.pension,employees,m,48,ARG,4
2022,disability.pension,employees,m,57,ARG,1
2022,disability.pension,employees,f,20,PRY,1
2022,disability.pension,employees,m,33,PRY,2
2022,disability.pension,employees,f,21,PRY,1
2022,disability.pension,employees,m,34,PRY,1
2022,disability.pension,employees,m,28,PRY,1
2022,disability.pension,employees,f,26,PRY,1
2022,disability.pension,employees,m,32,PRY,1
2022,disability.pension,employees,m,31,PRY,1
2022,disability.pension,employees,m,58,ARG,1
2022,disability.pension,employees,f,50,ARG,2
2022,disability.pension,employees,f,40,ARG,2
2022,disability.pension,employees,f,34,URY,1
2022,disability.pension,employees,f,36,HTI,1
2022,disability.pension,employees,m,15,AUT,1
2022,disability.pension,employees,f,41,TUR,9
2022,disability.pension,employees,f,49,UKR,2
2022,disability.pension,employees,m,43,EST,2
2022,disability.pension,employees,m,51,SEN,2
2022,disability.pension,employees,m,43,VEN,2
2022,disability.pension,employees,f,56,CHN,18
2022,disability.pension,employees,f,57,TUR,1
2022,disability.pension,employees,m,24,CHN,2
2022,disability.pension,employees,m,58,UKR,2
2022,disability.pension,employees,m,52,TUN,3
2022,disability.pension,employees,f,35,BOL,2
2022,disability.pension,employees,m,22,BRA,2
2022,disability.pension,employees,m,27,BOL,1
2022,disability.pension,employees,m,19,BOL,1
2022,disability.pension,employees,f,39,BOL,1
2022,disability.pension,employees,f,45,PHL,2
2022,disability.pension,employees,m,51,ALB,3
2022,disability.pension,employees,m,2,GEO,2
2022,disability.pension,employees,m,27,UKR,2
2022,disability.pension,employees,f,50,UKR,2
2022,disability.pension,employees,m,47,CHE,1
2022,disability.pension,employees,m,18,DEU,3
2022,disability.pension,employees,m,31,KHM,1
2022,disability.pension,employees,f,41,AUS,1
2022,disability.pension,employees,m,64,BEL,2
2022,disability.pension,employees,f,60,DNK,3
2022,disability.pension,employees,f,35,DNK,2
2022,disability.pension,employees,f,70,MDA,1
2022,disability.pension,employees,f,24,MYS,3
2022,disability.pension,employees,m,23,MYS,1
2022,disability.pension,employees,m,49,MDG,1
2022,disability.pension,employees,m,55,LBN,2
2022,disability.pension,employees,f,33,SEN,2
2022,disability.pension,employees,m,49,SVN,2
2022,disability.pension,employees,m,65,AZE,2
2022,disability.pension,employees,f,54,BOL,1
2022,disability.pension,employees,f,46,GRC,2
2022,disability.pension,employees,f,14,ITA,1
2022,disability.pension,employees,f,59,ESP,2
2022,disability.pension,employees,f,86,ARM,1
2022,disability.pension,employees,m,56,CAN,1
2022,disability.pension,employees,f,56,TWN,1
2022,disability.pension,employees,m,14,IRQ,1
2022,disability.pension,employees,m,24,SVK,2
2022,disability.pension,employees,m,27,HRV,2
2022,disability.pension,employees,m,46,PSE,1
2022,disability.pension,employees,m,44,LBR,1
2022,disability.pension,employees,m,29,PSE,2
2022,disability.pension,employees,f,52,KOR,2
2022,disability.pension,employees,f,66,KOR,1
2022,disability.pension,employees,m,61,TJK,1
2022,disability.pension,employees,m,56,PRT,3
2022,disability.pension,employees,f,57,ESP,3
2022,disability.pension,employees,f,40,ROU,16
2022,disability.pension,employees,f,35,BGD,3
2022,disability.pension,employees,m,40,PAK,2
2022,disability.pension,employees,f,59,UZB,1
2022,disability.pension,employees,f,53,AFG,3
2022,disability.pension,employees,m,38,UKR,2
2022,disability.pension,employees,f,61,BLR,3
2022,disability.pension,employees,m,24,MDA,3
2022,disability.pension,employees,m,45,RUS,3
2022,disability.pension,employees,m,54,LVA,2
2022,disability.pension,employees,m,62,NPL,1
2022,disability.pension,employees,m,44,UKR,2
2022,disability.pension,employees,f,26,BLR,4
2022,disability.pension,employees,f,32,MUS,2
2022,disability.pension,employees,f,30,CHN,2
2022,disability.pension,employees,f,32,BGD,2
2022,disability.pension,employees,f,26,KGZ,2
2022,disability.pension,employees,m,53,MNG,1
2022,disability.pension,employees,m,47,UZB,2
2022,disability.pension,employees,m,41,UKR,2
2022,disability.pension,employees,m,53,LBY,1
2022,disability.pension,employees,f,22,JPN,3
2022,disability.pension,employees,f,21,ESP,3
2022,disability.pension,employees,m,48,CAN,2
2022,disability.pension,employees,m,72,DNK,2
2022,disability.pension,employees,f,7,UKR,4
2022,disability.pension,employees,f,59,AFG,1
2022,disability.pension,employees,m,30,IND,2
2022,disability.pension,employees,m,29,GMB,1
2022,disability.pension,employees,m,43,GHA,3
2022,disability.pension,employees,m,36,GTM,2
2022,disability.pension,employees,f,40,ALB,2
2022,disability.pension,employees,m,52,BGR,2
2022,disability.pension,employees,f,18,JPN,1
2022,disability.pension,employees,f,54,KEN,1
2022,disability.pension,employees,m,51,BOL,3
2022,disability.pension,employees,m,63,DOM,1
2022,disability.pension,employees,f,44,PER,2
2022,disability.pension,employees,m,48,AZE,3
2022,disability.pension,employees,m,55,PRT,4
2022,disability.pension,employees,m,51,PRT,5
2022,disability.pension,employees,m,34,DZA,3
2022,disability.pension,employees,m,35,UKR,2
2022,disability.pension,employees,m,66,NGA,2
2022,disability.pension,employees,m,37,ECU,1
2022,disability.pension,employees,m,25,ZWE,6
2022,disability.pension,employees,m,40,ECU,1
2022,disability.pension,employees,m,28,SLE,1
2022,disability.pension,employees,f,22,TZA,2
2022,disability.pension,employees,f,32,CHL,2
2022,disability.pension,employees,m,37,CIV,1
2022,disability.pension,employees,f,44,PRT,4
2022,disability.pension,employees,m,58,PRT,4
2022,disability.pension,employees,m,39,PRT,4
2022,disability.pension,employees,m,27,NER,3
2022,disability.pension,employees,m,25,NER,1
2022,disability.pension,employees,f,32,MYS,3
2022,disability.pension,employees,m,58,VGB,1
2022,disability.pension,employees,f,55,JPN,2
2022,disability.pension,employees,f,60,CHN,4
2022,disability.pension,employees,f,55,SVN,1
2022,disability.pension,employees,m,56,IRL,2
2022,disability.pension,employees,f,53,AUT,1
2022,disability.pension,employees,m,63,JPN,2
2022,disability.pension,employees,f,50,TUN,1
2022,disability.pension,employees,f,58,NLD,3
2022,disability.pension,employees,f,56,KOR,2
2022,disability.pension,employees,f,41,ZAF,2
2022,disability.pension,employees,f,67,ISR,1
2022,disability.pension,employees,m,50,DEU,2
2022,disability.pension,employees,f,74,ISR,1
2022,disability.pension,employees,m,61,CHN,2
2022,disability.pension,employees,m,47,HND,1
2022,disability.pension,employees,f,66,FIN,1
2022,disability.pension,employees,f,46,AUT,3
2022,disability.pension,employees,f,24,LVA,1
2022,disability.pension,employees,m,48,LTU,2
2022,disability.pension,employees,f,73,SYR,1
2022,disability.pension,employees,f,71,ROU,1
2022,disability.pension,employees,m,56,NIC,1
2022,disability.pension,employees,m,38,PAK,3
2022,disability.pension,employees,f,36,URY,1
2022,disability.pension,employees,f,47,TZA,1
2022,disability.pension,employees,f,66,SVN,1
2022,disability.pension,employees,m,27,SYR,4
2022,disability.pension,employees,f,21,IRL,1
2022,disability.pension,employees,m,36,ARG,2
2022,disability.pension,employees,f,48,KOR,3
2022,disability.pension,employees,f,32,PRT,2
2022,disability.pension,employees,f,22,IRL,1
2022,disability.pension,employees,f,21,CAN,1
2022,disability.pension,employees,m,33,GBR,2
2022,disability.pension,employees,m,26,CIV,2
2022,disability.pension,employees,m,28,CZE,4
2022,disability.pension,employees,m,18,TUN,1
2022,disability.pension,employees,m,57,IRL,2
2022,disability.pension,employees,f,57,TWN,1
2022,disability.pension,employees,f,7,GBR,1
2022,disability.pension,employees,f,10,GBR,1
2022,disability.pension,employees,m,18,TWN,1
2022,disability.pension,employees,m,7,GBR,1
2022,disability.pension,employees,f,11,GBR,1
2022,disability.pension,employees,f,6,GBR,1
2022,disability.pension,employees,f,14,DEU,1
2022,disability.pension,employees,f,39,ALB,2
2022,disability.pension,employees,f,48,ESP,4
2022,disability.pension,employees,m,36,MLT,2
2022,disability.pension,employees,f,39,CYP,2
2022,disability.pension,employees,f,43,ESP,5
2022,disability.pension,employees,m,38,BDI,1
2022,disability.pension,employees,m,47,SGP,1
2022,disability.pension,employees,m,26,NER,3
2022,disability.pension,employees,m,54,EST,3
2022,disability.pension,employees,f,39,UKR,4
2022,disability.pension,employees,m,40,NLD,2
2022,disability.pension,employees,f,49,LBY,1
2022,disability.pension,employees,m,12,ROU,2
2022,disability.pension,employees,f,43,UKR,8
2022,disability.pension,employees,m,29,KOR,9
2022,disability.pension,employees,f,28,AND,1
2022,disability.pension,employees,m,42,BOL,1
2022,disability.pension,employees,m,45,BOL,2
2022,disability.pension,employees,f,32,HND,1
2022,disability.pension,employees,f,47,HND,1
2022,disability.pension,employees,m,41,HND,1
2022,disability.pension,employees,m,27,HND,2
2022,disability.pension,employees,m,39,COL,2
2022,disability.pension,employees,f,21,ARG,1
2022,disability.pension,employees,m,64,FRA,15
2022,disability.pension,employees,m,40,BLR,3
2022,disability.pension,employees,m,34,ALB,2
2022,disability.pension,employees,m,42,FRA,3
2022,disability.pension,employees,f,53,PRT,2
2022,disability.pension,employees,m,44,DOM,3
2022,disability.pension,employees,f,53,BLR,3
2022,disability.pension,employees,f,42,BLR,3
2022,disability.pension,employees,m,123,NPL,2
2022,disability.pension,employees,m,44,CHE,1
2022,disability.pension,employees,m,32,SEN,4
2022,disability.pension,employees,f,30,AUS,1
2022,disability.pension,employees,f,50,SAU,1
2022,disability.pension,employees,m,65,COG,1
2022,disability.pension,employees,f,24,BLR,2
2022,disability.pension,employees,m,40,BIH,3
2022,disability.pension,employees,f,48,BOL,1
2022,disability.pension,employees,f,50,BEL,1
2022,disability.pension,employees,f,30,SWE,1
2022,disability.pension,employees,f,27,KOR,7
2022,disability.pension,employees,m,23,BDI,1
2022,disability.pension,employees,f,42,DNK,1
2022,disability.pension,employees,m,43,CIV,1
2022,disability.pension,employees,m,0,MDA,3
2022,disability.pension,employees,f,34,NOR,1
2022,disability.pension,employees,f,35,TTO,1
2022,disability.pension,employees,f,20,CUB,1
2022,disability.pension,employees,m,67,CUB,1
2022,disability.pension,employees,f,30,BLR,3
2022,disability.pension,employees,m,25,SWE,4
2022,disability.pension,employees,f,37,RWA,1
2022,disability.pension,employees,m,56,MDA,3
2022,disability.pension,employees,m,73,MDA,1
2022,disability.pension,employees,m,66,MDA,2
2022,disability.pension,employees,m,71,MDA,1
2022,disability.pension,employees,f,62,CHN,1
2022,disability.pension,employees,m,33,THA,7
2022,disability.pension,employees,m,51,KAZ,6
2022,disability.pension,employees,f,66,KAZ,2
2022,disability.pension,employees,m,55,KAZ,2
2022,disability.pension,employees,m,43,KAZ,2
2022,disability.pension,employees,m,47,KAZ,2
2022,disability.pension,employees,m,41,KGZ,2
2022,disability.pension,employees,m,30,KGZ,2
2022,disability.pension,employees,m,55,KGZ,3
2022,disability.pension,employees,m,37,UZB,6
2022,disability.pension,employees,m,59,IRL,3
2022,disability.pension,employees,f,30,KAZ,2
2022,disability.pension,employees,m,42,BIH,3
2022,disability.pension,employees,m,29,LUX,1
2022,disability.pension,employees,m,30,MLT,1
2022,disability.pension,employees,m,70,UZB,2
2022,disability.pension,employees,m,55,CMR,1
2022,disability.pension,employees,f,40,RWA,2
2022,disability.pension,employees,m,52,ZAF,1
2022,disability.pension,employees,f,52,BLR,3
2022,disability.pension,employees,m,40,GBR,2
2022,disability.pension,employees,f,36,RUS,3
2022,disability.pension,employees,f,28,CYP,1
2022,disability.pension,employees,f,39,UKR,6
2022,disability.pension,employees,m,36,UKR,2
2022,disability.pension,employees,f,2,BLR,2
2022,disability.pension,employees,m,52,TKM,4
2022,disability.pension,employees,m,49,TKM,6
2022,disability.pension,employees,f,40,TKM,2
2022,disability.pension,employees,f,54,TKM,2
2022,disability.pension,employees,m,48,TKM,2
2022,disability.pension,employees,f,56,TKM,1
2022,disability.pension,employees,f,24,TKM,5
2022,disability.pension,employees,f,45,BLR,6
2022,disability.pension,employees,f,23,PHL,3
2022,disability.pension,employees,m,38,BLR,3
2022,disability.pension,employees,m,41,ARM,4
2022,disability.pension,employees,m,69,CUB,1
2022,disability.pension,employees,m,21,CUB,3
2022,disability.pension,employees,m,36,RUS,4
2022,disability.pension,employees,m,44,UKR,2
2022,disability.pension,employees,m,50,UKR,2
2022,disability.pension,employees,f,33,URY,2
2022,disability.pension,employees,m,36,CYP,1
2022,disability.pension,employees,f,39,UKR,2
2022,disability.pension,employees,m,20,TZA,1
2022,disability.pension,employees,m,36,CIV,3
2022,disability.pension,employees,m,38,BEN,1
2022,disability.pension,employees,m,51,BRA,4
2022,disability.pension,employees,m,40,KAZ,3
2022,disability.pension,employees,f,22,SYR,3
2022,disability.pension,employees,m,28,BLR,4
2022,disability.pension,employees,m,81,ESP,2
2022,disability.pension,employees,m,26,JAM,1
2022,disability.pension,employees,m,51,VEN,1
2022,disability.pension,employees,f,62,ITA,2
2022,disability.pension,employees,m,62,CYP,1
2022,disability.pension,employees,f,64,CAN,1
2022,disability.pension,employees,m,43,AGO,1
2022,disability.pension,employees,f,48,CHN,2
2022,disability.pension,employees,m,47,UKR,2
2022,disability.pension,employees,m,50,KAZ,8
2022,disability.pension,employees,f,37,ARM,2
2022,disability.pension,employees,f,40,EGY,2
2022,disability.pension,employees,f,43,PAK,3
2022,disability.pension,employees,f,43,MNG,2
2022,disability.pension,employees,f,47,UKR,2
2022,disability.pension,employees,f,60,FRA,2
2022,disability.pension,employees,m,38,MUS,2
2022,disability.pension,employees,m,38,RWA,3
2022,disability.pension,employees,m,42,YEM,7
2022,disability.pension,employees,m,32,YEM,2
2022,disability.pension,employees,f,41,AFG,2
2022,disability.pension,employees,m,64,BLR,5
2022,disability.pension,employees,m,41,MAR,2
2022,disability.pension,employees,f,35,UKR,2
2022,disability.pension,employees,f,35,MDA,3
2022,disability.pension,employees,f,42,BLR,2
2022,disability.pension,employees,f,45,AZE,4
2022,disability.pension,employees,m,38,EGY,2
2022,disability.pension,employees,f,46,NER,1
2022,disability.pension,employees,m,40,MYS,1
2022,disability.pension,employees,m,58,MYS,2
2022,disability.pension,employees,m,49,MYS,1
2022,disability.pension,employees,m,37,MNG,2
2022,disability.pension,employees,m,21,LVA,3
2022,disability.pension,employees,f,42,UKR,4
2022,disability.pension,employees,m,46,MKD,3
2022,disability.pension,employees,m,18,NLD,1
2022,disability.pension,employees,m,63,SVN,1
2022,disability.pension,employees,f,55,ITA,3
2022,disability.pension,employees,f,77,ARM,1
2022,disability.pension,employees,m,89,UKR,1
2022,disability.pension,employees,f,95,UKR,1
2022,disability.pension,employees,f,38,AFG,2
2022,disability.pension,employees,m,77,CZE,2
2022,disability.pension,employees,f,30,TZA,4
2022,disability.pension,employees,f,20,TZA,1
2022,disability.pension,employees,m,40,CZE,2
2022,disability.pension,employees,f,51,SVK,4
2022,disability.pension,employees,m,50,AFG,3
2022,disability.pension,employees,f,64,DNK,1
2022,disability.pension,employees,m,19,GRC,1
2022,disability.pension,employees,f,39,YEM,1
2022,disability.pension,employees,f,54,HRV,2
2022,disability.pension,employees,m,50,UKR,2
2022,disability.pension,employees,m,69,UZB,1
2022,disability.pension,employees,m,42,ARM,2
2022,disability.pension,employees,m,32,CHE,2
2022,disability.pension,employees,m,32,SAU,1
2022,disability.pension,employees,f,52,CAN,1
2022,disability.pension,employees,m,43,CZE,2
2022,disability.pension,employees,m,53,LKA,1
2022,disability.pension,employees,m,27,KOR,14
2022,disability.pension,employees,m,50,ALB,2
2022,disability.pension,employees,m,63,KOR,3
2022,disability.pension,employees,m,60,KOR,7
2022,disability.pension,employees,f,63,KOR,2
2022,disability.pension,employees,f,40,SWE,2
2022,disability.pension,employees,f,61,CZE,3
2022,disability.pension,employees,f,60,CZE,4
2022,disability.pension,employees,f,37,KGZ,3
2022,disability.pension,employees,f,83,KOR,1
2022,disability.pension,employees,m,50,RWA,1
2022,disability.pension,employees,m,38,JAM,2
2022,disability.pension,employees,m,25,TJK,2
2022,disability.pension,employees,f,43,BIH,1
2022,disability.pension,employees,f,32,BIH,4
2022,disability.pension,employees,f,21,BIH,1
2022,disability.pension,employees,m,62,CUB,1
2022,disability.pension,employees,m,85,UKR,1
2022,disability.pension,employees,m,77,AUS,1
2022,disability.pension,employees,f,58,SYR,1
2022,disability.pension,employees,m,39,SVK,3
2022,disability.pension,employees,f,45,ARG,1
2022,disability.pension,employees,m,17,UZB,1
2022,disability.pension,employees,m,13,AGO,1
2022,disability.pension,employees,m,54,ARG,1
2022,disability.pension,employees,f,75,MEX,1
2022,disability.pension,employees,f,38,COL,9
2022,disability.pension,employees,f,33,MEX,2
2022,disability.pension,employees,f,46,MDG,1
2022,disability.pension,employees,f,36,MMR,2
2022,disability.pension,employees,f,32,LVA,7
2022,disability.pension,employees,f,39,BEL,1
2022,disability.pension,employees,m,58,MAR,1
2022,disability.pension,employees,m,31,UKR,5
2022,disability.pension,employees,m,49,IDN,2
2022,disability.pension,employees,m,25,ROU,4
2022,disability.pension,employees,m,65,SVK,2
2022,disability.pension,employees,m,24,UKR,2
2022,disability.pension,employees,m,103,UKR,1
2022,disability.pension,employees,f,62,ROU,40
2022,disability.pension,employees,f,47,ROU,24
2022,disability.pension,employees,m,56,TJK,3
2022,disability.pension,employees,m,18,LVA,4
2022,disability.pension,employees,f,61,ROU,8
2022,disability.pension,employees,f,65,ROU,6
2022,disability.pension,employees,f,50,HUN,1
2022,disability.pension,employees,m,54,MKD,3
2022,disability.pension,employees,f,51,NPL,3
2022,disability.pension,employees,f,38,UKR,2
2022,disability.pension,employees,m,49,BRA,2
2022,disability.pension,employees,m,55,QAT,1
2022,disability.pension,employees,f,40,BLR,3
2022,disability.pension,employees,m,52,CUB,1
2022,disability.pension,employees,f,30,BGR,2
2022,disability.pension,employees,f,26,UKR,3
2022,disability.pension,employees,m,61,ITA,2
2022,disability.pension,employees,f,67,ESP,1
2022,disability.pension,employees,m,64,KOR,2
2022,disability.pension,employees,m,36,TZA,4
2022,disability.pension,employees,f,70,GEO,1
2022,disability.pension,employees,m,69,ESP,1
2022,disability.pension,employees,m,57,KGZ,3
2022,disability.pension,employees,m,60,ITA,6
2022,disability.pension,employees,m,18,TUR,2
2022,disability.pension,employees,m,56,RUS,4
2022,disability.pension,employees,f,47,NPL,3
2022,disability.pension,employees,m,23,DNK,3
2022,disability.pension,employees,f,55,DZA,1
2022,disability.pension,employees,m,33,UKR,10
2022,disability.pension,employees,f,70,CZE,1
2022,disability.pension,employees,m,22,PER,4
2022,disability.pension,employees,m,59,BGD,1
2022,disability.pension,employees,f,56,UKR,6
2022,disability.pension,employees,f,21,PER,2
2022,disability.pension,employees,m,26,PER,4
2022,disability.pension,employees,f,40,BGD,2
2022,disability.pension,employees,m,68,YUG,1
2022,disability.pension,employees,m,65,BGD,1
2022,disability.pension,employees,m,45,NGA,2
2022,disability.pension,employees,m,40,HRV,2
2022,disability.pension,employees,m,61,IND,2
2022,disability.pension,employees,m,58,JPN,7
2022,disability.pension,employees,m,37,KAZ,2
2022,disability.pension,employees,f,31,ROU,4
2022,disability.pension,employees,f,69,CHN,1
2022,disability.pension,employees,f,46,AZE,2
2022,disability.pension,employees,f,25,CHL,1
2022,disability.pension,employees,m,22,CHN,2
2022,disability.pension,employees,m,28,ARM,2
2022,disability.pension,employees,f,24,KOR,4
2022,disability.pension,employees,m,51,CHN,2
2022,disability.pension,employees,f,46,NLD,1
2022,disability.pension,employees,f,65,KOR,2
2022,disability.pension,employees,m,62,LUX,1
2022,disability.pension,employees,m,85,CAN,1
2022,disability.pension,employees,m,80,GRC,1
2022,disability.pension,employees,f,58,AFG,5
2022,disability.pension,employees,f,25,CHE,1
2022,disability.pension,employees,f,28,NZL,1
2022,disability.pension,employees,f,21,JPN,1
2022,disability.pension,employees,m,59,USA,4
2022,disability.pension,employees,m,51,ESP,6
2022,disability.pension,employees,m,42,CMR,2
2022,disability.pension,employees,f,44,ISR,2
2022,disability.pension,employees,f,65,DNK,1
2022,disability.pension,employees,m,85,RUS,2
2022,disability.pension,employees,f,44,SVK,2
2022,disability.pension,employees,f,59,CHN,9
2022,disability.pension,employees,m,73,DNK,2
2022,disability.pension,employees,m,54,ARM,2
2022,disability.pension,employees,f,31,ARM,2
2022,disability.pension,employees,m,86,DEU,1
2022,disability.pension,employees,f,72,UKR,2
2022,disability.pension,employees,m,76,DNK,3
2022,disability.pension,employees,f,46,NGA,2
2022,disability.pension,employees,f,58,UKR,2
2022,disability.pension,employees,f,50,UKR,2
2022,disability.pension,employees,m,53,NLD,4
2022,disability.pension,employees,f,51,DNK,1
2022,disability.pension,employees,f,40,AZE,5
2022,disability.pension,employees,f,51,GRC,2
2022,disability.pension,employees,m,55,LAO,1
2022,disability.pension,employees,m,67,DEU,2
2022,disability.pension,employees,f,30,BLR,4
2022,disability.pension,employees,m,55,UKR,2
2022,disability.pension,employees,m,29,COG,2
2022,disability.pension,employees,m,44,DNK,11
2022,disability.pension,employees,f,29,NLD,2
2022,disability.pension,employees,m,28,SVN,7
2022,disability.pension,employees,m,25,NLD,2
2022,disability.pension,employees,f,29,NER,2
2022,disability.pension,employees,m,26,SWE,2
2022,disability.pension,employees,f,27,ITA,3
2022,disability.pension,employees,f,19,ZWE,3
2022,disability.pension,employees,m,23,THA,2
2022,disability.pension,employees,f,21,THA,1
2022,disability.pension,employees,m,30,IRL,4
2022,disability.pension,employees,m,20,VEN,4
2022,disability.pension,employees,m,18,VEN,1
2022,disability.pension,employees,m,17,VEN,1
2022,disability.pension,employees,m,16,DNK,1
2022,disability.pension,employees,m,18,IRN,2
2022,disability.pension,employees,f,55,DNK,1
2022,disability.pension,employees,m,73,SWE,3
2022,disability.pension,employees,f,58,CAN,1
2022,disability.pension,employees,f,24,DNK,1
2022,disability.pension,employees,m,29,UKR,2
2022,disability.pension,employees,m,38,AFG,2
2022,disability.pension,employees,m,31,BGD,3
2022,disability.pension,employees,m,28,BGD,3
2022,disability.pension,employees,m,22,HRV,2
2022,disability.pension,employees,f,52,DEU,2
2022,disability.pension,employees,m,33,UKR,2
2022,disability.pension,employees,f,45,GEO,2
2022,disability.pension,employees,m,33,PAN,1
2022,disability.pension,employees,m,72,SVK,1
2022,disability.pension,employees,f,54,UGA,1
2022,disability.pension,employees,m,21,HRV,5
2022,disability.pension,employees,m,25,BIH,2
2022,disability.pension,employees,f,28,AGO,2
2022,disability.pension,employees,f,45,NOR,1
2022,disability.pension,employees,f,59,NOR,1
2022,disability.pension,employees,m,45,AGO,1
2022,disability.pension,employees,m,61,LTU,2
2022,disability.pension,employees,f,38,NIC,1
2022,disability.pension,employees,f,29,ZWE,4
2022,disability.pension,employees,f,22,MLI,1
2022,disability.pension,employees,f,24,NLD,5
2022,disability.pension,employees,m,39,TKM,2
2022,disability.pension,employees,m,30,MYS,3
2022,disability.pension,employees,m,47,MYS,1
2022,disability.pension,employees,m,45,KWT,1
2022,disability.pension,employees,f,26,DNK,1
2022,disability.pension,employees,m,25,NIC,1
2022,disability.pension,employees,m,32,URY,2
2022,disability.pension,employees,m,22,PHL,1
2022,disability.pension,employees,m,68,ROU,3
2022,disability.pension,employees,m,40,ARM,2
2022,disability.pension,employees,m,34,UKR,4
2022,disability.pension,employees,m,34,GEO,4
2022,disability.pension,employees,m,55,BLR,3
2022,disability.pension,employees,m,32,CRI,3
2022,disability.pension,employees,m,49,NLD,2
2022,disability.pension,employees,m,46,ESP,4
2022,disability.pension,employees,f,60,HUN,2
2022,disability.pension,employees,m,56,HRV,4
2022,disability.pension,employees,f,50,LTU,3
2022,disability.pension,employees,m,62,NOR,1
2022,disability.pension,employees,m,72,BEL,2
2022,disability.pension,employees,f,61,SWE,1
2022,disability.pension,employees,m,70,IRL,1
2022,disability.pension,employees,f,26,IDN,2
2022,disability.pension,employees,f,25,GHA,4
2022,disability.pension,employees,f,32,RUS,2
2022,disability.pension,employees,m,19,ETH,1
2022,disability.pension,employees,f,57,ARM,2
2022,disability.pension,employees,m,57,CYP,2
2022,disability.pension,employees,m,67,BEL,1
2022,disability.pension,employees,f,38,TTO,1
2022,disability.pension,employees,f,52,UKR,2
2022,disability.pension,employees,f,51,ARM,2
2022,disability.pension,employees,m,53,KGZ,2
2022,disability.pension,employees,m,33,RWA,4
2022,disability.pension,employees,m,43,TKM,6
2022,disability.pension,employees,m,24,TJK,2
2022,disability.pension,employees,m,47,RWA,1
2022,disability.pension,employees,f,50,TKM,2
2022,disability.pension,employees,f,23,NPL,2
2022,disability.pension,employees,f,46,UZB,4
2022,disability.pension,employees,f,54,TUR,2
2022,disability.pension,employees,f,57,TKM,2
2022,disability.pension,employees,m,25,UGA,1
2022,disability.pension,employees,m,35,NPL,2
2022,disability.pension,employees,f,26,NPL,4
2022,disability.pension,employees,m,34,UGA,2
2022,disability.pension,employees,m,32,UGA,2
2022,disability.pension,employees,m,0,NPL,1
2022,disability.pension,employees,m,34,KAZ,2
2022,disability.pension,employees,m,46,VEN,3
2022,disability.pension,employees,f,0,TKM,1
2022,disability.pension,employees,m,64,HUN,2
2022,disability.pension,employees,f,45,KEN,1
2022,disability.pension,employees,f,29,GHA,1
2022,disability.pension,employees,m,67,LBN,1
2022,disability.pension,employees,m,49,BGD,2
2022,disability.pension,employees,m,27,UKR,5
2022,disability.pension,employees,f,37,ESP,2
2022,disability.pension,employees,m,55,CZE,2
2022,disability.pension,employees,m,79,MKD,1
2022,disability.pension,employees,f,36,SWE,2
2022,disability.pension,employees,m,49,CHE,2
2022,disability.pension,employees,m,53,ALB,1
2022,disability.pension,employees,f,67,KAZ,1
2022,disability.pension,employees,m,45,PAK,4
2022,disability.pension,employees,m,62,BRA,2
2022,disability.pension,employees,m,62,PRY,1
2022,disability.pension,employees,m,61,AFG,3
2022,disability.pension,employees,f,54,THA,2
2022,disability.pension,employees,f,33,THA,2
2022,disability.pension,employees,m,46,NPL,2
2022,disability.pension,employees,m,37,ISR,3
2022,disability.pension,employees,f,52,MEX,1
2022,disability.pension,employees,m,45,JPN,7
2022,disability.pension,employees,m,38,JPN,9
2022,disability.pension,employees,f,58,ARM,4
2022,disability.pension,employees,f,66,NOR,1
2022,disability.pension,employees,m,65,JPN,1
2022,disability.pension,employees,m,58,CZE,2
2022,disability.pension,employees,m,68,JPN,1
2022,disability.pension,employees,m,56,ESP,5
2022,disability.pension,employees,m,63,PER,1
2022,disability.pension,employees,m,27,PSE,3
2022,disability.pension,employees,m,28,PSE,2
2022,disability.pension,employees,f,48,URY,1
2022,disability.pension,employees,m,36,KOR,8
2022,disability.pension,employees,f,20,UKR,2
2022,disability.pension,employees,m,21,ROU,2
2022,disability.pension,employees,f,55,KOR,1
2022,disability.pension,employees,m,57,AUS,2
2022,disability.pension,employees,f,31,UKR,2
2022,disability.pension,employees,f,37,BGD,2
2022,disability.pension,employees,f,19,UKR,4
2022,disability.pension,employees,f,24,UKR,2
2022,disability.pension,employees,m,45,KEN,3
2022,disability.pension,employees,f,50,BLR,4
2022,disability.pension,employees,f,29,PER,3
2022,disability.pension,employees,m,43,GBR,2
2022,disability.pension,employees,f,83,CZE,1
2022,disability.pension,employees,m,83,HUN,1
2022,disability.pension,employees,m,39,FRA,2
2022,disability.pension,employees,f,43,JPN,1
2022,disability.pension,employees,m,82,ARG,1
2022,disability.pension,employees,m,42,ARG,2
2022,disability.pension,employees,f,24,NPL,2
2022,disability.pension,employees,m,31,NPL,2
2022,disability.pension,employees,f,58,GBR,2
2022,disability.pension,employees,f,35,TWN,2
2022,disability.pension,employees,m,59,BRA,1
2022,disability.pension,employees,f,46,PAK,1
2022,disability.pension,employees,f,27,GHA,2
2022,disability.pension,employees,f,47,MYS,1
2022,disability.pension,employees,f,47,ALB,1
2022,disability.pension,employees,f,37,PRT,4
2022,disability.pension,employees,m,39,SLV,3
2022,disability.pension,employees,f,28,CHL,2
2022,disability.pension,employees,m,38,IND,4
2022,disability.pension,employees,f,42,NZL,1
2022,disability.pension,employees,f,23,BWA,1
2022,disability.pension,employees,m,20,MOZ,2
2022,disability.pension,employees,f,30,LTU,3
2022,disability.pension,employees,f,32,ETH,4
2022,disability.pension,employees,f,34,COL,3
2022,disability.pension,employees,m,44,SVK,2
2022,disability.pension,employees,m,24,ZMB,1
2022,disability.pension,employees,f,70,GBR,1
2022,disability.pension,employees,m,46,ETH,3
2022,disability.pension,employees,m,45,ETH,1
2022,disability.pension,employees,m,34,USA,2
2022,disability.pension,employees,f,2,IND,1
2022,disability.pension,employees,m,55,NER,1
2022,disability.pension,employees,f,62,JOR,2
2022,disability.pension,employees,m,49,IND,3
2022,disability.pension,employees,f,45,UKR,2
2022,disability.pension,employees,f,53,CAN,2
2022,disability.pension,employees,m,79,USA,1
2022,disability.pension,employees,m,51,HND,1
2022,disability.pension,employees,m,39,HND,2
2022,disability.pension,employees,m,33,DOM,1
2022,disability.pension,employees,m,65,UKR,2
2022,disability.pension,employees,m,47,ESP,4
2022,disability.pension,employees,f,34,SYR,2
2022,disability.pension,employees,m,30,IRQ,4
2022,disability.pension,employees,m,29,CHN,2
2022,disability.pension,employees,m,28,NGA,2
2022,disability.pension,employees,m,27,PAK,2
2022,disability.pension,employees,f,32,BOL,2
2022,disability.pension,employees,m,32,CHL,3
2022,disability.pension,employees,f,29,CMR,6
2022,disability.pension,employees,f,42,NER,1
2022,disability.pension,employees,m,43,SLE,1
2022,disability.pension,employees,m,49,LTU,2
2022,disability.pension,employees,m,44,LTU,2
2022,disability.pension,employees,f,51,ZAF,2
2022,disability.pension,employees,f,30,LTU,4
2022,disability.pension,employees,f,38,PRT,2
2022,disability.pension,employees,f,22,UKR,2
2022,disability.pension,employees,f,45,FIN,2
2022,disability.pension,employees,f,59,NLD,1
2022,disability.pension,employees,f,38,BEN,1
2022,disability.pension,employees,f,38,SGP,1
2022,disability.pension,employees,m,38,MDG,1
2022,disability.pension,employees,f,34,COG,1
2022,disability.pension,employees,m,34,HUN,6
2022,disability.pension,employees,f,44,SEN,1
2022,disability.pension,employees,f,36,DNK,2
2022,disability.pension,employees,m,49,ECU,1
2022,disability.pension,employees,f,31,FIN,2
2022,disability.pension,employees,f,39,GAB,1
2022,disability.pension,employees,m,38,CHE,2
2022,disability.pension,employees,m,31,LBY,1
2022,disability.pension,employees,f,36,GRC,4
2022,disability.pension,employees,f,27,PRT,4
2022,disability.pension,employees,f,28,FIN,4
2022,disability.pension,employees,f,58,ZAF,1
2022,disability.pension,employees,f,22,FIN,1
2022,disability.pension,employees,f,31,GIN,1
2022,disability.pension,employees,m,58,TUN,1
2022,disability.pension,employees,f,32,CYP,1
2022,disability.pension,employees,f,40,GRC,1
2022,disability.pension,employees,m,24,ROU,10
2022,disability.pension,employees,f,39,MUS,1
2022,disability.pension,employees,m,24,MOZ,4
2022,disability.pension,employees,f,40,EST,3
2022,disability.pension,employees,m,25,MOZ,2
2022,disability.pension,employees,m,40,KHM,1
2022,disability.pension,employees,m,33,MDG,1
2022,disability.pension,employees,m,25,NGA,3
2022,disability.pension,employees,f,19,FRA,1
2022,disability.pension,employees,m,21,GRC,3
2022,disability.pension,employees,m,38,GTM,1
2022,disability.pension,employees,f,36,GTM,2
2022,disability.pension,employees,f,22,DZA,2
2022,disability.pension,employees,f,54,GRC,1
2022,disability.pension,employees,m,19,SWE,2
2022,disability.pension,employees,f,19,MAR,1
2022,disability.pension,employees,f,33,ISR,3
2022,disability.pension,employees,f,26,FIN,2
2022,disability.pension,employees,f,18,AUT,1
2022,disability.pension,employees,f,28,DZA,2
2022,disability.pension,employees,m,28,GIN,3
2022,disability.pension,employees,m,60,PER,1
2022,disability.pension,employees,f,0,BLR,1
2022,disability.pension,employees,f,43,MEX,3
2022,disability.pension,employees,f,37,DNK,1
2022,disability.pension,employees,f,34,VEN,1
2022,disability.pension,employees,f,30,FIN,4
2022,disability.pension,employees,f,27,FIN,2
2022,disability.pension,employees,f,25,NOR,3
2022,disability.pension,employees,f,41,TWN,1
2022,disability.pension,employees,m,26,HUN,2
2022,disability.pension,employees,f,29,PSE,2
2022,disability.pension,employees,m,27,TWN,1
2022,disability.pension,employees,m,26,DEU,2
2022,disability.pension,employees,m,22,ZAF,3
2022,disability.pension,employees,m,38,ETH,3
2022,disability.pension,employees,m,63,RUS,3
2022,disability.pension,employees,m,64,SVK,2
2022,disability.pension,employees,f,68,PAK,1
2022,disability.pension,employees,m,57,BGR,2
2022,disability.pension,employees,m,47,BGR,2
2022,disability.pension,employees,m,55,PAK,2
2022,disability.pension,employees,m,52,RUS,6
2022,disability.pension,employees,m,51,RUS,4
2022,disability.pension,employees,m,63,LBY,2
2022,disability.pension,employees,m,57,RUS,6
2022,disability.pension,employees,m,66,KAZ,2
2022,disability.pension,employees,m,37,MAR,4
2022,disability.pension,employees,m,42,EGY,2
2022,disability.pension,employees,m,25,BGR,2
2022,disability.pension,employees,m,32,TKM,3
2022,disability.pension,employees,m,48,EGY,2
2022,disability.pension,employees,m,18,RUS,3
2022,disability.pension,employees,m,47,AFG,2
2022,disability.pension,employees,f,72,GBR,1
2022,disability.pension,employees,f,60,ISR,1
2022,disability.pension,employees,f,61,SVN,1
2022,disability.pension,employees,m,52,DEU,3
2022,disability.pension,employees,m,59,GBR,4
2022,disability.pension,employees,m,59,UNKNOWN,1
2022,disability.pension,employees,m,64,MEX,1
2022,disability.pension,employees,f,71,GBR,2
2022,disability.pension,employees,m,43,JPN,2
2022,disability.pension,employees,m,65,MNG,1
2022,disability.pension,employees,f,47,CZE,2
2022,disability.pension,employees,m,71,IRL,1
2022,disability.pension,employees,m,66,MEX,1
2022,disability.pension,employees,m,45,USA,2
2022,disability.pension,employees,m,74,IRN,1
2022,disability.pension,employees,m,47,JPN,2
2022,disability.pension,employees,m,41,ITA,3
2022,disability.pension,employees,m,39,RWA,2
2022,disability.pension,employees,f,30,GBR,2
2022,disability.pension,employees,f,36,IND,6
2022,disability.pension,employees,f,50,NLD,2
2022,disability.pension,employees,f,38,ISR,1
2022,disability.pension,employees,f,45,VGB,1
2022,disability.pension,employees,f,59,HUN,1
2022,disability.pension,employees,m,32,VGB,1
2022,disability.pension,employees,m,35,VGB,1
2022,disability.pension,employees,m,28,VGB,1
2022,disability.pension,employees,f,33,KOR,3
2022,disability.pension,employees,m,22,HUN,2
2022,disability.pension,employees,f,74,CZE,1
2022,disability.pension,employees,m,77,CHE,3
2022,disability.pension,employees,f,62,ERI,1
2022,disability.pension,employees,f,40,BGR,2
2022,disability.pension,employees,f,56,ESP,1
2022,disability.pension,employees,f,43,NAM,1
2022,disability.pension,employees,f,60,LTU,2
2022,disability.pension,employees,f,28,UKR,6
2022,disability.pension,employees,m,81,BEL,1
2022,disability.pension,employees,m,88,UKR,1
2022,disability.pension,employees,m,82,FRA,1
2022,disability.pension,employees,f,68,GRC,1
2022,disability.pension,employees,m,57,MNG,3
2022,disability.pension,employees,f,42,CHE,1
2022,disability.pension,employees,f,34,JAM,1
2022,disability.pension,employees,m,29,SVK,2
2022,disability.pension,employees,m,25,MKD,2
2022,disability.pension,employees,f,34,BIH,2
2022,disability.pension,employees,m,68,IND,2
2022,disability.pension,employees,f,44,NOR,2
2022,disability.pension,employees,f,47,IRL,2
2022,disability.pension,employees,f,35,VNM,5
2022,disability.pension,employees,f,45,UKR,3
2022,disability.pension,employees,f,70,LTU,3
2022,disability.pension,employees,f,43,AFG,2
2022,disability.pension,employees,m,76,ARG,1
2022,disability.pension,employees,f,55,GRC,1
2022,disability.pension,employees,m,75,CAN,1
2022,disability.pension,employees,m,73,SYR,1
2022,disability.pension,employees,m,69,SYR,1
2022,disability.pension,employees,m,74,SWE,3
2022,disability.pension,employees,m,93,ITA,1
2022,disability.pension,employees,f,66,UZB,1
2022,disability.pension,employees,f,44,KOR,2
2022,disability.pension,employees,f,36,KAZ,3
2022,disability.pension,employees,f,47,ROU,3
2022,disability.pension,employees,m,47,PER,2
2022,disability.pension,employees,m,59,AUS,3
2022,disability.pension,employees,m,37,CRI,4
2022,disability.pension,employees,m,36,PSE,1
2022,disability.pension,employees,f,38,CHL,1
2022,disability.pension,employees,f,34,EGY,2
2022,disability.pension,employees,f,43,IRQ,1
2022,disability.pension,employees,f,57,DEU,2
2022,disability.pension,employees,f,22,MDA,3
2022,disability.pension,employees,f,24,BLR,4
2022,disability.pension,employees,f,50,UKR,4
2022,disability.pension,employees,f,49,AUS,1
2022,disability.pension,employees,f,48,TJK,1
2022,disability.pension,employees,m,56,BGR,2
2022,disability.pension,employees,f,28,UZB,2
2022,disability.pension,employees,m,55,ISR,3
2022,disability.pension,employees,m,33,NZL,1
2022,disability.pension,employees,f,25,NLD,2
2022,disability.pension,employees,f,32,DNK,1
2022,disability.pension,employees,f,48,CRI,2
2022,disability.pension,employees,f,30,EGY,3
2022,disability.pension,employees,m,39,CRI,1
2022,disability.pension,employees,m,30,SDN,2
2022,disability.pension,employees,f,70,FRA,1
2022,disability.pension,employees,f,31,DEU,2
2022,disability.pension,employees,f,59,CAN,2
2022,disability.pension,employees,m,56,GBR,3
2022,disability.pension,employees,m,70,ITA,4
2022,disability.pension,employees,m,37,ITA,4
2022,disability.pension,employees,f,39,CHE,1
2022,disability.pension,employees,f,31,ECU,2
2022,disability.pension,employees,m,24,IRL,1
2022,disability.pension,employees,m,60,FRA,4
2022,disability.pension,employees,m,81,RUS,2
2022,disability.pension,employees,m,79,JPN,1
2022,disability.pension,employees,m,56,AUT,2
2022,disability.pension,employees,f,74,CHN,1
2022,disability.pension,employees,f,51,AUT,2
2022,disability.pension,employees,f,36,LBN,3
2022,disability.pension,employees,f,29,ISR,1
2022,disability.pension,employees,m,38,IRL,2
2022,disability.pension,employees,f,31,CHE,2
2022,disability.pension,employees,m,24,MKD,2
2022,disability.pension,employees,m,56,MEX,1
2022,disability.pension,employees,f,45,SVN,1
2022,disability.pension,employees,f,40,BIH,2
2022,disability.pension,employees,f,59,HRV,1
2022,disability.pension,employees,m,66,HRV,1
2022,disability.pension,employees,m,63,MEX,1
2022,disability.pension,employees,m,46,VNM,4
2022,disability.pension,employees,m,55,VNM,2
2022,disability.pension,employees,f,49,VNM,4
2022,disability.pension,employees,f,62,SWE,1
2022,disability.pension,employees,f,52,TZA,1
2022,disability.pension,employees,m,40,CHL,2
2022,disability.pension,employees,m,31,IRQ,2
2022,disability.pension,employees,m,65,USA,12
2022,disability.pension,employees,m,31,CHE,3
2022,disability.pension,employees,f,34,ECU,1
2022,disability.pension,employees,m,37,ETH,2
2022,disability.pension,employees,m,53,AUS,1
2022,disability.pension,employees,f,41,FIN,2
2022,disability.pension,employees,m,57,AUT,2
2022,disability.pension,employees,m,64,HUN,3
2022,disability.pension,employees,f,30,NOR,1
2022,disability.pension,employees,f,50,GBR,3
2022,disability.pension,employees,f,66,PHL,1
2022,disability.pension,employees,m,69,PHL,1
2022,disability.pension,employees,f,36,AFG,2
2022,disability.pension,employees,m,66,AFG,2
2022,disability.pension,employees,f,61,AFG,1
2022,disability.pension,employees,f,24,AFG,4
2022,disability.pension,employees,m,67,AFG,1
2022,disability.pension,employees,f,32,TJK,3
2022,disability.pension,employees,m,72,AFG,1
2022,disability.pension,employees,m,42,MNG,2
2022,disability.pension,employees,f,36,MEX,2
2022,disability.pension,employees,m,34,TUR,6
2022,disability.pension,employees,m,22,TUR,2
2022,disability.pension,employees,f,29,IND,4
2022,disability.pension,employees,m,40,BLR,4
2022,disability.pension,employees,f,53,GRC,2
2022,disability.pension,employees,m,18,USA,1
2022,disability.pension,employees,m,74,CHE,1
2022,disability.pension,employees,f,42,UKR,2
2022,disability.pension,employees,f,54,IRQ,2
2022,disability.pension,employees,f,54,COG,1
2022,disability.pension,employees,f,52,JPN,2
2022,disability.pension,employees,m,65,HRV,1
2022,disability.pension,employees,f,25,UKR,4
2022,disability.pension,employees,m,52,GRC,2
2022,disability.pension,employees,f,37,HRV,3
2022,disability.pension,employees,m,27,BIH,3
2022,disability.pension,employees,m,51,NOR,1
2022,disability.pension,employees,m,21,AUT,1
2022,disability.pension,employees,f,20,RWA,2
2022,disability.pension,employees,f,23,HRV,3
2022,disability.pension,employees,f,52,MKD,2
2022,disability.pension,employees,m,21,GRC,2
2022,disability.pension,employees,f,27,MYS,5
2022,disability.pension,employees,f,53,JPN,1
2022,disability.pension,employees,f,42,JPN,2
2022,disability.pension,employees,f,51,PER,1
2022,disability.pension,employees,m,61,KWT,1
2022,disability.pension,employees,f,49,BRA,2
2022,disability.pension,employees,m,55,ITA,3
2022,disability.pension,employees,f,33,JAM,2
2022,disability.pension,employees,m,64,DEU,3
2022,disability.pension,employees,f,51,MYS,1
2022,disability.pension,employees,m,46,DNK,2
2022,disability.pension,employees,f,36,BLR,4
2022,disability.pension,employees,f,50,KOR,3
2022,disability.pension,employees,f,46,KOR,2
2022,disability.pension,employees,m,75,BLR,2
2022,disability.pension,employees,m,38,VEN,2
2022,disability.pension,employees,m,30,CHE,1
2022,disability.pension,employees,f,59,AUT,1
2022,disability.pension,employees,f,30,BEL,2
2022,disability.pension,employees,f,69,FRA,2
2022,disability.pension,employees,m,26,ZAF,2
2022,disability.pension,employees,m,42,IRQ,2
2022,disability.pension,employees,f,55,FRA,1
2022,disability.pension,employees,f,65,COG,1
2022,disability.pension,employees,f,59,FRA,2
2022,disability.pension,employees,m,58,FIN,2
2022,disability.pension,employees,m,55,LVA,2
2022,disability.pension,employees,f,57,SVK,2
2022,disability.pension,employees,f,47,RUS,3
2022,disability.pension,employees,m,59,ARM,2
2022,disability.pension,employees,m,30,UKR,8
2022,disability.pension,employees,m,33,LTU,2
2022,disability.pension,employees,f,58,LTU,2
2022,disability.pension,employees,m,75,TUN,2
2022,disability.pension,employees,m,23,BLR,4
2022,disability.pension,employees,m,35,ALB,2
2022,disability.pension,employees,m,58,BGR,5
2022,disability.pension,employees,f,52,UKR,6
2022,disability.pension,employees,f,62,UKR,4
2022,disability.pension,employees,m,43,BLR,5
2022,disability.pension,employees,f,52,UKR,5
2022,disability.pension,employees,m,29,BEL,4
2022,disability.pension,employees,f,52,BLR,4
2022,disability.pension,employees,f,47,RUS,4
2022,disability.pension,employees,f,26,CUB,2
2022,disability.pension,employees,f,25,MNG,3
2022,disability.pension,employees,f,18,SLE,2
2022,disability.pension,employees,f,2,SLE,1
2022,disability.pension,employees,m,35,TZA,3
2022,disability.pension,employees,f,37,SYR,2
2022,disability.pension,employees,f,34,CRI,1
2022,disability.pension,employees,f,35,TJK,2
2022,disability.pension,employees,m,40,BEL,2
2022,disability.pension,employees,m,21,TJK,2
2022,disability.pension,employees,m,39,MEX,2
2022,disability.pension,employees,m,43,GTM,2
2022,disability.pension,employees,f,67,AFG,2
2022,disability.pension,employees,f,60,UKR,2
2022,disability.pension,employees,f,57,UGA,1
2022,disability.pension,employees,f,27,AGO,1
2022,disability.pension,employees,f,50,SVN,1
2022,disability.pension,employees,m,37,UKR,2
2022,disability.pension,employees,f,19,ARM,2
2022,disability.pension,employees,f,32,UZB,2
2022,disability.pension,employees,f,24,BEL,1
2022,disability.pension,employees,m,35,HTI,1
2022,disability.pension,employees,m,22,MLT,1
2022,disability.pension,employees,f,36,SVN,2
2022,disability.pension,employees,m,37,SEN,3
2022,disability.pension,employees,f,32,SVN,2
2022,disability.pension,employees,m,39,BRA,2
2022,disability.pension,employees,m,31,SYR,3
2022,disability.pension,employees,f,42,MEX,2
2022,disability.pension,employees,m,41,MKD,1
2022,disability.pension,employees,m,38,YEM,1
2022,disability.pension,employees,m,35,YEM,1
2022,disability.pension,employees,m,25,DEU,2
2022,disability.pension,employees,f,24,AGO,3
2022,disability.pension,employees,f,39,CAN,1
2022,disability.pension,employees,m,30,BIH,3
2022,disability.pension,employees,f,41,MNG,2
2022,disability.pension,employees,f,25,IRQ,2
2022,disability.pension,employees,f,40,YEM,1
2022,disability.pension,employees,m,27,MLI,2
2022,disability.pension,employees,f,31,YEM,1
2022,disability.pension,employees,m,26,NLD,2
2022,disability.pension,employees,m,24,SAU,1
2022,disability.pension,employees,f,28,MKD,1
2022,disability.pension,employees,f,24,CYP,2
2022,disability.pension,employees,f,30,YUG,1
2022,disability.pension,employees,m,35,CRI,3
2022,disability.pension,employees,m,30,LBY,1
2022,disability.pension,employees,m,24,BDI,2
2022,disability.pension,employees,m,37,SAU,2
2022,disability.pension,employees,m,34,BIH,3
2022,disability.pension,employees,m,40,SDN,2
2022,disability.pension,employees,f,22,KGZ,2
2022,disability.pension,employees,f,41,MKD,2
2022,disability.pension,employees,f,26,DZA,2
2022,disability.pension,employees,f,32,MAR,5
2022,disability.pension,employees,f,34,DOM,1
2022,disability.pension,employees,f,36,CHE,1
2022,disability.pension,employees,f,24,MKD,2
2022,disability.pension,employees,f,21,UGA,1
2022,disability.pension,employees,m,25,SDN,2
2022,disability.pension,employees,f,26,BIH,2
2022,disability.pension,employees,f,41,CMR,2
2022,disability.pension,employees,m,23,PAN,1
2022,disability.pension,employees,f,24,BIH,1
2022,disability.pension,employees,m,47,VEN,2
2022,disability.pension,employees,f,78,LTU,1
2022,disability.pension,employees,f,23,JPN,1
2022,disability.pension,employees,m,42,IRL,2
2022,disability.pension,employees,f,38,CUB,2
2022,disability.pension,employees,f,31,CHL,3
2022,disability.pension,employees,m,40,IRN,2
2022,disability.pension,employees,f,54,SWE,2
2022,disability.pension,employees,m,22,CYP,1
2022,disability.pension,employees,m,57,PAK,2
2022,disability.pension,employees,m,64,PAK,2
2022,disability.pension,employees,m,50,LTU,4
2022,disability.pension,employees,m,54,AUT,2
2022,disability.pension,employees,m,26,VNM,2
2022,disability.pension,employees,m,35,SGP,1
2022,disability.pension,employees,m,40,LBR,1
2022,disability.pension,employees,f,43,MKD,1
2022,disability.pension,employees,m,28,ZMB,3
2022,disability.pension,employees,m,32,SLV,1
2022,disability.pension,employees,m,64,ITA,2
2022,disability.pension,employees,m,75,TUR,2
2022,disability.pension,employees,f,,BLR,2
2022,disability.pension,employees,m,71,ESP,2
2022,disability.pension,employees,f,74,BEL,1
2022,disability.pension,employees,m,86,ITA,1
2022,disability.pension,employees,f,92,DEU,1
2022,disability.pension,employees,f,91,DEU,1
2022,disability.pension,employees,f,99,DEU,1
2022,disability.pension,employees,m,80,ITA,1
2022,disability.pension,employees,m,89,CAN,1
2022,disability.pension,employees,f,25,NLD,2
2022,disability.pension,employees,m,74,LKA,1
2022,disability.pension,employees,f,37,UKR,2
2022,disability.pension,employees,f,36,AGO,1
2022,disability.pension,employees,f,21,MAR,2
2022,disability.pension,employees,f,30,GMB,1
2022,disability.pension,employees,f,63,PAK,1
2022,disability.pension,employees,f,69,PRT,1
2022,disability.pension,employees,m,68,HUN,2
2022,disability.pension,employees,m,63,PAK,1
2022,disability.pension,employees,m,55,IRQ,2
2022,disability.pension,employees,f,41,UKR,6
2022,disability.pension,employees,f,29,PSE,2
2022,disability.pension,employees,f,36,TUR,2
2022,disability.pension,employees,f,29,VNM,4
2022,disability.pension,employees,f,36,ESP,2
2022,disability.pension,employees,f,33,IND,4
2022,disability.pension,employees,f,24,VNM,3
2022,disability.pension,employees,f,30,NPL,2
2022,disability.pension,employees,f,36,FRA,2
2022,disability.pension,employees,f,33,NPL,2
2022,disability.pension,employees,f,29,JPN,2
2022,disability.pension,employees,f,31,ZAF,2
2022,disability.pension,employees,f,49,USA,2
2022,disability.pension,employees,m,56,LBY,1
2022,disability.pension,employees,f,73,HUN,1
2022,disability.pension,employees,m,39,FIN,4
2022,disability.pension,employees,f,27,VEN,1
2022,disability.pension,employees,m,48,MEX,3
2022,disability.pension,employees,f,35,ALB,1
2022,disability.pension,employees,f,39,TJK,2
2022,disability.pension,employees,f,56,KGZ,1
2022,disability.pension,employees,f,36,ERI,1
2022,disability.pension,employees,f,32,TJK,2
2022,disability.pension,employees,f,36,TJK,1
2022,disability.pension,employees,f,47,MNG,2
2022,disability.pension,employees,m,26,UKR,4
2022,disability.pension,employees,f,30,CHE,1
2022,disability.pension,employees,m,56,ESP,2
2022,disability.pension,employees,m,16,ZWE,1
2022,disability.pension,employees,f,31,ECU,2
2022,disability.pension,employees,f,31,SVN,1
2022,disability.pension,employees,m,33,PAK,2
2022,disability.pension,employees,m,122,IND,2
2022,disability.pension,employees,m,26,MDG,1
2022,disability.pension,employees,f,26,HUN,2
2022,disability.pension,employees,f,39,IRQ,1
2022,disability.pension,employees,m,22,MYS,2
2022,disability.pension,employees,m,23,CZE,2
2022,disability.pension,employees,m,32,SVN,2
2022,disability.pension,employees,m,59,MAR,2
2022,disability.pension,employees,f,80,MYS,1
2022,disability.pension,employees,m,52,MLI,2
2022,disability.pension,employees,m,68,USA,2
2022,disability.pension,employees,f,10,TJK,1
2022,disability.pension,employees,m,8,LBY,1
2022,disability.pension,employees,f,11,LBY,1
2022,disability.pension,employees,f,36,KOR,1
2022,disability.pension,employees,m,38,NZL,2
2022,disability.pension,employees,f,41,KOR,5
2022,disability.pension,employees,m,49,HUN,2
2022,disability.pension,employees,m,70,TUR,1
2022,disability.pension,employees,f,54,KGZ,2
2022,disability.pension,employees,f,45,PRT,2
2022,disability.pension,employees,f,37,GUY,1
2022,disability.pension,employees,f,42,PAK,2
2022,disability.pension,employees,f,31,BGR,2
2022,disability.pension,employees,f,30,MKD,1
2022,disability.pension,employees,m,37,MYS,1
2022,disability.pension,employees,f,31,ZMB,2
2022,disability.pension,employees,m,39,YEM,1
2022,disability.pension,employees,f,29,IRQ,2
2022,disability.pension,employees,f,34,SGP,1
2022,disability.pension,employees,m,24,ZWE,3
2022,disability.pension,employees,f,39,JOR,1
2022,disability.pension,employees,m,32,SAU,2
2022,disability.pension,employees,f,40,IND,2
2022,disability.pension,employees,f,37,CRI,1
2022,disability.pension,employees,f,45,EGY,1
2022,disability.pension,employees,f,32,IDN,2
2022,disability.pension,employees,m,34,SLV,2
2022,disability.pension,employees,m,21,UZB,6
2022,disability.pension,employees,f,27,TJK,3
2022,disability.pension,employees,f,31,MYS,2
2022,disability.pension,employees,m,25,CRI,2
2022,disability.pension,employees,f,20,BGD,1
2022,disability.pension,employees,f,21,GHA,2
2022,disability.pension,employees,m,19,PAK,1
2022,disability.pension,employees,m,23,MLI,4
2022,disability.pension,employees,f,60,IND,2
2022,disability.pension,employees,f,77,ISR,1
2022,disability.pension,employees,m,31,CYP,1
2022,disability.pension,employees,f,24,JOR,1
2022,disability.pension,employees,m,27,SGP,1
2022,disability.pension,employees,m,27,JAM,1
2022,disability.pension,employees,m,21,CYP,1
2022,disability.pension,employees,m,61,ESP,2
2022,disability.pension,employees,m,39,ZAF,2
2022,disability.pension,employees,f,24,CIV,1
2022,disability.pension,employees,f,34,GAB,3
2022,disability.pension,employees,f,22,PAK,1
2022,disability.pension,employees,m,28,MUS,1
2022,disability.pension,employees,m,50,COL,2
2022,disability.pension,employees,f,9,BLR,1
2022,disability.pension,employees,f,38,TUR,2
2022,disability.pension,employees,m,62,ESP,6
2022,disability.pension,employees,f,38,LTU,2
2022,disability.pension,employees,m,54,LBN,1
2022,disability.pension,employees,m,27,GHA,2
2022,disability.pension,employees,m,45,MUS,2
2022,disability.pension,employees,m,22,SYR,1
2022,disability.pension,employees,m,49,CZE,4
2022,disability.pension,employees,f,42,CZE,2
2022,disability.pension,employees,f,31,JPN,3
2022,disability.pension,employees,m,37,RUS,2
2022,disability.pension,employees,m,47,JOR,1
2022,disability.pension,employees,m,52,LBY,2
2022,disability.pension,employees,f,59,SDN,1
2022,disability.pension,employees,f,47,SYR,1
2022,disability.pension,employees,f,47,TJK,1
2022,disability.pension,employees,f,42,TJK,2
2022,disability.pension,employees,m,64,ESP,5
2022,disability.pension,employees,m,85,ITA,1
2022,disability.pension,employees,f,36,TJK,2
2022,disability.pension,employees,m,62,ISR,8
2022,disability.pension,employees,f,59,CYP,1
2022,disability.pension,employees,m,79,HUN,1
2022,disability.pension,employees,m,79,FRA,1
2022,disability.pension,employees,m,75,TUN,1
2022,disability.pension,employees,f,54,EST,1
2022,disability.pension,employees,f,45,USA,2
2022,disability.pension,employees,f,49,UKR,2
2022,disability.pension,employees,f,34,AZE,2
2022,disability.pension,employees,m,40,IRQ,2
2022,disability.pension,employees,f,45,AFG,2
2022,disability.pension,employees,f,34,AFG,2
2022,disability.pension,employees,m,21,AFG,2
2022,disability.pension,employees,f,27,AFG,2
2022,disability.pension,employees,f,20,ETH,3
2022,disability.pension,employees,f,25,ETH,2
2022,disability.pension,employees,m,69,SVK,2
2022,disability.pension,employees,m,59,SOM,1
2022,disability.pension,employees,f,50,BLR,3
2022,disability.pension,employees,m,59,SEN,1
2022,disability.pension,employees,f,46,MKD,1
2022,disability.pension,employees,f,39,HRV,1
2022,disability.pension,employees,f,54,BLR,3
2022,disability.pension,employees,f,49,KOR,2
2022,disability.pension,employees,m,51,SDN,1
2022,disability.pension,employees,m,64,GBR,2
2022,disability.pension,employees,m,50,NLD,7
2022,disability.pension,employees,m,37,GHA,2
2022,disability.pension,employees,m,,VNM,1
2022,disability.pension,employees,m,46,TUR,4
2022,disability.pension,employees,m,45,TUN,2
2022,disability.pension,employees,m,64,TUR,2
2022,disability.pension,employees,m,30,IRL,2
2022,disability.pension,employees,m,20,LKA,1
2022,disability.pension,employees,f,50,MKD,2
2022,disability.pension,employees,m,53,ISR,3
2022,disability.pension,employees,m,28,CMR,3
2022,disability.pension,employees,f,39,ZMB,2
2022,disability.pension,employees,f,51,NOR,1
2022,disability.pension,employees,f,43,ROU,2
2022,disability.pension,employees,f,35,SDN,1
2022,disability.pension,employees,f,42,LKA,1
2022,disability.pension,employees,m,44,ETH,1
2022,disability.pension,employees,f,46,SYR,1
2022,disability.pension,employees,f,27,IND,4
2022,disability.pension,employees,m,45,BGD,2
2022,disability.pension,employees,m,26,SLE,1
2022,disability.pension,employees,f,41,TZA,1
2022,disability.pension,employees,m,53,PRT,4
2022,disability.pension,employees,m,48,GRC,2
2022,disability.pension,employees,m,65,HUN,1
2022,disability.pension,employees,m,41,JOR,3
2022,disability.pension,employees,m,53,EGY,2
2022,disability.pension,employees,m,35,URY,1
2022,disability.pension,employees,m,66,IND,2
2022,disability.pension,employees,f,51,VNM,4
2022,disability.pension,employees,f,53,SDN,1
2022,disability.pension,employees,f,43,ZAF,2
2022,disability.pension,employees,m,41,MUS,2
2022,disability.pension,employees,f,46,PAK,2
2022,disability.pension,employees,f,23,IRL,2
2022,disability.pension,employees,f,44,LVA,2
2022,disability.pension,employees,m,41,ZAF,2
2022,disability.pension,employees,f,38,ZAF,2
2022,disability.pension,employees,f,24,AFG,3
2022,disability.pension,employees,m,52,FIN,3
2022,disability.pension,employees,m,28,HRV,2
2022,disability.pension,employees,m,56,TUN,1
2022,disability.pension,employees,m,39,LBY,1
2022,disability.pension,employees,m,29,PAN,1
2022,disability.pension,employees,m,36,TGO,2
2022,disability.pension,employees,m,50,FIN,3
2022,disability.pension,employees,m,32,BEL,2
2022,disability.pension,employees,m,36,COG,1
2022,disability.pension,employees,m,27,LBR,1
2022,disability.pension,employees,m,35,HND,1
2022,disability.pension,employees,f,28,SWE,1
2022,disability.pension,employees,m,54,DNK,2
2022,disability.pension,employees,f,24,MLI,2
2022,disability.pension,employees,m,26,ECU,2
2022,disability.pension,employees,m,67,IRL,2
2022,disability.pension,employees,f,16,ARG,1
2022,disability.pension,employees,m,66,BEL,2
2022,disability.pension,employees,m,29,UZB,2
2022,disability.pension,employees,m,24,UKR,2
2022,disability.pension,employees,m,62,AZE,2
2022,disability.pension,employees,m,52,THA,2
2022,disability.pension,employees,f,55,NLD,2
2022,disability.pension,employees,f,35,CUB,3
2022,disability.pension,employees,f,30,NGA,3
2022,disability.pension,employees,f,48,CHL,1
2022,disability.pension,employees,m,62,USA,2
2022,disability.pension,employees,f,73,AZE,1
2022,disability.pension,employees,m,54,SYR,2
2022,disability.pension,employees,m,80,SOM,1
2022,disability.pension,employees,m,75,IRQ,2
2022,disability.pension,employees,f,74,BLR,1
2022,disability.pension,employees,m,57,NIC,1
2022,disability.pension,employees,m,67,IRL,1
2022,disability.pension,employees,m,35,BEN,1
2022,disability.pension,employees,f,46,ZAF,2
2022,disability.pension,employees,f,51,BEL,2
2022,disability.pension,employees,m,55,LBY,3
2022,disability.pension,employees,m,34,CHE,2
2022,disability.pension,employees,m,66,NOR,1
2022,disability.pension,employees,m,48,SEN,1
2022,disability.pension,employees,m,39,SEN,1
2022,disability.pension,employees,f,30,AGO,2
2022,disability.pension,employees,f,34,LVA,4
2022,disability.pension,employees,m,37,LUX,2
2022,disability.pension,employees,f,61,PRT,1
2022,disability.pension,employees,f,29,BLR,4
2022,disability.pension,employees,f,25,ZMB,3
2022,disability.pension,employees,f,44,SVN,1
2022,disability.pension,employees,f,31,SVK,4
2022,disability.pension,employees,f,27,EST,1
2022,disability.pension,employees,m,31,MLI,1
2022,disability.pension,employees,m,23,BIH,1
2022,disability.pension,employees,m,82,COG,1
2022,disability.pension,employees,f,23,EST,1
2022,disability.pension,employees,m,56,MAR,2
2022,disability.pension,employees,f,53,HRV,1
2022,disability.pension,employees,f,25,SDN,1
2022,disability.pension,employees,m,43,CMR,1
2022,disability.pension,employees,m,34,LBN,2
2022,disability.pension,employees,m,52,LBN,3
2022,disability.pension,employees,f,40,LBN,2
2022,disability.pension,employees,m,26,SDN,1
2022,disability.pension,employees,f,51,LBN,1
2022,disability.pension,employees,m,30,DEU,4
2022,disability.pension,employees,m,24,EGY,2
2022,disability.pension,employees,m,27,SAU,1
2022,disability.pension,employees,f,25,ISR,1
2022,disability.pension,employees,f,29,SDN,1
2022,disability.pension,employees,m,29,EGY,3
2022,disability.pension,employees,f,39,MOZ,1
2022,disability.pension,employees,m,64,PHL,1
2022,disability.pension,employees,f,82,CAN,1
2022,disability.pension,employees,f,42,FRA,2
2022,disability.pension,employees,f,52,TUN,1
2022,disability.pension,employees,f,21,TUN,1
2022,disability.pension,employees,m,20,TUR,4
2022,disability.pension,employees,m,21,PAK,2
2022,disability.pension,employees,m,41,SGP,2
2022,disability.pension,employees,m,40,NER,1
2022,disability.pension,employees,m,58,ROU,10
2022,disability.pension,employees,f,54,RUS,3
2022,disability.pension,employees,m,65,COL,1
2022,disability.pension,employees,f,22,EST,1
2022,disability.pension,employees,f,40,JAM,1
2022,disability.pension,employees,f,29,LTU,3
2022,disability.pension,employees,f,42,LTU,2
2022,disability.pension,employees,m,34,HTI,1
2022,disability.pension,employees,f,41,SWE,2
2022,disability.pension,employees,m,49,GRC,2
2022,disability.pension,employees,f,27,ZMB,2
2022,disability.pension,employees,m,25,BEL,2
2022,disability.pension,employees,f,30,NIC,1
2022,disability.pension,employees,m,27,GIN,2
2022,disability.pension,employees,f,38,SDN,1
2022,disability.pension,employees,f,52,MYS,1
2022,disability.pension,employees,f,111,BLR,1
2022,disability.pension,employees,f,19,GIN,1
2022,disability.pension,employees,m,40,LBN,1
2022,disability.pension,employees,f,41,MAR,2
2022,disability.pension,employees,f,37,SEN,2
2022,disability.pension,employees,f,36,MAR,1
2022,disability.pension,employees,m,54,BEL,3
2022,disability.pension,employees,f,51,EST,1
2022,disability.pension,employees,m,33,ZMB,2
2022,disability.pension,employees,f,52,TKM,1
2022,disability.pension,employees,m,30,ITA,3
2022,disability.pension,employees,m,29,KGZ,2
2022,disability.pension,employees,f,28,NAM,1
2022,disability.pension,employees,m,29,MOZ,1
2022,disability.pension,employees,m,63,NZL,1
2022,disability.pension,employees,m,35,CYP,1
2022,disability.pension,employees,m,33,ECU,2
2022,disability.pension,employees,m,26,MLI,1
2022,disability.pension,employees,f,21,KAZ,8
2022,disability.pension,employees,m,60,ISR,1
2022,disability.pension,employees,f,40,COL,2
2022,disability.pension,employees,m,6,DJI,1
2022,disability.pension,employees,m,24,TJK,2
2022,disability.pension,employees,m,122,ISR,1
2022,disability.pension,employees,f,39,IND,2
2022,disability.pension,employees,f,52,UGA,1
2022,disability.pension,employees,m,29,RUS,3
2022,disability.pension,employees,f,31,RUS,4
2022,disability.pension,employees,f,41,ROU,18
2022,disability.pension,employees,f,41,BOL,2
2022,disability.pension,employees,f,47,ZWE,2
2022,disability.pension,employees,f,50,ITA,2
2022,disability.pension,employees,m,46,SUR,1
2022,disability.pension,employees,f,48,VNM,2
2022,disability.pension,employees,f,48,KAZ,2
2022,disability.pension,employees,m,39,TJK,2
2022,disability.pension,employees,f,24,IRQ,1
2022,disability.pension,employees,f,27,TUN,2
2022,disability.pension,employees,m,47,SVN,3
2022,disability.pension,employees,m,64,BIH,1
2022,disability.pension,employees,m,55,BIH,2
2022,disability.pension,employees,m,49,BIH,3
2022,disability.pension,employees,m,43,BIH,4
2022,disability.pension,employees,m,19,BIH,1
2022,disability.pension,employees,m,44,CHN,2
2022,disability.pension,employees,m,52,UKR,2
2022,disability.pension,employees,f,39,ROU,2
2022,disability.pension,employees,f,39,CHL,1
2022,disability.pension,employees,m,23,VNM,2
2022,disability.pension,employees,f,61,ISR,1
2022,disability.pension,employees,m,45,GRD,1
2022,disability.pension,employees,f,28,COG,2
2022,disability.pension,employees,f,32,SEN,1
2022,disability.pension,employees,f,64,HUN,2
2022,disability.pension,employees,m,29,NGA,2
2022,disability.pension,employees,f,54,ROU,60
2022,disability.pension,employees,m,44,TWN,1
2022,disability.pension,employees,f,61,CHN,1
2022,disability.pension,employees,f,42,ROU,4
2022,disability.pension,employees,m,40,MEX,3
2022,disability.pension,employees,f,22,UKR,4
2022,disability.pension,employees,f,38,HND,1
2022,disability.pension,employees,f,28,DNK,2
2022,disability.pension,employees,f,39,SWE,2
2022,disability.pension,employees,m,30,TZA,2
2022,disability.pension,employees,f,27,NIC,1
2022,disability.pension,employees,f,31,NGA,4
2022,disability.pension,employees,f,68,BGR,6
2022,disability.pension,employees,f,53,BEL,2
2022,disability.pension,employees,f,29,CHL,1
2022,disability.pension,employees,f,51,CAN,1
2022,disability.pension,employees,m,68,VNM,3
2022,disability.pension,employees,f,79,VNM,1
2022,disability.pension,employees,f,40,UKR,6
2022,disability.pension,employees,f,31,TCD,1
2022,disability.pension,employees,f,24,SAU,3
2022,disability.pension,employees,f,31,VNM,4
2022,disability.pension,employees,m,34,TZA,3
2022,disability.pension,employees,f,36,MYS,2
2022,disability.pension,employees,f,123,MDA,1
2022,disability.pension,employees,f,72,VNM,1
2022,disability.pension,employees,m,59,CZE,4
2022,disability.pension,employees,m,41,PER,4
2022,disability.pension,employees,f,41,IDN,2
2022,disability.pension,employees,f,67,CHN,1
2022,disability.pension,employees,m,57,SAU,1
2022,disability.pension,employees,m,41,UKR,2
2022,disability.pension,employees,m,23,MLI,2
2022,disability.pension,employees,f,33,MRT,1
2022,disability.pension,employees,m,50,BEL,2
2022,disability.pension,employees,f,59,PRT,1
2022,disability.pension,employees,f,32,MLT,1
2022,disability.pension,employees,f,26,CYP,1
2022,disability.pension,employees,m,25,SLV,1
2022,disability.pension,employees,f,22,LBN,1
2022,disability.pension,employees,m,29,ROU,2
2022,disability.pension,employees,m,58,CHE,1
2022,disability.pension,employees,m,50,NER,2
2022,disability.pension,employees,f,26,SYR,1
2022,disability.pension,employees,f,54,PRT,2
2022,disability.pension,employees,m,23,CHE,2
2022,disability.pension,employees,m,43,CHN,4
2022,disability.pension,employees,f,41,EGY,2
2022,disability.pension,employees,m,21,ZAF,2
2022,disability.pension,employees,m,21,PSE,1
2022,disability.pension,employees,m,24,BWA,1
2022,disability.pension,employees,m,44,SWE,2
2022,disability.pension,employees,m,26,AUS,1
2022,disability.pension,employees,f,28,YEM,1
2022,disability.pension,employees,m,27,NZL,1
2022,disability.pension,employees,m,46,CHN,4
2022,disability.pension,employees,f,43,CHN,4
2022,disability.pension,employees,m,69,ROU,2
2022,disability.pension,employees,m,70,ROU,2
2022,disability.pension,employees,m,38,CHN,2
2022,disability.pension,employees,m,31,ZMB,2
2022,disability.pension,employees,m,38,BRA,2
2022,disability.pension,employees,m,42,AGO,2
2022,disability.pension,employees,m,27,LBY,2
2022,disability.pension,employees,m,75,SVK,1
2022,disability.pension,employees,m,36,ZWE,2
2022,disability.pension,employees,m,62,SVK,2
2022,disability.pension,employees,m,25,EGY,4
2022,disability.pension,employees,m,59,PRT,4
2022,disability.pension,employees,m,22,COL,2
2022,disability.pension,employees,f,44,UKR,2
2022,disability.pension,employees,f,31,CHN,4
2022,disability.pension,employees,f,43,UGA,3
2022,disability.pension,employees,m,52,ZMB,1
2022,disability.pension,employees,m,47,SDN,2
2022,disability.pension,employees,m,35,NOR,1
2022,disability.pension,employees,m,30,DOM,1
2022,disability.pension,employees,f,42,ALB,1
2022,disability.pension,employees,f,44,UKR,2
2022,disability.pension,employees,f,46,CHN,2
2022,disability.pension,employees,m,24,UZB,2
2022,disability.pension,employees,m,39,TUR,6
2022,disability.pension,employees,f,54,DNK,1
2022,disability.pension,employees,m,38,SLV,1
2022,disability.pension,employees,f,23,MLI,1
2022,disability.pension,employees,m,63,LBY,1
2022,disability.pension,employees,f,41,UKR,6
2022,disability.pension,employees,m,50,MDA,3
2022,disability.pension,employees,f,36,COL,3
2022,disability.pension,employees,f,65,USA,2
2022,disability.pension,employees,m,75,EGY,1
2022,disability.pension,employees,m,49,CHL,1
2022,disability.pension,employees,f,41,ECU,2
2022,disability.pension,employees,m,48,ARG,2
2022,disability.pension,employees,m,32,MEX,2
2022,disability.pension,employees,m,53,VNM,4
2022,disability.pension,employees,m,39,CHN,2
2022,disability.pension,employees,f,18,LVA,1
2022,disability.pension,employees,f,43,ETH,1
2022,disability.pension,employees,m,35,PAN,1
2022,disability.pension,employees,m,50,IRN,2
2022,disability.pension,employees,m,29,COL,2
2022,disability.pension,employees,m,25,VNM,2
2022,disability.pension,employees,m,23,SAU,2
2022,disability.pension,employees,m,72,ISR,1
2022,disability.pension,employees,f,47,NGA,2
2022,disability.pension,employees,m,73,GEO,1
2022,disability.pension,employees,m,21,MNG,1
2022,disability.pension,employees,f,23,UKR,6
2022,disability.pension,employees,m,47,BIH,1
2022,disability.pension,employees,m,48,BIH,2
2022,disability.pension,employees,f,44,BIH,1
2022,disability.pension,employees,m,37,TGO,1
2022,disability.pension,employees,f,37,DOM,2
2022,disability.pension,employees,m,66,CAN,1
2022,disability.pension,employees,m,49,SLV,1
2022,disability.pension,employees,f,62,PHL,1
2022,disability.pension,employees,m,54,IDN,2
2022,disability.pension,employees,m,21,UGA,1
2022,disability.pension,employees,f,46,PHL,4
2022,disability.pension,employees,f,77,ESP,1
2022,disability.pension,employees,m,48,CHE,1
2022,disability.pension,employees,f,28,LKA,1
2022,disability.pension,employees,f,31,AZE,2
2022,disability.pension,employees,f,33,IRQ,1
2022,disability.pension,employees,f,22,IND,2
2022,disability.pension,employees,m,24,UKR,2
2022,disability.pension,employees,f,32,PRT,4
2022,disability.pension,employees,f,36,RUS,4
2022,disability.pension,employees,m,30,ITA,4
2022,disability.pension,employees,f,33,LUX,1
2022,disability.pension,employees,m,49,TZA,1
2022,disability.pension,employees,m,44,CMR,2
2022,disability.pension,employees,f,37,SOM,1
2022,disability.pension,employees,m,47,TUR,8
2022,disability.pension,employees,m,68,PRT,1
2022,disability.pension,employees,m,45,UZB,2
2022,disability.pension,employees,f,33,MAR,2
2022,disability.pension,employees,m,34,MOZ,1
2022,disability.pension,employees,m,34,SVN,2
2022,disability.pension,employees,f,45,UGA,1
2022,disability.pension,employees,m,51,UZB,3
2022,disability.pension,employees,f,49,KGZ,4
2022,disability.pension,employees,f,51,KGZ,3
2022,disability.pension,employees,m,27,CAF,1
2022,disability.pension,employees,m,80,GEO,1
2022,disability.pension,employees,f,69,ROU,3
2022,disability.pension,employees,f,57,ROU,44
2022,disability.pension,employees,f,70,ROU,4
2022,disability.pension,employees,m,66,ROU,3
2022,disability.pension,employees,m,63,ROU,3
2022,disability.pension,employees,f,55,ROU,6
2022,disability.pension,employees,m,64,ROU,12
2022,disability.pension,employees,f,45,ROU,20
2022,disability.pension,employees,f,50,ROU,24
2022,disability.pension,employees,f,55,ROU,70
2022,disability.pension,employees,f,60,ROU,24
2022,disability.pension,employees,f,70,ROU,16
2022,disability.pension,employees,f,49,ROU,3
2022,disability.pension,employees,f,20,ROU,3
2022,disability.pension,employees,f,64,ROU,44
2022,disability.pension,employees,f,26,IRQ,1
2022,disability.pension,employees,f,31,MUS,1
2022,disability.pension,employees,f,37,CIV,1
2022,disability.pension,employees,f,41,TUN,1
2022,disability.pension,employees,f,26,SVK,3
2022,disability.pension,employees,f,36,CZE,4
2022,disability.pension,employees,f,40,CZE,2
2022,disability.pension,employees,m,41,GEO,2
2022,disability.pension,employees,f,35,GEO,3
2022,disability.pension,employees,f,25,GEO,3
2022,disability.pension,employees,m,61,LBN,1
2022,disability.pension,employees,m,48,FIN,2
2022,disability.pension,employees,f,46,FIN,2
2022,disability.pension,employees,m,26,KEN,2
2022,disability.pension,employees,m,53,TUR,2
2022,disability.pension,employees,m,56,TUR,2
2022,disability.pension,employees,f,35,RUS,3
2022,disability.pension,employees,m,75,ISR,1
2022,disability.pension,employees,f,30,TWN,2
2022,disability.pension,employees,m,49,UKR,2
2022,disability.pension,employees,f,31,SGP,1
2022,disability.pension,employees,f,27,SGP,1
2022,disability.pension,employees,f,26,SGP,1
2022,disability.pension,employees,m,32,SGP,2
2022,disability.pension,employees,m,35,DZA,2
2022,disability.pension,employees,f,2,NPL,1
2022,disability.pension,employees,m,26,RUS,2
2022,disability.pension,employees,f,25,IRL,1
2022,disability.pension,employees,f,20,IRL,1
2022,disability.pension,employees,m,21,ROU,2
2022,disability.pension,employees,f,21,BWA,1
2022,disability.pension,employees,f,26,GHA,1
2022,disability.pension,employees,m,43,IRL,2
2022,disability.pension,employees,m,34,GUY,1
2022,disability.pension,employees,f,24,LTU,2
2022,disability.pension,employees,f,23,CMR,1
2022,disability.pension,employees,f,73,UKR,4
2022,disability.pension,employees,f,36,ROU,3
2022,disability.pension,employees,f,63,HRV,1
2022,disability.pension,employees,m,62,EST,1
2022,disability.pension,employees,m,57,MKD,2
2022,disability.pension,employees,m,38,UKR,7
2022,disability.pension,employees,m,26,ZMB,2
2022,disability.pension,employees,f,65,ROU,22
2022,disability.pension,employees,f,51,ROU,26
2022,disability.pension,employees,f,58,ROU,32
2022,disability.pension,employees,f,69,ROU,6
2022,disability.pension,employees,f,49,ROU,40
2022,disability.pension,employees,f,61,ROU,40
2022,disability.pension,employees,f,66,ROU,36
2022,disability.pension,employees,f,56,ROU,40
2022,disability.pension,employees,f,68,ROU,22
2022,disability.pension,employees,f,46,ROU,16
2022,disability.pension,employees,f,75,ROU,4
2022,disability.pension,employees,f,71,ROU,6
2022,disability.pension,employees,m,57,ROU,12
2022,disability.pension,employees,m,66,ROU,8
2022,disability.pension,employees,f,67,ROU,28
2022,disability.pension,employees,m,65,ROU,6
2022,disability.pension,employees,m,67,ROU,6
2022,disability.pension,employees,f,73,ROU,2
2022,disability.pension,employees,m,69,ROU,4
2022,disability.pension,employees,m,59,ROU,6
2022,disability.pension,employees,m,62,ROU,6
2022,disability.pension,employees,m,73,ROU,2
2022,disability.pension,employees,m,68,ROU,6
2022,disability.pension,employees,m,54,ROU,12
2022,disability.pension,employees,m,47,ROU,6
2022,disability.pension,employees,m,72,ROU,2
2022,disability.pension,employees,f,37,ROU,12
2022,disability.pension,employees,f,44,ROU,22
2022,disability.pension,employees,m,61,ROU,6
2022,disability.pension,employees,f,46,ROU,3
2022,disability.pension,employees,m,35,ROU,12
2022,disability.pension,employees,f,30,ROU,6
2022,disability.pension,employees,f,72,ROU,2
2022,disability.pension,employees,m,26,ROU,4
2022,disability.pension,employees,f,26,ROU,4
2022,disability.pension,employees,m,71,ROU,2
2022,disability.pension,employees,f,43,ROU,3
2022,disability.pension,employees,f,23,ROU,8
2022,disability.pension,employees,m,74,ROU,2
2022,disability.pension,employees,f,57,ROU,3
2022,disability.pension,employees,f,53,ROU,6
2022,disability.pension,employees,f,54,ESP,4
2022,disability.pension,employees,m,69,TWN,1
2022,disability.pension,employees,f,30,DNK,1
2022,disability.pension,employees,f,18,AZE,1
2022,disability.pension,employees,m,17,UGA,1
2022,disability.pension,employees,m,37,ARM,3
2022,disability.pension,employees,f,30,CRI,3
2022,disability.pension,employees,m,27,VGB,1
2022,disability.pension,employees,f,44,GRC,2
2022,disability.pension,employees,f,51,HRV,2
2022,disability.pension,employees,m,37,TWN,1
2022,disability.pension,employees,f,40,TJK,2
2022,disability.pension,employees,f,71,HUN,1
2022,disability.pension,employees,f,72,BGR,1
2022,disability.pension,employees,f,73,BGR,2
2022,disability.pension,employees,f,31,UKR,2
2022,disability.pension,employees,m,34,CHE,3
2022,disability.pension,employees,f,83,RUS,2
2022,disability.pension,employees,m,86,UKR,1
2022,disability.pension,employees,m,55,IRN,2
2022,disability.pension,employees,m,49,ZAF,3
2022,disability.pension,employees,m,46,LBN,1
2022,disability.pension,employees,m,47,PSE,2
2022,disability.pension,employees,f,55,BIH,1
2022,disability.pension,employees,f,39,PER,2
2022,disability.pension,employees,f,16,COG,1
2022,disability.pension,employees,m,33,BFA,1
2022,disability.pension,employees,m,37,MDA,3
2022,disability.pension,employees,f,64,HRV,1
2022,disability.pension,employees,f,42,DZA,1
2022,disability.pension,employees,m,36,NZL,1
2022,disability.pension,employees,m,40,ZMB,1
2022,disability.pension,employees,m,27,NGA,2
2022,disability.pension,employees,m,23,ZMB,2
2022,disability.pension,employees,m,35,ZMB,1
2022,disability.pension,employees,m,28,NGA,3
2022,disability.pension,employees,m,38,NGA,2
2022,disability.pension,employees,m,31,BOL,1
2022,disability.pension,employees,f,28,SGP,1
2022,disability.pension,employees,m,50,SOM,1
2022,disability.pension,employees,f,32,IRQ,1
2022,disability.pension,employees,m,40,GMB,2
2022,disability.pension,employees,m,30,TGO,1
2022,disability.pension,employees,m,33,TGO,1
2022,disability.pension,employees,f,89,RUS,1
2022,disability.pension,employees,m,67,TJK,1
2022,disability.pension,employees,f,90,RUS,1
2022,disability.pension,employees,f,84,UZB,1
2022,disability.pension,employees,m,18,RUS,2
2022,disability.pension,employees,m,49,FRA,2
2022,disability.pension,employees,m,86,USA,2
2022,disability.pension,employees,m,78,IRQ,1
2022,disability.pension,employees,f,65,IRQ,1
2022,disability.pension,employees,m,37,FIN,2
2022,disability.pension,employees,m,72,DEU,4
2022,disability.pension,employees,f,14,ROU,3
2022,disability.pension,employees,m,56,RUS,3
2022,disability.pension,employees,m,58,MRT,1
2022,disability.pension,employees,f,65,BIH,1
2022,disability.pension,employees,f,61,PER,1
2022,disability.pension,employees,f,45,TWN,1
2022,disability.pension,employees,m,57,CHN,2
2022,disability.pension,employees,m,48,CHE,2
2022,disability.pension,employees,m,65,THA,1
2022,disability.pension,employees,m,70,THA,1
2022,disability.pension,employees,m,68,THA,1
2022,disability.pension,employees,f,21,TKM,2
2022,disability.pension,employees,m,60,HUN,1
2022,disability.pension,employees,m,58,AUS,1
2022,disability.pension,employees,f,41,ISR,1
2022,disability.pension,employees,m,74,ISR,1
2022,disability.pension,employees,m,42,VGB,1
2022,disability.pension,employees,m,55,MDG,1
2022,disability.pension,employees,m,54,TZA,1
2022,disability.pension,employees,m,59,IDN,1
2022,disability.pension,employees,m,58,CAN,2
2022,disability.pension,employees,m,51,LBN,1
2022,disability.pension,employees,m,59,ETH,1
2022,disability.pension,employees,f,54,JPN,1
2022,disability.pension,employees,m,53,GIN,1
2022,disability.pension,employees,m,44,TGO,2
2022,disability.pension,employees,f,48,IRQ,2
2022,disability.pension,employees,f,54,PAK,1
2022,disability.pension,employees,f,56,MDG,1
2022,disability.pension,employees,f,55,IRQ,2
2022,disability.pension,employees,f,40,IRQ,1
2022,disability.pension,employees,f,47,RWA,1
2022,disability.pension,employees,f,36,PAK,4
2022,disability.pension,employees,f,58,TJK,1
2022,disability.pension,employees,f,49,COG,1
2022,disability.pension,employees,f,55,SYR,1
2022,disability.pension,employees,f,50,TJK,1
2022,disability.pension,employees,f,56,TJK,1
2022,disability.pension,employees,f,39,KGZ,6
2022,disability.pension,employees,f,46,TJK,1
2022,disability.pension,employees,f,47,EGY,1
2022,disability.pension,employees,f,57,ZWE,1
2022,disability.pension,employees,f,55,MYS,1
2022,disability.pension,employees,m,43,TZA,2
2022,disability.pension,employees,f,43,LBY,1
2022,disability.pension,employees,f,20,AFG,2
2022,disability.pension,employees,f,43,TJK,1
2022,disability.pension,employees,m,47,UKR,2
2022,disability.pension,employees,f,40,SOM,1
2022,disability.pension,employees,f,21,SOM,1
2022,disability.pension,employees,m,72,LBN,1
2022,disability.pension,employees,f,52,VNM,4
2022,disability.pension,employees,m,44,SDN,2
2022,disability.pension,employees,f,58,GBR,2
2022,disability.pension,employees,f,45,UKR,8
2022,disability.pension,employees,f,76,GBR,1
2022,disability.pension,employees,m,47,CMR,1
2022,disability.pension,employees,m,57,CRI,1
2022,disability.pension,employees,f,51,LKA,1
2022,disability.pension,employees,f,80,HRV,1
2022,disability.pension,employees,f,68,SVN,1
2022,disability.pension,employees,f,67,IND,1
2022,disability.pension,employees,m,81,CHE,2
2022,disability.pension,employees,f,65,UZB,1
2022,disability.pension,employees,f,21,GBR,1
2022,disability.pension,employees,m,68,SYR,2
2022,disability.pension,employees,f,52,DNK,1
2022,disability.pension,employees,m,78,GHA,1
2022,disability.pension,employees,f,39,PRT,2
2022,disability.pension,employees,m,69,VEN,1
2022,disability.pension,employees,m,76,ISR,2
2022,disability.pension,employees,f,56,PER,1
2022,disability.pension,employees,f,35,ISR,2
2022,disability.pension,employees,f,73,ITA,1
2022,disability.pension,employees,f,69,AUT,1
2022,disability.pension,employees,m,65,SYR,1
2022,disability.pension,employees,f,45,BGR,2
2022,disability.pension,employees,f,53,SYR,1
2022,disability.pension,employees,m,61,TZA,1
2022,disability.pension,employees,m,39,DZA,2
2022,disability.pension,employees,m,50,CHE,1
2022,disability.pension,employees,f,37,SVN,2
2022,disability.pension,employees,f,55,UKR,2
2022,disability.pension,employees,f,27,SAU,1
2022,disability.pension,employees,m,29,URY,2
2022,disability.pension,employees,m,55,UKR,5
2022,disability.pension,employees,m,66,GRC,2
2022,disability.pension,employees,m,59,ZWE,1
2022,disability.pension,employees,f,44,ARG,3
2022,disability.pension,employees,m,42,CRI,2
2022,disability.pension,employees,f,45,EST,1
2022,disability.pension,employees,f,24,AUT,2
2022,disability.pension,employees,f,26,EST,1
2022,disability.pension,employees,f,54,IRN,1
2022,disability.pension,employees,f,45,GBR,2
2022,disability.pension,employees,m,55,UKR,3
2022,disability.pension,employees,f,56,PRT,1
2022,disability.pension,employees,f,59,TUN,1
2022,disability.pension,employees,m,54,COG,1
2022,disability.pension,employees,m,57,URY,1
2022,disability.pension,employees,m,67,LVA,2
2022,disability.pension,employees,f,28,ECU,2
2022,disability.pension,employees,m,61,AUT,2
2022,disability.pension,employees,m,10,RUS,1
2022,disability.pension,employees,m,17,GIN,1
2022,disability.pension,employees,m,54,NER,1
2022,disability.pension,employees,f,63,CZE,2
2022,disability.pension,employees,f,48,SVK,2
2022,disability.pension,employees,m,21,CAN,1
2022,disability.pension,employees,f,71,RUS,2
2022,disability.pension,employees,f,48,UGA,1
2022,disability.pension,employees,f,19,UGA,1
2022,disability.pension,employees,f,57,UZB,1
2022,disability.pension,employees,m,22,LBY,1
2022,disability.pension,employees,m,28,PAN,1
2022,disability.pension,employees,f,51,LVA,2
2022,disability.pension,employees,f,66,BGR,1
2022,disability.pension,employees,f,58,LVA,3
2022,disability.pension,employees,f,59,LVA,1
2022,disability.pension,employees,m,44,GHA,1
2022,disability.pension,employees,m,8,RUS,1
2022,disability.pension,employees,f,7,RUS,1
2022,disability.pension,employees,m,24,CYP,1
2022,disability.pension,employees,m,57,BLR,2
2022,disability.pension,employees,f,57,LVA,3
2022,disability.pension,employees,f,68,LVA,2
2022,disability.pension,employees,m,19,HRV,1
2022,disability.pension,employees,f,69,LVA,1
2022,disability.pension,employees,f,66,LTU,1
2022,disability.pension,employees,m,85,LTU,1
2022,disability.pension,employees,f,71,CAN,1
2022,disability.pension,employees,m,46,ERI,1
2022,disability.pension,employees,m,31,ERI,1
2022,disability.pension,employees,f,65,TUR,1
2022,disability.pension,employees,m,30,JAM,1
2022,disability.pension,employees,m,28,UKR,2
2022,disability.pension,employees,f,35,JPN,2
2022,disability.pension,employees,f,43,JOR,2
2022,disability.pension,employees,f,67,FRA,1
2022,disability.pension,employees,m,64,LTU,2
2022,disability.pension,employees,m,71,DEU,2
2022,disability.pension,employees,f,72,CZE,1
2022,disability.pension,employees,m,66,USA,3
2022,disability.pension,employees,m,8,ROU,1
2022,disability.pension,employees,f,63,FIN,1
2022,disability.pension,employees,m,65,UKR,2
2022,disability.pension,employees,m,26,ESP,2
2022,disability.pension,employees,m,27,ISL,2
2022,disability.pension,employees,m,28,DNK,2
2022,disability.pension,employees,m,22,DEU,2
2022,disability.pension,employees,m,74,TWN,1
2022,disability.pension,employees,m,59,NZL,1
2022,disability.pension,employees,m,47,MUS,1
2022,disability.pension,employees,f,63,NLD,1
2022,disability.pension,employees,m,31,USA,3
2022,disability.pension,employees,f,32,GHA,3
2022,disability.pension,employees,f,25,FRA,2
2022,disability.pension,employees,m,72,CZE,1
2022,disability.pension,employees,f,67,PRT,2
2022,disability.pension,employees,f,46,IRN,1
2022,disability.pension,employees,f,66,USA,2
2022,disability.pension,employees,m,67,USA,2
2022,disability.pension,employees,f,63,GRC,1
2022,disability.pension,employees,f,25,DOM,1
2022,disability.pension,employees,f,21,CHE,1
2022,disability.pension,employees,f,20,JPN,3
2022,disability.pension,employees,m,42,DOM,1
2022,disability.pension,employees,m,42,ESP,3
2022,disability.pension,employees,f,54,UKR,2
2022,disability.pension,employees,f,7,ROU,1
2022,disability.pension,employees,f,49,BLR,3
2022,disability.pension,employees,f,72,GRC,1
2022,disability.pension,employees,m,92,GRC,1
2022,disability.pension,employees,f,89,UKR,1
2022,disability.pension,employees,f,36,FIN,3
2022,disability.pension,employees,f,32,FIN,2
2022,disability.pension,employees,m,31,IND,2
2022,disability.pension,employees,m,33,GMB,1
2022,disability.pension,employees,m,27,USA,2
2022,disability.pension,employees,f,45,PAK,1
2022,disability.pension,employees,m,16,ARM,1
2022,disability.pension,employees,m,76,AUT,1
2022,disability.pension,employees,f,33,DZA,2
2022,disability.pension,employees,f,43,PRT,1
2022,disability.pension,employees,m,65,CAN,1
2022,disability.pension,employees,f,27,TKM,2
2022,disability.pension,employees,m,49,COG,1
2022,disability.pension,employees,m,31,TWN,1
2022,disability.pension,employees,m,59,DEU,3
2022,disability.pension,employees,m,65,MKD,1
2022,disability.pension,employees,f,52,FIN,1
2022,disability.pension,employees,f,24,ECU,1
2022,disability.pension,employees,m,63,FIN,1
2022,disability.pension,employees,f,46,BRA,2
2022,disability.pension,employees,f,21,GEO,2
2022,disability.pension,employees,f,19,TKM,1
2022,disability.pension,employees,m,17,MKD,1
2022,disability.pension,employees,f,35,ESP,2
2022,disability.pension,employees,f,44,PAK,1
2022,disability.pension,employees,m,20,PHL,1
2022,disability.pension,employees,f,53,LTU,2
2022,disability.pension,employees,f,31,DEU,4
2022,disability.pension,employees,m,38,SVN,2
2022,disability.pension,employees,m,41,CUB,3
2022,disability.pension,employees,f,37,KAZ,2
2022,disability.pension,employees,m,60,HRV,1
2022,disability.pension,employees,m,18,CHN,2
2022,disability.pension,employees,f,52,LBN,1
2022,disability.pension,employees,m,39,SVN,1
2022,disability.pension,employees,m,48,HND,1
2022,disability.pension,employees,m,23,COG,2
2022,disability.pension,employees,m,29,MAR,3
2022,disability.pension,employees,m,34,ZAF,2
2022,disability.pension,employees,f,56,AND,1
2022,disability.pension,employees,m,16,BEL,1
2022,disability.pension,employees,m,17,BEL,1
2022,disability.pension,employees,f,42,RWA,1
2022,disability.pension,employees,m,40,TZA,1
2022,disability.pension,employees,m,38,CIV,1
2022,disability.pension,employees,m,46,CMR,2
2022,disability.pension,employees,m,51,CMR,2
2022,disability.pension,employees,f,49,ARG,1
2022,disability.pension,employees,m,42,MUS,1
2022,disability.pension,employees,f,39,COG,1
2022,disability.pension,employees,m,32,TCD,1
2022,disability.pension,employees,f,44,COG,1
2022,disability.pension,employees,f,54,CAN,1
2022,disability.pension,employees,m,35,SEN,1
2022,disability.pension,employees,m,25,HND,1
2022,disability.pension,employees,m,26,SEN,2
2022,disability.pension,employees,m,28,TGO,2
2022,disability.pension,employees,f,29,BWA,1
2022,disability.pension,employees,m,30,LBR,1
2022,disability.pension,employees,m,67,ARG,1
2022,disability.pension,employees,m,39,TGO,1
2022,disability.pension,employees,f,39,ZWE,2
2022,disability.pension,employees,m,58,BRA,1
2022,disability.pension,employees,m,20,DNK,3
2022,disability.pension,employees,f,21,DNK,1
2022,disability.pension,employees,m,28,DEU,2
2022,disability.pension,employees,f,27,MMR,1
2022,disability.pension,employees,m,52,AUS,1
2022,disability.pension,employees,m,64,KOR,3
2022,disability.pension,employees,f,60,KOR,3
2022,disability.pension,employees,m,44,THA,2
2022,disability.pension,employees,f,62,THA,1
2022,disability.pension,employees,f,54,KOR,1
2022,disability.pension,employees,f,45,KOR,4
2022,disability.pension,employees,m,32,LUX,1
2022,disability.pension,employees,f,58,KOR,2
2022,disability.pension,employees,m,48,HUN,2
2022,disability.pension,employees,f,58,MLT,1
2022,disability.pension,employees,m,5,BLR,1
2022,disability.pension,employees,m,35,ZWE,2
2022,disability.pension,employees,f,,KAZ,1
2022,disability.pension,employees,m,21,CHE,1
2022,disability.pension,employees,f,46,EST,1
2022,disability.pension,employees,m,67,ROU,2
2022,disability.pension,employees,m,60,EST,1
2022,disability.pension,employees,f,56,CZE,2
2022,disability.pension,employees,f,30,SDN,1
2022,disability.pension,employees,f,33,UKR,2
2022,disability.pension,employees,f,23,MOZ,1
2022,disability.pension,employees,m,45,MEX,2
2022,disability.pension,employees,f,50,MEX,1
2022,disability.pension,employees,f,41,VEN,3
2022,disability.pension,employees,m,33,CYP,1
2022,disability.pension,employees,m,35,ECU,1
2022,disability.pension,employees,m,36,THA,2
2022,disability.pension,employees,f,122,UKR,1
2022,disability.pension,employees,m,24,KOR,7
2022,disability.pension,employees,f,35,KOR,2
2022,disability.pension,employees,f,29,KOR,2
2022,disability.pension,employees,f,68,TUR,1
2022,disability.pension,employees,m,34,SVK,6
2022,disability.pension,employees,m,41,CYP,1
2022,disability.pension,employees,m,42,DEU,4
2022,disability.pension,employees,f,53,KOR,2
2022,disability.pension,employees,m,41,KOR,2
2022,disability.pension,employees,f,43,NZL,1
2022,disability.pension,employees,f,50,AUS,1
2022,disability.pension,employees,f,32,BWA,1
2022,disability.pension,employees,m,52,UKR,2
2022,disability.pension,employees,f,27,ECU,2
2022,disability.pension,employees,f,57,KOR,1
2022,disability.pension,employees,f,37,SLV,1
2022,disability.pension,employees,m,32,UKR,2
2022,disability.pension,employees,m,24,UZB,2
2022,disability.pension,employees,m,66,JPN,1
2022,disability.pension,employees,f,25,BLR,3
2022,disability.pension,employees,m,36,IND,3
2022,disability.pension,employees,m,64,KOR,1
2022,disability.pension,employees,f,46,MEX,2
2022,disability.pension,employees,f,32,DEU,2
2022,disability.pension,employees,f,21,IND,2
2022,disability.pension,employees,f,34,KOR,2
2022,disability.pension,employees,f,53,KOR,2
2022,disability.pension,employees,f,39,DNK,1
2022,disability.pension,employees,m,22,HND,1
2022,disability.pension,employees,m,62,CHL,1
2022,disability.pension,employees,m,50,SGP,1
2022,disability.pension,employees,m,54,CHN,4
2022,disability.pension,employees,f,47,BOL,1
2022,disability.pension,employees,f,38,ZMB,1
2022,disability.pension,employees,f,64,UZB,1
2022,disability.pension,employees,m,32,UKR,2
2022,disability.pension,employees,m,49,ISL,2
2022,disability.pension,employees,f,21,KOR,1
2022,disability.pension,employees,m,29,ARM,2
2022,disability.pension,employees,f,43,BGR,2
2022,disability.pension,employees,f,53,BGR,4
2022,disability.pension,employees,m,64,BGR,2
2022,disability.pension,employees,f,60,BGR,2
2022,disability.pension,employees,f,56,BGR,2
2022,disability.pension,employees,f,48,BGR,2
2022,disability.pension,employees,m,123,USA,2
2022,disability.pension,employees,m,21,BIH,1
2022,disability.pension,employees,f,37,NOR,1
2022,disability.pension,employees,m,47,GHA,3
2022,disability.pension,employees,f,57,KGZ,2
2022,disability.pension,employees,f,18,DEU,1
2022,disability.pension,employees,m,25,KAZ,3
2022,disability.pension,employees,f,23,CZE,1
2022,disability.pension,employees,f,50,MYS,1
2022,disability.pension,employees,f,37,URY,1
2022,disability.pension,employees,m,51,MYS,2
2022,disability.pension,employees,m,46,URY,1
2022,disability.pension,employees,f,73,ROU,1
2022,disability.pension,employees,f,71,BGR,1
2022,disability.pension,employees,m,38,PHL,2
2022,disability.pension,employees,f,30,IDN,2
2022,disability.pension,employees,m,19,NLD,1
2022,disability.pension,employees,m,56,TUN,2
2022,disability.pension,employees,f,41,CAN,1
2022,disability.pension,employees,m,67,NOR,1
2022,disability.pension,employees,m,41,MDG,1
2022,disability.pension,employees,f,38,URY,1
2022,disability.pension,employees,m,29,HND,1
2022,disability.pension,employees,f,30,MEX,3
2022,disability.pension,employees,f,49,AUT,2
2022,disability.pension,employees,m,32,UKR,2
2022,disability.pension,employees,m,18,BLR,2
2022,disability.pension,employees,f,21,MDA,3
2022,disability.pension,employees,m,21,MDA,3
2022,disability.pension,employees,m,53,JPN,1
2022,disability.pension,employees,m,18,MDA,3
2022,disability.pension,employees,f,41,UKR,2
2022,disability.pension,employees,m,22,SWE,2
2022,disability.pension,employees,m,44,HRV,2
2022,disability.pension,employees,m,45,UKR,2
2022,disability.pension,employees,f,53,PAK,1
2022,disability.pension,employees,f,29,MKD,1
2022,disability.pension,employees,f,20,UKR,2
2022,disability.pension,employees,m,23,KAZ,2
2022,disability.pension,employees,m,60,MEX,1
2022,disability.pension,employees,f,32,KOR,2
2022,disability.pension,employees,m,40,KOR,2
2022,disability.pension,employees,f,18,GBR,1
2022,disability.pension,employees,m,48,AGO,1
2022,disability.pension,employees,f,43,KOR,1
2022,disability.pension,employees,m,51,KEN,1
2022,disability.pension,employees,m,72,UKR,2
2022,disability.pension,employees,m,64,YUG,1
2022,disability.pension,employees,m,49,MAR,1
2022,disability.pension,employees,m,9,NOR,1
2022,disability.pension,employees,f,12,NOR,1
2022,disability.pension,employees,f,23,LVA,2
2022,disability.pension,employees,f,51,YUG,1
2022,disability.pension,employees,f,23,VEN,1
2022,disability.pension,employees,f,27,SOM,1
2022,disability.pension,employees,f,50,UKR,2
2022,disability.pension,employees,m,16,NLD,1
2022,disability.pension,employees,m,62,CAN,1
2022,disability.pension,employees,f,102,UKR,1
2022,disability.pension,employees,f,47,ZAF,1
2022,disability.pension,employees,m,71,IND,4
2022,disability.pension,employees,m,51,IND,6
2022,disability.pension,employees,m,17,NOR,1
2022,disability.pension,employees,f,33,KHM,1
2022,disability.pension,employees,m,77,IRL,1
2022,disability.pension,employees,m,24,EST,2
2022,disability.pension,employees,m,31,MNG,2
2022,disability.pension,employees,m,44,MNG,1
2022,disability.pension,employees,f,1,MDA,1
2022,disability.pension,employees,f,49,KEN,1
2022,disability.pension,employees,f,61,KGZ,1
2022,disability.pension,employees,m,45,EST,1
2022,disability.pension,employees,f,31,KGZ,2
2022,disability.pension,employees,m,18,HUN,1
2022,disability.pension,employees,f,61,BEL,1
2022,disability.pension,employees,f,20,BRA,1
2022,disability.pension,employees,f,40,UKR,3
2022,disability.pension,employees,f,30,CUB,1
2022,disability.pension,employees,f,46,MYS,1
2022,disability.pension,employees,f,45,AZE,2
2022,disability.pension,employees,f,41,SVK,2
2022,disability.pension,employees,f,46,USA,2
2022,disability.pension,employees,m,39,ROU,3
2022,disability.pension,employees,m,60,SEN,1
2022,disability.pension,employees,f,60,PHL,1
2022,disability.pension,employees,m,57,ZWE,1
2022,disability.pension,employees,f,1,GEO,1
2022,disability.pension,employees,f,22,UKR,4
2022,disability.pension,employees,f,69,HRV,1
2022,disability.pension,employees,m,58,PRT,2
2022,disability.pension,employees,m,42,CHE,2
2022,disability.pension,employees,m,82,AUT,1
2022,disability.pension,employees,m,28,ROU,3
2022,disability.pension,employees,m,21,TWN,1
2022,disability.pension,employees,m,54,IND,2
2022,disability.pension,employees,m,70,IND,2
2022,disability.pension,employees,m,72,IND,1
2022,disability.pension,employees,f,48,TWN,1
2022,disability.pension,employees,m,59,THA,1
2022,disability.pension,employees,f,49,IRN,1
2022,disability.pension,employees,m,36,DNK,4
2022,disability.pension,employees,m,23,DNK,2
2022,disability.pension,employees,m,24,JAM,1
2022,disability.pension,employees,m,36,IND,4
2022,disability.pension,employees,m,20,NOR,1
2022,disability.pension,employees,f,28,NOR,1
2022,disability.pension,employees,m,43,NOR,2
2022,disability.pension,employees,m,58,ZMB,1
2022,disability.pension,employees,f,48,COG,1
2022,disability.pension,employees,m,60,ARM,2
2022,disability.pension,employees,f,48,UKR,2
2022,disability.pension,employees,f,56,IND,1
2022,disability.pension,employees,f,15,VNM,2
2022,disability.pension,employees,m,64,EST,1
2022,disability.pension,employees,f,25,NGA,2
2022,disability.pension,employees,f,39,VEN,1
2022,disability.pension,employees,m,30,UKR,2
2022,disability.pension,employees,m,24,UKR,2
2022,disability.pension,employees,m,57,EST,1
2022,disability.pension,employees,m,38,BOL,1
2022,disability.pension,employees,f,38,BOL,1
2022,disability.pension,employees,m,44,MLT,2
2022,disability.pension,employees,m,37,BFA,1
2022,disability.pension,employees,m,55,ARG,1
2022,disability.pension,employees,m,38,CRI,1
2022,disability.pension,employees,f,31,JAM,2
2022,disability.pension,employees,m,58,MKD,2
2022,disability.pension,employees,m,53,ROU,2
2022,disability.pension,employees,m,54,GHA,1
2022,disability.pension,employees,m,54,UKR,2
2022,disability.pension,employees,m,49,BLR,4
2022,disability.pension,employees,m,41,UZB,3
2022,disability.pension,employees,m,44,PHL,6
2022,disability.pension,employees,m,41,PHL,3
2022,disability.pension,employees,m,25,CIV,1
2022,disability.pension,employees,m,29,BWA,1
2022,disability.pension,employees,f,50,CRI,1
2022,disability.pension,employees,m,66,TWN,1
2022,disability.pension,employees,f,64,TWN,1
2022,disability.pension,employees,m,31,NIC,1
2022,disability.pension,employees,m,15,USA,1
2022,disability.pension,employees,f,37,UKR,2
2022,disability.pension,employees,f,41,BGD,1
2022,disability.pension,employees,m,54,TWN,1
2022,disability.pension,employees,m,33,KGZ,3
2022,disability.pension,employees,m,51,PAK,2
2022,disability.pension,employees,m,47,PAK,2
2022,disability.pension,employees,m,50,PAK,2
2022,disability.pension,employees,m,46,UKR,2
2022,disability.pension,employees,m,43,PAK,2
2022,disability.pension,employees,m,24,PHL,2
2022,disability.pension,employees,m,39,PHL,2
2022,disability.pension,employees,m,60,PHL,2
2022,disability.pension,employees,m,62,PHL,2
2022,disability.pension,employees,m,58,PHL,2
2022,disability.pension,employees,m,55,IND,2
2022,disability.pension,employees,m,37,NIC,1
2022,disability.pension,employees,m,38,GMB,1
2022,disability.pension,employees,f,57,CAN,1
2022,disability.pension,employees,f,61,MDA,2
2022,disability.pension,employees,f,38,BGR,3
2022,disability.pension,employees,m,43,TTO,1
2022,disability.pension,employees,f,42,NGA,2
2022,disability.pension,employees,f,57,USA,2
2022,disability.pension,employees,m,38,GHA,2
2022,disability.pension,employees,m,50,CAN,1
2022,disability.pension,employees,f,62,COG,1
2022,disability.pension,employees,f,72,AUT,1
2022,disability.pension,employees,f,62,IRN,1
2022,disability.pension,employees,f,27,CHE,1
2022,disability.pension,employees,f,46,SVN,1
2022,disability.pension,employees,m,54,COL,2
2022,disability.pension,employees,m,54,NLD,2
2022,disability.pension,employees,f,57,PER,1
2022,disability.pension,employees,m,78,ESP,1
2022,disability.pension,employees,m,60,PRT,4
2022,disability.pension,employees,m,55,PRT,6
2022,disability.pension,employees,m,31,MUS,1
2022,disability.pension,employees,f,35,BEL,1
2022,disability.pension,employees,m,50,CRI,1
2022,disability.pension,employees,f,26,RUS,3
2022,disability.pension,employees,f,50,ZAF,1
2022,disability.pension,employees,f,70,HRV,2
2022,disability.pension,employees,m,54,BIH,1
2022,disability.pension,employees,f,47,EST,1
2022,disability.pension,employees,m,65,NPL,1
2022,disability.pension,employees,f,62,IRL,1
2022,disability.pension,employees,m,64,TUR,2
2022,disability.pension,employees,f,67,CZE,1
2022,disability.pension,employees,m,86,AUS,1
2022,disability.pension,employees,m,72,KAZ,1
2022,disability.pension,employees,m,49,GTM,1
2022,disability.pension,employees,m,58,GIN,1
2022,disability.pension,employees,m,78,FRA,1
2022,disability.pension,employees,m,58,KHM,1
2022,disability.pension,employees,f,18,SLE,2
2022,disability.pension,employees,m,28,CIV,1
2022,disability.pension,employees,f,28,ZMB,1
2022,disability.pension,employees,m,21,MLI,1
2022,disability.pension,employees,f,27,COG,2
2022,disability.pension,employees,f,20,MMR,1
2022,disability.pension,employees,m,28,BFA,1
2022,disability.pension,employees,m,22,MMR,1
2022,disability.pension,employees,f,35,CRI,1
2022,disability.pension,employees,m,71,JPN,1
2022,disability.pension,employees,m,80,FRA,1
2022,disability.pension,employees,m,34,NZL,1
2022,disability.pension,employees,m,77,CAN,1
2022,disability.pension,employees,f,79,RUS,1
2022,disability.pension,employees,f,75,AUT,1
2022,disability.pension,employees,f,89,AUS,1
2022,disability.pension,employees,f,85,JPN,1
2022,disability.pension,employees,m,77,JPN,1
2022,disability.pension,employees,m,88,AUS,1
2022,disability.pension,employees,m,68,ESP,1
2022,disability.pension,employees,f,20,KAZ,4
2022,disability.pension,employees,f,27,BWA,1
2022,disability.pension,employees,m,66,ISR,1
2022,disability.pension,employees,f,22,KHM,1
2022,disability.pension,employees,m,38,BFA,1
2022,disability.pension,employees,m,32,TTO,1
2022,disability.pension,employees,m,49,FIN,1
2022,disability.pension,employees,m,38,SUR,1
2022,disability.pension,employees,m,39,BEN,1
2022,disability.pension,employees,f,22,TUN,1
2022,disability.pension,employees,m,32,BRA,2
2022,disability.pension,employees,f,44,VEN,1
2022,disability.pension,employees,f,49,DZA,1
2022,disability.pension,employees,m,82,CHE,1
2022,disability.pension,employees,f,61,STP,1
2022,disability.pension,employees,f,56,AGO,1
2022,disability.pension,employees,f,41,AUT,1
2022,disability.pension,employees,m,51,LVA,2
2022,disability.pension,employees,m,19,LVA,2
2022,disability.pension,employees,f,27,CAF,1
2022,disability.pension,employees,m,25,NAM,1
2022,disability.pension,employees,f,52,KAZ,2
2022,disability.pension,employees,f,15,MDA,1
2022,disability.pension,employees,f,32,NZL,1
2022,disability.pension,employees,f,48,PER,1
2022,disability.pension,employees,f,28,BGR,2
2022,disability.pension,employees,f,28,USA,2
2022,disability.pension,employees,f,28,ISR,1
2022,disability.pension,employees,f,22,MOZ,1
2022,disability.pension,employees,m,45,ESP,2
2022,disability.pension,employees,f,52,AUT,1
2022,disability.pension,employees,f,62,AFG,1
2022,disability.pension,employees,m,73,AFG,1
2022,disability.pension,employees,m,74,DZA,1
2022,disability.pension,employees,m,70,DZA,1
2022,disability.pension,employees,m,67,DZA,1
2022,disability.pension,employees,m,69,DZA,1
2022,disability.pension,employees,m,45,HRV,2
2022,disability.pension,employees,f,46,VEN,2
2022,disability.pension,employees,f,36,BEL,1
2022,disability.pension,employees,m,45,AUT,3
2022,disability.pension,employees,f,29,CAN,2
2022,disability.pension,employees,f,41,MYS,1
2022,disability.pension,employees,m,73,FIN,1
2022,disability.pension,employees,m,68,VNM,2
2022,disability.pension,employees,f,42,AUS,2
2022,disability.pension,employees,f,60,BEL,1
2022,disability.pension,employees,f,30,ALB,1
2022,disability.pension,employees,f,36,TUN,1
2022,disability.pension,employees,f,57,GRC,1
2022,disability.pension,employees,m,53,LBN,1
2022,disability.pension,employees,f,53,DNK,1
2022,disability.pension,employees,f,54,BGR,2
2022,disability.pension,employees,f,29,BDI,1
2022,disability.pension,employees,f,28,COG,1
2022,disability.pension,employees,f,23,ECU,1
2022,disability.pension,employees,f,55,MEX,1
2022,disability.pension,employees,f,25,VEN,2
2022,disability.pension,employees,f,27,SEN,1
2022,disability.pension,employees,m,34,ZWE,2
2022,disability.pension,employees,m,26,GHA,2
2022,disability.pension,employees,m,24,MOZ,1
2022,disability.pension,employees,f,36,ARM,2
2022,disability.pension,employees,m,56,SDN,2
2022,disability.pension,employees,m,64,SDN,1
2022,disability.pension,employees,m,54,SDN,1
2022,disability.pension,employees,f,57,CHN,2
2022,disability.pension,employees,f,35,NER,1
2022,disability.pension,employees,f,47,GBR,2
2022,disability.pension,employees,f,83,CAN,1
2022,disability.pension,employees,m,53,URY,1
2022,disability.pension,employees,f,33,PNG,1
2022,disability.pension,employees,m,80,YUG,1
2022,disability.pension,employees,f,27,MKD,1
2022,disability.pension,employees,f,31,LVA,2
2022,disability.pension,employees,m,71,GEO,1
2022,disability.pension,employees,m,43,AUS,1
2022,disability.pension,employees,f,46,HND,1
2022,disability.pension,employees,f,32,CRI,1
2022,disability.pension,employees,f,37,IRQ,1
2022,disability.pension,employees,f,37,MYS,1
2022,disability.pension,employees,m,65,VNM,2
2022,disability.pension,employees,m,43,MRT,1
2022,disability.pension,employees,f,33,USA,2
2022,disability.pension,employees,m,25,USA,2
2022,disability.pension,employees,f,36,GBR,2
2022,disability.pension,employees,f,55,RUS,3
2022,disability.pension,employees,f,75,GBR,1
2022,disability.pension,employees,f,7,ARM,1
2022,disability.pension,employees,f,11,TWN,1
2022,disability.pension,employees,f,54,IDN,1
2022,disability.pension,employees,m,35,MYS,1
2022,disability.pension,employees,m,33,MYS,1
2022,disability.pension,employees,f,32,CHN,3
2022,disability.pension,employees,f,32,CUB,2
2022,disability.pension,employees,f,27,UKR,2
2022,disability.pension,employees,f,22,VNM,2
2022,disability.pension,employees,f,25,ARM,2
2022,disability.pension,employees,m,53,FRA,4
2022,disability.pension,employees,m,32,CIV,1
2022,disability.pension,employees,f,22,CIV,1
2022,disability.pension,employees,f,40,JPN,1
2022,disability.pension,employees,m,68,NGA,1
2022,disability.pension,employees,m,30,ALB,2
2022,disability.pension,employees,m,60,JPN,2
2022,disability.pension,employees,m,31,NGA,2
2022,disability.pension,employees,m,36,DNK,2
2022,disability.pension,employees,f,50,VNM,4
2022,disability.pension,employees,f,51,AFG,1
2022,disability.pension,employees,m,42,MYS,1
2022,disability.pension,employees,m,41,CHE,1
2022,disability.pension,employees,m,57,ISR,2
2022,disability.pension,employees,m,67,ISR,1
2022,disability.pension,employees,f,43,GRC,1
2022,disability.pension,employees,f,49,NZL,1
2022,disability.pension,employees,f,36,NZL,1
2022,disability.pension,employees,f,26,NZL,1
2022,disability.pension,employees,f,33,SAU,2
2022,disability.pension,employees,f,18,FIN,1
2022,disability.pension,employees,m,44,PAK,2
2022,disability.pension,employees,f,20,PHL,1
2022,disability.pension,employees,m,49,PER,1
2022,disability.pension,employees,f,47,VNM,2
2022,disability.pension,employees,m,48,JOR,1
2022,disability.pension,employees,m,65,ISR,1
2022,disability.pension,employees,m,39,MMR,1
2022,disability.pension,employees,f,52,TUR,2
2022,disability.pension,employees,f,33,IRL,1
2022,disability.pension,employees,f,55,AUS,1
2022,disability.pension,employees,m,20,AUT,1
2022,disability.pension,employees,m,24,TWN,1
2022,disability.pension,employees,m,50,CHN,2
2022,disability.pension,employees,m,60,TKM,1
2022,disability.pension,employees,f,45,UKR,2
2022,disability.pension,employees,f,30,DOM,1
2022,disability.pension,employees,m,2,ITA,1
2022,disability.pension,employees,f,47,CHN,2
2022,disability.pension,employees,m,71,CYP,1
2022,disability.pension,employees,f,57,MEX,1
2022,disability.pension,employees,f,22,TJK,2
2022,disability.pension,employees,f,27,BDI,1
2022,disability.pension,employees,f,56,VNM,2
2022,disability.pension,employees,f,32,ZMB,1
2022,disability.pension,employees,m,32,ROU,4
2022,disability.pension,employees,m,54,IRL,3
2022,disability.pension,employees,m,46,PAN,1
2022,disability.pension,employees,f,26,NIC,1
2022,disability.pension,employees,f,45,YEM,1
2022,disability.pension,employees,m,25,ALB,2
2022,disability.pension,employees,f,56,VEN,1
2022,disability.pension,employees,f,21,MLI,1
2022,disability.pension,employees,f,22,MLT,1
2022,disability.pension,employees,f,38,USA,2
2022,disability.pension,employees,f,42,GBR,4
2022,disability.pension,employees,f,34,GBR,2
2022,disability.pension,employees,f,32,AUS,2
2022,disability.pension,employees,f,37,BEL,2
2022,disability.pension,employees,f,43,GBR,2
2022,disability.pension,employees,m,33,SOM,1
2022,disability.pension,employees,f,38,ALB,1
2022,disability.pension,employees,f,55,ZAF,1
2022,disability.pension,employees,m,75,HRV,1
2022,disability.pension,employees,m,54,MEX,1
2022,disability.pension,employees,m,36,NIC,1
2022,disability.pension,employees,f,40,THA,2
2022,disability.pension,employees,f,0,VNM,1
2022,disability.pension,employees,f,40,SGP,2
2022,disability.pension,employees,m,28,KWT,1
2022,disability.pension,employees,f,46,NPL,1
2022,disability.pension,employees,f,33,RWA,2
2022,disability.pension,employees,m,67,GEO,2
2022,disability.pension,employees,f,50,IRQ,1
2022,disability.pension,employees,m,53,IRQ,1
2022,disability.pension,employees,f,49,NPL,2
2022,disability.pension,employees,f,42,NPL,1
2022,disability.pension,employees,f,47,KGZ,2
2022,disability.pension,employees,f,21,MDA,4
2022,disability.pension,employees,f,48,VEN,1
2022,disability.pension,employees,f,47,UGA,1
2022,disability.pension,employees,f,20,PRT,1
2022,disability.pension,employees,m,11,VNM,1
2022,disability.pension,employees,m,56,SGP,1
2022,disability.pension,employees,f,38,AUS,1
2022,disability.pension,employees,f,34,MMR,1
2022,disability.pension,employees,m,59,STP,1
2022,disability.pension,employees,f,46,ECU,1
2022,disability.pension,employees,m,41,PSE,1
2022,disability.pension,employees,f,47,ARG,1
2022,disability.pension,employees,f,26,LBY,1
2022,disability.pension,employees,m,19,CHN,2
2022,disability.pension,employees,f,18,CHN,3
2022,disability.pension,employees,m,26,TWN,1
2022,disability.pension,employees,f,22,MYS,1
2022,disability.pension,employees,f,64,CHN,1
2022,disability.pension,employees,f,51,EGY,1
2022,disability.pension,employees,f,42,IRQ,1
2022,disability.pension,employees,f,37,SDN,2
2022,disability.pension,employees,m,39,USA,2
2022,disability.pension,employees,m,31,USA,2
2022,disability.pension,employees,m,40,KWT,1
2022,disability.pension,employees,m,76,DNK,1
2022,disability.pension,employees,m,70,CHN,1
2022,disability.pension,employees,m,61,ZAF,1
2022,disability.pension,employees,m,60,ZAF,1
2022,disability.pension,employees,f,33,PSE,1
2022,disability.pension,employees,f,51,IRQ,1
2022,disability.pension,employees,f,61,NLD,1
2022,disability.pension,employees,f,21,MKD,2
2022,disability.pension,employees,f,24,MKD,2
2022,disability.pension,employees,f,48,ERI,1
2022,disability.pension,employees,m,55,ERI,1
2022,disability.pension,employees,f,50,ERI,1
2022,disability.pension,employees,f,45,IRQ,1
2022,disability.pension,employees,f,30,GTM,1
2022,disability.pension,employees,m,21,TGO,1
2022,disability.pension,employees,f,26,LKA,1
2022,disability.pension,employees,m,37,SYR,2
2022,disability.pension,employees,f,46,LBN,1
2022,disability.pension,employees,m,26,CHL,1
2022,disability.pension,employees,f,24,NAM,1
2022,disability.pension,employees,f,111,CHN,1
2022,disability.pension,employees,m,56,ALB,1
2022,disability.pension,employees,m,0,VNM,1
2022,disability.pension,employees,m,71,TUR,1
2022,disability.pension,employees,f,2,LVA,1
2022,disability.pension,employees,m,50,JPN,2
2022,disability.pension,employees,m,56,CUB,1
2022,disability.pension,employees,f,50,JPN,1
2022,disability.pension,employees,f,51,USA,2
2022,disability.pension,employees,f,37,TUN,1
2022,disability.pension,employees,f,49,AND,1
2022,disability.pension,employees,m,45,NZL,1
2022,disability.pension,employees,f,25,LBY,2
2022,disability.pension,employees,f,41,SDN,1
2022,disability.pension,employees,m,19,ESP,2
2022,disability.pension,employees,f,47,UKR,2
2022,disability.pension,employees,f,31,BGR,4
2022,disability.pension,employees,f,17,ARM,1
2022,disability.pension,employees,m,100,UKR,1
2022,disability.pension,employees,m,50,ETH,1
2022,disability.pension,employees,f,58,PRT,1
2022,disability.pension,employees,f,69,GEO,1
2022,disability.pension,employees,m,46,IRL,3
2022,disability.pension,employees,m,29,CAF,2
2022,disability.pension,employees,f,39,DOM,1
2022,disability.pension,employees,f,42,PER,1
2022,disability.pension,employees,f,64,IND,1
2022,disability.pension,employees,f,47,COG,1
2022,disability.pension,employees,f,17,PHL,1
2022,disability.pension,employees,m,32,BIH,2
