year,period,same_year,country_code,border,country,continent,wbd_region7,schengen,sex,age
2014,2014_I,FALSE,AFG,5,Afghanistan,Asia,"Middle East, North Africa, Afghanistan & Pakistan",non-Schengen,m,18_59
2014,2014_I,FALSE,AGO,1,Angola,Africa,Sub-Saharan Africa,non-Schengen,m,18_59
2014,2014_I,FALSE,ARG,1,Argentina,Americas,Latin America & Caribbean,non-Schengen,m,18_59
2014,2014_I,FALSE,ARM,3,Armenia,Asia,Europe & Central Asia,non-Schengen,f,17
2014,2014_I,FALSE,ARM,12,Armenia,Asia,Europe & Central Asia,non-Schengen,f,18_59
2014,2014_I,FALSE,ARM,6,Armenia,Asia,Europe & Central Asia,non-Schengen,m,17
2014,2014_I,FALSE,ARM,17,Armenia,Asia,Europe & Central Asia,non-Schengen,m,18_59
2014,2014_I,FALSE,AUS,1,Australia,Oceania,East Asia & Pacific,non-Schengen,m,18_59
2014,2014_I,FALSE,AZE,3,Azerbaijan,Asia,Europe & Central Asia,non-Schengen,m,18_59
2014,2014_I,FALSE,BEN,1,Benin,Africa,Sub-Saharan Africa,non-Schengen,m,18_59
2014,2014_I,FALSE,BGD,7,Bangladesh,Asia,South Asia,non-Schengen,m,18_59
2014,2014_I,FALSE,BLR,2,Belarus,Europe,Europe & Central Asia,non-Schengen,f,18_59
2014,2014_I,FALSE,BLR,21,Belarus,Europe,Europe & Central Asia,non-Schengen,m,18_59
2014,2014_I,FALSE,CAN,1,Canada,Americas,North America,non-Schengen,f,60
2014,2014_I,FALSE,CAN,2,Canada,Americas,North America,non-Schengen,m,18_59
2014,2014_I,FALSE,CHL,1,Chile,Americas,Latin America & Caribbean,non-Schengen,m,18_59
2014,2014_I,FALSE,CHN,4,China,Asia,East Asia & Pacific,non-Schengen,f,18_59
2014,2014_I,FALSE,CHN,12,China,Asia,East Asia & Pacific,non-Schengen,m,18_59
2014,2014_I,FALSE,CIV,1,Côte d’Ivoire,Africa,Sub-Saharan Africa,non-Schengen,m,18_59
2014,2014_I,FALSE,CMR,2,Cameroon,Africa,Sub-Saharan Africa,non-Schengen,m,18_59
2014,2014_I,FALSE,COD,1,Congo - Kinshasa,Africa,Sub-Saharan Africa,non-Schengen,m,18_59
2014,2014_I,FALSE,COL,1,Colombia,Americas,Latin America & Caribbean,non-Schengen,f,17
2014,2014_I,FALSE,COL,2,Colombia,Americas,Latin America & Caribbean,non-Schengen,f,18_59
2014,2014_I,FALSE,COL,1,Colombia,Americas,Latin America & Caribbean,non-Schengen,m,60
2014,2014_I,FALSE,CUB,1,Cuba,Americas,Latin America & Caribbean,non-Schengen,f,18_59
2014,2014_I,FALSE,CUB,1,Cuba,Americas,Latin America & Caribbean,non-Schengen,m,18_59
2014,2014_I,FALSE,DOM,1,Dominican Republic,Americas,Latin America & Caribbean,non-Schengen,f,18_59
2014,2014_I,FALSE,DOM,1,Dominican Republic,Americas,Latin America & Caribbean,non-Schengen,m,18_59
2014,2014_I,FALSE,DZA,8,Algeria,Africa,"Middle East, North Africa, Afghanistan & Pakistan",non-Schengen,m,18_59
2014,2014_I,FALSE,ECU,1,Ecuador,Americas,Latin America & Caribbean,non-Schengen,f,18_59
2014,2014_I,FALSE,EGY,14,Egypt,Africa,"Middle East, North Africa, Afghanistan & Pakistan",non-Schengen,m,18_59
2014,2014_I,FALSE,GEO,4,Georgia,Asia,Europe & Central Asia,non-Schengen,f,17
2014,2014_I,FALSE,GEO,13,Georgia,Asia,Europe & Central Asia,non-Schengen,f,18_59
2014,2014_I,FALSE,GEO,1,Georgia,Asia,Europe & Central Asia,non-Schengen,f,60
2014,2014_I,FALSE,GEO,14,Georgia,Asia,Europe & Central Asia,non-Schengen,m,17
2014,2014_I,FALSE,GEO,41,Georgia,Asia,Europe & Central Asia,non-Schengen,m,18_59
2014,2014_I,FALSE,GIN,2,Guinea,Africa,Sub-Saharan Africa,non-Schengen,m,18_59
2014,2014_I,FALSE,GNB,2,Guinea-Bissau,Africa,Sub-Saharan Africa,non-Schengen,m,18_59
2014,2014_I,FALSE,IDN,1,Indonesia,Asia,East Asia & Pacific,non-Schengen,f,18_59
2014,2014_I,FALSE,IND,17,India,Asia,South Asia,non-Schengen,m,18_59
2014,2014_I,FALSE,IOT,1,British Indian Ocean Territory,Africa,Sub-Saharan Africa,non-Schengen,m,18_59
2014,2014_I,FALSE,IRN,1,Iran,Asia,"Middle East, North Africa, Afghanistan & Pakistan",non-Schengen,f,18_59
2014,2014_I,FALSE,IRQ,1,Iraq,Asia,"Middle East, North Africa, Afghanistan & Pakistan",non-Schengen,f,18_59
2014,2014_I,FALSE,IRQ,2,Iraq,Asia,"Middle East, North Africa, Afghanistan & Pakistan",non-Schengen,m,18_59
2014,2014_I,FALSE,ISR,1,Israel,Asia,"Middle East, North Africa, Afghanistan & Pakistan",non-Schengen,m,18_59
2014,2014_I,FALSE,JOR,2,Jordan,Asia,"Middle East, North Africa, Afghanistan & Pakistan",non-Schengen,m,18_59
2014,2014_I,FALSE,JPN,1,Japan,Asia,East Asia & Pacific,non-Schengen,f,18_59
2014,2014_I,FALSE,KAZ,1,Kazakhstan,Asia,Europe & Central Asia,non-Schengen,f,18_59
2014,2014_I,FALSE,KAZ,1,Kazakhstan,Asia,Europe & Central Asia,non-Schengen,m,18_59
2014,2014_I,FALSE,KEN,1,Kenya,Africa,Sub-Saharan Africa,non-Schengen,m,18_59
2014,2014_I,FALSE,KGZ,1,Kyrgyzstan,Asia,Europe & Central Asia,non-Schengen,m,18_59
2014,2014_I,FALSE,LBN,4,Lebanon,Asia,"Middle East, North Africa, Afghanistan & Pakistan",non-Schengen,m,18_59
2014,2014_I,FALSE,LBY,4,Libya,Africa,"Middle East, North Africa, Afghanistan & Pakistan",non-Schengen,f,18_59
2014,2014_I,FALSE,LBY,2,Libya,Africa,"Middle East, North Africa, Afghanistan & Pakistan",non-Schengen,m,17
2014,2014_I,FALSE,LBY,19,Libya,Africa,"Middle East, North Africa, Afghanistan & Pakistan",non-Schengen,m,18_59
2014,2014_I,FALSE,LBY,1,Libya,Africa,"Middle East, North Africa, Afghanistan & Pakistan",non-Schengen,m,60
2014,2014_I,FALSE,LKA,1,Sri Lanka,Asia,South Asia,non-Schengen,m,18_59
2014,2014_I,FALSE,MAR,9,Morocco,Africa,"Middle East, North Africa, Afghanistan & Pakistan",non-Schengen,m,18_59
2014,2014_I,FALSE,MDA,3,Moldova,Europe,Europe & Central Asia,non-Schengen,f,18_59
2014,2014_I,FALSE,MDA,3,Moldova,Europe,Europe & Central Asia,non-Schengen,m,18_59
2014,2014_I,FALSE,MEX,1,Mexico,Americas,Latin America & Caribbean,non-Schengen,m,18_59
2014,2014_I,FALSE,MNG,2,Mongolia,Asia,East Asia & Pacific,non-Schengen,f,18_59
2014,2014_I,FALSE,MNG,4,Mongolia,Asia,East Asia & Pacific,non-Schengen,m,18_59
2014,2014_I,FALSE,NER,1,Niger,Africa,Sub-Saharan Africa,non-Schengen,m,18_59
2014,2014_I,FALSE,NGA,13,Nigeria,Africa,Sub-Saharan Africa,non-Schengen,m,18_59
2014,2014_I,FALSE,NPL,4,Nepal,Asia,South Asia,non-Schengen,m,18_59
2014,2014_I,FALSE,PAK,1,Pakistan,Asia,"Middle East, North Africa, Afghanistan & Pakistan",non-Schengen,f,18_59
2014,2014_I,FALSE,PAK,27,Pakistan,Asia,"Middle East, North Africa, Afghanistan & Pakistan",non-Schengen,m,18_59
2014,2014_I,FALSE,PHL,1,Philippines,Asia,East Asia & Pacific,non-Schengen,f,18_59
2014,2014_I,FALSE,PSE,1,Palestinian Territories,Asia,"Middle East, North Africa, Afghanistan & Pakistan",non-Schengen,m,18_59
2014,2014_I,FALSE,ROU,1,Romania,Europe,Europe & Central Asia,non-Schengen,m,18_59
2014,2014_I,FALSE,RUS,102,Russia,Europe,Europe & Central Asia,non-Schengen,f,17
2014,2014_I,FALSE,RUS,112,Russia,Europe,Europe & Central Asia,non-Schengen,f,18_59
2014,2014_I,FALSE,RUS,5,Russia,Europe,Europe & Central Asia,non-Schengen,f,60
2014,2014_I,FALSE,RUS,103,Russia,Europe,Europe & Central Asia,non-Schengen,m,17
2014,2014_I,FALSE,RUS,138,Russia,Europe,Europe & Central Asia,non-Schengen,m,18_59
2014,2014_I,FALSE,SAU,2,Saudi Arabia,Asia,"Middle East, North Africa, Afghanistan & Pakistan",non-Schengen,m,18_59
2014,2014_I,FALSE,SEN,1,Senegal,Africa,Sub-Saharan Africa,non-Schengen,m,18_59
2014,2014_I,FALSE,SLV,1,El Salvador,Americas,Latin America & Caribbean,non-Schengen,m,18_59
2014,2014_I,FALSE,SOM,1,Somalia,Africa,Sub-Saharan Africa,non-Schengen,m,18_59
2014,2014_I,FALSE,SRB,2,Serbia,Europe,Europe & Central Asia,non-Schengen,m,18_59
2014,2014_I,FALSE,SYR,1,Syria,Asia,"Middle East, North Africa, Afghanistan & Pakistan",non-Schengen,f,60
2014,2014_I,FALSE,SYR,2,Syria,Asia,"Middle East, North Africa, Afghanistan & Pakistan",non-Schengen,m,18_59
2014,2014_I,FALSE,THA,1,Thailand,Asia,East Asia & Pacific,non-Schengen,f,18_59
2014,2014_I,FALSE,TJK,1,Tajikistan,Asia,Europe & Central Asia,non-Schengen,f,18_59
2014,2014_I,FALSE,TUN,17,Tunisia,Africa,"Middle East, North Africa, Afghanistan & Pakistan",non-Schengen,m,18_59
2014,2014_I,FALSE,TUR,1,Turkey,Asia,Europe & Central Asia,non-Schengen,f,17
2014,2014_I,FALSE,TUR,16,Turkey,Asia,Europe & Central Asia,non-Schengen,m,18_59
2014,2014_I,FALSE,TZA,1,Tanzania,Africa,Sub-Saharan Africa,non-Schengen,m,18_59
2014,2014_I,FALSE,UGA,1,Uganda,Africa,Sub-Saharan Africa,non-Schengen,m,18_59
2014,2014_I,FALSE,UKR,3,Ukraine,Europe,Europe & Central Asia,non-Schengen,f,17
2014,2014_I,FALSE,UKR,213,Ukraine,Europe,Europe & Central Asia,non-Schengen,f,18_59
2014,2014_I,FALSE,UKR,5,Ukraine,Europe,Europe & Central Asia,non-Schengen,f,60
2014,2014_I,FALSE,UKR,346,Ukraine,Europe,Europe & Central Asia,non-Schengen,m,18_59
2014,2014_I,FALSE,UKR,1,Ukraine,Europe,Europe & Central Asia,non-Schengen,m,60
2014,2014_I,FALSE,USA,1,United States,Americas,North America,non-Schengen,f,17
2014,2014_I,FALSE,USA,3,United States,Americas,North America,non-Schengen,m,18_59
2014,2014_I,FALSE,UZB,12,Uzbekistan,Asia,Europe & Central Asia,non-Schengen,m,18_59
2014,2014_I,FALSE,VEN,1,Venezuela,Americas,Latin America & Caribbean,non-Schengen,m,18_59
2014,2014_I,FALSE,VNM,2,Vietnam,Asia,East Asia & Pacific,non-Schengen,f,17
2014,2014_I,FALSE,VNM,10,Vietnam,Asia,East Asia & Pacific,non-Schengen,f,18_59
2014,2014_I,FALSE,VNM,1,Vietnam,Asia,East Asia & Pacific,non-Schengen,f,60
2014,2014_I,FALSE,VNM,3,Vietnam,Asia,East Asia & Pacific,non-Schengen,m,17
2014,2014_I,FALSE,VNM,42,Vietnam,Asia,East Asia & Pacific,non-Schengen,m,18_59
2014,2014_I,FALSE,XXX,3,Stateless,other/unknown,other/unknown,non-Schengen,m,18_59
2014,2014_I,FALSE,ZAF,1,South Africa,Africa,Sub-Saharan Africa,non-Schengen,m,18_59
2014,2014_I,TRUE,BGD,1,Bangladesh,Asia,South Asia,non-Schengen,m,18_59
2014,2014_I,TRUE,MAR,1,Morocco,Africa,"Middle East, North Africa, Afghanistan & Pakistan",non-Schengen,m,18_59
2014,2014_I,TRUE,NGA,1,Nigeria,Africa,Sub-Saharan Africa,non-Schengen,m,18_59
2014,2014_I,TRUE,PAK,3,Pakistan,Asia,"Middle East, North Africa, Afghanistan & Pakistan",non-Schengen,m,18_59
2014,2014_I,TRUE,UKR,2,Ukraine,Europe,Europe & Central Asia,non-Schengen,f,18_59
2014,2014_I,TRUE,UKR,5,Ukraine,Europe,Europe & Central Asia,non-Schengen,m,18_59
2014,2014_I,TRUE,UZB,1,Uzbekistan,Asia,Europe & Central Asia,non-Schengen,m,18_59
2014,2014_I,TRUE,VNM,1,Vietnam,Asia,East Asia & Pacific,non-Schengen,m,18_59
2014,2014_II,FALSE,AFG,1,Afghanistan,Asia,"Middle East, North Africa, Afghanistan & Pakistan",non-Schengen,m,17
2014,2014_II,FALSE,AFG,4,Afghanistan,Asia,"Middle East, North Africa, Afghanistan & Pakistan",non-Schengen,m,18_59
2014,2014_II,FALSE,AGO,1,Angola,Africa,Sub-Saharan Africa,non-Schengen,f,18_59
2014,2014_II,FALSE,AGO,2,Angola,Africa,Sub-Saharan Africa,non-Schengen,m,18_59
2014,2014_II,FALSE,ALB,1,Albania,Europe,Europe & Central Asia,non-Schengen,m,18_59
2014,2014_II,FALSE,ARM,2,Armenia,Asia,Europe & Central Asia,non-Schengen,f,17
2014,2014_II,FALSE,ARM,6,Armenia,Asia,Europe & Central Asia,non-Schengen,f,18_59
2014,2014_II,FALSE,ARM,4,Armenia,Asia,Europe & Central Asia,non-Schengen,f,60
2014,2014_II,FALSE,ARM,4,Armenia,Asia,Europe & Central Asia,non-Schengen,m,17
2014,2014_II,FALSE,ARM,23,Armenia,Asia,Europe & Central Asia,non-Schengen,m,18_59
2014,2014_II,FALSE,ARM,1,Armenia,Asia,Europe & Central Asia,non-Schengen,m,60
2014,2014_II,FALSE,AZE,3,Azerbaijan,Asia,Europe & Central Asia,non-Schengen,m,18_59
2014,2014_II,FALSE,BGD,8,Bangladesh,Asia,South Asia,non-Schengen,m,18_59
2014,2014_II,FALSE,BLR,1,Belarus,Europe,Europe & Central Asia,non-Schengen,f,17
2014,2014_II,FALSE,BLR,7,Belarus,Europe,Europe & Central Asia,non-Schengen,f,18_59
2014,2014_II,FALSE,BLR,1,Belarus,Europe,Europe & Central Asia,non-Schengen,f,60
2014,2014_II,FALSE,BLR,26,Belarus,Europe,Europe & Central Asia,non-Schengen,m,18_59
2014,2014_II,FALSE,CAN,1,Canada,Americas,North America,non-Schengen,m,18_59
2014,2014_II,FALSE,CHN,5,China,Asia,East Asia & Pacific,non-Schengen,f,18_59
2014,2014_II,FALSE,CHN,1,China,Asia,East Asia & Pacific,non-Schengen,m,17
2014,2014_II,FALSE,CHN,7,China,Asia,East Asia & Pacific,non-Schengen,m,18_59
2014,2014_II,FALSE,CIV,1,Côte d’Ivoire,Africa,Sub-Saharan Africa,non-Schengen,m,18_59
2014,2014_II,FALSE,COL,1,Colombia,Americas,Latin America & Caribbean,non-Schengen,f,18_59
2014,2014_II,FALSE,COL,2,Colombia,Americas,Latin America & Caribbean,non-Schengen,m,18_59
2014,2014_II,FALSE,CRI,1,Costa Rica,Americas,Latin America & Caribbean,non-Schengen,f,18_59
2014,2014_II,FALSE,DJI,1,Djibouti,Africa,"Middle East, North Africa, Afghanistan & Pakistan",non-Schengen,m,18_59
2014,2014_II,FALSE,DZA,1,Algeria,Africa,"Middle East, North Africa, Afghanistan & Pakistan",non-Schengen,m,17
2014,2014_II,FALSE,DZA,5,Algeria,Africa,"Middle East, North Africa, Afghanistan & Pakistan",non-Schengen,m,18_59
2014,2014_II,FALSE,EGY,5,Egypt,Africa,"Middle East, North Africa, Afghanistan & Pakistan",non-Schengen,m,18_59
2014,2014_II,FALSE,ETH,1,Ethiopia,Africa,Sub-Saharan Africa,non-Schengen,m,18_59
2014,2014_II,FALSE,GEO,8,Georgia,Asia,Europe & Central Asia,non-Schengen,f,17
2014,2014_II,FALSE,GEO,11,Georgia,Asia,Europe & Central Asia,non-Schengen,f,18_59
2014,2014_II,FALSE,GEO,1,Georgia,Asia,Europe & Central Asia,non-Schengen,f,60
2014,2014_II,FALSE,GEO,6,Georgia,Asia,Europe & Central Asia,non-Schengen,m,17
2014,2014_II,FALSE,GEO,28,Georgia,Asia,Europe & Central Asia,non-Schengen,m,18_59
2014,2014_II,FALSE,GHA,3,Ghana,Africa,Sub-Saharan Africa,non-Schengen,m,18_59
2014,2014_II,FALSE,GIN,1,Guinea,Africa,Sub-Saharan Africa,non-Schengen,f,18_59
2014,2014_II,FALSE,GIN,2,Guinea,Africa,Sub-Saharan Africa,non-Schengen,m,18_59
2014,2014_II,FALSE,IND,7,India,Asia,South Asia,non-Schengen,m,18_59
2014,2014_II,FALSE,IRN,2,Iran,Asia,"Middle East, North Africa, Afghanistan & Pakistan",non-Schengen,m,18_59
2014,2014_II,FALSE,IRQ,1,Iraq,Asia,"Middle East, North Africa, Afghanistan & Pakistan",non-Schengen,m,18_59
2014,2014_II,FALSE,KAZ,1,Kazakhstan,Asia,Europe & Central Asia,non-Schengen,f,17
2014,2014_II,FALSE,KAZ,1,Kazakhstan,Asia,Europe & Central Asia,non-Schengen,f,18_59
2014,2014_II,FALSE,KAZ,1,Kazakhstan,Asia,Europe & Central Asia,non-Schengen,m,17
2014,2014_II,FALSE,KAZ,2,Kazakhstan,Asia,Europe & Central Asia,non-Schengen,m,18_59
2014,2014_II,FALSE,KEN,2,Kenya,Africa,Sub-Saharan Africa,non-Schengen,m,18_59
2014,2014_II,FALSE,KGZ,1,Kyrgyzstan,Asia,Europe & Central Asia,non-Schengen,f,18_59
2014,2014_II,FALSE,KGZ,3,Kyrgyzstan,Asia,Europe & Central Asia,non-Schengen,m,17
2014,2014_II,FALSE,KGZ,3,Kyrgyzstan,Asia,Europe & Central Asia,non-Schengen,m,18_59
2014,2014_II,FALSE,KOR,1,South Korea,Asia,East Asia & Pacific,non-Schengen,f,18_59
2014,2014_II,FALSE,KOR,1,South Korea,Asia,East Asia & Pacific,non-Schengen,m,18_59
2014,2014_II,FALSE,LBN,1,Lebanon,Asia,"Middle East, North Africa, Afghanistan & Pakistan",non-Schengen,m,18_59
2014,2014_II,FALSE,LBR,1,Liberia,Africa,Sub-Saharan Africa,non-Schengen,f,18_59
2014,2014_II,FALSE,LBY,7,Libya,Africa,"Middle East, North Africa, Afghanistan & Pakistan",non-Schengen,f,17
2014,2014_II,FALSE,LBY,11,Libya,Africa,"Middle East, North Africa, Afghanistan & Pakistan",non-Schengen,f,18_59
2014,2014_II,FALSE,LBY,1,Libya,Africa,"Middle East, North Africa, Afghanistan & Pakistan",non-Schengen,f,60
2014,2014_II,FALSE,LBY,9,Libya,Africa,"Middle East, North Africa, Afghanistan & Pakistan",non-Schengen,m,17
2014,2014_II,FALSE,LBY,19,Libya,Africa,"Middle East, North Africa, Afghanistan & Pakistan",non-Schengen,m,18_59
2014,2014_II,FALSE,LKA,1,Sri Lanka,Asia,South Asia,non-Schengen,m,18_59
2014,2014_II,FALSE,MAR,2,Morocco,Africa,"Middle East, North Africa, Afghanistan & Pakistan",non-Schengen,m,18_59
2014,2014_II,FALSE,MDA,1,Moldova,Europe,Europe & Central Asia,non-Schengen,f,17
2014,2014_II,FALSE,MDA,4,Moldova,Europe,Europe & Central Asia,non-Schengen,f,18_59
2014,2014_II,FALSE,MDA,4,Moldova,Europe,Europe & Central Asia,non-Schengen,m,18_59
2014,2014_II,FALSE,MNG,4,Mongolia,Asia,East Asia & Pacific,non-Schengen,f,18_59
2014,2014_II,FALSE,MNG,1,Mongolia,Asia,East Asia & Pacific,non-Schengen,m,17
2014,2014_II,FALSE,MNG,1,Mongolia,Asia,East Asia & Pacific,non-Schengen,m,18_59
2014,2014_II,FALSE,NGA,1,Nigeria,Africa,Sub-Saharan Africa,non-Schengen,f,18_59
2014,2014_II,FALSE,NGA,8,Nigeria,Africa,Sub-Saharan Africa,non-Schengen,m,18_59
2014,2014_II,FALSE,NPL,1,Nepal,Asia,South Asia,non-Schengen,f,18_59
2014,2014_II,FALSE,NPL,3,Nepal,Asia,South Asia,non-Schengen,m,18_59
2014,2014_II,FALSE,PAK,8,Pakistan,Asia,"Middle East, North Africa, Afghanistan & Pakistan",non-Schengen,m,18_59
2014,2014_II,FALSE,KOR,2,South Korea,Asia,East Asia & Pacific,non-Schengen,f,18_59
2014,2014_II,FALSE,ROU,1,Romania,Europe,Europe & Central Asia,non-Schengen,m,18_59
2014,2014_II,FALSE,RUS,35,Russia,Europe,Europe & Central Asia,non-Schengen,f,17
2014,2014_II,FALSE,RUS,47,Russia,Europe,Europe & Central Asia,non-Schengen,f,18_59
2014,2014_II,FALSE,RUS,1,Russia,Europe,Europe & Central Asia,non-Schengen,f,60
2014,2014_II,FALSE,RUS,32,Russia,Europe,Europe & Central Asia,non-Schengen,m,17
2014,2014_II,FALSE,RUS,75,Russia,Europe,Europe & Central Asia,non-Schengen,m,18_59
2014,2014_II,FALSE,RUS,1,Russia,Europe,Europe & Central Asia,non-Schengen,m,60
2014,2014_II,FALSE,RWA,1,Rwanda,Africa,Sub-Saharan Africa,non-Schengen,m,18_59
2014,2014_II,FALSE,SRB,2,Serbia,Europe,Europe & Central Asia,non-Schengen,m,18_59
2014,2014_II,FALSE,SYR,16,Syria,Asia,"Middle East, North Africa, Afghanistan & Pakistan",non-Schengen,m,18_59
2014,2014_II,FALSE,TGO,1,Togo,Africa,Sub-Saharan Africa,non-Schengen,m,18_59
2014,2014_II,FALSE,TUN,7,Tunisia,Africa,"Middle East, North Africa, Afghanistan & Pakistan",non-Schengen,m,18_59
2014,2014_II,FALSE,TUR,2,Turkey,Asia,Europe & Central Asia,non-Schengen,f,18_59
2014,2014_II,FALSE,TUR,9,Turkey,Asia,Europe & Central Asia,non-Schengen,m,18_59
2014,2014_II,FALSE,TZA,1,Tanzania,Africa,Sub-Saharan Africa,non-Schengen,m,18_59
2014,2014_II,FALSE,UKR,8,Ukraine,Europe,Europe & Central Asia,non-Schengen,f,17
2014,2014_II,FALSE,UKR,190,Ukraine,Europe,Europe & Central Asia,non-Schengen,f,18_59
2014,2014_II,FALSE,UKR,18,Ukraine,Europe,Europe & Central Asia,non-Schengen,f,60
2014,2014_II,FALSE,UKR,9,Ukraine,Europe,Europe & Central Asia,non-Schengen,m,17
2014,2014_II,FALSE,UKR,481,Ukraine,Europe,Europe & Central Asia,non-Schengen,m,18_59
2014,2014_II,FALSE,UKR,4,Ukraine,Europe,Europe & Central Asia,non-Schengen,m,60
2014,2014_II,FALSE,UNK,1,unknown,other/unknown,other/unknown,non-Schengen,f,18_59
2014,2014_II,FALSE,UNK,7,unknown,other/unknown,other/unknown,non-Schengen,m,18_59
2014,2014_II,FALSE,USA,1,United States,Americas,North America,non-Schengen,f,18_59
2014,2014_II,FALSE,USA,1,United States,Americas,North America,non-Schengen,f,60
2014,2014_II,FALSE,USA,1,United States,Americas,North America,non-Schengen,m,18_59
2014,2014_II,FALSE,USA,1,United States,Americas,North America,non-Schengen,m,60
2014,2014_II,FALSE,UZB,1,Uzbekistan,Asia,Europe & Central Asia,non-Schengen,f,17
2014,2014_II,FALSE,UZB,5,Uzbekistan,Asia,Europe & Central Asia,non-Schengen,f,18_59
2014,2014_II,FALSE,UZB,1,Uzbekistan,Asia,Europe & Central Asia,non-Schengen,m,17
2014,2014_II,FALSE,UZB,11,Uzbekistan,Asia,Europe & Central Asia,non-Schengen,m,18_59
2014,2014_II,FALSE,VEN,1,Venezuela,Americas,Latin America & Caribbean,non-Schengen,m,18_59
2014,2014_II,FALSE,VNM,4,Vietnam,Asia,East Asia & Pacific,non-Schengen,f,17
2014,2014_II,FALSE,VNM,17,Vietnam,Asia,East Asia & Pacific,non-Schengen,f,18_59
2014,2014_II,FALSE,VNM,4,Vietnam,Asia,East Asia & Pacific,non-Schengen,m,17
2014,2014_II,FALSE,VNM,61,Vietnam,Asia,East Asia & Pacific,non-Schengen,m,18_59
2014,2014_II,FALSE,XXX,1,Stateless,other/unknown,other/unknown,non-Schengen,f,18_59
2014,2014_II,FALSE,XXX,3,Stateless,other/unknown,other/unknown,non-Schengen,m,17
2014,2014_II,FALSE,XXX,13,Stateless,other/unknown,other/unknown,non-Schengen,m,18_59
2014,2014_II,FALSE,XXX,1,Stateless,other/unknown,other/unknown,non-Schengen,m,60
2014,2014_II,FALSE,ZMB,1,Zambia,Africa,Sub-Saharan Africa,non-Schengen,m,18_59
2014,2014_II,TRUE,ETH,1,Ethiopia,Africa,Sub-Saharan Africa,non-Schengen,m,18_59
2014,2014_II,TRUE,MNG,1,Mongolia,Asia,East Asia & Pacific,non-Schengen,m,18_59
2014,2014_II,TRUE,PAK,1,Pakistan,Asia,"Middle East, North Africa, Afghanistan & Pakistan",non-Schengen,m,18_59
2014,2014_II,TRUE,UKR,1,Ukraine,Europe,Europe & Central Asia,non-Schengen,f,18_59
2014,2014_II,TRUE,UKR,8,Ukraine,Europe,Europe & Central Asia,non-Schengen,m,18_59
2014,2014_II,TRUE,UNK,1,unknown,other/unknown,other/unknown,non-Schengen,m,18_59
2014,2014_II,TRUE,VNM,1,Vietnam,Asia,East Asia & Pacific,non-Schengen,m,18_59
2015,2015_I,FALSE,AFG,5,Afghanistan,Asia,"Middle East, North Africa, Afghanistan & Pakistan",non-Schengen,m,17
2015,2015_I,FALSE,AFG,2,Afghanistan,Asia,"Middle East, North Africa, Afghanistan & Pakistan",non-Schengen,m,18_59
2015,2015_I,FALSE,AGO,1,Angola,Africa,Sub-Saharan Africa,non-Schengen,f,18_59
2015,2015_I,FALSE,AGO,1,Angola,Africa,Sub-Saharan Africa,non-Schengen,m,18_59
2015,2015_I,FALSE,ALB,1,Albania,Europe,Europe & Central Asia,non-Schengen,m,18_59
2015,2015_I,FALSE,ARM,5,Armenia,Asia,Europe & Central Asia,non-Schengen,f,17
2015,2015_I,FALSE,ARM,15,Armenia,Asia,Europe & Central Asia,non-Schengen,f,18_59
2015,2015_I,FALSE,ARM,2,Armenia,Asia,Europe & Central Asia,non-Schengen,f,60
2015,2015_I,FALSE,ARM,3,Armenia,Asia,Europe & Central Asia,non-Schengen,m,17
2015,2015_I,FALSE,ARM,27,Armenia,Asia,Europe & Central Asia,non-Schengen,m,18_59
2015,2015_I,FALSE,AZE,4,Azerbaijan,Asia,Europe & Central Asia,non-Schengen,m,18_59
2015,2015_I,FALSE,BEN,1,Benin,Africa,Sub-Saharan Africa,non-Schengen,m,18_59
2015,2015_I,FALSE,BGD,3,Bangladesh,Asia,South Asia,non-Schengen,m,18_59
2015,2015_I,FALSE,BGR,1,Bulgaria,Europe,Europe & Central Asia,non-Schengen,m,18_59
2015,2015_I,FALSE,BHR,1,Bahrain,Asia,"Middle East, North Africa, Afghanistan & Pakistan",non-Schengen,m,18_59
2015,2015_I,FALSE,BLR,2,Belarus,Europe,Europe & Central Asia,non-Schengen,f,17
2015,2015_I,FALSE,BLR,7,Belarus,Europe,Europe & Central Asia,non-Schengen,f,18_59
2015,2015_I,FALSE,BLR,3,Belarus,Europe,Europe & Central Asia,non-Schengen,f,60
2015,2015_I,FALSE,BLR,1,Belarus,Europe,Europe & Central Asia,non-Schengen,m,17
2015,2015_I,FALSE,BLR,25,Belarus,Europe,Europe & Central Asia,non-Schengen,m,18_59
2015,2015_I,FALSE,BOL,1,Bolivia,Americas,Latin America & Caribbean,non-Schengen,m,18_59
2015,2015_I,FALSE,CAN,1,Canada,Americas,North America,non-Schengen,f,18_59
2015,2015_I,FALSE,CAN,1,Canada,Americas,North America,non-Schengen,m,18_59
2015,2015_I,FALSE,CHN,3,China,Asia,East Asia & Pacific,non-Schengen,f,18_59
2015,2015_I,FALSE,CHN,9,China,Asia,East Asia & Pacific,non-Schengen,m,18_59
2015,2015_I,FALSE,CMR,4,Cameroon,Africa,Sub-Saharan Africa,non-Schengen,m,18_59
2015,2015_I,FALSE,COD,1,Congo - Kinshasa,Africa,Sub-Saharan Africa,non-Schengen,f,18_59
2015,2015_I,FALSE,COD,1,Congo - Kinshasa,Africa,Sub-Saharan Africa,non-Schengen,m,18_59
2015,2015_I,FALSE,COL,1,Colombia,Americas,Latin America & Caribbean,non-Schengen,f,18_59
2015,2015_I,FALSE,COL,2,Colombia,Americas,Latin America & Caribbean,non-Schengen,m,18_59
2015,2015_I,FALSE,CUB,1,Cuba,Americas,Latin America & Caribbean,non-Schengen,m,18_59
2015,2015_I,FALSE,DZA,5,Algeria,Africa,"Middle East, North Africa, Afghanistan & Pakistan",non-Schengen,m,18_59
2015,2015_I,FALSE,EGY,11,Egypt,Africa,"Middle East, North Africa, Afghanistan & Pakistan",non-Schengen,m,18_59
2015,2015_I,FALSE,ERI,1,Eritrea,Africa,Sub-Saharan Africa,non-Schengen,m,18_59
2015,2015_I,FALSE,GEO,2,Georgia,Asia,Europe & Central Asia,non-Schengen,f,17
2015,2015_I,FALSE,GEO,3,Georgia,Asia,Europe & Central Asia,non-Schengen,f,18_59
2015,2015_I,FALSE,GEO,10,Georgia,Asia,Europe & Central Asia,non-Schengen,m,18_59
2015,2015_I,FALSE,GHA,1,Ghana,Africa,Sub-Saharan Africa,non-Schengen,m,18_59
2015,2015_I,FALSE,IND,8,India,Asia,South Asia,non-Schengen,m,18_59
2015,2015_I,FALSE,IRN,1,Iran,Asia,"Middle East, North Africa, Afghanistan & Pakistan",non-Schengen,f,18_59
2015,2015_I,FALSE,IRN,4,Iran,Asia,"Middle East, North Africa, Afghanistan & Pakistan",non-Schengen,m,18_59
2015,2015_I,FALSE,IRQ,3,Iraq,Asia,"Middle East, North Africa, Afghanistan & Pakistan",non-Schengen,m,18_59
2015,2015_I,FALSE,JOR,1,Jordan,Asia,"Middle East, North Africa, Afghanistan & Pakistan",non-Schengen,m,18_59
2015,2015_I,FALSE,KAZ,1,Kazakhstan,Asia,Europe & Central Asia,non-Schengen,f,18_59
2015,2015_I,FALSE,KAZ,3,Kazakhstan,Asia,Europe & Central Asia,non-Schengen,m,18_59
2015,2015_I,FALSE,KEN,1,Kenya,Africa,Sub-Saharan Africa,non-Schengen,f,18_59
2015,2015_I,FALSE,KEN,1,Kenya,Africa,Sub-Saharan Africa,non-Schengen,m,18_59
2015,2015_I,FALSE,LBN,1,Lebanon,Asia,"Middle East, North Africa, Afghanistan & Pakistan",non-Schengen,m,18_59
2015,2015_I,FALSE,LBY,2,Libya,Africa,"Middle East, North Africa, Afghanistan & Pakistan",non-Schengen,m,18_59
2015,2015_I,FALSE,LKA,1,Sri Lanka,Asia,South Asia,non-Schengen,m,18_59
2015,2015_I,FALSE,MAR,7,Morocco,Africa,"Middle East, North Africa, Afghanistan & Pakistan",non-Schengen,m,18_59
2015,2015_I,FALSE,MDA,1,Moldova,Europe,Europe & Central Asia,non-Schengen,f,17
2015,2015_I,FALSE,MDA,2,Moldova,Europe,Europe & Central Asia,non-Schengen,f,18_59
2015,2015_I,FALSE,MDA,9,Moldova,Europe,Europe & Central Asia,non-Schengen,m,18_59
2015,2015_I,FALSE,MKD,1,North Macedonia,Europe,Europe & Central Asia,non-Schengen,m,18_59
2015,2015_I,FALSE,MNE,1,Montenegro,Europe,Europe & Central Asia,non-Schengen,f,18_59
2015,2015_I,FALSE,MNG,3,Mongolia,Asia,East Asia & Pacific,non-Schengen,m,18_59
2015,2015_I,FALSE,NGA,1,Nigeria,Africa,Sub-Saharan Africa,non-Schengen,f,18_59
2015,2015_I,FALSE,NGA,14,Nigeria,Africa,Sub-Saharan Africa,non-Schengen,m,18_59
2015,2015_I,FALSE,NPL,1,Nepal,Asia,South Asia,non-Schengen,f,18_59
2015,2015_I,FALSE,NPL,2,Nepal,Asia,South Asia,non-Schengen,m,18_59
2015,2015_I,FALSE,PAK,38,Pakistan,Asia,"Middle East, North Africa, Afghanistan & Pakistan",non-Schengen,m,18_59
2015,2015_I,FALSE,PAN,1,Panama,Americas,Latin America & Caribbean,non-Schengen,m,18_59
2015,2015_I,FALSE,PER,1,Peru,Americas,Latin America & Caribbean,non-Schengen,m,18_59
2015,2015_I,FALSE,PHL,1,Philippines,Asia,East Asia & Pacific,non-Schengen,m,18_59
2015,2015_I,FALSE,PSE,2,Palestinian Territories,Asia,"Middle East, North Africa, Afghanistan & Pakistan",non-Schengen,m,18_59
2015,2015_I,FALSE,RUS,11,Russia,Europe,Europe & Central Asia,non-Schengen,f,17
2015,2015_I,FALSE,RUS,30,Russia,Europe,Europe & Central Asia,non-Schengen,f,18_59
2015,2015_I,FALSE,RUS,29,Russia,Europe,Europe & Central Asia,non-Schengen,m,17
2015,2015_I,FALSE,RUS,55,Russia,Europe,Europe & Central Asia,non-Schengen,m,18_59
2015,2015_I,FALSE,RUS,1,Russia,Europe,Europe & Central Asia,non-Schengen,m,60
2015,2015_I,FALSE,RWA,1,Rwanda,Africa,Sub-Saharan Africa,non-Schengen,m,18_59
2015,2015_I,FALSE,SAU,1,Saudi Arabia,Asia,"Middle East, North Africa, Afghanistan & Pakistan",non-Schengen,f,18_59
2015,2015_I,FALSE,SAU,5,Saudi Arabia,Asia,"Middle East, North Africa, Afghanistan & Pakistan",non-Schengen,m,18_59
2015,2015_I,FALSE,SDN,2,Sudan,Africa,Sub-Saharan Africa,non-Schengen,m,18_59
2015,2015_I,FALSE,SLE,1,Sierra Leone,Africa,Sub-Saharan Africa,non-Schengen,m,18_59
2015,2015_I,FALSE,SYR,1,Syria,Asia,"Middle East, North Africa, Afghanistan & Pakistan",non-Schengen,m,17
2015,2015_I,FALSE,SYR,2,Syria,Asia,"Middle East, North Africa, Afghanistan & Pakistan",non-Schengen,m,18_59
2015,2015_I,FALSE,TJK,1,Tajikistan,Asia,Europe & Central Asia,non-Schengen,m,18_59
2015,2015_I,FALSE,TUN,10,Tunisia,Africa,"Middle East, North Africa, Afghanistan & Pakistan",non-Schengen,m,18_59
2015,2015_I,FALSE,TUR,2,Turkey,Asia,Europe & Central Asia,non-Schengen,f,18_59
2015,2015_I,FALSE,TUR,8,Turkey,Asia,Europe & Central Asia,non-Schengen,m,18_59
2015,2015_I,FALSE,UKR,24,Ukraine,Europe,Europe & Central Asia,non-Schengen,f,17
2015,2015_I,FALSE,UKR,253,Ukraine,Europe,Europe & Central Asia,non-Schengen,f,18_59
2015,2015_I,FALSE,UKR,15,Ukraine,Europe,Europe & Central Asia,non-Schengen,f,60
2015,2015_I,FALSE,UKR,20,Ukraine,Europe,Europe & Central Asia,non-Schengen,m,17
2015,2015_I,FALSE,UKR,606,Ukraine,Europe,Europe & Central Asia,non-Schengen,m,18_59
2015,2015_I,FALSE,UNK,1,unknown,other/unknown,other/unknown,non-Schengen,m,18_59
2015,2015_I,FALSE,URY,1,Uruguay,Americas,Latin America & Caribbean,non-Schengen,f,18_59
2015,2015_I,FALSE,USA,1,United States,Americas,North America,non-Schengen,f,17
2015,2015_I,FALSE,USA,1,United States,Americas,North America,non-Schengen,f,18_59
2015,2015_I,FALSE,USA,1,United States,Americas,North America,non-Schengen,m,18_59
2015,2015_I,FALSE,UZB,1,Uzbekistan,Asia,Europe & Central Asia,non-Schengen,f,18_59
2015,2015_I,FALSE,UZB,9,Uzbekistan,Asia,Europe & Central Asia,non-Schengen,m,18_59
2015,2015_I,FALSE,VEN,1,Venezuela,Americas,Latin America & Caribbean,non-Schengen,m,18_59
2015,2015_I,FALSE,VNM,3,Vietnam,Asia,East Asia & Pacific,non-Schengen,f,17
2015,2015_I,FALSE,VNM,8,Vietnam,Asia,East Asia & Pacific,non-Schengen,f,18_59
2015,2015_I,FALSE,VNM,1,Vietnam,Asia,East Asia & Pacific,non-Schengen,m,17
2015,2015_I,FALSE,VNM,72,Vietnam,Asia,East Asia & Pacific,non-Schengen,m,18_59
2015,2015_I,FALSE,XXX,1,Stateless,other/unknown,other/unknown,non-Schengen,f,18_59
2015,2015_I,FALSE,XXX,7,Stateless,other/unknown,other/unknown,non-Schengen,m,18_59
2015,2015_I,FALSE,ZMB,1,Zambia,Africa,Sub-Saharan Africa,non-Schengen,m,18_59
2015,2015_I,TRUE,ARM,2,Armenia,Asia,Europe & Central Asia,non-Schengen,m,18_59
2015,2015_I,TRUE,CAN,1,Canada,Americas,North America,non-Schengen,m,18_59
2015,2015_I,TRUE,CMR,1,Cameroon,Africa,Sub-Saharan Africa,non-Schengen,m,18_59
2015,2015_I,TRUE,GEO,2,Georgia,Asia,Europe & Central Asia,non-Schengen,m,18_59
2015,2015_I,TRUE,IRQ,2,Iraq,Asia,"Middle East, North Africa, Afghanistan & Pakistan",non-Schengen,m,18_59
2015,2015_I,TRUE,PAK,2,Pakistan,Asia,"Middle East, North Africa, Afghanistan & Pakistan",non-Schengen,m,18_59
2015,2015_I,TRUE,RUS,1,Russia,Europe,Europe & Central Asia,non-Schengen,m,18_59
2015,2015_I,TRUE,UKR,1,Ukraine,Europe,Europe & Central Asia,non-Schengen,f,18_59
2015,2015_I,TRUE,UKR,5,Ukraine,Europe,Europe & Central Asia,non-Schengen,m,18_59
2015,2015_II,FALSE,AFG,1,Afghanistan,Asia,"Middle East, North Africa, Afghanistan & Pakistan",non-Schengen,f,18_59
2015,2015_II,FALSE,AFG,2,Afghanistan,Asia,"Middle East, North Africa, Afghanistan & Pakistan",non-Schengen,m,17
2015,2015_II,FALSE,AFG,3,Afghanistan,Asia,"Middle East, North Africa, Afghanistan & Pakistan",non-Schengen,m,18_59
2015,2015_II,FALSE,ALB,3,Albania,Europe,Europe & Central Asia,non-Schengen,m,18_59
2015,2015_II,FALSE,ARG,1,Argentina,Americas,Latin America & Caribbean,non-Schengen,m,18_59
2015,2015_II,FALSE,ARM,3,Armenia,Asia,Europe & Central Asia,non-Schengen,f,17
2015,2015_II,FALSE,ARM,8,Armenia,Asia,Europe & Central Asia,non-Schengen,f,18_59
2015,2015_II,FALSE,ARM,4,Armenia,Asia,Europe & Central Asia,non-Schengen,f,60
2015,2015_II,FALSE,ARM,3,Armenia,Asia,Europe & Central Asia,non-Schengen,m,17
2015,2015_II,FALSE,ARM,23,Armenia,Asia,Europe & Central Asia,non-Schengen,m,18_59
2015,2015_II,FALSE,ARM,2,Armenia,Asia,Europe & Central Asia,non-Schengen,m,60
2015,2015_II,FALSE,AUS,1,Australia,Oceania,East Asia & Pacific,non-Schengen,f,18_59
2015,2015_II,FALSE,AZE,1,Azerbaijan,Asia,Europe & Central Asia,non-Schengen,f,18_59
2015,2015_II,FALSE,AZE,3,Azerbaijan,Asia,Europe & Central Asia,non-Schengen,m,18_59
2015,2015_II,FALSE,BGD,5,Bangladesh,Asia,South Asia,non-Schengen,m,18_59
2015,2015_II,FALSE,BGR,3,Bulgaria,Europe,Europe & Central Asia,non-Schengen,m,18_59
2015,2015_II,FALSE,BLR,7,Belarus,Europe,Europe & Central Asia,non-Schengen,f,18_59
2015,2015_II,FALSE,BLR,1,Belarus,Europe,Europe & Central Asia,non-Schengen,f,60
2015,2015_II,FALSE,BLR,44,Belarus,Europe,Europe & Central Asia,non-Schengen,m,18_59
2015,2015_II,FALSE,BLR,1,Belarus,Europe,Europe & Central Asia,non-Schengen,m,60
2015,2015_II,FALSE,CAN,1,Canada,Americas,North America,non-Schengen,m,18_59
2015,2015_II,FALSE,CHN,2,China,Asia,East Asia & Pacific,non-Schengen,f,18_59
2015,2015_II,FALSE,CHN,7,China,Asia,East Asia & Pacific,non-Schengen,m,18_59
2015,2015_II,FALSE,CMR,1,Cameroon,Africa,Sub-Saharan Africa,non-Schengen,f,17
2015,2015_II,FALSE,CMR,4,Cameroon,Africa,Sub-Saharan Africa,non-Schengen,m,18_59
2015,2015_II,FALSE,COG,1,Congo - Brazzaville,Africa,Sub-Saharan Africa,non-Schengen,f,18_59
2015,2015_II,FALSE,COG,3,Congo - Brazzaville,Africa,Sub-Saharan Africa,non-Schengen,m,18_59
2015,2015_II,FALSE,CUB,1,Cuba,Americas,Latin America & Caribbean,non-Schengen,m,18_59
2015,2015_II,FALSE,DZA,7,Algeria,Africa,"Middle East, North Africa, Afghanistan & Pakistan",non-Schengen,m,18_59
2015,2015_II,FALSE,ECU,1,Ecuador,Americas,Latin America & Caribbean,non-Schengen,f,17
2015,2015_II,FALSE,ECU,1,Ecuador,Americas,Latin America & Caribbean,non-Schengen,f,18_59
2015,2015_II,FALSE,EGY,10,Egypt,Africa,"Middle East, North Africa, Afghanistan & Pakistan",non-Schengen,m,18_59
2015,2015_II,FALSE,ERI,1,Eritrea,Africa,Sub-Saharan Africa,non-Schengen,f,18_59
2015,2015_II,FALSE,GAB,1,Gabon,Africa,Sub-Saharan Africa,non-Schengen,f,17
2015,2015_II,FALSE,GEO,5,Georgia,Asia,Europe & Central Asia,non-Schengen,f,17
2015,2015_II,FALSE,GEO,7,Georgia,Asia,Europe & Central Asia,non-Schengen,f,18_59
2015,2015_II,FALSE,GEO,2,Georgia,Asia,Europe & Central Asia,non-Schengen,m,17
2015,2015_II,FALSE,GEO,25,Georgia,Asia,Europe & Central Asia,non-Schengen,m,18_59
2015,2015_II,FALSE,GHA,1,Ghana,Africa,Sub-Saharan Africa,non-Schengen,m,18_59
2015,2015_II,FALSE,GIN,1,Guinea,Africa,Sub-Saharan Africa,non-Schengen,m,18_59
2015,2015_II,FALSE,GTM,2,Guatemala,Americas,Latin America & Caribbean,non-Schengen,m,18_59
2015,2015_II,FALSE,IND,3,India,Asia,South Asia,non-Schengen,m,18_59
2015,2015_II,FALSE,IRN,2,Iran,Asia,"Middle East, North Africa, Afghanistan & Pakistan",non-Schengen,m,18_59
2015,2015_II,FALSE,IRQ,2,Iraq,Asia,"Middle East, North Africa, Afghanistan & Pakistan",non-Schengen,m,18_59
2015,2015_II,FALSE,ISR,1,Israel,Asia,"Middle East, North Africa, Afghanistan & Pakistan",non-Schengen,f,18_59
2015,2015_II,FALSE,ISR,2,Israel,Asia,"Middle East, North Africa, Afghanistan & Pakistan",non-Schengen,m,17
2015,2015_II,FALSE,ISR,2,Israel,Asia,"Middle East, North Africa, Afghanistan & Pakistan",non-Schengen,m,18_59
2015,2015_II,FALSE,JOR,2,Jordan,Asia,"Middle East, North Africa, Afghanistan & Pakistan",non-Schengen,m,18_59
2015,2015_II,FALSE,JPN,1,Japan,Asia,East Asia & Pacific,non-Schengen,f,18_59
2015,2015_II,FALSE,KGZ,1,Kyrgyzstan,Asia,Europe & Central Asia,non-Schengen,f,17
2015,2015_II,FALSE,KGZ,2,Kyrgyzstan,Asia,Europe & Central Asia,non-Schengen,f,18_59
2015,2015_II,FALSE,KGZ,5,Kyrgyzstan,Asia,Europe & Central Asia,non-Schengen,m,18_59
2015,2015_II,FALSE,KOSOVO,1,KOSOVO,Europe,Europe & Central Asia,non-Schengen,f,18_59
2015,2015_II,FALSE,LBN,1,Lebanon,Asia,"Middle East, North Africa, Afghanistan & Pakistan",non-Schengen,m,18_59
2015,2015_II,FALSE,LBY,4,Libya,Africa,"Middle East, North Africa, Afghanistan & Pakistan",non-Schengen,m,18_59
2015,2015_II,FALSE,LKA,2,Sri Lanka,Asia,South Asia,non-Schengen,m,18_59
2015,2015_II,FALSE,MAR,6,Morocco,Africa,"Middle East, North Africa, Afghanistan & Pakistan",non-Schengen,m,18_59
2015,2015_II,FALSE,MDA,2,Moldova,Europe,Europe & Central Asia,non-Schengen,f,18_59
2015,2015_II,FALSE,MDA,8,Moldova,Europe,Europe & Central Asia,non-Schengen,m,18_59
2015,2015_II,FALSE,MDG,1,Madagascar,Africa,Sub-Saharan Africa,non-Schengen,f,17
2015,2015_II,FALSE,MDG,1,Madagascar,Africa,Sub-Saharan Africa,non-Schengen,f,18_59
2015,2015_II,FALSE,MDG,2,Madagascar,Africa,Sub-Saharan Africa,non-Schengen,m,18_59
2015,2015_II,FALSE,MEX,1,Mexico,Americas,Latin America & Caribbean,non-Schengen,m,18_59
2015,2015_II,FALSE,MNE,1,Montenegro,Europe,Europe & Central Asia,non-Schengen,m,17
2015,2015_II,FALSE,MNG,2,Mongolia,Asia,East Asia & Pacific,non-Schengen,m,18_59
2015,2015_II,FALSE,NER,1,Niger,Africa,Sub-Saharan Africa,non-Schengen,m,18_59
2015,2015_II,FALSE,NGA,10,Nigeria,Africa,Sub-Saharan Africa,non-Schengen,m,18_59
2015,2015_II,FALSE,NIC,1,Nicaragua,Americas,Latin America & Caribbean,non-Schengen,m,18_59
2015,2015_II,FALSE,PAK,13,Pakistan,Asia,"Middle East, North Africa, Afghanistan & Pakistan",non-Schengen,m,18_59
2015,2015_II,FALSE,PSE,1,Palestinian Territories,Asia,"Middle East, North Africa, Afghanistan & Pakistan",non-Schengen,m,18_59
2015,2015_II,FALSE,RUS,17,Russia,Europe,Europe & Central Asia,non-Schengen,f,17
2015,2015_II,FALSE,RUS,24,Russia,Europe,Europe & Central Asia,non-Schengen,f,18_59
2015,2015_II,FALSE,RUS,4,Russia,Europe,Europe & Central Asia,non-Schengen,f,60
2015,2015_II,FALSE,RUS,13,Russia,Europe,Europe & Central Asia,non-Schengen,m,17
2015,2015_II,FALSE,RUS,55,Russia,Europe,Europe & Central Asia,non-Schengen,m,18_59
2015,2015_II,FALSE,SAU,2,Saudi Arabia,Asia,"Middle East, North Africa, Afghanistan & Pakistan",non-Schengen,m,18_59
2015,2015_II,FALSE,SLV,1,El Salvador,Americas,Latin America & Caribbean,non-Schengen,f,18_59
2015,2015_II,FALSE,SRB,2,Serbia,Europe,Europe & Central Asia,non-Schengen,m,18_59
2015,2015_II,FALSE,SYR,2,Syria,Asia,"Middle East, North Africa, Afghanistan & Pakistan",non-Schengen,m,18_59
2015,2015_II,FALSE,TKM,1,Turkmenistan,Asia,Europe & Central Asia,non-Schengen,m,18_59
2015,2015_II,FALSE,TUN,10,Tunisia,Africa,"Middle East, North Africa, Afghanistan & Pakistan",non-Schengen,m,18_59
2015,2015_II,FALSE,TUR,1,Turkey,Asia,Europe & Central Asia,non-Schengen,f,17
2015,2015_II,FALSE,TUR,1,Turkey,Asia,Europe & Central Asia,non-Schengen,f,18_59
2015,2015_II,FALSE,TUR,12,Turkey,Asia,Europe & Central Asia,non-Schengen,m,18_59
2015,2015_II,FALSE,TWN,1,Taiwan,Asia,East Asia & Pacific,non-Schengen,m,18_59
2015,2015_II,FALSE,TZA,1,Tanzania,Africa,Sub-Saharan Africa,non-Schengen,m,18_59
2015,2015_II,FALSE,UGA,1,Uganda,Africa,Sub-Saharan Africa,non-Schengen,m,18_59
2015,2015_II,FALSE,UKR,23,Ukraine,Europe,Europe & Central Asia,non-Schengen,f,17
2015,2015_II,FALSE,UKR,312,Ukraine,Europe,Europe & Central Asia,non-Schengen,f,18_59
2015,2015_II,FALSE,UKR,17,Ukraine,Europe,Europe & Central Asia,non-Schengen,f,60
2015,2015_II,FALSE,UKR,28,Ukraine,Europe,Europe & Central Asia,non-Schengen,m,17
2015,2015_II,FALSE,UKR,815,Ukraine,Europe,Europe & Central Asia,non-Schengen,m,18_59
2015,2015_II,FALSE,UKR,5,Ukraine,Europe,Europe & Central Asia,non-Schengen,m,60
2015,2015_II,FALSE,UNK,2,unknown,other/unknown,other/unknown,non-Schengen,f,18_59
2015,2015_II,FALSE,UNK,2,unknown,other/unknown,other/unknown,non-Schengen,m,17
2015,2015_II,FALSE,UNK,1,unknown,other/unknown,other/unknown,non-Schengen,m,18_59
2015,2015_II,FALSE,USA,2,United States,Americas,North America,non-Schengen,m,18_59
2015,2015_II,FALSE,UZB,1,Uzbekistan,Asia,Europe & Central Asia,non-Schengen,m,18_59
2015,2015_II,FALSE,VNM,1,Vietnam,Asia,East Asia & Pacific,non-Schengen,f,17
2015,2015_II,FALSE,VNM,15,Vietnam,Asia,East Asia & Pacific,non-Schengen,f,18_59
2015,2015_II,FALSE,VNM,2,Vietnam,Asia,East Asia & Pacific,non-Schengen,m,17
2015,2015_II,FALSE,VNM,51,Vietnam,Asia,East Asia & Pacific,non-Schengen,m,18_59
2015,2015_II,FALSE,XXX,3,Stateless,other/unknown,other/unknown,non-Schengen,m,18_59
2015,2015_II,FALSE,ZWE,1,Zimbabwe,Africa,Sub-Saharan Africa,non-Schengen,m,18_59
2015,2015_II,TRUE,BGD,1,Bangladesh,Asia,South Asia,non-Schengen,m,18_59
2015,2015_II,TRUE,BLR,1,Belarus,Europe,Europe & Central Asia,non-Schengen,m,18_59
2015,2015_II,TRUE,BRA,1,Brazil,Americas,Latin America & Caribbean,non-Schengen,m,18_59
2015,2015_II,TRUE,EGY,1,Egypt,Africa,"Middle East, North Africa, Afghanistan & Pakistan",non-Schengen,m,18_59
2015,2015_II,TRUE,LKA,1,Sri Lanka,Asia,South Asia,non-Schengen,m,18_59
2015,2015_II,TRUE,MDA,1,Moldova,Europe,Europe & Central Asia,non-Schengen,m,18_59
2015,2015_II,TRUE,MEX,1,Mexico,Americas,Latin America & Caribbean,non-Schengen,m,18_59
2015,2015_II,TRUE,PAK,2,Pakistan,Asia,"Middle East, North Africa, Afghanistan & Pakistan",non-Schengen,m,18_59
2015,2015_II,TRUE,RUS,1,Russia,Europe,Europe & Central Asia,non-Schengen,m,18_59
2015,2015_II,TRUE,UKR,1,Ukraine,Europe,Europe & Central Asia,non-Schengen,f,18_59
2015,2015_II,TRUE,UKR,13,Ukraine,Europe,Europe & Central Asia,non-Schengen,m,18_59
2015,2015_II,TRUE,UZB,1,Uzbekistan,Asia,Europe & Central Asia,non-Schengen,m,18_59
2015,2015_II,TRUE,VNM,1,Vietnam,Asia,East Asia & Pacific,non-Schengen,m,18_59
2015,2015_II,TRUE,XXX,1,Stateless,other/unknown,other/unknown,non-Schengen,m,18_59
2016,2016_I,FALSE,ALB,1,Albania,Europe,Europe & Central Asia,non-Schengen,m,18_59
2016,2016_I,FALSE,ARM,1,Armenia,Asia,Europe & Central Asia,non-Schengen,f,17
2016,2016_I,FALSE,ARM,5,Armenia,Asia,Europe & Central Asia,non-Schengen,f,18_59
2016,2016_I,FALSE,ARM,3,Armenia,Asia,Europe & Central Asia,non-Schengen,f,60
2016,2016_I,FALSE,ARM,10,Armenia,Asia,Europe & Central Asia,non-Schengen,m,18_59
2016,2016_I,FALSE,ARM,2,Armenia,Asia,Europe & Central Asia,non-Schengen,m,60
2016,2016_I,FALSE,AUS,2,Australia,Oceania,East Asia & Pacific,non-Schengen,m,18_59
2016,2016_I,FALSE,AZE,3,Azerbaijan,Asia,Europe & Central Asia,non-Schengen,m,18_59
2016,2016_I,FALSE,BGD,4,Bangladesh,Asia,South Asia,non-Schengen,m,18_59
2016,2016_I,FALSE,BLR,14,Belarus,Europe,Europe & Central Asia,non-Schengen,f,18_59
2016,2016_I,FALSE,BLR,45,Belarus,Europe,Europe & Central Asia,non-Schengen,m,18_59
2016,2016_I,FALSE,BRA,1,Brazil,Americas,Latin America & Caribbean,non-Schengen,f,18_59
2016,2016_I,FALSE,CHN,4,China,Asia,East Asia & Pacific,non-Schengen,f,18_59
2016,2016_I,FALSE,CHN,9,China,Asia,East Asia & Pacific,non-Schengen,m,18_59
2016,2016_I,FALSE,COD,1,Congo - Kinshasa,Africa,Sub-Saharan Africa,non-Schengen,f,18_59
2016,2016_I,FALSE,COD,1,Congo - Kinshasa,Africa,Sub-Saharan Africa,non-Schengen,m,18_59
2016,2016_I,FALSE,CUB,1,Cuba,Americas,Latin America & Caribbean,non-Schengen,m,18_59
2016,2016_I,FALSE,DZA,10,Algeria,Africa,"Middle East, North Africa, Afghanistan & Pakistan",non-Schengen,m,18_59
2016,2016_I,FALSE,EGY,3,Egypt,Africa,"Middle East, North Africa, Afghanistan & Pakistan",non-Schengen,m,18_59
2016,2016_I,FALSE,ETH,1,Ethiopia,Africa,Sub-Saharan Africa,non-Schengen,m,18_59
2016,2016_I,FALSE,GEO,9,Georgia,Asia,Europe & Central Asia,non-Schengen,f,17
2016,2016_I,FALSE,GEO,2,Georgia,Asia,Europe & Central Asia,non-Schengen,f,18_59
2016,2016_I,FALSE,GEO,1,Georgia,Asia,Europe & Central Asia,non-Schengen,m,17
2016,2016_I,FALSE,GEO,13,Georgia,Asia,Europe & Central Asia,non-Schengen,m,18_59
2016,2016_I,FALSE,GMB,1,Gambia,Africa,Sub-Saharan Africa,non-Schengen,m,18_59
2016,2016_I,FALSE,IDN,1,Indonesia,Asia,East Asia & Pacific,non-Schengen,m,18_59
2016,2016_I,FALSE,IND,8,India,Asia,South Asia,non-Schengen,m,18_59
2016,2016_I,FALSE,IRN,1,Iran,Asia,"Middle East, North Africa, Afghanistan & Pakistan",non-Schengen,f,18_59
2016,2016_I,FALSE,IRN,1,Iran,Asia,"Middle East, North Africa, Afghanistan & Pakistan",non-Schengen,m,18_59
2016,2016_I,FALSE,IRQ,1,Iraq,Asia,"Middle East, North Africa, Afghanistan & Pakistan",non-Schengen,f,18_59
2016,2016_I,FALSE,IRQ,5,Iraq,Asia,"Middle East, North Africa, Afghanistan & Pakistan",non-Schengen,m,18_59
2016,2016_I,FALSE,ISR,1,Israel,Asia,"Middle East, North Africa, Afghanistan & Pakistan",non-Schengen,m,18_59
2016,2016_I,FALSE,KAZ,5,Kazakhstan,Asia,Europe & Central Asia,non-Schengen,f,18_59
2016,2016_I,FALSE,KAZ,3,Kazakhstan,Asia,Europe & Central Asia,non-Schengen,m,18_59
2016,2016_I,FALSE,KEN,1,Kenya,Africa,Sub-Saharan Africa,non-Schengen,f,18_59
2016,2016_I,FALSE,KGZ,1,Kyrgyzstan,Asia,Europe & Central Asia,non-Schengen,m,18_59
2016,2016_I,FALSE,KOSOVO,1,KOSOVO,Europe,Europe & Central Asia,non-Schengen,m,18_59
2016,2016_I,FALSE,LBN,3,Lebanon,Asia,"Middle East, North Africa, Afghanistan & Pakistan",non-Schengen,m,18_59
2016,2016_I,FALSE,LBY,8,Libya,Africa,"Middle East, North Africa, Afghanistan & Pakistan",non-Schengen,m,18_59
2016,2016_I,FALSE,LKA,1,Sri Lanka,Asia,South Asia,non-Schengen,m,18_59
2016,2016_I,FALSE,MAR,6,Morocco,Africa,"Middle East, North Africa, Afghanistan & Pakistan",non-Schengen,m,18_59
2016,2016_I,FALSE,MDA,11,Moldova,Europe,Europe & Central Asia,non-Schengen,m,18_59
2016,2016_I,FALSE,MDA,1,Moldova,Europe,Europe & Central Asia,non-Schengen,m,18_59
2016,2016_I,FALSE,MEX,1,Mexico,Americas,Latin America & Caribbean,non-Schengen,f,18_59
2016,2016_I,FALSE,MNG,1,Mongolia,Asia,East Asia & Pacific,non-Schengen,f,18_59
2016,2016_I,FALSE,MNG,1,Mongolia,Asia,East Asia & Pacific,non-Schengen,m,18_59
2016,2016_I,FALSE,NGA,7,Nigeria,Africa,Sub-Saharan Africa,non-Schengen,m,18_59
2016,2016_I,FALSE,NPL,1,Nepal,Asia,South Asia,non-Schengen,m,18_59
2016,2016_I,FALSE,PAK,19,Pakistan,Asia,"Middle East, North Africa, Afghanistan & Pakistan",non-Schengen,m,18_59
2016,2016_I,FALSE,PHL,1,Philippines,Asia,East Asia & Pacific,non-Schengen,m,18_59
2016,2016_I,FALSE,RUS,23,Russia,Europe,Europe & Central Asia,non-Schengen,f,17
2016,2016_I,FALSE,RUS,36,Russia,Europe,Europe & Central Asia,non-Schengen,f,18_59
2016,2016_I,FALSE,RUS,3,Russia,Europe,Europe & Central Asia,non-Schengen,f,60
2016,2016_I,FALSE,RUS,14,Russia,Europe,Europe & Central Asia,non-Schengen,m,17
2016,2016_I,FALSE,RUS,70,Russia,Europe,Europe & Central Asia,non-Schengen,m,18_59
2016,2016_I,FALSE,SAU,2,Saudi Arabia,Asia,"Middle East, North Africa, Afghanistan & Pakistan",non-Schengen,f,18_59
2016,2016_I,FALSE,SAU,5,Saudi Arabia,Asia,"Middle East, North Africa, Afghanistan & Pakistan",non-Schengen,m,18_59
2016,2016_I,FALSE,SEN,3,Senegal,Africa,Sub-Saharan Africa,non-Schengen,m,18_59
2016,2016_I,FALSE,SRB,1,Serbia,Europe,Europe & Central Asia,non-Schengen,f,18_59
2016,2016_I,FALSE,SRB,3,Serbia,Europe,Europe & Central Asia,non-Schengen,m,18_59
2016,2016_I,FALSE,SYR,4,Syria,Asia,"Middle East, North Africa, Afghanistan & Pakistan",non-Schengen,m,18_59
2016,2016_I,FALSE,TGO,1,Togo,Africa,Sub-Saharan Africa,non-Schengen,m,18_59
2016,2016_I,FALSE,THA,1,Thailand,Asia,East Asia & Pacific,non-Schengen,f,18_59
2016,2016_I,FALSE,TJK,1,Tajikistan,Asia,Europe & Central Asia,non-Schengen,f,18_59
2016,2016_I,FALSE,TJK,1,Tajikistan,Asia,Europe & Central Asia,non-Schengen,m,17
2016,2016_I,FALSE,TJK,2,Tajikistan,Asia,Europe & Central Asia,non-Schengen,m,18_59
2016,2016_I,FALSE,TUN,8,Tunisia,Africa,"Middle East, North Africa, Afghanistan & Pakistan",non-Schengen,m,18_59
2016,2016_I,FALSE,TUR,2,Turkey,Asia,Europe & Central Asia,non-Schengen,f,18_59
2016,2016_I,FALSE,TUR,10,Turkey,Asia,Europe & Central Asia,non-Schengen,m,18_59
2016,2016_I,FALSE,UKR,40,Ukraine,Europe,Europe & Central Asia,non-Schengen,f,17
2016,2016_I,FALSE,UKR,419,Ukraine,Europe,Europe & Central Asia,non-Schengen,f,18_59
2016,2016_I,FALSE,UKR,21,Ukraine,Europe,Europe & Central Asia,non-Schengen,f,60
2016,2016_I,FALSE,UKR,44,Ukraine,Europe,Europe & Central Asia,non-Schengen,m,17
2016,2016_I,FALSE,UKR,1016,Ukraine,Europe,Europe & Central Asia,non-Schengen,m,18_59
2016,2016_I,FALSE,UKR,6,Ukraine,Europe,Europe & Central Asia,non-Schengen,m,60
2016,2016_I,FALSE,UNK,1,unknown,other/unknown,other/unknown,non-Schengen,m,18_59
2016,2016_I,FALSE,USA,1,United States,Americas,North America,non-Schengen,f,60
2016,2016_I,FALSE,USA,2,United States,Americas,North America,non-Schengen,m,18_59
2016,2016_I,FALSE,VNM,9,Vietnam,Asia,East Asia & Pacific,non-Schengen,f,18_59
2016,2016_I,FALSE,VNM,2,Vietnam,Asia,East Asia & Pacific,non-Schengen,m,17
2016,2016_I,FALSE,VNM,38,Vietnam,Asia,East Asia & Pacific,non-Schengen,m,18_59
2016,2016_I,FALSE,VNM,1,Vietnam,Asia,East Asia & Pacific,non-Schengen,m,60
2016,2016_I,FALSE,XXX,5,Stateless,other/unknown,other/unknown,non-Schengen,m,18_59
2016,2016_I,FALSE,YEM,2,Yemen,Asia,"Middle East, North Africa, Afghanistan & Pakistan",non-Schengen,m,18_59
2016,2016_I,TRUE,AFG,1,Afghanistan,Asia,"Middle East, North Africa, Afghanistan & Pakistan",non-Schengen,m,18_59
2016,2016_I,TRUE,ALB,1,Albania,Europe,Europe & Central Asia,non-Schengen,m,18_59
2016,2016_I,TRUE,BLR,1,Belarus,Europe,Europe & Central Asia,non-Schengen,m,18_59
2016,2016_I,TRUE,DZA,1,Algeria,Africa,"Middle East, North Africa, Afghanistan & Pakistan",non-Schengen,m,18_59
2016,2016_I,TRUE,MAR,1,Morocco,Africa,"Middle East, North Africa, Afghanistan & Pakistan",non-Schengen,m,18_59
2016,2016_I,TRUE,RUS,1,Russia,Europe,Europe & Central Asia,non-Schengen,m,18_59
2016,2016_I,TRUE,UKR,2,Ukraine,Europe,Europe & Central Asia,non-Schengen,f,18_59
2016,2016_I,TRUE,UKR,7,Ukraine,Europe,Europe & Central Asia,non-Schengen,m,18_59
2016,2016_II,FALSE,AFG,1,Afghanistan,Asia,"Middle East, North Africa, Afghanistan & Pakistan",non-Schengen,f,60
2016,2016_II,FALSE,AFG,1,Afghanistan,Asia,"Middle East, North Africa, Afghanistan & Pakistan",non-Schengen,m,18_59
2016,2016_II,FALSE,AGO,1,Angola,Africa,Sub-Saharan Africa,non-Schengen,f,18_59
2016,2016_II,FALSE,ALB,2,Albania,Europe,Europe & Central Asia,non-Schengen,m,18_59
2016,2016_II,FALSE,ARG,1,Argentina,Americas,Latin America & Caribbean,non-Schengen,m,18_59
2016,2016_II,FALSE,ARM,2,Armenia,Asia,Europe & Central Asia,non-Schengen,f,17
2016,2016_II,FALSE,ARM,1,Armenia,Asia,Europe & Central Asia,non-Schengen,f,18_59
2016,2016_II,FALSE,ARM,23,Armenia,Asia,Europe & Central Asia,non-Schengen,m,18_59
2016,2016_II,FALSE,AUS,1,Australia,Oceania,East Asia & Pacific,non-Schengen,m,18_59
2016,2016_II,FALSE,AZE,2,Azerbaijan,Asia,Europe & Central Asia,non-Schengen,f,17
2016,2016_II,FALSE,AZE,1,Azerbaijan,Asia,Europe & Central Asia,non-Schengen,f,18_59
2016,2016_II,FALSE,AZE,2,Azerbaijan,Asia,Europe & Central Asia,non-Schengen,m,18_59
2016,2016_II,FALSE,BFA,1,Burkina Faso,Africa,Sub-Saharan Africa,non-Schengen,m,18_59
2016,2016_II,FALSE,BGD,12,Bangladesh,Asia,South Asia,non-Schengen,m,18_59
2016,2016_II,FALSE,BLR,10,Belarus,Europe,Europe & Central Asia,non-Schengen,f,18_59
2016,2016_II,FALSE,BLR,1,Belarus,Europe,Europe & Central Asia,non-Schengen,f,60
2016,2016_II,FALSE,BLR,1,Belarus,Europe,Europe & Central Asia,non-Schengen,m,17
2016,2016_II,FALSE,BLR,39,Belarus,Europe,Europe & Central Asia,non-Schengen,m,18_59
2016,2016_II,FALSE,BRA,2,Brazil,Americas,Latin America & Caribbean,non-Schengen,m,18_59
2016,2016_II,FALSE,CAN,1,Canada,Americas,North America,non-Schengen,m,18_59
2016,2016_II,FALSE,CHN,3,China,Asia,East Asia & Pacific,non-Schengen,f,18_59
2016,2016_II,FALSE,CHN,7,China,Asia,East Asia & Pacific,non-Schengen,m,18_59
2016,2016_II,FALSE,CMR,2,Cameroon,Africa,Sub-Saharan Africa,non-Schengen,m,18_59
2016,2016_II,FALSE,COD,3,Congo - Kinshasa,Africa,Sub-Saharan Africa,non-Schengen,f,18_59
2016,2016_II,FALSE,COD,1,Congo - Kinshasa,Africa,Sub-Saharan Africa,non-Schengen,m,18_59
2016,2016_II,FALSE,CUB,2,Cuba,Americas,Latin America & Caribbean,non-Schengen,f,18_59
2016,2016_II,FALSE,CUB,1,Cuba,Americas,Latin America & Caribbean,non-Schengen,m,18_59
2016,2016_II,FALSE,DZA,12,Algeria,Africa,"Middle East, North Africa, Afghanistan & Pakistan",non-Schengen,m,18_59
2016,2016_II,FALSE,EGY,3,Egypt,Africa,"Middle East, North Africa, Afghanistan & Pakistan",non-Schengen,m,18_59
2016,2016_II,FALSE,ETH,1,Ethiopia,Africa,Sub-Saharan Africa,non-Schengen,m,18_59
2016,2016_II,FALSE,GEO,2,Georgia,Asia,Europe & Central Asia,non-Schengen,f,17
2016,2016_II,FALSE,GEO,4,Georgia,Asia,Europe & Central Asia,non-Schengen,f,18_59
2016,2016_II,FALSE,GEO,1,Georgia,Asia,Europe & Central Asia,non-Schengen,f,60
2016,2016_II,FALSE,GEO,4,Georgia,Asia,Europe & Central Asia,non-Schengen,m,17
2016,2016_II,FALSE,GEO,9,Georgia,Asia,Europe & Central Asia,non-Schengen,m,18_59
2016,2016_II,FALSE,GHA,1,Ghana,Africa,Sub-Saharan Africa,non-Schengen,m,18_59
2016,2016_II,FALSE,GIN,1,Guinea,Africa,Sub-Saharan Africa,non-Schengen,m,18_59
2016,2016_II,FALSE,GMB,2,Gambia,Africa,Sub-Saharan Africa,non-Schengen,m,18_59
2016,2016_II,FALSE,IND,5,India,Asia,South Asia,non-Schengen,f,18_59
2016,2016_II,FALSE,IND,12,India,Asia,South Asia,non-Schengen,m,18_59
2016,2016_II,FALSE,IRN,2,Iran,Asia,"Middle East, North Africa, Afghanistan & Pakistan",non-Schengen,f,18_59
2016,2016_II,FALSE,IRN,1,Iran,Asia,"Middle East, North Africa, Afghanistan & Pakistan",non-Schengen,m,17
2016,2016_II,FALSE,IRN,4,Iran,Asia,"Middle East, North Africa, Afghanistan & Pakistan",non-Schengen,m,18_59
2016,2016_II,FALSE,IRQ,4,Iraq,Asia,"Middle East, North Africa, Afghanistan & Pakistan",non-Schengen,m,18_59
2016,2016_II,FALSE,KAZ,1,Kazakhstan,Asia,Europe & Central Asia,non-Schengen,f,17
2016,2016_II,FALSE,KAZ,2,Kazakhstan,Asia,Europe & Central Asia,non-Schengen,f,18_59
2016,2016_II,FALSE,KAZ,2,Kazakhstan,Asia,Europe & Central Asia,non-Schengen,m,17
2016,2016_II,FALSE,KAZ,3,Kazakhstan,Asia,Europe & Central Asia,non-Schengen,m,18_59
2016,2016_II,FALSE,KGZ,1,Kyrgyzstan,Asia,Europe & Central Asia,non-Schengen,m,18_59
2016,2016_II,FALSE,LBY,1,Libya,Africa,"Middle East, North Africa, Afghanistan & Pakistan",non-Schengen,f,18_59
2016,2016_II,FALSE,LBY,4,Libya,Africa,"Middle East, North Africa, Afghanistan & Pakistan",non-Schengen,m,18_59
2016,2016_II,FALSE,LKA,1,Sri Lanka,Asia,South Asia,non-Schengen,m,18_59
2016,2016_II,FALSE,MAR,3,Morocco,Africa,"Middle East, North Africa, Afghanistan & Pakistan",non-Schengen,m,18_59
2016,2016_II,FALSE,MDA,4,Moldova,Europe,Europe & Central Asia,non-Schengen,f,18_59
2016,2016_II,FALSE,MDA,13,Moldova,Europe,Europe & Central Asia,non-Schengen,m,18_59
2016,2016_II,FALSE,MEX,2,Mexico,Americas,Latin America & Caribbean,non-Schengen,m,18_59
2016,2016_II,FALSE,MNG,2,Mongolia,Asia,East Asia & Pacific,non-Schengen,f,18_59
2016,2016_II,FALSE,MNG,3,Mongolia,Asia,East Asia & Pacific,non-Schengen,m,18_59
2016,2016_II,FALSE,MUS,1,Mauritius,Africa,Sub-Saharan Africa,non-Schengen,m,18_59
2016,2016_II,FALSE,NGA,9,Nigeria,Africa,Sub-Saharan Africa,non-Schengen,m,18_59
2016,2016_II,FALSE,NPL,5,Nepal,Asia,South Asia,non-Schengen,m,18_59
2016,2016_II,FALSE,PAK,1,Pakistan,Asia,"Middle East, North Africa, Afghanistan & Pakistan",non-Schengen,m,17
2016,2016_II,FALSE,PAK,12,Pakistan,Asia,"Middle East, North Africa, Afghanistan & Pakistan",non-Schengen,m,18_59
2016,2016_II,FALSE,PHL,1,Philippines,Asia,East Asia & Pacific,non-Schengen,f,18_59
2016,2016_II,FALSE,RUS,25,Russia,Europe,Europe & Central Asia,non-Schengen,f,17
2016,2016_II,FALSE,RUS,42,Russia,Europe,Europe & Central Asia,non-Schengen,f,18_59
2016,2016_II,FALSE,RUS,3,Russia,Europe,Europe & Central Asia,non-Schengen,f,60
2016,2016_II,FALSE,RUS,57,Russia,Europe,Europe & Central Asia,non-Schengen,m,17
2016,2016_II,FALSE,RUS,80,Russia,Europe,Europe & Central Asia,non-Schengen,m,18_59
2016,2016_II,FALSE,SAU,5,Saudi Arabia,Asia,"Middle East, North Africa, Afghanistan & Pakistan",non-Schengen,m,18_59
2016,2016_II,FALSE,SRB,2,Serbia,Europe,Europe & Central Asia,non-Schengen,f,17
2016,2016_II,FALSE,SRB,1,Serbia,Europe,Europe & Central Asia,non-Schengen,f,18_59
2016,2016_II,FALSE,SRB,1,Serbia,Europe,Europe & Central Asia,non-Schengen,m,17
2016,2016_II,FALSE,SRB,2,Serbia,Europe,Europe & Central Asia,non-Schengen,m,18_59
2016,2016_II,FALSE,SYR,5,Syria,Asia,"Middle East, North Africa, Afghanistan & Pakistan",non-Schengen,m,18_59
2016,2016_II,FALSE,THA,3,Thailand,Asia,East Asia & Pacific,non-Schengen,m,18_59
2016,2016_II,FALSE,TJK,1,Tajikistan,Asia,Europe & Central Asia,non-Schengen,f,17
2016,2016_II,FALSE,TJK,1,Tajikistan,Asia,Europe & Central Asia,non-Schengen,f,18_59
2016,2016_II,FALSE,TJK,2,Tajikistan,Asia,Europe & Central Asia,non-Schengen,m,18_59
2016,2016_II,FALSE,TUN,1,Tunisia,Africa,"Middle East, North Africa, Afghanistan & Pakistan",non-Schengen,f,18_59
2016,2016_II,FALSE,TUN,8,Tunisia,Africa,"Middle East, North Africa, Afghanistan & Pakistan",non-Schengen,m,18_59
2016,2016_II,FALSE,TUR,2,Turkey,Asia,Europe & Central Asia,non-Schengen,f,18_59
2016,2016_II,FALSE,TUR,12,Turkey,Asia,Europe & Central Asia,non-Schengen,m,18_59
2016,2016_II,FALSE,TWN,1,Taiwan,Asia,East Asia & Pacific,non-Schengen,f,17
2016,2016_II,FALSE,TWN,2,Taiwan,Asia,East Asia & Pacific,non-Schengen,f,18_59
2016,2016_II,FALSE,TWN,2,Taiwan,Asia,East Asia & Pacific,non-Schengen,m,18_59
2016,2016_II,FALSE,UKR,34,Ukraine,Europe,Europe & Central Asia,non-Schengen,f,17
2016,2016_II,FALSE,UKR,502,Ukraine,Europe,Europe & Central Asia,non-Schengen,f,18_59
2016,2016_II,FALSE,UKR,22,Ukraine,Europe,Europe & Central Asia,non-Schengen,f,60
2016,2016_II,FALSE,UKR,43,Ukraine,Europe,Europe & Central Asia,non-Schengen,m,17
2016,2016_II,FALSE,UKR,1222,Ukraine,Europe,Europe & Central Asia,non-Schengen,m,18_59
2016,2016_II,FALSE,UKR,4,Ukraine,Europe,Europe & Central Asia,non-Schengen,m,60
2016,2016_II,FALSE,USA,2,United States,Americas,North America,non-Schengen,m,18_59
2016,2016_II,FALSE,UZB,9,Uzbekistan,Asia,Europe & Central Asia,non-Schengen,m,18_59
2016,2016_II,FALSE,VEN,1,Venezuela,Americas,Latin America & Caribbean,non-Schengen,m,18_59
2016,2016_II,FALSE,VNM,6,Vietnam,Asia,East Asia & Pacific,non-Schengen,f,18_59
2016,2016_II,FALSE,VNM,14,Vietnam,Asia,East Asia & Pacific,non-Schengen,m,17
2016,2016_II,FALSE,VNM,42,Vietnam,Asia,East Asia & Pacific,non-Schengen,m,18_59
2016,2016_II,FALSE,XXX,3,Stateless,other/unknown,other/unknown,non-Schengen,m,18_59
2016,2016_II,TRUE,AFG,1,Afghanistan,Asia,"Middle East, North Africa, Afghanistan & Pakistan",non-Schengen,f,18_59
2016,2016_II,TRUE,ARM,1,Armenia,Asia,Europe & Central Asia,non-Schengen,m,18_59
2016,2016_II,TRUE,BGD,1,Bangladesh,Asia,South Asia,non-Schengen,m,18_59
2016,2016_II,TRUE,CHN,2,China,Asia,East Asia & Pacific,non-Schengen,m,18_59
2016,2016_II,TRUE,CUB,1,Cuba,Americas,Latin America & Caribbean,non-Schengen,m,18_59
2016,2016_II,TRUE,EGY,1,Egypt,Africa,"Middle East, North Africa, Afghanistan & Pakistan",non-Schengen,m,18_59
2016,2016_II,TRUE,IND,1,India,Asia,South Asia,non-Schengen,m,18_59
2016,2016_II,TRUE,MDA,1,Moldova,Europe,Europe & Central Asia,non-Schengen,f,18_59
2016,2016_II,TRUE,MDA,2,Moldova,Europe,Europe & Central Asia,non-Schengen,m,18_59
2016,2016_II,TRUE,NGA,1,Nigeria,Africa,Sub-Saharan Africa,non-Schengen,m,18_59
2016,2016_II,TRUE,RUS,3,Russia,Europe,Europe & Central Asia,non-Schengen,m,18_59
2016,2016_II,TRUE,SAU,1,Saudi Arabia,Asia,"Middle East, North Africa, Afghanistan & Pakistan",non-Schengen,f,18_59
2016,2016_II,TRUE,UKR,4,Ukraine,Europe,Europe & Central Asia,non-Schengen,f,18_59
2016,2016_II,TRUE,UKR,13,Ukraine,Europe,Europe & Central Asia,non-Schengen,m,18_59
2016,2016_II,TRUE,VNM,2,Vietnam,Asia,East Asia & Pacific,non-Schengen,f,18_59
2016,2016_II,TRUE,VNM,2,Vietnam,Asia,East Asia & Pacific,non-Schengen,m,18_59
2017,2017_I,FALSE,AFG,2,Afghanistan,Asia,"Middle East, North Africa, Afghanistan & Pakistan",non-Schengen,m,18_59
2017,2017_I,FALSE,AGO,3,Angola,Africa,Sub-Saharan Africa,non-Schengen,f,18_59
2017,2017_I,FALSE,AGO,1,Angola,Africa,Sub-Saharan Africa,non-Schengen,m,18_59
2017,2017_I,FALSE,ALB,2,Albania,Europe,Europe & Central Asia,non-Schengen,m,18_59
2017,2017_I,FALSE,ARG,1,Argentina,Americas,Latin America & Caribbean,non-Schengen,m,18_59
2017,2017_I,FALSE,ARM,6,Armenia,Asia,Europe & Central Asia,non-Schengen,f,18_59
2017,2017_I,FALSE,ARM,3,Armenia,Asia,Europe & Central Asia,non-Schengen,f,60
2017,2017_I,FALSE,ARM,1,Armenia,Asia,Europe & Central Asia,non-Schengen,m,17
2017,2017_I,FALSE,ARM,18,Armenia,Asia,Europe & Central Asia,non-Schengen,m,18_59
2017,2017_I,FALSE,ARM,1,Armenia,Asia,Europe & Central Asia,non-Schengen,m,60
2017,2017_I,FALSE,AZE,1,Azerbaijan,Asia,Europe & Central Asia,non-Schengen,f,17
2017,2017_I,FALSE,AZE,2,Azerbaijan,Asia,Europe & Central Asia,non-Schengen,f,18_59
2017,2017_I,FALSE,AZE,3,Azerbaijan,Asia,Europe & Central Asia,non-Schengen,m,18_59
2017,2017_I,FALSE,BGD,10,Bangladesh,Asia,South Asia,non-Schengen,m,18_59
2017,2017_I,FALSE,BLR,1,Belarus,Europe,Europe & Central Asia,non-Schengen,f,17
2017,2017_I,FALSE,BLR,18,Belarus,Europe,Europe & Central Asia,non-Schengen,f,18_59
2017,2017_I,FALSE,BLR,3,Belarus,Europe,Europe & Central Asia,non-Schengen,m,17
2017,2017_I,FALSE,BLR,58,Belarus,Europe,Europe & Central Asia,non-Schengen,m,18_59
2017,2017_I,FALSE,BLR,2,Belarus,Europe,Europe & Central Asia,non-Schengen,m,60
2017,2017_I,FALSE,BRA,1,Brazil,Americas,Latin America & Caribbean,non-Schengen,f,18_59
2017,2017_I,FALSE,BRA,1,Brazil,Americas,Latin America & Caribbean,non-Schengen,m,18_59
2017,2017_I,FALSE,CAN,2,Canada,Americas,North America,non-Schengen,f,18_59
2017,2017_I,FALSE,CAN,2,Canada,Americas,North America,non-Schengen,m,18_59
2017,2017_I,FALSE,CHN,7,China,Asia,East Asia & Pacific,non-Schengen,f,18_59
2017,2017_I,FALSE,CHN,9,China,Asia,East Asia & Pacific,non-Schengen,m,18_59
2017,2017_I,FALSE,CIV,1,Côte d’Ivoire,Africa,Sub-Saharan Africa,non-Schengen,m,18_59
2017,2017_I,FALSE,CMR,2,Cameroon,Africa,Sub-Saharan Africa,non-Schengen,m,18_59
2017,2017_I,FALSE,COL,1,Colombia,Americas,Latin America & Caribbean,non-Schengen,f,18_59
2017,2017_I,FALSE,COL,6,Colombia,Americas,Latin America & Caribbean,non-Schengen,m,18_59
2017,2017_I,FALSE,CUB,1,Cuba,Americas,Latin America & Caribbean,non-Schengen,m,18_59
2017,2017_I,FALSE,DZA,10,Algeria,Africa,"Middle East, North Africa, Afghanistan & Pakistan",non-Schengen,m,18_59
2017,2017_I,FALSE,EGY,3,Egypt,Africa,"Middle East, North Africa, Afghanistan & Pakistan",non-Schengen,f,17
2017,2017_I,FALSE,EGY,1,Egypt,Africa,"Middle East, North Africa, Afghanistan & Pakistan",non-Schengen,f,18_59
2017,2017_I,FALSE,EGY,1,Egypt,Africa,"Middle East, North Africa, Afghanistan & Pakistan",non-Schengen,m,17
2017,2017_I,FALSE,EGY,7,Egypt,Africa,"Middle East, North Africa, Afghanistan & Pakistan",non-Schengen,m,18_59
2017,2017_I,FALSE,GEO,6,Georgia,Asia,Europe & Central Asia,non-Schengen,f,18_59
2017,2017_I,FALSE,GEO,4,Georgia,Asia,Europe & Central Asia,non-Schengen,m,17
2017,2017_I,FALSE,GEO,23,Georgia,Asia,Europe & Central Asia,non-Schengen,m,18_59
2017,2017_I,FALSE,GHA,1,Ghana,Africa,Sub-Saharan Africa,non-Schengen,m,18_59
2017,2017_I,FALSE,GMB,1,Gambia,Africa,Sub-Saharan Africa,non-Schengen,m,18_59
2017,2017_I,FALSE,IND,3,India,Asia,South Asia,non-Schengen,f,18_59
2017,2017_I,FALSE,IND,1,India,Asia,South Asia,non-Schengen,m,17
2017,2017_I,FALSE,IND,16,India,Asia,South Asia,non-Schengen,m,18_59
2017,2017_I,FALSE,IRN,3,Iran,Asia,"Middle East, North Africa, Afghanistan & Pakistan",non-Schengen,f,18_59
2017,2017_I,FALSE,IRN,7,Iran,Asia,"Middle East, North Africa, Afghanistan & Pakistan",non-Schengen,m,18_59
2017,2017_I,FALSE,IRQ,1,Iraq,Asia,"Middle East, North Africa, Afghanistan & Pakistan",non-Schengen,f,18_59
2017,2017_I,FALSE,IRQ,4,Iraq,Asia,"Middle East, North Africa, Afghanistan & Pakistan",non-Schengen,m,18_59
2017,2017_I,FALSE,JOR,1,Jordan,Asia,"Middle East, North Africa, Afghanistan & Pakistan",non-Schengen,f,18_59
2017,2017_I,FALSE,KAZ,2,Kazakhstan,Asia,Europe & Central Asia,non-Schengen,f,17
2017,2017_I,FALSE,KAZ,3,Kazakhstan,Asia,Europe & Central Asia,non-Schengen,f,18_59
2017,2017_I,FALSE,KAZ,8,Kazakhstan,Asia,Europe & Central Asia,non-Schengen,m,18_59
2017,2017_I,FALSE,KEN,1,Kenya,Africa,Sub-Saharan Africa,non-Schengen,f,18_59
2017,2017_I,FALSE,KEN,2,Kenya,Africa,Sub-Saharan Africa,non-Schengen,m,18_59
2017,2017_I,FALSE,KGZ,2,Kyrgyzstan,Asia,Europe & Central Asia,non-Schengen,f,17
2017,2017_I,FALSE,KGZ,6,Kyrgyzstan,Asia,Europe & Central Asia,non-Schengen,f,18_59
2017,2017_I,FALSE,KGZ,2,Kyrgyzstan,Asia,Europe & Central Asia,non-Schengen,m,17
2017,2017_I,FALSE,KGZ,7,Kyrgyzstan,Asia,Europe & Central Asia,non-Schengen,m,18_59
2017,2017_I,FALSE,KOSOVO,2,KOSOVO,Europe,Europe & Central Asia,non-Schengen,m,18_59
2017,2017_I,FALSE,LBN,1,Lebanon,Asia,"Middle East, North Africa, Afghanistan & Pakistan",non-Schengen,f,18_59
2017,2017_I,FALSE,LBN,1,Lebanon,Asia,"Middle East, North Africa, Afghanistan & Pakistan",non-Schengen,m,18_59
2017,2017_I,FALSE,LBY,1,Libya,Africa,"Middle East, North Africa, Afghanistan & Pakistan",non-Schengen,m,18_59
2017,2017_I,FALSE,MAR,1,Morocco,Africa,"Middle East, North Africa, Afghanistan & Pakistan",non-Schengen,f,18_59
2017,2017_I,FALSE,MAR,2,Morocco,Africa,"Middle East, North Africa, Afghanistan & Pakistan",non-Schengen,m,18_59
2017,2017_I,FALSE,MDA,7,Moldova,Europe,Europe & Central Asia,non-Schengen,f,18_59
2017,2017_I,FALSE,MDA,19,Moldova,Europe,Europe & Central Asia,non-Schengen,m,18_59
2017,2017_I,FALSE,MEX,1,Mexico,Americas,Latin America & Caribbean,non-Schengen,f,18_59
2017,2017_I,FALSE,MLI,2,Mali,Africa,Sub-Saharan Africa,non-Schengen,m,18_59
2017,2017_I,FALSE,MNG,2,Mongolia,Asia,East Asia & Pacific,non-Schengen,m,18_59
2017,2017_I,FALSE,MYS,2,Malaysia,Asia,East Asia & Pacific,non-Schengen,m,18_59
2017,2017_I,FALSE,NGA,1,Nigeria,Africa,Sub-Saharan Africa,non-Schengen,f,17
2017,2017_I,FALSE,NGA,8,Nigeria,Africa,Sub-Saharan Africa,non-Schengen,f,18_59
2017,2017_I,FALSE,NGA,15,Nigeria,Africa,Sub-Saharan Africa,non-Schengen,m,18_59
2017,2017_I,FALSE,NPL,1,Nepal,Asia,South Asia,non-Schengen,m,18_59
2017,2017_I,FALSE,NZL,1,New Zealand,Oceania,East Asia & Pacific,non-Schengen,m,18_59
2017,2017_I,FALSE,PAK,1,Pakistan,Asia,"Middle East, North Africa, Afghanistan & Pakistan",non-Schengen,f,18_59
2017,2017_I,FALSE,PAK,13,Pakistan,Asia,"Middle East, North Africa, Afghanistan & Pakistan",non-Schengen,m,18_59
2017,2017_I,FALSE,PER,1,Peru,Americas,Latin America & Caribbean,non-Schengen,m,18_59
2017,2017_I,FALSE,PHL,3,Philippines,Asia,East Asia & Pacific,non-Schengen,f,18_59
2017,2017_I,FALSE,PHL,1,Philippines,Asia,East Asia & Pacific,non-Schengen,m,18_59
2017,2017_I,FALSE,PSE,2,Palestinian Territories,Asia,"Middle East, North Africa, Afghanistan & Pakistan",non-Schengen,m,18_59
2017,2017_I,FALSE,RUS,131,Russia,Europe,Europe & Central Asia,non-Schengen,f,17
2017,2017_I,FALSE,RUS,108,Russia,Europe,Europe & Central Asia,non-Schengen,f,18_59
2017,2017_I,FALSE,RUS,5,Russia,Europe,Europe & Central Asia,non-Schengen,f,60
2017,2017_I,FALSE,RUS,121,Russia,Europe,Europe & Central Asia,non-Schengen,m,17
2017,2017_I,FALSE,RUS,137,Russia,Europe,Europe & Central Asia,non-Schengen,m,18_59
2017,2017_I,FALSE,RUS,1,Russia,Europe,Europe & Central Asia,non-Schengen,m,60
2017,2017_I,FALSE,SAU,2,Saudi Arabia,Asia,"Middle East, North Africa, Afghanistan & Pakistan",non-Schengen,f,18_59
2017,2017_I,FALSE,SAU,5,Saudi Arabia,Asia,"Middle East, North Africa, Afghanistan & Pakistan",non-Schengen,m,18_59
2017,2017_I,FALSE,SDN,1,Sudan,Africa,Sub-Saharan Africa,non-Schengen,m,18_59
2017,2017_I,FALSE,SEN,1,Senegal,Africa,Sub-Saharan Africa,non-Schengen,m,18_59
2017,2017_I,FALSE,SOM,1,Somalia,Africa,Sub-Saharan Africa,non-Schengen,m,18_59
2017,2017_I,FALSE,SRB,5,Serbia,Europe,Europe & Central Asia,non-Schengen,m,18_59
2017,2017_I,FALSE,SYR,3,Syria,Asia,"Middle East, North Africa, Afghanistan & Pakistan",non-Schengen,m,18_59
2017,2017_I,FALSE,THA,1,Thailand,Asia,East Asia & Pacific,non-Schengen,f,18_59
2017,2017_I,FALSE,TJK,1,Tajikistan,Asia,Europe & Central Asia,non-Schengen,f,17
2017,2017_I,FALSE,TJK,5,Tajikistan,Asia,Europe & Central Asia,non-Schengen,f,18_59
2017,2017_I,FALSE,TJK,5,Tajikistan,Asia,Europe & Central Asia,non-Schengen,m,17
2017,2017_I,FALSE,TJK,5,Tajikistan,Asia,Europe & Central Asia,non-Schengen,m,18_59
2017,2017_I,FALSE,TUN,5,Tunisia,Africa,"Middle East, North Africa, Afghanistan & Pakistan",non-Schengen,m,18_59
2017,2017_I,FALSE,TUR,7,Turkey,Asia,Europe & Central Asia,non-Schengen,f,18_59
2017,2017_I,FALSE,TUR,1,Turkey,Asia,Europe & Central Asia,non-Schengen,f,60
2017,2017_I,FALSE,TUR,2,Turkey,Asia,Europe & Central Asia,non-Schengen,m,17
2017,2017_I,FALSE,TUR,20,Turkey,Asia,Europe & Central Asia,non-Schengen,m,18_59
2017,2017_I,FALSE,TWN,1,Taiwan,Asia,East Asia & Pacific,non-Schengen,m,18_59
2017,2017_I,FALSE,TZA,1,Tanzania,Africa,Sub-Saharan Africa,non-Schengen,f,18_59
2017,2017_I,FALSE,TZA,2,Tanzania,Africa,Sub-Saharan Africa,non-Schengen,m,18_59
2017,2017_I,FALSE,UKR,50,Ukraine,Europe,Europe & Central Asia,non-Schengen,f,17
2017,2017_I,FALSE,UKR,599,Ukraine,Europe,Europe & Central Asia,non-Schengen,f,18_59
2017,2017_I,FALSE,UKR,36,Ukraine,Europe,Europe & Central Asia,non-Schengen,f,60
2017,2017_I,FALSE,UKR,45,Ukraine,Europe,Europe & Central Asia,non-Schengen,m,17
2017,2017_I,FALSE,UKR,1238,Ukraine,Europe,Europe & Central Asia,non-Schengen,m,18_59
2017,2017_I,FALSE,UKR,8,Ukraine,Europe,Europe & Central Asia,non-Schengen,m,60
2017,2017_I,FALSE,UNK,2,unknown,other/unknown,other/unknown,non-Schengen,m,18_59
2017,2017_I,FALSE,USA,4,United States,Americas,North America,non-Schengen,m,18_59
2017,2017_I,FALSE,UZB,13,Uzbekistan,Asia,Europe & Central Asia,non-Schengen,m,18_59
2017,2017_I,FALSE,VEN,1,Venezuela,Americas,Latin America & Caribbean,non-Schengen,m,18_59
2017,2017_I,FALSE,VNM,11,Vietnam,Asia,East Asia & Pacific,non-Schengen,f,18_59
2017,2017_I,FALSE,VNM,1,Vietnam,Asia,East Asia & Pacific,non-Schengen,m,17
2017,2017_I,FALSE,VNM,45,Vietnam,Asia,East Asia & Pacific,non-Schengen,m,18_59
2017,2017_I,FALSE,XXX,1,Stateless,other/unknown,other/unknown,non-Schengen,f,17
2017,2017_I,FALSE,XXX,1,Stateless,other/unknown,other/unknown,non-Schengen,f,18_59
2017,2017_I,FALSE,XXX,1,Stateless,other/unknown,other/unknown,non-Schengen,f,60
2017,2017_I,FALSE,XXX,11,Stateless,other/unknown,other/unknown,non-Schengen,m,18_59
2017,2017_I,FALSE,ZWE,1,Zimbabwe,Africa,Sub-Saharan Africa,non-Schengen,m,18_59
2017,2017_I,TRUE,BGD,1,Bangladesh,Asia,South Asia,non-Schengen,m,18_59
2017,2017_I,TRUE,MAR,1,Morocco,Africa,"Middle East, North Africa, Afghanistan & Pakistan",non-Schengen,m,18_59
2017,2017_I,TRUE,PAK,2,Pakistan,Asia,"Middle East, North Africa, Afghanistan & Pakistan",non-Schengen,m,18_59
2017,2017_I,TRUE,RUS,2,Russia,Europe,Europe & Central Asia,non-Schengen,f,18_59
2017,2017_I,TRUE,RUS,1,Russia,Europe,Europe & Central Asia,non-Schengen,m,18_59
2017,2017_I,TRUE,UKR,1,Ukraine,Europe,Europe & Central Asia,non-Schengen,f,17
2017,2017_I,TRUE,UKR,2,Ukraine,Europe,Europe & Central Asia,non-Schengen,f,18_59
2017,2017_I,TRUE,UKR,1,Ukraine,Europe,Europe & Central Asia,non-Schengen,m,17
2017,2017_I,TRUE,UKR,8,Ukraine,Europe,Europe & Central Asia,non-Schengen,m,18_59
2017,2017_II,FALSE,AFG,2,Afghanistan,Asia,"Middle East, North Africa, Afghanistan & Pakistan",non-Schengen,m,18_59
2017,2017_II,FALSE,AGO,1,Angola,Africa,Sub-Saharan Africa,non-Schengen,f,18_59
2017,2017_II,FALSE,AGO,1,Angola,Africa,Sub-Saharan Africa,non-Schengen,m,18_59
2017,2017_II,FALSE,ALB,3,Albania,Europe,Europe & Central Asia,non-Schengen,m,18_59
2017,2017_II,FALSE,ARG,1,Argentina,Americas,Latin America & Caribbean,non-Schengen,m,18_59
2017,2017_II,FALSE,ARM,2,Armenia,Asia,Europe & Central Asia,non-Schengen,f,17
2017,2017_II,FALSE,ARM,6,Armenia,Asia,Europe & Central Asia,non-Schengen,f,18_59
2017,2017_II,FALSE,ARM,1,Armenia,Asia,Europe & Central Asia,non-Schengen,f,60
2017,2017_II,FALSE,ARM,4,Armenia,Asia,Europe & Central Asia,non-Schengen,m,17
2017,2017_II,FALSE,ARM,15,Armenia,Asia,Europe & Central Asia,non-Schengen,m,18_59
2017,2017_II,FALSE,ARM,1,Armenia,Asia,Europe & Central Asia,non-Schengen,m,60
2017,2017_II,FALSE,AUS,2,Australia,Oceania,East Asia & Pacific,non-Schengen,m,18_59
2017,2017_II,FALSE,AZE,1,Azerbaijan,Asia,Europe & Central Asia,non-Schengen,f,18_59
2017,2017_II,FALSE,AZE,1,Azerbaijan,Asia,Europe & Central Asia,non-Schengen,m,17
2017,2017_II,FALSE,AZE,2,Azerbaijan,Asia,Europe & Central Asia,non-Schengen,m,18_59
2017,2017_II,FALSE,BEL,1,Belgium,Europe,Europe & Central Asia,Schengen,m,18_59
2017,2017_II,FALSE,BGD,1,Bangladesh,Asia,South Asia,non-Schengen,f,17
2017,2017_II,FALSE,BGD,1,Bangladesh,Asia,South Asia,non-Schengen,f,18_59
2017,2017_II,FALSE,BGD,3,Bangladesh,Asia,South Asia,non-Schengen,m,17
2017,2017_II,FALSE,BGD,27,Bangladesh,Asia,South Asia,non-Schengen,m,18_59
2017,2017_II,FALSE,BIH,1,Bosnia & Herzegovina,Europe,Europe & Central Asia,non-Schengen,f,18_59
2017,2017_II,FALSE,BIH,1,Bosnia & Herzegovina,Europe,Europe & Central Asia,non-Schengen,m,17
2017,2017_II,FALSE,BLR,1,Belarus,Europe,Europe & Central Asia,non-Schengen,f,17
2017,2017_II,FALSE,BLR,14,Belarus,Europe,Europe & Central Asia,non-Schengen,f,18_59
2017,2017_II,FALSE,BLR,1,Belarus,Europe,Europe & Central Asia,non-Schengen,m,17
2017,2017_II,FALSE,BLR,57,Belarus,Europe,Europe & Central Asia,non-Schengen,m,18_59
2017,2017_II,FALSE,BRA,2,Brazil,Americas,Latin America & Caribbean,non-Schengen,f,18_59
2017,2017_II,FALSE,BRA,4,Brazil,Americas,Latin America & Caribbean,non-Schengen,m,18_59
2017,2017_II,FALSE,CAN,1,Canada,Americas,North America,non-Schengen,f,18_59
2017,2017_II,FALSE,CAN,1,Canada,Americas,North America,non-Schengen,m,18_59
2017,2017_II,FALSE,CHN,10,China,Asia,East Asia & Pacific,non-Schengen,f,18_59
2017,2017_II,FALSE,CHN,1,China,Asia,East Asia & Pacific,non-Schengen,m,17
2017,2017_II,FALSE,CHN,12,China,Asia,East Asia & Pacific,non-Schengen,m,18_59
2017,2017_II,FALSE,CMR,1,Cameroon,Africa,Sub-Saharan Africa,non-Schengen,m,18_59
2017,2017_II,FALSE,COG,1,Congo - Brazzaville,Africa,Sub-Saharan Africa,non-Schengen,m,18_59
2017,2017_II,FALSE,COL,1,Colombia,Americas,Latin America & Caribbean,non-Schengen,m,18_59
2017,2017_II,FALSE,DZA,1,Algeria,Africa,"Middle East, North Africa, Afghanistan & Pakistan",non-Schengen,f,18_59
2017,2017_II,FALSE,DZA,12,Algeria,Africa,"Middle East, North Africa, Afghanistan & Pakistan",non-Schengen,m,18_59
2017,2017_II,FALSE,ECU,2,Ecuador,Americas,Latin America & Caribbean,non-Schengen,m,18_59
2017,2017_II,FALSE,EGY,1,Egypt,Africa,"Middle East, North Africa, Afghanistan & Pakistan",non-Schengen,f,17
2017,2017_II,FALSE,EGY,1,Egypt,Africa,"Middle East, North Africa, Afghanistan & Pakistan",non-Schengen,f,18_59
2017,2017_II,FALSE,EGY,9,Egypt,Africa,"Middle East, North Africa, Afghanistan & Pakistan",non-Schengen,m,18_59
2017,2017_II,FALSE,ETH,1,Ethiopia,Africa,Sub-Saharan Africa,non-Schengen,m,18_59
2017,2017_II,FALSE,GEO,4,Georgia,Asia,Europe & Central Asia,non-Schengen,f,17
2017,2017_II,FALSE,GEO,9,Georgia,Asia,Europe & Central Asia,non-Schengen,f,18_59
2017,2017_II,FALSE,GEO,1,Georgia,Asia,Europe & Central Asia,non-Schengen,f,60
2017,2017_II,FALSE,GEO,2,Georgia,Asia,Europe & Central Asia,non-Schengen,m,17
2017,2017_II,FALSE,GEO,25,Georgia,Asia,Europe & Central Asia,non-Schengen,m,18_59
2017,2017_II,FALSE,GHA,1,Ghana,Africa,Sub-Saharan Africa,non-Schengen,m,18_59
2017,2017_II,FALSE,IDN,2,Indonesia,Asia,East Asia & Pacific,non-Schengen,f,18_59
2017,2017_II,FALSE,IDN,1,Indonesia,Asia,East Asia & Pacific,non-Schengen,m,18_59
2017,2017_II,FALSE,IND,1,India,Asia,South Asia,non-Schengen,f,17
2017,2017_II,FALSE,IND,6,India,Asia,South Asia,non-Schengen,f,18_59
2017,2017_II,FALSE,IND,1,India,Asia,South Asia,non-Schengen,m,17
2017,2017_II,FALSE,IND,38,India,Asia,South Asia,non-Schengen,m,18_59
2017,2017_II,FALSE,IRN,2,Iran,Asia,"Middle East, North Africa, Afghanistan & Pakistan",non-Schengen,f,18_59
2017,2017_II,FALSE,IRN,9,Iran,Asia,"Middle East, North Africa, Afghanistan & Pakistan",non-Schengen,m,18_59
2017,2017_II,FALSE,IRQ,1,Iraq,Asia,"Middle East, North Africa, Afghanistan & Pakistan",non-Schengen,f,17
2017,2017_II,FALSE,IRQ,2,Iraq,Asia,"Middle East, North Africa, Afghanistan & Pakistan",non-Schengen,f,18_59
2017,2017_II,FALSE,IRQ,2,Iraq,Asia,"Middle East, North Africa, Afghanistan & Pakistan",non-Schengen,m,17
2017,2017_II,FALSE,IRQ,11,Iraq,Asia,"Middle East, North Africa, Afghanistan & Pakistan",non-Schengen,m,18_59
2017,2017_II,FALSE,ISR,1,Israel,Asia,"Middle East, North Africa, Afghanistan & Pakistan",non-Schengen,f,18_59
2017,2017_II,FALSE,JOR,1,Jordan,Asia,"Middle East, North Africa, Afghanistan & Pakistan",non-Schengen,f,17
2017,2017_II,FALSE,JOR,1,Jordan,Asia,"Middle East, North Africa, Afghanistan & Pakistan",non-Schengen,m,17
2017,2017_II,FALSE,JOR,3,Jordan,Asia,"Middle East, North Africa, Afghanistan & Pakistan",non-Schengen,m,18_59
2017,2017_II,FALSE,JPN,1,Japan,Asia,East Asia & Pacific,non-Schengen,f,18_59
2017,2017_II,FALSE,KAZ,2,Kazakhstan,Asia,Europe & Central Asia,non-Schengen,f,18_59
2017,2017_II,FALSE,KAZ,1,Kazakhstan,Asia,Europe & Central Asia,non-Schengen,f,60
2017,2017_II,FALSE,KAZ,5,Kazakhstan,Asia,Europe & Central Asia,non-Schengen,m,18_59
2017,2017_II,FALSE,KEN,2,Kenya,Africa,Sub-Saharan Africa,non-Schengen,m,18_59
2017,2017_II,FALSE,KGZ,6,Kyrgyzstan,Asia,Europe & Central Asia,non-Schengen,f,17
2017,2017_II,FALSE,KGZ,3,Kyrgyzstan,Asia,Europe & Central Asia,non-Schengen,f,18_59
2017,2017_II,FALSE,KGZ,3,Kyrgyzstan,Asia,Europe & Central Asia,non-Schengen,m,17
2017,2017_II,FALSE,KGZ,8,Kyrgyzstan,Asia,Europe & Central Asia,non-Schengen,m,18_59
2017,2017_II,FALSE,KOSOVO,2,KOSOVO,Europe,Europe & Central Asia,non-Schengen,m,18_59
2017,2017_II,FALSE,LBN,2,Lebanon,Asia,"Middle East, North Africa, Afghanistan & Pakistan",non-Schengen,m,18_59
2017,2017_II,FALSE,LBY,1,Libya,Africa,"Middle East, North Africa, Afghanistan & Pakistan",non-Schengen,f,18_59
2017,2017_II,FALSE,LBY,1,Libya,Africa,"Middle East, North Africa, Afghanistan & Pakistan",non-Schengen,m,18_59
2017,2017_II,FALSE,LKA,1,Sri Lanka,Asia,South Asia,non-Schengen,m,18_59
2017,2017_II,FALSE,MAR,3,Morocco,Africa,"Middle East, North Africa, Afghanistan & Pakistan",non-Schengen,f,18_59
2017,2017_II,FALSE,MAR,6,Morocco,Africa,"Middle East, North Africa, Afghanistan & Pakistan",non-Schengen,m,18_59
2017,2017_II,FALSE,MDA,1,Moldova,Europe,Europe & Central Asia,non-Schengen,f,17
2017,2017_II,FALSE,MDA,4,Moldova,Europe,Europe & Central Asia,non-Schengen,f,18_59
2017,2017_II,FALSE,MDA,2,Moldova,Europe,Europe & Central Asia,non-Schengen,m,17
2017,2017_II,FALSE,MDA,20,Moldova,Europe,Europe & Central Asia,non-Schengen,m,18_59
2017,2017_II,FALSE,MEX,1,Mexico,Americas,Latin America & Caribbean,non-Schengen,f,18_59
2017,2017_II,FALSE,MEX,1,Mexico,Americas,Latin America & Caribbean,non-Schengen,m,18_59
2017,2017_II,FALSE,MKD,2,North Macedonia,Europe,Europe & Central Asia,non-Schengen,m,18_59
2017,2017_II,FALSE,MNG,1,Mongolia,Asia,East Asia & Pacific,non-Schengen,f,18_59
2017,2017_II,FALSE,MNG,1,Mongolia,Asia,East Asia & Pacific,non-Schengen,m,18_59
2017,2017_II,FALSE,NGA,1,Nigeria,Africa,Sub-Saharan Africa,non-Schengen,f,18_59
2017,2017_II,FALSE,NGA,11,Nigeria,Africa,Sub-Saharan Africa,non-Schengen,m,18_59
2017,2017_II,FALSE,NPL,10,Nepal,Asia,South Asia,non-Schengen,m,18_59
2017,2017_II,FALSE,NZL,1,New Zealand,Oceania,East Asia & Pacific,non-Schengen,m,18_59
2017,2017_II,FALSE,PAK,1,Pakistan,Asia,"Middle East, North Africa, Afghanistan & Pakistan",non-Schengen,f,18_59
2017,2017_II,FALSE,PAK,1,Pakistan,Asia,"Middle East, North Africa, Afghanistan & Pakistan",non-Schengen,m,17
2017,2017_II,FALSE,PAK,26,Pakistan,Asia,"Middle East, North Africa, Afghanistan & Pakistan",non-Schengen,m,18_59
2017,2017_II,FALSE,PHL,3,Philippines,Asia,East Asia & Pacific,non-Schengen,f,18_59
2017,2017_II,FALSE,PHL,1,Philippines,Asia,East Asia & Pacific,non-Schengen,m,18_59
2017,2017_II,FALSE,PSE,3,Palestinian Territories,Asia,"Middle East, North Africa, Afghanistan & Pakistan",non-Schengen,m,18_59
2017,2017_II,FALSE,RUS,91,Russia,Europe,Europe & Central Asia,non-Schengen,f,17
2017,2017_II,FALSE,RUS,85,Russia,Europe,Europe & Central Asia,non-Schengen,f,18_59
2017,2017_II,FALSE,RUS,2,Russia,Europe,Europe & Central Asia,non-Schengen,f,60
2017,2017_II,FALSE,RUS,96,Russia,Europe,Europe & Central Asia,non-Schengen,m,17
2017,2017_II,FALSE,RUS,122,Russia,Europe,Europe & Central Asia,non-Schengen,m,18_59
2017,2017_II,FALSE,RUS,1,Russia,Europe,Europe & Central Asia,non-Schengen,m,60
2017,2017_II,FALSE,SAU,1,Saudi Arabia,Asia,"Middle East, North Africa, Afghanistan & Pakistan",non-Schengen,f,18_59
2017,2017_II,FALSE,SAU,4,Saudi Arabia,Asia,"Middle East, North Africa, Afghanistan & Pakistan",non-Schengen,m,18_59
2017,2017_II,FALSE,SDN,1,Sudan,Africa,Sub-Saharan Africa,non-Schengen,m,18_59
2017,2017_II,FALSE,SEN,2,Senegal,Africa,Sub-Saharan Africa,non-Schengen,m,18_59
2017,2017_II,FALSE,SLE,1,Sierra Leone,Africa,Sub-Saharan Africa,non-Schengen,m,18_59
2017,2017_II,FALSE,SOM,1,Somalia,Africa,Sub-Saharan Africa,non-Schengen,m,18_59
2017,2017_II,FALSE,SRB,2,Serbia,Europe,Europe & Central Asia,non-Schengen,f,18_59
2017,2017_II,FALSE,SRB,7,Serbia,Europe,Europe & Central Asia,non-Schengen,m,18_59
2017,2017_II,FALSE,SYR,3,Syria,Asia,"Middle East, North Africa, Afghanistan & Pakistan",non-Schengen,m,18_59
2017,2017_II,FALSE,THA,2,Thailand,Asia,East Asia & Pacific,non-Schengen,f,18_59
2017,2017_II,FALSE,THA,2,Thailand,Asia,East Asia & Pacific,non-Schengen,m,18_59
2017,2017_II,FALSE,TJK,5,Tajikistan,Asia,Europe & Central Asia,non-Schengen,f,17
2017,2017_II,FALSE,TJK,2,Tajikistan,Asia,Europe & Central Asia,non-Schengen,f,18_59
2017,2017_II,FALSE,TJK,17,Tajikistan,Asia,Europe & Central Asia,non-Schengen,m,18_59
2017,2017_II,FALSE,TUN,6,Tunisia,Africa,"Middle East, North Africa, Afghanistan & Pakistan",non-Schengen,m,18_59
2017,2017_II,FALSE,TUR,1,Turkey,Asia,Europe & Central Asia,non-Schengen,f,17
2017,2017_II,FALSE,TUR,16,Turkey,Asia,Europe & Central Asia,non-Schengen,m,18_59
2017,2017_II,FALSE,UGA,1,Uganda,Africa,Sub-Saharan Africa,non-Schengen,m,18_59
2017,2017_II,FALSE,UKR,22,Ukraine,Europe,Europe & Central Asia,non-Schengen,f,17
2017,2017_II,FALSE,UKR,478,Ukraine,Europe,Europe & Central Asia,non-Schengen,f,18_59
2017,2017_II,FALSE,UKR,28,Ukraine,Europe,Europe & Central Asia,non-Schengen,f,60
2017,2017_II,FALSE,UKR,36,Ukraine,Europe,Europe & Central Asia,non-Schengen,m,17
2017,2017_II,FALSE,UKR,1304,Ukraine,Europe,Europe & Central Asia,non-Schengen,m,18_59
2017,2017_II,FALSE,UKR,4,Ukraine,Europe,Europe & Central Asia,non-Schengen,m,60
2017,2017_II,FALSE,UNK,1,unknown,other/unknown,other/unknown,non-Schengen,f,18_59
2017,2017_II,FALSE,UNK,1,unknown,other/unknown,other/unknown,non-Schengen,m,18_59
2017,2017_II,FALSE,USA,1,United States,Americas,North America,non-Schengen,f,18_59
2017,2017_II,FALSE,USA,1,United States,Americas,North America,non-Schengen,m,17
2017,2017_II,FALSE,USA,2,United States,Americas,North America,non-Schengen,m,18_59
2017,2017_II,FALSE,UZB,2,Uzbekistan,Asia,Europe & Central Asia,non-Schengen,f,18_59
2017,2017_II,FALSE,UZB,8,Uzbekistan,Asia,Europe & Central Asia,non-Schengen,m,18_59
2017,2017_II,FALSE,VEN,1,Venezuela,Americas,Latin America & Caribbean,non-Schengen,m,18_59
2017,2017_II,FALSE,VNM,2,Vietnam,Asia,East Asia & Pacific,non-Schengen,f,17
2017,2017_II,FALSE,VNM,25,Vietnam,Asia,East Asia & Pacific,non-Schengen,f,18_59
2017,2017_II,FALSE,VNM,3,Vietnam,Asia,East Asia & Pacific,non-Schengen,m,17
2017,2017_II,FALSE,VNM,57,Vietnam,Asia,East Asia & Pacific,non-Schengen,m,18_59
2017,2017_II,FALSE,XXX,1,Stateless,other/unknown,other/unknown,non-Schengen,f,17
2017,2017_II,FALSE,XXX,1,Stateless,other/unknown,other/unknown,non-Schengen,f,18_59
2017,2017_II,FALSE,XXX,4,Stateless,other/unknown,other/unknown,non-Schengen,m,18_59
2017,2017_II,FALSE,YEM,1,Yemen,Asia,"Middle East, North Africa, Afghanistan & Pakistan",non-Schengen,m,18_59
2017,2017_II,FALSE,ZAF,2,South Africa,Africa,Sub-Saharan Africa,non-Schengen,m,18_59
2017,2017_II,TRUE,BGD,2,Bangladesh,Asia,South Asia,non-Schengen,m,18_59
2017,2017_II,TRUE,DZA,1,Algeria,Africa,"Middle East, North Africa, Afghanistan & Pakistan",non-Schengen,m,18_59
2017,2017_II,TRUE,EGY,1,Egypt,Africa,"Middle East, North Africa, Afghanistan & Pakistan",non-Schengen,m,18_59
2017,2017_II,TRUE,IND,1,India,Asia,South Asia,non-Schengen,m,18_59
2017,2017_II,TRUE,KAZ,1,Kazakhstan,Asia,Europe & Central Asia,non-Schengen,m,18_59
2017,2017_II,TRUE,KGZ,1,Kyrgyzstan,Asia,Europe & Central Asia,non-Schengen,f,18_59
2017,2017_II,TRUE,MDA,1,Moldova,Europe,Europe & Central Asia,non-Schengen,m,18_59
2017,2017_II,TRUE,NGA,1,Nigeria,Africa,Sub-Saharan Africa,non-Schengen,f,18_59
2017,2017_II,TRUE,PAK,3,Pakistan,Asia,"Middle East, North Africa, Afghanistan & Pakistan",non-Schengen,m,18_59
2017,2017_II,TRUE,RUS,8,Russia,Europe,Europe & Central Asia,non-Schengen,f,17
2017,2017_II,TRUE,RUS,6,Russia,Europe,Europe & Central Asia,non-Schengen,f,18_59
2017,2017_II,TRUE,RUS,7,Russia,Europe,Europe & Central Asia,non-Schengen,m,17
2017,2017_II,TRUE,RUS,10,Russia,Europe,Europe & Central Asia,non-Schengen,m,18_59
2017,2017_II,TRUE,TUR,1,Turkey,Asia,Europe & Central Asia,non-Schengen,m,18_59
2017,2017_II,TRUE,UKR,4,Ukraine,Europe,Europe & Central Asia,non-Schengen,f,18_59
2017,2017_II,TRUE,UKR,21,Ukraine,Europe,Europe & Central Asia,non-Schengen,m,18_59
2017,2017_II,TRUE,VNM,1,Vietnam,Asia,East Asia & Pacific,non-Schengen,m,18_59
2018,2018_I,FALSE,AFG,2,Afghanistan,Asia,"Middle East, North Africa, Afghanistan & Pakistan",non-Schengen,m,18_59
2018,2018_I,FALSE,ALB,2,Albania,Europe,Europe & Central Asia,non-Schengen,f,18_59
2018,2018_I,FALSE,ALB,2,Albania,Europe,Europe & Central Asia,non-Schengen,m,18_59
2018,2018_I,FALSE,ARG,1,Argentina,Americas,Latin America & Caribbean,non-Schengen,m,18_59
2018,2018_I,FALSE,ARM,5,Armenia,Asia,Europe & Central Asia,non-Schengen,f,17
2018,2018_I,FALSE,ARM,10,Armenia,Asia,Europe & Central Asia,non-Schengen,f,18_59
2018,2018_I,FALSE,ARM,2,Armenia,Asia,Europe & Central Asia,non-Schengen,m,17
2018,2018_I,FALSE,ARM,12,Armenia,Asia,Europe & Central Asia,non-Schengen,m,18_59
2018,2018_I,FALSE,AUS,1,Australia,Oceania,East Asia & Pacific,non-Schengen,f,18_59
2018,2018_I,FALSE,AUS,1,Australia,Oceania,East Asia & Pacific,non-Schengen,f,60
2018,2018_I,FALSE,AUS,1,Australia,Oceania,East Asia & Pacific,non-Schengen,m,18_59
2018,2018_I,FALSE,AZE,1,Azerbaijan,Asia,Europe & Central Asia,non-Schengen,f,18_59
2018,2018_I,FALSE,AZE,2,Azerbaijan,Asia,Europe & Central Asia,non-Schengen,m,17
2018,2018_I,FALSE,AZE,9,Azerbaijan,Asia,Europe & Central Asia,non-Schengen,m,18_59
2018,2018_I,FALSE,BGD,17,Bangladesh,Asia,South Asia,non-Schengen,m,18_59
2018,2018_I,FALSE,BGR,1,Bulgaria,Europe,Europe & Central Asia,non-Schengen,m,18_59
2018,2018_I,FALSE,BLR,1,Belarus,Europe,Europe & Central Asia,non-Schengen,f,17
2018,2018_I,FALSE,BLR,24,Belarus,Europe,Europe & Central Asia,non-Schengen,f,18_59
2018,2018_I,FALSE,BLR,2,Belarus,Europe,Europe & Central Asia,non-Schengen,f,60
2018,2018_I,FALSE,BLR,1,Belarus,Europe,Europe & Central Asia,non-Schengen,m,17
2018,2018_I,FALSE,BLR,84,Belarus,Europe,Europe & Central Asia,non-Schengen,m,18_59
2018,2018_I,FALSE,BLR,1,Belarus,Europe,Europe & Central Asia,non-Schengen,m,60
2018,2018_I,FALSE,BRA,4,Brazil,Americas,Latin America & Caribbean,non-Schengen,f,18_59
2018,2018_I,FALSE,BRA,7,Brazil,Americas,Latin America & Caribbean,non-Schengen,m,18_59
2018,2018_I,FALSE,CAN,1,Canada,Americas,North America,non-Schengen,m,18_59
2018,2018_I,FALSE,CHN,2,China,Asia,East Asia & Pacific,non-Schengen,f,17
2018,2018_I,FALSE,CHN,20,China,Asia,East Asia & Pacific,non-Schengen,f,18_59
2018,2018_I,FALSE,CHN,1,China,Asia,East Asia & Pacific,non-Schengen,f,60
2018,2018_I,FALSE,CHN,1,China,Asia,East Asia & Pacific,non-Schengen,m,17
2018,2018_I,FALSE,CHN,23,China,Asia,East Asia & Pacific,non-Schengen,m,18_59
2018,2018_I,FALSE,CIV,1,Côte d’Ivoire,Africa,Sub-Saharan Africa,non-Schengen,f,18_59
2018,2018_I,FALSE,CMR,1,Cameroon,Africa,Sub-Saharan Africa,non-Schengen,m,18_59
2018,2018_I,FALSE,COD,1,Congo - Kinshasa,Africa,Sub-Saharan Africa,non-Schengen,m,18_59
2018,2018_I,FALSE,COG,1,Congo - Brazzaville,Africa,Sub-Saharan Africa,non-Schengen,f,18_59
2018,2018_I,FALSE,COG,4,Congo - Brazzaville,Africa,Sub-Saharan Africa,non-Schengen,m,17
2018,2018_I,FALSE,COG,5,Congo - Brazzaville,Africa,Sub-Saharan Africa,non-Schengen,m,18_59
2018,2018_I,FALSE,COL,1,Colombia,Americas,Latin America & Caribbean,non-Schengen,f,18_59
2018,2018_I,FALSE,COL,1,Colombia,Americas,Latin America & Caribbean,non-Schengen,m,18_59
2018,2018_I,FALSE,COM,1,Comoros,Africa,Sub-Saharan Africa,non-Schengen,m,18_59
2018,2018_I,FALSE,CYP,1,Cyprus,Asia,Europe & Central Asia,non-Schengen,f,18_59
2018,2018_I,FALSE,DZA,1,Algeria,Africa,"Middle East, North Africa, Afghanistan & Pakistan",non-Schengen,f,18_59
2018,2018_I,FALSE,DZA,31,Algeria,Africa,"Middle East, North Africa, Afghanistan & Pakistan",non-Schengen,m,18_59
2018,2018_I,FALSE,EGY,1,Egypt,Africa,"Middle East, North Africa, Afghanistan & Pakistan",non-Schengen,f,60
2018,2018_I,FALSE,EGY,15,Egypt,Africa,"Middle East, North Africa, Afghanistan & Pakistan",non-Schengen,m,18_59
2018,2018_I,FALSE,GEO,4,Georgia,Asia,Europe & Central Asia,non-Schengen,f,17
2018,2018_I,FALSE,GEO,10,Georgia,Asia,Europe & Central Asia,non-Schengen,f,18_59
2018,2018_I,FALSE,GEO,2,Georgia,Asia,Europe & Central Asia,non-Schengen,f,60
2018,2018_I,FALSE,GEO,5,Georgia,Asia,Europe & Central Asia,non-Schengen,m,17
2018,2018_I,FALSE,GEO,118,Georgia,Asia,Europe & Central Asia,non-Schengen,m,18_59
2018,2018_I,FALSE,GEO,1,Georgia,Asia,Europe & Central Asia,non-Schengen,m,60
2018,2018_I,FALSE,GHA,2,Ghana,Africa,Sub-Saharan Africa,non-Schengen,m,18_59
2018,2018_I,FALSE,GIN,3,Guinea,Africa,Sub-Saharan Africa,non-Schengen,m,18_59
2018,2018_I,FALSE,HRV,1,Croatia,Europe,Europe & Central Asia,non-Schengen,m,18_59
2018,2018_I,FALSE,IND,3,India,Asia,South Asia,non-Schengen,f,18_59
2018,2018_I,FALSE,IND,1,India,Asia,South Asia,non-Schengen,m,17
2018,2018_I,FALSE,IND,53,India,Asia,South Asia,non-Schengen,m,18_59
2018,2018_I,FALSE,IND,1,India,Asia,South Asia,non-Schengen,m,60
2018,2018_I,FALSE,IRN,4,Iran,Asia,"Middle East, North Africa, Afghanistan & Pakistan",non-Schengen,f,18_59
2018,2018_I,FALSE,IRN,12,Iran,Asia,"Middle East, North Africa, Afghanistan & Pakistan",non-Schengen,m,18_59
2018,2018_I,FALSE,IRN,1,Iran,Asia,"Middle East, North Africa, Afghanistan & Pakistan",non-Schengen,m,60
2018,2018_I,FALSE,IRQ,1,Iraq,Asia,"Middle East, North Africa, Afghanistan & Pakistan",non-Schengen,f,17
2018,2018_I,FALSE,IRQ,4,Iraq,Asia,"Middle East, North Africa, Afghanistan & Pakistan",non-Schengen,f,18_59
2018,2018_I,FALSE,IRQ,2,Iraq,Asia,"Middle East, North Africa, Afghanistan & Pakistan",non-Schengen,m,17
2018,2018_I,FALSE,IRQ,16,Iraq,Asia,"Middle East, North Africa, Afghanistan & Pakistan",non-Schengen,m,18_59
2018,2018_I,FALSE,IRQ,1,Iraq,Asia,"Middle East, North Africa, Afghanistan & Pakistan",non-Schengen,m,60
2018,2018_I,FALSE,ISR,1,Israel,Asia,"Middle East, North Africa, Afghanistan & Pakistan",non-Schengen,m,18_59
2018,2018_I,FALSE,JAM,1,Jamaica,Americas,Latin America & Caribbean,non-Schengen,m,18_59
2018,2018_I,FALSE,JOR,2,Jordan,Asia,"Middle East, North Africa, Afghanistan & Pakistan",non-Schengen,m,18_59
2018,2018_I,FALSE,KAZ,2,Kazakhstan,Asia,Europe & Central Asia,non-Schengen,f,17
2018,2018_I,FALSE,KAZ,7,Kazakhstan,Asia,Europe & Central Asia,non-Schengen,f,18_59
2018,2018_I,FALSE,KAZ,1,Kazakhstan,Asia,Europe & Central Asia,non-Schengen,m,17
2018,2018_I,FALSE,KAZ,8,Kazakhstan,Asia,Europe & Central Asia,non-Schengen,m,18_59
2018,2018_I,FALSE,KGZ,4,Kyrgyzstan,Asia,Europe & Central Asia,non-Schengen,f,17
2018,2018_I,FALSE,KGZ,8,Kyrgyzstan,Asia,Europe & Central Asia,non-Schengen,f,18_59
2018,2018_I,FALSE,KGZ,3,Kyrgyzstan,Asia,Europe & Central Asia,non-Schengen,m,17
2018,2018_I,FALSE,KGZ,7,Kyrgyzstan,Asia,Europe & Central Asia,non-Schengen,m,18_59
2018,2018_I,FALSE,KOR,3,South Korea,Asia,East Asia & Pacific,non-Schengen,m,18_59
2018,2018_I,FALSE,LBN,3,Lebanon,Asia,"Middle East, North Africa, Afghanistan & Pakistan",non-Schengen,m,18_59
2018,2018_I,FALSE,LBY,1,Libya,Africa,"Middle East, North Africa, Afghanistan & Pakistan",non-Schengen,f,18_59
2018,2018_I,FALSE,LBY,2,Libya,Africa,"Middle East, North Africa, Afghanistan & Pakistan",non-Schengen,m,18_59
2018,2018_I,FALSE,LKA,1,Sri Lanka,Asia,South Asia,non-Schengen,m,18_59
2018,2018_I,FALSE,MAR,8,Morocco,Africa,"Middle East, North Africa, Afghanistan & Pakistan",non-Schengen,m,18_59
2018,2018_I,FALSE,MDA,2,Moldova,Europe,Europe & Central Asia,non-Schengen,f,17
2018,2018_I,FALSE,MDA,13,Moldova,Europe,Europe & Central Asia,non-Schengen,f,18_59
2018,2018_I,FALSE,MDA,3,Moldova,Europe,Europe & Central Asia,non-Schengen,m,17
2018,2018_I,FALSE,MDA,30,Moldova,Europe,Europe & Central Asia,non-Schengen,m,18_59
2018,2018_I,FALSE,MDA,1,Moldova,Europe,Europe & Central Asia,non-Schengen,m,60
2018,2018_I,FALSE,MEX,1,Mexico,Americas,Latin America & Caribbean,non-Schengen,m,18_59
2018,2018_I,FALSE,MKD,1,North Macedonia,Europe,Europe & Central Asia,non-Schengen,f,18_59
2018,2018_I,FALSE,MKD,1,North Macedonia,Europe,Europe & Central Asia,non-Schengen,m,18_59
2018,2018_I,FALSE,MLI,1,Mali,Africa,Sub-Saharan Africa,non-Schengen,m,18_59
2018,2018_I,FALSE,MNG,1,Mongolia,Asia,East Asia & Pacific,non-Schengen,m,18_59
2018,2018_I,FALSE,NGA,10,Nigeria,Africa,Sub-Saharan Africa,non-Schengen,m,18_59
2018,2018_I,FALSE,NPL,20,Nepal,Asia,South Asia,non-Schengen,m,18_59
2018,2018_I,FALSE,NZL,1,New Zealand,Oceania,East Asia & Pacific,non-Schengen,m,18_59
2018,2018_I,FALSE,PAK,2,Pakistan,Asia,"Middle East, North Africa, Afghanistan & Pakistan",non-Schengen,f,18_59
2018,2018_I,FALSE,PAK,35,Pakistan,Asia,"Middle East, North Africa, Afghanistan & Pakistan",non-Schengen,m,18_59
2018,2018_I,FALSE,PAK,1,Pakistan,Asia,"Middle East, North Africa, Afghanistan & Pakistan",non-Schengen,m,60
2018,2018_I,FALSE,PHL,2,Philippines,Asia,East Asia & Pacific,non-Schengen,f,18_59
2018,2018_I,FALSE,PHL,1,Philippines,Asia,East Asia & Pacific,non-Schengen,m,18_59
2018,2018_I,FALSE,PSE,3,Palestinian Territories,Asia,"Middle East, North Africa, Afghanistan & Pakistan",non-Schengen,m,18_59
2018,2018_I,FALSE,RUS,59,Russia,Europe,Europe & Central Asia,non-Schengen,f,17
2018,2018_I,FALSE,RUS,63,Russia,Europe,Europe & Central Asia,non-Schengen,f,18_59
2018,2018_I,FALSE,RUS,5,Russia,Europe,Europe & Central Asia,non-Schengen,f,60
2018,2018_I,FALSE,RUS,45,Russia,Europe,Europe & Central Asia,non-Schengen,m,17
2018,2018_I,FALSE,RUS,102,Russia,Europe,Europe & Central Asia,non-Schengen,m,18_59
2018,2018_I,FALSE,RUS,1,Russia,Europe,Europe & Central Asia,non-Schengen,m,60
2018,2018_I,FALSE,SAU,3,Saudi Arabia,Asia,"Middle East, North Africa, Afghanistan & Pakistan",non-Schengen,f,18_59
2018,2018_I,FALSE,SAU,7,Saudi Arabia,Asia,"Middle East, North Africa, Afghanistan & Pakistan",non-Schengen,m,18_59
2018,2018_I,FALSE,SDN,2,Sudan,Africa,Sub-Saharan Africa,non-Schengen,m,18_59
2018,2018_I,FALSE,SEN,3,Senegal,Africa,Sub-Saharan Africa,non-Schengen,m,18_59
2018,2018_I,FALSE,SRB,1,Serbia,Europe,Europe & Central Asia,non-Schengen,m,18_59
2018,2018_I,FALSE,SYR,1,Syria,Asia,"Middle East, North Africa, Afghanistan & Pakistan",non-Schengen,f,18_59
2018,2018_I,FALSE,SYR,6,Syria,Asia,"Middle East, North Africa, Afghanistan & Pakistan",non-Schengen,m,18_59
2018,2018_I,FALSE,THA,3,Thailand,Asia,East Asia & Pacific,non-Schengen,m,18_59
2018,2018_I,FALSE,TJK,9,Tajikistan,Asia,Europe & Central Asia,non-Schengen,f,17
2018,2018_I,FALSE,TJK,6,Tajikistan,Asia,Europe & Central Asia,non-Schengen,f,18_59
2018,2018_I,FALSE,TJK,6,Tajikistan,Asia,Europe & Central Asia,non-Schengen,m,17
2018,2018_I,FALSE,TJK,12,Tajikistan,Asia,Europe & Central Asia,non-Schengen,m,18_59
2018,2018_I,FALSE,TUN,8,Tunisia,Africa,"Middle East, North Africa, Afghanistan & Pakistan",non-Schengen,m,18_59
2018,2018_I,FALSE,TUR,3,Turkey,Asia,Europe & Central Asia,non-Schengen,f,18_59
2018,2018_I,FALSE,TUR,25,Turkey,Asia,Europe & Central Asia,non-Schengen,m,18_59
2018,2018_I,FALSE,TWN,5,Taiwan,Asia,East Asia & Pacific,non-Schengen,f,18_59
2018,2018_I,FALSE,TWN,37,Taiwan,Asia,East Asia & Pacific,non-Schengen,m,18_59
2018,2018_I,FALSE,UKR,34,Ukraine,Europe,Europe & Central Asia,non-Schengen,f,17
2018,2018_I,FALSE,UKR,512,Ukraine,Europe,Europe & Central Asia,non-Schengen,f,18_59
2018,2018_I,FALSE,UKR,34,Ukraine,Europe,Europe & Central Asia,non-Schengen,f,60
2018,2018_I,FALSE,UKR,32,Ukraine,Europe,Europe & Central Asia,non-Schengen,m,17
2018,2018_I,FALSE,UKR,1223,Ukraine,Europe,Europe & Central Asia,non-Schengen,m,18_59
2018,2018_I,FALSE,UKR,7,Ukraine,Europe,Europe & Central Asia,non-Schengen,m,60
2018,2018_I,FALSE,UNK,1,unknown,other/unknown,other/unknown,non-Schengen,m,18_59
2018,2018_I,FALSE,USA,1,United States,Americas,North America,non-Schengen,f,18_59
2018,2018_I,FALSE,USA,5,United States,Americas,North America,non-Schengen,m,18_59
2018,2018_I,FALSE,UZB,4,Uzbekistan,Asia,Europe & Central Asia,non-Schengen,f,18_59
2018,2018_I,FALSE,UZB,19,Uzbekistan,Asia,Europe & Central Asia,non-Schengen,m,18_59
2018,2018_I,FALSE,VEN,1,Venezuela,Americas,Latin America & Caribbean,non-Schengen,m,18_59
2018,2018_I,FALSE,VNM,14,Vietnam,Asia,East Asia & Pacific,non-Schengen,f,18_59
2018,2018_I,FALSE,VNM,4,Vietnam,Asia,East Asia & Pacific,non-Schengen,f,60
2018,2018_I,FALSE,VNM,3,Vietnam,Asia,East Asia & Pacific,non-Schengen,m,17
2018,2018_I,FALSE,VNM,44,Vietnam,Asia,East Asia & Pacific,non-Schengen,m,18_59
2018,2018_I,FALSE,XXX,1,Stateless,other/unknown,other/unknown,non-Schengen,f,18_59
2018,2018_I,FALSE,XXX,4,Stateless,other/unknown,other/unknown,non-Schengen,m,18_59
2018,2018_I,FALSE,YEM,3,Yemen,Asia,"Middle East, North Africa, Afghanistan & Pakistan",non-Schengen,m,18_59
2018,2018_I,FALSE,ZAF,1,South Africa,Africa,Sub-Saharan Africa,non-Schengen,m,18_59
2018,2018_I,FALSE,ZWE,1,Zimbabwe,Africa,Sub-Saharan Africa,non-Schengen,f,18_59
2018,2018_I,FALSE,ZWE,1,Zimbabwe,Africa,Sub-Saharan Africa,non-Schengen,m,18_59
2018,2018_I,TRUE,BGD,1,Bangladesh,Asia,South Asia,non-Schengen,m,18_59
2018,2018_I,TRUE,PAK,1,Pakistan,Asia,"Middle East, North Africa, Afghanistan & Pakistan",non-Schengen,m,18_59
2018,2018_I,TRUE,SYR,2,Syria,Asia,"Middle East, North Africa, Afghanistan & Pakistan",non-Schengen,m,18_59
2018,2018_I,TRUE,TUR,1,Turkey,Asia,Europe & Central Asia,non-Schengen,m,18_59
2018,2018_I,TRUE,UKR,1,Ukraine,Europe,Europe & Central Asia,non-Schengen,f,18_59
2018,2018_I,TRUE,UKR,9,Ukraine,Europe,Europe & Central Asia,non-Schengen,m,18_59
2018,2018_II,FALSE,AFG,1,Afghanistan,Asia,"Middle East, North Africa, Afghanistan & Pakistan",non-Schengen,f,17
2018,2018_II,FALSE,AFG,1,Afghanistan,Asia,"Middle East, North Africa, Afghanistan & Pakistan",non-Schengen,f,18_59
2018,2018_II,FALSE,AFG,5,Afghanistan,Asia,"Middle East, North Africa, Afghanistan & Pakistan",non-Schengen,m,17
2018,2018_II,FALSE,AFG,5,Afghanistan,Asia,"Middle East, North Africa, Afghanistan & Pakistan",non-Schengen,m,18_59
2018,2018_II,FALSE,AGO,3,Angola,Africa,Sub-Saharan Africa,non-Schengen,m,18_59
2018,2018_II,FALSE,ALB,1,Albania,Europe,Europe & Central Asia,non-Schengen,f,18_59
2018,2018_II,FALSE,ALB,6,Albania,Europe,Europe & Central Asia,non-Schengen,m,18_59
2018,2018_II,FALSE,ARM,4,Armenia,Asia,Europe & Central Asia,non-Schengen,f,17
2018,2018_II,FALSE,ARM,6,Armenia,Asia,Europe & Central Asia,non-Schengen,f,18_59
2018,2018_II,FALSE,ARM,1,Armenia,Asia,Europe & Central Asia,non-Schengen,f,60
2018,2018_II,FALSE,ARM,3,Armenia,Asia,Europe & Central Asia,non-Schengen,m,17
2018,2018_II,FALSE,ARM,6,Armenia,Asia,Europe & Central Asia,non-Schengen,m,18_59
2018,2018_II,FALSE,AUS,2,Australia,Oceania,East Asia & Pacific,non-Schengen,m,18_59
2018,2018_II,FALSE,AZE,1,Azerbaijan,Asia,Europe & Central Asia,non-Schengen,f,18_59
2018,2018_II,FALSE,AZE,1,Azerbaijan,Asia,Europe & Central Asia,non-Schengen,m,17
2018,2018_II,FALSE,AZE,11,Azerbaijan,Asia,Europe & Central Asia,non-Schengen,m,18_59
2018,2018_II,FALSE,BGD,7,Bangladesh,Asia,South Asia,non-Schengen,m,18_59
2018,2018_II,FALSE,BIH,1,Bosnia & Herzegovina,Europe,Europe & Central Asia,non-Schengen,m,18_59
2018,2018_II,FALSE,BLR,2,Belarus,Europe,Europe & Central Asia,non-Schengen,f,17
2018,2018_II,FALSE,BLR,24,Belarus,Europe,Europe & Central Asia,non-Schengen,f,18_59
2018,2018_II,FALSE,BLR,1,Belarus,Europe,Europe & Central Asia,non-Schengen,f,60
2018,2018_II,FALSE,BLR,68,Belarus,Europe,Europe & Central Asia,non-Schengen,m,18_59
2018,2018_II,FALSE,BLR,1,Belarus,Europe,Europe & Central Asia,non-Schengen,m,60
2018,2018_II,FALSE,BRA,9,Brazil,Americas,Latin America & Caribbean,non-Schengen,m,18_59
2018,2018_II,FALSE,CAN,3,Canada,Americas,North America,non-Schengen,f,18_59
2018,2018_II,FALSE,CAN,1,Canada,Americas,North America,non-Schengen,m,18_59
2018,2018_II,FALSE,CAN,1,Canada,Americas,North America,non-Schengen,m,60
2018,2018_II,FALSE,CHN,11,China,Asia,East Asia & Pacific,non-Schengen,f,18_59
2018,2018_II,FALSE,CHN,19,China,Asia,East Asia & Pacific,non-Schengen,m,18_59
2018,2018_II,FALSE,CHN,1,China,Asia,East Asia & Pacific,non-Schengen,m,60
2018,2018_II,FALSE,CIV,1,Côte d’Ivoire,Africa,Sub-Saharan Africa,non-Schengen,m,18_59
2018,2018_II,FALSE,CMR,2,Cameroon,Africa,Sub-Saharan Africa,non-Schengen,m,18_59
2018,2018_II,FALSE,COG,2,Congo - Brazzaville,Africa,Sub-Saharan Africa,non-Schengen,f,18_59
2018,2018_II,FALSE,COG,1,Congo - Brazzaville,Africa,Sub-Saharan Africa,non-Schengen,m,18_59
2018,2018_II,FALSE,COL,5,Colombia,Americas,Latin America & Caribbean,non-Schengen,m,18_59
2018,2018_II,FALSE,CRI,1,Costa Rica,Americas,Latin America & Caribbean,non-Schengen,f,18_59
2018,2018_II,FALSE,DZA,1,Algeria,Africa,"Middle East, North Africa, Afghanistan & Pakistan",non-Schengen,f,18_59
2018,2018_II,FALSE,DZA,18,Algeria,Africa,"Middle East, North Africa, Afghanistan & Pakistan",non-Schengen,m,18_59
2018,2018_II,FALSE,ECU,1,Ecuador,Americas,Latin America & Caribbean,non-Schengen,m,18_59
2018,2018_II,FALSE,EGY,13,Egypt,Africa,"Middle East, North Africa, Afghanistan & Pakistan",non-Schengen,m,18_59
2018,2018_II,FALSE,ETH,1,Ethiopia,Africa,Sub-Saharan Africa,non-Schengen,f,18_59
2018,2018_II,FALSE,ETH,2,Ethiopia,Africa,Sub-Saharan Africa,non-Schengen,m,18_59
2018,2018_II,FALSE,GEO,13,Georgia,Asia,Europe & Central Asia,non-Schengen,f,18_59
2018,2018_II,FALSE,GEO,205,Georgia,Asia,Europe & Central Asia,non-Schengen,m,18_59
2018,2018_II,FALSE,GEO,1,Georgia,Asia,Europe & Central Asia,non-Schengen,m,60
2018,2018_II,FALSE,GHA,2,Ghana,Africa,Sub-Saharan Africa,non-Schengen,m,18_59
2018,2018_II,FALSE,GMB,1,Gambia,Africa,Sub-Saharan Africa,non-Schengen,m,18_59
2018,2018_II,FALSE,HKG,1,Hong Kong SAR China,Asia,East Asia & Pacific,non-Schengen,m,18_59
2018,2018_II,FALSE,HND,1,Honduras,Americas,Latin America & Caribbean,non-Schengen,m,18_59
2018,2018_II,FALSE,IDN,2,Indonesia,Asia,East Asia & Pacific,non-Schengen,f,18_59
2018,2018_II,FALSE,IDN,1,Indonesia,Asia,East Asia & Pacific,non-Schengen,m,18_59
2018,2018_II,FALSE,IND,5,India,Asia,South Asia,non-Schengen,f,18_59
2018,2018_II,FALSE,IND,51,India,Asia,South Asia,non-Schengen,m,18_59
2018,2018_II,FALSE,IND,1,India,Asia,South Asia,non-Schengen,m,60
2018,2018_II,FALSE,IRN,7,Iran,Asia,"Middle East, North Africa, Afghanistan & Pakistan",non-Schengen,m,18_59
2018,2018_II,FALSE,IRQ,7,Iraq,Asia,"Middle East, North Africa, Afghanistan & Pakistan",non-Schengen,m,18_59
2018,2018_II,FALSE,ISR,1,Israel,Asia,"Middle East, North Africa, Afghanistan & Pakistan",non-Schengen,m,18_59
2018,2018_II,FALSE,JOR,2,Jordan,Asia,"Middle East, North Africa, Afghanistan & Pakistan",non-Schengen,m,18_59
2018,2018_II,FALSE,KAZ,4,Kazakhstan,Asia,Europe & Central Asia,non-Schengen,f,17
2018,2018_II,FALSE,KAZ,8,Kazakhstan,Asia,Europe & Central Asia,non-Schengen,f,18_59
2018,2018_II,FALSE,KAZ,1,Kazakhstan,Asia,Europe & Central Asia,non-Schengen,f,60
2018,2018_II,FALSE,KAZ,6,Kazakhstan,Asia,Europe & Central Asia,non-Schengen,m,17
2018,2018_II,FALSE,KAZ,9,Kazakhstan,Asia,Europe & Central Asia,non-Schengen,m,18_59
2018,2018_II,FALSE,KEN,2,Kenya,Africa,Sub-Saharan Africa,non-Schengen,m,18_59
2018,2018_II,FALSE,KGZ,1,Kyrgyzstan,Asia,Europe & Central Asia,non-Schengen,f,17
2018,2018_II,FALSE,KGZ,1,Kyrgyzstan,Asia,Europe & Central Asia,non-Schengen,f,18_59
2018,2018_II,FALSE,KGZ,1,Kyrgyzstan,Asia,Europe & Central Asia,non-Schengen,m,17
2018,2018_II,FALSE,KGZ,5,Kyrgyzstan,Asia,Europe & Central Asia,non-Schengen,m,18_59
2018,2018_II,FALSE,KOSOVO,1,KOSOVO,Europe,Europe & Central Asia,non-Schengen,m,18_59
2018,2018_II,FALSE,LBY,3,Libya,Africa,"Middle East, North Africa, Afghanistan & Pakistan",non-Schengen,f,17
2018,2018_II,FALSE,LBY,1,Libya,Africa,"Middle East, North Africa, Afghanistan & Pakistan",non-Schengen,f,18_59
2018,2018_II,FALSE,LBY,3,Libya,Africa,"Middle East, North Africa, Afghanistan & Pakistan",non-Schengen,m,17
2018,2018_II,FALSE,LBY,1,Libya,Africa,"Middle East, North Africa, Afghanistan & Pakistan",non-Schengen,m,18_59
2018,2018_II,FALSE,LBY,2,Libya,Africa,"Middle East, North Africa, Afghanistan & Pakistan",non-Schengen,m,60
2018,2018_II,FALSE,LKA,2,Sri Lanka,Asia,South Asia,non-Schengen,m,18_59
2018,2018_II,FALSE,MAR,6,Morocco,Africa,"Middle East, North Africa, Afghanistan & Pakistan",non-Schengen,m,18_59
2018,2018_II,FALSE,MDA,2,Moldova,Europe,Europe & Central Asia,non-Schengen,f,17
2018,2018_II,FALSE,MDA,10,Moldova,Europe,Europe & Central Asia,non-Schengen,f,18_59
2018,2018_II,FALSE,MDA,1,Moldova,Europe,Europe & Central Asia,non-Schengen,m,17
2018,2018_II,FALSE,MDA,73,Moldova,Europe,Europe & Central Asia,non-Schengen,m,18_59
2018,2018_II,FALSE,MNG,1,Mongolia,Asia,East Asia & Pacific,non-Schengen,f,18_59
2018,2018_II,FALSE,MNG,2,Mongolia,Asia,East Asia & Pacific,non-Schengen,m,18_59
2018,2018_II,FALSE,MOZ,1,Mozambique,Africa,Sub-Saharan Africa,non-Schengen,m,18_59
2018,2018_II,FALSE,MYS,1,Malaysia,Asia,East Asia & Pacific,non-Schengen,f,18_59
2018,2018_II,FALSE,MYS,1,Malaysia,Asia,East Asia & Pacific,non-Schengen,m,18_59
2018,2018_II,FALSE,NGA,1,Nigeria,Africa,Sub-Saharan Africa,non-Schengen,f,17
2018,2018_II,FALSE,NGA,2,Nigeria,Africa,Sub-Saharan Africa,non-Schengen,f,18_59
2018,2018_II,FALSE,NGA,6,Nigeria,Africa,Sub-Saharan Africa,non-Schengen,m,18_59
2018,2018_II,FALSE,NPL,2,Nepal,Asia,South Asia,non-Schengen,f,18_59
2018,2018_II,FALSE,NPL,9,Nepal,Asia,South Asia,non-Schengen,m,18_59
2018,2018_II,FALSE,PAK,2,Pakistan,Asia,"Middle East, North Africa, Afghanistan & Pakistan",non-Schengen,f,18_59
2018,2018_II,FALSE,PAK,26,Pakistan,Asia,"Middle East, North Africa, Afghanistan & Pakistan",non-Schengen,m,18_59
2018,2018_II,FALSE,PER,1,Peru,Americas,Latin America & Caribbean,non-Schengen,m,18_59
2018,2018_II,FALSE,PHL,2,Philippines,Asia,East Asia & Pacific,non-Schengen,f,18_59
2018,2018_II,FALSE,PHL,1,Philippines,Asia,East Asia & Pacific,non-Schengen,m,18_59
2018,2018_II,FALSE,KOR,1,South Korea,Asia,East Asia & Pacific,non-Schengen,f,18_59
2018,2018_II,FALSE,KOR,3,South Korea,Asia,East Asia & Pacific,non-Schengen,m,18_59
2018,2018_II,FALSE,PSE,2,Palestinian Territories,Asia,"Middle East, North Africa, Afghanistan & Pakistan",non-Schengen,m,18_59
2018,2018_II,FALSE,RUS,55,Russia,Europe,Europe & Central Asia,non-Schengen,f,17
2018,2018_II,FALSE,RUS,51,Russia,Europe,Europe & Central Asia,non-Schengen,f,18_59
2018,2018_II,FALSE,RUS,3,Russia,Europe,Europe & Central Asia,non-Schengen,f,60
2018,2018_II,FALSE,RUS,36,Russia,Europe,Europe & Central Asia,non-Schengen,m,17
2018,2018_II,FALSE,RUS,79,Russia,Europe,Europe & Central Asia,non-Schengen,m,18_59
2018,2018_II,FALSE,RUS,1,Russia,Europe,Europe & Central Asia,non-Schengen,m,60
2018,2018_II,FALSE,RWA,1,Rwanda,Africa,Sub-Saharan Africa,non-Schengen,f,18_59
2018,2018_II,FALSE,RWA,1,Rwanda,Africa,Sub-Saharan Africa,non-Schengen,m,18_59
2018,2018_II,FALSE,SAU,6,Saudi Arabia,Asia,"Middle East, North Africa, Afghanistan & Pakistan",non-Schengen,m,18_59
2018,2018_II,FALSE,SDN,2,Sudan,Africa,Sub-Saharan Africa,non-Schengen,m,18_59
2018,2018_II,FALSE,SLV,1,El Salvador,Americas,Latin America & Caribbean,non-Schengen,m,18_59
2018,2018_II,FALSE,SOM,1,Somalia,Africa,Sub-Saharan Africa,non-Schengen,m,18_59
2018,2018_II,FALSE,SRB,3,Serbia,Europe,Europe & Central Asia,non-Schengen,m,18_59
2018,2018_II,FALSE,SYR,1,Syria,Asia,"Middle East, North Africa, Afghanistan & Pakistan",non-Schengen,f,18_59
2018,2018_II,FALSE,SYR,8,Syria,Asia,"Middle East, North Africa, Afghanistan & Pakistan",non-Schengen,m,18_59
2018,2018_II,FALSE,THA,1,Thailand,Asia,East Asia & Pacific,non-Schengen,f,18_59
2018,2018_II,FALSE,THA,1,Thailand,Asia,East Asia & Pacific,non-Schengen,m,18_59
2018,2018_II,FALSE,TJK,4,Tajikistan,Asia,Europe & Central Asia,non-Schengen,f,17
2018,2018_II,FALSE,TJK,2,Tajikistan,Asia,Europe & Central Asia,non-Schengen,f,18_59
2018,2018_II,FALSE,TJK,4,Tajikistan,Asia,Europe & Central Asia,non-Schengen,m,17
2018,2018_II,FALSE,TJK,16,Tajikistan,Asia,Europe & Central Asia,non-Schengen,m,18_59
2018,2018_II,FALSE,TJK,1,Tajikistan,Asia,Europe & Central Asia,non-Schengen,m,60
2018,2018_II,FALSE,TUN,2,Tunisia,Africa,"Middle East, North Africa, Afghanistan & Pakistan",non-Schengen,f,18_59
2018,2018_II,FALSE,TUN,5,Tunisia,Africa,"Middle East, North Africa, Afghanistan & Pakistan",non-Schengen,m,18_59
2018,2018_II,FALSE,TUR,6,Turkey,Asia,Europe & Central Asia,non-Schengen,f,18_59
2018,2018_II,FALSE,TUR,1,Turkey,Asia,Europe & Central Asia,non-Schengen,m,17
2018,2018_II,FALSE,TUR,34,Turkey,Asia,Europe & Central Asia,non-Schengen,m,18_59
2018,2018_II,FALSE,TWN,1,Taiwan,Asia,East Asia & Pacific,non-Schengen,m,18_59
2018,2018_II,FALSE,UKR,25,Ukraine,Europe,Europe & Central Asia,non-Schengen,f,17
2018,2018_II,FALSE,UKR,478,Ukraine,Europe,Europe & Central Asia,non-Schengen,f,18_59
2018,2018_II,FALSE,UKR,47,Ukraine,Europe,Europe & Central Asia,non-Schengen,f,60
2018,2018_II,FALSE,UKR,20,Ukraine,Europe,Europe & Central Asia,non-Schengen,m,17
2018,2018_II,FALSE,UKR,1218,Ukraine,Europe,Europe & Central Asia,non-Schengen,m,18_59
2018,2018_II,FALSE,UKR,6,Ukraine,Europe,Europe & Central Asia,non-Schengen,m,60
2018,2018_II,FALSE,UNK,1,unknown,other/unknown,other/unknown,non-Schengen,f,17
2018,2018_II,FALSE,UNK,3,unknown,other/unknown,other/unknown,non-Schengen,m,18_59
2018,2018_II,FALSE,URY,1,Uruguay,Americas,Latin America & Caribbean,non-Schengen,m,18_59
2018,2018_II,FALSE,USA,2,United States,Americas,North America,non-Schengen,f,18_59
2018,2018_II,FALSE,USA,3,United States,Americas,North America,non-Schengen,m,18_59
2018,2018_II,FALSE,UZB,3,Uzbekistan,Asia,Europe & Central Asia,non-Schengen,f,18_59
2018,2018_II,FALSE,UZB,24,Uzbekistan,Asia,Europe & Central Asia,non-Schengen,m,18_59
2018,2018_II,FALSE,VEN,2,Venezuela,Americas,Latin America & Caribbean,non-Schengen,m,17
2018,2018_II,FALSE,VEN,1,Venezuela,Americas,Latin America & Caribbean,non-Schengen,m,18_59
2018,2018_II,FALSE,VNM,1,Vietnam,Asia,East Asia & Pacific,non-Schengen,f,17
2018,2018_II,FALSE,VNM,6,Vietnam,Asia,East Asia & Pacific,non-Schengen,f,18_59
2018,2018_II,FALSE,VNM,3,Vietnam,Asia,East Asia & Pacific,non-Schengen,m,17
2018,2018_II,FALSE,VNM,41,Vietnam,Asia,East Asia & Pacific,non-Schengen,m,18_59
2018,2018_II,FALSE,VNM,1,Vietnam,Asia,East Asia & Pacific,non-Schengen,m,60
2018,2018_II,FALSE,XXX,1,Stateless,other/unknown,other/unknown,non-Schengen,f,18_59
2018,2018_II,FALSE,XXX,4,Stateless,other/unknown,other/unknown,non-Schengen,m,18_59
2018,2018_II,FALSE,XXX,1,Stateless,other/unknown,other/unknown,non-Schengen,m,60
2018,2018_II,FALSE,ZAF,2,South Africa,Africa,Sub-Saharan Africa,non-Schengen,f,18_59
2018,2018_II,FALSE,ZAF,1,South Africa,Africa,Sub-Saharan Africa,non-Schengen,m,18_59
2018,2018_II,FALSE,ZWE,5,Zimbabwe,Africa,Sub-Saharan Africa,non-Schengen,m,18_59
2018,2018_II,TRUE,AZE,1,Azerbaijan,Asia,Europe & Central Asia,non-Schengen,m,18_59
2018,2018_II,TRUE,BGD,1,Bangladesh,Asia,South Asia,non-Schengen,m,18_59
2018,2018_II,TRUE,BLR,2,Belarus,Europe,Europe & Central Asia,non-Schengen,m,18_59
2018,2018_II,TRUE,GEO,2,Georgia,Asia,Europe & Central Asia,non-Schengen,m,18_59
2018,2018_II,TRUE,IND,2,India,Asia,South Asia,non-Schengen,m,18_59
2018,2018_II,TRUE,IRQ,1,Iraq,Asia,"Middle East, North Africa, Afghanistan & Pakistan",non-Schengen,m,18_59
2018,2018_II,TRUE,MDA,1,Moldova,Europe,Europe & Central Asia,non-Schengen,m,18_59
2018,2018_II,TRUE,PAK,1,Pakistan,Asia,"Middle East, North Africa, Afghanistan & Pakistan",non-Schengen,m,18_59
2018,2018_II,TRUE,RUS,2,Russia,Europe,Europe & Central Asia,non-Schengen,f,17
2018,2018_II,TRUE,RUS,2,Russia,Europe,Europe & Central Asia,non-Schengen,f,18_59
2018,2018_II,TRUE,RUS,1,Russia,Europe,Europe & Central Asia,non-Schengen,m,18_59
2018,2018_II,TRUE,SAU,1,Saudi Arabia,Asia,"Middle East, North Africa, Afghanistan & Pakistan",non-Schengen,f,18_59
2018,2018_II,TRUE,UKR,1,Ukraine,Europe,Europe & Central Asia,non-Schengen,f,18_59
2018,2018_II,TRUE,UKR,14,Ukraine,Europe,Europe & Central Asia,non-Schengen,m,18_59
2019,2019_I,FALSE,AFG,2,Afghanistan,Asia,"Middle East, North Africa, Afghanistan & Pakistan",non-Schengen,m,17
2019,2019_I,FALSE,AFG,4,Afghanistan,Asia,"Middle East, North Africa, Afghanistan & Pakistan",non-Schengen,m,18_59
2019,2019_I,FALSE,AGO,1,Angola,Africa,Sub-Saharan Africa,non-Schengen,m,18_59
2019,2019_I,FALSE,ALB,3,Albania,Europe,Europe & Central Asia,non-Schengen,m,18_59
2019,2019_I,FALSE,ARE,1,United Arab Emirates,Asia,"Middle East, North Africa, Afghanistan & Pakistan",non-Schengen,m,18_59
2019,2019_I,FALSE,ARG,1,Argentina,Americas,Latin America & Caribbean,non-Schengen,m,18_59
2019,2019_I,FALSE,ARM,2,Armenia,Asia,Europe & Central Asia,non-Schengen,f,17
2019,2019_I,FALSE,ARM,4,Armenia,Asia,Europe & Central Asia,non-Schengen,f,18_59
2019,2019_I,FALSE,ARM,2,Armenia,Asia,Europe & Central Asia,non-Schengen,m,17
2019,2019_I,FALSE,ARM,12,Armenia,Asia,Europe & Central Asia,non-Schengen,m,18_59
2019,2019_I,FALSE,AUS,3,Australia,Oceania,East Asia & Pacific,non-Schengen,m,18_59
2019,2019_I,FALSE,AZE,1,Azerbaijan,Asia,Europe & Central Asia,non-Schengen,f,18_59
2019,2019_I,FALSE,AZE,10,Azerbaijan,Asia,Europe & Central Asia,non-Schengen,m,18_59
2019,2019_I,FALSE,BEN,1,Benin,Africa,Sub-Saharan Africa,non-Schengen,m,18_59
2019,2019_I,FALSE,BGD,13,Bangladesh,Asia,South Asia,non-Schengen,m,18_59
2019,2019_I,FALSE,BHR,1,Bahrain,Asia,"Middle East, North Africa, Afghanistan & Pakistan",non-Schengen,m,18_59
2019,2019_I,FALSE,BIH,1,Bosnia & Herzegovina,Europe,Europe & Central Asia,non-Schengen,m,18_59
2019,2019_I,FALSE,BLR,26,Belarus,Europe,Europe & Central Asia,non-Schengen,f,18_59
2019,2019_I,FALSE,BLR,9,Belarus,Europe,Europe & Central Asia,non-Schengen,f,60
2019,2019_I,FALSE,BLR,68,Belarus,Europe,Europe & Central Asia,non-Schengen,m,18_59
2019,2019_I,FALSE,BLR,2,Belarus,Europe,Europe & Central Asia,non-Schengen,m,60
2019,2019_I,FALSE,BRA,3,Brazil,Americas,Latin America & Caribbean,non-Schengen,f,18_59
2019,2019_I,FALSE,BRA,10,Brazil,Americas,Latin America & Caribbean,non-Schengen,m,18_59
2019,2019_I,FALSE,CAN,1,Canada,Americas,North America,non-Schengen,f,18_59
2019,2019_I,FALSE,CHL,1,Chile,Americas,Latin America & Caribbean,non-Schengen,f,18_59
2019,2019_I,FALSE,CHL,1,Chile,Americas,Latin America & Caribbean,non-Schengen,m,18_59
2019,2019_I,FALSE,CHN,11,China,Asia,East Asia & Pacific,non-Schengen,f,18_59
2019,2019_I,FALSE,CHN,1,China,Asia,East Asia & Pacific,non-Schengen,m,17
2019,2019_I,FALSE,CHN,19,China,Asia,East Asia & Pacific,non-Schengen,m,18_59
2019,2019_I,FALSE,CIV,1,Côte d’Ivoire,Africa,Sub-Saharan Africa,non-Schengen,m,18_59
2019,2019_I,FALSE,CMR,2,Cameroon,Africa,Sub-Saharan Africa,non-Schengen,m,18_59
2019,2019_I,FALSE,COD,1,Congo - Kinshasa,Africa,Sub-Saharan Africa,non-Schengen,m,17
2019,2019_I,FALSE,COD,1,Congo - Kinshasa,Africa,Sub-Saharan Africa,non-Schengen,m,18_59
2019,2019_I,FALSE,COG,1,Congo - Brazzaville,Africa,Sub-Saharan Africa,non-Schengen,f,18_59
2019,2019_I,FALSE,COG,2,Congo - Brazzaville,Africa,Sub-Saharan Africa,non-Schengen,m,18_59
2019,2019_I,FALSE,COL,4,Colombia,Americas,Latin America & Caribbean,non-Schengen,m,18_59
2019,2019_I,FALSE,DZA,1,Algeria,Africa,"Middle East, North Africa, Afghanistan & Pakistan",non-Schengen,f,18_59
2019,2019_I,FALSE,DZA,12,Algeria,Africa,"Middle East, North Africa, Afghanistan & Pakistan",non-Schengen,m,18_59
2019,2019_I,FALSE,ECU,1,Ecuador,Americas,Latin America & Caribbean,non-Schengen,f,18_59
2019,2019_I,FALSE,EGY,1,Egypt,Africa,"Middle East, North Africa, Afghanistan & Pakistan",non-Schengen,f,18_59
2019,2019_I,FALSE,EGY,10,Egypt,Africa,"Middle East, North Africa, Afghanistan & Pakistan",non-Schengen,m,18_59
2019,2019_I,FALSE,ETH,2,Ethiopia,Africa,Sub-Saharan Africa,non-Schengen,f,18_59
2019,2019_I,FALSE,ETH,3,Ethiopia,Africa,Sub-Saharan Africa,non-Schengen,m,18_59
2019,2019_I,FALSE,GEO,23,Georgia,Asia,Europe & Central Asia,non-Schengen,f,18_59
2019,2019_I,FALSE,GEO,325,Georgia,Asia,Europe & Central Asia,non-Schengen,m,18_59
2019,2019_I,FALSE,GEO,1,Georgia,Asia,Europe & Central Asia,non-Schengen,m,60
2019,2019_I,FALSE,GIN,2,Guinea,Africa,Sub-Saharan Africa,non-Schengen,m,18_59
2019,2019_I,FALSE,GMB,1,Gambia,Africa,Sub-Saharan Africa,non-Schengen,m,18_59
2019,2019_I,FALSE,GNB,1,Guinea-Bissau,Africa,Sub-Saharan Africa,non-Schengen,m,18_59
2019,2019_I,FALSE,IDN,1,Indonesia,Asia,East Asia & Pacific,non-Schengen,m,18_59
2019,2019_I,FALSE,IND,6,India,Asia,South Asia,non-Schengen,f,18_59
2019,2019_I,FALSE,IND,85,India,Asia,South Asia,non-Schengen,m,18_59
2019,2019_I,FALSE,IRN,4,Iran,Asia,"Middle East, North Africa, Afghanistan & Pakistan",non-Schengen,m,18_59
2019,2019_I,FALSE,IRN,1,Iran,Asia,"Middle East, North Africa, Afghanistan & Pakistan",non-Schengen,m,60
2019,2019_I,FALSE,IRQ,1,Iraq,Asia,"Middle East, North Africa, Afghanistan & Pakistan",non-Schengen,f,18_59
2019,2019_I,FALSE,IRQ,6,Iraq,Asia,"Middle East, North Africa, Afghanistan & Pakistan",non-Schengen,m,18_59
2019,2019_I,FALSE,ISR,1,Israel,Asia,"Middle East, North Africa, Afghanistan & Pakistan",non-Schengen,f,18_59
2019,2019_I,FALSE,ISR,3,Israel,Asia,"Middle East, North Africa, Afghanistan & Pakistan",non-Schengen,m,18_59
2019,2019_I,FALSE,JOR,1,Jordan,Asia,"Middle East, North Africa, Afghanistan & Pakistan",non-Schengen,f,18_59
2019,2019_I,FALSE,JOR,5,Jordan,Asia,"Middle East, North Africa, Afghanistan & Pakistan",non-Schengen,m,18_59
2019,2019_I,FALSE,KAZ,1,Kazakhstan,Asia,Europe & Central Asia,non-Schengen,f,17
2019,2019_I,FALSE,KAZ,2,Kazakhstan,Asia,Europe & Central Asia,non-Schengen,f,18_59
2019,2019_I,FALSE,KAZ,1,Kazakhstan,Asia,Europe & Central Asia,non-Schengen,f,60
2019,2019_I,FALSE,KAZ,1,Kazakhstan,Asia,Europe & Central Asia,non-Schengen,m,17
2019,2019_I,FALSE,KAZ,11,Kazakhstan,Asia,Europe & Central Asia,non-Schengen,m,18_59
2019,2019_I,FALSE,KEN,1,Kenya,Africa,Sub-Saharan Africa,non-Schengen,m,18_59
2019,2019_I,FALSE,KGZ,1,Kyrgyzstan,Asia,Europe & Central Asia,non-Schengen,f,18_59
2019,2019_I,FALSE,KGZ,10,Kyrgyzstan,Asia,Europe & Central Asia,non-Schengen,m,18_59
2019,2019_I,FALSE,KOR,2,South Korea,Asia,East Asia & Pacific,non-Schengen,m,18_59
2019,2019_I,FALSE,KOSOVO,1,KOSOVO,Europe,Europe & Central Asia,non-Schengen,m,18_59
2019,2019_I,FALSE,LBN,4,Lebanon,Asia,"Middle East, North Africa, Afghanistan & Pakistan",non-Schengen,m,18_59
2019,2019_I,FALSE,LBY,3,Libya,Africa,"Middle East, North Africa, Afghanistan & Pakistan",non-Schengen,m,18_59
2019,2019_I,FALSE,LKA,2,Sri Lanka,Asia,South Asia,non-Schengen,f,18_59
2019,2019_I,FALSE,LKA,3,Sri Lanka,Asia,South Asia,non-Schengen,m,18_59
2019,2019_I,FALSE,MAR,7,Morocco,Africa,"Middle East, North Africa, Afghanistan & Pakistan",non-Schengen,m,18_59
2019,2019_I,FALSE,MDA,3,Moldova,Europe,Europe & Central Asia,non-Schengen,f,17
2019,2019_I,FALSE,MDA,19,Moldova,Europe,Europe & Central Asia,non-Schengen,f,18_59
2019,2019_I,FALSE,MDA,2,Moldova,Europe,Europe & Central Asia,non-Schengen,m,17
2019,2019_I,FALSE,MDA,56,Moldova,Europe,Europe & Central Asia,non-Schengen,m,18_59
2019,2019_I,FALSE,MEX,2,Mexico,Americas,Latin America & Caribbean,non-Schengen,m,18_59
2019,2019_I,FALSE,MKD,1,North Macedonia,Europe,Europe & Central Asia,non-Schengen,m,18_59
2019,2019_I,FALSE,MNG,1,Mongolia,Asia,East Asia & Pacific,non-Schengen,f,17
2019,2019_I,FALSE,MNG,4,Mongolia,Asia,East Asia & Pacific,non-Schengen,f,18_59
2019,2019_I,FALSE,MNG,2,Mongolia,Asia,East Asia & Pacific,non-Schengen,m,18_59
2019,2019_I,FALSE,MOZ,1,Mozambique,Africa,Sub-Saharan Africa,non-Schengen,m,18_59
2019,2019_I,FALSE,MYS,1,Malaysia,Asia,East Asia & Pacific,non-Schengen,f,18_59
2019,2019_I,FALSE,MYS,1,Malaysia,Asia,East Asia & Pacific,non-Schengen,m,18_59
2019,2019_I,FALSE,NER,1,Niger,Africa,Sub-Saharan Africa,non-Schengen,f,18_59
2019,2019_I,FALSE,NGA,3,Nigeria,Africa,Sub-Saharan Africa,non-Schengen,f,18_59
2019,2019_I,FALSE,NGA,9,Nigeria,Africa,Sub-Saharan Africa,non-Schengen,m,18_59
2019,2019_I,FALSE,NPL,15,Nepal,Asia,South Asia,non-Schengen,m,18_59
2019,2019_I,FALSE,PAK,2,Pakistan,Asia,"Middle East, North Africa, Afghanistan & Pakistan",non-Schengen,f,18_59
2019,2019_I,FALSE,PAK,18,Pakistan,Asia,"Middle East, North Africa, Afghanistan & Pakistan",non-Schengen,m,18_59
2019,2019_I,FALSE,PER,1,Peru,Americas,Latin America & Caribbean,non-Schengen,f,18_59
2019,2019_I,FALSE,PHL,1,Philippines,Asia,East Asia & Pacific,non-Schengen,f,18_59
2019,2019_I,FALSE,PHL,9,Philippines,Asia,East Asia & Pacific,non-Schengen,m,18_59
2019,2019_I,FALSE,KOR,18,South Korea,Asia,East Asia & Pacific,non-Schengen,m,18_59
2019,2019_I,FALSE,PRY,1,Paraguay,Americas,Latin America & Caribbean,non-Schengen,f,17
2019,2019_I,FALSE,RUS,60,Russia,Europe,Europe & Central Asia,non-Schengen,f,17
2019,2019_I,FALSE,RUS,54,Russia,Europe,Europe & Central Asia,non-Schengen,f,18_59
2019,2019_I,FALSE,RUS,3,Russia,Europe,Europe & Central Asia,non-Schengen,f,60
2019,2019_I,FALSE,RUS,71,Russia,Europe,Europe & Central Asia,non-Schengen,m,17
2019,2019_I,FALSE,RUS,88,Russia,Europe,Europe & Central Asia,non-Schengen,m,18_59
2019,2019_I,FALSE,RUS,3,Russia,Europe,Europe & Central Asia,non-Schengen,m,60
2019,2019_I,FALSE,RWA,5,Rwanda,Africa,Sub-Saharan Africa,non-Schengen,m,18_59
2019,2019_I,FALSE,SAU,1,Saudi Arabia,Asia,"Middle East, North Africa, Afghanistan & Pakistan",non-Schengen,f,17
2019,2019_I,FALSE,SAU,10,Saudi Arabia,Asia,"Middle East, North Africa, Afghanistan & Pakistan",non-Schengen,m,18_59
2019,2019_I,FALSE,SDN,1,Sudan,Africa,Sub-Saharan Africa,non-Schengen,m,18_59
2019,2019_I,FALSE,SEN,1,Senegal,Africa,Sub-Saharan Africa,non-Schengen,m,18_59
2019,2019_I,FALSE,SOM,1,Somalia,Africa,Sub-Saharan Africa,non-Schengen,m,18_59
2019,2019_I,FALSE,SRB,3,Serbia,Europe,Europe & Central Asia,non-Schengen,m,18_59
2019,2019_I,FALSE,SYR,1,Syria,Asia,"Middle East, North Africa, Afghanistan & Pakistan",non-Schengen,f,60
2019,2019_I,FALSE,SYR,4,Syria,Asia,"Middle East, North Africa, Afghanistan & Pakistan",non-Schengen,m,18_59
2019,2019_I,FALSE,THA,5,Thailand,Asia,East Asia & Pacific,non-Schengen,f,18_59
2019,2019_I,FALSE,THA,1,Thailand,Asia,East Asia & Pacific,non-Schengen,m,18_59
2019,2019_I,FALSE,TJK,3,Tajikistan,Asia,Europe & Central Asia,non-Schengen,f,17
2019,2019_I,FALSE,TJK,1,Tajikistan,Asia,Europe & Central Asia,non-Schengen,f,18_59
2019,2019_I,FALSE,TJK,2,Tajikistan,Asia,Europe & Central Asia,non-Schengen,m,17
2019,2019_I,FALSE,TJK,13,Tajikistan,Asia,Europe & Central Asia,non-Schengen,m,18_59
2019,2019_I,FALSE,TKM,1,Turkmenistan,Asia,Europe & Central Asia,non-Schengen,m,18_59
2019,2019_I,FALSE,TUN,1,Tunisia,Africa,"Middle East, North Africa, Afghanistan & Pakistan",non-Schengen,f,18_59
2019,2019_I,FALSE,TUN,7,Tunisia,Africa,"Middle East, North Africa, Afghanistan & Pakistan",non-Schengen,m,18_59
2019,2019_I,FALSE,TUR,2,Turkey,Asia,Europe & Central Asia,non-Schengen,f,18_59
2019,2019_I,FALSE,TUR,1,Turkey,Asia,Europe & Central Asia,non-Schengen,m,17
2019,2019_I,FALSE,TUR,28,Turkey,Asia,Europe & Central Asia,non-Schengen,m,18_59
2019,2019_I,FALSE,UKR,20,Ukraine,Europe,Europe & Central Asia,non-Schengen,f,17
2019,2019_I,FALSE,UKR,486,Ukraine,Europe,Europe & Central Asia,non-Schengen,f,18_59
2019,2019_I,FALSE,UKR,53,Ukraine,Europe,Europe & Central Asia,non-Schengen,f,60
2019,2019_I,FALSE,UKR,35,Ukraine,Europe,Europe & Central Asia,non-Schengen,m,17
2019,2019_I,FALSE,UKR,1362,Ukraine,Europe,Europe & Central Asia,non-Schengen,m,18_59
2019,2019_I,FALSE,UKR,10,Ukraine,Europe,Europe & Central Asia,non-Schengen,m,60
2019,2019_I,FALSE,USA,2,United States,Americas,North America,non-Schengen,f,18_59
2019,2019_I,FALSE,USA,4,United States,Americas,North America,non-Schengen,m,18_59
2019,2019_I,FALSE,UZB,1,Uzbekistan,Asia,Europe & Central Asia,non-Schengen,f,17
2019,2019_I,FALSE,UZB,5,Uzbekistan,Asia,Europe & Central Asia,non-Schengen,f,18_59
2019,2019_I,FALSE,UZB,28,Uzbekistan,Asia,Europe & Central Asia,non-Schengen,m,18_59
2019,2019_I,FALSE,VCT,1,St. Vincent & Grenadines,Americas,Latin America & Caribbean,non-Schengen,m,18_59
2019,2019_I,FALSE,VEN,2,Venezuela,Americas,Latin America & Caribbean,non-Schengen,f,18_59
2019,2019_I,FALSE,VEN,1,Venezuela,Americas,Latin America & Caribbean,non-Schengen,m,18_59
2019,2019_I,FALSE,VNM,3,Vietnam,Asia,East Asia & Pacific,non-Schengen,f,17
2019,2019_I,FALSE,VNM,14,Vietnam,Asia,East Asia & Pacific,non-Schengen,f,18_59
2019,2019_I,FALSE,VNM,3,Vietnam,Asia,East Asia & Pacific,non-Schengen,m,17
2019,2019_I,FALSE,VNM,54,Vietnam,Asia,East Asia & Pacific,non-Schengen,m,18_59
2019,2019_I,FALSE,VNM,1,Vietnam,Asia,East Asia & Pacific,non-Schengen,m,60
2019,2019_I,FALSE,XXX,2,Stateless,other/unknown,other/unknown,non-Schengen,m,18_59
2019,2019_I,FALSE,YEM,1,Yemen,Asia,"Middle East, North Africa, Afghanistan & Pakistan",non-Schengen,f,18_59
2019,2019_I,FALSE,ZWE,4,Zimbabwe,Africa,Sub-Saharan Africa,non-Schengen,m,18_59
2019,2019_I,TRUE,ARG,1,Argentina,Americas,Latin America & Caribbean,non-Schengen,m,18_59
2019,2019_I,TRUE,BLR,1,Belarus,Europe,Europe & Central Asia,non-Schengen,m,18_59
2019,2019_I,TRUE,GEO,1,Georgia,Asia,Europe & Central Asia,non-Schengen,f,18_59
2019,2019_I,TRUE,GEO,5,Georgia,Asia,Europe & Central Asia,non-Schengen,m,18_59
2019,2019_I,TRUE,MDA,2,Moldova,Europe,Europe & Central Asia,non-Schengen,m,18_59
2019,2019_I,TRUE,RUS,1,Russia,Europe,Europe & Central Asia,non-Schengen,f,18_59
2019,2019_I,TRUE,TJK,1,Tajikistan,Asia,Europe & Central Asia,non-Schengen,m,18_59
2019,2019_I,TRUE,UKR,1,Ukraine,Europe,Europe & Central Asia,non-Schengen,f,18_59
2019,2019_I,TRUE,UKR,15,Ukraine,Europe,Europe & Central Asia,non-Schengen,m,18_59
2019,2019_I,TRUE,VNM,1,Vietnam,Asia,East Asia & Pacific,non-Schengen,m,18_59
2019,2019_II,FALSE,AFG,1,Afghanistan,Asia,"Middle East, North Africa, Afghanistan & Pakistan",non-Schengen,f,17
2019,2019_II,FALSE,AFG,5,Afghanistan,Asia,"Middle East, North Africa, Afghanistan & Pakistan",non-Schengen,m,18_59
2019,2019_II,FALSE,AGO,2,Angola,Africa,Sub-Saharan Africa,non-Schengen,f,18_59
2019,2019_II,FALSE,AGO,2,Angola,Africa,Sub-Saharan Africa,non-Schengen,m,18_59
2019,2019_II,FALSE,ALB,16,Albania,Europe,Europe & Central Asia,non-Schengen,m,18_59
2019,2019_II,FALSE,ARM,2,Armenia,Asia,Europe & Central Asia,non-Schengen,f,17
2019,2019_II,FALSE,ARM,2,Armenia,Asia,Europe & Central Asia,non-Schengen,f,18_59
2019,2019_II,FALSE,ARM,2,Armenia,Asia,Europe & Central Asia,non-Schengen,f,60
2019,2019_II,FALSE,ARM,4,Armenia,Asia,Europe & Central Asia,non-Schengen,m,17
2019,2019_II,FALSE,ARM,7,Armenia,Asia,Europe & Central Asia,non-Schengen,m,18_59
2019,2019_II,FALSE,AUS,2,Australia,Oceania,East Asia & Pacific,non-Schengen,f,18_59
2019,2019_II,FALSE,AUS,1,Australia,Oceania,East Asia & Pacific,non-Schengen,m,18_59
2019,2019_II,FALSE,AZE,1,Azerbaijan,Asia,Europe & Central Asia,non-Schengen,f,18_59
2019,2019_II,FALSE,AZE,20,Azerbaijan,Asia,Europe & Central Asia,non-Schengen,m,18_59
2019,2019_II,FALSE,BGD,1,Bangladesh,Asia,South Asia,non-Schengen,f,18_59
2019,2019_II,FALSE,BGD,10,Bangladesh,Asia,South Asia,non-Schengen,m,18_59
2019,2019_II,FALSE,BLR,1,Belarus,Europe,Europe & Central Asia,non-Schengen,f,17
2019,2019_II,FALSE,BLR,15,Belarus,Europe,Europe & Central Asia,non-Schengen,f,18_59
2019,2019_II,FALSE,BLR,5,Belarus,Europe,Europe & Central Asia,non-Schengen,f,60
2019,2019_II,FALSE,BLR,66,Belarus,Europe,Europe & Central Asia,non-Schengen,m,18_59
2019,2019_II,FALSE,BLR,1,Belarus,Europe,Europe & Central Asia,non-Schengen,m,60
2019,2019_II,FALSE,BRA,3,Brazil,Americas,Latin America & Caribbean,non-Schengen,f,18_59
2019,2019_II,FALSE,BRA,7,Brazil,Americas,Latin America & Caribbean,non-Schengen,m,18_59
2019,2019_II,FALSE,CAN,1,Canada,Americas,North America,non-Schengen,m,18_59
2019,2019_II,FALSE,CHL,1,Chile,Americas,Latin America & Caribbean,non-Schengen,m,18_59
2019,2019_II,FALSE,CHN,1,China,Asia,East Asia & Pacific,non-Schengen,f,17
2019,2019_II,FALSE,CHN,5,China,Asia,East Asia & Pacific,non-Schengen,f,18_59
2019,2019_II,FALSE,CHN,1,China,Asia,East Asia & Pacific,non-Schengen,m,17
2019,2019_II,FALSE,CHN,16,China,Asia,East Asia & Pacific,non-Schengen,m,18_59
2019,2019_II,FALSE,CMR,1,Cameroon,Africa,Sub-Saharan Africa,non-Schengen,f,17
2019,2019_II,FALSE,CMR,1,Cameroon,Africa,Sub-Saharan Africa,non-Schengen,f,18_59
2019,2019_II,FALSE,CMR,2,Cameroon,Africa,Sub-Saharan Africa,non-Schengen,m,18_59
2019,2019_II,FALSE,COD,2,Congo - Kinshasa,Africa,Sub-Saharan Africa,non-Schengen,m,18_59
2019,2019_II,FALSE,COG,1,Congo - Brazzaville,Africa,Sub-Saharan Africa,non-Schengen,m,17
2019,2019_II,FALSE,COG,3,Congo - Brazzaville,Africa,Sub-Saharan Africa,non-Schengen,m,18_59
2019,2019_II,FALSE,COL,4,Colombia,Americas,Latin America & Caribbean,non-Schengen,m,18_59
2019,2019_II,FALSE,CUB,1,Cuba,Americas,Latin America & Caribbean,non-Schengen,f,17
2019,2019_II,FALSE,CUB,1,Cuba,Americas,Latin America & Caribbean,non-Schengen,f,18_59
2019,2019_II,FALSE,CUB,4,Cuba,Americas,Latin America & Caribbean,non-Schengen,m,18_59
2019,2019_II,FALSE,DZA,1,Algeria,Africa,"Middle East, North Africa, Afghanistan & Pakistan",non-Schengen,f,18_59
2019,2019_II,FALSE,DZA,8,Algeria,Africa,"Middle East, North Africa, Afghanistan & Pakistan",non-Schengen,m,18_59
2019,2019_II,FALSE,EGY,8,Egypt,Africa,"Middle East, North Africa, Afghanistan & Pakistan",non-Schengen,m,18_59
2019,2019_II,FALSE,GEO,8,Georgia,Asia,Europe & Central Asia,non-Schengen,f,17
2019,2019_II,FALSE,GEO,47,Georgia,Asia,Europe & Central Asia,non-Schengen,f,18_59
2019,2019_II,FALSE,GEO,7,Georgia,Asia,Europe & Central Asia,non-Schengen,m,17
2019,2019_II,FALSE,GEO,405,Georgia,Asia,Europe & Central Asia,non-Schengen,m,18_59
2019,2019_II,FALSE,GEO,1,Georgia,Asia,Europe & Central Asia,non-Schengen,m,60
2019,2019_II,FALSE,GHA,2,Ghana,Africa,Sub-Saharan Africa,non-Schengen,m,18_59
2019,2019_II,FALSE,GMB,1,Gambia,Africa,Sub-Saharan Africa,non-Schengen,m,18_59
2019,2019_II,FALSE,GNQ,1,Equatorial Guinea,Africa,Sub-Saharan Africa,non-Schengen,m,18_59
2019,2019_II,FALSE,IDN,5,Indonesia,Asia,East Asia & Pacific,non-Schengen,f,18_59
2019,2019_II,FALSE,IND,1,India,Asia,South Asia,non-Schengen,f,17
2019,2019_II,FALSE,IND,5,India,Asia,South Asia,non-Schengen,f,18_59
2019,2019_II,FALSE,IND,1,India,Asia,South Asia,non-Schengen,m,17
2019,2019_II,FALSE,IND,77,India,Asia,South Asia,non-Schengen,m,18_59
2019,2019_II,FALSE,IRN,7,Iran,Asia,"Middle East, North Africa, Afghanistan & Pakistan",non-Schengen,m,18_59
2019,2019_II,FALSE,IRQ,2,Iraq,Asia,"Middle East, North Africa, Afghanistan & Pakistan",non-Schengen,m,18_59
2019,2019_II,FALSE,ISR,1,Israel,Asia,"Middle East, North Africa, Afghanistan & Pakistan",non-Schengen,m,18_59
2019,2019_II,FALSE,JOR,2,Jordan,Asia,"Middle East, North Africa, Afghanistan & Pakistan",non-Schengen,f,18_59
2019,2019_II,FALSE,JOR,5,Jordan,Asia,"Middle East, North Africa, Afghanistan & Pakistan",non-Schengen,m,18_59
2019,2019_II,FALSE,KAZ,7,Kazakhstan,Asia,Europe & Central Asia,non-Schengen,f,18_59
2019,2019_II,FALSE,KAZ,13,Kazakhstan,Asia,Europe & Central Asia,non-Schengen,m,18_59
2019,2019_II,FALSE,KEN,1,Kenya,Africa,Sub-Saharan Africa,non-Schengen,f,18_59
2019,2019_II,FALSE,KEN,1,Kenya,Africa,Sub-Saharan Africa,non-Schengen,m,18_59
2019,2019_II,FALSE,KGZ,2,Kyrgyzstan,Asia,Europe & Central Asia,non-Schengen,f,17
2019,2019_II,FALSE,KGZ,2,Kyrgyzstan,Asia,Europe & Central Asia,non-Schengen,f,18_59
2019,2019_II,FALSE,KGZ,3,Kyrgyzstan,Asia,Europe & Central Asia,non-Schengen,m,17
2019,2019_II,FALSE,KGZ,8,Kyrgyzstan,Asia,Europe & Central Asia,non-Schengen,m,18_59
2019,2019_II,FALSE,KOR,2,South Korea,Asia,East Asia & Pacific,non-Schengen,m,18_59
2019,2019_II,FALSE,LBN,1,Lebanon,Asia,"Middle East, North Africa, Afghanistan & Pakistan",non-Schengen,m,18_59
2019,2019_II,FALSE,LBR,1,Liberia,Africa,Sub-Saharan Africa,non-Schengen,m,18_59
2019,2019_II,FALSE,LBY,1,Libya,Africa,"Middle East, North Africa, Afghanistan & Pakistan",non-Schengen,f,18_59
2019,2019_II,FALSE,LBY,1,Libya,Africa,"Middle East, North Africa, Afghanistan & Pakistan",non-Schengen,m,18_59
2019,2019_II,FALSE,LKA,2,Sri Lanka,Asia,South Asia,non-Schengen,m,18_59
2019,2019_II,FALSE,MAR,1,Morocco,Africa,"Middle East, North Africa, Afghanistan & Pakistan",non-Schengen,f,18_59
2019,2019_II,FALSE,MAR,1,Morocco,Africa,"Middle East, North Africa, Afghanistan & Pakistan",non-Schengen,m,18_59
2019,2019_II,FALSE,MDA,12,Moldova,Europe,Europe & Central Asia,non-Schengen,f,18_59
2019,2019_II,FALSE,MDA,1,Moldova,Europe,Europe & Central Asia,non-Schengen,m,17
2019,2019_II,FALSE,MDA,90,Moldova,Europe,Europe & Central Asia,non-Schengen,m,18_59
2019,2019_II,FALSE,MKD,3,North Macedonia,Europe,Europe & Central Asia,non-Schengen,m,18_59
2019,2019_II,FALSE,MNE,1,Montenegro,Europe,Europe & Central Asia,non-Schengen,m,18_59
2019,2019_II,FALSE,MNG,1,Mongolia,Asia,East Asia & Pacific,non-Schengen,f,17
2019,2019_II,FALSE,MNG,2,Mongolia,Asia,East Asia & Pacific,non-Schengen,f,18_59
2019,2019_II,FALSE,MNG,1,Mongolia,Asia,East Asia & Pacific,non-Schengen,f,60
2019,2019_II,FALSE,MNG,1,Mongolia,Asia,East Asia & Pacific,non-Schengen,m,17
2019,2019_II,FALSE,MNG,6,Mongolia,Asia,East Asia & Pacific,non-Schengen,m,18_59
2019,2019_II,FALSE,NGA,10,Nigeria,Africa,Sub-Saharan Africa,non-Schengen,m,18_59
2019,2019_II,FALSE,NPL,3,Nepal,Asia,South Asia,non-Schengen,f,18_59
2019,2019_II,FALSE,NPL,16,Nepal,Asia,South Asia,non-Schengen,m,18_59
2019,2019_II,FALSE,NZL,1,New Zealand,Oceania,East Asia & Pacific,non-Schengen,m,18_59
2019,2019_II,FALSE,PAK,12,Pakistan,Asia,"Middle East, North Africa, Afghanistan & Pakistan",non-Schengen,m,18_59
2019,2019_II,FALSE,PHL,2,Philippines,Asia,East Asia & Pacific,non-Schengen,f,18_59
2019,2019_II,FALSE,PHL,3,Philippines,Asia,East Asia & Pacific,non-Schengen,m,18_59
2019,2019_II,FALSE,PRY,1,Paraguay,Americas,Latin America & Caribbean,non-Schengen,f,18_59
2019,2019_II,FALSE,PRY,8,Paraguay,Americas,Latin America & Caribbean,non-Schengen,m,18_59
2019,2019_II,FALSE,RUS,25,Russia,Europe,Europe & Central Asia,non-Schengen,f,17
2019,2019_II,FALSE,RUS,29,Russia,Europe,Europe & Central Asia,non-Schengen,f,18_59
2019,2019_II,FALSE,RUS,2,Russia,Europe,Europe & Central Asia,non-Schengen,f,60
2019,2019_II,FALSE,RUS,31,Russia,Europe,Europe & Central Asia,non-Schengen,m,17
2019,2019_II,FALSE,RUS,71,Russia,Europe,Europe & Central Asia,non-Schengen,m,18_59
2019,2019_II,FALSE,RUS,1,Russia,Europe,Europe & Central Asia,non-Schengen,m,60
2019,2019_II,FALSE,SAU,1,Saudi Arabia,Asia,"Middle East, North Africa, Afghanistan & Pakistan",non-Schengen,f,18_59
2019,2019_II,FALSE,SAU,5,Saudi Arabia,Asia,"Middle East, North Africa, Afghanistan & Pakistan",non-Schengen,m,18_59
2019,2019_II,FALSE,SEN,1,Senegal,Africa,Sub-Saharan Africa,non-Schengen,f,18_59
2019,2019_II,FALSE,SEN,1,Senegal,Africa,Sub-Saharan Africa,non-Schengen,m,18_59
2019,2019_II,FALSE,SRB,5,Serbia,Europe,Europe & Central Asia,non-Schengen,m,18_59
2019,2019_II,FALSE,SWE,1,Sweden,Europe,Europe & Central Asia,Schengen,m,18_59
2019,2019_II,FALSE,SYR,1,Syria,Asia,"Middle East, North Africa, Afghanistan & Pakistan",non-Schengen,f,18_59
2019,2019_II,FALSE,SYR,9,Syria,Asia,"Middle East, North Africa, Afghanistan & Pakistan",non-Schengen,m,18_59
2019,2019_II,FALSE,THA,7,Thailand,Asia,East Asia & Pacific,non-Schengen,f,18_59
2019,2019_II,FALSE,THA,1,Thailand,Asia,East Asia & Pacific,non-Schengen,m,18_59
2019,2019_II,FALSE,TJK,3,Tajikistan,Asia,Europe & Central Asia,non-Schengen,f,17
2019,2019_II,FALSE,TJK,4,Tajikistan,Asia,Europe & Central Asia,non-Schengen,f,18_59
2019,2019_II,FALSE,TJK,3,Tajikistan,Asia,Europe & Central Asia,non-Schengen,m,17
2019,2019_II,FALSE,TJK,34,Tajikistan,Asia,Europe & Central Asia,non-Schengen,m,18_59
2019,2019_II,FALSE,TKM,1,Turkmenistan,Asia,Europe & Central Asia,non-Schengen,f,18_59
2019,2019_II,FALSE,TKM,1,Turkmenistan,Asia,Europe & Central Asia,non-Schengen,m,18_59
2019,2019_II,FALSE,TUN,11,Tunisia,Africa,"Middle East, North Africa, Afghanistan & Pakistan",non-Schengen,m,18_59
2019,2019_II,FALSE,TUR,3,Turkey,Asia,Europe & Central Asia,non-Schengen,f,18_59
2019,2019_II,FALSE,TUR,24,Turkey,Asia,Europe & Central Asia,non-Schengen,m,18_59
2019,2019_II,FALSE,TWN,2,Taiwan,Asia,East Asia & Pacific,non-Schengen,m,18_59
2019,2019_II,FALSE,UGA,2,Uganda,Africa,Sub-Saharan Africa,non-Schengen,m,18_59
2019,2019_II,FALSE,UKR,30,Ukraine,Europe,Europe & Central Asia,non-Schengen,f,17
2019,2019_II,FALSE,UKR,501,Ukraine,Europe,Europe & Central Asia,non-Schengen,f,18_59
2019,2019_II,FALSE,UKR,69,Ukraine,Europe,Europe & Central Asia,non-Schengen,f,60
2019,2019_II,FALSE,UKR,25,Ukraine,Europe,Europe & Central Asia,non-Schengen,m,17
2019,2019_II,FALSE,UKR,1516,Ukraine,Europe,Europe & Central Asia,non-Schengen,m,18_59
2019,2019_II,FALSE,UKR,4,Ukraine,Europe,Europe & Central Asia,non-Schengen,m,60
2019,2019_II,FALSE,UNK,1,unknown,other/unknown,other/unknown,non-Schengen,f,17
2019,2019_II,FALSE,UNK,2,unknown,other/unknown,other/unknown,non-Schengen,m,18_59
2019,2019_II,FALSE,USA,3,United States,Americas,North America,non-Schengen,f,18_59
2019,2019_II,FALSE,USA,1,United States,Americas,North America,non-Schengen,f,60
2019,2019_II,FALSE,USA,3,United States,Americas,North America,non-Schengen,m,17
2019,2019_II,FALSE,USA,2,United States,Americas,North America,non-Schengen,m,18_59
2019,2019_II,FALSE,UZB,2,Uzbekistan,Asia,Europe & Central Asia,non-Schengen,f,18_59
2019,2019_II,FALSE,UZB,1,Uzbekistan,Asia,Europe & Central Asia,non-Schengen,f,60
2019,2019_II,FALSE,UZB,29,Uzbekistan,Asia,Europe & Central Asia,non-Schengen,m,18_59
2019,2019_II,FALSE,VEN,1,Venezuela,Americas,Latin America & Caribbean,non-Schengen,f,18_59
2019,2019_II,FALSE,VEN,1,Venezuela,Americas,Latin America & Caribbean,non-Schengen,m,18_59
2019,2019_II,FALSE,VNM,13,Vietnam,Asia,East Asia & Pacific,non-Schengen,f,18_59
2019,2019_II,FALSE,VNM,2,Vietnam,Asia,East Asia & Pacific,non-Schengen,f,60
2019,2019_II,FALSE,VNM,1,Vietnam,Asia,East Asia & Pacific,non-Schengen,m,17
2019,2019_II,FALSE,VNM,57,Vietnam,Asia,East Asia & Pacific,non-Schengen,m,18_59
2019,2019_II,FALSE,VNM,1,Vietnam,Asia,East Asia & Pacific,non-Schengen,m,60
2019,2019_II,FALSE,XXX,3,Stateless,other/unknown,other/unknown,non-Schengen,m,18_59
2019,2019_II,FALSE,YEM,1,Yemen,Asia,"Middle East, North Africa, Afghanistan & Pakistan",non-Schengen,m,18_59
2019,2019_II,FALSE,ZAF,3,South Africa,Africa,Sub-Saharan Africa,non-Schengen,m,18_59
2019,2019_II,FALSE,ZWE,1,Zimbabwe,Africa,Sub-Saharan Africa,non-Schengen,f,18_59
2019,2019_II,FALSE,ZWE,8,Zimbabwe,Africa,Sub-Saharan Africa,non-Schengen,m,18_59
2019,2019_II,TRUE,AFG,1,Afghanistan,Asia,"Middle East, North Africa, Afghanistan & Pakistan",non-Schengen,m,18_59
2019,2019_II,TRUE,BLR,1,Belarus,Europe,Europe & Central Asia,non-Schengen,m,18_59
2019,2019_II,TRUE,GEO,4,Georgia,Asia,Europe & Central Asia,non-Schengen,m,18_59
2019,2019_II,TRUE,IRQ,1,Iraq,Asia,"Middle East, North Africa, Afghanistan & Pakistan",non-Schengen,m,18_59
2019,2019_II,TRUE,ISR,2,Israel,Asia,"Middle East, North Africa, Afghanistan & Pakistan",non-Schengen,f,18_59
2019,2019_II,TRUE,ISR,2,Israel,Asia,"Middle East, North Africa, Afghanistan & Pakistan",non-Schengen,m,18_59
2019,2019_II,TRUE,MDA,2,Moldova,Europe,Europe & Central Asia,non-Schengen,m,18_59
2019,2019_II,TRUE,RUS,1,Russia,Europe,Europe & Central Asia,non-Schengen,f,17
2019,2019_II,TRUE,RUS,1,Russia,Europe,Europe & Central Asia,non-Schengen,f,18_59
2019,2019_II,TRUE,RUS,6,Russia,Europe,Europe & Central Asia,non-Schengen,m,18_59
2019,2019_II,TRUE,SOM,1,Somalia,Africa,Sub-Saharan Africa,non-Schengen,m,18_59
2019,2019_II,TRUE,TKM,1,Turkmenistan,Asia,Europe & Central Asia,non-Schengen,m,18_59
2019,2019_II,TRUE,UKR,2,Ukraine,Europe,Europe & Central Asia,non-Schengen,f,18_59
2019,2019_II,TRUE,UKR,1,Ukraine,Europe,Europe & Central Asia,non-Schengen,f,60
2019,2019_II,TRUE,UKR,42,Ukraine,Europe,Europe & Central Asia,non-Schengen,m,18_59
2019,2019_II,TRUE,VEN,2,Venezuela,Americas,Latin America & Caribbean,non-Schengen,f,18_59
2019,2019_II,TRUE,VNM,1,Vietnam,Asia,East Asia & Pacific,non-Schengen,m,18_59
2020,2020_I,FALSE,ALB,1,Albania,Europe,Europe & Central Asia,non-Schengen,m,18_59
2020,2020_I,FALSE,ARM,2,Armenia,Asia,Europe & Central Asia,non-Schengen,f,18_59
2020,2020_I,FALSE,ARM,2,Armenia,Asia,Europe & Central Asia,non-Schengen,f,60
2020,2020_I,FALSE,ARM,4,Armenia,Asia,Europe & Central Asia,non-Schengen,m,18_59
2020,2020_I,FALSE,ARM,1,Armenia,Asia,Europe & Central Asia,non-Schengen,m,60
2020,2020_I,FALSE,AZE,4,Azerbaijan,Asia,Europe & Central Asia,non-Schengen,m,18_59
2020,2020_I,FALSE,BGD,1,Bangladesh,Asia,South Asia,non-Schengen,f,18_59
2020,2020_I,FALSE,BGD,5,Bangladesh,Asia,South Asia,non-Schengen,m,18_59
2020,2020_I,FALSE,BLR,1,Belarus,Europe,Europe & Central Asia,non-Schengen,f,17
2020,2020_I,FALSE,BLR,11,Belarus,Europe,Europe & Central Asia,non-Schengen,f,18_59
2020,2020_I,FALSE,BLR,3,Belarus,Europe,Europe & Central Asia,non-Schengen,f,60
2020,2020_I,FALSE,BLR,1,Belarus,Europe,Europe & Central Asia,non-Schengen,m,17
2020,2020_I,FALSE,BLR,56,Belarus,Europe,Europe & Central Asia,non-Schengen,m,18_59
2020,2020_I,FALSE,BLR,1,Belarus,Europe,Europe & Central Asia,non-Schengen,m,60
2020,2020_I,FALSE,BRA,3,Brazil,Americas,Latin America & Caribbean,non-Schengen,m,18_59
2020,2020_I,FALSE,CAN,2,Canada,Americas,North America,non-Schengen,f,18_59
2020,2020_I,FALSE,CAN,1,Canada,Americas,North America,non-Schengen,m,17
2020,2020_I,FALSE,CAN,2,Canada,Americas,North America,non-Schengen,m,18_59
2020,2020_I,FALSE,CHL,1,Chile,Americas,Latin America & Caribbean,non-Schengen,f,18_59
2020,2020_I,FALSE,CHL,1,Chile,Americas,Latin America & Caribbean,non-Schengen,m,18_59
2020,2020_I,FALSE,CHN,4,China,Asia,East Asia & Pacific,non-Schengen,f,18_59
2020,2020_I,FALSE,CHN,1,China,Asia,East Asia & Pacific,non-Schengen,f,60
2020,2020_I,FALSE,CHN,15,China,Asia,East Asia & Pacific,non-Schengen,m,18_59
2020,2020_I,FALSE,CMR,1,Cameroon,Africa,Sub-Saharan Africa,non-Schengen,m,18_59
2020,2020_I,FALSE,COL,1,Colombia,Americas,Latin America & Caribbean,non-Schengen,m,18_59
2020,2020_I,FALSE,CUB,1,Cuba,Americas,Latin America & Caribbean,non-Schengen,f,18_59
2020,2020_I,FALSE,CUB,1,Cuba,Americas,Latin America & Caribbean,non-Schengen,m,17
2020,2020_I,FALSE,DZA,9,Algeria,Africa,"Middle East, North Africa, Afghanistan & Pakistan",non-Schengen,m,18_59
2020,2020_I,FALSE,EGY,1,Egypt,Africa,"Middle East, North Africa, Afghanistan & Pakistan",non-Schengen,f,18_59
2020,2020_I,FALSE,EGY,9,Egypt,Africa,"Middle East, North Africa, Afghanistan & Pakistan",non-Schengen,m,18_59
2020,2020_I,FALSE,ERI,1,Eritrea,Africa,Sub-Saharan Africa,non-Schengen,m,18_59
2020,2020_I,FALSE,GEO,4,Georgia,Asia,Europe & Central Asia,non-Schengen,f,17
2020,2020_I,FALSE,GEO,16,Georgia,Asia,Europe & Central Asia,non-Schengen,f,18_59
2020,2020_I,FALSE,GEO,1,Georgia,Asia,Europe & Central Asia,non-Schengen,f,60
2020,2020_I,FALSE,GEO,2,Georgia,Asia,Europe & Central Asia,non-Schengen,m,17
2020,2020_I,FALSE,GEO,208,Georgia,Asia,Europe & Central Asia,non-Schengen,m,18_59
2020,2020_I,FALSE,GHA,2,Ghana,Africa,Sub-Saharan Africa,non-Schengen,m,18_59
2020,2020_I,FALSE,GMB,2,Gambia,Africa,Sub-Saharan Africa,non-Schengen,m,18_59
2020,2020_I,FALSE,IDN,1,Indonesia,Asia,East Asia & Pacific,non-Schengen,f,18_59
2020,2020_I,FALSE,IDN,2,Indonesia,Asia,East Asia & Pacific,non-Schengen,m,18_59
2020,2020_I,FALSE,IND,2,India,Asia,South Asia,non-Schengen,f,18_59
2020,2020_I,FALSE,IND,25,India,Asia,South Asia,non-Schengen,m,18_59
2020,2020_I,FALSE,IRN,5,Iran,Asia,"Middle East, North Africa, Afghanistan & Pakistan",non-Schengen,m,18_59
2020,2020_I,FALSE,IRQ,1,Iraq,Asia,"Middle East, North Africa, Afghanistan & Pakistan",non-Schengen,m,18_59
2020,2020_I,FALSE,ISR,1,Israel,Asia,"Middle East, North Africa, Afghanistan & Pakistan",non-Schengen,m,18_59
2020,2020_I,FALSE,JOR,1,Jordan,Asia,"Middle East, North Africa, Afghanistan & Pakistan",non-Schengen,m,18_59
2020,2020_I,FALSE,KAZ,1,Kazakhstan,Asia,Europe & Central Asia,non-Schengen,f,17
2020,2020_I,FALSE,KAZ,2,Kazakhstan,Asia,Europe & Central Asia,non-Schengen,f,18_59
2020,2020_I,FALSE,KAZ,5,Kazakhstan,Asia,Europe & Central Asia,non-Schengen,m,18_59
2020,2020_I,FALSE,KEN,1,Kenya,Africa,Sub-Saharan Africa,non-Schengen,f,18_59
2020,2020_I,FALSE,KEN,1,Kenya,Africa,Sub-Saharan Africa,non-Schengen,m,18_59
2020,2020_I,FALSE,KGZ,1,Kyrgyzstan,Asia,Europe & Central Asia,non-Schengen,f,18_59
2020,2020_I,FALSE,KGZ,4,Kyrgyzstan,Asia,Europe & Central Asia,non-Schengen,m,18_59
2020,2020_I,FALSE,KOR,2,South Korea,Asia,East Asia & Pacific,non-Schengen,m,18_59
2020,2020_I,FALSE,LBN,3,Lebanon,Asia,"Middle East, North Africa, Afghanistan & Pakistan",non-Schengen,m,18_59
2020,2020_I,FALSE,LBR,1,Liberia,Africa,Sub-Saharan Africa,non-Schengen,m,18_59
2020,2020_I,FALSE,LBY,1,Libya,Africa,"Middle East, North Africa, Afghanistan & Pakistan",non-Schengen,m,18_59
2020,2020_I,FALSE,MAR,5,Morocco,Africa,"Middle East, North Africa, Afghanistan & Pakistan",non-Schengen,m,18_59
2020,2020_I,FALSE,MDA,4,Moldova,Europe,Europe & Central Asia,non-Schengen,f,17
2020,2020_I,FALSE,MDA,8,Moldova,Europe,Europe & Central Asia,non-Schengen,f,18_59
2020,2020_I,FALSE,MDA,1,Moldova,Europe,Europe & Central Asia,non-Schengen,f,60
2020,2020_I,FALSE,MDA,52,Moldova,Europe,Europe & Central Asia,non-Schengen,m,18_59
2020,2020_I,FALSE,MEX,1,Mexico,Americas,Latin America & Caribbean,non-Schengen,m,18_59
2020,2020_I,FALSE,MKD,1,North Macedonia,Europe,Europe & Central Asia,non-Schengen,m,18_59
2020,2020_I,FALSE,MNG,4,Mongolia,Asia,East Asia & Pacific,non-Schengen,m,18_59
2020,2020_I,FALSE,NGA,2,Nigeria,Africa,Sub-Saharan Africa,non-Schengen,f,18_59
2020,2020_I,FALSE,NGA,5,Nigeria,Africa,Sub-Saharan Africa,non-Schengen,m,18_59
2020,2020_I,FALSE,NPL,1,Nepal,Asia,South Asia,non-Schengen,f,17
2020,2020_I,FALSE,NPL,2,Nepal,Asia,South Asia,non-Schengen,f,18_59
2020,2020_I,FALSE,NPL,7,Nepal,Asia,South Asia,non-Schengen,m,18_59
2020,2020_I,FALSE,PAK,1,Pakistan,Asia,"Middle East, North Africa, Afghanistan & Pakistan",non-Schengen,f,17
2020,2020_I,FALSE,PAK,1,Pakistan,Asia,"Middle East, North Africa, Afghanistan & Pakistan",non-Schengen,f,18_59
2020,2020_I,FALSE,PAK,1,Pakistan,Asia,"Middle East, North Africa, Afghanistan & Pakistan",non-Schengen,m,17
2020,2020_I,FALSE,PAK,12,Pakistan,Asia,"Middle East, North Africa, Afghanistan & Pakistan",non-Schengen,m,18_59
2020,2020_I,FALSE,PHL,3,Philippines,Asia,East Asia & Pacific,non-Schengen,f,18_59
2020,2020_I,FALSE,PHL,1,Philippines,Asia,East Asia & Pacific,non-Schengen,m,18_59
2020,2020_I,FALSE,PRY,1,Paraguay,Americas,Latin America & Caribbean,non-Schengen,m,18_59
2020,2020_I,FALSE,RUS,24,Russia,Europe,Europe & Central Asia,non-Schengen,f,17
2020,2020_I,FALSE,RUS,22,Russia,Europe,Europe & Central Asia,non-Schengen,f,18_59
2020,2020_I,FALSE,RUS,2,Russia,Europe,Europe & Central Asia,non-Schengen,f,60
2020,2020_I,FALSE,RUS,20,Russia,Europe,Europe & Central Asia,non-Schengen,m,17
2020,2020_I,FALSE,RUS,46,Russia,Europe,Europe & Central Asia,non-Schengen,m,18_59
2020,2020_I,FALSE,RUS,1,Russia,Europe,Europe & Central Asia,non-Schengen,m,60
2020,2020_I,FALSE,RWA,3,Rwanda,Africa,Sub-Saharan Africa,non-Schengen,m,18_59
2020,2020_I,FALSE,SLE,1,Sierra Leone,Africa,Sub-Saharan Africa,non-Schengen,m,18_59
2020,2020_I,FALSE,SOM,1,Somalia,Africa,Sub-Saharan Africa,non-Schengen,m,18_59
2020,2020_I,FALSE,SRB,4,Serbia,Europe,Europe & Central Asia,non-Schengen,m,18_59
2020,2020_I,FALSE,SYR,1,Syria,Asia,"Middle East, North Africa, Afghanistan & Pakistan",non-Schengen,m,18_59
2020,2020_I,FALSE,THA,1,Thailand,Asia,East Asia & Pacific,non-Schengen,m,18_59
2020,2020_I,FALSE,TJK,2,Tajikistan,Asia,Europe & Central Asia,non-Schengen,f,18_59
2020,2020_I,FALSE,TJK,1,Tajikistan,Asia,Europe & Central Asia,non-Schengen,m,17
2020,2020_I,FALSE,TJK,16,Tajikistan,Asia,Europe & Central Asia,non-Schengen,m,18_59
2020,2020_I,FALSE,TKM,1,Turkmenistan,Asia,Europe & Central Asia,non-Schengen,f,18_59
2020,2020_I,FALSE,TUN,5,Tunisia,Africa,"Middle East, North Africa, Afghanistan & Pakistan",non-Schengen,m,18_59
2020,2020_I,FALSE,TUR,3,Turkey,Asia,Europe & Central Asia,non-Schengen,f,18_59
2020,2020_I,FALSE,TUR,13,Turkey,Asia,Europe & Central Asia,non-Schengen,m,18_59
2020,2020_I,FALSE,TUR,1,Turkey,Asia,Europe & Central Asia,non-Schengen,m,60
2020,2020_I,FALSE,TWN,1,Taiwan,Asia,East Asia & Pacific,non-Schengen,f,18_59
2020,2020_I,FALSE,TWN,1,Taiwan,Asia,East Asia & Pacific,non-Schengen,m,18_59
2020,2020_I,FALSE,TZA,1,Tanzania,Africa,Sub-Saharan Africa,non-Schengen,m,18_59
2020,2020_I,FALSE,UKR,16,Ukraine,Europe,Europe & Central Asia,non-Schengen,f,17
2020,2020_I,FALSE,UKR,264,Ukraine,Europe,Europe & Central Asia,non-Schengen,f,18_59
2020,2020_I,FALSE,UKR,34,Ukraine,Europe,Europe & Central Asia,non-Schengen,f,60
2020,2020_I,FALSE,UKR,23,Ukraine,Europe,Europe & Central Asia,non-Schengen,m,17
2020,2020_I,FALSE,UKR,839,Ukraine,Europe,Europe & Central Asia,non-Schengen,m,18_59
2020,2020_I,FALSE,UKR,4,Ukraine,Europe,Europe & Central Asia,non-Schengen,m,60
2020,2020_I,FALSE,UNK,1,unknown,other/unknown,other/unknown,non-Schengen,f,17
2020,2020_I,FALSE,UNK,1,unknown,other/unknown,other/unknown,non-Schengen,f,60
2020,2020_I,FALSE,UNK,1,unknown,other/unknown,other/unknown,non-Schengen,m,18_59
2020,2020_I,FALSE,USA,1,United States,Americas,North America,non-Schengen,f,18_59
2020,2020_I,FALSE,USA,3,United States,Americas,North America,non-Schengen,m,18_59
2020,2020_I,FALSE,UZB,2,Uzbekistan,Asia,Europe & Central Asia,non-Schengen,f,18_59
2020,2020_I,FALSE,UZB,21,Uzbekistan,Asia,Europe & Central Asia,non-Schengen,m,18_59
2020,2020_I,FALSE,UZB,1,Uzbekistan,Asia,Europe & Central Asia,non-Schengen,m,60
2020,2020_I,FALSE,VEN,1,Venezuela,Americas,Latin America & Caribbean,non-Schengen,f,18_59
2020,2020_I,FALSE,VEN,1,Venezuela,Americas,Latin America & Caribbean,non-Schengen,m,18_59
2020,2020_I,FALSE,VNM,1,Vietnam,Asia,East Asia & Pacific,non-Schengen,f,17
2020,2020_I,FALSE,VNM,6,Vietnam,Asia,East Asia & Pacific,non-Schengen,f,18_59
2020,2020_I,FALSE,VNM,2,Vietnam,Asia,East Asia & Pacific,non-Schengen,f,60
2020,2020_I,FALSE,VNM,1,Vietnam,Asia,East Asia & Pacific,non-Schengen,m,17
2020,2020_I,FALSE,VNM,20,Vietnam,Asia,East Asia & Pacific,non-Schengen,m,18_59
2020,2020_I,FALSE,XXX,1,Stateless,other/unknown,other/unknown,non-Schengen,m,18_59
2020,2020_I,FALSE,ZAF,2,South Africa,Africa,Sub-Saharan Africa,non-Schengen,m,18_59
2020,2020_I,FALSE,ZWE,5,Zimbabwe,Africa,Sub-Saharan Africa,non-Schengen,f,18_59
2020,2020_I,FALSE,ZWE,7,Zimbabwe,Africa,Sub-Saharan Africa,non-Schengen,m,18_59
2020,2020_I,TRUE,GEO,2,Georgia,Asia,Europe & Central Asia,non-Schengen,m,18_59
2020,2020_I,TRUE,MDA,2,Moldova,Europe,Europe & Central Asia,non-Schengen,m,18_59
2020,2020_I,TRUE,RWA,1,Rwanda,Africa,Sub-Saharan Africa,non-Schengen,m,18_59
2020,2020_I,TRUE,UKR,1,Ukraine,Europe,Europe & Central Asia,non-Schengen,f,18_59
2020,2020_I,TRUE,UKR,2,Ukraine,Europe,Europe & Central Asia,non-Schengen,m,18_59
2020,2020_I,TRUE,ZWE,1,Zimbabwe,Africa,Sub-Saharan Africa,non-Schengen,m,18_59
2020,2020_II,FALSE,AFG,4,Afghanistan,Asia,"Middle East, North Africa, Afghanistan & Pakistan",non-Schengen,m,18_59
2020,2020_II,FALSE,AGO,1,Angola,Africa,Sub-Saharan Africa,non-Schengen,m,18_59
2020,2020_II,FALSE,ALB,2,Albania,Europe,Europe & Central Asia,non-Schengen,m,18_59
2020,2020_II,FALSE,ARM,2,Armenia,Asia,Europe & Central Asia,non-Schengen,f,18_59
2020,2020_II,FALSE,ARM,2,Armenia,Asia,Europe & Central Asia,non-Schengen,m,17
2020,2020_II,FALSE,ARM,8,Armenia,Asia,Europe & Central Asia,non-Schengen,m,18_59
2020,2020_II,FALSE,ARM,1,Armenia,Asia,Europe & Central Asia,non-Schengen,m,60
2020,2020_II,FALSE,AZE,1,Azerbaijan,Asia,Europe & Central Asia,non-Schengen,f,17
2020,2020_II,FALSE,AZE,1,Azerbaijan,Asia,Europe & Central Asia,non-Schengen,f,18_59
2020,2020_II,FALSE,AZE,1,Azerbaijan,Asia,Europe & Central Asia,non-Schengen,m,17
2020,2020_II,FALSE,AZE,10,Azerbaijan,Asia,Europe & Central Asia,non-Schengen,m,18_59
2020,2020_II,FALSE,BFA,4,Burkina Faso,Africa,Sub-Saharan Africa,non-Schengen,m,18_59
2020,2020_II,FALSE,BGD,1,Bangladesh,Asia,South Asia,non-Schengen,f,18_59
2020,2020_II,FALSE,BGD,3,Bangladesh,Asia,South Asia,non-Schengen,m,18_59
2020,2020_II,FALSE,BLR,4,Belarus,Europe,Europe & Central Asia,non-Schengen,f,18_59
2020,2020_II,FALSE,BLR,41,Belarus,Europe,Europe & Central Asia,non-Schengen,m,18_59
2020,2020_II,FALSE,BRA,5,Brazil,Americas,Latin America & Caribbean,non-Schengen,m,18_59
2020,2020_II,FALSE,CHN,1,China,Asia,East Asia & Pacific,non-Schengen,f,18_59
2020,2020_II,FALSE,CHN,1,China,Asia,East Asia & Pacific,non-Schengen,f,60
2020,2020_II,FALSE,CHN,1,China,Asia,East Asia & Pacific,non-Schengen,m,17
2020,2020_II,FALSE,CHN,11,China,Asia,East Asia & Pacific,non-Schengen,m,18_59
2020,2020_II,FALSE,CMR,1,Cameroon,Africa,Sub-Saharan Africa,non-Schengen,f,18_59
2020,2020_II,FALSE,CMR,1,Cameroon,Africa,Sub-Saharan Africa,non-Schengen,m,18_59
2020,2020_II,FALSE,COD,1,Congo - Kinshasa,Africa,Sub-Saharan Africa,non-Schengen,f,18_59
2020,2020_II,FALSE,COD,1,Congo - Kinshasa,Africa,Sub-Saharan Africa,non-Schengen,m,18_59
2020,2020_II,FALSE,COL,2,Colombia,Americas,Latin America & Caribbean,non-Schengen,m,18_59
2020,2020_II,FALSE,CUB,1,Cuba,Americas,Latin America & Caribbean,non-Schengen,f,18_59
2020,2020_II,FALSE,DZA,11,Algeria,Africa,"Middle East, North Africa, Afghanistan & Pakistan",non-Schengen,m,18_59
2020,2020_II,FALSE,EGY,6,Egypt,Africa,"Middle East, North Africa, Afghanistan & Pakistan",non-Schengen,m,18_59
2020,2020_II,FALSE,ERI,1,Eritrea,Africa,Sub-Saharan Africa,non-Schengen,m,18_59
2020,2020_II,FALSE,ETH,1,Ethiopia,Africa,Sub-Saharan Africa,non-Schengen,m,18_59
2020,2020_II,FALSE,GEO,1,Georgia,Asia,Europe & Central Asia,non-Schengen,f,17
2020,2020_II,FALSE,GEO,8,Georgia,Asia,Europe & Central Asia,non-Schengen,f,18_59
2020,2020_II,FALSE,GEO,157,Georgia,Asia,Europe & Central Asia,non-Schengen,m,18_59
2020,2020_II,FALSE,GHA,1,Ghana,Africa,Sub-Saharan Africa,non-Schengen,m,18_59
2020,2020_II,FALSE,GMB,1,Gambia,Africa,Sub-Saharan Africa,non-Schengen,m,18_59
2020,2020_II,FALSE,GNB,1,Guinea-Bissau,Africa,Sub-Saharan Africa,non-Schengen,m,18_59
2020,2020_II,FALSE,IND,1,India,Asia,South Asia,non-Schengen,f,17
2020,2020_II,FALSE,IND,1,India,Asia,South Asia,non-Schengen,f,18_59
2020,2020_II,FALSE,IND,39,India,Asia,South Asia,non-Schengen,m,18_59
2020,2020_II,FALSE,IRN,4,Iran,Asia,"Middle East, North Africa, Afghanistan & Pakistan",non-Schengen,m,18_59
2020,2020_II,FALSE,IRQ,3,Iraq,Asia,"Middle East, North Africa, Afghanistan & Pakistan",non-Schengen,m,18_59
2020,2020_II,FALSE,KAZ,2,Kazakhstan,Asia,Europe & Central Asia,non-Schengen,m,18_59
2020,2020_II,FALSE,KEN,2,Kenya,Africa,Sub-Saharan Africa,non-Schengen,f,18_59
2020,2020_II,FALSE,KEN,1,Kenya,Africa,Sub-Saharan Africa,non-Schengen,m,17
2020,2020_II,FALSE,KGZ,1,Kyrgyzstan,Asia,Europe & Central Asia,non-Schengen,f,18_59
2020,2020_II,FALSE,KGZ,1,Kyrgyzstan,Asia,Europe & Central Asia,non-Schengen,m,17
2020,2020_II,FALSE,KGZ,1,Kyrgyzstan,Asia,Europe & Central Asia,non-Schengen,m,18_59
2020,2020_II,FALSE,KOR,1,South Korea,Asia,East Asia & Pacific,non-Schengen,f,60
2020,2020_II,FALSE,KOR,3,South Korea,Asia,East Asia & Pacific,non-Schengen,m,18_59
2020,2020_II,FALSE,KOSOVO,1,KOSOVO,Europe,Europe & Central Asia,non-Schengen,m,18_59
2020,2020_II,FALSE,LBN,1,Lebanon,Asia,"Middle East, North Africa, Afghanistan & Pakistan",non-Schengen,m,18_59
2020,2020_II,FALSE,LBY,1,Libya,Africa,"Middle East, North Africa, Afghanistan & Pakistan",non-Schengen,m,18_59
2020,2020_II,FALSE,LKA,4,Sri Lanka,Asia,South Asia,non-Schengen,m,18_59
2020,2020_II,FALSE,MAR,1,Morocco,Africa,"Middle East, North Africa, Afghanistan & Pakistan",non-Schengen,f,18_59
2020,2020_II,FALSE,MAR,1,Morocco,Africa,"Middle East, North Africa, Afghanistan & Pakistan",non-Schengen,m,17
2020,2020_II,FALSE,MAR,4,Morocco,Africa,"Middle East, North Africa, Afghanistan & Pakistan",non-Schengen,m,18_59
2020,2020_II,FALSE,MDA,16,Moldova,Europe,Europe & Central Asia,non-Schengen,f,18_59
2020,2020_II,FALSE,MDA,51,Moldova,Europe,Europe & Central Asia,non-Schengen,m,18_59
2020,2020_II,FALSE,MEX,2,Mexico,Americas,Latin America & Caribbean,non-Schengen,m,18_59
2020,2020_II,FALSE,MNG,1,Mongolia,Asia,East Asia & Pacific,non-Schengen,m,18_59
2020,2020_II,FALSE,MYS,1,Malaysia,Asia,East Asia & Pacific,non-Schengen,m,18_59
2020,2020_II,FALSE,NGA,11,Nigeria,Africa,Sub-Saharan Africa,non-Schengen,m,18_59
2020,2020_II,FALSE,NPL,2,Nepal,Asia,South Asia,non-Schengen,f,18_59
2020,2020_II,FALSE,NPL,5,Nepal,Asia,South Asia,non-Schengen,m,18_59
2020,2020_II,FALSE,PAK,9,Pakistan,Asia,"Middle East, North Africa, Afghanistan & Pakistan",non-Schengen,m,18_59
2020,2020_II,FALSE,PHL,2,Philippines,Asia,East Asia & Pacific,non-Schengen,f,18_59
2020,2020_II,FALSE,PHL,2,Philippines,Asia,East Asia & Pacific,non-Schengen,m,18_59
2020,2020_II,FALSE,PSE,2,Palestinian Territories,Asia,"Middle East, North Africa, Afghanistan & Pakistan",non-Schengen,m,18_59
2020,2020_II,FALSE,RUS,13,Russia,Europe,Europe & Central Asia,non-Schengen,f,17
2020,2020_II,FALSE,RUS,16,Russia,Europe,Europe & Central Asia,non-Schengen,f,18_59
2020,2020_II,FALSE,RUS,9,Russia,Europe,Europe & Central Asia,non-Schengen,m,17
2020,2020_II,FALSE,RUS,37,Russia,Europe,Europe & Central Asia,non-Schengen,m,18_59
2020,2020_II,FALSE,SAU,1,Saudi Arabia,Asia,"Middle East, North Africa, Afghanistan & Pakistan",non-Schengen,m,18_59
2020,2020_II,FALSE,SEN,1,Senegal,Africa,Sub-Saharan Africa,non-Schengen,m,18_59
2020,2020_II,FALSE,SLE,1,Sierra Leone,Africa,Sub-Saharan Africa,non-Schengen,m,18_59
2020,2020_II,FALSE,SOM,2,Somalia,Africa,Sub-Saharan Africa,non-Schengen,m,18_59
2020,2020_II,FALSE,SYR,9,Syria,Asia,"Middle East, North Africa, Afghanistan & Pakistan",non-Schengen,m,18_59
2020,2020_II,FALSE,TJK,1,Tajikistan,Asia,Europe & Central Asia,non-Schengen,f,17
2020,2020_II,FALSE,TJK,2,Tajikistan,Asia,Europe & Central Asia,non-Schengen,f,18_59
2020,2020_II,FALSE,TJK,3,Tajikistan,Asia,Europe & Central Asia,non-Schengen,m,17
2020,2020_II,FALSE,TJK,10,Tajikistan,Asia,Europe & Central Asia,non-Schengen,m,18_59
2020,2020_II,FALSE,TUN,1,Tunisia,Africa,"Middle East, North Africa, Afghanistan & Pakistan",non-Schengen,f,18_59
2020,2020_II,FALSE,TUN,5,Tunisia,Africa,"Middle East, North Africa, Afghanistan & Pakistan",non-Schengen,m,18_59
2020,2020_II,FALSE,TUR,9,Turkey,Asia,Europe & Central Asia,non-Schengen,m,18_59
2020,2020_II,FALSE,UGA,1,Uganda,Africa,Sub-Saharan Africa,non-Schengen,m,18_59
2020,2020_II,FALSE,UKR,23,Ukraine,Europe,Europe & Central Asia,non-Schengen,f,17
2020,2020_II,FALSE,UKR,204,Ukraine,Europe,Europe & Central Asia,non-Schengen,f,18_59
2020,2020_II,FALSE,UKR,3,Ukraine,Europe,Europe & Central Asia,non-Schengen,f,60
2020,2020_II,FALSE,UKR,15,Ukraine,Europe,Europe & Central Asia,non-Schengen,m,17
2020,2020_II,FALSE,UKR,696,Ukraine,Europe,Europe & Central Asia,non-Schengen,m,18_59
2020,2020_II,FALSE,UKR,3,Ukraine,Europe,Europe & Central Asia,non-Schengen,m,60
2020,2020_II,FALSE,UNK,1,unknown,other/unknown,other/unknown,non-Schengen,f,17
2020,2020_II,FALSE,USA,2,United States,Americas,North America,non-Schengen,f,18_59
2020,2020_II,FALSE,USA,1,United States,Americas,North America,non-Schengen,m,18_59
2020,2020_II,FALSE,UZB,27,Uzbekistan,Asia,Europe & Central Asia,non-Schengen,m,18_59
2020,2020_II,FALSE,VNM,2,Vietnam,Asia,East Asia & Pacific,non-Schengen,f,17
2020,2020_II,FALSE,VNM,6,Vietnam,Asia,East Asia & Pacific,non-Schengen,f,18_59
2020,2020_II,FALSE,VNM,17,Vietnam,Asia,East Asia & Pacific,non-Schengen,m,18_59
2020,2020_II,FALSE,XXX,1,Stateless,other/unknown,other/unknown,non-Schengen,m,18_59
2020,2020_II,FALSE,YEM,1,Yemen,Asia,"Middle East, North Africa, Afghanistan & Pakistan",non-Schengen,m,18_59
2020,2020_II,FALSE,ZWE,1,Zimbabwe,Africa,Sub-Saharan Africa,non-Schengen,f,18_59
2020,2020_II,FALSE,ZWE,2,Zimbabwe,Africa,Sub-Saharan Africa,non-Schengen,m,18_59
2020,2020_II,TRUE,AFG,1,Afghanistan,Asia,"Middle East, North Africa, Afghanistan & Pakistan",non-Schengen,m,18_59
2020,2020_II,TRUE,BLR,1,Belarus,Europe,Europe & Central Asia,non-Schengen,m,18_59
2020,2020_II,TRUE,CIV,1,Côte d’Ivoire,Africa,Sub-Saharan Africa,non-Schengen,m,18_59
2020,2020_II,TRUE,UKR,1,Ukraine,Europe,Europe & Central Asia,non-Schengen,m,18_59
2021,2021_I,FALSE,AFG,12,Afghanistan,Asia,"Middle East, North Africa, Afghanistan & Pakistan",non-Schengen,m,18_59
2021,2021_I,FALSE,AGO,1,Angola,Africa,Sub-Saharan Africa,non-Schengen,f,18_59
2021,2021_I,FALSE,ARM,1,Armenia,Asia,Europe & Central Asia,non-Schengen,f,17
2021,2021_I,FALSE,ARM,1,Armenia,Asia,Europe & Central Asia,non-Schengen,f,18_59
2021,2021_I,FALSE,ARM,3,Armenia,Asia,Europe & Central Asia,non-Schengen,f,60
2021,2021_I,FALSE,ARM,6,Armenia,Asia,Europe & Central Asia,non-Schengen,m,18_59
2021,2021_I,FALSE,AZE,1,Azerbaijan,Asia,Europe & Central Asia,non-Schengen,m,18_59
2021,2021_I,FALSE,BGD,1,Bangladesh,Asia,South Asia,non-Schengen,f,18_59
2021,2021_I,FALSE,BGD,10,Bangladesh,Asia,South Asia,non-Schengen,m,18_59
2021,2021_I,FALSE,BLR,1,Belarus,Europe,Europe & Central Asia,non-Schengen,f,17
2021,2021_I,FALSE,BLR,7,Belarus,Europe,Europe & Central Asia,non-Schengen,f,18_59
2021,2021_I,FALSE,BLR,1,Belarus,Europe,Europe & Central Asia,non-Schengen,f,60
2021,2021_I,FALSE,BLR,38,Belarus,Europe,Europe & Central Asia,non-Schengen,m,18_59
2021,2021_I,FALSE,BRA,1,Brazil,Americas,Latin America & Caribbean,non-Schengen,f,18_59
2021,2021_I,FALSE,CAN,1,Canada,Americas,North America,non-Schengen,m,17
2021,2021_I,FALSE,CHN,3,China,Asia,East Asia & Pacific,non-Schengen,f,18_59
2021,2021_I,FALSE,CHN,5,China,Asia,East Asia & Pacific,non-Schengen,m,18_59
2021,2021_I,FALSE,CIV,1,Côte d’Ivoire,Africa,Sub-Saharan Africa,non-Schengen,f,17
2021,2021_I,FALSE,CMR,1,Cameroon,Africa,Sub-Saharan Africa,non-Schengen,m,18_59
2021,2021_I,FALSE,COD,1,Congo - Kinshasa,Africa,Sub-Saharan Africa,non-Schengen,f,18_59
2021,2021_I,FALSE,COL,1,Colombia,Americas,Latin America & Caribbean,non-Schengen,f,18_59
2021,2021_I,FALSE,COL,2,Colombia,Americas,Latin America & Caribbean,non-Schengen,m,18_59
2021,2021_I,FALSE,CUB,1,Cuba,Americas,Latin America & Caribbean,non-Schengen,f,18_59
2021,2021_I,FALSE,CUB,1,Cuba,Americas,Latin America & Caribbean,non-Schengen,m,18_59
2021,2021_I,FALSE,DOM,1,Dominican Republic,Americas,Latin America & Caribbean,non-Schengen,f,18_59
2021,2021_I,FALSE,DZA,5,Algeria,Africa,"Middle East, North Africa, Afghanistan & Pakistan",non-Schengen,m,18_59
2021,2021_I,FALSE,EGY,3,Egypt,Africa,"Middle East, North Africa, Afghanistan & Pakistan",non-Schengen,m,18_59
2021,2021_I,FALSE,ETH,1,Ethiopia,Africa,Sub-Saharan Africa,non-Schengen,f,18_59
2021,2021_I,FALSE,ETH,1,Ethiopia,Africa,Sub-Saharan Africa,non-Schengen,m,18_59
2021,2021_I,FALSE,GEO,7,Georgia,Asia,Europe & Central Asia,non-Schengen,f,18_59
2021,2021_I,FALSE,GEO,1,Georgia,Asia,Europe & Central Asia,non-Schengen,m,17
2021,2021_I,FALSE,GEO,152,Georgia,Asia,Europe & Central Asia,non-Schengen,m,18_59
2021,2021_I,FALSE,IND,4,India,Asia,South Asia,non-Schengen,f,18_59
2021,2021_I,FALSE,IND,25,India,Asia,South Asia,non-Schengen,m,18_59
2021,2021_I,FALSE,IRN,3,Iran,Asia,"Middle East, North Africa, Afghanistan & Pakistan",non-Schengen,m,18_59
2021,2021_I,FALSE,IRQ,1,Iraq,Asia,"Middle East, North Africa, Afghanistan & Pakistan",non-Schengen,m,18_59
2021,2021_I,FALSE,JOR,1,Jordan,Asia,"Middle East, North Africa, Afghanistan & Pakistan",non-Schengen,m,18_59
2021,2021_I,FALSE,KAZ,1,Kazakhstan,Asia,Europe & Central Asia,non-Schengen,f,17
2021,2021_I,FALSE,KAZ,1,Kazakhstan,Asia,Europe & Central Asia,non-Schengen,m,18_59
2021,2021_I,FALSE,KGZ,1,Kyrgyzstan,Asia,Europe & Central Asia,non-Schengen,m,17
2021,2021_I,FALSE,KGZ,2,Kyrgyzstan,Asia,Europe & Central Asia,non-Schengen,m,18_59
2021,2021_I,FALSE,KOR,1,South Korea,Asia,East Asia & Pacific,non-Schengen,f,18_59
2021,2021_I,FALSE,LBN,1,Lebanon,Asia,"Middle East, North Africa, Afghanistan & Pakistan",non-Schengen,m,18_59
2021,2021_I,FALSE,LBY,1,Libya,Africa,"Middle East, North Africa, Afghanistan & Pakistan",non-Schengen,m,18_59
2021,2021_I,FALSE,MAR,3,Morocco,Africa,"Middle East, North Africa, Afghanistan & Pakistan",non-Schengen,m,18_59
2021,2021_I,FALSE,MDA,8,Moldova,Europe,Europe & Central Asia,non-Schengen,f,18_59
2021,2021_I,FALSE,MDA,2,Moldova,Europe,Europe & Central Asia,non-Schengen,m,17
2021,2021_I,FALSE,MDA,30,Moldova,Europe,Europe & Central Asia,non-Schengen,m,18_59
2021,2021_I,FALSE,MDA,1,Moldova,Europe,Europe & Central Asia,non-Schengen,m,60
2021,2021_I,FALSE,MLI,1,Mali,Africa,Sub-Saharan Africa,non-Schengen,m,17
2021,2021_I,FALSE,MNG,3,Mongolia,Asia,East Asia & Pacific,non-Schengen,f,18_59
2021,2021_I,FALSE,MNG,2,Mongolia,Asia,East Asia & Pacific,non-Schengen,m,18_59
2021,2021_I,FALSE,NGA,6,Nigeria,Africa,Sub-Saharan Africa,non-Schengen,m,18_59
2021,2021_I,FALSE,NZL,1,New Zealand,Oceania,East Asia & Pacific,non-Schengen,m,18_59
2021,2021_I,FALSE,PAK,2,Pakistan,Asia,"Middle East, North Africa, Afghanistan & Pakistan",non-Schengen,f,18_59
2021,2021_I,FALSE,PAK,8,Pakistan,Asia,"Middle East, North Africa, Afghanistan & Pakistan",non-Schengen,m,18_59
2021,2021_I,FALSE,PHL,1,Philippines,Asia,East Asia & Pacific,non-Schengen,m,18_59
2021,2021_I,FALSE,PSE,1,Palestinian Territories,Asia,"Middle East, North Africa, Afghanistan & Pakistan",non-Schengen,m,18_59
2021,2021_I,FALSE,RUS,16,Russia,Europe,Europe & Central Asia,non-Schengen,f,17
2021,2021_I,FALSE,RUS,17,Russia,Europe,Europe & Central Asia,non-Schengen,f,18_59
2021,2021_I,FALSE,RUS,13,Russia,Europe,Europe & Central Asia,non-Schengen,m,17
2021,2021_I,FALSE,RUS,28,Russia,Europe,Europe & Central Asia,non-Schengen,m,18_59
2021,2021_I,FALSE,RUS,2,Russia,Europe,Europe & Central Asia,non-Schengen,m,60
2021,2021_I,FALSE,SAU,1,Saudi Arabia,Asia,"Middle East, North Africa, Afghanistan & Pakistan",non-Schengen,m,18_59
2021,2021_I,FALSE,SDN,1,Sudan,Africa,Sub-Saharan Africa,non-Schengen,m,18_59
2021,2021_I,FALSE,SEN,1,Senegal,Africa,Sub-Saharan Africa,non-Schengen,m,18_59
2021,2021_I,FALSE,SOM,1,Somalia,Africa,Sub-Saharan Africa,non-Schengen,m,18_59
2021,2021_I,FALSE,SRB,2,Serbia,Europe,Europe & Central Asia,non-Schengen,m,18_59
2021,2021_I,FALSE,SRB,1,Serbia,Europe,Europe & Central Asia,non-Schengen,m,60
2021,2021_I,FALSE,SVK,1,Slovakia,Europe,Europe & Central Asia,Schengen,m,18_59
2021,2021_I,FALSE,SYR,1,Syria,Asia,"Middle East, North Africa, Afghanistan & Pakistan",non-Schengen,f,18_59
2021,2021_I,FALSE,SYR,5,Syria,Asia,"Middle East, North Africa, Afghanistan & Pakistan",non-Schengen,m,18_59
2021,2021_I,FALSE,TJK,2,Tajikistan,Asia,Europe & Central Asia,non-Schengen,m,18_59
2021,2021_I,FALSE,TUN,4,Tunisia,Africa,"Middle East, North Africa, Afghanistan & Pakistan",non-Schengen,m,18_59
2021,2021_I,FALSE,TUR,8,Turkey,Asia,Europe & Central Asia,non-Schengen,m,18_59
2021,2021_I,FALSE,UKR,6,Ukraine,Europe,Europe & Central Asia,non-Schengen,f,17
2021,2021_I,FALSE,UKR,183,Ukraine,Europe,Europe & Central Asia,non-Schengen,f,18_59
2021,2021_I,FALSE,UKR,13,Ukraine,Europe,Europe & Central Asia,non-Schengen,f,60
2021,2021_I,FALSE,UKR,7,Ukraine,Europe,Europe & Central Asia,non-Schengen,m,17
2021,2021_I,FALSE,UKR,649,Ukraine,Europe,Europe & Central Asia,non-Schengen,m,18_59
2021,2021_I,FALSE,UKR,3,Ukraine,Europe,Europe & Central Asia,non-Schengen,m,60
2021,2021_I,FALSE,UNK,2,unknown,other/unknown,other/unknown,non-Schengen,m,18_59
2021,2021_I,FALSE,USA,2,United States,Americas,North America,non-Schengen,m,18_59
2021,2021_I,FALSE,UZB,17,Uzbekistan,Asia,Europe & Central Asia,non-Schengen,m,18_59
2021,2021_I,FALSE,VEN,1,Venezuela,Americas,Latin America & Caribbean,non-Schengen,f,17
2021,2021_I,FALSE,VEN,1,Venezuela,Americas,Latin America & Caribbean,non-Schengen,f,18_59
2021,2021_I,FALSE,VNM,1,Vietnam,Asia,East Asia & Pacific,non-Schengen,f,17
2021,2021_I,FALSE,VNM,11,Vietnam,Asia,East Asia & Pacific,non-Schengen,f,18_59
2021,2021_I,FALSE,VNM,2,Vietnam,Asia,East Asia & Pacific,non-Schengen,m,17
2021,2021_I,FALSE,VNM,71,Vietnam,Asia,East Asia & Pacific,non-Schengen,m,18_59
2021,2021_I,FALSE,XXX,1,Stateless,other/unknown,other/unknown,non-Schengen,f,17
2021,2021_I,FALSE,XXX,3,Stateless,other/unknown,other/unknown,non-Schengen,m,18_59
2021,2021_I,FALSE,ZWE,1,Zimbabwe,Africa,Sub-Saharan Africa,non-Schengen,f,18_59
2021,2021_I,FALSE,ZWE,4,Zimbabwe,Africa,Sub-Saharan Africa,non-Schengen,m,18_59
2021,2021_I,TRUE,AFG,2,Afghanistan,Asia,"Middle East, North Africa, Afghanistan & Pakistan",non-Schengen,m,18_59
2021,2021_I,TRUE,PSE,2,Palestinian Territories,Asia,"Middle East, North Africa, Afghanistan & Pakistan",non-Schengen,m,18_59
2021,2021_I,TRUE,UKR,1,Ukraine,Europe,Europe & Central Asia,non-Schengen,m,18_59
2021,2021_I,TRUE,VNM,1,Vietnam,Asia,East Asia & Pacific,non-Schengen,m,18_59
2021,2021_II,FALSE,AFG,1,Afghanistan,Asia,"Middle East, North Africa, Afghanistan & Pakistan",non-Schengen,f,18_59
2021,2021_II,FALSE,AFG,2,Afghanistan,Asia,"Middle East, North Africa, Afghanistan & Pakistan",non-Schengen,m,17
2021,2021_II,FALSE,AFG,17,Afghanistan,Asia,"Middle East, North Africa, Afghanistan & Pakistan",non-Schengen,m,18_59
2021,2021_II,FALSE,ALB,3,Albania,Europe,Europe & Central Asia,non-Schengen,m,18_59
2021,2021_II,FALSE,ARM,1,Armenia,Asia,Europe & Central Asia,non-Schengen,f,17
2021,2021_II,FALSE,ARM,9,Armenia,Asia,Europe & Central Asia,non-Schengen,m,18_59
2021,2021_II,FALSE,AUT,1,Austria,Europe,Europe & Central Asia,Schengen,f,17
2021,2021_II,FALSE,AZE,13,Azerbaijan,Asia,Europe & Central Asia,non-Schengen,m,18_59
2021,2021_II,FALSE,BGD,10,Bangladesh,Asia,South Asia,non-Schengen,m,18_59
2021,2021_II,FALSE,BGR,3,Bulgaria,Europe,Europe & Central Asia,non-Schengen,m,18_59
2021,2021_II,FALSE,BIH,1,Bosnia & Herzegovina,Europe,Europe & Central Asia,non-Schengen,m,18_59
2021,2021_II,FALSE,BLR,4,Belarus,Europe,Europe & Central Asia,non-Schengen,f,18_59
2021,2021_II,FALSE,BLR,38,Belarus,Europe,Europe & Central Asia,non-Schengen,m,18_59
2021,2021_II,FALSE,BLR,1,Belarus,Europe,Europe & Central Asia,non-Schengen,m,60
2021,2021_II,FALSE,BRA,1,Brazil,Americas,Latin America & Caribbean,non-Schengen,m,18_59
2021,2021_II,FALSE,CAN,1,Canada,Americas,North America,non-Schengen,m,18_59
2021,2021_II,FALSE,CHE,1,Switzerland,Europe,Europe & Central Asia,Schengen,m,18_59
2021,2021_II,FALSE,CHN,1,China,Asia,East Asia & Pacific,non-Schengen,f,18_59
2021,2021_II,FALSE,CHN,5,China,Asia,East Asia & Pacific,non-Schengen,m,18_59
2021,2021_II,FALSE,CMR,2,Cameroon,Africa,Sub-Saharan Africa,non-Schengen,m,18_59
2021,2021_II,FALSE,COD,1,Congo - Kinshasa,Africa,Sub-Saharan Africa,non-Schengen,m,60
2021,2021_II,FALSE,CUB,1,Cuba,Americas,Latin America & Caribbean,non-Schengen,m,18_59
2021,2021_II,FALSE,DOM,1,Dominican Republic,Americas,Latin America & Caribbean,non-Schengen,m,18_59
2021,2021_II,FALSE,DZA,1,Algeria,Africa,"Middle East, North Africa, Afghanistan & Pakistan",non-Schengen,m,17
2021,2021_II,FALSE,DZA,15,Algeria,Africa,"Middle East, North Africa, Afghanistan & Pakistan",non-Schengen,m,18_59
2021,2021_II,FALSE,EGY,13,Egypt,Africa,"Middle East, North Africa, Afghanistan & Pakistan",non-Schengen,m,18_59
2021,2021_II,FALSE,ERI,1,Eritrea,Africa,Sub-Saharan Africa,non-Schengen,m,18_59
2021,2021_II,FALSE,ETH,1,Ethiopia,Africa,Sub-Saharan Africa,non-Schengen,m,18_59
2021,2021_II,FALSE,GBR,4,United Kingdom,Europe,Europe & Central Asia,non-Schengen,m,18_59
2021,2021_II,FALSE,GEO,11,Georgia,Asia,Europe & Central Asia,non-Schengen,f,18_59
2021,2021_II,FALSE,GEO,190,Georgia,Asia,Europe & Central Asia,non-Schengen,m,18_59
2021,2021_II,FALSE,GNB,1,Guinea-Bissau,Africa,Sub-Saharan Africa,non-Schengen,m,18_59
2021,2021_II,FALSE,IDN,1,Indonesia,Asia,East Asia & Pacific,non-Schengen,m,18_59
2021,2021_II,FALSE,IND,1,India,Asia,South Asia,non-Schengen,f,18_59
2021,2021_II,FALSE,IND,34,India,Asia,South Asia,non-Schengen,m,18_59
2021,2021_II,FALSE,IRN,1,Iran,Asia,"Middle East, North Africa, Afghanistan & Pakistan",non-Schengen,f,18_59
2021,2021_II,FALSE,IRN,8,Iran,Asia,"Middle East, North Africa, Afghanistan & Pakistan",non-Schengen,m,18_59
2021,2021_II,FALSE,IRQ,3,Iraq,Asia,"Middle East, North Africa, Afghanistan & Pakistan",non-Schengen,f,17
2021,2021_II,FALSE,IRQ,7,Iraq,Asia,"Middle East, North Africa, Afghanistan & Pakistan",non-Schengen,f,18_59
2021,2021_II,FALSE,IRQ,6,Iraq,Asia,"Middle East, North Africa, Afghanistan & Pakistan",non-Schengen,m,17
2021,2021_II,FALSE,IRQ,111,Iraq,Asia,"Middle East, North Africa, Afghanistan & Pakistan",non-Schengen,m,18_59
2021,2021_II,FALSE,KAZ,1,Kazakhstan,Asia,Europe & Central Asia,non-Schengen,f,18_59
2021,2021_II,FALSE,KAZ,1,Kazakhstan,Asia,Europe & Central Asia,non-Schengen,m,18_59
2021,2021_II,FALSE,KGZ,2,Kyrgyzstan,Asia,Europe & Central Asia,non-Schengen,m,18_59
2021,2021_II,FALSE,KOR,2,South Korea,Asia,East Asia & Pacific,non-Schengen,m,18_59
2021,2021_II,FALSE,LBN,4,Lebanon,Asia,"Middle East, North Africa, Afghanistan & Pakistan",non-Schengen,m,18_59
2021,2021_II,FALSE,LBY,1,Libya,Africa,"Middle East, North Africa, Afghanistan & Pakistan",non-Schengen,f,18_59
2021,2021_II,FALSE,LKA,1,Sri Lanka,Asia,South Asia,non-Schengen,f,18_59
2021,2021_II,FALSE,LKA,1,Sri Lanka,Asia,South Asia,non-Schengen,m,17
2021,2021_II,FALSE,LKA,4,Sri Lanka,Asia,South Asia,non-Schengen,m,18_59
2021,2021_II,FALSE,MAR,1,Morocco,Africa,"Middle East, North Africa, Afghanistan & Pakistan",non-Schengen,f,60
2021,2021_II,FALSE,MAR,11,Morocco,Africa,"Middle East, North Africa, Afghanistan & Pakistan",non-Schengen,m,18_59
2021,2021_II,FALSE,MDA,1,Moldova,Europe,Europe & Central Asia,non-Schengen,f,17
2021,2021_II,FALSE,MDA,10,Moldova,Europe,Europe & Central Asia,non-Schengen,f,18_59
2021,2021_II,FALSE,MDA,45,Moldova,Europe,Europe & Central Asia,non-Schengen,m,18_59
2021,2021_II,FALSE,MLI,1,Mali,Africa,Sub-Saharan Africa,non-Schengen,m,18_59
2021,2021_II,FALSE,MNG,1,Mongolia,Asia,East Asia & Pacific,non-Schengen,f,18_59
2021,2021_II,FALSE,MNG,3,Mongolia,Asia,East Asia & Pacific,non-Schengen,m,18_59
2021,2021_II,FALSE,NGA,1,Nigeria,Africa,Sub-Saharan Africa,non-Schengen,f,18_59
2021,2021_II,FALSE,NGA,6,Nigeria,Africa,Sub-Saharan Africa,non-Schengen,m,18_59
2021,2021_II,FALSE,NPL,1,Nepal,Asia,South Asia,non-Schengen,f,17
2021,2021_II,FALSE,NPL,3,Nepal,Asia,South Asia,non-Schengen,m,18_59
2021,2021_II,FALSE,PAK,1,Pakistan,Asia,"Middle East, North Africa, Afghanistan & Pakistan",non-Schengen,f,18_59
2021,2021_II,FALSE,PAK,8,Pakistan,Asia,"Middle East, North Africa, Afghanistan & Pakistan",non-Schengen,m,18_59
2021,2021_II,FALSE,PSE,1,Palestinian Territories,Asia,"Middle East, North Africa, Afghanistan & Pakistan",non-Schengen,f,18_59
2021,2021_II,FALSE,PSE,1,Palestinian Territories,Asia,"Middle East, North Africa, Afghanistan & Pakistan",non-Schengen,m,17
2021,2021_II,FALSE,PSE,5,Palestinian Territories,Asia,"Middle East, North Africa, Afghanistan & Pakistan",non-Schengen,m,18_59
2021,2021_II,FALSE,ROU,1,Romania,Europe,Europe & Central Asia,non-Schengen,f,18_59
2021,2021_II,FALSE,ROU,1,Romania,Europe,Europe & Central Asia,non-Schengen,m,18_59
2021,2021_II,FALSE,RUS,6,Russia,Europe,Europe & Central Asia,non-Schengen,f,17
2021,2021_II,FALSE,RUS,11,Russia,Europe,Europe & Central Asia,non-Schengen,f,18_59
2021,2021_II,FALSE,RUS,2,Russia,Europe,Europe & Central Asia,non-Schengen,f,60
2021,2021_II,FALSE,RUS,5,Russia,Europe,Europe & Central Asia,non-Schengen,m,17
2021,2021_II,FALSE,RUS,27,Russia,Europe,Europe & Central Asia,non-Schengen,m,18_59
2021,2021_II,FALSE,RUS,1,Russia,Europe,Europe & Central Asia,non-Schengen,m,60
2021,2021_II,FALSE,RWA,1,Rwanda,Africa,Sub-Saharan Africa,non-Schengen,m,18_59
2021,2021_II,FALSE,SAU,1,Saudi Arabia,Asia,"Middle East, North Africa, Afghanistan & Pakistan",non-Schengen,m,18_59
2021,2021_II,FALSE,SEN,1,Senegal,Africa,Sub-Saharan Africa,non-Schengen,f,17
2021,2021_II,FALSE,SEN,1,Senegal,Africa,Sub-Saharan Africa,non-Schengen,f,18_59
2021,2021_II,FALSE,SOM,2,Somalia,Africa,Sub-Saharan Africa,non-Schengen,m,18_59
2021,2021_II,FALSE,SRB,2,Serbia,Europe,Europe & Central Asia,non-Schengen,m,18_59
2021,2021_II,FALSE,SYR,1,Syria,Asia,"Middle East, North Africa, Afghanistan & Pakistan",non-Schengen,f,17
2021,2021_II,FALSE,SYR,1,Syria,Asia,"Middle East, North Africa, Afghanistan & Pakistan",non-Schengen,f,18_59
2021,2021_II,FALSE,SYR,2,Syria,Asia,"Middle East, North Africa, Afghanistan & Pakistan",non-Schengen,m,17
2021,2021_II,FALSE,SYR,109,Syria,Asia,"Middle East, North Africa, Afghanistan & Pakistan",non-Schengen,m,18_59
2021,2021_II,FALSE,TJK,1,Tajikistan,Asia,Europe & Central Asia,non-Schengen,f,17
2021,2021_II,FALSE,TJK,1,Tajikistan,Asia,Europe & Central Asia,non-Schengen,f,18_59
2021,2021_II,FALSE,TJK,18,Tajikistan,Asia,Europe & Central Asia,non-Schengen,m,18_59
2021,2021_II,FALSE,TKM,2,Turkmenistan,Asia,Europe & Central Asia,non-Schengen,m,18_59
2021,2021_II,FALSE,TUN,5,Tunisia,Africa,"Middle East, North Africa, Afghanistan & Pakistan",non-Schengen,m,18_59
2021,2021_II,FALSE,TUR,2,Turkey,Asia,Europe & Central Asia,non-Schengen,f,18_59
2021,2021_II,FALSE,TUR,32,Turkey,Asia,Europe & Central Asia,non-Schengen,m,18_59
2021,2021_II,FALSE,UKR,2,Ukraine,Europe,Europe & Central Asia,non-Schengen,f,17
2021,2021_II,FALSE,UKR,130,Ukraine,Europe,Europe & Central Asia,non-Schengen,f,18_59
2021,2021_II,FALSE,UKR,13,Ukraine,Europe,Europe & Central Asia,non-Schengen,f,60
2021,2021_II,FALSE,UKR,1,Ukraine,Europe,Europe & Central Asia,non-Schengen,m,17
2021,2021_II,FALSE,UKR,631,Ukraine,Europe,Europe & Central Asia,non-Schengen,m,18_59
2021,2021_II,FALSE,UKR,2,Ukraine,Europe,Europe & Central Asia,non-Schengen,m,60
2021,2021_II,FALSE,UNK,1,unknown,other/unknown,other/unknown,non-Schengen,f,17
2021,2021_II,FALSE,UNK,3,unknown,other/unknown,other/unknown,non-Schengen,m,18_59
2021,2021_II,FALSE,USA,1,United States,Americas,North America,non-Schengen,m,18_59
2021,2021_II,FALSE,UZB,33,Uzbekistan,Asia,Europe & Central Asia,non-Schengen,m,18_59
2021,2021_II,FALSE,VEN,1,Venezuela,Americas,Latin America & Caribbean,non-Schengen,m,18_59
2021,2021_II,FALSE,VNM,2,Vietnam,Asia,East Asia & Pacific,non-Schengen,f,17
2021,2021_II,FALSE,VNM,3,Vietnam,Asia,East Asia & Pacific,non-Schengen,f,18_59
2021,2021_II,FALSE,VNM,32,Vietnam,Asia,East Asia & Pacific,non-Schengen,m,18_59
2021,2021_II,FALSE,XXX,6,Stateless,other/unknown,other/unknown,non-Schengen,m,18_59
2021,2021_II,FALSE,YEM,3,Yemen,Asia,"Middle East, North Africa, Afghanistan & Pakistan",non-Schengen,m,18_59
2021,2021_II,FALSE,ZWE,2,Zimbabwe,Africa,Sub-Saharan Africa,non-Schengen,f,18_59
2021,2021_II,FALSE,ZWE,3,Zimbabwe,Africa,Sub-Saharan Africa,non-Schengen,m,18_59
2021,2021_II,TRUE,IRQ,1,Iraq,Asia,"Middle East, North Africa, Afghanistan & Pakistan",non-Schengen,m,18_59
2021,2021_II,TRUE,SYR,1,Syria,Asia,"Middle East, North Africa, Afghanistan & Pakistan",non-Schengen,m,18_59
2021,2021_II,TRUE,UKR,4,Ukraine,Europe,Europe & Central Asia,non-Schengen,m,18_59
2022,2022_I,FALSE,AFG,1,Afghanistan,Asia,"Middle East, North Africa, Afghanistan & Pakistan",non-Schengen,f,17
2022,2022_I,FALSE,AFG,1,Afghanistan,Asia,"Middle East, North Africa, Afghanistan & Pakistan",non-Schengen,f,18_59
2022,2022_I,FALSE,AFG,4,Afghanistan,Asia,"Middle East, North Africa, Afghanistan & Pakistan",non-Schengen,m,17
2022,2022_I,FALSE,AFG,15,Afghanistan,Asia,"Middle East, North Africa, Afghanistan & Pakistan",non-Schengen,m,18_59
2022,2022_I,FALSE,ALB,1,Albania,Europe,Europe & Central Asia,non-Schengen,m,18_59
2022,2022_I,FALSE,ARM,4,Armenia,Asia,Europe & Central Asia,non-Schengen,f,18_59
2022,2022_I,FALSE,ARM,2,Armenia,Asia,Europe & Central Asia,non-Schengen,f,60
2022,2022_I,FALSE,ARM,2,Armenia,Asia,Europe & Central Asia,non-Schengen,m,17
2022,2022_I,FALSE,ARM,15,Armenia,Asia,Europe & Central Asia,non-Schengen,m,18_59
2022,2022_I,FALSE,AZE,1,Azerbaijan,Asia,Europe & Central Asia,non-Schengen,f,18_59
2022,2022_I,FALSE,AZE,18,Azerbaijan,Asia,Europe & Central Asia,non-Schengen,m,18_59
2022,2022_I,FALSE,AZE,1,Azerbaijan,Asia,Europe & Central Asia,non-Schengen,m,60
2022,2022_I,FALSE,BGD,1,Bangladesh,Asia,South Asia,non-Schengen,m,17
2022,2022_I,FALSE,BGD,4,Bangladesh,Asia,South Asia,non-Schengen,m,18_59
2022,2022_I,FALSE,BGR,1,Bulgaria,Europe,Europe & Central Asia,non-Schengen,m,18_59
2022,2022_I,FALSE,BLR,2,Belarus,Europe,Europe & Central Asia,non-Schengen,f,17
2022,2022_I,FALSE,BLR,9,Belarus,Europe,Europe & Central Asia,non-Schengen,f,18_59
2022,2022_I,FALSE,BLR,1,Belarus,Europe,Europe & Central Asia,non-Schengen,m,17
2022,2022_I,FALSE,BLR,68,Belarus,Europe,Europe & Central Asia,non-Schengen,m,18_59
2022,2022_I,FALSE,BRA,1,Brazil,Americas,Latin America & Caribbean,non-Schengen,m,18_59
2022,2022_I,FALSE,CAN,1,Canada,Americas,North America,non-Schengen,m,18_59
2022,2022_I,FALSE,CHN,3,China,Asia,East Asia & Pacific,non-Schengen,f,18_59
2022,2022_I,FALSE,CHN,2,China,Asia,East Asia & Pacific,non-Schengen,m,17
2022,2022_I,FALSE,CHN,9,China,Asia,East Asia & Pacific,non-Schengen,m,18_59
2022,2022_I,FALSE,CMR,4,Cameroon,Africa,Sub-Saharan Africa,non-Schengen,m,18_59
2022,2022_I,FALSE,COD,1,Congo - Kinshasa,Africa,Sub-Saharan Africa,non-Schengen,f,18_59
2022,2022_I,FALSE,COD,2,Congo - Kinshasa,Africa,Sub-Saharan Africa,non-Schengen,m,18_59
2022,2022_I,FALSE,COG,1,Congo - Brazzaville,Africa,Sub-Saharan Africa,non-Schengen,m,18_59
2022,2022_I,FALSE,COL,1,Colombia,Americas,Latin America & Caribbean,non-Schengen,f,18_59
2022,2022_I,FALSE,COL,2,Colombia,Americas,Latin America & Caribbean,non-Schengen,m,18_59
2022,2022_I,FALSE,COM,1,Comoros,Africa,Sub-Saharan Africa,non-Schengen,f,18_59
2022,2022_I,FALSE,CUB,1,Cuba,Americas,Latin America & Caribbean,non-Schengen,f,18_59
2022,2022_I,FALSE,CUB,1,Cuba,Americas,Latin America & Caribbean,non-Schengen,m,18_59
2022,2022_I,FALSE,DZA,6,Algeria,Africa,"Middle East, North Africa, Afghanistan & Pakistan",non-Schengen,m,18_59
2022,2022_I,FALSE,EGY,5,Egypt,Africa,"Middle East, North Africa, Afghanistan & Pakistan",non-Schengen,m,18_59
2022,2022_I,FALSE,ETH,6,Ethiopia,Africa,Sub-Saharan Africa,non-Schengen,m,18_59
2022,2022_I,FALSE,GBR,1,United Kingdom,Europe,Europe & Central Asia,non-Schengen,f,18_59
2022,2022_I,FALSE,GBR,1,United Kingdom,Europe,Europe & Central Asia,non-Schengen,m,18_59
2022,2022_I,FALSE,GEO,1,Georgia,Asia,Europe & Central Asia,non-Schengen,f,17
2022,2022_I,FALSE,GEO,8,Georgia,Asia,Europe & Central Asia,non-Schengen,f,18_59
2022,2022_I,FALSE,GEO,1,Georgia,Asia,Europe & Central Asia,non-Schengen,f,60
2022,2022_I,FALSE,GEO,246,Georgia,Asia,Europe & Central Asia,non-Schengen,m,18_59
2022,2022_I,FALSE,GHA,1,Ghana,Africa,Sub-Saharan Africa,non-Schengen,m,18_59
2022,2022_I,FALSE,GIN,8,Guinea,Africa,Sub-Saharan Africa,non-Schengen,m,18_59
2022,2022_I,FALSE,GMB,4,Gambia,Africa,Sub-Saharan Africa,non-Schengen,m,18_59
2022,2022_I,FALSE,GTM,1,Guatemala,Americas,Latin America & Caribbean,non-Schengen,m,18_59
2022,2022_I,FALSE,IDN,1,Indonesia,Asia,East Asia & Pacific,non-Schengen,m,18_59
2022,2022_I,FALSE,IND,1,India,Asia,South Asia,non-Schengen,f,17
2022,2022_I,FALSE,IND,2,India,Asia,South Asia,non-Schengen,f,18_59
2022,2022_I,FALSE,IND,1,India,Asia,South Asia,non-Schengen,m,17
2022,2022_I,FALSE,IND,28,India,Asia,South Asia,non-Schengen,m,18_59
2022,2022_I,FALSE,IRN,2,Iran,Asia,"Middle East, North Africa, Afghanistan & Pakistan",non-Schengen,m,18_59
2022,2022_I,FALSE,IRQ,8,Iraq,Asia,"Middle East, North Africa, Afghanistan & Pakistan",non-Schengen,m,18_59
2022,2022_I,FALSE,JOR,1,Jordan,Asia,"Middle East, North Africa, Afghanistan & Pakistan",non-Schengen,m,18_59
2022,2022_I,FALSE,JPN,1,Japan,Asia,East Asia & Pacific,non-Schengen,m,18_59
2022,2022_I,FALSE,KAZ,5,Kazakhstan,Asia,Europe & Central Asia,non-Schengen,m,18_59
2022,2022_I,FALSE,KEN,1,Kenya,Africa,Sub-Saharan Africa,non-Schengen,f,18_59
2022,2022_I,FALSE,KGZ,2,Kyrgyzstan,Asia,Europe & Central Asia,non-Schengen,f,17
2022,2022_I,FALSE,KGZ,1,Kyrgyzstan,Asia,Europe & Central Asia,non-Schengen,f,18_59
2022,2022_I,FALSE,KGZ,1,Kyrgyzstan,Asia,Europe & Central Asia,non-Schengen,m,17
2022,2022_I,FALSE,KGZ,6,Kyrgyzstan,Asia,Europe & Central Asia,non-Schengen,m,18_59
2022,2022_I,FALSE,KOR,2,South Korea,Asia,East Asia & Pacific,non-Schengen,m,18_59
2022,2022_I,FALSE,LBY,1,Libya,Africa,"Middle East, North Africa, Afghanistan & Pakistan",non-Schengen,m,18_59
2022,2022_I,FALSE,LKA,3,Sri Lanka,Asia,South Asia,non-Schengen,m,18_59
2022,2022_I,FALSE,MAR,8,Morocco,Africa,"Middle East, North Africa, Afghanistan & Pakistan",non-Schengen,m,18_59
2022,2022_I,FALSE,MDA,5,Moldova,Europe,Europe & Central Asia,non-Schengen,f,18_59
2022,2022_I,FALSE,MDA,1,Moldova,Europe,Europe & Central Asia,non-Schengen,f,60
2022,2022_I,FALSE,MDA,1,Moldova,Europe,Europe & Central Asia,non-Schengen,m,17
2022,2022_I,FALSE,MDA,52,Moldova,Europe,Europe & Central Asia,non-Schengen,m,18_59
2022,2022_I,FALSE,MEX,1,Mexico,Americas,Latin America & Caribbean,non-Schengen,m,18_59
2022,2022_I,FALSE,MKD,1,North Macedonia,Europe,Europe & Central Asia,non-Schengen,m,18_59
2022,2022_I,FALSE,MLI,2,Mali,Africa,Sub-Saharan Africa,non-Schengen,m,18_59
2022,2022_I,FALSE,MNG,1,Mongolia,Asia,East Asia & Pacific,non-Schengen,m,18_59
2022,2022_I,FALSE,MUS,8,Mauritius,Africa,Sub-Saharan Africa,non-Schengen,f,18_59
2022,2022_I,FALSE,MUS,4,Mauritius,Africa,Sub-Saharan Africa,non-Schengen,m,18_59
2022,2022_I,FALSE,MYS,1,Malaysia,Asia,East Asia & Pacific,non-Schengen,m,18_59
2022,2022_I,FALSE,NGA,2,Nigeria,Africa,Sub-Saharan Africa,non-Schengen,f,17
2022,2022_I,FALSE,NGA,1,Nigeria,Africa,Sub-Saharan Africa,non-Schengen,f,18_59
2022,2022_I,FALSE,NGA,6,Nigeria,Africa,Sub-Saharan Africa,non-Schengen,m,18_59
2022,2022_I,FALSE,NPL,4,Nepal,Asia,South Asia,non-Schengen,m,18_59
2022,2022_I,FALSE,PAK,2,Pakistan,Asia,"Middle East, North Africa, Afghanistan & Pakistan",non-Schengen,f,18_59
2022,2022_I,FALSE,PAK,1,Pakistan,Asia,"Middle East, North Africa, Afghanistan & Pakistan",non-Schengen,m,17
2022,2022_I,FALSE,PAK,13,Pakistan,Asia,"Middle East, North Africa, Afghanistan & Pakistan",non-Schengen,m,18_59
2022,2022_I,FALSE,PHL,1,Philippines,Asia,East Asia & Pacific,non-Schengen,f,18_59
2022,2022_I,FALSE,RUS,6,Russia,Europe,Europe & Central Asia,non-Schengen,f,17
2022,2022_I,FALSE,RUS,17,Russia,Europe,Europe & Central Asia,non-Schengen,f,18_59
2022,2022_I,FALSE,RUS,4,Russia,Europe,Europe & Central Asia,non-Schengen,f,60
2022,2022_I,FALSE,RUS,3,Russia,Europe,Europe & Central Asia,non-Schengen,m,17
2022,2022_I,FALSE,RUS,49,Russia,Europe,Europe & Central Asia,non-Schengen,m,18_59
2022,2022_I,FALSE,RWA,1,Rwanda,Africa,Sub-Saharan Africa,non-Schengen,f,18_59
2022,2022_I,FALSE,RWA,4,Rwanda,Africa,Sub-Saharan Africa,non-Schengen,m,18_59
2022,2022_I,FALSE,SAU,1,Saudi Arabia,Asia,"Middle East, North Africa, Afghanistan & Pakistan",non-Schengen,m,18_59
2022,2022_I,FALSE,SDN,1,Sudan,Africa,Sub-Saharan Africa,non-Schengen,m,18_59
2022,2022_I,FALSE,SRB,1,Serbia,Europe,Europe & Central Asia,non-Schengen,m,18_59
2022,2022_I,FALSE,SYR,29,Syria,Asia,"Middle East, North Africa, Afghanistan & Pakistan",non-Schengen,m,18_59
2022,2022_I,FALSE,TJK,1,Tajikistan,Asia,Europe & Central Asia,non-Schengen,f,17
2022,2022_I,FALSE,TJK,4,Tajikistan,Asia,Europe & Central Asia,non-Schengen,f,18_59
2022,2022_I,FALSE,TJK,4,Tajikistan,Asia,Europe & Central Asia,non-Schengen,m,17
2022,2022_I,FALSE,TJK,24,Tajikistan,Asia,Europe & Central Asia,non-Schengen,m,18_59
2022,2022_I,FALSE,TKM,24,Turkmenistan,Asia,Europe & Central Asia,non-Schengen,m,18_59
2022,2022_I,FALSE,TUN,6,Tunisia,Africa,"Middle East, North Africa, Afghanistan & Pakistan",non-Schengen,m,18_59
2022,2022_I,FALSE,TUR,22,Turkey,Asia,Europe & Central Asia,non-Schengen,m,18_59
2022,2022_I,FALSE,TZA,1,Tanzania,Africa,Sub-Saharan Africa,non-Schengen,m,18_59
2022,2022_I,FALSE,UGA,2,Uganda,Africa,Sub-Saharan Africa,non-Schengen,m,18_59
2022,2022_I,FALSE,UKR,3,Ukraine,Europe,Europe & Central Asia,non-Schengen,f,17
2022,2022_I,FALSE,UKR,49,Ukraine,Europe,Europe & Central Asia,non-Schengen,f,18_59
2022,2022_I,FALSE,UKR,8,Ukraine,Europe,Europe & Central Asia,non-Schengen,f,60
2022,2022_I,FALSE,UKR,3,Ukraine,Europe,Europe & Central Asia,non-Schengen,m,17
2022,2022_I,FALSE,UKR,379,Ukraine,Europe,Europe & Central Asia,non-Schengen,m,18_59
2022,2022_I,FALSE,UKR,2,Ukraine,Europe,Europe & Central Asia,non-Schengen,m,60
2022,2022_I,FALSE,UNK,1,unknown,other/unknown,other/unknown,non-Schengen,f,18_59
2022,2022_I,FALSE,UNK,2,unknown,other/unknown,other/unknown,non-Schengen,m,18_59
2022,2022_I,FALSE,USA,1,United States,Americas,North America,non-Schengen,m,60
2022,2022_I,FALSE,UZB,4,Uzbekistan,Asia,Europe & Central Asia,non-Schengen,f,18_59
2022,2022_I,FALSE,UZB,49,Uzbekistan,Asia,Europe & Central Asia,non-Schengen,m,18_59
2022,2022_I,FALSE,VEN,1,Venezuela,Americas,Latin America & Caribbean,non-Schengen,m,18_59
2022,2022_I,FALSE,VNM,6,Vietnam,Asia,East Asia & Pacific,non-Schengen,f,17
2022,2022_I,FALSE,VNM,9,Vietnam,Asia,East Asia & Pacific,non-Schengen,f,18_59
2022,2022_I,FALSE,VNM,1,Vietnam,Asia,East Asia & Pacific,non-Schengen,f,60
2022,2022_I,FALSE,VNM,2,Vietnam,Asia,East Asia & Pacific,non-Schengen,m,17
2022,2022_I,FALSE,VNM,57,Vietnam,Asia,East Asia & Pacific,non-Schengen,m,18_59
2022,2022_I,FALSE,XXX,4,Stateless,other/unknown,other/unknown,non-Schengen,m,18_59
2022,2022_I,FALSE,YEM,2,Yemen,Asia,"Middle East, North Africa, Afghanistan & Pakistan",non-Schengen,m,18_59
2022,2022_I,FALSE,ZWE,2,Zimbabwe,Africa,Sub-Saharan Africa,non-Schengen,m,18_59
2022,2022_I,TRUE,GEO,3,Georgia,Asia,Europe & Central Asia,non-Schengen,m,18_59
2022,2022_I,TRUE,MDA,2,Moldova,Europe,Europe & Central Asia,non-Schengen,m,18_59
2022,2022_I,TRUE,TKM,1,Turkmenistan,Asia,Europe & Central Asia,non-Schengen,m,18_59
2022,2022_II,FALSE,AFG,1,Afghanistan,Asia,"Middle East, North Africa, Afghanistan & Pakistan",non-Schengen,m,17
2022,2022_II,FALSE,AFG,12,Afghanistan,Asia,"Middle East, North Africa, Afghanistan & Pakistan",non-Schengen,m,18_59
2022,2022_II,FALSE,AGO,2,Angola,Africa,Sub-Saharan Africa,non-Schengen,f,18_59
2022,2022_II,FALSE,ALB,1,Albania,Europe,Europe & Central Asia,non-Schengen,f,18_59
2022,2022_II,FALSE,ALB,5,Albania,Europe,Europe & Central Asia,non-Schengen,m,18_59
2022,2022_II,FALSE,ARM,3,Armenia,Asia,Europe & Central Asia,non-Schengen,f,18_59
2022,2022_II,FALSE,ARM,3,Armenia,Asia,Europe & Central Asia,non-Schengen,m,17
2022,2022_II,FALSE,ARM,4,Armenia,Asia,Europe & Central Asia,non-Schengen,m,18_59
2022,2022_II,FALSE,AUS,1,Australia,Oceania,East Asia & Pacific,non-Schengen,m,18_59
2022,2022_II,FALSE,AZE,1,Azerbaijan,Asia,Europe & Central Asia,non-Schengen,f,17
2022,2022_II,FALSE,AZE,1,Azerbaijan,Asia,Europe & Central Asia,non-Schengen,m,17
2022,2022_II,FALSE,AZE,17,Azerbaijan,Asia,Europe & Central Asia,non-Schengen,m,18_59
2022,2022_II,FALSE,BGD,6,Bangladesh,Asia,South Asia,non-Schengen,m,18_59
2022,2022_II,FALSE,BLR,2,Belarus,Europe,Europe & Central Asia,non-Schengen,f,17
2022,2022_II,FALSE,BLR,16,Belarus,Europe,Europe & Central Asia,non-Schengen,f,18_59
2022,2022_II,FALSE,BLR,1,Belarus,Europe,Europe & Central Asia,non-Schengen,f,60
2022,2022_II,FALSE,BLR,3,Belarus,Europe,Europe & Central Asia,non-Schengen,m,17
2022,2022_II,FALSE,BLR,104,Belarus,Europe,Europe & Central Asia,non-Schengen,m,18_59
2022,2022_II,FALSE,BRA,2,Brazil,Americas,Latin America & Caribbean,non-Schengen,m,18_59
2022,2022_II,FALSE,CHN,1,China,Asia,East Asia & Pacific,non-Schengen,f,18_59
2022,2022_II,FALSE,CHN,3,China,Asia,East Asia & Pacific,non-Schengen,m,18_59
2022,2022_II,FALSE,CMR,1,Cameroon,Africa,Sub-Saharan Africa,non-Schengen,f,17
2022,2022_II,FALSE,CMR,3,Cameroon,Africa,Sub-Saharan Africa,non-Schengen,m,18_59
2022,2022_II,FALSE,COD,5,Congo - Kinshasa,Africa,Sub-Saharan Africa,non-Schengen,m,18_59
2022,2022_II,FALSE,COL,1,Colombia,Americas,Latin America & Caribbean,non-Schengen,f,18_59
2022,2022_II,FALSE,COL,7,Colombia,Americas,Latin America & Caribbean,non-Schengen,m,18_59
2022,2022_II,FALSE,CUB,1,Cuba,Americas,Latin America & Caribbean,non-Schengen,m,18_59
2022,2022_II,FALSE,DZA,2,Algeria,Africa,"Middle East, North Africa, Afghanistan & Pakistan",non-Schengen,m,18_59
2022,2022_II,FALSE,EGY,9,Egypt,Africa,"Middle East, North Africa, Afghanistan & Pakistan",non-Schengen,m,18_59
2022,2022_II,FALSE,ETH,4,Ethiopia,Africa,Sub-Saharan Africa,non-Schengen,f,18_59
2022,2022_II,FALSE,ETH,3,Ethiopia,Africa,Sub-Saharan Africa,non-Schengen,m,18_59
2022,2022_II,FALSE,GBR,1,United Kingdom,Europe,Europe & Central Asia,non-Schengen,m,18_59
2022,2022_II,FALSE,GEO,9,Georgia,Asia,Europe & Central Asia,non-Schengen,f,18_59
2022,2022_II,FALSE,GEO,1,Georgia,Asia,Europe & Central Asia,non-Schengen,f,60
2022,2022_II,FALSE,GEO,324,Georgia,Asia,Europe & Central Asia,non-Schengen,m,18_59
2022,2022_II,FALSE,GEO,1,Georgia,Asia,Europe & Central Asia,non-Schengen,m,60
2022,2022_II,FALSE,GHA,1,Ghana,Africa,Sub-Saharan Africa,non-Schengen,f,18_59
2022,2022_II,FALSE,GHA,4,Ghana,Africa,Sub-Saharan Africa,non-Schengen,m,18_59
2022,2022_II,FALSE,GTM,1,Guatemala,Americas,Latin America & Caribbean,non-Schengen,m,18_59
2022,2022_II,FALSE,IDN,1,Indonesia,Asia,East Asia & Pacific,non-Schengen,f,18_59
2022,2022_II,FALSE,IDN,1,Indonesia,Asia,East Asia & Pacific,non-Schengen,m,18_59
2022,2022_II,FALSE,IND,2,India,Asia,South Asia,non-Schengen,f,18_59
2022,2022_II,FALSE,IND,38,India,Asia,South Asia,non-Schengen,m,18_59
2022,2022_II,FALSE,IRN,2,Iran,Asia,"Middle East, North Africa, Afghanistan & Pakistan",non-Schengen,m,18_59
2022,2022_II,FALSE,IRQ,2,Iraq,Asia,"Middle East, North Africa, Afghanistan & Pakistan",non-Schengen,f,17
2022,2022_II,FALSE,IRQ,2,Iraq,Asia,"Middle East, North Africa, Afghanistan & Pakistan",non-Schengen,f,18_59
2022,2022_II,FALSE,IRQ,1,Iraq,Asia,"Middle East, North Africa, Afghanistan & Pakistan",non-Schengen,m,17
2022,2022_II,FALSE,IRQ,7,Iraq,Asia,"Middle East, North Africa, Afghanistan & Pakistan",non-Schengen,m,18_59
2022,2022_II,FALSE,ISR,1,Israel,Asia,"Middle East, North Africa, Afghanistan & Pakistan",non-Schengen,m,18_59
2022,2022_II,FALSE,JOR,3,Jordan,Asia,"Middle East, North Africa, Afghanistan & Pakistan",non-Schengen,m,18_59
2022,2022_II,FALSE,KAZ,2,Kazakhstan,Asia,Europe & Central Asia,non-Schengen,f,18_59
2022,2022_II,FALSE,KAZ,11,Kazakhstan,Asia,Europe & Central Asia,non-Schengen,m,18_59
2022,2022_II,FALSE,KGZ,1,Kyrgyzstan,Asia,Europe & Central Asia,non-Schengen,m,17
2022,2022_II,FALSE,KGZ,5,Kyrgyzstan,Asia,Europe & Central Asia,non-Schengen,m,18_59
2022,2022_II,FALSE,KOSOVO,1,KOSOVO,Europe,Europe & Central Asia,non-Schengen,m,18_59
2022,2022_II,FALSE,LBY,3,Libya,Africa,"Middle East, North Africa, Afghanistan & Pakistan",non-Schengen,m,18_59
2022,2022_II,FALSE,LKA,1,Sri Lanka,Asia,South Asia,non-Schengen,f,18_59
2022,2022_II,FALSE,LKA,10,Sri Lanka,Asia,South Asia,non-Schengen,m,18_59
2022,2022_II,FALSE,MAR,3,Morocco,Africa,"Middle East, North Africa, Afghanistan & Pakistan",non-Schengen,m,17
2022,2022_II,FALSE,MAR,22,Morocco,Africa,"Middle East, North Africa, Afghanistan & Pakistan",non-Schengen,m,18_59
2022,2022_II,FALSE,MDA,3,Moldova,Europe,Europe & Central Asia,non-Schengen,f,17
2022,2022_II,FALSE,MDA,28,Moldova,Europe,Europe & Central Asia,non-Schengen,f,18_59
2022,2022_II,FALSE,MDA,11,Moldova,Europe,Europe & Central Asia,non-Schengen,m,17
2022,2022_II,FALSE,MDA,121,Moldova,Europe,Europe & Central Asia,non-Schengen,m,18_59
2022,2022_II,FALSE,MEX,1,Mexico,Americas,Latin America & Caribbean,non-Schengen,f,18_59
2022,2022_II,FALSE,MEX,6,Mexico,Americas,Latin America & Caribbean,non-Schengen,m,18_59
2022,2022_II,FALSE,MKD,1,North Macedonia,Europe,Europe & Central Asia,non-Schengen,m,18_59
2022,2022_II,FALSE,NGA,1,Nigeria,Africa,Sub-Saharan Africa,non-Schengen,f,18_59
2022,2022_II,FALSE,NGA,17,Nigeria,Africa,Sub-Saharan Africa,non-Schengen,m,18_59
2022,2022_II,FALSE,NPL,1,Nepal,Asia,South Asia,non-Schengen,f,18_59
2022,2022_II,FALSE,NPL,6,Nepal,Asia,South Asia,non-Schengen,m,18_59
2022,2022_II,FALSE,PAK,16,Pakistan,Asia,"Middle East, North Africa, Afghanistan & Pakistan",non-Schengen,m,18_59
2022,2022_II,FALSE,PHL,2,Philippines,Asia,East Asia & Pacific,non-Schengen,f,18_59
2022,2022_II,FALSE,PHL,6,Philippines,Asia,East Asia & Pacific,non-Schengen,m,18_59
2022,2022_II,FALSE,PRY,5,Paraguay,Americas,Latin America & Caribbean,non-Schengen,m,18_59
2022,2022_II,FALSE,PSE,2,Palestinian Territories,Asia,"Middle East, North Africa, Afghanistan & Pakistan",non-Schengen,m,18_59
2022,2022_II,FALSE,RUS,5,Russia,Europe,Europe & Central Asia,non-Schengen,f,17
2022,2022_II,FALSE,RUS,18,Russia,Europe,Europe & Central Asia,non-Schengen,f,18_59
2022,2022_II,FALSE,RUS,1,Russia,Europe,Europe & Central Asia,non-Schengen,f,60
2022,2022_II,FALSE,RUS,2,Russia,Europe,Europe & Central Asia,non-Schengen,m,17
2022,2022_II,FALSE,RUS,37,Russia,Europe,Europe & Central Asia,non-Schengen,m,18_59
2022,2022_II,FALSE,RUS,2,Russia,Europe,Europe & Central Asia,non-Schengen,m,60
2022,2022_II,FALSE,RWA,4,Rwanda,Africa,Sub-Saharan Africa,non-Schengen,f,18_59
2022,2022_II,FALSE,RWA,3,Rwanda,Africa,Sub-Saharan Africa,non-Schengen,m,18_59
2022,2022_II,FALSE,SDN,4,Sudan,Africa,Sub-Saharan Africa,non-Schengen,m,18_59
2022,2022_II,FALSE,SRB,1,Serbia,Europe,Europe & Central Asia,non-Schengen,m,18_59
2022,2022_II,FALSE,SYR,14,Syria,Asia,"Middle East, North Africa, Afghanistan & Pakistan",non-Schengen,m,18_59
2022,2022_II,FALSE,TJK,4,Tajikistan,Asia,Europe & Central Asia,non-Schengen,f,17
2022,2022_II,FALSE,TJK,1,Tajikistan,Asia,Europe & Central Asia,non-Schengen,f,18_59
2022,2022_II,FALSE,TJK,32,Tajikistan,Asia,Europe & Central Asia,non-Schengen,m,18_59
2022,2022_II,FALSE,TKM,33,Turkmenistan,Asia,Europe & Central Asia,non-Schengen,m,18_59
2022,2022_II,FALSE,TUN,5,Tunisia,Africa,"Middle East, North Africa, Afghanistan & Pakistan",non-Schengen,m,18_59
2022,2022_II,FALSE,TUR,24,Turkey,Asia,Europe & Central Asia,non-Schengen,m,18_59
2022,2022_II,FALSE,TUR,1,Turkey,Asia,Europe & Central Asia,non-Schengen,m,60
2022,2022_II,FALSE,UKR,3,Ukraine,Europe,Europe & Central Asia,non-Schengen,f,17
2022,2022_II,FALSE,UKR,46,Ukraine,Europe,Europe & Central Asia,non-Schengen,f,18_59
2022,2022_II,FALSE,UKR,3,Ukraine,Europe,Europe & Central Asia,non-Schengen,f,60
2022,2022_II,FALSE,UKR,348,Ukraine,Europe,Europe & Central Asia,non-Schengen,m,18_59
2022,2022_II,FALSE,UNK,1,unknown,other/unknown,other/unknown,non-Schengen,f,18_59
2022,2022_II,FALSE,UNK,2,unknown,other/unknown,other/unknown,non-Schengen,m,17
2022,2022_II,FALSE,UNK,5,unknown,other/unknown,other/unknown,non-Schengen,m,18_59
2022,2022_II,FALSE,USA,1,United States,Americas,North America,non-Schengen,m,18_59
2022,2022_II,FALSE,UZB,52,Uzbekistan,Asia,Europe & Central Asia,non-Schengen,m,18_59
2022,2022_II,FALSE,VEN,3,Venezuela,Americas,Latin America & Caribbean,non-Schengen,m,18_59
2022,2022_II,FALSE,VNM,1,Vietnam,Asia,East Asia & Pacific,non-Schengen,f,17
2022,2022_II,FALSE,VNM,7,Vietnam,Asia,East Asia & Pacific,non-Schengen,f,18_59
2022,2022_II,FALSE,VNM,2,Vietnam,Asia,East Asia & Pacific,non-Schengen,f,60
2022,2022_II,FALSE,VNM,3,Vietnam,Asia,East Asia & Pacific,non-Schengen,m,17
2022,2022_II,FALSE,VNM,35,Vietnam,Asia,East Asia & Pacific,non-Schengen,m,18_59
2022,2022_II,FALSE,XXX,2,Stateless,other/unknown,other/unknown,non-Schengen,m,18_59
2022,2022_II,FALSE,YEM,1,Yemen,Asia,"Middle East, North Africa, Afghanistan & Pakistan",non-Schengen,m,18_59
2022,2022_II,FALSE,ZMB,1,Zambia,Africa,Sub-Saharan Africa,non-Schengen,m,18_59
2022,2022_II,FALSE,ZWE,1,Zimbabwe,Africa,Sub-Saharan Africa,non-Schengen,f,18_59
2022,2022_II,FALSE,ZWE,4,Zimbabwe,Africa,Sub-Saharan Africa,non-Schengen,m,18_59
2022,2022_II,TRUE,ARM,3,Armenia,Asia,Europe & Central Asia,non-Schengen,m,18_59
2022,2022_II,TRUE,AZE,2,Azerbaijan,Asia,Europe & Central Asia,non-Schengen,m,18_59
2022,2022_II,TRUE,BHS,1,Bahamas,Americas,Latin America & Caribbean,non-Schengen,m,18_59
2022,2022_II,TRUE,BLR,9,Belarus,Europe,Europe & Central Asia,non-Schengen,m,18_59
2022,2022_II,TRUE,ETH,3,Ethiopia,Africa,Sub-Saharan Africa,non-Schengen,m,18_59
2022,2022_II,TRUE,GEO,1,Georgia,Asia,Europe & Central Asia,non-Schengen,f,18_59
2022,2022_II,TRUE,GEO,26,Georgia,Asia,Europe & Central Asia,non-Schengen,m,18_59
2022,2022_II,TRUE,IND,1,India,Asia,South Asia,non-Schengen,m,18_59
2022,2022_II,TRUE,IRQ,3,Iraq,Asia,"Middle East, North Africa, Afghanistan & Pakistan",non-Schengen,m,18_59
2022,2022_II,TRUE,KGZ,1,Kyrgyzstan,Asia,Europe & Central Asia,non-Schengen,m,18_59
2022,2022_II,TRUE,MDA,5,Moldova,Europe,Europe & Central Asia,non-Schengen,m,18_59
2022,2022_II,TRUE,PAK,1,Pakistan,Asia,"Middle East, North Africa, Afghanistan & Pakistan",non-Schengen,m,18_59
2022,2022_II,TRUE,RUS,3,Russia,Europe,Europe & Central Asia,non-Schengen,m,18_59
2022,2022_II,TRUE,SYR,4,Syria,Asia,"Middle East, North Africa, Afghanistan & Pakistan",non-Schengen,m,18_59
2022,2022_II,TRUE,TJK,3,Tajikistan,Asia,Europe & Central Asia,non-Schengen,m,18_59
2022,2022_II,TRUE,TUR,3,Turkey,Asia,Europe & Central Asia,non-Schengen,m,18_59
2022,2022_II,TRUE,UKR,2,Ukraine,Europe,Europe & Central Asia,non-Schengen,f,18_59
2022,2022_II,TRUE,UKR,24,Ukraine,Europe,Europe & Central Asia,non-Schengen,m,18_59
2022,2022_II,TRUE,UZB,2,Uzbekistan,Asia,Europe & Central Asia,non-Schengen,m,18_59
2022,2022_II,TRUE,VNM,1,Vietnam,Asia,East Asia & Pacific,non-Schengen,m,18_59
2023,2023_I,FALSE,AFG,12,Afghanistan,Asia,"Middle East, North Africa, Afghanistan & Pakistan",non-Schengen,m,18_59
2023,2023_I,FALSE,ALB,1,Albania,Europe,Europe & Central Asia,non-Schengen,m,18_59
2023,2023_I,FALSE,ARG,3,Argentina,Americas,Latin America & Caribbean,non-Schengen,m,18_59
2023,2023_I,FALSE,ARM,1,Armenia,Asia,Europe & Central Asia,non-Schengen,f,18_59
2023,2023_I,FALSE,ARM,12,Armenia,Asia,Europe & Central Asia,non-Schengen,m,18_59
2023,2023_I,FALSE,AZE,19,Azerbaijan,Asia,Europe & Central Asia,non-Schengen,m,18_59
2023,2023_I,FALSE,BDI,1,Burundi,Africa,Sub-Saharan Africa,non-Schengen,m,18_59
2023,2023_I,FALSE,BGD,10,Bangladesh,Asia,South Asia,non-Schengen,m,18_59
2023,2023_I,FALSE,BLR,15,Belarus,Europe,Europe & Central Asia,non-Schengen,f,18_59
2023,2023_I,FALSE,BLR,1,Belarus,Europe,Europe & Central Asia,non-Schengen,f,60
2023,2023_I,FALSE,BLR,123,Belarus,Europe,Europe & Central Asia,non-Schengen,m,18_59
2023,2023_I,FALSE,BLR,1,Belarus,Europe,Europe & Central Asia,non-Schengen,m,60
2023,2023_I,FALSE,BRA,1,Brazil,Americas,Latin America & Caribbean,non-Schengen,f,18_59
2023,2023_I,FALSE,BRA,3,Brazil,Americas,Latin America & Caribbean,non-Schengen,m,18_59
2023,2023_I,FALSE,CAN,1,Canada,Americas,North America,non-Schengen,f,18_59
2023,2023_I,FALSE,CAN,3,Canada,Americas,North America,non-Schengen,m,18_59
2023,2023_I,FALSE,CHN,1,China,Asia,East Asia & Pacific,non-Schengen,f,18_59
2023,2023_I,FALSE,CHN,1,China,Asia,East Asia & Pacific,non-Schengen,f,60
2023,2023_I,FALSE,CHN,8,China,Asia,East Asia & Pacific,non-Schengen,m,18_59
2023,2023_I,FALSE,CIV,1,Côte d’Ivoire,Africa,Sub-Saharan Africa,non-Schengen,m,18_59
2023,2023_I,FALSE,COD,1,Congo - Kinshasa,Africa,Sub-Saharan Africa,non-Schengen,f,18_59
2023,2023_I,FALSE,COG,1,Congo - Brazzaville,Africa,Sub-Saharan Africa,non-Schengen,m,18_59
2023,2023_I,FALSE,COL,5,Colombia,Americas,Latin America & Caribbean,non-Schengen,f,18_59
2023,2023_I,FALSE,COL,9,Colombia,Americas,Latin America & Caribbean,non-Schengen,m,18_59
2023,2023_I,FALSE,CUB,1,Cuba,Americas,Latin America & Caribbean,non-Schengen,f,18_59
2023,2023_I,FALSE,CUB,1,Cuba,Americas,Latin America & Caribbean,non-Schengen,m,17
2023,2023_I,FALSE,CUB,2,Cuba,Americas,Latin America & Caribbean,non-Schengen,m,18_59
2023,2023_I,FALSE,DZA,11,Algeria,Africa,"Middle East, North Africa, Afghanistan & Pakistan",non-Schengen,m,18_59
2023,2023_I,FALSE,EGY,5,Egypt,Africa,"Middle East, North Africa, Afghanistan & Pakistan",non-Schengen,m,18_59
2023,2023_I,FALSE,ERI,1,Eritrea,Africa,Sub-Saharan Africa,non-Schengen,m,18_59
2023,2023_I,FALSE,ETH,1,Ethiopia,Africa,Sub-Saharan Africa,non-Schengen,f,18_59
2023,2023_I,FALSE,ETH,5,Ethiopia,Africa,Sub-Saharan Africa,non-Schengen,m,18_59
2023,2023_I,FALSE,GEO,2,Georgia,Asia,Europe & Central Asia,non-Schengen,f,17
2023,2023_I,FALSE,GEO,9,Georgia,Asia,Europe & Central Asia,non-Schengen,f,18_59
2023,2023_I,FALSE,GEO,2,Georgia,Asia,Europe & Central Asia,non-Schengen,m,17
2023,2023_I,FALSE,GEO,322,Georgia,Asia,Europe & Central Asia,non-Schengen,m,18_59
2023,2023_I,FALSE,GHA,3,Ghana,Africa,Sub-Saharan Africa,non-Schengen,m,18_59
2023,2023_I,FALSE,GMB,1,Gambia,Africa,Sub-Saharan Africa,non-Schengen,m,18_59
2023,2023_I,FALSE,GTM,2,Guatemala,Americas,Latin America & Caribbean,non-Schengen,m,18_59
2023,2023_I,FALSE,IDN,2,Indonesia,Asia,East Asia & Pacific,non-Schengen,m,18_59
2023,2023_I,FALSE,IND,2,India,Asia,South Asia,non-Schengen,f,18_59
2023,2023_I,FALSE,IND,41,India,Asia,South Asia,non-Schengen,m,18_59
2023,2023_I,FALSE,IRN,4,Iran,Asia,"Middle East, North Africa, Afghanistan & Pakistan",non-Schengen,m,18_59
2023,2023_I,FALSE,IRQ,10,Iraq,Asia,"Middle East, North Africa, Afghanistan & Pakistan",non-Schengen,m,18_59
2023,2023_I,FALSE,ITA,1,Italy,Europe,Europe & Central Asia,Schengen,m,60
2023,2023_I,FALSE,JAM,1,Jamaica,Americas,Latin America & Caribbean,non-Schengen,m,18_59
2023,2023_I,FALSE,JOR,1,Jordan,Asia,"Middle East, North Africa, Afghanistan & Pakistan",non-Schengen,m,18_59
2023,2023_I,FALSE,KAZ,1,Kazakhstan,Asia,Europe & Central Asia,non-Schengen,f,18_59
2023,2023_I,FALSE,KAZ,10,Kazakhstan,Asia,Europe & Central Asia,non-Schengen,m,18_59
2023,2023_I,FALSE,KEN,5,Kenya,Africa,Sub-Saharan Africa,non-Schengen,m,18_59
2023,2023_I,FALSE,KGZ,1,Kyrgyzstan,Asia,Europe & Central Asia,non-Schengen,f,18_59
2023,2023_I,FALSE,KGZ,12,Kyrgyzstan,Asia,Europe & Central Asia,non-Schengen,m,18_59
2023,2023_I,FALSE,LKA,1,Sri Lanka,Asia,South Asia,non-Schengen,m,18_59
2023,2023_I,FALSE,MAR,7,Morocco,Africa,"Middle East, North Africa, Afghanistan & Pakistan",non-Schengen,m,18_59
2023,2023_I,FALSE,MDA,20,Moldova,Europe,Europe & Central Asia,non-Schengen,f,18_59
2023,2023_I,FALSE,MDA,3,Moldova,Europe,Europe & Central Asia,non-Schengen,m,17
2023,2023_I,FALSE,MDA,111,Moldova,Europe,Europe & Central Asia,non-Schengen,m,18_59
2023,2023_I,FALSE,MKD,1,North Macedonia,Europe,Europe & Central Asia,non-Schengen,m,18_59
2023,2023_I,FALSE,MLI,1,Mali,Africa,Sub-Saharan Africa,non-Schengen,m,18_59
2023,2023_I,FALSE,MNG,2,Mongolia,Asia,East Asia & Pacific,non-Schengen,f,18_59
2023,2023_I,FALSE,NGA,8,Nigeria,Africa,Sub-Saharan Africa,non-Schengen,f,18_59
2023,2023_I,FALSE,NGA,20,Nigeria,Africa,Sub-Saharan Africa,non-Schengen,m,18_59
2023,2023_I,FALSE,NPL,2,Nepal,Asia,South Asia,non-Schengen,f,18_59
2023,2023_I,FALSE,NPL,12,Nepal,Asia,South Asia,non-Schengen,m,18_59
2023,2023_I,FALSE,PAK,8,Pakistan,Asia,"Middle East, North Africa, Afghanistan & Pakistan",non-Schengen,m,18_59
2023,2023_I,FALSE,PHL,4,Philippines,Asia,East Asia & Pacific,non-Schengen,m,18_59
2023,2023_I,FALSE,PSE,1,Palestinian Territories,Asia,"Middle East, North Africa, Afghanistan & Pakistan",non-Schengen,m,18_59
2023,2023_I,FALSE,ROU,1,Romania,Europe,Europe & Central Asia,non-Schengen,m,18_59
2023,2023_I,FALSE,RUS,6,Russia,Europe,Europe & Central Asia,non-Schengen,f,17
2023,2023_I,FALSE,RUS,10,Russia,Europe,Europe & Central Asia,non-Schengen,f,18_59
2023,2023_I,FALSE,RUS,3,Russia,Europe,Europe & Central Asia,non-Schengen,f,60
2023,2023_I,FALSE,RUS,4,Russia,Europe,Europe & Central Asia,non-Schengen,m,17
2023,2023_I,FALSE,RUS,43,Russia,Europe,Europe & Central Asia,non-Schengen,m,18_59
2023,2023_I,FALSE,RUS,1,Russia,Europe,Europe & Central Asia,non-Schengen,m,60
2023,2023_I,FALSE,RWA,7,Rwanda,Africa,Sub-Saharan Africa,non-Schengen,m,18_59
2023,2023_I,FALSE,SDN,2,Sudan,Africa,Sub-Saharan Africa,non-Schengen,m,18_59
2023,2023_I,FALSE,SEN,2,Senegal,Africa,Sub-Saharan Africa,non-Schengen,m,18_59
2023,2023_I,FALSE,SRB,3,Serbia,Europe,Europe & Central Asia,non-Schengen,m,18_59
2023,2023_I,FALSE,SYR,1,Syria,Asia,"Middle East, North Africa, Afghanistan & Pakistan",non-Schengen,f,60
2023,2023_I,FALSE,SYR,12,Syria,Asia,"Middle East, North Africa, Afghanistan & Pakistan",non-Schengen,m,18_59
2023,2023_I,FALSE,TCD,1,Chad,Africa,Sub-Saharan Africa,non-Schengen,m,18_59
2023,2023_I,FALSE,TGO,1,Togo,Africa,Sub-Saharan Africa,non-Schengen,m,18_59
2023,2023_I,FALSE,TJK,1,Tajikistan,Asia,Europe & Central Asia,non-Schengen,f,18_59
2023,2023_I,FALSE,TJK,35,Tajikistan,Asia,Europe & Central Asia,non-Schengen,m,18_59
2023,2023_I,FALSE,TKM,69,Turkmenistan,Asia,Europe & Central Asia,non-Schengen,m,18_59
2023,2023_I,FALSE,TUN,9,Tunisia,Africa,"Middle East, North Africa, Afghanistan & Pakistan",non-Schengen,m,18_59
2023,2023_I,FALSE,TUR,1,Turkey,Asia,Europe & Central Asia,non-Schengen,f,18_59
2023,2023_I,FALSE,TUR,29,Turkey,Asia,Europe & Central Asia,non-Schengen,m,18_59
2023,2023_I,FALSE,TWN,1,Taiwan,Asia,East Asia & Pacific,non-Schengen,m,18_59
2023,2023_I,FALSE,TZA,1,Tanzania,Africa,Sub-Saharan Africa,non-Schengen,m,18_59
2023,2023_I,FALSE,UKR,35,Ukraine,Europe,Europe & Central Asia,non-Schengen,f,18_59
2023,2023_I,FALSE,UKR,1,Ukraine,Europe,Europe & Central Asia,non-Schengen,f,60
2023,2023_I,FALSE,UKR,4,Ukraine,Europe,Europe & Central Asia,non-Schengen,m,17
2023,2023_I,FALSE,UKR,326,Ukraine,Europe,Europe & Central Asia,non-Schengen,m,18_59
2023,2023_I,FALSE,UKR,1,Ukraine,Europe,Europe & Central Asia,non-Schengen,m,60
2023,2023_I,FALSE,UNK,1,unknown,other/unknown,other/unknown,non-Schengen,m,17
2023,2023_I,FALSE,UNK,1,unknown,other/unknown,other/unknown,non-Schengen,m,18_59
2023,2023_I,FALSE,USA,2,United States,Americas,North America,non-Schengen,m,18_59
2023,2023_I,FALSE,UZB,102,Uzbekistan,Asia,Europe & Central Asia,non-Schengen,m,18_59
2023,2023_I,FALSE,VEN,1,Venezuela,Americas,Latin America & Caribbean,non-Schengen,f,18_59
2023,2023_I,FALSE,VNM,1,Vietnam,Asia,East Asia & Pacific,non-Schengen,f,17
2023,2023_I,FALSE,VNM,8,Vietnam,Asia,East Asia & Pacific,non-Schengen,f,18_59
2023,2023_I,FALSE,VNM,2,Vietnam,Asia,East Asia & Pacific,non-Schengen,f,60
2023,2023_I,FALSE,VNM,1,Vietnam,Asia,East Asia & Pacific,non-Schengen,m,17
2023,2023_I,FALSE,VNM,35,Vietnam,Asia,East Asia & Pacific,non-Schengen,m,18_59
2023,2023_I,FALSE,XXX,1,Stateless,other/unknown,other/unknown,non-Schengen,f,60
2023,2023_I,FALSE,XXX,2,Stateless,other/unknown,other/unknown,non-Schengen,m,18_59
2023,2023_I,FALSE,YEM,4,Yemen,Asia,"Middle East, North Africa, Afghanistan & Pakistan",non-Schengen,m,18_59
2023,2023_I,FALSE,ZAF,1,South Africa,Africa,Sub-Saharan Africa,non-Schengen,m,18_59
2023,2023_I,FALSE,ZWE,1,Zimbabwe,Africa,Sub-Saharan Africa,non-Schengen,f,18_59
2023,2023_I,FALSE,ZWE,7,Zimbabwe,Africa,Sub-Saharan Africa,non-Schengen,m,18_59
2023,2023_I,TRUE,AZE,1,Azerbaijan,Asia,Europe & Central Asia,non-Schengen,m,18_59
2023,2023_I,TRUE,EGY,2,Egypt,Africa,"Middle East, North Africa, Afghanistan & Pakistan",non-Schengen,m,18_59
2023,2023_I,TRUE,ETH,1,Ethiopia,Africa,Sub-Saharan Africa,non-Schengen,m,18_59
2023,2023_I,TRUE,GEO,9,Georgia,Asia,Europe & Central Asia,non-Schengen,m,18_59
2023,2023_I,TRUE,KAZ,1,Kazakhstan,Asia,Europe & Central Asia,non-Schengen,m,18_59
2023,2023_I,TRUE,SEN,1,Senegal,Africa,Sub-Saharan Africa,non-Schengen,m,18_59
2023,2023_I,TRUE,SOM,1,Somalia,Africa,Sub-Saharan Africa,non-Schengen,f,17
2023,2023_I,TRUE,TKM,1,Turkmenistan,Asia,Europe & Central Asia,non-Schengen,m,18_59
2023,2023_I,TRUE,UKR,1,Ukraine,Europe,Europe & Central Asia,non-Schengen,f,18_59
2023,2023_I,TRUE,UKR,27,Ukraine,Europe,Europe & Central Asia,non-Schengen,m,18_59
2023,2023_I,TRUE,UZB,3,Uzbekistan,Asia,Europe & Central Asia,non-Schengen,m,18_59
2023,2023_II,FALSE,AFG,4,Afghanistan,Asia,"Middle East, North Africa, Afghanistan & Pakistan",non-Schengen,m,18_59
2023,2023_II,FALSE,AGO,1,Angola,Africa,Sub-Saharan Africa,non-Schengen,m,18_59
2023,2023_II,FALSE,ALB,5,Albania,Europe,Europe & Central Asia,non-Schengen,m,18_59
2023,2023_II,FALSE,ARG,2,Argentina,Americas,Latin America & Caribbean,non-Schengen,f,17
2023,2023_II,FALSE,ARG,1,Argentina,Americas,Latin America & Caribbean,non-Schengen,f,18_59
2023,2023_II,FALSE,ARG,1,Argentina,Americas,Latin America & Caribbean,non-Schengen,m,17
2023,2023_II,FALSE,ARG,10,Argentina,Americas,Latin America & Caribbean,non-Schengen,m,18_59
2023,2023_II,FALSE,ARM,2,Armenia,Asia,Europe & Central Asia,non-Schengen,f,17
2023,2023_II,FALSE,ARM,3,Armenia,Asia,Europe & Central Asia,non-Schengen,f,18_59
2023,2023_II,FALSE,ARM,1,Armenia,Asia,Europe & Central Asia,non-Schengen,f,60
2023,2023_II,FALSE,ARM,1,Armenia,Asia,Europe & Central Asia,non-Schengen,m,17
2023,2023_II,FALSE,ARM,15,Armenia,Asia,Europe & Central Asia,non-Schengen,m,18_59
2023,2023_II,FALSE,ARM,1,Armenia,Asia,Europe & Central Asia,non-Schengen,m,60
2023,2023_II,FALSE,AUS,3,Australia,Oceania,East Asia & Pacific,non-Schengen,m,18_59
2023,2023_II,FALSE,AZE,1,Azerbaijan,Asia,Europe & Central Asia,non-Schengen,f,17
2023,2023_II,FALSE,AZE,3,Azerbaijan,Asia,Europe & Central Asia,non-Schengen,f,18_59
2023,2023_II,FALSE,AZE,1,Azerbaijan,Asia,Europe & Central Asia,non-Schengen,m,17
2023,2023_II,FALSE,AZE,47,Azerbaijan,Asia,Europe & Central Asia,non-Schengen,m,18_59
2023,2023_II,FALSE,BEN,1,Benin,Africa,Sub-Saharan Africa,non-Schengen,m,18_59
2023,2023_II,FALSE,BFA,1,Burkina Faso,Africa,Sub-Saharan Africa,non-Schengen,m,18_59
2023,2023_II,FALSE,BGD,13,Bangladesh,Asia,South Asia,non-Schengen,m,18_59
2023,2023_II,FALSE,BIH,2,Bosnia & Herzegovina,Europe,Europe & Central Asia,non-Schengen,m,18_59
2023,2023_II,FALSE,BLR,41,Belarus,Europe,Europe & Central Asia,non-Schengen,f,18_59
2023,2023_II,FALSE,BLR,6,Belarus,Europe,Europe & Central Asia,non-Schengen,f,60
2023,2023_II,FALSE,BLR,5,Belarus,Europe,Europe & Central Asia,non-Schengen,m,17
2023,2023_II,FALSE,BLR,175,Belarus,Europe,Europe & Central Asia,non-Schengen,m,18_59
2023,2023_II,FALSE,BLR,2,Belarus,Europe,Europe & Central Asia,non-Schengen,m,60
2023,2023_II,FALSE,BRA,1,Brazil,Americas,Latin America & Caribbean,non-Schengen,f,18_59
2023,2023_II,FALSE,BRA,4,Brazil,Americas,Latin America & Caribbean,non-Schengen,m,18_59
2023,2023_II,FALSE,CAN,1,Canada,Americas,North America,non-Schengen,m,17
2023,2023_II,FALSE,CHL,1,Chile,Americas,Latin America & Caribbean,non-Schengen,f,18_59
2023,2023_II,FALSE,CHL,1,Chile,Americas,Latin America & Caribbean,non-Schengen,m,18_59
2023,2023_II,FALSE,CHN,1,China,Asia,East Asia & Pacific,non-Schengen,f,17
2023,2023_II,FALSE,CHN,4,China,Asia,East Asia & Pacific,non-Schengen,f,18_59
2023,2023_II,FALSE,CHN,3,China,Asia,East Asia & Pacific,non-Schengen,f,60
2023,2023_II,FALSE,CHN,1,China,Asia,East Asia & Pacific,non-Schengen,m,17
2023,2023_II,FALSE,CHN,12,China,Asia,East Asia & Pacific,non-Schengen,m,18_59
2023,2023_II,FALSE,CMR,1,Cameroon,Africa,Sub-Saharan Africa,non-Schengen,f,18_59
2023,2023_II,FALSE,CMR,2,Cameroon,Africa,Sub-Saharan Africa,non-Schengen,m,17
2023,2023_II,FALSE,CMR,4,Cameroon,Africa,Sub-Saharan Africa,non-Schengen,m,18_59
2023,2023_II,FALSE,COD,1,Congo - Kinshasa,Africa,Sub-Saharan Africa,non-Schengen,f,18_59
2023,2023_II,FALSE,COD,3,Congo - Kinshasa,Africa,Sub-Saharan Africa,non-Schengen,m,18_59
2023,2023_II,FALSE,COG,1,Congo - Brazzaville,Africa,Sub-Saharan Africa,non-Schengen,m,18_59
2023,2023_II,FALSE,COL,30,Colombia,Americas,Latin America & Caribbean,non-Schengen,f,18_59
2023,2023_II,FALSE,COL,2,Colombia,Americas,Latin America & Caribbean,non-Schengen,m,17
2023,2023_II,FALSE,COL,82,Colombia,Americas,Latin America & Caribbean,non-Schengen,m,18_59
2023,2023_II,FALSE,CUB,1,Cuba,Americas,Latin America & Caribbean,non-Schengen,f,17
2023,2023_II,FALSE,CUB,1,Cuba,Americas,Latin America & Caribbean,non-Schengen,f,18_59
2023,2023_II,FALSE,CUB,1,Cuba,Americas,Latin America & Caribbean,non-Schengen,m,17
2023,2023_II,FALSE,CUB,4,Cuba,Americas,Latin America & Caribbean,non-Schengen,m,18_59
2023,2023_II,FALSE,DZA,9,Algeria,Africa,"Middle East, North Africa, Afghanistan & Pakistan",non-Schengen,m,18_59
2023,2023_II,FALSE,DZA,1,Algeria,Africa,"Middle East, North Africa, Afghanistan & Pakistan",non-Schengen,m,60
2023,2023_II,FALSE,ECU,1,Ecuador,Americas,Latin America & Caribbean,non-Schengen,m,18_59
2023,2023_II,FALSE,EGY,10,Egypt,Africa,"Middle East, North Africa, Afghanistan & Pakistan",non-Schengen,m,18_59
2023,2023_II,FALSE,ETH,1,Ethiopia,Africa,Sub-Saharan Africa,non-Schengen,f,18_59
2023,2023_II,FALSE,ETH,1,Ethiopia,Africa,Sub-Saharan Africa,non-Schengen,m,18_59
2023,2023_II,FALSE,GBR,3,United Kingdom,Europe,Europe & Central Asia,non-Schengen,m,18_59
2023,2023_II,FALSE,GEO,9,Georgia,Asia,Europe & Central Asia,non-Schengen,f,17
2023,2023_II,FALSE,GEO,52,Georgia,Asia,Europe & Central Asia,non-Schengen,f,18_59
2023,2023_II,FALSE,GEO,2,Georgia,Asia,Europe & Central Asia,non-Schengen,f,60
2023,2023_II,FALSE,GEO,6,Georgia,Asia,Europe & Central Asia,non-Schengen,m,17
2023,2023_II,FALSE,GEO,651,Georgia,Asia,Europe & Central Asia,non-Schengen,m,18_59
2023,2023_II,FALSE,GHA,3,Ghana,Africa,Sub-Saharan Africa,non-Schengen,m,18_59
2023,2023_II,FALSE,GIN,1,Guinea,Africa,Sub-Saharan Africa,non-Schengen,m,18_59
2023,2023_II,FALSE,GMB,3,Gambia,Africa,Sub-Saharan Africa,non-Schengen,m,18_59
2023,2023_II,FALSE,GNB,1,Guinea-Bissau,Africa,Sub-Saharan Africa,non-Schengen,m,18_59
2023,2023_II,FALSE,GTM,1,Guatemala,Americas,Latin America & Caribbean,non-Schengen,f,18_59
2023,2023_II,FALSE,HKG,1,Hong Kong SAR China,Asia,East Asia & Pacific,non-Schengen,m,18_59
2023,2023_II,FALSE,IDN,3,Indonesia,Asia,East Asia & Pacific,non-Schengen,f,18_59
2023,2023_II,FALSE,IDN,26,Indonesia,Asia,East Asia & Pacific,non-Schengen,m,18_59
2023,2023_II,FALSE,IND,3,India,Asia,South Asia,non-Schengen,f,18_59
2023,2023_II,FALSE,IND,99,India,Asia,South Asia,non-Schengen,m,18_59
2023,2023_II,FALSE,IRN,4,Iran,Asia,"Middle East, North Africa, Afghanistan & Pakistan",non-Schengen,m,18_59
2023,2023_II,FALSE,IRQ,1,Iraq,Asia,"Middle East, North Africa, Afghanistan & Pakistan",non-Schengen,f,17
2023,2023_II,FALSE,IRQ,1,Iraq,Asia,"Middle East, North Africa, Afghanistan & Pakistan",non-Schengen,f,18_59
2023,2023_II,FALSE,IRQ,2,Iraq,Asia,"Middle East, North Africa, Afghanistan & Pakistan",non-Schengen,m,17
2023,2023_II,FALSE,IRQ,6,Iraq,Asia,"Middle East, North Africa, Afghanistan & Pakistan",non-Schengen,m,18_59
2023,2023_II,FALSE,ISR,1,Israel,Asia,"Middle East, North Africa, Afghanistan & Pakistan",non-Schengen,m,18_59
2023,2023_II,FALSE,ITA,1,Italy,Europe,Europe & Central Asia,Schengen,m,60
2023,2023_II,FALSE,JPN,1,Japan,Asia,East Asia & Pacific,non-Schengen,m,18_59
2023,2023_II,FALSE,KAZ,2,Kazakhstan,Asia,Europe & Central Asia,non-Schengen,f,17
2023,2023_II,FALSE,KAZ,7,Kazakhstan,Asia,Europe & Central Asia,non-Schengen,f,18_59
2023,2023_II,FALSE,KAZ,1,Kazakhstan,Asia,Europe & Central Asia,non-Schengen,m,17
2023,2023_II,FALSE,KAZ,13,Kazakhstan,Asia,Europe & Central Asia,non-Schengen,m,18_59
2023,2023_II,FALSE,KAZ,1,Kazakhstan,Asia,Europe & Central Asia,non-Schengen,m,60
2023,2023_II,FALSE,KEN,3,Kenya,Africa,Sub-Saharan Africa,non-Schengen,f,18_59
2023,2023_II,FALSE,KEN,9,Kenya,Africa,Sub-Saharan Africa,non-Schengen,m,18_59
2023,2023_II,FALSE,KGZ,2,Kyrgyzstan,Asia,Europe & Central Asia,non-Schengen,f,17
2023,2023_II,FALSE,KGZ,3,Kyrgyzstan,Asia,Europe & Central Asia,non-Schengen,f,18_59
2023,2023_II,FALSE,KGZ,3,Kyrgyzstan,Asia,Europe & Central Asia,non-Schengen,m,17
2023,2023_II,FALSE,KGZ,18,Kyrgyzstan,Asia,Europe & Central Asia,non-Schengen,m,18_59
2023,2023_II,FALSE,KOSOVO,1,KOSOVO,Europe,Europe & Central Asia,non-Schengen,m,18_59
2023,2023_II,FALSE,LBN,1,Lebanon,Asia,"Middle East, North Africa, Afghanistan & Pakistan",non-Schengen,f,18_59
2023,2023_II,FALSE,LBN,1,Lebanon,Asia,"Middle East, North Africa, Afghanistan & Pakistan",non-Schengen,m,18_59
2023,2023_II,FALSE,LBR,1,Liberia,Africa,Sub-Saharan Africa,non-Schengen,m,18_59
2023,2023_II,FALSE,LBY,1,Libya,Africa,"Middle East, North Africa, Afghanistan & Pakistan",non-Schengen,m,18_59
2023,2023_II,FALSE,LKA,4,Sri Lanka,Asia,South Asia,non-Schengen,m,18_59
2023,2023_II,FALSE,MAR,2,Morocco,Africa,"Middle East, North Africa, Afghanistan & Pakistan",non-Schengen,f,18_59
2023,2023_II,FALSE,MAR,13,Morocco,Africa,"Middle East, North Africa, Afghanistan & Pakistan",non-Schengen,m,18_59
2023,2023_II,FALSE,MDA,24,Moldova,Europe,Europe & Central Asia,non-Schengen,f,18_59
2023,2023_II,FALSE,MDA,1,Moldova,Europe,Europe & Central Asia,non-Schengen,m,17
2023,2023_II,FALSE,MDA,172,Moldova,Europe,Europe & Central Asia,non-Schengen,m,18_59
2023,2023_II,FALSE,MDA,1,Moldova,Europe,Europe & Central Asia,non-Schengen,m,60
2023,2023_II,FALSE,MEX,2,Mexico,Americas,Latin America & Caribbean,non-Schengen,m,18_59
2023,2023_II,FALSE,MKD,1,North Macedonia,Europe,Europe & Central Asia,non-Schengen,m,18_59
2023,2023_II,FALSE,MNG,2,Mongolia,Asia,East Asia & Pacific,non-Schengen,f,18_59
2023,2023_II,FALSE,MNG,3,Mongolia,Asia,East Asia & Pacific,non-Schengen,m,18_59
2023,2023_II,FALSE,MUS,1,Mauritius,Africa,Sub-Saharan Africa,non-Schengen,f,18_59
2023,2023_II,FALSE,NAM,1,Namibia,Africa,Sub-Saharan Africa,non-Schengen,f,18_59
2023,2023_II,FALSE,NGA,4,Nigeria,Africa,Sub-Saharan Africa,non-Schengen,f,18_59
2023,2023_II,FALSE,NGA,28,Nigeria,Africa,Sub-Saharan Africa,non-Schengen,m,18_59
2023,2023_II,FALSE,NIC,1,Nicaragua,Americas,Latin America & Caribbean,non-Schengen,m,18_59
2023,2023_II,FALSE,NLD,1,Netherlands,Europe,Europe & Central Asia,Schengen,m,18_59
2023,2023_II,FALSE,NPL,1,Nepal,Asia,South Asia,non-Schengen,f,18_59
2023,2023_II,FALSE,NPL,14,Nepal,Asia,South Asia,non-Schengen,m,18_59
2023,2023_II,FALSE,NZL,1,New Zealand,Oceania,East Asia & Pacific,non-Schengen,m,18_59
2023,2023_II,FALSE,PAK,13,Pakistan,Asia,"Middle East, North Africa, Afghanistan & Pakistan",non-Schengen,m,18_59
2023,2023_II,FALSE,PER,1,Peru,Americas,Latin America & Caribbean,non-Schengen,f,18_59
2023,2023_II,FALSE,PER,2,Peru,Americas,Latin America & Caribbean,non-Schengen,m,18_59
2023,2023_II,FALSE,PHL,10,Philippines,Asia,East Asia & Pacific,non-Schengen,f,18_59
2023,2023_II,FALSE,PHL,15,Philippines,Asia,East Asia & Pacific,non-Schengen,m,18_59
2023,2023_II,FALSE,RUS,36,Russia,Europe,Europe & Central Asia,non-Schengen,f,17
2023,2023_II,FALSE,RUS,51,Russia,Europe,Europe & Central Asia,non-Schengen,f,18_59
2023,2023_II,FALSE,RUS,3,Russia,Europe,Europe & Central Asia,non-Schengen,f,60
2023,2023_II,FALSE,RUS,45,Russia,Europe,Europe & Central Asia,non-Schengen,m,17
2023,2023_II,FALSE,RUS,82,Russia,Europe,Europe & Central Asia,non-Schengen,m,18_59
2023,2023_II,FALSE,RUS,1,Russia,Europe,Europe & Central Asia,non-Schengen,m,60
2023,2023_II,FALSE,RWA,3,Rwanda,Africa,Sub-Saharan Africa,non-Schengen,f,18_59
2023,2023_II,FALSE,RWA,9,Rwanda,Africa,Sub-Saharan Africa,non-Schengen,m,18_59
2023,2023_II,FALSE,SAU,3,Saudi Arabia,Asia,"Middle East, North Africa, Afghanistan & Pakistan",non-Schengen,m,18_59
2023,2023_II,FALSE,SDN,1,Sudan,Africa,Sub-Saharan Africa,non-Schengen,f,18_59
2023,2023_II,FALSE,SDN,1,Sudan,Africa,Sub-Saharan Africa,non-Schengen,m,18_59
2023,2023_II,FALSE,SEN,2,Senegal,Africa,Sub-Saharan Africa,non-Schengen,m,18_59
2023,2023_II,FALSE,SOM,1,Somalia,Africa,Sub-Saharan Africa,non-Schengen,m,18_59
2023,2023_II,FALSE,SRB,3,Serbia,Europe,Europe & Central Asia,non-Schengen,m,18_59
2023,2023_II,FALSE,SVK,1,Slovakia,Europe,Europe & Central Asia,Schengen,m,18_59
2023,2023_II,FALSE,SYR,2,Syria,Asia,"Middle East, North Africa, Afghanistan & Pakistan",non-Schengen,f,18_59
2023,2023_II,FALSE,SYR,1,Syria,Asia,"Middle East, North Africa, Afghanistan & Pakistan",non-Schengen,m,17
2023,2023_II,FALSE,SYR,11,Syria,Asia,"Middle East, North Africa, Afghanistan & Pakistan",non-Schengen,m,18_59
2023,2023_II,FALSE,THA,7,Thailand,Asia,East Asia & Pacific,non-Schengen,f,18_59
2023,2023_II,FALSE,TJK,1,Tajikistan,Asia,Europe & Central Asia,non-Schengen,f,17
2023,2023_II,FALSE,TJK,3,Tajikistan,Asia,Europe & Central Asia,non-Schengen,f,18_59
2023,2023_II,FALSE,TJK,2,Tajikistan,Asia,Europe & Central Asia,non-Schengen,m,17
2023,2023_II,FALSE,TJK,56,Tajikistan,Asia,Europe & Central Asia,non-Schengen,m,18_59
2023,2023_II,FALSE,TKM,4,Turkmenistan,Asia,Europe & Central Asia,non-Schengen,f,18_59
2023,2023_II,FALSE,TKM,98,Turkmenistan,Asia,Europe & Central Asia,non-Schengen,m,18_59
2023,2023_II,FALSE,TUN,5,Tunisia,Africa,"Middle East, North Africa, Afghanistan & Pakistan",non-Schengen,m,18_59
2023,2023_II,FALSE,TUR,4,Turkey,Asia,Europe & Central Asia,non-Schengen,f,18_59
2023,2023_II,FALSE,TUR,57,Turkey,Asia,Europe & Central Asia,non-Schengen,m,18_59
2023,2023_II,FALSE,TWN,1,Taiwan,Asia,East Asia & Pacific,non-Schengen,m,18_59
2023,2023_II,FALSE,TZA,3,Tanzania,Africa,Sub-Saharan Africa,non-Schengen,f,18_59
2023,2023_II,FALSE,TZA,2,Tanzania,Africa,Sub-Saharan Africa,non-Schengen,m,18_59
2023,2023_II,FALSE,UGA,1,Uganda,Africa,Sub-Saharan Africa,non-Schengen,f,18_59
2023,2023_II,FALSE,UGA,3,Uganda,Africa,Sub-Saharan Africa,non-Schengen,m,18_59
2023,2023_II,FALSE,UKR,39,Ukraine,Europe,Europe & Central Asia,non-Schengen,f,18_59
2023,2023_II,FALSE,UKR,4,Ukraine,Europe,Europe & Central Asia,non-Schengen,f,60
2023,2023_II,FALSE,UKR,2,Ukraine,Europe,Europe & Central Asia,non-Schengen,m,17
2023,2023_II,FALSE,UKR,225,Ukraine,Europe,Europe & Central Asia,non-Schengen,m,18_59
2023,2023_II,FALSE,UKR,4,Ukraine,Europe,Europe & Central Asia,non-Schengen,m,60
2023,2023_II,FALSE,URY,1,Uruguay,Americas,Latin America & Caribbean,non-Schengen,f,18_59
2023,2023_II,FALSE,URY,1,Uruguay,Americas,Latin America & Caribbean,non-Schengen,m,17
2023,2023_II,FALSE,USA,1,United States,Americas,North America,non-Schengen,f,18_59
2023,2023_II,FALSE,USA,1,United States,Americas,North America,non-Schengen,m,18_59
2023,2023_II,FALSE,UZB,5,Uzbekistan,Asia,Europe & Central Asia,non-Schengen,f,18_59
2023,2023_II,FALSE,UZB,1,Uzbekistan,Asia,Europe & Central Asia,non-Schengen,m,17
2023,2023_II,FALSE,UZB,151,Uzbekistan,Asia,Europe & Central Asia,non-Schengen,m,18_59
2023,2023_II,FALSE,VEN,1,Venezuela,Americas,Latin America & Caribbean,non-Schengen,m,18_59
2023,2023_II,FALSE,VNM,2,Vietnam,Asia,East Asia & Pacific,non-Schengen,f,17
2023,2023_II,FALSE,VNM,11,Vietnam,Asia,East Asia & Pacific,non-Schengen,f,18_59
2023,2023_II,FALSE,VNM,1,Vietnam,Asia,East Asia & Pacific,non-Schengen,f,60
2023,2023_II,FALSE,VNM,1,Vietnam,Asia,East Asia & Pacific,non-Schengen,m,17
2023,2023_II,FALSE,VNM,44,Vietnam,Asia,East Asia & Pacific,non-Schengen,m,18_59
2023,2023_II,FALSE,XXX,9,Stateless,other/unknown,other/unknown,non-Schengen,m,18_59
2023,2023_II,FALSE,YEM,2,Yemen,Asia,"Middle East, North Africa, Afghanistan & Pakistan",non-Schengen,m,18_59
2023,2023_II,FALSE,ZAF,5,South Africa,Africa,Sub-Saharan Africa,non-Schengen,m,18_59
2023,2023_II,FALSE,ZMB,5,Zambia,Africa,Sub-Saharan Africa,non-Schengen,m,18_59
2023,2023_II,FALSE,ZWE,21,Zimbabwe,Africa,Sub-Saharan Africa,non-Schengen,f,18_59
2023,2023_II,FALSE,ZWE,1,Zimbabwe,Africa,Sub-Saharan Africa,non-Schengen,f,60
2023,2023_II,FALSE,ZWE,30,Zimbabwe,Africa,Sub-Saharan Africa,non-Schengen,m,18_59
2023,2023_II,TRUE,AZE,2,Azerbaijan,Asia,Europe & Central Asia,non-Schengen,m,18_59
2023,2023_II,TRUE,BIH,1,Bosnia & Herzegovina,Europe,Europe & Central Asia,non-Schengen,m,18_59
2023,2023_II,TRUE,BLR,8,Belarus,Europe,Europe & Central Asia,non-Schengen,m,18_59
2023,2023_II,TRUE,CHN,1,China,Asia,East Asia & Pacific,non-Schengen,f,60
2023,2023_II,TRUE,COL,1,Colombia,Americas,Latin America & Caribbean,non-Schengen,f,18_59
2023,2023_II,TRUE,COL,1,Colombia,Americas,Latin America & Caribbean,non-Schengen,m,18_59
2023,2023_II,TRUE,GEO,35,Georgia,Asia,Europe & Central Asia,non-Schengen,m,18_59
2023,2023_II,TRUE,IND,1,India,Asia,South Asia,non-Schengen,m,18_59
2023,2023_II,TRUE,KAZ,1,Kazakhstan,Asia,Europe & Central Asia,non-Schengen,m,18_59
2023,2023_II,TRUE,KGZ,1,Kyrgyzstan,Asia,Europe & Central Asia,non-Schengen,m,18_59
2023,2023_II,TRUE,LKA,1,Sri Lanka,Asia,South Asia,non-Schengen,m,18_59
2023,2023_II,TRUE,LVA,1,Latvia,Europe,Europe & Central Asia,Schengen,m,18_59
2023,2023_II,TRUE,MDA,1,Moldova,Europe,Europe & Central Asia,non-Schengen,f,18_59
2023,2023_II,TRUE,MDA,4,Moldova,Europe,Europe & Central Asia,non-Schengen,m,18_59
2023,2023_II,TRUE,NLD,1,Netherlands,Europe,Europe & Central Asia,Schengen,m,18_59
2023,2023_II,TRUE,RUS,1,Russia,Europe,Europe & Central Asia,non-Schengen,f,18_59
2023,2023_II,TRUE,RUS,1,Russia,Europe,Europe & Central Asia,non-Schengen,m,18_59
2023,2023_II,TRUE,TJK,8,Tajikistan,Asia,Europe & Central Asia,non-Schengen,m,18_59
2023,2023_II,TRUE,TKM,8,Turkmenistan,Asia,Europe & Central Asia,non-Schengen,m,18_59
2023,2023_II,TRUE,TUN,1,Tunisia,Africa,"Middle East, North Africa, Afghanistan & Pakistan",non-Schengen,m,18_59
2023,2023_II,TRUE,UKR,3,Ukraine,Europe,Europe & Central Asia,non-Schengen,f,18_59
2023,2023_II,TRUE,UKR,23,Ukraine,Europe,Europe & Central Asia,non-Schengen,m,18_59
2023,2023_II,TRUE,UKR,1,Ukraine,Europe,Europe & Central Asia,non-Schengen,m,60
2023,2023_II,TRUE,UNK,1,unknown,other/unknown,other/unknown,non-Schengen,m,18_59
2023,2023_II,TRUE,UZB,10,Uzbekistan,Asia,Europe & Central Asia,non-Schengen,m,18_59
2023,2023_II,TRUE,VNM,2,Vietnam,Asia,East Asia & Pacific,non-Schengen,m,18_59
2023,2023_II,TRUE,XXX,1,Stateless,other/unknown,other/unknown,non-Schengen,m,18_59
2023,2023_II,TRUE,YEM,1,Yemen,Asia,"Middle East, North Africa, Afghanistan & Pakistan",non-Schengen,m,18_59
2023,2023_II,TRUE,ZAF,1,South Africa,Africa,Sub-Saharan Africa,non-Schengen,m,18_59
2024,2024_I,FALSE,AFG,14,Afghanistan,Asia,"Middle East, North Africa, Afghanistan & Pakistan",non-Schengen,m,18_59
2024,2024_I,FALSE,AGO,1,Angola,Africa,Sub-Saharan Africa,non-Schengen,m,18_59
2024,2024_I,FALSE,ALB,5,Albania,Europe,Europe & Central Asia,non-Schengen,m,18_59
2024,2024_I,FALSE,ARE,1,United Arab Emirates,Asia,"Middle East, North Africa, Afghanistan & Pakistan",non-Schengen,m,18_59
2024,2024_I,FALSE,ARG,2,Argentina,Americas,Latin America & Caribbean,non-Schengen,f,18_59
2024,2024_I,FALSE,ARG,19,Argentina,Americas,Latin America & Caribbean,non-Schengen,m,18_59
2024,2024_I,FALSE,ARM,3,Armenia,Asia,Europe & Central Asia,non-Schengen,f,17
2024,2024_I,FALSE,ARM,6,Armenia,Asia,Europe & Central Asia,non-Schengen,f,18_59
2024,2024_I,FALSE,ARM,1,Armenia,Asia,Europe & Central Asia,non-Schengen,f,60
2024,2024_I,FALSE,ARM,1,Armenia,Asia,Europe & Central Asia,non-Schengen,m,17
2024,2024_I,FALSE,ARM,21,Armenia,Asia,Europe & Central Asia,non-Schengen,m,18_59
2024,2024_I,FALSE,ARM,1,Armenia,Asia,Europe & Central Asia,non-Schengen,m,60
2024,2024_I,FALSE,AZE,1,Azerbaijan,Asia,Europe & Central Asia,non-Schengen,f,17
2024,2024_I,FALSE,AZE,6,Azerbaijan,Asia,Europe & Central Asia,non-Schengen,f,18_59
2024,2024_I,FALSE,AZE,51,Azerbaijan,Asia,Europe & Central Asia,non-Schengen,m,18_59
2024,2024_I,FALSE,BDI,1,Burundi,Africa,Sub-Saharan Africa,non-Schengen,m,18_59
2024,2024_I,FALSE,BFA,1,Burkina Faso,Africa,Sub-Saharan Africa,non-Schengen,m,18_59
2024,2024_I,FALSE,BGD,2,Bangladesh,Asia,South Asia,non-Schengen,f,17
2024,2024_I,FALSE,BGD,1,Bangladesh,Asia,South Asia,non-Schengen,f,18_59
2024,2024_I,FALSE,BGD,40,Bangladesh,Asia,South Asia,non-Schengen,m,18_59
2024,2024_I,FALSE,BLR,2,Belarus,Europe,Europe & Central Asia,non-Schengen,f,17
2024,2024_I,FALSE,BLR,53,Belarus,Europe,Europe & Central Asia,non-Schengen,f,18_59
2024,2024_I,FALSE,BLR,2,Belarus,Europe,Europe & Central Asia,non-Schengen,f,60
2024,2024_I,FALSE,BLR,5,Belarus,Europe,Europe & Central Asia,non-Schengen,m,17
2024,2024_I,FALSE,BLR,201,Belarus,Europe,Europe & Central Asia,non-Schengen,m,18_59
2024,2024_I,FALSE,BLR,2,Belarus,Europe,Europe & Central Asia,non-Schengen,m,60
2024,2024_I,FALSE,BRA,3,Brazil,Americas,Latin America & Caribbean,non-Schengen,f,18_59
2024,2024_I,FALSE,BRA,3,Brazil,Americas,Latin America & Caribbean,non-Schengen,m,18_59
2024,2024_I,FALSE,CHN,4,China,Asia,East Asia & Pacific,non-Schengen,f,18_59
2024,2024_I,FALSE,CHN,1,China,Asia,East Asia & Pacific,non-Schengen,m,17
2024,2024_I,FALSE,CHN,15,China,Asia,East Asia & Pacific,non-Schengen,m,18_59
2024,2024_I,FALSE,CIV,1,Côte d’Ivoire,Africa,Sub-Saharan Africa,non-Schengen,m,18_59
2024,2024_I,FALSE,CMR,2,Cameroon,Africa,Sub-Saharan Africa,non-Schengen,f,18_59
2024,2024_I,FALSE,CMR,1,Cameroon,Africa,Sub-Saharan Africa,non-Schengen,m,17
2024,2024_I,FALSE,CMR,7,Cameroon,Africa,Sub-Saharan Africa,non-Schengen,m,18_59
2024,2024_I,FALSE,COG,1,Congo - Brazzaville,Africa,Sub-Saharan Africa,non-Schengen,f,18_59
2024,2024_I,FALSE,COG,2,Congo - Brazzaville,Africa,Sub-Saharan Africa,non-Schengen,m,18_59
2024,2024_I,FALSE,COL,2,Colombia,Americas,Latin America & Caribbean,non-Schengen,f,17
2024,2024_I,FALSE,COL,35,Colombia,Americas,Latin America & Caribbean,non-Schengen,f,18_59
2024,2024_I,FALSE,COL,1,Colombia,Americas,Latin America & Caribbean,non-Schengen,m,17
2024,2024_I,FALSE,COL,89,Colombia,Americas,Latin America & Caribbean,non-Schengen,m,18_59
2024,2024_I,FALSE,CUB,1,Cuba,Americas,Latin America & Caribbean,non-Schengen,f,18_59
2024,2024_I,FALSE,CUB,2,Cuba,Americas,Latin America & Caribbean,non-Schengen,m,18_59
2024,2024_I,FALSE,CUB,1,Cuba,Americas,Latin America & Caribbean,non-Schengen,m,60
2024,2024_I,FALSE,DZA,15,Algeria,Africa,"Middle East, North Africa, Afghanistan & Pakistan",non-Schengen,m,18_59
2024,2024_I,FALSE,ECU,1,Ecuador,Americas,Latin America & Caribbean,non-Schengen,m,18_59
2024,2024_I,FALSE,EGY,1,Egypt,Africa,"Middle East, North Africa, Afghanistan & Pakistan",non-Schengen,f,18_59
2024,2024_I,FALSE,EGY,29,Egypt,Africa,"Middle East, North Africa, Afghanistan & Pakistan",non-Schengen,m,18_59
2024,2024_I,FALSE,ETH,2,Ethiopia,Africa,Sub-Saharan Africa,non-Schengen,f,18_59
2024,2024_I,FALSE,ETH,8,Ethiopia,Africa,Sub-Saharan Africa,non-Schengen,m,18_59
2024,2024_I,FALSE,GBR,2,United Kingdom,Europe,Europe & Central Asia,non-Schengen,f,18_59
2024,2024_I,FALSE,GBR,5,United Kingdom,Europe,Europe & Central Asia,non-Schengen,m,18_59
2024,2024_I,FALSE,GEO,6,Georgia,Asia,Europe & Central Asia,non-Schengen,f,17
2024,2024_I,FALSE,GEO,54,Georgia,Asia,Europe & Central Asia,non-Schengen,f,18_59
2024,2024_I,FALSE,GEO,2,Georgia,Asia,Europe & Central Asia,non-Schengen,f,60
2024,2024_I,FALSE,GEO,18,Georgia,Asia,Europe & Central Asia,non-Schengen,m,17
2024,2024_I,FALSE,GEO,626,Georgia,Asia,Europe & Central Asia,non-Schengen,m,18_59
2024,2024_I,FALSE,GEO,4,Georgia,Asia,Europe & Central Asia,non-Schengen,m,60
2024,2024_I,FALSE,GHA,6,Ghana,Africa,Sub-Saharan Africa,non-Schengen,m,18_59
2024,2024_I,FALSE,GIN,3,Guinea,Africa,Sub-Saharan Africa,non-Schengen,m,18_59
2024,2024_I,FALSE,GTM,1,Guatemala,Americas,Latin America & Caribbean,non-Schengen,f,18_59
2024,2024_I,FALSE,HND,1,Honduras,Americas,Latin America & Caribbean,non-Schengen,m,18_59
2024,2024_I,FALSE,IDN,19,Indonesia,Asia,East Asia & Pacific,non-Schengen,f,18_59
2024,2024_I,FALSE,IDN,88,Indonesia,Asia,East Asia & Pacific,non-Schengen,m,18_59
2024,2024_I,FALSE,IND,9,India,Asia,South Asia,non-Schengen,f,18_59
2024,2024_I,FALSE,IND,1,India,Asia,South Asia,non-Schengen,m,17
2024,2024_I,FALSE,IND,147,India,Asia,South Asia,non-Schengen,m,18_59
2024,2024_I,FALSE,IRN,1,Iran,Asia,"Middle East, North Africa, Afghanistan & Pakistan",non-Schengen,f,18_59
2024,2024_I,FALSE,IRN,3,Iran,Asia,"Middle East, North Africa, Afghanistan & Pakistan",non-Schengen,m,18_59
2024,2024_I,FALSE,IRQ,8,Iraq,Asia,"Middle East, North Africa, Afghanistan & Pakistan",non-Schengen,m,18_59
2024,2024_I,FALSE,ISR,3,Israel,Asia,"Middle East, North Africa, Afghanistan & Pakistan",non-Schengen,m,18_59
2024,2024_I,FALSE,JOR,2,Jordan,Asia,"Middle East, North Africa, Afghanistan & Pakistan",non-Schengen,m,18_59
2024,2024_I,FALSE,JPN,3,Japan,Asia,East Asia & Pacific,non-Schengen,m,18_59
2024,2024_I,FALSE,KAZ,6,Kazakhstan,Asia,Europe & Central Asia,non-Schengen,f,18_59
2024,2024_I,FALSE,KAZ,18,Kazakhstan,Asia,Europe & Central Asia,non-Schengen,m,18_59
2024,2024_I,FALSE,KEN,3,Kenya,Africa,Sub-Saharan Africa,non-Schengen,m,18_59
2024,2024_I,FALSE,KGZ,1,Kyrgyzstan,Asia,Europe & Central Asia,non-Schengen,f,17
2024,2024_I,FALSE,KGZ,4,Kyrgyzstan,Asia,Europe & Central Asia,non-Schengen,f,18_59
2024,2024_I,FALSE,KGZ,1,Kyrgyzstan,Asia,Europe & Central Asia,non-Schengen,m,17
2024,2024_I,FALSE,KGZ,37,Kyrgyzstan,Asia,Europe & Central Asia,non-Schengen,m,18_59
2024,2024_I,FALSE,LBN,2,Lebanon,Asia,"Middle East, North Africa, Afghanistan & Pakistan",non-Schengen,m,18_59
2024,2024_I,FALSE,LBY,2,Libya,Africa,"Middle East, North Africa, Afghanistan & Pakistan",non-Schengen,m,18_59
2024,2024_I,FALSE,LKA,4,Sri Lanka,Asia,South Asia,non-Schengen,m,18_59
2024,2024_I,FALSE,MAR,2,Morocco,Africa,"Middle East, North Africa, Afghanistan & Pakistan",non-Schengen,f,18_59
2024,2024_I,FALSE,MAR,15,Morocco,Africa,"Middle East, North Africa, Afghanistan & Pakistan",non-Schengen,m,18_59
2024,2024_I,FALSE,MDA,4,Moldova,Europe,Europe & Central Asia,non-Schengen,f,17
2024,2024_I,FALSE,MDA,45,Moldova,Europe,Europe & Central Asia,non-Schengen,f,18_59
2024,2024_I,FALSE,MDA,3,Moldova,Europe,Europe & Central Asia,non-Schengen,m,17
2024,2024_I,FALSE,MDA,210,Moldova,Europe,Europe & Central Asia,non-Schengen,m,18_59
2024,2024_I,FALSE,MDA,1,Moldova,Europe,Europe & Central Asia,non-Schengen,m,60
2024,2024_I,FALSE,MEX,1,Mexico,Americas,Latin America & Caribbean,non-Schengen,f,18_59
2024,2024_I,FALSE,MEX,3,Mexico,Americas,Latin America & Caribbean,non-Schengen,m,18_59
2024,2024_I,FALSE,MKD,2,North Macedonia,Europe,Europe & Central Asia,non-Schengen,m,18_59
2024,2024_I,FALSE,MNG,1,Mongolia,Asia,East Asia & Pacific,non-Schengen,f,18_59
2024,2024_I,FALSE,MNG,6,Mongolia,Asia,East Asia & Pacific,non-Schengen,m,18_59
2024,2024_I,FALSE,MYS,1,Malaysia,Asia,East Asia & Pacific,non-Schengen,f,18_59
2024,2024_I,FALSE,NGA,1,Nigeria,Africa,Sub-Saharan Africa,non-Schengen,f,17
2024,2024_I,FALSE,NGA,6,Nigeria,Africa,Sub-Saharan Africa,non-Schengen,f,18_59
2024,2024_I,FALSE,NGA,18,Nigeria,Africa,Sub-Saharan Africa,non-Schengen,m,18_59
2024,2024_I,FALSE,NIC,1,Nicaragua,Americas,Latin America & Caribbean,non-Schengen,m,18_59
2024,2024_I,FALSE,NPL,1,Nepal,Asia,South Asia,non-Schengen,f,17
2024,2024_I,FALSE,NPL,3,Nepal,Asia,South Asia,non-Schengen,f,18_59
2024,2024_I,FALSE,NPL,1,Nepal,Asia,South Asia,non-Schengen,m,17
2024,2024_I,FALSE,NPL,33,Nepal,Asia,South Asia,non-Schengen,m,18_59
2024,2024_I,FALSE,PAK,2,Pakistan,Asia,"Middle East, North Africa, Afghanistan & Pakistan",non-Schengen,f,18_59
2024,2024_I,FALSE,PAK,15,Pakistan,Asia,"Middle East, North Africa, Afghanistan & Pakistan",non-Schengen,m,18_59
2024,2024_I,FALSE,PER,1,Peru,Americas,Latin America & Caribbean,non-Schengen,f,18_59
2024,2024_I,FALSE,PER,6,Peru,Americas,Latin America & Caribbean,non-Schengen,m,18_59
2024,2024_I,FALSE,PHL,1,Philippines,Asia,East Asia & Pacific,non-Schengen,f,17
2024,2024_I,FALSE,PHL,30,Philippines,Asia,East Asia & Pacific,non-Schengen,f,18_59
2024,2024_I,FALSE,PHL,1,Philippines,Asia,East Asia & Pacific,non-Schengen,m,17
2024,2024_I,FALSE,PHL,57,Philippines,Asia,East Asia & Pacific,non-Schengen,m,18_59
2024,2024_I,FALSE,PRY,5,Paraguay,Americas,Latin America & Caribbean,non-Schengen,m,18_59
2024,2024_I,FALSE,PSE,1,Palestinian Territories,Asia,"Middle East, North Africa, Afghanistan & Pakistan",non-Schengen,m,18_59
2024,2024_I,FALSE,RKS,3,KOSOVO,Europe,Europe & Central Asia,non-Schengen,m,18_59
2024,2024_I,FALSE,RUS,21,Russia,Europe,Europe & Central Asia,non-Schengen,f,17
2024,2024_I,FALSE,RUS,42,Russia,Europe,Europe & Central Asia,non-Schengen,f,18_59
2024,2024_I,FALSE,RUS,4,Russia,Europe,Europe & Central Asia,non-Schengen,f,60
2024,2024_I,FALSE,RUS,13,Russia,Europe,Europe & Central Asia,non-Schengen,m,17
2024,2024_I,FALSE,RUS,94,Russia,Europe,Europe & Central Asia,non-Schengen,m,18_59
2024,2024_I,FALSE,RUS,3,Russia,Europe,Europe & Central Asia,non-Schengen,m,60
2024,2024_I,FALSE,RWA,1,Rwanda,Africa,Sub-Saharan Africa,non-Schengen,f,18_59
2024,2024_I,FALSE,RWA,7,Rwanda,Africa,Sub-Saharan Africa,non-Schengen,m,18_59
2024,2024_I,FALSE,SDN,4,Sudan,Africa,Sub-Saharan Africa,non-Schengen,m,18_59
2024,2024_I,FALSE,SOM,1,Somalia,Africa,Sub-Saharan Africa,non-Schengen,m,18_59
2024,2024_I,FALSE,SRB,1,Serbia,Europe,Europe & Central Asia,non-Schengen,f,18_59
2024,2024_I,FALSE,SRB,3,Serbia,Europe,Europe & Central Asia,non-Schengen,m,18_59
2024,2024_I,FALSE,SWZ,1,Eswatini,Africa,Sub-Saharan Africa,non-Schengen,m,18_59
2024,2024_I,FALSE,SYR,1,Syria,Asia,"Middle East, North Africa, Afghanistan & Pakistan",non-Schengen,m,17
2024,2024_I,FALSE,SYR,10,Syria,Asia,"Middle East, North Africa, Afghanistan & Pakistan",non-Schengen,m,18_59
2024,2024_I,FALSE,THA,9,Thailand,Asia,East Asia & Pacific,non-Schengen,f,18_59
2024,2024_I,FALSE,THA,1,Thailand,Asia,East Asia & Pacific,non-Schengen,m,17
2024,2024_I,FALSE,THA,1,Thailand,Asia,East Asia & Pacific,non-Schengen,m,18_59
2024,2024_I,FALSE,TJK,2,Tajikistan,Asia,Europe & Central Asia,non-Schengen,f,17
2024,2024_I,FALSE,TJK,4,Tajikistan,Asia,Europe & Central Asia,non-Schengen,f,18_59
2024,2024_I,FALSE,TJK,2,Tajikistan,Asia,Europe & Central Asia,non-Schengen,m,17
2024,2024_I,FALSE,TJK,62,Tajikistan,Asia,Europe & Central Asia,non-Schengen,m,18_59
2024,2024_I,FALSE,TKM,7,Turkmenistan,Asia,Europe & Central Asia,non-Schengen,f,18_59
2024,2024_I,FALSE,TKM,79,Turkmenistan,Asia,Europe & Central Asia,non-Schengen,m,18_59
2024,2024_I,FALSE,TUN,12,Tunisia,Africa,"Middle East, North Africa, Afghanistan & Pakistan",non-Schengen,m,18_59
2024,2024_I,FALSE,TUR,5,Turkey,Asia,Europe & Central Asia,non-Schengen,f,18_59
2024,2024_I,FALSE,TUR,2,Turkey,Asia,Europe & Central Asia,non-Schengen,m,17
2024,2024_I,FALSE,TUR,72,Turkey,Asia,Europe & Central Asia,non-Schengen,m,18_59
2024,2024_I,FALSE,TZA,1,Tanzania,Africa,Sub-Saharan Africa,non-Schengen,f,18_59
2024,2024_I,FALSE,UGA,3,Uganda,Africa,Sub-Saharan Africa,non-Schengen,f,18_59
2024,2024_I,FALSE,UGA,5,Uganda,Africa,Sub-Saharan Africa,non-Schengen,m,18_59
2024,2024_I,FALSE,UKR,1,Ukraine,Europe,Europe & Central Asia,non-Schengen,f,17
2024,2024_I,FALSE,UKR,24,Ukraine,Europe,Europe & Central Asia,non-Schengen,f,18_59
2024,2024_I,FALSE,UKR,2,Ukraine,Europe,Europe & Central Asia,non-Schengen,f,60
2024,2024_I,FALSE,UKR,306,Ukraine,Europe,Europe & Central Asia,non-Schengen,m,18_59
2024,2024_I,FALSE,UKR,1,Ukraine,Europe,Europe & Central Asia,non-Schengen,m,60
2024,2024_I,FALSE,UNK,1,unknown,other/unknown,other/unknown,non-Schengen,m,18_59
2024,2024_I,FALSE,USA,1,United States,Americas,North America,non-Schengen,f,18_59
2024,2024_I,FALSE,USA,2,United States,Americas,North America,non-Schengen,m,18_59
2024,2024_I,FALSE,USA,1,United States,Americas,North America,non-Schengen,m,60
2024,2024_I,FALSE,UZB,3,Uzbekistan,Asia,Europe & Central Asia,non-Schengen,f,18_59
2024,2024_I,FALSE,UZB,1,Uzbekistan,Asia,Europe & Central Asia,non-Schengen,m,17
2024,2024_I,FALSE,UZB,178,Uzbekistan,Asia,Europe & Central Asia,non-Schengen,m,18_59
2024,2024_I,FALSE,VEN,2,Venezuela,Americas,Latin America & Caribbean,non-Schengen,f,17
2024,2024_I,FALSE,VEN,3,Venezuela,Americas,Latin America & Caribbean,non-Schengen,f,18_59
2024,2024_I,FALSE,VEN,3,Venezuela,Americas,Latin America & Caribbean,non-Schengen,m,18_59
2024,2024_I,FALSE,VNM,1,Vietnam,Asia,East Asia & Pacific,non-Schengen,f,17
2024,2024_I,FALSE,VNM,16,Vietnam,Asia,East Asia & Pacific,non-Schengen,f,18_59
2024,2024_I,FALSE,VNM,3,Vietnam,Asia,East Asia & Pacific,non-Schengen,f,60
2024,2024_I,FALSE,VNM,1,Vietnam,Asia,East Asia & Pacific,non-Schengen,m,17
2024,2024_I,FALSE,VNM,45,Vietnam,Asia,East Asia & Pacific,non-Schengen,m,18_59
2024,2024_I,FALSE,XXX,4,Stateless,other/unknown,other/unknown,non-Schengen,m,18_59
2024,2024_I,FALSE,YEM,2,Yemen,Asia,"Middle East, North Africa, Afghanistan & Pakistan",non-Schengen,m,18_59
2024,2024_I,FALSE,ZAF,3,South Africa,Africa,Sub-Saharan Africa,non-Schengen,m,18_59
2024,2024_I,FALSE,ZMB,1,Zambia,Africa,Sub-Saharan Africa,non-Schengen,f,18_59
2024,2024_I,FALSE,ZMB,1,Zambia,Africa,Sub-Saharan Africa,non-Schengen,m,18_59
2024,2024_I,FALSE,ZWE,1,Zimbabwe,Africa,Sub-Saharan Africa,non-Schengen,f,17
2024,2024_I,FALSE,ZWE,8,Zimbabwe,Africa,Sub-Saharan Africa,non-Schengen,f,18_59
2024,2024_I,FALSE,ZWE,24,Zimbabwe,Africa,Sub-Saharan Africa,non-Schengen,m,18_59
2024,2024_I,TRUE,BLR,5,Belarus,Europe,Europe & Central Asia,non-Schengen,m,18_59
2024,2024_I,TRUE,EGY,1,Egypt,Africa,"Middle East, North Africa, Afghanistan & Pakistan",non-Schengen,m,18_59
2024,2024_I,TRUE,GEO,12,Georgia,Asia,Europe & Central Asia,non-Schengen,m,18_59
2024,2024_I,TRUE,IND,1,India,Asia,South Asia,non-Schengen,m,18_59
2024,2024_I,TRUE,MDA,6,Moldova,Europe,Europe & Central Asia,non-Schengen,m,18_59
2024,2024_I,TRUE,RUS,1,Russia,Europe,Europe & Central Asia,non-Schengen,f,18_59
2024,2024_I,TRUE,RUS,3,Russia,Europe,Europe & Central Asia,non-Schengen,m,18_59
2024,2024_I,TRUE,SYR,1,Syria,Asia,"Middle East, North Africa, Afghanistan & Pakistan",non-Schengen,m,18_59
2024,2024_I,TRUE,UKR,1,Ukraine,Europe,Europe & Central Asia,non-Schengen,f,18_59
2024,2024_I,TRUE,UKR,9,Ukraine,Europe,Europe & Central Asia,non-Schengen,m,18_59
2024,2024_I,TRUE,UZB,2,Uzbekistan,Asia,Europe & Central Asia,non-Schengen,m,18_59
2024,2024_II,FALSE,AFG,1,Afghanistan,Asia,"Middle East, North Africa, Afghanistan & Pakistan",non-Schengen,f,17
2024,2024_II,FALSE,AFG,1,Afghanistan,Asia,"Middle East, North Africa, Afghanistan & Pakistan",non-Schengen,f,18_59
2024,2024_II,FALSE,AFG,3,Afghanistan,Asia,"Middle East, North Africa, Afghanistan & Pakistan",non-Schengen,m,18_59
2024,2024_II,FALSE,AGO,2,Angola,Africa,Sub-Saharan Africa,non-Schengen,f,18_59
2024,2024_II,FALSE,AGO,3,Angola,Africa,Sub-Saharan Africa,non-Schengen,m,18_59
2024,2024_II,FALSE,ALB,5,Albania,Europe,Europe & Central Asia,non-Schengen,m,18_59
2024,2024_II,FALSE,ARG,1,Argentina,Americas,Latin America & Caribbean,non-Schengen,f,18_59
2024,2024_II,FALSE,ARG,2,Argentina,Americas,Latin America & Caribbean,non-Schengen,m,17
2024,2024_II,FALSE,ARG,18,Argentina,Americas,Latin America & Caribbean,non-Schengen,m,18_59
2024,2024_II,FALSE,ARM,1,Armenia,Asia,Europe & Central Asia,non-Schengen,f,17
2024,2024_II,FALSE,ARM,2,Armenia,Asia,Europe & Central Asia,non-Schengen,f,18_59
2024,2024_II,FALSE,ARM,1,Armenia,Asia,Europe & Central Asia,non-Schengen,f,60
2024,2024_II,FALSE,ARM,16,Armenia,Asia,Europe & Central Asia,non-Schengen,m,18_59
2024,2024_II,FALSE,ARM,3,Armenia,Asia,Europe & Central Asia,non-Schengen,m,60
2024,2024_II,FALSE,AUS,1,Australia,Oceania,East Asia & Pacific,non-Schengen,m,18_59
2024,2024_II,FALSE,AZE,2,Azerbaijan,Asia,Europe & Central Asia,non-Schengen,f,17
2024,2024_II,FALSE,AZE,3,Azerbaijan,Asia,Europe & Central Asia,non-Schengen,f,18_59
2024,2024_II,FALSE,AZE,3,Azerbaijan,Asia,Europe & Central Asia,non-Schengen,m,17
2024,2024_II,FALSE,AZE,45,Azerbaijan,Asia,Europe & Central Asia,non-Schengen,m,18_59
2024,2024_II,FALSE,BFA,1,Burkina Faso,Africa,Sub-Saharan Africa,non-Schengen,m,18_59
2024,2024_II,FALSE,BGD,1,Bangladesh,Asia,South Asia,non-Schengen,f,18_59
2024,2024_II,FALSE,BGD,1,Bangladesh,Asia,South Asia,non-Schengen,f,60
2024,2024_II,FALSE,BGD,55,Bangladesh,Asia,South Asia,non-Schengen,m,18_59
2024,2024_II,FALSE,BHR,1,Bahrain,Asia,"Middle East, North Africa, Afghanistan & Pakistan",non-Schengen,m,18_59
2024,2024_II,FALSE,BIH,2,Bosnia & Herzegovina,Europe,Europe & Central Asia,non-Schengen,m,18_59
2024,2024_II,FALSE,BLR,4,Belarus,Europe,Europe & Central Asia,non-Schengen,f,17
2024,2024_II,FALSE,BLR,51,Belarus,Europe,Europe & Central Asia,non-Schengen,f,18_59
2024,2024_II,FALSE,BLR,1,Belarus,Europe,Europe & Central Asia,non-Schengen,m,17
2024,2024_II,FALSE,BLR,146,Belarus,Europe,Europe & Central Asia,non-Schengen,m,18_59
2024,2024_II,FALSE,BLR,1,Belarus,Europe,Europe & Central Asia,non-Schengen,m,60
2024,2024_II,FALSE,BOL,2,Bolivia,Americas,Latin America & Caribbean,non-Schengen,m,18_59
2024,2024_II,FALSE,BRA,3,Brazil,Americas,Latin America & Caribbean,non-Schengen,m,18_59
2024,2024_II,FALSE,CAN,3,Canada,Americas,North America,non-Schengen,m,18_59
2024,2024_II,FALSE,CHN,7,China,Asia,East Asia & Pacific,non-Schengen,f,18_59
2024,2024_II,FALSE,CHN,11,China,Asia,East Asia & Pacific,non-Schengen,m,18_59
2024,2024_II,FALSE,CHN,1,China,Asia,East Asia & Pacific,non-Schengen,m,60
2024,2024_II,FALSE,CMR,1,Cameroon,Africa,Sub-Saharan Africa,non-Schengen,f,17
2024,2024_II,FALSE,CMR,5,Cameroon,Africa,Sub-Saharan Africa,non-Schengen,m,18_59
2024,2024_II,FALSE,COD,1,Congo - Kinshasa,Africa,Sub-Saharan Africa,non-Schengen,m,17
2024,2024_II,FALSE,COD,4,Congo - Kinshasa,Africa,Sub-Saharan Africa,non-Schengen,m,18_59
2024,2024_II,FALSE,COD,1,Congo - Kinshasa,Africa,Sub-Saharan Africa,non-Schengen,m,60
2024,2024_II,FALSE,COG,1,Congo - Brazzaville,Africa,Sub-Saharan Africa,non-Schengen,f,18_59
2024,2024_II,FALSE,COG,2,Congo - Brazzaville,Africa,Sub-Saharan Africa,non-Schengen,m,18_59
2024,2024_II,FALSE,COL,1,Colombia,Americas,Latin America & Caribbean,non-Schengen,f,17
2024,2024_II,FALSE,COL,81,Colombia,Americas,Latin America & Caribbean,non-Schengen,f,18_59
2024,2024_II,FALSE,COL,1,Colombia,Americas,Latin America & Caribbean,non-Schengen,f,60
2024,2024_II,FALSE,COL,277,Colombia,Americas,Latin America & Caribbean,non-Schengen,m,18_59
2024,2024_II,FALSE,CUB,1,Cuba,Americas,Latin America & Caribbean,non-Schengen,f,18_59
2024,2024_II,FALSE,CUB,1,Cuba,Americas,Latin America & Caribbean,non-Schengen,m,18_59
2024,2024_II,FALSE,CUB,1,Cuba,Americas,Latin America & Caribbean,non-Schengen,m,60
2024,2024_II,FALSE,DMA,1,Dominica,Americas,Latin America & Caribbean,non-Schengen,m,18_59
2024,2024_II,FALSE,DZA,1,Algeria,Africa,"Middle East, North Africa, Afghanistan & Pakistan",non-Schengen,f,18_59
2024,2024_II,FALSE,DZA,27,Algeria,Africa,"Middle East, North Africa, Afghanistan & Pakistan",non-Schengen,m,18_59
2024,2024_II,FALSE,EGY,2,Egypt,Africa,"Middle East, North Africa, Afghanistan & Pakistan",non-Schengen,f,18_59
2024,2024_II,FALSE,EGY,1,Egypt,Africa,"Middle East, North Africa, Afghanistan & Pakistan",non-Schengen,m,17
2024,2024_II,FALSE,EGY,8,Egypt,Africa,"Middle East, North Africa, Afghanistan & Pakistan",non-Schengen,m,18_59
2024,2024_II,FALSE,ETH,2,Ethiopia,Africa,Sub-Saharan Africa,non-Schengen,f,18_59
2024,2024_II,FALSE,ETH,9,Ethiopia,Africa,Sub-Saharan Africa,non-Schengen,m,18_59
2024,2024_II,FALSE,GBR,2,United Kingdom,Europe,Europe & Central Asia,non-Schengen,m,18_59
2024,2024_II,FALSE,GEO,2,Georgia,Asia,Europe & Central Asia,non-Schengen,f,17
2024,2024_II,FALSE,GEO,49,Georgia,Asia,Europe & Central Asia,non-Schengen,f,18_59
2024,2024_II,FALSE,GEO,2,Georgia,Asia,Europe & Central Asia,non-Schengen,f,60
2024,2024_II,FALSE,GEO,11,Georgia,Asia,Europe & Central Asia,non-Schengen,m,17
2024,2024_II,FALSE,GEO,512,Georgia,Asia,Europe & Central Asia,non-Schengen,m,18_59
2024,2024_II,FALSE,GEO,2,Georgia,Asia,Europe & Central Asia,non-Schengen,m,60
2024,2024_II,FALSE,GHA,2,Ghana,Africa,Sub-Saharan Africa,non-Schengen,f,18_59
2024,2024_II,FALSE,GHA,3,Ghana,Africa,Sub-Saharan Africa,non-Schengen,m,17
2024,2024_II,FALSE,GHA,11,Ghana,Africa,Sub-Saharan Africa,non-Schengen,m,18_59
2024,2024_II,FALSE,GIN,3,Guinea,Africa,Sub-Saharan Africa,non-Schengen,f,17
2024,2024_II,FALSE,GIN,1,Guinea,Africa,Sub-Saharan Africa,non-Schengen,f,18_59
2024,2024_II,FALSE,GIN,1,Guinea,Africa,Sub-Saharan Africa,non-Schengen,m,17
2024,2024_II,FALSE,GIN,5,Guinea,Africa,Sub-Saharan Africa,non-Schengen,m,18_59
2024,2024_II,FALSE,GMB,2,Gambia,Africa,Sub-Saharan Africa,non-Schengen,m,18_59
2024,2024_II,FALSE,GTM,1,Guatemala,Americas,Latin America & Caribbean,non-Schengen,f,18_59
2024,2024_II,FALSE,IDN,15,Indonesia,Asia,East Asia & Pacific,non-Schengen,f,18_59
2024,2024_II,FALSE,IDN,80,Indonesia,Asia,East Asia & Pacific,non-Schengen,m,18_59
2024,2024_II,FALSE,IND,4,India,Asia,South Asia,non-Schengen,f,18_59
2024,2024_II,FALSE,IND,147,India,Asia,South Asia,non-Schengen,m,18_59
2024,2024_II,FALSE,IRN,1,Iran,Asia,"Middle East, North Africa, Afghanistan & Pakistan",non-Schengen,f,18_59
2024,2024_II,FALSE,IRN,2,Iran,Asia,"Middle East, North Africa, Afghanistan & Pakistan",non-Schengen,m,17
2024,2024_II,FALSE,IRN,10,Iran,Asia,"Middle East, North Africa, Afghanistan & Pakistan",non-Schengen,m,18_59
2024,2024_II,FALSE,IRQ,4,Iraq,Asia,"Middle East, North Africa, Afghanistan & Pakistan",non-Schengen,m,18_59
2024,2024_II,FALSE,ISR,2,Israel,Asia,"Middle East, North Africa, Afghanistan & Pakistan",non-Schengen,m,18_59
2024,2024_II,FALSE,JAM,1,Jamaica,Americas,Latin America & Caribbean,non-Schengen,m,18_59
2024,2024_II,FALSE,JOR,2,Jordan,Asia,"Middle East, North Africa, Afghanistan & Pakistan",non-Schengen,m,18_59
2024,2024_II,FALSE,KAZ,14,Kazakhstan,Asia,Europe & Central Asia,non-Schengen,f,18_59
2024,2024_II,FALSE,KAZ,3,Kazakhstan,Asia,Europe & Central Asia,non-Schengen,f,60
2024,2024_II,FALSE,KAZ,18,Kazakhstan,Asia,Europe & Central Asia,non-Schengen,m,18_59
2024,2024_II,FALSE,KEN,6,Kenya,Africa,Sub-Saharan Africa,non-Schengen,f,18_59
2024,2024_II,FALSE,KEN,2,Kenya,Africa,Sub-Saharan Africa,non-Schengen,m,18_59
2024,2024_II,FALSE,KGZ,2,Kyrgyzstan,Asia,Europe & Central Asia,non-Schengen,f,17
2024,2024_II,FALSE,KGZ,10,Kyrgyzstan,Asia,Europe & Central Asia,non-Schengen,f,18_59
2024,2024_II,FALSE,KGZ,4,Kyrgyzstan,Asia,Europe & Central Asia,non-Schengen,m,17
2024,2024_II,FALSE,KGZ,42,Kyrgyzstan,Asia,Europe & Central Asia,non-Schengen,m,18_59
2024,2024_II,FALSE,LBY,2,Libya,Africa,"Middle East, North Africa, Afghanistan & Pakistan",non-Schengen,m,18_59
2024,2024_II,FALSE,LKA,18,Sri Lanka,Asia,South Asia,non-Schengen,m,18_59
2024,2024_II,FALSE,LTU,1,Lithuania,Europe,Europe & Central Asia,Schengen,f,18_59
2024,2024_II,FALSE,MAR,1,Morocco,Africa,"Middle East, North Africa, Afghanistan & Pakistan",non-Schengen,f,18_59
2024,2024_II,FALSE,MAR,11,Morocco,Africa,"Middle East, North Africa, Afghanistan & Pakistan",non-Schengen,m,18_59
2024,2024_II,FALSE,MDA,2,Moldova,Europe,Europe & Central Asia,non-Schengen,f,17
2024,2024_II,FALSE,MDA,28,Moldova,Europe,Europe & Central Asia,non-Schengen,f,18_59
2024,2024_II,FALSE,MDA,6,Moldova,Europe,Europe & Central Asia,non-Schengen,m,17
2024,2024_II,FALSE,MDA,168,Moldova,Europe,Europe & Central Asia,non-Schengen,m,18_59
2024,2024_II,FALSE,MEX,1,Mexico,Americas,Latin America & Caribbean,non-Schengen,m,18_59
2024,2024_II,FALSE,MKD,3,North Macedonia,Europe,Europe & Central Asia,non-Schengen,m,18_59
2024,2024_II,FALSE,MLI,4,Mali,Africa,Sub-Saharan Africa,non-Schengen,m,18_59
2024,2024_II,FALSE,MMR,1,Myanmar (Burma),Asia,East Asia & Pacific,non-Schengen,m,18_59
2024,2024_II,FALSE,MNE,1,Montenegro,Europe,Europe & Central Asia,non-Schengen,m,18_59
2024,2024_II,FALSE,MNG,9,Mongolia,Asia,East Asia & Pacific,non-Schengen,f,18_59
2024,2024_II,FALSE,MNG,1,Mongolia,Asia,East Asia & Pacific,non-Schengen,m,17
2024,2024_II,FALSE,MNG,7,Mongolia,Asia,East Asia & Pacific,non-Schengen,m,18_59
2024,2024_II,FALSE,MOZ,2,Mozambique,Africa,Sub-Saharan Africa,non-Schengen,m,18_59
2024,2024_II,FALSE,MUS,1,Mauritius,Africa,Sub-Saharan Africa,non-Schengen,m,18_59
2024,2024_II,FALSE,MYS,1,Malaysia,Asia,East Asia & Pacific,non-Schengen,f,18_59
2024,2024_II,FALSE,MYS,1,Malaysia,Asia,East Asia & Pacific,non-Schengen,m,18_59
2024,2024_II,FALSE,NGA,8,Nigeria,Africa,Sub-Saharan Africa,non-Schengen,f,18_59
2024,2024_II,FALSE,NGA,37,Nigeria,Africa,Sub-Saharan Africa,non-Schengen,m,18_59
2024,2024_II,FALSE,NPL,12,Nepal,Asia,South Asia,non-Schengen,f,18_59
2024,2024_II,FALSE,NPL,87,Nepal,Asia,South Asia,non-Schengen,m,18_59
2024,2024_II,FALSE,PAK,12,Pakistan,Asia,"Middle East, North Africa, Afghanistan & Pakistan",non-Schengen,m,18_59
2024,2024_II,FALSE,PER,1,Peru,Americas,Latin America & Caribbean,non-Schengen,f,18_59
2024,2024_II,FALSE,PER,1,Peru,Americas,Latin America & Caribbean,non-Schengen,f,60
2024,2024_II,FALSE,PER,5,Peru,Americas,Latin America & Caribbean,non-Schengen,m,18_59
2024,2024_II,FALSE,PHL,32,Philippines,Asia,East Asia & Pacific,non-Schengen,f,18_59
2024,2024_II,FALSE,PHL,2,Philippines,Asia,East Asia & Pacific,non-Schengen,m,17
2024,2024_II,FALSE,PHL,104,Philippines,Asia,East Asia & Pacific,non-Schengen,m,18_59
2024,2024_II,FALSE,PSE,1,Palestinian Territories,Asia,"Middle East, North Africa, Afghanistan & Pakistan",non-Schengen,m,18_59
2024,2024_II,FALSE,RKS,1,KOSOVO,Europe,Europe & Central Asia,non-Schengen,m,18_59
2024,2024_II,FALSE,ROU,1,Romania,Europe,Europe & Central Asia,non-Schengen,f,17
2024,2024_II,FALSE,ROU,1,Romania,Europe,Europe & Central Asia,non-Schengen,f,18_59
2024,2024_II,FALSE,ROU,1,Romania,Europe,Europe & Central Asia,non-Schengen,m,17
2024,2024_II,FALSE,ROU,2,Romania,Europe,Europe & Central Asia,non-Schengen,m,18_59
2024,2024_II,FALSE,RUS,20,Russia,Europe,Europe & Central Asia,non-Schengen,f,17
2024,2024_II,FALSE,RUS,28,Russia,Europe,Europe & Central Asia,non-Schengen,f,18_59
2024,2024_II,FALSE,RUS,4,Russia,Europe,Europe & Central Asia,non-Schengen,f,60
2024,2024_II,FALSE,RUS,13,Russia,Europe,Europe & Central Asia,non-Schengen,m,17
2024,2024_II,FALSE,RUS,58,Russia,Europe,Europe & Central Asia,non-Schengen,m,18_59
2024,2024_II,FALSE,RUS,2,Russia,Europe,Europe & Central Asia,non-Schengen,m,60
2024,2024_II,FALSE,RWA,5,Rwanda,Africa,Sub-Saharan Africa,non-Schengen,f,18_59
2024,2024_II,FALSE,RWA,8,Rwanda,Africa,Sub-Saharan Africa,non-Schengen,m,18_59
2024,2024_II,FALSE,SDN,1,Sudan,Africa,Sub-Saharan Africa,non-Schengen,f,18_59
2024,2024_II,FALSE,SEN,1,Senegal,Africa,Sub-Saharan Africa,non-Schengen,m,18_59
2024,2024_II,FALSE,SLV,1,El Salvador,Americas,Latin America & Caribbean,non-Schengen,m,18_59
2024,2024_II,FALSE,SOM,2,Somalia,Africa,Sub-Saharan Africa,non-Schengen,m,18_59
2024,2024_II,FALSE,SRB,1,Serbia,Europe,Europe & Central Asia,non-Schengen,f,18_59
2024,2024_II,FALSE,SRB,5,Serbia,Europe,Europe & Central Asia,non-Schengen,m,18_59
2024,2024_II,FALSE,SRB,1,Serbia,Europe,Europe & Central Asia,non-Schengen,m,60
2024,2024_II,FALSE,SVK,1,Slovakia,Europe,Europe & Central Asia,Schengen,m,18_59
2024,2024_II,FALSE,SYR,8,Syria,Asia,"Middle East, North Africa, Afghanistan & Pakistan",non-Schengen,m,18_59
2024,2024_II,FALSE,THA,1,Thailand,Asia,East Asia & Pacific,non-Schengen,f,18_59
2024,2024_II,FALSE,THA,1,Thailand,Asia,East Asia & Pacific,non-Schengen,m,18_59
2024,2024_II,FALSE,TJK,1,Tajikistan,Asia,Europe & Central Asia,non-Schengen,f,17
2024,2024_II,FALSE,TJK,4,Tajikistan,Asia,Europe & Central Asia,non-Schengen,f,18_59
2024,2024_II,FALSE,TJK,64,Tajikistan,Asia,Europe & Central Asia,non-Schengen,m,18_59
2024,2024_II,FALSE,TKM,5,Turkmenistan,Asia,Europe & Central Asia,non-Schengen,f,18_59
2024,2024_II,FALSE,TKM,59,Turkmenistan,Asia,Europe & Central Asia,non-Schengen,m,18_59
2024,2024_II,FALSE,TKM,1,Turkmenistan,Asia,Europe & Central Asia,non-Schengen,m,60
2024,2024_II,FALSE,TTO,1,Trinidad & Tobago,Americas,Latin America & Caribbean,non-Schengen,f,18_59
2024,2024_II,FALSE,TUN,1,Tunisia,Africa,"Middle East, North Africa, Afghanistan & Pakistan",non-Schengen,f,18_59
2024,2024_II,FALSE,TUN,1,Tunisia,Africa,"Middle East, North Africa, Afghanistan & Pakistan",non-Schengen,m,17
2024,2024_II,FALSE,TUN,8,Tunisia,Africa,"Middle East, North Africa, Afghanistan & Pakistan",non-Schengen,m,18_59
2024,2024_II,FALSE,TUR,3,Turkey,Asia,Europe & Central Asia,non-Schengen,f,18_59
2024,2024_II,FALSE,TUR,51,Turkey,Asia,Europe & Central Asia,non-Schengen,m,18_59
2024,2024_II,FALSE,TZA,2,Tanzania,Africa,Sub-Saharan Africa,non-Schengen,f,17
2024,2024_II,FALSE,TZA,4,Tanzania,Africa,Sub-Saharan Africa,non-Schengen,f,18_59
2024,2024_II,FALSE,TZA,4,Tanzania,Africa,Sub-Saharan Africa,non-Schengen,m,18_59
2024,2024_II,FALSE,UGA,3,Uganda,Africa,Sub-Saharan Africa,non-Schengen,m,18_59
2024,2024_II,FALSE,UKR,41,Ukraine,Europe,Europe & Central Asia,non-Schengen,f,18_59
2024,2024_II,FALSE,UKR,2,Ukraine,Europe,Europe & Central Asia,non-Schengen,f,60
2024,2024_II,FALSE,UKR,6,Ukraine,Europe,Europe & Central Asia,non-Schengen,m,17
2024,2024_II,FALSE,UKR,377,Ukraine,Europe,Europe & Central Asia,non-Schengen,m,18_59
2024,2024_II,FALSE,UKR,6,Ukraine,Europe,Europe & Central Asia,non-Schengen,m,60
2024,2024_II,FALSE,USA,2,United States,Americas,North America,non-Schengen,f,18_59
2024,2024_II,FALSE,USA,1,United States,Americas,North America,non-Schengen,f,60
2024,2024_II,FALSE,USA,3,United States,Americas,North America,non-Schengen,m,18_59
2024,2024_II,FALSE,UZB,6,Uzbekistan,Asia,Europe & Central Asia,non-Schengen,f,18_59
2024,2024_II,FALSE,UZB,1,Uzbekistan,Asia,Europe & Central Asia,non-Schengen,f,60
2024,2024_II,FALSE,UZB,1,Uzbekistan,Asia,Europe & Central Asia,non-Schengen,m,17
2024,2024_II,FALSE,UZB,208,Uzbekistan,Asia,Europe & Central Asia,non-Schengen,m,18_59
2024,2024_II,FALSE,VEN,3,Venezuela,Americas,Latin America & Caribbean,non-Schengen,f,18_59
2024,2024_II,FALSE,VEN,1,Venezuela,Americas,Latin America & Caribbean,non-Schengen,f,60
2024,2024_II,FALSE,VEN,5,Venezuela,Americas,Latin America & Caribbean,non-Schengen,m,18_59
2024,2024_II,FALSE,VNM,19,Vietnam,Asia,East Asia & Pacific,non-Schengen,f,18_59
2024,2024_II,FALSE,VNM,2,Vietnam,Asia,East Asia & Pacific,non-Schengen,f,60
2024,2024_II,FALSE,VNM,70,Vietnam,Asia,East Asia & Pacific,non-Schengen,m,18_59
2024,2024_II,FALSE,XXX,1,Stateless,other/unknown,other/unknown,non-Schengen,f,18_59
2024,2024_II,FALSE,XXX,3,Stateless,other/unknown,other/unknown,non-Schengen,m,18_59
2024,2024_II,FALSE,YEM,1,Yemen,Asia,"Middle East, North Africa, Afghanistan & Pakistan",non-Schengen,f,17
2024,2024_II,FALSE,ZAF,2,South Africa,Africa,Sub-Saharan Africa,non-Schengen,f,18_59
2024,2024_II,FALSE,ZAF,12,South Africa,Africa,Sub-Saharan Africa,non-Schengen,m,18_59
2024,2024_II,FALSE,ZWE,12,Zimbabwe,Africa,Sub-Saharan Africa,non-Schengen,f,18_59
2024,2024_II,FALSE,ZWE,31,Zimbabwe,Africa,Sub-Saharan Africa,non-Schengen,m,18_59
2024,2024_II,TRUE,AFG,3,Afghanistan,Asia,"Middle East, North Africa, Afghanistan & Pakistan",non-Schengen,m,18_59
2024,2024_II,TRUE,AZE,1,Azerbaijan,Asia,Europe & Central Asia,non-Schengen,m,18_59
2024,2024_II,TRUE,BLR,1,Belarus,Europe,Europe & Central Asia,non-Schengen,f,18_59
2024,2024_II,TRUE,BLR,8,Belarus,Europe,Europe & Central Asia,non-Schengen,m,18_59
2024,2024_II,TRUE,GEO,21,Georgia,Asia,Europe & Central Asia,non-Schengen,m,18_59
2024,2024_II,TRUE,IDN,1,Indonesia,Asia,East Asia & Pacific,non-Schengen,m,18_59
2024,2024_II,TRUE,IND,3,India,Asia,South Asia,non-Schengen,m,18_59
2024,2024_II,TRUE,LKA,1,Sri Lanka,Asia,South Asia,non-Schengen,m,18_59
2024,2024_II,TRUE,MDA,7,Moldova,Europe,Europe & Central Asia,non-Schengen,m,18_59
2024,2024_II,TRUE,MNG,1,Mongolia,Asia,East Asia & Pacific,non-Schengen,m,18_59
2024,2024_II,TRUE,PHL,2,Philippines,Asia,East Asia & Pacific,non-Schengen,m,18_59
2024,2024_II,TRUE,RUS,3,Russia,Europe,Europe & Central Asia,non-Schengen,m,18_59
2024,2024_II,TRUE,RWA,2,Rwanda,Africa,Sub-Saharan Africa,non-Schengen,m,18_59
2024,2024_II,TRUE,SYR,2,Syria,Asia,"Middle East, North Africa, Afghanistan & Pakistan",non-Schengen,m,18_59
2024,2024_II,TRUE,TJK,3,Tajikistan,Asia,Europe & Central Asia,non-Schengen,m,18_59
2024,2024_II,TRUE,TUR,2,Turkey,Asia,Europe & Central Asia,non-Schengen,m,18_59
2024,2024_II,TRUE,UKR,2,Ukraine,Europe,Europe & Central Asia,non-Schengen,f,18_59
2024,2024_II,TRUE,UKR,15,Ukraine,Europe,Europe & Central Asia,non-Schengen,m,18_59
2024,2024_II,TRUE,UZB,8,Uzbekistan,Asia,Europe & Central Asia,non-Schengen,m,18_59
2024,2024_II,TRUE,ZWE,2,Zimbabwe,Africa,Sub-Saharan Africa,non-Schengen,m,18_59
