year,country_code,sex,zus,country,continent,wbd_region7,schengen
2016,ABW,m,2,Aruba,Americas,Latin America & Caribbean,non-Schengen
2016,AFG,f,189,Afghanistan,Asia,South Asia,non-Schengen
2016,AFG,m,237,Afghanistan,Asia,South Asia,non-Schengen
2016,AGO,f,11,Angola,Africa,Sub-Saharan Africa,non-Schengen
2016,AGO,m,38,Angola,Africa,Sub-Saharan Africa,non-Schengen
2016,ALB,f,43,Albania,Europe,Europe & Central Asia,non-Schengen
2016,ALB,m,127,Albania,Europe,Europe & Central Asia,non-Schengen
2016,AND,m,2,Andorra,Europe,Europe & Central Asia,non-Schengen
2016,ARE,m,1,United Arab Emirates,Asia,Middle East & North Africa,non-Schengen
2016,ARG,f,28,Argentina,Americas,Latin America & Caribbean,non-Schengen
2016,ARG,m,86,Argentina,Americas,Latin America & Caribbean,non-Schengen
2016,ARM,f,941,Armenia,Asia,Europe & Central Asia,non-Schengen
2016,ARM,m,1342,Armenia,Asia,Europe & Central Asia,non-Schengen
2016,ATF,f,3,French Southern Territories,Africa,Sub-Saharan Africa,non-Schengen
2016,ATF,m,17,French Southern Territories,Africa,Sub-Saharan Africa,non-Schengen
2016,AUS,f,43,Australia,Oceania,East Asia & Pacific,non-Schengen
2016,AUS,m,108,Australia,Oceania,East Asia & Pacific,non-Schengen
2016,AUT,f,138,Austria,Europe,Europe & Central Asia,Schengen
2016,AUT,m,311,Austria,Europe,Europe & Central Asia,Schengen
2016,AZE,f,65,Azerbaijan,Asia,Europe & Central Asia,non-Schengen
2016,AZE,m,229,Azerbaijan,Asia,Europe & Central Asia,non-Schengen
2016,BDI,m,2,Burundi,Africa,Sub-Saharan Africa,non-Schengen
2016,BEL,f,75,Belgium,Europe,Europe & Central Asia,Schengen
2016,BEL,m,410,Belgium,Europe,Europe & Central Asia,Schengen
2016,BEN,f,2,Benin,Africa,Sub-Saharan Africa,non-Schengen
2016,BEN,m,6,Benin,Africa,Sub-Saharan Africa,non-Schengen
2016,BFA,f,2,Burkina Faso,Africa,Sub-Saharan Africa,non-Schengen
2016,BFA,m,8,Burkina Faso,Africa,Sub-Saharan Africa,non-Schengen
2016,BGD,f,13,Bangladesh,Asia,South Asia,non-Schengen
2016,BGD,m,459,Bangladesh,Asia,South Asia,non-Schengen
2016,BGR,f,991,Bulgaria,Europe,Europe & Central Asia,non-Schengen
2016,BGR,m,1630,Bulgaria,Europe,Europe & Central Asia,non-Schengen
2016,BIH,f,16,Bosnia & Herzegovina,Europe,Europe & Central Asia,non-Schengen
2016,BIH,m,107,Bosnia & Herzegovina,Europe,Europe & Central Asia,non-Schengen
2016,BLR,f,4645,Belarus,Europe,Europe & Central Asia,non-Schengen
2016,BLR,m,9686,Belarus,Europe,Europe & Central Asia,non-Schengen
2016,BOL,f,7,Bolivia,Americas,Latin America & Caribbean,non-Schengen
2016,BOL,m,17,Bolivia,Americas,Latin America & Caribbean,non-Schengen
2016,BRA,f,104,Brazil,Americas,Latin America & Caribbean,non-Schengen
2016,BRA,m,381,Brazil,Americas,Latin America & Caribbean,non-Schengen
2016,BRB,f,3,Barbados,Americas,Latin America & Caribbean,non-Schengen
2016,BRB,m,3,Barbados,Americas,Latin America & Caribbean,non-Schengen
2016,BWA,m,3,Botswana,Africa,Sub-Saharan Africa,non-Schengen
2016,CAF,m,1,Central African Republic,Africa,Sub-Saharan Africa,non-Schengen
2016,CAN,f,69,Canada,Americas,North America,non-Schengen
2016,CAN,m,170,Canada,Americas,North America,non-Schengen
2016,CHE,f,23,Switzerland,Europe,Europe & Central Asia,Schengen
2016,CHE,m,92,Switzerland,Europe,Europe & Central Asia,Schengen
2016,CHL,f,9,Chile,Americas,Latin America & Caribbean,non-Schengen
2016,CHL,m,61,Chile,Americas,Latin America & Caribbean,non-Schengen
2016,CHN,f,1762,China,Asia,East Asia & Pacific,non-Schengen
2016,CHN,m,2598,China,Asia,East Asia & Pacific,non-Schengen
2016,CIV,f,8,Côte d’Ivoire,Africa,Sub-Saharan Africa,non-Schengen
2016,CIV,m,11,Côte d’Ivoire,Africa,Sub-Saharan Africa,non-Schengen
2016,CMR,f,22,Cameroon,Africa,Sub-Saharan Africa,non-Schengen
2016,CMR,m,137,Cameroon,Africa,Sub-Saharan Africa,non-Schengen
2016,COG,f,17,Congo - Brazzaville,Africa,Sub-Saharan Africa,non-Schengen
2016,COG,m,95,Congo - Brazzaville,Africa,Sub-Saharan Africa,non-Schengen
2016,COL,f,30,Colombia,Americas,Latin America & Caribbean,non-Schengen
2016,COL,m,106,Colombia,Americas,Latin America & Caribbean,non-Schengen
2016,CPV,f,1,Cape Verde,Africa,Sub-Saharan Africa,non-Schengen
2016,CRI,f,5,Costa Rica,Americas,Latin America & Caribbean,non-Schengen
2016,CRI,m,27,Costa Rica,Americas,Latin America & Caribbean,non-Schengen
2016,CUB,f,30,Cuba,Americas,Latin America & Caribbean,non-Schengen
2016,CUB,m,98,Cuba,Americas,Latin America & Caribbean,non-Schengen
2016,CYP,f,8,Cyprus,Asia,Europe & Central Asia,non-Schengen
2016,CYP,m,30,Cyprus,Asia,Europe & Central Asia,non-Schengen
2016,CZE,f,528,Czechia,Europe,Europe & Central Asia,Schengen
2016,CZE,m,908,Czechia,Europe,Europe & Central Asia,Schengen
2016,DEU,f,699,Germany,Europe,Europe & Central Asia,Schengen
2016,DEU,m,2693,Germany,Europe,Europe & Central Asia,Schengen
2016,DJI,f,1,Djibouti,Africa,Middle East & North Africa,non-Schengen
2016,DNK,f,47,Denmark,Europe,Europe & Central Asia,Schengen
2016,DNK,m,350,Denmark,Europe,Europe & Central Asia,Schengen
2016,DOM,f,4,Dominican Republic,Americas,Latin America & Caribbean,non-Schengen
2016,DOM,m,14,Dominican Republic,Americas,Latin America & Caribbean,non-Schengen
2016,DZA,f,21,Algeria,Africa,Middle East & North Africa,non-Schengen
2016,DZA,m,385,Algeria,Africa,Middle East & North Africa,non-Schengen
2016,ECU,f,5,Ecuador,Americas,Latin America & Caribbean,non-Schengen
2016,ECU,m,29,Ecuador,Americas,Latin America & Caribbean,non-Schengen
2016,EGY,f,21,Egypt,Africa,Middle East & North Africa,non-Schengen
2016,EGY,m,664,Egypt,Africa,Middle East & North Africa,non-Schengen
2016,ERI,f,1,Eritrea,Africa,Sub-Saharan Africa,non-Schengen
2016,ERI,m,2,Eritrea,Africa,Sub-Saharan Africa,non-Schengen
2016,ESP,f,348,Spain,Europe,Europe & Central Asia,Schengen
2016,ESP,m,1614,Spain,Europe,Europe & Central Asia,Schengen
2016,EST,f,49,Estonia,Europe,Europe & Central Asia,Schengen
2016,EST,m,53,Estonia,Europe,Europe & Central Asia,Schengen
2016,ETH,f,13,Ethiopia,Africa,Sub-Saharan Africa,non-Schengen
2016,ETH,m,39,Ethiopia,Africa,Sub-Saharan Africa,non-Schengen
2016,FIN,f,87,Finland,Europe,Europe & Central Asia,Schengen
2016,FIN,m,264,Finland,Europe,Europe & Central Asia,Schengen
2016,FRA,f,368,France,Europe,Europe & Central Asia,Schengen
2016,FRA,m,2067,France,Europe,Europe & Central Asia,Schengen
2016,GAB,f,2,Gabon,Africa,Sub-Saharan Africa,non-Schengen
2016,GBR,f,334,United Kingdom,Europe,Europe & Central Asia,non-Schengen
2016,GBR,m,1953,United Kingdom,Europe,Europe & Central Asia,non-Schengen
2016,GEO,f,194,Georgia,Asia,Europe & Central Asia,non-Schengen
2016,GEO,m,430,Georgia,Asia,Europe & Central Asia,non-Schengen
2016,GHA,f,4,Ghana,Africa,Sub-Saharan Africa,non-Schengen
2016,GHA,m,34,Ghana,Africa,Sub-Saharan Africa,non-Schengen
2016,GIN,f,3,Guinea,Africa,Sub-Saharan Africa,non-Schengen
2016,GIN,m,28,Guinea,Africa,Sub-Saharan Africa,non-Schengen
2016,GMB,f,3,Gambia,Africa,Sub-Saharan Africa,non-Schengen
2016,GMB,m,15,Gambia,Africa,Sub-Saharan Africa,non-Schengen
2016,GRC,f,121,Greece,Europe,Europe & Central Asia,Schengen
2016,GRC,m,501,Greece,Europe,Europe & Central Asia,Schengen
2016,GRD,m,1,Grenada,Americas,Latin America & Caribbean,non-Schengen
2016,GTM,f,4,Guatemala,Americas,Latin America & Caribbean,non-Schengen
2016,GTM,m,20,Guatemala,Americas,Latin America & Caribbean,non-Schengen
2016,GUY,f,2,Guyana,Americas,Latin America & Caribbean,non-Schengen
2016,GUY,m,7,Guyana,Americas,Latin America & Caribbean,non-Schengen
2016,HND,f,1,Honduras,Americas,Latin America & Caribbean,non-Schengen
2016,HND,m,8,Honduras,Americas,Latin America & Caribbean,non-Schengen
2016,HRV,f,79,Croatia,Europe,Europe & Central Asia,non-Schengen
2016,HRV,m,283,Croatia,Europe,Europe & Central Asia,non-Schengen
2016,HTI,f,4,Haiti,Americas,Latin America & Caribbean,non-Schengen
2016,HTI,m,7,Haiti,Americas,Latin America & Caribbean,non-Schengen
2016,HUN,f,355,Hungary,Europe,Europe & Central Asia,Schengen
2016,HUN,m,642,Hungary,Europe,Europe & Central Asia,Schengen
2016,IDN,f,99,Indonesia,Asia,East Asia & Pacific,non-Schengen
2016,IDN,m,53,Indonesia,Asia,East Asia & Pacific,non-Schengen
2016,IND,f,366,India,Asia,South Asia,non-Schengen
2016,IND,m,2380,India,Asia,South Asia,non-Schengen
2016,IOT,m,2,British Indian Ocean Territory,Africa,Sub-Saharan Africa,non-Schengen
2016,IRL,f,46,Ireland,Europe,Europe & Central Asia,non-Schengen
2016,IRL,m,337,Ireland,Europe,Europe & Central Asia,non-Schengen
2016,IRN,f,36,Iran,Asia,Middle East & North Africa,non-Schengen
2016,IRN,m,148,Iran,Asia,Middle East & North Africa,non-Schengen
2016,IRQ,f,19,Iraq,Asia,Middle East & North Africa,non-Schengen
2016,IRQ,m,192,Iraq,Asia,Middle East & North Africa,non-Schengen
2016,ISL,f,2,Iceland,Europe,Europe & Central Asia,Schengen
2016,ISL,m,6,Iceland,Europe,Europe & Central Asia,Schengen
2016,ISR,f,40,Israel,Asia,Middle East & North Africa,non-Schengen
2016,ISR,m,173,Israel,Asia,Middle East & North Africa,non-Schengen
2016,ITA,f,436,Italy,Europe,Europe & Central Asia,Schengen
2016,ITA,m,3065,Italy,Europe,Europe & Central Asia,Schengen
2016,JAM,f,1,Jamaica,Americas,Latin America & Caribbean,non-Schengen
2016,JAM,m,9,Jamaica,Americas,Latin America & Caribbean,non-Schengen
2016,JOR,f,6,Jordan,Asia,Middle East & North Africa,non-Schengen
2016,JOR,m,160,Jordan,Asia,Middle East & North Africa,non-Schengen
2016,JPN,f,109,Japan,Asia,East Asia & Pacific,non-Schengen
2016,JPN,m,273,Japan,Asia,East Asia & Pacific,non-Schengen
2016,KAZ,f,545,Kazakhstan,Asia,Europe & Central Asia,non-Schengen
2016,KAZ,m,460,Kazakhstan,Asia,Europe & Central Asia,non-Schengen
2016,KEN,f,31,Kenya,Africa,Sub-Saharan Africa,non-Schengen
2016,KEN,m,45,Kenya,Africa,Sub-Saharan Africa,non-Schengen
2016,KGZ,f,46,Kyrgyzstan,Asia,Europe & Central Asia,non-Schengen
2016,KGZ,m,52,Kyrgyzstan,Asia,Europe & Central Asia,non-Schengen
2016,KHM,f,6,Cambodia,Asia,East Asia & Pacific,non-Schengen
2016,KHM,m,14,Cambodia,Asia,East Asia & Pacific,non-Schengen
2016,KOR,f,123,South Korea,Asia,East Asia & Pacific,non-Schengen
2016,KOR,m,437,South Korea,Asia,East Asia & Pacific,non-Schengen
2016,KWT,m,4,Kuwait,Asia,Middle East & North Africa,non-Schengen
2016,LAO,m,14,Laos,Asia,East Asia & Pacific,non-Schengen
2016,LBN,f,28,Lebanon,Asia,Middle East & North Africa,non-Schengen
2016,LBN,m,150,Lebanon,Asia,Middle East & North Africa,non-Schengen
2016,LBR,m,5,Liberia,Africa,Sub-Saharan Africa,non-Schengen
2016,LBY,f,1,Libya,Africa,Middle East & North Africa,non-Schengen
2016,LBY,m,64,Libya,Africa,Middle East & North Africa,non-Schengen
2016,LKA,f,10,Sri Lanka,Asia,South Asia,non-Schengen
2016,LKA,m,59,Sri Lanka,Asia,South Asia,non-Schengen
2016,LTU,f,833,Lithuania,Europe,Europe & Central Asia,Schengen
2016,LTU,m,817,Lithuania,Europe,Europe & Central Asia,Schengen
2016,LUX,m,9,Luxembourg,Europe,Europe & Central Asia,Schengen
2016,LVA,f,182,Latvia,Europe,Europe & Central Asia,Schengen
2016,LVA,m,242,Latvia,Europe,Europe & Central Asia,Schengen
2016,MAR,f,24,Morocco,Africa,Middle East & North Africa,non-Schengen
2016,MAR,m,308,Morocco,Africa,Middle East & North Africa,non-Schengen
2016,MCO,m,2,Monaco,Europe,Europe & Central Asia,non-Schengen
2016,MDA,f,1727,Moldova,Europe,Europe & Central Asia,non-Schengen
2016,MDA,m,3292,Moldova,Europe,Europe & Central Asia,non-Schengen
2016,MDG,f,4,Madagascar,Africa,Sub-Saharan Africa,non-Schengen
2016,MDG,m,10,Madagascar,Africa,Sub-Saharan Africa,non-Schengen
2016,MEX,f,68,Mexico,Americas,Latin America & Caribbean,non-Schengen
2016,MEX,m,231,Mexico,Americas,Latin America & Caribbean,non-Schengen
2016,MKD,f,28,North Macedonia,Europe,Europe & Central Asia,non-Schengen
2016,MKD,m,151,North Macedonia,Europe,Europe & Central Asia,non-Schengen
2016,MLI,f,3,Mali,Africa,Sub-Saharan Africa,non-Schengen
2016,MLI,m,20,Mali,Africa,Sub-Saharan Africa,non-Schengen
2016,MLT,f,5,Malta,Europe,Middle East & North Africa,Schengen
2016,MLT,m,17,Malta,Europe,Middle East & North Africa,Schengen
2016,MMR,f,6,Myanmar (Burma),Asia,East Asia & Pacific,non-Schengen
2016,MMR,m,6,Myanmar (Burma),Asia,East Asia & Pacific,non-Schengen
2016,MNE,f,7,Montenegro,Europe,Europe & Central Asia,non-Schengen
2016,MNE,m,52,Montenegro,Europe,Europe & Central Asia,non-Schengen
2016,MNG,f,191,Mongolia,Asia,East Asia & Pacific,non-Schengen
2016,MNG,m,117,Mongolia,Asia,East Asia & Pacific,non-Schengen
2016,MOZ,m,4,Mozambique,Africa,Sub-Saharan Africa,non-Schengen
2016,MRT,m,6,Mauritania,Africa,Sub-Saharan Africa,non-Schengen
2016,MUS,f,10,Mauritius,Africa,Sub-Saharan Africa,non-Schengen
2016,MUS,m,19,Mauritius,Africa,Sub-Saharan Africa,non-Schengen
2016,MYS,f,14,Malaysia,Asia,East Asia & Pacific,non-Schengen
2016,MYS,m,17,Malaysia,Asia,East Asia & Pacific,non-Schengen
2016,NER,f,6,Niger,Africa,Sub-Saharan Africa,non-Schengen
2016,NER,m,35,Niger,Africa,Sub-Saharan Africa,non-Schengen
2016,NGA,f,34,Nigeria,Africa,Sub-Saharan Africa,non-Schengen
2016,NGA,m,268,Nigeria,Africa,Sub-Saharan Africa,non-Schengen
2016,NIC,f,3,Nicaragua,Americas,Latin America & Caribbean,non-Schengen
2016,NIC,m,8,Nicaragua,Americas,Latin America & Caribbean,non-Schengen
2016,NLD,f,106,Netherlands,Europe,Europe & Central Asia,Schengen
2016,NLD,m,892,Netherlands,Europe,Europe & Central Asia,Schengen
2016,NOR,f,25,Norway,Europe,Europe & Central Asia,Schengen
2016,NOR,m,100,Norway,Europe,Europe & Central Asia,Schengen
2016,NPL,f,91,Nepal,Asia,South Asia,non-Schengen
2016,NPL,m,527,Nepal,Asia,South Asia,non-Schengen
2016,NZL,f,12,New Zealand,Oceania,East Asia & Pacific,non-Schengen
2016,NZL,m,25,New Zealand,Oceania,East Asia & Pacific,non-Schengen
2016,PAK,f,44,Pakistan,Asia,South Asia,non-Schengen
2016,PAK,m,436,Pakistan,Asia,South Asia,non-Schengen
2016,PAN,f,7,Panama,Americas,Latin America & Caribbean,non-Schengen
2016,PAN,m,9,Panama,Americas,Latin America & Caribbean,non-Schengen
2016,PER,f,31,Peru,Americas,Latin America & Caribbean,non-Schengen
2016,PER,m,71,Peru,Americas,Latin America & Caribbean,non-Schengen
2016,PHL,f,182,Philippines,Asia,East Asia & Pacific,non-Schengen
2016,PHL,m,105,Philippines,Asia,East Asia & Pacific,non-Schengen
2016,PNG,m,1,Papua New Guinea,Oceania,East Asia & Pacific,non-Schengen
2016,PRT,f,142,Portugal,Europe,Europe & Central Asia,Schengen
2016,PRT,m,872,Portugal,Europe,Europe & Central Asia,Schengen
2016,PRY,f,5,Paraguay,Americas,Latin America & Caribbean,non-Schengen
2016,PRY,m,5,Paraguay,Americas,Latin America & Caribbean,non-Schengen
2016,PSE,f,2,Palestinian Territories,Asia,Middle East & North Africa,non-Schengen
2016,PSE,m,93,Palestinian Territories,Asia,Middle East & North Africa,non-Schengen
2016,ROU,f,1440,Romania,Europe,Europe & Central Asia,non-Schengen
2016,ROU,m,2303,Romania,Europe,Europe & Central Asia,non-Schengen
2016,RUS,f,2966,Russia,Europe,Europe & Central Asia,non-Schengen
2016,RUS,m,2721,Russia,Europe,Europe & Central Asia,non-Schengen
2016,RWA,f,8,Rwanda,Africa,Sub-Saharan Africa,non-Schengen
2016,RWA,m,14,Rwanda,Africa,Sub-Saharan Africa,non-Schengen
2016,SAU,f,3,Saudi Arabia,Asia,Middle East & North Africa,non-Schengen
2016,SAU,m,12,Saudi Arabia,Asia,Middle East & North Africa,non-Schengen
2016,SRB,f,108,Serbia,Europe,Europe & Central Asia,non-Schengen
2016,SRB,m,565,Serbia,Europe,Europe & Central Asia,non-Schengen
2016,SDN,f,4,Sudan,Africa,Sub-Saharan Africa,non-Schengen
2016,SDN,m,35,Sudan,Africa,Sub-Saharan Africa,non-Schengen
2016,SEN,f,6,Senegal,Africa,Sub-Saharan Africa,non-Schengen
2016,SEN,m,44,Senegal,Africa,Sub-Saharan Africa,non-Schengen
2016,SGP,f,8,Singapore,Asia,East Asia & Pacific,non-Schengen
2016,SGP,m,6,Singapore,Asia,East Asia & Pacific,non-Schengen
2016,SLE,m,14,Sierra Leone,Africa,Sub-Saharan Africa,non-Schengen
2016,SLV,f,4,El Salvador,Americas,Latin America & Caribbean,non-Schengen
2016,SLV,m,8,El Salvador,Americas,Latin America & Caribbean,non-Schengen
2016,SOM,m,16,Somalia,Africa,Sub-Saharan Africa,non-Schengen
2016,STP,f,2,São Tomé & Príncipe,Africa,Sub-Saharan Africa,non-Schengen
2016,STP,m,3,São Tomé & Príncipe,Africa,Sub-Saharan Africa,non-Schengen
2016,SUR,f,3,Suriname,Americas,Latin America & Caribbean,non-Schengen
2016,SUR,m,6,Suriname,Americas,Latin America & Caribbean,non-Schengen
2016,SVK,f,508,Slovakia,Europe,Europe & Central Asia,Schengen
2016,SVK,m,741,Slovakia,Europe,Europe & Central Asia,Schengen
2016,SVN,f,45,Slovenia,Europe,Europe & Central Asia,Schengen
2016,SVN,m,105,Slovenia,Europe,Europe & Central Asia,Schengen
2016,SWE,f,151,Sweden,Europe,Europe & Central Asia,Schengen
2016,SWE,m,406,Sweden,Europe,Europe & Central Asia,Schengen
2016,SYR,f,38,Syria,Asia,Middle East & North Africa,non-Schengen
2016,SYR,m,531,Syria,Asia,Middle East & North Africa,non-Schengen
2016,TCD,m,2,Chad,Africa,Sub-Saharan Africa,non-Schengen
2016,TGO,f,1,Togo,Africa,Sub-Saharan Africa,non-Schengen
2016,TGO,m,15,Togo,Africa,Sub-Saharan Africa,non-Schengen
2016,THA,f,200,Thailand,Asia,East Asia & Pacific,non-Schengen
2016,THA,m,121,Thailand,Asia,East Asia & Pacific,non-Schengen
2016,TJK,f,7,Tajikistan,Asia,Europe & Central Asia,non-Schengen
2016,TJK,m,43,Tajikistan,Asia,Europe & Central Asia,non-Schengen
2016,TKM,f,26,Turkmenistan,Asia,Europe & Central Asia,non-Schengen
2016,TKM,m,31,Turkmenistan,Asia,Europe & Central Asia,non-Schengen
2016,TTO,f,2,Trinidad & Tobago,Americas,Latin America & Caribbean,non-Schengen
2016,TTO,m,5,Trinidad & Tobago,Americas,Latin America & Caribbean,non-Schengen
2016,TUN,f,26,Tunisia,Africa,Middle East & North Africa,non-Schengen
2016,TUN,m,589,Tunisia,Africa,Middle East & North Africa,non-Schengen
2016,TUR,f,163,Turkey,Asia,Europe & Central Asia,non-Schengen
2016,TUR,m,2285,Turkey,Asia,Europe & Central Asia,non-Schengen
2016,TWN,f,40,Taiwan,Asia,East Asia & Pacific,non-Schengen
2016,TWN,m,25,Taiwan,Asia,East Asia & Pacific,non-Schengen
2016,TZA,f,6,Tanzania,Africa,Sub-Saharan Africa,non-Schengen
2016,TZA,m,22,Tanzania,Africa,Sub-Saharan Africa,non-Schengen
2016,UGA,f,6,Uganda,Africa,Sub-Saharan Africa,non-Schengen
2016,UGA,m,16,Uganda,Africa,Sub-Saharan Africa,non-Schengen
2016,UKR,f,68867,Ukraine,Europe,Europe & Central Asia,non-Schengen
2016,UKR,m,125164,Ukraine,Europe,Europe & Central Asia,non-Schengen
2016,URY,f,3,Uruguay,Americas,Latin America & Caribbean,non-Schengen
2016,URY,m,18,Uruguay,Americas,Latin America & Caribbean,non-Schengen
2016,USA,f,320,United States,Americas,North America,non-Schengen
2016,USA,m,915,United States,Americas,North America,non-Schengen
2016,UZB,f,124,Uzbekistan,Asia,Europe & Central Asia,non-Schengen
2016,UZB,m,505,Uzbekistan,Asia,Europe & Central Asia,non-Schengen
2016,VAT,f,3,Vatican City,Europe,Europe & Central Asia,non-Schengen
2016,VAT,m,4,Vatican City,Europe,Europe & Central Asia,non-Schengen
2016,VEN,f,18,Venezuela,Americas,Latin America & Caribbean,non-Schengen
2016,VEN,m,70,Venezuela,Americas,Latin America & Caribbean,non-Schengen
2016,VGB,f,1,British Virgin Islands,Americas,Latin America & Caribbean,non-Schengen
2016,VGB,m,12,British Virgin Islands,Americas,Latin America & Caribbean,non-Schengen
2016,VNM,f,2419,Vietnam,Asia,East Asia & Pacific,non-Schengen
2016,VNM,m,4088,Vietnam,Asia,East Asia & Pacific,non-Schengen
2016,XXX,f,3284,unknown,other/unknown,other/unknown,non-Schengen
2016,XXX,m,3071,unknown,other/unknown,other/unknown,non-Schengen
2016,YEM,f,1,Yemen,Asia,Middle East & North Africa,non-Schengen
2016,YEM,m,85,Yemen,Asia,Middle East & North Africa,non-Schengen
2016,ZAF,f,43,South Africa,Africa,Sub-Saharan Africa,non-Schengen
2016,ZAF,m,76,South Africa,Africa,Sub-Saharan Africa,non-Schengen
2016,ZMB,f,5,Zambia,Africa,Sub-Saharan Africa,non-Schengen
2016,ZMB,m,6,Zambia,Africa,Sub-Saharan Africa,non-Schengen
2016,ZWE,f,37,Zimbabwe,Africa,Sub-Saharan Africa,non-Schengen
2016,ZWE,m,49,Zimbabwe,Africa,Sub-Saharan Africa,non-Schengen
2017,ABW,m,2,Aruba,Americas,Latin America & Caribbean,non-Schengen
2017,AFG,f,212,Afghanistan,Asia,South Asia,non-Schengen
2017,AFG,m,267,Afghanistan,Asia,South Asia,non-Schengen
2017,AGO,f,13,Angola,Africa,Sub-Saharan Africa,non-Schengen
2017,AGO,m,45,Angola,Africa,Sub-Saharan Africa,non-Schengen
2017,ALB,f,59,Albania,Europe,Europe & Central Asia,non-Schengen
2017,ALB,m,155,Albania,Europe,Europe & Central Asia,non-Schengen
2017,AND,f,1,Andorra,Europe,Europe & Central Asia,non-Schengen
2017,AND,m,3,Andorra,Europe,Europe & Central Asia,non-Schengen
2017,ARE,m,2,United Arab Emirates,Asia,Middle East & North Africa,non-Schengen
2017,ARG,f,35,Argentina,Americas,Latin America & Caribbean,non-Schengen
2017,ARG,m,107,Argentina,Americas,Latin America & Caribbean,non-Schengen
2017,ARM,f,1022,Armenia,Asia,Europe & Central Asia,non-Schengen
2017,ARM,m,1451,Armenia,Asia,Europe & Central Asia,non-Schengen
2017,ATF,f,3,French Southern Territories,Africa,Sub-Saharan Africa,non-Schengen
2017,ATF,m,16,French Southern Territories,Africa,Sub-Saharan Africa,non-Schengen
2017,AUS,f,40,Australia,Oceania,East Asia & Pacific,non-Schengen
2017,AUS,m,128,Australia,Oceania,East Asia & Pacific,non-Schengen
2017,AUT,f,138,Austria,Europe,Europe & Central Asia,Schengen
2017,AUT,m,334,Austria,Europe,Europe & Central Asia,Schengen
2017,AZE,f,93,Azerbaijan,Asia,Europe & Central Asia,non-Schengen
2017,AZE,m,366,Azerbaijan,Asia,Europe & Central Asia,non-Schengen
2017,BDI,f,1,Burundi,Africa,Sub-Saharan Africa,non-Schengen
2017,BDI,m,5,Burundi,Africa,Sub-Saharan Africa,non-Schengen
2017,BEL,f,85,Belgium,Europe,Europe & Central Asia,Schengen
2017,BEL,m,471,Belgium,Europe,Europe & Central Asia,Schengen
2017,BEN,f,2,Benin,Africa,Sub-Saharan Africa,non-Schengen
2017,BEN,m,8,Benin,Africa,Sub-Saharan Africa,non-Schengen
2017,BFA,f,1,Burkina Faso,Africa,Sub-Saharan Africa,non-Schengen
2017,BFA,m,7,Burkina Faso,Africa,Sub-Saharan Africa,non-Schengen
2017,BGD,f,28,Bangladesh,Asia,South Asia,non-Schengen
2017,BGD,m,870,Bangladesh,Asia,South Asia,non-Schengen
2017,BGR,f,1024,Bulgaria,Europe,Europe & Central Asia,non-Schengen
2017,BGR,m,1584,Bulgaria,Europe,Europe & Central Asia,non-Schengen
2017,BIH,f,18,Bosnia & Herzegovina,Europe,Europe & Central Asia,non-Schengen
2017,BIH,m,137,Bosnia & Herzegovina,Europe,Europe & Central Asia,non-Schengen
2017,BLR,f,6584,Belarus,Europe,Europe & Central Asia,non-Schengen
2017,BLR,m,17392,Belarus,Europe,Europe & Central Asia,non-Schengen
2017,BOL,f,9,Bolivia,Americas,Latin America & Caribbean,non-Schengen
2017,BOL,m,18,Bolivia,Americas,Latin America & Caribbean,non-Schengen
2017,BRA,f,150,Brazil,Americas,Latin America & Caribbean,non-Schengen
2017,BRA,m,528,Brazil,Americas,Latin America & Caribbean,non-Schengen
2017,BRB,f,7,Barbados,Americas,Latin America & Caribbean,non-Schengen
2017,BRB,m,2,Barbados,Americas,Latin America & Caribbean,non-Schengen
2017,BWA,m,3,Botswana,Africa,Sub-Saharan Africa,non-Schengen
2017,CAN,f,74,Canada,Americas,North America,non-Schengen
2017,CAN,m,184,Canada,Americas,North America,non-Schengen
2017,CHE,f,27,Switzerland,Europe,Europe & Central Asia,Schengen
2017,CHE,m,104,Switzerland,Europe,Europe & Central Asia,Schengen
2017,CHL,f,10,Chile,Americas,Latin America & Caribbean,non-Schengen
2017,CHL,m,65,Chile,Americas,Latin America & Caribbean,non-Schengen
2017,CHN,f,2106,China,Asia,East Asia & Pacific,non-Schengen
2017,CHN,m,2994,China,Asia,East Asia & Pacific,non-Schengen
2017,CIV,f,9,Côte d’Ivoire,Africa,Sub-Saharan Africa,non-Schengen
2017,CIV,m,14,Côte d’Ivoire,Africa,Sub-Saharan Africa,non-Schengen
2017,CMR,f,30,Cameroon,Africa,Sub-Saharan Africa,non-Schengen
2017,CMR,m,139,Cameroon,Africa,Sub-Saharan Africa,non-Schengen
2017,COD,m,1,Congo - Kinshasa,Africa,Sub-Saharan Africa,non-Schengen
2017,COG,f,24,Congo - Brazzaville,Africa,Sub-Saharan Africa,non-Schengen
2017,COG,m,103,Congo - Brazzaville,Africa,Sub-Saharan Africa,non-Schengen
2017,COL,f,44,Colombia,Americas,Latin America & Caribbean,non-Schengen
2017,COL,m,132,Colombia,Americas,Latin America & Caribbean,non-Schengen
2017,CPV,f,2,Cape Verde,Africa,Sub-Saharan Africa,non-Schengen
2017,CPV,m,1,Cape Verde,Africa,Sub-Saharan Africa,non-Schengen
2017,CRI,f,12,Costa Rica,Americas,Latin America & Caribbean,non-Schengen
2017,CRI,m,27,Costa Rica,Americas,Latin America & Caribbean,non-Schengen
2017,CUB,f,35,Cuba,Americas,Latin America & Caribbean,non-Schengen
2017,CUB,m,101,Cuba,Americas,Latin America & Caribbean,non-Schengen
2017,CYP,f,8,Cyprus,Asia,Europe & Central Asia,non-Schengen
2017,CYP,m,31,Cyprus,Asia,Europe & Central Asia,non-Schengen
2017,CZE,f,544,Czechia,Europe,Europe & Central Asia,Schengen
2017,CZE,m,891,Czechia,Europe,Europe & Central Asia,Schengen
2017,DEU,f,725,Germany,Europe,Europe & Central Asia,Schengen
2017,DEU,m,2747,Germany,Europe,Europe & Central Asia,Schengen
2017,DNK,f,46,Denmark,Europe,Europe & Central Asia,Schengen
2017,DNK,m,372,Denmark,Europe,Europe & Central Asia,Schengen
2017,DOM,f,9,Dominican Republic,Americas,Latin America & Caribbean,non-Schengen
2017,DOM,m,20,Dominican Republic,Americas,Latin America & Caribbean,non-Schengen
2017,DZA,f,26,Algeria,Africa,Middle East & North Africa,non-Schengen
2017,DZA,m,429,Algeria,Africa,Middle East & North Africa,non-Schengen
2017,ECU,f,8,Ecuador,Americas,Latin America & Caribbean,non-Schengen
2017,ECU,m,33,Ecuador,Americas,Latin America & Caribbean,non-Schengen
2017,EGY,f,25,Egypt,Africa,Middle East & North Africa,non-Schengen
2017,EGY,m,762,Egypt,Africa,Middle East & North Africa,non-Schengen
2017,ERI,f,1,Eritrea,Africa,Sub-Saharan Africa,non-Schengen
2017,ERI,m,3,Eritrea,Africa,Sub-Saharan Africa,non-Schengen
2017,ESP,f,370,Spain,Europe,Europe & Central Asia,Schengen
2017,ESP,m,1753,Spain,Europe,Europe & Central Asia,Schengen
2017,EST,f,50,Estonia,Europe,Europe & Central Asia,Schengen
2017,EST,m,55,Estonia,Europe,Europe & Central Asia,Schengen
2017,ETH,f,14,Ethiopia,Africa,Sub-Saharan Africa,non-Schengen
2017,ETH,m,39,Ethiopia,Africa,Sub-Saharan Africa,non-Schengen
2017,FIN,f,103,Finland,Europe,Europe & Central Asia,Schengen
2017,FIN,m,250,Finland,Europe,Europe & Central Asia,Schengen
2017,FRA,f,395,France,Europe,Europe & Central Asia,Schengen
2017,FRA,m,2172,France,Europe,Europe & Central Asia,Schengen
2017,GAB,f,3,Gabon,Africa,Sub-Saharan Africa,non-Schengen
2017,GBR,f,350,United Kingdom,Europe,Europe & Central Asia,non-Schengen
2017,GBR,m,2094,United Kingdom,Europe,Europe & Central Asia,non-Schengen
2017,GEO,f,527,Georgia,Asia,Europe & Central Asia,non-Schengen
2017,GEO,m,2195,Georgia,Asia,Europe & Central Asia,non-Schengen
2017,GHA,f,9,Ghana,Africa,Sub-Saharan Africa,non-Schengen
2017,GHA,m,42,Ghana,Africa,Sub-Saharan Africa,non-Schengen
2017,GIN,f,3,Guinea,Africa,Sub-Saharan Africa,non-Schengen
2017,GIN,m,34,Guinea,Africa,Sub-Saharan Africa,non-Schengen
2017,GMB,f,2,Gambia,Africa,Sub-Saharan Africa,non-Schengen
2017,GMB,m,15,Gambia,Africa,Sub-Saharan Africa,non-Schengen
2017,GRC,f,129,Greece,Europe,Europe & Central Asia,Schengen
2017,GRC,m,578,Greece,Europe,Europe & Central Asia,Schengen
2017,GRD,m,3,Grenada,Americas,Latin America & Caribbean,non-Schengen
2017,GTM,f,6,Guatemala,Americas,Latin America & Caribbean,non-Schengen
2017,GTM,m,21,Guatemala,Americas,Latin America & Caribbean,non-Schengen
2017,GUY,f,2,Guyana,Americas,Latin America & Caribbean,non-Schengen
2017,GUY,m,6,Guyana,Americas,Latin America & Caribbean,non-Schengen
2017,HND,f,1,Honduras,Americas,Latin America & Caribbean,non-Schengen
2017,HND,m,10,Honduras,Americas,Latin America & Caribbean,non-Schengen
2017,HRV,f,102,Croatia,Europe,Europe & Central Asia,non-Schengen
2017,HRV,m,323,Croatia,Europe,Europe & Central Asia,non-Schengen
2017,HTI,f,3,Haiti,Americas,Latin America & Caribbean,non-Schengen
2017,HTI,m,6,Haiti,Americas,Latin America & Caribbean,non-Schengen
2017,HUN,f,399,Hungary,Europe,Europe & Central Asia,Schengen
2017,HUN,m,732,Hungary,Europe,Europe & Central Asia,Schengen
2017,IDN,f,114,Indonesia,Asia,East Asia & Pacific,non-Schengen
2017,IDN,m,66,Indonesia,Asia,East Asia & Pacific,non-Schengen
2017,IND,f,542,India,Asia,South Asia,non-Schengen
2017,IND,m,3572,India,Asia,South Asia,non-Schengen
2017,IOT,m,3,British Indian Ocean Territory,Africa,Sub-Saharan Africa,non-Schengen
2017,IRL,f,46,Ireland,Europe,Europe & Central Asia,non-Schengen
2017,IRL,m,375,Ireland,Europe,Europe & Central Asia,non-Schengen
2017,IRN,f,52,Iran,Asia,Middle East & North Africa,non-Schengen
2017,IRN,m,189,Iran,Asia,Middle East & North Africa,non-Schengen
2017,IRQ,f,31,Iraq,Asia,Middle East & North Africa,non-Schengen
2017,IRQ,m,310,Iraq,Asia,Middle East & North Africa,non-Schengen
2017,ISL,m,6,Iceland,Europe,Europe & Central Asia,Schengen
2017,ISR,f,43,Israel,Asia,Middle East & North Africa,non-Schengen
2017,ISR,m,174,Israel,Asia,Middle East & North Africa,non-Schengen
2017,ITA,f,537,Italy,Europe,Europe & Central Asia,Schengen
2017,ITA,m,3559,Italy,Europe,Europe & Central Asia,Schengen
2017,JAM,f,2,Jamaica,Americas,Latin America & Caribbean,non-Schengen
2017,JAM,m,10,Jamaica,Americas,Latin America & Caribbean,non-Schengen
2017,JOR,f,8,Jordan,Asia,Middle East & North Africa,non-Schengen
2017,JOR,m,184,Jordan,Asia,Middle East & North Africa,non-Schengen
2017,JPN,f,119,Japan,Asia,East Asia & Pacific,non-Schengen
2017,JPN,m,270,Japan,Asia,East Asia & Pacific,non-Schengen
2017,KAZ,f,640,Kazakhstan,Asia,Europe & Central Asia,non-Schengen
2017,KAZ,m,546,Kazakhstan,Asia,Europe & Central Asia,non-Schengen
2017,KEN,f,35,Kenya,Africa,Sub-Saharan Africa,non-Schengen
2017,KEN,m,52,Kenya,Africa,Sub-Saharan Africa,non-Schengen
2017,KGZ,f,52,Kyrgyzstan,Asia,Europe & Central Asia,non-Schengen
2017,KGZ,m,61,Kyrgyzstan,Asia,Europe & Central Asia,non-Schengen
2017,KHM,f,3,Cambodia,Asia,East Asia & Pacific,non-Schengen
2017,KHM,m,12,Cambodia,Asia,East Asia & Pacific,non-Schengen
2017,KOR,f,145,South Korea,Asia,East Asia & Pacific,non-Schengen
2017,KOR,m,567,South Korea,Asia,East Asia & Pacific,non-Schengen
2017,KWT,m,6,Kuwait,Asia,Middle East & North Africa,non-Schengen
2017,LAO,m,14,Laos,Asia,East Asia & Pacific,non-Schengen
2017,LBN,f,28,Lebanon,Asia,Middle East & North Africa,non-Schengen
2017,LBN,m,165,Lebanon,Asia,Middle East & North Africa,non-Schengen
2017,LBR,m,6,Liberia,Africa,Sub-Saharan Africa,non-Schengen
2017,LBY,f,1,Libya,Africa,Middle East & North Africa,non-Schengen
2017,LBY,m,85,Libya,Africa,Middle East & North Africa,non-Schengen
2017,LKA,f,10,Sri Lanka,Asia,South Asia,non-Schengen
2017,LKA,m,67,Sri Lanka,Asia,South Asia,non-Schengen
2017,LTU,f,881,Lithuania,Europe,Europe & Central Asia,Schengen
2017,LTU,m,815,Lithuania,Europe,Europe & Central Asia,Schengen
2017,LUX,m,9,Luxembourg,Europe,Europe & Central Asia,Schengen
2017,LVA,f,216,Latvia,Europe,Europe & Central Asia,Schengen
2017,LVA,m,263,Latvia,Europe,Europe & Central Asia,Schengen
2017,MAR,f,36,Morocco,Africa,Middle East & North Africa,non-Schengen
2017,MAR,m,372,Morocco,Africa,Middle East & North Africa,non-Schengen
2017,MCO,m,1,Monaco,Europe,Europe & Central Asia,non-Schengen
2017,MDA,f,1985,Moldova,Europe,Europe & Central Asia,non-Schengen
2017,MDA,m,4512,Moldova,Europe,Europe & Central Asia,non-Schengen
2017,MDG,f,7,Madagascar,Africa,Sub-Saharan Africa,non-Schengen
2017,MDG,m,10,Madagascar,Africa,Sub-Saharan Africa,non-Schengen
2017,MEX,f,101,Mexico,Americas,Latin America & Caribbean,non-Schengen
2017,MEX,m,277,Mexico,Americas,Latin America & Caribbean,non-Schengen
2017,MKD,f,30,North Macedonia,Europe,Europe & Central Asia,non-Schengen
2017,MKD,m,151,North Macedonia,Europe,Europe & Central Asia,non-Schengen
2017,MLI,f,3,Mali,Africa,Sub-Saharan Africa,non-Schengen
2017,MLI,m,20,Mali,Africa,Sub-Saharan Africa,non-Schengen
2017,MLT,f,6,Malta,Europe,Middle East & North Africa,Schengen
2017,MLT,m,18,Malta,Europe,Middle East & North Africa,Schengen
2017,MMR,f,6,Myanmar (Burma),Asia,East Asia & Pacific,non-Schengen
2017,MMR,m,5,Myanmar (Burma),Asia,East Asia & Pacific,non-Schengen
2017,MNE,f,10,Montenegro,Europe,Europe & Central Asia,non-Schengen
2017,MNE,m,55,Montenegro,Europe,Europe & Central Asia,non-Schengen
2017,MNG,f,203,Mongolia,Asia,East Asia & Pacific,non-Schengen
2017,MNG,m,134,Mongolia,Asia,East Asia & Pacific,non-Schengen
2017,MOZ,f,1,Mozambique,Africa,Sub-Saharan Africa,non-Schengen
2017,MOZ,m,5,Mozambique,Africa,Sub-Saharan Africa,non-Schengen
2017,MRT,f,1,Mauritania,Africa,Sub-Saharan Africa,non-Schengen
2017,MRT,m,6,Mauritania,Africa,Sub-Saharan Africa,non-Schengen
2017,MUS,f,8,Mauritius,Africa,Sub-Saharan Africa,non-Schengen
2017,MUS,m,18,Mauritius,Africa,Sub-Saharan Africa,non-Schengen
2017,MYS,f,23,Malaysia,Asia,East Asia & Pacific,non-Schengen
2017,MYS,m,28,Malaysia,Asia,East Asia & Pacific,non-Schengen
2017,NAM,f,1,Namibia,Africa,Sub-Saharan Africa,non-Schengen
2017,NER,f,5,Niger,Africa,Sub-Saharan Africa,non-Schengen
2017,NER,m,35,Niger,Africa,Sub-Saharan Africa,non-Schengen
2017,NGA,f,43,Nigeria,Africa,Sub-Saharan Africa,non-Schengen
2017,NGA,m,302,Nigeria,Africa,Sub-Saharan Africa,non-Schengen
2017,NIC,f,2,Nicaragua,Americas,Latin America & Caribbean,non-Schengen
2017,NIC,m,7,Nicaragua,Americas,Latin America & Caribbean,non-Schengen
2017,NLD,f,118,Netherlands,Europe,Europe & Central Asia,Schengen
2017,NLD,m,951,Netherlands,Europe,Europe & Central Asia,Schengen
2017,NOR,f,29,Norway,Europe,Europe & Central Asia,Schengen
2017,NOR,m,107,Norway,Europe,Europe & Central Asia,Schengen
2017,NPL,f,233,Nepal,Asia,South Asia,non-Schengen
2017,NPL,m,1431,Nepal,Asia,South Asia,non-Schengen
2017,NZL,f,15,New Zealand,Oceania,East Asia & Pacific,non-Schengen
2017,NZL,m,27,New Zealand,Oceania,East Asia & Pacific,non-Schengen
2017,PAK,f,63,Pakistan,Asia,South Asia,non-Schengen
2017,PAK,m,555,Pakistan,Asia,South Asia,non-Schengen
2017,PAN,f,5,Panama,Americas,Latin America & Caribbean,non-Schengen
2017,PAN,m,12,Panama,Americas,Latin America & Caribbean,non-Schengen
2017,PER,f,38,Peru,Americas,Latin America & Caribbean,non-Schengen
2017,PER,m,80,Peru,Americas,Latin America & Caribbean,non-Schengen
2017,PHL,f,279,Philippines,Asia,East Asia & Pacific,non-Schengen
2017,PHL,m,250,Philippines,Asia,East Asia & Pacific,non-Schengen
2017,PNG,m,1,Papua New Guinea,Oceania,East Asia & Pacific,non-Schengen
2017,PRT,f,186,Portugal,Europe,Europe & Central Asia,Schengen
2017,PRT,m,986,Portugal,Europe,Europe & Central Asia,Schengen
2017,PRY,f,7,Paraguay,Americas,Latin America & Caribbean,non-Schengen
2017,PRY,m,8,Paraguay,Americas,Latin America & Caribbean,non-Schengen
2017,PSE,f,4,Palestinian Territories,Asia,Middle East & North Africa,non-Schengen
2017,PSE,m,104,Palestinian Territories,Asia,Middle East & North Africa,non-Schengen
2017,QAT,m,2,Qatar,Asia,Middle East & North Africa,non-Schengen
2017,ROU,f,1553,Romania,Europe,Europe & Central Asia,non-Schengen
2017,ROU,m,2614,Romania,Europe,Europe & Central Asia,non-Schengen
2017,RUS,f,3384,Russia,Europe,Europe & Central Asia,non-Schengen
2017,RUS,m,3269,Russia,Europe,Europe & Central Asia,non-Schengen
2017,RWA,f,14,Rwanda,Africa,Sub-Saharan Africa,non-Schengen
2017,RWA,m,20,Rwanda,Africa,Sub-Saharan Africa,non-Schengen
2017,SAU,f,4,Saudi Arabia,Asia,Middle East & North Africa,non-Schengen
2017,SAU,m,16,Saudi Arabia,Asia,Middle East & North Africa,non-Schengen
2017,SRB,f,132,Serbia,Europe,Europe & Central Asia,non-Schengen
2017,SRB,m,856,Serbia,Europe,Europe & Central Asia,non-Schengen
2017,SDN,f,6,Sudan,Africa,Sub-Saharan Africa,non-Schengen
2017,SDN,m,34,Sudan,Africa,Sub-Saharan Africa,non-Schengen
2017,SEN,f,8,Senegal,Africa,Sub-Saharan Africa,non-Schengen
2017,SEN,m,45,Senegal,Africa,Sub-Saharan Africa,non-Schengen
2017,SGP,f,8,Singapore,Asia,East Asia & Pacific,non-Schengen
2017,SGP,m,7,Singapore,Asia,East Asia & Pacific,non-Schengen
2017,SLE,f,1,Sierra Leone,Africa,Sub-Saharan Africa,non-Schengen
2017,SLE,m,12,Sierra Leone,Africa,Sub-Saharan Africa,non-Schengen
2017,SLV,f,3,El Salvador,Americas,Latin America & Caribbean,non-Schengen
2017,SLV,m,13,El Salvador,Americas,Latin America & Caribbean,non-Schengen
2017,SOM,m,17,Somalia,Africa,Sub-Saharan Africa,non-Schengen
2017,STP,f,2,São Tomé & Príncipe,Africa,Sub-Saharan Africa,non-Schengen
2017,STP,m,2,São Tomé & Príncipe,Africa,Sub-Saharan Africa,non-Schengen
2017,SUR,f,5,Suriname,Americas,Latin America & Caribbean,non-Schengen
2017,SUR,m,7,Suriname,Americas,Latin America & Caribbean,non-Schengen
2017,SVK,f,528,Slovakia,Europe,Europe & Central Asia,Schengen
2017,SVK,m,819,Slovakia,Europe,Europe & Central Asia,Schengen
2017,SVN,f,48,Slovenia,Europe,Europe & Central Asia,Schengen
2017,SVN,m,116,Slovenia,Europe,Europe & Central Asia,Schengen
2017,SWE,f,135,Sweden,Europe,Europe & Central Asia,Schengen
2017,SWE,m,439,Sweden,Europe,Europe & Central Asia,Schengen
2017,SYR,f,52,Syria,Asia,Middle East & North Africa,non-Schengen
2017,SYR,m,593,Syria,Asia,Middle East & North Africa,non-Schengen
2017,TCD,m,1,Chad,Africa,Sub-Saharan Africa,non-Schengen
2017,TGO,f,1,Togo,Africa,Sub-Saharan Africa,non-Schengen
2017,TGO,m,13,Togo,Africa,Sub-Saharan Africa,non-Schengen
2017,THA,f,257,Thailand,Asia,East Asia & Pacific,non-Schengen
2017,THA,m,168,Thailand,Asia,East Asia & Pacific,non-Schengen
2017,TJK,f,16,Tajikistan,Asia,Europe & Central Asia,non-Schengen
2017,TJK,m,90,Tajikistan,Asia,Europe & Central Asia,non-Schengen
2017,TKM,f,33,Turkmenistan,Asia,Europe & Central Asia,non-Schengen
2017,TKM,m,39,Turkmenistan,Asia,Europe & Central Asia,non-Schengen
2017,TTO,f,2,Trinidad & Tobago,Americas,Latin America & Caribbean,non-Schengen
2017,TTO,m,3,Trinidad & Tobago,Americas,Latin America & Caribbean,non-Schengen
2017,TUN,f,27,Tunisia,Africa,Middle East & North Africa,non-Schengen
2017,TUN,m,630,Tunisia,Africa,Middle East & North Africa,non-Schengen
2017,TUR,f,223,Turkey,Asia,Europe & Central Asia,non-Schengen
2017,TUR,m,2690,Turkey,Asia,Europe & Central Asia,non-Schengen
2017,TWN,f,48,Taiwan,Asia,East Asia & Pacific,non-Schengen
2017,TWN,m,22,Taiwan,Asia,East Asia & Pacific,non-Schengen
2017,TZA,f,7,Tanzania,Africa,Sub-Saharan Africa,non-Schengen
2017,TZA,m,26,Tanzania,Africa,Sub-Saharan Africa,non-Schengen
2017,UGA,f,6,Uganda,Africa,Sub-Saharan Africa,non-Schengen
2017,UGA,m,16,Uganda,Africa,Sub-Saharan Africa,non-Schengen
2017,UKR,f,111791,Ukraine,Europe,Europe & Central Asia,non-Schengen
2017,UKR,m,204143,Ukraine,Europe,Europe & Central Asia,non-Schengen
2017,URY,f,8,Uruguay,Americas,Latin America & Caribbean,non-Schengen
2017,URY,m,23,Uruguay,Americas,Latin America & Caribbean,non-Schengen
2017,USA,f,365,United States,Americas,North America,non-Schengen
2017,USA,m,958,United States,Americas,North America,non-Schengen
2017,UZB,f,151,Uzbekistan,Asia,Europe & Central Asia,non-Schengen
2017,UZB,m,618,Uzbekistan,Asia,Europe & Central Asia,non-Schengen
2017,VAT,f,3,Vatican City,Europe,Europe & Central Asia,non-Schengen
2017,VAT,m,5,Vatican City,Europe,Europe & Central Asia,non-Schengen
2017,VEN,f,29,Venezuela,Americas,Latin America & Caribbean,non-Schengen
2017,VEN,m,78,Venezuela,Americas,Latin America & Caribbean,non-Schengen
2017,VGB,f,1,British Virgin Islands,Americas,Latin America & Caribbean,non-Schengen
2017,VGB,m,9,British Virgin Islands,Americas,Latin America & Caribbean,non-Schengen
2017,VNM,f,2879,Vietnam,Asia,East Asia & Pacific,non-Schengen
2017,VNM,m,4693,Vietnam,Asia,East Asia & Pacific,non-Schengen
2017,XXX,f,3196,unknown,other/unknown,other/unknown,non-Schengen
2017,XXX,m,2981,unknown,other/unknown,other/unknown,non-Schengen
2017,YEM,f,2,Yemen,Asia,Middle East & North Africa,non-Schengen
2017,YEM,m,96,Yemen,Asia,Middle East & North Africa,non-Schengen
2017,ZAF,f,48,South Africa,Africa,Sub-Saharan Africa,non-Schengen
2017,ZAF,m,93,South Africa,Africa,Sub-Saharan Africa,non-Schengen
2017,ZMB,f,7,Zambia,Africa,Sub-Saharan Africa,non-Schengen
2017,ZMB,m,4,Zambia,Africa,Sub-Saharan Africa,non-Schengen
2017,ZWE,f,109,Zimbabwe,Africa,Sub-Saharan Africa,non-Schengen
2017,ZWE,m,99,Zimbabwe,Africa,Sub-Saharan Africa,non-Schengen
2018,ABW,f,1,Aruba,Americas,Latin America & Caribbean,non-Schengen
2018,ABW,m,3,Aruba,Americas,Latin America & Caribbean,non-Schengen
2018,AFG,f,240,Afghanistan,Asia,South Asia,non-Schengen
2018,AFG,m,306,Afghanistan,Asia,South Asia,non-Schengen
2018,AGO,f,15,Angola,Africa,Sub-Saharan Africa,non-Schengen
2018,AGO,m,53,Angola,Africa,Sub-Saharan Africa,non-Schengen
2018,ALB,f,68,Albania,Europe,Europe & Central Asia,non-Schengen
2018,ALB,m,195,Albania,Europe,Europe & Central Asia,non-Schengen
2018,AND,f,2,Andorra,Europe,Europe & Central Asia,non-Schengen
2018,AND,m,4,Andorra,Europe,Europe & Central Asia,non-Schengen
2018,ARE,f,0,United Arab Emirates,Asia,Middle East & North Africa,non-Schengen
2018,ARE,m,3,United Arab Emirates,Asia,Middle East & North Africa,non-Schengen
2018,ARG,f,42,Argentina,Americas,Latin America & Caribbean,non-Schengen
2018,ARG,m,123,Argentina,Americas,Latin America & Caribbean,non-Schengen
2018,ARM,f,1030,Armenia,Asia,Europe & Central Asia,non-Schengen
2018,ARM,m,1530,Armenia,Asia,Europe & Central Asia,non-Schengen
2018,ASM,f,0,American Samoa,Oceania,East Asia & Pacific,non-Schengen
2018,ASM,m,1,American Samoa,Oceania,East Asia & Pacific,non-Schengen
2018,ATF,f,3,French Southern Territories,Africa,Sub-Saharan Africa,non-Schengen
2018,ATF,m,16,French Southern Territories,Africa,Sub-Saharan Africa,non-Schengen
2018,AUS,f,45,Australia,Oceania,East Asia & Pacific,non-Schengen
2018,AUS,m,134,Australia,Oceania,East Asia & Pacific,non-Schengen
2018,AUT,f,135,Austria,Europe,Europe & Central Asia,Schengen
2018,AUT,m,324,Austria,Europe,Europe & Central Asia,Schengen
2018,AZE,f,134,Azerbaijan,Asia,Europe & Central Asia,non-Schengen
2018,AZE,m,649,Azerbaijan,Asia,Europe & Central Asia,non-Schengen
2018,BDI,f,0,Burundi,Africa,Sub-Saharan Africa,non-Schengen
2018,BDI,m,6,Burundi,Africa,Sub-Saharan Africa,non-Schengen
2018,BEL,f,96,Belgium,Europe,Europe & Central Asia,Schengen
2018,BEL,m,485,Belgium,Europe,Europe & Central Asia,Schengen
2018,BEN,f,3,Benin,Africa,Sub-Saharan Africa,non-Schengen
2018,BEN,m,9,Benin,Africa,Sub-Saharan Africa,non-Schengen
2018,BFA,f,0,Burkina Faso,Africa,Sub-Saharan Africa,non-Schengen
2018,BFA,m,11,Burkina Faso,Africa,Sub-Saharan Africa,non-Schengen
2018,BGD,f,40,Bangladesh,Asia,South Asia,non-Schengen
2018,BGD,m,1249,Bangladesh,Asia,South Asia,non-Schengen
2018,BGR,f,1043,Bulgaria,Europe,Europe & Central Asia,non-Schengen
2018,BGR,m,1563,Bulgaria,Europe,Europe & Central Asia,non-Schengen
2018,BIH,f,26,Bosnia & Herzegovina,Europe,Europe & Central Asia,non-Schengen
2018,BIH,m,172,Bosnia & Herzegovina,Europe,Europe & Central Asia,non-Schengen
2018,BLR,f,8746,Belarus,Europe,Europe & Central Asia,non-Schengen
2018,BLR,m,25358,Belarus,Europe,Europe & Central Asia,non-Schengen
2018,BOL,f,9,Bolivia,Americas,Latin America & Caribbean,non-Schengen
2018,BOL,m,20,Bolivia,Americas,Latin America & Caribbean,non-Schengen
2018,BRA,f,201,Brazil,Americas,Latin America & Caribbean,non-Schengen
2018,BRA,m,712,Brazil,Americas,Latin America & Caribbean,non-Schengen
2018,BRB,f,8,Barbados,Americas,Latin America & Caribbean,non-Schengen
2018,BRB,m,3,Barbados,Americas,Latin America & Caribbean,non-Schengen
2018,BWA,f,0,Botswana,Africa,Sub-Saharan Africa,non-Schengen
2018,BWA,m,2,Botswana,Africa,Sub-Saharan Africa,non-Schengen
2018,CAF,f,0,Central African Republic,Africa,Sub-Saharan Africa,non-Schengen
2018,CAF,m,2,Central African Republic,Africa,Sub-Saharan Africa,non-Schengen
2018,CAN,f,67,Canada,Americas,North America,non-Schengen
2018,CAN,m,183,Canada,Americas,North America,non-Schengen
2018,CHE,f,22,Switzerland,Europe,Europe & Central Asia,Schengen
2018,CHE,m,103,Switzerland,Europe,Europe & Central Asia,Schengen
2018,CHL,f,12,Chile,Americas,Latin America & Caribbean,non-Schengen
2018,CHL,m,64,Chile,Americas,Latin America & Caribbean,non-Schengen
2018,CHN,f,1993,China,Asia,East Asia & Pacific,non-Schengen
2018,CHN,m,2866,China,Asia,East Asia & Pacific,non-Schengen
2018,CIV,f,10,Côte d’Ivoire,Africa,Sub-Saharan Africa,non-Schengen
2018,CIV,m,18,Côte d’Ivoire,Africa,Sub-Saharan Africa,non-Schengen
2018,CMR,f,34,Cameroon,Africa,Sub-Saharan Africa,non-Schengen
2018,CMR,m,138,Cameroon,Africa,Sub-Saharan Africa,non-Schengen
2018,COD,f,0,Congo - Kinshasa,Africa,Sub-Saharan Africa,non-Schengen
2018,COD,m,1,Congo - Kinshasa,Africa,Sub-Saharan Africa,non-Schengen
2018,COG,f,30,Congo - Brazzaville,Africa,Sub-Saharan Africa,non-Schengen
2018,COG,m,115,Congo - Brazzaville,Africa,Sub-Saharan Africa,non-Schengen
2018,COL,f,61,Colombia,Americas,Latin America & Caribbean,non-Schengen
2018,COL,m,175,Colombia,Americas,Latin America & Caribbean,non-Schengen
2018,CPV,f,1,Cape Verde,Africa,Sub-Saharan Africa,non-Schengen
2018,CPV,m,3,Cape Verde,Africa,Sub-Saharan Africa,non-Schengen
2018,CRI,f,10,Costa Rica,Americas,Latin America & Caribbean,non-Schengen
2018,CRI,m,29,Costa Rica,Americas,Latin America & Caribbean,non-Schengen
2018,CUB,f,43,Cuba,Americas,Latin America & Caribbean,non-Schengen
2018,CUB,m,118,Cuba,Americas,Latin America & Caribbean,non-Schengen
2018,CYP,f,9,Cyprus,Asia,Europe & Central Asia,non-Schengen
2018,CYP,m,33,Cyprus,Asia,Europe & Central Asia,non-Schengen
2018,CZE,f,572,Czechia,Europe,Europe & Central Asia,Schengen
2018,CZE,m,924,Czechia,Europe,Europe & Central Asia,Schengen
2018,DEU,f,772,Germany,Europe,Europe & Central Asia,Schengen
2018,DEU,m,2693,Germany,Europe,Europe & Central Asia,Schengen
2018,DJI,f,0,Djibouti,Africa,Middle East & North Africa,non-Schengen
2018,DJI,m,1,Djibouti,Africa,Middle East & North Africa,non-Schengen
2018,DNK,f,46,Denmark,Europe,Europe & Central Asia,Schengen
2018,DNK,m,371,Denmark,Europe,Europe & Central Asia,Schengen
2018,DOM,f,11,Dominican Republic,Americas,Latin America & Caribbean,non-Schengen
2018,DOM,m,20,Dominican Republic,Americas,Latin America & Caribbean,non-Schengen
2018,DZA,f,28,Algeria,Africa,Middle East & North Africa,non-Schengen
2018,DZA,m,476,Algeria,Africa,Middle East & North Africa,non-Schengen
2018,ECU,f,12,Ecuador,Americas,Latin America & Caribbean,non-Schengen
2018,ECU,m,37,Ecuador,Americas,Latin America & Caribbean,non-Schengen
2018,EGY,f,41,Egypt,Africa,Middle East & North Africa,non-Schengen
2018,EGY,m,885,Egypt,Africa,Middle East & North Africa,non-Schengen
2018,ERI,f,3,Eritrea,Africa,Sub-Saharan Africa,non-Schengen
2018,ERI,m,7,Eritrea,Africa,Sub-Saharan Africa,non-Schengen
2018,ESP,f,427,Spain,Europe,Europe & Central Asia,Schengen
2018,ESP,m,1915,Spain,Europe,Europe & Central Asia,Schengen
2018,EST,f,61,Estonia,Europe,Europe & Central Asia,Schengen
2018,EST,m,58,Estonia,Europe,Europe & Central Asia,Schengen
2018,ETH,f,24,Ethiopia,Africa,Sub-Saharan Africa,non-Schengen
2018,ETH,m,58,Ethiopia,Africa,Sub-Saharan Africa,non-Schengen
2018,FIN,f,113,Finland,Europe,Europe & Central Asia,Schengen
2018,FIN,m,262,Finland,Europe,Europe & Central Asia,Schengen
2018,FRA,f,415,France,Europe,Europe & Central Asia,Schengen
2018,FRA,m,2197,France,Europe,Europe & Central Asia,Schengen
2018,GAB,f,6,Gabon,Africa,Sub-Saharan Africa,non-Schengen
2018,GAB,m,0,Gabon,Africa,Sub-Saharan Africa,non-Schengen
2018,GBR,f,358,United Kingdom,Europe,Europe & Central Asia,non-Schengen
2018,GBR,m,2120,United Kingdom,Europe,Europe & Central Asia,non-Schengen
2018,GEO,f,1254,Georgia,Asia,Europe & Central Asia,non-Schengen
2018,GEO,m,5669,Georgia,Asia,Europe & Central Asia,non-Schengen
2018,GHA,f,12,Ghana,Africa,Sub-Saharan Africa,non-Schengen
2018,GHA,m,46,Ghana,Africa,Sub-Saharan Africa,non-Schengen
2018,GIN,f,8,Guinea,Africa,Sub-Saharan Africa,non-Schengen
2018,GIN,m,28,Guinea,Africa,Sub-Saharan Africa,non-Schengen
2018,GMB,f,2,Gambia,Africa,Sub-Saharan Africa,non-Schengen
2018,GMB,m,12,Gambia,Africa,Sub-Saharan Africa,non-Schengen
2018,GRC,f,159,Greece,Europe,Europe & Central Asia,Schengen
2018,GRC,m,621,Greece,Europe,Europe & Central Asia,Schengen
2018,GRD,f,0,Grenada,Americas,Latin America & Caribbean,non-Schengen
2018,GRD,m,1,Grenada,Americas,Latin America & Caribbean,non-Schengen
2018,GTM,f,5,Guatemala,Americas,Latin America & Caribbean,non-Schengen
2018,GTM,m,21,Guatemala,Americas,Latin America & Caribbean,non-Schengen
2018,GUY,f,4,Guyana,Americas,Latin America & Caribbean,non-Schengen
2018,GUY,m,6,Guyana,Americas,Latin America & Caribbean,non-Schengen
2018,HND,f,5,Honduras,Americas,Latin America & Caribbean,non-Schengen
2018,HND,m,13,Honduras,Americas,Latin America & Caribbean,non-Schengen
2018,HRV,f,115,Croatia,Europe,Europe & Central Asia,non-Schengen
2018,HRV,m,334,Croatia,Europe,Europe & Central Asia,non-Schengen
2018,HTI,f,2,Haiti,Americas,Latin America & Caribbean,non-Schengen
2018,HTI,m,7,Haiti,Americas,Latin America & Caribbean,non-Schengen
2018,HUN,f,404,Hungary,Europe,Europe & Central Asia,Schengen
2018,HUN,m,756,Hungary,Europe,Europe & Central Asia,Schengen
2018,IDN,f,173,Indonesia,Asia,East Asia & Pacific,non-Schengen
2018,IDN,m,121,Indonesia,Asia,East Asia & Pacific,non-Schengen
2018,IND,f,794,India,Asia,South Asia,non-Schengen
2018,IND,m,5132,India,Asia,South Asia,non-Schengen
2018,IOT,f,0,British Indian Ocean Territory,Africa,Sub-Saharan Africa,non-Schengen
2018,IOT,m,2,British Indian Ocean Territory,Africa,Sub-Saharan Africa,non-Schengen
2018,IRL,f,43,Ireland,Europe,Europe & Central Asia,non-Schengen
2018,IRL,m,388,Ireland,Europe,Europe & Central Asia,non-Schengen
2018,IRN,f,67,Iran,Asia,Middle East & North Africa,non-Schengen
2018,IRN,m,221,Iran,Asia,Middle East & North Africa,non-Schengen
2018,IRQ,f,30,Iraq,Asia,Middle East & North Africa,non-Schengen
2018,IRQ,m,351,Iraq,Asia,Middle East & North Africa,non-Schengen
2018,ISL,f,0,Iceland,Europe,Europe & Central Asia,Schengen
2018,ISL,m,13,Iceland,Europe,Europe & Central Asia,Schengen
2018,ISR,f,41,Israel,Asia,Middle East & North Africa,non-Schengen
2018,ISR,m,173,Israel,Asia,Middle East & North Africa,non-Schengen
2018,ITA,f,638,Italy,Europe,Europe & Central Asia,Schengen
2018,ITA,m,3819,Italy,Europe,Europe & Central Asia,Schengen
2018,JAM,f,4,Jamaica,Americas,Latin America & Caribbean,non-Schengen
2018,JAM,m,8,Jamaica,Americas,Latin America & Caribbean,non-Schengen
2018,JOR,f,14,Jordan,Asia,Middle East & North Africa,non-Schengen
2018,JOR,m,194,Jordan,Asia,Middle East & North Africa,non-Schengen
2018,JPN,f,131,Japan,Asia,East Asia & Pacific,non-Schengen
2018,JPN,m,273,Japan,Asia,East Asia & Pacific,non-Schengen
2018,KAZ,f,722,Kazakhstan,Asia,Europe & Central Asia,non-Schengen
2018,KAZ,m,642,Kazakhstan,Asia,Europe & Central Asia,non-Schengen
2018,KEN,f,43,Kenya,Africa,Sub-Saharan Africa,non-Schengen
2018,KEN,m,58,Kenya,Africa,Sub-Saharan Africa,non-Schengen
2018,KGZ,f,70,Kyrgyzstan,Asia,Europe & Central Asia,non-Schengen
2018,KGZ,m,82,Kyrgyzstan,Asia,Europe & Central Asia,non-Schengen
2018,KHM,f,8,Cambodia,Asia,East Asia & Pacific,non-Schengen
2018,KHM,m,13,Cambodia,Asia,East Asia & Pacific,non-Schengen
2018,KOR,f,117,South Korea,Asia,East Asia & Pacific,non-Schengen
2018,KOR,m,396,South Korea,Asia,East Asia & Pacific,non-Schengen
2018,KWT,f,0,Kuwait,Asia,Middle East & North Africa,non-Schengen
2018,KWT,m,7,Kuwait,Asia,Middle East & North Africa,non-Schengen
2018,LAO,f,0,Laos,Asia,East Asia & Pacific,non-Schengen
2018,LAO,m,15,Laos,Asia,East Asia & Pacific,non-Schengen
2018,LBN,f,28,Lebanon,Asia,Middle East & North Africa,non-Schengen
2018,LBN,m,183,Lebanon,Asia,Middle East & North Africa,non-Schengen
2018,LBR,f,0,Liberia,Africa,Sub-Saharan Africa,non-Schengen
2018,LBR,m,5,Liberia,Africa,Sub-Saharan Africa,non-Schengen
2018,LBY,f,2,Libya,Africa,Middle East & North Africa,non-Schengen
2018,LBY,m,96,Libya,Africa,Middle East & North Africa,non-Schengen
2018,LKA,f,13,Sri Lanka,Asia,South Asia,non-Schengen
2018,LKA,m,90,Sri Lanka,Asia,South Asia,non-Schengen
2018,LTU,f,985,Lithuania,Europe,Europe & Central Asia,Schengen
2018,LTU,m,947,Lithuania,Europe,Europe & Central Asia,Schengen
2018,LUX,f,2,Luxembourg,Europe,Europe & Central Asia,Schengen
2018,LUX,m,11,Luxembourg,Europe,Europe & Central Asia,Schengen
2018,LVA,f,237,Latvia,Europe,Europe & Central Asia,Schengen
2018,LVA,m,274,Latvia,Europe,Europe & Central Asia,Schengen
2018,MAR,f,59,Morocco,Africa,Middle East & North Africa,non-Schengen
2018,MAR,m,428,Morocco,Africa,Middle East & North Africa,non-Schengen
2018,MCO,f,0,Monaco,Europe,Europe & Central Asia,non-Schengen
2018,MCO,m,0,Monaco,Europe,Europe & Central Asia,non-Schengen
2018,MDA,f,2373,Moldova,Europe,Europe & Central Asia,non-Schengen
2018,MDA,m,5271,Moldova,Europe,Europe & Central Asia,non-Schengen
2018,MDG,f,7,Madagascar,Africa,Sub-Saharan Africa,non-Schengen
2018,MDG,m,11,Madagascar,Africa,Sub-Saharan Africa,non-Schengen
2018,MEX,f,120,Mexico,Americas,Latin America & Caribbean,non-Schengen
2018,MEX,m,328,Mexico,Americas,Latin America & Caribbean,non-Schengen
2018,MKD,f,36,North Macedonia,Europe,Europe & Central Asia,non-Schengen
2018,MKD,m,153,North Macedonia,Europe,Europe & Central Asia,non-Schengen
2018,MLI,f,5,Mali,Africa,Sub-Saharan Africa,non-Schengen
2018,MLI,m,23,Mali,Africa,Sub-Saharan Africa,non-Schengen
2018,MLT,f,8,Malta,Europe,Middle East & North Africa,Schengen
2018,MLT,m,16,Malta,Europe,Middle East & North Africa,Schengen
2018,MMR,f,5,Myanmar (Burma),Asia,East Asia & Pacific,non-Schengen
2018,MMR,m,9,Myanmar (Burma),Asia,East Asia & Pacific,non-Schengen
2018,MNE,f,15,Montenegro,Europe,Europe & Central Asia,non-Schengen
2018,MNE,m,61,Montenegro,Europe,Europe & Central Asia,non-Schengen
2018,MNG,f,220,Mongolia,Asia,East Asia & Pacific,non-Schengen
2018,MNG,m,160,Mongolia,Asia,East Asia & Pacific,non-Schengen
2018,MOZ,f,2,Mozambique,Africa,Sub-Saharan Africa,non-Schengen
2018,MOZ,m,6,Mozambique,Africa,Sub-Saharan Africa,non-Schengen
2018,MRT,f,1,Mauritania,Africa,Sub-Saharan Africa,non-Schengen
2018,MRT,m,7,Mauritania,Africa,Sub-Saharan Africa,non-Schengen
2018,MUS,f,8,Mauritius,Africa,Sub-Saharan Africa,non-Schengen
2018,MUS,m,18,Mauritius,Africa,Sub-Saharan Africa,non-Schengen
2018,MYS,f,30,Malaysia,Asia,East Asia & Pacific,non-Schengen
2018,MYS,m,35,Malaysia,Asia,East Asia & Pacific,non-Schengen
2018,NAM,f,0,Namibia,Africa,Sub-Saharan Africa,non-Schengen
2018,NAM,m,1,Namibia,Africa,Sub-Saharan Africa,non-Schengen
2018,NER,f,7,Niger,Africa,Sub-Saharan Africa,non-Schengen
2018,NER,m,47,Niger,Africa,Sub-Saharan Africa,non-Schengen
2018,NGA,f,43,Nigeria,Africa,Sub-Saharan Africa,non-Schengen
2018,NGA,m,333,Nigeria,Africa,Sub-Saharan Africa,non-Schengen
2018,NIC,f,4,Nicaragua,Americas,Latin America & Caribbean,non-Schengen
2018,NIC,m,10,Nicaragua,Americas,Latin America & Caribbean,non-Schengen
2018,NLD,f,120,Netherlands,Europe,Europe & Central Asia,Schengen
2018,NLD,m,968,Netherlands,Europe,Europe & Central Asia,Schengen
2018,NOR,f,32,Norway,Europe,Europe & Central Asia,Schengen
2018,NOR,m,110,Norway,Europe,Europe & Central Asia,Schengen
2018,NPL,f,388,Nepal,Asia,South Asia,non-Schengen
2018,NPL,m,2262,Nepal,Asia,South Asia,non-Schengen
2018,NZL,f,17,New Zealand,Oceania,East Asia & Pacific,non-Schengen
2018,NZL,m,30,New Zealand,Oceania,East Asia & Pacific,non-Schengen
2018,PAK,f,102,Pakistan,Asia,South Asia,non-Schengen
2018,PAK,m,624,Pakistan,Asia,South Asia,non-Schengen
2018,PAN,f,5,Panama,Americas,Latin America & Caribbean,non-Schengen
2018,PAN,m,11,Panama,Americas,Latin America & Caribbean,non-Schengen
2018,PER,f,49,Peru,Americas,Latin America & Caribbean,non-Schengen
2018,PER,m,94,Peru,Americas,Latin America & Caribbean,non-Schengen
2018,PHL,f,377,Philippines,Asia,East Asia & Pacific,non-Schengen
2018,PHL,m,555,Philippines,Asia,East Asia & Pacific,non-Schengen
2018,PNG,f,0,Papua New Guinea,Oceania,East Asia & Pacific,non-Schengen
2018,PNG,m,1,Papua New Guinea,Oceania,East Asia & Pacific,non-Schengen
2018,PRT,f,206,Portugal,Europe,Europe & Central Asia,Schengen
2018,PRT,m,1126,Portugal,Europe,Europe & Central Asia,Schengen
2018,PRY,f,7,Paraguay,Americas,Latin America & Caribbean,non-Schengen
2018,PRY,m,7,Paraguay,Americas,Latin America & Caribbean,non-Schengen
2018,PSE,f,5,Palestinian Territories,Asia,Middle East & North Africa,non-Schengen
2018,PSE,m,124,Palestinian Territories,Asia,Middle East & North Africa,non-Schengen
2018,QAT,f,0,Qatar,Asia,Middle East & North Africa,non-Schengen
2018,QAT,m,1,Qatar,Asia,Middle East & North Africa,non-Schengen
2018,ROU,f,1790,Romania,Europe,Europe & Central Asia,non-Schengen
2018,ROU,m,2789,Romania,Europe,Europe & Central Asia,non-Schengen
2018,RUS,f,3757,Russia,Europe,Europe & Central Asia,non-Schengen
2018,RUS,m,3803,Russia,Europe,Europe & Central Asia,non-Schengen
2018,RWA,f,20,Rwanda,Africa,Sub-Saharan Africa,non-Schengen
2018,RWA,m,30,Rwanda,Africa,Sub-Saharan Africa,non-Schengen
2018,SAU,f,7,Saudi Arabia,Asia,Middle East & North Africa,non-Schengen
2018,SAU,m,16,Saudi Arabia,Asia,Middle East & North Africa,non-Schengen
2018,SRB,f,138,Serbia,Europe,Europe & Central Asia,non-Schengen
2018,SRB,m,939,Serbia,Europe,Europe & Central Asia,non-Schengen
2018,SDN,f,9,Sudan,Africa,Sub-Saharan Africa,non-Schengen
2018,SDN,m,34,Sudan,Africa,Sub-Saharan Africa,non-Schengen
2018,SEN,f,5,Senegal,Africa,Sub-Saharan Africa,non-Schengen
2018,SEN,m,64,Senegal,Africa,Sub-Saharan Africa,non-Schengen
2018,SGP,f,6,Singapore,Asia,East Asia & Pacific,non-Schengen
2018,SGP,m,12,Singapore,Asia,East Asia & Pacific,non-Schengen
2018,SLE,f,0,Sierra Leone,Africa,Sub-Saharan Africa,non-Schengen
2018,SLE,m,12,Sierra Leone,Africa,Sub-Saharan Africa,non-Schengen
2018,SLV,f,6,El Salvador,Americas,Latin America & Caribbean,non-Schengen
2018,SLV,m,15,El Salvador,Americas,Latin America & Caribbean,non-Schengen
2018,SOM,f,2,Somalia,Africa,Sub-Saharan Africa,non-Schengen
2018,SOM,m,18,Somalia,Africa,Sub-Saharan Africa,non-Schengen
2018,STP,f,1,São Tomé & Príncipe,Africa,Sub-Saharan Africa,non-Schengen
2018,STP,m,2,São Tomé & Príncipe,Africa,Sub-Saharan Africa,non-Schengen
2018,SUR,f,10,Suriname,Americas,Latin America & Caribbean,non-Schengen
2018,SUR,m,8,Suriname,Americas,Latin America & Caribbean,non-Schengen
2018,SVK,f,556,Slovakia,Europe,Europe & Central Asia,Schengen
2018,SVK,m,855,Slovakia,Europe,Europe & Central Asia,Schengen
2018,SVN,f,48,Slovenia,Europe,Europe & Central Asia,Schengen
2018,SVN,m,138,Slovenia,Europe,Europe & Central Asia,Schengen
2018,SWE,f,134,Sweden,Europe,Europe & Central Asia,Schengen
2018,SWE,m,424,Sweden,Europe,Europe & Central Asia,Schengen
2018,SYR,f,61,Syria,Asia,Middle East & North Africa,non-Schengen
2018,SYR,m,614,Syria,Asia,Middle East & North Africa,non-Schengen
2018,TCD,f,0,Chad,Africa,Sub-Saharan Africa,non-Schengen
2018,TCD,m,2,Chad,Africa,Sub-Saharan Africa,non-Schengen
2018,TGO,f,1,Togo,Africa,Sub-Saharan Africa,non-Schengen
2018,TGO,m,15,Togo,Africa,Sub-Saharan Africa,non-Schengen
2018,THA,f,319,Thailand,Asia,East Asia & Pacific,non-Schengen
2018,THA,m,199,Thailand,Asia,East Asia & Pacific,non-Schengen
2018,TJK,f,31,Tajikistan,Asia,Europe & Central Asia,non-Schengen
2018,TJK,m,191,Tajikistan,Asia,Europe & Central Asia,non-Schengen
2018,TKM,f,35,Turkmenistan,Asia,Europe & Central Asia,non-Schengen
2018,TKM,m,40,Turkmenistan,Asia,Europe & Central Asia,non-Schengen
2018,TTO,f,2,Trinidad & Tobago,Americas,Latin America & Caribbean,non-Schengen
2018,TTO,m,6,Trinidad & Tobago,Americas,Latin America & Caribbean,non-Schengen
2018,TUN,f,32,Tunisia,Africa,Middle East & North Africa,non-Schengen
2018,TUN,m,666,Tunisia,Africa,Middle East & North Africa,non-Schengen
2018,TUR,f,281,Turkey,Asia,Europe & Central Asia,non-Schengen
2018,TUR,m,3003,Turkey,Asia,Europe & Central Asia,non-Schengen
2018,TWN,f,53,Taiwan,Asia,East Asia & Pacific,non-Schengen
2018,TWN,m,26,Taiwan,Asia,East Asia & Pacific,non-Schengen
2018,TZA,f,8,Tanzania,Africa,Sub-Saharan Africa,non-Schengen
2018,TZA,m,30,Tanzania,Africa,Sub-Saharan Africa,non-Schengen
2018,UGA,f,11,Uganda,Africa,Sub-Saharan Africa,non-Schengen
2018,UGA,m,22,Uganda,Africa,Sub-Saharan Africa,non-Schengen
2018,UKR,f,148441,Ukraine,Europe,Europe & Central Asia,non-Schengen
2018,UKR,m,271614,Ukraine,Europe,Europe & Central Asia,non-Schengen
2018,URY,f,16,Uruguay,Americas,Latin America & Caribbean,non-Schengen
2018,URY,m,26,Uruguay,Americas,Latin America & Caribbean,non-Schengen
2018,USA,f,375,United States,Americas,North America,non-Schengen
2018,USA,m,1008,United States,Americas,North America,non-Schengen
2018,UZB,f,168,Uzbekistan,Asia,Europe & Central Asia,non-Schengen
2018,UZB,m,775,Uzbekistan,Asia,Europe & Central Asia,non-Schengen
2018,VAT,f,3,Vatican City,Europe,Europe & Central Asia,non-Schengen
2018,VAT,m,5,Vatican City,Europe,Europe & Central Asia,non-Schengen
2018,VEN,f,42,Venezuela,Americas,Latin America & Caribbean,non-Schengen
2018,VEN,m,103,Venezuela,Americas,Latin America & Caribbean,non-Schengen
2018,VGB,f,1,British Virgin Islands,Americas,Latin America & Caribbean,non-Schengen
2018,VGB,m,10,British Virgin Islands,Americas,Latin America & Caribbean,non-Schengen
2018,VNM,f,3049,Vietnam,Asia,East Asia & Pacific,non-Schengen
2018,VNM,m,5067,Vietnam,Asia,East Asia & Pacific,non-Schengen
2018,XXX,f,3126,unknown,other/unknown,other/unknown,non-Schengen
2018,XXX,m,2956,unknown,other/unknown,other/unknown,non-Schengen
2018,YEM,f,2,Yemen,Asia,Middle East & North Africa,non-Schengen
2018,YEM,m,111,Yemen,Asia,Middle East & North Africa,non-Schengen
2018,ZAF,f,64,South Africa,Africa,Sub-Saharan Africa,non-Schengen
2018,ZAF,m,107,South Africa,Africa,Sub-Saharan Africa,non-Schengen
2018,ZMB,f,11,Zambia,Africa,Sub-Saharan Africa,non-Schengen
2018,ZMB,m,6,Zambia,Africa,Sub-Saharan Africa,non-Schengen
2018,ZWE,f,127,Zimbabwe,Africa,Sub-Saharan Africa,non-Schengen
2018,ZWE,m,127,Zimbabwe,Africa,Sub-Saharan Africa,non-Schengen
2019,ABW,f,0,Aruba,Americas,Latin America & Caribbean,non-Schengen
2019,ABW,m,0,Aruba,Americas,Latin America & Caribbean,non-Schengen
2019,AFG,f,269,Afghanistan,Asia,South Asia,non-Schengen
2019,AFG,m,333,Afghanistan,Asia,South Asia,non-Schengen
2019,AGO,f,15,Angola,Africa,Sub-Saharan Africa,non-Schengen
2019,AGO,m,66,Angola,Africa,Sub-Saharan Africa,non-Schengen
2019,ALB,f,64,Albania,Europe,Europe & Central Asia,non-Schengen
2019,ALB,m,209,Albania,Europe,Europe & Central Asia,non-Schengen
2019,AND,f,0,Andorra,Europe,Europe & Central Asia,non-Schengen
2019,AND,m,0,Andorra,Europe,Europe & Central Asia,non-Schengen
2019,ARE,f,0,United Arab Emirates,Asia,Middle East & North Africa,non-Schengen
2019,ARE,m,0,United Arab Emirates,Asia,Middle East & North Africa,non-Schengen
2019,ARG,f,52,Argentina,Americas,Latin America & Caribbean,non-Schengen
2019,ARG,m,166,Argentina,Americas,Latin America & Caribbean,non-Schengen
2019,ARM,f,1089,Armenia,Asia,Europe & Central Asia,non-Schengen
2019,ARM,m,1621,Armenia,Asia,Europe & Central Asia,non-Schengen
2019,ASM,f,0,American Samoa,Oceania,East Asia & Pacific,non-Schengen
2019,ASM,m,0,American Samoa,Oceania,East Asia & Pacific,non-Schengen
2019,ATF,f,0,French Southern Territories,Africa,Sub-Saharan Africa,non-Schengen
2019,ATF,m,9,French Southern Territories,Africa,Sub-Saharan Africa,non-Schengen
2019,AUS,f,44,Australia,Oceania,East Asia & Pacific,non-Schengen
2019,AUS,m,130,Australia,Oceania,East Asia & Pacific,non-Schengen
2019,AUT,f,143,Austria,Europe,Europe & Central Asia,Schengen
2019,AUT,m,338,Austria,Europe,Europe & Central Asia,Schengen
2019,AZE,f,219,Azerbaijan,Asia,Europe & Central Asia,non-Schengen
2019,AZE,m,983,Azerbaijan,Asia,Europe & Central Asia,non-Schengen
2019,BDI,f,0,Burundi,Africa,Sub-Saharan Africa,non-Schengen
2019,BDI,m,0,Burundi,Africa,Sub-Saharan Africa,non-Schengen
2019,BEL,f,84,Belgium,Europe,Europe & Central Asia,Schengen
2019,BEL,m,499,Belgium,Europe,Europe & Central Asia,Schengen
2019,BEN,f,0,Benin,Africa,Sub-Saharan Africa,non-Schengen
2019,BEN,m,0,Benin,Africa,Sub-Saharan Africa,non-Schengen
2019,BFA,f,0,Burkina Faso,Africa,Sub-Saharan Africa,non-Schengen
2019,BFA,m,0,Burkina Faso,Africa,Sub-Saharan Africa,non-Schengen
2019,BGD,f,47,Bangladesh,Asia,South Asia,non-Schengen
2019,BGD,m,1607,Bangladesh,Asia,South Asia,non-Schengen
2019,BGR,f,1091,Bulgaria,Europe,Europe & Central Asia,non-Schengen
2019,BGR,m,1635,Bulgaria,Europe,Europe & Central Asia,non-Schengen
2019,BIH,f,23,Bosnia & Herzegovina,Europe,Europe & Central Asia,non-Schengen
2019,BIH,m,110,Bosnia & Herzegovina,Europe,Europe & Central Asia,non-Schengen
2019,BLR,f,11023,Belarus,Europe,Europe & Central Asia,non-Schengen
2019,BLR,m,31639,Belarus,Europe,Europe & Central Asia,non-Schengen
2019,BOL,f,3,Bolivia,Americas,Latin America & Caribbean,non-Schengen
2019,BOL,m,17,Bolivia,Americas,Latin America & Caribbean,non-Schengen
2019,BRA,f,248,Brazil,Americas,Latin America & Caribbean,non-Schengen
2019,BRA,m,823,Brazil,Americas,Latin America & Caribbean,non-Schengen
2019,BRB,f,6,Barbados,Americas,Latin America & Caribbean,non-Schengen
2019,BRB,m,0,Barbados,Americas,Latin America & Caribbean,non-Schengen
2019,BWA,f,0,Botswana,Africa,Sub-Saharan Africa,non-Schengen
2019,BWA,m,0,Botswana,Africa,Sub-Saharan Africa,non-Schengen
2019,CAF,f,0,Central African Republic,Africa,Sub-Saharan Africa,non-Schengen
2019,CAF,m,0,Central African Republic,Africa,Sub-Saharan Africa,non-Schengen
2019,CAN,f,66,Canada,Americas,North America,non-Schengen
2019,CAN,m,210,Canada,Americas,North America,non-Schengen
2019,CHE,f,18,Switzerland,Europe,Europe & Central Asia,Schengen
2019,CHE,m,99,Switzerland,Europe,Europe & Central Asia,Schengen
2019,CHL,f,7,Chile,Americas,Latin America & Caribbean,non-Schengen
2019,CHL,m,71,Chile,Americas,Latin America & Caribbean,non-Schengen
2019,CHN,f,1807,China,Asia,East Asia & Pacific,non-Schengen
2019,CHN,m,2614,China,Asia,East Asia & Pacific,non-Schengen
2019,CIV,f,9,Côte d’Ivoire,Africa,Sub-Saharan Africa,non-Schengen
2019,CIV,m,18,Côte d’Ivoire,Africa,Sub-Saharan Africa,non-Schengen
2019,CMR,f,39,Cameroon,Africa,Sub-Saharan Africa,non-Schengen
2019,CMR,m,152,Cameroon,Africa,Sub-Saharan Africa,non-Schengen
2019,COG,f,32,Congo - Brazzaville,Africa,Sub-Saharan Africa,non-Schengen
2019,COG,m,142,Congo - Brazzaville,Africa,Sub-Saharan Africa,non-Schengen
2019,COL,f,73,Colombia,Americas,Latin America & Caribbean,non-Schengen
2019,COL,m,208,Colombia,Americas,Latin America & Caribbean,non-Schengen
2019,CPV,f,0,Cape Verde,Africa,Sub-Saharan Africa,non-Schengen
2019,CPV,m,0,Cape Verde,Africa,Sub-Saharan Africa,non-Schengen
2019,CRI,f,9,Costa Rica,Americas,Latin America & Caribbean,non-Schengen
2019,CRI,m,34,Costa Rica,Americas,Latin America & Caribbean,non-Schengen
2019,CUB,f,32,Cuba,Americas,Latin America & Caribbean,non-Schengen
2019,CUB,m,130,Cuba,Americas,Latin America & Caribbean,non-Schengen
2019,CYP,f,3,Cyprus,Asia,Europe & Central Asia,non-Schengen
2019,CYP,m,31,Cyprus,Asia,Europe & Central Asia,non-Schengen
2019,CZE,f,557,Czechia,Europe,Europe & Central Asia,Schengen
2019,CZE,m,952,Czechia,Europe,Europe & Central Asia,Schengen
2019,DEU,f,810,Germany,Europe,Europe & Central Asia,Schengen
2019,DEU,m,2761,Germany,Europe,Europe & Central Asia,Schengen
2019,DNK,f,44,Denmark,Europe,Europe & Central Asia,Schengen
2019,DNK,m,377,Denmark,Europe,Europe & Central Asia,Schengen
2019,DOM,f,6,Dominican Republic,Americas,Latin America & Caribbean,non-Schengen
2019,DOM,m,18,Dominican Republic,Americas,Latin America & Caribbean,non-Schengen
2019,DZA,f,23,Algeria,Africa,Middle East & North Africa,non-Schengen
2019,DZA,m,531,Algeria,Africa,Middle East & North Africa,non-Schengen
2019,ECU,f,11,Ecuador,Americas,Latin America & Caribbean,non-Schengen
2019,ECU,m,38,Ecuador,Americas,Latin America & Caribbean,non-Schengen
2019,EGY,f,49,Egypt,Africa,Middle East & North Africa,non-Schengen
2019,EGY,m,1018,Egypt,Africa,Middle East & North Africa,non-Schengen
2019,ERI,f,0,Eritrea,Africa,Sub-Saharan Africa,non-Schengen
2019,ERI,m,0,Eritrea,Africa,Sub-Saharan Africa,non-Schengen
2019,ESP,f,449,Spain,Europe,Europe & Central Asia,Schengen
2019,ESP,m,2011,Spain,Europe,Europe & Central Asia,Schengen
2019,EST,f,60,Estonia,Europe,Europe & Central Asia,Schengen
2019,EST,m,87,Estonia,Europe,Europe & Central Asia,Schengen
2019,ETH,f,36,Ethiopia,Africa,Sub-Saharan Africa,non-Schengen
2019,ETH,m,110,Ethiopia,Africa,Sub-Saharan Africa,non-Schengen
2019,FIN,f,102,Finland,Europe,Europe & Central Asia,Schengen
2019,FIN,m,263,Finland,Europe,Europe & Central Asia,Schengen
2019,FRA,f,441,France,Europe,Europe & Central Asia,Schengen
2019,FRA,m,2319,France,Europe,Europe & Central Asia,Schengen
2019,GAB,f,4,Gabon,Africa,Sub-Saharan Africa,non-Schengen
2019,GAB,m,0,Gabon,Africa,Sub-Saharan Africa,non-Schengen
2019,GBR,f,373,United Kingdom,Europe,Europe & Central Asia,non-Schengen
2019,GBR,m,2265,United Kingdom,Europe,Europe & Central Asia,non-Schengen
2019,GEO,f,1837,Georgia,Asia,Europe & Central Asia,non-Schengen
2019,GEO,m,8713,Georgia,Asia,Europe & Central Asia,non-Schengen
2019,GHA,f,6,Ghana,Africa,Sub-Saharan Africa,non-Schengen
2019,GHA,m,68,Ghana,Africa,Sub-Saharan Africa,non-Schengen
2019,GIN,f,3,Guinea,Africa,Sub-Saharan Africa,non-Schengen
2019,GIN,m,29,Guinea,Africa,Sub-Saharan Africa,non-Schengen
2019,GMB,f,0,Gambia,Africa,Sub-Saharan Africa,non-Schengen
2019,GMB,m,16,Gambia,Africa,Sub-Saharan Africa,non-Schengen
2019,GRC,f,182,Greece,Europe,Europe & Central Asia,Schengen
2019,GRC,m,659,Greece,Europe,Europe & Central Asia,Schengen
2019,GRD,f,0,Grenada,Americas,Latin America & Caribbean,non-Schengen
2019,GRD,m,0,Grenada,Americas,Latin America & Caribbean,non-Schengen
2019,GTM,f,0,Guatemala,Americas,Latin America & Caribbean,non-Schengen
2019,GTM,m,21,Guatemala,Americas,Latin America & Caribbean,non-Schengen
2019,GUY,f,0,Guyana,Americas,Latin America & Caribbean,non-Schengen
2019,GUY,m,4,Guyana,Americas,Latin America & Caribbean,non-Schengen
2019,HND,f,0,Honduras,Americas,Latin America & Caribbean,non-Schengen
2019,HND,m,6,Honduras,Americas,Latin America & Caribbean,non-Schengen
2019,HRV,f,103,Croatia,Europe,Europe & Central Asia,non-Schengen
2019,HRV,m,323,Croatia,Europe,Europe & Central Asia,non-Schengen
2019,HTI,f,0,Haiti,Americas,Latin America & Caribbean,non-Schengen
2019,HTI,m,3,Haiti,Americas,Latin America & Caribbean,non-Schengen
2019,HUN,f,414,Hungary,Europe,Europe & Central Asia,Schengen
2019,HUN,m,805,Hungary,Europe,Europe & Central Asia,Schengen
2019,IDN,f,239,Indonesia,Asia,East Asia & Pacific,non-Schengen
2019,IDN,m,415,Indonesia,Asia,East Asia & Pacific,non-Schengen
2019,IND,f,1036,India,Asia,South Asia,non-Schengen
2019,IND,m,6142,India,Asia,South Asia,non-Schengen
2019,IOT,f,0,British Indian Ocean Territory,Africa,Sub-Saharan Africa,non-Schengen
2019,IOT,m,0,British Indian Ocean Territory,Africa,Sub-Saharan Africa,non-Schengen
2019,IRL,f,46,Ireland,Europe,Europe & Central Asia,non-Schengen
2019,IRL,m,400,Ireland,Europe,Europe & Central Asia,non-Schengen
2019,IRN,f,88,Iran,Asia,Middle East & North Africa,non-Schengen
2019,IRN,m,268,Iran,Asia,Middle East & North Africa,non-Schengen
2019,IRQ,f,27,Iraq,Asia,Middle East & North Africa,non-Schengen
2019,IRQ,m,330,Iraq,Asia,Middle East & North Africa,non-Schengen
2019,ISL,f,0,Iceland,Europe,Europe & Central Asia,Schengen
2019,ISL,m,6,Iceland,Europe,Europe & Central Asia,Schengen
2019,ISR,f,40,Israel,Asia,Middle East & North Africa,non-Schengen
2019,ISR,m,198,Israel,Asia,Middle East & North Africa,non-Schengen
2019,ITA,f,661,Italy,Europe,Europe & Central Asia,Schengen
2019,ITA,m,4052,Italy,Europe,Europe & Central Asia,Schengen
2019,JAM,f,3,Jamaica,Americas,Latin America & Caribbean,non-Schengen
2019,JAM,m,8,Jamaica,Americas,Latin America & Caribbean,non-Schengen
2019,JOR,f,10,Jordan,Asia,Middle East & North Africa,non-Schengen
2019,JOR,m,195,Jordan,Asia,Middle East & North Africa,non-Schengen
2019,JPN,f,145,Japan,Asia,East Asia & Pacific,non-Schengen
2019,JPN,m,281,Japan,Asia,East Asia & Pacific,non-Schengen
2019,KAZ,f,817,Kazakhstan,Asia,Europe & Central Asia,non-Schengen
2019,KAZ,m,750,Kazakhstan,Asia,Europe & Central Asia,non-Schengen
2019,KEN,f,52,Kenya,Africa,Sub-Saharan Africa,non-Schengen
2019,KEN,m,73,Kenya,Africa,Sub-Saharan Africa,non-Schengen
2019,KGZ,f,152,Kyrgyzstan,Asia,Europe & Central Asia,non-Schengen
2019,KGZ,m,116,Kyrgyzstan,Asia,Europe & Central Asia,non-Schengen
2019,KHM,f,4,Cambodia,Asia,East Asia & Pacific,non-Schengen
2019,KHM,m,11,Cambodia,Asia,East Asia & Pacific,non-Schengen
2019,KOR,f,56,South Korea,Asia,East Asia & Pacific,non-Schengen
2019,KOR,m,164,South Korea,Asia,East Asia & Pacific,non-Schengen
2019,KWT,f,0,Kuwait,Asia,Middle East & North Africa,non-Schengen
2019,KWT,m,0,Kuwait,Asia,Middle East & North Africa,non-Schengen
2019,LAO,f,0,Laos,Asia,East Asia & Pacific,non-Schengen
2019,LAO,m,12,Laos,Asia,East Asia & Pacific,non-Schengen
2019,LBN,f,24,Lebanon,Asia,Middle East & North Africa,non-Schengen
2019,LBN,m,195,Lebanon,Asia,Middle East & North Africa,non-Schengen
2019,LBR,f,0,Liberia,Africa,Sub-Saharan Africa,non-Schengen
2019,LBR,m,0,Liberia,Africa,Sub-Saharan Africa,non-Schengen
2019,LBY,f,0,Libya,Africa,Middle East & North Africa,non-Schengen
2019,LBY,m,99,Libya,Africa,Middle East & North Africa,non-Schengen
2019,LKA,f,16,Sri Lanka,Asia,South Asia,non-Schengen
2019,LKA,m,96,Sri Lanka,Asia,South Asia,non-Schengen
2019,LTU,f,983,Lithuania,Europe,Europe & Central Asia,Schengen
2019,LTU,m,973,Lithuania,Europe,Europe & Central Asia,Schengen
2019,LUX,f,0,Luxembourg,Europe,Europe & Central Asia,Schengen
2019,LUX,m,0,Luxembourg,Europe,Europe & Central Asia,Schengen
2019,LVA,f,248,Latvia,Europe,Europe & Central Asia,Schengen
2019,LVA,m,407,Latvia,Europe,Europe & Central Asia,Schengen
2019,MAR,f,67,Morocco,Africa,Middle East & North Africa,non-Schengen
2019,MAR,m,503,Morocco,Africa,Middle East & North Africa,non-Schengen
2019,MCO,f,0,Monaco,Europe,Europe & Central Asia,non-Schengen
2019,MCO,m,0,Monaco,Europe,Europe & Central Asia,non-Schengen
2019,MDA,f,2781,Moldova,Europe,Europe & Central Asia,non-Schengen
2019,MDA,m,6023,Moldova,Europe,Europe & Central Asia,non-Schengen
2019,MDG,f,0,Madagascar,Africa,Sub-Saharan Africa,non-Schengen
2019,MDG,m,0,Madagascar,Africa,Sub-Saharan Africa,non-Schengen
2019,MEX,f,137,Mexico,Americas,Latin America & Caribbean,non-Schengen
2019,MEX,m,362,Mexico,Americas,Latin America & Caribbean,non-Schengen
2019,MKD,f,31,North Macedonia,Europe,Europe & Central Asia,non-Schengen
2019,MKD,m,163,North Macedonia,Europe,Europe & Central Asia,non-Schengen
2019,MLI,f,3,Mali,Africa,Sub-Saharan Africa,non-Schengen
2019,MLI,m,19,Mali,Africa,Sub-Saharan Africa,non-Schengen
2019,MLT,f,6,Malta,Europe,Middle East & North Africa,Schengen
2019,MLT,m,16,Malta,Europe,Middle East & North Africa,Schengen
2019,MMR,f,4,Myanmar (Burma),Asia,East Asia & Pacific,non-Schengen
2019,MMR,m,0,Myanmar (Burma),Asia,East Asia & Pacific,non-Schengen
2019,MNE,f,9,Montenegro,Europe,Europe & Central Asia,non-Schengen
2019,MNE,m,55,Montenegro,Europe,Europe & Central Asia,non-Schengen
2019,MNG,f,232,Mongolia,Asia,East Asia & Pacific,non-Schengen
2019,MNG,m,218,Mongolia,Asia,East Asia & Pacific,non-Schengen
2019,MOZ,f,0,Mozambique,Africa,Sub-Saharan Africa,non-Schengen
2019,MOZ,m,3,Mozambique,Africa,Sub-Saharan Africa,non-Schengen
2019,MRT,f,0,Mauritania,Africa,Sub-Saharan Africa,non-Schengen
2019,MRT,m,4,Mauritania,Africa,Sub-Saharan Africa,non-Schengen
2019,MUS,f,6,Mauritius,Africa,Sub-Saharan Africa,non-Schengen
2019,MUS,m,21,Mauritius,Africa,Sub-Saharan Africa,non-Schengen
2019,MYS,f,26,Malaysia,Asia,East Asia & Pacific,non-Schengen
2019,MYS,m,35,Malaysia,Asia,East Asia & Pacific,non-Schengen
2019,NAM,f,0,Namibia,Africa,Sub-Saharan Africa,non-Schengen
2019,NAM,m,0,Namibia,Africa,Sub-Saharan Africa,non-Schengen
2019,NER,f,9,Niger,Africa,Sub-Saharan Africa,non-Schengen
2019,NER,m,52,Niger,Africa,Sub-Saharan Africa,non-Schengen
2019,NGA,f,62,Nigeria,Africa,Sub-Saharan Africa,non-Schengen
2019,NGA,m,420,Nigeria,Africa,Sub-Saharan Africa,non-Schengen
2019,NIC,f,3,Nicaragua,Americas,Latin America & Caribbean,non-Schengen
2019,NIC,m,4,Nicaragua,Americas,Latin America & Caribbean,non-Schengen
2019,NLD,f,127,Netherlands,Europe,Europe & Central Asia,Schengen
2019,NLD,m,981,Netherlands,Europe,Europe & Central Asia,Schengen
2019,NOR,f,31,Norway,Europe,Europe & Central Asia,Schengen
2019,NOR,m,112,Norway,Europe,Europe & Central Asia,Schengen
2019,NPL,f,368,Nepal,Asia,South Asia,non-Schengen
2019,NPL,m,2081,Nepal,Asia,South Asia,non-Schengen
2019,NZL,f,10,New Zealand,Oceania,East Asia & Pacific,non-Schengen
2019,NZL,m,37,New Zealand,Oceania,East Asia & Pacific,non-Schengen
2019,PAK,f,109,Pakistan,Asia,South Asia,non-Schengen
2019,PAK,m,653,Pakistan,Asia,South Asia,non-Schengen
2019,PAN,f,3,Panama,Americas,Latin America & Caribbean,non-Schengen
2019,PAN,m,8,Panama,Americas,Latin America & Caribbean,non-Schengen
2019,PER,f,41,Peru,Americas,Latin America & Caribbean,non-Schengen
2019,PER,m,94,Peru,Americas,Latin America & Caribbean,non-Schengen
2019,PHL,f,768,Philippines,Asia,East Asia & Pacific,non-Schengen
2019,PHL,m,1120,Philippines,Asia,East Asia & Pacific,non-Schengen
2019,PNG,f,0,Papua New Guinea,Oceania,East Asia & Pacific,non-Schengen
2019,PNG,m,0,Papua New Guinea,Oceania,East Asia & Pacific,non-Schengen
2019,PRT,f,204,Portugal,Europe,Europe & Central Asia,Schengen
2019,PRT,m,1192,Portugal,Europe,Europe & Central Asia,Schengen
2019,PRY,f,0,Paraguay,Americas,Latin America & Caribbean,non-Schengen
2019,PRY,m,0,Paraguay,Americas,Latin America & Caribbean,non-Schengen
2019,PSE,f,0,Palestinian Territories,Asia,Middle East & North Africa,non-Schengen
2019,PSE,m,133,Palestinian Territories,Asia,Middle East & North Africa,non-Schengen
2019,QAT,f,0,Qatar,Asia,Middle East & North Africa,non-Schengen
2019,QAT,m,0,Qatar,Asia,Middle East & North Africa,non-Schengen
2019,ROU,f,1873,Romania,Europe,Europe & Central Asia,non-Schengen
2019,ROU,m,2850,Romania,Europe,Europe & Central Asia,non-Schengen
2019,RUS,f,4343,Russia,Europe,Europe & Central Asia,non-Schengen
2019,RUS,m,4734,Russia,Europe,Europe & Central Asia,non-Schengen
2019,RWA,f,51,Rwanda,Africa,Sub-Saharan Africa,non-Schengen
2019,RWA,m,76,Rwanda,Africa,Sub-Saharan Africa,non-Schengen
2019,SAU,f,3,Saudi Arabia,Asia,Middle East & North Africa,non-Schengen
2019,SAU,m,8,Saudi Arabia,Asia,Middle East & North Africa,non-Schengen
2019,SRB,f,136,Serbia,Europe,Europe & Central Asia,non-Schengen
2019,SRB,m,970,Serbia,Europe,Europe & Central Asia,non-Schengen
2019,SDN,f,0,Sudan,Africa,Sub-Saharan Africa,non-Schengen
2019,SDN,m,27,Sudan,Africa,Sub-Saharan Africa,non-Schengen
2019,SEN,f,4,Senegal,Africa,Sub-Saharan Africa,non-Schengen
2019,SEN,m,60,Senegal,Africa,Sub-Saharan Africa,non-Schengen
2019,SGP,f,4,Singapore,Asia,East Asia & Pacific,non-Schengen
2019,SGP,m,5,Singapore,Asia,East Asia & Pacific,non-Schengen
2019,SLE,f,0,Sierra Leone,Africa,Sub-Saharan Africa,non-Schengen
2019,SLE,m,3,Sierra Leone,Africa,Sub-Saharan Africa,non-Schengen
2019,SLV,f,3,El Salvador,Americas,Latin America & Caribbean,non-Schengen
2019,SLV,m,8,El Salvador,Americas,Latin America & Caribbean,non-Schengen
2019,SOM,f,0,Somalia,Africa,Sub-Saharan Africa,non-Schengen
2019,SOM,m,13,Somalia,Africa,Sub-Saharan Africa,non-Schengen
2019,STP,f,0,São Tomé & Príncipe,Africa,Sub-Saharan Africa,non-Schengen
2019,STP,m,0,São Tomé & Príncipe,Africa,Sub-Saharan Africa,non-Schengen
2019,SUR,f,7,Suriname,Americas,Latin America & Caribbean,non-Schengen
2019,SUR,m,0,Suriname,Americas,Latin America & Caribbean,non-Schengen
2019,SVK,f,581,Slovakia,Europe,Europe & Central Asia,Schengen
2019,SVK,m,888,Slovakia,Europe,Europe & Central Asia,Schengen
2019,SVN,f,51,Slovenia,Europe,Europe & Central Asia,Schengen
2019,SVN,m,143,Slovenia,Europe,Europe & Central Asia,Schengen
2019,SWE,f,144,Sweden,Europe,Europe & Central Asia,Schengen
2019,SWE,m,453,Sweden,Europe,Europe & Central Asia,Schengen
2019,SYR,f,59,Syria,Asia,Middle East & North Africa,non-Schengen
2019,SYR,m,597,Syria,Asia,Middle East & North Africa,non-Schengen
2019,TCD,f,0,Chad,Africa,Sub-Saharan Africa,non-Schengen
2019,TCD,m,0,Chad,Africa,Sub-Saharan Africa,non-Schengen
2019,TGO,f,0,Togo,Africa,Sub-Saharan Africa,non-Schengen
2019,TGO,m,14,Togo,Africa,Sub-Saharan Africa,non-Schengen
2019,THA,f,382,Thailand,Asia,East Asia & Pacific,non-Schengen
2019,THA,m,219,Thailand,Asia,East Asia & Pacific,non-Schengen
2019,TJK,f,50,Tajikistan,Asia,Europe & Central Asia,non-Schengen
2019,TJK,m,254,Tajikistan,Asia,Europe & Central Asia,non-Schengen
2019,TKM,f,46,Turkmenistan,Asia,Europe & Central Asia,non-Schengen
2019,TKM,m,59,Turkmenistan,Asia,Europe & Central Asia,non-Schengen
2019,TTO,f,0,Trinidad & Tobago,Americas,Latin America & Caribbean,non-Schengen
2019,TTO,m,0,Trinidad & Tobago,Americas,Latin America & Caribbean,non-Schengen
2019,TUN,f,55,Tunisia,Africa,Middle East & North Africa,non-Schengen
2019,TUN,m,699,Tunisia,Africa,Middle East & North Africa,non-Schengen
2019,TUR,f,368,Turkey,Asia,Europe & Central Asia,non-Schengen
2019,TUR,m,3430,Turkey,Asia,Europe & Central Asia,non-Schengen
2019,TWN,f,54,Taiwan,Asia,East Asia & Pacific,non-Schengen
2019,TWN,m,30,Taiwan,Asia,East Asia & Pacific,non-Schengen
2019,TZA,f,3,Tanzania,Africa,Sub-Saharan Africa,non-Schengen
2019,TZA,m,34,Tanzania,Africa,Sub-Saharan Africa,non-Schengen
2019,UGA,f,19,Uganda,Africa,Sub-Saharan Africa,non-Schengen
2019,UGA,m,19,Uganda,Africa,Sub-Saharan Africa,non-Schengen
2019,UKR,f,171232,Ukraine,Europe,Europe & Central Asia,non-Schengen
2019,UKR,m,304656,Ukraine,Europe,Europe & Central Asia,non-Schengen
2019,URY,f,8,Uruguay,Americas,Latin America & Caribbean,non-Schengen
2019,URY,m,16,Uruguay,Americas,Latin America & Caribbean,non-Schengen
2019,USA,f,385,United States,Americas,North America,non-Schengen
2019,USA,m,1062,United States,Americas,North America,non-Schengen
2019,UZB,f,196,Uzbekistan,Asia,Europe & Central Asia,non-Schengen
2019,UZB,m,1246,Uzbekistan,Asia,Europe & Central Asia,non-Schengen
2019,VAT,f,0,Vatican City,Europe,Europe & Central Asia,non-Schengen
2019,VAT,m,3,Vatican City,Europe,Europe & Central Asia,non-Schengen
2019,VEN,f,48,Venezuela,Americas,Latin America & Caribbean,non-Schengen
2019,VEN,m,146,Venezuela,Americas,Latin America & Caribbean,non-Schengen
2019,VGB,f,0,British Virgin Islands,Americas,Latin America & Caribbean,non-Schengen
2019,VGB,m,0,British Virgin Islands,Americas,Latin America & Caribbean,non-Schengen
2019,VNM,f,2936,Vietnam,Asia,East Asia & Pacific,non-Schengen
2019,VNM,m,5463,Vietnam,Asia,East Asia & Pacific,non-Schengen
2019,XXX,f,3159,unknown,other/unknown,other/unknown,non-Schengen
2019,XXX,m,3153,unknown,other/unknown,other/unknown,non-Schengen
2019,YEM,f,0,Yemen,Asia,Middle East & North Africa,non-Schengen
2019,YEM,m,115,Yemen,Asia,Middle East & North Africa,non-Schengen
2019,ZAF,f,67,South Africa,Africa,Sub-Saharan Africa,non-Schengen
2019,ZAF,m,131,South Africa,Africa,Sub-Saharan Africa,non-Schengen
2019,ZMB,f,10,Zambia,Africa,Sub-Saharan Africa,non-Schengen
2019,ZMB,m,9,Zambia,Africa,Sub-Saharan Africa,non-Schengen
2019,ZWE,f,180,Zimbabwe,Africa,Sub-Saharan Africa,non-Schengen
2019,ZWE,m,180,Zimbabwe,Africa,Sub-Saharan Africa,non-Schengen
2020,ABW,f,0,Aruba,Americas,Latin America & Caribbean,non-Schengen
2020,ABW,m,0,Aruba,Americas,Latin America & Caribbean,non-Schengen
2020,AFG,f,308,Afghanistan,Asia,South Asia,non-Schengen
2020,AFG,m,370,Afghanistan,Asia,South Asia,non-Schengen
2020,AGO,f,18,Angola,Africa,Sub-Saharan Africa,non-Schengen
2020,AGO,m,71,Angola,Africa,Sub-Saharan Africa,non-Schengen
2020,ALB,f,71,Albania,Europe,Europe & Central Asia,non-Schengen
2020,ALB,m,338,Albania,Europe,Europe & Central Asia,non-Schengen
2020,AND,f,0,Andorra,Europe,Europe & Central Asia,non-Schengen
2020,AND,m,3,Andorra,Europe,Europe & Central Asia,non-Schengen
2020,ARE,f,0,United Arab Emirates,Asia,Middle East & North Africa,non-Schengen
2020,ARE,m,0,United Arab Emirates,Asia,Middle East & North Africa,non-Schengen
2020,ARG,f,59,Argentina,Americas,Latin America & Caribbean,non-Schengen
2020,ARG,m,171,Argentina,Americas,Latin America & Caribbean,non-Schengen
2020,ARM,f,1104,Armenia,Asia,Europe & Central Asia,non-Schengen
2020,ARM,m,1672,Armenia,Asia,Europe & Central Asia,non-Schengen
2020,ASM,f,0,American Samoa,Oceania,East Asia & Pacific,non-Schengen
2020,ASM,m,0,American Samoa,Oceania,East Asia & Pacific,non-Schengen
2020,ATF,f,0,French Southern Territories,Africa,Sub-Saharan Africa,non-Schengen
2020,ATF,m,5,French Southern Territories,Africa,Sub-Saharan Africa,non-Schengen
2020,AUS,f,34,Australia,Oceania,East Asia & Pacific,non-Schengen
2020,AUS,m,137,Australia,Oceania,East Asia & Pacific,non-Schengen
2020,AUT,f,135,Austria,Europe,Europe & Central Asia,Schengen
2020,AUT,m,317,Austria,Europe,Europe & Central Asia,Schengen
2020,AZE,f,260,Azerbaijan,Asia,Europe & Central Asia,non-Schengen
2020,AZE,m,1157,Azerbaijan,Asia,Europe & Central Asia,non-Schengen
2020,BDI,f,0,Burundi,Africa,Sub-Saharan Africa,non-Schengen
2020,BDI,m,0,Burundi,Africa,Sub-Saharan Africa,non-Schengen
2020,BEL,f,93,Belgium,Europe,Europe & Central Asia,Schengen
2020,BEL,m,500,Belgium,Europe,Europe & Central Asia,Schengen
2020,BEN,f,0,Benin,Africa,Sub-Saharan Africa,non-Schengen
2020,BEN,m,0,Benin,Africa,Sub-Saharan Africa,non-Schengen
2020,BFA,f,0,Burkina Faso,Africa,Sub-Saharan Africa,non-Schengen
2020,BFA,m,3,Burkina Faso,Africa,Sub-Saharan Africa,non-Schengen
2020,BGD,f,57,Bangladesh,Asia,South Asia,non-Schengen
2020,BGD,m,1761,Bangladesh,Asia,South Asia,non-Schengen
2020,BGR,f,1072,Bulgaria,Europe,Europe & Central Asia,non-Schengen
2020,BGR,m,1721,Bulgaria,Europe,Europe & Central Asia,non-Schengen
2020,BIH,f,23,Bosnia & Herzegovina,Europe,Europe & Central Asia,non-Schengen
2020,BIH,m,128,Bosnia & Herzegovina,Europe,Europe & Central Asia,non-Schengen
2020,BLR,f,13184,Belarus,Europe,Europe & Central Asia,non-Schengen
2020,BLR,m,37308,Belarus,Europe,Europe & Central Asia,non-Schengen
2020,BOL,f,6,Bolivia,Americas,Latin America & Caribbean,non-Schengen
2020,BOL,m,36,Bolivia,Americas,Latin America & Caribbean,non-Schengen
2020,BRA,f,291,Brazil,Americas,Latin America & Caribbean,non-Schengen
2020,BRA,m,890,Brazil,Americas,Latin America & Caribbean,non-Schengen
2020,BRB,f,3,Barbados,Americas,Latin America & Caribbean,non-Schengen
2020,BRB,m,0,Barbados,Americas,Latin America & Caribbean,non-Schengen
2020,BWA,f,0,Botswana,Africa,Sub-Saharan Africa,non-Schengen
2020,BWA,m,0,Botswana,Africa,Sub-Saharan Africa,non-Schengen
2020,CAF,f,0,Central African Republic,Africa,Sub-Saharan Africa,non-Schengen
2020,CAF,m,0,Central African Republic,Africa,Sub-Saharan Africa,non-Schengen
2020,CAN,f,65,Canada,Americas,North America,non-Schengen
2020,CAN,m,223,Canada,Americas,North America,non-Schengen
2020,CHE,f,16,Switzerland,Europe,Europe & Central Asia,Schengen
2020,CHE,m,101,Switzerland,Europe,Europe & Central Asia,Schengen
2020,CHL,f,14,Chile,Americas,Latin America & Caribbean,non-Schengen
2020,CHL,m,94,Chile,Americas,Latin America & Caribbean,non-Schengen
2020,CHN,f,1682,China,Asia,East Asia & Pacific,non-Schengen
2020,CHN,m,2433,China,Asia,East Asia & Pacific,non-Schengen
2020,CIV,f,6,Côte d’Ivoire,Africa,Sub-Saharan Africa,non-Schengen
2020,CIV,m,26,Côte d’Ivoire,Africa,Sub-Saharan Africa,non-Schengen
2020,CMR,f,44,Cameroon,Africa,Sub-Saharan Africa,non-Schengen
2020,CMR,m,171,Cameroon,Africa,Sub-Saharan Africa,non-Schengen
2020,COG,f,34,Congo - Brazzaville,Africa,Sub-Saharan Africa,non-Schengen
2020,COG,m,148,Congo - Brazzaville,Africa,Sub-Saharan Africa,non-Schengen
2020,COL,f,113,Colombia,Americas,Latin America & Caribbean,non-Schengen
2020,COL,m,264,Colombia,Americas,Latin America & Caribbean,non-Schengen
2020,CPV,f,0,Cape Verde,Africa,Sub-Saharan Africa,non-Schengen
2020,CPV,m,0,Cape Verde,Africa,Sub-Saharan Africa,non-Schengen
2020,CRI,f,28,Costa Rica,Americas,Latin America & Caribbean,non-Schengen
2020,CRI,m,67,Costa Rica,Americas,Latin America & Caribbean,non-Schengen
2020,CUB,f,42,Cuba,Americas,Latin America & Caribbean,non-Schengen
2020,CUB,m,163,Cuba,Americas,Latin America & Caribbean,non-Schengen
2020,CYP,f,3,Cyprus,Asia,Europe & Central Asia,non-Schengen
2020,CYP,m,42,Cyprus,Asia,Europe & Central Asia,non-Schengen
2020,CZE,f,565,Czechia,Europe,Europe & Central Asia,Schengen
2020,CZE,m,1001,Czechia,Europe,Europe & Central Asia,Schengen
2020,DEU,f,804,Germany,Europe,Europe & Central Asia,Schengen
2020,DEU,m,2808,Germany,Europe,Europe & Central Asia,Schengen
2020,DNK,f,42,Denmark,Europe,Europe & Central Asia,Schengen
2020,DNK,m,380,Denmark,Europe,Europe & Central Asia,Schengen
2020,DOM,f,8,Dominican Republic,Americas,Latin America & Caribbean,non-Schengen
2020,DOM,m,23,Dominican Republic,Americas,Latin America & Caribbean,non-Schengen
2020,DZA,f,38,Algeria,Africa,Middle East & North Africa,non-Schengen
2020,DZA,m,601,Algeria,Africa,Middle East & North Africa,non-Schengen
2020,ECU,f,14,Ecuador,Americas,Latin America & Caribbean,non-Schengen
2020,ECU,m,38,Ecuador,Americas,Latin America & Caribbean,non-Schengen
2020,EGY,f,49,Egypt,Africa,Middle East & North Africa,non-Schengen
2020,EGY,m,1123,Egypt,Africa,Middle East & North Africa,non-Schengen
2020,ERI,f,0,Eritrea,Africa,Sub-Saharan Africa,non-Schengen
2020,ERI,m,0,Eritrea,Africa,Sub-Saharan Africa,non-Schengen
2020,ESP,f,447,Spain,Europe,Europe & Central Asia,Schengen
2020,ESP,m,2164,Spain,Europe,Europe & Central Asia,Schengen
2020,EST,f,63,Estonia,Europe,Europe & Central Asia,Schengen
2020,EST,m,87,Estonia,Europe,Europe & Central Asia,Schengen
2020,ETH,f,53,Ethiopia,Africa,Sub-Saharan Africa,non-Schengen
2020,ETH,m,142,Ethiopia,Africa,Sub-Saharan Africa,non-Schengen
2020,FIN,f,110,Finland,Europe,Europe & Central Asia,Schengen
2020,FIN,m,256,Finland,Europe,Europe & Central Asia,Schengen
2020,FRA,f,441,France,Europe,Europe & Central Asia,Schengen
2020,FRA,m,2382,France,Europe,Europe & Central Asia,Schengen
2020,GAB,f,4,Gabon,Africa,Sub-Saharan Africa,non-Schengen
2020,GAB,m,3,Gabon,Africa,Sub-Saharan Africa,non-Schengen
2020,GBR,f,404,United Kingdom,Europe,Europe & Central Asia,non-Schengen
2020,GBR,m,2393,United Kingdom,Europe,Europe & Central Asia,non-Schengen
2020,GEO,f,2415,Georgia,Asia,Europe & Central Asia,non-Schengen
2020,GEO,m,10474,Georgia,Asia,Europe & Central Asia,non-Schengen
2020,GHA,f,18,Ghana,Africa,Sub-Saharan Africa,non-Schengen
2020,GHA,m,71,Ghana,Africa,Sub-Saharan Africa,non-Schengen
2020,GIN,f,3,Guinea,Africa,Sub-Saharan Africa,non-Schengen
2020,GIN,m,32,Guinea,Africa,Sub-Saharan Africa,non-Schengen
2020,GMB,f,0,Gambia,Africa,Sub-Saharan Africa,non-Schengen
2020,GMB,m,25,Gambia,Africa,Sub-Saharan Africa,non-Schengen
2020,GRC,f,182,Greece,Europe,Europe & Central Asia,Schengen
2020,GRC,m,700,Greece,Europe,Europe & Central Asia,Schengen
2020,GRD,f,0,Grenada,Americas,Latin America & Caribbean,non-Schengen
2020,GRD,m,0,Grenada,Americas,Latin America & Caribbean,non-Schengen
2020,GTM,f,3,Guatemala,Americas,Latin America & Caribbean,non-Schengen
2020,GTM,m,30,Guatemala,Americas,Latin America & Caribbean,non-Schengen
2020,GUY,f,0,Guyana,Americas,Latin America & Caribbean,non-Schengen
2020,GUY,m,7,Guyana,Americas,Latin America & Caribbean,non-Schengen
2020,HND,f,0,Honduras,Americas,Latin America & Caribbean,non-Schengen
2020,HND,m,6,Honduras,Americas,Latin America & Caribbean,non-Schengen
2020,HRV,f,107,Croatia,Europe,Europe & Central Asia,non-Schengen
2020,HRV,m,351,Croatia,Europe,Europe & Central Asia,non-Schengen
2020,HTI,f,0,Haiti,Americas,Latin America & Caribbean,non-Schengen
2020,HTI,m,0,Haiti,Americas,Latin America & Caribbean,non-Schengen
2020,HUN,f,417,Hungary,Europe,Europe & Central Asia,Schengen
2020,HUN,m,802,Hungary,Europe,Europe & Central Asia,Schengen
2020,IDN,f,355,Indonesia,Asia,East Asia & Pacific,non-Schengen
2020,IDN,m,1275,Indonesia,Asia,East Asia & Pacific,non-Schengen
2020,IND,f,1160,India,Asia,South Asia,non-Schengen
2020,IND,m,7103,India,Asia,South Asia,non-Schengen
2020,IOT,f,0,British Indian Ocean Territory,Africa,Sub-Saharan Africa,non-Schengen
2020,IOT,m,0,British Indian Ocean Territory,Africa,Sub-Saharan Africa,non-Schengen
2020,IRL,f,59,Ireland,Europe,Europe & Central Asia,non-Schengen
2020,IRL,m,420,Ireland,Europe,Europe & Central Asia,non-Schengen
2020,IRN,f,119,Iran,Asia,Middle East & North Africa,non-Schengen
2020,IRN,m,318,Iran,Asia,Middle East & North Africa,non-Schengen
2020,IRQ,f,31,Iraq,Asia,Middle East & North Africa,non-Schengen
2020,IRQ,m,332,Iraq,Asia,Middle East & North Africa,non-Schengen
2020,ISL,f,0,Iceland,Europe,Europe & Central Asia,Schengen
2020,ISL,m,5,Iceland,Europe,Europe & Central Asia,Schengen
2020,ISR,f,51,Israel,Asia,Middle East & North Africa,non-Schengen
2020,ISR,m,299,Israel,Asia,Middle East & North Africa,non-Schengen
2020,ITA,f,674,Italy,Europe,Europe & Central Asia,Schengen
2020,ITA,m,4163,Italy,Europe,Europe & Central Asia,Schengen
2020,JAM,f,3,Jamaica,Americas,Latin America & Caribbean,non-Schengen
2020,JAM,m,9,Jamaica,Americas,Latin America & Caribbean,non-Schengen
2020,JOR,f,15,Jordan,Asia,Middle East & North Africa,non-Schengen
2020,JOR,m,210,Jordan,Asia,Middle East & North Africa,non-Schengen
2020,JPN,f,153,Japan,Asia,East Asia & Pacific,non-Schengen
2020,JPN,m,279,Japan,Asia,East Asia & Pacific,non-Schengen
2020,KAZ,f,893,Kazakhstan,Asia,Europe & Central Asia,non-Schengen
2020,KAZ,m,872,Kazakhstan,Asia,Europe & Central Asia,non-Schengen
2020,KEN,f,75,Kenya,Africa,Sub-Saharan Africa,non-Schengen
2020,KEN,m,111,Kenya,Africa,Sub-Saharan Africa,non-Schengen
2020,KGZ,f,169,Kyrgyzstan,Asia,Europe & Central Asia,non-Schengen
2020,KGZ,m,134,Kyrgyzstan,Asia,Europe & Central Asia,non-Schengen
2020,KHM,f,3,Cambodia,Asia,East Asia & Pacific,non-Schengen
2020,KHM,m,8,Cambodia,Asia,East Asia & Pacific,non-Schengen
2020,KOR,f,51,South Korea,Asia,East Asia & Pacific,non-Schengen
2020,KOR,m,134,South Korea,Asia,East Asia & Pacific,non-Schengen
2020,KWT,f,0,Kuwait,Asia,Middle East & North Africa,non-Schengen
2020,KWT,m,3,Kuwait,Asia,Middle East & North Africa,non-Schengen
2020,LAO,f,0,Laos,Asia,East Asia & Pacific,non-Schengen
2020,LAO,m,12,Laos,Asia,East Asia & Pacific,non-Schengen
2020,LBN,f,15,Lebanon,Asia,Middle East & North Africa,non-Schengen
2020,LBN,m,204,Lebanon,Asia,Middle East & North Africa,non-Schengen
2020,LBR,f,0,Liberia,Africa,Sub-Saharan Africa,non-Schengen
2020,LBR,m,0,Liberia,Africa,Sub-Saharan Africa,non-Schengen
2020,LBY,f,0,Libya,Africa,Middle East & North Africa,non-Schengen
2020,LBY,m,95,Libya,Africa,Middle East & North Africa,non-Schengen
2020,LKA,f,17,Sri Lanka,Asia,South Asia,non-Schengen
2020,LKA,m,115,Sri Lanka,Asia,South Asia,non-Schengen
2020,LTU,f,984,Lithuania,Europe,Europe & Central Asia,Schengen
2020,LTU,m,1046,Lithuania,Europe,Europe & Central Asia,Schengen
2020,LUX,f,0,Luxembourg,Europe,Europe & Central Asia,Schengen
2020,LUX,m,4,Luxembourg,Europe,Europe & Central Asia,Schengen
2020,LVA,f,259,Latvia,Europe,Europe & Central Asia,Schengen
2020,LVA,m,424,Latvia,Europe,Europe & Central Asia,Schengen
2020,MAR,f,77,Morocco,Africa,Middle East & North Africa,non-Schengen
2020,MAR,m,535,Morocco,Africa,Middle East & North Africa,non-Schengen
2020,MDA,f,3318,Moldova,Europe,Europe & Central Asia,non-Schengen
2020,MDA,m,7337,Moldova,Europe,Europe & Central Asia,non-Schengen
2020,MDG,f,6,Madagascar,Africa,Sub-Saharan Africa,non-Schengen
2020,MDG,m,3,Madagascar,Africa,Sub-Saharan Africa,non-Schengen
2020,MEX,f,183,Mexico,Americas,Latin America & Caribbean,non-Schengen
2020,MEX,m,476,Mexico,Americas,Latin America & Caribbean,non-Schengen
2020,MKD,f,32,North Macedonia,Europe,Europe & Central Asia,non-Schengen
2020,MKD,m,165,North Macedonia,Europe,Europe & Central Asia,non-Schengen
2020,MLI,f,0,Mali,Africa,Sub-Saharan Africa,non-Schengen
2020,MLI,m,20,Mali,Africa,Sub-Saharan Africa,non-Schengen
2020,MLT,f,0,Malta,Europe,Middle East & North Africa,Schengen
2020,MLT,m,20,Malta,Europe,Middle East & North Africa,Schengen
2020,MMR,f,0,Myanmar (Burma),Asia,East Asia & Pacific,non-Schengen
2020,MMR,m,3,Myanmar (Burma),Asia,East Asia & Pacific,non-Schengen
2020,MNE,f,13,Montenegro,Europe,Europe & Central Asia,non-Schengen
2020,MNE,m,56,Montenegro,Europe,Europe & Central Asia,non-Schengen
2020,MNG,f,232,Mongolia,Asia,East Asia & Pacific,non-Schengen
2020,MNG,m,182,Mongolia,Asia,East Asia & Pacific,non-Schengen
2020,MOZ,f,4,Mozambique,Africa,Sub-Saharan Africa,non-Schengen
2020,MOZ,m,6,Mozambique,Africa,Sub-Saharan Africa,non-Schengen
2020,MRT,f,0,Mauritania,Africa,Sub-Saharan Africa,non-Schengen
2020,MRT,m,3,Mauritania,Africa,Sub-Saharan Africa,non-Schengen
2020,MUS,f,0,Mauritius,Africa,Sub-Saharan Africa,non-Schengen
2020,MUS,m,17,Mauritius,Africa,Sub-Saharan Africa,non-Schengen
2020,MYS,f,24,Malaysia,Asia,East Asia & Pacific,non-Schengen
2020,MYS,m,32,Malaysia,Asia,East Asia & Pacific,non-Schengen
2020,NAM,f,0,Namibia,Africa,Sub-Saharan Africa,non-Schengen
2020,NAM,m,0,Namibia,Africa,Sub-Saharan Africa,non-Schengen
2020,NER,f,9,Niger,Africa,Sub-Saharan Africa,non-Schengen
2020,NER,m,60,Niger,Africa,Sub-Saharan Africa,non-Schengen
2020,NGA,f,77,Nigeria,Africa,Sub-Saharan Africa,non-Schengen
2020,NGA,m,500,Nigeria,Africa,Sub-Saharan Africa,non-Schengen
2020,NIC,f,5,Nicaragua,Americas,Latin America & Caribbean,non-Schengen
2020,NIC,m,6,Nicaragua,Americas,Latin America & Caribbean,non-Schengen
2020,NLD,f,137,Netherlands,Europe,Europe & Central Asia,Schengen
2020,NLD,m,1001,Netherlands,Europe,Europe & Central Asia,Schengen
2020,NOR,f,24,Norway,Europe,Europe & Central Asia,Schengen
2020,NOR,m,115,Norway,Europe,Europe & Central Asia,Schengen
2020,NPL,f,364,Nepal,Asia,South Asia,non-Schengen
2020,NPL,m,1971,Nepal,Asia,South Asia,non-Schengen
2020,NZL,f,10,New Zealand,Oceania,East Asia & Pacific,non-Schengen
2020,NZL,m,35,New Zealand,Oceania,East Asia & Pacific,non-Schengen
2020,PAK,f,131,Pakistan,Asia,South Asia,non-Schengen
2020,PAK,m,687,Pakistan,Asia,South Asia,non-Schengen
2020,PAN,f,3,Panama,Americas,Latin America & Caribbean,non-Schengen
2020,PAN,m,4,Panama,Americas,Latin America & Caribbean,non-Schengen
2020,PER,f,62,Peru,Americas,Latin America & Caribbean,non-Schengen
2020,PER,m,142,Peru,Americas,Latin America & Caribbean,non-Schengen
2020,PHL,f,1111,Philippines,Asia,East Asia & Pacific,non-Schengen
2020,PHL,m,1694,Philippines,Asia,East Asia & Pacific,non-Schengen
2020,PNG,f,0,Papua New Guinea,Oceania,East Asia & Pacific,non-Schengen
2020,PNG,m,0,Papua New Guinea,Oceania,East Asia & Pacific,non-Schengen
2020,PRT,f,207,Portugal,Europe,Europe & Central Asia,Schengen
2020,PRT,m,1238,Portugal,Europe,Europe & Central Asia,Schengen
2020,PRY,f,3,Paraguay,Americas,Latin America & Caribbean,non-Schengen
2020,PRY,m,4,Paraguay,Americas,Latin America & Caribbean,non-Schengen
2020,PSE,f,0,Palestinian Territories,Asia,Middle East & North Africa,non-Schengen
2020,PSE,m,137,Palestinian Territories,Asia,Middle East & North Africa,non-Schengen
2020,QAT,f,0,Qatar,Asia,Middle East & North Africa,non-Schengen
2020,QAT,m,0,Qatar,Asia,Middle East & North Africa,non-Schengen
2020,ROU,f,1853,Romania,Europe,Europe & Central Asia,non-Schengen
2020,ROU,m,2914,Romania,Europe,Europe & Central Asia,non-Schengen
2020,RUS,f,4738,Russia,Europe,Europe & Central Asia,non-Schengen
2020,RUS,m,5564,Russia,Europe,Europe & Central Asia,non-Schengen
2020,RWA,f,78,Rwanda,Africa,Sub-Saharan Africa,non-Schengen
2020,RWA,m,107,Rwanda,Africa,Sub-Saharan Africa,non-Schengen
2020,SAU,f,6,Saudi Arabia,Asia,Middle East & North Africa,non-Schengen
2020,SAU,m,11,Saudi Arabia,Asia,Middle East & North Africa,non-Schengen
2020,SRB,f,146,Serbia,Europe,Europe & Central Asia,non-Schengen
2020,SRB,m,943,Serbia,Europe,Europe & Central Asia,non-Schengen
2020,SDN,f,3,Sudan,Africa,Sub-Saharan Africa,non-Schengen
2020,SDN,m,33,Sudan,Africa,Sub-Saharan Africa,non-Schengen
2020,SEN,f,4,Senegal,Africa,Sub-Saharan Africa,non-Schengen
2020,SEN,m,55,Senegal,Africa,Sub-Saharan Africa,non-Schengen
2020,SGP,f,11,Singapore,Asia,East Asia & Pacific,non-Schengen
2020,SGP,m,8,Singapore,Asia,East Asia & Pacific,non-Schengen
2020,SLE,f,0,Sierra Leone,Africa,Sub-Saharan Africa,non-Schengen
2020,SLE,m,3,Sierra Leone,Africa,Sub-Saharan Africa,non-Schengen
2020,SLV,f,4,El Salvador,Americas,Latin America & Caribbean,non-Schengen
2020,SLV,m,3,El Salvador,Americas,Latin America & Caribbean,non-Schengen
2020,SOM,f,0,Somalia,Africa,Sub-Saharan Africa,non-Schengen
2020,SOM,m,12,Somalia,Africa,Sub-Saharan Africa,non-Schengen
2020,STP,f,0,São Tomé & Príncipe,Africa,Sub-Saharan Africa,non-Schengen
2020,STP,m,0,São Tomé & Príncipe,Africa,Sub-Saharan Africa,non-Schengen
2020,SUR,f,4,Suriname,Americas,Latin America & Caribbean,non-Schengen
2020,SUR,m,4,Suriname,Americas,Latin America & Caribbean,non-Schengen
2020,SVK,f,621,Slovakia,Europe,Europe & Central Asia,Schengen
2020,SVK,m,948,Slovakia,Europe,Europe & Central Asia,Schengen
2020,SVN,f,43,Slovenia,Europe,Europe & Central Asia,Schengen
2020,SVN,m,146,Slovenia,Europe,Europe & Central Asia,Schengen
2020,SWE,f,158,Sweden,Europe,Europe & Central Asia,Schengen
2020,SWE,m,484,Sweden,Europe,Europe & Central Asia,Schengen
2020,SYR,f,61,Syria,Asia,Middle East & North Africa,non-Schengen
2020,SYR,m,610,Syria,Asia,Middle East & North Africa,non-Schengen
2020,TCD,f,0,Chad,Africa,Sub-Saharan Africa,non-Schengen
2020,TCD,m,0,Chad,Africa,Sub-Saharan Africa,non-Schengen
2020,TGO,f,0,Togo,Africa,Sub-Saharan Africa,non-Schengen
2020,TGO,m,14,Togo,Africa,Sub-Saharan Africa,non-Schengen
2020,THA,f,368,Thailand,Asia,East Asia & Pacific,non-Schengen
2020,THA,m,196,Thailand,Asia,East Asia & Pacific,non-Schengen
2020,TJK,f,47,Tajikistan,Asia,Europe & Central Asia,non-Schengen
2020,TJK,m,324,Tajikistan,Asia,Europe & Central Asia,non-Schengen
2020,TKM,f,48,Turkmenistan,Asia,Europe & Central Asia,non-Schengen
2020,TKM,m,123,Turkmenistan,Asia,Europe & Central Asia,non-Schengen
2020,TTO,f,0,Trinidad & Tobago,Americas,Latin America & Caribbean,non-Schengen
2020,TTO,m,0,Trinidad & Tobago,Americas,Latin America & Caribbean,non-Schengen
2020,TUN,f,69,Tunisia,Africa,Middle East & North Africa,non-Schengen
2020,TUN,m,745,Tunisia,Africa,Middle East & North Africa,non-Schengen
2020,TUR,f,428,Turkey,Asia,Europe & Central Asia,non-Schengen
2020,TUR,m,3695,Turkey,Asia,Europe & Central Asia,non-Schengen
2020,TWN,f,56,Taiwan,Asia,East Asia & Pacific,non-Schengen
2020,TWN,m,36,Taiwan,Asia,East Asia & Pacific,non-Schengen
2020,TZA,f,12,Tanzania,Africa,Sub-Saharan Africa,non-Schengen
2020,TZA,m,37,Tanzania,Africa,Sub-Saharan Africa,non-Schengen
2020,UGA,f,26,Uganda,Africa,Sub-Saharan Africa,non-Schengen
2020,UGA,m,32,Uganda,Africa,Sub-Saharan Africa,non-Schengen
2020,UKR,f,194375,Ukraine,Europe,Europe & Central Asia,non-Schengen
2020,UKR,m,334937,Ukraine,Europe,Europe & Central Asia,non-Schengen
2020,URY,f,17,Uruguay,Americas,Latin America & Caribbean,non-Schengen
2020,URY,m,30,Uruguay,Americas,Latin America & Caribbean,non-Schengen
2020,USA,f,382,United States,Americas,North America,non-Schengen
2020,USA,m,1084,United States,Americas,North America,non-Schengen
2020,UZB,f,241,Uzbekistan,Asia,Europe & Central Asia,non-Schengen
2020,UZB,m,1454,Uzbekistan,Asia,Europe & Central Asia,non-Schengen
2020,VAT,f,0,Vatican City,Europe,Europe & Central Asia,non-Schengen
2020,VAT,m,0,Vatican City,Europe,Europe & Central Asia,non-Schengen
2020,VEN,f,62,Venezuela,Americas,Latin America & Caribbean,non-Schengen
2020,VEN,m,161,Venezuela,Americas,Latin America & Caribbean,non-Schengen
2020,VGB,f,0,British Virgin Islands,Americas,Latin America & Caribbean,non-Schengen
2020,VGB,m,0,British Virgin Islands,Americas,Latin America & Caribbean,non-Schengen
2020,VNM,f,2937,Vietnam,Asia,East Asia & Pacific,non-Schengen
2020,VNM,m,5535,Vietnam,Asia,East Asia & Pacific,non-Schengen
2020,XXX,f,3119,unknown,other/unknown,other/unknown,non-Schengen
2020,XXX,m,3223,unknown,other/unknown,other/unknown,non-Schengen
2020,YEM,f,0,Yemen,Asia,Middle East & North Africa,non-Schengen
2020,YEM,m,121,Yemen,Asia,Middle East & North Africa,non-Schengen
2020,ZAF,f,84,South Africa,Africa,Sub-Saharan Africa,non-Schengen
2020,ZAF,m,151,South Africa,Africa,Sub-Saharan Africa,non-Schengen
2020,ZMB,f,15,Zambia,Africa,Sub-Saharan Africa,non-Schengen
2020,ZMB,m,8,Zambia,Africa,Sub-Saharan Africa,non-Schengen
2020,ZWE,f,204,Zimbabwe,Africa,Sub-Saharan Africa,non-Schengen
2020,ZWE,m,213,Zimbabwe,Africa,Sub-Saharan Africa,non-Schengen
2021,ABW,f,0,Aruba,Americas,Latin America & Caribbean,non-Schengen
2021,ABW,m,0,Aruba,Americas,Latin America & Caribbean,non-Schengen
2021,AFG,f,331,Afghanistan,Asia,South Asia,non-Schengen
2021,AFG,m,434,Afghanistan,Asia,South Asia,non-Schengen
2021,AGO,f,31,Angola,Africa,Sub-Saharan Africa,non-Schengen
2021,AGO,m,97,Angola,Africa,Sub-Saharan Africa,non-Schengen
2021,ALB,f,93,Albania,Europe,Europe & Central Asia,non-Schengen
2021,ALB,m,362,Albania,Europe,Europe & Central Asia,non-Schengen
2021,AND,f,3,Andorra,Europe,Europe & Central Asia,non-Schengen
2021,AND,m,3,Andorra,Europe,Europe & Central Asia,non-Schengen
2021,ARE,f,0,United Arab Emirates,Asia,Middle East & North Africa,non-Schengen
2021,ARE,m,0,United Arab Emirates,Asia,Middle East & North Africa,non-Schengen
2021,ARG,f,88,Argentina,Americas,Latin America & Caribbean,non-Schengen
2021,ARG,m,295,Argentina,Americas,Latin America & Caribbean,non-Schengen
2021,ARM,f,1187,Armenia,Asia,Europe & Central Asia,non-Schengen
2021,ARM,m,2021,Armenia,Asia,Europe & Central Asia,non-Schengen
2021,ASM,f,0,American Samoa,Oceania,East Asia & Pacific,non-Schengen
2021,ASM,m,0,American Samoa,Oceania,East Asia & Pacific,non-Schengen
2021,ATF,f,0,French Southern Territories,Africa,Sub-Saharan Africa,non-Schengen
2021,ATF,m,10,French Southern Territories,Africa,Sub-Saharan Africa,non-Schengen
2021,AUS,f,36,Australia,Oceania,East Asia & Pacific,non-Schengen
2021,AUS,m,159,Australia,Oceania,East Asia & Pacific,non-Schengen
2021,AUT,f,130,Austria,Europe,Europe & Central Asia,Schengen
2021,AUT,m,336,Austria,Europe,Europe & Central Asia,Schengen
2021,AZE,f,373,Azerbaijan,Asia,Europe & Central Asia,non-Schengen
2021,AZE,m,1780,Azerbaijan,Asia,Europe & Central Asia,non-Schengen
2021,BDI,f,0,Burundi,Africa,Sub-Saharan Africa,non-Schengen
2021,BDI,m,3,Burundi,Africa,Sub-Saharan Africa,non-Schengen
2021,BEL,f,109,Belgium,Europe,Europe & Central Asia,Schengen
2021,BEL,m,519,Belgium,Europe,Europe & Central Asia,Schengen
2021,BEN,f,0,Benin,Africa,Sub-Saharan Africa,non-Schengen
2021,BEN,m,6,Benin,Africa,Sub-Saharan Africa,non-Schengen
2021,BFA,f,0,Burkina Faso,Africa,Sub-Saharan Africa,non-Schengen
2021,BFA,m,4,Burkina Faso,Africa,Sub-Saharan Africa,non-Schengen
2021,BGD,f,76,Bangladesh,Asia,South Asia,non-Schengen
2021,BGD,m,2212,Bangladesh,Asia,South Asia,non-Schengen
2021,BGR,f,1102,Bulgaria,Europe,Europe & Central Asia,non-Schengen
2021,BGR,m,1815,Bulgaria,Europe,Europe & Central Asia,non-Schengen
2021,BIH,f,25,Bosnia & Herzegovina,Europe,Europe & Central Asia,non-Schengen
2021,BIH,m,157,Bosnia & Herzegovina,Europe,Europe & Central Asia,non-Schengen
2021,BLR,f,18925,Belarus,Europe,Europe & Central Asia,non-Schengen
2021,BLR,m,52123,Belarus,Europe,Europe & Central Asia,non-Schengen
2021,BOL,f,16,Bolivia,Americas,Latin America & Caribbean,non-Schengen
2021,BOL,m,45,Bolivia,Americas,Latin America & Caribbean,non-Schengen
2021,BRA,f,366,Brazil,Americas,Latin America & Caribbean,non-Schengen
2021,BRA,m,913,Brazil,Americas,Latin America & Caribbean,non-Schengen
2021,BRB,f,4,Barbados,Americas,Latin America & Caribbean,non-Schengen
2021,BRB,m,6,Barbados,Americas,Latin America & Caribbean,non-Schengen
2021,BWA,f,0,Botswana,Africa,Sub-Saharan Africa,non-Schengen
2021,BWA,m,0,Botswana,Africa,Sub-Saharan Africa,non-Schengen
2021,CAF,f,0,Central African Republic,Africa,Sub-Saharan Africa,non-Schengen
2021,CAF,m,0,Central African Republic,Africa,Sub-Saharan Africa,non-Schengen
2021,CAN,f,74,Canada,Americas,North America,non-Schengen
2021,CAN,m,239,Canada,Americas,North America,non-Schengen
2021,CHE,f,23,Switzerland,Europe,Europe & Central Asia,Schengen
2021,CHE,m,108,Switzerland,Europe,Europe & Central Asia,Schengen
2021,CHL,f,16,Chile,Americas,Latin America & Caribbean,non-Schengen
2021,CHL,m,118,Chile,Americas,Latin America & Caribbean,non-Schengen
2021,CHN,f,1687,China,Asia,East Asia & Pacific,non-Schengen
2021,CHN,m,2370,China,Asia,East Asia & Pacific,non-Schengen
2021,CIV,f,11,Côte d’Ivoire,Africa,Sub-Saharan Africa,non-Schengen
2021,CIV,m,26,Côte d’Ivoire,Africa,Sub-Saharan Africa,non-Schengen
2021,CMR,f,61,Cameroon,Africa,Sub-Saharan Africa,non-Schengen
2021,CMR,m,217,Cameroon,Africa,Sub-Saharan Africa,non-Schengen
2021,COG,f,46,Congo - Brazzaville,Africa,Sub-Saharan Africa,non-Schengen
2021,COG,m,178,Congo - Brazzaville,Africa,Sub-Saharan Africa,non-Schengen
2021,COL,f,150,Colombia,Americas,Latin America & Caribbean,non-Schengen
2021,COL,m,360,Colombia,Americas,Latin America & Caribbean,non-Schengen
2021,CPV,f,0,Cape Verde,Africa,Sub-Saharan Africa,non-Schengen
2021,CPV,m,0,Cape Verde,Africa,Sub-Saharan Africa,non-Schengen
2021,CRI,f,28,Costa Rica,Americas,Latin America & Caribbean,non-Schengen
2021,CRI,m,70,Costa Rica,Americas,Latin America & Caribbean,non-Schengen
2021,CUB,f,62,Cuba,Americas,Latin America & Caribbean,non-Schengen
2021,CUB,m,222,Cuba,Americas,Latin America & Caribbean,non-Schengen
2021,CYP,f,3,Cyprus,Asia,Europe & Central Asia,non-Schengen
2021,CYP,m,40,Cyprus,Asia,Europe & Central Asia,non-Schengen
2021,CZE,f,562,Czechia,Europe,Europe & Central Asia,Schengen
2021,CZE,m,1009,Czechia,Europe,Europe & Central Asia,Schengen
2021,DEU,f,834,Germany,Europe,Europe & Central Asia,Schengen
2021,DEU,m,2911,Germany,Europe,Europe & Central Asia,Schengen
2021,DJI,f,0,Djibouti,Africa,Middle East & North Africa,non-Schengen
2021,DJI,m,0,Djibouti,Africa,Middle East & North Africa,non-Schengen
2021,DNK,f,45,Denmark,Europe,Europe & Central Asia,Schengen
2021,DNK,m,365,Denmark,Europe,Europe & Central Asia,Schengen
2021,DOM,f,10,Dominican Republic,Americas,Latin America & Caribbean,non-Schengen
2021,DOM,m,31,Dominican Republic,Americas,Latin America & Caribbean,non-Schengen
2021,DZA,f,49,Algeria,Africa,Middle East & North Africa,non-Schengen
2021,DZA,m,686,Algeria,Africa,Middle East & North Africa,non-Schengen
2021,ECU,f,27,Ecuador,Americas,Latin America & Caribbean,non-Schengen
2021,ECU,m,59,Ecuador,Americas,Latin America & Caribbean,non-Schengen
2021,EGY,f,54,Egypt,Africa,Middle East & North Africa,non-Schengen
2021,EGY,m,1255,Egypt,Africa,Middle East & North Africa,non-Schengen
2021,ERI,f,0,Eritrea,Africa,Sub-Saharan Africa,non-Schengen
2021,ERI,m,0,Eritrea,Africa,Sub-Saharan Africa,non-Schengen
2021,ESP,f,498,Spain,Europe,Europe & Central Asia,Schengen
2021,ESP,m,2293,Spain,Europe,Europe & Central Asia,Schengen
2021,EST,f,62,Estonia,Europe,Europe & Central Asia,Schengen
2021,EST,m,90,Estonia,Europe,Europe & Central Asia,Schengen
2021,ETH,f,142,Ethiopia,Africa,Sub-Saharan Africa,non-Schengen
2021,ETH,m,279,Ethiopia,Africa,Sub-Saharan Africa,non-Schengen
2021,FIN,f,102,Finland,Europe,Europe & Central Asia,Schengen
2021,FIN,m,261,Finland,Europe,Europe & Central Asia,Schengen
2021,FRA,f,479,France,Europe,Europe & Central Asia,Schengen
2021,FRA,m,2434,France,Europe,Europe & Central Asia,Schengen
2021,GAB,f,5,Gabon,Africa,Sub-Saharan Africa,non-Schengen
2021,GAB,m,3,Gabon,Africa,Sub-Saharan Africa,non-Schengen
2021,GBR,f,392,United Kingdom,Europe,Europe & Central Asia,non-Schengen
2021,GBR,m,2464,United Kingdom,Europe,Europe & Central Asia,non-Schengen
2021,GEO,f,4284,Georgia,Asia,Europe & Central Asia,non-Schengen
2021,GEO,m,18896,Georgia,Asia,Europe & Central Asia,non-Schengen
2021,GHA,f,49,Ghana,Africa,Sub-Saharan Africa,non-Schengen
2021,GHA,m,344,Ghana,Africa,Sub-Saharan Africa,non-Schengen
2021,GIN,f,5,Guinea,Africa,Sub-Saharan Africa,non-Schengen
2021,GIN,m,40,Guinea,Africa,Sub-Saharan Africa,non-Schengen
2021,GMB,f,0,Gambia,Africa,Sub-Saharan Africa,non-Schengen
2021,GMB,m,28,Gambia,Africa,Sub-Saharan Africa,non-Schengen
2021,GRC,f,183,Greece,Europe,Europe & Central Asia,Schengen
2021,GRC,m,797,Greece,Europe,Europe & Central Asia,Schengen
2021,GRD,f,0,Grenada,Americas,Latin America & Caribbean,non-Schengen
2021,GRD,m,0,Grenada,Americas,Latin America & Caribbean,non-Schengen
2021,GTM,f,6,Guatemala,Americas,Latin America & Caribbean,non-Schengen
2021,GTM,m,35,Guatemala,Americas,Latin America & Caribbean,non-Schengen
2021,GUY,f,0,Guyana,Americas,Latin America & Caribbean,non-Schengen
2021,GUY,m,4,Guyana,Americas,Latin America & Caribbean,non-Schengen
2021,HND,f,0,Honduras,Americas,Latin America & Caribbean,non-Schengen
2021,HND,m,16,Honduras,Americas,Latin America & Caribbean,non-Schengen
2021,HRV,f,128,Croatia,Europe,Europe & Central Asia,non-Schengen
2021,HRV,m,364,Croatia,Europe,Europe & Central Asia,non-Schengen
2021,HTI,f,0,Haiti,Americas,Latin America & Caribbean,non-Schengen
2021,HTI,m,3,Haiti,Americas,Latin America & Caribbean,non-Schengen
2021,HUN,f,466,Hungary,Europe,Europe & Central Asia,Schengen
2021,HUN,m,871,Hungary,Europe,Europe & Central Asia,Schengen
2021,IDN,f,621,Indonesia,Asia,East Asia & Pacific,non-Schengen
2021,IDN,m,2261,Indonesia,Asia,East Asia & Pacific,non-Schengen
2021,IND,f,1563,India,Asia,South Asia,non-Schengen
2021,IND,m,9161,India,Asia,South Asia,non-Schengen
2021,IOT,f,0,British Indian Ocean Territory,Africa,Sub-Saharan Africa,non-Schengen
2021,IOT,m,0,British Indian Ocean Territory,Africa,Sub-Saharan Africa,non-Schengen
2021,IRL,f,56,Ireland,Europe,Europe & Central Asia,non-Schengen
2021,IRL,m,457,Ireland,Europe,Europe & Central Asia,non-Schengen
2021,IRN,f,180,Iran,Asia,Middle East & North Africa,non-Schengen
2021,IRN,m,398,Iran,Asia,Middle East & North Africa,non-Schengen
2021,IRQ,f,43,Iraq,Asia,Middle East & North Africa,non-Schengen
2021,IRQ,m,363,Iraq,Asia,Middle East & North Africa,non-Schengen
2021,ISL,f,0,Iceland,Europe,Europe & Central Asia,Schengen
2021,ISL,m,6,Iceland,Europe,Europe & Central Asia,Schengen
2021,ISR,f,55,Israel,Asia,Middle East & North Africa,non-Schengen
2021,ISR,m,329,Israel,Asia,Middle East & North Africa,non-Schengen
2021,ITA,f,751,Italy,Europe,Europe & Central Asia,Schengen
2021,ITA,m,4480,Italy,Europe,Europe & Central Asia,Schengen
2021,JAM,f,4,Jamaica,Americas,Latin America & Caribbean,non-Schengen
2021,JAM,m,11,Jamaica,Americas,Latin America & Caribbean,non-Schengen
2021,JOR,f,26,Jordan,Asia,Middle East & North Africa,non-Schengen
2021,JOR,m,260,Jordan,Asia,Middle East & North Africa,non-Schengen
2021,JPN,f,153,Japan,Asia,East Asia & Pacific,non-Schengen
2021,JPN,m,281,Japan,Asia,East Asia & Pacific,non-Schengen
2021,KAZ,f,1056,Kazakhstan,Asia,Europe & Central Asia,non-Schengen
2021,KAZ,m,1279,Kazakhstan,Asia,Europe & Central Asia,non-Schengen
2021,KEN,f,141,Kenya,Africa,Sub-Saharan Africa,non-Schengen
2021,KEN,m,206,Kenya,Africa,Sub-Saharan Africa,non-Schengen
2021,KGZ,f,197,Kyrgyzstan,Asia,Europe & Central Asia,non-Schengen
2021,KGZ,m,365,Kyrgyzstan,Asia,Europe & Central Asia,non-Schengen
2021,KHM,f,4,Cambodia,Asia,East Asia & Pacific,non-Schengen
2021,KHM,m,8,Cambodia,Asia,East Asia & Pacific,non-Schengen
2021,KOR,f,43,South Korea,Asia,East Asia & Pacific,non-Schengen
2021,KOR,m,105,South Korea,Asia,East Asia & Pacific,non-Schengen
2021,KWT,f,0,Kuwait,Asia,Middle East & North Africa,non-Schengen
2021,KWT,m,3,Kuwait,Asia,Middle East & North Africa,non-Schengen
2021,LAO,f,0,Laos,Asia,East Asia & Pacific,non-Schengen
2021,LAO,m,14,Laos,Asia,East Asia & Pacific,non-Schengen
2021,LBN,f,36,Lebanon,Asia,Middle East & North Africa,non-Schengen
2021,LBN,m,267,Lebanon,Asia,Middle East & North Africa,non-Schengen
2021,LBR,f,0,Liberia,Africa,Sub-Saharan Africa,non-Schengen
2021,LBR,m,0,Liberia,Africa,Sub-Saharan Africa,non-Schengen
2021,LBY,f,0,Libya,Africa,Middle East & North Africa,non-Schengen
2021,LBY,m,95,Libya,Africa,Middle East & North Africa,non-Schengen
2021,LKA,f,31,Sri Lanka,Asia,South Asia,non-Schengen
2021,LKA,m,152,Sri Lanka,Asia,South Asia,non-Schengen
2021,LTU,f,1058,Lithuania,Europe,Europe & Central Asia,Schengen
2021,LTU,m,1229,Lithuania,Europe,Europe & Central Asia,Schengen
2021,LUX,f,0,Luxembourg,Europe,Europe & Central Asia,Schengen
2021,LUX,m,3,Luxembourg,Europe,Europe & Central Asia,Schengen
2021,LVA,f,340,Latvia,Europe,Europe & Central Asia,Schengen
2021,LVA,m,587,Latvia,Europe,Europe & Central Asia,Schengen
2021,MAR,f,111,Morocco,Africa,Middle East & North Africa,non-Schengen
2021,MAR,m,632,Morocco,Africa,Middle East & North Africa,non-Schengen
2021,MCO,f,0,Monaco,Europe,Europe & Central Asia,non-Schengen
2021,MCO,m,0,Monaco,Europe,Europe & Central Asia,non-Schengen
2021,MDA,f,3770,Moldova,Europe,Europe & Central Asia,non-Schengen
2021,MDA,m,9009,Moldova,Europe,Europe & Central Asia,non-Schengen
2021,MDG,f,6,Madagascar,Africa,Sub-Saharan Africa,non-Schengen
2021,MDG,m,7,Madagascar,Africa,Sub-Saharan Africa,non-Schengen
2021,MEX,f,222,Mexico,Americas,Latin America & Caribbean,non-Schengen
2021,MEX,m,521,Mexico,Americas,Latin America & Caribbean,non-Schengen
2021,MKD,f,42,North Macedonia,Europe,Europe & Central Asia,non-Schengen
2021,MKD,m,186,North Macedonia,Europe,Europe & Central Asia,non-Schengen
2021,MLI,f,68,Mali,Africa,Sub-Saharan Africa,non-Schengen
2021,MLI,m,114,Mali,Africa,Sub-Saharan Africa,non-Schengen
2021,MLT,f,3,Malta,Europe,Middle East & North Africa,Schengen
2021,MLT,m,18,Malta,Europe,Middle East & North Africa,Schengen
2021,MMR,f,0,Myanmar (Burma),Asia,East Asia & Pacific,non-Schengen
2021,MMR,m,3,Myanmar (Burma),Asia,East Asia & Pacific,non-Schengen
2021,MNE,f,9,Montenegro,Europe,Europe & Central Asia,non-Schengen
2021,MNE,m,54,Montenegro,Europe,Europe & Central Asia,non-Schengen
2021,MNG,f,214,Mongolia,Asia,East Asia & Pacific,non-Schengen
2021,MNG,m,170,Mongolia,Asia,East Asia & Pacific,non-Schengen
2021,MOZ,f,6,Mozambique,Africa,Sub-Saharan Africa,non-Schengen
2021,MOZ,m,15,Mozambique,Africa,Sub-Saharan Africa,non-Schengen
2021,MRT,f,0,Mauritania,Africa,Sub-Saharan Africa,non-Schengen
2021,MRT,m,4,Mauritania,Africa,Sub-Saharan Africa,non-Schengen
2021,MUS,f,3,Mauritius,Africa,Sub-Saharan Africa,non-Schengen
2021,MUS,m,21,Mauritius,Africa,Sub-Saharan Africa,non-Schengen
2021,MYS,f,29,Malaysia,Asia,East Asia & Pacific,non-Schengen
2021,MYS,m,47,Malaysia,Asia,East Asia & Pacific,non-Schengen
2021,NAM,f,0,Namibia,Africa,Sub-Saharan Africa,non-Schengen
2021,NAM,m,3,Namibia,Africa,Sub-Saharan Africa,non-Schengen
2021,NER,f,9,Niger,Africa,Sub-Saharan Africa,non-Schengen
2021,NER,m,90,Niger,Africa,Sub-Saharan Africa,non-Schengen
2021,NGA,f,195,Nigeria,Africa,Sub-Saharan Africa,non-Schengen
2021,NGA,m,920,Nigeria,Africa,Sub-Saharan Africa,non-Schengen
2021,NIC,f,0,Nicaragua,Americas,Latin America & Caribbean,non-Schengen
2021,NIC,m,7,Nicaragua,Americas,Latin America & Caribbean,non-Schengen
2021,NLD,f,129,Netherlands,Europe,Europe & Central Asia,Schengen
2021,NLD,m,1049,Netherlands,Europe,Europe & Central Asia,Schengen
2021,NOR,f,20,Norway,Europe,Europe & Central Asia,Schengen
2021,NOR,m,105,Norway,Europe,Europe & Central Asia,Schengen
2021,NPL,f,397,Nepal,Asia,South Asia,non-Schengen
2021,NPL,m,2195,Nepal,Asia,South Asia,non-Schengen
2021,NZL,f,13,New Zealand,Oceania,East Asia & Pacific,non-Schengen
2021,NZL,m,35,New Zealand,Oceania,East Asia & Pacific,non-Schengen
2021,PAK,f,145,Pakistan,Asia,South Asia,non-Schengen
2021,PAK,m,856,Pakistan,Asia,South Asia,non-Schengen
2021,PAN,f,0,Panama,Americas,Latin America & Caribbean,non-Schengen
2021,PAN,m,12,Panama,Americas,Latin America & Caribbean,non-Schengen
2021,PER,f,71,Peru,Americas,Latin America & Caribbean,non-Schengen
2021,PER,m,181,Peru,Americas,Latin America & Caribbean,non-Schengen
2021,PHL,f,1714,Philippines,Asia,East Asia & Pacific,non-Schengen
2021,PHL,m,3309,Philippines,Asia,East Asia & Pacific,non-Schengen
2021,PNG,f,0,Papua New Guinea,Oceania,East Asia & Pacific,non-Schengen
2021,PNG,m,0,Papua New Guinea,Oceania,East Asia & Pacific,non-Schengen
2021,PRT,f,233,Portugal,Europe,Europe & Central Asia,Schengen
2021,PRT,m,1337,Portugal,Europe,Europe & Central Asia,Schengen
2021,PRY,f,0,Paraguay,Americas,Latin America & Caribbean,non-Schengen
2021,PRY,m,5,Paraguay,Americas,Latin America & Caribbean,non-Schengen
2021,PSE,f,3,Palestinian Territories,Asia,Middle East & North Africa,non-Schengen
2021,PSE,m,148,Palestinian Territories,Asia,Middle East & North Africa,non-Schengen
2021,QAT,f,0,Qatar,Asia,Middle East & North Africa,non-Schengen
2021,QAT,m,0,Qatar,Asia,Middle East & North Africa,non-Schengen
2021,ROU,f,1870,Romania,Europe,Europe & Central Asia,non-Schengen
2021,ROU,m,3486,Romania,Europe,Europe & Central Asia,non-Schengen
2021,RUS,f,5827,Russia,Europe,Europe & Central Asia,non-Schengen
2021,RUS,m,7996,Russia,Europe,Europe & Central Asia,non-Schengen
2021,RWA,f,175,Rwanda,Africa,Sub-Saharan Africa,non-Schengen
2021,RWA,m,283,Rwanda,Africa,Sub-Saharan Africa,non-Schengen
2021,SAU,f,11,Saudi Arabia,Asia,Middle East & North Africa,non-Schengen
2021,SAU,m,34,Saudi Arabia,Asia,Middle East & North Africa,non-Schengen
2021,SRB,f,175,Serbia,Europe,Europe & Central Asia,non-Schengen
2021,SRB,m,1222,Serbia,Europe,Europe & Central Asia,non-Schengen
2021,SDN,f,4,Sudan,Africa,Sub-Saharan Africa,non-Schengen
2021,SDN,m,37,Sudan,Africa,Sub-Saharan Africa,non-Schengen
2021,SEN,f,3,Senegal,Africa,Sub-Saharan Africa,non-Schengen
2021,SEN,m,57,Senegal,Africa,Sub-Saharan Africa,non-Schengen
2021,SGP,f,9,Singapore,Asia,East Asia & Pacific,non-Schengen
2021,SGP,m,7,Singapore,Asia,East Asia & Pacific,non-Schengen
2021,SLE,f,0,Sierra Leone,Africa,Sub-Saharan Africa,non-Schengen
2021,SLE,m,9,Sierra Leone,Africa,Sub-Saharan Africa,non-Schengen
2021,SLV,f,3,El Salvador,Americas,Latin America & Caribbean,non-Schengen
2021,SLV,m,9,El Salvador,Americas,Latin America & Caribbean,non-Schengen
2021,SOM,f,0,Somalia,Africa,Sub-Saharan Africa,non-Schengen
2021,SOM,m,18,Somalia,Africa,Sub-Saharan Africa,non-Schengen
2021,STP,f,0,São Tomé & Príncipe,Africa,Sub-Saharan Africa,non-Schengen
2021,STP,m,0,São Tomé & Príncipe,Africa,Sub-Saharan Africa,non-Schengen
2021,SUR,f,4,Suriname,Americas,Latin America & Caribbean,non-Schengen
2021,SUR,m,4,Suriname,Americas,Latin America & Caribbean,non-Schengen
2021,SVK,f,679,Slovakia,Europe,Europe & Central Asia,Schengen
2021,SVK,m,1005,Slovakia,Europe,Europe & Central Asia,Schengen
2021,SVN,f,54,Slovenia,Europe,Europe & Central Asia,Schengen
2021,SVN,m,141,Slovenia,Europe,Europe & Central Asia,Schengen
2021,SWE,f,162,Sweden,Europe,Europe & Central Asia,Schengen
2021,SWE,m,480,Sweden,Europe,Europe & Central Asia,Schengen
2021,SYR,f,74,Syria,Asia,Middle East & North Africa,non-Schengen
2021,SYR,m,602,Syria,Asia,Middle East & North Africa,non-Schengen
2021,TCD,f,0,Chad,Africa,Sub-Saharan Africa,non-Schengen
2021,TCD,m,0,Chad,Africa,Sub-Saharan Africa,non-Schengen
2021,TGO,f,0,Togo,Africa,Sub-Saharan Africa,non-Schengen
2021,TGO,m,19,Togo,Africa,Sub-Saharan Africa,non-Schengen
2021,THA,f,423,Thailand,Asia,East Asia & Pacific,non-Schengen
2021,THA,m,203,Thailand,Asia,East Asia & Pacific,non-Schengen
2021,TJK,f,68,Tajikistan,Asia,Europe & Central Asia,non-Schengen
2021,TJK,m,454,Tajikistan,Asia,Europe & Central Asia,non-Schengen
2021,TKM,f,85,Turkmenistan,Asia,Europe & Central Asia,non-Schengen
2021,TKM,m,364,Turkmenistan,Asia,Europe & Central Asia,non-Schengen
2021,TTO,f,3,Trinidad & Tobago,Americas,Latin America & Caribbean,non-Schengen
2021,TTO,m,0,Trinidad & Tobago,Americas,Latin America & Caribbean,non-Schengen
2021,TUN,f,91,Tunisia,Africa,Middle East & North Africa,non-Schengen
2021,TUN,m,797,Tunisia,Africa,Middle East & North Africa,non-Schengen
2021,TUR,f,597,Turkey,Asia,Europe & Central Asia,non-Schengen
2021,TUR,m,4646,Turkey,Asia,Europe & Central Asia,non-Schengen
2021,TWN,f,55,Taiwan,Asia,East Asia & Pacific,non-Schengen
2021,TWN,m,37,Taiwan,Asia,East Asia & Pacific,non-Schengen
2021,TZA,f,43,Tanzania,Africa,Sub-Saharan Africa,non-Schengen
2021,TZA,m,53,Tanzania,Africa,Sub-Saharan Africa,non-Schengen
2021,UGA,f,50,Uganda,Africa,Sub-Saharan Africa,non-Schengen
2021,UGA,m,59,Uganda,Africa,Sub-Saharan Africa,non-Schengen
2021,UKR,f,229525,Ukraine,Europe,Europe & Central Asia,non-Schengen
2021,UKR,m,393614,Ukraine,Europe,Europe & Central Asia,non-Schengen
2021,URY,f,18,Uruguay,Americas,Latin America & Caribbean,non-Schengen
2021,URY,m,32,Uruguay,Americas,Latin America & Caribbean,non-Schengen
2021,USA,f,418,United States,Americas,North America,non-Schengen
2021,USA,m,1159,United States,Americas,North America,non-Schengen
2021,UZB,f,274,Uzbekistan,Asia,Europe & Central Asia,non-Schengen
2021,UZB,m,2210,Uzbekistan,Asia,Europe & Central Asia,non-Schengen
2021,VAT,f,0,Vatican City,Europe,Europe & Central Asia,non-Schengen
2021,VAT,m,0,Vatican City,Europe,Europe & Central Asia,non-Schengen
2021,VEN,f,81,Venezuela,Americas,Latin America & Caribbean,non-Schengen
2021,VEN,m,193,Venezuela,Americas,Latin America & Caribbean,non-Schengen
2021,VGB,f,0,British Virgin Islands,Americas,Latin America & Caribbean,non-Schengen
2021,VGB,m,0,British Virgin Islands,Americas,Latin America & Caribbean,non-Schengen
2021,VNM,f,3027,Vietnam,Asia,East Asia & Pacific,non-Schengen
2021,VNM,m,5411,Vietnam,Asia,East Asia & Pacific,non-Schengen
2021,XXX,f,3096,unknown,other/unknown,other/unknown,non-Schengen
2021,XXX,m,3298,unknown,other/unknown,other/unknown,non-Schengen
2021,YEM,f,3,Yemen,Asia,Middle East & North Africa,non-Schengen
2021,YEM,m,130,Yemen,Asia,Middle East & North Africa,non-Schengen
2021,ZAF,f,110,South Africa,Africa,Sub-Saharan Africa,non-Schengen
2021,ZAF,m,166,South Africa,Africa,Sub-Saharan Africa,non-Schengen
2021,ZMB,f,30,Zambia,Africa,Sub-Saharan Africa,non-Schengen
2021,ZMB,m,17,Zambia,Africa,Sub-Saharan Africa,non-Schengen
2021,ZWE,f,443,Zimbabwe,Africa,Sub-Saharan Africa,non-Schengen
2021,ZWE,m,456,Zimbabwe,Africa,Sub-Saharan Africa,non-Schengen
2024,ABW,f,0,Aruba,Americas,Latin America & Caribbean,non-Schengen
2024,ABW,m,3,Aruba,Americas,Latin America & Caribbean,non-Schengen
2024,AFG,f,457,Afghanistan,Asia,South Asia,non-Schengen
2024,AFG,m,653,Afghanistan,Asia,South Asia,non-Schengen
2024,AGO,f,50,Angola,Africa,Sub-Saharan Africa,non-Schengen
2024,AGO,m,138,Angola,Africa,Sub-Saharan Africa,non-Schengen
2024,AIA,f,0,Anguilla,Americas,Latin America & Caribbean,non-Schengen
2024,AIA,m,0,Anguilla,Americas,Latin America & Caribbean,non-Schengen
2024,ALB,f,114,Albania,Europe,Europe & Central Asia,non-Schengen
2024,ALB,m,570,Albania,Europe,Europe & Central Asia,non-Schengen
2024,AND,f,7,Andorra,Europe,Europe & Central Asia,non-Schengen
2024,AND,m,3,Andorra,Europe,Europe & Central Asia,non-Schengen
2024,ANT,f,0,,other/unknown,other/unknown,non-Schengen
2024,ANT,m,0,,other/unknown,other/unknown,non-Schengen
2024,ARE,f,0,United Arab Emirates,Asia,Middle East & North Africa,non-Schengen
2024,ARE,m,6,United Arab Emirates,Asia,Middle East & North Africa,non-Schengen
2024,ARG,f,223,Argentina,Americas,Latin America & Caribbean,non-Schengen
2024,ARG,m,679,Argentina,Americas,Latin America & Caribbean,non-Schengen
2024,ARM,f,1319,Armenia,Asia,Europe & Central Asia,non-Schengen
2024,ARM,m,2480,Armenia,Asia,Europe & Central Asia,non-Schengen
2024,ATA,f,0,Antarctica,Antarctica,other/unknown,non-Schengen
2024,ATA,m,0,Antarctica,Antarctica,other/unknown,non-Schengen
2024,ATG,f,0,Antigua & Barbuda,Americas,Latin America & Caribbean,non-Schengen
2024,ATG,m,0,Antigua & Barbuda,Americas,Latin America & Caribbean,non-Schengen
2024,AUS,f,33,Australia,Oceania,East Asia & Pacific,non-Schengen
2024,AUS,m,159,Australia,Oceania,East Asia & Pacific,non-Schengen
2024,AUT,f,141,Austria,Europe,Europe & Central Asia,Schengen
2024,AUT,m,362,Austria,Europe,Europe & Central Asia,Schengen
2024,AZE,f,879,Azerbaijan,Asia,Europe & Central Asia,non-Schengen
2024,AZE,m,3826,Azerbaijan,Asia,Europe & Central Asia,non-Schengen
2024,BDI,f,29,Burundi,Africa,Sub-Saharan Africa,non-Schengen
2024,BDI,m,26,Burundi,Africa,Sub-Saharan Africa,non-Schengen
2024,BEL,f,113,Belgium,Europe,Europe & Central Asia,Schengen
2024,BEL,m,550,Belgium,Europe,Europe & Central Asia,Schengen
2024,BEN,f,0,Benin,Africa,Sub-Saharan Africa,non-Schengen
2024,BEN,m,3,Benin,Africa,Sub-Saharan Africa,non-Schengen
2024,BFA,f,0,Burkina Faso,Africa,Sub-Saharan Africa,non-Schengen
2024,BFA,m,3,Burkina Faso,Africa,Sub-Saharan Africa,non-Schengen
2024,BGD,f,153,Bangladesh,Asia,South Asia,non-Schengen
2024,BGD,m,5938,Bangladesh,Asia,South Asia,non-Schengen
2024,BGR,f,1050,Bulgaria,Europe,Europe & Central Asia,non-Schengen
2024,BGR,m,1712,Bulgaria,Europe,Europe & Central Asia,non-Schengen
2024,BHR,f,0,Bahrain,Asia,Middle East & North Africa,non-Schengen
2024,BHR,m,0,Bahrain,Asia,Middle East & North Africa,non-Schengen
2024,BHS,f,4,Bahamas,Americas,Latin America & Caribbean,non-Schengen
2024,BHS,m,0,Bahamas,Americas,Latin America & Caribbean,non-Schengen
2024,BLR,f,37221,Belarus,Europe,Europe & Central Asia,non-Schengen
2024,BLR,m,97987,Belarus,Europe,Europe & Central Asia,non-Schengen
2024,BLZ,f,22,Belize,Americas,Latin America & Caribbean,non-Schengen
2024,BLZ,m,35,Belize,Americas,Latin America & Caribbean,non-Schengen
2024,BOL,f,15,Bolivia,Americas,Latin America & Caribbean,non-Schengen
2024,BOL,m,67,Bolivia,Americas,Latin America & Caribbean,non-Schengen
2024,BRA,f,449,Brazil,Americas,Latin America & Caribbean,non-Schengen
2024,BRA,m,956,Brazil,Americas,Latin America & Caribbean,non-Schengen
2024,BRB,f,5,Barbados,Americas,Latin America & Caribbean,non-Schengen
2024,BRB,m,3,Barbados,Americas,Latin America & Caribbean,non-Schengen
2024,BRN,f,0,Brunei,Asia,East Asia & Pacific,non-Schengen
2024,BRN,m,0,Brunei,Asia,East Asia & Pacific,non-Schengen
2024,BTN,f,3,Bhutan,Asia,South Asia,non-Schengen
2024,BTN,m,3,Bhutan,Asia,South Asia,non-Schengen
2024,BWA,f,4,Botswana,Africa,Sub-Saharan Africa,non-Schengen
2024,BWA,m,0,Botswana,Africa,Sub-Saharan Africa,non-Schengen
2024,CAF,f,0,Central African Republic,Africa,Sub-Saharan Africa,non-Schengen
2024,CAF,m,9,Central African Republic,Africa,Sub-Saharan Africa,non-Schengen
2024,CAN,f,89,Canada,Americas,North America,non-Schengen
2024,CAN,m,239,Canada,Americas,North America,non-Schengen
2024,CHE,f,27,Switzerland,Europe,Europe & Central Asia,Schengen
2024,CHE,m,109,Switzerland,Europe,Europe & Central Asia,Schengen
2024,CHL,f,25,Chile,Americas,Latin America & Caribbean,non-Schengen
2024,CHL,m,152,Chile,Americas,Latin America & Caribbean,non-Schengen
2024,CHN,f,1845,China,Asia,East Asia & Pacific,non-Schengen
2024,CHN,m,2613,China,Asia,East Asia & Pacific,non-Schengen
2024,CIV,f,28,Côte d’Ivoire,Africa,Sub-Saharan Africa,non-Schengen
2024,CIV,m,37,Côte d’Ivoire,Africa,Sub-Saharan Africa,non-Schengen
2024,CMR,f,89,Cameroon,Africa,Sub-Saharan Africa,non-Schengen
2024,CMR,m,242,Cameroon,Africa,Sub-Saharan Africa,non-Schengen
2024,COG,f,94,Congo - Brazzaville,Africa,Sub-Saharan Africa,non-Schengen
2024,COG,m,248,Congo - Brazzaville,Africa,Sub-Saharan Africa,non-Schengen
2024,COL,f,3963,Colombia,Americas,Latin America & Caribbean,non-Schengen
2024,COL,m,10569,Colombia,Americas,Latin America & Caribbean,non-Schengen
2024,COM,f,0,Comoros,Africa,Sub-Saharan Africa,non-Schengen
2024,COM,m,7,Comoros,Africa,Sub-Saharan Africa,non-Schengen
2024,CRI,f,47,Costa Rica,Americas,Latin America & Caribbean,non-Schengen
2024,CRI,m,110,Costa Rica,Americas,Latin America & Caribbean,non-Schengen
2024,CUB,f,162,Cuba,Americas,Latin America & Caribbean,non-Schengen
2024,CUB,m,420,Cuba,Americas,Latin America & Caribbean,non-Schengen
2024,CYM,f,0,Cayman Islands,Americas,Latin America & Caribbean,non-Schengen
2024,CYM,m,0,Cayman Islands,Americas,Latin America & Caribbean,non-Schengen
2024,CYP,f,11,Cyprus,Asia,Europe & Central Asia,non-Schengen
2024,CYP,m,63,Cyprus,Asia,Europe & Central Asia,non-Schengen
2024,CZE,f,605,Czechia,Europe,Europe & Central Asia,Schengen
2024,CZE,m,1019,Czechia,Europe,Europe & Central Asia,Schengen
2024,DEU,f,905,Germany,Europe,Europe & Central Asia,Schengen
2024,DEU,m,3017,Germany,Europe,Europe & Central Asia,Schengen
2024,DMA,f,0,Dominica,Americas,Latin America & Caribbean,non-Schengen
2024,DMA,m,0,Dominica,Americas,Latin America & Caribbean,non-Schengen
2024,DNK,f,36,Denmark,Europe,Europe & Central Asia,Schengen
2024,DNK,m,335,Denmark,Europe,Europe & Central Asia,Schengen
2024,DOM,f,13,Dominican Republic,Americas,Latin America & Caribbean,non-Schengen
2024,DOM,m,44,Dominican Republic,Americas,Latin America & Caribbean,non-Schengen
2024,DZA,f,123,Algeria,Africa,Middle East & North Africa,non-Schengen
2024,DZA,m,1193,Algeria,Africa,Middle East & North Africa,non-Schengen
2024,ECU,f,35,Ecuador,Americas,Latin America & Caribbean,non-Schengen
2024,ECU,m,87,Ecuador,Americas,Latin America & Caribbean,non-Schengen
2024,EGY,f,126,Egypt,Africa,Middle East & North Africa,non-Schengen
2024,EGY,m,1769,Egypt,Africa,Middle East & North Africa,non-Schengen
2024,ERI,f,0,Eritrea,Africa,Sub-Saharan Africa,non-Schengen
2024,ERI,m,9,Eritrea,Africa,Sub-Saharan Africa,non-Schengen
2024,ESH,f,0,Western Sahara,Africa,other/unknown,non-Schengen
2024,ESH,m,0,Western Sahara,Africa,other/unknown,non-Schengen
2024,ESP,f,528,Spain,Europe,Europe & Central Asia,Schengen
2024,ESP,m,2380,Spain,Europe,Europe & Central Asia,Schengen
2024,EST,f,76,Estonia,Europe,Europe & Central Asia,Schengen
2024,EST,m,136,Estonia,Europe,Europe & Central Asia,Schengen
2024,ETH,f,289,Ethiopia,Africa,Sub-Saharan Africa,non-Schengen
2024,ETH,m,545,Ethiopia,Africa,Sub-Saharan Africa,non-Schengen
2024,FIN,f,88,Finland,Europe,Europe & Central Asia,Schengen
2024,FIN,m,261,Finland,Europe,Europe & Central Asia,Schengen
2024,FLK,f,0,Falkland Islands,Americas,Latin America & Caribbean,non-Schengen
2024,FLK,m,0,Falkland Islands,Americas,Latin America & Caribbean,non-Schengen
2024,FRA,f,490,France,Europe,Europe & Central Asia,Schengen
2024,FRA,m,2509,France,Europe,Europe & Central Asia,Schengen
2024,GAB,f,4,Gabon,Africa,Sub-Saharan Africa,non-Schengen
2024,GAB,m,0,Gabon,Africa,Sub-Saharan Africa,non-Schengen
2024,GBR,f,373,United Kingdom,Europe,Europe & Central Asia,non-Schengen
2024,GBR,m,2362,United Kingdom,Europe,Europe & Central Asia,non-Schengen
2024,GEO,f,4829,Georgia,Asia,Europe & Central Asia,non-Schengen
2024,GEO,m,21348,Georgia,Asia,Europe & Central Asia,non-Schengen
2024,GHA,f,49,Ghana,Africa,Sub-Saharan Africa,non-Schengen
2024,GHA,m,211,Ghana,Africa,Sub-Saharan Africa,non-Schengen
2024,GIN,f,6,Guinea,Africa,Sub-Saharan Africa,non-Schengen
2024,GIN,m,44,Guinea,Africa,Sub-Saharan Africa,non-Schengen
2024,GMB,f,5,Gambia,Africa,Sub-Saharan Africa,non-Schengen
2024,GMB,m,47,Gambia,Africa,Sub-Saharan Africa,non-Schengen
2024,GRC,f,231,Greece,Europe,Europe & Central Asia,Schengen
2024,GRC,m,852,Greece,Europe,Europe & Central Asia,Schengen
2024,GTM,f,47,Guatemala,Americas,Latin America & Caribbean,non-Schengen
2024,GTM,m,155,Guatemala,Americas,Latin America & Caribbean,non-Schengen
2024,GUY,f,0,Guyana,Americas,Latin America & Caribbean,non-Schengen
2024,GUY,m,4,Guyana,Americas,Latin America & Caribbean,non-Schengen
2024,HKG,f,0,Hong Kong SAR China,Asia,East Asia & Pacific,non-Schengen
2024,HKG,m,3,Hong Kong SAR China,Asia,East Asia & Pacific,non-Schengen
2024,HND,f,3,Honduras,Americas,Latin America & Caribbean,non-Schengen
2024,HND,m,22,Honduras,Americas,Latin America & Caribbean,non-Schengen
2024,HRV,f,135,Croatia,Europe,Europe & Central Asia,Schengen
2024,HRV,m,372,Croatia,Europe,Europe & Central Asia,Schengen
2024,HTI,f,4,Haiti,Americas,Latin America & Caribbean,non-Schengen
2024,HTI,m,0,Haiti,Americas,Latin America & Caribbean,non-Schengen
2024,HUN,f,468,Hungary,Europe,Europe & Central Asia,Schengen
2024,HUN,m,973,Hungary,Europe,Europe & Central Asia,Schengen
2024,IDN,f,1617,Indonesia,Asia,East Asia & Pacific,non-Schengen
2024,IDN,m,5545,Indonesia,Asia,East Asia & Pacific,non-Schengen
2024,IND,f,2829,India,Asia,South Asia,non-Schengen
2024,IND,m,19752,India,Asia,South Asia,non-Schengen
2024,IRL,f,66,Ireland,Europe,Europe & Central Asia,non-Schengen
2024,IRL,m,520,Ireland,Europe,Europe & Central Asia,non-Schengen
2024,IRN,f,290,Iran,Asia,Middle East & North Africa,non-Schengen
2024,IRN,m,588,Iran,Asia,Middle East & North Africa,non-Schengen
2024,IRQ,f,51,Iraq,Asia,Middle East & North Africa,non-Schengen
2024,IRQ,m,383,Iraq,Asia,Middle East & North Africa,non-Schengen
2024,ISL,f,0,Iceland,Europe,Europe & Central Asia,Schengen
2024,ISL,m,3,Iceland,Europe,Europe & Central Asia,Schengen
2024,ISR,f,70,Israel,Asia,Middle East & North Africa,non-Schengen
2024,ISR,m,305,Israel,Asia,Middle East & North Africa,non-Schengen
2024,ITA,f,850,Italy,Europe,Europe & Central Asia,Schengen
2024,ITA,m,4580,Italy,Europe,Europe & Central Asia,Schengen
2024,JAM,f,3,Jamaica,Americas,Latin America & Caribbean,non-Schengen
2024,JAM,m,18,Jamaica,Americas,Latin America & Caribbean,non-Schengen
2024,JOR,f,45,Jordan,Asia,Middle East & North Africa,non-Schengen
2024,JOR,m,321,Jordan,Asia,Middle East & North Africa,non-Schengen
2024,JPN,f,180,Japan,Asia,East Asia & Pacific,non-Schengen
2024,JPN,m,307,Japan,Asia,East Asia & Pacific,non-Schengen
2024,KAZ,f,1622,Kazakhstan,Asia,Europe & Central Asia,non-Schengen
2024,KAZ,m,2576,Kazakhstan,Asia,Europe & Central Asia,non-Schengen
2024,KEN,f,326,Kenya,Africa,Sub-Saharan Africa,non-Schengen
2024,KEN,m,513,Kenya,Africa,Sub-Saharan Africa,non-Schengen
2024,KGZ,f,415,Kyrgyzstan,Asia,Europe & Central Asia,non-Schengen
2024,KGZ,m,1731,Kyrgyzstan,Asia,Europe & Central Asia,non-Schengen
2024,KHM,f,5,Cambodia,Asia,East Asia & Pacific,non-Schengen
2024,KHM,m,7,Cambodia,Asia,East Asia & Pacific,non-Schengen
2024,KNA,f,0,St. Kitts & Nevis,Americas,Latin America & Caribbean,non-Schengen
2024,KNA,m,0,St. Kitts & Nevis,Americas,Latin America & Caribbean,non-Schengen
2024,KOR,f,236,South Korea,Asia,East Asia & Pacific,non-Schengen
2024,KOR,m,792,South Korea,Asia,East Asia & Pacific,non-Schengen
2024,KWT,f,0,Kuwait,Asia,Middle East & North Africa,non-Schengen
2024,KWT,m,3,Kuwait,Asia,Middle East & North Africa,non-Schengen
2024,LAO,f,0,Laos,Asia,East Asia & Pacific,non-Schengen
2024,LAO,m,13,Laos,Asia,East Asia & Pacific,non-Schengen
2024,LBN,f,65,Lebanon,Asia,Middle East & North Africa,non-Schengen
2024,LBN,m,359,Lebanon,Asia,Middle East & North Africa,non-Schengen
2024,LBR,f,0,Liberia,Africa,Sub-Saharan Africa,non-Schengen
2024,LBR,m,0,Liberia,Africa,Sub-Saharan Africa,non-Schengen
2024,LBY,f,3,Libya,Africa,Middle East & North Africa,non-Schengen
2024,LBY,m,93,Libya,Africa,Middle East & North Africa,non-Schengen
2024,LCA,f,0,St. Lucia,Americas,Latin America & Caribbean,non-Schengen
2024,LCA,m,4,St. Lucia,Americas,Latin America & Caribbean,non-Schengen
2024,LIE,f,0,Liechtenstein,Europe,Europe & Central Asia,Schengen
2024,LIE,m,0,Liechtenstein,Europe,Europe & Central Asia,Schengen
2024,LKA,f,180,Sri Lanka,Asia,South Asia,non-Schengen
2024,LKA,m,1285,Sri Lanka,Asia,South Asia,non-Schengen
2024,LTU,f,1153,Lithuania,Europe,Europe & Central Asia,Schengen
2024,LTU,m,1187,Lithuania,Europe,Europe & Central Asia,Schengen
2024,LUX,f,0,Luxembourg,Europe,Europe & Central Asia,Schengen
2024,LUX,m,13,Luxembourg,Europe,Europe & Central Asia,Schengen
2024,LVA,f,372,Latvia,Europe,Europe & Central Asia,Schengen
2024,LVA,m,857,Latvia,Europe,Europe & Central Asia,Schengen
2024,MAC,f,0,Macao SAR China,Asia,East Asia & Pacific,non-Schengen
2024,MAC,m,11,Macao SAR China,Asia,East Asia & Pacific,non-Schengen
2024,MAR,f,202,Morocco,Africa,Middle East & North Africa,non-Schengen
2024,MAR,m,982,Morocco,Africa,Middle East & North Africa,non-Schengen
2024,MDA,f,4086,Moldova,Europe,Europe & Central Asia,non-Schengen
2024,MDA,m,10573,Moldova,Europe,Europe & Central Asia,non-Schengen
2024,MDG,f,13,Madagascar,Africa,Sub-Saharan Africa,non-Schengen
2024,MDG,m,20,Madagascar,Africa,Sub-Saharan Africa,non-Schengen
2024,MDV,f,0,Maldives,Asia,South Asia,non-Schengen
2024,MDV,m,0,Maldives,Asia,South Asia,non-Schengen
2024,MEX,f,276,Mexico,Americas,Latin America & Caribbean,non-Schengen
2024,MEX,m,662,Mexico,Americas,Latin America & Caribbean,non-Schengen
2024,MKD,f,54,North Macedonia,Europe,Europe & Central Asia,non-Schengen
2024,MKD,m,179,North Macedonia,Europe,Europe & Central Asia,non-Schengen
2024,MLI,f,73,Mali,Africa,Sub-Saharan Africa,non-Schengen
2024,MLI,m,121,Mali,Africa,Sub-Saharan Africa,non-Schengen
2024,MLT,f,10,Malta,Europe,Middle East & North Africa,Schengen
2024,MLT,m,17,Malta,Europe,Middle East & North Africa,Schengen
2024,MMR,f,19,Myanmar (Burma),Asia,East Asia & Pacific,non-Schengen
2024,MMR,m,23,Myanmar (Burma),Asia,East Asia & Pacific,non-Schengen
2024,MNE,f,15,Montenegro,Europe,Europe & Central Asia,non-Schengen
2024,MNE,m,46,Montenegro,Europe,Europe & Central Asia,non-Schengen
2024,MNG,f,327,Mongolia,Asia,East Asia & Pacific,non-Schengen
2024,MNG,m,309,Mongolia,Asia,East Asia & Pacific,non-Schengen
2024,MOZ,f,33,Mozambique,Africa,Sub-Saharan Africa,non-Schengen
2024,MOZ,m,32,Mozambique,Africa,Sub-Saharan Africa,non-Schengen
2024,MRT,f,0,Mauritania,Africa,Sub-Saharan Africa,non-Schengen
2024,MRT,m,3,Mauritania,Africa,Sub-Saharan Africa,non-Schengen
2024,MUS,f,11,Mauritius,Africa,Sub-Saharan Africa,non-Schengen
2024,MUS,m,54,Mauritius,Africa,Sub-Saharan Africa,non-Schengen
2024,MWI,f,4,Malawi,Africa,Sub-Saharan Africa,non-Schengen
2024,MWI,m,14,Malawi,Africa,Sub-Saharan Africa,non-Schengen
2024,MYS,f,59,Malaysia,Asia,East Asia & Pacific,non-Schengen
2024,MYS,m,84,Malaysia,Asia,East Asia & Pacific,non-Schengen
2024,NAM,f,3,Namibia,Africa,Sub-Saharan Africa,non-Schengen
2024,NAM,m,0,Namibia,Africa,Sub-Saharan Africa,non-Schengen
2024,NER,f,28,Niger,Africa,Sub-Saharan Africa,non-Schengen
2024,NER,m,155,Niger,Africa,Sub-Saharan Africa,non-Schengen
2024,NGA,f,455,Nigeria,Africa,Sub-Saharan Africa,non-Schengen
2024,NGA,m,1500,Nigeria,Africa,Sub-Saharan Africa,non-Schengen
2024,NIC,f,10,Nicaragua,Americas,Latin America & Caribbean,non-Schengen
2024,NIC,m,45,Nicaragua,Americas,Latin America & Caribbean,non-Schengen
2024,NLD,f,145,Netherlands,Europe,Europe & Central Asia,Schengen
2024,NLD,m,1062,Netherlands,Europe,Europe & Central Asia,Schengen
2024,NOR,f,37,Norway,Europe,Europe & Central Asia,Schengen
2024,NOR,m,116,Norway,Europe,Europe & Central Asia,Schengen
2024,NPL,f,1475,Nepal,Asia,South Asia,non-Schengen
2024,NPL,m,7823,Nepal,Asia,South Asia,non-Schengen
2024,NZL,f,14,New Zealand,Oceania,East Asia & Pacific,non-Schengen
2024,NZL,m,42,New Zealand,Oceania,East Asia & Pacific,non-Schengen
2024,OMN,f,18,Oman,Asia,Middle East & North Africa,non-Schengen
2024,OMN,m,15,Oman,Asia,Middle East & North Africa,non-Schengen
2024,PAK,f,272,Pakistan,Asia,South Asia,non-Schengen
2024,PAK,m,1471,Pakistan,Asia,South Asia,non-Schengen
2024,PAN,f,4,Panama,Americas,Latin America & Caribbean,non-Schengen
2024,PAN,m,23,Panama,Americas,Latin America & Caribbean,non-Schengen
2024,PCN,f,3,Pitcairn Islands,Oceania,East Asia & Pacific,non-Schengen
2024,PCN,m,4,Pitcairn Islands,Oceania,East Asia & Pacific,non-Schengen
2024,PER,f,181,Peru,Americas,Latin America & Caribbean,non-Schengen
2024,PER,m,443,Peru,Americas,Latin America & Caribbean,non-Schengen
2024,PHL,f,4776,Philippines,Asia,East Asia & Pacific,non-Schengen
2024,PHL,m,9833,Philippines,Asia,East Asia & Pacific,non-Schengen
2024,PLW,f,0,Palau,Oceania,East Asia & Pacific,non-Schengen
2024,PLW,m,0,Palau,Oceania,East Asia & Pacific,non-Schengen
2024,PNG,f,0,Papua New Guinea,Oceania,East Asia & Pacific,non-Schengen
2024,PNG,m,0,Papua New Guinea,Oceania,East Asia & Pacific,non-Schengen
2024,PRI,f,0,Puerto Rico,Americas,other/unknown,non-Schengen
2024,PRI,m,0,Puerto Rico,Americas,other/unknown,non-Schengen
2024,KOR,f,0,South Korea,Asia,East Asia & Pacific,non-Schengen
2024,KOR,m,0,South Korea,Asia,East Asia & Pacific,non-Schengen
2024,PRT,f,244,Portugal,Europe,Europe & Central Asia,Schengen
2024,PRT,m,1437,Portugal,Europe,Europe & Central Asia,Schengen
2024,PRY,f,29,Paraguay,Americas,Latin America & Caribbean,non-Schengen
2024,PRY,m,89,Paraguay,Americas,Latin America & Caribbean,non-Schengen
2024,PSE,f,9,Palestinian Territories,Asia,Middle East & North Africa,non-Schengen
2024,PSE,m,188,Palestinian Territories,Asia,Middle East & North Africa,non-Schengen
2024,ROU,f,1945,Romania,Europe,Europe & Central Asia,non-Schengen
2024,ROU,m,4639,Romania,Europe,Europe & Central Asia,non-Schengen
2024,RUS,f,5652,Russia,Europe,Europe & Central Asia,non-Schengen
2024,RUS,m,6467,Russia,Europe,Europe & Central Asia,non-Schengen
2024,RWA,f,358,Rwanda,Africa,Sub-Saharan Africa,non-Schengen
2024,RWA,m,578,Rwanda,Africa,Sub-Saharan Africa,non-Schengen
2024,SAU,f,10,Saudi Arabia,Asia,Middle East & North Africa,non-Schengen
2024,SAU,m,40,Saudi Arabia,Asia,Middle East & North Africa,non-Schengen
2024,SDN,f,3,Sudan,Africa,Sub-Saharan Africa,non-Schengen
2024,SDN,m,63,Sudan,Africa,Sub-Saharan Africa,non-Schengen
2024,SEN,f,8,Senegal,Africa,Sub-Saharan Africa,non-Schengen
2024,SEN,m,72,Senegal,Africa,Sub-Saharan Africa,non-Schengen
2024,SGP,f,11,Singapore,Asia,East Asia & Pacific,non-Schengen
2024,SGP,m,9,Singapore,Asia,East Asia & Pacific,non-Schengen
2024,SLE,f,4,Sierra Leone,Africa,Sub-Saharan Africa,non-Schengen
2024,SLE,m,13,Sierra Leone,Africa,Sub-Saharan Africa,non-Schengen
2024,SLV,f,12,El Salvador,Americas,Latin America & Caribbean,non-Schengen
2024,SLV,m,29,El Salvador,Americas,Latin America & Caribbean,non-Schengen
2024,SOM,f,5,Somalia,Africa,Sub-Saharan Africa,non-Schengen
2024,SOM,m,28,Somalia,Africa,Sub-Saharan Africa,non-Schengen
2024,SUR,f,6,Suriname,Americas,Latin America & Caribbean,non-Schengen
2024,SUR,m,0,Suriname,Americas,Latin America & Caribbean,non-Schengen
2024,SVK,f,721,Slovakia,Europe,Europe & Central Asia,Schengen
2024,SVK,m,1064,Slovakia,Europe,Europe & Central Asia,Schengen
2024,SVN,f,50,Slovenia,Europe,Europe & Central Asia,Schengen
2024,SVN,m,137,Slovenia,Europe,Europe & Central Asia,Schengen
2024,SWE,f,154,Sweden,Europe,Europe & Central Asia,Schengen
2024,SWE,m,487,Sweden,Europe,Europe & Central Asia,Schengen
2024,SWZ,f,0,Eswatini,Africa,Sub-Saharan Africa,non-Schengen
2024,SWZ,m,0,Eswatini,Africa,Sub-Saharan Africa,non-Schengen
2024,SYC,f,0,Seychelles,Africa,Sub-Saharan Africa,non-Schengen
2024,SYC,m,0,Seychelles,Africa,Sub-Saharan Africa,non-Schengen
2024,SYR,f,93,Syria,Asia,Middle East & North Africa,non-Schengen
2024,SYR,m,627,Syria,Asia,Middle East & North Africa,non-Schengen
2024,TCD,f,0,Chad,Africa,Sub-Saharan Africa,non-Schengen
2024,TCD,m,4,Chad,Africa,Sub-Saharan Africa,non-Schengen
2024,TGO,f,0,Togo,Africa,Sub-Saharan Africa,non-Schengen
2024,TGO,m,20,Togo,Africa,Sub-Saharan Africa,non-Schengen
2024,THA,f,679,Thailand,Asia,East Asia & Pacific,non-Schengen
2024,THA,m,321,Thailand,Asia,East Asia & Pacific,non-Schengen
2024,TJK,f,120,Tajikistan,Asia,Europe & Central Asia,non-Schengen
2024,TJK,m,1392,Tajikistan,Asia,Europe & Central Asia,non-Schengen
2024,TKM,f,289,Turkmenistan,Asia,Europe & Central Asia,non-Schengen
2024,TKM,m,2840,Turkmenistan,Asia,Europe & Central Asia,non-Schengen
2024,TON,f,0,Tonga,Oceania,East Asia & Pacific,non-Schengen
2024,TON,m,0,Tonga,Oceania,East Asia & Pacific,non-Schengen
2024,TUN,f,148,Tunisia,Africa,Middle East & North Africa,non-Schengen
2024,TUN,m,994,Tunisia,Africa,Middle East & North Africa,non-Schengen
2024,TUR,f,1275,Turkey,Asia,Europe & Central Asia,non-Schengen
2024,TUR,m,8492,Turkey,Asia,Europe & Central Asia,non-Schengen
2024,TWN,f,76,Taiwan,Asia,East Asia & Pacific,non-Schengen
2024,TWN,m,56,Taiwan,Asia,East Asia & Pacific,non-Schengen
2024,TZA,f,99,Tanzania,Africa,Sub-Saharan Africa,non-Schengen
2024,TZA,m,150,Tanzania,Africa,Sub-Saharan Africa,non-Schengen
2024,UGA,f,141,Uganda,Africa,Sub-Saharan Africa,non-Schengen
2024,UGA,m,157,Uganda,Africa,Sub-Saharan Africa,non-Schengen
2024,UKR,f,375392,Ukraine,Europe,Europe & Central Asia,non-Schengen
2024,UKR,m,395275,Ukraine,Europe,Europe & Central Asia,non-Schengen
2024,URY,f,23,Uruguay,Americas,Latin America & Caribbean,non-Schengen
2024,URY,m,34,Uruguay,Americas,Latin America & Caribbean,non-Schengen
2024,USA,f,447,United States,Americas,North America,non-Schengen
2024,USA,m,1272,United States,Americas,North America,non-Schengen
2024,UZB,f,488,Uzbekistan,Asia,Europe & Central Asia,non-Schengen
2024,UZB,m,7750,Uzbekistan,Asia,Europe & Central Asia,non-Schengen
2024,VAT,f,3,Vatican City,Europe,Europe & Central Asia,non-Schengen
2024,VAT,m,3,Vatican City,Europe,Europe & Central Asia,non-Schengen
2024,VEN,f,157,Venezuela,Americas,Latin America & Caribbean,non-Schengen
2024,VEN,m,412,Venezuela,Americas,Latin America & Caribbean,non-Schengen
2024,VNM,f,3649,Vietnam,Asia,East Asia & Pacific,non-Schengen
2024,VNM,m,6835,Vietnam,Asia,East Asia & Pacific,non-Schengen
2024,VUT,f,0,Vanuatu,Oceania,East Asia & Pacific,non-Schengen
2024,VUT,m,0,Vanuatu,Oceania,East Asia & Pacific,non-Schengen
2024,XXX,f,2820,unknown,other/unknown,other/unknown,non-Schengen
2024,XXX,m,3990,unknown,other/unknown,other/unknown,non-Schengen
2024,YEM,f,12,Yemen,Asia,Middle East & North Africa,non-Schengen
2024,YEM,m,158,Yemen,Asia,Middle East & North Africa,non-Schengen
2024,ZAF,f,180,South Africa,Africa,Sub-Saharan Africa,non-Schengen
2024,ZAF,m,245,South Africa,Africa,Sub-Saharan Africa,non-Schengen
2024,ZMB,f,64,Zambia,Africa,Sub-Saharan Africa,non-Schengen
2024,ZMB,m,87,Zambia,Africa,Sub-Saharan Africa,non-Schengen
2024,ZWE,f,1217,Zimbabwe,Africa,Sub-Saharan Africa,non-Schengen
2024,ZWE,m,2195,Zimbabwe,Africa,Sub-Saharan Africa,non-Schengen
2022,AFG,f,205,Afghanistan,Asia,South Asia,non-Schengen
2022,AFG,m,388,Afghanistan,Asia,South Asia,non-Schengen
2022,AGO,f,58,Angola,Africa,Sub-Saharan Africa,non-Schengen
2022,AGO,m,138,Angola,Africa,Sub-Saharan Africa,non-Schengen
2022,ALB,f,90,Albania,Europe,Europe & Central Asia,non-Schengen
2022,ALB,m,381,Albania,Europe,Europe & Central Asia,non-Schengen
2022,AND,f,6,Andorra,Europe,Europe & Central Asia,non-Schengen
2022,AND,m,2,Andorra,Europe,Europe & Central Asia,non-Schengen
2022,ARG,f,102,Argentina,Americas,Latin America & Caribbean,non-Schengen
2022,ARG,m,390,Argentina,Americas,Latin America & Caribbean,non-Schengen
2022,ARM,f,952,Armenia,Asia,Europe & Central Asia,non-Schengen
2022,ARM,m,1893,Armenia,Asia,Europe & Central Asia,non-Schengen
2022,AUS,f,34,Australia,Oceania,East Asia & Pacific,non-Schengen
2022,AUS,m,137,Australia,Oceania,East Asia & Pacific,non-Schengen
2022,AUT,f,118,Austria,Europe,Europe & Central Asia,Schengen
2022,AUT,m,277,Austria,Europe,Europe & Central Asia,Schengen
2022,AZE,f,612,Azerbaijan,Asia,Europe & Central Asia,non-Schengen
2022,AZE,m,2894,Azerbaijan,Asia,Europe & Central Asia,non-Schengen
2022,BDI,f,18,Burundi,Africa,Sub-Saharan Africa,non-Schengen
2022,BDI,m,17,Burundi,Africa,Sub-Saharan Africa,non-Schengen
2022,BEL,f,92,Belgium,Europe,Europe & Central Asia,Schengen
2022,BEL,m,456,Belgium,Europe,Europe & Central Asia,Schengen
2022,BEN,f,4,Benin,Africa,Sub-Saharan Africa,non-Schengen
2022,BEN,m,6,Benin,Africa,Sub-Saharan Africa,non-Schengen
2022,BFA,m,5,Burkina Faso,Africa,Sub-Saharan Africa,non-Schengen
2022,BGD,f,104,Bangladesh,Asia,South Asia,non-Schengen
2022,BGD,m,2873,Bangladesh,Asia,South Asia,non-Schengen
2022,BGR,f,781,Bulgaria,Europe,Europe & Central Asia,non-Schengen
2022,BGR,m,1321,Bulgaria,Europe,Europe & Central Asia,non-Schengen
2022,BIH,f,45,Bosnia & Herzegovina,Europe,Europe & Central Asia,non-Schengen
2022,BIH,m,127,Bosnia & Herzegovina,Europe,Europe & Central Asia,non-Schengen
2022,BLR,f,30647,Belarus,Europe,Europe & Central Asia,non-Schengen
2022,BLR,m,86056,Belarus,Europe,Europe & Central Asia,non-Schengen
2022,BOL,f,20,Bolivia,Americas,Latin America & Caribbean,non-Schengen
2022,BOL,m,61,Bolivia,Americas,Latin America & Caribbean,non-Schengen
2022,BRA,f,411,Brazil,Americas,Latin America & Caribbean,non-Schengen
2022,BRA,m,901,Brazil,Americas,Latin America & Caribbean,non-Schengen
2022,BWA,f,7,Botswana,Africa,Sub-Saharan Africa,non-Schengen
2022,BWA,m,2,Botswana,Africa,Sub-Saharan Africa,non-Schengen
2022,CAF,f,1,Central African Republic,Africa,Sub-Saharan Africa,non-Schengen
2022,CAF,m,6,Central African Republic,Africa,Sub-Saharan Africa,non-Schengen
2022,CAN,f,98,Canada,Americas,North America,non-Schengen
2022,CAN,m,213,Canada,Americas,North America,non-Schengen
2022,CHE,f,22,Switzerland,Europe,Europe & Central Asia,Schengen
2022,CHE,m,130,Switzerland,Europe,Europe & Central Asia,Schengen
2022,CHL,f,25,Chile,Americas,Latin America & Caribbean,non-Schengen
2022,CHL,m,124,Chile,Americas,Latin America & Caribbean,non-Schengen
2022,CHN,f,1634,China,Asia,East Asia & Pacific,non-Schengen
2022,CHN,m,2118,China,Asia,East Asia & Pacific,non-Schengen
2022,CIV,f,11,Côte d’Ivoire,Africa,Sub-Saharan Africa,non-Schengen
2022,CIV,m,36,Côte d’Ivoire,Africa,Sub-Saharan Africa,non-Schengen
2022,CMR,f,89,Cameroon,Africa,Sub-Saharan Africa,non-Schengen
2022,CMR,m,235,Cameroon,Africa,Sub-Saharan Africa,non-Schengen
2022,COG,f,87,Congo - Brazzaville,Africa,Sub-Saharan Africa,non-Schengen
2022,COG,m,194,Congo - Brazzaville,Africa,Sub-Saharan Africa,non-Schengen
2022,COL,f,442,Colombia,Americas,Latin America & Caribbean,non-Schengen
2022,COL,m,1252,Colombia,Americas,Latin America & Caribbean,non-Schengen
2022,CPV,f,1,Cape Verde,Africa,Sub-Saharan Africa,non-Schengen
2022,CPV,m,2,Cape Verde,Africa,Sub-Saharan Africa,non-Schengen
2022,CRI,f,43,Costa Rica,Americas,Latin America & Caribbean,non-Schengen
2022,CRI,m,95,Costa Rica,Americas,Latin America & Caribbean,non-Schengen
2022,CUB,f,92,Cuba,Americas,Latin America & Caribbean,non-Schengen
2022,CUB,m,271,Cuba,Americas,Latin America & Caribbean,non-Schengen
2022,CYP,f,16,Cyprus,Asia,Europe & Central Asia,non-Schengen
2022,CYP,m,46,Cyprus,Asia,Europe & Central Asia,non-Schengen
2022,CZE,f,526,Czechia,Europe,Europe & Central Asia,Schengen
2022,CZE,m,938,Czechia,Europe,Europe & Central Asia,Schengen
2022,DEU,f,725,Germany,Europe,Europe & Central Asia,Schengen
2022,DEU,m,2568,Germany,Europe,Europe & Central Asia,Schengen
2022,DNK,f,48,Denmark,Europe,Europe & Central Asia,Schengen
2022,DNK,m,341,Denmark,Europe,Europe & Central Asia,Schengen
2022,DOM,f,11,Dominican Republic,Americas,Latin America & Caribbean,non-Schengen
2022,DOM,m,29,Dominican Republic,Americas,Latin America & Caribbean,non-Schengen
2022,DZA,f,68,Algeria,Africa,Middle East & North Africa,non-Schengen
2022,DZA,m,766,Algeria,Africa,Middle East & North Africa,non-Schengen
2022,ECU,f,38,Ecuador,Americas,Latin America & Caribbean,non-Schengen
2022,ECU,m,66,Ecuador,Americas,Latin America & Caribbean,non-Schengen
2022,EGY,f,97,Egypt,Africa,Middle East & North Africa,non-Schengen
2022,EGY,m,1348,Egypt,Africa,Middle East & North Africa,non-Schengen
2022,ERI,f,5,Eritrea,Africa,Sub-Saharan Africa,non-Schengen
2022,ERI,m,5,Eritrea,Africa,Sub-Saharan Africa,non-Schengen
2022,ESP,f,534,Spain,Europe,Europe & Central Asia,Schengen
2022,ESP,m,2381,Spain,Europe,Europe & Central Asia,Schengen
2022,EST,f,56,Estonia,Europe,Europe & Central Asia,Schengen
2022,EST,m,85,Estonia,Europe,Europe & Central Asia,Schengen
2022,ETH,f,249,Ethiopia,Africa,Sub-Saharan Africa,non-Schengen
2022,ETH,m,509,Ethiopia,Africa,Sub-Saharan Africa,non-Schengen
2022,FIN,f,93,Finland,Europe,Europe & Central Asia,Schengen
2022,FIN,m,271,Finland,Europe,Europe & Central Asia,Schengen
2022,FRA,f,450,France,Europe,Europe & Central Asia,Schengen
2022,FRA,m,2261,France,Europe,Europe & Central Asia,Schengen
2022,GAB,f,8,Gabon,Africa,Sub-Saharan Africa,non-Schengen
2022,GAB,m,2,Gabon,Africa,Sub-Saharan Africa,non-Schengen
2022,GBR,f,381,United Kingdom,Europe,Europe & Central Asia,non-Schengen
2022,GBR,m,2145,United Kingdom,Europe,Europe & Central Asia,non-Schengen
2022,GEO,f,5769,Georgia,Asia,Europe & Central Asia,non-Schengen
2022,GEO,m,26730,Georgia,Asia,Europe & Central Asia,non-Schengen
2022,GHA,f,40,Ghana,Africa,Sub-Saharan Africa,non-Schengen
2022,GHA,m,178,Ghana,Africa,Sub-Saharan Africa,non-Schengen
2022,GIN,f,9,Guinea,Africa,Sub-Saharan Africa,non-Schengen
2022,GIN,m,38,Guinea,Africa,Sub-Saharan Africa,non-Schengen
2022,GMB,f,1,Gambia,Africa,Sub-Saharan Africa,non-Schengen
2022,GMB,m,27,Gambia,Africa,Sub-Saharan Africa,non-Schengen
2022,GRC,f,197,Greece,Europe,Europe & Central Asia,Schengen
2022,GRC,m,741,Greece,Europe,Europe & Central Asia,Schengen
2022,GRD,m,1,Grenada,Americas,Latin America & Caribbean,non-Schengen
2022,GTM,f,59,Guatemala,Americas,Latin America & Caribbean,non-Schengen
2022,GTM,m,151,Guatemala,Americas,Latin America & Caribbean,non-Schengen
2022,GUY,f,2,Guyana,Americas,Latin America & Caribbean,non-Schengen
2022,GUY,m,3,Guyana,Americas,Latin America & Caribbean,non-Schengen
2022,HND,f,10,Honduras,Americas,Latin America & Caribbean,non-Schengen
2022,HND,m,23,Honduras,Americas,Latin America & Caribbean,non-Schengen
2022,HRV,f,120,Croatia,Europe,Europe & Central Asia,non-Schengen
2022,HRV,m,355,Croatia,Europe,Europe & Central Asia,non-Schengen
2022,HTI,f,6,Haiti,Americas,Latin America & Caribbean,non-Schengen
2022,HTI,m,11,Haiti,Americas,Latin America & Caribbean,non-Schengen
2022,HUN,f,434,Hungary,Europe,Europe & Central Asia,Schengen
2022,HUN,m,825,Hungary,Europe,Europe & Central Asia,Schengen
2022,IDN,f,1092,Indonesia,Asia,East Asia & Pacific,non-Schengen
2022,IDN,m,3737,Indonesia,Asia,East Asia & Pacific,non-Schengen
2022,IND,f,2519,India,Asia,South Asia,non-Schengen
2022,IND,m,14424,India,Asia,South Asia,non-Schengen
2022,IRL,f,65,Ireland,Europe,Europe & Central Asia,non-Schengen
2022,IRL,m,413,Ireland,Europe,Europe & Central Asia,non-Schengen
2022,IRN,f,295,Iran,Asia,Middle East & North Africa,non-Schengen
2022,IRN,m,572,Iran,Asia,Middle East & North Africa,non-Schengen
2022,IRQ,f,50,Iraq,Asia,Middle East & North Africa,non-Schengen
2022,IRQ,m,311,Iraq,Asia,Middle East & North Africa,non-Schengen
2022,ISL,f,2,Iceland,Europe,Europe & Central Asia,Schengen
2022,ISL,m,12,Iceland,Europe,Europe & Central Asia,Schengen
2022,ISR,f,53,Israel,Asia,Middle East & North Africa,non-Schengen
2022,ISR,m,291,Israel,Asia,Middle East & North Africa,non-Schengen
2022,ITA,f,794,Italy,Europe,Europe & Central Asia,Schengen
2022,ITA,m,4434,Italy,Europe,Europe & Central Asia,Schengen
2022,JAM,f,8,Jamaica,Americas,Latin America & Caribbean,non-Schengen
2022,JAM,m,15,Jamaica,Americas,Latin America & Caribbean,non-Schengen
2022,JOR,f,44,Jordan,Asia,Middle East & North Africa,non-Schengen
2022,JOR,m,280,Jordan,Asia,Middle East & North Africa,non-Schengen
2022,JPN,f,181,Japan,Asia,East Asia & Pacific,non-Schengen
2022,JPN,m,316,Japan,Asia,East Asia & Pacific,non-Schengen
2022,KAZ,f,1140,Kazakhstan,Asia,Europe & Central Asia,non-Schengen
2022,KAZ,m,1950,Kazakhstan,Asia,Europe & Central Asia,non-Schengen
2022,KEN,f,261,Kenya,Africa,Sub-Saharan Africa,non-Schengen
2022,KEN,m,393,Kenya,Africa,Sub-Saharan Africa,non-Schengen
2022,KGZ,f,277,Kyrgyzstan,Asia,Europe & Central Asia,non-Schengen
2022,KGZ,m,1269,Kyrgyzstan,Asia,Europe & Central Asia,non-Schengen
2022,KHM,f,8,Cambodia,Asia,East Asia & Pacific,non-Schengen
2022,KHM,m,8,Cambodia,Asia,East Asia & Pacific,non-Schengen
2022,KOR,f,163,South Korea,Asia,East Asia & Pacific,non-Schengen
2022,KOR,m,535,South Korea,Asia,East Asia & Pacific,non-Schengen
2022,KWT,f,1,Kuwait,Asia,Middle East & North Africa,non-Schengen
2022,KWT,m,13,Kuwait,Asia,Middle East & North Africa,non-Schengen
2022,LAO,f,1,Laos,Asia,East Asia & Pacific,non-Schengen
2022,LAO,m,7,Laos,Asia,East Asia & Pacific,non-Schengen
2022,LBN,f,59,Lebanon,Asia,Middle East & North Africa,non-Schengen
2022,LBN,m,309,Lebanon,Asia,Middle East & North Africa,non-Schengen
2022,LBR,m,5,Liberia,Africa,Sub-Saharan Africa,non-Schengen
2022,LBY,f,7,Libya,Africa,Middle East & North Africa,non-Schengen
2022,LBY,m,74,Libya,Africa,Middle East & North Africa,non-Schengen
2022,LKA,f,56,Sri Lanka,Asia,South Asia,non-Schengen
2022,LKA,m,263,Sri Lanka,Asia,South Asia,non-Schengen
2022,LTU,f,922,Lithuania,Europe,Europe & Central Asia,Schengen
2022,LTU,m,1072,Lithuania,Europe,Europe & Central Asia,Schengen
2022,LUX,f,3,Luxembourg,Europe,Europe & Central Asia,Schengen
2022,LUX,m,12,Luxembourg,Europe,Europe & Central Asia,Schengen
2022,LVA,f,309,Latvia,Europe,Europe & Central Asia,Schengen
2022,LVA,m,551,Latvia,Europe,Europe & Central Asia,Schengen
2022,MAR,f,153,Morocco,Africa,Middle East & North Africa,non-Schengen
2022,MAR,m,806,Morocco,Africa,Middle East & North Africa,non-Schengen
2022,MDA,f,4630,Moldova,Europe,Europe & Central Asia,non-Schengen
2022,MDA,m,11836,Moldova,Europe,Europe & Central Asia,non-Schengen
2022,MDG,f,9,Madagascar,Africa,Sub-Saharan Africa,non-Schengen
2022,MDG,m,24,Madagascar,Africa,Sub-Saharan Africa,non-Schengen
2022,MEX,f,251,Mexico,Americas,Latin America & Caribbean,non-Schengen
2022,MEX,m,654,Mexico,Americas,Latin America & Caribbean,non-Schengen
2022,MKD,f,54,North Macedonia,Europe,Europe & Central Asia,non-Schengen
2022,MKD,m,168,North Macedonia,Europe,Europe & Central Asia,non-Schengen
2022,MLI,f,6,Mali,Africa,Sub-Saharan Africa,non-Schengen
2022,MLI,m,32,Mali,Africa,Sub-Saharan Africa,non-Schengen
2022,MLT,f,11,Malta,Europe,Middle East & North Africa,Schengen
2022,MLT,m,29,Malta,Europe,Middle East & North Africa,Schengen
2022,MMR,f,9,Myanmar (Burma),Asia,East Asia & Pacific,non-Schengen
2022,MMR,m,12,Myanmar (Burma),Asia,East Asia & Pacific,non-Schengen
2022,MNG,f,179,Mongolia,Asia,East Asia & Pacific,non-Schengen
2022,MNG,m,144,Mongolia,Asia,East Asia & Pacific,non-Schengen
2022,MOZ,f,19,Mozambique,Africa,Sub-Saharan Africa,non-Schengen
2022,MOZ,m,24,Mozambique,Africa,Sub-Saharan Africa,non-Schengen
2022,MRT,f,5,Mauritania,Africa,Sub-Saharan Africa,non-Schengen
2022,MRT,m,11,Mauritania,Africa,Sub-Saharan Africa,non-Schengen
2022,MUS,f,11,Mauritius,Africa,Sub-Saharan Africa,non-Schengen
2022,MUS,m,40,Mauritius,Africa,Sub-Saharan Africa,non-Schengen
2022,MYS,f,58,Malaysia,Asia,East Asia & Pacific,non-Schengen
2022,MYS,m,72,Malaysia,Asia,East Asia & Pacific,non-Schengen
2022,NAM,f,7,Namibia,Africa,Sub-Saharan Africa,non-Schengen
2022,NAM,m,3,Namibia,Africa,Sub-Saharan Africa,non-Schengen
2022,NER,f,29,Niger,Africa,Sub-Saharan Africa,non-Schengen
2022,NER,m,107,Niger,Africa,Sub-Saharan Africa,non-Schengen
2022,NGA,f,373,Nigeria,Africa,Sub-Saharan Africa,non-Schengen
2022,NGA,m,1306,Nigeria,Africa,Sub-Saharan Africa,non-Schengen
2022,NIC,f,8,Nicaragua,Americas,Latin America & Caribbean,non-Schengen
2022,NIC,m,20,Nicaragua,Americas,Latin America & Caribbean,non-Schengen
2022,NLD,f,121,Netherlands,Europe,Europe & Central Asia,Schengen
2022,NLD,m,1027,Netherlands,Europe,Europe & Central Asia,Schengen
2022,NOR,f,30,Norway,Europe,Europe & Central Asia,Schengen
2022,NOR,m,111,Norway,Europe,Europe & Central Asia,Schengen
2022,NPL,f,492,Nepal,Asia,South Asia,non-Schengen
2022,NPL,m,2723,Nepal,Asia,South Asia,non-Schengen
2022,NZL,f,9,New Zealand,Oceania,East Asia & Pacific,non-Schengen
2022,NZL,m,38,New Zealand,Oceania,East Asia & Pacific,non-Schengen
2022,PAK,f,161,Pakistan,Asia,South Asia,non-Schengen
2022,PAK,m,973,Pakistan,Asia,South Asia,non-Schengen
2022,PAN,f,3,Panama,Americas,Latin America & Caribbean,non-Schengen
2022,PAN,m,22,Panama,Americas,Latin America & Caribbean,non-Schengen
2022,PER,f,93,Peru,Americas,Latin America & Caribbean,non-Schengen
2022,PER,m,204,Peru,Americas,Latin America & Caribbean,non-Schengen
2022,PHL,f,2749,Philippines,Asia,East Asia & Pacific,non-Schengen
2022,PHL,m,4636,Philippines,Asia,East Asia & Pacific,non-Schengen
2022,PNG,f,2,Papua New Guinea,Oceania,East Asia & Pacific,non-Schengen
2022,PNG,m,1,Papua New Guinea,Oceania,East Asia & Pacific,non-Schengen
2022,PRT,f,223,Portugal,Europe,Europe & Central Asia,Schengen
2022,PRT,m,1338,Portugal,Europe,Europe & Central Asia,Schengen
2022,PRY,f,10,Paraguay,Americas,Latin America & Caribbean,non-Schengen
2022,PRY,m,19,Paraguay,Americas,Latin America & Caribbean,non-Schengen
2022,PSE,f,13,Palestinian Territories,Asia,Middle East & North Africa,non-Schengen
2022,PSE,m,143,Palestinian Territories,Asia,Middle East & North Africa,non-Schengen
2022,QAT,m,31,Qatar,Asia,Middle East & North Africa,non-Schengen
2022,ROU,f,2451,Romania,Europe,Europe & Central Asia,non-Schengen
2022,ROU,m,3882,Romania,Europe,Europe & Central Asia,non-Schengen
2022,RUS,f,5436,Russia,Europe,Europe & Central Asia,non-Schengen
2022,RUS,m,7325,Russia,Europe,Europe & Central Asia,non-Schengen
2022,RWA,f,381,Rwanda,Africa,Sub-Saharan Africa,non-Schengen
2022,RWA,m,549,Rwanda,Africa,Sub-Saharan Africa,non-Schengen
2022,SAU,f,12,Saudi Arabia,Asia,Middle East & North Africa,non-Schengen
2022,SAU,m,41,Saudi Arabia,Asia,Middle East & North Africa,non-Schengen
2022,SDN,f,13,Sudan,Africa,Sub-Saharan Africa,non-Schengen
2022,SDN,m,47,Sudan,Africa,Sub-Saharan Africa,non-Schengen
2022,SEN,f,13,Senegal,Africa,Sub-Saharan Africa,non-Schengen
2022,SEN,m,57,Senegal,Africa,Sub-Saharan Africa,non-Schengen
2022,SGP,f,14,Singapore,Asia,East Asia & Pacific,non-Schengen
2022,SGP,m,16,Singapore,Asia,East Asia & Pacific,non-Schengen
2022,SLE,f,7,Sierra Leone,Africa,Sub-Saharan Africa,non-Schengen
2022,SLE,m,11,Sierra Leone,Africa,Sub-Saharan Africa,non-Schengen
2022,SLV,f,10,El Salvador,Americas,Latin America & Caribbean,non-Schengen
2022,SLV,m,23,El Salvador,Americas,Latin America & Caribbean,non-Schengen
2022,SOM,f,6,Somalia,Africa,Sub-Saharan Africa,non-Schengen
2022,SOM,m,21,Somalia,Africa,Sub-Saharan Africa,non-Schengen
2022,STP,f,1,São Tomé & Príncipe,Africa,Sub-Saharan Africa,non-Schengen
2022,STP,m,2,São Tomé & Príncipe,Africa,Sub-Saharan Africa,non-Schengen
2022,SUR,f,8,Suriname,Americas,Latin America & Caribbean,non-Schengen
2022,SUR,m,8,Suriname,Americas,Latin America & Caribbean,non-Schengen
2022,SVK,f,734,Slovakia,Europe,Europe & Central Asia,Schengen
2022,SVK,m,1034,Slovakia,Europe,Europe & Central Asia,Schengen
2022,SVN,f,61,Slovenia,Europe,Europe & Central Asia,Schengen
2022,SVN,m,134,Slovenia,Europe,Europe & Central Asia,Schengen
2022,SWE,f,123,Sweden,Europe,Europe & Central Asia,Schengen
2022,SWE,m,438,Sweden,Europe,Europe & Central Asia,Schengen
2022,SYR,f,77,Syria,Asia,Middle East & North Africa,non-Schengen
2022,SYR,m,413,Syria,Asia,Middle East & North Africa,non-Schengen
2022,TCD,f,2,Chad,Africa,Sub-Saharan Africa,non-Schengen
2022,TCD,m,3,Chad,Africa,Sub-Saharan Africa,non-Schengen
2022,TGO,m,22,Togo,Africa,Sub-Saharan Africa,non-Schengen
2022,THA,f,514,Thailand,Asia,East Asia & Pacific,non-Schengen
2022,THA,m,218,Thailand,Asia,East Asia & Pacific,non-Schengen
2022,TJK,f,108,Tajikistan,Asia,Europe & Central Asia,non-Schengen
2022,TJK,m,767,Tajikistan,Asia,Europe & Central Asia,non-Schengen
2022,TKM,f,253,Turkmenistan,Asia,Europe & Central Asia,non-Schengen
2022,TKM,m,1601,Turkmenistan,Asia,Europe & Central Asia,non-Schengen
2022,TTO,f,5,Trinidad & Tobago,Americas,Latin America & Caribbean,non-Schengen
2022,TTO,m,4,Trinidad & Tobago,Americas,Latin America & Caribbean,non-Schengen
2022,TUN,f,123,Tunisia,Africa,Middle East & North Africa,non-Schengen
2022,TUN,m,730,Tunisia,Africa,Middle East & North Africa,non-Schengen
2022,TUR,f,895,Turkey,Asia,Europe & Central Asia,non-Schengen
2022,TUR,m,6811,Turkey,Asia,Europe & Central Asia,non-Schengen
2022,TWN,f,75,Taiwan,Asia,East Asia & Pacific,non-Schengen
2022,TWN,m,49,Taiwan,Asia,East Asia & Pacific,non-Schengen
2022,TZA,f,78,Tanzania,Africa,Sub-Saharan Africa,non-Schengen
2022,TZA,m,107,Tanzania,Africa,Sub-Saharan Africa,non-Schengen
2022,UGA,f,120,Uganda,Africa,Sub-Saharan Africa,non-Schengen
2022,UGA,m,136,Uganda,Africa,Sub-Saharan Africa,non-Schengen
2022,UKR,f,414422,Ukraine,Europe,Europe & Central Asia,non-Schengen
2022,UKR,m,420246,Ukraine,Europe,Europe & Central Asia,non-Schengen
2022,UNKNOWN,m,1,unknown,other/unknown,other/unknown,non-Schengen
2022,URY,f,26,Uruguay,Americas,Latin America & Caribbean,non-Schengen
2022,URY,m,45,Uruguay,Americas,Latin America & Caribbean,non-Schengen
2022,USA,f,461,United States,Americas,North America,non-Schengen
2022,USA,m,1151,United States,Americas,North America,non-Schengen
2022,UZB,f,417,Uzbekistan,Asia,Europe & Central Asia,non-Schengen
2022,UZB,m,4927,Uzbekistan,Asia,Europe & Central Asia,non-Schengen
2022,VAT,m,4,Vatican City,Europe,Europe & Central Asia,non-Schengen
2022,VEN,f,83,Venezuela,Americas,Latin America & Caribbean,non-Schengen
2022,VEN,m,219,Venezuela,Americas,Latin America & Caribbean,non-Schengen
2022,VGB,f,2,British Virgin Islands,Americas,Latin America & Caribbean,non-Schengen
2022,VGB,m,7,British Virgin Islands,Americas,Latin America & Caribbean,non-Schengen
2022,VNM,f,2807,Vietnam,Asia,East Asia & Pacific,non-Schengen
2022,VNM,m,4732,Vietnam,Asia,East Asia & Pacific,non-Schengen
2022,YEM,f,8,Yemen,Asia,Middle East & North Africa,non-Schengen
2022,YEM,m,106,Yemen,Asia,Middle East & North Africa,non-Schengen
2022,YUG,f,2,Yugoslavia,Europe,Europe & Central Asia,non-Schengen
2022,YUG,m,11,Yugoslavia,Europe,Europe & Central Asia,non-Schengen
2022,ZAF,f,152,South Africa,Africa,Sub-Saharan Africa,non-Schengen
2022,ZAF,m,181,South Africa,Africa,Sub-Saharan Africa,non-Schengen
2022,ZMB,f,36,Zambia,Africa,Sub-Saharan Africa,non-Schengen
2022,ZMB,m,38,Zambia,Africa,Sub-Saharan Africa,non-Schengen
2022,ZWE,f,849,Zimbabwe,Africa,Sub-Saharan Africa,non-Schengen
2022,ZWE,m,796,Zimbabwe,Africa,Sub-Saharan Africa,non-Schengen
2023,AFG,f,211,Afghanistan,Asia,South Asia,non-Schengen
2023,AFG,m,395,Afghanistan,Asia,South Asia,non-Schengen
2023,AGO,f,57,Angola,Africa,Sub-Saharan Africa,non-Schengen
2023,AGO,m,147,Angola,Africa,Sub-Saharan Africa,non-Schengen
2023,ALB,f,104,Albania,Europe,Europe & Central Asia,non-Schengen
2023,ALB,m,486,Albania,Europe,Europe & Central Asia,non-Schengen
2023,AND,f,7,Andorra,Europe,Europe & Central Asia,non-Schengen
2023,AND,m,2,Andorra,Europe,Europe & Central Asia,non-Schengen
2023,ARG,f,191,Argentina,Americas,Latin America & Caribbean,non-Schengen
2023,ARG,m,706,Argentina,Americas,Latin America & Caribbean,non-Schengen
2023,ARM,f,1038,Armenia,Asia,Europe & Central Asia,non-Schengen
2023,ARM,m,2066,Armenia,Asia,Europe & Central Asia,non-Schengen
2023,AUS,f,30,Australia,Oceania,East Asia & Pacific,non-Schengen
2023,AUS,m,133,Australia,Oceania,East Asia & Pacific,non-Schengen
2023,AUT,f,113,Austria,Europe,Europe & Central Asia,Schengen
2023,AUT,m,301,Austria,Europe,Europe & Central Asia,Schengen
2023,AZE,f,805,Azerbaijan,Asia,Europe & Central Asia,non-Schengen
2023,AZE,m,3871,Azerbaijan,Asia,Europe & Central Asia,non-Schengen
2023,BDI,f,26,Burundi,Africa,Sub-Saharan Africa,non-Schengen
2023,BDI,m,31,Burundi,Africa,Sub-Saharan Africa,non-Schengen
2023,BEL,f,80,Belgium,Europe,Europe & Central Asia,Schengen
2023,BEL,m,463,Belgium,Europe,Europe & Central Asia,Schengen
2023,BEN,f,3,Benin,Africa,Sub-Saharan Africa,non-Schengen
2023,BEN,m,5,Benin,Africa,Sub-Saharan Africa,non-Schengen
2023,BFA,f,1,Burkina Faso,Africa,Sub-Saharan Africa,non-Schengen
2023,BFA,m,5,Burkina Faso,Africa,Sub-Saharan Africa,non-Schengen
2023,BGD,f,137,Bangladesh,Asia,South Asia,non-Schengen
2023,BGD,m,4513,Bangladesh,Asia,South Asia,non-Schengen
2023,BGR,f,771,Bulgaria,Europe,Europe & Central Asia,non-Schengen
2023,BGR,m,1287,Bulgaria,Europe,Europe & Central Asia,non-Schengen
2023,BIH,f,37,Bosnia & Herzegovina,Europe,Europe & Central Asia,non-Schengen
2023,BIH,m,119,Bosnia & Herzegovina,Europe,Europe & Central Asia,non-Schengen
2023,BLR,f,36582,Belarus,Europe,Europe & Central Asia,non-Schengen
2023,BLR,m,99636,Belarus,Europe,Europe & Central Asia,non-Schengen
2023,BOL,f,19,Bolivia,Americas,Latin America & Caribbean,non-Schengen
2023,BOL,m,55,Bolivia,Americas,Latin America & Caribbean,non-Schengen
2023,BRA,f,423,Brazil,Americas,Latin America & Caribbean,non-Schengen
2023,BRA,m,908,Brazil,Americas,Latin America & Caribbean,non-Schengen
2023,BWA,f,9,Botswana,Africa,Sub-Saharan Africa,non-Schengen
2023,BWA,m,3,Botswana,Africa,Sub-Saharan Africa,non-Schengen
2023,CAF,f,2,Central African Republic,Africa,Sub-Saharan Africa,non-Schengen
2023,CAF,m,6,Central African Republic,Africa,Sub-Saharan Africa,non-Schengen
2023,CAN,f,93,Canada,Americas,North America,non-Schengen
2023,CAN,m,211,Canada,Americas,North America,non-Schengen
2023,CHE,f,26,Switzerland,Europe,Europe & Central Asia,Schengen
2023,CHE,m,125,Switzerland,Europe,Europe & Central Asia,Schengen
2023,CHL,f,29,Chile,Americas,Latin America & Caribbean,non-Schengen
2023,CHL,m,137,Chile,Americas,Latin America & Caribbean,non-Schengen
2023,CHN,f,1694,China,Asia,East Asia & Pacific,non-Schengen
2023,CHN,m,2290,China,Asia,East Asia & Pacific,non-Schengen
2023,CIV,f,11,Côte d’Ivoire,Africa,Sub-Saharan Africa,non-Schengen
2023,CIV,m,36,Côte d’Ivoire,Africa,Sub-Saharan Africa,non-Schengen
2023,CMR,f,101,Cameroon,Africa,Sub-Saharan Africa,non-Schengen
2023,CMR,m,264,Cameroon,Africa,Sub-Saharan Africa,non-Schengen
2023,COD,m,1,Congo - Kinshasa,Africa,Sub-Saharan Africa,non-Schengen
2023,COG,f,100,Congo - Brazzaville,Africa,Sub-Saharan Africa,non-Schengen
2023,COG,m,230,Congo - Brazzaville,Africa,Sub-Saharan Africa,non-Schengen
2023,COL,f,1464,Colombia,Americas,Latin America & Caribbean,non-Schengen
2023,COL,m,4071,Colombia,Americas,Latin America & Caribbean,non-Schengen
2023,CPV,f,1,Cape Verde,Africa,Sub-Saharan Africa,non-Schengen
2023,CPV,m,4,Cape Verde,Africa,Sub-Saharan Africa,non-Schengen
2023,CRI,f,56,Costa Rica,Americas,Latin America & Caribbean,non-Schengen
2023,CRI,m,107,Costa Rica,Americas,Latin America & Caribbean,non-Schengen
2023,CUB,f,135,Cuba,Americas,Latin America & Caribbean,non-Schengen
2023,CUB,m,361,Cuba,Americas,Latin America & Caribbean,non-Schengen
2023,CYP,f,12,Cyprus,Asia,Europe & Central Asia,non-Schengen
2023,CYP,m,47,Cyprus,Asia,Europe & Central Asia,non-Schengen
2023,CZE,f,510,Czechia,Europe,Europe & Central Asia,Schengen
2023,CZE,m,913,Czechia,Europe,Europe & Central Asia,Schengen
2023,DEU,f,724,Germany,Europe,Europe & Central Asia,Schengen
2023,DEU,m,2620,Germany,Europe,Europe & Central Asia,Schengen
2023,DNK,f,38,Denmark,Europe,Europe & Central Asia,Schengen
2023,DNK,m,309,Denmark,Europe,Europe & Central Asia,Schengen
2023,DOM,f,10,Dominican Republic,Americas,Latin America & Caribbean,non-Schengen
2023,DOM,m,36,Dominican Republic,Americas,Latin America & Caribbean,non-Schengen
2023,DZA,f,103,Algeria,Africa,Middle East & North Africa,non-Schengen
2023,DZA,m,953,Algeria,Africa,Middle East & North Africa,non-Schengen
2023,ECU,f,44,Ecuador,Americas,Latin America & Caribbean,non-Schengen
2023,ECU,m,77,Ecuador,Americas,Latin America & Caribbean,non-Schengen
2023,EGY,f,126,Egypt,Africa,Middle East & North Africa,non-Schengen
2023,EGY,m,1496,Egypt,Africa,Middle East & North Africa,non-Schengen
2023,ERI,f,4,Eritrea,Africa,Sub-Saharan Africa,non-Schengen
2023,ERI,m,11,Eritrea,Africa,Sub-Saharan Africa,non-Schengen
2023,ESP,f,511,Spain,Europe,Europe & Central Asia,Schengen
2023,ESP,m,2337,Spain,Europe,Europe & Central Asia,Schengen
2023,EST,f,60,Estonia,Europe,Europe & Central Asia,Schengen
2023,EST,m,90,Estonia,Europe,Europe & Central Asia,Schengen
2023,ETH,f,301,Ethiopia,Africa,Sub-Saharan Africa,non-Schengen
2023,ETH,m,582,Ethiopia,Africa,Sub-Saharan Africa,non-Schengen
2023,FIN,f,89,Finland,Europe,Europe & Central Asia,Schengen
2023,FIN,m,265,Finland,Europe,Europe & Central Asia,Schengen
2023,FRA,f,457,France,Europe,Europe & Central Asia,Schengen
2023,FRA,m,2237,France,Europe,Europe & Central Asia,Schengen
2023,GAB,f,10,Gabon,Africa,Sub-Saharan Africa,non-Schengen
2023,GAB,m,2,Gabon,Africa,Sub-Saharan Africa,non-Schengen
2023,GBR,f,335,United Kingdom,Europe,Europe & Central Asia,non-Schengen
2023,GBR,m,2079,United Kingdom,Europe,Europe & Central Asia,non-Schengen
2023,GEO,f,5544,Georgia,Asia,Europe & Central Asia,non-Schengen
2023,GEO,m,24882,Georgia,Asia,Europe & Central Asia,non-Schengen
2023,GHA,f,55,Ghana,Africa,Sub-Saharan Africa,non-Schengen
2023,GHA,m,201,Ghana,Africa,Sub-Saharan Africa,non-Schengen
2023,GIN,f,13,Guinea,Africa,Sub-Saharan Africa,non-Schengen
2023,GIN,m,46,Guinea,Africa,Sub-Saharan Africa,non-Schengen
2023,GMB,f,5,Gambia,Africa,Sub-Saharan Africa,non-Schengen
2023,GMB,m,48,Gambia,Africa,Sub-Saharan Africa,non-Schengen
2023,GRC,f,200,Greece,Europe,Europe & Central Asia,Schengen
2023,GRC,m,743,Greece,Europe,Europe & Central Asia,Schengen
2023,GRD,m,2,Grenada,Americas,Latin America & Caribbean,non-Schengen
2023,GTM,f,53,Guatemala,Americas,Latin America & Caribbean,non-Schengen
2023,GTM,m,139,Guatemala,Americas,Latin America & Caribbean,non-Schengen
2023,GUY,f,2,Guyana,Americas,Latin America & Caribbean,non-Schengen
2023,GUY,m,5,Guyana,Americas,Latin America & Caribbean,non-Schengen
2023,HND,f,10,Honduras,Americas,Latin America & Caribbean,non-Schengen
2023,HND,m,25,Honduras,Americas,Latin America & Caribbean,non-Schengen
2023,HRV,f,130,Croatia,Europe,Europe & Central Asia,Schengen
2023,HRV,m,356,Croatia,Europe,Europe & Central Asia,Schengen
2023,HTI,f,16,Haiti,Americas,Latin America & Caribbean,non-Schengen
2023,HTI,m,16,Haiti,Americas,Latin America & Caribbean,non-Schengen
2023,HUN,f,414,Hungary,Europe,Europe & Central Asia,Schengen
2023,HUN,m,831,Hungary,Europe,Europe & Central Asia,Schengen
2023,IDN,f,1375,Indonesia,Asia,East Asia & Pacific,non-Schengen
2023,IDN,m,4825,Indonesia,Asia,East Asia & Pacific,non-Schengen
2023,IND,f,2860,India,Asia,South Asia,non-Schengen
2023,IND,m,19166,India,Asia,South Asia,non-Schengen
2023,IRL,f,71,Ireland,Europe,Europe & Central Asia,non-Schengen
2023,IRL,m,416,Ireland,Europe,Europe & Central Asia,non-Schengen
2023,IRN,f,347,Iran,Asia,Middle East & North Africa,non-Schengen
2023,IRN,m,635,Iran,Asia,Middle East & North Africa,non-Schengen
2023,IRQ,f,58,Iraq,Asia,Middle East & North Africa,non-Schengen
2023,IRQ,m,325,Iraq,Asia,Middle East & North Africa,non-Schengen
2023,ISL,f,3,Iceland,Europe,Europe & Central Asia,Schengen
2023,ISL,m,12,Iceland,Europe,Europe & Central Asia,Schengen
2023,ISR,f,63,Israel,Asia,Middle East & North Africa,non-Schengen
2023,ISR,m,334,Israel,Asia,Middle East & North Africa,non-Schengen
2023,ITA,f,817,Italy,Europe,Europe & Central Asia,Schengen
2023,ITA,m,4528,Italy,Europe,Europe & Central Asia,Schengen
2023,JAM,f,4,Jamaica,Americas,Latin America & Caribbean,non-Schengen
2023,JAM,m,16,Jamaica,Americas,Latin America & Caribbean,non-Schengen
2023,JOR,f,47,Jordan,Asia,Middle East & North Africa,non-Schengen
2023,JOR,m,279,Jordan,Asia,Middle East & North Africa,non-Schengen
2023,JPN,f,174,Japan,Asia,East Asia & Pacific,non-Schengen
2023,JPN,m,326,Japan,Asia,East Asia & Pacific,non-Schengen
2023,KAZ,f,1426,Kazakhstan,Asia,Europe & Central Asia,non-Schengen
2023,KAZ,m,2561,Kazakhstan,Asia,Europe & Central Asia,non-Schengen
2023,KEN,f,313,Kenya,Africa,Sub-Saharan Africa,non-Schengen
2023,KEN,m,507,Kenya,Africa,Sub-Saharan Africa,non-Schengen
2023,KGZ,f,399,Kyrgyzstan,Asia,Europe & Central Asia,non-Schengen
2023,KGZ,m,1823,Kyrgyzstan,Asia,Europe & Central Asia,non-Schengen
2023,KHM,f,8,Cambodia,Asia,East Asia & Pacific,non-Schengen
2023,KHM,m,6,Cambodia,Asia,East Asia & Pacific,non-Schengen
2023,KOR,f,208,South Korea,Asia,East Asia & Pacific,non-Schengen
2023,KOR,m,779,South Korea,Asia,East Asia & Pacific,non-Schengen
2023,KWT,f,1,Kuwait,Asia,Middle East & North Africa,non-Schengen
2023,KWT,m,7,Kuwait,Asia,Middle East & North Africa,non-Schengen
2023,LAO,f,2,Laos,Asia,East Asia & Pacific,non-Schengen
2023,LAO,m,7,Laos,Asia,East Asia & Pacific,non-Schengen
2023,LBN,f,71,Lebanon,Asia,Middle East & North Africa,non-Schengen
2023,LBN,m,328,Lebanon,Asia,Middle East & North Africa,non-Schengen
2023,LBR,f,1,Liberia,Africa,Sub-Saharan Africa,non-Schengen
2023,LBR,m,2,Liberia,Africa,Sub-Saharan Africa,non-Schengen
2023,LBY,f,8,Libya,Africa,Middle East & North Africa,non-Schengen
2023,LBY,m,76,Libya,Africa,Middle East & North Africa,non-Schengen
2023,LKA,f,72,Sri Lanka,Asia,South Asia,non-Schengen
2023,LKA,m,462,Sri Lanka,Asia,South Asia,non-Schengen
2023,LTU,f,907,Lithuania,Europe,Europe & Central Asia,Schengen
2023,LTU,m,1054,Lithuania,Europe,Europe & Central Asia,Schengen
2023,LUX,f,4,Luxembourg,Europe,Europe & Central Asia,Schengen
2023,LUX,m,13,Luxembourg,Europe,Europe & Central Asia,Schengen
2023,LVA,f,357,Latvia,Europe,Europe & Central Asia,Schengen
2023,LVA,m,616,Latvia,Europe,Europe & Central Asia,Schengen
2023,MAR,f,186,Morocco,Africa,Middle East & North Africa,non-Schengen
2023,MAR,m,889,Morocco,Africa,Middle East & North Africa,non-Schengen
2023,MDA,f,4609,Moldova,Europe,Europe & Central Asia,non-Schengen
2023,MDA,m,11331,Moldova,Europe,Europe & Central Asia,non-Schengen
2023,MDG,f,10,Madagascar,Africa,Sub-Saharan Africa,non-Schengen
2023,MDG,m,28,Madagascar,Africa,Sub-Saharan Africa,non-Schengen
2023,MEX,f,249,Mexico,Americas,Latin America & Caribbean,non-Schengen
2023,MEX,m,634,Mexico,Americas,Latin America & Caribbean,non-Schengen
2023,MKD,f,52,North Macedonia,Europe,Europe & Central Asia,non-Schengen
2023,MKD,m,167,North Macedonia,Europe,Europe & Central Asia,non-Schengen
2023,MLI,f,7,Mali,Africa,Sub-Saharan Africa,non-Schengen
2023,MLI,m,35,Mali,Africa,Sub-Saharan Africa,non-Schengen
2023,MLT,f,6,Malta,Europe,Middle East & North Africa,Schengen
2023,MLT,m,28,Malta,Europe,Middle East & North Africa,Schengen
2023,MMR,f,22,Myanmar (Burma),Asia,East Asia & Pacific,non-Schengen
2023,MMR,m,27,Myanmar (Burma),Asia,East Asia & Pacific,non-Schengen
2023,MNG,f,249,Mongolia,Asia,East Asia & Pacific,non-Schengen
2023,MNG,m,219,Mongolia,Asia,East Asia & Pacific,non-Schengen
2023,MOZ,f,29,Mozambique,Africa,Sub-Saharan Africa,non-Schengen
2023,MOZ,m,30,Mozambique,Africa,Sub-Saharan Africa,non-Schengen
2023,MRT,f,3,Mauritania,Africa,Sub-Saharan Africa,non-Schengen
2023,MRT,m,9,Mauritania,Africa,Sub-Saharan Africa,non-Schengen
2023,MUS,f,13,Mauritius,Africa,Sub-Saharan Africa,non-Schengen
2023,MUS,m,45,Mauritius,Africa,Sub-Saharan Africa,non-Schengen
2023,MYS,f,63,Malaysia,Asia,East Asia & Pacific,non-Schengen
2023,MYS,m,70,Malaysia,Asia,East Asia & Pacific,non-Schengen
2023,NAM,f,4,Namibia,Africa,Sub-Saharan Africa,non-Schengen
2023,NAM,m,3,Namibia,Africa,Sub-Saharan Africa,non-Schengen
2023,NER,f,41,Niger,Africa,Sub-Saharan Africa,non-Schengen
2023,NER,m,105,Niger,Africa,Sub-Saharan Africa,non-Schengen
2023,NGA,f,461,Nigeria,Africa,Sub-Saharan Africa,non-Schengen
2023,NGA,m,1505,Nigeria,Africa,Sub-Saharan Africa,non-Schengen
2023,NIC,f,7,Nicaragua,Americas,Latin America & Caribbean,non-Schengen
2023,NIC,m,45,Nicaragua,Americas,Latin America & Caribbean,non-Schengen
2023,NLD,f,114,Netherlands,Europe,Europe & Central Asia,Schengen
2023,NLD,m,1003,Netherlands,Europe,Europe & Central Asia,Schengen
2023,NOR,f,33,Norway,Europe,Europe & Central Asia,Schengen
2023,NOR,m,114,Norway,Europe,Europe & Central Asia,Schengen
2023,NPL,f,1096,Nepal,Asia,South Asia,non-Schengen
2023,NPL,m,5732,Nepal,Asia,South Asia,non-Schengen
2023,NZL,f,9,New Zealand,Oceania,East Asia & Pacific,non-Schengen
2023,NZL,m,33,New Zealand,Oceania,East Asia & Pacific,non-Schengen
2023,PAK,f,230,Pakistan,Asia,South Asia,non-Schengen
2023,PAK,m,1277,Pakistan,Asia,South Asia,non-Schengen
2023,PAN,f,5,Panama,Americas,Latin America & Caribbean,non-Schengen
2023,PAN,m,26,Panama,Americas,Latin America & Caribbean,non-Schengen
2023,PER,f,157,Peru,Americas,Latin America & Caribbean,non-Schengen
2023,PER,m,379,Peru,Americas,Latin America & Caribbean,non-Schengen
2023,PHL,f,3954,Philippines,Asia,East Asia & Pacific,non-Schengen
2023,PHL,m,6842,Philippines,Asia,East Asia & Pacific,non-Schengen
2023,PNG,f,2,Papua New Guinea,Oceania,East Asia & Pacific,non-Schengen
2023,PNG,m,1,Papua New Guinea,Oceania,East Asia & Pacific,non-Schengen
2023,PRT,f,213,Portugal,Europe,Europe & Central Asia,Schengen
2023,PRT,m,1369,Portugal,Europe,Europe & Central Asia,Schengen
2023,PRY,f,11,Paraguay,Americas,Latin America & Caribbean,non-Schengen
2023,PRY,m,16,Paraguay,Americas,Latin America & Caribbean,non-Schengen
2023,PSE,f,15,Palestinian Territories,Asia,Middle East & North Africa,non-Schengen
2023,PSE,m,159,Palestinian Territories,Asia,Middle East & North Africa,non-Schengen
2023,QAT,m,23,Qatar,Asia,Middle East & North Africa,non-Schengen
2023,ROU,f,2449,Romania,Europe,Europe & Central Asia,non-Schengen
2023,ROU,m,4149,Romania,Europe,Europe & Central Asia,non-Schengen
2023,RUS,f,5067,Russia,Europe,Europe & Central Asia,non-Schengen
2023,RUS,m,6357,Russia,Europe,Europe & Central Asia,non-Schengen
2023,RWA,f,403,Rwanda,Africa,Sub-Saharan Africa,non-Schengen
2023,RWA,m,661,Rwanda,Africa,Sub-Saharan Africa,non-Schengen
2023,SAU,f,12,Saudi Arabia,Asia,Middle East & North Africa,non-Schengen
2023,SAU,m,39,Saudi Arabia,Asia,Middle East & North Africa,non-Schengen
2023,SDN,f,12,Sudan,Africa,Sub-Saharan Africa,non-Schengen
2023,SDN,m,59,Sudan,Africa,Sub-Saharan Africa,non-Schengen
2023,SEN,f,11,Senegal,Africa,Sub-Saharan Africa,non-Schengen
2023,SEN,m,54,Senegal,Africa,Sub-Saharan Africa,non-Schengen
2023,SGP,f,13,Singapore,Asia,East Asia & Pacific,non-Schengen
2023,SGP,m,17,Singapore,Asia,East Asia & Pacific,non-Schengen
2023,SLE,f,6,Sierra Leone,Africa,Sub-Saharan Africa,non-Schengen
2023,SLE,m,15,Sierra Leone,Africa,Sub-Saharan Africa,non-Schengen
2023,SLV,f,13,El Salvador,Americas,Latin America & Caribbean,non-Schengen
2023,SLV,m,23,El Salvador,Americas,Latin America & Caribbean,non-Schengen
2023,SOM,f,8,Somalia,Africa,Sub-Saharan Africa,non-Schengen
2023,SOM,m,28,Somalia,Africa,Sub-Saharan Africa,non-Schengen
2023,STP,f,1,São Tomé & Príncipe,Africa,Sub-Saharan Africa,non-Schengen
2023,STP,m,2,São Tomé & Príncipe,Africa,Sub-Saharan Africa,non-Schengen
2023,SUR,f,9,Suriname,Americas,Latin America & Caribbean,non-Schengen
2023,SUR,m,9,Suriname,Americas,Latin America & Caribbean,non-Schengen
2023,SVK,f,627,Slovakia,Europe,Europe & Central Asia,Schengen
2023,SVK,m,936,Slovakia,Europe,Europe & Central Asia,Schengen
2023,SVN,f,51,Slovenia,Europe,Europe & Central Asia,Schengen
2023,SVN,m,140,Slovenia,Europe,Europe & Central Asia,Schengen
2023,SWE,f,124,Sweden,Europe,Europe & Central Asia,Schengen
2023,SWE,m,436,Sweden,Europe,Europe & Central Asia,Schengen
2023,SYR,f,86,Syria,Asia,Middle East & North Africa,non-Schengen
2023,SYR,m,429,Syria,Asia,Middle East & North Africa,non-Schengen
2023,TCD,f,3,Chad,Africa,Sub-Saharan Africa,non-Schengen
2023,TCD,m,4,Chad,Africa,Sub-Saharan Africa,non-Schengen
2023,TGO,f,1,Togo,Africa,Sub-Saharan Africa,non-Schengen
2023,TGO,m,24,Togo,Africa,Sub-Saharan Africa,non-Schengen
2023,THA,f,623,Thailand,Asia,East Asia & Pacific,non-Schengen
2023,THA,m,283,Thailand,Asia,East Asia & Pacific,non-Schengen
2023,TJK,f,118,Tajikistan,Asia,Europe & Central Asia,non-Schengen
2023,TJK,m,1027,Tajikistan,Asia,Europe & Central Asia,non-Schengen
2023,TKM,f,282,Turkmenistan,Asia,Europe & Central Asia,non-Schengen
2023,TKM,m,2505,Turkmenistan,Asia,Europe & Central Asia,non-Schengen
2023,TTO,f,10,Trinidad & Tobago,Americas,Latin America & Caribbean,non-Schengen
2023,TTO,m,4,Trinidad & Tobago,Americas,Latin America & Caribbean,non-Schengen
2023,TUN,f,137,Tunisia,Africa,Middle East & North Africa,non-Schengen
2023,TUN,m,797,Tunisia,Africa,Middle East & North Africa,non-Schengen
2023,TUR,f,1167,Turkey,Asia,Europe & Central Asia,non-Schengen
2023,TUR,m,8519,Turkey,Asia,Europe & Central Asia,non-Schengen
2023,TWN,f,86,Taiwan,Asia,East Asia & Pacific,non-Schengen
2023,TWN,m,58,Taiwan,Asia,East Asia & Pacific,non-Schengen
2023,TZA,f,102,Tanzania,Africa,Sub-Saharan Africa,non-Schengen
2023,TZA,m,129,Tanzania,Africa,Sub-Saharan Africa,non-Schengen
2023,UGA,f,130,Uganda,Africa,Sub-Saharan Africa,non-Schengen
2023,UGA,m,189,Uganda,Africa,Sub-Saharan Africa,non-Schengen
2023,UKR,f,414485,Ukraine,Europe,Europe & Central Asia,non-Schengen
2023,UKR,m,411728,Ukraine,Europe,Europe & Central Asia,non-Schengen
2023,UNKNOWN,m,1,unknown,other/unknown,other/unknown,non-Schengen
2023,URY,f,30,Uruguay,Americas,Latin America & Caribbean,non-Schengen
2023,URY,m,44,Uruguay,Americas,Latin America & Caribbean,non-Schengen
2023,USA,f,435,United States,Americas,North America,non-Schengen
2023,USA,m,1147,United States,Americas,North America,non-Schengen
2023,UZB,f,473,Uzbekistan,Asia,Europe & Central Asia,non-Schengen
2023,UZB,m,7461,Uzbekistan,Asia,Europe & Central Asia,non-Schengen
2023,VAT,f,3,Vatican City,Europe,Europe & Central Asia,non-Schengen
2023,VAT,m,5,Vatican City,Europe,Europe & Central Asia,non-Schengen
2023,VEN,f,114,Venezuela,Americas,Latin America & Caribbean,non-Schengen
2023,VEN,m,323,Venezuela,Americas,Latin America & Caribbean,non-Schengen
2023,VGB,f,4,British Virgin Islands,Americas,Latin America & Caribbean,non-Schengen
2023,VGB,m,4,British Virgin Islands,Americas,Latin America & Caribbean,non-Schengen
2023,VNM,f,3128,Vietnam,Asia,East Asia & Pacific,non-Schengen
2023,VNM,m,5462,Vietnam,Asia,East Asia & Pacific,non-Schengen
2023,YEM,f,14,Yemen,Asia,Middle East & North Africa,non-Schengen
2023,YEM,m,103,Yemen,Asia,Middle East & North Africa,non-Schengen
2023,YUG,f,3,Yugoslavia,Europe,Europe & Central Asia,non-Schengen
2023,YUG,m,9,Yugoslavia,Europe,Europe & Central Asia,non-Schengen
2023,ZAF,f,159,South Africa,Africa,Sub-Saharan Africa,non-Schengen
2023,ZAF,m,183,South Africa,Africa,Sub-Saharan Africa,non-Schengen
2023,ZMB,f,48,Zambia,Africa,Sub-Saharan Africa,non-Schengen
2023,ZMB,m,64,Zambia,Africa,Sub-Saharan Africa,non-Schengen
2023,ZWE,f,1137,Zimbabwe,Africa,Sub-Saharan Africa,non-Schengen
2023,ZWE,m,1655,Zimbabwe,Africa,Sub-Saharan Africa,non-Schengen
