year,period,where,same_year,country_code,border,country,continent,wbd_region7,schengen,sex,age
2014,2014_I,Belarus,FALSE,ARM,2,Armenia,Asia,Europe & Central Asia,non-Schengen,f,18_59
2014,2014_I,Belarus,FALSE,ARM,2,Armenia,Asia,Europe & Central Asia,non-Schengen,m,18_59
2014,2014_I,Belarus,FALSE,BLR,5,Belarus,Europe,Europe & Central Asia,non-Schengen,f,17
2014,2014_I,Belarus,FALSE,BLR,73,Belarus,Europe,Europe & Central Asia,non-Schengen,f,18_59
2014,2014_I,Belarus,FALSE,BLR,4,Belarus,Europe,Europe & Central Asia,non-Schengen,f,60
2014,2014_I,Belarus,FALSE,BLR,7,Belarus,Europe,Europe & Central Asia,non-Schengen,m,17
2014,2014_I,Belarus,FALSE,BLR,88,Belarus,Europe,Europe & Central Asia,non-Schengen,m,18_59
2014,2014_I,Belarus,FALSE,BLR,3,Belarus,Europe,Europe & Central Asia,non-Schengen,m,60
2014,2014_I,Belarus,FALSE,GEO,1,Georgia,Asia,Europe & Central Asia,non-Schengen,f,60
2014,2014_I,Belarus,FALSE,ISR,1,Israel,Asia,"Middle East, North Africa, Afghanistan & Pakistan",non-Schengen,m,18_59
2014,2014_I,Belarus,FALSE,KAZ,1,Kazakhstan,Asia,Europe & Central Asia,non-Schengen,f,18_59
2014,2014_I,Belarus,FALSE,KAZ,2,Kazakhstan,Asia,Europe & Central Asia,non-Schengen,m,18_59
2014,2014_I,Belarus,FALSE,KGZ,3,Kyrgyzstan,Asia,Europe & Central Asia,non-Schengen,m,18_59
2014,2014_I,Belarus,FALSE,MNG,4,Mongolia,Asia,East Asia & Pacific,non-Schengen,m,18_59
2014,2014_I,Belarus,FALSE,RUS,18,Russia,Europe,Europe & Central Asia,non-Schengen,f,17
2014,2014_I,Belarus,FALSE,RUS,86,Russia,Europe,Europe & Central Asia,non-Schengen,f,18_59
2014,2014_I,Belarus,FALSE,RUS,17,Russia,Europe,Europe & Central Asia,non-Schengen,f,60
2014,2014_I,Belarus,FALSE,RUS,23,Russia,Europe,Europe & Central Asia,non-Schengen,m,17
2014,2014_I,Belarus,FALSE,RUS,108,Russia,Europe,Europe & Central Asia,non-Schengen,m,18_59
2014,2014_I,Belarus,FALSE,RUS,3,Russia,Europe,Europe & Central Asia,non-Schengen,m,60
2014,2014_I,Belarus,FALSE,TJK,1,Tajikistan,Asia,Europe & Central Asia,non-Schengen,f,18_59
2014,2014_I,Belarus,FALSE,TJK,3,Tajikistan,Asia,Europe & Central Asia,non-Schengen,m,18_59
2014,2014_I,Belarus,FALSE,UKR,1,Ukraine,Europe,Europe & Central Asia,non-Schengen,f,18_59
2014,2014_I,Belarus,FALSE,UKR,1,Ukraine,Europe,Europe & Central Asia,non-Schengen,f,60
2014,2014_I,Belarus,FALSE,UKR,2,Ukraine,Europe,Europe & Central Asia,non-Schengen,m,18_59
2014,2014_I,Belarus,FALSE,UZB,1,Uzbekistan,Asia,Europe & Central Asia,non-Schengen,m,18_59
2014,2014_I,Belarus,FALSE,XXX,2,Stateless,other/unknown,other/unknown,non-Schengen,m,18_59
2014,2014_I,Russia,FALSE,ARM,1,Armenia,Asia,Europe & Central Asia,non-Schengen,m,18_59
2014,2014_I,Russia,FALSE,BLR,1,Belarus,Europe,Europe & Central Asia,non-Schengen,m,18_59
2014,2014_I,Russia,FALSE,KAZ,1,Kazakhstan,Asia,Europe & Central Asia,non-Schengen,f,18_59
2014,2014_I,Russia,FALSE,RUS,1,Russia,Europe,Europe & Central Asia,non-Schengen,f,17
2014,2014_I,Russia,FALSE,RUS,57,Russia,Europe,Europe & Central Asia,non-Schengen,f,18_59
2014,2014_I,Russia,FALSE,RUS,17,Russia,Europe,Europe & Central Asia,non-Schengen,f,60
2014,2014_I,Russia,FALSE,RUS,1,Russia,Europe,Europe & Central Asia,non-Schengen,m,17
2014,2014_I,Russia,FALSE,RUS,57,Russia,Europe,Europe & Central Asia,non-Schengen,m,18_59
2014,2014_I,Russia,FALSE,RUS,3,Russia,Europe,Europe & Central Asia,non-Schengen,m,60
2014,2014_I,Russia,FALSE,TUR,1,Turkey,Asia,Europe & Central Asia,non-Schengen,m,18_59
2014,2014_I,Russia,FALSE,UKR,1,Ukraine,Europe,Europe & Central Asia,non-Schengen,m,18_59
2014,2014_I,Russia,FALSE,USA,1,United States,Americas,North America,non-Schengen,m,18_59
2014,2014_I,Russia,FALSE,UZB,1,Uzbekistan,Asia,Europe & Central Asia,non-Schengen,m,18_59
2014,2014_I,Ukraine,FALSE,ARM,1,Armenia,Asia,Europe & Central Asia,non-Schengen,f,18_59
2014,2014_I,Ukraine,FALSE,ARM,2,Armenia,Asia,Europe & Central Asia,non-Schengen,m,18_59
2014,2014_I,Ukraine,FALSE,AZE,2,Azerbaijan,Asia,Europe & Central Asia,non-Schengen,m,18_59
2014,2014_I,Ukraine,FALSE,BLR,1,Belarus,Europe,Europe & Central Asia,non-Schengen,f,18_59
2014,2014_I,Ukraine,FALSE,CMR,1,Cameroon,Africa,Sub-Saharan Africa,non-Schengen,f,18_59
2014,2014_I,Ukraine,FALSE,ECU,1,Ecuador,Americas,Latin America & Caribbean,non-Schengen,m,18_59
2014,2014_I,Ukraine,FALSE,GEO,2,Georgia,Asia,Europe & Central Asia,non-Schengen,m,18_59
2014,2014_I,Ukraine,FALSE,GIN,1,Guinea,Africa,Sub-Saharan Africa,non-Schengen,m,18_59
2014,2014_I,Ukraine,FALSE,KAZ,2,Kazakhstan,Asia,Europe & Central Asia,non-Schengen,m,18_59
2014,2014_I,Ukraine,FALSE,KGZ,1,Kyrgyzstan,Asia,Europe & Central Asia,non-Schengen,m,18_59
2014,2014_I,Ukraine,FALSE,MDA,4,Moldova,Europe,Europe & Central Asia,non-Schengen,f,18_59
2014,2014_I,Ukraine,FALSE,MDA,13,Moldova,Europe,Europe & Central Asia,non-Schengen,m,18_59
2014,2014_I,Ukraine,FALSE,NGA,1,Nigeria,Africa,Sub-Saharan Africa,non-Schengen,f,18_59
2014,2014_I,Ukraine,FALSE,NGA,1,Nigeria,Africa,Sub-Saharan Africa,non-Schengen,m,18_59
2014,2014_I,Ukraine,FALSE,RUS,5,Russia,Europe,Europe & Central Asia,non-Schengen,f,18_59
2014,2014_I,Ukraine,FALSE,RUS,2,Russia,Europe,Europe & Central Asia,non-Schengen,f,60
2014,2014_I,Ukraine,FALSE,RUS,11,Russia,Europe,Europe & Central Asia,non-Schengen,m,18_59
2014,2014_I,Ukraine,FALSE,TUR,1,Turkey,Asia,Europe & Central Asia,non-Schengen,m,18_59
2014,2014_I,Ukraine,FALSE,UKR,12,Ukraine,Europe,Europe & Central Asia,non-Schengen,f,17
2014,2014_I,Ukraine,FALSE,UKR,461,Ukraine,Europe,Europe & Central Asia,non-Schengen,f,18_59
2014,2014_I,Ukraine,FALSE,UKR,79,Ukraine,Europe,Europe & Central Asia,non-Schengen,f,60
2014,2014_I,Ukraine,FALSE,UKR,5,Ukraine,Europe,Europe & Central Asia,non-Schengen,m,17
2014,2014_I,Ukraine,FALSE,UKR,725,Ukraine,Europe,Europe & Central Asia,non-Schengen,m,18_59
2014,2014_I,Ukraine,FALSE,UKR,24,Ukraine,Europe,Europe & Central Asia,non-Schengen,m,60
2014,2014_I,Ukraine,FALSE,XXX,1,Stateless,other/unknown,other/unknown,non-Schengen,m,18_59
2014,2014_I,Ukraine,TRUE,UKR,1,Ukraine,Europe,Europe & Central Asia,non-Schengen,m,18_59
2014,2014_I,country,FALSE,AFG,5,Afghanistan,Asia,"Middle East, North Africa, Afghanistan & Pakistan",non-Schengen,m,18_59
2014,2014_I,country,FALSE,AGO,1,Angola,Africa,Sub-Saharan Africa,non-Schengen,m,18_59
2014,2014_I,country,FALSE,ARG,1,Argentina,Americas,Latin America & Caribbean,non-Schengen,m,18_59
2014,2014_I,country,FALSE,ARM,3,Armenia,Asia,Europe & Central Asia,non-Schengen,f,17
2014,2014_I,country,FALSE,ARM,12,Armenia,Asia,Europe & Central Asia,non-Schengen,f,18_59
2014,2014_I,country,FALSE,ARM,6,Armenia,Asia,Europe & Central Asia,non-Schengen,m,17
2014,2014_I,country,FALSE,ARM,17,Armenia,Asia,Europe & Central Asia,non-Schengen,m,18_59
2014,2014_I,country,FALSE,AUS,1,Australia,Oceania,East Asia & Pacific,non-Schengen,m,18_59
2014,2014_I,country,FALSE,AZE,3,Azerbaijan,Asia,Europe & Central Asia,non-Schengen,m,18_59
2014,2014_I,country,FALSE,BEN,1,Benin,Africa,Sub-Saharan Africa,non-Schengen,m,18_59
2014,2014_I,country,FALSE,BGD,7,Bangladesh,Asia,South Asia,non-Schengen,m,18_59
2014,2014_I,country,FALSE,BLR,2,Belarus,Europe,Europe & Central Asia,non-Schengen,f,18_59
2014,2014_I,country,FALSE,BLR,21,Belarus,Europe,Europe & Central Asia,non-Schengen,m,18_59
2014,2014_I,country,FALSE,CAN,1,Canada,Americas,North America,non-Schengen,f,60
2014,2014_I,country,FALSE,CAN,2,Canada,Americas,North America,non-Schengen,m,18_59
2014,2014_I,country,FALSE,CHL,1,Chile,Americas,Latin America & Caribbean,non-Schengen,m,18_59
2014,2014_I,country,FALSE,CHN,4,China,Asia,East Asia & Pacific,non-Schengen,f,18_59
2014,2014_I,country,FALSE,CHN,12,China,Asia,East Asia & Pacific,non-Schengen,m,18_59
2014,2014_I,country,FALSE,CIV,1,Côte d’Ivoire,Africa,Sub-Saharan Africa,non-Schengen,m,18_59
2014,2014_I,country,FALSE,CMR,2,Cameroon,Africa,Sub-Saharan Africa,non-Schengen,m,18_59
2014,2014_I,country,FALSE,COD,1,Congo - Kinshasa,Africa,Sub-Saharan Africa,non-Schengen,m,18_59
2014,2014_I,country,FALSE,COL,1,Colombia,Americas,Latin America & Caribbean,non-Schengen,f,17
2014,2014_I,country,FALSE,COL,2,Colombia,Americas,Latin America & Caribbean,non-Schengen,f,18_59
2014,2014_I,country,FALSE,COL,1,Colombia,Americas,Latin America & Caribbean,non-Schengen,m,60
2014,2014_I,country,FALSE,CUB,1,Cuba,Americas,Latin America & Caribbean,non-Schengen,f,18_59
2014,2014_I,country,FALSE,CUB,1,Cuba,Americas,Latin America & Caribbean,non-Schengen,m,18_59
2014,2014_I,country,FALSE,DOM,1,Dominican Republic,Americas,Latin America & Caribbean,non-Schengen,f,18_59
2014,2014_I,country,FALSE,DOM,1,Dominican Republic,Americas,Latin America & Caribbean,non-Schengen,m,18_59
2014,2014_I,country,FALSE,DZA,8,Algeria,Africa,"Middle East, North Africa, Afghanistan & Pakistan",non-Schengen,m,18_59
2014,2014_I,country,FALSE,ECU,1,Ecuador,Americas,Latin America & Caribbean,non-Schengen,f,18_59
2014,2014_I,country,FALSE,EGY,14,Egypt,Africa,"Middle East, North Africa, Afghanistan & Pakistan",non-Schengen,m,18_59
2014,2014_I,country,FALSE,GEO,4,Georgia,Asia,Europe & Central Asia,non-Schengen,f,17
2014,2014_I,country,FALSE,GEO,13,Georgia,Asia,Europe & Central Asia,non-Schengen,f,18_59
2014,2014_I,country,FALSE,GEO,1,Georgia,Asia,Europe & Central Asia,non-Schengen,f,60
2014,2014_I,country,FALSE,GEO,14,Georgia,Asia,Europe & Central Asia,non-Schengen,m,17
2014,2014_I,country,FALSE,GEO,41,Georgia,Asia,Europe & Central Asia,non-Schengen,m,18_59
2014,2014_I,country,FALSE,GIN,2,Guinea,Africa,Sub-Saharan Africa,non-Schengen,m,18_59
2014,2014_I,country,FALSE,GNB,2,Guinea-Bissau,Africa,Sub-Saharan Africa,non-Schengen,m,18_59
2014,2014_I,country,FALSE,IDN,1,Indonesia,Asia,East Asia & Pacific,non-Schengen,f,18_59
2014,2014_I,country,FALSE,IND,17,India,Asia,South Asia,non-Schengen,m,18_59
2014,2014_I,country,FALSE,IOT,1,British Indian Ocean Territory,Africa,Sub-Saharan Africa,non-Schengen,m,18_59
2014,2014_I,country,FALSE,IRN,1,Iran,Asia,"Middle East, North Africa, Afghanistan & Pakistan",non-Schengen,f,18_59
2014,2014_I,country,FALSE,IRQ,1,Iraq,Asia,"Middle East, North Africa, Afghanistan & Pakistan",non-Schengen,f,18_59
2014,2014_I,country,FALSE,IRQ,2,Iraq,Asia,"Middle East, North Africa, Afghanistan & Pakistan",non-Schengen,m,18_59
2014,2014_I,country,FALSE,ISR,1,Israel,Asia,"Middle East, North Africa, Afghanistan & Pakistan",non-Schengen,m,18_59
2014,2014_I,country,FALSE,JOR,2,Jordan,Asia,"Middle East, North Africa, Afghanistan & Pakistan",non-Schengen,m,18_59
2014,2014_I,country,FALSE,JPN,1,Japan,Asia,East Asia & Pacific,non-Schengen,f,18_59
2014,2014_I,country,FALSE,KAZ,1,Kazakhstan,Asia,Europe & Central Asia,non-Schengen,f,18_59
2014,2014_I,country,FALSE,KAZ,1,Kazakhstan,Asia,Europe & Central Asia,non-Schengen,m,18_59
2014,2014_I,country,FALSE,KEN,1,Kenya,Africa,Sub-Saharan Africa,non-Schengen,m,18_59
2014,2014_I,country,FALSE,KGZ,1,Kyrgyzstan,Asia,Europe & Central Asia,non-Schengen,m,18_59
2014,2014_I,country,FALSE,LBN,4,Lebanon,Asia,"Middle East, North Africa, Afghanistan & Pakistan",non-Schengen,m,18_59
2014,2014_I,country,FALSE,LBY,4,Libya,Africa,"Middle East, North Africa, Afghanistan & Pakistan",non-Schengen,f,18_59
2014,2014_I,country,FALSE,LBY,2,Libya,Africa,"Middle East, North Africa, Afghanistan & Pakistan",non-Schengen,m,17
2014,2014_I,country,FALSE,LBY,19,Libya,Africa,"Middle East, North Africa, Afghanistan & Pakistan",non-Schengen,m,18_59
2014,2014_I,country,FALSE,LBY,1,Libya,Africa,"Middle East, North Africa, Afghanistan & Pakistan",non-Schengen,m,60
2014,2014_I,country,FALSE,LKA,1,Sri Lanka,Asia,South Asia,non-Schengen,m,18_59
2014,2014_I,country,FALSE,MAR,9,Morocco,Africa,"Middle East, North Africa, Afghanistan & Pakistan",non-Schengen,m,18_59
2014,2014_I,country,FALSE,MDA,3,Moldova,Europe,Europe & Central Asia,non-Schengen,f,18_59
2014,2014_I,country,FALSE,MDA,3,Moldova,Europe,Europe & Central Asia,non-Schengen,m,18_59
2014,2014_I,country,FALSE,MEX,1,Mexico,Americas,Latin America & Caribbean,non-Schengen,m,18_59
2014,2014_I,country,FALSE,MNG,2,Mongolia,Asia,East Asia & Pacific,non-Schengen,f,18_59
2014,2014_I,country,FALSE,MNG,4,Mongolia,Asia,East Asia & Pacific,non-Schengen,m,18_59
2014,2014_I,country,FALSE,NER,1,Niger,Africa,Sub-Saharan Africa,non-Schengen,m,18_59
2014,2014_I,country,FALSE,NGA,13,Nigeria,Africa,Sub-Saharan Africa,non-Schengen,m,18_59
2014,2014_I,country,FALSE,NPL,4,Nepal,Asia,South Asia,non-Schengen,m,18_59
2014,2014_I,country,FALSE,PAK,1,Pakistan,Asia,"Middle East, North Africa, Afghanistan & Pakistan",non-Schengen,f,18_59
2014,2014_I,country,FALSE,PAK,27,Pakistan,Asia,"Middle East, North Africa, Afghanistan & Pakistan",non-Schengen,m,18_59
2014,2014_I,country,FALSE,PHL,1,Philippines,Asia,East Asia & Pacific,non-Schengen,f,18_59
2014,2014_I,country,FALSE,PSE,1,Palestinian Territories,Asia,"Middle East, North Africa, Afghanistan & Pakistan",non-Schengen,m,18_59
2014,2014_I,country,FALSE,ROU,1,Romania,Europe,Europe & Central Asia,non-Schengen,m,18_59
2014,2014_I,country,FALSE,RUS,102,Russia,Europe,Europe & Central Asia,non-Schengen,f,17
2014,2014_I,country,FALSE,RUS,112,Russia,Europe,Europe & Central Asia,non-Schengen,f,18_59
2014,2014_I,country,FALSE,RUS,5,Russia,Europe,Europe & Central Asia,non-Schengen,f,60
2014,2014_I,country,FALSE,RUS,103,Russia,Europe,Europe & Central Asia,non-Schengen,m,17
2014,2014_I,country,FALSE,RUS,138,Russia,Europe,Europe & Central Asia,non-Schengen,m,18_59
2014,2014_I,country,FALSE,SAU,2,Saudi Arabia,Asia,"Middle East, North Africa, Afghanistan & Pakistan",non-Schengen,m,18_59
2014,2014_I,country,FALSE,SEN,1,Senegal,Africa,Sub-Saharan Africa,non-Schengen,m,18_59
2014,2014_I,country,FALSE,SLV,1,El Salvador,Americas,Latin America & Caribbean,non-Schengen,m,18_59
2014,2014_I,country,FALSE,SOM,1,Somalia,Africa,Sub-Saharan Africa,non-Schengen,m,18_59
2014,2014_I,country,FALSE,SRB,2,Serbia,Europe,Europe & Central Asia,non-Schengen,m,18_59
2014,2014_I,country,FALSE,SYR,1,Syria,Asia,"Middle East, North Africa, Afghanistan & Pakistan",non-Schengen,f,60
2014,2014_I,country,FALSE,SYR,2,Syria,Asia,"Middle East, North Africa, Afghanistan & Pakistan",non-Schengen,m,18_59
2014,2014_I,country,FALSE,THA,1,Thailand,Asia,East Asia & Pacific,non-Schengen,f,18_59
2014,2014_I,country,FALSE,TJK,1,Tajikistan,Asia,Europe & Central Asia,non-Schengen,f,18_59
2014,2014_I,country,FALSE,TUN,17,Tunisia,Africa,"Middle East, North Africa, Afghanistan & Pakistan",non-Schengen,m,18_59
2014,2014_I,country,FALSE,TUR,1,Turkey,Asia,Europe & Central Asia,non-Schengen,f,17
2014,2014_I,country,FALSE,TUR,16,Turkey,Asia,Europe & Central Asia,non-Schengen,m,18_59
2014,2014_I,country,FALSE,TZA,1,Tanzania,Africa,Sub-Saharan Africa,non-Schengen,m,18_59
2014,2014_I,country,FALSE,UGA,1,Uganda,Africa,Sub-Saharan Africa,non-Schengen,m,18_59
2014,2014_I,country,FALSE,UKR,3,Ukraine,Europe,Europe & Central Asia,non-Schengen,f,17
2014,2014_I,country,FALSE,UKR,213,Ukraine,Europe,Europe & Central Asia,non-Schengen,f,18_59
2014,2014_I,country,FALSE,UKR,5,Ukraine,Europe,Europe & Central Asia,non-Schengen,f,60
2014,2014_I,country,FALSE,UKR,346,Ukraine,Europe,Europe & Central Asia,non-Schengen,m,18_59
2014,2014_I,country,FALSE,UKR,1,Ukraine,Europe,Europe & Central Asia,non-Schengen,m,60
2014,2014_I,country,FALSE,USA,1,United States,Americas,North America,non-Schengen,f,17
2014,2014_I,country,FALSE,USA,3,United States,Americas,North America,non-Schengen,m,18_59
2014,2014_I,country,FALSE,UZB,12,Uzbekistan,Asia,Europe & Central Asia,non-Schengen,m,18_59
2014,2014_I,country,FALSE,VEN,1,Venezuela,Americas,Latin America & Caribbean,non-Schengen,m,18_59
2014,2014_I,country,FALSE,VNM,2,Vietnam,Asia,East Asia & Pacific,non-Schengen,f,17
2014,2014_I,country,FALSE,VNM,10,Vietnam,Asia,East Asia & Pacific,non-Schengen,f,18_59
2014,2014_I,country,FALSE,VNM,1,Vietnam,Asia,East Asia & Pacific,non-Schengen,f,60
2014,2014_I,country,FALSE,VNM,3,Vietnam,Asia,East Asia & Pacific,non-Schengen,m,17
2014,2014_I,country,FALSE,VNM,42,Vietnam,Asia,East Asia & Pacific,non-Schengen,m,18_59
2014,2014_I,country,FALSE,XXX,3,Stateless,other/unknown,other/unknown,non-Schengen,m,18_59
2014,2014_I,country,FALSE,ZAF,1,South Africa,Africa,Sub-Saharan Africa,non-Schengen,m,18_59
2014,2014_I,country,TRUE,BGD,1,Bangladesh,Asia,South Asia,non-Schengen,m,18_59
2014,2014_I,country,TRUE,MAR,1,Morocco,Africa,"Middle East, North Africa, Afghanistan & Pakistan",non-Schengen,m,18_59
2014,2014_I,country,TRUE,NGA,1,Nigeria,Africa,Sub-Saharan Africa,non-Schengen,m,18_59
2014,2014_I,country,TRUE,PAK,3,Pakistan,Asia,"Middle East, North Africa, Afghanistan & Pakistan",non-Schengen,m,18_59
2014,2014_I,country,TRUE,UKR,2,Ukraine,Europe,Europe & Central Asia,non-Schengen,f,18_59
2014,2014_I,country,TRUE,UKR,5,Ukraine,Europe,Europe & Central Asia,non-Schengen,m,18_59
2014,2014_I,country,TRUE,UZB,1,Uzbekistan,Asia,Europe & Central Asia,non-Schengen,m,18_59
2014,2014_I,country,TRUE,VNM,1,Vietnam,Asia,East Asia & Pacific,non-Schengen,m,18_59
2014,2014_I,external air,FALSE,ARM,3,Armenia,Asia,Europe & Central Asia,non-Schengen,f,17
2014,2014_I,external air,FALSE,ARM,13,Armenia,Asia,Europe & Central Asia,non-Schengen,f,18_59
2014,2014_I,external air,FALSE,ARM,3,Armenia,Asia,Europe & Central Asia,non-Schengen,f,60
2014,2014_I,external air,FALSE,ARM,1,Armenia,Asia,Europe & Central Asia,non-Schengen,m,17
2014,2014_I,external air,FALSE,ARM,7,Armenia,Asia,Europe & Central Asia,non-Schengen,m,18_59
2014,2014_I,external air,FALSE,ARM,1,Armenia,Asia,Europe & Central Asia,non-Schengen,m,60
2014,2014_I,external air,FALSE,AUS,1,Australia,Oceania,East Asia & Pacific,non-Schengen,m,18_59
2014,2014_I,external air,FALSE,AZE,2,Azerbaijan,Asia,Europe & Central Asia,non-Schengen,m,18_59
2014,2014_I,external air,FALSE,BHR,1,Bahrain,Asia,"Middle East, North Africa, Afghanistan & Pakistan",non-Schengen,f,18_59
2014,2014_I,external air,FALSE,BLR,3,Belarus,Europe,Europe & Central Asia,non-Schengen,f,18_59
2014,2014_I,external air,FALSE,BRB,1,Barbados,Americas,Latin America & Caribbean,non-Schengen,m,18_59
2014,2014_I,external air,FALSE,CAN,1,Canada,Americas,North America,non-Schengen,f,18_59
2014,2014_I,external air,FALSE,CHN,13,China,Asia,East Asia & Pacific,non-Schengen,f,18_59
2014,2014_I,external air,FALSE,CHN,1,China,Asia,East Asia & Pacific,non-Schengen,f,60
2014,2014_I,external air,FALSE,CHN,1,China,Asia,East Asia & Pacific,non-Schengen,m,17
2014,2014_I,external air,FALSE,CHN,20,China,Asia,East Asia & Pacific,non-Schengen,m,18_59
2014,2014_I,external air,FALSE,CHN,1,China,Asia,East Asia & Pacific,non-Schengen,m,60
2014,2014_I,external air,FALSE,CMR,1,Cameroon,Africa,Sub-Saharan Africa,non-Schengen,m,18_59
2014,2014_I,external air,FALSE,CUB,1,Cuba,Americas,Latin America & Caribbean,non-Schengen,f,18_59
2014,2014_I,external air,FALSE,GEO,8,Georgia,Asia,Europe & Central Asia,non-Schengen,f,18_59
2014,2014_I,external air,FALSE,GEO,5,Georgia,Asia,Europe & Central Asia,non-Schengen,m,18_59
2014,2014_I,external air,FALSE,GHA,1,Ghana,Africa,Sub-Saharan Africa,non-Schengen,m,18_59
2014,2014_I,external air,FALSE,IND,1,India,Asia,South Asia,non-Schengen,m,18_59
2014,2014_I,external air,FALSE,IRQ,3,Iraq,Asia,"Middle East, North Africa, Afghanistan & Pakistan",non-Schengen,m,18_59
2014,2014_I,external air,FALSE,JOR,1,Jordan,Asia,"Middle East, North Africa, Afghanistan & Pakistan",non-Schengen,f,18_59
2014,2014_I,external air,FALSE,JOR,1,Jordan,Asia,"Middle East, North Africa, Afghanistan & Pakistan",non-Schengen,m,18_59
2014,2014_I,external air,FALSE,KAZ,2,Kazakhstan,Asia,Europe & Central Asia,non-Schengen,f,18_59
2014,2014_I,external air,FALSE,KEN,1,Kenya,Africa,Sub-Saharan Africa,non-Schengen,m,18_59
2014,2014_I,external air,FALSE,KGZ,1,Kyrgyzstan,Asia,Europe & Central Asia,non-Schengen,f,18_59
2014,2014_I,external air,FALSE,KGZ,1,Kyrgyzstan,Asia,Europe & Central Asia,non-Schengen,m,18_59
2014,2014_I,external air,FALSE,KOR,1,South Korea,Asia,East Asia & Pacific,non-Schengen,f,18_59
2014,2014_I,external air,FALSE,KOR,1,South Korea,Asia,East Asia & Pacific,non-Schengen,m,17
2014,2014_I,external air,FALSE,KOR,2,South Korea,Asia,East Asia & Pacific,non-Schengen,m,18_59
2014,2014_I,external air,FALSE,KOSOVO,1,KOSOVO,Europe,Europe & Central Asia,non-Schengen,m,18_59
2014,2014_I,external air,FALSE,LBN,1,Lebanon,Asia,"Middle East, North Africa, Afghanistan & Pakistan",non-Schengen,m,18_59
2014,2014_I,external air,FALSE,LBY,1,Libya,Africa,"Middle East, North Africa, Afghanistan & Pakistan",non-Schengen,f,17
2014,2014_I,external air,FALSE,LBY,4,Libya,Africa,"Middle East, North Africa, Afghanistan & Pakistan",non-Schengen,f,18_59
2014,2014_I,external air,FALSE,LBY,1,Libya,Africa,"Middle East, North Africa, Afghanistan & Pakistan",non-Schengen,f,60
2014,2014_I,external air,FALSE,LBY,2,Libya,Africa,"Middle East, North Africa, Afghanistan & Pakistan",non-Schengen,m,17
2014,2014_I,external air,FALSE,LBY,16,Libya,Africa,"Middle East, North Africa, Afghanistan & Pakistan",non-Schengen,m,18_59
2014,2014_I,external air,FALSE,LBY,2,Libya,Africa,"Middle East, North Africa, Afghanistan & Pakistan",non-Schengen,m,60
2014,2014_I,external air,FALSE,MNG,2,Mongolia,Asia,East Asia & Pacific,non-Schengen,m,17
2014,2014_I,external air,FALSE,NGA,1,Nigeria,Africa,Sub-Saharan Africa,non-Schengen,m,18_59
2014,2014_I,external air,FALSE,NZL,1,New Zealand,Oceania,East Asia & Pacific,non-Schengen,m,18_59
2014,2014_I,external air,FALSE,PAK,1,Pakistan,Asia,"Middle East, North Africa, Afghanistan & Pakistan",non-Schengen,m,18_59
2014,2014_I,external air,FALSE,RUS,2,Russia,Europe,Europe & Central Asia,non-Schengen,f,17
2014,2014_I,external air,FALSE,RUS,8,Russia,Europe,Europe & Central Asia,non-Schengen,f,18_59
2014,2014_I,external air,FALSE,RUS,2,Russia,Europe,Europe & Central Asia,non-Schengen,m,17
2014,2014_I,external air,FALSE,RUS,11,Russia,Europe,Europe & Central Asia,non-Schengen,m,18_59
2014,2014_I,external air,FALSE,RUS,1,Russia,Europe,Europe & Central Asia,non-Schengen,m,60
2014,2014_I,external air,FALSE,SAU,9,Saudi Arabia,Asia,"Middle East, North Africa, Afghanistan & Pakistan",non-Schengen,m,18_59
2014,2014_I,external air,FALSE,SGP,1,Singapore,Asia,East Asia & Pacific,non-Schengen,m,18_59
2014,2014_I,external air,FALSE,SRB,1,Serbia,Europe,Europe & Central Asia,non-Schengen,f,18_59
2014,2014_I,external air,FALSE,SRB,2,Serbia,Europe,Europe & Central Asia,non-Schengen,m,18_59
2014,2014_I,external air,FALSE,SYR,1,Syria,Asia,"Middle East, North Africa, Afghanistan & Pakistan",non-Schengen,m,18_59
2014,2014_I,external air,FALSE,THA,2,Thailand,Asia,East Asia & Pacific,non-Schengen,f,18_59
2014,2014_I,external air,FALSE,TUN,2,Tunisia,Africa,"Middle East, North Africa, Afghanistan & Pakistan",non-Schengen,m,18_59
2014,2014_I,external air,FALSE,TUR,1,Turkey,Asia,Europe & Central Asia,non-Schengen,f,18_59
2014,2014_I,external air,FALSE,TUR,1,Turkey,Asia,Europe & Central Asia,non-Schengen,f,60
2014,2014_I,external air,FALSE,TUR,1,Turkey,Asia,Europe & Central Asia,non-Schengen,m,17
2014,2014_I,external air,FALSE,TUR,5,Turkey,Asia,Europe & Central Asia,non-Schengen,m,18_59
2014,2014_I,external air,FALSE,TWN,2,Taiwan,Asia,East Asia & Pacific,non-Schengen,m,18_59
2014,2014_I,external air,FALSE,UKR,1,Ukraine,Europe,Europe & Central Asia,non-Schengen,f,17
2014,2014_I,external air,FALSE,UKR,28,Ukraine,Europe,Europe & Central Asia,non-Schengen,f,18_59
2014,2014_I,external air,FALSE,UKR,5,Ukraine,Europe,Europe & Central Asia,non-Schengen,f,60
2014,2014_I,external air,FALSE,UKR,1,Ukraine,Europe,Europe & Central Asia,non-Schengen,m,17
2014,2014_I,external air,FALSE,UKR,14,Ukraine,Europe,Europe & Central Asia,non-Schengen,m,18_59
2014,2014_I,external air,FALSE,USA,1,United States,Americas,North America,non-Schengen,m,18_59
2014,2014_I,external air,FALSE,UZB,4,Uzbekistan,Asia,Europe & Central Asia,non-Schengen,m,18_59
2014,2014_I,external air,FALSE,VNM,4,Vietnam,Asia,East Asia & Pacific,non-Schengen,f,18_59
2014,2014_I,external air,FALSE,VNM,1,Vietnam,Asia,East Asia & Pacific,non-Schengen,f,60
2014,2014_I,external air,FALSE,VNM,1,Vietnam,Asia,East Asia & Pacific,non-Schengen,m,17
2014,2014_I,external air,FALSE,VNM,10,Vietnam,Asia,East Asia & Pacific,non-Schengen,m,18_59
2014,2014_I,external air,FALSE,XXX,1,Stateless,other/unknown,other/unknown,non-Schengen,f,18_59
2014,2014_I,external air,FALSE,XXX,2,Stateless,other/unknown,other/unknown,non-Schengen,m,18_59
2014,2014_I,external air,FALSE,ZAF,1,South Africa,Africa,Sub-Saharan Africa,non-Schengen,m,18_59
2014,2014_I,external sea,FALSE,IND,1,India,Asia,South Asia,non-Schengen,m,18_59
2014,2014_I,external sea,FALSE,PAK,1,Pakistan,Asia,"Middle East, North Africa, Afghanistan & Pakistan",non-Schengen,m,18_59
2014,2014_I,external sea,FALSE,PHL,1,Philippines,Asia,East Asia & Pacific,non-Schengen,m,18_59
2014,2014_I,external sea,FALSE,RUS,4,Russia,Europe,Europe & Central Asia,non-Schengen,m,18_59
2014,2014_II,Belarus,FALSE,AFG,1,Afghanistan,Asia,"Middle East, North Africa, Afghanistan & Pakistan",non-Schengen,m,18_59
2014,2014_II,Belarus,FALSE,ARM,2,Armenia,Asia,Europe & Central Asia,non-Schengen,m,18_59
2014,2014_II,Belarus,FALSE,AZE,1,Azerbaijan,Asia,Europe & Central Asia,non-Schengen,f,18_59
2014,2014_II,Belarus,FALSE,AZE,2,Azerbaijan,Asia,Europe & Central Asia,non-Schengen,m,18_59
2014,2014_II,Belarus,FALSE,BLR,7,Belarus,Europe,Europe & Central Asia,non-Schengen,f,17
2014,2014_II,Belarus,FALSE,BLR,115,Belarus,Europe,Europe & Central Asia,non-Schengen,f,18_59
2014,2014_II,Belarus,FALSE,BLR,19,Belarus,Europe,Europe & Central Asia,non-Schengen,f,60
2014,2014_II,Belarus,FALSE,BLR,5,Belarus,Europe,Europe & Central Asia,non-Schengen,m,17
2014,2014_II,Belarus,FALSE,BLR,149,Belarus,Europe,Europe & Central Asia,non-Schengen,m,18_59
2014,2014_II,Belarus,FALSE,BLR,4,Belarus,Europe,Europe & Central Asia,non-Schengen,m,60
2014,2014_II,Belarus,FALSE,DZA,1,Algeria,Africa,"Middle East, North Africa, Afghanistan & Pakistan",non-Schengen,m,18_59
2014,2014_II,Belarus,FALSE,GEO,1,Georgia,Asia,Europe & Central Asia,non-Schengen,f,18_59
2014,2014_II,Belarus,FALSE,GEO,1,Georgia,Asia,Europe & Central Asia,non-Schengen,m,18_59
2014,2014_II,Belarus,FALSE,KAZ,1,Kazakhstan,Asia,Europe & Central Asia,non-Schengen,f,18_59
2014,2014_II,Belarus,FALSE,KAZ,10,Kazakhstan,Asia,Europe & Central Asia,non-Schengen,m,18_59
2014,2014_II,Belarus,FALSE,KGZ,1,Kyrgyzstan,Asia,Europe & Central Asia,non-Schengen,f,18_59
2014,2014_II,Belarus,FALSE,KGZ,2,Kyrgyzstan,Asia,Europe & Central Asia,non-Schengen,m,18_59
2014,2014_II,Belarus,FALSE,MNG,2,Mongolia,Asia,East Asia & Pacific,non-Schengen,f,18_59
2014,2014_II,Belarus,FALSE,MNG,3,Mongolia,Asia,East Asia & Pacific,non-Schengen,m,18_59
2014,2014_II,Belarus,FALSE,RUS,11,Russia,Europe,Europe & Central Asia,non-Schengen,f,17
2014,2014_II,Belarus,FALSE,RUS,109,Russia,Europe,Europe & Central Asia,non-Schengen,f,18_59
2014,2014_II,Belarus,FALSE,RUS,22,Russia,Europe,Europe & Central Asia,non-Schengen,f,60
2014,2014_II,Belarus,FALSE,RUS,6,Russia,Europe,Europe & Central Asia,non-Schengen,m,17
2014,2014_II,Belarus,FALSE,RUS,127,Russia,Europe,Europe & Central Asia,non-Schengen,m,18_59
2014,2014_II,Belarus,FALSE,RUS,1,Russia,Europe,Europe & Central Asia,non-Schengen,m,60
2014,2014_II,Belarus,FALSE,SRB,1,Serbia,Europe,Europe & Central Asia,non-Schengen,m,18_59
2014,2014_II,Belarus,FALSE,TJK,1,Tajikistan,Asia,Europe & Central Asia,non-Schengen,f,18_59
2014,2014_II,Belarus,FALSE,TJK,1,Tajikistan,Asia,Europe & Central Asia,non-Schengen,m,18_59
2014,2014_II,Belarus,FALSE,TKM,1,Turkmenistan,Asia,Europe & Central Asia,non-Schengen,f,60
2014,2014_II,Belarus,FALSE,UKR,1,Ukraine,Europe,Europe & Central Asia,non-Schengen,f,17
2014,2014_II,Belarus,FALSE,UKR,9,Ukraine,Europe,Europe & Central Asia,non-Schengen,f,18_59
2014,2014_II,Belarus,FALSE,UKR,1,Ukraine,Europe,Europe & Central Asia,non-Schengen,f,60
2014,2014_II,Belarus,FALSE,UKR,1,Ukraine,Europe,Europe & Central Asia,non-Schengen,m,17
2014,2014_II,Belarus,FALSE,UKR,24,Ukraine,Europe,Europe & Central Asia,non-Schengen,m,18_59
2014,2014_II,Belarus,FALSE,UZB,1,Uzbekistan,Asia,Europe & Central Asia,non-Schengen,f,18_59
2014,2014_II,Belarus,FALSE,UZB,2,Uzbekistan,Asia,Europe & Central Asia,non-Schengen,m,17
2014,2014_II,Belarus,FALSE,UZB,2,Uzbekistan,Asia,Europe & Central Asia,non-Schengen,m,18_59
2014,2014_II,Belarus,FALSE,XXX,1,Stateless,other/unknown,other/unknown,non-Schengen,f,18_59
2014,2014_II,Belarus,FALSE,XXX,1,Stateless,other/unknown,other/unknown,non-Schengen,m,17
2014,2014_II,Belarus,FALSE,XXX,2,Stateless,other/unknown,other/unknown,non-Schengen,m,18_59
2014,2014_II,Russia,FALSE,BRA,2,Brazil,Americas,Latin America & Caribbean,non-Schengen,m,18_59
2014,2014_II,Russia,FALSE,CAN,1,Canada,Americas,North America,non-Schengen,m,18_59
2014,2014_II,Russia,FALSE,ISR,1,Israel,Asia,"Middle East, North Africa, Afghanistan & Pakistan",non-Schengen,f,17
2014,2014_II,Russia,FALSE,ISR,1,Israel,Asia,"Middle East, North Africa, Afghanistan & Pakistan",non-Schengen,f,18_59
2014,2014_II,Russia,FALSE,ISR,2,Israel,Asia,"Middle East, North Africa, Afghanistan & Pakistan",non-Schengen,m,17
2014,2014_II,Russia,FALSE,ISR,1,Israel,Asia,"Middle East, North Africa, Afghanistan & Pakistan",non-Schengen,m,18_59
2014,2014_II,Russia,FALSE,KAZ,4,Kazakhstan,Asia,Europe & Central Asia,non-Schengen,m,18_59
2014,2014_II,Russia,FALSE,MNE,1,Montenegro,Europe,Europe & Central Asia,non-Schengen,m,18_59
2014,2014_II,Russia,FALSE,RUS,5,Russia,Europe,Europe & Central Asia,non-Schengen,f,17
2014,2014_II,Russia,FALSE,RUS,47,Russia,Europe,Europe & Central Asia,non-Schengen,f,18_59
2014,2014_II,Russia,FALSE,RUS,20,Russia,Europe,Europe & Central Asia,non-Schengen,f,60
2014,2014_II,Russia,FALSE,RUS,4,Russia,Europe,Europe & Central Asia,non-Schengen,m,17
2014,2014_II,Russia,FALSE,RUS,38,Russia,Europe,Europe & Central Asia,non-Schengen,m,18_59
2014,2014_II,Russia,FALSE,RUS,3,Russia,Europe,Europe & Central Asia,non-Schengen,m,60
2014,2014_II,Russia,FALSE,UKR,1,Ukraine,Europe,Europe & Central Asia,non-Schengen,m,17
2014,2014_II,Russia,FALSE,UKR,2,Ukraine,Europe,Europe & Central Asia,non-Schengen,m,18_59
2014,2014_II,Russia,FALSE,UZB,1,Uzbekistan,Asia,Europe & Central Asia,non-Schengen,m,18_59
2014,2014_II,Ukraine,FALSE,AZE,1,Azerbaijan,Asia,Europe & Central Asia,non-Schengen,m,18_59
2014,2014_II,Ukraine,FALSE,BLR,1,Belarus,Europe,Europe & Central Asia,non-Schengen,f,18_59
2014,2014_II,Ukraine,FALSE,BLR,1,Belarus,Europe,Europe & Central Asia,non-Schengen,m,18_59
2014,2014_II,Ukraine,FALSE,ISR,1,Israel,Asia,"Middle East, North Africa, Afghanistan & Pakistan",non-Schengen,f,17
2014,2014_II,Ukraine,FALSE,ISR,1,Israel,Asia,"Middle East, North Africa, Afghanistan & Pakistan",non-Schengen,f,18_59
2014,2014_II,Ukraine,FALSE,KAZ,1,Kazakhstan,Asia,Europe & Central Asia,non-Schengen,m,18_59
2014,2014_II,Ukraine,FALSE,MDA,1,Moldova,Europe,Europe & Central Asia,non-Schengen,f,17
2014,2014_II,Ukraine,FALSE,MDA,8,Moldova,Europe,Europe & Central Asia,non-Schengen,f,18_59
2014,2014_II,Ukraine,FALSE,MDA,1,Moldova,Europe,Europe & Central Asia,non-Schengen,f,60
2014,2014_II,Ukraine,FALSE,MDA,14,Moldova,Europe,Europe & Central Asia,non-Schengen,m,18_59
2014,2014_II,Ukraine,FALSE,NGA,2,Nigeria,Africa,Sub-Saharan Africa,non-Schengen,m,18_59
2014,2014_II,Ukraine,FALSE,RUS,1,Russia,Europe,Europe & Central Asia,non-Schengen,f,17
2014,2014_II,Ukraine,FALSE,RUS,9,Russia,Europe,Europe & Central Asia,non-Schengen,f,18_59
2014,2014_II,Ukraine,FALSE,RUS,1,Russia,Europe,Europe & Central Asia,non-Schengen,m,17
2014,2014_II,Ukraine,FALSE,RUS,5,Russia,Europe,Europe & Central Asia,non-Schengen,m,18_59
2014,2014_II,Ukraine,FALSE,TJK,1,Tajikistan,Asia,Europe & Central Asia,non-Schengen,m,18_59
2014,2014_II,Ukraine,FALSE,TUR,4,Turkey,Asia,Europe & Central Asia,non-Schengen,m,18_59
2014,2014_II,Ukraine,FALSE,UKR,47,Ukraine,Europe,Europe & Central Asia,non-Schengen,f,17
2014,2014_II,Ukraine,FALSE,UKR,934,Ukraine,Europe,Europe & Central Asia,non-Schengen,f,18_59
2014,2014_II,Ukraine,FALSE,UKR,122,Ukraine,Europe,Europe & Central Asia,non-Schengen,f,60
2014,2014_II,Ukraine,FALSE,UKR,52,Ukraine,Europe,Europe & Central Asia,non-Schengen,m,17
2014,2014_II,Ukraine,FALSE,UKR,1685,Ukraine,Europe,Europe & Central Asia,non-Schengen,m,18_59
2014,2014_II,Ukraine,FALSE,UKR,20,Ukraine,Europe,Europe & Central Asia,non-Schengen,m,60
2014,2014_II,Ukraine,FALSE,USA,1,United States,Americas,North America,non-Schengen,m,18_59
2014,2014_II,Ukraine,FALSE,XXX,1,Stateless,other/unknown,other/unknown,non-Schengen,m,60
2014,2014_II,country,FALSE,AFG,1,Afghanistan,Asia,"Middle East, North Africa, Afghanistan & Pakistan",non-Schengen,m,17
2014,2014_II,country,FALSE,AFG,4,Afghanistan,Asia,"Middle East, North Africa, Afghanistan & Pakistan",non-Schengen,m,18_59
2014,2014_II,country,FALSE,AGO,1,Angola,Africa,Sub-Saharan Africa,non-Schengen,f,18_59
2014,2014_II,country,FALSE,AGO,2,Angola,Africa,Sub-Saharan Africa,non-Schengen,m,18_59
2014,2014_II,country,FALSE,ALB,1,Albania,Europe,Europe & Central Asia,non-Schengen,m,18_59
2014,2014_II,country,FALSE,ARM,2,Armenia,Asia,Europe & Central Asia,non-Schengen,f,17
2014,2014_II,country,FALSE,ARM,6,Armenia,Asia,Europe & Central Asia,non-Schengen,f,18_59
2014,2014_II,country,FALSE,ARM,4,Armenia,Asia,Europe & Central Asia,non-Schengen,f,60
2014,2014_II,country,FALSE,ARM,4,Armenia,Asia,Europe & Central Asia,non-Schengen,m,17
2014,2014_II,country,FALSE,ARM,23,Armenia,Asia,Europe & Central Asia,non-Schengen,m,18_59
2014,2014_II,country,FALSE,ARM,1,Armenia,Asia,Europe & Central Asia,non-Schengen,m,60
2014,2014_II,country,FALSE,AZE,3,Azerbaijan,Asia,Europe & Central Asia,non-Schengen,m,18_59
2014,2014_II,country,FALSE,BGD,8,Bangladesh,Asia,South Asia,non-Schengen,m,18_59
2014,2014_II,country,FALSE,BLR,1,Belarus,Europe,Europe & Central Asia,non-Schengen,f,17
2014,2014_II,country,FALSE,BLR,7,Belarus,Europe,Europe & Central Asia,non-Schengen,f,18_59
2014,2014_II,country,FALSE,BLR,1,Belarus,Europe,Europe & Central Asia,non-Schengen,f,60
2014,2014_II,country,FALSE,BLR,26,Belarus,Europe,Europe & Central Asia,non-Schengen,m,18_59
2014,2014_II,country,FALSE,CAN,1,Canada,Americas,North America,non-Schengen,m,18_59
2014,2014_II,country,FALSE,CHN,5,China,Asia,East Asia & Pacific,non-Schengen,f,18_59
2014,2014_II,country,FALSE,CHN,1,China,Asia,East Asia & Pacific,non-Schengen,m,17
2014,2014_II,country,FALSE,CHN,7,China,Asia,East Asia & Pacific,non-Schengen,m,18_59
2014,2014_II,country,FALSE,CIV,1,Côte d’Ivoire,Africa,Sub-Saharan Africa,non-Schengen,m,18_59
2014,2014_II,country,FALSE,COL,1,Colombia,Americas,Latin America & Caribbean,non-Schengen,f,18_59
2014,2014_II,country,FALSE,COL,2,Colombia,Americas,Latin America & Caribbean,non-Schengen,m,18_59
2014,2014_II,country,FALSE,CRI,1,Costa Rica,Americas,Latin America & Caribbean,non-Schengen,f,18_59
2014,2014_II,country,FALSE,DJI,1,Djibouti,Africa,"Middle East, North Africa, Afghanistan & Pakistan",non-Schengen,m,18_59
2014,2014_II,country,FALSE,DZA,1,Algeria,Africa,"Middle East, North Africa, Afghanistan & Pakistan",non-Schengen,m,17
2014,2014_II,country,FALSE,DZA,5,Algeria,Africa,"Middle East, North Africa, Afghanistan & Pakistan",non-Schengen,m,18_59
2014,2014_II,country,FALSE,EGY,5,Egypt,Africa,"Middle East, North Africa, Afghanistan & Pakistan",non-Schengen,m,18_59
2014,2014_II,country,FALSE,ETH,1,Ethiopia,Africa,Sub-Saharan Africa,non-Schengen,m,18_59
2014,2014_II,country,FALSE,GEO,8,Georgia,Asia,Europe & Central Asia,non-Schengen,f,17
2014,2014_II,country,FALSE,GEO,11,Georgia,Asia,Europe & Central Asia,non-Schengen,f,18_59
2014,2014_II,country,FALSE,GEO,1,Georgia,Asia,Europe & Central Asia,non-Schengen,f,60
2014,2014_II,country,FALSE,GEO,6,Georgia,Asia,Europe & Central Asia,non-Schengen,m,17
2014,2014_II,country,FALSE,GEO,28,Georgia,Asia,Europe & Central Asia,non-Schengen,m,18_59
2014,2014_II,country,FALSE,GHA,3,Ghana,Africa,Sub-Saharan Africa,non-Schengen,m,18_59
2014,2014_II,country,FALSE,GIN,1,Guinea,Africa,Sub-Saharan Africa,non-Schengen,f,18_59
2014,2014_II,country,FALSE,GIN,2,Guinea,Africa,Sub-Saharan Africa,non-Schengen,m,18_59
2014,2014_II,country,FALSE,IND,7,India,Asia,South Asia,non-Schengen,m,18_59
2014,2014_II,country,FALSE,IRN,2,Iran,Asia,"Middle East, North Africa, Afghanistan & Pakistan",non-Schengen,m,18_59
2014,2014_II,country,FALSE,IRQ,1,Iraq,Asia,"Middle East, North Africa, Afghanistan & Pakistan",non-Schengen,m,18_59
2014,2014_II,country,FALSE,KAZ,1,Kazakhstan,Asia,Europe & Central Asia,non-Schengen,f,17
2014,2014_II,country,FALSE,KAZ,1,Kazakhstan,Asia,Europe & Central Asia,non-Schengen,f,18_59
2014,2014_II,country,FALSE,KAZ,1,Kazakhstan,Asia,Europe & Central Asia,non-Schengen,m,17
2014,2014_II,country,FALSE,KAZ,2,Kazakhstan,Asia,Europe & Central Asia,non-Schengen,m,18_59
2014,2014_II,country,FALSE,KEN,2,Kenya,Africa,Sub-Saharan Africa,non-Schengen,m,18_59
2014,2014_II,country,FALSE,KGZ,1,Kyrgyzstan,Asia,Europe & Central Asia,non-Schengen,f,18_59
2014,2014_II,country,FALSE,KGZ,3,Kyrgyzstan,Asia,Europe & Central Asia,non-Schengen,m,17
2014,2014_II,country,FALSE,KGZ,3,Kyrgyzstan,Asia,Europe & Central Asia,non-Schengen,m,18_59
2014,2014_II,country,FALSE,KOR,1,South Korea,Asia,East Asia & Pacific,non-Schengen,f,18_59
2014,2014_II,country,FALSE,KOR,1,South Korea,Asia,East Asia & Pacific,non-Schengen,m,18_59
2014,2014_II,country,FALSE,LBN,1,Lebanon,Asia,"Middle East, North Africa, Afghanistan & Pakistan",non-Schengen,m,18_59
2014,2014_II,country,FALSE,LBR,1,Liberia,Africa,Sub-Saharan Africa,non-Schengen,f,18_59
2014,2014_II,country,FALSE,LBY,7,Libya,Africa,"Middle East, North Africa, Afghanistan & Pakistan",non-Schengen,f,17
2014,2014_II,country,FALSE,LBY,11,Libya,Africa,"Middle East, North Africa, Afghanistan & Pakistan",non-Schengen,f,18_59
2014,2014_II,country,FALSE,LBY,1,Libya,Africa,"Middle East, North Africa, Afghanistan & Pakistan",non-Schengen,f,60
2014,2014_II,country,FALSE,LBY,9,Libya,Africa,"Middle East, North Africa, Afghanistan & Pakistan",non-Schengen,m,17
2014,2014_II,country,FALSE,LBY,19,Libya,Africa,"Middle East, North Africa, Afghanistan & Pakistan",non-Schengen,m,18_59
2014,2014_II,country,FALSE,LKA,1,Sri Lanka,Asia,South Asia,non-Schengen,m,18_59
2014,2014_II,country,FALSE,MAR,2,Morocco,Africa,"Middle East, North Africa, Afghanistan & Pakistan",non-Schengen,m,18_59
2014,2014_II,country,FALSE,MDA,1,Moldova,Europe,Europe & Central Asia,non-Schengen,f,17
2014,2014_II,country,FALSE,MDA,4,Moldova,Europe,Europe & Central Asia,non-Schengen,f,18_59
2014,2014_II,country,FALSE,MDA,4,Moldova,Europe,Europe & Central Asia,non-Schengen,m,18_59
2014,2014_II,country,FALSE,MNG,4,Mongolia,Asia,East Asia & Pacific,non-Schengen,f,18_59
2014,2014_II,country,FALSE,MNG,1,Mongolia,Asia,East Asia & Pacific,non-Schengen,m,17
2014,2014_II,country,FALSE,MNG,1,Mongolia,Asia,East Asia & Pacific,non-Schengen,m,18_59
2014,2014_II,country,FALSE,NGA,1,Nigeria,Africa,Sub-Saharan Africa,non-Schengen,f,18_59
2014,2014_II,country,FALSE,NGA,8,Nigeria,Africa,Sub-Saharan Africa,non-Schengen,m,18_59
2014,2014_II,country,FALSE,NPL,1,Nepal,Asia,South Asia,non-Schengen,f,18_59
2014,2014_II,country,FALSE,NPL,3,Nepal,Asia,South Asia,non-Schengen,m,18_59
2014,2014_II,country,FALSE,PAK,8,Pakistan,Asia,"Middle East, North Africa, Afghanistan & Pakistan",non-Schengen,m,18_59
2014,2014_II,country,FALSE,KOR,2,South Korea,Asia,East Asia & Pacific,non-Schengen,f,18_59
2014,2014_II,country,FALSE,ROU,1,Romania,Europe,Europe & Central Asia,non-Schengen,m,18_59
2014,2014_II,country,FALSE,RUS,35,Russia,Europe,Europe & Central Asia,non-Schengen,f,17
2014,2014_II,country,FALSE,RUS,47,Russia,Europe,Europe & Central Asia,non-Schengen,f,18_59
2014,2014_II,country,FALSE,RUS,1,Russia,Europe,Europe & Central Asia,non-Schengen,f,60
2014,2014_II,country,FALSE,RUS,32,Russia,Europe,Europe & Central Asia,non-Schengen,m,17
2014,2014_II,country,FALSE,RUS,75,Russia,Europe,Europe & Central Asia,non-Schengen,m,18_59
2014,2014_II,country,FALSE,RUS,1,Russia,Europe,Europe & Central Asia,non-Schengen,m,60
2014,2014_II,country,FALSE,RWA,1,Rwanda,Africa,Sub-Saharan Africa,non-Schengen,m,18_59
2014,2014_II,country,FALSE,SRB,2,Serbia,Europe,Europe & Central Asia,non-Schengen,m,18_59
2014,2014_II,country,FALSE,SYR,16,Syria,Asia,"Middle East, North Africa, Afghanistan & Pakistan",non-Schengen,m,18_59
2014,2014_II,country,FALSE,TGO,1,Togo,Africa,Sub-Saharan Africa,non-Schengen,m,18_59
2014,2014_II,country,FALSE,TUN,7,Tunisia,Africa,"Middle East, North Africa, Afghanistan & Pakistan",non-Schengen,m,18_59
2014,2014_II,country,FALSE,TUR,2,Turkey,Asia,Europe & Central Asia,non-Schengen,f,18_59
2014,2014_II,country,FALSE,TUR,9,Turkey,Asia,Europe & Central Asia,non-Schengen,m,18_59
2014,2014_II,country,FALSE,TZA,1,Tanzania,Africa,Sub-Saharan Africa,non-Schengen,m,18_59
2014,2014_II,country,FALSE,UKR,8,Ukraine,Europe,Europe & Central Asia,non-Schengen,f,17
2014,2014_II,country,FALSE,UKR,190,Ukraine,Europe,Europe & Central Asia,non-Schengen,f,18_59
2014,2014_II,country,FALSE,UKR,18,Ukraine,Europe,Europe & Central Asia,non-Schengen,f,60
2014,2014_II,country,FALSE,UKR,9,Ukraine,Europe,Europe & Central Asia,non-Schengen,m,17
2014,2014_II,country,FALSE,UKR,481,Ukraine,Europe,Europe & Central Asia,non-Schengen,m,18_59
2014,2014_II,country,FALSE,UKR,4,Ukraine,Europe,Europe & Central Asia,non-Schengen,m,60
2014,2014_II,country,FALSE,UNK,1,unknown,other/unknown,other/unknown,non-Schengen,f,18_59
2014,2014_II,country,FALSE,UNK,7,unknown,other/unknown,other/unknown,non-Schengen,m,18_59
2014,2014_II,country,FALSE,USA,1,United States,Americas,North America,non-Schengen,f,18_59
2014,2014_II,country,FALSE,USA,1,United States,Americas,North America,non-Schengen,f,60
2014,2014_II,country,FALSE,USA,1,United States,Americas,North America,non-Schengen,m,18_59
2014,2014_II,country,FALSE,USA,1,United States,Americas,North America,non-Schengen,m,60
2014,2014_II,country,FALSE,UZB,1,Uzbekistan,Asia,Europe & Central Asia,non-Schengen,f,17
2014,2014_II,country,FALSE,UZB,5,Uzbekistan,Asia,Europe & Central Asia,non-Schengen,f,18_59
2014,2014_II,country,FALSE,UZB,1,Uzbekistan,Asia,Europe & Central Asia,non-Schengen,m,17
2014,2014_II,country,FALSE,UZB,11,Uzbekistan,Asia,Europe & Central Asia,non-Schengen,m,18_59
2014,2014_II,country,FALSE,VEN,1,Venezuela,Americas,Latin America & Caribbean,non-Schengen,m,18_59
2014,2014_II,country,FALSE,VNM,4,Vietnam,Asia,East Asia & Pacific,non-Schengen,f,17
2014,2014_II,country,FALSE,VNM,17,Vietnam,Asia,East Asia & Pacific,non-Schengen,f,18_59
2014,2014_II,country,FALSE,VNM,4,Vietnam,Asia,East Asia & Pacific,non-Schengen,m,17
2014,2014_II,country,FALSE,VNM,61,Vietnam,Asia,East Asia & Pacific,non-Schengen,m,18_59
2014,2014_II,country,FALSE,XXX,1,Stateless,other/unknown,other/unknown,non-Schengen,f,18_59
2014,2014_II,country,FALSE,XXX,3,Stateless,other/unknown,other/unknown,non-Schengen,m,17
2014,2014_II,country,FALSE,XXX,13,Stateless,other/unknown,other/unknown,non-Schengen,m,18_59
2014,2014_II,country,FALSE,XXX,1,Stateless,other/unknown,other/unknown,non-Schengen,m,60
2014,2014_II,country,FALSE,ZMB,1,Zambia,Africa,Sub-Saharan Africa,non-Schengen,m,18_59
2014,2014_II,country,TRUE,ETH,1,Ethiopia,Africa,Sub-Saharan Africa,non-Schengen,m,18_59
2014,2014_II,country,TRUE,MNG,1,Mongolia,Asia,East Asia & Pacific,non-Schengen,m,18_59
2014,2014_II,country,TRUE,PAK,1,Pakistan,Asia,"Middle East, North Africa, Afghanistan & Pakistan",non-Schengen,m,18_59
2014,2014_II,country,TRUE,UKR,1,Ukraine,Europe,Europe & Central Asia,non-Schengen,f,18_59
2014,2014_II,country,TRUE,UKR,8,Ukraine,Europe,Europe & Central Asia,non-Schengen,m,18_59
2014,2014_II,country,TRUE,UNK,1,unknown,other/unknown,other/unknown,non-Schengen,m,18_59
2014,2014_II,country,TRUE,VNM,1,Vietnam,Asia,East Asia & Pacific,non-Schengen,m,18_59
2014,2014_II,external air,FALSE,ARM,7,Armenia,Asia,Europe & Central Asia,non-Schengen,f,18_59
2014,2014_II,external air,FALSE,ARM,4,Armenia,Asia,Europe & Central Asia,non-Schengen,f,60
2014,2014_II,external air,FALSE,ARM,2,Armenia,Asia,Europe & Central Asia,non-Schengen,m,17
2014,2014_II,external air,FALSE,ARM,15,Armenia,Asia,Europe & Central Asia,non-Schengen,m,18_59
2014,2014_II,external air,FALSE,AUS,1,Australia,Oceania,East Asia & Pacific,non-Schengen,f,18_59
2014,2014_II,external air,FALSE,AUS,2,Australia,Oceania,East Asia & Pacific,non-Schengen,m,18_59
2014,2014_II,external air,FALSE,BLR,2,Belarus,Europe,Europe & Central Asia,non-Schengen,f,18_59
2014,2014_II,external air,FALSE,BLR,1,Belarus,Europe,Europe & Central Asia,non-Schengen,m,18_59
2014,2014_II,external air,FALSE,CAN,1,Canada,Americas,North America,non-Schengen,m,18_59
2014,2014_II,external air,FALSE,CHN,13,China,Asia,East Asia & Pacific,non-Schengen,f,18_59
2014,2014_II,external air,FALSE,CHN,2,China,Asia,East Asia & Pacific,non-Schengen,f,60
2014,2014_II,external air,FALSE,CHN,1,China,Asia,East Asia & Pacific,non-Schengen,m,17
2014,2014_II,external air,FALSE,CHN,21,China,Asia,East Asia & Pacific,non-Schengen,m,18_59
2014,2014_II,external air,FALSE,CHN,1,China,Asia,East Asia & Pacific,non-Schengen,m,60
2014,2014_II,external air,FALSE,CIV,1,Côte d’Ivoire,Africa,Sub-Saharan Africa,non-Schengen,m,18_59
2014,2014_II,external air,FALSE,DZA,1,Algeria,Africa,"Middle East, North Africa, Afghanistan & Pakistan",non-Schengen,m,18_59
2014,2014_II,external air,FALSE,EGY,3,Egypt,Africa,"Middle East, North Africa, Afghanistan & Pakistan",non-Schengen,m,18_59
2014,2014_II,external air,FALSE,FJI,2,Fiji,Oceania,East Asia & Pacific,non-Schengen,m,18_59
2014,2014_II,external air,FALSE,GEO,6,Georgia,Asia,Europe & Central Asia,non-Schengen,f,18_59
2014,2014_II,external air,FALSE,GEO,1,Georgia,Asia,Europe & Central Asia,non-Schengen,f,60
2014,2014_II,external air,FALSE,GEO,12,Georgia,Asia,Europe & Central Asia,non-Schengen,m,18_59
2014,2014_II,external air,FALSE,IND,1,India,Asia,South Asia,non-Schengen,m,17
2014,2014_II,external air,FALSE,IND,5,India,Asia,South Asia,non-Schengen,m,18_59
2014,2014_II,external air,FALSE,IRN,1,Iran,Asia,"Middle East, North Africa, Afghanistan & Pakistan",non-Schengen,m,18_59
2014,2014_II,external air,FALSE,IRQ,1,Iraq,Asia,"Middle East, North Africa, Afghanistan & Pakistan",non-Schengen,f,17
2014,2014_II,external air,FALSE,IRQ,1,Iraq,Asia,"Middle East, North Africa, Afghanistan & Pakistan",non-Schengen,f,18_59
2014,2014_II,external air,FALSE,IRQ,2,Iraq,Asia,"Middle East, North Africa, Afghanistan & Pakistan",non-Schengen,m,18_59
2014,2014_II,external air,FALSE,JAM,1,Jamaica,Americas,Latin America & Caribbean,non-Schengen,m,18_59
2014,2014_II,external air,FALSE,JOR,1,Jordan,Asia,"Middle East, North Africa, Afghanistan & Pakistan",non-Schengen,m,18_59
2014,2014_II,external air,FALSE,JPN,1,Japan,Asia,East Asia & Pacific,non-Schengen,m,18_59
2014,2014_II,external air,FALSE,KAZ,2,Kazakhstan,Asia,Europe & Central Asia,non-Schengen,f,18_59
2014,2014_II,external air,FALSE,KAZ,1,Kazakhstan,Asia,Europe & Central Asia,non-Schengen,f,60
2014,2014_II,external air,FALSE,KAZ,1,Kazakhstan,Asia,Europe & Central Asia,non-Schengen,m,17
2014,2014_II,external air,FALSE,KAZ,1,Kazakhstan,Asia,Europe & Central Asia,non-Schengen,m,60
2014,2014_II,external air,FALSE,KEN,1,Kenya,Africa,Sub-Saharan Africa,non-Schengen,f,18_59
2014,2014_II,external air,FALSE,KGZ,1,Kyrgyzstan,Asia,Europe & Central Asia,non-Schengen,m,17
2014,2014_II,external air,FALSE,KGZ,1,Kyrgyzstan,Asia,Europe & Central Asia,non-Schengen,m,18_59
2014,2014_II,external air,FALSE,KOR,1,South Korea,Asia,East Asia & Pacific,non-Schengen,f,17
2014,2014_II,external air,FALSE,KOR,1,South Korea,Asia,East Asia & Pacific,non-Schengen,f,18_59
2014,2014_II,external air,FALSE,KWT,2,Kuwait,Asia,"Middle East, North Africa, Afghanistan & Pakistan",non-Schengen,m,18_59
2014,2014_II,external air,FALSE,LBN,1,Lebanon,Asia,"Middle East, North Africa, Afghanistan & Pakistan",non-Schengen,f,18_59
2014,2014_II,external air,FALSE,LBN,2,Lebanon,Asia,"Middle East, North Africa, Afghanistan & Pakistan",non-Schengen,f,60
2014,2014_II,external air,FALSE,LBN,1,Lebanon,Asia,"Middle East, North Africa, Afghanistan & Pakistan",non-Schengen,m,18_59
2014,2014_II,external air,FALSE,LBR,1,Liberia,Africa,Sub-Saharan Africa,non-Schengen,m,18_59
2014,2014_II,external air,FALSE,LBY,1,Libya,Africa,"Middle East, North Africa, Afghanistan & Pakistan",non-Schengen,m,18_59
2014,2014_II,external air,FALSE,MNG,1,Mongolia,Asia,East Asia & Pacific,non-Schengen,f,17
2014,2014_II,external air,FALSE,MNG,2,Mongolia,Asia,East Asia & Pacific,non-Schengen,f,18_59
2014,2014_II,external air,FALSE,MNG,2,Mongolia,Asia,East Asia & Pacific,non-Schengen,m,18_59
2014,2014_II,external air,FALSE,NGA,1,Nigeria,Africa,Sub-Saharan Africa,non-Schengen,f,18_59
2014,2014_II,external air,FALSE,NPL,2,Nepal,Asia,South Asia,non-Schengen,f,18_59
2014,2014_II,external air,FALSE,PAK,1,Pakistan,Asia,"Middle East, North Africa, Afghanistan & Pakistan",non-Schengen,f,17
2014,2014_II,external air,FALSE,PAK,1,Pakistan,Asia,"Middle East, North Africa, Afghanistan & Pakistan",non-Schengen,f,18_59
2014,2014_II,external air,FALSE,PAK,1,Pakistan,Asia,"Middle East, North Africa, Afghanistan & Pakistan",non-Schengen,m,18_59
2014,2014_II,external air,FALSE,PHL,1,Philippines,Asia,East Asia & Pacific,non-Schengen,f,18_59
2014,2014_II,external air,FALSE,QAT,1,Qatar,Asia,"Middle East, North Africa, Afghanistan & Pakistan",non-Schengen,m,18_59
2014,2014_II,external air,FALSE,RUS,1,Russia,Europe,Europe & Central Asia,non-Schengen,f,17
2014,2014_II,external air,FALSE,RUS,8,Russia,Europe,Europe & Central Asia,non-Schengen,f,18_59
2014,2014_II,external air,FALSE,RUS,9,Russia,Europe,Europe & Central Asia,non-Schengen,m,17
2014,2014_II,external air,FALSE,RUS,7,Russia,Europe,Europe & Central Asia,non-Schengen,m,18_59
2014,2014_II,external air,FALSE,RUS,1,Russia,Europe,Europe & Central Asia,non-Schengen,m,60
2014,2014_II,external air,FALSE,SAU,9,Saudi Arabia,Asia,"Middle East, North Africa, Afghanistan & Pakistan",non-Schengen,m,18_59
2014,2014_II,external air,FALSE,SDN,1,Sudan,Africa,Sub-Saharan Africa,non-Schengen,m,17
2014,2014_II,external air,FALSE,SRB,1,Serbia,Europe,Europe & Central Asia,non-Schengen,m,18_59
2014,2014_II,external air,FALSE,SYR,1,Syria,Asia,"Middle East, North Africa, Afghanistan & Pakistan",non-Schengen,f,60
2014,2014_II,external air,FALSE,TCD,1,Chad,Africa,Sub-Saharan Africa,non-Schengen,m,17
2014,2014_II,external air,FALSE,THA,2,Thailand,Asia,East Asia & Pacific,non-Schengen,f,18_59
2014,2014_II,external air,FALSE,TUR,1,Turkey,Asia,Europe & Central Asia,non-Schengen,f,18_59
2014,2014_II,external air,FALSE,TUR,1,Turkey,Asia,Europe & Central Asia,non-Schengen,m,17
2014,2014_II,external air,FALSE,TUR,6,Turkey,Asia,Europe & Central Asia,non-Schengen,m,18_59
2014,2014_II,external air,FALSE,UKR,2,Ukraine,Europe,Europe & Central Asia,non-Schengen,f,17
2014,2014_II,external air,FALSE,UKR,35,Ukraine,Europe,Europe & Central Asia,non-Schengen,f,18_59
2014,2014_II,external air,FALSE,UKR,8,Ukraine,Europe,Europe & Central Asia,non-Schengen,f,60
2014,2014_II,external air,FALSE,UKR,2,Ukraine,Europe,Europe & Central Asia,non-Schengen,m,17
2014,2014_II,external air,FALSE,UKR,37,Ukraine,Europe,Europe & Central Asia,non-Schengen,m,18_59
2014,2014_II,external air,FALSE,UKR,1,Ukraine,Europe,Europe & Central Asia,non-Schengen,m,60
2014,2014_II,external air,FALSE,USA,2,United States,Americas,North America,non-Schengen,m,18_59
2014,2014_II,external air,FALSE,UZB,1,Uzbekistan,Asia,Europe & Central Asia,non-Schengen,f,18_59
2014,2014_II,external air,FALSE,UZB,2,Uzbekistan,Asia,Europe & Central Asia,non-Schengen,m,18_59
2014,2014_II,external air,FALSE,VNM,1,Vietnam,Asia,East Asia & Pacific,non-Schengen,f,18_59
2014,2014_II,external air,FALSE,VNM,1,Vietnam,Asia,East Asia & Pacific,non-Schengen,f,60
2014,2014_II,external air,FALSE,VNM,1,Vietnam,Asia,East Asia & Pacific,non-Schengen,m,17
2014,2014_II,external air,FALSE,VNM,8,Vietnam,Asia,East Asia & Pacific,non-Schengen,m,18_59
2014,2014_II,external air,FALSE,XXX,1,Stateless,other/unknown,other/unknown,non-Schengen,f,60
2014,2014_II,external air,FALSE,XXX,1,Stateless,other/unknown,other/unknown,non-Schengen,m,18_59
2014,2014_II,external air,FALSE,ZMB,1,Zambia,Africa,Sub-Saharan Africa,non-Schengen,f,18_59
2015,2015_I,Belarus,FALSE,AZE,1,Azerbaijan,Asia,Europe & Central Asia,non-Schengen,m,18_59
2015,2015_I,Belarus,FALSE,BLR,6,Belarus,Europe,Europe & Central Asia,non-Schengen,f,17
2015,2015_I,Belarus,FALSE,BLR,76,Belarus,Europe,Europe & Central Asia,non-Schengen,f,18_59
2015,2015_I,Belarus,FALSE,BLR,22,Belarus,Europe,Europe & Central Asia,non-Schengen,f,60
2015,2015_I,Belarus,FALSE,BLR,6,Belarus,Europe,Europe & Central Asia,non-Schengen,m,17
2015,2015_I,Belarus,FALSE,BLR,136,Belarus,Europe,Europe & Central Asia,non-Schengen,m,18_59
2015,2015_I,Belarus,FALSE,BLR,2,Belarus,Europe,Europe & Central Asia,non-Schengen,m,60
2015,2015_I,Belarus,FALSE,CHN,2,China,Asia,East Asia & Pacific,non-Schengen,f,18_59
2015,2015_I,Belarus,FALSE,IRQ,1,Iraq,Asia,"Middle East, North Africa, Afghanistan & Pakistan",non-Schengen,m,18_59
2015,2015_I,Belarus,FALSE,KAZ,1,Kazakhstan,Asia,Europe & Central Asia,non-Schengen,f,18_59
2015,2015_I,Belarus,FALSE,KAZ,4,Kazakhstan,Asia,Europe & Central Asia,non-Schengen,m,18_59
2015,2015_I,Belarus,FALSE,KGZ,2,Kyrgyzstan,Asia,Europe & Central Asia,non-Schengen,m,18_59
2015,2015_I,Belarus,FALSE,MDA,2,Moldova,Europe,Europe & Central Asia,non-Schengen,m,18_59
2015,2015_I,Belarus,FALSE,MNG,2,Mongolia,Asia,East Asia & Pacific,non-Schengen,f,18_59
2015,2015_I,Belarus,FALSE,MNG,5,Mongolia,Asia,East Asia & Pacific,non-Schengen,m,18_59
2015,2015_I,Belarus,FALSE,PER,1,Peru,Americas,Latin America & Caribbean,non-Schengen,m,18_59
2015,2015_I,Belarus,FALSE,RUS,5,Russia,Europe,Europe & Central Asia,non-Schengen,f,17
2015,2015_I,Belarus,FALSE,RUS,63,Russia,Europe,Europe & Central Asia,non-Schengen,f,18_59
2015,2015_I,Belarus,FALSE,RUS,12,Russia,Europe,Europe & Central Asia,non-Schengen,f,60
2015,2015_I,Belarus,FALSE,RUS,6,Russia,Europe,Europe & Central Asia,non-Schengen,m,17
2015,2015_I,Belarus,FALSE,RUS,88,Russia,Europe,Europe & Central Asia,non-Schengen,m,18_59
2015,2015_I,Belarus,FALSE,TJK,1,Tajikistan,Asia,Europe & Central Asia,non-Schengen,m,18_59
2015,2015_I,Belarus,FALSE,UKR,1,Ukraine,Europe,Europe & Central Asia,non-Schengen,f,18_59
2015,2015_I,Belarus,FALSE,UKR,3,Ukraine,Europe,Europe & Central Asia,non-Schengen,f,60
2015,2015_I,Belarus,FALSE,UKR,11,Ukraine,Europe,Europe & Central Asia,non-Schengen,m,18_59
2015,2015_I,Belarus,FALSE,UZB,1,Uzbekistan,Asia,Europe & Central Asia,non-Schengen,m,18_59
2015,2015_I,Belarus,FALSE,VEN,1,Venezuela,Americas,Latin America & Caribbean,non-Schengen,m,18_59
2015,2015_I,Russia,FALSE,KAZ,4,Kazakhstan,Asia,Europe & Central Asia,non-Schengen,m,18_59
2015,2015_I,Russia,FALSE,MDA,1,Moldova,Europe,Europe & Central Asia,non-Schengen,m,18_59
2015,2015_I,Russia,FALSE,RUS,5,Russia,Europe,Europe & Central Asia,non-Schengen,f,17
2015,2015_I,Russia,FALSE,RUS,52,Russia,Europe,Europe & Central Asia,non-Schengen,f,18_59
2015,2015_I,Russia,FALSE,RUS,18,Russia,Europe,Europe & Central Asia,non-Schengen,f,60
2015,2015_I,Russia,FALSE,RUS,8,Russia,Europe,Europe & Central Asia,non-Schengen,m,17
2015,2015_I,Russia,FALSE,RUS,66,Russia,Europe,Europe & Central Asia,non-Schengen,m,18_59
2015,2015_I,Russia,FALSE,RUS,2,Russia,Europe,Europe & Central Asia,non-Schengen,m,60
2015,2015_I,Russia,FALSE,UKR,1,Ukraine,Europe,Europe & Central Asia,non-Schengen,f,60
2015,2015_I,Russia,FALSE,UKR,1,Ukraine,Europe,Europe & Central Asia,non-Schengen,m,18_59
2015,2015_I,Ukraine,FALSE,AFG,1,Afghanistan,Asia,"Middle East, North Africa, Afghanistan & Pakistan",non-Schengen,m,18_59
2015,2015_I,Ukraine,FALSE,ARM,1,Armenia,Asia,Europe & Central Asia,non-Schengen,m,18_59
2015,2015_I,Ukraine,FALSE,AZE,1,Azerbaijan,Asia,Europe & Central Asia,non-Schengen,m,18_59
2015,2015_I,Ukraine,FALSE,BLR,1,Belarus,Europe,Europe & Central Asia,non-Schengen,m,18_59
2015,2015_I,Ukraine,FALSE,CHN,2,China,Asia,East Asia & Pacific,non-Schengen,f,18_59
2015,2015_I,Ukraine,FALSE,DZA,1,Algeria,Africa,"Middle East, North Africa, Afghanistan & Pakistan",non-Schengen,m,18_59
2015,2015_I,Ukraine,FALSE,EGY,1,Egypt,Africa,"Middle East, North Africa, Afghanistan & Pakistan",non-Schengen,m,18_59
2015,2015_I,Ukraine,FALSE,GEO,1,Georgia,Asia,Europe & Central Asia,non-Schengen,f,17
2015,2015_I,Ukraine,FALSE,GEO,1,Georgia,Asia,Europe & Central Asia,non-Schengen,f,18_59
2015,2015_I,Ukraine,FALSE,GEO,7,Georgia,Asia,Europe & Central Asia,non-Schengen,m,18_59
2015,2015_I,Ukraine,FALSE,GHA,1,Ghana,Africa,Sub-Saharan Africa,non-Schengen,f,18_59
2015,2015_I,Ukraine,FALSE,KAZ,1,Kazakhstan,Asia,Europe & Central Asia,non-Schengen,f,18_59
2015,2015_I,Ukraine,FALSE,MDA,11,Moldova,Europe,Europe & Central Asia,non-Schengen,f,18_59
2015,2015_I,Ukraine,FALSE,MDA,2,Moldova,Europe,Europe & Central Asia,non-Schengen,f,60
2015,2015_I,Ukraine,FALSE,MDA,21,Moldova,Europe,Europe & Central Asia,non-Schengen,m,18_59
2015,2015_I,Ukraine,FALSE,MDA,1,Moldova,Europe,Europe & Central Asia,non-Schengen,m,60
2015,2015_I,Ukraine,FALSE,MLI,1,Mali,Africa,Sub-Saharan Africa,non-Schengen,m,18_59
2015,2015_I,Ukraine,FALSE,PAK,1,Pakistan,Asia,"Middle East, North Africa, Afghanistan & Pakistan",non-Schengen,m,18_59
2015,2015_I,Ukraine,FALSE,RUS,7,Russia,Europe,Europe & Central Asia,non-Schengen,f,18_59
2015,2015_I,Ukraine,FALSE,RUS,10,Russia,Europe,Europe & Central Asia,non-Schengen,m,18_59
2015,2015_I,Ukraine,FALSE,RUS,1,Russia,Europe,Europe & Central Asia,non-Schengen,m,60
2015,2015_I,Ukraine,FALSE,TJK,1,Tajikistan,Asia,Europe & Central Asia,non-Schengen,m,18_59
2015,2015_I,Ukraine,FALSE,TUR,6,Turkey,Asia,Europe & Central Asia,non-Schengen,m,18_59
2015,2015_I,Ukraine,FALSE,UKR,31,Ukraine,Europe,Europe & Central Asia,non-Schengen,f,17
2015,2015_I,Ukraine,FALSE,UKR,810,Ukraine,Europe,Europe & Central Asia,non-Schengen,f,18_59
2015,2015_I,Ukraine,FALSE,UKR,124,Ukraine,Europe,Europe & Central Asia,non-Schengen,f,60
2015,2015_I,Ukraine,FALSE,UKR,26,Ukraine,Europe,Europe & Central Asia,non-Schengen,m,17
2015,2015_I,Ukraine,FALSE,UKR,1449,Ukraine,Europe,Europe & Central Asia,non-Schengen,m,18_59
2015,2015_I,Ukraine,FALSE,UKR,18,Ukraine,Europe,Europe & Central Asia,non-Schengen,m,60
2015,2015_I,Ukraine,FALSE,UZB,1,Uzbekistan,Asia,Europe & Central Asia,non-Schengen,f,18_59
2015,2015_I,Ukraine,FALSE,XXX,1,Stateless,other/unknown,other/unknown,non-Schengen,f,18_59
2015,2015_I,country,FALSE,AFG,5,Afghanistan,Asia,"Middle East, North Africa, Afghanistan & Pakistan",non-Schengen,m,17
2015,2015_I,country,FALSE,AFG,2,Afghanistan,Asia,"Middle East, North Africa, Afghanistan & Pakistan",non-Schengen,m,18_59
2015,2015_I,country,FALSE,AGO,1,Angola,Africa,Sub-Saharan Africa,non-Schengen,f,18_59
2015,2015_I,country,FALSE,AGO,1,Angola,Africa,Sub-Saharan Africa,non-Schengen,m,18_59
2015,2015_I,country,FALSE,ALB,1,Albania,Europe,Europe & Central Asia,non-Schengen,m,18_59
2015,2015_I,country,FALSE,ARM,5,Armenia,Asia,Europe & Central Asia,non-Schengen,f,17
2015,2015_I,country,FALSE,ARM,15,Armenia,Asia,Europe & Central Asia,non-Schengen,f,18_59
2015,2015_I,country,FALSE,ARM,2,Armenia,Asia,Europe & Central Asia,non-Schengen,f,60
2015,2015_I,country,FALSE,ARM,3,Armenia,Asia,Europe & Central Asia,non-Schengen,m,17
2015,2015_I,country,FALSE,ARM,27,Armenia,Asia,Europe & Central Asia,non-Schengen,m,18_59
2015,2015_I,country,FALSE,AZE,4,Azerbaijan,Asia,Europe & Central Asia,non-Schengen,m,18_59
2015,2015_I,country,FALSE,BEN,1,Benin,Africa,Sub-Saharan Africa,non-Schengen,m,18_59
2015,2015_I,country,FALSE,BGD,3,Bangladesh,Asia,South Asia,non-Schengen,m,18_59
2015,2015_I,country,FALSE,BGR,1,Bulgaria,Europe,Europe & Central Asia,non-Schengen,m,18_59
2015,2015_I,country,FALSE,BHR,1,Bahrain,Asia,"Middle East, North Africa, Afghanistan & Pakistan",non-Schengen,m,18_59
2015,2015_I,country,FALSE,BLR,2,Belarus,Europe,Europe & Central Asia,non-Schengen,f,17
2015,2015_I,country,FALSE,BLR,7,Belarus,Europe,Europe & Central Asia,non-Schengen,f,18_59
2015,2015_I,country,FALSE,BLR,3,Belarus,Europe,Europe & Central Asia,non-Schengen,f,60
2015,2015_I,country,FALSE,BLR,1,Belarus,Europe,Europe & Central Asia,non-Schengen,m,17
2015,2015_I,country,FALSE,BLR,25,Belarus,Europe,Europe & Central Asia,non-Schengen,m,18_59
2015,2015_I,country,FALSE,BOL,1,Bolivia,Americas,Latin America & Caribbean,non-Schengen,m,18_59
2015,2015_I,country,FALSE,CAN,1,Canada,Americas,North America,non-Schengen,f,18_59
2015,2015_I,country,FALSE,CAN,1,Canada,Americas,North America,non-Schengen,m,18_59
2015,2015_I,country,FALSE,CHN,3,China,Asia,East Asia & Pacific,non-Schengen,f,18_59
2015,2015_I,country,FALSE,CHN,9,China,Asia,East Asia & Pacific,non-Schengen,m,18_59
2015,2015_I,country,FALSE,CMR,4,Cameroon,Africa,Sub-Saharan Africa,non-Schengen,m,18_59
2015,2015_I,country,FALSE,COD,1,Congo - Kinshasa,Africa,Sub-Saharan Africa,non-Schengen,f,18_59
2015,2015_I,country,FALSE,COD,1,Congo - Kinshasa,Africa,Sub-Saharan Africa,non-Schengen,m,18_59
2015,2015_I,country,FALSE,COL,1,Colombia,Americas,Latin America & Caribbean,non-Schengen,f,18_59
2015,2015_I,country,FALSE,COL,2,Colombia,Americas,Latin America & Caribbean,non-Schengen,m,18_59
2015,2015_I,country,FALSE,CUB,1,Cuba,Americas,Latin America & Caribbean,non-Schengen,m,18_59
2015,2015_I,country,FALSE,DZA,5,Algeria,Africa,"Middle East, North Africa, Afghanistan & Pakistan",non-Schengen,m,18_59
2015,2015_I,country,FALSE,EGY,11,Egypt,Africa,"Middle East, North Africa, Afghanistan & Pakistan",non-Schengen,m,18_59
2015,2015_I,country,FALSE,ERI,1,Eritrea,Africa,Sub-Saharan Africa,non-Schengen,m,18_59
2015,2015_I,country,FALSE,GEO,2,Georgia,Asia,Europe & Central Asia,non-Schengen,f,17
2015,2015_I,country,FALSE,GEO,3,Georgia,Asia,Europe & Central Asia,non-Schengen,f,18_59
2015,2015_I,country,FALSE,GEO,10,Georgia,Asia,Europe & Central Asia,non-Schengen,m,18_59
2015,2015_I,country,FALSE,GHA,1,Ghana,Africa,Sub-Saharan Africa,non-Schengen,m,18_59
2015,2015_I,country,FALSE,IND,8,India,Asia,South Asia,non-Schengen,m,18_59
2015,2015_I,country,FALSE,IRN,1,Iran,Asia,"Middle East, North Africa, Afghanistan & Pakistan",non-Schengen,f,18_59
2015,2015_I,country,FALSE,IRN,4,Iran,Asia,"Middle East, North Africa, Afghanistan & Pakistan",non-Schengen,m,18_59
2015,2015_I,country,FALSE,IRQ,3,Iraq,Asia,"Middle East, North Africa, Afghanistan & Pakistan",non-Schengen,m,18_59
2015,2015_I,country,FALSE,JOR,1,Jordan,Asia,"Middle East, North Africa, Afghanistan & Pakistan",non-Schengen,m,18_59
2015,2015_I,country,FALSE,KAZ,1,Kazakhstan,Asia,Europe & Central Asia,non-Schengen,f,18_59
2015,2015_I,country,FALSE,KAZ,3,Kazakhstan,Asia,Europe & Central Asia,non-Schengen,m,18_59
2015,2015_I,country,FALSE,KEN,1,Kenya,Africa,Sub-Saharan Africa,non-Schengen,f,18_59
2015,2015_I,country,FALSE,KEN,1,Kenya,Africa,Sub-Saharan Africa,non-Schengen,m,18_59
2015,2015_I,country,FALSE,LBN,1,Lebanon,Asia,"Middle East, North Africa, Afghanistan & Pakistan",non-Schengen,m,18_59
2015,2015_I,country,FALSE,LBY,2,Libya,Africa,"Middle East, North Africa, Afghanistan & Pakistan",non-Schengen,m,18_59
2015,2015_I,country,FALSE,LKA,1,Sri Lanka,Asia,South Asia,non-Schengen,m,18_59
2015,2015_I,country,FALSE,MAR,7,Morocco,Africa,"Middle East, North Africa, Afghanistan & Pakistan",non-Schengen,m,18_59
2015,2015_I,country,FALSE,MDA,1,Moldova,Europe,Europe & Central Asia,non-Schengen,f,17
2015,2015_I,country,FALSE,MDA,2,Moldova,Europe,Europe & Central Asia,non-Schengen,f,18_59
2015,2015_I,country,FALSE,MDA,9,Moldova,Europe,Europe & Central Asia,non-Schengen,m,18_59
2015,2015_I,country,FALSE,MKD,1,North Macedonia,Europe,Europe & Central Asia,non-Schengen,m,18_59
2015,2015_I,country,FALSE,MNE,1,Montenegro,Europe,Europe & Central Asia,non-Schengen,f,18_59
2015,2015_I,country,FALSE,MNG,3,Mongolia,Asia,East Asia & Pacific,non-Schengen,m,18_59
2015,2015_I,country,FALSE,NGA,1,Nigeria,Africa,Sub-Saharan Africa,non-Schengen,f,18_59
2015,2015_I,country,FALSE,NGA,14,Nigeria,Africa,Sub-Saharan Africa,non-Schengen,m,18_59
2015,2015_I,country,FALSE,NPL,1,Nepal,Asia,South Asia,non-Schengen,f,18_59
2015,2015_I,country,FALSE,NPL,2,Nepal,Asia,South Asia,non-Schengen,m,18_59
2015,2015_I,country,FALSE,PAK,38,Pakistan,Asia,"Middle East, North Africa, Afghanistan & Pakistan",non-Schengen,m,18_59
2015,2015_I,country,FALSE,PAN,1,Panama,Americas,Latin America & Caribbean,non-Schengen,m,18_59
2015,2015_I,country,FALSE,PER,1,Peru,Americas,Latin America & Caribbean,non-Schengen,m,18_59
2015,2015_I,country,FALSE,PHL,1,Philippines,Asia,East Asia & Pacific,non-Schengen,m,18_59
2015,2015_I,country,FALSE,PSE,2,Palestinian Territories,Asia,"Middle East, North Africa, Afghanistan & Pakistan",non-Schengen,m,18_59
2015,2015_I,country,FALSE,RUS,11,Russia,Europe,Europe & Central Asia,non-Schengen,f,17
2015,2015_I,country,FALSE,RUS,30,Russia,Europe,Europe & Central Asia,non-Schengen,f,18_59
2015,2015_I,country,FALSE,RUS,29,Russia,Europe,Europe & Central Asia,non-Schengen,m,17
2015,2015_I,country,FALSE,RUS,55,Russia,Europe,Europe & Central Asia,non-Schengen,m,18_59
2015,2015_I,country,FALSE,RUS,1,Russia,Europe,Europe & Central Asia,non-Schengen,m,60
2015,2015_I,country,FALSE,RWA,1,Rwanda,Africa,Sub-Saharan Africa,non-Schengen,m,18_59
2015,2015_I,country,FALSE,SAU,1,Saudi Arabia,Asia,"Middle East, North Africa, Afghanistan & Pakistan",non-Schengen,f,18_59
2015,2015_I,country,FALSE,SAU,5,Saudi Arabia,Asia,"Middle East, North Africa, Afghanistan & Pakistan",non-Schengen,m,18_59
2015,2015_I,country,FALSE,SDN,2,Sudan,Africa,Sub-Saharan Africa,non-Schengen,m,18_59
2015,2015_I,country,FALSE,SLE,1,Sierra Leone,Africa,Sub-Saharan Africa,non-Schengen,m,18_59
2015,2015_I,country,FALSE,SYR,1,Syria,Asia,"Middle East, North Africa, Afghanistan & Pakistan",non-Schengen,m,17
2015,2015_I,country,FALSE,SYR,2,Syria,Asia,"Middle East, North Africa, Afghanistan & Pakistan",non-Schengen,m,18_59
2015,2015_I,country,FALSE,TJK,1,Tajikistan,Asia,Europe & Central Asia,non-Schengen,m,18_59
2015,2015_I,country,FALSE,TUN,10,Tunisia,Africa,"Middle East, North Africa, Afghanistan & Pakistan",non-Schengen,m,18_59
2015,2015_I,country,FALSE,TUR,2,Turkey,Asia,Europe & Central Asia,non-Schengen,f,18_59
2015,2015_I,country,FALSE,TUR,8,Turkey,Asia,Europe & Central Asia,non-Schengen,m,18_59
2015,2015_I,country,FALSE,UKR,24,Ukraine,Europe,Europe & Central Asia,non-Schengen,f,17
2015,2015_I,country,FALSE,UKR,253,Ukraine,Europe,Europe & Central Asia,non-Schengen,f,18_59
2015,2015_I,country,FALSE,UKR,15,Ukraine,Europe,Europe & Central Asia,non-Schengen,f,60
2015,2015_I,country,FALSE,UKR,20,Ukraine,Europe,Europe & Central Asia,non-Schengen,m,17
2015,2015_I,country,FALSE,UKR,606,Ukraine,Europe,Europe & Central Asia,non-Schengen,m,18_59
2015,2015_I,country,FALSE,UNK,1,unknown,other/unknown,other/unknown,non-Schengen,m,18_59
2015,2015_I,country,FALSE,URY,1,Uruguay,Americas,Latin America & Caribbean,non-Schengen,f,18_59
2015,2015_I,country,FALSE,USA,1,United States,Americas,North America,non-Schengen,f,17
2015,2015_I,country,FALSE,USA,1,United States,Americas,North America,non-Schengen,f,18_59
2015,2015_I,country,FALSE,USA,1,United States,Americas,North America,non-Schengen,m,18_59
2015,2015_I,country,FALSE,UZB,1,Uzbekistan,Asia,Europe & Central Asia,non-Schengen,f,18_59
2015,2015_I,country,FALSE,UZB,9,Uzbekistan,Asia,Europe & Central Asia,non-Schengen,m,18_59
2015,2015_I,country,FALSE,VEN,1,Venezuela,Americas,Latin America & Caribbean,non-Schengen,m,18_59
2015,2015_I,country,FALSE,VNM,3,Vietnam,Asia,East Asia & Pacific,non-Schengen,f,17
2015,2015_I,country,FALSE,VNM,8,Vietnam,Asia,East Asia & Pacific,non-Schengen,f,18_59
2015,2015_I,country,FALSE,VNM,1,Vietnam,Asia,East Asia & Pacific,non-Schengen,m,17
2015,2015_I,country,FALSE,VNM,72,Vietnam,Asia,East Asia & Pacific,non-Schengen,m,18_59
2015,2015_I,country,FALSE,XXX,1,Stateless,other/unknown,other/unknown,non-Schengen,f,18_59
2015,2015_I,country,FALSE,XXX,7,Stateless,other/unknown,other/unknown,non-Schengen,m,18_59
2015,2015_I,country,FALSE,ZMB,1,Zambia,Africa,Sub-Saharan Africa,non-Schengen,m,18_59
2015,2015_I,country,TRUE,ARM,2,Armenia,Asia,Europe & Central Asia,non-Schengen,m,18_59
2015,2015_I,country,TRUE,CAN,1,Canada,Americas,North America,non-Schengen,m,18_59
2015,2015_I,country,TRUE,CMR,1,Cameroon,Africa,Sub-Saharan Africa,non-Schengen,m,18_59
2015,2015_I,country,TRUE,GEO,2,Georgia,Asia,Europe & Central Asia,non-Schengen,m,18_59
2015,2015_I,country,TRUE,IRQ,2,Iraq,Asia,"Middle East, North Africa, Afghanistan & Pakistan",non-Schengen,m,18_59
2015,2015_I,country,TRUE,PAK,2,Pakistan,Asia,"Middle East, North Africa, Afghanistan & Pakistan",non-Schengen,m,18_59
2015,2015_I,country,TRUE,RUS,1,Russia,Europe,Europe & Central Asia,non-Schengen,m,18_59
2015,2015_I,country,TRUE,UKR,1,Ukraine,Europe,Europe & Central Asia,non-Schengen,f,18_59
2015,2015_I,country,TRUE,UKR,5,Ukraine,Europe,Europe & Central Asia,non-Schengen,m,18_59
2015,2015_I,external air,FALSE,AGO,2,Angola,Africa,Sub-Saharan Africa,non-Schengen,m,17
2015,2015_I,external air,FALSE,ARM,6,Armenia,Asia,Europe & Central Asia,non-Schengen,f,18_59
2015,2015_I,external air,FALSE,ARM,6,Armenia,Asia,Europe & Central Asia,non-Schengen,f,60
2015,2015_I,external air,FALSE,ARM,1,Armenia,Asia,Europe & Central Asia,non-Schengen,m,17
2015,2015_I,external air,FALSE,ARM,9,Armenia,Asia,Europe & Central Asia,non-Schengen,m,18_59
2015,2015_I,external air,FALSE,ARM,1,Armenia,Asia,Europe & Central Asia,non-Schengen,m,60
2015,2015_I,external air,FALSE,AUS,5,Australia,Oceania,East Asia & Pacific,non-Schengen,m,18_59
2015,2015_I,external air,FALSE,AZE,2,Azerbaijan,Asia,Europe & Central Asia,non-Schengen,f,18_59
2015,2015_I,external air,FALSE,AZE,6,Azerbaijan,Asia,Europe & Central Asia,non-Schengen,m,18_59
2015,2015_I,external air,FALSE,BHR,1,Bahrain,Asia,"Middle East, North Africa, Afghanistan & Pakistan",non-Schengen,m,18_59
2015,2015_I,external air,FALSE,BLR,4,Belarus,Europe,Europe & Central Asia,non-Schengen,f,18_59
2015,2015_I,external air,FALSE,BLR,1,Belarus,Europe,Europe & Central Asia,non-Schengen,f,60
2015,2015_I,external air,FALSE,BLR,2,Belarus,Europe,Europe & Central Asia,non-Schengen,m,18_59
2015,2015_I,external air,FALSE,CAN,3,Canada,Americas,North America,non-Schengen,f,17
2015,2015_I,external air,FALSE,CAN,8,Canada,Americas,North America,non-Schengen,f,18_59
2015,2015_I,external air,FALSE,CAN,2,Canada,Americas,North America,non-Schengen,f,60
2015,2015_I,external air,FALSE,CAN,2,Canada,Americas,North America,non-Schengen,m,17
2015,2015_I,external air,FALSE,CAN,8,Canada,Americas,North America,non-Schengen,m,18_59
2015,2015_I,external air,FALSE,CHN,2,China,Asia,East Asia & Pacific,non-Schengen,f,17
2015,2015_I,external air,FALSE,CHN,11,China,Asia,East Asia & Pacific,non-Schengen,f,18_59
2015,2015_I,external air,FALSE,CHN,1,China,Asia,East Asia & Pacific,non-Schengen,m,17
2015,2015_I,external air,FALSE,CHN,21,China,Asia,East Asia & Pacific,non-Schengen,m,18_59
2015,2015_I,external air,FALSE,CMR,1,Cameroon,Africa,Sub-Saharan Africa,non-Schengen,f,18_59
2015,2015_I,external air,FALSE,DZA,1,Algeria,Africa,"Middle East, North Africa, Afghanistan & Pakistan",non-Schengen,f,18_59
2015,2015_I,external air,FALSE,EGY,1,Egypt,Africa,"Middle East, North Africa, Afghanistan & Pakistan",non-Schengen,m,18_59
2015,2015_I,external air,FALSE,GEO,3,Georgia,Asia,Europe & Central Asia,non-Schengen,f,18_59
2015,2015_I,external air,FALSE,GEO,11,Georgia,Asia,Europe & Central Asia,non-Schengen,m,18_59
2015,2015_I,external air,FALSE,GEO,2,Georgia,Asia,Europe & Central Asia,non-Schengen,m,60
2015,2015_I,external air,FALSE,IDN,1,Indonesia,Asia,East Asia & Pacific,non-Schengen,m,18_59
2015,2015_I,external air,FALSE,IND,1,India,Asia,South Asia,non-Schengen,f,18_59
2015,2015_I,external air,FALSE,IND,1,India,Asia,South Asia,non-Schengen,m,17
2015,2015_I,external air,FALSE,IND,11,India,Asia,South Asia,non-Schengen,m,18_59
2015,2015_I,external air,FALSE,IRN,1,Iran,Asia,"Middle East, North Africa, Afghanistan & Pakistan",non-Schengen,m,18_59
2015,2015_I,external air,FALSE,IRQ,1,Iraq,Asia,"Middle East, North Africa, Afghanistan & Pakistan",non-Schengen,f,18_59
2015,2015_I,external air,FALSE,IRQ,2,Iraq,Asia,"Middle East, North Africa, Afghanistan & Pakistan",non-Schengen,m,18_59
2015,2015_I,external air,FALSE,JAM,1,Jamaica,Americas,Latin America & Caribbean,non-Schengen,f,18_59
2015,2015_I,external air,FALSE,JOR,2,Jordan,Asia,"Middle East, North Africa, Afghanistan & Pakistan",non-Schengen,m,18_59
2015,2015_I,external air,FALSE,KAZ,1,Kazakhstan,Asia,Europe & Central Asia,non-Schengen,f,17
2015,2015_I,external air,FALSE,KAZ,3,Kazakhstan,Asia,Europe & Central Asia,non-Schengen,f,18_59
2015,2015_I,external air,FALSE,KAZ,1,Kazakhstan,Asia,Europe & Central Asia,non-Schengen,f,60
2015,2015_I,external air,FALSE,KAZ,1,Kazakhstan,Asia,Europe & Central Asia,non-Schengen,m,17
2015,2015_I,external air,FALSE,KAZ,3,Kazakhstan,Asia,Europe & Central Asia,non-Schengen,m,18_59
2015,2015_I,external air,FALSE,KEN,1,Kenya,Africa,Sub-Saharan Africa,non-Schengen,f,18_59
2015,2015_I,external air,FALSE,KGZ,1,Kyrgyzstan,Asia,Europe & Central Asia,non-Schengen,f,18_59
2015,2015_I,external air,FALSE,KGZ,1,Kyrgyzstan,Asia,Europe & Central Asia,non-Schengen,m,18_59
2015,2015_I,external air,FALSE,LBR,1,Liberia,Africa,Sub-Saharan Africa,non-Schengen,f,18_59
2015,2015_I,external air,FALSE,LBY,1,Libya,Africa,"Middle East, North Africa, Afghanistan & Pakistan",non-Schengen,f,60
2015,2015_I,external air,FALSE,LBY,2,Libya,Africa,"Middle East, North Africa, Afghanistan & Pakistan",non-Schengen,m,17
2015,2015_I,external air,FALSE,LBY,2,Libya,Africa,"Middle East, North Africa, Afghanistan & Pakistan",non-Schengen,m,18_59
2015,2015_I,external air,FALSE,LKA,1,Sri Lanka,Asia,South Asia,non-Schengen,m,18_59
2015,2015_I,external air,FALSE,MNE,1,Montenegro,Europe,Europe & Central Asia,non-Schengen,f,18_59
2015,2015_I,external air,FALSE,MNG,2,Mongolia,Asia,East Asia & Pacific,non-Schengen,f,17
2015,2015_I,external air,FALSE,MNG,5,Mongolia,Asia,East Asia & Pacific,non-Schengen,f,18_59
2015,2015_I,external air,FALSE,MNG,1,Mongolia,Asia,East Asia & Pacific,non-Schengen,f,60
2015,2015_I,external air,FALSE,MNG,1,Mongolia,Asia,East Asia & Pacific,non-Schengen,m,17
2015,2015_I,external air,FALSE,MNG,2,Mongolia,Asia,East Asia & Pacific,non-Schengen,m,18_59
2015,2015_I,external air,FALSE,MYS,1,Malaysia,Asia,East Asia & Pacific,non-Schengen,f,18_59
2015,2015_I,external air,FALSE,NGA,2,Nigeria,Africa,Sub-Saharan Africa,non-Schengen,f,18_59
2015,2015_I,external air,FALSE,PAK,1,Pakistan,Asia,"Middle East, North Africa, Afghanistan & Pakistan",non-Schengen,m,18_59
2015,2015_I,external air,FALSE,PHL,1,Philippines,Asia,East Asia & Pacific,non-Schengen,m,18_59
2015,2015_I,external air,FALSE,KOR,1,South Korea,Asia,East Asia & Pacific,non-Schengen,m,18_59
2015,2015_I,external air,FALSE,RUS,1,Russia,Europe,Europe & Central Asia,non-Schengen,f,17
2015,2015_I,external air,FALSE,RUS,11,Russia,Europe,Europe & Central Asia,non-Schengen,f,18_59
2015,2015_I,external air,FALSE,RUS,3,Russia,Europe,Europe & Central Asia,non-Schengen,f,60
2015,2015_I,external air,FALSE,RUS,4,Russia,Europe,Europe & Central Asia,non-Schengen,m,17
2015,2015_I,external air,FALSE,RUS,12,Russia,Europe,Europe & Central Asia,non-Schengen,m,18_59
2015,2015_I,external air,FALSE,RUS,1,Russia,Europe,Europe & Central Asia,non-Schengen,m,60
2015,2015_I,external air,FALSE,SAU,2,Saudi Arabia,Asia,"Middle East, North Africa, Afghanistan & Pakistan",non-Schengen,f,17
2015,2015_I,external air,FALSE,SAU,1,Saudi Arabia,Asia,"Middle East, North Africa, Afghanistan & Pakistan",non-Schengen,f,18_59
2015,2015_I,external air,FALSE,SAU,1,Saudi Arabia,Asia,"Middle East, North Africa, Afghanistan & Pakistan",non-Schengen,m,17
2015,2015_I,external air,FALSE,SAU,7,Saudi Arabia,Asia,"Middle East, North Africa, Afghanistan & Pakistan",non-Schengen,m,18_59
2015,2015_I,external air,FALSE,SLE,1,Sierra Leone,Africa,Sub-Saharan Africa,non-Schengen,m,18_59
2015,2015_I,external air,FALSE,SOM,1,Somalia,Africa,Sub-Saharan Africa,non-Schengen,m,18_59
2015,2015_I,external air,FALSE,SRB,1,Serbia,Europe,Europe & Central Asia,non-Schengen,f,18_59
2015,2015_I,external air,FALSE,SRB,2,Serbia,Europe,Europe & Central Asia,non-Schengen,m,18_59
2015,2015_I,external air,FALSE,TJK,1,Tajikistan,Asia,Europe & Central Asia,non-Schengen,f,18_59
2015,2015_I,external air,FALSE,TUN,1,Tunisia,Africa,"Middle East, North Africa, Afghanistan & Pakistan",non-Schengen,m,18_59
2015,2015_I,external air,FALSE,TUR,2,Turkey,Asia,Europe & Central Asia,non-Schengen,f,17
2015,2015_I,external air,FALSE,TUR,2,Turkey,Asia,Europe & Central Asia,non-Schengen,f,18_59
2015,2015_I,external air,FALSE,TUR,13,Turkey,Asia,Europe & Central Asia,non-Schengen,m,18_59
2015,2015_I,external air,FALSE,TUR,1,Turkey,Asia,Europe & Central Asia,non-Schengen,m,60
2015,2015_I,external air,FALSE,UKR,1,Ukraine,Europe,Europe & Central Asia,non-Schengen,f,17
2015,2015_I,external air,FALSE,UKR,39,Ukraine,Europe,Europe & Central Asia,non-Schengen,f,18_59
2015,2015_I,external air,FALSE,UKR,7,Ukraine,Europe,Europe & Central Asia,non-Schengen,f,60
2015,2015_I,external air,FALSE,UKR,2,Ukraine,Europe,Europe & Central Asia,non-Schengen,m,17
2015,2015_I,external air,FALSE,UKR,28,Ukraine,Europe,Europe & Central Asia,non-Schengen,m,18_59
2015,2015_I,external air,FALSE,UKR,2,Ukraine,Europe,Europe & Central Asia,non-Schengen,m,60
2015,2015_I,external air,FALSE,UZB,1,Uzbekistan,Asia,Europe & Central Asia,non-Schengen,f,18_59
2015,2015_I,external air,FALSE,UZB,5,Uzbekistan,Asia,Europe & Central Asia,non-Schengen,m,18_59
2015,2015_I,external air,FALSE,VNM,1,Vietnam,Asia,East Asia & Pacific,non-Schengen,f,17
2015,2015_I,external air,FALSE,VNM,4,Vietnam,Asia,East Asia & Pacific,non-Schengen,f,18_59
2015,2015_I,external air,FALSE,VNM,1,Vietnam,Asia,East Asia & Pacific,non-Schengen,f,60
2015,2015_I,external air,FALSE,VNM,9,Vietnam,Asia,East Asia & Pacific,non-Schengen,m,18_59
2015,2015_I,external air,FALSE,XXX,1,Stateless,other/unknown,other/unknown,non-Schengen,f,17
2015,2015_I,external air,FALSE,XXX,1,Stateless,other/unknown,other/unknown,non-Schengen,m,18_59
2015,2015_I,external air,FALSE,ZAF,1,South Africa,Africa,Sub-Saharan Africa,non-Schengen,f,60
2015,2015_I,external air,FALSE,ZAF,1,South Africa,Africa,Sub-Saharan Africa,non-Schengen,m,18_59
2015,2015_I,external air,FALSE,ZMB,1,Zambia,Africa,Sub-Saharan Africa,non-Schengen,f,18_59
2015,2015_I,external air,FALSE,ZMB,1,Zambia,Africa,Sub-Saharan Africa,non-Schengen,m,18_59
2015,2015_II,Belarus,FALSE,ARM,2,Armenia,Asia,Europe & Central Asia,non-Schengen,m,18_59
2015,2015_II,Belarus,FALSE,BLR,12,Belarus,Europe,Europe & Central Asia,non-Schengen,f,17
2015,2015_II,Belarus,FALSE,BLR,99,Belarus,Europe,Europe & Central Asia,non-Schengen,f,18_59
2015,2015_II,Belarus,FALSE,BLR,16,Belarus,Europe,Europe & Central Asia,non-Schengen,f,60
2015,2015_II,Belarus,FALSE,BLR,7,Belarus,Europe,Europe & Central Asia,non-Schengen,m,17
2015,2015_II,Belarus,FALSE,BLR,202,Belarus,Europe,Europe & Central Asia,non-Schengen,m,18_59
2015,2015_II,Belarus,FALSE,BLR,2,Belarus,Europe,Europe & Central Asia,non-Schengen,m,60
2015,2015_II,Belarus,FALSE,CHN,1,China,Asia,East Asia & Pacific,non-Schengen,m,18_59
2015,2015_II,Belarus,FALSE,COG,1,Congo - Brazzaville,Africa,Sub-Saharan Africa,non-Schengen,f,18_59
2015,2015_II,Belarus,FALSE,GEO,1,Georgia,Asia,Europe & Central Asia,non-Schengen,f,18_59
2015,2015_II,Belarus,FALSE,GEO,3,Georgia,Asia,Europe & Central Asia,non-Schengen,m,18_59
2015,2015_II,Belarus,FALSE,IRQ,4,Iraq,Asia,"Middle East, North Africa, Afghanistan & Pakistan",non-Schengen,m,18_59
2015,2015_II,Belarus,FALSE,ISR,1,Israel,Asia,"Middle East, North Africa, Afghanistan & Pakistan",non-Schengen,m,18_59
2015,2015_II,Belarus,FALSE,KAZ,2,Kazakhstan,Asia,Europe & Central Asia,non-Schengen,f,18_59
2015,2015_II,Belarus,FALSE,KAZ,1,Kazakhstan,Asia,Europe & Central Asia,non-Schengen,f,60
2015,2015_II,Belarus,FALSE,KAZ,2,Kazakhstan,Asia,Europe & Central Asia,non-Schengen,m,18_59
2015,2015_II,Belarus,FALSE,MNG,3,Mongolia,Asia,East Asia & Pacific,non-Schengen,m,18_59
2015,2015_II,Belarus,FALSE,PHL,1,Philippines,Asia,East Asia & Pacific,non-Schengen,m,18_59
2015,2015_II,Belarus,FALSE,RUS,12,Russia,Europe,Europe & Central Asia,non-Schengen,f,17
2015,2015_II,Belarus,FALSE,RUS,104,Russia,Europe,Europe & Central Asia,non-Schengen,f,18_59
2015,2015_II,Belarus,FALSE,RUS,23,Russia,Europe,Europe & Central Asia,non-Schengen,f,60
2015,2015_II,Belarus,FALSE,RUS,10,Russia,Europe,Europe & Central Asia,non-Schengen,m,17
2015,2015_II,Belarus,FALSE,RUS,135,Russia,Europe,Europe & Central Asia,non-Schengen,m,18_59
2015,2015_II,Belarus,FALSE,RUS,11,Russia,Europe,Europe & Central Asia,non-Schengen,m,60
2015,2015_II,Belarus,FALSE,SRB,1,Serbia,Europe,Europe & Central Asia,non-Schengen,m,18_59
2015,2015_II,Belarus,FALSE,SYR,1,Syria,Asia,"Middle East, North Africa, Afghanistan & Pakistan",non-Schengen,f,17
2015,2015_II,Belarus,FALSE,SYR,1,Syria,Asia,"Middle East, North Africa, Afghanistan & Pakistan",non-Schengen,f,18_59
2015,2015_II,Belarus,FALSE,SYR,1,Syria,Asia,"Middle East, North Africa, Afghanistan & Pakistan",non-Schengen,m,17
2015,2015_II,Belarus,FALSE,TJK,2,Tajikistan,Asia,Europe & Central Asia,non-Schengen,m,18_59
2015,2015_II,Belarus,FALSE,TUR,1,Turkey,Asia,Europe & Central Asia,non-Schengen,f,18_59
2015,2015_II,Belarus,FALSE,TUR,2,Turkey,Asia,Europe & Central Asia,non-Schengen,m,18_59
2015,2015_II,Belarus,FALSE,UKR,6,Ukraine,Europe,Europe & Central Asia,non-Schengen,f,18_59
2015,2015_II,Belarus,FALSE,UKR,7,Ukraine,Europe,Europe & Central Asia,non-Schengen,m,18_59
2015,2015_II,Belarus,FALSE,UKR,1,Ukraine,Europe,Europe & Central Asia,non-Schengen,m,60
2015,2015_II,Belarus,FALSE,UZB,1,Uzbekistan,Asia,Europe & Central Asia,non-Schengen,f,18_59
2015,2015_II,Belarus,FALSE,UZB,1,Uzbekistan,Asia,Europe & Central Asia,non-Schengen,m,18_59
2015,2015_II,Belarus,FALSE,XXX,1,Stateless,other/unknown,other/unknown,non-Schengen,f,18_59
2015,2015_II,Belarus,FALSE,XXX,4,Stateless,other/unknown,other/unknown,non-Schengen,m,17
2015,2015_II,Belarus,FALSE,XXX,3,Stateless,other/unknown,other/unknown,non-Schengen,m,18_59
2015,2015_II,Belarus,TRUE,RUS,1,Russia,Europe,Europe & Central Asia,non-Schengen,m,18_59
2015,2015_II,Russia,FALSE,ARG,1,Argentina,Americas,Latin America & Caribbean,non-Schengen,m,18_59
2015,2015_II,Russia,FALSE,KAZ,2,Kazakhstan,Asia,Europe & Central Asia,non-Schengen,f,18_59
2015,2015_II,Russia,FALSE,KAZ,1,Kazakhstan,Asia,Europe & Central Asia,non-Schengen,f,60
2015,2015_II,Russia,FALSE,KAZ,1,Kazakhstan,Asia,Europe & Central Asia,non-Schengen,m,17
2015,2015_II,Russia,FALSE,KAZ,1,Kazakhstan,Asia,Europe & Central Asia,non-Schengen,m,18_59
2015,2015_II,Russia,FALSE,MDA,1,Moldova,Europe,Europe & Central Asia,non-Schengen,m,18_59
2015,2015_II,Russia,FALSE,RUS,5,Russia,Europe,Europe & Central Asia,non-Schengen,f,17
2015,2015_II,Russia,FALSE,RUS,39,Russia,Europe,Europe & Central Asia,non-Schengen,f,18_59
2015,2015_II,Russia,FALSE,RUS,15,Russia,Europe,Europe & Central Asia,non-Schengen,f,60
2015,2015_II,Russia,FALSE,RUS,3,Russia,Europe,Europe & Central Asia,non-Schengen,m,17
2015,2015_II,Russia,FALSE,RUS,60,Russia,Europe,Europe & Central Asia,non-Schengen,m,18_59
2015,2015_II,Russia,FALSE,RUS,5,Russia,Europe,Europe & Central Asia,non-Schengen,m,60
2015,2015_II,Russia,FALSE,SRB,1,Serbia,Europe,Europe & Central Asia,non-Schengen,m,18_59
2015,2015_II,Russia,FALSE,TUR,1,Turkey,Asia,Europe & Central Asia,non-Schengen,m,18_59
2015,2015_II,Russia,FALSE,UKR,1,Ukraine,Europe,Europe & Central Asia,non-Schengen,f,18_59
2015,2015_II,Russia,FALSE,UKR,5,Ukraine,Europe,Europe & Central Asia,non-Schengen,m,18_59
2015,2015_II,Russia,FALSE,USA,1,United States,Americas,North America,non-Schengen,m,18_59
2015,2015_II,Russia,FALSE,UZB,1,Uzbekistan,Asia,Europe & Central Asia,non-Schengen,f,60
2015,2015_II,Russia,FALSE,UZB,1,Uzbekistan,Asia,Europe & Central Asia,non-Schengen,m,18_59
2015,2015_II,Ukraine,FALSE,AGO,1,Angola,Africa,Sub-Saharan Africa,non-Schengen,m,18_59
2015,2015_II,Ukraine,FALSE,ARM,1,Armenia,Asia,Europe & Central Asia,non-Schengen,m,18_59
2015,2015_II,Ukraine,FALSE,AUS,1,Australia,Oceania,East Asia & Pacific,non-Schengen,m,18_59
2015,2015_II,Ukraine,FALSE,AZE,1,Azerbaijan,Asia,Europe & Central Asia,non-Schengen,m,18_59
2015,2015_II,Ukraine,FALSE,BGD,1,Bangladesh,Asia,South Asia,non-Schengen,m,18_59
2015,2015_II,Ukraine,FALSE,BLR,1,Belarus,Europe,Europe & Central Asia,non-Schengen,m,18_59
2015,2015_II,Ukraine,FALSE,CAN,1,Canada,Americas,North America,non-Schengen,m,18_59
2015,2015_II,Ukraine,FALSE,EGY,2,Egypt,Africa,"Middle East, North Africa, Afghanistan & Pakistan",non-Schengen,m,18_59
2015,2015_II,Ukraine,FALSE,GEO,1,Georgia,Asia,Europe & Central Asia,non-Schengen,m,18_59
2015,2015_II,Ukraine,FALSE,IRN,1,Iran,Asia,"Middle East, North Africa, Afghanistan & Pakistan",non-Schengen,m,18_59
2015,2015_II,Ukraine,FALSE,KAZ,1,Kazakhstan,Asia,Europe & Central Asia,non-Schengen,m,18_59
2015,2015_II,Ukraine,FALSE,MDA,13,Moldova,Europe,Europe & Central Asia,non-Schengen,f,18_59
2015,2015_II,Ukraine,FALSE,MDA,1,Moldova,Europe,Europe & Central Asia,non-Schengen,f,60
2015,2015_II,Ukraine,FALSE,MDA,2,Moldova,Europe,Europe & Central Asia,non-Schengen,m,17
2015,2015_II,Ukraine,FALSE,MDA,60,Moldova,Europe,Europe & Central Asia,non-Schengen,m,18_59
2015,2015_II,Ukraine,FALSE,MKD,1,North Macedonia,Europe,Europe & Central Asia,non-Schengen,m,18_59
2015,2015_II,Ukraine,FALSE,NGA,2,Nigeria,Africa,Sub-Saharan Africa,non-Schengen,m,18_59
2015,2015_II,Ukraine,FALSE,PSE,1,Palestinian Territories,Asia,"Middle East, North Africa, Afghanistan & Pakistan",non-Schengen,m,18_59
2015,2015_II,Ukraine,FALSE,RUS,6,Russia,Europe,Europe & Central Asia,non-Schengen,f,18_59
2015,2015_II,Ukraine,FALSE,RUS,2,Russia,Europe,Europe & Central Asia,non-Schengen,f,60
2015,2015_II,Ukraine,FALSE,RUS,7,Russia,Europe,Europe & Central Asia,non-Schengen,m,18_59
2015,2015_II,Ukraine,FALSE,SDN,1,Sudan,Africa,Sub-Saharan Africa,non-Schengen,m,18_59
2015,2015_II,Ukraine,FALSE,TUR,1,Turkey,Asia,Europe & Central Asia,non-Schengen,f,18_59
2015,2015_II,Ukraine,FALSE,TUR,5,Turkey,Asia,Europe & Central Asia,non-Schengen,m,18_59
2015,2015_II,Ukraine,FALSE,UGA,1,Uganda,Africa,Sub-Saharan Africa,non-Schengen,f,18_59
2015,2015_II,Ukraine,FALSE,UKR,47,Ukraine,Europe,Europe & Central Asia,non-Schengen,f,17
2015,2015_II,Ukraine,FALSE,UKR,1283,Ukraine,Europe,Europe & Central Asia,non-Schengen,f,18_59
2015,2015_II,Ukraine,FALSE,UKR,1,Ukraine,Europe,Europe & Central Asia,non-Schengen,f,18_59
2015,2015_II,Ukraine,FALSE,UKR,112,Ukraine,Europe,Europe & Central Asia,non-Schengen,f,60
2015,2015_II,Ukraine,FALSE,UKR,61,Ukraine,Europe,Europe & Central Asia,non-Schengen,m,17
2015,2015_II,Ukraine,FALSE,UKR,2816,Ukraine,Europe,Europe & Central Asia,non-Schengen,m,18_59
2015,2015_II,Ukraine,FALSE,UKR,29,Ukraine,Europe,Europe & Central Asia,non-Schengen,m,60
2015,2015_II,Ukraine,FALSE,UZB,1,Uzbekistan,Asia,Europe & Central Asia,non-Schengen,m,18_59
2015,2015_II,Ukraine,FALSE,XXX,1,Stateless,other/unknown,other/unknown,non-Schengen,m,18_59
2015,2015_II,country,FALSE,AFG,1,Afghanistan,Asia,"Middle East, North Africa, Afghanistan & Pakistan",non-Schengen,f,18_59
2015,2015_II,country,FALSE,AFG,2,Afghanistan,Asia,"Middle East, North Africa, Afghanistan & Pakistan",non-Schengen,m,17
2015,2015_II,country,FALSE,AFG,3,Afghanistan,Asia,"Middle East, North Africa, Afghanistan & Pakistan",non-Schengen,m,18_59
2015,2015_II,country,FALSE,ALB,3,Albania,Europe,Europe & Central Asia,non-Schengen,m,18_59
2015,2015_II,country,FALSE,ARG,1,Argentina,Americas,Latin America & Caribbean,non-Schengen,m,18_59
2015,2015_II,country,FALSE,ARM,3,Armenia,Asia,Europe & Central Asia,non-Schengen,f,17
2015,2015_II,country,FALSE,ARM,8,Armenia,Asia,Europe & Central Asia,non-Schengen,f,18_59
2015,2015_II,country,FALSE,ARM,4,Armenia,Asia,Europe & Central Asia,non-Schengen,f,60
2015,2015_II,country,FALSE,ARM,3,Armenia,Asia,Europe & Central Asia,non-Schengen,m,17
2015,2015_II,country,FALSE,ARM,23,Armenia,Asia,Europe & Central Asia,non-Schengen,m,18_59
2015,2015_II,country,FALSE,ARM,2,Armenia,Asia,Europe & Central Asia,non-Schengen,m,60
2015,2015_II,country,FALSE,AUS,1,Australia,Oceania,East Asia & Pacific,non-Schengen,f,18_59
2015,2015_II,country,FALSE,AZE,1,Azerbaijan,Asia,Europe & Central Asia,non-Schengen,f,18_59
2015,2015_II,country,FALSE,AZE,3,Azerbaijan,Asia,Europe & Central Asia,non-Schengen,m,18_59
2015,2015_II,country,FALSE,BGD,5,Bangladesh,Asia,South Asia,non-Schengen,m,18_59
2015,2015_II,country,FALSE,BGR,3,Bulgaria,Europe,Europe & Central Asia,non-Schengen,m,18_59
2015,2015_II,country,FALSE,BLR,7,Belarus,Europe,Europe & Central Asia,non-Schengen,f,18_59
2015,2015_II,country,FALSE,BLR,1,Belarus,Europe,Europe & Central Asia,non-Schengen,f,60
2015,2015_II,country,FALSE,BLR,44,Belarus,Europe,Europe & Central Asia,non-Schengen,m,18_59
2015,2015_II,country,FALSE,BLR,1,Belarus,Europe,Europe & Central Asia,non-Schengen,m,60
2015,2015_II,country,FALSE,CAN,1,Canada,Americas,North America,non-Schengen,m,18_59
2015,2015_II,country,FALSE,CHN,2,China,Asia,East Asia & Pacific,non-Schengen,f,18_59
2015,2015_II,country,FALSE,CHN,7,China,Asia,East Asia & Pacific,non-Schengen,m,18_59
2015,2015_II,country,FALSE,CMR,1,Cameroon,Africa,Sub-Saharan Africa,non-Schengen,f,17
2015,2015_II,country,FALSE,CMR,4,Cameroon,Africa,Sub-Saharan Africa,non-Schengen,m,18_59
2015,2015_II,country,FALSE,COG,1,Congo - Brazzaville,Africa,Sub-Saharan Africa,non-Schengen,f,18_59
2015,2015_II,country,FALSE,COG,3,Congo - Brazzaville,Africa,Sub-Saharan Africa,non-Schengen,m,18_59
2015,2015_II,country,FALSE,CUB,1,Cuba,Americas,Latin America & Caribbean,non-Schengen,m,18_59
2015,2015_II,country,FALSE,DZA,7,Algeria,Africa,"Middle East, North Africa, Afghanistan & Pakistan",non-Schengen,m,18_59
2015,2015_II,country,FALSE,ECU,1,Ecuador,Americas,Latin America & Caribbean,non-Schengen,f,17
2015,2015_II,country,FALSE,ECU,1,Ecuador,Americas,Latin America & Caribbean,non-Schengen,f,18_59
2015,2015_II,country,FALSE,EGY,10,Egypt,Africa,"Middle East, North Africa, Afghanistan & Pakistan",non-Schengen,m,18_59
2015,2015_II,country,FALSE,ERI,1,Eritrea,Africa,Sub-Saharan Africa,non-Schengen,f,18_59
2015,2015_II,country,FALSE,GAB,1,Gabon,Africa,Sub-Saharan Africa,non-Schengen,f,17
2015,2015_II,country,FALSE,GEO,5,Georgia,Asia,Europe & Central Asia,non-Schengen,f,17
2015,2015_II,country,FALSE,GEO,7,Georgia,Asia,Europe & Central Asia,non-Schengen,f,18_59
2015,2015_II,country,FALSE,GEO,2,Georgia,Asia,Europe & Central Asia,non-Schengen,m,17
2015,2015_II,country,FALSE,GEO,25,Georgia,Asia,Europe & Central Asia,non-Schengen,m,18_59
2015,2015_II,country,FALSE,GHA,1,Ghana,Africa,Sub-Saharan Africa,non-Schengen,m,18_59
2015,2015_II,country,FALSE,GIN,1,Guinea,Africa,Sub-Saharan Africa,non-Schengen,m,18_59
2015,2015_II,country,FALSE,GTM,2,Guatemala,Americas,Latin America & Caribbean,non-Schengen,m,18_59
2015,2015_II,country,FALSE,IND,3,India,Asia,South Asia,non-Schengen,m,18_59
2015,2015_II,country,FALSE,IRN,2,Iran,Asia,"Middle East, North Africa, Afghanistan & Pakistan",non-Schengen,m,18_59
2015,2015_II,country,FALSE,IRQ,2,Iraq,Asia,"Middle East, North Africa, Afghanistan & Pakistan",non-Schengen,m,18_59
2015,2015_II,country,FALSE,ISR,1,Israel,Asia,"Middle East, North Africa, Afghanistan & Pakistan",non-Schengen,f,18_59
2015,2015_II,country,FALSE,ISR,2,Israel,Asia,"Middle East, North Africa, Afghanistan & Pakistan",non-Schengen,m,17
2015,2015_II,country,FALSE,ISR,2,Israel,Asia,"Middle East, North Africa, Afghanistan & Pakistan",non-Schengen,m,18_59
2015,2015_II,country,FALSE,JOR,2,Jordan,Asia,"Middle East, North Africa, Afghanistan & Pakistan",non-Schengen,m,18_59
2015,2015_II,country,FALSE,JPN,1,Japan,Asia,East Asia & Pacific,non-Schengen,f,18_59
2015,2015_II,country,FALSE,KGZ,1,Kyrgyzstan,Asia,Europe & Central Asia,non-Schengen,f,17
2015,2015_II,country,FALSE,KGZ,2,Kyrgyzstan,Asia,Europe & Central Asia,non-Schengen,f,18_59
2015,2015_II,country,FALSE,KGZ,5,Kyrgyzstan,Asia,Europe & Central Asia,non-Schengen,m,18_59
2015,2015_II,country,FALSE,KOSOVO,1,KOSOVO,Europe,Europe & Central Asia,non-Schengen,f,18_59
2015,2015_II,country,FALSE,LBN,1,Lebanon,Asia,"Middle East, North Africa, Afghanistan & Pakistan",non-Schengen,m,18_59
2015,2015_II,country,FALSE,LBY,4,Libya,Africa,"Middle East, North Africa, Afghanistan & Pakistan",non-Schengen,m,18_59
2015,2015_II,country,FALSE,LKA,2,Sri Lanka,Asia,South Asia,non-Schengen,m,18_59
2015,2015_II,country,FALSE,MAR,6,Morocco,Africa,"Middle East, North Africa, Afghanistan & Pakistan",non-Schengen,m,18_59
2015,2015_II,country,FALSE,MDA,2,Moldova,Europe,Europe & Central Asia,non-Schengen,f,18_59
2015,2015_II,country,FALSE,MDA,8,Moldova,Europe,Europe & Central Asia,non-Schengen,m,18_59
2015,2015_II,country,FALSE,MDG,1,Madagascar,Africa,Sub-Saharan Africa,non-Schengen,f,17
2015,2015_II,country,FALSE,MDG,1,Madagascar,Africa,Sub-Saharan Africa,non-Schengen,f,18_59
2015,2015_II,country,FALSE,MDG,2,Madagascar,Africa,Sub-Saharan Africa,non-Schengen,m,18_59
2015,2015_II,country,FALSE,MEX,1,Mexico,Americas,Latin America & Caribbean,non-Schengen,m,18_59
2015,2015_II,country,FALSE,MNE,1,Montenegro,Europe,Europe & Central Asia,non-Schengen,m,17
2015,2015_II,country,FALSE,MNG,2,Mongolia,Asia,East Asia & Pacific,non-Schengen,m,18_59
2015,2015_II,country,FALSE,NER,1,Niger,Africa,Sub-Saharan Africa,non-Schengen,m,18_59
2015,2015_II,country,FALSE,NGA,10,Nigeria,Africa,Sub-Saharan Africa,non-Schengen,m,18_59
2015,2015_II,country,FALSE,NIC,1,Nicaragua,Americas,Latin America & Caribbean,non-Schengen,m,18_59
2015,2015_II,country,FALSE,PAK,13,Pakistan,Asia,"Middle East, North Africa, Afghanistan & Pakistan",non-Schengen,m,18_59
2015,2015_II,country,FALSE,PSE,1,Palestinian Territories,Asia,"Middle East, North Africa, Afghanistan & Pakistan",non-Schengen,m,18_59
2015,2015_II,country,FALSE,RUS,17,Russia,Europe,Europe & Central Asia,non-Schengen,f,17
2015,2015_II,country,FALSE,RUS,24,Russia,Europe,Europe & Central Asia,non-Schengen,f,18_59
2015,2015_II,country,FALSE,RUS,4,Russia,Europe,Europe & Central Asia,non-Schengen,f,60
2015,2015_II,country,FALSE,RUS,13,Russia,Europe,Europe & Central Asia,non-Schengen,m,17
2015,2015_II,country,FALSE,RUS,55,Russia,Europe,Europe & Central Asia,non-Schengen,m,18_59
2015,2015_II,country,FALSE,SAU,2,Saudi Arabia,Asia,"Middle East, North Africa, Afghanistan & Pakistan",non-Schengen,m,18_59
2015,2015_II,country,FALSE,SLV,1,El Salvador,Americas,Latin America & Caribbean,non-Schengen,f,18_59
2015,2015_II,country,FALSE,SRB,2,Serbia,Europe,Europe & Central Asia,non-Schengen,m,18_59
2015,2015_II,country,FALSE,SYR,2,Syria,Asia,"Middle East, North Africa, Afghanistan & Pakistan",non-Schengen,m,18_59
2015,2015_II,country,FALSE,TKM,1,Turkmenistan,Asia,Europe & Central Asia,non-Schengen,m,18_59
2015,2015_II,country,FALSE,TUN,10,Tunisia,Africa,"Middle East, North Africa, Afghanistan & Pakistan",non-Schengen,m,18_59
2015,2015_II,country,FALSE,TUR,1,Turkey,Asia,Europe & Central Asia,non-Schengen,f,17
2015,2015_II,country,FALSE,TUR,1,Turkey,Asia,Europe & Central Asia,non-Schengen,f,18_59
2015,2015_II,country,FALSE,TUR,12,Turkey,Asia,Europe & Central Asia,non-Schengen,m,18_59
2015,2015_II,country,FALSE,TWN,1,Taiwan,Asia,East Asia & Pacific,non-Schengen,m,18_59
2015,2015_II,country,FALSE,TZA,1,Tanzania,Africa,Sub-Saharan Africa,non-Schengen,m,18_59
2015,2015_II,country,FALSE,UGA,1,Uganda,Africa,Sub-Saharan Africa,non-Schengen,m,18_59
2015,2015_II,country,FALSE,UKR,23,Ukraine,Europe,Europe & Central Asia,non-Schengen,f,17
2015,2015_II,country,FALSE,UKR,312,Ukraine,Europe,Europe & Central Asia,non-Schengen,f,18_59
2015,2015_II,country,FALSE,UKR,17,Ukraine,Europe,Europe & Central Asia,non-Schengen,f,60
2015,2015_II,country,FALSE,UKR,28,Ukraine,Europe,Europe & Central Asia,non-Schengen,m,17
2015,2015_II,country,FALSE,UKR,815,Ukraine,Europe,Europe & Central Asia,non-Schengen,m,18_59
2015,2015_II,country,FALSE,UKR,5,Ukraine,Europe,Europe & Central Asia,non-Schengen,m,60
2015,2015_II,country,FALSE,UNK,2,unknown,other/unknown,other/unknown,non-Schengen,f,18_59
2015,2015_II,country,FALSE,UNK,2,unknown,other/unknown,other/unknown,non-Schengen,m,17
2015,2015_II,country,FALSE,UNK,1,unknown,other/unknown,other/unknown,non-Schengen,m,18_59
2015,2015_II,country,FALSE,USA,2,United States,Americas,North America,non-Schengen,m,18_59
2015,2015_II,country,FALSE,UZB,1,Uzbekistan,Asia,Europe & Central Asia,non-Schengen,m,18_59
2015,2015_II,country,FALSE,VNM,1,Vietnam,Asia,East Asia & Pacific,non-Schengen,f,17
2015,2015_II,country,FALSE,VNM,15,Vietnam,Asia,East Asia & Pacific,non-Schengen,f,18_59
2015,2015_II,country,FALSE,VNM,2,Vietnam,Asia,East Asia & Pacific,non-Schengen,m,17
2015,2015_II,country,FALSE,VNM,51,Vietnam,Asia,East Asia & Pacific,non-Schengen,m,18_59
2015,2015_II,country,FALSE,XXX,3,Stateless,other/unknown,other/unknown,non-Schengen,m,18_59
2015,2015_II,country,FALSE,ZWE,1,Zimbabwe,Africa,Sub-Saharan Africa,non-Schengen,m,18_59
2015,2015_II,country,TRUE,BGD,1,Bangladesh,Asia,South Asia,non-Schengen,m,18_59
2015,2015_II,country,TRUE,BLR,1,Belarus,Europe,Europe & Central Asia,non-Schengen,m,18_59
2015,2015_II,country,TRUE,BRA,1,Brazil,Americas,Latin America & Caribbean,non-Schengen,m,18_59
2015,2015_II,country,TRUE,EGY,1,Egypt,Africa,"Middle East, North Africa, Afghanistan & Pakistan",non-Schengen,m,18_59
2015,2015_II,country,TRUE,LKA,1,Sri Lanka,Asia,South Asia,non-Schengen,m,18_59
2015,2015_II,country,TRUE,MDA,1,Moldova,Europe,Europe & Central Asia,non-Schengen,m,18_59
2015,2015_II,country,TRUE,MEX,1,Mexico,Americas,Latin America & Caribbean,non-Schengen,m,18_59
2015,2015_II,country,TRUE,PAK,2,Pakistan,Asia,"Middle East, North Africa, Afghanistan & Pakistan",non-Schengen,m,18_59
2015,2015_II,country,TRUE,RUS,1,Russia,Europe,Europe & Central Asia,non-Schengen,m,18_59
2015,2015_II,country,TRUE,UKR,1,Ukraine,Europe,Europe & Central Asia,non-Schengen,f,18_59
2015,2015_II,country,TRUE,UKR,13,Ukraine,Europe,Europe & Central Asia,non-Schengen,m,18_59
2015,2015_II,country,TRUE,UZB,1,Uzbekistan,Asia,Europe & Central Asia,non-Schengen,m,18_59
2015,2015_II,country,TRUE,VNM,1,Vietnam,Asia,East Asia & Pacific,non-Schengen,m,18_59
2015,2015_II,country,TRUE,XXX,1,Stateless,other/unknown,other/unknown,non-Schengen,m,18_59
2015,2015_II,external air,FALSE,AGO,1,Angola,Africa,Sub-Saharan Africa,non-Schengen,f,18_59
2015,2015_II,external air,FALSE,AGO,1,Angola,Africa,Sub-Saharan Africa,non-Schengen,m,18_59
2015,2015_II,external air,FALSE,ARE,1,United Arab Emirates,Asia,"Middle East, North Africa, Afghanistan & Pakistan",non-Schengen,m,18_59
2015,2015_II,external air,FALSE,ARM,2,Armenia,Asia,Europe & Central Asia,non-Schengen,f,18_59
2015,2015_II,external air,FALSE,ARM,3,Armenia,Asia,Europe & Central Asia,non-Schengen,f,60
2015,2015_II,external air,FALSE,ARM,2,Armenia,Asia,Europe & Central Asia,non-Schengen,m,17
2015,2015_II,external air,FALSE,ARM,2,Armenia,Asia,Europe & Central Asia,non-Schengen,m,18_59
2015,2015_II,external air,FALSE,AUS,1,Australia,Oceania,East Asia & Pacific,non-Schengen,f,17
2015,2015_II,external air,FALSE,AUS,4,Australia,Oceania,East Asia & Pacific,non-Schengen,f,18_59
2015,2015_II,external air,FALSE,AUS,1,Australia,Oceania,East Asia & Pacific,non-Schengen,f,60
2015,2015_II,external air,FALSE,AUS,10,Australia,Oceania,East Asia & Pacific,non-Schengen,m,18_59
2015,2015_II,external air,FALSE,AZE,2,Azerbaijan,Asia,Europe & Central Asia,non-Schengen,f,18_59
2015,2015_II,external air,FALSE,AZE,2,Azerbaijan,Asia,Europe & Central Asia,non-Schengen,m,18_59
2015,2015_II,external air,FALSE,BGD,1,Bangladesh,Asia,South Asia,non-Schengen,m,18_59
2015,2015_II,external air,FALSE,BLR,1,Belarus,Europe,Europe & Central Asia,non-Schengen,f,17
2015,2015_II,external air,FALSE,BLR,5,Belarus,Europe,Europe & Central Asia,non-Schengen,f,18_59
2015,2015_II,external air,FALSE,BLR,2,Belarus,Europe,Europe & Central Asia,non-Schengen,f,60
2015,2015_II,external air,FALSE,BRA,1,Brazil,Americas,Latin America & Caribbean,non-Schengen,m,18_59
2015,2015_II,external air,FALSE,CAN,2,Canada,Americas,North America,non-Schengen,f,17
2015,2015_II,external air,FALSE,CAN,10,Canada,Americas,North America,non-Schengen,f,18_59
2015,2015_II,external air,FALSE,CAN,7,Canada,Americas,North America,non-Schengen,f,60
2015,2015_II,external air,FALSE,CAN,10,Canada,Americas,North America,non-Schengen,m,18_59
2015,2015_II,external air,FALSE,CAN,1,Canada,Americas,North America,non-Schengen,m,60
2015,2015_II,external air,FALSE,CHL,1,Chile,Americas,Latin America & Caribbean,non-Schengen,m,18_59
2015,2015_II,external air,FALSE,CHN,21,China,Asia,East Asia & Pacific,non-Schengen,f,18_59
2015,2015_II,external air,FALSE,CHN,1,China,Asia,East Asia & Pacific,non-Schengen,f,60
2015,2015_II,external air,FALSE,CHN,2,China,Asia,East Asia & Pacific,non-Schengen,m,17
2015,2015_II,external air,FALSE,CHN,35,China,Asia,East Asia & Pacific,non-Schengen,m,18_59
2015,2015_II,external air,FALSE,COL,1,Colombia,Americas,Latin America & Caribbean,non-Schengen,m,18_59
2015,2015_II,external air,FALSE,CRI,1,Costa Rica,Americas,Latin America & Caribbean,non-Schengen,m,18_59
2015,2015_II,external air,FALSE,EGY,1,Egypt,Africa,"Middle East, North Africa, Afghanistan & Pakistan",non-Schengen,f,18_59
2015,2015_II,external air,FALSE,EGY,1,Egypt,Africa,"Middle East, North Africa, Afghanistan & Pakistan",non-Schengen,m,17
2015,2015_II,external air,FALSE,EGY,1,Egypt,Africa,"Middle East, North Africa, Afghanistan & Pakistan",non-Schengen,m,18_59
2015,2015_II,external air,FALSE,GEO,1,Georgia,Asia,Europe & Central Asia,non-Schengen,f,17
2015,2015_II,external air,FALSE,GEO,2,Georgia,Asia,Europe & Central Asia,non-Schengen,f,18_59
2015,2015_II,external air,FALSE,GEO,1,Georgia,Asia,Europe & Central Asia,non-Schengen,m,17
2015,2015_II,external air,FALSE,GEO,8,Georgia,Asia,Europe & Central Asia,non-Schengen,m,18_59
2015,2015_II,external air,FALSE,GHA,1,Ghana,Africa,Sub-Saharan Africa,non-Schengen,m,18_59
2015,2015_II,external air,FALSE,HTI,1,Haiti,Americas,Latin America & Caribbean,non-Schengen,f,18_59
2015,2015_II,external air,FALSE,IDN,3,Indonesia,Asia,East Asia & Pacific,non-Schengen,f,18_59
2015,2015_II,external air,FALSE,IND,2,India,Asia,South Asia,non-Schengen,f,17
2015,2015_II,external air,FALSE,IND,2,India,Asia,South Asia,non-Schengen,f,18_59
2015,2015_II,external air,FALSE,IND,1,India,Asia,South Asia,non-Schengen,f,60
2015,2015_II,external air,FALSE,IND,2,India,Asia,South Asia,non-Schengen,m,17
2015,2015_II,external air,FALSE,IND,8,India,Asia,South Asia,non-Schengen,m,18_59
2015,2015_II,external air,FALSE,IND,2,India,Asia,South Asia,non-Schengen,m,60
2015,2015_II,external air,FALSE,IRN,2,Iran,Asia,"Middle East, North Africa, Afghanistan & Pakistan",non-Schengen,m,18_59
2015,2015_II,external air,FALSE,IRQ,2,Iraq,Asia,"Middle East, North Africa, Afghanistan & Pakistan",non-Schengen,m,60
2015,2015_II,external air,FALSE,JOR,3,Jordan,Asia,"Middle East, North Africa, Afghanistan & Pakistan",non-Schengen,m,18_59
2015,2015_II,external air,FALSE,KAZ,4,Kazakhstan,Asia,Europe & Central Asia,non-Schengen,f,18_59
2015,2015_II,external air,FALSE,KAZ,1,Kazakhstan,Asia,Europe & Central Asia,non-Schengen,m,18_59
2015,2015_II,external air,FALSE,KEN,1,Kenya,Africa,Sub-Saharan Africa,non-Schengen,f,18_59
2015,2015_II,external air,FALSE,KEN,1,Kenya,Africa,Sub-Saharan Africa,non-Schengen,f,60
2015,2015_II,external air,FALSE,KEN,2,Kenya,Africa,Sub-Saharan Africa,non-Schengen,m,18_59
2015,2015_II,external air,FALSE,KEN,1,Kenya,Africa,Sub-Saharan Africa,non-Schengen,m,60
2015,2015_II,external air,FALSE,KHM,1,Cambodia,Asia,East Asia & Pacific,non-Schengen,m,18_59
2015,2015_II,external air,FALSE,KNA,1,St. Kitts & Nevis,Americas,Latin America & Caribbean,non-Schengen,f,18_59
2015,2015_II,external air,FALSE,KWT,2,Kuwait,Asia,"Middle East, North Africa, Afghanistan & Pakistan",non-Schengen,m,18_59
2015,2015_II,external air,FALSE,LBN,3,Lebanon,Asia,"Middle East, North Africa, Afghanistan & Pakistan",non-Schengen,m,18_59
2015,2015_II,external air,FALSE,LBY,2,Libya,Africa,"Middle East, North Africa, Afghanistan & Pakistan",non-Schengen,f,18_59
2015,2015_II,external air,FALSE,LBY,3,Libya,Africa,"Middle East, North Africa, Afghanistan & Pakistan",non-Schengen,m,17
2015,2015_II,external air,FALSE,LBY,1,Libya,Africa,"Middle East, North Africa, Afghanistan & Pakistan",non-Schengen,m,18_59
2015,2015_II,external air,FALSE,MAR,1,Morocco,Africa,"Middle East, North Africa, Afghanistan & Pakistan",non-Schengen,m,18_59
2015,2015_II,external air,FALSE,MDA,1,Moldova,Europe,Europe & Central Asia,non-Schengen,m,18_59
2015,2015_II,external air,FALSE,MNG,1,Mongolia,Asia,East Asia & Pacific,non-Schengen,f,18_59
2015,2015_II,external air,FALSE,MNG,1,Mongolia,Asia,East Asia & Pacific,non-Schengen,m,18_59
2015,2015_II,external air,FALSE,MUS,1,Mauritius,Africa,Sub-Saharan Africa,non-Schengen,m,18_59
2015,2015_II,external air,FALSE,NGA,1,Nigeria,Africa,Sub-Saharan Africa,non-Schengen,m,18_59
2015,2015_II,external air,FALSE,NZL,1,New Zealand,Oceania,East Asia & Pacific,non-Schengen,f,18_59
2015,2015_II,external air,FALSE,NZL,1,New Zealand,Oceania,East Asia & Pacific,non-Schengen,m,18_59
2015,2015_II,external air,FALSE,NZL,1,New Zealand,Oceania,East Asia & Pacific,non-Schengen,m,60
2015,2015_II,external air,FALSE,PAK,1,Pakistan,Asia,"Middle East, North Africa, Afghanistan & Pakistan",non-Schengen,m,18_59
2015,2015_II,external air,FALSE,KOR,11,South Korea,Asia,East Asia & Pacific,non-Schengen,m,18_59
2015,2015_II,external air,FALSE,QAT,2,Qatar,Asia,"Middle East, North Africa, Afghanistan & Pakistan",non-Schengen,m,18_59
2015,2015_II,external air,FALSE,RUS,3,Russia,Europe,Europe & Central Asia,non-Schengen,f,17
2015,2015_II,external air,FALSE,RUS,20,Russia,Europe,Europe & Central Asia,non-Schengen,f,18_59
2015,2015_II,external air,FALSE,RUS,5,Russia,Europe,Europe & Central Asia,non-Schengen,f,60
2015,2015_II,external air,FALSE,RUS,2,Russia,Europe,Europe & Central Asia,non-Schengen,m,17
2015,2015_II,external air,FALSE,RUS,14,Russia,Europe,Europe & Central Asia,non-Schengen,m,18_59
2015,2015_II,external air,FALSE,SAU,2,Saudi Arabia,Asia,"Middle East, North Africa, Afghanistan & Pakistan",non-Schengen,f,17
2015,2015_II,external air,FALSE,SAU,5,Saudi Arabia,Asia,"Middle East, North Africa, Afghanistan & Pakistan",non-Schengen,f,18_59
2015,2015_II,external air,FALSE,SAU,2,Saudi Arabia,Asia,"Middle East, North Africa, Afghanistan & Pakistan",non-Schengen,m,17
2015,2015_II,external air,FALSE,SAU,8,Saudi Arabia,Asia,"Middle East, North Africa, Afghanistan & Pakistan",non-Schengen,m,18_59
2015,2015_II,external air,FALSE,SRB,2,Serbia,Europe,Europe & Central Asia,non-Schengen,f,18_59
2015,2015_II,external air,FALSE,SRB,1,Serbia,Europe,Europe & Central Asia,non-Schengen,m,17
2015,2015_II,external air,FALSE,SRB,6,Serbia,Europe,Europe & Central Asia,non-Schengen,m,18_59
2015,2015_II,external air,FALSE,THA,2,Thailand,Asia,East Asia & Pacific,non-Schengen,f,18_59
2015,2015_II,external air,FALSE,TJK,1,Tajikistan,Asia,Europe & Central Asia,non-Schengen,m,18_59
2015,2015_II,external air,FALSE,TKM,2,Turkmenistan,Asia,Europe & Central Asia,non-Schengen,f,18_59
2015,2015_II,external air,FALSE,TKM,1,Turkmenistan,Asia,Europe & Central Asia,non-Schengen,m,18_59
2015,2015_II,external air,FALSE,TUN,1,Tunisia,Africa,"Middle East, North Africa, Afghanistan & Pakistan",non-Schengen,m,18_59
2015,2015_II,external air,FALSE,TUR,5,Turkey,Asia,Europe & Central Asia,non-Schengen,f,18_59
2015,2015_II,external air,FALSE,TUR,11,Turkey,Asia,Europe & Central Asia,non-Schengen,m,18_59
2015,2015_II,external air,FALSE,UKR,5,Ukraine,Europe,Europe & Central Asia,non-Schengen,f,17
2015,2015_II,external air,FALSE,UKR,80,Ukraine,Europe,Europe & Central Asia,non-Schengen,f,18_59
2015,2015_II,external air,FALSE,UKR,18,Ukraine,Europe,Europe & Central Asia,non-Schengen,f,60
2015,2015_II,external air,FALSE,UKR,2,Ukraine,Europe,Europe & Central Asia,non-Schengen,m,17
2015,2015_II,external air,FALSE,UKR,61,Ukraine,Europe,Europe & Central Asia,non-Schengen,m,18_59
2015,2015_II,external air,FALSE,UKR,1,Ukraine,Europe,Europe & Central Asia,non-Schengen,m,60
2015,2015_II,external air,FALSE,USA,1,United States,Americas,North America,non-Schengen,m,17
2015,2015_II,external air,FALSE,USA,1,United States,Americas,North America,non-Schengen,m,18_59
2015,2015_II,external air,FALSE,UZB,1,Uzbekistan,Asia,Europe & Central Asia,non-Schengen,f,18_59
2015,2015_II,external air,FALSE,UZB,4,Uzbekistan,Asia,Europe & Central Asia,non-Schengen,m,18_59
2015,2015_II,external air,FALSE,UZB,1,Uzbekistan,Asia,Europe & Central Asia,non-Schengen,m,60
2015,2015_II,external air,FALSE,VEN,1,Venezuela,Americas,Latin America & Caribbean,non-Schengen,m,18_59
2015,2015_II,external air,FALSE,VNM,6,Vietnam,Asia,East Asia & Pacific,non-Schengen,f,18_59
2015,2015_II,external air,FALSE,VNM,3,Vietnam,Asia,East Asia & Pacific,non-Schengen,m,18_59
2015,2015_II,external air,FALSE,XXX,5,Stateless,other/unknown,other/unknown,non-Schengen,f,18_59
2015,2015_II,external air,FALSE,XXX,1,Stateless,other/unknown,other/unknown,non-Schengen,m,17
2015,2015_II,external air,FALSE,XXX,2,Stateless,other/unknown,other/unknown,non-Schengen,m,18_59
2015,2015_II,external air,FALSE,YEM,1,Yemen,Asia,"Middle East, North Africa, Afghanistan & Pakistan",non-Schengen,m,18_59
2015,2015_II,external air,FALSE,ZAF,1,South Africa,Africa,Sub-Saharan Africa,non-Schengen,f,17
2015,2015_II,external air,FALSE,ZAF,1,South Africa,Africa,Sub-Saharan Africa,non-Schengen,f,18_59
2015,2015_II,external air,FALSE,ZAF,2,South Africa,Africa,Sub-Saharan Africa,non-Schengen,m,18_59
2015,2015_II,external air,FALSE,ZWE,1,Zimbabwe,Africa,Sub-Saharan Africa,non-Schengen,m,18_59
2015,2015_II,external air,TRUE,VNM,2,Vietnam,Asia,East Asia & Pacific,non-Schengen,m,18_59
2016,2016_I,Belarus,FALSE,ARM,5,Armenia,Asia,Europe & Central Asia,non-Schengen,m,18_59
2016,2016_I,Belarus,FALSE,BLR,7,Belarus,Europe,Europe & Central Asia,non-Schengen,f,17
2016,2016_I,Belarus,FALSE,BLR,82,Belarus,Europe,Europe & Central Asia,non-Schengen,f,18_59
2016,2016_I,Belarus,FALSE,BLR,21,Belarus,Europe,Europe & Central Asia,non-Schengen,f,60
2016,2016_I,Belarus,FALSE,BLR,8,Belarus,Europe,Europe & Central Asia,non-Schengen,m,17
2016,2016_I,Belarus,FALSE,BLR,139,Belarus,Europe,Europe & Central Asia,non-Schengen,m,18_59
2016,2016_I,Belarus,FALSE,BLR,2,Belarus,Europe,Europe & Central Asia,non-Schengen,m,60
2016,2016_I,Belarus,FALSE,CHN,1,China,Asia,East Asia & Pacific,non-Schengen,f,18_59
2016,2016_I,Belarus,FALSE,CHN,1,China,Asia,East Asia & Pacific,non-Schengen,m,18_59
2016,2016_I,Belarus,FALSE,GEO,1,Georgia,Asia,Europe & Central Asia,non-Schengen,m,18_59
2016,2016_I,Belarus,FALSE,GHA,1,Ghana,Africa,Sub-Saharan Africa,non-Schengen,f,18_59
2016,2016_I,Belarus,FALSE,GHA,5,Ghana,Africa,Sub-Saharan Africa,non-Schengen,m,18_59
2016,2016_I,Belarus,FALSE,KAZ,3,Kazakhstan,Asia,Europe & Central Asia,non-Schengen,f,18_59
2016,2016_I,Belarus,FALSE,KAZ,1,Kazakhstan,Asia,Europe & Central Asia,non-Schengen,f,60
2016,2016_I,Belarus,FALSE,KAZ,5,Kazakhstan,Asia,Europe & Central Asia,non-Schengen,m,18_59
2016,2016_I,Belarus,FALSE,KGZ,1,Kyrgyzstan,Asia,Europe & Central Asia,non-Schengen,m,18_59
2016,2016_I,Belarus,FALSE,MDA,1,Moldova,Europe,Europe & Central Asia,non-Schengen,m,18_59
2016,2016_I,Belarus,FALSE,MNG,4,Mongolia,Asia,East Asia & Pacific,non-Schengen,m,18_59
2016,2016_I,Belarus,FALSE,RUS,6,Russia,Europe,Europe & Central Asia,non-Schengen,f,17
2016,2016_I,Belarus,FALSE,RUS,59,Russia,Europe,Europe & Central Asia,non-Schengen,f,18_59
2016,2016_I,Belarus,FALSE,RUS,15,Russia,Europe,Europe & Central Asia,non-Schengen,f,60
2016,2016_I,Belarus,FALSE,RUS,9,Russia,Europe,Europe & Central Asia,non-Schengen,m,17
2016,2016_I,Belarus,FALSE,RUS,100,Russia,Europe,Europe & Central Asia,non-Schengen,m,18_59
2016,2016_I,Belarus,FALSE,RUS,3,Russia,Europe,Europe & Central Asia,non-Schengen,m,60
2016,2016_I,Belarus,FALSE,TJK,1,Tajikistan,Asia,Europe & Central Asia,non-Schengen,f,18_59
2016,2016_I,Belarus,FALSE,TJK,3,Tajikistan,Asia,Europe & Central Asia,non-Schengen,m,18_59
2016,2016_I,Belarus,FALSE,TUR,1,Turkey,Asia,Europe & Central Asia,non-Schengen,m,18_59
2016,2016_I,Belarus,FALSE,UKR,4,Ukraine,Europe,Europe & Central Asia,non-Schengen,f,18_59
2016,2016_I,Belarus,FALSE,UKR,1,Ukraine,Europe,Europe & Central Asia,non-Schengen,f,60
2016,2016_I,Belarus,FALSE,UKR,10,Ukraine,Europe,Europe & Central Asia,non-Schengen,m,18_59
2016,2016_I,Belarus,FALSE,UZB,1,Uzbekistan,Asia,Europe & Central Asia,non-Schengen,f,60
2016,2016_I,Belarus,FALSE,UZB,2,Uzbekistan,Asia,Europe & Central Asia,non-Schengen,m,18_59
2016,2016_I,Belarus,FALSE,XXX,1,Stateless,other/unknown,other/unknown,non-Schengen,m,18_59
2016,2016_I,Russia,FALSE,KAZ,1,Kazakhstan,Asia,Europe & Central Asia,non-Schengen,f,17
2016,2016_I,Russia,FALSE,KAZ,4,Kazakhstan,Asia,Europe & Central Asia,non-Schengen,f,18_59
2016,2016_I,Russia,FALSE,KAZ,1,Kazakhstan,Asia,Europe & Central Asia,non-Schengen,m,17
2016,2016_I,Russia,FALSE,KAZ,4,Kazakhstan,Asia,Europe & Central Asia,non-Schengen,m,18_59
2016,2016_I,Russia,FALSE,RUS,43,Russia,Europe,Europe & Central Asia,non-Schengen,f,18_59
2016,2016_I,Russia,FALSE,RUS,11,Russia,Europe,Europe & Central Asia,non-Schengen,f,60
2016,2016_I,Russia,FALSE,RUS,8,Russia,Europe,Europe & Central Asia,non-Schengen,m,17
2016,2016_I,Russia,FALSE,RUS,53,Russia,Europe,Europe & Central Asia,non-Schengen,m,18_59
2016,2016_I,Russia,FALSE,RUS,4,Russia,Europe,Europe & Central Asia,non-Schengen,m,60
2016,2016_I,Russia,FALSE,SRB,1,Serbia,Europe,Europe & Central Asia,non-Schengen,m,18_59
2016,2016_I,Russia,FALSE,UKR,2,Ukraine,Europe,Europe & Central Asia,non-Schengen,m,18_59
2016,2016_I,Russia,FALSE,UZB,1,Uzbekistan,Asia,Europe & Central Asia,non-Schengen,m,18_59
2016,2016_I,Ukraine,FALSE,ARM,1,Armenia,Asia,Europe & Central Asia,non-Schengen,f,60
2016,2016_I,Ukraine,FALSE,ARM,1,Armenia,Asia,Europe & Central Asia,non-Schengen,m,60
2016,2016_I,Ukraine,FALSE,AZE,1,Azerbaijan,Asia,Europe & Central Asia,non-Schengen,m,18_59
2016,2016_I,Ukraine,FALSE,BLR,4,Belarus,Europe,Europe & Central Asia,non-Schengen,m,18_59
2016,2016_I,Ukraine,FALSE,GEO,3,Georgia,Asia,Europe & Central Asia,non-Schengen,m,18_59
2016,2016_I,Ukraine,FALSE,MDA,14,Moldova,Europe,Europe & Central Asia,non-Schengen,f,17
2016,2016_I,Ukraine,FALSE,MDA,48,Moldova,Europe,Europe & Central Asia,non-Schengen,f,18_59
2016,2016_I,Ukraine,FALSE,MDA,4,Moldova,Europe,Europe & Central Asia,non-Schengen,f,60
2016,2016_I,Ukraine,FALSE,MDA,7,Moldova,Europe,Europe & Central Asia,non-Schengen,m,17
2016,2016_I,Ukraine,FALSE,MDA,94,Moldova,Europe,Europe & Central Asia,non-Schengen,m,18_59
2016,2016_I,Ukraine,FALSE,MDA,1,Moldova,Europe,Europe & Central Asia,non-Schengen,m,60
2016,2016_I,Ukraine,FALSE,MDG,1,Madagascar,Africa,Sub-Saharan Africa,non-Schengen,m,17
2016,2016_I,Ukraine,FALSE,NGA,1,Nigeria,Africa,Sub-Saharan Africa,non-Schengen,m,18_59
2016,2016_I,Ukraine,FALSE,RUS,4,Russia,Europe,Europe & Central Asia,non-Schengen,f,18_59
2016,2016_I,Ukraine,FALSE,RUS,3,Russia,Europe,Europe & Central Asia,non-Schengen,f,60
2016,2016_I,Ukraine,FALSE,RUS,2,Russia,Europe,Europe & Central Asia,non-Schengen,m,17
2016,2016_I,Ukraine,FALSE,RUS,6,Russia,Europe,Europe & Central Asia,non-Schengen,m,18_59
2016,2016_I,Ukraine,FALSE,SRB,2,Serbia,Europe,Europe & Central Asia,non-Schengen,m,18_59
2016,2016_I,Ukraine,FALSE,SWE,1,Sweden,Europe,Europe & Central Asia,Schengen,m,18_59
2016,2016_I,Ukraine,FALSE,TUR,1,Turkey,Asia,Europe & Central Asia,non-Schengen,f,18_59
2016,2016_I,Ukraine,FALSE,TUR,2,Turkey,Asia,Europe & Central Asia,non-Schengen,m,18_59
2016,2016_I,Ukraine,FALSE,UKR,36,Ukraine,Europe,Europe & Central Asia,non-Schengen,f,17
2016,2016_I,Ukraine,FALSE,UKR,1149,Ukraine,Europe,Europe & Central Asia,non-Schengen,f,18_59
2016,2016_I,Ukraine,FALSE,UKR,125,Ukraine,Europe,Europe & Central Asia,non-Schengen,f,60
2016,2016_I,Ukraine,FALSE,UKR,47,Ukraine,Europe,Europe & Central Asia,non-Schengen,m,17
2016,2016_I,Ukraine,FALSE,UKR,2353,Ukraine,Europe,Europe & Central Asia,non-Schengen,m,18_59
2016,2016_I,Ukraine,FALSE,UKR,42,Ukraine,Europe,Europe & Central Asia,non-Schengen,m,60
2016,2016_I,Ukraine,FALSE,USA,1,United States,Americas,North America,non-Schengen,m,18_59
2016,2016_I,Ukraine,FALSE,XXX,1,Stateless,other/unknown,other/unknown,non-Schengen,m,18_59
2016,2016_I,Ukraine,TRUE,UKR,1,Ukraine,Europe,Europe & Central Asia,non-Schengen,f,18_59
2016,2016_I,country,FALSE,ALB,1,Albania,Europe,Europe & Central Asia,non-Schengen,m,18_59
2016,2016_I,country,FALSE,ARM,1,Armenia,Asia,Europe & Central Asia,non-Schengen,f,17
2016,2016_I,country,FALSE,ARM,5,Armenia,Asia,Europe & Central Asia,non-Schengen,f,18_59
2016,2016_I,country,FALSE,ARM,3,Armenia,Asia,Europe & Central Asia,non-Schengen,f,60
2016,2016_I,country,FALSE,ARM,10,Armenia,Asia,Europe & Central Asia,non-Schengen,m,18_59
2016,2016_I,country,FALSE,ARM,2,Armenia,Asia,Europe & Central Asia,non-Schengen,m,60
2016,2016_I,country,FALSE,AUS,2,Australia,Oceania,East Asia & Pacific,non-Schengen,m,18_59
2016,2016_I,country,FALSE,AZE,3,Azerbaijan,Asia,Europe & Central Asia,non-Schengen,m,18_59
2016,2016_I,country,FALSE,BGD,4,Bangladesh,Asia,South Asia,non-Schengen,m,18_59
2016,2016_I,country,FALSE,BLR,14,Belarus,Europe,Europe & Central Asia,non-Schengen,f,18_59
2016,2016_I,country,FALSE,BLR,45,Belarus,Europe,Europe & Central Asia,non-Schengen,m,18_59
2016,2016_I,country,FALSE,BRA,1,Brazil,Americas,Latin America & Caribbean,non-Schengen,f,18_59
2016,2016_I,country,FALSE,CHN,4,China,Asia,East Asia & Pacific,non-Schengen,f,18_59
2016,2016_I,country,FALSE,CHN,9,China,Asia,East Asia & Pacific,non-Schengen,m,18_59
2016,2016_I,country,FALSE,COD,1,Congo - Kinshasa,Africa,Sub-Saharan Africa,non-Schengen,f,18_59
2016,2016_I,country,FALSE,COD,1,Congo - Kinshasa,Africa,Sub-Saharan Africa,non-Schengen,m,18_59
2016,2016_I,country,FALSE,CUB,1,Cuba,Americas,Latin America & Caribbean,non-Schengen,m,18_59
2016,2016_I,country,FALSE,DZA,10,Algeria,Africa,"Middle East, North Africa, Afghanistan & Pakistan",non-Schengen,m,18_59
2016,2016_I,country,FALSE,EGY,3,Egypt,Africa,"Middle East, North Africa, Afghanistan & Pakistan",non-Schengen,m,18_59
2016,2016_I,country,FALSE,ETH,1,Ethiopia,Africa,Sub-Saharan Africa,non-Schengen,m,18_59
2016,2016_I,country,FALSE,GEO,9,Georgia,Asia,Europe & Central Asia,non-Schengen,f,17
2016,2016_I,country,FALSE,GEO,2,Georgia,Asia,Europe & Central Asia,non-Schengen,f,18_59
2016,2016_I,country,FALSE,GEO,1,Georgia,Asia,Europe & Central Asia,non-Schengen,m,17
2016,2016_I,country,FALSE,GEO,13,Georgia,Asia,Europe & Central Asia,non-Schengen,m,18_59
2016,2016_I,country,FALSE,GMB,1,Gambia,Africa,Sub-Saharan Africa,non-Schengen,m,18_59
2016,2016_I,country,FALSE,IDN,1,Indonesia,Asia,East Asia & Pacific,non-Schengen,m,18_59
2016,2016_I,country,FALSE,IND,8,India,Asia,South Asia,non-Schengen,m,18_59
2016,2016_I,country,FALSE,IRN,1,Iran,Asia,"Middle East, North Africa, Afghanistan & Pakistan",non-Schengen,f,18_59
2016,2016_I,country,FALSE,IRN,1,Iran,Asia,"Middle East, North Africa, Afghanistan & Pakistan",non-Schengen,m,18_59
2016,2016_I,country,FALSE,IRQ,1,Iraq,Asia,"Middle East, North Africa, Afghanistan & Pakistan",non-Schengen,f,18_59
2016,2016_I,country,FALSE,IRQ,5,Iraq,Asia,"Middle East, North Africa, Afghanistan & Pakistan",non-Schengen,m,18_59
2016,2016_I,country,FALSE,ISR,1,Israel,Asia,"Middle East, North Africa, Afghanistan & Pakistan",non-Schengen,m,18_59
2016,2016_I,country,FALSE,KAZ,5,Kazakhstan,Asia,Europe & Central Asia,non-Schengen,f,18_59
2016,2016_I,country,FALSE,KAZ,3,Kazakhstan,Asia,Europe & Central Asia,non-Schengen,m,18_59
2016,2016_I,country,FALSE,KEN,1,Kenya,Africa,Sub-Saharan Africa,non-Schengen,f,18_59
2016,2016_I,country,FALSE,KGZ,1,Kyrgyzstan,Asia,Europe & Central Asia,non-Schengen,m,18_59
2016,2016_I,country,FALSE,KOSOVO,1,KOSOVO,Europe,Europe & Central Asia,non-Schengen,m,18_59
2016,2016_I,country,FALSE,LBN,3,Lebanon,Asia,"Middle East, North Africa, Afghanistan & Pakistan",non-Schengen,m,18_59
2016,2016_I,country,FALSE,LBY,8,Libya,Africa,"Middle East, North Africa, Afghanistan & Pakistan",non-Schengen,m,18_59
2016,2016_I,country,FALSE,LKA,1,Sri Lanka,Asia,South Asia,non-Schengen,m,18_59
2016,2016_I,country,FALSE,MAR,6,Morocco,Africa,"Middle East, North Africa, Afghanistan & Pakistan",non-Schengen,m,18_59
2016,2016_I,country,FALSE,MDA,11,Moldova,Europe,Europe & Central Asia,non-Schengen,m,18_59
2016,2016_I,country,FALSE,MDA,1,Moldova,Europe,Europe & Central Asia,non-Schengen,m,18_59
2016,2016_I,country,FALSE,MEX,1,Mexico,Americas,Latin America & Caribbean,non-Schengen,f,18_59
2016,2016_I,country,FALSE,MNG,1,Mongolia,Asia,East Asia & Pacific,non-Schengen,f,18_59
2016,2016_I,country,FALSE,MNG,1,Mongolia,Asia,East Asia & Pacific,non-Schengen,m,18_59
2016,2016_I,country,FALSE,NGA,7,Nigeria,Africa,Sub-Saharan Africa,non-Schengen,m,18_59
2016,2016_I,country,FALSE,NPL,1,Nepal,Asia,South Asia,non-Schengen,m,18_59
2016,2016_I,country,FALSE,PAK,19,Pakistan,Asia,"Middle East, North Africa, Afghanistan & Pakistan",non-Schengen,m,18_59
2016,2016_I,country,FALSE,PHL,1,Philippines,Asia,East Asia & Pacific,non-Schengen,m,18_59
2016,2016_I,country,FALSE,RUS,23,Russia,Europe,Europe & Central Asia,non-Schengen,f,17
2016,2016_I,country,FALSE,RUS,36,Russia,Europe,Europe & Central Asia,non-Schengen,f,18_59
2016,2016_I,country,FALSE,RUS,3,Russia,Europe,Europe & Central Asia,non-Schengen,f,60
2016,2016_I,country,FALSE,RUS,14,Russia,Europe,Europe & Central Asia,non-Schengen,m,17
2016,2016_I,country,FALSE,RUS,70,Russia,Europe,Europe & Central Asia,non-Schengen,m,18_59
2016,2016_I,country,FALSE,SAU,2,Saudi Arabia,Asia,"Middle East, North Africa, Afghanistan & Pakistan",non-Schengen,f,18_59
2016,2016_I,country,FALSE,SAU,5,Saudi Arabia,Asia,"Middle East, North Africa, Afghanistan & Pakistan",non-Schengen,m,18_59
2016,2016_I,country,FALSE,SEN,3,Senegal,Africa,Sub-Saharan Africa,non-Schengen,m,18_59
2016,2016_I,country,FALSE,SRB,1,Serbia,Europe,Europe & Central Asia,non-Schengen,f,18_59
2016,2016_I,country,FALSE,SRB,3,Serbia,Europe,Europe & Central Asia,non-Schengen,m,18_59
2016,2016_I,country,FALSE,SYR,4,Syria,Asia,"Middle East, North Africa, Afghanistan & Pakistan",non-Schengen,m,18_59
2016,2016_I,country,FALSE,TGO,1,Togo,Africa,Sub-Saharan Africa,non-Schengen,m,18_59
2016,2016_I,country,FALSE,THA,1,Thailand,Asia,East Asia & Pacific,non-Schengen,f,18_59
2016,2016_I,country,FALSE,TJK,1,Tajikistan,Asia,Europe & Central Asia,non-Schengen,f,18_59
2016,2016_I,country,FALSE,TJK,1,Tajikistan,Asia,Europe & Central Asia,non-Schengen,m,17
2016,2016_I,country,FALSE,TJK,2,Tajikistan,Asia,Europe & Central Asia,non-Schengen,m,18_59
2016,2016_I,country,FALSE,TUN,8,Tunisia,Africa,"Middle East, North Africa, Afghanistan & Pakistan",non-Schengen,m,18_59
2016,2016_I,country,FALSE,TUR,2,Turkey,Asia,Europe & Central Asia,non-Schengen,f,18_59
2016,2016_I,country,FALSE,TUR,10,Turkey,Asia,Europe & Central Asia,non-Schengen,m,18_59
2016,2016_I,country,FALSE,UKR,40,Ukraine,Europe,Europe & Central Asia,non-Schengen,f,17
2016,2016_I,country,FALSE,UKR,419,Ukraine,Europe,Europe & Central Asia,non-Schengen,f,18_59
2016,2016_I,country,FALSE,UKR,21,Ukraine,Europe,Europe & Central Asia,non-Schengen,f,60
2016,2016_I,country,FALSE,UKR,44,Ukraine,Europe,Europe & Central Asia,non-Schengen,m,17
2016,2016_I,country,FALSE,UKR,1016,Ukraine,Europe,Europe & Central Asia,non-Schengen,m,18_59
2016,2016_I,country,FALSE,UKR,6,Ukraine,Europe,Europe & Central Asia,non-Schengen,m,60
2016,2016_I,country,FALSE,UNK,1,unknown,other/unknown,other/unknown,non-Schengen,m,18_59
2016,2016_I,country,FALSE,USA,1,United States,Americas,North America,non-Schengen,f,60
2016,2016_I,country,FALSE,USA,2,United States,Americas,North America,non-Schengen,m,18_59
2016,2016_I,country,FALSE,VNM,9,Vietnam,Asia,East Asia & Pacific,non-Schengen,f,18_59
2016,2016_I,country,FALSE,VNM,2,Vietnam,Asia,East Asia & Pacific,non-Schengen,m,17
2016,2016_I,country,FALSE,VNM,38,Vietnam,Asia,East Asia & Pacific,non-Schengen,m,18_59
2016,2016_I,country,FALSE,VNM,1,Vietnam,Asia,East Asia & Pacific,non-Schengen,m,60
2016,2016_I,country,FALSE,XXX,5,Stateless,other/unknown,other/unknown,non-Schengen,m,18_59
2016,2016_I,country,FALSE,YEM,2,Yemen,Asia,"Middle East, North Africa, Afghanistan & Pakistan",non-Schengen,m,18_59
2016,2016_I,country,TRUE,AFG,1,Afghanistan,Asia,"Middle East, North Africa, Afghanistan & Pakistan",non-Schengen,m,18_59
2016,2016_I,country,TRUE,ALB,1,Albania,Europe,Europe & Central Asia,non-Schengen,m,18_59
2016,2016_I,country,TRUE,BLR,1,Belarus,Europe,Europe & Central Asia,non-Schengen,m,18_59
2016,2016_I,country,TRUE,DZA,1,Algeria,Africa,"Middle East, North Africa, Afghanistan & Pakistan",non-Schengen,m,18_59
2016,2016_I,country,TRUE,MAR,1,Morocco,Africa,"Middle East, North Africa, Afghanistan & Pakistan",non-Schengen,m,18_59
2016,2016_I,country,TRUE,RUS,1,Russia,Europe,Europe & Central Asia,non-Schengen,m,18_59
2016,2016_I,country,TRUE,UKR,2,Ukraine,Europe,Europe & Central Asia,non-Schengen,f,18_59
2016,2016_I,country,TRUE,UKR,7,Ukraine,Europe,Europe & Central Asia,non-Schengen,m,18_59
2016,2016_I,external air,FALSE,ARE,2,United Arab Emirates,Asia,"Middle East, North Africa, Afghanistan & Pakistan",non-Schengen,m,18_59
2016,2016_I,external air,FALSE,ARM,1,Armenia,Asia,Europe & Central Asia,non-Schengen,f,17
2016,2016_I,external air,FALSE,ARM,15,Armenia,Asia,Europe & Central Asia,non-Schengen,f,18_59
2016,2016_I,external air,FALSE,ARM,5,Armenia,Asia,Europe & Central Asia,non-Schengen,f,60
2016,2016_I,external air,FALSE,ARM,2,Armenia,Asia,Europe & Central Asia,non-Schengen,m,17
2016,2016_I,external air,FALSE,ARM,9,Armenia,Asia,Europe & Central Asia,non-Schengen,m,18_59
2016,2016_I,external air,FALSE,ARM,2,Armenia,Asia,Europe & Central Asia,non-Schengen,m,60
2016,2016_I,external air,FALSE,AUS,1,Australia,Oceania,East Asia & Pacific,non-Schengen,f,18_59
2016,2016_I,external air,FALSE,AUS,5,Australia,Oceania,East Asia & Pacific,non-Schengen,m,18_59
2016,2016_I,external air,FALSE,AZE,2,Azerbaijan,Asia,Europe & Central Asia,non-Schengen,f,18_59
2016,2016_I,external air,FALSE,AZE,4,Azerbaijan,Asia,Europe & Central Asia,non-Schengen,m,18_59
2016,2016_I,external air,FALSE,BGD,1,Bangladesh,Asia,South Asia,non-Schengen,m,18_59
2016,2016_I,external air,FALSE,BHR,1,Bahrain,Asia,"Middle East, North Africa, Afghanistan & Pakistan",non-Schengen,f,18_59
2016,2016_I,external air,FALSE,BLR,2,Belarus,Europe,Europe & Central Asia,non-Schengen,f,18_59
2016,2016_I,external air,FALSE,BLR,2,Belarus,Europe,Europe & Central Asia,non-Schengen,f,60
2016,2016_I,external air,FALSE,BLR,1,Belarus,Europe,Europe & Central Asia,non-Schengen,m,18_59
2016,2016_I,external air,FALSE,BLR,1,Belarus,Europe,Europe & Central Asia,non-Schengen,m,60
2016,2016_I,external air,FALSE,CAN,4,Canada,Americas,North America,non-Schengen,f,18_59
2016,2016_I,external air,FALSE,CAN,1,Canada,Americas,North America,non-Schengen,f,60
2016,2016_I,external air,FALSE,CAN,12,Canada,Americas,North America,non-Schengen,m,18_59
2016,2016_I,external air,FALSE,CHN,1,China,Asia,East Asia & Pacific,non-Schengen,f,17
2016,2016_I,external air,FALSE,CHN,28,China,Asia,East Asia & Pacific,non-Schengen,f,18_59
2016,2016_I,external air,FALSE,CHN,1,China,Asia,East Asia & Pacific,non-Schengen,f,60
2016,2016_I,external air,FALSE,CHN,1,China,Asia,East Asia & Pacific,non-Schengen,m,17
2016,2016_I,external air,FALSE,CHN,27,China,Asia,East Asia & Pacific,non-Schengen,m,18_59
2016,2016_I,external air,FALSE,GEO,5,Georgia,Asia,Europe & Central Asia,non-Schengen,f,18_59
2016,2016_I,external air,FALSE,GEO,1,Georgia,Asia,Europe & Central Asia,non-Schengen,f,60
2016,2016_I,external air,FALSE,GEO,10,Georgia,Asia,Europe & Central Asia,non-Schengen,m,18_59
2016,2016_I,external air,FALSE,GEO,1,Georgia,Asia,Europe & Central Asia,non-Schengen,m,60
2016,2016_I,external air,FALSE,GHA,2,Ghana,Africa,Sub-Saharan Africa,non-Schengen,f,18_59
2016,2016_I,external air,FALSE,GHA,1,Ghana,Africa,Sub-Saharan Africa,non-Schengen,m,18_59
2016,2016_I,external air,FALSE,IND,5,India,Asia,South Asia,non-Schengen,f,18_59
2016,2016_I,external air,FALSE,IND,8,India,Asia,South Asia,non-Schengen,m,18_59
2016,2016_I,external air,FALSE,IRN,1,Iran,Asia,"Middle East, North Africa, Afghanistan & Pakistan",non-Schengen,f,18_59
2016,2016_I,external air,FALSE,IRQ,1,Iraq,Asia,"Middle East, North Africa, Afghanistan & Pakistan",non-Schengen,m,18_59
2016,2016_I,external air,FALSE,ISR,1,Israel,Asia,"Middle East, North Africa, Afghanistan & Pakistan",non-Schengen,m,18_59
2016,2016_I,external air,FALSE,KAZ,2,Kazakhstan,Asia,Europe & Central Asia,non-Schengen,f,18_59
2016,2016_I,external air,FALSE,KAZ,1,Kazakhstan,Asia,Europe & Central Asia,non-Schengen,f,60
2016,2016_I,external air,FALSE,KAZ,3,Kazakhstan,Asia,Europe & Central Asia,non-Schengen,m,18_59
2016,2016_I,external air,FALSE,KGZ,2,Kyrgyzstan,Asia,Europe & Central Asia,non-Schengen,f,18_59
2016,2016_I,external air,FALSE,KGZ,1,Kyrgyzstan,Asia,Europe & Central Asia,non-Schengen,m,18_59
2016,2016_I,external air,FALSE,KOR,1,South Korea,Asia,East Asia & Pacific,non-Schengen,m,18_59
2016,2016_I,external air,FALSE,LAO,1,Laos,Asia,East Asia & Pacific,non-Schengen,f,17
2016,2016_I,external air,FALSE,LAO,1,Laos,Asia,East Asia & Pacific,non-Schengen,f,18_59
2016,2016_I,external air,FALSE,LAO,1,Laos,Asia,East Asia & Pacific,non-Schengen,m,17
2016,2016_I,external air,FALSE,LAO,1,Laos,Asia,East Asia & Pacific,non-Schengen,m,18_59
2016,2016_I,external air,FALSE,LBY,3,Libya,Africa,"Middle East, North Africa, Afghanistan & Pakistan",non-Schengen,f,18_59
2016,2016_I,external air,FALSE,LBY,3,Libya,Africa,"Middle East, North Africa, Afghanistan & Pakistan",non-Schengen,m,18_59
2016,2016_I,external air,FALSE,LBY,1,Libya,Africa,"Middle East, North Africa, Afghanistan & Pakistan",non-Schengen,m,60
2016,2016_I,external air,FALSE,LKA,1,Sri Lanka,Asia,South Asia,non-Schengen,m,18_59
2016,2016_I,external air,FALSE,MDA,5,Moldova,Europe,Europe & Central Asia,non-Schengen,f,18_59
2016,2016_I,external air,FALSE,MDA,10,Moldova,Europe,Europe & Central Asia,non-Schengen,m,18_59
2016,2016_I,external air,FALSE,MEX,2,Mexico,Americas,Latin America & Caribbean,non-Schengen,m,18_59
2016,2016_I,external air,FALSE,MNE,1,Montenegro,Europe,Europe & Central Asia,non-Schengen,f,18_59
2016,2016_I,external air,FALSE,MNE,1,Montenegro,Europe,Europe & Central Asia,non-Schengen,m,18_59
2016,2016_I,external air,FALSE,MNG,1,Mongolia,Asia,East Asia & Pacific,non-Schengen,f,18_59
2016,2016_I,external air,FALSE,MNG,2,Mongolia,Asia,East Asia & Pacific,non-Schengen,m,17
2016,2016_I,external air,FALSE,NGA,1,Nigeria,Africa,Sub-Saharan Africa,non-Schengen,f,18_59
2016,2016_I,external air,FALSE,NGA,1,Nigeria,Africa,Sub-Saharan Africa,non-Schengen,m,18_59
2016,2016_I,external air,FALSE,NZL,1,New Zealand,Oceania,East Asia & Pacific,non-Schengen,f,18_59
2016,2016_I,external air,FALSE,NZL,2,New Zealand,Oceania,East Asia & Pacific,non-Schengen,m,18_59
2016,2016_I,external air,FALSE,PAK,1,Pakistan,Asia,"Middle East, North Africa, Afghanistan & Pakistan",non-Schengen,f,18_59
2016,2016_I,external air,FALSE,PAK,1,Pakistan,Asia,"Middle East, North Africa, Afghanistan & Pakistan",non-Schengen,m,17
2016,2016_I,external air,FALSE,PAK,2,Pakistan,Asia,"Middle East, North Africa, Afghanistan & Pakistan",non-Schengen,m,18_59
2016,2016_I,external air,FALSE,RUS,6,Russia,Europe,Europe & Central Asia,non-Schengen,f,18_59
2016,2016_I,external air,FALSE,RUS,1,Russia,Europe,Europe & Central Asia,non-Schengen,f,60
2016,2016_I,external air,FALSE,RUS,7,Russia,Europe,Europe & Central Asia,non-Schengen,m,18_59
2016,2016_I,external air,FALSE,SAU,3,Saudi Arabia,Asia,"Middle East, North Africa, Afghanistan & Pakistan",non-Schengen,f,17
2016,2016_I,external air,FALSE,SAU,8,Saudi Arabia,Asia,"Middle East, North Africa, Afghanistan & Pakistan",non-Schengen,f,18_59
2016,2016_I,external air,FALSE,SAU,15,Saudi Arabia,Asia,"Middle East, North Africa, Afghanistan & Pakistan",non-Schengen,m,18_59
2016,2016_I,external air,FALSE,SDN,1,Sudan,Africa,Sub-Saharan Africa,non-Schengen,m,18_59
2016,2016_I,external air,FALSE,SRB,2,Serbia,Europe,Europe & Central Asia,non-Schengen,f,18_59
2016,2016_I,external air,FALSE,SRB,6,Serbia,Europe,Europe & Central Asia,non-Schengen,m,18_59
2016,2016_I,external air,FALSE,SYR,2,Syria,Asia,"Middle East, North Africa, Afghanistan & Pakistan",non-Schengen,m,18_59
2016,2016_I,external air,FALSE,TUN,1,Tunisia,Africa,"Middle East, North Africa, Afghanistan & Pakistan",non-Schengen,m,18_59
2016,2016_I,external air,FALSE,TUR,4,Turkey,Asia,Europe & Central Asia,non-Schengen,f,18_59
2016,2016_I,external air,FALSE,TUR,20,Turkey,Asia,Europe & Central Asia,non-Schengen,m,18_59
2016,2016_I,external air,FALSE,UKR,6,Ukraine,Europe,Europe & Central Asia,non-Schengen,f,17
2016,2016_I,external air,FALSE,UKR,64,Ukraine,Europe,Europe & Central Asia,non-Schengen,f,18_59
2016,2016_I,external air,FALSE,UKR,6,Ukraine,Europe,Europe & Central Asia,non-Schengen,f,60
2016,2016_I,external air,FALSE,UKR,2,Ukraine,Europe,Europe & Central Asia,non-Schengen,m,17
2016,2016_I,external air,FALSE,UKR,46,Ukraine,Europe,Europe & Central Asia,non-Schengen,m,18_59
2016,2016_I,external air,FALSE,UKR,2,Ukraine,Europe,Europe & Central Asia,non-Schengen,m,60
2016,2016_I,external air,FALSE,USA,1,United States,Americas,North America,non-Schengen,f,18_59
2016,2016_I,external air,FALSE,USA,2,United States,Americas,North America,non-Schengen,m,18_59
2016,2016_I,external air,FALSE,UZB,1,Uzbekistan,Asia,Europe & Central Asia,non-Schengen,f,18_59
2016,2016_I,external air,FALSE,UZB,1,Uzbekistan,Asia,Europe & Central Asia,non-Schengen,m,17
2016,2016_I,external air,FALSE,UZB,5,Uzbekistan,Asia,Europe & Central Asia,non-Schengen,m,18_59
2016,2016_I,external air,FALSE,VEN,1,Venezuela,Americas,Latin America & Caribbean,non-Schengen,m,18_59
2016,2016_I,external air,FALSE,VNM,1,Vietnam,Asia,East Asia & Pacific,non-Schengen,f,18_59
2016,2016_I,external air,FALSE,VNM,1,Vietnam,Asia,East Asia & Pacific,non-Schengen,f,60
2016,2016_I,external air,FALSE,VNM,2,Vietnam,Asia,East Asia & Pacific,non-Schengen,m,18_59
2016,2016_I,external air,FALSE,VNM,1,Vietnam,Asia,East Asia & Pacific,non-Schengen,m,60
2016,2016_I,external air,FALSE,XXX,2,Stateless,other/unknown,other/unknown,non-Schengen,m,18_59
2016,2016_I,external air,FALSE,YEM,2,Yemen,Asia,"Middle East, North Africa, Afghanistan & Pakistan",non-Schengen,m,18_59
2016,2016_I,external air,FALSE,ZAF,1,South Africa,Africa,Sub-Saharan Africa,non-Schengen,f,17
2016,2016_I,external air,FALSE,ZAF,2,South Africa,Africa,Sub-Saharan Africa,non-Schengen,m,18_59
2016,2016_II,Belarus,FALSE,ARM,1,Armenia,Asia,Europe & Central Asia,non-Schengen,f,18_59
2016,2016_II,Belarus,FALSE,ARM,3,Armenia,Asia,Europe & Central Asia,non-Schengen,m,18_59
2016,2016_II,Belarus,FALSE,AZE,2,Azerbaijan,Asia,Europe & Central Asia,non-Schengen,f,18_59
2016,2016_II,Belarus,FALSE,AZE,2,Azerbaijan,Asia,Europe & Central Asia,non-Schengen,m,18_59
2016,2016_II,Belarus,FALSE,BLR,9,Belarus,Europe,Europe & Central Asia,non-Schengen,f,17
2016,2016_II,Belarus,FALSE,BLR,107,Belarus,Europe,Europe & Central Asia,non-Schengen,f,18_59
2016,2016_II,Belarus,FALSE,BLR,25,Belarus,Europe,Europe & Central Asia,non-Schengen,f,60
2016,2016_II,Belarus,FALSE,BLR,11,Belarus,Europe,Europe & Central Asia,non-Schengen,m,17
2016,2016_II,Belarus,FALSE,BLR,244,Belarus,Europe,Europe & Central Asia,non-Schengen,m,18_59
2016,2016_II,Belarus,FALSE,BLR,4,Belarus,Europe,Europe & Central Asia,non-Schengen,m,60
2016,2016_II,Belarus,FALSE,BLZ,1,Belize,Americas,Latin America & Caribbean,non-Schengen,m,18_59
2016,2016_II,Belarus,FALSE,CHN,1,China,Asia,East Asia & Pacific,non-Schengen,f,18_59
2016,2016_II,Belarus,FALSE,CHN,2,China,Asia,East Asia & Pacific,non-Schengen,m,18_59
2016,2016_II,Belarus,FALSE,CUB,2,Cuba,Americas,Latin America & Caribbean,non-Schengen,f,18_59
2016,2016_II,Belarus,FALSE,GEO,1,Georgia,Asia,Europe & Central Asia,non-Schengen,f,18_59
2016,2016_II,Belarus,FALSE,GEO,1,Georgia,Asia,Europe & Central Asia,non-Schengen,m,18_59
2016,2016_II,Belarus,FALSE,IRN,1,Iran,Asia,"Middle East, North Africa, Afghanistan & Pakistan",non-Schengen,m,18_59
2016,2016_II,Belarus,FALSE,IRQ,1,Iraq,Asia,"Middle East, North Africa, Afghanistan & Pakistan",non-Schengen,m,18_59
2016,2016_II,Belarus,FALSE,KAZ,1,Kazakhstan,Asia,Europe & Central Asia,non-Schengen,f,18_59
2016,2016_II,Belarus,FALSE,KAZ,7,Kazakhstan,Asia,Europe & Central Asia,non-Schengen,m,18_59
2016,2016_II,Belarus,FALSE,KGZ,1,Kyrgyzstan,Asia,Europe & Central Asia,non-Schengen,f,18_59
2016,2016_II,Belarus,FALSE,KGZ,2,Kyrgyzstan,Asia,Europe & Central Asia,non-Schengen,m,18_59
2016,2016_II,Belarus,FALSE,MAR,1,Morocco,Africa,"Middle East, North Africa, Afghanistan & Pakistan",non-Schengen,f,18_59
2016,2016_II,Belarus,FALSE,MDA,2,Moldova,Europe,Europe & Central Asia,non-Schengen,m,18_59
2016,2016_II,Belarus,FALSE,MKD,1,North Macedonia,Europe,Europe & Central Asia,non-Schengen,m,18_59
2016,2016_II,Belarus,FALSE,NGA,1,Nigeria,Africa,Sub-Saharan Africa,non-Schengen,f,18_59
2016,2016_II,Belarus,FALSE,RUS,23,Russia,Europe,Europe & Central Asia,non-Schengen,f,17
2016,2016_II,Belarus,FALSE,RUS,93,Russia,Europe,Europe & Central Asia,non-Schengen,f,18_59
2016,2016_II,Belarus,FALSE,RUS,20,Russia,Europe,Europe & Central Asia,non-Schengen,f,60
2016,2016_II,Belarus,FALSE,RUS,27,Russia,Europe,Europe & Central Asia,non-Schengen,m,17
2016,2016_II,Belarus,FALSE,RUS,111,Russia,Europe,Europe & Central Asia,non-Schengen,m,18_59
2016,2016_II,Belarus,FALSE,RUS,12,Russia,Europe,Europe & Central Asia,non-Schengen,m,60
2016,2016_II,Belarus,FALSE,TJK,1,Tajikistan,Asia,Europe & Central Asia,non-Schengen,f,17
2016,2016_II,Belarus,FALSE,TJK,1,Tajikistan,Asia,Europe & Central Asia,non-Schengen,f,18_59
2016,2016_II,Belarus,FALSE,TJK,1,Tajikistan,Asia,Europe & Central Asia,non-Schengen,m,18_59
2016,2016_II,Belarus,FALSE,TKM,1,Turkmenistan,Asia,Europe & Central Asia,non-Schengen,m,18_59
2016,2016_II,Belarus,FALSE,TUR,1,Turkey,Asia,Europe & Central Asia,non-Schengen,m,18_59
2016,2016_II,Belarus,FALSE,UKR,8,Ukraine,Europe,Europe & Central Asia,non-Schengen,f,18_59
2016,2016_II,Belarus,FALSE,UKR,2,Ukraine,Europe,Europe & Central Asia,non-Schengen,f,60
2016,2016_II,Belarus,FALSE,UKR,16,Ukraine,Europe,Europe & Central Asia,non-Schengen,m,18_59
2016,2016_II,Belarus,FALSE,UZB,3,Uzbekistan,Asia,Europe & Central Asia,non-Schengen,m,18_59
2016,2016_II,Belarus,FALSE,XXX,2,Stateless,other/unknown,other/unknown,non-Schengen,m,18_59
2016,2016_II,Russia,FALSE,ARM,1,Armenia,Asia,Europe & Central Asia,non-Schengen,m,18_59
2016,2016_II,Russia,FALSE,GEO,1,Georgia,Asia,Europe & Central Asia,non-Schengen,m,18_59
2016,2016_II,Russia,FALSE,KAZ,1,Kazakhstan,Asia,Europe & Central Asia,non-Schengen,f,60
2016,2016_II,Russia,FALSE,MDA,1,Moldova,Europe,Europe & Central Asia,non-Schengen,f,18_59
2016,2016_II,Russia,FALSE,RUS,10,Russia,Europe,Europe & Central Asia,non-Schengen,f,17
2016,2016_II,Russia,FALSE,RUS,57,Russia,Europe,Europe & Central Asia,non-Schengen,f,18_59
2016,2016_II,Russia,FALSE,RUS,12,Russia,Europe,Europe & Central Asia,non-Schengen,f,60
2016,2016_II,Russia,FALSE,RUS,8,Russia,Europe,Europe & Central Asia,non-Schengen,m,17
2016,2016_II,Russia,FALSE,RUS,66,Russia,Europe,Europe & Central Asia,non-Schengen,m,18_59
2016,2016_II,Russia,FALSE,RUS,1,Russia,Europe,Europe & Central Asia,non-Schengen,m,60
2016,2016_II,Russia,FALSE,TJK,1,Tajikistan,Asia,Europe & Central Asia,non-Schengen,m,18_59
2016,2016_II,Russia,FALSE,UKR,1,Ukraine,Europe,Europe & Central Asia,non-Schengen,m,17
2016,2016_II,Russia,FALSE,UKR,3,Ukraine,Europe,Europe & Central Asia,non-Schengen,m,18_59
2016,2016_II,Russia,FALSE,UZB,1,Uzbekistan,Asia,Europe & Central Asia,non-Schengen,f,18_59
2016,2016_II,Russia,FALSE,UZB,1,Uzbekistan,Asia,Europe & Central Asia,non-Schengen,f,60
2016,2016_II,Russia,FALSE,UZB,1,Uzbekistan,Asia,Europe & Central Asia,non-Schengen,m,18_59
2016,2016_II,Ukraine,FALSE,AFG,1,Afghanistan,Asia,"Middle East, North Africa, Afghanistan & Pakistan",non-Schengen,m,18_59
2016,2016_II,Ukraine,FALSE,ARM,2,Armenia,Asia,Europe & Central Asia,non-Schengen,f,18_59
2016,2016_II,Ukraine,FALSE,ARM,1,Armenia,Asia,Europe & Central Asia,non-Schengen,m,18_59
2016,2016_II,Ukraine,FALSE,AZE,3,Azerbaijan,Asia,Europe & Central Asia,non-Schengen,f,18_59
2016,2016_II,Ukraine,FALSE,AZE,2,Azerbaijan,Asia,Europe & Central Asia,non-Schengen,m,18_59
2016,2016_II,Ukraine,FALSE,BLR,2,Belarus,Europe,Europe & Central Asia,non-Schengen,m,18_59
2016,2016_II,Ukraine,FALSE,BLR,1,Belarus,Europe,Europe & Central Asia,non-Schengen,m,60
2016,2016_II,Ukraine,FALSE,GEO,2,Georgia,Asia,Europe & Central Asia,non-Schengen,f,18_59
2016,2016_II,Ukraine,FALSE,GEO,5,Georgia,Asia,Europe & Central Asia,non-Schengen,m,18_59
2016,2016_II,Ukraine,FALSE,GHA,1,Ghana,Africa,Sub-Saharan Africa,non-Schengen,m,18_59
2016,2016_II,Ukraine,FALSE,KAZ,3,Kazakhstan,Asia,Europe & Central Asia,non-Schengen,m,18_59
2016,2016_II,Ukraine,FALSE,MDA,36,Moldova,Europe,Europe & Central Asia,non-Schengen,f,17
2016,2016_II,Ukraine,FALSE,MDA,127,Moldova,Europe,Europe & Central Asia,non-Schengen,f,18_59
2016,2016_II,Ukraine,FALSE,MDA,4,Moldova,Europe,Europe & Central Asia,non-Schengen,f,60
2016,2016_II,Ukraine,FALSE,MDA,47,Moldova,Europe,Europe & Central Asia,non-Schengen,m,17
2016,2016_II,Ukraine,FALSE,MDA,316,Moldova,Europe,Europe & Central Asia,non-Schengen,m,18_59
2016,2016_II,Ukraine,FALSE,MDA,1,Moldova,Europe,Europe & Central Asia,non-Schengen,m,60
2016,2016_II,Ukraine,FALSE,MKD,2,North Macedonia,Europe,Europe & Central Asia,non-Schengen,m,18_59
2016,2016_II,Ukraine,FALSE,RUS,5,Russia,Europe,Europe & Central Asia,non-Schengen,f,18_59
2016,2016_II,Ukraine,FALSE,RUS,7,Russia,Europe,Europe & Central Asia,non-Schengen,m,18_59
2016,2016_II,Ukraine,FALSE,RUS,1,Russia,Europe,Europe & Central Asia,non-Schengen,m,60
2016,2016_II,Ukraine,FALSE,SAU,1,Saudi Arabia,Asia,"Middle East, North Africa, Afghanistan & Pakistan",non-Schengen,m,18_59
2016,2016_II,Ukraine,FALSE,SRB,2,Serbia,Europe,Europe & Central Asia,non-Schengen,m,18_59
2016,2016_II,Ukraine,FALSE,SYR,1,Syria,Asia,"Middle East, North Africa, Afghanistan & Pakistan",non-Schengen,m,18_59
2016,2016_II,Ukraine,FALSE,TUR,7,Turkey,Asia,Europe & Central Asia,non-Schengen,m,18_59
2016,2016_II,Ukraine,FALSE,UKR,50,Ukraine,Europe,Europe & Central Asia,non-Schengen,f,17
2016,2016_II,Ukraine,FALSE,UKR,2002,Ukraine,Europe,Europe & Central Asia,non-Schengen,f,18_59
2016,2016_II,Ukraine,FALSE,UKR,170,Ukraine,Europe,Europe & Central Asia,non-Schengen,f,60
2016,2016_II,Ukraine,FALSE,UKR,52,Ukraine,Europe,Europe & Central Asia,non-Schengen,m,17
2016,2016_II,Ukraine,FALSE,UKR,4492,Ukraine,Europe,Europe & Central Asia,non-Schengen,m,18_59
2016,2016_II,Ukraine,FALSE,UKR,39,Ukraine,Europe,Europe & Central Asia,non-Schengen,m,60
2016,2016_II,Ukraine,FALSE,XXX,1,Stateless,other/unknown,other/unknown,non-Schengen,m,18_59
2016,2016_II,country,FALSE,AFG,1,Afghanistan,Asia,"Middle East, North Africa, Afghanistan & Pakistan",non-Schengen,f,60
2016,2016_II,country,FALSE,AFG,1,Afghanistan,Asia,"Middle East, North Africa, Afghanistan & Pakistan",non-Schengen,m,18_59
2016,2016_II,country,FALSE,AGO,1,Angola,Africa,Sub-Saharan Africa,non-Schengen,f,18_59
2016,2016_II,country,FALSE,ALB,2,Albania,Europe,Europe & Central Asia,non-Schengen,m,18_59
2016,2016_II,country,FALSE,ARG,1,Argentina,Americas,Latin America & Caribbean,non-Schengen,m,18_59
2016,2016_II,country,FALSE,ARM,2,Armenia,Asia,Europe & Central Asia,non-Schengen,f,17
2016,2016_II,country,FALSE,ARM,1,Armenia,Asia,Europe & Central Asia,non-Schengen,f,18_59
2016,2016_II,country,FALSE,ARM,23,Armenia,Asia,Europe & Central Asia,non-Schengen,m,18_59
2016,2016_II,country,FALSE,AUS,1,Australia,Oceania,East Asia & Pacific,non-Schengen,m,18_59
2016,2016_II,country,FALSE,AZE,2,Azerbaijan,Asia,Europe & Central Asia,non-Schengen,f,17
2016,2016_II,country,FALSE,AZE,1,Azerbaijan,Asia,Europe & Central Asia,non-Schengen,f,18_59
2016,2016_II,country,FALSE,AZE,2,Azerbaijan,Asia,Europe & Central Asia,non-Schengen,m,18_59
2016,2016_II,country,FALSE,BFA,1,Burkina Faso,Africa,Sub-Saharan Africa,non-Schengen,m,18_59
2016,2016_II,country,FALSE,BGD,12,Bangladesh,Asia,South Asia,non-Schengen,m,18_59
2016,2016_II,country,FALSE,BLR,10,Belarus,Europe,Europe & Central Asia,non-Schengen,f,18_59
2016,2016_II,country,FALSE,BLR,1,Belarus,Europe,Europe & Central Asia,non-Schengen,f,60
2016,2016_II,country,FALSE,BLR,1,Belarus,Europe,Europe & Central Asia,non-Schengen,m,17
2016,2016_II,country,FALSE,BLR,39,Belarus,Europe,Europe & Central Asia,non-Schengen,m,18_59
2016,2016_II,country,FALSE,BRA,2,Brazil,Americas,Latin America & Caribbean,non-Schengen,m,18_59
2016,2016_II,country,FALSE,CAN,1,Canada,Americas,North America,non-Schengen,m,18_59
2016,2016_II,country,FALSE,CHN,3,China,Asia,East Asia & Pacific,non-Schengen,f,18_59
2016,2016_II,country,FALSE,CHN,7,China,Asia,East Asia & Pacific,non-Schengen,m,18_59
2016,2016_II,country,FALSE,CMR,2,Cameroon,Africa,Sub-Saharan Africa,non-Schengen,m,18_59
2016,2016_II,country,FALSE,COD,3,Congo - Kinshasa,Africa,Sub-Saharan Africa,non-Schengen,f,18_59
2016,2016_II,country,FALSE,COD,1,Congo - Kinshasa,Africa,Sub-Saharan Africa,non-Schengen,m,18_59
2016,2016_II,country,FALSE,CUB,2,Cuba,Americas,Latin America & Caribbean,non-Schengen,f,18_59
2016,2016_II,country,FALSE,CUB,1,Cuba,Americas,Latin America & Caribbean,non-Schengen,m,18_59
2016,2016_II,country,FALSE,DZA,12,Algeria,Africa,"Middle East, North Africa, Afghanistan & Pakistan",non-Schengen,m,18_59
2016,2016_II,country,FALSE,EGY,3,Egypt,Africa,"Middle East, North Africa, Afghanistan & Pakistan",non-Schengen,m,18_59
2016,2016_II,country,FALSE,ETH,1,Ethiopia,Africa,Sub-Saharan Africa,non-Schengen,m,18_59
2016,2016_II,country,FALSE,GEO,2,Georgia,Asia,Europe & Central Asia,non-Schengen,f,17
2016,2016_II,country,FALSE,GEO,4,Georgia,Asia,Europe & Central Asia,non-Schengen,f,18_59
2016,2016_II,country,FALSE,GEO,1,Georgia,Asia,Europe & Central Asia,non-Schengen,f,60
2016,2016_II,country,FALSE,GEO,4,Georgia,Asia,Europe & Central Asia,non-Schengen,m,17
2016,2016_II,country,FALSE,GEO,9,Georgia,Asia,Europe & Central Asia,non-Schengen,m,18_59
2016,2016_II,country,FALSE,GHA,1,Ghana,Africa,Sub-Saharan Africa,non-Schengen,m,18_59
2016,2016_II,country,FALSE,GIN,1,Guinea,Africa,Sub-Saharan Africa,non-Schengen,m,18_59
2016,2016_II,country,FALSE,GMB,2,Gambia,Africa,Sub-Saharan Africa,non-Schengen,m,18_59
2016,2016_II,country,FALSE,IND,5,India,Asia,South Asia,non-Schengen,f,18_59
2016,2016_II,country,FALSE,IND,12,India,Asia,South Asia,non-Schengen,m,18_59
2016,2016_II,country,FALSE,IRN,2,Iran,Asia,"Middle East, North Africa, Afghanistan & Pakistan",non-Schengen,f,18_59
2016,2016_II,country,FALSE,IRN,1,Iran,Asia,"Middle East, North Africa, Afghanistan & Pakistan",non-Schengen,m,17
2016,2016_II,country,FALSE,IRN,4,Iran,Asia,"Middle East, North Africa, Afghanistan & Pakistan",non-Schengen,m,18_59
2016,2016_II,country,FALSE,IRQ,4,Iraq,Asia,"Middle East, North Africa, Afghanistan & Pakistan",non-Schengen,m,18_59
2016,2016_II,country,FALSE,KAZ,1,Kazakhstan,Asia,Europe & Central Asia,non-Schengen,f,17
2016,2016_II,country,FALSE,KAZ,2,Kazakhstan,Asia,Europe & Central Asia,non-Schengen,f,18_59
2016,2016_II,country,FALSE,KAZ,2,Kazakhstan,Asia,Europe & Central Asia,non-Schengen,m,17
2016,2016_II,country,FALSE,KAZ,3,Kazakhstan,Asia,Europe & Central Asia,non-Schengen,m,18_59
2016,2016_II,country,FALSE,KGZ,1,Kyrgyzstan,Asia,Europe & Central Asia,non-Schengen,m,18_59
2016,2016_II,country,FALSE,LBY,1,Libya,Africa,"Middle East, North Africa, Afghanistan & Pakistan",non-Schengen,f,18_59
2016,2016_II,country,FALSE,LBY,4,Libya,Africa,"Middle East, North Africa, Afghanistan & Pakistan",non-Schengen,m,18_59
2016,2016_II,country,FALSE,LKA,1,Sri Lanka,Asia,South Asia,non-Schengen,m,18_59
2016,2016_II,country,FALSE,MAR,3,Morocco,Africa,"Middle East, North Africa, Afghanistan & Pakistan",non-Schengen,m,18_59
2016,2016_II,country,FALSE,MDA,4,Moldova,Europe,Europe & Central Asia,non-Schengen,f,18_59
2016,2016_II,country,FALSE,MDA,13,Moldova,Europe,Europe & Central Asia,non-Schengen,m,18_59
2016,2016_II,country,FALSE,MEX,2,Mexico,Americas,Latin America & Caribbean,non-Schengen,m,18_59
2016,2016_II,country,FALSE,MNG,2,Mongolia,Asia,East Asia & Pacific,non-Schengen,f,18_59
2016,2016_II,country,FALSE,MNG,3,Mongolia,Asia,East Asia & Pacific,non-Schengen,m,18_59
2016,2016_II,country,FALSE,MUS,1,Mauritius,Africa,Sub-Saharan Africa,non-Schengen,m,18_59
2016,2016_II,country,FALSE,NGA,9,Nigeria,Africa,Sub-Saharan Africa,non-Schengen,m,18_59
2016,2016_II,country,FALSE,NPL,5,Nepal,Asia,South Asia,non-Schengen,m,18_59
2016,2016_II,country,FALSE,PAK,1,Pakistan,Asia,"Middle East, North Africa, Afghanistan & Pakistan",non-Schengen,m,17
2016,2016_II,country,FALSE,PAK,12,Pakistan,Asia,"Middle East, North Africa, Afghanistan & Pakistan",non-Schengen,m,18_59
2016,2016_II,country,FALSE,PHL,1,Philippines,Asia,East Asia & Pacific,non-Schengen,f,18_59
2016,2016_II,country,FALSE,RUS,25,Russia,Europe,Europe & Central Asia,non-Schengen,f,17
2016,2016_II,country,FALSE,RUS,42,Russia,Europe,Europe & Central Asia,non-Schengen,f,18_59
2016,2016_II,country,FALSE,RUS,3,Russia,Europe,Europe & Central Asia,non-Schengen,f,60
2016,2016_II,country,FALSE,RUS,57,Russia,Europe,Europe & Central Asia,non-Schengen,m,17
2016,2016_II,country,FALSE,RUS,80,Russia,Europe,Europe & Central Asia,non-Schengen,m,18_59
2016,2016_II,country,FALSE,SAU,5,Saudi Arabia,Asia,"Middle East, North Africa, Afghanistan & Pakistan",non-Schengen,m,18_59
2016,2016_II,country,FALSE,SRB,2,Serbia,Europe,Europe & Central Asia,non-Schengen,f,17
2016,2016_II,country,FALSE,SRB,1,Serbia,Europe,Europe & Central Asia,non-Schengen,f,18_59
2016,2016_II,country,FALSE,SRB,1,Serbia,Europe,Europe & Central Asia,non-Schengen,m,17
2016,2016_II,country,FALSE,SRB,2,Serbia,Europe,Europe & Central Asia,non-Schengen,m,18_59
2016,2016_II,country,FALSE,SYR,5,Syria,Asia,"Middle East, North Africa, Afghanistan & Pakistan",non-Schengen,m,18_59
2016,2016_II,country,FALSE,THA,3,Thailand,Asia,East Asia & Pacific,non-Schengen,m,18_59
2016,2016_II,country,FALSE,TJK,1,Tajikistan,Asia,Europe & Central Asia,non-Schengen,f,17
2016,2016_II,country,FALSE,TJK,1,Tajikistan,Asia,Europe & Central Asia,non-Schengen,f,18_59
2016,2016_II,country,FALSE,TJK,2,Tajikistan,Asia,Europe & Central Asia,non-Schengen,m,18_59
2016,2016_II,country,FALSE,TUN,1,Tunisia,Africa,"Middle East, North Africa, Afghanistan & Pakistan",non-Schengen,f,18_59
2016,2016_II,country,FALSE,TUN,8,Tunisia,Africa,"Middle East, North Africa, Afghanistan & Pakistan",non-Schengen,m,18_59
2016,2016_II,country,FALSE,TUR,2,Turkey,Asia,Europe & Central Asia,non-Schengen,f,18_59
2016,2016_II,country,FALSE,TUR,12,Turkey,Asia,Europe & Central Asia,non-Schengen,m,18_59
2016,2016_II,country,FALSE,TWN,1,Taiwan,Asia,East Asia & Pacific,non-Schengen,f,17
2016,2016_II,country,FALSE,TWN,2,Taiwan,Asia,East Asia & Pacific,non-Schengen,f,18_59
2016,2016_II,country,FALSE,TWN,2,Taiwan,Asia,East Asia & Pacific,non-Schengen,m,18_59
2016,2016_II,country,FALSE,UKR,34,Ukraine,Europe,Europe & Central Asia,non-Schengen,f,17
2016,2016_II,country,FALSE,UKR,502,Ukraine,Europe,Europe & Central Asia,non-Schengen,f,18_59
2016,2016_II,country,FALSE,UKR,22,Ukraine,Europe,Europe & Central Asia,non-Schengen,f,60
2016,2016_II,country,FALSE,UKR,43,Ukraine,Europe,Europe & Central Asia,non-Schengen,m,17
2016,2016_II,country,FALSE,UKR,1222,Ukraine,Europe,Europe & Central Asia,non-Schengen,m,18_59
2016,2016_II,country,FALSE,UKR,4,Ukraine,Europe,Europe & Central Asia,non-Schengen,m,60
2016,2016_II,country,FALSE,USA,2,United States,Americas,North America,non-Schengen,m,18_59
2016,2016_II,country,FALSE,UZB,9,Uzbekistan,Asia,Europe & Central Asia,non-Schengen,m,18_59
2016,2016_II,country,FALSE,VEN,1,Venezuela,Americas,Latin America & Caribbean,non-Schengen,m,18_59
2016,2016_II,country,FALSE,VNM,6,Vietnam,Asia,East Asia & Pacific,non-Schengen,f,18_59
2016,2016_II,country,FALSE,VNM,14,Vietnam,Asia,East Asia & Pacific,non-Schengen,m,17
2016,2016_II,country,FALSE,VNM,42,Vietnam,Asia,East Asia & Pacific,non-Schengen,m,18_59
2016,2016_II,country,FALSE,XXX,3,Stateless,other/unknown,other/unknown,non-Schengen,m,18_59
2016,2016_II,country,TRUE,AFG,1,Afghanistan,Asia,"Middle East, North Africa, Afghanistan & Pakistan",non-Schengen,f,18_59
2016,2016_II,country,TRUE,ARM,1,Armenia,Asia,Europe & Central Asia,non-Schengen,m,18_59
2016,2016_II,country,TRUE,BGD,1,Bangladesh,Asia,South Asia,non-Schengen,m,18_59
2016,2016_II,country,TRUE,CHN,2,China,Asia,East Asia & Pacific,non-Schengen,m,18_59
2016,2016_II,country,TRUE,CUB,1,Cuba,Americas,Latin America & Caribbean,non-Schengen,m,18_59
2016,2016_II,country,TRUE,EGY,1,Egypt,Africa,"Middle East, North Africa, Afghanistan & Pakistan",non-Schengen,m,18_59
2016,2016_II,country,TRUE,IND,1,India,Asia,South Asia,non-Schengen,m,18_59
2016,2016_II,country,TRUE,MDA,1,Moldova,Europe,Europe & Central Asia,non-Schengen,f,18_59
2016,2016_II,country,TRUE,MDA,2,Moldova,Europe,Europe & Central Asia,non-Schengen,m,18_59
2016,2016_II,country,TRUE,NGA,1,Nigeria,Africa,Sub-Saharan Africa,non-Schengen,m,18_59
2016,2016_II,country,TRUE,RUS,3,Russia,Europe,Europe & Central Asia,non-Schengen,m,18_59
2016,2016_II,country,TRUE,SAU,1,Saudi Arabia,Asia,"Middle East, North Africa, Afghanistan & Pakistan",non-Schengen,f,18_59
2016,2016_II,country,TRUE,UKR,4,Ukraine,Europe,Europe & Central Asia,non-Schengen,f,18_59
2016,2016_II,country,TRUE,UKR,13,Ukraine,Europe,Europe & Central Asia,non-Schengen,m,18_59
2016,2016_II,country,TRUE,VNM,2,Vietnam,Asia,East Asia & Pacific,non-Schengen,f,18_59
2016,2016_II,country,TRUE,VNM,2,Vietnam,Asia,East Asia & Pacific,non-Schengen,m,18_59
2016,2016_II,external air,FALSE,ALB,1,Albania,Europe,Europe & Central Asia,non-Schengen,m,18_59
2016,2016_II,external air,FALSE,ARM,2,Armenia,Asia,Europe & Central Asia,non-Schengen,f,17
2016,2016_II,external air,FALSE,ARM,11,Armenia,Asia,Europe & Central Asia,non-Schengen,f,18_59
2016,2016_II,external air,FALSE,ARM,2,Armenia,Asia,Europe & Central Asia,non-Schengen,f,60
2016,2016_II,external air,FALSE,ARM,13,Armenia,Asia,Europe & Central Asia,non-Schengen,m,18_59
2016,2016_II,external air,FALSE,ARM,2,Armenia,Asia,Europe & Central Asia,non-Schengen,m,60
2016,2016_II,external air,FALSE,AUS,2,Australia,Oceania,East Asia & Pacific,non-Schengen,m,17
2016,2016_II,external air,FALSE,AUS,7,Australia,Oceania,East Asia & Pacific,non-Schengen,m,18_59
2016,2016_II,external air,FALSE,AUS,1,Australia,Oceania,East Asia & Pacific,non-Schengen,m,60
2016,2016_II,external air,FALSE,AZE,1,Azerbaijan,Asia,Europe & Central Asia,non-Schengen,f,18_59
2016,2016_II,external air,FALSE,AZE,1,Azerbaijan,Asia,Europe & Central Asia,non-Schengen,f,60
2016,2016_II,external air,FALSE,AZE,6,Azerbaijan,Asia,Europe & Central Asia,non-Schengen,m,18_59
2016,2016_II,external air,FALSE,BGD,1,Bangladesh,Asia,South Asia,non-Schengen,f,18_59
2016,2016_II,external air,FALSE,BGD,3,Bangladesh,Asia,South Asia,non-Schengen,m,18_59
2016,2016_II,external air,FALSE,BIH,1,Bosnia & Herzegovina,Europe,Europe & Central Asia,non-Schengen,m,18_59
2016,2016_II,external air,FALSE,BLR,4,Belarus,Europe,Europe & Central Asia,non-Schengen,f,18_59
2016,2016_II,external air,FALSE,BLR,3,Belarus,Europe,Europe & Central Asia,non-Schengen,m,18_59
2016,2016_II,external air,FALSE,BWA,1,Botswana,Africa,Sub-Saharan Africa,non-Schengen,m,18_59
2016,2016_II,external air,FALSE,CAF,1,Central African Republic,Africa,Sub-Saharan Africa,non-Schengen,f,18_59
2016,2016_II,external air,FALSE,CAN,2,Canada,Americas,North America,non-Schengen,f,17
2016,2016_II,external air,FALSE,CAN,5,Canada,Americas,North America,non-Schengen,f,18_59
2016,2016_II,external air,FALSE,CAN,3,Canada,Americas,North America,non-Schengen,m,17
2016,2016_II,external air,FALSE,CAN,12,Canada,Americas,North America,non-Schengen,m,18_59
2016,2016_II,external air,FALSE,CAN,2,Canada,Americas,North America,non-Schengen,m,60
2016,2016_II,external air,FALSE,CHN,1,China,Asia,East Asia & Pacific,non-Schengen,f,17
2016,2016_II,external air,FALSE,CHN,31,China,Asia,East Asia & Pacific,non-Schengen,f,18_59
2016,2016_II,external air,FALSE,CHN,2,China,Asia,East Asia & Pacific,non-Schengen,m,17
2016,2016_II,external air,FALSE,CHN,35,China,Asia,East Asia & Pacific,non-Schengen,m,18_59
2016,2016_II,external air,FALSE,CIV,1,Côte d’Ivoire,Africa,Sub-Saharan Africa,non-Schengen,f,18_59
2016,2016_II,external air,FALSE,CIV,1,Côte d’Ivoire,Africa,Sub-Saharan Africa,non-Schengen,m,18_59
2016,2016_II,external air,FALSE,DJI,1,Djibouti,Africa,"Middle East, North Africa, Afghanistan & Pakistan",non-Schengen,m,60
2016,2016_II,external air,FALSE,DOM,1,Dominican Republic,Americas,Latin America & Caribbean,non-Schengen,f,18_59
2016,2016_II,external air,FALSE,ECU,1,Ecuador,Americas,Latin America & Caribbean,non-Schengen,m,18_59
2016,2016_II,external air,FALSE,EGY,1,Egypt,Africa,"Middle East, North Africa, Afghanistan & Pakistan",non-Schengen,m,18_59
2016,2016_II,external air,FALSE,ETH,1,Ethiopia,Africa,Sub-Saharan Africa,non-Schengen,f,18_59
2016,2016_II,external air,FALSE,ETH,1,Ethiopia,Africa,Sub-Saharan Africa,non-Schengen,m,18_59
2016,2016_II,external air,FALSE,GEO,1,Georgia,Asia,Europe & Central Asia,non-Schengen,f,17
2016,2016_II,external air,FALSE,GEO,11,Georgia,Asia,Europe & Central Asia,non-Schengen,f,18_59
2016,2016_II,external air,FALSE,GEO,28,Georgia,Asia,Europe & Central Asia,non-Schengen,m,18_59
2016,2016_II,external air,FALSE,GHA,1,Ghana,Africa,Sub-Saharan Africa,non-Schengen,f,18_59
2016,2016_II,external air,FALSE,GHA,1,Ghana,Africa,Sub-Saharan Africa,non-Schengen,m,18_59
2016,2016_II,external air,FALSE,IDN,1,Indonesia,Asia,East Asia & Pacific,non-Schengen,f,18_59
2016,2016_II,external air,FALSE,IDN,1,Indonesia,Asia,East Asia & Pacific,non-Schengen,m,18_59
2016,2016_II,external air,FALSE,IND,3,India,Asia,South Asia,non-Schengen,f,18_59
2016,2016_II,external air,FALSE,IND,16,India,Asia,South Asia,non-Schengen,m,18_59
2016,2016_II,external air,FALSE,IRN,1,Iran,Asia,"Middle East, North Africa, Afghanistan & Pakistan",non-Schengen,m,17
2016,2016_II,external air,FALSE,IRN,1,Iran,Asia,"Middle East, North Africa, Afghanistan & Pakistan",non-Schengen,m,60
2016,2016_II,external air,FALSE,IRQ,1,Iraq,Asia,"Middle East, North Africa, Afghanistan & Pakistan",non-Schengen,f,18_59
2016,2016_II,external air,FALSE,IRQ,6,Iraq,Asia,"Middle East, North Africa, Afghanistan & Pakistan",non-Schengen,m,18_59
2016,2016_II,external air,FALSE,JOR,6,Jordan,Asia,"Middle East, North Africa, Afghanistan & Pakistan",non-Schengen,m,18_59
2016,2016_II,external air,FALSE,KAZ,4,Kazakhstan,Asia,Europe & Central Asia,non-Schengen,f,18_59
2016,2016_II,external air,FALSE,KAZ,2,Kazakhstan,Asia,Europe & Central Asia,non-Schengen,m,18_59
2016,2016_II,external air,FALSE,KEN,2,Kenya,Africa,Sub-Saharan Africa,non-Schengen,f,18_59
2016,2016_II,external air,FALSE,KEN,1,Kenya,Africa,Sub-Saharan Africa,non-Schengen,m,18_59
2016,2016_II,external air,FALSE,KEN,1,Kenya,Africa,Sub-Saharan Africa,non-Schengen,m,60
2016,2016_II,external air,FALSE,KGZ,1,Kyrgyzstan,Asia,Europe & Central Asia,non-Schengen,f,18_59
2016,2016_II,external air,FALSE,KGZ,1,Kyrgyzstan,Asia,Europe & Central Asia,non-Schengen,m,18_59
2016,2016_II,external air,FALSE,KOR,1,South Korea,Asia,East Asia & Pacific,non-Schengen,m,18_59
2016,2016_II,external air,FALSE,KWT,2,Kuwait,Asia,"Middle East, North Africa, Afghanistan & Pakistan",non-Schengen,m,18_59
2016,2016_II,external air,FALSE,KWT,2,Kuwait,Asia,"Middle East, North Africa, Afghanistan & Pakistan",non-Schengen,m,60
2016,2016_II,external air,FALSE,LBN,1,Lebanon,Asia,"Middle East, North Africa, Afghanistan & Pakistan",non-Schengen,f,18_59
2016,2016_II,external air,FALSE,LBN,4,Lebanon,Asia,"Middle East, North Africa, Afghanistan & Pakistan",non-Schengen,m,18_59
2016,2016_II,external air,FALSE,LBN,1,Lebanon,Asia,"Middle East, North Africa, Afghanistan & Pakistan",non-Schengen,m,60
2016,2016_II,external air,FALSE,LBY,1,Libya,Africa,"Middle East, North Africa, Afghanistan & Pakistan",non-Schengen,f,18_59
2016,2016_II,external air,FALSE,LBY,1,Libya,Africa,"Middle East, North Africa, Afghanistan & Pakistan",non-Schengen,m,17
2016,2016_II,external air,FALSE,LBY,3,Libya,Africa,"Middle East, North Africa, Afghanistan & Pakistan",non-Schengen,m,18_59
2016,2016_II,external air,FALSE,MDA,3,Moldova,Europe,Europe & Central Asia,non-Schengen,f,18_59
2016,2016_II,external air,FALSE,MDA,1,Moldova,Europe,Europe & Central Asia,non-Schengen,f,60
2016,2016_II,external air,FALSE,MDA,3,Moldova,Europe,Europe & Central Asia,non-Schengen,m,17
2016,2016_II,external air,FALSE,MDA,8,Moldova,Europe,Europe & Central Asia,non-Schengen,m,18_59
2016,2016_II,external air,FALSE,MKD,1,North Macedonia,Europe,Europe & Central Asia,non-Schengen,f,18_59
2016,2016_II,external air,FALSE,MNE,1,Montenegro,Europe,Europe & Central Asia,non-Schengen,m,18_59
2016,2016_II,external air,FALSE,MNG,1,Mongolia,Asia,East Asia & Pacific,non-Schengen,f,18_59
2016,2016_II,external air,FALSE,MUS,1,Mauritius,Africa,Sub-Saharan Africa,non-Schengen,f,18_59
2016,2016_II,external air,FALSE,NGA,5,Nigeria,Africa,Sub-Saharan Africa,non-Schengen,m,18_59
2016,2016_II,external air,FALSE,NPL,2,Nepal,Asia,South Asia,non-Schengen,m,18_59
2016,2016_II,external air,FALSE,NZL,2,New Zealand,Oceania,East Asia & Pacific,non-Schengen,m,18_59
2016,2016_II,external air,FALSE,OMN,1,Oman,Asia,"Middle East, North Africa, Afghanistan & Pakistan",non-Schengen,m,17
2016,2016_II,external air,FALSE,PAK,4,Pakistan,Asia,"Middle East, North Africa, Afghanistan & Pakistan",non-Schengen,f,18_59
2016,2016_II,external air,FALSE,PAK,2,Pakistan,Asia,"Middle East, North Africa, Afghanistan & Pakistan",non-Schengen,m,18_59
2016,2016_II,external air,FALSE,PHL,2,Philippines,Asia,East Asia & Pacific,non-Schengen,f,18_59
2016,2016_II,external air,FALSE,QAT,1,Qatar,Asia,"Middle East, North Africa, Afghanistan & Pakistan",non-Schengen,m,18_59
2016,2016_II,external air,FALSE,RUS,12,Russia,Europe,Europe & Central Asia,non-Schengen,f,18_59
2016,2016_II,external air,FALSE,RUS,2,Russia,Europe,Europe & Central Asia,non-Schengen,f,60
2016,2016_II,external air,FALSE,RUS,18,Russia,Europe,Europe & Central Asia,non-Schengen,m,18_59
2016,2016_II,external air,FALSE,SAU,1,Saudi Arabia,Asia,"Middle East, North Africa, Afghanistan & Pakistan",non-Schengen,f,18_59
2016,2016_II,external air,FALSE,SAU,7,Saudi Arabia,Asia,"Middle East, North Africa, Afghanistan & Pakistan",non-Schengen,m,18_59
2016,2016_II,external air,FALSE,SRB,2,Serbia,Europe,Europe & Central Asia,non-Schengen,f,17
2016,2016_II,external air,FALSE,SRB,2,Serbia,Europe,Europe & Central Asia,non-Schengen,f,18_59
2016,2016_II,external air,FALSE,SRB,1,Serbia,Europe,Europe & Central Asia,non-Schengen,m,17
2016,2016_II,external air,FALSE,SRB,4,Serbia,Europe,Europe & Central Asia,non-Schengen,m,18_59
2016,2016_II,external air,FALSE,SYR,1,Syria,Asia,"Middle East, North Africa, Afghanistan & Pakistan",non-Schengen,f,18_59
2016,2016_II,external air,FALSE,SYR,3,Syria,Asia,"Middle East, North Africa, Afghanistan & Pakistan",non-Schengen,m,18_59
2016,2016_II,external air,FALSE,THA,1,Thailand,Asia,East Asia & Pacific,non-Schengen,f,18_59
2016,2016_II,external air,FALSE,THA,1,Thailand,Asia,East Asia & Pacific,non-Schengen,m,18_59
2016,2016_II,external air,FALSE,TJK,1,Tajikistan,Asia,Europe & Central Asia,non-Schengen,m,18_59
2016,2016_II,external air,FALSE,TKM,1,Turkmenistan,Asia,Europe & Central Asia,non-Schengen,m,18_59
2016,2016_II,external air,FALSE,TUR,2,Turkey,Asia,Europe & Central Asia,non-Schengen,f,17
2016,2016_II,external air,FALSE,TUR,5,Turkey,Asia,Europe & Central Asia,non-Schengen,f,18_59
2016,2016_II,external air,FALSE,TUR,1,Turkey,Asia,Europe & Central Asia,non-Schengen,m,17
2016,2016_II,external air,FALSE,TUR,25,Turkey,Asia,Europe & Central Asia,non-Schengen,m,18_59
2016,2016_II,external air,FALSE,TWN,6,Taiwan,Asia,East Asia & Pacific,non-Schengen,f,18_59
2016,2016_II,external air,FALSE,TWN,16,Taiwan,Asia,East Asia & Pacific,non-Schengen,m,18_59
2016,2016_II,external air,FALSE,UGA,2,Uganda,Africa,Sub-Saharan Africa,non-Schengen,f,18_59
2016,2016_II,external air,FALSE,UKR,4,Ukraine,Europe,Europe & Central Asia,non-Schengen,f,17
2016,2016_II,external air,FALSE,UKR,82,Ukraine,Europe,Europe & Central Asia,non-Schengen,f,18_59
2016,2016_II,external air,FALSE,UKR,8,Ukraine,Europe,Europe & Central Asia,non-Schengen,f,60
2016,2016_II,external air,FALSE,UKR,3,Ukraine,Europe,Europe & Central Asia,non-Schengen,m,17
2016,2016_II,external air,FALSE,UKR,75,Ukraine,Europe,Europe & Central Asia,non-Schengen,m,18_59
2016,2016_II,external air,FALSE,UKR,3,Ukraine,Europe,Europe & Central Asia,non-Schengen,m,60
2016,2016_II,external air,FALSE,UZB,4,Uzbekistan,Asia,Europe & Central Asia,non-Schengen,f,18_59
2016,2016_II,external air,FALSE,UZB,1,Uzbekistan,Asia,Europe & Central Asia,non-Schengen,f,60
2016,2016_II,external air,FALSE,UZB,18,Uzbekistan,Asia,Europe & Central Asia,non-Schengen,m,18_59
2016,2016_II,external air,FALSE,UZB,1,Uzbekistan,Asia,Europe & Central Asia,non-Schengen,m,60
2016,2016_II,external air,FALSE,VNM,4,Vietnam,Asia,East Asia & Pacific,non-Schengen,f,18_59
2016,2016_II,external air,FALSE,VNM,5,Vietnam,Asia,East Asia & Pacific,non-Schengen,f,60
2016,2016_II,external air,FALSE,VNM,2,Vietnam,Asia,East Asia & Pacific,non-Schengen,m,18_59
2016,2016_II,external air,FALSE,VNM,2,Vietnam,Asia,East Asia & Pacific,non-Schengen,m,60
2016,2016_II,external air,FALSE,ZAF,1,South Africa,Africa,Sub-Saharan Africa,non-Schengen,m,18_59
2016,2016_II,external air,FALSE,ZMB,1,Zambia,Africa,Sub-Saharan Africa,non-Schengen,f,18_59
2017,2017_I,Belarus,FALSE,ARM,1,Armenia,Asia,Europe & Central Asia,non-Schengen,f,18_59
2017,2017_I,Belarus,FALSE,ARM,2,Armenia,Asia,Europe & Central Asia,non-Schengen,m,18_59
2017,2017_I,Belarus,FALSE,AZE,1,Azerbaijan,Asia,Europe & Central Asia,non-Schengen,f,18_59
2017,2017_I,Belarus,FALSE,AZE,1,Azerbaijan,Asia,Europe & Central Asia,non-Schengen,m,18_59
2017,2017_I,Belarus,FALSE,BLR,6,Belarus,Europe,Europe & Central Asia,non-Schengen,f,17
2017,2017_I,Belarus,FALSE,BLR,132,Belarus,Europe,Europe & Central Asia,non-Schengen,f,18_59
2017,2017_I,Belarus,FALSE,BLR,24,Belarus,Europe,Europe & Central Asia,non-Schengen,f,60
2017,2017_I,Belarus,FALSE,BLR,14,Belarus,Europe,Europe & Central Asia,non-Schengen,m,17
2017,2017_I,Belarus,FALSE,BLR,277,Belarus,Europe,Europe & Central Asia,non-Schengen,m,18_59
2017,2017_I,Belarus,FALSE,BLR,3,Belarus,Europe,Europe & Central Asia,non-Schengen,m,60
2017,2017_I,Belarus,FALSE,CHN,1,China,Asia,East Asia & Pacific,non-Schengen,f,17
2017,2017_I,Belarus,FALSE,CHN,2,China,Asia,East Asia & Pacific,non-Schengen,f,18_59
2017,2017_I,Belarus,FALSE,CUB,1,Cuba,Americas,Latin America & Caribbean,non-Schengen,f,18_59
2017,2017_I,Belarus,FALSE,ISR,1,Israel,Asia,"Middle East, North Africa, Afghanistan & Pakistan",non-Schengen,m,18_59
2017,2017_I,Belarus,FALSE,KAZ,4,Kazakhstan,Asia,Europe & Central Asia,non-Schengen,m,18_59
2017,2017_I,Belarus,FALSE,MDA,1,Moldova,Europe,Europe & Central Asia,non-Schengen,f,18_59
2017,2017_I,Belarus,FALSE,MDA,1,Moldova,Europe,Europe & Central Asia,non-Schengen,m,18_59
2017,2017_I,Belarus,FALSE,MNG,3,Mongolia,Asia,East Asia & Pacific,non-Schengen,m,18_59
2017,2017_I,Belarus,FALSE,PER,1,Peru,Americas,Latin America & Caribbean,non-Schengen,m,18_59
2017,2017_I,Belarus,FALSE,RUS,21,Russia,Europe,Europe & Central Asia,non-Schengen,f,17
2017,2017_I,Belarus,FALSE,RUS,90,Russia,Europe,Europe & Central Asia,non-Schengen,f,18_59
2017,2017_I,Belarus,FALSE,RUS,34,Russia,Europe,Europe & Central Asia,non-Schengen,f,60
2017,2017_I,Belarus,FALSE,RUS,16,Russia,Europe,Europe & Central Asia,non-Schengen,m,17
2017,2017_I,Belarus,FALSE,RUS,113,Russia,Europe,Europe & Central Asia,non-Schengen,m,18_59
2017,2017_I,Belarus,FALSE,RUS,9,Russia,Europe,Europe & Central Asia,non-Schengen,m,60
2017,2017_I,Belarus,FALSE,SYR,1,Syria,Asia,"Middle East, North Africa, Afghanistan & Pakistan",non-Schengen,m,18_59
2017,2017_I,Belarus,FALSE,TJK,7,Tajikistan,Asia,Europe & Central Asia,non-Schengen,m,18_59
2017,2017_I,Belarus,FALSE,TKM,1,Turkmenistan,Asia,Europe & Central Asia,non-Schengen,m,18_59
2017,2017_I,Belarus,FALSE,UKR,7,Ukraine,Europe,Europe & Central Asia,non-Schengen,f,18_59
2017,2017_I,Belarus,FALSE,UKR,1,Ukraine,Europe,Europe & Central Asia,non-Schengen,f,60
2017,2017_I,Belarus,FALSE,UKR,12,Ukraine,Europe,Europe & Central Asia,non-Schengen,m,18_59
2017,2017_I,Belarus,FALSE,UZB,2,Uzbekistan,Asia,Europe & Central Asia,non-Schengen,f,60
2017,2017_I,Belarus,FALSE,UZB,2,Uzbekistan,Asia,Europe & Central Asia,non-Schengen,m,18_59
2017,2017_I,Belarus,FALSE,XXX,3,Stateless,other/unknown,other/unknown,non-Schengen,m,18_59
2017,2017_I,Russia,FALSE,ARM,1,Armenia,Asia,Europe & Central Asia,non-Schengen,m,18_59
2017,2017_I,Russia,FALSE,AZE,1,Azerbaijan,Asia,Europe & Central Asia,non-Schengen,m,18_59
2017,2017_I,Russia,FALSE,BLR,1,Belarus,Europe,Europe & Central Asia,non-Schengen,f,18_59
2017,2017_I,Russia,FALSE,RUS,1,Russia,Europe,Europe & Central Asia,non-Schengen,f,17
2017,2017_I,Russia,FALSE,RUS,72,Russia,Europe,Europe & Central Asia,non-Schengen,f,18_59
2017,2017_I,Russia,FALSE,RUS,18,Russia,Europe,Europe & Central Asia,non-Schengen,f,60
2017,2017_I,Russia,FALSE,RUS,7,Russia,Europe,Europe & Central Asia,non-Schengen,m,17
2017,2017_I,Russia,FALSE,RUS,96,Russia,Europe,Europe & Central Asia,non-Schengen,m,18_59
2017,2017_I,Russia,FALSE,RUS,6,Russia,Europe,Europe & Central Asia,non-Schengen,m,60
2017,2017_I,Russia,FALSE,SRB,1,Serbia,Europe,Europe & Central Asia,non-Schengen,m,18_59
2017,2017_I,Russia,FALSE,TJK,1,Tajikistan,Asia,Europe & Central Asia,non-Schengen,f,18_59
2017,2017_I,Russia,FALSE,UKR,1,Ukraine,Europe,Europe & Central Asia,non-Schengen,f,60
2017,2017_I,Russia,FALSE,UKR,2,Ukraine,Europe,Europe & Central Asia,non-Schengen,m,18_59
2017,2017_I,Ukraine,FALSE,ARM,2,Armenia,Asia,Europe & Central Asia,non-Schengen,f,18_59
2017,2017_I,Ukraine,FALSE,ARM,4,Armenia,Asia,Europe & Central Asia,non-Schengen,m,18_59
2017,2017_I,Ukraine,FALSE,AZE,3,Azerbaijan,Asia,Europe & Central Asia,non-Schengen,m,18_59
2017,2017_I,Ukraine,FALSE,BLR,1,Belarus,Europe,Europe & Central Asia,non-Schengen,f,18_59
2017,2017_I,Ukraine,FALSE,BLR,1,Belarus,Europe,Europe & Central Asia,non-Schengen,m,17
2017,2017_I,Ukraine,FALSE,BLR,3,Belarus,Europe,Europe & Central Asia,non-Schengen,m,18_59
2017,2017_I,Ukraine,FALSE,CHN,1,China,Asia,East Asia & Pacific,non-Schengen,m,18_59
2017,2017_I,Ukraine,FALSE,GEO,3,Georgia,Asia,Europe & Central Asia,non-Schengen,m,18_59
2017,2017_I,Ukraine,FALSE,GHA,3,Ghana,Africa,Sub-Saharan Africa,non-Schengen,m,18_59
2017,2017_I,Ukraine,FALSE,IND,1,India,Asia,South Asia,non-Schengen,f,18_59
2017,2017_I,Ukraine,FALSE,IND,1,India,Asia,South Asia,non-Schengen,m,18_59
2017,2017_I,Ukraine,FALSE,MDA,21,Moldova,Europe,Europe & Central Asia,non-Schengen,f,17
2017,2017_I,Ukraine,FALSE,MDA,123,Moldova,Europe,Europe & Central Asia,non-Schengen,f,18_59
2017,2017_I,Ukraine,FALSE,MDA,4,Moldova,Europe,Europe & Central Asia,non-Schengen,f,60
2017,2017_I,Ukraine,FALSE,MDA,24,Moldova,Europe,Europe & Central Asia,non-Schengen,m,17
2017,2017_I,Ukraine,FALSE,MDA,302,Moldova,Europe,Europe & Central Asia,non-Schengen,m,18_59
2017,2017_I,Ukraine,FALSE,MDA,3,Moldova,Europe,Europe & Central Asia,non-Schengen,m,60
2017,2017_I,Ukraine,FALSE,MKD,1,North Macedonia,Europe,Europe & Central Asia,non-Schengen,m,18_59
2017,2017_I,Ukraine,FALSE,RUS,1,Russia,Europe,Europe & Central Asia,non-Schengen,f,17
2017,2017_I,Ukraine,FALSE,RUS,6,Russia,Europe,Europe & Central Asia,non-Schengen,f,18_59
2017,2017_I,Ukraine,FALSE,RUS,1,Russia,Europe,Europe & Central Asia,non-Schengen,f,60
2017,2017_I,Ukraine,FALSE,RUS,11,Russia,Europe,Europe & Central Asia,non-Schengen,m,18_59
2017,2017_I,Ukraine,FALSE,TUR,12,Turkey,Asia,Europe & Central Asia,non-Schengen,m,18_59
2017,2017_I,Ukraine,FALSE,UKR,36,Ukraine,Europe,Europe & Central Asia,non-Schengen,f,17
2017,2017_I,Ukraine,FALSE,UKR,1586,Ukraine,Europe,Europe & Central Asia,non-Schengen,f,18_59
2017,2017_I,Ukraine,FALSE,UKR,184,Ukraine,Europe,Europe & Central Asia,non-Schengen,f,60
2017,2017_I,Ukraine,FALSE,UKR,33,Ukraine,Europe,Europe & Central Asia,non-Schengen,m,17
2017,2017_I,Ukraine,FALSE,UKR,3089,Ukraine,Europe,Europe & Central Asia,non-Schengen,m,18_59
2017,2017_I,Ukraine,FALSE,UKR,38,Ukraine,Europe,Europe & Central Asia,non-Schengen,m,60
2017,2017_I,country,FALSE,AFG,2,Afghanistan,Asia,"Middle East, North Africa, Afghanistan & Pakistan",non-Schengen,m,18_59
2017,2017_I,country,FALSE,AGO,3,Angola,Africa,Sub-Saharan Africa,non-Schengen,f,18_59
2017,2017_I,country,FALSE,AGO,1,Angola,Africa,Sub-Saharan Africa,non-Schengen,m,18_59
2017,2017_I,country,FALSE,ALB,2,Albania,Europe,Europe & Central Asia,non-Schengen,m,18_59
2017,2017_I,country,FALSE,ARG,1,Argentina,Americas,Latin America & Caribbean,non-Schengen,m,18_59
2017,2017_I,country,FALSE,ARM,6,Armenia,Asia,Europe & Central Asia,non-Schengen,f,18_59
2017,2017_I,country,FALSE,ARM,3,Armenia,Asia,Europe & Central Asia,non-Schengen,f,60
2017,2017_I,country,FALSE,ARM,1,Armenia,Asia,Europe & Central Asia,non-Schengen,m,17
2017,2017_I,country,FALSE,ARM,18,Armenia,Asia,Europe & Central Asia,non-Schengen,m,18_59
2017,2017_I,country,FALSE,ARM,1,Armenia,Asia,Europe & Central Asia,non-Schengen,m,60
2017,2017_I,country,FALSE,AZE,1,Azerbaijan,Asia,Europe & Central Asia,non-Schengen,f,17
2017,2017_I,country,FALSE,AZE,2,Azerbaijan,Asia,Europe & Central Asia,non-Schengen,f,18_59
2017,2017_I,country,FALSE,AZE,3,Azerbaijan,Asia,Europe & Central Asia,non-Schengen,m,18_59
2017,2017_I,country,FALSE,BGD,10,Bangladesh,Asia,South Asia,non-Schengen,m,18_59
2017,2017_I,country,FALSE,BLR,1,Belarus,Europe,Europe & Central Asia,non-Schengen,f,17
2017,2017_I,country,FALSE,BLR,18,Belarus,Europe,Europe & Central Asia,non-Schengen,f,18_59
2017,2017_I,country,FALSE,BLR,3,Belarus,Europe,Europe & Central Asia,non-Schengen,m,17
2017,2017_I,country,FALSE,BLR,58,Belarus,Europe,Europe & Central Asia,non-Schengen,m,18_59
2017,2017_I,country,FALSE,BLR,2,Belarus,Europe,Europe & Central Asia,non-Schengen,m,60
2017,2017_I,country,FALSE,BRA,1,Brazil,Americas,Latin America & Caribbean,non-Schengen,f,18_59
2017,2017_I,country,FALSE,BRA,1,Brazil,Americas,Latin America & Caribbean,non-Schengen,m,18_59
2017,2017_I,country,FALSE,CAN,2,Canada,Americas,North America,non-Schengen,f,18_59
2017,2017_I,country,FALSE,CAN,2,Canada,Americas,North America,non-Schengen,m,18_59
2017,2017_I,country,FALSE,CHN,7,China,Asia,East Asia & Pacific,non-Schengen,f,18_59
2017,2017_I,country,FALSE,CHN,9,China,Asia,East Asia & Pacific,non-Schengen,m,18_59
2017,2017_I,country,FALSE,CIV,1,Côte d’Ivoire,Africa,Sub-Saharan Africa,non-Schengen,m,18_59
2017,2017_I,country,FALSE,CMR,2,Cameroon,Africa,Sub-Saharan Africa,non-Schengen,m,18_59
2017,2017_I,country,FALSE,COL,1,Colombia,Americas,Latin America & Caribbean,non-Schengen,f,18_59
2017,2017_I,country,FALSE,COL,6,Colombia,Americas,Latin America & Caribbean,non-Schengen,m,18_59
2017,2017_I,country,FALSE,CUB,1,Cuba,Americas,Latin America & Caribbean,non-Schengen,m,18_59
2017,2017_I,country,FALSE,DZA,10,Algeria,Africa,"Middle East, North Africa, Afghanistan & Pakistan",non-Schengen,m,18_59
2017,2017_I,country,FALSE,EGY,3,Egypt,Africa,"Middle East, North Africa, Afghanistan & Pakistan",non-Schengen,f,17
2017,2017_I,country,FALSE,EGY,1,Egypt,Africa,"Middle East, North Africa, Afghanistan & Pakistan",non-Schengen,f,18_59
2017,2017_I,country,FALSE,EGY,1,Egypt,Africa,"Middle East, North Africa, Afghanistan & Pakistan",non-Schengen,m,17
2017,2017_I,country,FALSE,EGY,7,Egypt,Africa,"Middle East, North Africa, Afghanistan & Pakistan",non-Schengen,m,18_59
2017,2017_I,country,FALSE,GEO,6,Georgia,Asia,Europe & Central Asia,non-Schengen,f,18_59
2017,2017_I,country,FALSE,GEO,4,Georgia,Asia,Europe & Central Asia,non-Schengen,m,17
2017,2017_I,country,FALSE,GEO,23,Georgia,Asia,Europe & Central Asia,non-Schengen,m,18_59
2017,2017_I,country,FALSE,GHA,1,Ghana,Africa,Sub-Saharan Africa,non-Schengen,m,18_59
2017,2017_I,country,FALSE,GMB,1,Gambia,Africa,Sub-Saharan Africa,non-Schengen,m,18_59
2017,2017_I,country,FALSE,IND,3,India,Asia,South Asia,non-Schengen,f,18_59
2017,2017_I,country,FALSE,IND,1,India,Asia,South Asia,non-Schengen,m,17
2017,2017_I,country,FALSE,IND,16,India,Asia,South Asia,non-Schengen,m,18_59
2017,2017_I,country,FALSE,IRN,3,Iran,Asia,"Middle East, North Africa, Afghanistan & Pakistan",non-Schengen,f,18_59
2017,2017_I,country,FALSE,IRN,7,Iran,Asia,"Middle East, North Africa, Afghanistan & Pakistan",non-Schengen,m,18_59
2017,2017_I,country,FALSE,IRQ,1,Iraq,Asia,"Middle East, North Africa, Afghanistan & Pakistan",non-Schengen,f,18_59
2017,2017_I,country,FALSE,IRQ,4,Iraq,Asia,"Middle East, North Africa, Afghanistan & Pakistan",non-Schengen,m,18_59
2017,2017_I,country,FALSE,JOR,1,Jordan,Asia,"Middle East, North Africa, Afghanistan & Pakistan",non-Schengen,f,18_59
2017,2017_I,country,FALSE,KAZ,2,Kazakhstan,Asia,Europe & Central Asia,non-Schengen,f,17
2017,2017_I,country,FALSE,KAZ,3,Kazakhstan,Asia,Europe & Central Asia,non-Schengen,f,18_59
2017,2017_I,country,FALSE,KAZ,8,Kazakhstan,Asia,Europe & Central Asia,non-Schengen,m,18_59
2017,2017_I,country,FALSE,KEN,1,Kenya,Africa,Sub-Saharan Africa,non-Schengen,f,18_59
2017,2017_I,country,FALSE,KEN,2,Kenya,Africa,Sub-Saharan Africa,non-Schengen,m,18_59
2017,2017_I,country,FALSE,KGZ,2,Kyrgyzstan,Asia,Europe & Central Asia,non-Schengen,f,17
2017,2017_I,country,FALSE,KGZ,6,Kyrgyzstan,Asia,Europe & Central Asia,non-Schengen,f,18_59
2017,2017_I,country,FALSE,KGZ,2,Kyrgyzstan,Asia,Europe & Central Asia,non-Schengen,m,17
2017,2017_I,country,FALSE,KGZ,7,Kyrgyzstan,Asia,Europe & Central Asia,non-Schengen,m,18_59
2017,2017_I,country,FALSE,KOSOVO,2,KOSOVO,Europe,Europe & Central Asia,non-Schengen,m,18_59
2017,2017_I,country,FALSE,LBN,1,Lebanon,Asia,"Middle East, North Africa, Afghanistan & Pakistan",non-Schengen,f,18_59
2017,2017_I,country,FALSE,LBN,1,Lebanon,Asia,"Middle East, North Africa, Afghanistan & Pakistan",non-Schengen,m,18_59
2017,2017_I,country,FALSE,LBY,1,Libya,Africa,"Middle East, North Africa, Afghanistan & Pakistan",non-Schengen,m,18_59
2017,2017_I,country,FALSE,MAR,1,Morocco,Africa,"Middle East, North Africa, Afghanistan & Pakistan",non-Schengen,f,18_59
2017,2017_I,country,FALSE,MAR,2,Morocco,Africa,"Middle East, North Africa, Afghanistan & Pakistan",non-Schengen,m,18_59
2017,2017_I,country,FALSE,MDA,7,Moldova,Europe,Europe & Central Asia,non-Schengen,f,18_59
2017,2017_I,country,FALSE,MDA,19,Moldova,Europe,Europe & Central Asia,non-Schengen,m,18_59
2017,2017_I,country,FALSE,MEX,1,Mexico,Americas,Latin America & Caribbean,non-Schengen,f,18_59
2017,2017_I,country,FALSE,MLI,2,Mali,Africa,Sub-Saharan Africa,non-Schengen,m,18_59
2017,2017_I,country,FALSE,MNG,2,Mongolia,Asia,East Asia & Pacific,non-Schengen,m,18_59
2017,2017_I,country,FALSE,MYS,2,Malaysia,Asia,East Asia & Pacific,non-Schengen,m,18_59
2017,2017_I,country,FALSE,NGA,1,Nigeria,Africa,Sub-Saharan Africa,non-Schengen,f,17
2017,2017_I,country,FALSE,NGA,8,Nigeria,Africa,Sub-Saharan Africa,non-Schengen,f,18_59
2017,2017_I,country,FALSE,NGA,15,Nigeria,Africa,Sub-Saharan Africa,non-Schengen,m,18_59
2017,2017_I,country,FALSE,NPL,1,Nepal,Asia,South Asia,non-Schengen,m,18_59
2017,2017_I,country,FALSE,NZL,1,New Zealand,Oceania,East Asia & Pacific,non-Schengen,m,18_59
2017,2017_I,country,FALSE,PAK,1,Pakistan,Asia,"Middle East, North Africa, Afghanistan & Pakistan",non-Schengen,f,18_59
2017,2017_I,country,FALSE,PAK,13,Pakistan,Asia,"Middle East, North Africa, Afghanistan & Pakistan",non-Schengen,m,18_59
2017,2017_I,country,FALSE,PER,1,Peru,Americas,Latin America & Caribbean,non-Schengen,m,18_59
2017,2017_I,country,FALSE,PHL,3,Philippines,Asia,East Asia & Pacific,non-Schengen,f,18_59
2017,2017_I,country,FALSE,PHL,1,Philippines,Asia,East Asia & Pacific,non-Schengen,m,18_59
2017,2017_I,country,FALSE,PSE,2,Palestinian Territories,Asia,"Middle East, North Africa, Afghanistan & Pakistan",non-Schengen,m,18_59
2017,2017_I,country,FALSE,RUS,131,Russia,Europe,Europe & Central Asia,non-Schengen,f,17
2017,2017_I,country,FALSE,RUS,108,Russia,Europe,Europe & Central Asia,non-Schengen,f,18_59
2017,2017_I,country,FALSE,RUS,5,Russia,Europe,Europe & Central Asia,non-Schengen,f,60
2017,2017_I,country,FALSE,RUS,121,Russia,Europe,Europe & Central Asia,non-Schengen,m,17
2017,2017_I,country,FALSE,RUS,137,Russia,Europe,Europe & Central Asia,non-Schengen,m,18_59
2017,2017_I,country,FALSE,RUS,1,Russia,Europe,Europe & Central Asia,non-Schengen,m,60
2017,2017_I,country,FALSE,SAU,2,Saudi Arabia,Asia,"Middle East, North Africa, Afghanistan & Pakistan",non-Schengen,f,18_59
2017,2017_I,country,FALSE,SAU,5,Saudi Arabia,Asia,"Middle East, North Africa, Afghanistan & Pakistan",non-Schengen,m,18_59
2017,2017_I,country,FALSE,SDN,1,Sudan,Africa,Sub-Saharan Africa,non-Schengen,m,18_59
2017,2017_I,country,FALSE,SEN,1,Senegal,Africa,Sub-Saharan Africa,non-Schengen,m,18_59
2017,2017_I,country,FALSE,SOM,1,Somalia,Africa,Sub-Saharan Africa,non-Schengen,m,18_59
2017,2017_I,country,FALSE,SRB,5,Serbia,Europe,Europe & Central Asia,non-Schengen,m,18_59
2017,2017_I,country,FALSE,SYR,3,Syria,Asia,"Middle East, North Africa, Afghanistan & Pakistan",non-Schengen,m,18_59
2017,2017_I,country,FALSE,THA,1,Thailand,Asia,East Asia & Pacific,non-Schengen,f,18_59
2017,2017_I,country,FALSE,TJK,1,Tajikistan,Asia,Europe & Central Asia,non-Schengen,f,17
2017,2017_I,country,FALSE,TJK,5,Tajikistan,Asia,Europe & Central Asia,non-Schengen,f,18_59
2017,2017_I,country,FALSE,TJK,5,Tajikistan,Asia,Europe & Central Asia,non-Schengen,m,17
2017,2017_I,country,FALSE,TJK,5,Tajikistan,Asia,Europe & Central Asia,non-Schengen,m,18_59
2017,2017_I,country,FALSE,TUN,5,Tunisia,Africa,"Middle East, North Africa, Afghanistan & Pakistan",non-Schengen,m,18_59
2017,2017_I,country,FALSE,TUR,7,Turkey,Asia,Europe & Central Asia,non-Schengen,f,18_59
2017,2017_I,country,FALSE,TUR,1,Turkey,Asia,Europe & Central Asia,non-Schengen,f,60
2017,2017_I,country,FALSE,TUR,2,Turkey,Asia,Europe & Central Asia,non-Schengen,m,17
2017,2017_I,country,FALSE,TUR,20,Turkey,Asia,Europe & Central Asia,non-Schengen,m,18_59
2017,2017_I,country,FALSE,TWN,1,Taiwan,Asia,East Asia & Pacific,non-Schengen,m,18_59
2017,2017_I,country,FALSE,TZA,1,Tanzania,Africa,Sub-Saharan Africa,non-Schengen,f,18_59
2017,2017_I,country,FALSE,TZA,2,Tanzania,Africa,Sub-Saharan Africa,non-Schengen,m,18_59
2017,2017_I,country,FALSE,UKR,50,Ukraine,Europe,Europe & Central Asia,non-Schengen,f,17
2017,2017_I,country,FALSE,UKR,599,Ukraine,Europe,Europe & Central Asia,non-Schengen,f,18_59
2017,2017_I,country,FALSE,UKR,36,Ukraine,Europe,Europe & Central Asia,non-Schengen,f,60
2017,2017_I,country,FALSE,UKR,45,Ukraine,Europe,Europe & Central Asia,non-Schengen,m,17
2017,2017_I,country,FALSE,UKR,1238,Ukraine,Europe,Europe & Central Asia,non-Schengen,m,18_59
2017,2017_I,country,FALSE,UKR,8,Ukraine,Europe,Europe & Central Asia,non-Schengen,m,60
2017,2017_I,country,FALSE,UNK,2,unknown,other/unknown,other/unknown,non-Schengen,m,18_59
2017,2017_I,country,FALSE,USA,4,United States,Americas,North America,non-Schengen,m,18_59
2017,2017_I,country,FALSE,UZB,13,Uzbekistan,Asia,Europe & Central Asia,non-Schengen,m,18_59
2017,2017_I,country,FALSE,VEN,1,Venezuela,Americas,Latin America & Caribbean,non-Schengen,m,18_59
2017,2017_I,country,FALSE,VNM,11,Vietnam,Asia,East Asia & Pacific,non-Schengen,f,18_59
2017,2017_I,country,FALSE,VNM,1,Vietnam,Asia,East Asia & Pacific,non-Schengen,m,17
2017,2017_I,country,FALSE,VNM,45,Vietnam,Asia,East Asia & Pacific,non-Schengen,m,18_59
2017,2017_I,country,FALSE,XXX,1,Stateless,other/unknown,other/unknown,non-Schengen,f,17
2017,2017_I,country,FALSE,XXX,1,Stateless,other/unknown,other/unknown,non-Schengen,f,18_59
2017,2017_I,country,FALSE,XXX,1,Stateless,other/unknown,other/unknown,non-Schengen,f,60
2017,2017_I,country,FALSE,XXX,11,Stateless,other/unknown,other/unknown,non-Schengen,m,18_59
2017,2017_I,country,FALSE,ZWE,1,Zimbabwe,Africa,Sub-Saharan Africa,non-Schengen,m,18_59
2017,2017_I,country,TRUE,BGD,1,Bangladesh,Asia,South Asia,non-Schengen,m,18_59
2017,2017_I,country,TRUE,MAR,1,Morocco,Africa,"Middle East, North Africa, Afghanistan & Pakistan",non-Schengen,m,18_59
2017,2017_I,country,TRUE,PAK,2,Pakistan,Asia,"Middle East, North Africa, Afghanistan & Pakistan",non-Schengen,m,18_59
2017,2017_I,country,TRUE,RUS,2,Russia,Europe,Europe & Central Asia,non-Schengen,f,18_59
2017,2017_I,country,TRUE,RUS,1,Russia,Europe,Europe & Central Asia,non-Schengen,m,18_59
2017,2017_I,country,TRUE,UKR,1,Ukraine,Europe,Europe & Central Asia,non-Schengen,f,17
2017,2017_I,country,TRUE,UKR,2,Ukraine,Europe,Europe & Central Asia,non-Schengen,f,18_59
2017,2017_I,country,TRUE,UKR,1,Ukraine,Europe,Europe & Central Asia,non-Schengen,m,17
2017,2017_I,country,TRUE,UKR,8,Ukraine,Europe,Europe & Central Asia,non-Schengen,m,18_59
2017,2017_I,external air,FALSE,AFG,2,Afghanistan,Asia,"Middle East, North Africa, Afghanistan & Pakistan",non-Schengen,m,18_59
2017,2017_I,external air,FALSE,ARE,1,United Arab Emirates,Asia,"Middle East, North Africa, Afghanistan & Pakistan",non-Schengen,m,18_59
2017,2017_I,external air,FALSE,ARM,1,Armenia,Asia,Europe & Central Asia,non-Schengen,f,17
2017,2017_I,external air,FALSE,ARM,11,Armenia,Asia,Europe & Central Asia,non-Schengen,f,18_59
2017,2017_I,external air,FALSE,ARM,3,Armenia,Asia,Europe & Central Asia,non-Schengen,f,60
2017,2017_I,external air,FALSE,ARM,2,Armenia,Asia,Europe & Central Asia,non-Schengen,m,17
2017,2017_I,external air,FALSE,ARM,9,Armenia,Asia,Europe & Central Asia,non-Schengen,m,18_59
2017,2017_I,external air,FALSE,ARM,2,Armenia,Asia,Europe & Central Asia,non-Schengen,m,60
2017,2017_I,external air,FALSE,AUS,1,Australia,Oceania,East Asia & Pacific,non-Schengen,m,17
2017,2017_I,external air,FALSE,AUS,1,Australia,Oceania,East Asia & Pacific,non-Schengen,m,18_59
2017,2017_I,external air,FALSE,AZE,4,Azerbaijan,Asia,Europe & Central Asia,non-Schengen,f,18_59
2017,2017_I,external air,FALSE,AZE,1,Azerbaijan,Asia,Europe & Central Asia,non-Schengen,f,60
2017,2017_I,external air,FALSE,AZE,8,Azerbaijan,Asia,Europe & Central Asia,non-Schengen,m,18_59
2017,2017_I,external air,FALSE,BIH,1,Bosnia & Herzegovina,Europe,Europe & Central Asia,non-Schengen,m,18_59
2017,2017_I,external air,FALSE,BLR,4,Belarus,Europe,Europe & Central Asia,non-Schengen,f,18_59
2017,2017_I,external air,FALSE,BLR,3,Belarus,Europe,Europe & Central Asia,non-Schengen,f,60
2017,2017_I,external air,FALSE,BLR,3,Belarus,Europe,Europe & Central Asia,non-Schengen,m,18_59
2017,2017_I,external air,FALSE,BLR,2,Belarus,Europe,Europe & Central Asia,non-Schengen,m,60
2017,2017_I,external air,FALSE,BOL,1,Bolivia,Americas,Latin America & Caribbean,non-Schengen,m,18_59
2017,2017_I,external air,FALSE,BRA,1,Brazil,Americas,Latin America & Caribbean,non-Schengen,m,18_59
2017,2017_I,external air,FALSE,CAN,1,Canada,Americas,North America,non-Schengen,f,18_59
2017,2017_I,external air,FALSE,CAN,1,Canada,Americas,North America,non-Schengen,f,60
2017,2017_I,external air,FALSE,CAN,8,Canada,Americas,North America,non-Schengen,m,18_59
2017,2017_I,external air,FALSE,CHN,1,China,Asia,East Asia & Pacific,non-Schengen,f,17
2017,2017_I,external air,FALSE,CHN,34,China,Asia,East Asia & Pacific,non-Schengen,f,18_59
2017,2017_I,external air,FALSE,CHN,4,China,Asia,East Asia & Pacific,non-Schengen,f,60
2017,2017_I,external air,FALSE,CHN,5,China,Asia,East Asia & Pacific,non-Schengen,m,17
2017,2017_I,external air,FALSE,CHN,47,China,Asia,East Asia & Pacific,non-Schengen,m,18_59
2017,2017_I,external air,FALSE,CHN,3,China,Asia,East Asia & Pacific,non-Schengen,m,60
2017,2017_I,external air,FALSE,COL,2,Colombia,Americas,Latin America & Caribbean,non-Schengen,f,18_59
2017,2017_I,external air,FALSE,DZA,1,Algeria,Africa,"Middle East, North Africa, Afghanistan & Pakistan",non-Schengen,m,18_59
2017,2017_I,external air,FALSE,EGY,4,Egypt,Africa,"Middle East, North Africa, Afghanistan & Pakistan",non-Schengen,m,18_59
2017,2017_I,external air,FALSE,ETH,1,Ethiopia,Africa,Sub-Saharan Africa,non-Schengen,m,18_59
2017,2017_I,external air,FALSE,GEO,1,Georgia,Asia,Europe & Central Asia,non-Schengen,f,17
2017,2017_I,external air,FALSE,GEO,6,Georgia,Asia,Europe & Central Asia,non-Schengen,f,18_59
2017,2017_I,external air,FALSE,GEO,2,Georgia,Asia,Europe & Central Asia,non-Schengen,f,60
2017,2017_I,external air,FALSE,GEO,1,Georgia,Asia,Europe & Central Asia,non-Schengen,m,17
2017,2017_I,external air,FALSE,GEO,11,Georgia,Asia,Europe & Central Asia,non-Schengen,m,18_59
2017,2017_I,external air,FALSE,GEO,1,Georgia,Asia,Europe & Central Asia,non-Schengen,m,60
2017,2017_I,external air,FALSE,IDN,1,Indonesia,Asia,East Asia & Pacific,non-Schengen,f,18_59
2017,2017_I,external air,FALSE,IDN,3,Indonesia,Asia,East Asia & Pacific,non-Schengen,m,18_59
2017,2017_I,external air,FALSE,IND,7,India,Asia,South Asia,non-Schengen,f,18_59
2017,2017_I,external air,FALSE,IND,1,India,Asia,South Asia,non-Schengen,m,17
2017,2017_I,external air,FALSE,IND,26,India,Asia,South Asia,non-Schengen,m,18_59
2017,2017_I,external air,FALSE,IRN,3,Iran,Asia,"Middle East, North Africa, Afghanistan & Pakistan",non-Schengen,f,18_59
2017,2017_I,external air,FALSE,IRN,1,Iran,Asia,"Middle East, North Africa, Afghanistan & Pakistan",non-Schengen,m,18_59
2017,2017_I,external air,FALSE,IRQ,1,Iraq,Asia,"Middle East, North Africa, Afghanistan & Pakistan",non-Schengen,f,18_59
2017,2017_I,external air,FALSE,IRQ,1,Iraq,Asia,"Middle East, North Africa, Afghanistan & Pakistan",non-Schengen,m,18_59
2017,2017_I,external air,FALSE,JAM,1,Jamaica,Americas,Latin America & Caribbean,non-Schengen,m,18_59
2017,2017_I,external air,FALSE,JOR,1,Jordan,Asia,"Middle East, North Africa, Afghanistan & Pakistan",non-Schengen,f,18_59
2017,2017_I,external air,FALSE,JOR,1,Jordan,Asia,"Middle East, North Africa, Afghanistan & Pakistan",non-Schengen,m,18_59
2017,2017_I,external air,FALSE,KAZ,1,Kazakhstan,Asia,Europe & Central Asia,non-Schengen,f,18_59
2017,2017_I,external air,FALSE,KAZ,3,Kazakhstan,Asia,Europe & Central Asia,non-Schengen,m,18_59
2017,2017_I,external air,FALSE,KGZ,1,Kyrgyzstan,Asia,Europe & Central Asia,non-Schengen,f,18_59
2017,2017_I,external air,FALSE,KGZ,1,Kyrgyzstan,Asia,Europe & Central Asia,non-Schengen,m,18_59
2017,2017_I,external air,FALSE,KWT,1,Kuwait,Asia,"Middle East, North Africa, Afghanistan & Pakistan",non-Schengen,m,18_59
2017,2017_I,external air,FALSE,LBN,1,Lebanon,Asia,"Middle East, North Africa, Afghanistan & Pakistan",non-Schengen,f,18_59
2017,2017_I,external air,FALSE,LBN,1,Lebanon,Asia,"Middle East, North Africa, Afghanistan & Pakistan",non-Schengen,m,17
2017,2017_I,external air,FALSE,LBY,5,Libya,Africa,"Middle East, North Africa, Afghanistan & Pakistan",non-Schengen,m,18_59
2017,2017_I,external air,FALSE,MDA,5,Moldova,Europe,Europe & Central Asia,non-Schengen,f,18_59
2017,2017_I,external air,FALSE,MDA,9,Moldova,Europe,Europe & Central Asia,non-Schengen,m,18_59
2017,2017_I,external air,FALSE,MLI,1,Mali,Africa,Sub-Saharan Africa,non-Schengen,m,18_59
2017,2017_I,external air,FALSE,MNG,1,Mongolia,Asia,East Asia & Pacific,non-Schengen,f,18_59
2017,2017_I,external air,FALSE,MNG,1,Mongolia,Asia,East Asia & Pacific,non-Schengen,m,18_59
2017,2017_I,external air,FALSE,MYS,1,Malaysia,Asia,East Asia & Pacific,non-Schengen,m,18_59
2017,2017_I,external air,FALSE,NGA,2,Nigeria,Africa,Sub-Saharan Africa,non-Schengen,m,18_59
2017,2017_I,external air,FALSE,NPL,1,Nepal,Asia,South Asia,non-Schengen,m,18_59
2017,2017_I,external air,FALSE,NZL,2,New Zealand,Oceania,East Asia & Pacific,non-Schengen,m,18_59
2017,2017_I,external air,FALSE,PAK,3,Pakistan,Asia,"Middle East, North Africa, Afghanistan & Pakistan",non-Schengen,m,18_59
2017,2017_I,external air,FALSE,PHL,1,Philippines,Asia,East Asia & Pacific,non-Schengen,f,18_59
2017,2017_I,external air,FALSE,PHL,1,Philippines,Asia,East Asia & Pacific,non-Schengen,m,18_59
2017,2017_I,external air,FALSE,RUS,19,Russia,Europe,Europe & Central Asia,non-Schengen,f,18_59
2017,2017_I,external air,FALSE,RUS,1,Russia,Europe,Europe & Central Asia,non-Schengen,f,60
2017,2017_I,external air,FALSE,RUS,13,Russia,Europe,Europe & Central Asia,non-Schengen,m,18_59
2017,2017_I,external air,FALSE,SAU,1,Saudi Arabia,Asia,"Middle East, North Africa, Afghanistan & Pakistan",non-Schengen,f,17
2017,2017_I,external air,FALSE,SAU,2,Saudi Arabia,Asia,"Middle East, North Africa, Afghanistan & Pakistan",non-Schengen,f,18_59
2017,2017_I,external air,FALSE,SAU,1,Saudi Arabia,Asia,"Middle East, North Africa, Afghanistan & Pakistan",non-Schengen,m,17
2017,2017_I,external air,FALSE,SEN,1,Senegal,Africa,Sub-Saharan Africa,non-Schengen,m,18_59
2017,2017_I,external air,FALSE,SOM,1,Somalia,Africa,Sub-Saharan Africa,non-Schengen,m,18_59
2017,2017_I,external air,FALSE,SRB,5,Serbia,Europe,Europe & Central Asia,non-Schengen,m,18_59
2017,2017_I,external air,FALSE,STP,1,São Tomé & Príncipe,Africa,Sub-Saharan Africa,non-Schengen,f,18_59
2017,2017_I,external air,FALSE,SYR,1,Syria,Asia,"Middle East, North Africa, Afghanistan & Pakistan",non-Schengen,f,18_59
2017,2017_I,external air,FALSE,TJK,2,Tajikistan,Asia,Europe & Central Asia,non-Schengen,m,18_59
2017,2017_I,external air,FALSE,TKM,1,Turkmenistan,Asia,Europe & Central Asia,non-Schengen,m,18_59
2017,2017_I,external air,FALSE,TUR,1,Turkey,Asia,Europe & Central Asia,non-Schengen,f,17
2017,2017_I,external air,FALSE,TUR,5,Turkey,Asia,Europe & Central Asia,non-Schengen,f,18_59
2017,2017_I,external air,FALSE,TUR,1,Turkey,Asia,Europe & Central Asia,non-Schengen,f,60
2017,2017_I,external air,FALSE,TUR,2,Turkey,Asia,Europe & Central Asia,non-Schengen,m,17
2017,2017_I,external air,FALSE,TUR,14,Turkey,Asia,Europe & Central Asia,non-Schengen,m,18_59
2017,2017_I,external air,FALSE,TUR,1,Turkey,Asia,Europe & Central Asia,non-Schengen,m,60
2017,2017_I,external air,FALSE,TWN,1,Taiwan,Asia,East Asia & Pacific,non-Schengen,f,18_59
2017,2017_I,external air,FALSE,TWN,8,Taiwan,Asia,East Asia & Pacific,non-Schengen,m,18_59
2017,2017_I,external air,FALSE,TZA,1,Tanzania,Africa,Sub-Saharan Africa,non-Schengen,f,18_59
2017,2017_I,external air,FALSE,UGA,1,Uganda,Africa,Sub-Saharan Africa,non-Schengen,f,18_59
2017,2017_I,external air,FALSE,UGA,5,Uganda,Africa,Sub-Saharan Africa,non-Schengen,m,18_59
2017,2017_I,external air,FALSE,UKR,5,Ukraine,Europe,Europe & Central Asia,non-Schengen,f,17
2017,2017_I,external air,FALSE,UKR,68,Ukraine,Europe,Europe & Central Asia,non-Schengen,f,18_59
2017,2017_I,external air,FALSE,UKR,3,Ukraine,Europe,Europe & Central Asia,non-Schengen,f,60
2017,2017_I,external air,FALSE,UKR,6,Ukraine,Europe,Europe & Central Asia,non-Schengen,m,17
2017,2017_I,external air,FALSE,UKR,52,Ukraine,Europe,Europe & Central Asia,non-Schengen,m,18_59
2017,2017_I,external air,FALSE,UKR,2,Ukraine,Europe,Europe & Central Asia,non-Schengen,m,60
2017,2017_I,external air,FALSE,USA,1,United States,Americas,North America,non-Schengen,f,17
2017,2017_I,external air,FALSE,UZB,6,Uzbekistan,Asia,Europe & Central Asia,non-Schengen,m,18_59
2017,2017_I,external air,FALSE,UZB,1,Uzbekistan,Asia,Europe & Central Asia,non-Schengen,m,60
2017,2017_I,external air,FALSE,VNM,4,Vietnam,Asia,East Asia & Pacific,non-Schengen,f,18_59
2017,2017_I,external air,FALSE,VNM,3,Vietnam,Asia,East Asia & Pacific,non-Schengen,f,60
2017,2017_I,external air,FALSE,VNM,8,Vietnam,Asia,East Asia & Pacific,non-Schengen,m,18_59
2017,2017_I,external air,FALSE,XXX,1,Stateless,other/unknown,other/unknown,non-Schengen,m,18_59
2017,2017_I,external air,FALSE,ZAF,1,South Africa,Africa,Sub-Saharan Africa,non-Schengen,m,18_59
2017,2017_I,external sea,FALSE,RUS,1,Russia,Europe,Europe & Central Asia,non-Schengen,m,18_59
2017,2017_II,Belarus,FALSE,ARM,1,Armenia,Asia,Europe & Central Asia,non-Schengen,f,18_59
2017,2017_II,Belarus,FALSE,AZE,2,Azerbaijan,Asia,Europe & Central Asia,non-Schengen,m,18_59
2017,2017_II,Belarus,FALSE,BEL,1,Belgium,Europe,Europe & Central Asia,Schengen,f,17
2017,2017_II,Belarus,FALSE,BLR,36,Belarus,Europe,Europe & Central Asia,non-Schengen,f,17
2017,2017_II,Belarus,FALSE,BLR,228,Belarus,Europe,Europe & Central Asia,non-Schengen,f,18_59
2017,2017_II,Belarus,FALSE,BLR,54,Belarus,Europe,Europe & Central Asia,non-Schengen,f,60
2017,2017_II,Belarus,FALSE,BLR,24,Belarus,Europe,Europe & Central Asia,non-Schengen,m,17
2017,2017_II,Belarus,FALSE,BLR,428,Belarus,Europe,Europe & Central Asia,non-Schengen,m,18_59
2017,2017_II,Belarus,FALSE,BLR,7,Belarus,Europe,Europe & Central Asia,non-Schengen,m,60
2017,2017_II,Belarus,FALSE,CAN,1,Canada,Americas,North America,non-Schengen,m,18_59
2017,2017_II,Belarus,FALSE,GEO,1,Georgia,Asia,Europe & Central Asia,non-Schengen,f,18_59
2017,2017_II,Belarus,FALSE,GEO,1,Georgia,Asia,Europe & Central Asia,non-Schengen,m,18_59
2017,2017_II,Belarus,FALSE,IRN,1,Iran,Asia,"Middle East, North Africa, Afghanistan & Pakistan",non-Schengen,m,18_59
2017,2017_II,Belarus,FALSE,KAZ,6,Kazakhstan,Asia,Europe & Central Asia,non-Schengen,f,18_59
2017,2017_II,Belarus,FALSE,KAZ,8,Kazakhstan,Asia,Europe & Central Asia,non-Schengen,m,18_59
2017,2017_II,Belarus,FALSE,KGZ,1,Kyrgyzstan,Asia,Europe & Central Asia,non-Schengen,f,18_59
2017,2017_II,Belarus,FALSE,KGZ,5,Kyrgyzstan,Asia,Europe & Central Asia,non-Schengen,m,18_59
2017,2017_II,Belarus,FALSE,LBY,1,Libya,Africa,"Middle East, North Africa, Afghanistan & Pakistan",non-Schengen,m,18_59
2017,2017_II,Belarus,FALSE,MDA,4,Moldova,Europe,Europe & Central Asia,non-Schengen,m,18_59
2017,2017_II,Belarus,FALSE,MNG,1,Mongolia,Asia,East Asia & Pacific,non-Schengen,f,18_59
2017,2017_II,Belarus,FALSE,MNG,2,Mongolia,Asia,East Asia & Pacific,non-Schengen,m,18_59
2017,2017_II,Belarus,FALSE,NGA,1,Nigeria,Africa,Sub-Saharan Africa,non-Schengen,m,18_59
2017,2017_II,Belarus,FALSE,RUS,50,Russia,Europe,Europe & Central Asia,non-Schengen,f,17
2017,2017_II,Belarus,FALSE,RUS,138,Russia,Europe,Europe & Central Asia,non-Schengen,f,18_59
2017,2017_II,Belarus,FALSE,RUS,26,Russia,Europe,Europe & Central Asia,non-Schengen,f,60
2017,2017_II,Belarus,FALSE,RUS,63,Russia,Europe,Europe & Central Asia,non-Schengen,m,17
2017,2017_II,Belarus,FALSE,RUS,134,Russia,Europe,Europe & Central Asia,non-Schengen,m,18_59
2017,2017_II,Belarus,FALSE,RUS,8,Russia,Europe,Europe & Central Asia,non-Schengen,m,60
2017,2017_II,Belarus,FALSE,TJK,1,Tajikistan,Asia,Europe & Central Asia,non-Schengen,f,18_59
2017,2017_II,Belarus,FALSE,TJK,4,Tajikistan,Asia,Europe & Central Asia,non-Schengen,m,18_59
2017,2017_II,Belarus,FALSE,TUR,2,Turkey,Asia,Europe & Central Asia,non-Schengen,m,18_59
2017,2017_II,Belarus,FALSE,UKR,1,Ukraine,Europe,Europe & Central Asia,non-Schengen,f,17
2017,2017_II,Belarus,FALSE,UKR,2,Ukraine,Europe,Europe & Central Asia,non-Schengen,f,18_59
2017,2017_II,Belarus,FALSE,UKR,2,Ukraine,Europe,Europe & Central Asia,non-Schengen,m,17
2017,2017_II,Belarus,FALSE,UKR,20,Ukraine,Europe,Europe & Central Asia,non-Schengen,m,18_59
2017,2017_II,Belarus,FALSE,UZB,2,Uzbekistan,Asia,Europe & Central Asia,non-Schengen,f,18_59
2017,2017_II,Belarus,FALSE,UZB,2,Uzbekistan,Asia,Europe & Central Asia,non-Schengen,m,18_59
2017,2017_II,Belarus,FALSE,XXX,1,Stateless,other/unknown,other/unknown,non-Schengen,m,18_59
2017,2017_II,Russia,FALSE,BLR,3,Belarus,Europe,Europe & Central Asia,non-Schengen,m,18_59
2017,2017_II,Russia,FALSE,KAZ,1,Kazakhstan,Asia,Europe & Central Asia,non-Schengen,m,18_59
2017,2017_II,Russia,FALSE,KGZ,1,Kyrgyzstan,Asia,Europe & Central Asia,non-Schengen,f,18_59
2017,2017_II,Russia,FALSE,MDA,1,Moldova,Europe,Europe & Central Asia,non-Schengen,m,18_59
2017,2017_II,Russia,FALSE,RUS,8,Russia,Europe,Europe & Central Asia,non-Schengen,f,17
2017,2017_II,Russia,FALSE,RUS,90,Russia,Europe,Europe & Central Asia,non-Schengen,f,18_59
2017,2017_II,Russia,FALSE,RUS,13,Russia,Europe,Europe & Central Asia,non-Schengen,f,60
2017,2017_II,Russia,FALSE,RUS,9,Russia,Europe,Europe & Central Asia,non-Schengen,m,17
2017,2017_II,Russia,FALSE,RUS,113,Russia,Europe,Europe & Central Asia,non-Schengen,m,18_59
2017,2017_II,Russia,FALSE,RUS,7,Russia,Europe,Europe & Central Asia,non-Schengen,m,60
2017,2017_II,Russia,FALSE,SDN,1,Sudan,Africa,Sub-Saharan Africa,non-Schengen,m,18_59
2017,2017_II,Russia,FALSE,SRB,7,Serbia,Europe,Europe & Central Asia,non-Schengen,m,18_59
2017,2017_II,Russia,FALSE,TUR,1,Turkey,Asia,Europe & Central Asia,non-Schengen,f,18_59
2017,2017_II,Russia,FALSE,UKR,1,Ukraine,Europe,Europe & Central Asia,non-Schengen,f,18_59
2017,2017_II,Ukraine,FALSE,ALB,2,Albania,Europe,Europe & Central Asia,non-Schengen,m,18_59
2017,2017_II,Ukraine,FALSE,ARM,3,Armenia,Asia,Europe & Central Asia,non-Schengen,m,18_59
2017,2017_II,Ukraine,FALSE,AZE,1,Azerbaijan,Asia,Europe & Central Asia,non-Schengen,f,18_59
2017,2017_II,Ukraine,FALSE,AZE,3,Azerbaijan,Asia,Europe & Central Asia,non-Schengen,m,18_59
2017,2017_II,Ukraine,FALSE,BLR,4,Belarus,Europe,Europe & Central Asia,non-Schengen,f,18_59
2017,2017_II,Ukraine,FALSE,BLR,1,Belarus,Europe,Europe & Central Asia,non-Schengen,m,18_59
2017,2017_II,Ukraine,FALSE,BLR,1,Belarus,Europe,Europe & Central Asia,non-Schengen,m,60
2017,2017_II,Ukraine,FALSE,CAN,1,Canada,Americas,North America,non-Schengen,m,18_59
2017,2017_II,Ukraine,FALSE,DZA,1,Algeria,Africa,"Middle East, North Africa, Afghanistan & Pakistan",non-Schengen,m,18_59
2017,2017_II,Ukraine,FALSE,ECU,1,Ecuador,Americas,Latin America & Caribbean,non-Schengen,m,18_59
2017,2017_II,Ukraine,FALSE,EGY,2,Egypt,Africa,"Middle East, North Africa, Afghanistan & Pakistan",non-Schengen,m,18_59
2017,2017_II,Ukraine,FALSE,GEO,8,Georgia,Asia,Europe & Central Asia,non-Schengen,m,18_59
2017,2017_II,Ukraine,FALSE,GHA,1,Ghana,Africa,Sub-Saharan Africa,non-Schengen,m,18_59
2017,2017_II,Ukraine,FALSE,KAZ,1,Kazakhstan,Asia,Europe & Central Asia,non-Schengen,m,18_59
2017,2017_II,Ukraine,FALSE,KGZ,1,Kyrgyzstan,Asia,Europe & Central Asia,non-Schengen,f,60
2017,2017_II,Ukraine,FALSE,KGZ,4,Kyrgyzstan,Asia,Europe & Central Asia,non-Schengen,m,18_59
2017,2017_II,Ukraine,FALSE,KHM,1,Cambodia,Asia,East Asia & Pacific,non-Schengen,m,18_59
2017,2017_II,Ukraine,FALSE,MDA,8,Moldova,Europe,Europe & Central Asia,non-Schengen,f,17
2017,2017_II,Ukraine,FALSE,MDA,116,Moldova,Europe,Europe & Central Asia,non-Schengen,f,18_59
2017,2017_II,Ukraine,FALSE,MDA,3,Moldova,Europe,Europe & Central Asia,non-Schengen,f,60
2017,2017_II,Ukraine,FALSE,MDA,5,Moldova,Europe,Europe & Central Asia,non-Schengen,m,17
2017,2017_II,Ukraine,FALSE,MDA,490,Moldova,Europe,Europe & Central Asia,non-Schengen,m,18_59
2017,2017_II,Ukraine,FALSE,MDA,1,Moldova,Europe,Europe & Central Asia,non-Schengen,m,60
2017,2017_II,Ukraine,FALSE,MKD,1,North Macedonia,Europe,Europe & Central Asia,non-Schengen,m,18_59
2017,2017_II,Ukraine,FALSE,RUS,6,Russia,Europe,Europe & Central Asia,non-Schengen,f,18_59
2017,2017_II,Ukraine,FALSE,RUS,3,Russia,Europe,Europe & Central Asia,non-Schengen,f,60
2017,2017_II,Ukraine,FALSE,RUS,3,Russia,Europe,Europe & Central Asia,non-Schengen,m,17
2017,2017_II,Ukraine,FALSE,RUS,16,Russia,Europe,Europe & Central Asia,non-Schengen,m,18_59
2017,2017_II,Ukraine,FALSE,RUS,1,Russia,Europe,Europe & Central Asia,non-Schengen,m,60
2017,2017_II,Ukraine,FALSE,SEN,1,Senegal,Africa,Sub-Saharan Africa,non-Schengen,m,18_59
2017,2017_II,Ukraine,FALSE,SYR,1,Syria,Asia,"Middle East, North Africa, Afghanistan & Pakistan",non-Schengen,m,18_59
2017,2017_II,Ukraine,FALSE,TJK,1,Tajikistan,Asia,Europe & Central Asia,non-Schengen,m,18_59
2017,2017_II,Ukraine,FALSE,TUR,1,Turkey,Asia,Europe & Central Asia,non-Schengen,f,18_59
2017,2017_II,Ukraine,FALSE,TUR,13,Turkey,Asia,Europe & Central Asia,non-Schengen,m,18_59
2017,2017_II,Ukraine,FALSE,UKR,22,Ukraine,Europe,Europe & Central Asia,non-Schengen,f,17
2017,2017_II,Ukraine,FALSE,UKR,1790,Ukraine,Europe,Europe & Central Asia,non-Schengen,f,18_59
2017,2017_II,Ukraine,FALSE,UKR,150,Ukraine,Europe,Europe & Central Asia,non-Schengen,f,60
2017,2017_II,Ukraine,FALSE,UKR,28,Ukraine,Europe,Europe & Central Asia,non-Schengen,m,17
2017,2017_II,Ukraine,FALSE,UKR,4620,Ukraine,Europe,Europe & Central Asia,non-Schengen,m,18_59
2017,2017_II,Ukraine,FALSE,UKR,33,Ukraine,Europe,Europe & Central Asia,non-Schengen,m,60
2017,2017_II,country,FALSE,AFG,2,Afghanistan,Asia,"Middle East, North Africa, Afghanistan & Pakistan",non-Schengen,m,18_59
2017,2017_II,country,FALSE,AGO,1,Angola,Africa,Sub-Saharan Africa,non-Schengen,f,18_59
2017,2017_II,country,FALSE,AGO,1,Angola,Africa,Sub-Saharan Africa,non-Schengen,m,18_59
2017,2017_II,country,FALSE,ALB,3,Albania,Europe,Europe & Central Asia,non-Schengen,m,18_59
2017,2017_II,country,FALSE,ARG,1,Argentina,Americas,Latin America & Caribbean,non-Schengen,m,18_59
2017,2017_II,country,FALSE,ARM,2,Armenia,Asia,Europe & Central Asia,non-Schengen,f,17
2017,2017_II,country,FALSE,ARM,6,Armenia,Asia,Europe & Central Asia,non-Schengen,f,18_59
2017,2017_II,country,FALSE,ARM,1,Armenia,Asia,Europe & Central Asia,non-Schengen,f,60
2017,2017_II,country,FALSE,ARM,4,Armenia,Asia,Europe & Central Asia,non-Schengen,m,17
2017,2017_II,country,FALSE,ARM,15,Armenia,Asia,Europe & Central Asia,non-Schengen,m,18_59
2017,2017_II,country,FALSE,ARM,1,Armenia,Asia,Europe & Central Asia,non-Schengen,m,60
2017,2017_II,country,FALSE,AUS,2,Australia,Oceania,East Asia & Pacific,non-Schengen,m,18_59
2017,2017_II,country,FALSE,AZE,1,Azerbaijan,Asia,Europe & Central Asia,non-Schengen,f,18_59
2017,2017_II,country,FALSE,AZE,1,Azerbaijan,Asia,Europe & Central Asia,non-Schengen,m,17
2017,2017_II,country,FALSE,AZE,2,Azerbaijan,Asia,Europe & Central Asia,non-Schengen,m,18_59
2017,2017_II,country,FALSE,BEL,1,Belgium,Europe,Europe & Central Asia,Schengen,m,18_59
2017,2017_II,country,FALSE,BGD,1,Bangladesh,Asia,South Asia,non-Schengen,f,17
2017,2017_II,country,FALSE,BGD,1,Bangladesh,Asia,South Asia,non-Schengen,f,18_59
2017,2017_II,country,FALSE,BGD,3,Bangladesh,Asia,South Asia,non-Schengen,m,17
2017,2017_II,country,FALSE,BGD,27,Bangladesh,Asia,South Asia,non-Schengen,m,18_59
2017,2017_II,country,FALSE,BIH,1,Bosnia & Herzegovina,Europe,Europe & Central Asia,non-Schengen,f,18_59
2017,2017_II,country,FALSE,BIH,1,Bosnia & Herzegovina,Europe,Europe & Central Asia,non-Schengen,m,17
2017,2017_II,country,FALSE,BLR,1,Belarus,Europe,Europe & Central Asia,non-Schengen,f,17
2017,2017_II,country,FALSE,BLR,14,Belarus,Europe,Europe & Central Asia,non-Schengen,f,18_59
2017,2017_II,country,FALSE,BLR,1,Belarus,Europe,Europe & Central Asia,non-Schengen,m,17
2017,2017_II,country,FALSE,BLR,57,Belarus,Europe,Europe & Central Asia,non-Schengen,m,18_59
2017,2017_II,country,FALSE,BRA,2,Brazil,Americas,Latin America & Caribbean,non-Schengen,f,18_59
2017,2017_II,country,FALSE,BRA,4,Brazil,Americas,Latin America & Caribbean,non-Schengen,m,18_59
2017,2017_II,country,FALSE,CAN,1,Canada,Americas,North America,non-Schengen,f,18_59
2017,2017_II,country,FALSE,CAN,1,Canada,Americas,North America,non-Schengen,m,18_59
2017,2017_II,country,FALSE,CHN,10,China,Asia,East Asia & Pacific,non-Schengen,f,18_59
2017,2017_II,country,FALSE,CHN,1,China,Asia,East Asia & Pacific,non-Schengen,m,17
2017,2017_II,country,FALSE,CHN,12,China,Asia,East Asia & Pacific,non-Schengen,m,18_59
2017,2017_II,country,FALSE,CMR,1,Cameroon,Africa,Sub-Saharan Africa,non-Schengen,m,18_59
2017,2017_II,country,FALSE,COG,1,Congo - Brazzaville,Africa,Sub-Saharan Africa,non-Schengen,m,18_59
2017,2017_II,country,FALSE,COL,1,Colombia,Americas,Latin America & Caribbean,non-Schengen,m,18_59
2017,2017_II,country,FALSE,DZA,1,Algeria,Africa,"Middle East, North Africa, Afghanistan & Pakistan",non-Schengen,f,18_59
2017,2017_II,country,FALSE,DZA,12,Algeria,Africa,"Middle East, North Africa, Afghanistan & Pakistan",non-Schengen,m,18_59
2017,2017_II,country,FALSE,ECU,2,Ecuador,Americas,Latin America & Caribbean,non-Schengen,m,18_59
2017,2017_II,country,FALSE,EGY,1,Egypt,Africa,"Middle East, North Africa, Afghanistan & Pakistan",non-Schengen,f,17
2017,2017_II,country,FALSE,EGY,1,Egypt,Africa,"Middle East, North Africa, Afghanistan & Pakistan",non-Schengen,f,18_59
2017,2017_II,country,FALSE,EGY,9,Egypt,Africa,"Middle East, North Africa, Afghanistan & Pakistan",non-Schengen,m,18_59
2017,2017_II,country,FALSE,ETH,1,Ethiopia,Africa,Sub-Saharan Africa,non-Schengen,m,18_59
2017,2017_II,country,FALSE,GEO,4,Georgia,Asia,Europe & Central Asia,non-Schengen,f,17
2017,2017_II,country,FALSE,GEO,9,Georgia,Asia,Europe & Central Asia,non-Schengen,f,18_59
2017,2017_II,country,FALSE,GEO,1,Georgia,Asia,Europe & Central Asia,non-Schengen,f,60
2017,2017_II,country,FALSE,GEO,2,Georgia,Asia,Europe & Central Asia,non-Schengen,m,17
2017,2017_II,country,FALSE,GEO,25,Georgia,Asia,Europe & Central Asia,non-Schengen,m,18_59
2017,2017_II,country,FALSE,GHA,1,Ghana,Africa,Sub-Saharan Africa,non-Schengen,m,18_59
2017,2017_II,country,FALSE,IDN,2,Indonesia,Asia,East Asia & Pacific,non-Schengen,f,18_59
2017,2017_II,country,FALSE,IDN,1,Indonesia,Asia,East Asia & Pacific,non-Schengen,m,18_59
2017,2017_II,country,FALSE,IND,1,India,Asia,South Asia,non-Schengen,f,17
2017,2017_II,country,FALSE,IND,6,India,Asia,South Asia,non-Schengen,f,18_59
2017,2017_II,country,FALSE,IND,1,India,Asia,South Asia,non-Schengen,m,17
2017,2017_II,country,FALSE,IND,38,India,Asia,South Asia,non-Schengen,m,18_59
2017,2017_II,country,FALSE,IRN,2,Iran,Asia,"Middle East, North Africa, Afghanistan & Pakistan",non-Schengen,f,18_59
2017,2017_II,country,FALSE,IRN,9,Iran,Asia,"Middle East, North Africa, Afghanistan & Pakistan",non-Schengen,m,18_59
2017,2017_II,country,FALSE,IRQ,1,Iraq,Asia,"Middle East, North Africa, Afghanistan & Pakistan",non-Schengen,f,17
2017,2017_II,country,FALSE,IRQ,2,Iraq,Asia,"Middle East, North Africa, Afghanistan & Pakistan",non-Schengen,f,18_59
2017,2017_II,country,FALSE,IRQ,2,Iraq,Asia,"Middle East, North Africa, Afghanistan & Pakistan",non-Schengen,m,17
2017,2017_II,country,FALSE,IRQ,11,Iraq,Asia,"Middle East, North Africa, Afghanistan & Pakistan",non-Schengen,m,18_59
2017,2017_II,country,FALSE,ISR,1,Israel,Asia,"Middle East, North Africa, Afghanistan & Pakistan",non-Schengen,f,18_59
2017,2017_II,country,FALSE,JOR,1,Jordan,Asia,"Middle East, North Africa, Afghanistan & Pakistan",non-Schengen,f,17
2017,2017_II,country,FALSE,JOR,1,Jordan,Asia,"Middle East, North Africa, Afghanistan & Pakistan",non-Schengen,m,17
2017,2017_II,country,FALSE,JOR,3,Jordan,Asia,"Middle East, North Africa, Afghanistan & Pakistan",non-Schengen,m,18_59
2017,2017_II,country,FALSE,JPN,1,Japan,Asia,East Asia & Pacific,non-Schengen,f,18_59
2017,2017_II,country,FALSE,KAZ,2,Kazakhstan,Asia,Europe & Central Asia,non-Schengen,f,18_59
2017,2017_II,country,FALSE,KAZ,1,Kazakhstan,Asia,Europe & Central Asia,non-Schengen,f,60
2017,2017_II,country,FALSE,KAZ,5,Kazakhstan,Asia,Europe & Central Asia,non-Schengen,m,18_59
2017,2017_II,country,FALSE,KEN,2,Kenya,Africa,Sub-Saharan Africa,non-Schengen,m,18_59
2017,2017_II,country,FALSE,KGZ,6,Kyrgyzstan,Asia,Europe & Central Asia,non-Schengen,f,17
2017,2017_II,country,FALSE,KGZ,3,Kyrgyzstan,Asia,Europe & Central Asia,non-Schengen,f,18_59
2017,2017_II,country,FALSE,KGZ,3,Kyrgyzstan,Asia,Europe & Central Asia,non-Schengen,m,17
2017,2017_II,country,FALSE,KGZ,8,Kyrgyzstan,Asia,Europe & Central Asia,non-Schengen,m,18_59
2017,2017_II,country,FALSE,KOSOVO,2,KOSOVO,Europe,Europe & Central Asia,non-Schengen,m,18_59
2017,2017_II,country,FALSE,LBN,2,Lebanon,Asia,"Middle East, North Africa, Afghanistan & Pakistan",non-Schengen,m,18_59
2017,2017_II,country,FALSE,LBY,1,Libya,Africa,"Middle East, North Africa, Afghanistan & Pakistan",non-Schengen,f,18_59
2017,2017_II,country,FALSE,LBY,1,Libya,Africa,"Middle East, North Africa, Afghanistan & Pakistan",non-Schengen,m,18_59
2017,2017_II,country,FALSE,LKA,1,Sri Lanka,Asia,South Asia,non-Schengen,m,18_59
2017,2017_II,country,FALSE,MAR,3,Morocco,Africa,"Middle East, North Africa, Afghanistan & Pakistan",non-Schengen,f,18_59
2017,2017_II,country,FALSE,MAR,6,Morocco,Africa,"Middle East, North Africa, Afghanistan & Pakistan",non-Schengen,m,18_59
2017,2017_II,country,FALSE,MDA,1,Moldova,Europe,Europe & Central Asia,non-Schengen,f,17
2017,2017_II,country,FALSE,MDA,4,Moldova,Europe,Europe & Central Asia,non-Schengen,f,18_59
2017,2017_II,country,FALSE,MDA,2,Moldova,Europe,Europe & Central Asia,non-Schengen,m,17
2017,2017_II,country,FALSE,MDA,20,Moldova,Europe,Europe & Central Asia,non-Schengen,m,18_59
2017,2017_II,country,FALSE,MEX,1,Mexico,Americas,Latin America & Caribbean,non-Schengen,f,18_59
2017,2017_II,country,FALSE,MEX,1,Mexico,Americas,Latin America & Caribbean,non-Schengen,m,18_59
2017,2017_II,country,FALSE,MKD,2,North Macedonia,Europe,Europe & Central Asia,non-Schengen,m,18_59
2017,2017_II,country,FALSE,MNG,1,Mongolia,Asia,East Asia & Pacific,non-Schengen,f,18_59
2017,2017_II,country,FALSE,MNG,1,Mongolia,Asia,East Asia & Pacific,non-Schengen,m,18_59
2017,2017_II,country,FALSE,NGA,1,Nigeria,Africa,Sub-Saharan Africa,non-Schengen,f,18_59
2017,2017_II,country,FALSE,NGA,11,Nigeria,Africa,Sub-Saharan Africa,non-Schengen,m,18_59
2017,2017_II,country,FALSE,NPL,10,Nepal,Asia,South Asia,non-Schengen,m,18_59
2017,2017_II,country,FALSE,NZL,1,New Zealand,Oceania,East Asia & Pacific,non-Schengen,m,18_59
2017,2017_II,country,FALSE,PAK,1,Pakistan,Asia,"Middle East, North Africa, Afghanistan & Pakistan",non-Schengen,f,18_59
2017,2017_II,country,FALSE,PAK,1,Pakistan,Asia,"Middle East, North Africa, Afghanistan & Pakistan",non-Schengen,m,17
2017,2017_II,country,FALSE,PAK,26,Pakistan,Asia,"Middle East, North Africa, Afghanistan & Pakistan",non-Schengen,m,18_59
2017,2017_II,country,FALSE,PHL,3,Philippines,Asia,East Asia & Pacific,non-Schengen,f,18_59
2017,2017_II,country,FALSE,PHL,1,Philippines,Asia,East Asia & Pacific,non-Schengen,m,18_59
2017,2017_II,country,FALSE,PSE,3,Palestinian Territories,Asia,"Middle East, North Africa, Afghanistan & Pakistan",non-Schengen,m,18_59
2017,2017_II,country,FALSE,RUS,91,Russia,Europe,Europe & Central Asia,non-Schengen,f,17
2017,2017_II,country,FALSE,RUS,85,Russia,Europe,Europe & Central Asia,non-Schengen,f,18_59
2017,2017_II,country,FALSE,RUS,2,Russia,Europe,Europe & Central Asia,non-Schengen,f,60
2017,2017_II,country,FALSE,RUS,96,Russia,Europe,Europe & Central Asia,non-Schengen,m,17
2017,2017_II,country,FALSE,RUS,122,Russia,Europe,Europe & Central Asia,non-Schengen,m,18_59
2017,2017_II,country,FALSE,RUS,1,Russia,Europe,Europe & Central Asia,non-Schengen,m,60
2017,2017_II,country,FALSE,SAU,1,Saudi Arabia,Asia,"Middle East, North Africa, Afghanistan & Pakistan",non-Schengen,f,18_59
2017,2017_II,country,FALSE,SAU,4,Saudi Arabia,Asia,"Middle East, North Africa, Afghanistan & Pakistan",non-Schengen,m,18_59
2017,2017_II,country,FALSE,SDN,1,Sudan,Africa,Sub-Saharan Africa,non-Schengen,m,18_59
2017,2017_II,country,FALSE,SEN,2,Senegal,Africa,Sub-Saharan Africa,non-Schengen,m,18_59
2017,2017_II,country,FALSE,SLE,1,Sierra Leone,Africa,Sub-Saharan Africa,non-Schengen,m,18_59
2017,2017_II,country,FALSE,SOM,1,Somalia,Africa,Sub-Saharan Africa,non-Schengen,m,18_59
2017,2017_II,country,FALSE,SRB,2,Serbia,Europe,Europe & Central Asia,non-Schengen,f,18_59
2017,2017_II,country,FALSE,SRB,7,Serbia,Europe,Europe & Central Asia,non-Schengen,m,18_59
2017,2017_II,country,FALSE,SYR,3,Syria,Asia,"Middle East, North Africa, Afghanistan & Pakistan",non-Schengen,m,18_59
2017,2017_II,country,FALSE,THA,2,Thailand,Asia,East Asia & Pacific,non-Schengen,f,18_59
2017,2017_II,country,FALSE,THA,2,Thailand,Asia,East Asia & Pacific,non-Schengen,m,18_59
2017,2017_II,country,FALSE,TJK,5,Tajikistan,Asia,Europe & Central Asia,non-Schengen,f,17
2017,2017_II,country,FALSE,TJK,2,Tajikistan,Asia,Europe & Central Asia,non-Schengen,f,18_59
2017,2017_II,country,FALSE,TJK,17,Tajikistan,Asia,Europe & Central Asia,non-Schengen,m,18_59
2017,2017_II,country,FALSE,TUN,6,Tunisia,Africa,"Middle East, North Africa, Afghanistan & Pakistan",non-Schengen,m,18_59
2017,2017_II,country,FALSE,TUR,1,Turkey,Asia,Europe & Central Asia,non-Schengen,f,17
2017,2017_II,country,FALSE,TUR,16,Turkey,Asia,Europe & Central Asia,non-Schengen,m,18_59
2017,2017_II,country,FALSE,UGA,1,Uganda,Africa,Sub-Saharan Africa,non-Schengen,m,18_59
2017,2017_II,country,FALSE,UKR,22,Ukraine,Europe,Europe & Central Asia,non-Schengen,f,17
2017,2017_II,country,FALSE,UKR,478,Ukraine,Europe,Europe & Central Asia,non-Schengen,f,18_59
2017,2017_II,country,FALSE,UKR,28,Ukraine,Europe,Europe & Central Asia,non-Schengen,f,60
2017,2017_II,country,FALSE,UKR,36,Ukraine,Europe,Europe & Central Asia,non-Schengen,m,17
2017,2017_II,country,FALSE,UKR,1304,Ukraine,Europe,Europe & Central Asia,non-Schengen,m,18_59
2017,2017_II,country,FALSE,UKR,4,Ukraine,Europe,Europe & Central Asia,non-Schengen,m,60
2017,2017_II,country,FALSE,UNK,1,unknown,other/unknown,other/unknown,non-Schengen,f,18_59
2017,2017_II,country,FALSE,UNK,1,unknown,other/unknown,other/unknown,non-Schengen,m,18_59
2017,2017_II,country,FALSE,USA,1,United States,Americas,North America,non-Schengen,f,18_59
2017,2017_II,country,FALSE,USA,1,United States,Americas,North America,non-Schengen,m,17
2017,2017_II,country,FALSE,USA,2,United States,Americas,North America,non-Schengen,m,18_59
2017,2017_II,country,FALSE,UZB,2,Uzbekistan,Asia,Europe & Central Asia,non-Schengen,f,18_59
2017,2017_II,country,FALSE,UZB,8,Uzbekistan,Asia,Europe & Central Asia,non-Schengen,m,18_59
2017,2017_II,country,FALSE,VEN,1,Venezuela,Americas,Latin America & Caribbean,non-Schengen,m,18_59
2017,2017_II,country,FALSE,VNM,2,Vietnam,Asia,East Asia & Pacific,non-Schengen,f,17
2017,2017_II,country,FALSE,VNM,25,Vietnam,Asia,East Asia & Pacific,non-Schengen,f,18_59
2017,2017_II,country,FALSE,VNM,3,Vietnam,Asia,East Asia & Pacific,non-Schengen,m,17
2017,2017_II,country,FALSE,VNM,57,Vietnam,Asia,East Asia & Pacific,non-Schengen,m,18_59
2017,2017_II,country,FALSE,XXX,1,Stateless,other/unknown,other/unknown,non-Schengen,f,17
2017,2017_II,country,FALSE,XXX,1,Stateless,other/unknown,other/unknown,non-Schengen,f,18_59
2017,2017_II,country,FALSE,XXX,4,Stateless,other/unknown,other/unknown,non-Schengen,m,18_59
2017,2017_II,country,FALSE,YEM,1,Yemen,Asia,"Middle East, North Africa, Afghanistan & Pakistan",non-Schengen,m,18_59
2017,2017_II,country,FALSE,ZAF,2,South Africa,Africa,Sub-Saharan Africa,non-Schengen,m,18_59
2017,2017_II,country,TRUE,BGD,2,Bangladesh,Asia,South Asia,non-Schengen,m,18_59
2017,2017_II,country,TRUE,DZA,1,Algeria,Africa,"Middle East, North Africa, Afghanistan & Pakistan",non-Schengen,m,18_59
2017,2017_II,country,TRUE,EGY,1,Egypt,Africa,"Middle East, North Africa, Afghanistan & Pakistan",non-Schengen,m,18_59
2017,2017_II,country,TRUE,IND,1,India,Asia,South Asia,non-Schengen,m,18_59
2017,2017_II,country,TRUE,KAZ,1,Kazakhstan,Asia,Europe & Central Asia,non-Schengen,m,18_59
2017,2017_II,country,TRUE,KGZ,1,Kyrgyzstan,Asia,Europe & Central Asia,non-Schengen,f,18_59
2017,2017_II,country,TRUE,MDA,1,Moldova,Europe,Europe & Central Asia,non-Schengen,m,18_59
2017,2017_II,country,TRUE,NGA,1,Nigeria,Africa,Sub-Saharan Africa,non-Schengen,f,18_59
2017,2017_II,country,TRUE,PAK,3,Pakistan,Asia,"Middle East, North Africa, Afghanistan & Pakistan",non-Schengen,m,18_59
2017,2017_II,country,TRUE,RUS,8,Russia,Europe,Europe & Central Asia,non-Schengen,f,17
2017,2017_II,country,TRUE,RUS,6,Russia,Europe,Europe & Central Asia,non-Schengen,f,18_59
2017,2017_II,country,TRUE,RUS,7,Russia,Europe,Europe & Central Asia,non-Schengen,m,17
2017,2017_II,country,TRUE,RUS,10,Russia,Europe,Europe & Central Asia,non-Schengen,m,18_59
2017,2017_II,country,TRUE,TUR,1,Turkey,Asia,Europe & Central Asia,non-Schengen,m,18_59
2017,2017_II,country,TRUE,UKR,4,Ukraine,Europe,Europe & Central Asia,non-Schengen,f,18_59
2017,2017_II,country,TRUE,UKR,21,Ukraine,Europe,Europe & Central Asia,non-Schengen,m,18_59
2017,2017_II,country,TRUE,VNM,1,Vietnam,Asia,East Asia & Pacific,non-Schengen,m,18_59
2017,2017_II,external air,FALSE,AGO,1,Angola,Africa,Sub-Saharan Africa,non-Schengen,m,18_59
2017,2017_II,external air,FALSE,AGO,1,Angola,Africa,Sub-Saharan Africa,non-Schengen,m,60
2017,2017_II,external air,FALSE,ALB,1,Albania,Europe,Europe & Central Asia,non-Schengen,f,60
2017,2017_II,external air,FALSE,ALB,1,Albania,Europe,Europe & Central Asia,non-Schengen,m,18_59
2017,2017_II,external air,FALSE,ALB,1,Albania,Europe,Europe & Central Asia,non-Schengen,m,60
2017,2017_II,external air,FALSE,ARM,1,Armenia,Asia,Europe & Central Asia,non-Schengen,f,17
2017,2017_II,external air,FALSE,ARM,11,Armenia,Asia,Europe & Central Asia,non-Schengen,f,18_59
2017,2017_II,external air,FALSE,ARM,6,Armenia,Asia,Europe & Central Asia,non-Schengen,m,18_59
2017,2017_II,external air,FALSE,AUS,2,Australia,Oceania,East Asia & Pacific,non-Schengen,f,17
2017,2017_II,external air,FALSE,AUS,2,Australia,Oceania,East Asia & Pacific,non-Schengen,f,18_59
2017,2017_II,external air,FALSE,AUS,1,Australia,Oceania,East Asia & Pacific,non-Schengen,m,17
2017,2017_II,external air,FALSE,AUS,2,Australia,Oceania,East Asia & Pacific,non-Schengen,m,18_59
2017,2017_II,external air,FALSE,AZE,1,Azerbaijan,Asia,Europe & Central Asia,non-Schengen,f,17
2017,2017_II,external air,FALSE,AZE,2,Azerbaijan,Asia,Europe & Central Asia,non-Schengen,f,18_59
2017,2017_II,external air,FALSE,AZE,1,Azerbaijan,Asia,Europe & Central Asia,non-Schengen,f,60
2017,2017_II,external air,FALSE,AZE,5,Azerbaijan,Asia,Europe & Central Asia,non-Schengen,m,18_59
2017,2017_II,external air,FALSE,BGD,1,Bangladesh,Asia,South Asia,non-Schengen,m,18_59
2017,2017_II,external air,FALSE,BIH,1,Bosnia & Herzegovina,Europe,Europe & Central Asia,non-Schengen,f,18_59
2017,2017_II,external air,FALSE,BLR,3,Belarus,Europe,Europe & Central Asia,non-Schengen,f,18_59
2017,2017_II,external air,FALSE,BLR,3,Belarus,Europe,Europe & Central Asia,non-Schengen,f,60
2017,2017_II,external air,FALSE,BLR,3,Belarus,Europe,Europe & Central Asia,non-Schengen,m,18_59
2017,2017_II,external air,FALSE,BLR,1,Belarus,Europe,Europe & Central Asia,non-Schengen,m,60
2017,2017_II,external air,FALSE,CAN,4,Canada,Americas,North America,non-Schengen,f,18_59
2017,2017_II,external air,FALSE,CAN,5,Canada,Americas,North America,non-Schengen,m,18_59
2017,2017_II,external air,FALSE,CAN,1,Canada,Americas,North America,non-Schengen,m,60
2017,2017_II,external air,FALSE,CHN,41,China,Asia,East Asia & Pacific,non-Schengen,f,18_59
2017,2017_II,external air,FALSE,CHN,5,China,Asia,East Asia & Pacific,non-Schengen,f,60
2017,2017_II,external air,FALSE,CHN,2,China,Asia,East Asia & Pacific,non-Schengen,m,17
2017,2017_II,external air,FALSE,CHN,43,China,Asia,East Asia & Pacific,non-Schengen,m,18_59
2017,2017_II,external air,FALSE,CHN,1,China,Asia,East Asia & Pacific,non-Schengen,m,60
2017,2017_II,external air,FALSE,CMR,1,Cameroon,Africa,Sub-Saharan Africa,non-Schengen,f,18_59
2017,2017_II,external air,FALSE,ECU,1,Ecuador,Americas,Latin America & Caribbean,non-Schengen,m,18_59
2017,2017_II,external air,FALSE,EGY,4,Egypt,Africa,"Middle East, North Africa, Afghanistan & Pakistan",non-Schengen,m,18_59
2017,2017_II,external air,FALSE,ETH,1,Ethiopia,Africa,Sub-Saharan Africa,non-Schengen,m,18_59
2017,2017_II,external air,FALSE,GEO,4,Georgia,Asia,Europe & Central Asia,non-Schengen,f,18_59
2017,2017_II,external air,FALSE,GEO,19,Georgia,Asia,Europe & Central Asia,non-Schengen,m,18_59
2017,2017_II,external air,FALSE,IND,1,India,Asia,South Asia,non-Schengen,f,17
2017,2017_II,external air,FALSE,IND,6,India,Asia,South Asia,non-Schengen,f,18_59
2017,2017_II,external air,FALSE,IND,1,India,Asia,South Asia,non-Schengen,f,60
2017,2017_II,external air,FALSE,IND,1,India,Asia,South Asia,non-Schengen,m,17
2017,2017_II,external air,FALSE,IND,19,India,Asia,South Asia,non-Schengen,m,18_59
2017,2017_II,external air,FALSE,IND,1,India,Asia,South Asia,non-Schengen,m,60
2017,2017_II,external air,FALSE,IRN,3,Iran,Asia,"Middle East, North Africa, Afghanistan & Pakistan",non-Schengen,m,18_59
2017,2017_II,external air,FALSE,IRQ,1,Iraq,Asia,"Middle East, North Africa, Afghanistan & Pakistan",non-Schengen,f,18_59
2017,2017_II,external air,FALSE,IRQ,1,Iraq,Asia,"Middle East, North Africa, Afghanistan & Pakistan",non-Schengen,m,17
2017,2017_II,external air,FALSE,IRQ,1,Iraq,Asia,"Middle East, North Africa, Afghanistan & Pakistan",non-Schengen,m,18_59
2017,2017_II,external air,FALSE,JOR,1,Jordan,Asia,"Middle East, North Africa, Afghanistan & Pakistan",non-Schengen,m,18_59
2017,2017_II,external air,FALSE,KAZ,14,Kazakhstan,Asia,Europe & Central Asia,non-Schengen,f,18_59
2017,2017_II,external air,FALSE,KAZ,1,Kazakhstan,Asia,Europe & Central Asia,non-Schengen,m,17
2017,2017_II,external air,FALSE,KAZ,13,Kazakhstan,Asia,Europe & Central Asia,non-Schengen,m,18_59
2017,2017_II,external air,FALSE,KAZ,1,Kazakhstan,Asia,Europe & Central Asia,non-Schengen,m,60
2017,2017_II,external air,FALSE,KEN,1,Kenya,Africa,Sub-Saharan Africa,non-Schengen,f,18_59
2017,2017_II,external air,FALSE,KEN,2,Kenya,Africa,Sub-Saharan Africa,non-Schengen,m,18_59
2017,2017_II,external air,FALSE,KGZ,1,Kyrgyzstan,Asia,Europe & Central Asia,non-Schengen,m,18_59
2017,2017_II,external air,FALSE,LBN,1,Lebanon,Asia,"Middle East, North Africa, Afghanistan & Pakistan",non-Schengen,m,18_59
2017,2017_II,external air,FALSE,LBY,1,Libya,Africa,"Middle East, North Africa, Afghanistan & Pakistan",non-Schengen,m,18_59
2017,2017_II,external air,FALSE,MAR,1,Morocco,Africa,"Middle East, North Africa, Afghanistan & Pakistan",non-Schengen,f,18_59
2017,2017_II,external air,FALSE,MDA,5,Moldova,Europe,Europe & Central Asia,non-Schengen,f,18_59
2017,2017_II,external air,FALSE,MDA,10,Moldova,Europe,Europe & Central Asia,non-Schengen,m,18_59
2017,2017_II,external air,FALSE,MKD,1,North Macedonia,Europe,Europe & Central Asia,non-Schengen,f,18_59
2017,2017_II,external air,FALSE,MNG,1,Mongolia,Asia,East Asia & Pacific,non-Schengen,f,17
2017,2017_II,external air,FALSE,MNG,3,Mongolia,Asia,East Asia & Pacific,non-Schengen,f,18_59
2017,2017_II,external air,FALSE,MNG,2,Mongolia,Asia,East Asia & Pacific,non-Schengen,m,18_59
2017,2017_II,external air,FALSE,NGA,2,Nigeria,Africa,Sub-Saharan Africa,non-Schengen,m,18_59
2017,2017_II,external air,FALSE,NPL,2,Nepal,Asia,South Asia,non-Schengen,m,18_59
2017,2017_II,external air,FALSE,OMN,1,Oman,Asia,"Middle East, North Africa, Afghanistan & Pakistan",non-Schengen,m,18_59
2017,2017_II,external air,FALSE,PAK,1,Pakistan,Asia,"Middle East, North Africa, Afghanistan & Pakistan",non-Schengen,f,18_59
2017,2017_II,external air,FALSE,PAK,3,Pakistan,Asia,"Middle East, North Africa, Afghanistan & Pakistan",non-Schengen,m,18_59
2017,2017_II,external air,FALSE,PHL,2,Philippines,Asia,East Asia & Pacific,non-Schengen,f,18_59
2017,2017_II,external air,FALSE,PHL,2,Philippines,Asia,East Asia & Pacific,non-Schengen,f,60
2017,2017_II,external air,FALSE,PHL,2,Philippines,Asia,East Asia & Pacific,non-Schengen,m,18_59
2017,2017_II,external air,FALSE,PHL,1,Philippines,Asia,East Asia & Pacific,non-Schengen,m,60
2017,2017_II,external air,FALSE,QAT,1,Qatar,Asia,"Middle East, North Africa, Afghanistan & Pakistan",non-Schengen,m,17
2017,2017_II,external air,FALSE,QAT,2,Qatar,Asia,"Middle East, North Africa, Afghanistan & Pakistan",non-Schengen,m,18_59
2017,2017_II,external air,FALSE,RUS,2,Russia,Europe,Europe & Central Asia,non-Schengen,f,17
2017,2017_II,external air,FALSE,RUS,15,Russia,Europe,Europe & Central Asia,non-Schengen,f,18_59
2017,2017_II,external air,FALSE,RUS,3,Russia,Europe,Europe & Central Asia,non-Schengen,f,60
2017,2017_II,external air,FALSE,RUS,2,Russia,Europe,Europe & Central Asia,non-Schengen,m,17
2017,2017_II,external air,FALSE,RUS,23,Russia,Europe,Europe & Central Asia,non-Schengen,m,18_59
2017,2017_II,external air,FALSE,RUS,1,Russia,Europe,Europe & Central Asia,non-Schengen,m,60
2017,2017_II,external air,FALSE,SAU,1,Saudi Arabia,Asia,"Middle East, North Africa, Afghanistan & Pakistan",non-Schengen,f,18_59
2017,2017_II,external air,FALSE,SAU,1,Saudi Arabia,Asia,"Middle East, North Africa, Afghanistan & Pakistan",non-Schengen,m,17
2017,2017_II,external air,FALSE,SAU,7,Saudi Arabia,Asia,"Middle East, North Africa, Afghanistan & Pakistan",non-Schengen,m,18_59
2017,2017_II,external air,FALSE,SGP,1,Singapore,Asia,East Asia & Pacific,non-Schengen,m,18_59
2017,2017_II,external air,FALSE,SRB,1,Serbia,Europe,Europe & Central Asia,non-Schengen,f,18_59
2017,2017_II,external air,FALSE,SRB,5,Serbia,Europe,Europe & Central Asia,non-Schengen,m,18_59
2017,2017_II,external air,FALSE,SYR,2,Syria,Asia,"Middle East, North Africa, Afghanistan & Pakistan",non-Schengen,m,18_59
2017,2017_II,external air,FALSE,TJK,1,Tajikistan,Asia,Europe & Central Asia,non-Schengen,m,18_59
2017,2017_II,external air,FALSE,TUN,1,Tunisia,Africa,"Middle East, North Africa, Afghanistan & Pakistan",non-Schengen,m,18_59
2017,2017_II,external air,FALSE,TUR,2,Turkey,Asia,Europe & Central Asia,non-Schengen,f,17
2017,2017_II,external air,FALSE,TUR,10,Turkey,Asia,Europe & Central Asia,non-Schengen,f,18_59
2017,2017_II,external air,FALSE,TUR,12,Turkey,Asia,Europe & Central Asia,non-Schengen,m,18_59
2017,2017_II,external air,FALSE,TZA,1,Tanzania,Africa,Sub-Saharan Africa,non-Schengen,m,18_59
2017,2017_II,external air,FALSE,UKR,3,Ukraine,Europe,Europe & Central Asia,non-Schengen,f,17
2017,2017_II,external air,FALSE,UKR,93,Ukraine,Europe,Europe & Central Asia,non-Schengen,f,18_59
2017,2017_II,external air,FALSE,UKR,9,Ukraine,Europe,Europe & Central Asia,non-Schengen,f,60
2017,2017_II,external air,FALSE,UKR,5,Ukraine,Europe,Europe & Central Asia,non-Schengen,m,17
2017,2017_II,external air,FALSE,UKR,87,Ukraine,Europe,Europe & Central Asia,non-Schengen,m,18_59
2017,2017_II,external air,FALSE,UKR,1,Ukraine,Europe,Europe & Central Asia,non-Schengen,m,60
2017,2017_II,external air,FALSE,UZB,1,Uzbekistan,Asia,Europe & Central Asia,non-Schengen,f,17
2017,2017_II,external air,FALSE,UZB,2,Uzbekistan,Asia,Europe & Central Asia,non-Schengen,f,18_59
2017,2017_II,external air,FALSE,UZB,2,Uzbekistan,Asia,Europe & Central Asia,non-Schengen,m,18_59
2017,2017_II,external air,FALSE,VNM,3,Vietnam,Asia,East Asia & Pacific,non-Schengen,f,18_59
2017,2017_II,external air,FALSE,XXX,1,Stateless,other/unknown,other/unknown,non-Schengen,f,18_59
2017,2017_II,external air,FALSE,XXX,2,Stateless,other/unknown,other/unknown,non-Schengen,m,18_59
2017,2017_II,external air,FALSE,ZAF,1,South Africa,Africa,Sub-Saharan Africa,non-Schengen,f,18_59
2017,2017_II,external air,FALSE,ZAF,1,South Africa,Africa,Sub-Saharan Africa,non-Schengen,m,18_59
2017,2017_II,external air,FALSE,ZWE,1,Zimbabwe,Africa,Sub-Saharan Africa,non-Schengen,f,18_59
2017,2017_II,external sea,FALSE,PHL,1,Philippines,Asia,East Asia & Pacific,non-Schengen,m,18_59
2018,2018_I,Belarus,FALSE,AFG,1,Afghanistan,Asia,"Middle East, North Africa, Afghanistan & Pakistan",non-Schengen,m,18_59
2018,2018_I,Belarus,FALSE,ARM,3,Armenia,Asia,Europe & Central Asia,non-Schengen,f,18_59
2018,2018_I,Belarus,FALSE,ARM,2,Armenia,Asia,Europe & Central Asia,non-Schengen,m,18_59
2018,2018_I,Belarus,FALSE,AZE,4,Azerbaijan,Asia,Europe & Central Asia,non-Schengen,m,18_59
2018,2018_I,Belarus,FALSE,BHR,1,Bahrain,Asia,"Middle East, North Africa, Afghanistan & Pakistan",non-Schengen,m,18_59
2018,2018_I,Belarus,FALSE,BLR,7,Belarus,Europe,Europe & Central Asia,non-Schengen,f,17
2018,2018_I,Belarus,FALSE,BLR,163,Belarus,Europe,Europe & Central Asia,non-Schengen,f,18_59
2018,2018_I,Belarus,FALSE,BLR,38,Belarus,Europe,Europe & Central Asia,non-Schengen,f,60
2018,2018_I,Belarus,FALSE,BLR,12,Belarus,Europe,Europe & Central Asia,non-Schengen,m,17
2018,2018_I,Belarus,FALSE,BLR,468,Belarus,Europe,Europe & Central Asia,non-Schengen,m,18_59
2018,2018_I,Belarus,FALSE,BLR,5,Belarus,Europe,Europe & Central Asia,non-Schengen,m,60
2018,2018_I,Belarus,FALSE,CHN,1,China,Asia,East Asia & Pacific,non-Schengen,m,18_59
2018,2018_I,Belarus,FALSE,ECU,1,Ecuador,Americas,Latin America & Caribbean,non-Schengen,f,18_59
2018,2018_I,Belarus,FALSE,GEO,4,Georgia,Asia,Europe & Central Asia,non-Schengen,m,18_59
2018,2018_I,Belarus,FALSE,IDN,1,Indonesia,Asia,East Asia & Pacific,non-Schengen,m,18_59
2018,2018_I,Belarus,FALSE,KAZ,1,Kazakhstan,Asia,Europe & Central Asia,non-Schengen,f,18_59
2018,2018_I,Belarus,FALSE,KAZ,3,Kazakhstan,Asia,Europe & Central Asia,non-Schengen,m,18_59
2018,2018_I,Belarus,FALSE,KGZ,1,Kyrgyzstan,Asia,Europe & Central Asia,non-Schengen,m,18_59
2018,2018_I,Belarus,FALSE,MDA,5,Moldova,Europe,Europe & Central Asia,non-Schengen,m,18_59
2018,2018_I,Belarus,FALSE,MNG,1,Mongolia,Asia,East Asia & Pacific,non-Schengen,f,18_59
2018,2018_I,Belarus,FALSE,MNG,1,Mongolia,Asia,East Asia & Pacific,non-Schengen,f,60
2018,2018_I,Belarus,FALSE,MNG,4,Mongolia,Asia,East Asia & Pacific,non-Schengen,m,18_59
2018,2018_I,Belarus,FALSE,MNG,1,Mongolia,Asia,East Asia & Pacific,non-Schengen,m,60
2018,2018_I,Belarus,FALSE,RUS,16,Russia,Europe,Europe & Central Asia,non-Schengen,f,17
2018,2018_I,Belarus,FALSE,RUS,64,Russia,Europe,Europe & Central Asia,non-Schengen,f,18_59
2018,2018_I,Belarus,FALSE,RUS,25,Russia,Europe,Europe & Central Asia,non-Schengen,f,60
2018,2018_I,Belarus,FALSE,RUS,19,Russia,Europe,Europe & Central Asia,non-Schengen,m,17
2018,2018_I,Belarus,FALSE,RUS,90,Russia,Europe,Europe & Central Asia,non-Schengen,m,18_59
2018,2018_I,Belarus,FALSE,RUS,7,Russia,Europe,Europe & Central Asia,non-Schengen,m,60
2018,2018_I,Belarus,FALSE,TJK,2,Tajikistan,Asia,Europe & Central Asia,non-Schengen,m,18_59
2018,2018_I,Belarus,FALSE,TUR,2,Turkey,Asia,Europe & Central Asia,non-Schengen,m,18_59
2018,2018_I,Belarus,FALSE,UKR,5,Ukraine,Europe,Europe & Central Asia,non-Schengen,f,18_59
2018,2018_I,Belarus,FALSE,UKR,10,Ukraine,Europe,Europe & Central Asia,non-Schengen,m,18_59
2018,2018_I,Belarus,FALSE,UKR,1,Ukraine,Europe,Europe & Central Asia,non-Schengen,m,60
2018,2018_I,Belarus,FALSE,UZB,1,Uzbekistan,Asia,Europe & Central Asia,non-Schengen,f,18_59
2018,2018_I,Belarus,FALSE,UZB,3,Uzbekistan,Asia,Europe & Central Asia,non-Schengen,m,18_59
2018,2018_I,Russia,FALSE,ARM,2,Armenia,Asia,Europe & Central Asia,non-Schengen,m,18_59
2018,2018_I,Russia,FALSE,AZE,1,Azerbaijan,Asia,Europe & Central Asia,non-Schengen,m,18_59
2018,2018_I,Russia,FALSE,BLR,1,Belarus,Europe,Europe & Central Asia,non-Schengen,f,18_59
2018,2018_I,Russia,FALSE,KAZ,2,Kazakhstan,Asia,Europe & Central Asia,non-Schengen,f,17
2018,2018_I,Russia,FALSE,KAZ,1,Kazakhstan,Asia,Europe & Central Asia,non-Schengen,f,18_59
2018,2018_I,Russia,FALSE,KAZ,2,Kazakhstan,Asia,Europe & Central Asia,non-Schengen,m,18_59
2018,2018_I,Russia,FALSE,MDA,2,Moldova,Europe,Europe & Central Asia,non-Schengen,m,18_59
2018,2018_I,Russia,FALSE,RUS,6,Russia,Europe,Europe & Central Asia,non-Schengen,f,17
2018,2018_I,Russia,FALSE,RUS,66,Russia,Europe,Europe & Central Asia,non-Schengen,f,18_59
2018,2018_I,Russia,FALSE,RUS,20,Russia,Europe,Europe & Central Asia,non-Schengen,f,60
2018,2018_I,Russia,FALSE,RUS,6,Russia,Europe,Europe & Central Asia,non-Schengen,m,17
2018,2018_I,Russia,FALSE,RUS,74,Russia,Europe,Europe & Central Asia,non-Schengen,m,18_59
2018,2018_I,Russia,FALSE,RUS,2,Russia,Europe,Europe & Central Asia,non-Schengen,m,60
2018,2018_I,Russia,FALSE,SRB,1,Serbia,Europe,Europe & Central Asia,non-Schengen,f,18_59
2018,2018_I,Russia,FALSE,UKR,1,Ukraine,Europe,Europe & Central Asia,non-Schengen,f,18_59
2018,2018_I,Ukraine,FALSE,ARM,1,Armenia,Asia,Europe & Central Asia,non-Schengen,f,18_59
2018,2018_I,Ukraine,FALSE,AZE,1,Azerbaijan,Asia,Europe & Central Asia,non-Schengen,f,18_59
2018,2018_I,Ukraine,FALSE,BIH,1,Bosnia & Herzegovina,Europe,Europe & Central Asia,non-Schengen,m,18_59
2018,2018_I,Ukraine,FALSE,BLR,1,Belarus,Europe,Europe & Central Asia,non-Schengen,f,18_59
2018,2018_I,Ukraine,FALSE,BLR,3,Belarus,Europe,Europe & Central Asia,non-Schengen,m,18_59
2018,2018_I,Ukraine,FALSE,BRA,1,Brazil,Americas,Latin America & Caribbean,non-Schengen,m,18_59
2018,2018_I,Ukraine,FALSE,CAN,1,Canada,Americas,North America,non-Schengen,m,18_59
2018,2018_I,Ukraine,FALSE,GEO,31,Georgia,Asia,Europe & Central Asia,non-Schengen,m,18_59
2018,2018_I,Ukraine,FALSE,GHA,1,Ghana,Africa,Sub-Saharan Africa,non-Schengen,m,18_59
2018,2018_I,Ukraine,FALSE,IND,1,India,Asia,South Asia,non-Schengen,m,60
2018,2018_I,Ukraine,FALSE,KAZ,1,Kazakhstan,Asia,Europe & Central Asia,non-Schengen,m,18_59
2018,2018_I,Ukraine,FALSE,MDA,1,Moldova,Europe,Europe & Central Asia,non-Schengen,f,17
2018,2018_I,Ukraine,FALSE,MDA,100,Moldova,Europe,Europe & Central Asia,non-Schengen,f,18_59
2018,2018_I,Ukraine,FALSE,MDA,4,Moldova,Europe,Europe & Central Asia,non-Schengen,f,60
2018,2018_I,Ukraine,FALSE,MDA,2,Moldova,Europe,Europe & Central Asia,non-Schengen,m,17
2018,2018_I,Ukraine,FALSE,MDA,336,Moldova,Europe,Europe & Central Asia,non-Schengen,m,18_59
2018,2018_I,Ukraine,FALSE,MDA,1,Moldova,Europe,Europe & Central Asia,non-Schengen,m,60
2018,2018_I,Ukraine,FALSE,RUS,5,Russia,Europe,Europe & Central Asia,non-Schengen,f,18_59
2018,2018_I,Ukraine,FALSE,RUS,1,Russia,Europe,Europe & Central Asia,non-Schengen,f,60
2018,2018_I,Ukraine,FALSE,RUS,1,Russia,Europe,Europe & Central Asia,non-Schengen,m,17
2018,2018_I,Ukraine,FALSE,RUS,9,Russia,Europe,Europe & Central Asia,non-Schengen,m,18_59
2018,2018_I,Ukraine,FALSE,TJK,2,Tajikistan,Asia,Europe & Central Asia,non-Schengen,m,18_59
2018,2018_I,Ukraine,FALSE,TUR,6,Turkey,Asia,Europe & Central Asia,non-Schengen,m,18_59
2018,2018_I,Ukraine,FALSE,UKR,12,Ukraine,Europe,Europe & Central Asia,non-Schengen,f,17
2018,2018_I,Ukraine,FALSE,UKR,1724,Ukraine,Europe,Europe & Central Asia,non-Schengen,f,18_59
2018,2018_I,Ukraine,FALSE,UKR,171,Ukraine,Europe,Europe & Central Asia,non-Schengen,f,60
2018,2018_I,Ukraine,FALSE,UKR,25,Ukraine,Europe,Europe & Central Asia,non-Schengen,m,17
2018,2018_I,Ukraine,FALSE,UKR,4027,Ukraine,Europe,Europe & Central Asia,non-Schengen,m,18_59
2018,2018_I,Ukraine,FALSE,UKR,35,Ukraine,Europe,Europe & Central Asia,non-Schengen,m,60
2018,2018_I,country,FALSE,AFG,2,Afghanistan,Asia,"Middle East, North Africa, Afghanistan & Pakistan",non-Schengen,m,18_59
2018,2018_I,country,FALSE,ALB,2,Albania,Europe,Europe & Central Asia,non-Schengen,f,18_59
2018,2018_I,country,FALSE,ALB,2,Albania,Europe,Europe & Central Asia,non-Schengen,m,18_59
2018,2018_I,country,FALSE,ARG,1,Argentina,Americas,Latin America & Caribbean,non-Schengen,m,18_59
2018,2018_I,country,FALSE,ARM,5,Armenia,Asia,Europe & Central Asia,non-Schengen,f,17
2018,2018_I,country,FALSE,ARM,10,Armenia,Asia,Europe & Central Asia,non-Schengen,f,18_59
2018,2018_I,country,FALSE,ARM,2,Armenia,Asia,Europe & Central Asia,non-Schengen,m,17
2018,2018_I,country,FALSE,ARM,12,Armenia,Asia,Europe & Central Asia,non-Schengen,m,18_59
2018,2018_I,country,FALSE,AUS,1,Australia,Oceania,East Asia & Pacific,non-Schengen,f,18_59
2018,2018_I,country,FALSE,AUS,1,Australia,Oceania,East Asia & Pacific,non-Schengen,f,60
2018,2018_I,country,FALSE,AUS,1,Australia,Oceania,East Asia & Pacific,non-Schengen,m,18_59
2018,2018_I,country,FALSE,AZE,1,Azerbaijan,Asia,Europe & Central Asia,non-Schengen,f,18_59
2018,2018_I,country,FALSE,AZE,2,Azerbaijan,Asia,Europe & Central Asia,non-Schengen,m,17
2018,2018_I,country,FALSE,AZE,9,Azerbaijan,Asia,Europe & Central Asia,non-Schengen,m,18_59
2018,2018_I,country,FALSE,BGD,17,Bangladesh,Asia,South Asia,non-Schengen,m,18_59
2018,2018_I,country,FALSE,BGR,1,Bulgaria,Europe,Europe & Central Asia,non-Schengen,m,18_59
2018,2018_I,country,FALSE,BLR,1,Belarus,Europe,Europe & Central Asia,non-Schengen,f,17
2018,2018_I,country,FALSE,BLR,24,Belarus,Europe,Europe & Central Asia,non-Schengen,f,18_59
2018,2018_I,country,FALSE,BLR,2,Belarus,Europe,Europe & Central Asia,non-Schengen,f,60
2018,2018_I,country,FALSE,BLR,1,Belarus,Europe,Europe & Central Asia,non-Schengen,m,17
2018,2018_I,country,FALSE,BLR,84,Belarus,Europe,Europe & Central Asia,non-Schengen,m,18_59
2018,2018_I,country,FALSE,BLR,1,Belarus,Europe,Europe & Central Asia,non-Schengen,m,60
2018,2018_I,country,FALSE,BRA,4,Brazil,Americas,Latin America & Caribbean,non-Schengen,f,18_59
2018,2018_I,country,FALSE,BRA,7,Brazil,Americas,Latin America & Caribbean,non-Schengen,m,18_59
2018,2018_I,country,FALSE,CAN,1,Canada,Americas,North America,non-Schengen,m,18_59
2018,2018_I,country,FALSE,CHN,2,China,Asia,East Asia & Pacific,non-Schengen,f,17
2018,2018_I,country,FALSE,CHN,20,China,Asia,East Asia & Pacific,non-Schengen,f,18_59
2018,2018_I,country,FALSE,CHN,1,China,Asia,East Asia & Pacific,non-Schengen,f,60
2018,2018_I,country,FALSE,CHN,1,China,Asia,East Asia & Pacific,non-Schengen,m,17
2018,2018_I,country,FALSE,CHN,23,China,Asia,East Asia & Pacific,non-Schengen,m,18_59
2018,2018_I,country,FALSE,CIV,1,Côte d’Ivoire,Africa,Sub-Saharan Africa,non-Schengen,f,18_59
2018,2018_I,country,FALSE,CMR,1,Cameroon,Africa,Sub-Saharan Africa,non-Schengen,m,18_59
2018,2018_I,country,FALSE,COD,1,Congo - Kinshasa,Africa,Sub-Saharan Africa,non-Schengen,m,18_59
2018,2018_I,country,FALSE,COG,1,Congo - Brazzaville,Africa,Sub-Saharan Africa,non-Schengen,f,18_59
2018,2018_I,country,FALSE,COG,4,Congo - Brazzaville,Africa,Sub-Saharan Africa,non-Schengen,m,17
2018,2018_I,country,FALSE,COG,5,Congo - Brazzaville,Africa,Sub-Saharan Africa,non-Schengen,m,18_59
2018,2018_I,country,FALSE,COL,1,Colombia,Americas,Latin America & Caribbean,non-Schengen,f,18_59
2018,2018_I,country,FALSE,COL,1,Colombia,Americas,Latin America & Caribbean,non-Schengen,m,18_59
2018,2018_I,country,FALSE,COM,1,Comoros,Africa,Sub-Saharan Africa,non-Schengen,m,18_59
2018,2018_I,country,FALSE,CYP,1,Cyprus,Asia,Europe & Central Asia,non-Schengen,f,18_59
2018,2018_I,country,FALSE,DZA,1,Algeria,Africa,"Middle East, North Africa, Afghanistan & Pakistan",non-Schengen,f,18_59
2018,2018_I,country,FALSE,DZA,31,Algeria,Africa,"Middle East, North Africa, Afghanistan & Pakistan",non-Schengen,m,18_59
2018,2018_I,country,FALSE,EGY,1,Egypt,Africa,"Middle East, North Africa, Afghanistan & Pakistan",non-Schengen,f,60
2018,2018_I,country,FALSE,EGY,15,Egypt,Africa,"Middle East, North Africa, Afghanistan & Pakistan",non-Schengen,m,18_59
2018,2018_I,country,FALSE,GEO,4,Georgia,Asia,Europe & Central Asia,non-Schengen,f,17
2018,2018_I,country,FALSE,GEO,10,Georgia,Asia,Europe & Central Asia,non-Schengen,f,18_59
2018,2018_I,country,FALSE,GEO,2,Georgia,Asia,Europe & Central Asia,non-Schengen,f,60
2018,2018_I,country,FALSE,GEO,5,Georgia,Asia,Europe & Central Asia,non-Schengen,m,17
2018,2018_I,country,FALSE,GEO,118,Georgia,Asia,Europe & Central Asia,non-Schengen,m,18_59
2018,2018_I,country,FALSE,GEO,1,Georgia,Asia,Europe & Central Asia,non-Schengen,m,60
2018,2018_I,country,FALSE,GHA,2,Ghana,Africa,Sub-Saharan Africa,non-Schengen,m,18_59
2018,2018_I,country,FALSE,GIN,3,Guinea,Africa,Sub-Saharan Africa,non-Schengen,m,18_59
2018,2018_I,country,FALSE,HRV,1,Croatia,Europe,Europe & Central Asia,non-Schengen,m,18_59
2018,2018_I,country,FALSE,IND,3,India,Asia,South Asia,non-Schengen,f,18_59
2018,2018_I,country,FALSE,IND,1,India,Asia,South Asia,non-Schengen,m,17
2018,2018_I,country,FALSE,IND,53,India,Asia,South Asia,non-Schengen,m,18_59
2018,2018_I,country,FALSE,IND,1,India,Asia,South Asia,non-Schengen,m,60
2018,2018_I,country,FALSE,IRN,4,Iran,Asia,"Middle East, North Africa, Afghanistan & Pakistan",non-Schengen,f,18_59
2018,2018_I,country,FALSE,IRN,12,Iran,Asia,"Middle East, North Africa, Afghanistan & Pakistan",non-Schengen,m,18_59
2018,2018_I,country,FALSE,IRN,1,Iran,Asia,"Middle East, North Africa, Afghanistan & Pakistan",non-Schengen,m,60
2018,2018_I,country,FALSE,IRQ,1,Iraq,Asia,"Middle East, North Africa, Afghanistan & Pakistan",non-Schengen,f,17
2018,2018_I,country,FALSE,IRQ,4,Iraq,Asia,"Middle East, North Africa, Afghanistan & Pakistan",non-Schengen,f,18_59
2018,2018_I,country,FALSE,IRQ,2,Iraq,Asia,"Middle East, North Africa, Afghanistan & Pakistan",non-Schengen,m,17
2018,2018_I,country,FALSE,IRQ,16,Iraq,Asia,"Middle East, North Africa, Afghanistan & Pakistan",non-Schengen,m,18_59
2018,2018_I,country,FALSE,IRQ,1,Iraq,Asia,"Middle East, North Africa, Afghanistan & Pakistan",non-Schengen,m,60
2018,2018_I,country,FALSE,ISR,1,Israel,Asia,"Middle East, North Africa, Afghanistan & Pakistan",non-Schengen,m,18_59
2018,2018_I,country,FALSE,JAM,1,Jamaica,Americas,Latin America & Caribbean,non-Schengen,m,18_59
2018,2018_I,country,FALSE,JOR,2,Jordan,Asia,"Middle East, North Africa, Afghanistan & Pakistan",non-Schengen,m,18_59
2018,2018_I,country,FALSE,KAZ,2,Kazakhstan,Asia,Europe & Central Asia,non-Schengen,f,17
2018,2018_I,country,FALSE,KAZ,7,Kazakhstan,Asia,Europe & Central Asia,non-Schengen,f,18_59
2018,2018_I,country,FALSE,KAZ,1,Kazakhstan,Asia,Europe & Central Asia,non-Schengen,m,17
2018,2018_I,country,FALSE,KAZ,8,Kazakhstan,Asia,Europe & Central Asia,non-Schengen,m,18_59
2018,2018_I,country,FALSE,KGZ,4,Kyrgyzstan,Asia,Europe & Central Asia,non-Schengen,f,17
2018,2018_I,country,FALSE,KGZ,8,Kyrgyzstan,Asia,Europe & Central Asia,non-Schengen,f,18_59
2018,2018_I,country,FALSE,KGZ,3,Kyrgyzstan,Asia,Europe & Central Asia,non-Schengen,m,17
2018,2018_I,country,FALSE,KGZ,7,Kyrgyzstan,Asia,Europe & Central Asia,non-Schengen,m,18_59
2018,2018_I,country,FALSE,KOR,3,South Korea,Asia,East Asia & Pacific,non-Schengen,m,18_59
2018,2018_I,country,FALSE,LBN,3,Lebanon,Asia,"Middle East, North Africa, Afghanistan & Pakistan",non-Schengen,m,18_59
2018,2018_I,country,FALSE,LBY,1,Libya,Africa,"Middle East, North Africa, Afghanistan & Pakistan",non-Schengen,f,18_59
2018,2018_I,country,FALSE,LBY,2,Libya,Africa,"Middle East, North Africa, Afghanistan & Pakistan",non-Schengen,m,18_59
2018,2018_I,country,FALSE,LKA,1,Sri Lanka,Asia,South Asia,non-Schengen,m,18_59
2018,2018_I,country,FALSE,MAR,8,Morocco,Africa,"Middle East, North Africa, Afghanistan & Pakistan",non-Schengen,m,18_59
2018,2018_I,country,FALSE,MDA,2,Moldova,Europe,Europe & Central Asia,non-Schengen,f,17
2018,2018_I,country,FALSE,MDA,13,Moldova,Europe,Europe & Central Asia,non-Schengen,f,18_59
2018,2018_I,country,FALSE,MDA,3,Moldova,Europe,Europe & Central Asia,non-Schengen,m,17
2018,2018_I,country,FALSE,MDA,30,Moldova,Europe,Europe & Central Asia,non-Schengen,m,18_59
2018,2018_I,country,FALSE,MDA,1,Moldova,Europe,Europe & Central Asia,non-Schengen,m,60
2018,2018_I,country,FALSE,MEX,1,Mexico,Americas,Latin America & Caribbean,non-Schengen,m,18_59
2018,2018_I,country,FALSE,MKD,1,North Macedonia,Europe,Europe & Central Asia,non-Schengen,f,18_59
2018,2018_I,country,FALSE,MKD,1,North Macedonia,Europe,Europe & Central Asia,non-Schengen,m,18_59
2018,2018_I,country,FALSE,MLI,1,Mali,Africa,Sub-Saharan Africa,non-Schengen,m,18_59
2018,2018_I,country,FALSE,MNG,1,Mongolia,Asia,East Asia & Pacific,non-Schengen,m,18_59
2018,2018_I,country,FALSE,NGA,10,Nigeria,Africa,Sub-Saharan Africa,non-Schengen,m,18_59
2018,2018_I,country,FALSE,NPL,20,Nepal,Asia,South Asia,non-Schengen,m,18_59
2018,2018_I,country,FALSE,NZL,1,New Zealand,Oceania,East Asia & Pacific,non-Schengen,m,18_59
2018,2018_I,country,FALSE,PAK,2,Pakistan,Asia,"Middle East, North Africa, Afghanistan & Pakistan",non-Schengen,f,18_59
2018,2018_I,country,FALSE,PAK,35,Pakistan,Asia,"Middle East, North Africa, Afghanistan & Pakistan",non-Schengen,m,18_59
2018,2018_I,country,FALSE,PAK,1,Pakistan,Asia,"Middle East, North Africa, Afghanistan & Pakistan",non-Schengen,m,60
2018,2018_I,country,FALSE,PHL,2,Philippines,Asia,East Asia & Pacific,non-Schengen,f,18_59
2018,2018_I,country,FALSE,PHL,1,Philippines,Asia,East Asia & Pacific,non-Schengen,m,18_59
2018,2018_I,country,FALSE,PSE,3,Palestinian Territories,Asia,"Middle East, North Africa, Afghanistan & Pakistan",non-Schengen,m,18_59
2018,2018_I,country,FALSE,RUS,59,Russia,Europe,Europe & Central Asia,non-Schengen,f,17
2018,2018_I,country,FALSE,RUS,63,Russia,Europe,Europe & Central Asia,non-Schengen,f,18_59
2018,2018_I,country,FALSE,RUS,5,Russia,Europe,Europe & Central Asia,non-Schengen,f,60
2018,2018_I,country,FALSE,RUS,45,Russia,Europe,Europe & Central Asia,non-Schengen,m,17
2018,2018_I,country,FALSE,RUS,102,Russia,Europe,Europe & Central Asia,non-Schengen,m,18_59
2018,2018_I,country,FALSE,RUS,1,Russia,Europe,Europe & Central Asia,non-Schengen,m,60
2018,2018_I,country,FALSE,SAU,3,Saudi Arabia,Asia,"Middle East, North Africa, Afghanistan & Pakistan",non-Schengen,f,18_59
2018,2018_I,country,FALSE,SAU,7,Saudi Arabia,Asia,"Middle East, North Africa, Afghanistan & Pakistan",non-Schengen,m,18_59
2018,2018_I,country,FALSE,SDN,2,Sudan,Africa,Sub-Saharan Africa,non-Schengen,m,18_59
2018,2018_I,country,FALSE,SEN,3,Senegal,Africa,Sub-Saharan Africa,non-Schengen,m,18_59
2018,2018_I,country,FALSE,SRB,1,Serbia,Europe,Europe & Central Asia,non-Schengen,m,18_59
2018,2018_I,country,FALSE,SYR,1,Syria,Asia,"Middle East, North Africa, Afghanistan & Pakistan",non-Schengen,f,18_59
2018,2018_I,country,FALSE,SYR,6,Syria,Asia,"Middle East, North Africa, Afghanistan & Pakistan",non-Schengen,m,18_59
2018,2018_I,country,FALSE,THA,3,Thailand,Asia,East Asia & Pacific,non-Schengen,m,18_59
2018,2018_I,country,FALSE,TJK,9,Tajikistan,Asia,Europe & Central Asia,non-Schengen,f,17
2018,2018_I,country,FALSE,TJK,6,Tajikistan,Asia,Europe & Central Asia,non-Schengen,f,18_59
2018,2018_I,country,FALSE,TJK,6,Tajikistan,Asia,Europe & Central Asia,non-Schengen,m,17
2018,2018_I,country,FALSE,TJK,12,Tajikistan,Asia,Europe & Central Asia,non-Schengen,m,18_59
2018,2018_I,country,FALSE,TUN,8,Tunisia,Africa,"Middle East, North Africa, Afghanistan & Pakistan",non-Schengen,m,18_59
2018,2018_I,country,FALSE,TUR,3,Turkey,Asia,Europe & Central Asia,non-Schengen,f,18_59
2018,2018_I,country,FALSE,TUR,25,Turkey,Asia,Europe & Central Asia,non-Schengen,m,18_59
2018,2018_I,country,FALSE,TWN,5,Taiwan,Asia,East Asia & Pacific,non-Schengen,f,18_59
2018,2018_I,country,FALSE,TWN,37,Taiwan,Asia,East Asia & Pacific,non-Schengen,m,18_59
2018,2018_I,country,FALSE,UKR,34,Ukraine,Europe,Europe & Central Asia,non-Schengen,f,17
2018,2018_I,country,FALSE,UKR,512,Ukraine,Europe,Europe & Central Asia,non-Schengen,f,18_59
2018,2018_I,country,FALSE,UKR,34,Ukraine,Europe,Europe & Central Asia,non-Schengen,f,60
2018,2018_I,country,FALSE,UKR,32,Ukraine,Europe,Europe & Central Asia,non-Schengen,m,17
2018,2018_I,country,FALSE,UKR,1223,Ukraine,Europe,Europe & Central Asia,non-Schengen,m,18_59
2018,2018_I,country,FALSE,UKR,7,Ukraine,Europe,Europe & Central Asia,non-Schengen,m,60
2018,2018_I,country,FALSE,UNK,1,unknown,other/unknown,other/unknown,non-Schengen,m,18_59
2018,2018_I,country,FALSE,USA,1,United States,Americas,North America,non-Schengen,f,18_59
2018,2018_I,country,FALSE,USA,5,United States,Americas,North America,non-Schengen,m,18_59
2018,2018_I,country,FALSE,UZB,4,Uzbekistan,Asia,Europe & Central Asia,non-Schengen,f,18_59
2018,2018_I,country,FALSE,UZB,19,Uzbekistan,Asia,Europe & Central Asia,non-Schengen,m,18_59
2018,2018_I,country,FALSE,VEN,1,Venezuela,Americas,Latin America & Caribbean,non-Schengen,m,18_59
2018,2018_I,country,FALSE,VNM,14,Vietnam,Asia,East Asia & Pacific,non-Schengen,f,18_59
2018,2018_I,country,FALSE,VNM,4,Vietnam,Asia,East Asia & Pacific,non-Schengen,f,60
2018,2018_I,country,FALSE,VNM,3,Vietnam,Asia,East Asia & Pacific,non-Schengen,m,17
2018,2018_I,country,FALSE,VNM,44,Vietnam,Asia,East Asia & Pacific,non-Schengen,m,18_59
2018,2018_I,country,FALSE,XXX,1,Stateless,other/unknown,other/unknown,non-Schengen,f,18_59
2018,2018_I,country,FALSE,XXX,4,Stateless,other/unknown,other/unknown,non-Schengen,m,18_59
2018,2018_I,country,FALSE,YEM,3,Yemen,Asia,"Middle East, North Africa, Afghanistan & Pakistan",non-Schengen,m,18_59
2018,2018_I,country,FALSE,ZAF,1,South Africa,Africa,Sub-Saharan Africa,non-Schengen,m,18_59
2018,2018_I,country,FALSE,ZWE,1,Zimbabwe,Africa,Sub-Saharan Africa,non-Schengen,f,18_59
2018,2018_I,country,FALSE,ZWE,1,Zimbabwe,Africa,Sub-Saharan Africa,non-Schengen,m,18_59
2018,2018_I,country,TRUE,BGD,1,Bangladesh,Asia,South Asia,non-Schengen,m,18_59
2018,2018_I,country,TRUE,PAK,1,Pakistan,Asia,"Middle East, North Africa, Afghanistan & Pakistan",non-Schengen,m,18_59
2018,2018_I,country,TRUE,SYR,2,Syria,Asia,"Middle East, North Africa, Afghanistan & Pakistan",non-Schengen,m,18_59
2018,2018_I,country,TRUE,TUR,1,Turkey,Asia,Europe & Central Asia,non-Schengen,m,18_59
2018,2018_I,country,TRUE,UKR,1,Ukraine,Europe,Europe & Central Asia,non-Schengen,f,18_59
2018,2018_I,country,TRUE,UKR,9,Ukraine,Europe,Europe & Central Asia,non-Schengen,m,18_59
2018,2018_I,external air,FALSE,AFG,1,Afghanistan,Asia,"Middle East, North Africa, Afghanistan & Pakistan",non-Schengen,m,18_59
2018,2018_I,external air,FALSE,ALB,1,Albania,Europe,Europe & Central Asia,non-Schengen,m,18_59
2018,2018_I,external air,FALSE,ARM,11,Armenia,Asia,Europe & Central Asia,non-Schengen,f,18_59
2018,2018_I,external air,FALSE,ARM,6,Armenia,Asia,Europe & Central Asia,non-Schengen,f,60
2018,2018_I,external air,FALSE,ARM,12,Armenia,Asia,Europe & Central Asia,non-Schengen,m,18_59
2018,2018_I,external air,FALSE,ARM,1,Armenia,Asia,Europe & Central Asia,non-Schengen,m,60
2018,2018_I,external air,FALSE,AUS,1,Australia,Oceania,East Asia & Pacific,non-Schengen,f,18_59
2018,2018_I,external air,FALSE,AUS,1,Australia,Oceania,East Asia & Pacific,non-Schengen,f,60
2018,2018_I,external air,FALSE,AUS,4,Australia,Oceania,East Asia & Pacific,non-Schengen,m,18_59
2018,2018_I,external air,FALSE,AZE,4,Azerbaijan,Asia,Europe & Central Asia,non-Schengen,f,18_59
2018,2018_I,external air,FALSE,BHR,1,Bahrain,Asia,"Middle East, North Africa, Afghanistan & Pakistan",non-Schengen,m,18_59
2018,2018_I,external air,FALSE,BIH,1,Bosnia & Herzegovina,Europe,Europe & Central Asia,non-Schengen,m,18_59
2018,2018_I,external air,FALSE,BLR,6,Belarus,Europe,Europe & Central Asia,non-Schengen,f,18_59
2018,2018_I,external air,FALSE,BLR,1,Belarus,Europe,Europe & Central Asia,non-Schengen,f,60
2018,2018_I,external air,FALSE,BRA,1,Brazil,Americas,Latin America & Caribbean,non-Schengen,m,18_59
2018,2018_I,external air,FALSE,CAN,3,Canada,Americas,North America,non-Schengen,f,18_59
2018,2018_I,external air,FALSE,CAN,3,Canada,Americas,North America,non-Schengen,f,60
2018,2018_I,external air,FALSE,CAN,7,Canada,Americas,North America,non-Schengen,m,18_59
2018,2018_I,external air,FALSE,CHN,20,China,Asia,East Asia & Pacific,non-Schengen,f,18_59
2018,2018_I,external air,FALSE,CHN,2,China,Asia,East Asia & Pacific,non-Schengen,f,60
2018,2018_I,external air,FALSE,CHN,45,China,Asia,East Asia & Pacific,non-Schengen,m,18_59
2018,2018_I,external air,FALSE,CHN,3,China,Asia,East Asia & Pacific,non-Schengen,m,60
2018,2018_I,external air,FALSE,COL,1,Colombia,Americas,Latin America & Caribbean,non-Schengen,m,18_59
2018,2018_I,external air,FALSE,CUB,1,Cuba,Americas,Latin America & Caribbean,non-Schengen,f,18_59
2018,2018_I,external air,FALSE,CUB,1,Cuba,Americas,Latin America & Caribbean,non-Schengen,m,18_59
2018,2018_I,external air,FALSE,EGY,1,Egypt,Africa,"Middle East, North Africa, Afghanistan & Pakistan",non-Schengen,f,18_59
2018,2018_I,external air,FALSE,EGY,5,Egypt,Africa,"Middle East, North Africa, Afghanistan & Pakistan",non-Schengen,m,18_59
2018,2018_I,external air,FALSE,GEO,8,Georgia,Asia,Europe & Central Asia,non-Schengen,f,18_59
2018,2018_I,external air,FALSE,GEO,1,Georgia,Asia,Europe & Central Asia,non-Schengen,f,60
2018,2018_I,external air,FALSE,GEO,41,Georgia,Asia,Europe & Central Asia,non-Schengen,m,18_59
2018,2018_I,external air,FALSE,IDN,1,Indonesia,Asia,East Asia & Pacific,non-Schengen,f,18_59
2018,2018_I,external air,FALSE,IDN,3,Indonesia,Asia,East Asia & Pacific,non-Schengen,m,18_59
2018,2018_I,external air,FALSE,IND,1,India,Asia,South Asia,non-Schengen,f,17
2018,2018_I,external air,FALSE,IND,7,India,Asia,South Asia,non-Schengen,f,18_59
2018,2018_I,external air,FALSE,IND,15,India,Asia,South Asia,non-Schengen,m,18_59
2018,2018_I,external air,FALSE,IND,1,India,Asia,South Asia,non-Schengen,m,60
2018,2018_I,external air,FALSE,IRN,1,Iran,Asia,"Middle East, North Africa, Afghanistan & Pakistan",non-Schengen,f,60
2018,2018_I,external air,FALSE,IRN,1,Iran,Asia,"Middle East, North Africa, Afghanistan & Pakistan",non-Schengen,m,18_59
2018,2018_I,external air,FALSE,IRQ,1,Iraq,Asia,"Middle East, North Africa, Afghanistan & Pakistan",non-Schengen,f,18_59
2018,2018_I,external air,FALSE,IRQ,2,Iraq,Asia,"Middle East, North Africa, Afghanistan & Pakistan",non-Schengen,m,18_59
2018,2018_I,external air,FALSE,JOR,3,Jordan,Asia,"Middle East, North Africa, Afghanistan & Pakistan",non-Schengen,m,18_59
2018,2018_I,external air,FALSE,KAZ,1,Kazakhstan,Asia,Europe & Central Asia,non-Schengen,f,17
2018,2018_I,external air,FALSE,KAZ,8,Kazakhstan,Asia,Europe & Central Asia,non-Schengen,f,18_59
2018,2018_I,external air,FALSE,KAZ,1,Kazakhstan,Asia,Europe & Central Asia,non-Schengen,f,60
2018,2018_I,external air,FALSE,KAZ,7,Kazakhstan,Asia,Europe & Central Asia,non-Schengen,m,18_59
2018,2018_I,external air,FALSE,KAZ,1,Kazakhstan,Asia,Europe & Central Asia,non-Schengen,m,60
2018,2018_I,external air,FALSE,KEN,1,Kenya,Africa,Sub-Saharan Africa,non-Schengen,f,18_59
2018,2018_I,external air,FALSE,KEN,1,Kenya,Africa,Sub-Saharan Africa,non-Schengen,m,18_59
2018,2018_I,external air,FALSE,KGZ,2,Kyrgyzstan,Asia,Europe & Central Asia,non-Schengen,m,18_59
2018,2018_I,external air,FALSE,KWT,1,Kuwait,Asia,"Middle East, North Africa, Afghanistan & Pakistan",non-Schengen,m,18_59
2018,2018_I,external air,FALSE,LBY,1,Libya,Africa,"Middle East, North Africa, Afghanistan & Pakistan",non-Schengen,m,18_59
2018,2018_I,external air,FALSE,MAR,1,Morocco,Africa,"Middle East, North Africa, Afghanistan & Pakistan",non-Schengen,m,18_59
2018,2018_I,external air,FALSE,MDA,5,Moldova,Europe,Europe & Central Asia,non-Schengen,f,18_59
2018,2018_I,external air,FALSE,MDA,18,Moldova,Europe,Europe & Central Asia,non-Schengen,m,18_59
2018,2018_I,external air,FALSE,MKD,1,North Macedonia,Europe,Europe & Central Asia,non-Schengen,m,18_59
2018,2018_I,external air,FALSE,MNG,2,Mongolia,Asia,East Asia & Pacific,non-Schengen,f,18_59
2018,2018_I,external air,FALSE,MNG,5,Mongolia,Asia,East Asia & Pacific,non-Schengen,f,60
2018,2018_I,external air,FALSE,MNG,1,Mongolia,Asia,East Asia & Pacific,non-Schengen,m,18_59
2018,2018_I,external air,FALSE,MNG,1,Mongolia,Asia,East Asia & Pacific,non-Schengen,m,60
2018,2018_I,external air,FALSE,NGA,1,Nigeria,Africa,Sub-Saharan Africa,non-Schengen,f,18_59
2018,2018_I,external air,FALSE,NGA,1,Nigeria,Africa,Sub-Saharan Africa,non-Schengen,m,18_59
2018,2018_I,external air,FALSE,NPL,1,Nepal,Asia,South Asia,non-Schengen,m,18_59
2018,2018_I,external air,FALSE,NZL,2,New Zealand,Oceania,East Asia & Pacific,non-Schengen,m,18_59
2018,2018_I,external air,FALSE,PAK,1,Pakistan,Asia,"Middle East, North Africa, Afghanistan & Pakistan",non-Schengen,f,18_59
2018,2018_I,external air,FALSE,PAK,1,Pakistan,Asia,"Middle East, North Africa, Afghanistan & Pakistan",non-Schengen,m,18_59
2018,2018_I,external air,FALSE,PER,1,Peru,Americas,Latin America & Caribbean,non-Schengen,f,18_59
2018,2018_I,external air,FALSE,PSE,1,Palestinian Territories,Asia,"Middle East, North Africa, Afghanistan & Pakistan",non-Schengen,m,18_59
2018,2018_I,external air,FALSE,PSE,1,Palestinian Territories,Asia,"Middle East, North Africa, Afghanistan & Pakistan",non-Schengen,m,60
2018,2018_I,external air,FALSE,RUS,4,Russia,Europe,Europe & Central Asia,non-Schengen,f,17
2018,2018_I,external air,FALSE,RUS,15,Russia,Europe,Europe & Central Asia,non-Schengen,f,18_59
2018,2018_I,external air,FALSE,RUS,3,Russia,Europe,Europe & Central Asia,non-Schengen,f,60
2018,2018_I,external air,FALSE,RUS,15,Russia,Europe,Europe & Central Asia,non-Schengen,m,18_59
2018,2018_I,external air,FALSE,RUS,1,Russia,Europe,Europe & Central Asia,non-Schengen,m,60
2018,2018_I,external air,FALSE,SAU,2,Saudi Arabia,Asia,"Middle East, North Africa, Afghanistan & Pakistan",non-Schengen,f,18_59
2018,2018_I,external air,FALSE,SAU,3,Saudi Arabia,Asia,"Middle East, North Africa, Afghanistan & Pakistan",non-Schengen,m,18_59
2018,2018_I,external air,FALSE,SRB,4,Serbia,Europe,Europe & Central Asia,non-Schengen,m,18_59
2018,2018_I,external air,FALSE,SYR,1,Syria,Asia,"Middle East, North Africa, Afghanistan & Pakistan",non-Schengen,m,18_59
2018,2018_I,external air,FALSE,THA,1,Thailand,Asia,East Asia & Pacific,non-Schengen,m,18_59
2018,2018_I,external air,FALSE,TKM,1,Turkmenistan,Asia,Europe & Central Asia,non-Schengen,m,18_59
2018,2018_I,external air,FALSE,TUR,1,Turkey,Asia,Europe & Central Asia,non-Schengen,f,17
2018,2018_I,external air,FALSE,TUR,3,Turkey,Asia,Europe & Central Asia,non-Schengen,f,18_59
2018,2018_I,external air,FALSE,TUR,1,Turkey,Asia,Europe & Central Asia,non-Schengen,f,60
2018,2018_I,external air,FALSE,TUR,13,Turkey,Asia,Europe & Central Asia,non-Schengen,m,18_59
2018,2018_I,external air,FALSE,TWN,1,Taiwan,Asia,East Asia & Pacific,non-Schengen,f,18_59
2018,2018_I,external air,FALSE,UGA,1,Uganda,Africa,Sub-Saharan Africa,non-Schengen,f,18_59
2018,2018_I,external air,FALSE,UKR,1,Ukraine,Europe,Europe & Central Asia,non-Schengen,f,17
2018,2018_I,external air,FALSE,UKR,80,Ukraine,Europe,Europe & Central Asia,non-Schengen,f,18_59
2018,2018_I,external air,FALSE,UKR,7,Ukraine,Europe,Europe & Central Asia,non-Schengen,f,60
2018,2018_I,external air,FALSE,UKR,6,Ukraine,Europe,Europe & Central Asia,non-Schengen,m,17
2018,2018_I,external air,FALSE,UKR,76,Ukraine,Europe,Europe & Central Asia,non-Schengen,m,18_59
2018,2018_I,external air,FALSE,UZB,3,Uzbekistan,Asia,Europe & Central Asia,non-Schengen,m,18_59
2018,2018_I,external air,FALSE,UZB,1,Uzbekistan,Asia,Europe & Central Asia,non-Schengen,m,60
2018,2018_I,external air,FALSE,VNM,1,Vietnam,Asia,East Asia & Pacific,non-Schengen,f,18_59
2018,2018_I,external air,FALSE,VNM,2,Vietnam,Asia,East Asia & Pacific,non-Schengen,f,60
2018,2018_I,external air,FALSE,VNM,1,Vietnam,Asia,East Asia & Pacific,non-Schengen,m,17
2018,2018_I,external air,FALSE,VNM,2,Vietnam,Asia,East Asia & Pacific,non-Schengen,m,18_59
2018,2018_I,external air,FALSE,XXX,1,Stateless,other/unknown,other/unknown,non-Schengen,f,18_59
2018,2018_I,external air,FALSE,ZWE,1,Zimbabwe,Africa,Sub-Saharan Africa,non-Schengen,f,18_59
2018,2018_I,external air,FALSE,ZWE,1,Zimbabwe,Africa,Sub-Saharan Africa,non-Schengen,m,18_59
2018,2018_II,Belarus,FALSE,ARM,6,Armenia,Asia,Europe & Central Asia,non-Schengen,m,18_59
2018,2018_II,Belarus,FALSE,ATG,1,Antigua & Barbuda,Americas,Latin America & Caribbean,non-Schengen,m,18_59
2018,2018_II,Belarus,FALSE,AZE,2,Azerbaijan,Asia,Europe & Central Asia,non-Schengen,m,18_59
2018,2018_II,Belarus,FALSE,BLR,15,Belarus,Europe,Europe & Central Asia,non-Schengen,f,17
2018,2018_II,Belarus,FALSE,BLR,196,Belarus,Europe,Europe & Central Asia,non-Schengen,f,18_59
2018,2018_II,Belarus,FALSE,BLR,53,Belarus,Europe,Europe & Central Asia,non-Schengen,f,60
2018,2018_II,Belarus,FALSE,BLR,16,Belarus,Europe,Europe & Central Asia,non-Schengen,m,17
2018,2018_II,Belarus,FALSE,BLR,485,Belarus,Europe,Europe & Central Asia,non-Schengen,m,18_59
2018,2018_II,Belarus,FALSE,BLR,5,Belarus,Europe,Europe & Central Asia,non-Schengen,m,60
2018,2018_II,Belarus,FALSE,BRA,1,Brazil,Americas,Latin America & Caribbean,non-Schengen,m,18_59
2018,2018_II,Belarus,FALSE,CHN,1,China,Asia,East Asia & Pacific,non-Schengen,m,18_59
2018,2018_II,Belarus,FALSE,ECU,1,Ecuador,Americas,Latin America & Caribbean,non-Schengen,m,18_59
2018,2018_II,Belarus,FALSE,GEO,2,Georgia,Asia,Europe & Central Asia,non-Schengen,m,18_59
2018,2018_II,Belarus,FALSE,KAZ,1,Kazakhstan,Asia,Europe & Central Asia,non-Schengen,f,17
2018,2018_II,Belarus,FALSE,KAZ,5,Kazakhstan,Asia,Europe & Central Asia,non-Schengen,f,18_59
2018,2018_II,Belarus,FALSE,KAZ,3,Kazakhstan,Asia,Europe & Central Asia,non-Schengen,f,60
2018,2018_II,Belarus,FALSE,KAZ,2,Kazakhstan,Asia,Europe & Central Asia,non-Schengen,m,17
2018,2018_II,Belarus,FALSE,KAZ,8,Kazakhstan,Asia,Europe & Central Asia,non-Schengen,m,18_59
2018,2018_II,Belarus,FALSE,KGZ,1,Kyrgyzstan,Asia,Europe & Central Asia,non-Schengen,m,18_59
2018,2018_II,Belarus,FALSE,MDA,1,Moldova,Europe,Europe & Central Asia,non-Schengen,f,18_59
2018,2018_II,Belarus,FALSE,MDA,1,Moldova,Europe,Europe & Central Asia,non-Schengen,m,18_59
2018,2018_II,Belarus,FALSE,MNG,1,Mongolia,Asia,East Asia & Pacific,non-Schengen,f,18_59
2018,2018_II,Belarus,FALSE,MNG,1,Mongolia,Asia,East Asia & Pacific,non-Schengen,m,17
2018,2018_II,Belarus,FALSE,MNG,9,Mongolia,Asia,East Asia & Pacific,non-Schengen,m,18_59
2018,2018_II,Belarus,FALSE,PAK,1,Pakistan,Asia,"Middle East, North Africa, Afghanistan & Pakistan",non-Schengen,f,17
2018,2018_II,Belarus,FALSE,RUS,38,Russia,Europe,Europe & Central Asia,non-Schengen,f,17
2018,2018_II,Belarus,FALSE,RUS,85,Russia,Europe,Europe & Central Asia,non-Schengen,f,18_59
2018,2018_II,Belarus,FALSE,RUS,34,Russia,Europe,Europe & Central Asia,non-Schengen,f,60
2018,2018_II,Belarus,FALSE,RUS,43,Russia,Europe,Europe & Central Asia,non-Schengen,m,17
2018,2018_II,Belarus,FALSE,RUS,126,Russia,Europe,Europe & Central Asia,non-Schengen,m,18_59
2018,2018_II,Belarus,FALSE,RUS,13,Russia,Europe,Europe & Central Asia,non-Schengen,m,60
2018,2018_II,Belarus,FALSE,TJK,7,Tajikistan,Asia,Europe & Central Asia,non-Schengen,m,18_59
2018,2018_II,Belarus,FALSE,UKR,5,Ukraine,Europe,Europe & Central Asia,non-Schengen,f,18_59
2018,2018_II,Belarus,FALSE,UKR,1,Ukraine,Europe,Europe & Central Asia,non-Schengen,f,60
2018,2018_II,Belarus,FALSE,UKR,3,Ukraine,Europe,Europe & Central Asia,non-Schengen,m,17
2018,2018_II,Belarus,FALSE,UKR,24,Ukraine,Europe,Europe & Central Asia,non-Schengen,m,18_59
2018,2018_II,Belarus,FALSE,UKR,1,Ukraine,Europe,Europe & Central Asia,non-Schengen,m,60
2018,2018_II,Belarus,FALSE,UZB,1,Uzbekistan,Asia,Europe & Central Asia,non-Schengen,f,18_59
2018,2018_II,Belarus,FALSE,UZB,5,Uzbekistan,Asia,Europe & Central Asia,non-Schengen,m,18_59
2018,2018_II,Belarus,FALSE,XXX,1,Stateless,other/unknown,other/unknown,non-Schengen,f,17
2018,2018_II,Belarus,FALSE,XXX,1,Stateless,other/unknown,other/unknown,non-Schengen,m,17
2018,2018_II,Belarus,FALSE,XXX,2,Stateless,other/unknown,other/unknown,non-Schengen,m,18_59
2018,2018_II,Russia,FALSE,ARM,1,Armenia,Asia,Europe & Central Asia,non-Schengen,m,18_59
2018,2018_II,Russia,FALSE,BLR,2,Belarus,Europe,Europe & Central Asia,non-Schengen,m,18_59
2018,2018_II,Russia,FALSE,GEO,1,Georgia,Asia,Europe & Central Asia,non-Schengen,m,18_59
2018,2018_II,Russia,FALSE,HND,1,Honduras,Americas,Latin America & Caribbean,non-Schengen,m,18_59
2018,2018_II,Russia,FALSE,KAZ,1,Kazakhstan,Asia,Europe & Central Asia,non-Schengen,f,17
2018,2018_II,Russia,FALSE,KAZ,2,Kazakhstan,Asia,Europe & Central Asia,non-Schengen,f,18_59
2018,2018_II,Russia,FALSE,KAZ,1,Kazakhstan,Asia,Europe & Central Asia,non-Schengen,f,60
2018,2018_II,Russia,FALSE,KAZ,2,Kazakhstan,Asia,Europe & Central Asia,non-Schengen,m,17
2018,2018_II,Russia,FALSE,KAZ,1,Kazakhstan,Asia,Europe & Central Asia,non-Schengen,m,18_59
2018,2018_II,Russia,FALSE,KOR,1,South Korea,Asia,East Asia & Pacific,non-Schengen,m,18_59
2018,2018_II,Russia,FALSE,MDA,1,Moldova,Europe,Europe & Central Asia,non-Schengen,m,18_59
2018,2018_II,Russia,FALSE,RUS,8,Russia,Europe,Europe & Central Asia,non-Schengen,f,17
2018,2018_II,Russia,FALSE,RUS,68,Russia,Europe,Europe & Central Asia,non-Schengen,f,18_59
2018,2018_II,Russia,FALSE,RUS,13,Russia,Europe,Europe & Central Asia,non-Schengen,f,60
2018,2018_II,Russia,FALSE,RUS,9,Russia,Europe,Europe & Central Asia,non-Schengen,m,17
2018,2018_II,Russia,FALSE,RUS,63,Russia,Europe,Europe & Central Asia,non-Schengen,m,18_59
2018,2018_II,Russia,FALSE,RUS,1,Russia,Europe,Europe & Central Asia,non-Schengen,m,60
2018,2018_II,Russia,FALSE,TUR,1,Turkey,Asia,Europe & Central Asia,non-Schengen,m,18_59
2018,2018_II,Ukraine,FALSE,ARM,1,Armenia,Asia,Europe & Central Asia,non-Schengen,m,18_59
2018,2018_II,Ukraine,FALSE,ARM,1,Armenia,Asia,Europe & Central Asia,non-Schengen,m,60
2018,2018_II,Ukraine,FALSE,AZE,1,Azerbaijan,Asia,Europe & Central Asia,non-Schengen,f,18_59
2018,2018_II,Ukraine,FALSE,AZE,2,Azerbaijan,Asia,Europe & Central Asia,non-Schengen,m,18_59
2018,2018_II,Ukraine,FALSE,BGD,1,Bangladesh,Asia,South Asia,non-Schengen,m,18_59
2018,2018_II,Ukraine,FALSE,BLR,2,Belarus,Europe,Europe & Central Asia,non-Schengen,f,18_59
2018,2018_II,Ukraine,FALSE,BLR,6,Belarus,Europe,Europe & Central Asia,non-Schengen,m,18_59
2018,2018_II,Ukraine,FALSE,CAN,1,Canada,Americas,North America,non-Schengen,f,18_59
2018,2018_II,Ukraine,FALSE,COG,1,Congo - Brazzaville,Africa,Sub-Saharan Africa,non-Schengen,f,18_59
2018,2018_II,Ukraine,FALSE,GEO,2,Georgia,Asia,Europe & Central Asia,non-Schengen,f,18_59
2018,2018_II,Ukraine,FALSE,GEO,15,Georgia,Asia,Europe & Central Asia,non-Schengen,m,18_59
2018,2018_II,Ukraine,FALSE,GHA,1,Ghana,Africa,Sub-Saharan Africa,non-Schengen,m,18_59
2018,2018_II,Ukraine,FALSE,IDN,1,Indonesia,Asia,East Asia & Pacific,non-Schengen,f,18_59
2018,2018_II,Ukraine,FALSE,IND,2,India,Asia,South Asia,non-Schengen,m,18_59
2018,2018_II,Ukraine,FALSE,IRN,1,Iran,Asia,"Middle East, North Africa, Afghanistan & Pakistan",non-Schengen,m,18_59
2018,2018_II,Ukraine,FALSE,IRQ,1,Iraq,Asia,"Middle East, North Africa, Afghanistan & Pakistan",non-Schengen,m,18_59
2018,2018_II,Ukraine,FALSE,ISR,1,Israel,Asia,"Middle East, North Africa, Afghanistan & Pakistan",non-Schengen,f,18_59
2018,2018_II,Ukraine,FALSE,ISR,1,Israel,Asia,"Middle East, North Africa, Afghanistan & Pakistan",non-Schengen,m,18_59
2018,2018_II,Ukraine,FALSE,KAZ,1,Kazakhstan,Asia,Europe & Central Asia,non-Schengen,f,18_59
2018,2018_II,Ukraine,FALSE,KAZ,4,Kazakhstan,Asia,Europe & Central Asia,non-Schengen,m,18_59
2018,2018_II,Ukraine,FALSE,KGZ,1,Kyrgyzstan,Asia,Europe & Central Asia,non-Schengen,m,18_59
2018,2018_II,Ukraine,FALSE,MDA,4,Moldova,Europe,Europe & Central Asia,non-Schengen,f,17
2018,2018_II,Ukraine,FALSE,MDA,107,Moldova,Europe,Europe & Central Asia,non-Schengen,f,18_59
2018,2018_II,Ukraine,FALSE,MDA,6,Moldova,Europe,Europe & Central Asia,non-Schengen,f,60
2018,2018_II,Ukraine,FALSE,MDA,3,Moldova,Europe,Europe & Central Asia,non-Schengen,m,17
2018,2018_II,Ukraine,FALSE,MDA,368,Moldova,Europe,Europe & Central Asia,non-Schengen,m,18_59
2018,2018_II,Ukraine,FALSE,MKD,1,North Macedonia,Europe,Europe & Central Asia,non-Schengen,m,18_59
2018,2018_II,Ukraine,FALSE,RUS,10,Russia,Europe,Europe & Central Asia,non-Schengen,f,18_59
2018,2018_II,Ukraine,FALSE,RUS,3,Russia,Europe,Europe & Central Asia,non-Schengen,f,60
2018,2018_II,Ukraine,FALSE,RUS,1,Russia,Europe,Europe & Central Asia,non-Schengen,m,17
2018,2018_II,Ukraine,FALSE,RUS,11,Russia,Europe,Europe & Central Asia,non-Schengen,m,18_59
2018,2018_II,Ukraine,FALSE,RUS,1,Russia,Europe,Europe & Central Asia,non-Schengen,m,60
2018,2018_II,Ukraine,FALSE,SRB,2,Serbia,Europe,Europe & Central Asia,non-Schengen,m,18_59
2018,2018_II,Ukraine,FALSE,SYR,1,Syria,Asia,"Middle East, North Africa, Afghanistan & Pakistan",non-Schengen,m,60
2018,2018_II,Ukraine,FALSE,TJK,1,Tajikistan,Asia,Europe & Central Asia,non-Schengen,f,18_59
2018,2018_II,Ukraine,FALSE,TUR,1,Turkey,Asia,Europe & Central Asia,non-Schengen,f,18_59
2018,2018_II,Ukraine,FALSE,TUR,7,Turkey,Asia,Europe & Central Asia,non-Schengen,m,18_59
2018,2018_II,Ukraine,FALSE,UKR,39,Ukraine,Europe,Europe & Central Asia,non-Schengen,f,17
2018,2018_II,Ukraine,FALSE,UKR,2514,Ukraine,Europe,Europe & Central Asia,non-Schengen,f,18_59
2018,2018_II,Ukraine,FALSE,UKR,228,Ukraine,Europe,Europe & Central Asia,non-Schengen,f,60
2018,2018_II,Ukraine,FALSE,UKR,33,Ukraine,Europe,Europe & Central Asia,non-Schengen,m,17
2018,2018_II,Ukraine,FALSE,UKR,6693,Ukraine,Europe,Europe & Central Asia,non-Schengen,m,18_59
2018,2018_II,Ukraine,FALSE,UKR,47,Ukraine,Europe,Europe & Central Asia,non-Schengen,m,60
2018,2018_II,Ukraine,FALSE,UZB,1,Uzbekistan,Asia,Europe & Central Asia,non-Schengen,m,18_59
2018,2018_II,Ukraine,FALSE,VNM,1,Vietnam,Asia,East Asia & Pacific,non-Schengen,f,18_59
2018,2018_II,country,FALSE,AFG,1,Afghanistan,Asia,"Middle East, North Africa, Afghanistan & Pakistan",non-Schengen,f,17
2018,2018_II,country,FALSE,AFG,1,Afghanistan,Asia,"Middle East, North Africa, Afghanistan & Pakistan",non-Schengen,f,18_59
2018,2018_II,country,FALSE,AFG,5,Afghanistan,Asia,"Middle East, North Africa, Afghanistan & Pakistan",non-Schengen,m,17
2018,2018_II,country,FALSE,AFG,5,Afghanistan,Asia,"Middle East, North Africa, Afghanistan & Pakistan",non-Schengen,m,18_59
2018,2018_II,country,FALSE,AGO,3,Angola,Africa,Sub-Saharan Africa,non-Schengen,m,18_59
2018,2018_II,country,FALSE,ALB,1,Albania,Europe,Europe & Central Asia,non-Schengen,f,18_59
2018,2018_II,country,FALSE,ALB,6,Albania,Europe,Europe & Central Asia,non-Schengen,m,18_59
2018,2018_II,country,FALSE,ARM,4,Armenia,Asia,Europe & Central Asia,non-Schengen,f,17
2018,2018_II,country,FALSE,ARM,6,Armenia,Asia,Europe & Central Asia,non-Schengen,f,18_59
2018,2018_II,country,FALSE,ARM,1,Armenia,Asia,Europe & Central Asia,non-Schengen,f,60
2018,2018_II,country,FALSE,ARM,3,Armenia,Asia,Europe & Central Asia,non-Schengen,m,17
2018,2018_II,country,FALSE,ARM,6,Armenia,Asia,Europe & Central Asia,non-Schengen,m,18_59
2018,2018_II,country,FALSE,AUS,2,Australia,Oceania,East Asia & Pacific,non-Schengen,m,18_59
2018,2018_II,country,FALSE,AZE,1,Azerbaijan,Asia,Europe & Central Asia,non-Schengen,f,18_59
2018,2018_II,country,FALSE,AZE,1,Azerbaijan,Asia,Europe & Central Asia,non-Schengen,m,17
2018,2018_II,country,FALSE,AZE,11,Azerbaijan,Asia,Europe & Central Asia,non-Schengen,m,18_59
2018,2018_II,country,FALSE,BGD,7,Bangladesh,Asia,South Asia,non-Schengen,m,18_59
2018,2018_II,country,FALSE,BIH,1,Bosnia & Herzegovina,Europe,Europe & Central Asia,non-Schengen,m,18_59
2018,2018_II,country,FALSE,BLR,2,Belarus,Europe,Europe & Central Asia,non-Schengen,f,17
2018,2018_II,country,FALSE,BLR,24,Belarus,Europe,Europe & Central Asia,non-Schengen,f,18_59
2018,2018_II,country,FALSE,BLR,1,Belarus,Europe,Europe & Central Asia,non-Schengen,f,60
2018,2018_II,country,FALSE,BLR,68,Belarus,Europe,Europe & Central Asia,non-Schengen,m,18_59
2018,2018_II,country,FALSE,BLR,1,Belarus,Europe,Europe & Central Asia,non-Schengen,m,60
2018,2018_II,country,FALSE,BRA,9,Brazil,Americas,Latin America & Caribbean,non-Schengen,m,18_59
2018,2018_II,country,FALSE,CAN,3,Canada,Americas,North America,non-Schengen,f,18_59
2018,2018_II,country,FALSE,CAN,1,Canada,Americas,North America,non-Schengen,m,18_59
2018,2018_II,country,FALSE,CAN,1,Canada,Americas,North America,non-Schengen,m,60
2018,2018_II,country,FALSE,CHN,11,China,Asia,East Asia & Pacific,non-Schengen,f,18_59
2018,2018_II,country,FALSE,CHN,19,China,Asia,East Asia & Pacific,non-Schengen,m,18_59
2018,2018_II,country,FALSE,CHN,1,China,Asia,East Asia & Pacific,non-Schengen,m,60
2018,2018_II,country,FALSE,CIV,1,Côte d’Ivoire,Africa,Sub-Saharan Africa,non-Schengen,m,18_59
2018,2018_II,country,FALSE,CMR,2,Cameroon,Africa,Sub-Saharan Africa,non-Schengen,m,18_59
2018,2018_II,country,FALSE,COG,2,Congo - Brazzaville,Africa,Sub-Saharan Africa,non-Schengen,f,18_59
2018,2018_II,country,FALSE,COG,1,Congo - Brazzaville,Africa,Sub-Saharan Africa,non-Schengen,m,18_59
2018,2018_II,country,FALSE,COL,5,Colombia,Americas,Latin America & Caribbean,non-Schengen,m,18_59
2018,2018_II,country,FALSE,CRI,1,Costa Rica,Americas,Latin America & Caribbean,non-Schengen,f,18_59
2018,2018_II,country,FALSE,DZA,1,Algeria,Africa,"Middle East, North Africa, Afghanistan & Pakistan",non-Schengen,f,18_59
2018,2018_II,country,FALSE,DZA,18,Algeria,Africa,"Middle East, North Africa, Afghanistan & Pakistan",non-Schengen,m,18_59
2018,2018_II,country,FALSE,ECU,1,Ecuador,Americas,Latin America & Caribbean,non-Schengen,m,18_59
2018,2018_II,country,FALSE,EGY,13,Egypt,Africa,"Middle East, North Africa, Afghanistan & Pakistan",non-Schengen,m,18_59
2018,2018_II,country,FALSE,ETH,1,Ethiopia,Africa,Sub-Saharan Africa,non-Schengen,f,18_59
2018,2018_II,country,FALSE,ETH,2,Ethiopia,Africa,Sub-Saharan Africa,non-Schengen,m,18_59
2018,2018_II,country,FALSE,GEO,13,Georgia,Asia,Europe & Central Asia,non-Schengen,f,18_59
2018,2018_II,country,FALSE,GEO,205,Georgia,Asia,Europe & Central Asia,non-Schengen,m,18_59
2018,2018_II,country,FALSE,GEO,1,Georgia,Asia,Europe & Central Asia,non-Schengen,m,60
2018,2018_II,country,FALSE,GHA,2,Ghana,Africa,Sub-Saharan Africa,non-Schengen,m,18_59
2018,2018_II,country,FALSE,GMB,1,Gambia,Africa,Sub-Saharan Africa,non-Schengen,m,18_59
2018,2018_II,country,FALSE,HKG,1,Hong Kong SAR China,Asia,East Asia & Pacific,non-Schengen,m,18_59
2018,2018_II,country,FALSE,HND,1,Honduras,Americas,Latin America & Caribbean,non-Schengen,m,18_59
2018,2018_II,country,FALSE,IDN,2,Indonesia,Asia,East Asia & Pacific,non-Schengen,f,18_59
2018,2018_II,country,FALSE,IDN,1,Indonesia,Asia,East Asia & Pacific,non-Schengen,m,18_59
2018,2018_II,country,FALSE,IND,5,India,Asia,South Asia,non-Schengen,f,18_59
2018,2018_II,country,FALSE,IND,51,India,Asia,South Asia,non-Schengen,m,18_59
2018,2018_II,country,FALSE,IND,1,India,Asia,South Asia,non-Schengen,m,60
2018,2018_II,country,FALSE,IRN,7,Iran,Asia,"Middle East, North Africa, Afghanistan & Pakistan",non-Schengen,m,18_59
2018,2018_II,country,FALSE,IRQ,7,Iraq,Asia,"Middle East, North Africa, Afghanistan & Pakistan",non-Schengen,m,18_59
2018,2018_II,country,FALSE,ISR,1,Israel,Asia,"Middle East, North Africa, Afghanistan & Pakistan",non-Schengen,m,18_59
2018,2018_II,country,FALSE,JOR,2,Jordan,Asia,"Middle East, North Africa, Afghanistan & Pakistan",non-Schengen,m,18_59
2018,2018_II,country,FALSE,KAZ,4,Kazakhstan,Asia,Europe & Central Asia,non-Schengen,f,17
2018,2018_II,country,FALSE,KAZ,8,Kazakhstan,Asia,Europe & Central Asia,non-Schengen,f,18_59
2018,2018_II,country,FALSE,KAZ,1,Kazakhstan,Asia,Europe & Central Asia,non-Schengen,f,60
2018,2018_II,country,FALSE,KAZ,6,Kazakhstan,Asia,Europe & Central Asia,non-Schengen,m,17
2018,2018_II,country,FALSE,KAZ,9,Kazakhstan,Asia,Europe & Central Asia,non-Schengen,m,18_59
2018,2018_II,country,FALSE,KEN,2,Kenya,Africa,Sub-Saharan Africa,non-Schengen,m,18_59
2018,2018_II,country,FALSE,KGZ,1,Kyrgyzstan,Asia,Europe & Central Asia,non-Schengen,f,17
2018,2018_II,country,FALSE,KGZ,1,Kyrgyzstan,Asia,Europe & Central Asia,non-Schengen,f,18_59
2018,2018_II,country,FALSE,KGZ,1,Kyrgyzstan,Asia,Europe & Central Asia,non-Schengen,m,17
2018,2018_II,country,FALSE,KGZ,5,Kyrgyzstan,Asia,Europe & Central Asia,non-Schengen,m,18_59
2018,2018_II,country,FALSE,KOSOVO,1,KOSOVO,Europe,Europe & Central Asia,non-Schengen,m,18_59
2018,2018_II,country,FALSE,LBY,3,Libya,Africa,"Middle East, North Africa, Afghanistan & Pakistan",non-Schengen,f,17
2018,2018_II,country,FALSE,LBY,1,Libya,Africa,"Middle East, North Africa, Afghanistan & Pakistan",non-Schengen,f,18_59
2018,2018_II,country,FALSE,LBY,3,Libya,Africa,"Middle East, North Africa, Afghanistan & Pakistan",non-Schengen,m,17
2018,2018_II,country,FALSE,LBY,1,Libya,Africa,"Middle East, North Africa, Afghanistan & Pakistan",non-Schengen,m,18_59
2018,2018_II,country,FALSE,LBY,2,Libya,Africa,"Middle East, North Africa, Afghanistan & Pakistan",non-Schengen,m,60
2018,2018_II,country,FALSE,LKA,2,Sri Lanka,Asia,South Asia,non-Schengen,m,18_59
2018,2018_II,country,FALSE,MAR,6,Morocco,Africa,"Middle East, North Africa, Afghanistan & Pakistan",non-Schengen,m,18_59
2018,2018_II,country,FALSE,MDA,2,Moldova,Europe,Europe & Central Asia,non-Schengen,f,17
2018,2018_II,country,FALSE,MDA,10,Moldova,Europe,Europe & Central Asia,non-Schengen,f,18_59
2018,2018_II,country,FALSE,MDA,1,Moldova,Europe,Europe & Central Asia,non-Schengen,m,17
2018,2018_II,country,FALSE,MDA,73,Moldova,Europe,Europe & Central Asia,non-Schengen,m,18_59
2018,2018_II,country,FALSE,MNG,1,Mongolia,Asia,East Asia & Pacific,non-Schengen,f,18_59
2018,2018_II,country,FALSE,MNG,2,Mongolia,Asia,East Asia & Pacific,non-Schengen,m,18_59
2018,2018_II,country,FALSE,MOZ,1,Mozambique,Africa,Sub-Saharan Africa,non-Schengen,m,18_59
2018,2018_II,country,FALSE,MYS,1,Malaysia,Asia,East Asia & Pacific,non-Schengen,f,18_59
2018,2018_II,country,FALSE,MYS,1,Malaysia,Asia,East Asia & Pacific,non-Schengen,m,18_59
2018,2018_II,country,FALSE,NGA,1,Nigeria,Africa,Sub-Saharan Africa,non-Schengen,f,17
2018,2018_II,country,FALSE,NGA,2,Nigeria,Africa,Sub-Saharan Africa,non-Schengen,f,18_59
2018,2018_II,country,FALSE,NGA,6,Nigeria,Africa,Sub-Saharan Africa,non-Schengen,m,18_59
2018,2018_II,country,FALSE,NPL,2,Nepal,Asia,South Asia,non-Schengen,f,18_59
2018,2018_II,country,FALSE,NPL,9,Nepal,Asia,South Asia,non-Schengen,m,18_59
2018,2018_II,country,FALSE,PAK,2,Pakistan,Asia,"Middle East, North Africa, Afghanistan & Pakistan",non-Schengen,f,18_59
2018,2018_II,country,FALSE,PAK,26,Pakistan,Asia,"Middle East, North Africa, Afghanistan & Pakistan",non-Schengen,m,18_59
2018,2018_II,country,FALSE,PER,1,Peru,Americas,Latin America & Caribbean,non-Schengen,m,18_59
2018,2018_II,country,FALSE,PHL,2,Philippines,Asia,East Asia & Pacific,non-Schengen,f,18_59
2018,2018_II,country,FALSE,PHL,1,Philippines,Asia,East Asia & Pacific,non-Schengen,m,18_59
2018,2018_II,country,FALSE,KOR,1,South Korea,Asia,East Asia & Pacific,non-Schengen,f,18_59
2018,2018_II,country,FALSE,KOR,3,South Korea,Asia,East Asia & Pacific,non-Schengen,m,18_59
2018,2018_II,country,FALSE,PSE,2,Palestinian Territories,Asia,"Middle East, North Africa, Afghanistan & Pakistan",non-Schengen,m,18_59
2018,2018_II,country,FALSE,RUS,55,Russia,Europe,Europe & Central Asia,non-Schengen,f,17
2018,2018_II,country,FALSE,RUS,51,Russia,Europe,Europe & Central Asia,non-Schengen,f,18_59
2018,2018_II,country,FALSE,RUS,3,Russia,Europe,Europe & Central Asia,non-Schengen,f,60
2018,2018_II,country,FALSE,RUS,36,Russia,Europe,Europe & Central Asia,non-Schengen,m,17
2018,2018_II,country,FALSE,RUS,79,Russia,Europe,Europe & Central Asia,non-Schengen,m,18_59
2018,2018_II,country,FALSE,RUS,1,Russia,Europe,Europe & Central Asia,non-Schengen,m,60
2018,2018_II,country,FALSE,RWA,1,Rwanda,Africa,Sub-Saharan Africa,non-Schengen,f,18_59
2018,2018_II,country,FALSE,RWA,1,Rwanda,Africa,Sub-Saharan Africa,non-Schengen,m,18_59
2018,2018_II,country,FALSE,SAU,6,Saudi Arabia,Asia,"Middle East, North Africa, Afghanistan & Pakistan",non-Schengen,m,18_59
2018,2018_II,country,FALSE,SDN,2,Sudan,Africa,Sub-Saharan Africa,non-Schengen,m,18_59
2018,2018_II,country,FALSE,SLV,1,El Salvador,Americas,Latin America & Caribbean,non-Schengen,m,18_59
2018,2018_II,country,FALSE,SOM,1,Somalia,Africa,Sub-Saharan Africa,non-Schengen,m,18_59
2018,2018_II,country,FALSE,SRB,3,Serbia,Europe,Europe & Central Asia,non-Schengen,m,18_59
2018,2018_II,country,FALSE,SYR,1,Syria,Asia,"Middle East, North Africa, Afghanistan & Pakistan",non-Schengen,f,18_59
2018,2018_II,country,FALSE,SYR,8,Syria,Asia,"Middle East, North Africa, Afghanistan & Pakistan",non-Schengen,m,18_59
2018,2018_II,country,FALSE,THA,1,Thailand,Asia,East Asia & Pacific,non-Schengen,f,18_59
2018,2018_II,country,FALSE,THA,1,Thailand,Asia,East Asia & Pacific,non-Schengen,m,18_59
2018,2018_II,country,FALSE,TJK,4,Tajikistan,Asia,Europe & Central Asia,non-Schengen,f,17
2018,2018_II,country,FALSE,TJK,2,Tajikistan,Asia,Europe & Central Asia,non-Schengen,f,18_59
2018,2018_II,country,FALSE,TJK,4,Tajikistan,Asia,Europe & Central Asia,non-Schengen,m,17
2018,2018_II,country,FALSE,TJK,16,Tajikistan,Asia,Europe & Central Asia,non-Schengen,m,18_59
2018,2018_II,country,FALSE,TJK,1,Tajikistan,Asia,Europe & Central Asia,non-Schengen,m,60
2018,2018_II,country,FALSE,TUN,2,Tunisia,Africa,"Middle East, North Africa, Afghanistan & Pakistan",non-Schengen,f,18_59
2018,2018_II,country,FALSE,TUN,5,Tunisia,Africa,"Middle East, North Africa, Afghanistan & Pakistan",non-Schengen,m,18_59
2018,2018_II,country,FALSE,TUR,6,Turkey,Asia,Europe & Central Asia,non-Schengen,f,18_59
2018,2018_II,country,FALSE,TUR,1,Turkey,Asia,Europe & Central Asia,non-Schengen,m,17
2018,2018_II,country,FALSE,TUR,34,Turkey,Asia,Europe & Central Asia,non-Schengen,m,18_59
2018,2018_II,country,FALSE,TWN,1,Taiwan,Asia,East Asia & Pacific,non-Schengen,m,18_59
2018,2018_II,country,FALSE,UKR,25,Ukraine,Europe,Europe & Central Asia,non-Schengen,f,17
2018,2018_II,country,FALSE,UKR,478,Ukraine,Europe,Europe & Central Asia,non-Schengen,f,18_59
2018,2018_II,country,FALSE,UKR,47,Ukraine,Europe,Europe & Central Asia,non-Schengen,f,60
2018,2018_II,country,FALSE,UKR,20,Ukraine,Europe,Europe & Central Asia,non-Schengen,m,17
2018,2018_II,country,FALSE,UKR,1218,Ukraine,Europe,Europe & Central Asia,non-Schengen,m,18_59
2018,2018_II,country,FALSE,UKR,6,Ukraine,Europe,Europe & Central Asia,non-Schengen,m,60
2018,2018_II,country,FALSE,UNK,1,unknown,other/unknown,other/unknown,non-Schengen,f,17
2018,2018_II,country,FALSE,UNK,3,unknown,other/unknown,other/unknown,non-Schengen,m,18_59
2018,2018_II,country,FALSE,URY,1,Uruguay,Americas,Latin America & Caribbean,non-Schengen,m,18_59
2018,2018_II,country,FALSE,USA,2,United States,Americas,North America,non-Schengen,f,18_59
2018,2018_II,country,FALSE,USA,3,United States,Americas,North America,non-Schengen,m,18_59
2018,2018_II,country,FALSE,UZB,3,Uzbekistan,Asia,Europe & Central Asia,non-Schengen,f,18_59
2018,2018_II,country,FALSE,UZB,24,Uzbekistan,Asia,Europe & Central Asia,non-Schengen,m,18_59
2018,2018_II,country,FALSE,VEN,2,Venezuela,Americas,Latin America & Caribbean,non-Schengen,m,17
2018,2018_II,country,FALSE,VEN,1,Venezuela,Americas,Latin America & Caribbean,non-Schengen,m,18_59
2018,2018_II,country,FALSE,VNM,1,Vietnam,Asia,East Asia & Pacific,non-Schengen,f,17
2018,2018_II,country,FALSE,VNM,6,Vietnam,Asia,East Asia & Pacific,non-Schengen,f,18_59
2018,2018_II,country,FALSE,VNM,3,Vietnam,Asia,East Asia & Pacific,non-Schengen,m,17
2018,2018_II,country,FALSE,VNM,41,Vietnam,Asia,East Asia & Pacific,non-Schengen,m,18_59
2018,2018_II,country,FALSE,VNM,1,Vietnam,Asia,East Asia & Pacific,non-Schengen,m,60
2018,2018_II,country,FALSE,XXX,1,Stateless,other/unknown,other/unknown,non-Schengen,f,18_59
2018,2018_II,country,FALSE,XXX,4,Stateless,other/unknown,other/unknown,non-Schengen,m,18_59
2018,2018_II,country,FALSE,XXX,1,Stateless,other/unknown,other/unknown,non-Schengen,m,60
2018,2018_II,country,FALSE,ZAF,2,South Africa,Africa,Sub-Saharan Africa,non-Schengen,f,18_59
2018,2018_II,country,FALSE,ZAF,1,South Africa,Africa,Sub-Saharan Africa,non-Schengen,m,18_59
2018,2018_II,country,FALSE,ZWE,5,Zimbabwe,Africa,Sub-Saharan Africa,non-Schengen,m,18_59
2018,2018_II,country,TRUE,AZE,1,Azerbaijan,Asia,Europe & Central Asia,non-Schengen,m,18_59
2018,2018_II,country,TRUE,BGD,1,Bangladesh,Asia,South Asia,non-Schengen,m,18_59
2018,2018_II,country,TRUE,BLR,2,Belarus,Europe,Europe & Central Asia,non-Schengen,m,18_59
2018,2018_II,country,TRUE,GEO,2,Georgia,Asia,Europe & Central Asia,non-Schengen,m,18_59
2018,2018_II,country,TRUE,IND,2,India,Asia,South Asia,non-Schengen,m,18_59
2018,2018_II,country,TRUE,IRQ,1,Iraq,Asia,"Middle East, North Africa, Afghanistan & Pakistan",non-Schengen,m,18_59
2018,2018_II,country,TRUE,MDA,1,Moldova,Europe,Europe & Central Asia,non-Schengen,m,18_59
2018,2018_II,country,TRUE,PAK,1,Pakistan,Asia,"Middle East, North Africa, Afghanistan & Pakistan",non-Schengen,m,18_59
2018,2018_II,country,TRUE,RUS,2,Russia,Europe,Europe & Central Asia,non-Schengen,f,17
2018,2018_II,country,TRUE,RUS,2,Russia,Europe,Europe & Central Asia,non-Schengen,f,18_59
2018,2018_II,country,TRUE,RUS,1,Russia,Europe,Europe & Central Asia,non-Schengen,m,18_59
2018,2018_II,country,TRUE,SAU,1,Saudi Arabia,Asia,"Middle East, North Africa, Afghanistan & Pakistan",non-Schengen,f,18_59
2018,2018_II,country,TRUE,UKR,1,Ukraine,Europe,Europe & Central Asia,non-Schengen,f,18_59
2018,2018_II,country,TRUE,UKR,14,Ukraine,Europe,Europe & Central Asia,non-Schengen,m,18_59
2018,2018_II,external air,FALSE,ALB,6,Albania,Europe,Europe & Central Asia,non-Schengen,m,18_59
2018,2018_II,external air,FALSE,ALB,1,Albania,Europe,Europe & Central Asia,non-Schengen,m,60
2018,2018_II,external air,FALSE,ARE,1,United Arab Emirates,Asia,"Middle East, North Africa, Afghanistan & Pakistan",non-Schengen,m,18_59
2018,2018_II,external air,FALSE,ARE,1,United Arab Emirates,Asia,"Middle East, North Africa, Afghanistan & Pakistan",non-Schengen,m,60
2018,2018_II,external air,FALSE,ARM,6,Armenia,Asia,Europe & Central Asia,non-Schengen,f,18_59
2018,2018_II,external air,FALSE,ARM,3,Armenia,Asia,Europe & Central Asia,non-Schengen,f,60
2018,2018_II,external air,FALSE,ARM,1,Armenia,Asia,Europe & Central Asia,non-Schengen,m,17
2018,2018_II,external air,FALSE,ARM,5,Armenia,Asia,Europe & Central Asia,non-Schengen,m,18_59
2018,2018_II,external air,FALSE,AUS,3,Australia,Oceania,East Asia & Pacific,non-Schengen,f,18_59
2018,2018_II,external air,FALSE,AUS,1,Australia,Oceania,East Asia & Pacific,non-Schengen,m,17
2018,2018_II,external air,FALSE,AUS,3,Australia,Oceania,East Asia & Pacific,non-Schengen,m,18_59
2018,2018_II,external air,FALSE,AZE,2,Azerbaijan,Asia,Europe & Central Asia,non-Schengen,m,18_59
2018,2018_II,external air,FALSE,BLR,2,Belarus,Europe,Europe & Central Asia,non-Schengen,f,18_59
2018,2018_II,external air,FALSE,BLR,1,Belarus,Europe,Europe & Central Asia,non-Schengen,f,60
2018,2018_II,external air,FALSE,BLR,4,Belarus,Europe,Europe & Central Asia,non-Schengen,m,18_59
2018,2018_II,external air,FALSE,BRA,1,Brazil,Americas,Latin America & Caribbean,non-Schengen,f,18_59
2018,2018_II,external air,FALSE,BRA,1,Brazil,Americas,Latin America & Caribbean,non-Schengen,m,18_59
2018,2018_II,external air,FALSE,CAN,3,Canada,Americas,North America,non-Schengen,f,18_59
2018,2018_II,external air,FALSE,CAN,1,Canada,Americas,North America,non-Schengen,f,60
2018,2018_II,external air,FALSE,CAN,5,Canada,Americas,North America,non-Schengen,m,18_59
2018,2018_II,external air,FALSE,CAN,1,Canada,Americas,North America,non-Schengen,m,60
2018,2018_II,external air,FALSE,CHN,14,China,Asia,East Asia & Pacific,non-Schengen,f,18_59
2018,2018_II,external air,FALSE,CHN,5,China,Asia,East Asia & Pacific,non-Schengen,f,60
2018,2018_II,external air,FALSE,CHN,27,China,Asia,East Asia & Pacific,non-Schengen,m,18_59
2018,2018_II,external air,FALSE,CHN,2,China,Asia,East Asia & Pacific,non-Schengen,m,60
2018,2018_II,external air,FALSE,CMR,1,Cameroon,Africa,Sub-Saharan Africa,non-Schengen,m,18_59
2018,2018_II,external air,FALSE,GEO,13,Georgia,Asia,Europe & Central Asia,non-Schengen,f,18_59
2018,2018_II,external air,FALSE,GEO,93,Georgia,Asia,Europe & Central Asia,non-Schengen,m,18_59
2018,2018_II,external air,FALSE,IND,4,India,Asia,South Asia,non-Schengen,f,18_59
2018,2018_II,external air,FALSE,IND,1,India,Asia,South Asia,non-Schengen,f,60
2018,2018_II,external air,FALSE,IND,27,India,Asia,South Asia,non-Schengen,m,18_59
2018,2018_II,external air,FALSE,IND,1,India,Asia,South Asia,non-Schengen,m,60
2018,2018_II,external air,FALSE,IRN,1,Iran,Asia,"Middle East, North Africa, Afghanistan & Pakistan",non-Schengen,m,18_59
2018,2018_II,external air,FALSE,IRQ,3,Iraq,Asia,"Middle East, North Africa, Afghanistan & Pakistan",non-Schengen,m,18_59
2018,2018_II,external air,FALSE,JOR,3,Jordan,Asia,"Middle East, North Africa, Afghanistan & Pakistan",non-Schengen,m,18_59
2018,2018_II,external air,FALSE,KAZ,1,Kazakhstan,Asia,Europe & Central Asia,non-Schengen,f,17
2018,2018_II,external air,FALSE,KAZ,6,Kazakhstan,Asia,Europe & Central Asia,non-Schengen,f,18_59
2018,2018_II,external air,FALSE,KAZ,3,Kazakhstan,Asia,Europe & Central Asia,non-Schengen,f,60
2018,2018_II,external air,FALSE,KAZ,13,Kazakhstan,Asia,Europe & Central Asia,non-Schengen,m,18_59
2018,2018_II,external air,FALSE,KAZ,1,Kazakhstan,Asia,Europe & Central Asia,non-Schengen,m,60
2018,2018_II,external air,FALSE,KGZ,1,Kyrgyzstan,Asia,Europe & Central Asia,non-Schengen,f,18_59
2018,2018_II,external air,FALSE,KGZ,1,Kyrgyzstan,Asia,Europe & Central Asia,non-Schengen,m,18_59
2018,2018_II,external air,FALSE,KHM,2,Cambodia,Asia,East Asia & Pacific,non-Schengen,f,18_59
2018,2018_II,external air,FALSE,KOR,2,South Korea,Asia,East Asia & Pacific,non-Schengen,m,18_59
2018,2018_II,external air,FALSE,KOSOVO,1,KOSOVO,Europe,Europe & Central Asia,non-Schengen,f,18_59
2018,2018_II,external air,FALSE,KWT,1,Kuwait,Asia,"Middle East, North Africa, Afghanistan & Pakistan",non-Schengen,f,17
2018,2018_II,external air,FALSE,KWT,1,Kuwait,Asia,"Middle East, North Africa, Afghanistan & Pakistan",non-Schengen,f,18_59
2018,2018_II,external air,FALSE,KWT,1,Kuwait,Asia,"Middle East, North Africa, Afghanistan & Pakistan",non-Schengen,m,18_59
2018,2018_II,external air,FALSE,LBN,1,Lebanon,Asia,"Middle East, North Africa, Afghanistan & Pakistan",non-Schengen,f,60
2018,2018_II,external air,FALSE,LBY,1,Libya,Africa,"Middle East, North Africa, Afghanistan & Pakistan",non-Schengen,m,18_59
2018,2018_II,external air,FALSE,MDA,5,Moldova,Europe,Europe & Central Asia,non-Schengen,f,18_59
2018,2018_II,external air,FALSE,MDA,2,Moldova,Europe,Europe & Central Asia,non-Schengen,f,60
2018,2018_II,external air,FALSE,MDA,17,Moldova,Europe,Europe & Central Asia,non-Schengen,m,18_59
2018,2018_II,external air,FALSE,MHL,1,Marshall Islands,Oceania,East Asia & Pacific,non-Schengen,m,18_59
2018,2018_II,external air,FALSE,MNE,1,Montenegro,Europe,Europe & Central Asia,non-Schengen,m,18_59
2018,2018_II,external air,FALSE,MNG,2,Mongolia,Asia,East Asia & Pacific,non-Schengen,f,18_59
2018,2018_II,external air,FALSE,MNG,1,Mongolia,Asia,East Asia & Pacific,non-Schengen,f,60
2018,2018_II,external air,FALSE,MNG,1,Mongolia,Asia,East Asia & Pacific,non-Schengen,m,17
2018,2018_II,external air,FALSE,MNG,2,Mongolia,Asia,East Asia & Pacific,non-Schengen,m,18_59
2018,2018_II,external air,FALSE,NGA,2,Nigeria,Africa,Sub-Saharan Africa,non-Schengen,m,18_59
2018,2018_II,external air,FALSE,NPL,3,Nepal,Asia,South Asia,non-Schengen,m,18_59
2018,2018_II,external air,FALSE,OMN,2,Oman,Asia,"Middle East, North Africa, Afghanistan & Pakistan",non-Schengen,m,18_59
2018,2018_II,external air,FALSE,PAK,1,Pakistan,Asia,"Middle East, North Africa, Afghanistan & Pakistan",non-Schengen,f,17
2018,2018_II,external air,FALSE,PAK,1,Pakistan,Asia,"Middle East, North Africa, Afghanistan & Pakistan",non-Schengen,f,18_59
2018,2018_II,external air,FALSE,PAK,5,Pakistan,Asia,"Middle East, North Africa, Afghanistan & Pakistan",non-Schengen,m,18_59
2018,2018_II,external air,FALSE,PHL,4,Philippines,Asia,East Asia & Pacific,non-Schengen,f,18_59
2018,2018_II,external air,FALSE,PHL,1,Philippines,Asia,East Asia & Pacific,non-Schengen,m,18_59
2018,2018_II,external air,FALSE,PSE,1,Palestinian Territories,Asia,"Middle East, North Africa, Afghanistan & Pakistan",non-Schengen,m,18_59
2018,2018_II,external air,FALSE,QAT,4,Qatar,Asia,"Middle East, North Africa, Afghanistan & Pakistan",non-Schengen,m,18_59
2018,2018_II,external air,FALSE,RUS,2,Russia,Europe,Europe & Central Asia,non-Schengen,f,17
2018,2018_II,external air,FALSE,RUS,13,Russia,Europe,Europe & Central Asia,non-Schengen,f,18_59
2018,2018_II,external air,FALSE,RUS,4,Russia,Europe,Europe & Central Asia,non-Schengen,f,60
2018,2018_II,external air,FALSE,RUS,3,Russia,Europe,Europe & Central Asia,non-Schengen,m,17
2018,2018_II,external air,FALSE,RUS,12,Russia,Europe,Europe & Central Asia,non-Schengen,m,18_59
2018,2018_II,external air,FALSE,RUS,1,Russia,Europe,Europe & Central Asia,non-Schengen,m,60
2018,2018_II,external air,FALSE,SAU,1,Saudi Arabia,Asia,"Middle East, North Africa, Afghanistan & Pakistan",non-Schengen,f,18_59
2018,2018_II,external air,FALSE,SAU,4,Saudi Arabia,Asia,"Middle East, North Africa, Afghanistan & Pakistan",non-Schengen,m,18_59
2018,2018_II,external air,FALSE,SAU,1,Saudi Arabia,Asia,"Middle East, North Africa, Afghanistan & Pakistan",non-Schengen,m,60
2018,2018_II,external air,FALSE,SDN,3,Sudan,Africa,Sub-Saharan Africa,non-Schengen,m,18_59
2018,2018_II,external air,FALSE,SRB,1,Serbia,Europe,Europe & Central Asia,non-Schengen,f,18_59
2018,2018_II,external air,FALSE,SRB,5,Serbia,Europe,Europe & Central Asia,non-Schengen,m,18_59
2018,2018_II,external air,FALSE,SYC,1,Seychelles,Africa,Sub-Saharan Africa,non-Schengen,m,18_59
2018,2018_II,external air,FALSE,SYR,1,Syria,Asia,"Middle East, North Africa, Afghanistan & Pakistan",non-Schengen,f,18_59
2018,2018_II,external air,FALSE,THA,2,Thailand,Asia,East Asia & Pacific,non-Schengen,f,18_59
2018,2018_II,external air,FALSE,THA,2,Thailand,Asia,East Asia & Pacific,non-Schengen,m,18_59
2018,2018_II,external air,FALSE,TJK,1,Tajikistan,Asia,Europe & Central Asia,non-Schengen,m,18_59
2018,2018_II,external air,FALSE,TUR,1,Turkey,Asia,Europe & Central Asia,non-Schengen,f,17
2018,2018_II,external air,FALSE,TUR,4,Turkey,Asia,Europe & Central Asia,non-Schengen,f,18_59
2018,2018_II,external air,FALSE,TUR,2,Turkey,Asia,Europe & Central Asia,non-Schengen,m,17
2018,2018_II,external air,FALSE,TUR,6,Turkey,Asia,Europe & Central Asia,non-Schengen,m,18_59
2018,2018_II,external air,FALSE,UKR,2,Ukraine,Europe,Europe & Central Asia,non-Schengen,f,17
2018,2018_II,external air,FALSE,UKR,88,Ukraine,Europe,Europe & Central Asia,non-Schengen,f,18_59
2018,2018_II,external air,FALSE,UKR,4,Ukraine,Europe,Europe & Central Asia,non-Schengen,f,60
2018,2018_II,external air,FALSE,UKR,7,Ukraine,Europe,Europe & Central Asia,non-Schengen,m,17
2018,2018_II,external air,FALSE,UKR,132,Ukraine,Europe,Europe & Central Asia,non-Schengen,m,18_59
2018,2018_II,external air,FALSE,UKR,1,Ukraine,Europe,Europe & Central Asia,non-Schengen,m,60
2018,2018_II,external air,FALSE,USA,1,United States,Americas,North America,non-Schengen,m,18_59
2018,2018_II,external air,FALSE,UZB,1,Uzbekistan,Asia,Europe & Central Asia,non-Schengen,f,18_59
2018,2018_II,external air,FALSE,UZB,4,Uzbekistan,Asia,Europe & Central Asia,non-Schengen,m,18_59
2018,2018_II,external air,FALSE,VEN,1,Venezuela,Americas,Latin America & Caribbean,non-Schengen,m,18_59
2018,2018_II,external air,FALSE,VNM,3,Vietnam,Asia,East Asia & Pacific,non-Schengen,f,18_59
2018,2018_II,external air,FALSE,VNM,2,Vietnam,Asia,East Asia & Pacific,non-Schengen,f,60
2018,2018_II,external air,FALSE,VNM,8,Vietnam,Asia,East Asia & Pacific,non-Schengen,m,18_59
2018,2018_II,external air,FALSE,VNM,1,Vietnam,Asia,East Asia & Pacific,non-Schengen,m,60
2018,2018_II,external air,FALSE,YEM,7,Yemen,Asia,"Middle East, North Africa, Afghanistan & Pakistan",non-Schengen,m,18_59
2018,2018_II,external air,FALSE,ZAF,3,South Africa,Africa,Sub-Saharan Africa,non-Schengen,m,18_59
2018,2018_II,external air,FALSE,ZWE,2,Zimbabwe,Africa,Sub-Saharan Africa,non-Schengen,m,18_59
2018,2018_II,external air,TRUE,EGY,1,Egypt,Africa,"Middle East, North Africa, Afghanistan & Pakistan",non-Schengen,m,18_59
2019,2019_I,Belarus,FALSE,ARM,3,Armenia,Asia,Europe & Central Asia,non-Schengen,m,18_59
2019,2019_I,Belarus,FALSE,AZE,3,Azerbaijan,Asia,Europe & Central Asia,non-Schengen,m,18_59
2019,2019_I,Belarus,FALSE,BHR,1,Bahrain,Asia,"Middle East, North Africa, Afghanistan & Pakistan",non-Schengen,m,18_59
2019,2019_I,Belarus,FALSE,BLR,7,Belarus,Europe,Europe & Central Asia,non-Schengen,f,17
2019,2019_I,Belarus,FALSE,BLR,120,Belarus,Europe,Europe & Central Asia,non-Schengen,f,18_59
2019,2019_I,Belarus,FALSE,BLR,31,Belarus,Europe,Europe & Central Asia,non-Schengen,f,60
2019,2019_I,Belarus,FALSE,BLR,13,Belarus,Europe,Europe & Central Asia,non-Schengen,m,17
2019,2019_I,Belarus,FALSE,BLR,351,Belarus,Europe,Europe & Central Asia,non-Schengen,m,18_59
2019,2019_I,Belarus,FALSE,BLR,6,Belarus,Europe,Europe & Central Asia,non-Schengen,m,60
2019,2019_I,Belarus,FALSE,CHN,1,China,Asia,East Asia & Pacific,non-Schengen,f,18_59
2019,2019_I,Belarus,FALSE,CHN,1,China,Asia,East Asia & Pacific,non-Schengen,m,18_59
2019,2019_I,Belarus,FALSE,ECU,1,Ecuador,Americas,Latin America & Caribbean,non-Schengen,f,17
2019,2019_I,Belarus,FALSE,ECU,1,Ecuador,Americas,Latin America & Caribbean,non-Schengen,f,18_59
2019,2019_I,Belarus,FALSE,ECU,1,Ecuador,Americas,Latin America & Caribbean,non-Schengen,m,17
2019,2019_I,Belarus,FALSE,GEO,1,Georgia,Asia,Europe & Central Asia,non-Schengen,f,18_59
2019,2019_I,Belarus,FALSE,GEO,4,Georgia,Asia,Europe & Central Asia,non-Schengen,m,18_59
2019,2019_I,Belarus,FALSE,KAZ,1,Kazakhstan,Asia,Europe & Central Asia,non-Schengen,f,17
2019,2019_I,Belarus,FALSE,KAZ,1,Kazakhstan,Asia,Europe & Central Asia,non-Schengen,f,18_59
2019,2019_I,Belarus,FALSE,KAZ,2,Kazakhstan,Asia,Europe & Central Asia,non-Schengen,m,17
2019,2019_I,Belarus,FALSE,KAZ,4,Kazakhstan,Asia,Europe & Central Asia,non-Schengen,m,18_59
2019,2019_I,Belarus,FALSE,KGZ,1,Kyrgyzstan,Asia,Europe & Central Asia,non-Schengen,m,18_59
2019,2019_I,Belarus,FALSE,LKA,1,Sri Lanka,Asia,South Asia,non-Schengen,m,18_59
2019,2019_I,Belarus,FALSE,MDA,1,Moldova,Europe,Europe & Central Asia,non-Schengen,f,18_59
2019,2019_I,Belarus,FALSE,MDA,1,Moldova,Europe,Europe & Central Asia,non-Schengen,m,18_59
2019,2019_I,Belarus,FALSE,MNG,1,Mongolia,Asia,East Asia & Pacific,non-Schengen,f,18_59
2019,2019_I,Belarus,FALSE,MNG,2,Mongolia,Asia,East Asia & Pacific,non-Schengen,m,18_59
2019,2019_I,Belarus,FALSE,RUS,16,Russia,Europe,Europe & Central Asia,non-Schengen,f,17
2019,2019_I,Belarus,FALSE,RUS,79,Russia,Europe,Europe & Central Asia,non-Schengen,f,18_59
2019,2019_I,Belarus,FALSE,RUS,22,Russia,Europe,Europe & Central Asia,non-Schengen,f,60
2019,2019_I,Belarus,FALSE,RUS,15,Russia,Europe,Europe & Central Asia,non-Schengen,m,17
2019,2019_I,Belarus,FALSE,RUS,109,Russia,Europe,Europe & Central Asia,non-Schengen,m,18_59
2019,2019_I,Belarus,FALSE,RUS,9,Russia,Europe,Europe & Central Asia,non-Schengen,m,60
2019,2019_I,Belarus,FALSE,SRB,1,Serbia,Europe,Europe & Central Asia,non-Schengen,m,18_59
2019,2019_I,Belarus,FALSE,TJK,5,Tajikistan,Asia,Europe & Central Asia,non-Schengen,m,18_59
2019,2019_I,Belarus,FALSE,UKR,3,Ukraine,Europe,Europe & Central Asia,non-Schengen,f,18_59
2019,2019_I,Belarus,FALSE,UKR,2,Ukraine,Europe,Europe & Central Asia,non-Schengen,f,60
2019,2019_I,Belarus,FALSE,UKR,1,Ukraine,Europe,Europe & Central Asia,non-Schengen,m,17
2019,2019_I,Belarus,FALSE,UKR,15,Ukraine,Europe,Europe & Central Asia,non-Schengen,m,18_59
2019,2019_I,Belarus,FALSE,UZB,4,Uzbekistan,Asia,Europe & Central Asia,non-Schengen,m,18_59
2019,2019_I,Belarus,FALSE,VNM,1,Vietnam,Asia,East Asia & Pacific,non-Schengen,f,18_59
2019,2019_I,Belarus,FALSE,XXX,1,Stateless,other/unknown,other/unknown,non-Schengen,m,17
2019,2019_I,Russia,FALSE,KAZ,1,Kazakhstan,Asia,Europe & Central Asia,non-Schengen,f,60
2019,2019_I,Russia,FALSE,KAZ,1,Kazakhstan,Asia,Europe & Central Asia,non-Schengen,m,60
2019,2019_I,Russia,FALSE,RUS,6,Russia,Europe,Europe & Central Asia,non-Schengen,f,17
2019,2019_I,Russia,FALSE,RUS,39,Russia,Europe,Europe & Central Asia,non-Schengen,f,18_59
2019,2019_I,Russia,FALSE,RUS,15,Russia,Europe,Europe & Central Asia,non-Schengen,f,60
2019,2019_I,Russia,FALSE,RUS,3,Russia,Europe,Europe & Central Asia,non-Schengen,m,17
2019,2019_I,Russia,FALSE,RUS,47,Russia,Europe,Europe & Central Asia,non-Schengen,m,18_59
2019,2019_I,Russia,FALSE,RUS,1,Russia,Europe,Europe & Central Asia,non-Schengen,m,60
2019,2019_I,Russia,FALSE,UKR,2,Ukraine,Europe,Europe & Central Asia,non-Schengen,m,18_59
2019,2019_I,Ukraine,FALSE,AZE,2,Azerbaijan,Asia,Europe & Central Asia,non-Schengen,m,18_59
2019,2019_I,Ukraine,FALSE,BLR,2,Belarus,Europe,Europe & Central Asia,non-Schengen,f,18_59
2019,2019_I,Ukraine,FALSE,BLR,1,Belarus,Europe,Europe & Central Asia,non-Schengen,f,60
2019,2019_I,Ukraine,FALSE,BLR,2,Belarus,Europe,Europe & Central Asia,non-Schengen,m,18_59
2019,2019_I,Ukraine,FALSE,BRA,2,Brazil,Americas,Latin America & Caribbean,non-Schengen,m,18_59
2019,2019_I,Ukraine,FALSE,CHN,1,China,Asia,East Asia & Pacific,non-Schengen,f,18_59
2019,2019_I,Ukraine,FALSE,CHN,1,China,Asia,East Asia & Pacific,non-Schengen,m,18_59
2019,2019_I,Ukraine,FALSE,ECU,1,Ecuador,Americas,Latin America & Caribbean,non-Schengen,m,18_59
2019,2019_I,Ukraine,FALSE,GEO,3,Georgia,Asia,Europe & Central Asia,non-Schengen,f,18_59
2019,2019_I,Ukraine,FALSE,GEO,20,Georgia,Asia,Europe & Central Asia,non-Schengen,m,18_59
2019,2019_I,Ukraine,FALSE,GEO,1,Georgia,Asia,Europe & Central Asia,non-Schengen,m,60
2019,2019_I,Ukraine,FALSE,KAZ,2,Kazakhstan,Asia,Europe & Central Asia,non-Schengen,m,18_59
2019,2019_I,Ukraine,FALSE,KGZ,1,Kyrgyzstan,Asia,Europe & Central Asia,non-Schengen,f,60
2019,2019_I,Ukraine,FALSE,MDA,8,Moldova,Europe,Europe & Central Asia,non-Schengen,f,17
2019,2019_I,Ukraine,FALSE,MDA,62,Moldova,Europe,Europe & Central Asia,non-Schengen,f,18_59
2019,2019_I,Ukraine,FALSE,MDA,1,Moldova,Europe,Europe & Central Asia,non-Schengen,f,60
2019,2019_I,Ukraine,FALSE,MDA,5,Moldova,Europe,Europe & Central Asia,non-Schengen,m,17
2019,2019_I,Ukraine,FALSE,MDA,239,Moldova,Europe,Europe & Central Asia,non-Schengen,m,18_59
2019,2019_I,Ukraine,FALSE,MDA,1,Moldova,Europe,Europe & Central Asia,non-Schengen,m,60
2019,2019_I,Ukraine,FALSE,RUS,2,Russia,Europe,Europe & Central Asia,non-Schengen,f,17
2019,2019_I,Ukraine,FALSE,RUS,3,Russia,Europe,Europe & Central Asia,non-Schengen,f,18_59
2019,2019_I,Ukraine,FALSE,RUS,1,Russia,Europe,Europe & Central Asia,non-Schengen,f,60
2019,2019_I,Ukraine,FALSE,RUS,9,Russia,Europe,Europe & Central Asia,non-Schengen,m,18_59
2019,2019_I,Ukraine,FALSE,SRB,1,Serbia,Europe,Europe & Central Asia,non-Schengen,m,18_59
2019,2019_I,Ukraine,FALSE,SYR,1,Syria,Asia,"Middle East, North Africa, Afghanistan & Pakistan",non-Schengen,m,18_59
2019,2019_I,Ukraine,FALSE,TJK,1,Tajikistan,Asia,Europe & Central Asia,non-Schengen,m,18_59
2019,2019_I,Ukraine,FALSE,TUR,8,Turkey,Asia,Europe & Central Asia,non-Schengen,m,18_59
2019,2019_I,Ukraine,FALSE,UKR,13,Ukraine,Europe,Europe & Central Asia,non-Schengen,f,17
2019,2019_I,Ukraine,FALSE,UKR,1823,Ukraine,Europe,Europe & Central Asia,non-Schengen,f,18_59
2019,2019_I,Ukraine,FALSE,UKR,203,Ukraine,Europe,Europe & Central Asia,non-Schengen,f,60
2019,2019_I,Ukraine,FALSE,UKR,18,Ukraine,Europe,Europe & Central Asia,non-Schengen,m,17
2019,2019_I,Ukraine,FALSE,UKR,4457,Ukraine,Europe,Europe & Central Asia,non-Schengen,m,18_59
2019,2019_I,Ukraine,FALSE,UKR,28,Ukraine,Europe,Europe & Central Asia,non-Schengen,m,60
2019,2019_I,Ukraine,FALSE,UNK,1,unknown,other/unknown,other/unknown,non-Schengen,m,18_59
2019,2019_I,Ukraine,FALSE,VNM,1,Vietnam,Asia,East Asia & Pacific,non-Schengen,m,18_59
2019,2019_I,country,FALSE,AFG,2,Afghanistan,Asia,"Middle East, North Africa, Afghanistan & Pakistan",non-Schengen,m,17
2019,2019_I,country,FALSE,AFG,4,Afghanistan,Asia,"Middle East, North Africa, Afghanistan & Pakistan",non-Schengen,m,18_59
2019,2019_I,country,FALSE,AGO,1,Angola,Africa,Sub-Saharan Africa,non-Schengen,m,18_59
2019,2019_I,country,FALSE,ALB,3,Albania,Europe,Europe & Central Asia,non-Schengen,m,18_59
2019,2019_I,country,FALSE,ARE,1,United Arab Emirates,Asia,"Middle East, North Africa, Afghanistan & Pakistan",non-Schengen,m,18_59
2019,2019_I,country,FALSE,ARG,1,Argentina,Americas,Latin America & Caribbean,non-Schengen,m,18_59
2019,2019_I,country,FALSE,ARM,2,Armenia,Asia,Europe & Central Asia,non-Schengen,f,17
2019,2019_I,country,FALSE,ARM,4,Armenia,Asia,Europe & Central Asia,non-Schengen,f,18_59
2019,2019_I,country,FALSE,ARM,2,Armenia,Asia,Europe & Central Asia,non-Schengen,m,17
2019,2019_I,country,FALSE,ARM,12,Armenia,Asia,Europe & Central Asia,non-Schengen,m,18_59
2019,2019_I,country,FALSE,AUS,3,Australia,Oceania,East Asia & Pacific,non-Schengen,m,18_59
2019,2019_I,country,FALSE,AZE,1,Azerbaijan,Asia,Europe & Central Asia,non-Schengen,f,18_59
2019,2019_I,country,FALSE,AZE,10,Azerbaijan,Asia,Europe & Central Asia,non-Schengen,m,18_59
2019,2019_I,country,FALSE,BEN,1,Benin,Africa,Sub-Saharan Africa,non-Schengen,m,18_59
2019,2019_I,country,FALSE,BGD,13,Bangladesh,Asia,South Asia,non-Schengen,m,18_59
2019,2019_I,country,FALSE,BHR,1,Bahrain,Asia,"Middle East, North Africa, Afghanistan & Pakistan",non-Schengen,m,18_59
2019,2019_I,country,FALSE,BIH,1,Bosnia & Herzegovina,Europe,Europe & Central Asia,non-Schengen,m,18_59
2019,2019_I,country,FALSE,BLR,26,Belarus,Europe,Europe & Central Asia,non-Schengen,f,18_59
2019,2019_I,country,FALSE,BLR,9,Belarus,Europe,Europe & Central Asia,non-Schengen,f,60
2019,2019_I,country,FALSE,BLR,68,Belarus,Europe,Europe & Central Asia,non-Schengen,m,18_59
2019,2019_I,country,FALSE,BLR,2,Belarus,Europe,Europe & Central Asia,non-Schengen,m,60
2019,2019_I,country,FALSE,BRA,3,Brazil,Americas,Latin America & Caribbean,non-Schengen,f,18_59
2019,2019_I,country,FALSE,BRA,10,Brazil,Americas,Latin America & Caribbean,non-Schengen,m,18_59
2019,2019_I,country,FALSE,CAN,1,Canada,Americas,North America,non-Schengen,f,18_59
2019,2019_I,country,FALSE,CHL,1,Chile,Americas,Latin America & Caribbean,non-Schengen,f,18_59
2019,2019_I,country,FALSE,CHL,1,Chile,Americas,Latin America & Caribbean,non-Schengen,m,18_59
2019,2019_I,country,FALSE,CHN,11,China,Asia,East Asia & Pacific,non-Schengen,f,18_59
2019,2019_I,country,FALSE,CHN,1,China,Asia,East Asia & Pacific,non-Schengen,m,17
2019,2019_I,country,FALSE,CHN,19,China,Asia,East Asia & Pacific,non-Schengen,m,18_59
2019,2019_I,country,FALSE,CIV,1,Côte d’Ivoire,Africa,Sub-Saharan Africa,non-Schengen,m,18_59
2019,2019_I,country,FALSE,CMR,2,Cameroon,Africa,Sub-Saharan Africa,non-Schengen,m,18_59
2019,2019_I,country,FALSE,COD,1,Congo - Kinshasa,Africa,Sub-Saharan Africa,non-Schengen,m,17
2019,2019_I,country,FALSE,COD,1,Congo - Kinshasa,Africa,Sub-Saharan Africa,non-Schengen,m,18_59
2019,2019_I,country,FALSE,COG,1,Congo - Brazzaville,Africa,Sub-Saharan Africa,non-Schengen,f,18_59
2019,2019_I,country,FALSE,COG,2,Congo - Brazzaville,Africa,Sub-Saharan Africa,non-Schengen,m,18_59
2019,2019_I,country,FALSE,COL,4,Colombia,Americas,Latin America & Caribbean,non-Schengen,m,18_59
2019,2019_I,country,FALSE,DZA,1,Algeria,Africa,"Middle East, North Africa, Afghanistan & Pakistan",non-Schengen,f,18_59
2019,2019_I,country,FALSE,DZA,12,Algeria,Africa,"Middle East, North Africa, Afghanistan & Pakistan",non-Schengen,m,18_59
2019,2019_I,country,FALSE,ECU,1,Ecuador,Americas,Latin America & Caribbean,non-Schengen,f,18_59
2019,2019_I,country,FALSE,EGY,1,Egypt,Africa,"Middle East, North Africa, Afghanistan & Pakistan",non-Schengen,f,18_59
2019,2019_I,country,FALSE,EGY,10,Egypt,Africa,"Middle East, North Africa, Afghanistan & Pakistan",non-Schengen,m,18_59
2019,2019_I,country,FALSE,ETH,2,Ethiopia,Africa,Sub-Saharan Africa,non-Schengen,f,18_59
2019,2019_I,country,FALSE,ETH,3,Ethiopia,Africa,Sub-Saharan Africa,non-Schengen,m,18_59
2019,2019_I,country,FALSE,GEO,23,Georgia,Asia,Europe & Central Asia,non-Schengen,f,18_59
2019,2019_I,country,FALSE,GEO,325,Georgia,Asia,Europe & Central Asia,non-Schengen,m,18_59
2019,2019_I,country,FALSE,GEO,1,Georgia,Asia,Europe & Central Asia,non-Schengen,m,60
2019,2019_I,country,FALSE,GIN,2,Guinea,Africa,Sub-Saharan Africa,non-Schengen,m,18_59
2019,2019_I,country,FALSE,GMB,1,Gambia,Africa,Sub-Saharan Africa,non-Schengen,m,18_59
2019,2019_I,country,FALSE,GNB,1,Guinea-Bissau,Africa,Sub-Saharan Africa,non-Schengen,m,18_59
2019,2019_I,country,FALSE,IDN,1,Indonesia,Asia,East Asia & Pacific,non-Schengen,m,18_59
2019,2019_I,country,FALSE,IND,6,India,Asia,South Asia,non-Schengen,f,18_59
2019,2019_I,country,FALSE,IND,85,India,Asia,South Asia,non-Schengen,m,18_59
2019,2019_I,country,FALSE,IRN,4,Iran,Asia,"Middle East, North Africa, Afghanistan & Pakistan",non-Schengen,m,18_59
2019,2019_I,country,FALSE,IRN,1,Iran,Asia,"Middle East, North Africa, Afghanistan & Pakistan",non-Schengen,m,60
2019,2019_I,country,FALSE,IRQ,1,Iraq,Asia,"Middle East, North Africa, Afghanistan & Pakistan",non-Schengen,f,18_59
2019,2019_I,country,FALSE,IRQ,6,Iraq,Asia,"Middle East, North Africa, Afghanistan & Pakistan",non-Schengen,m,18_59
2019,2019_I,country,FALSE,ISR,1,Israel,Asia,"Middle East, North Africa, Afghanistan & Pakistan",non-Schengen,f,18_59
2019,2019_I,country,FALSE,ISR,3,Israel,Asia,"Middle East, North Africa, Afghanistan & Pakistan",non-Schengen,m,18_59
2019,2019_I,country,FALSE,JOR,1,Jordan,Asia,"Middle East, North Africa, Afghanistan & Pakistan",non-Schengen,f,18_59
2019,2019_I,country,FALSE,JOR,5,Jordan,Asia,"Middle East, North Africa, Afghanistan & Pakistan",non-Schengen,m,18_59
2019,2019_I,country,FALSE,KAZ,1,Kazakhstan,Asia,Europe & Central Asia,non-Schengen,f,17
2019,2019_I,country,FALSE,KAZ,2,Kazakhstan,Asia,Europe & Central Asia,non-Schengen,f,18_59
2019,2019_I,country,FALSE,KAZ,1,Kazakhstan,Asia,Europe & Central Asia,non-Schengen,f,60
2019,2019_I,country,FALSE,KAZ,1,Kazakhstan,Asia,Europe & Central Asia,non-Schengen,m,17
2019,2019_I,country,FALSE,KAZ,11,Kazakhstan,Asia,Europe & Central Asia,non-Schengen,m,18_59
2019,2019_I,country,FALSE,KEN,1,Kenya,Africa,Sub-Saharan Africa,non-Schengen,m,18_59
2019,2019_I,country,FALSE,KGZ,1,Kyrgyzstan,Asia,Europe & Central Asia,non-Schengen,f,18_59
2019,2019_I,country,FALSE,KGZ,10,Kyrgyzstan,Asia,Europe & Central Asia,non-Schengen,m,18_59
2019,2019_I,country,FALSE,KOR,2,South Korea,Asia,East Asia & Pacific,non-Schengen,m,18_59
2019,2019_I,country,FALSE,KOSOVO,1,KOSOVO,Europe,Europe & Central Asia,non-Schengen,m,18_59
2019,2019_I,country,FALSE,LBN,4,Lebanon,Asia,"Middle East, North Africa, Afghanistan & Pakistan",non-Schengen,m,18_59
2019,2019_I,country,FALSE,LBY,3,Libya,Africa,"Middle East, North Africa, Afghanistan & Pakistan",non-Schengen,m,18_59
2019,2019_I,country,FALSE,LKA,2,Sri Lanka,Asia,South Asia,non-Schengen,f,18_59
2019,2019_I,country,FALSE,LKA,3,Sri Lanka,Asia,South Asia,non-Schengen,m,18_59
2019,2019_I,country,FALSE,MAR,7,Morocco,Africa,"Middle East, North Africa, Afghanistan & Pakistan",non-Schengen,m,18_59
2019,2019_I,country,FALSE,MDA,3,Moldova,Europe,Europe & Central Asia,non-Schengen,f,17
2019,2019_I,country,FALSE,MDA,19,Moldova,Europe,Europe & Central Asia,non-Schengen,f,18_59
2019,2019_I,country,FALSE,MDA,2,Moldova,Europe,Europe & Central Asia,non-Schengen,m,17
2019,2019_I,country,FALSE,MDA,56,Moldova,Europe,Europe & Central Asia,non-Schengen,m,18_59
2019,2019_I,country,FALSE,MEX,2,Mexico,Americas,Latin America & Caribbean,non-Schengen,m,18_59
2019,2019_I,country,FALSE,MKD,1,North Macedonia,Europe,Europe & Central Asia,non-Schengen,m,18_59
2019,2019_I,country,FALSE,MNG,1,Mongolia,Asia,East Asia & Pacific,non-Schengen,f,17
2019,2019_I,country,FALSE,MNG,4,Mongolia,Asia,East Asia & Pacific,non-Schengen,f,18_59
2019,2019_I,country,FALSE,MNG,2,Mongolia,Asia,East Asia & Pacific,non-Schengen,m,18_59
2019,2019_I,country,FALSE,MOZ,1,Mozambique,Africa,Sub-Saharan Africa,non-Schengen,m,18_59
2019,2019_I,country,FALSE,MYS,1,Malaysia,Asia,East Asia & Pacific,non-Schengen,f,18_59
2019,2019_I,country,FALSE,MYS,1,Malaysia,Asia,East Asia & Pacific,non-Schengen,m,18_59
2019,2019_I,country,FALSE,NER,1,Niger,Africa,Sub-Saharan Africa,non-Schengen,f,18_59
2019,2019_I,country,FALSE,NGA,3,Nigeria,Africa,Sub-Saharan Africa,non-Schengen,f,18_59
2019,2019_I,country,FALSE,NGA,9,Nigeria,Africa,Sub-Saharan Africa,non-Schengen,m,18_59
2019,2019_I,country,FALSE,NPL,15,Nepal,Asia,South Asia,non-Schengen,m,18_59
2019,2019_I,country,FALSE,PAK,2,Pakistan,Asia,"Middle East, North Africa, Afghanistan & Pakistan",non-Schengen,f,18_59
2019,2019_I,country,FALSE,PAK,18,Pakistan,Asia,"Middle East, North Africa, Afghanistan & Pakistan",non-Schengen,m,18_59
2019,2019_I,country,FALSE,PER,1,Peru,Americas,Latin America & Caribbean,non-Schengen,f,18_59
2019,2019_I,country,FALSE,PHL,1,Philippines,Asia,East Asia & Pacific,non-Schengen,f,18_59
2019,2019_I,country,FALSE,PHL,9,Philippines,Asia,East Asia & Pacific,non-Schengen,m,18_59
2019,2019_I,country,FALSE,KOR,18,South Korea,Asia,East Asia & Pacific,non-Schengen,m,18_59
2019,2019_I,country,FALSE,PRY,1,Paraguay,Americas,Latin America & Caribbean,non-Schengen,f,17
2019,2019_I,country,FALSE,RUS,60,Russia,Europe,Europe & Central Asia,non-Schengen,f,17
2019,2019_I,country,FALSE,RUS,54,Russia,Europe,Europe & Central Asia,non-Schengen,f,18_59
2019,2019_I,country,FALSE,RUS,3,Russia,Europe,Europe & Central Asia,non-Schengen,f,60
2019,2019_I,country,FALSE,RUS,71,Russia,Europe,Europe & Central Asia,non-Schengen,m,17
2019,2019_I,country,FALSE,RUS,88,Russia,Europe,Europe & Central Asia,non-Schengen,m,18_59
2019,2019_I,country,FALSE,RUS,3,Russia,Europe,Europe & Central Asia,non-Schengen,m,60
2019,2019_I,country,FALSE,RWA,5,Rwanda,Africa,Sub-Saharan Africa,non-Schengen,m,18_59
2019,2019_I,country,FALSE,SAU,1,Saudi Arabia,Asia,"Middle East, North Africa, Afghanistan & Pakistan",non-Schengen,f,17
2019,2019_I,country,FALSE,SAU,10,Saudi Arabia,Asia,"Middle East, North Africa, Afghanistan & Pakistan",non-Schengen,m,18_59
2019,2019_I,country,FALSE,SDN,1,Sudan,Africa,Sub-Saharan Africa,non-Schengen,m,18_59
2019,2019_I,country,FALSE,SEN,1,Senegal,Africa,Sub-Saharan Africa,non-Schengen,m,18_59
2019,2019_I,country,FALSE,SOM,1,Somalia,Africa,Sub-Saharan Africa,non-Schengen,m,18_59
2019,2019_I,country,FALSE,SRB,3,Serbia,Europe,Europe & Central Asia,non-Schengen,m,18_59
2019,2019_I,country,FALSE,SYR,1,Syria,Asia,"Middle East, North Africa, Afghanistan & Pakistan",non-Schengen,f,60
2019,2019_I,country,FALSE,SYR,4,Syria,Asia,"Middle East, North Africa, Afghanistan & Pakistan",non-Schengen,m,18_59
2019,2019_I,country,FALSE,THA,5,Thailand,Asia,East Asia & Pacific,non-Schengen,f,18_59
2019,2019_I,country,FALSE,THA,1,Thailand,Asia,East Asia & Pacific,non-Schengen,m,18_59
2019,2019_I,country,FALSE,TJK,3,Tajikistan,Asia,Europe & Central Asia,non-Schengen,f,17
2019,2019_I,country,FALSE,TJK,1,Tajikistan,Asia,Europe & Central Asia,non-Schengen,f,18_59
2019,2019_I,country,FALSE,TJK,2,Tajikistan,Asia,Europe & Central Asia,non-Schengen,m,17
2019,2019_I,country,FALSE,TJK,13,Tajikistan,Asia,Europe & Central Asia,non-Schengen,m,18_59
2019,2019_I,country,FALSE,TKM,1,Turkmenistan,Asia,Europe & Central Asia,non-Schengen,m,18_59
2019,2019_I,country,FALSE,TUN,1,Tunisia,Africa,"Middle East, North Africa, Afghanistan & Pakistan",non-Schengen,f,18_59
2019,2019_I,country,FALSE,TUN,7,Tunisia,Africa,"Middle East, North Africa, Afghanistan & Pakistan",non-Schengen,m,18_59
2019,2019_I,country,FALSE,TUR,2,Turkey,Asia,Europe & Central Asia,non-Schengen,f,18_59
2019,2019_I,country,FALSE,TUR,1,Turkey,Asia,Europe & Central Asia,non-Schengen,m,17
2019,2019_I,country,FALSE,TUR,28,Turkey,Asia,Europe & Central Asia,non-Schengen,m,18_59
2019,2019_I,country,FALSE,UKR,20,Ukraine,Europe,Europe & Central Asia,non-Schengen,f,17
2019,2019_I,country,FALSE,UKR,486,Ukraine,Europe,Europe & Central Asia,non-Schengen,f,18_59
2019,2019_I,country,FALSE,UKR,53,Ukraine,Europe,Europe & Central Asia,non-Schengen,f,60
2019,2019_I,country,FALSE,UKR,35,Ukraine,Europe,Europe & Central Asia,non-Schengen,m,17
2019,2019_I,country,FALSE,UKR,1362,Ukraine,Europe,Europe & Central Asia,non-Schengen,m,18_59
2019,2019_I,country,FALSE,UKR,10,Ukraine,Europe,Europe & Central Asia,non-Schengen,m,60
2019,2019_I,country,FALSE,USA,2,United States,Americas,North America,non-Schengen,f,18_59
2019,2019_I,country,FALSE,USA,4,United States,Americas,North America,non-Schengen,m,18_59
2019,2019_I,country,FALSE,UZB,1,Uzbekistan,Asia,Europe & Central Asia,non-Schengen,f,17
2019,2019_I,country,FALSE,UZB,5,Uzbekistan,Asia,Europe & Central Asia,non-Schengen,f,18_59
2019,2019_I,country,FALSE,UZB,28,Uzbekistan,Asia,Europe & Central Asia,non-Schengen,m,18_59
2019,2019_I,country,FALSE,VCT,1,St. Vincent & Grenadines,Americas,Latin America & Caribbean,non-Schengen,m,18_59
2019,2019_I,country,FALSE,VEN,2,Venezuela,Americas,Latin America & Caribbean,non-Schengen,f,18_59
2019,2019_I,country,FALSE,VEN,1,Venezuela,Americas,Latin America & Caribbean,non-Schengen,m,18_59
2019,2019_I,country,FALSE,VNM,3,Vietnam,Asia,East Asia & Pacific,non-Schengen,f,17
2019,2019_I,country,FALSE,VNM,14,Vietnam,Asia,East Asia & Pacific,non-Schengen,f,18_59
2019,2019_I,country,FALSE,VNM,3,Vietnam,Asia,East Asia & Pacific,non-Schengen,m,17
2019,2019_I,country,FALSE,VNM,54,Vietnam,Asia,East Asia & Pacific,non-Schengen,m,18_59
2019,2019_I,country,FALSE,VNM,1,Vietnam,Asia,East Asia & Pacific,non-Schengen,m,60
2019,2019_I,country,FALSE,XXX,2,Stateless,other/unknown,other/unknown,non-Schengen,m,18_59
2019,2019_I,country,FALSE,YEM,1,Yemen,Asia,"Middle East, North Africa, Afghanistan & Pakistan",non-Schengen,f,18_59
2019,2019_I,country,FALSE,ZWE,4,Zimbabwe,Africa,Sub-Saharan Africa,non-Schengen,m,18_59
2019,2019_I,country,TRUE,ARG,1,Argentina,Americas,Latin America & Caribbean,non-Schengen,m,18_59
2019,2019_I,country,TRUE,BLR,1,Belarus,Europe,Europe & Central Asia,non-Schengen,m,18_59
2019,2019_I,country,TRUE,GEO,1,Georgia,Asia,Europe & Central Asia,non-Schengen,f,18_59
2019,2019_I,country,TRUE,GEO,5,Georgia,Asia,Europe & Central Asia,non-Schengen,m,18_59
2019,2019_I,country,TRUE,MDA,2,Moldova,Europe,Europe & Central Asia,non-Schengen,m,18_59
2019,2019_I,country,TRUE,RUS,1,Russia,Europe,Europe & Central Asia,non-Schengen,f,18_59
2019,2019_I,country,TRUE,TJK,1,Tajikistan,Asia,Europe & Central Asia,non-Schengen,m,18_59
2019,2019_I,country,TRUE,UKR,1,Ukraine,Europe,Europe & Central Asia,non-Schengen,f,18_59
2019,2019_I,country,TRUE,UKR,15,Ukraine,Europe,Europe & Central Asia,non-Schengen,m,18_59
2019,2019_I,country,TRUE,VNM,1,Vietnam,Asia,East Asia & Pacific,non-Schengen,m,18_59
2019,2019_I,external air,FALSE,AFG,3,Afghanistan,Asia,"Middle East, North Africa, Afghanistan & Pakistan",non-Schengen,f,18_59
2019,2019_I,external air,FALSE,ALB,7,Albania,Europe,Europe & Central Asia,non-Schengen,m,18_59
2019,2019_I,external air,FALSE,ARM,4,Armenia,Asia,Europe & Central Asia,non-Schengen,f,18_59
2019,2019_I,external air,FALSE,ARM,1,Armenia,Asia,Europe & Central Asia,non-Schengen,f,60
2019,2019_I,external air,FALSE,ARM,1,Armenia,Asia,Europe & Central Asia,non-Schengen,m,18_59
2019,2019_I,external air,FALSE,AZE,1,Azerbaijan,Asia,Europe & Central Asia,non-Schengen,f,18_59
2019,2019_I,external air,FALSE,AZE,1,Azerbaijan,Asia,Europe & Central Asia,non-Schengen,m,18_59
2019,2019_I,external air,FALSE,BLR,1,Belarus,Europe,Europe & Central Asia,non-Schengen,f,18_59
2019,2019_I,external air,FALSE,BLR,1,Belarus,Europe,Europe & Central Asia,non-Schengen,f,60
2019,2019_I,external air,FALSE,BLR,1,Belarus,Europe,Europe & Central Asia,non-Schengen,m,18_59
2019,2019_I,external air,FALSE,CAN,2,Canada,Americas,North America,non-Schengen,f,18_59
2019,2019_I,external air,FALSE,CAN,4,Canada,Americas,North America,non-Schengen,m,18_59
2019,2019_I,external air,FALSE,CAN,1,Canada,Americas,North America,non-Schengen,m,60
2019,2019_I,external air,FALSE,CHN,1,China,Asia,East Asia & Pacific,non-Schengen,f,17
2019,2019_I,external air,FALSE,CHN,20,China,Asia,East Asia & Pacific,non-Schengen,f,18_59
2019,2019_I,external air,FALSE,CHN,2,China,Asia,East Asia & Pacific,non-Schengen,f,60
2019,2019_I,external air,FALSE,CHN,31,China,Asia,East Asia & Pacific,non-Schengen,m,18_59
2019,2019_I,external air,FALSE,CHN,1,China,Asia,East Asia & Pacific,non-Schengen,m,60
2019,2019_I,external air,FALSE,EGY,2,Egypt,Africa,"Middle East, North Africa, Afghanistan & Pakistan",non-Schengen,m,18_59
2019,2019_I,external air,FALSE,ETH,1,Ethiopia,Africa,Sub-Saharan Africa,non-Schengen,m,18_59
2019,2019_I,external air,FALSE,GEO,1,Georgia,Asia,Europe & Central Asia,non-Schengen,f,17
2019,2019_I,external air,FALSE,GEO,17,Georgia,Asia,Europe & Central Asia,non-Schengen,f,18_59
2019,2019_I,external air,FALSE,GEO,3,Georgia,Asia,Europe & Central Asia,non-Schengen,f,60
2019,2019_I,external air,FALSE,GEO,153,Georgia,Asia,Europe & Central Asia,non-Schengen,m,18_59
2019,2019_I,external air,FALSE,HND,1,Honduras,Americas,Latin America & Caribbean,non-Schengen,m,18_59
2019,2019_I,external air,FALSE,IND,4,India,Asia,South Asia,non-Schengen,f,18_59
2019,2019_I,external air,FALSE,IND,1,India,Asia,South Asia,non-Schengen,f,60
2019,2019_I,external air,FALSE,IND,15,India,Asia,South Asia,non-Schengen,m,18_59
2019,2019_I,external air,FALSE,IND,1,India,Asia,South Asia,non-Schengen,m,60
2019,2019_I,external air,FALSE,IRQ,1,Iraq,Asia,"Middle East, North Africa, Afghanistan & Pakistan",non-Schengen,f,18_59
2019,2019_I,external air,FALSE,IRQ,1,Iraq,Asia,"Middle East, North Africa, Afghanistan & Pakistan",non-Schengen,m,18_59
2019,2019_I,external air,FALSE,ISR,1,Israel,Asia,"Middle East, North Africa, Afghanistan & Pakistan",non-Schengen,m,18_59
2019,2019_I,external air,FALSE,JOR,3,Jordan,Asia,"Middle East, North Africa, Afghanistan & Pakistan",non-Schengen,f,18_59
2019,2019_I,external air,FALSE,JOR,5,Jordan,Asia,"Middle East, North Africa, Afghanistan & Pakistan",non-Schengen,m,18_59
2019,2019_I,external air,FALSE,KAZ,1,Kazakhstan,Asia,Europe & Central Asia,non-Schengen,f,17
2019,2019_I,external air,FALSE,KAZ,10,Kazakhstan,Asia,Europe & Central Asia,non-Schengen,f,18_59
2019,2019_I,external air,FALSE,KAZ,2,Kazakhstan,Asia,Europe & Central Asia,non-Schengen,f,60
2019,2019_I,external air,FALSE,KAZ,1,Kazakhstan,Asia,Europe & Central Asia,non-Schengen,m,17
2019,2019_I,external air,FALSE,KAZ,8,Kazakhstan,Asia,Europe & Central Asia,non-Schengen,m,18_59
2019,2019_I,external air,FALSE,LBR,1,Liberia,Africa,Sub-Saharan Africa,non-Schengen,m,18_59
2019,2019_I,external air,FALSE,LBY,1,Libya,Africa,"Middle East, North Africa, Afghanistan & Pakistan",non-Schengen,m,18_59
2019,2019_I,external air,FALSE,LKA,1,Sri Lanka,Asia,South Asia,non-Schengen,m,18_59
2019,2019_I,external air,FALSE,MAR,1,Morocco,Africa,"Middle East, North Africa, Afghanistan & Pakistan",non-Schengen,f,18_59
2019,2019_I,external air,FALSE,MAR,1,Morocco,Africa,"Middle East, North Africa, Afghanistan & Pakistan",non-Schengen,m,18_59
2019,2019_I,external air,FALSE,MDA,3,Moldova,Europe,Europe & Central Asia,non-Schengen,f,18_59
2019,2019_I,external air,FALSE,MDA,1,Moldova,Europe,Europe & Central Asia,non-Schengen,f,60
2019,2019_I,external air,FALSE,MDA,8,Moldova,Europe,Europe & Central Asia,non-Schengen,m,18_59
2019,2019_I,external air,FALSE,MEX,1,Mexico,Americas,Latin America & Caribbean,non-Schengen,f,18_59
2019,2019_I,external air,FALSE,MNG,1,Mongolia,Asia,East Asia & Pacific,non-Schengen,f,18_59
2019,2019_I,external air,FALSE,MNG,2,Mongolia,Asia,East Asia & Pacific,non-Schengen,m,17
2019,2019_I,external air,FALSE,MNG,4,Mongolia,Asia,East Asia & Pacific,non-Schengen,m,18_59
2019,2019_I,external air,FALSE,NGA,3,Nigeria,Africa,Sub-Saharan Africa,non-Schengen,m,18_59
2019,2019_I,external air,FALSE,PAK,5,Pakistan,Asia,"Middle East, North Africa, Afghanistan & Pakistan",non-Schengen,m,18_59
2019,2019_I,external air,FALSE,PHL,4,Philippines,Asia,East Asia & Pacific,non-Schengen,f,18_59
2019,2019_I,external air,FALSE,PHL,1,Philippines,Asia,East Asia & Pacific,non-Schengen,m,18_59
2019,2019_I,external air,FALSE,PSE,1,Palestinian Territories,Asia,"Middle East, North Africa, Afghanistan & Pakistan",non-Schengen,f,60
2019,2019_I,external air,FALSE,PSE,1,Palestinian Territories,Asia,"Middle East, North Africa, Afghanistan & Pakistan",non-Schengen,m,18_59
2019,2019_I,external air,FALSE,RUS,4,Russia,Europe,Europe & Central Asia,non-Schengen,f,17
2019,2019_I,external air,FALSE,RUS,10,Russia,Europe,Europe & Central Asia,non-Schengen,f,18_59
2019,2019_I,external air,FALSE,RUS,1,Russia,Europe,Europe & Central Asia,non-Schengen,f,60
2019,2019_I,external air,FALSE,RUS,2,Russia,Europe,Europe & Central Asia,non-Schengen,m,17
2019,2019_I,external air,FALSE,RUS,7,Russia,Europe,Europe & Central Asia,non-Schengen,m,18_59
2019,2019_I,external air,FALSE,RUS,1,Russia,Europe,Europe & Central Asia,non-Schengen,m,60
2019,2019_I,external air,FALSE,SAU,4,Saudi Arabia,Asia,"Middle East, North Africa, Afghanistan & Pakistan",non-Schengen,m,18_59
2019,2019_I,external air,FALSE,SRB,2,Serbia,Europe,Europe & Central Asia,non-Schengen,f,18_59
2019,2019_I,external air,FALSE,SRB,3,Serbia,Europe,Europe & Central Asia,non-Schengen,m,18_59
2019,2019_I,external air,FALSE,SYR,1,Syria,Asia,"Middle East, North Africa, Afghanistan & Pakistan",non-Schengen,m,18_59
2019,2019_I,external air,FALSE,THA,1,Thailand,Asia,East Asia & Pacific,non-Schengen,f,18_59
2019,2019_I,external air,FALSE,TJK,1,Tajikistan,Asia,Europe & Central Asia,non-Schengen,f,18_59
2019,2019_I,external air,FALSE,TJK,1,Tajikistan,Asia,Europe & Central Asia,non-Schengen,m,18_59
2019,2019_I,external air,FALSE,TKM,1,Turkmenistan,Asia,Europe & Central Asia,non-Schengen,m,18_59
2019,2019_I,external air,FALSE,TUR,1,Turkey,Asia,Europe & Central Asia,non-Schengen,f,17
2019,2019_I,external air,FALSE,TUR,4,Turkey,Asia,Europe & Central Asia,non-Schengen,f,18_59
2019,2019_I,external air,FALSE,TUR,14,Turkey,Asia,Europe & Central Asia,non-Schengen,m,18_59
2019,2019_I,external air,FALSE,UGA,1,Uganda,Africa,Sub-Saharan Africa,non-Schengen,f,18_59
2019,2019_I,external air,FALSE,UKR,4,Ukraine,Europe,Europe & Central Asia,non-Schengen,f,17
2019,2019_I,external air,FALSE,UKR,111,Ukraine,Europe,Europe & Central Asia,non-Schengen,f,18_59
2019,2019_I,external air,FALSE,UKR,9,Ukraine,Europe,Europe & Central Asia,non-Schengen,f,60
2019,2019_I,external air,FALSE,UKR,8,Ukraine,Europe,Europe & Central Asia,non-Schengen,m,17
2019,2019_I,external air,FALSE,UKR,177,Ukraine,Europe,Europe & Central Asia,non-Schengen,m,18_59
2019,2019_I,external air,FALSE,UZB,1,Uzbekistan,Asia,Europe & Central Asia,non-Schengen,f,18_59
2019,2019_I,external air,FALSE,UZB,4,Uzbekistan,Asia,Europe & Central Asia,non-Schengen,m,18_59
2019,2019_I,external air,FALSE,VNM,1,Vietnam,Asia,East Asia & Pacific,non-Schengen,f,18_59
2019,2019_I,external air,FALSE,VNM,3,Vietnam,Asia,East Asia & Pacific,non-Schengen,m,18_59
2019,2019_I,external air,FALSE,VNM,1,Vietnam,Asia,East Asia & Pacific,non-Schengen,m,60
2019,2019_I,external air,FALSE,XXX,1,Stateless,other/unknown,other/unknown,non-Schengen,m,18_59
2019,2019_I,external air,FALSE,ZAF,1,South Africa,Africa,Sub-Saharan Africa,non-Schengen,m,18_59
2019,2019_I,external air,TRUE,AZE,1,Azerbaijan,Asia,Europe & Central Asia,non-Schengen,m,18_59
2019,2019_II,Belarus,FALSE,AFG,1,Afghanistan,Asia,"Middle East, North Africa, Afghanistan & Pakistan",non-Schengen,f,17
2019,2019_II,Belarus,FALSE,AFG,1,Afghanistan,Asia,"Middle East, North Africa, Afghanistan & Pakistan",non-Schengen,f,18_59
2019,2019_II,Belarus,FALSE,ARM,1,Armenia,Asia,Europe & Central Asia,non-Schengen,f,18_59
2019,2019_II,Belarus,FALSE,ARM,1,Armenia,Asia,Europe & Central Asia,non-Schengen,m,17
2019,2019_II,Belarus,FALSE,ARM,1,Armenia,Asia,Europe & Central Asia,non-Schengen,m,18_59
2019,2019_II,Belarus,FALSE,AZE,3,Azerbaijan,Asia,Europe & Central Asia,non-Schengen,m,18_59
2019,2019_II,Belarus,FALSE,BHR,1,Bahrain,Asia,"Middle East, North Africa, Afghanistan & Pakistan",non-Schengen,m,18_59
2019,2019_II,Belarus,FALSE,BLR,17,Belarus,Europe,Europe & Central Asia,non-Schengen,f,17
2019,2019_II,Belarus,FALSE,BLR,177,Belarus,Europe,Europe & Central Asia,non-Schengen,f,18_59
2019,2019_II,Belarus,FALSE,BLR,32,Belarus,Europe,Europe & Central Asia,non-Schengen,f,60
2019,2019_II,Belarus,FALSE,BLR,11,Belarus,Europe,Europe & Central Asia,non-Schengen,m,17
2019,2019_II,Belarus,FALSE,BLR,469,Belarus,Europe,Europe & Central Asia,non-Schengen,m,18_59
2019,2019_II,Belarus,FALSE,BLR,8,Belarus,Europe,Europe & Central Asia,non-Schengen,m,60
2019,2019_II,Belarus,FALSE,CHN,1,China,Asia,East Asia & Pacific,non-Schengen,f,18_59
2019,2019_II,Belarus,FALSE,CHN,1,China,Asia,East Asia & Pacific,non-Schengen,m,18_59
2019,2019_II,Belarus,FALSE,ECU,1,Ecuador,Americas,Latin America & Caribbean,non-Schengen,m,18_59
2019,2019_II,Belarus,FALSE,GEO,7,Georgia,Asia,Europe & Central Asia,non-Schengen,m,18_59
2019,2019_II,Belarus,FALSE,KAZ,1,Kazakhstan,Asia,Europe & Central Asia,non-Schengen,f,18_59
2019,2019_II,Belarus,FALSE,KAZ,10,Kazakhstan,Asia,Europe & Central Asia,non-Schengen,m,18_59
2019,2019_II,Belarus,FALSE,KGZ,5,Kyrgyzstan,Asia,Europe & Central Asia,non-Schengen,m,18_59
2019,2019_II,Belarus,FALSE,MDA,1,Moldova,Europe,Europe & Central Asia,non-Schengen,f,17
2019,2019_II,Belarus,FALSE,MDA,1,Moldova,Europe,Europe & Central Asia,non-Schengen,f,60
2019,2019_II,Belarus,FALSE,MDA,1,Moldova,Europe,Europe & Central Asia,non-Schengen,m,17
2019,2019_II,Belarus,FALSE,MDA,2,Moldova,Europe,Europe & Central Asia,non-Schengen,m,18_59
2019,2019_II,Belarus,FALSE,MNE,1,Montenegro,Europe,Europe & Central Asia,non-Schengen,m,18_59
2019,2019_II,Belarus,FALSE,MNG,5,Mongolia,Asia,East Asia & Pacific,non-Schengen,m,18_59
2019,2019_II,Belarus,FALSE,NPL,1,Nepal,Asia,South Asia,non-Schengen,m,18_59
2019,2019_II,Belarus,FALSE,RUS,36,Russia,Europe,Europe & Central Asia,non-Schengen,f,17
2019,2019_II,Belarus,FALSE,RUS,110,Russia,Europe,Europe & Central Asia,non-Schengen,f,18_59
2019,2019_II,Belarus,FALSE,RUS,27,Russia,Europe,Europe & Central Asia,non-Schengen,f,60
2019,2019_II,Belarus,FALSE,RUS,43,Russia,Europe,Europe & Central Asia,non-Schengen,m,17
2019,2019_II,Belarus,FALSE,RUS,132,Russia,Europe,Europe & Central Asia,non-Schengen,m,18_59
2019,2019_II,Belarus,FALSE,RUS,15,Russia,Europe,Europe & Central Asia,non-Schengen,m,60
2019,2019_II,Belarus,FALSE,SRB,1,Serbia,Europe,Europe & Central Asia,non-Schengen,m,18_59
2019,2019_II,Belarus,FALSE,TJK,6,Tajikistan,Asia,Europe & Central Asia,non-Schengen,m,18_59
2019,2019_II,Belarus,FALSE,UKR,1,Ukraine,Europe,Europe & Central Asia,non-Schengen,f,17
2019,2019_II,Belarus,FALSE,UKR,6,Ukraine,Europe,Europe & Central Asia,non-Schengen,f,18_59
2019,2019_II,Belarus,FALSE,UKR,1,Ukraine,Europe,Europe & Central Asia,non-Schengen,m,17
2019,2019_II,Belarus,FALSE,UKR,16,Ukraine,Europe,Europe & Central Asia,non-Schengen,m,18_59
2019,2019_II,Belarus,FALSE,UZB,1,Uzbekistan,Asia,Europe & Central Asia,non-Schengen,f,60
2019,2019_II,Belarus,FALSE,UZB,8,Uzbekistan,Asia,Europe & Central Asia,non-Schengen,m,18_59
2019,2019_II,Belarus,FALSE,XXX,1,Stateless,other/unknown,other/unknown,non-Schengen,f,18_59
2019,2019_II,Russia,FALSE,ARM,1,Armenia,Asia,Europe & Central Asia,non-Schengen,m,18_59
2019,2019_II,Russia,FALSE,AZE,1,Azerbaijan,Asia,Europe & Central Asia,non-Schengen,m,18_59
2019,2019_II,Russia,FALSE,ISR,1,Israel,Asia,"Middle East, North Africa, Afghanistan & Pakistan",non-Schengen,f,60
2019,2019_II,Russia,FALSE,ISR,1,Israel,Asia,"Middle East, North Africa, Afghanistan & Pakistan",non-Schengen,m,18_59
2019,2019_II,Russia,FALSE,KAZ,4,Kazakhstan,Asia,Europe & Central Asia,non-Schengen,f,18_59
2019,2019_II,Russia,FALSE,KGZ,1,Kyrgyzstan,Asia,Europe & Central Asia,non-Schengen,m,18_59
2019,2019_II,Russia,FALSE,MKD,1,North Macedonia,Europe,Europe & Central Asia,non-Schengen,m,18_59
2019,2019_II,Russia,FALSE,RUS,2,Russia,Europe,Europe & Central Asia,non-Schengen,f,17
2019,2019_II,Russia,FALSE,RUS,46,Russia,Europe,Europe & Central Asia,non-Schengen,f,18_59
2019,2019_II,Russia,FALSE,RUS,10,Russia,Europe,Europe & Central Asia,non-Schengen,f,60
2019,2019_II,Russia,FALSE,RUS,6,Russia,Europe,Europe & Central Asia,non-Schengen,m,17
2019,2019_II,Russia,FALSE,RUS,72,Russia,Europe,Europe & Central Asia,non-Schengen,m,18_59
2019,2019_II,Russia,FALSE,RUS,2,Russia,Europe,Europe & Central Asia,non-Schengen,m,60
2019,2019_II,Russia,FALSE,SRB,1,Serbia,Europe,Europe & Central Asia,non-Schengen,m,18_59
2019,2019_II,Russia,FALSE,TJK,1,Tajikistan,Asia,Europe & Central Asia,non-Schengen,m,18_59
2019,2019_II,Russia,FALSE,UZB,1,Uzbekistan,Asia,Europe & Central Asia,non-Schengen,m,18_59
2019,2019_II,Ukraine,FALSE,AFG,1,Afghanistan,Asia,"Middle East, North Africa, Afghanistan & Pakistan",non-Schengen,f,18_59
2019,2019_II,Ukraine,FALSE,ARM,1,Armenia,Asia,Europe & Central Asia,non-Schengen,f,18_59
2019,2019_II,Ukraine,FALSE,ARM,2,Armenia,Asia,Europe & Central Asia,non-Schengen,m,18_59
2019,2019_II,Ukraine,FALSE,AZE,1,Azerbaijan,Asia,Europe & Central Asia,non-Schengen,m,18_59
2019,2019_II,Ukraine,FALSE,BGD,1,Bangladesh,Asia,South Asia,non-Schengen,m,18_59
2019,2019_II,Ukraine,FALSE,BIH,2,Bosnia & Herzegovina,Europe,Europe & Central Asia,non-Schengen,m,18_59
2019,2019_II,Ukraine,FALSE,BLR,1,Belarus,Europe,Europe & Central Asia,non-Schengen,f,18_59
2019,2019_II,Ukraine,FALSE,BLR,8,Belarus,Europe,Europe & Central Asia,non-Schengen,m,18_59
2019,2019_II,Ukraine,FALSE,CAN,1,Canada,Americas,North America,non-Schengen,f,18_59
2019,2019_II,Ukraine,FALSE,CAN,1,Canada,Americas,North America,non-Schengen,m,18_59
2019,2019_II,Ukraine,FALSE,CHN,1,China,Asia,East Asia & Pacific,non-Schengen,m,18_59
2019,2019_II,Ukraine,FALSE,CIV,1,Côte d’Ivoire,Africa,Sub-Saharan Africa,non-Schengen,m,18_59
2019,2019_II,Ukraine,FALSE,COD,1,Congo - Kinshasa,Africa,Sub-Saharan Africa,non-Schengen,m,18_59
2019,2019_II,Ukraine,FALSE,COL,1,Colombia,Americas,Latin America & Caribbean,non-Schengen,m,18_59
2019,2019_II,Ukraine,FALSE,DZA,1,Algeria,Africa,"Middle East, North Africa, Afghanistan & Pakistan",non-Schengen,m,18_59
2019,2019_II,Ukraine,FALSE,ECU,1,Ecuador,Americas,Latin America & Caribbean,non-Schengen,f,18_59
2019,2019_II,Ukraine,FALSE,GEO,1,Georgia,Asia,Europe & Central Asia,non-Schengen,f,17
2019,2019_II,Ukraine,FALSE,GEO,2,Georgia,Asia,Europe & Central Asia,non-Schengen,f,18_59
2019,2019_II,Ukraine,FALSE,GEO,48,Georgia,Asia,Europe & Central Asia,non-Schengen,m,18_59
2019,2019_II,Ukraine,FALSE,GHA,1,Ghana,Africa,Sub-Saharan Africa,non-Schengen,f,18_59
2019,2019_II,Ukraine,FALSE,KAZ,1,Kazakhstan,Asia,Europe & Central Asia,non-Schengen,f,18_59
2019,2019_II,Ukraine,FALSE,KAZ,3,Kazakhstan,Asia,Europe & Central Asia,non-Schengen,m,18_59
2019,2019_II,Ukraine,FALSE,KGZ,1,Kyrgyzstan,Asia,Europe & Central Asia,non-Schengen,m,18_59
2019,2019_II,Ukraine,FALSE,MDA,6,Moldova,Europe,Europe & Central Asia,non-Schengen,f,17
2019,2019_II,Ukraine,FALSE,MDA,82,Moldova,Europe,Europe & Central Asia,non-Schengen,f,18_59
2019,2019_II,Ukraine,FALSE,MDA,2,Moldova,Europe,Europe & Central Asia,non-Schengen,f,60
2019,2019_II,Ukraine,FALSE,MDA,2,Moldova,Europe,Europe & Central Asia,non-Schengen,m,17
2019,2019_II,Ukraine,FALSE,MDA,242,Moldova,Europe,Europe & Central Asia,non-Schengen,m,18_59
2019,2019_II,Ukraine,FALSE,MDA,2,Moldova,Europe,Europe & Central Asia,non-Schengen,m,60
2019,2019_II,Ukraine,FALSE,RUS,11,Russia,Europe,Europe & Central Asia,non-Schengen,f,18_59
2019,2019_II,Ukraine,FALSE,RUS,1,Russia,Europe,Europe & Central Asia,non-Schengen,f,60
2019,2019_II,Ukraine,FALSE,RUS,12,Russia,Europe,Europe & Central Asia,non-Schengen,m,18_59
2019,2019_II,Ukraine,FALSE,SRB,1,Serbia,Europe,Europe & Central Asia,non-Schengen,f,60
2019,2019_II,Ukraine,FALSE,SRB,1,Serbia,Europe,Europe & Central Asia,non-Schengen,m,18_59
2019,2019_II,Ukraine,FALSE,TJK,1,Tajikistan,Asia,Europe & Central Asia,non-Schengen,m,18_59
2019,2019_II,Ukraine,FALSE,TUR,1,Turkey,Asia,Europe & Central Asia,non-Schengen,f,18_59
2019,2019_II,Ukraine,FALSE,TUR,6,Turkey,Asia,Europe & Central Asia,non-Schengen,m,18_59
2019,2019_II,Ukraine,FALSE,UKR,13,Ukraine,Europe,Europe & Central Asia,non-Schengen,f,17
2019,2019_II,Ukraine,FALSE,UKR,2175,Ukraine,Europe,Europe & Central Asia,non-Schengen,f,18_59
2019,2019_II,Ukraine,FALSE,UKR,199,Ukraine,Europe,Europe & Central Asia,non-Schengen,f,60
2019,2019_II,Ukraine,FALSE,UKR,21,Ukraine,Europe,Europe & Central Asia,non-Schengen,m,17
2019,2019_II,Ukraine,FALSE,UKR,5625,Ukraine,Europe,Europe & Central Asia,non-Schengen,m,18_59
2019,2019_II,Ukraine,FALSE,UKR,45,Ukraine,Europe,Europe & Central Asia,non-Schengen,m,60
2019,2019_II,Ukraine,FALSE,VNM,4,Vietnam,Asia,East Asia & Pacific,non-Schengen,f,18_59
2019,2019_II,Ukraine,FALSE,VNM,1,Vietnam,Asia,East Asia & Pacific,non-Schengen,m,18_59
2019,2019_II,country,FALSE,AFG,1,Afghanistan,Asia,"Middle East, North Africa, Afghanistan & Pakistan",non-Schengen,f,17
2019,2019_II,country,FALSE,AFG,5,Afghanistan,Asia,"Middle East, North Africa, Afghanistan & Pakistan",non-Schengen,m,18_59
2019,2019_II,country,FALSE,AGO,2,Angola,Africa,Sub-Saharan Africa,non-Schengen,f,18_59
2019,2019_II,country,FALSE,AGO,2,Angola,Africa,Sub-Saharan Africa,non-Schengen,m,18_59
2019,2019_II,country,FALSE,ALB,16,Albania,Europe,Europe & Central Asia,non-Schengen,m,18_59
2019,2019_II,country,FALSE,ARM,2,Armenia,Asia,Europe & Central Asia,non-Schengen,f,17
2019,2019_II,country,FALSE,ARM,2,Armenia,Asia,Europe & Central Asia,non-Schengen,f,18_59
2019,2019_II,country,FALSE,ARM,2,Armenia,Asia,Europe & Central Asia,non-Schengen,f,60
2019,2019_II,country,FALSE,ARM,4,Armenia,Asia,Europe & Central Asia,non-Schengen,m,17
2019,2019_II,country,FALSE,ARM,7,Armenia,Asia,Europe & Central Asia,non-Schengen,m,18_59
2019,2019_II,country,FALSE,AUS,2,Australia,Oceania,East Asia & Pacific,non-Schengen,f,18_59
2019,2019_II,country,FALSE,AUS,1,Australia,Oceania,East Asia & Pacific,non-Schengen,m,18_59
2019,2019_II,country,FALSE,AZE,1,Azerbaijan,Asia,Europe & Central Asia,non-Schengen,f,18_59
2019,2019_II,country,FALSE,AZE,20,Azerbaijan,Asia,Europe & Central Asia,non-Schengen,m,18_59
2019,2019_II,country,FALSE,BGD,1,Bangladesh,Asia,South Asia,non-Schengen,f,18_59
2019,2019_II,country,FALSE,BGD,10,Bangladesh,Asia,South Asia,non-Schengen,m,18_59
2019,2019_II,country,FALSE,BLR,1,Belarus,Europe,Europe & Central Asia,non-Schengen,f,17
2019,2019_II,country,FALSE,BLR,15,Belarus,Europe,Europe & Central Asia,non-Schengen,f,18_59
2019,2019_II,country,FALSE,BLR,5,Belarus,Europe,Europe & Central Asia,non-Schengen,f,60
2019,2019_II,country,FALSE,BLR,66,Belarus,Europe,Europe & Central Asia,non-Schengen,m,18_59
2019,2019_II,country,FALSE,BLR,1,Belarus,Europe,Europe & Central Asia,non-Schengen,m,60
2019,2019_II,country,FALSE,BRA,3,Brazil,Americas,Latin America & Caribbean,non-Schengen,f,18_59
2019,2019_II,country,FALSE,BRA,7,Brazil,Americas,Latin America & Caribbean,non-Schengen,m,18_59
2019,2019_II,country,FALSE,CAN,1,Canada,Americas,North America,non-Schengen,m,18_59
2019,2019_II,country,FALSE,CHL,1,Chile,Americas,Latin America & Caribbean,non-Schengen,m,18_59
2019,2019_II,country,FALSE,CHN,1,China,Asia,East Asia & Pacific,non-Schengen,f,17
2019,2019_II,country,FALSE,CHN,5,China,Asia,East Asia & Pacific,non-Schengen,f,18_59
2019,2019_II,country,FALSE,CHN,1,China,Asia,East Asia & Pacific,non-Schengen,m,17
2019,2019_II,country,FALSE,CHN,16,China,Asia,East Asia & Pacific,non-Schengen,m,18_59
2019,2019_II,country,FALSE,CMR,1,Cameroon,Africa,Sub-Saharan Africa,non-Schengen,f,17
2019,2019_II,country,FALSE,CMR,1,Cameroon,Africa,Sub-Saharan Africa,non-Schengen,f,18_59
2019,2019_II,country,FALSE,CMR,2,Cameroon,Africa,Sub-Saharan Africa,non-Schengen,m,18_59
2019,2019_II,country,FALSE,COD,2,Congo - Kinshasa,Africa,Sub-Saharan Africa,non-Schengen,m,18_59
2019,2019_II,country,FALSE,COG,1,Congo - Brazzaville,Africa,Sub-Saharan Africa,non-Schengen,m,17
2019,2019_II,country,FALSE,COG,3,Congo - Brazzaville,Africa,Sub-Saharan Africa,non-Schengen,m,18_59
2019,2019_II,country,FALSE,COL,4,Colombia,Americas,Latin America & Caribbean,non-Schengen,m,18_59
2019,2019_II,country,FALSE,CUB,1,Cuba,Americas,Latin America & Caribbean,non-Schengen,f,17
2019,2019_II,country,FALSE,CUB,1,Cuba,Americas,Latin America & Caribbean,non-Schengen,f,18_59
2019,2019_II,country,FALSE,CUB,4,Cuba,Americas,Latin America & Caribbean,non-Schengen,m,18_59
2019,2019_II,country,FALSE,DZA,1,Algeria,Africa,"Middle East, North Africa, Afghanistan & Pakistan",non-Schengen,f,18_59
2019,2019_II,country,FALSE,DZA,8,Algeria,Africa,"Middle East, North Africa, Afghanistan & Pakistan",non-Schengen,m,18_59
2019,2019_II,country,FALSE,EGY,8,Egypt,Africa,"Middle East, North Africa, Afghanistan & Pakistan",non-Schengen,m,18_59
2019,2019_II,country,FALSE,GEO,8,Georgia,Asia,Europe & Central Asia,non-Schengen,f,17
2019,2019_II,country,FALSE,GEO,47,Georgia,Asia,Europe & Central Asia,non-Schengen,f,18_59
2019,2019_II,country,FALSE,GEO,7,Georgia,Asia,Europe & Central Asia,non-Schengen,m,17
2019,2019_II,country,FALSE,GEO,405,Georgia,Asia,Europe & Central Asia,non-Schengen,m,18_59
2019,2019_II,country,FALSE,GEO,1,Georgia,Asia,Europe & Central Asia,non-Schengen,m,60
2019,2019_II,country,FALSE,GHA,2,Ghana,Africa,Sub-Saharan Africa,non-Schengen,m,18_59
2019,2019_II,country,FALSE,GMB,1,Gambia,Africa,Sub-Saharan Africa,non-Schengen,m,18_59
2019,2019_II,country,FALSE,GNQ,1,Equatorial Guinea,Africa,Sub-Saharan Africa,non-Schengen,m,18_59
2019,2019_II,country,FALSE,IDN,5,Indonesia,Asia,East Asia & Pacific,non-Schengen,f,18_59
2019,2019_II,country,FALSE,IND,1,India,Asia,South Asia,non-Schengen,f,17
2019,2019_II,country,FALSE,IND,5,India,Asia,South Asia,non-Schengen,f,18_59
2019,2019_II,country,FALSE,IND,1,India,Asia,South Asia,non-Schengen,m,17
2019,2019_II,country,FALSE,IND,77,India,Asia,South Asia,non-Schengen,m,18_59
2019,2019_II,country,FALSE,IRN,7,Iran,Asia,"Middle East, North Africa, Afghanistan & Pakistan",non-Schengen,m,18_59
2019,2019_II,country,FALSE,IRQ,2,Iraq,Asia,"Middle East, North Africa, Afghanistan & Pakistan",non-Schengen,m,18_59
2019,2019_II,country,FALSE,ISR,1,Israel,Asia,"Middle East, North Africa, Afghanistan & Pakistan",non-Schengen,m,18_59
2019,2019_II,country,FALSE,JOR,2,Jordan,Asia,"Middle East, North Africa, Afghanistan & Pakistan",non-Schengen,f,18_59
2019,2019_II,country,FALSE,JOR,5,Jordan,Asia,"Middle East, North Africa, Afghanistan & Pakistan",non-Schengen,m,18_59
2019,2019_II,country,FALSE,KAZ,7,Kazakhstan,Asia,Europe & Central Asia,non-Schengen,f,18_59
2019,2019_II,country,FALSE,KAZ,13,Kazakhstan,Asia,Europe & Central Asia,non-Schengen,m,18_59
2019,2019_II,country,FALSE,KEN,1,Kenya,Africa,Sub-Saharan Africa,non-Schengen,f,18_59
2019,2019_II,country,FALSE,KEN,1,Kenya,Africa,Sub-Saharan Africa,non-Schengen,m,18_59
2019,2019_II,country,FALSE,KGZ,2,Kyrgyzstan,Asia,Europe & Central Asia,non-Schengen,f,17
2019,2019_II,country,FALSE,KGZ,2,Kyrgyzstan,Asia,Europe & Central Asia,non-Schengen,f,18_59
2019,2019_II,country,FALSE,KGZ,3,Kyrgyzstan,Asia,Europe & Central Asia,non-Schengen,m,17
2019,2019_II,country,FALSE,KGZ,8,Kyrgyzstan,Asia,Europe & Central Asia,non-Schengen,m,18_59
2019,2019_II,country,FALSE,KOR,2,South Korea,Asia,East Asia & Pacific,non-Schengen,m,18_59
2019,2019_II,country,FALSE,LBN,1,Lebanon,Asia,"Middle East, North Africa, Afghanistan & Pakistan",non-Schengen,m,18_59
2019,2019_II,country,FALSE,LBR,1,Liberia,Africa,Sub-Saharan Africa,non-Schengen,m,18_59
2019,2019_II,country,FALSE,LBY,1,Libya,Africa,"Middle East, North Africa, Afghanistan & Pakistan",non-Schengen,f,18_59
2019,2019_II,country,FALSE,LBY,1,Libya,Africa,"Middle East, North Africa, Afghanistan & Pakistan",non-Schengen,m,18_59
2019,2019_II,country,FALSE,LKA,2,Sri Lanka,Asia,South Asia,non-Schengen,m,18_59
2019,2019_II,country,FALSE,MAR,1,Morocco,Africa,"Middle East, North Africa, Afghanistan & Pakistan",non-Schengen,f,18_59
2019,2019_II,country,FALSE,MAR,1,Morocco,Africa,"Middle East, North Africa, Afghanistan & Pakistan",non-Schengen,m,18_59
2019,2019_II,country,FALSE,MDA,12,Moldova,Europe,Europe & Central Asia,non-Schengen,f,18_59
2019,2019_II,country,FALSE,MDA,1,Moldova,Europe,Europe & Central Asia,non-Schengen,m,17
2019,2019_II,country,FALSE,MDA,90,Moldova,Europe,Europe & Central Asia,non-Schengen,m,18_59
2019,2019_II,country,FALSE,MKD,3,North Macedonia,Europe,Europe & Central Asia,non-Schengen,m,18_59
2019,2019_II,country,FALSE,MNE,1,Montenegro,Europe,Europe & Central Asia,non-Schengen,m,18_59
2019,2019_II,country,FALSE,MNG,1,Mongolia,Asia,East Asia & Pacific,non-Schengen,f,17
2019,2019_II,country,FALSE,MNG,2,Mongolia,Asia,East Asia & Pacific,non-Schengen,f,18_59
2019,2019_II,country,FALSE,MNG,1,Mongolia,Asia,East Asia & Pacific,non-Schengen,f,60
2019,2019_II,country,FALSE,MNG,1,Mongolia,Asia,East Asia & Pacific,non-Schengen,m,17
2019,2019_II,country,FALSE,MNG,6,Mongolia,Asia,East Asia & Pacific,non-Schengen,m,18_59
2019,2019_II,country,FALSE,NGA,10,Nigeria,Africa,Sub-Saharan Africa,non-Schengen,m,18_59
2019,2019_II,country,FALSE,NPL,3,Nepal,Asia,South Asia,non-Schengen,f,18_59
2019,2019_II,country,FALSE,NPL,16,Nepal,Asia,South Asia,non-Schengen,m,18_59
2019,2019_II,country,FALSE,NZL,1,New Zealand,Oceania,East Asia & Pacific,non-Schengen,m,18_59
2019,2019_II,country,FALSE,PAK,12,Pakistan,Asia,"Middle East, North Africa, Afghanistan & Pakistan",non-Schengen,m,18_59
2019,2019_II,country,FALSE,PHL,2,Philippines,Asia,East Asia & Pacific,non-Schengen,f,18_59
2019,2019_II,country,FALSE,PHL,3,Philippines,Asia,East Asia & Pacific,non-Schengen,m,18_59
2019,2019_II,country,FALSE,PRY,1,Paraguay,Americas,Latin America & Caribbean,non-Schengen,f,18_59
2019,2019_II,country,FALSE,PRY,8,Paraguay,Americas,Latin America & Caribbean,non-Schengen,m,18_59
2019,2019_II,country,FALSE,RUS,25,Russia,Europe,Europe & Central Asia,non-Schengen,f,17
2019,2019_II,country,FALSE,RUS,29,Russia,Europe,Europe & Central Asia,non-Schengen,f,18_59
2019,2019_II,country,FALSE,RUS,2,Russia,Europe,Europe & Central Asia,non-Schengen,f,60
2019,2019_II,country,FALSE,RUS,31,Russia,Europe,Europe & Central Asia,non-Schengen,m,17
2019,2019_II,country,FALSE,RUS,71,Russia,Europe,Europe & Central Asia,non-Schengen,m,18_59
2019,2019_II,country,FALSE,RUS,1,Russia,Europe,Europe & Central Asia,non-Schengen,m,60
2019,2019_II,country,FALSE,SAU,1,Saudi Arabia,Asia,"Middle East, North Africa, Afghanistan & Pakistan",non-Schengen,f,18_59
2019,2019_II,country,FALSE,SAU,5,Saudi Arabia,Asia,"Middle East, North Africa, Afghanistan & Pakistan",non-Schengen,m,18_59
2019,2019_II,country,FALSE,SEN,1,Senegal,Africa,Sub-Saharan Africa,non-Schengen,f,18_59
2019,2019_II,country,FALSE,SEN,1,Senegal,Africa,Sub-Saharan Africa,non-Schengen,m,18_59
2019,2019_II,country,FALSE,SRB,5,Serbia,Europe,Europe & Central Asia,non-Schengen,m,18_59
2019,2019_II,country,FALSE,SWE,1,Sweden,Europe,Europe & Central Asia,Schengen,m,18_59
2019,2019_II,country,FALSE,SYR,1,Syria,Asia,"Middle East, North Africa, Afghanistan & Pakistan",non-Schengen,f,18_59
2019,2019_II,country,FALSE,SYR,9,Syria,Asia,"Middle East, North Africa, Afghanistan & Pakistan",non-Schengen,m,18_59
2019,2019_II,country,FALSE,THA,7,Thailand,Asia,East Asia & Pacific,non-Schengen,f,18_59
2019,2019_II,country,FALSE,THA,1,Thailand,Asia,East Asia & Pacific,non-Schengen,m,18_59
2019,2019_II,country,FALSE,TJK,3,Tajikistan,Asia,Europe & Central Asia,non-Schengen,f,17
2019,2019_II,country,FALSE,TJK,4,Tajikistan,Asia,Europe & Central Asia,non-Schengen,f,18_59
2019,2019_II,country,FALSE,TJK,3,Tajikistan,Asia,Europe & Central Asia,non-Schengen,m,17
2019,2019_II,country,FALSE,TJK,34,Tajikistan,Asia,Europe & Central Asia,non-Schengen,m,18_59
2019,2019_II,country,FALSE,TKM,1,Turkmenistan,Asia,Europe & Central Asia,non-Schengen,f,18_59
2019,2019_II,country,FALSE,TKM,1,Turkmenistan,Asia,Europe & Central Asia,non-Schengen,m,18_59
2019,2019_II,country,FALSE,TUN,11,Tunisia,Africa,"Middle East, North Africa, Afghanistan & Pakistan",non-Schengen,m,18_59
2019,2019_II,country,FALSE,TUR,3,Turkey,Asia,Europe & Central Asia,non-Schengen,f,18_59
2019,2019_II,country,FALSE,TUR,24,Turkey,Asia,Europe & Central Asia,non-Schengen,m,18_59
2019,2019_II,country,FALSE,TWN,2,Taiwan,Asia,East Asia & Pacific,non-Schengen,m,18_59
2019,2019_II,country,FALSE,UGA,2,Uganda,Africa,Sub-Saharan Africa,non-Schengen,m,18_59
2019,2019_II,country,FALSE,UKR,30,Ukraine,Europe,Europe & Central Asia,non-Schengen,f,17
2019,2019_II,country,FALSE,UKR,501,Ukraine,Europe,Europe & Central Asia,non-Schengen,f,18_59
2019,2019_II,country,FALSE,UKR,69,Ukraine,Europe,Europe & Central Asia,non-Schengen,f,60
2019,2019_II,country,FALSE,UKR,25,Ukraine,Europe,Europe & Central Asia,non-Schengen,m,17
2019,2019_II,country,FALSE,UKR,1516,Ukraine,Europe,Europe & Central Asia,non-Schengen,m,18_59
2019,2019_II,country,FALSE,UKR,4,Ukraine,Europe,Europe & Central Asia,non-Schengen,m,60
2019,2019_II,country,FALSE,UNK,1,unknown,other/unknown,other/unknown,non-Schengen,f,17
2019,2019_II,country,FALSE,UNK,2,unknown,other/unknown,other/unknown,non-Schengen,m,18_59
2019,2019_II,country,FALSE,USA,3,United States,Americas,North America,non-Schengen,f,18_59
2019,2019_II,country,FALSE,USA,1,United States,Americas,North America,non-Schengen,f,60
2019,2019_II,country,FALSE,USA,3,United States,Americas,North America,non-Schengen,m,17
2019,2019_II,country,FALSE,USA,2,United States,Americas,North America,non-Schengen,m,18_59
2019,2019_II,country,FALSE,UZB,2,Uzbekistan,Asia,Europe & Central Asia,non-Schengen,f,18_59
2019,2019_II,country,FALSE,UZB,1,Uzbekistan,Asia,Europe & Central Asia,non-Schengen,f,60
2019,2019_II,country,FALSE,UZB,29,Uzbekistan,Asia,Europe & Central Asia,non-Schengen,m,18_59
2019,2019_II,country,FALSE,VEN,1,Venezuela,Americas,Latin America & Caribbean,non-Schengen,f,18_59
2019,2019_II,country,FALSE,VEN,1,Venezuela,Americas,Latin America & Caribbean,non-Schengen,m,18_59
2019,2019_II,country,FALSE,VNM,13,Vietnam,Asia,East Asia & Pacific,non-Schengen,f,18_59
2019,2019_II,country,FALSE,VNM,2,Vietnam,Asia,East Asia & Pacific,non-Schengen,f,60
2019,2019_II,country,FALSE,VNM,1,Vietnam,Asia,East Asia & Pacific,non-Schengen,m,17
2019,2019_II,country,FALSE,VNM,57,Vietnam,Asia,East Asia & Pacific,non-Schengen,m,18_59
2019,2019_II,country,FALSE,VNM,1,Vietnam,Asia,East Asia & Pacific,non-Schengen,m,60
2019,2019_II,country,FALSE,XXX,3,Stateless,other/unknown,other/unknown,non-Schengen,m,18_59
2019,2019_II,country,FALSE,YEM,1,Yemen,Asia,"Middle East, North Africa, Afghanistan & Pakistan",non-Schengen,m,18_59
2019,2019_II,country,FALSE,ZAF,3,South Africa,Africa,Sub-Saharan Africa,non-Schengen,m,18_59
2019,2019_II,country,FALSE,ZWE,1,Zimbabwe,Africa,Sub-Saharan Africa,non-Schengen,f,18_59
2019,2019_II,country,FALSE,ZWE,8,Zimbabwe,Africa,Sub-Saharan Africa,non-Schengen,m,18_59
2019,2019_II,country,TRUE,AFG,1,Afghanistan,Asia,"Middle East, North Africa, Afghanistan & Pakistan",non-Schengen,m,18_59
2019,2019_II,country,TRUE,BLR,1,Belarus,Europe,Europe & Central Asia,non-Schengen,m,18_59
2019,2019_II,country,TRUE,GEO,4,Georgia,Asia,Europe & Central Asia,non-Schengen,m,18_59
2019,2019_II,country,TRUE,IRQ,1,Iraq,Asia,"Middle East, North Africa, Afghanistan & Pakistan",non-Schengen,m,18_59
2019,2019_II,country,TRUE,ISR,2,Israel,Asia,"Middle East, North Africa, Afghanistan & Pakistan",non-Schengen,f,18_59
2019,2019_II,country,TRUE,ISR,2,Israel,Asia,"Middle East, North Africa, Afghanistan & Pakistan",non-Schengen,m,18_59
2019,2019_II,country,TRUE,MDA,2,Moldova,Europe,Europe & Central Asia,non-Schengen,m,18_59
2019,2019_II,country,TRUE,RUS,1,Russia,Europe,Europe & Central Asia,non-Schengen,f,17
2019,2019_II,country,TRUE,RUS,1,Russia,Europe,Europe & Central Asia,non-Schengen,f,18_59
2019,2019_II,country,TRUE,RUS,6,Russia,Europe,Europe & Central Asia,non-Schengen,m,18_59
2019,2019_II,country,TRUE,SOM,1,Somalia,Africa,Sub-Saharan Africa,non-Schengen,m,18_59
2019,2019_II,country,TRUE,TKM,1,Turkmenistan,Asia,Europe & Central Asia,non-Schengen,m,18_59
2019,2019_II,country,TRUE,UKR,2,Ukraine,Europe,Europe & Central Asia,non-Schengen,f,18_59
2019,2019_II,country,TRUE,UKR,1,Ukraine,Europe,Europe & Central Asia,non-Schengen,f,60
2019,2019_II,country,TRUE,UKR,42,Ukraine,Europe,Europe & Central Asia,non-Schengen,m,18_59
2019,2019_II,country,TRUE,VEN,2,Venezuela,Americas,Latin America & Caribbean,non-Schengen,f,18_59
2019,2019_II,country,TRUE,VNM,1,Vietnam,Asia,East Asia & Pacific,non-Schengen,m,18_59
2019,2019_II,external air,FALSE,ALB,1,Albania,Europe,Europe & Central Asia,non-Schengen,f,17
2019,2019_II,external air,FALSE,ALB,1,Albania,Europe,Europe & Central Asia,non-Schengen,f,18_59
2019,2019_II,external air,FALSE,ALB,15,Albania,Europe,Europe & Central Asia,non-Schengen,m,18_59
2019,2019_II,external air,FALSE,ARM,2,Armenia,Asia,Europe & Central Asia,non-Schengen,f,18_59
2019,2019_II,external air,FALSE,ARM,3,Armenia,Asia,Europe & Central Asia,non-Schengen,f,60
2019,2019_II,external air,FALSE,ARM,1,Armenia,Asia,Europe & Central Asia,non-Schengen,m,18_59
2019,2019_II,external air,FALSE,AUS,3,Australia,Oceania,East Asia & Pacific,non-Schengen,f,18_59
2019,2019_II,external air,FALSE,AUS,5,Australia,Oceania,East Asia & Pacific,non-Schengen,m,18_59
2019,2019_II,external air,FALSE,AZE,2,Azerbaijan,Asia,Europe & Central Asia,non-Schengen,f,18_59
2019,2019_II,external air,FALSE,AZE,1,Azerbaijan,Asia,Europe & Central Asia,non-Schengen,f,60
2019,2019_II,external air,FALSE,AZE,2,Azerbaijan,Asia,Europe & Central Asia,non-Schengen,m,17
2019,2019_II,external air,FALSE,AZE,4,Azerbaijan,Asia,Europe & Central Asia,non-Schengen,m,18_59
2019,2019_II,external air,FALSE,BLR,2,Belarus,Europe,Europe & Central Asia,non-Schengen,f,18_59
2019,2019_II,external air,FALSE,BLR,3,Belarus,Europe,Europe & Central Asia,non-Schengen,m,18_59
2019,2019_II,external air,FALSE,BRA,3,Brazil,Americas,Latin America & Caribbean,non-Schengen,f,18_59
2019,2019_II,external air,FALSE,BRA,1,Brazil,Americas,Latin America & Caribbean,non-Schengen,m,18_59
2019,2019_II,external air,FALSE,CAN,9,Canada,Americas,North America,non-Schengen,f,18_59
2019,2019_II,external air,FALSE,CAN,1,Canada,Americas,North America,non-Schengen,f,60
2019,2019_II,external air,FALSE,CAN,5,Canada,Americas,North America,non-Schengen,m,18_59
2019,2019_II,external air,FALSE,CHN,25,China,Asia,East Asia & Pacific,non-Schengen,f,18_59
2019,2019_II,external air,FALSE,CHN,31,China,Asia,East Asia & Pacific,non-Schengen,m,18_59
2019,2019_II,external air,FALSE,COG,1,Congo - Brazzaville,Africa,Sub-Saharan Africa,non-Schengen,m,18_59
2019,2019_II,external air,FALSE,EGY,2,Egypt,Africa,"Middle East, North Africa, Afghanistan & Pakistan",non-Schengen,f,18_59
2019,2019_II,external air,FALSE,EGY,3,Egypt,Africa,"Middle East, North Africa, Afghanistan & Pakistan",non-Schengen,m,18_59
2019,2019_II,external air,FALSE,ETH,1,Ethiopia,Africa,Sub-Saharan Africa,non-Schengen,m,18_59
2019,2019_II,external air,FALSE,GEO,2,Georgia,Asia,Europe & Central Asia,non-Schengen,f,17
2019,2019_II,external air,FALSE,GEO,27,Georgia,Asia,Europe & Central Asia,non-Schengen,f,18_59
2019,2019_II,external air,FALSE,GEO,2,Georgia,Asia,Europe & Central Asia,non-Schengen,m,17
2019,2019_II,external air,FALSE,GEO,249,Georgia,Asia,Europe & Central Asia,non-Schengen,m,18_59
2019,2019_II,external air,FALSE,IDN,1,Indonesia,Asia,East Asia & Pacific,non-Schengen,m,18_59
2019,2019_II,external air,FALSE,IND,1,India,Asia,South Asia,non-Schengen,f,17
2019,2019_II,external air,FALSE,IND,5,India,Asia,South Asia,non-Schengen,f,18_59
2019,2019_II,external air,FALSE,IND,24,India,Asia,South Asia,non-Schengen,m,18_59
2019,2019_II,external air,FALSE,IRN,2,Iran,Asia,"Middle East, North Africa, Afghanistan & Pakistan",non-Schengen,m,18_59
2019,2019_II,external air,FALSE,IRQ,2,Iraq,Asia,"Middle East, North Africa, Afghanistan & Pakistan",non-Schengen,m,18_59
2019,2019_II,external air,FALSE,IRQ,1,Iraq,Asia,"Middle East, North Africa, Afghanistan & Pakistan",non-Schengen,m,60
2019,2019_II,external air,FALSE,ISR,1,Israel,Asia,"Middle East, North Africa, Afghanistan & Pakistan",non-Schengen,m,18_59
2019,2019_II,external air,FALSE,JOR,1,Jordan,Asia,"Middle East, North Africa, Afghanistan & Pakistan",non-Schengen,f,17
2019,2019_II,external air,FALSE,JOR,6,Jordan,Asia,"Middle East, North Africa, Afghanistan & Pakistan",non-Schengen,f,18_59
2019,2019_II,external air,FALSE,JOR,1,Jordan,Asia,"Middle East, North Africa, Afghanistan & Pakistan",non-Schengen,f,60
2019,2019_II,external air,FALSE,JOR,6,Jordan,Asia,"Middle East, North Africa, Afghanistan & Pakistan",non-Schengen,m,18_59
2019,2019_II,external air,FALSE,KAZ,4,Kazakhstan,Asia,Europe & Central Asia,non-Schengen,f,18_59
2019,2019_II,external air,FALSE,KAZ,2,Kazakhstan,Asia,Europe & Central Asia,non-Schengen,f,60
2019,2019_II,external air,FALSE,KAZ,3,Kazakhstan,Asia,Europe & Central Asia,non-Schengen,m,17
2019,2019_II,external air,FALSE,KAZ,13,Kazakhstan,Asia,Europe & Central Asia,non-Schengen,m,18_59
2019,2019_II,external air,FALSE,KEN,2,Kenya,Africa,Sub-Saharan Africa,non-Schengen,f,18_59
2019,2019_II,external air,FALSE,KEN,2,Kenya,Africa,Sub-Saharan Africa,non-Schengen,m,18_59
2019,2019_II,external air,FALSE,KEN,1,Kenya,Africa,Sub-Saharan Africa,non-Schengen,m,60
2019,2019_II,external air,FALSE,KGZ,2,Kyrgyzstan,Asia,Europe & Central Asia,non-Schengen,m,18_59
2019,2019_II,external air,FALSE,KWT,1,Kuwait,Asia,"Middle East, North Africa, Afghanistan & Pakistan",non-Schengen,m,18_59
2019,2019_II,external air,FALSE,LBN,1,Lebanon,Asia,"Middle East, North Africa, Afghanistan & Pakistan",non-Schengen,m,18_59
2019,2019_II,external air,FALSE,LBY,1,Libya,Africa,"Middle East, North Africa, Afghanistan & Pakistan",non-Schengen,f,18_59
2019,2019_II,external air,FALSE,LBY,1,Libya,Africa,"Middle East, North Africa, Afghanistan & Pakistan",non-Schengen,m,18_59
2019,2019_II,external air,FALSE,LKA,1,Sri Lanka,Asia,South Asia,non-Schengen,f,18_59
2019,2019_II,external air,FALSE,MAR,1,Morocco,Africa,"Middle East, North Africa, Afghanistan & Pakistan",non-Schengen,f,18_59
2019,2019_II,external air,FALSE,MDA,8,Moldova,Europe,Europe & Central Asia,non-Schengen,f,18_59
2019,2019_II,external air,FALSE,MDA,19,Moldova,Europe,Europe & Central Asia,non-Schengen,m,18_59
2019,2019_II,external air,FALSE,MEX,1,Mexico,Americas,Latin America & Caribbean,non-Schengen,m,18_59
2019,2019_II,external air,FALSE,MKD,3,North Macedonia,Europe,Europe & Central Asia,non-Schengen,m,18_59
2019,2019_II,external air,FALSE,MNE,1,Montenegro,Europe,Europe & Central Asia,non-Schengen,f,18_59
2019,2019_II,external air,FALSE,MNE,4,Montenegro,Europe,Europe & Central Asia,non-Schengen,m,18_59
2019,2019_II,external air,FALSE,MNG,1,Mongolia,Asia,East Asia & Pacific,non-Schengen,f,18_59
2019,2019_II,external air,FALSE,MNG,1,Mongolia,Asia,East Asia & Pacific,non-Schengen,m,18_59
2019,2019_II,external air,FALSE,MUS,1,Mauritius,Africa,Sub-Saharan Africa,non-Schengen,m,18_59
2019,2019_II,external air,FALSE,MYS,1,Malaysia,Asia,East Asia & Pacific,non-Schengen,m,18_59
2019,2019_II,external air,FALSE,NGA,1,Nigeria,Africa,Sub-Saharan Africa,non-Schengen,m,18_59
2019,2019_II,external air,FALSE,NZL,1,New Zealand,Oceania,East Asia & Pacific,non-Schengen,m,60
2019,2019_II,external air,FALSE,PHL,3,Philippines,Asia,East Asia & Pacific,non-Schengen,f,18_59
2019,2019_II,external air,FALSE,PHL,1,Philippines,Asia,East Asia & Pacific,non-Schengen,f,60
2019,2019_II,external air,FALSE,PHL,1,Philippines,Asia,East Asia & Pacific,non-Schengen,m,18_59
2019,2019_II,external air,FALSE,PNG,1,Papua New Guinea,Oceania,East Asia & Pacific,non-Schengen,f,18_59
2019,2019_II,external air,FALSE,PSE,1,Palestinian Territories,Asia,"Middle East, North Africa, Afghanistan & Pakistan",non-Schengen,f,18_59
2019,2019_II,external air,FALSE,PSE,2,Palestinian Territories,Asia,"Middle East, North Africa, Afghanistan & Pakistan",non-Schengen,m,18_59
2019,2019_II,external air,FALSE,RUS,11,Russia,Europe,Europe & Central Asia,non-Schengen,f,18_59
2019,2019_II,external air,FALSE,RUS,1,Russia,Europe,Europe & Central Asia,non-Schengen,f,60
2019,2019_II,external air,FALSE,RUS,11,Russia,Europe,Europe & Central Asia,non-Schengen,m,18_59
2019,2019_II,external air,FALSE,SAU,2,Saudi Arabia,Asia,"Middle East, North Africa, Afghanistan & Pakistan",non-Schengen,f,18_59
2019,2019_II,external air,FALSE,SAU,1,Saudi Arabia,Asia,"Middle East, North Africa, Afghanistan & Pakistan",non-Schengen,f,60
2019,2019_II,external air,FALSE,SAU,1,Saudi Arabia,Asia,"Middle East, North Africa, Afghanistan & Pakistan",non-Schengen,m,17
2019,2019_II,external air,FALSE,SAU,5,Saudi Arabia,Asia,"Middle East, North Africa, Afghanistan & Pakistan",non-Schengen,m,18_59
2019,2019_II,external air,FALSE,SRB,6,Serbia,Europe,Europe & Central Asia,non-Schengen,m,18_59
2019,2019_II,external air,FALSE,SYR,1,Syria,Asia,"Middle East, North Africa, Afghanistan & Pakistan",non-Schengen,m,18_59
2019,2019_II,external air,FALSE,THA,5,Thailand,Asia,East Asia & Pacific,non-Schengen,f,18_59
2019,2019_II,external air,FALSE,TJK,4,Tajikistan,Asia,Europe & Central Asia,non-Schengen,m,18_59
2019,2019_II,external air,FALSE,TUR,1,Turkey,Asia,Europe & Central Asia,non-Schengen,f,17
2019,2019_II,external air,FALSE,TUR,7,Turkey,Asia,Europe & Central Asia,non-Schengen,f,18_59
2019,2019_II,external air,FALSE,TUR,1,Turkey,Asia,Europe & Central Asia,non-Schengen,f,60
2019,2019_II,external air,FALSE,TUR,23,Turkey,Asia,Europe & Central Asia,non-Schengen,m,18_59
2019,2019_II,external air,FALSE,UGA,1,Uganda,Africa,Sub-Saharan Africa,non-Schengen,m,18_59
2019,2019_II,external air,FALSE,UKR,10,Ukraine,Europe,Europe & Central Asia,non-Schengen,f,17
2019,2019_II,external air,FALSE,UKR,120,Ukraine,Europe,Europe & Central Asia,non-Schengen,f,18_59
2019,2019_II,external air,FALSE,UKR,8,Ukraine,Europe,Europe & Central Asia,non-Schengen,f,60
2019,2019_II,external air,FALSE,UKR,11,Ukraine,Europe,Europe & Central Asia,non-Schengen,m,17
2019,2019_II,external air,FALSE,UKR,260,Ukraine,Europe,Europe & Central Asia,non-Schengen,m,18_59
2019,2019_II,external air,FALSE,UKR,2,Ukraine,Europe,Europe & Central Asia,non-Schengen,m,60
2019,2019_II,external air,FALSE,UZB,1,Uzbekistan,Asia,Europe & Central Asia,non-Schengen,f,18_59
2019,2019_II,external air,FALSE,UZB,1,Uzbekistan,Asia,Europe & Central Asia,non-Schengen,f,60
2019,2019_II,external air,FALSE,UZB,6,Uzbekistan,Asia,Europe & Central Asia,non-Schengen,m,18_59
2019,2019_II,external air,FALSE,VNM,2,Vietnam,Asia,East Asia & Pacific,non-Schengen,f,18_59
2019,2019_II,external air,FALSE,VNM,1,Vietnam,Asia,East Asia & Pacific,non-Schengen,f,60
2019,2019_II,external air,FALSE,VNM,2,Vietnam,Asia,East Asia & Pacific,non-Schengen,m,18_59
2019,2019_II,external air,FALSE,ZAF,1,South Africa,Africa,Sub-Saharan Africa,non-Schengen,m,18_59
2019,2019_II,external air,FALSE,ZMB,1,Zambia,Africa,Sub-Saharan Africa,non-Schengen,m,18_59
2020,2020_I,Belarus,FALSE,ARM,1,Armenia,Asia,Europe & Central Asia,non-Schengen,f,18_59
2020,2020_I,Belarus,FALSE,AZE,3,Azerbaijan,Asia,Europe & Central Asia,non-Schengen,f,18_59
2020,2020_I,Belarus,FALSE,AZE,5,Azerbaijan,Asia,Europe & Central Asia,non-Schengen,m,18_59
2020,2020_I,Belarus,FALSE,BLR,3,Belarus,Europe,Europe & Central Asia,non-Schengen,f,17
2020,2020_I,Belarus,FALSE,BLR,62,Belarus,Europe,Europe & Central Asia,non-Schengen,f,18_59
2020,2020_I,Belarus,FALSE,BLR,13,Belarus,Europe,Europe & Central Asia,non-Schengen,f,60
2020,2020_I,Belarus,FALSE,BLR,10,Belarus,Europe,Europe & Central Asia,non-Schengen,m,17
2020,2020_I,Belarus,FALSE,BLR,196,Belarus,Europe,Europe & Central Asia,non-Schengen,m,18_59
2020,2020_I,Belarus,FALSE,BLR,4,Belarus,Europe,Europe & Central Asia,non-Schengen,m,60
2020,2020_I,Belarus,FALSE,BRA,1,Brazil,Americas,Latin America & Caribbean,non-Schengen,f,18_59
2020,2020_I,Belarus,FALSE,CUB,1,Cuba,Americas,Latin America & Caribbean,non-Schengen,m,18_59
2020,2020_I,Belarus,FALSE,GEO,2,Georgia,Asia,Europe & Central Asia,non-Schengen,f,18_59
2020,2020_I,Belarus,FALSE,GEO,20,Georgia,Asia,Europe & Central Asia,non-Schengen,m,18_59
2020,2020_I,Belarus,FALSE,IRN,1,Iran,Asia,"Middle East, North Africa, Afghanistan & Pakistan",non-Schengen,m,18_59
2020,2020_I,Belarus,FALSE,KAZ,1,Kazakhstan,Asia,Europe & Central Asia,non-Schengen,f,18_59
2020,2020_I,Belarus,FALSE,KAZ,5,Kazakhstan,Asia,Europe & Central Asia,non-Schengen,m,18_59
2020,2020_I,Belarus,FALSE,KGZ,1,Kyrgyzstan,Asia,Europe & Central Asia,non-Schengen,m,18_59
2020,2020_I,Belarus,FALSE,MDA,7,Moldova,Europe,Europe & Central Asia,non-Schengen,m,18_59
2020,2020_I,Belarus,FALSE,MNG,2,Mongolia,Asia,East Asia & Pacific,non-Schengen,f,17
2020,2020_I,Belarus,FALSE,MNG,2,Mongolia,Asia,East Asia & Pacific,non-Schengen,f,18_59
2020,2020_I,Belarus,FALSE,MNG,1,Mongolia,Asia,East Asia & Pacific,non-Schengen,m,18_59
2020,2020_I,Belarus,FALSE,RUS,21,Russia,Europe,Europe & Central Asia,non-Schengen,f,17
2020,2020_I,Belarus,FALSE,RUS,51,Russia,Europe,Europe & Central Asia,non-Schengen,f,18_59
2020,2020_I,Belarus,FALSE,RUS,15,Russia,Europe,Europe & Central Asia,non-Schengen,f,60
2020,2020_I,Belarus,FALSE,RUS,16,Russia,Europe,Europe & Central Asia,non-Schengen,m,17
2020,2020_I,Belarus,FALSE,RUS,92,Russia,Europe,Europe & Central Asia,non-Schengen,m,18_59
2020,2020_I,Belarus,FALSE,RUS,7,Russia,Europe,Europe & Central Asia,non-Schengen,m,60
2020,2020_I,Belarus,FALSE,TJK,2,Tajikistan,Asia,Europe & Central Asia,non-Schengen,m,18_59
2020,2020_I,Belarus,FALSE,UKR,3,Ukraine,Europe,Europe & Central Asia,non-Schengen,f,18_59
2020,2020_I,Belarus,FALSE,UKR,14,Ukraine,Europe,Europe & Central Asia,non-Schengen,m,18_59
2020,2020_I,Belarus,FALSE,UZB,1,Uzbekistan,Asia,Europe & Central Asia,non-Schengen,m,18_59
2020,2020_I,Belarus,FALSE,VNM,1,Vietnam,Asia,East Asia & Pacific,non-Schengen,m,18_59
2020,2020_I,Russia,FALSE,BLR,1,Belarus,Europe,Europe & Central Asia,non-Schengen,m,18_59
2020,2020_I,Russia,FALSE,BOL,1,Bolivia,Americas,Latin America & Caribbean,non-Schengen,m,18_59
2020,2020_I,Russia,FALSE,KAZ,1,Kazakhstan,Asia,Europe & Central Asia,non-Schengen,f,60
2020,2020_I,Russia,FALSE,MKD,3,North Macedonia,Europe,Europe & Central Asia,non-Schengen,m,18_59
2020,2020_I,Russia,FALSE,RUS,1,Russia,Europe,Europe & Central Asia,non-Schengen,f,17
2020,2020_I,Russia,FALSE,RUS,13,Russia,Europe,Europe & Central Asia,non-Schengen,f,18_59
2020,2020_I,Russia,FALSE,RUS,6,Russia,Europe,Europe & Central Asia,non-Schengen,f,60
2020,2020_I,Russia,FALSE,RUS,1,Russia,Europe,Europe & Central Asia,non-Schengen,m,17
2020,2020_I,Russia,FALSE,RUS,26,Russia,Europe,Europe & Central Asia,non-Schengen,m,18_59
2020,2020_I,Russia,FALSE,UKR,2,Ukraine,Europe,Europe & Central Asia,non-Schengen,m,18_59
2020,2020_I,Ukraine,FALSE,AFG,1,Afghanistan,Asia,"Middle East, North Africa, Afghanistan & Pakistan",non-Schengen,m,18_59
2020,2020_I,Ukraine,FALSE,ARM,1,Armenia,Asia,Europe & Central Asia,non-Schengen,f,18_59
2020,2020_I,Ukraine,FALSE,AZE,3,Azerbaijan,Asia,Europe & Central Asia,non-Schengen,m,18_59
2020,2020_I,Ukraine,FALSE,BLR,1,Belarus,Europe,Europe & Central Asia,non-Schengen,m,18_59
2020,2020_I,Ukraine,FALSE,GEO,1,Georgia,Asia,Europe & Central Asia,non-Schengen,f,18_59
2020,2020_I,Ukraine,FALSE,GEO,6,Georgia,Asia,Europe & Central Asia,non-Schengen,m,18_59
2020,2020_I,Ukraine,FALSE,MDA,4,Moldova,Europe,Europe & Central Asia,non-Schengen,f,17
2020,2020_I,Ukraine,FALSE,MDA,25,Moldova,Europe,Europe & Central Asia,non-Schengen,f,18_59
2020,2020_I,Ukraine,FALSE,MDA,1,Moldova,Europe,Europe & Central Asia,non-Schengen,f,60
2020,2020_I,Ukraine,FALSE,MDA,1,Moldova,Europe,Europe & Central Asia,non-Schengen,m,17
2020,2020_I,Ukraine,FALSE,MDA,93,Moldova,Europe,Europe & Central Asia,non-Schengen,m,18_59
2020,2020_I,Ukraine,FALSE,RUS,1,Russia,Europe,Europe & Central Asia,non-Schengen,f,18_59
2020,2020_I,Ukraine,FALSE,RUS,2,Russia,Europe,Europe & Central Asia,non-Schengen,m,18_59
2020,2020_I,Ukraine,FALSE,SRB,1,Serbia,Europe,Europe & Central Asia,non-Schengen,f,18_59
2020,2020_I,Ukraine,FALSE,TUR,3,Turkey,Asia,Europe & Central Asia,non-Schengen,m,18_59
2020,2020_I,Ukraine,FALSE,UKR,6,Ukraine,Europe,Europe & Central Asia,non-Schengen,f,17
2020,2020_I,Ukraine,FALSE,UKR,862,Ukraine,Europe,Europe & Central Asia,non-Schengen,f,18_59
2020,2020_I,Ukraine,FALSE,UKR,117,Ukraine,Europe,Europe & Central Asia,non-Schengen,f,60
2020,2020_I,Ukraine,FALSE,UKR,4,Ukraine,Europe,Europe & Central Asia,non-Schengen,m,17
2020,2020_I,Ukraine,FALSE,UKR,1984,Ukraine,Europe,Europe & Central Asia,non-Schengen,m,18_59
2020,2020_I,Ukraine,FALSE,UKR,14,Ukraine,Europe,Europe & Central Asia,non-Schengen,m,60
2020,2020_I,Ukraine,FALSE,UZB,1,Uzbekistan,Asia,Europe & Central Asia,non-Schengen,m,18_59
2020,2020_I,Ukraine,FALSE,VNM,1,Vietnam,Asia,East Asia & Pacific,non-Schengen,m,18_59
2020,2020_I,country,FALSE,ALB,1,Albania,Europe,Europe & Central Asia,non-Schengen,m,18_59
2020,2020_I,country,FALSE,ARM,2,Armenia,Asia,Europe & Central Asia,non-Schengen,f,18_59
2020,2020_I,country,FALSE,ARM,2,Armenia,Asia,Europe & Central Asia,non-Schengen,f,60
2020,2020_I,country,FALSE,ARM,4,Armenia,Asia,Europe & Central Asia,non-Schengen,m,18_59
2020,2020_I,country,FALSE,ARM,1,Armenia,Asia,Europe & Central Asia,non-Schengen,m,60
2020,2020_I,country,FALSE,AZE,4,Azerbaijan,Asia,Europe & Central Asia,non-Schengen,m,18_59
2020,2020_I,country,FALSE,BGD,1,Bangladesh,Asia,South Asia,non-Schengen,f,18_59
2020,2020_I,country,FALSE,BGD,5,Bangladesh,Asia,South Asia,non-Schengen,m,18_59
2020,2020_I,country,FALSE,BLR,1,Belarus,Europe,Europe & Central Asia,non-Schengen,f,17
2020,2020_I,country,FALSE,BLR,11,Belarus,Europe,Europe & Central Asia,non-Schengen,f,18_59
2020,2020_I,country,FALSE,BLR,3,Belarus,Europe,Europe & Central Asia,non-Schengen,f,60
2020,2020_I,country,FALSE,BLR,1,Belarus,Europe,Europe & Central Asia,non-Schengen,m,17
2020,2020_I,country,FALSE,BLR,56,Belarus,Europe,Europe & Central Asia,non-Schengen,m,18_59
2020,2020_I,country,FALSE,BLR,1,Belarus,Europe,Europe & Central Asia,non-Schengen,m,60
2020,2020_I,country,FALSE,BRA,3,Brazil,Americas,Latin America & Caribbean,non-Schengen,m,18_59
2020,2020_I,country,FALSE,CAN,2,Canada,Americas,North America,non-Schengen,f,18_59
2020,2020_I,country,FALSE,CAN,1,Canada,Americas,North America,non-Schengen,m,17
2020,2020_I,country,FALSE,CAN,2,Canada,Americas,North America,non-Schengen,m,18_59
2020,2020_I,country,FALSE,CHL,1,Chile,Americas,Latin America & Caribbean,non-Schengen,f,18_59
2020,2020_I,country,FALSE,CHL,1,Chile,Americas,Latin America & Caribbean,non-Schengen,m,18_59
2020,2020_I,country,FALSE,CHN,4,China,Asia,East Asia & Pacific,non-Schengen,f,18_59
2020,2020_I,country,FALSE,CHN,1,China,Asia,East Asia & Pacific,non-Schengen,f,60
2020,2020_I,country,FALSE,CHN,15,China,Asia,East Asia & Pacific,non-Schengen,m,18_59
2020,2020_I,country,FALSE,CMR,1,Cameroon,Africa,Sub-Saharan Africa,non-Schengen,m,18_59
2020,2020_I,country,FALSE,COL,1,Colombia,Americas,Latin America & Caribbean,non-Schengen,m,18_59
2020,2020_I,country,FALSE,CUB,1,Cuba,Americas,Latin America & Caribbean,non-Schengen,f,18_59
2020,2020_I,country,FALSE,CUB,1,Cuba,Americas,Latin America & Caribbean,non-Schengen,m,17
2020,2020_I,country,FALSE,DZA,9,Algeria,Africa,"Middle East, North Africa, Afghanistan & Pakistan",non-Schengen,m,18_59
2020,2020_I,country,FALSE,EGY,1,Egypt,Africa,"Middle East, North Africa, Afghanistan & Pakistan",non-Schengen,f,18_59
2020,2020_I,country,FALSE,EGY,9,Egypt,Africa,"Middle East, North Africa, Afghanistan & Pakistan",non-Schengen,m,18_59
2020,2020_I,country,FALSE,ERI,1,Eritrea,Africa,Sub-Saharan Africa,non-Schengen,m,18_59
2020,2020_I,country,FALSE,GEO,4,Georgia,Asia,Europe & Central Asia,non-Schengen,f,17
2020,2020_I,country,FALSE,GEO,16,Georgia,Asia,Europe & Central Asia,non-Schengen,f,18_59
2020,2020_I,country,FALSE,GEO,1,Georgia,Asia,Europe & Central Asia,non-Schengen,f,60
2020,2020_I,country,FALSE,GEO,2,Georgia,Asia,Europe & Central Asia,non-Schengen,m,17
2020,2020_I,country,FALSE,GEO,208,Georgia,Asia,Europe & Central Asia,non-Schengen,m,18_59
2020,2020_I,country,FALSE,GHA,2,Ghana,Africa,Sub-Saharan Africa,non-Schengen,m,18_59
2020,2020_I,country,FALSE,GMB,2,Gambia,Africa,Sub-Saharan Africa,non-Schengen,m,18_59
2020,2020_I,country,FALSE,IDN,1,Indonesia,Asia,East Asia & Pacific,non-Schengen,f,18_59
2020,2020_I,country,FALSE,IDN,2,Indonesia,Asia,East Asia & Pacific,non-Schengen,m,18_59
2020,2020_I,country,FALSE,IND,2,India,Asia,South Asia,non-Schengen,f,18_59
2020,2020_I,country,FALSE,IND,25,India,Asia,South Asia,non-Schengen,m,18_59
2020,2020_I,country,FALSE,IRN,5,Iran,Asia,"Middle East, North Africa, Afghanistan & Pakistan",non-Schengen,m,18_59
2020,2020_I,country,FALSE,IRQ,1,Iraq,Asia,"Middle East, North Africa, Afghanistan & Pakistan",non-Schengen,m,18_59
2020,2020_I,country,FALSE,ISR,1,Israel,Asia,"Middle East, North Africa, Afghanistan & Pakistan",non-Schengen,m,18_59
2020,2020_I,country,FALSE,JOR,1,Jordan,Asia,"Middle East, North Africa, Afghanistan & Pakistan",non-Schengen,m,18_59
2020,2020_I,country,FALSE,KAZ,1,Kazakhstan,Asia,Europe & Central Asia,non-Schengen,f,17
2020,2020_I,country,FALSE,KAZ,2,Kazakhstan,Asia,Europe & Central Asia,non-Schengen,f,18_59
2020,2020_I,country,FALSE,KAZ,5,Kazakhstan,Asia,Europe & Central Asia,non-Schengen,m,18_59
2020,2020_I,country,FALSE,KEN,1,Kenya,Africa,Sub-Saharan Africa,non-Schengen,f,18_59
2020,2020_I,country,FALSE,KEN,1,Kenya,Africa,Sub-Saharan Africa,non-Schengen,m,18_59
2020,2020_I,country,FALSE,KGZ,1,Kyrgyzstan,Asia,Europe & Central Asia,non-Schengen,f,18_59
2020,2020_I,country,FALSE,KGZ,4,Kyrgyzstan,Asia,Europe & Central Asia,non-Schengen,m,18_59
2020,2020_I,country,FALSE,KOR,2,South Korea,Asia,East Asia & Pacific,non-Schengen,m,18_59
2020,2020_I,country,FALSE,LBN,3,Lebanon,Asia,"Middle East, North Africa, Afghanistan & Pakistan",non-Schengen,m,18_59
2020,2020_I,country,FALSE,LBR,1,Liberia,Africa,Sub-Saharan Africa,non-Schengen,m,18_59
2020,2020_I,country,FALSE,LBY,1,Libya,Africa,"Middle East, North Africa, Afghanistan & Pakistan",non-Schengen,m,18_59
2020,2020_I,country,FALSE,MAR,5,Morocco,Africa,"Middle East, North Africa, Afghanistan & Pakistan",non-Schengen,m,18_59
2020,2020_I,country,FALSE,MDA,4,Moldova,Europe,Europe & Central Asia,non-Schengen,f,17
2020,2020_I,country,FALSE,MDA,8,Moldova,Europe,Europe & Central Asia,non-Schengen,f,18_59
2020,2020_I,country,FALSE,MDA,1,Moldova,Europe,Europe & Central Asia,non-Schengen,f,60
2020,2020_I,country,FALSE,MDA,52,Moldova,Europe,Europe & Central Asia,non-Schengen,m,18_59
2020,2020_I,country,FALSE,MEX,1,Mexico,Americas,Latin America & Caribbean,non-Schengen,m,18_59
2020,2020_I,country,FALSE,MKD,1,North Macedonia,Europe,Europe & Central Asia,non-Schengen,m,18_59
2020,2020_I,country,FALSE,MNG,4,Mongolia,Asia,East Asia & Pacific,non-Schengen,m,18_59
2020,2020_I,country,FALSE,NGA,2,Nigeria,Africa,Sub-Saharan Africa,non-Schengen,f,18_59
2020,2020_I,country,FALSE,NGA,5,Nigeria,Africa,Sub-Saharan Africa,non-Schengen,m,18_59
2020,2020_I,country,FALSE,NPL,1,Nepal,Asia,South Asia,non-Schengen,f,17
2020,2020_I,country,FALSE,NPL,2,Nepal,Asia,South Asia,non-Schengen,f,18_59
2020,2020_I,country,FALSE,NPL,7,Nepal,Asia,South Asia,non-Schengen,m,18_59
2020,2020_I,country,FALSE,PAK,1,Pakistan,Asia,"Middle East, North Africa, Afghanistan & Pakistan",non-Schengen,f,17
2020,2020_I,country,FALSE,PAK,1,Pakistan,Asia,"Middle East, North Africa, Afghanistan & Pakistan",non-Schengen,f,18_59
2020,2020_I,country,FALSE,PAK,1,Pakistan,Asia,"Middle East, North Africa, Afghanistan & Pakistan",non-Schengen,m,17
2020,2020_I,country,FALSE,PAK,12,Pakistan,Asia,"Middle East, North Africa, Afghanistan & Pakistan",non-Schengen,m,18_59
2020,2020_I,country,FALSE,PHL,3,Philippines,Asia,East Asia & Pacific,non-Schengen,f,18_59
2020,2020_I,country,FALSE,PHL,1,Philippines,Asia,East Asia & Pacific,non-Schengen,m,18_59
2020,2020_I,country,FALSE,PRY,1,Paraguay,Americas,Latin America & Caribbean,non-Schengen,m,18_59
2020,2020_I,country,FALSE,RUS,24,Russia,Europe,Europe & Central Asia,non-Schengen,f,17
2020,2020_I,country,FALSE,RUS,22,Russia,Europe,Europe & Central Asia,non-Schengen,f,18_59
2020,2020_I,country,FALSE,RUS,2,Russia,Europe,Europe & Central Asia,non-Schengen,f,60
2020,2020_I,country,FALSE,RUS,20,Russia,Europe,Europe & Central Asia,non-Schengen,m,17
2020,2020_I,country,FALSE,RUS,46,Russia,Europe,Europe & Central Asia,non-Schengen,m,18_59
2020,2020_I,country,FALSE,RUS,1,Russia,Europe,Europe & Central Asia,non-Schengen,m,60
2020,2020_I,country,FALSE,RWA,3,Rwanda,Africa,Sub-Saharan Africa,non-Schengen,m,18_59
2020,2020_I,country,FALSE,SLE,1,Sierra Leone,Africa,Sub-Saharan Africa,non-Schengen,m,18_59
2020,2020_I,country,FALSE,SOM,1,Somalia,Africa,Sub-Saharan Africa,non-Schengen,m,18_59
2020,2020_I,country,FALSE,SRB,4,Serbia,Europe,Europe & Central Asia,non-Schengen,m,18_59
2020,2020_I,country,FALSE,SYR,1,Syria,Asia,"Middle East, North Africa, Afghanistan & Pakistan",non-Schengen,m,18_59
2020,2020_I,country,FALSE,THA,1,Thailand,Asia,East Asia & Pacific,non-Schengen,m,18_59
2020,2020_I,country,FALSE,TJK,2,Tajikistan,Asia,Europe & Central Asia,non-Schengen,f,18_59
2020,2020_I,country,FALSE,TJK,1,Tajikistan,Asia,Europe & Central Asia,non-Schengen,m,17
2020,2020_I,country,FALSE,TJK,16,Tajikistan,Asia,Europe & Central Asia,non-Schengen,m,18_59
2020,2020_I,country,FALSE,TKM,1,Turkmenistan,Asia,Europe & Central Asia,non-Schengen,f,18_59
2020,2020_I,country,FALSE,TUN,5,Tunisia,Africa,"Middle East, North Africa, Afghanistan & Pakistan",non-Schengen,m,18_59
2020,2020_I,country,FALSE,TUR,3,Turkey,Asia,Europe & Central Asia,non-Schengen,f,18_59
2020,2020_I,country,FALSE,TUR,13,Turkey,Asia,Europe & Central Asia,non-Schengen,m,18_59
2020,2020_I,country,FALSE,TUR,1,Turkey,Asia,Europe & Central Asia,non-Schengen,m,60
2020,2020_I,country,FALSE,TWN,1,Taiwan,Asia,East Asia & Pacific,non-Schengen,f,18_59
2020,2020_I,country,FALSE,TWN,1,Taiwan,Asia,East Asia & Pacific,non-Schengen,m,18_59
2020,2020_I,country,FALSE,TZA,1,Tanzania,Africa,Sub-Saharan Africa,non-Schengen,m,18_59
2020,2020_I,country,FALSE,UKR,16,Ukraine,Europe,Europe & Central Asia,non-Schengen,f,17
2020,2020_I,country,FALSE,UKR,264,Ukraine,Europe,Europe & Central Asia,non-Schengen,f,18_59
2020,2020_I,country,FALSE,UKR,34,Ukraine,Europe,Europe & Central Asia,non-Schengen,f,60
2020,2020_I,country,FALSE,UKR,23,Ukraine,Europe,Europe & Central Asia,non-Schengen,m,17
2020,2020_I,country,FALSE,UKR,839,Ukraine,Europe,Europe & Central Asia,non-Schengen,m,18_59
2020,2020_I,country,FALSE,UKR,4,Ukraine,Europe,Europe & Central Asia,non-Schengen,m,60
2020,2020_I,country,FALSE,UNK,1,unknown,other/unknown,other/unknown,non-Schengen,f,17
2020,2020_I,country,FALSE,UNK,1,unknown,other/unknown,other/unknown,non-Schengen,f,60
2020,2020_I,country,FALSE,UNK,1,unknown,other/unknown,other/unknown,non-Schengen,m,18_59
2020,2020_I,country,FALSE,USA,1,United States,Americas,North America,non-Schengen,f,18_59
2020,2020_I,country,FALSE,USA,3,United States,Americas,North America,non-Schengen,m,18_59
2020,2020_I,country,FALSE,UZB,2,Uzbekistan,Asia,Europe & Central Asia,non-Schengen,f,18_59
2020,2020_I,country,FALSE,UZB,21,Uzbekistan,Asia,Europe & Central Asia,non-Schengen,m,18_59
2020,2020_I,country,FALSE,UZB,1,Uzbekistan,Asia,Europe & Central Asia,non-Schengen,m,60
2020,2020_I,country,FALSE,VEN,1,Venezuela,Americas,Latin America & Caribbean,non-Schengen,f,18_59
2020,2020_I,country,FALSE,VEN,1,Venezuela,Americas,Latin America & Caribbean,non-Schengen,m,18_59
2020,2020_I,country,FALSE,VNM,1,Vietnam,Asia,East Asia & Pacific,non-Schengen,f,17
2020,2020_I,country,FALSE,VNM,6,Vietnam,Asia,East Asia & Pacific,non-Schengen,f,18_59
2020,2020_I,country,FALSE,VNM,2,Vietnam,Asia,East Asia & Pacific,non-Schengen,f,60
2020,2020_I,country,FALSE,VNM,1,Vietnam,Asia,East Asia & Pacific,non-Schengen,m,17
2020,2020_I,country,FALSE,VNM,20,Vietnam,Asia,East Asia & Pacific,non-Schengen,m,18_59
2020,2020_I,country,FALSE,XXX,1,Stateless,other/unknown,other/unknown,non-Schengen,m,18_59
2020,2020_I,country,FALSE,ZAF,2,South Africa,Africa,Sub-Saharan Africa,non-Schengen,m,18_59
2020,2020_I,country,FALSE,ZWE,5,Zimbabwe,Africa,Sub-Saharan Africa,non-Schengen,f,18_59
2020,2020_I,country,FALSE,ZWE,7,Zimbabwe,Africa,Sub-Saharan Africa,non-Schengen,m,18_59
2020,2020_I,country,TRUE,GEO,2,Georgia,Asia,Europe & Central Asia,non-Schengen,m,18_59
2020,2020_I,country,TRUE,MDA,2,Moldova,Europe,Europe & Central Asia,non-Schengen,m,18_59
2020,2020_I,country,TRUE,RWA,1,Rwanda,Africa,Sub-Saharan Africa,non-Schengen,m,18_59
2020,2020_I,country,TRUE,UKR,1,Ukraine,Europe,Europe & Central Asia,non-Schengen,f,18_59
2020,2020_I,country,TRUE,UKR,2,Ukraine,Europe,Europe & Central Asia,non-Schengen,m,18_59
2020,2020_I,country,TRUE,ZWE,1,Zimbabwe,Africa,Sub-Saharan Africa,non-Schengen,m,18_59
2020,2020_I,external air,FALSE,ALB,1,Albania,Europe,Europe & Central Asia,non-Schengen,f,18_59
2020,2020_I,external air,FALSE,ARM,2,Armenia,Asia,Europe & Central Asia,non-Schengen,f,60
2020,2020_I,external air,FALSE,ARM,2,Armenia,Asia,Europe & Central Asia,non-Schengen,m,18_59
2020,2020_I,external air,FALSE,AUS,2,Australia,Oceania,East Asia & Pacific,non-Schengen,m,18_59
2020,2020_I,external air,FALSE,AZE,1,Azerbaijan,Asia,Europe & Central Asia,non-Schengen,m,18_59
2020,2020_I,external air,FALSE,BLR,1,Belarus,Europe,Europe & Central Asia,non-Schengen,f,60
2020,2020_I,external air,FALSE,CAN,1,Canada,Americas,North America,non-Schengen,f,18_59
2020,2020_I,external air,FALSE,CAN,1,Canada,Americas,North America,non-Schengen,f,60
2020,2020_I,external air,FALSE,CAN,2,Canada,Americas,North America,non-Schengen,m,18_59
2020,2020_I,external air,FALSE,CHN,4,China,Asia,East Asia & Pacific,non-Schengen,f,18_59
2020,2020_I,external air,FALSE,CHN,2,China,Asia,East Asia & Pacific,non-Schengen,f,60
2020,2020_I,external air,FALSE,CHN,10,China,Asia,East Asia & Pacific,non-Schengen,m,18_59
2020,2020_I,external air,FALSE,GEO,14,Georgia,Asia,Europe & Central Asia,non-Schengen,f,18_59
2020,2020_I,external air,FALSE,GEO,93,Georgia,Asia,Europe & Central Asia,non-Schengen,m,18_59
2020,2020_I,external air,FALSE,IND,1,India,Asia,South Asia,non-Schengen,f,60
2020,2020_I,external air,FALSE,IND,15,India,Asia,South Asia,non-Schengen,m,18_59
2020,2020_I,external air,FALSE,JOR,1,Jordan,Asia,"Middle East, North Africa, Afghanistan & Pakistan",non-Schengen,f,18_59
2020,2020_I,external air,FALSE,JOR,2,Jordan,Asia,"Middle East, North Africa, Afghanistan & Pakistan",non-Schengen,m,18_59
2020,2020_I,external air,FALSE,KAZ,3,Kazakhstan,Asia,Europe & Central Asia,non-Schengen,f,18_59
2020,2020_I,external air,FALSE,KAZ,1,Kazakhstan,Asia,Europe & Central Asia,non-Schengen,m,18_59
2020,2020_I,external air,FALSE,KGZ,1,Kyrgyzstan,Asia,Europe & Central Asia,non-Schengen,m,18_59
2020,2020_I,external air,FALSE,LKA,2,Sri Lanka,Asia,South Asia,non-Schengen,m,18_59
2020,2020_I,external air,FALSE,MDA,4,Moldova,Europe,Europe & Central Asia,non-Schengen,f,18_59
2020,2020_I,external air,FALSE,MDA,9,Moldova,Europe,Europe & Central Asia,non-Schengen,m,18_59
2020,2020_I,external air,FALSE,MKD,1,North Macedonia,Europe,Europe & Central Asia,non-Schengen,m,18_59
2020,2020_I,external air,FALSE,MNG,1,Mongolia,Asia,East Asia & Pacific,non-Schengen,f,18_59
2020,2020_I,external air,FALSE,MNG,1,Mongolia,Asia,East Asia & Pacific,non-Schengen,m,18_59
2020,2020_I,external air,FALSE,PAK,3,Pakistan,Asia,"Middle East, North Africa, Afghanistan & Pakistan",non-Schengen,m,18_59
2020,2020_I,external air,FALSE,PER,1,Peru,Americas,Latin America & Caribbean,non-Schengen,f,18_59
2020,2020_I,external air,FALSE,PHL,1,Philippines,Asia,East Asia & Pacific,non-Schengen,m,18_59
2020,2020_I,external air,FALSE,RUS,2,Russia,Europe,Europe & Central Asia,non-Schengen,f,18_59
2020,2020_I,external air,FALSE,RUS,1,Russia,Europe,Europe & Central Asia,non-Schengen,m,18_59
2020,2020_I,external air,FALSE,SAU,1,Saudi Arabia,Asia,"Middle East, North Africa, Afghanistan & Pakistan",non-Schengen,f,17
2020,2020_I,external air,FALSE,SAU,2,Saudi Arabia,Asia,"Middle East, North Africa, Afghanistan & Pakistan",non-Schengen,f,18_59
2020,2020_I,external air,FALSE,SAU,1,Saudi Arabia,Asia,"Middle East, North Africa, Afghanistan & Pakistan",non-Schengen,m,17
2020,2020_I,external air,FALSE,SAU,3,Saudi Arabia,Asia,"Middle East, North Africa, Afghanistan & Pakistan",non-Schengen,m,18_59
2020,2020_I,external air,FALSE,SEN,1,Senegal,Africa,Sub-Saharan Africa,non-Schengen,m,18_59
2020,2020_I,external air,FALSE,SRB,2,Serbia,Europe,Europe & Central Asia,non-Schengen,m,18_59
2020,2020_I,external air,FALSE,SYR,1,Syria,Asia,"Middle East, North Africa, Afghanistan & Pakistan",non-Schengen,m,18_59
2020,2020_I,external air,FALSE,THA,2,Thailand,Asia,East Asia & Pacific,non-Schengen,f,18_59
2020,2020_I,external air,FALSE,TJK,3,Tajikistan,Asia,Europe & Central Asia,non-Schengen,m,18_59
2020,2020_I,external air,FALSE,TUR,1,Turkey,Asia,Europe & Central Asia,non-Schengen,f,18_59
2020,2020_I,external air,FALSE,TUR,5,Turkey,Asia,Europe & Central Asia,non-Schengen,m,18_59
2020,2020_I,external air,FALSE,TWN,1,Taiwan,Asia,East Asia & Pacific,non-Schengen,f,18_59
2020,2020_I,external air,FALSE,UKR,3,Ukraine,Europe,Europe & Central Asia,non-Schengen,f,17
2020,2020_I,external air,FALSE,UKR,66,Ukraine,Europe,Europe & Central Asia,non-Schengen,f,18_59
2020,2020_I,external air,FALSE,UKR,10,Ukraine,Europe,Europe & Central Asia,non-Schengen,f,60
2020,2020_I,external air,FALSE,UKR,1,Ukraine,Europe,Europe & Central Asia,non-Schengen,m,17
2020,2020_I,external air,FALSE,UKR,86,Ukraine,Europe,Europe & Central Asia,non-Schengen,m,18_59
2020,2020_I,external air,FALSE,UKR,3,Ukraine,Europe,Europe & Central Asia,non-Schengen,m,60
2020,2020_I,external air,FALSE,UZB,4,Uzbekistan,Asia,Europe & Central Asia,non-Schengen,m,18_59
2020,2020_I,external air,FALSE,VNM,1,Vietnam,Asia,East Asia & Pacific,non-Schengen,m,18_59
2020,2020_I,external air,FALSE,XXX,1,Stateless,other/unknown,other/unknown,non-Schengen,m,18_59
2020,2020_II,Belarus,FALSE,ARM,1,Armenia,Asia,Europe & Central Asia,non-Schengen,m,60
2020,2020_II,Belarus,FALSE,AZE,1,Azerbaijan,Asia,Europe & Central Asia,non-Schengen,m,18_59
2020,2020_II,Belarus,FALSE,BLR,1,Belarus,Europe,Europe & Central Asia,non-Schengen,f,17
2020,2020_II,Belarus,FALSE,BLR,26,Belarus,Europe,Europe & Central Asia,non-Schengen,f,18_59
2020,2020_II,Belarus,FALSE,BLR,5,Belarus,Europe,Europe & Central Asia,non-Schengen,f,60
2020,2020_II,Belarus,FALSE,BLR,3,Belarus,Europe,Europe & Central Asia,non-Schengen,m,17
2020,2020_II,Belarus,FALSE,BLR,93,Belarus,Europe,Europe & Central Asia,non-Schengen,m,18_59
2020,2020_II,Belarus,FALSE,BLR,2,Belarus,Europe,Europe & Central Asia,non-Schengen,m,60
2020,2020_II,Belarus,FALSE,GEO,1,Georgia,Asia,Europe & Central Asia,non-Schengen,f,18_59
2020,2020_II,Belarus,FALSE,GEO,1,Georgia,Asia,Europe & Central Asia,non-Schengen,m,18_59
2020,2020_II,Belarus,FALSE,KAZ,1,Kazakhstan,Asia,Europe & Central Asia,non-Schengen,f,18_59
2020,2020_II,Belarus,FALSE,KAZ,1,Kazakhstan,Asia,Europe & Central Asia,non-Schengen,m,17
2020,2020_II,Belarus,FALSE,KGZ,2,Kyrgyzstan,Asia,Europe & Central Asia,non-Schengen,f,18_59
2020,2020_II,Belarus,FALSE,KGZ,3,Kyrgyzstan,Asia,Europe & Central Asia,non-Schengen,m,18_59
2020,2020_II,Belarus,FALSE,LBR,1,Liberia,Africa,Sub-Saharan Africa,non-Schengen,m,18_59
2020,2020_II,Belarus,FALSE,MDA,1,Moldova,Europe,Europe & Central Asia,non-Schengen,f,18_59
2020,2020_II,Belarus,FALSE,MDA,1,Moldova,Europe,Europe & Central Asia,non-Schengen,m,18_59
2020,2020_II,Belarus,FALSE,MNG,3,Mongolia,Asia,East Asia & Pacific,non-Schengen,m,18_59
2020,2020_II,Belarus,FALSE,NGA,1,Nigeria,Africa,Sub-Saharan Africa,non-Schengen,m,18_59
2020,2020_II,Belarus,FALSE,RUS,24,Russia,Europe,Europe & Central Asia,non-Schengen,f,17
2020,2020_II,Belarus,FALSE,RUS,39,Russia,Europe,Europe & Central Asia,non-Schengen,f,18_59
2020,2020_II,Belarus,FALSE,RUS,19,Russia,Europe,Europe & Central Asia,non-Schengen,f,60
2020,2020_II,Belarus,FALSE,RUS,17,Russia,Europe,Europe & Central Asia,non-Schengen,m,17
2020,2020_II,Belarus,FALSE,RUS,69,Russia,Europe,Europe & Central Asia,non-Schengen,m,18_59
2020,2020_II,Belarus,FALSE,RUS,1,Russia,Europe,Europe & Central Asia,non-Schengen,m,60
2020,2020_II,Belarus,FALSE,TJK,2,Tajikistan,Asia,Europe & Central Asia,non-Schengen,m,18_59
2020,2020_II,Belarus,FALSE,UKR,2,Ukraine,Europe,Europe & Central Asia,non-Schengen,f,17
2020,2020_II,Belarus,FALSE,UKR,2,Ukraine,Europe,Europe & Central Asia,non-Schengen,f,18_59
2020,2020_II,Belarus,FALSE,UKR,1,Ukraine,Europe,Europe & Central Asia,non-Schengen,m,17
2020,2020_II,Belarus,FALSE,UKR,7,Ukraine,Europe,Europe & Central Asia,non-Schengen,m,18_59
2020,2020_II,Belarus,FALSE,UZB,1,Uzbekistan,Asia,Europe & Central Asia,non-Schengen,f,18_59
2020,2020_II,Belarus,FALSE,UZB,1,Uzbekistan,Asia,Europe & Central Asia,non-Schengen,m,18_59
2020,2020_II,Belarus,FALSE,XXX,1,Stateless,other/unknown,other/unknown,non-Schengen,m,18_59
2020,2020_II,Russia,FALSE,MKD,2,North Macedonia,Europe,Europe & Central Asia,non-Schengen,m,18_59
2020,2020_II,Russia,FALSE,RUS,3,Russia,Europe,Europe & Central Asia,non-Schengen,m,18_59
2020,2020_II,Russia,FALSE,SRB,1,Serbia,Europe,Europe & Central Asia,non-Schengen,m,18_59
2020,2020_II,Russia,FALSE,UKR,1,Ukraine,Europe,Europe & Central Asia,non-Schengen,f,18_59
2020,2020_II,Ukraine,FALSE,BIH,1,Bosnia & Herzegovina,Europe,Europe & Central Asia,non-Schengen,m,18_59
2020,2020_II,Ukraine,FALSE,GEO,1,Georgia,Asia,Europe & Central Asia,non-Schengen,f,18_59
2020,2020_II,Ukraine,FALSE,GEO,20,Georgia,Asia,Europe & Central Asia,non-Schengen,m,18_59
2020,2020_II,Ukraine,FALSE,IRN,1,Iran,Asia,"Middle East, North Africa, Afghanistan & Pakistan",non-Schengen,m,18_59
2020,2020_II,Ukraine,FALSE,KAZ,1,Kazakhstan,Asia,Europe & Central Asia,non-Schengen,f,18_59
2020,2020_II,Ukraine,FALSE,KAZ,1,Kazakhstan,Asia,Europe & Central Asia,non-Schengen,m,18_59
2020,2020_II,Ukraine,FALSE,MDA,3,Moldova,Europe,Europe & Central Asia,non-Schengen,f,17
2020,2020_II,Ukraine,FALSE,MDA,8,Moldova,Europe,Europe & Central Asia,non-Schengen,f,18_59
2020,2020_II,Ukraine,FALSE,MDA,31,Moldova,Europe,Europe & Central Asia,non-Schengen,m,18_59
2020,2020_II,Ukraine,FALSE,RUS,2,Russia,Europe,Europe & Central Asia,non-Schengen,f,18_59
2020,2020_II,Ukraine,FALSE,RUS,4,Russia,Europe,Europe & Central Asia,non-Schengen,m,18_59
2020,2020_II,Ukraine,FALSE,SYR,1,Syria,Asia,"Middle East, North Africa, Afghanistan & Pakistan",non-Schengen,m,18_59
2020,2020_II,Ukraine,FALSE,TUR,4,Turkey,Asia,Europe & Central Asia,non-Schengen,m,18_59
2020,2020_II,Ukraine,FALSE,UKR,5,Ukraine,Europe,Europe & Central Asia,non-Schengen,f,17
2020,2020_II,Ukraine,FALSE,UKR,286,Ukraine,Europe,Europe & Central Asia,non-Schengen,f,18_59
2020,2020_II,Ukraine,FALSE,UKR,27,Ukraine,Europe,Europe & Central Asia,non-Schengen,f,60
2020,2020_II,Ukraine,FALSE,UKR,7,Ukraine,Europe,Europe & Central Asia,non-Schengen,m,17
2020,2020_II,Ukraine,FALSE,UKR,1078,Ukraine,Europe,Europe & Central Asia,non-Schengen,m,18_59
2020,2020_II,Ukraine,FALSE,UKR,3,Ukraine,Europe,Europe & Central Asia,non-Schengen,m,60
2020,2020_II,country,FALSE,AFG,4,Afghanistan,Asia,"Middle East, North Africa, Afghanistan & Pakistan",non-Schengen,m,18_59
2020,2020_II,country,FALSE,AGO,1,Angola,Africa,Sub-Saharan Africa,non-Schengen,m,18_59
2020,2020_II,country,FALSE,ALB,2,Albania,Europe,Europe & Central Asia,non-Schengen,m,18_59
2020,2020_II,country,FALSE,ARM,2,Armenia,Asia,Europe & Central Asia,non-Schengen,f,18_59
2020,2020_II,country,FALSE,ARM,2,Armenia,Asia,Europe & Central Asia,non-Schengen,m,17
2020,2020_II,country,FALSE,ARM,8,Armenia,Asia,Europe & Central Asia,non-Schengen,m,18_59
2020,2020_II,country,FALSE,ARM,1,Armenia,Asia,Europe & Central Asia,non-Schengen,m,60
2020,2020_II,country,FALSE,AZE,1,Azerbaijan,Asia,Europe & Central Asia,non-Schengen,f,17
2020,2020_II,country,FALSE,AZE,1,Azerbaijan,Asia,Europe & Central Asia,non-Schengen,f,18_59
2020,2020_II,country,FALSE,AZE,1,Azerbaijan,Asia,Europe & Central Asia,non-Schengen,m,17
2020,2020_II,country,FALSE,AZE,10,Azerbaijan,Asia,Europe & Central Asia,non-Schengen,m,18_59
2020,2020_II,country,FALSE,BFA,4,Burkina Faso,Africa,Sub-Saharan Africa,non-Schengen,m,18_59
2020,2020_II,country,FALSE,BGD,1,Bangladesh,Asia,South Asia,non-Schengen,f,18_59
2020,2020_II,country,FALSE,BGD,3,Bangladesh,Asia,South Asia,non-Schengen,m,18_59
2020,2020_II,country,FALSE,BLR,4,Belarus,Europe,Europe & Central Asia,non-Schengen,f,18_59
2020,2020_II,country,FALSE,BLR,41,Belarus,Europe,Europe & Central Asia,non-Schengen,m,18_59
2020,2020_II,country,FALSE,BRA,5,Brazil,Americas,Latin America & Caribbean,non-Schengen,m,18_59
2020,2020_II,country,FALSE,CHN,1,China,Asia,East Asia & Pacific,non-Schengen,f,18_59
2020,2020_II,country,FALSE,CHN,1,China,Asia,East Asia & Pacific,non-Schengen,f,60
2020,2020_II,country,FALSE,CHN,1,China,Asia,East Asia & Pacific,non-Schengen,m,17
2020,2020_II,country,FALSE,CHN,11,China,Asia,East Asia & Pacific,non-Schengen,m,18_59
2020,2020_II,country,FALSE,CMR,1,Cameroon,Africa,Sub-Saharan Africa,non-Schengen,f,18_59
2020,2020_II,country,FALSE,CMR,1,Cameroon,Africa,Sub-Saharan Africa,non-Schengen,m,18_59
2020,2020_II,country,FALSE,COD,1,Congo - Kinshasa,Africa,Sub-Saharan Africa,non-Schengen,f,18_59
2020,2020_II,country,FALSE,COD,1,Congo - Kinshasa,Africa,Sub-Saharan Africa,non-Schengen,m,18_59
2020,2020_II,country,FALSE,COL,2,Colombia,Americas,Latin America & Caribbean,non-Schengen,m,18_59
2020,2020_II,country,FALSE,CUB,1,Cuba,Americas,Latin America & Caribbean,non-Schengen,f,18_59
2020,2020_II,country,FALSE,DZA,11,Algeria,Africa,"Middle East, North Africa, Afghanistan & Pakistan",non-Schengen,m,18_59
2020,2020_II,country,FALSE,EGY,6,Egypt,Africa,"Middle East, North Africa, Afghanistan & Pakistan",non-Schengen,m,18_59
2020,2020_II,country,FALSE,ERI,1,Eritrea,Africa,Sub-Saharan Africa,non-Schengen,m,18_59
2020,2020_II,country,FALSE,ETH,1,Ethiopia,Africa,Sub-Saharan Africa,non-Schengen,m,18_59
2020,2020_II,country,FALSE,GEO,1,Georgia,Asia,Europe & Central Asia,non-Schengen,f,17
2020,2020_II,country,FALSE,GEO,8,Georgia,Asia,Europe & Central Asia,non-Schengen,f,18_59
2020,2020_II,country,FALSE,GEO,157,Georgia,Asia,Europe & Central Asia,non-Schengen,m,18_59
2020,2020_II,country,FALSE,GHA,1,Ghana,Africa,Sub-Saharan Africa,non-Schengen,m,18_59
2020,2020_II,country,FALSE,GMB,1,Gambia,Africa,Sub-Saharan Africa,non-Schengen,m,18_59
2020,2020_II,country,FALSE,GNB,1,Guinea-Bissau,Africa,Sub-Saharan Africa,non-Schengen,m,18_59
2020,2020_II,country,FALSE,IND,1,India,Asia,South Asia,non-Schengen,f,17
2020,2020_II,country,FALSE,IND,1,India,Asia,South Asia,non-Schengen,f,18_59
2020,2020_II,country,FALSE,IND,39,India,Asia,South Asia,non-Schengen,m,18_59
2020,2020_II,country,FALSE,IRN,4,Iran,Asia,"Middle East, North Africa, Afghanistan & Pakistan",non-Schengen,m,18_59
2020,2020_II,country,FALSE,IRQ,3,Iraq,Asia,"Middle East, North Africa, Afghanistan & Pakistan",non-Schengen,m,18_59
2020,2020_II,country,FALSE,KAZ,2,Kazakhstan,Asia,Europe & Central Asia,non-Schengen,m,18_59
2020,2020_II,country,FALSE,KEN,2,Kenya,Africa,Sub-Saharan Africa,non-Schengen,f,18_59
2020,2020_II,country,FALSE,KEN,1,Kenya,Africa,Sub-Saharan Africa,non-Schengen,m,17
2020,2020_II,country,FALSE,KGZ,1,Kyrgyzstan,Asia,Europe & Central Asia,non-Schengen,f,18_59
2020,2020_II,country,FALSE,KGZ,1,Kyrgyzstan,Asia,Europe & Central Asia,non-Schengen,m,17
2020,2020_II,country,FALSE,KGZ,1,Kyrgyzstan,Asia,Europe & Central Asia,non-Schengen,m,18_59
2020,2020_II,country,FALSE,KOR,1,South Korea,Asia,East Asia & Pacific,non-Schengen,f,60
2020,2020_II,country,FALSE,KOR,3,South Korea,Asia,East Asia & Pacific,non-Schengen,m,18_59
2020,2020_II,country,FALSE,KOSOVO,1,KOSOVO,Europe,Europe & Central Asia,non-Schengen,m,18_59
2020,2020_II,country,FALSE,LBN,1,Lebanon,Asia,"Middle East, North Africa, Afghanistan & Pakistan",non-Schengen,m,18_59
2020,2020_II,country,FALSE,LBY,1,Libya,Africa,"Middle East, North Africa, Afghanistan & Pakistan",non-Schengen,m,18_59
2020,2020_II,country,FALSE,LKA,4,Sri Lanka,Asia,South Asia,non-Schengen,m,18_59
2020,2020_II,country,FALSE,MAR,1,Morocco,Africa,"Middle East, North Africa, Afghanistan & Pakistan",non-Schengen,f,18_59
2020,2020_II,country,FALSE,MAR,1,Morocco,Africa,"Middle East, North Africa, Afghanistan & Pakistan",non-Schengen,m,17
2020,2020_II,country,FALSE,MAR,4,Morocco,Africa,"Middle East, North Africa, Afghanistan & Pakistan",non-Schengen,m,18_59
2020,2020_II,country,FALSE,MDA,16,Moldova,Europe,Europe & Central Asia,non-Schengen,f,18_59
2020,2020_II,country,FALSE,MDA,51,Moldova,Europe,Europe & Central Asia,non-Schengen,m,18_59
2020,2020_II,country,FALSE,MEX,2,Mexico,Americas,Latin America & Caribbean,non-Schengen,m,18_59
2020,2020_II,country,FALSE,MNG,1,Mongolia,Asia,East Asia & Pacific,non-Schengen,m,18_59
2020,2020_II,country,FALSE,MYS,1,Malaysia,Asia,East Asia & Pacific,non-Schengen,m,18_59
2020,2020_II,country,FALSE,NGA,11,Nigeria,Africa,Sub-Saharan Africa,non-Schengen,m,18_59
2020,2020_II,country,FALSE,NPL,2,Nepal,Asia,South Asia,non-Schengen,f,18_59
2020,2020_II,country,FALSE,NPL,5,Nepal,Asia,South Asia,non-Schengen,m,18_59
2020,2020_II,country,FALSE,PAK,9,Pakistan,Asia,"Middle East, North Africa, Afghanistan & Pakistan",non-Schengen,m,18_59
2020,2020_II,country,FALSE,PHL,2,Philippines,Asia,East Asia & Pacific,non-Schengen,f,18_59
2020,2020_II,country,FALSE,PHL,2,Philippines,Asia,East Asia & Pacific,non-Schengen,m,18_59
2020,2020_II,country,FALSE,PSE,2,Palestinian Territories,Asia,"Middle East, North Africa, Afghanistan & Pakistan",non-Schengen,m,18_59
2020,2020_II,country,FALSE,RUS,13,Russia,Europe,Europe & Central Asia,non-Schengen,f,17
2020,2020_II,country,FALSE,RUS,16,Russia,Europe,Europe & Central Asia,non-Schengen,f,18_59
2020,2020_II,country,FALSE,RUS,9,Russia,Europe,Europe & Central Asia,non-Schengen,m,17
2020,2020_II,country,FALSE,RUS,37,Russia,Europe,Europe & Central Asia,non-Schengen,m,18_59
2020,2020_II,country,FALSE,SAU,1,Saudi Arabia,Asia,"Middle East, North Africa, Afghanistan & Pakistan",non-Schengen,m,18_59
2020,2020_II,country,FALSE,SEN,1,Senegal,Africa,Sub-Saharan Africa,non-Schengen,m,18_59
2020,2020_II,country,FALSE,SLE,1,Sierra Leone,Africa,Sub-Saharan Africa,non-Schengen,m,18_59
2020,2020_II,country,FALSE,SOM,2,Somalia,Africa,Sub-Saharan Africa,non-Schengen,m,18_59
2020,2020_II,country,FALSE,SYR,9,Syria,Asia,"Middle East, North Africa, Afghanistan & Pakistan",non-Schengen,m,18_59
2020,2020_II,country,FALSE,TJK,1,Tajikistan,Asia,Europe & Central Asia,non-Schengen,f,17
2020,2020_II,country,FALSE,TJK,2,Tajikistan,Asia,Europe & Central Asia,non-Schengen,f,18_59
2020,2020_II,country,FALSE,TJK,3,Tajikistan,Asia,Europe & Central Asia,non-Schengen,m,17
2020,2020_II,country,FALSE,TJK,10,Tajikistan,Asia,Europe & Central Asia,non-Schengen,m,18_59
2020,2020_II,country,FALSE,TUN,1,Tunisia,Africa,"Middle East, North Africa, Afghanistan & Pakistan",non-Schengen,f,18_59
2020,2020_II,country,FALSE,TUN,5,Tunisia,Africa,"Middle East, North Africa, Afghanistan & Pakistan",non-Schengen,m,18_59
2020,2020_II,country,FALSE,TUR,9,Turkey,Asia,Europe & Central Asia,non-Schengen,m,18_59
2020,2020_II,country,FALSE,UGA,1,Uganda,Africa,Sub-Saharan Africa,non-Schengen,m,18_59
2020,2020_II,country,FALSE,UKR,23,Ukraine,Europe,Europe & Central Asia,non-Schengen,f,17
2020,2020_II,country,FALSE,UKR,204,Ukraine,Europe,Europe & Central Asia,non-Schengen,f,18_59
2020,2020_II,country,FALSE,UKR,3,Ukraine,Europe,Europe & Central Asia,non-Schengen,f,60
2020,2020_II,country,FALSE,UKR,15,Ukraine,Europe,Europe & Central Asia,non-Schengen,m,17
2020,2020_II,country,FALSE,UKR,696,Ukraine,Europe,Europe & Central Asia,non-Schengen,m,18_59
2020,2020_II,country,FALSE,UKR,3,Ukraine,Europe,Europe & Central Asia,non-Schengen,m,60
2020,2020_II,country,FALSE,UNK,1,unknown,other/unknown,other/unknown,non-Schengen,f,17
2020,2020_II,country,FALSE,USA,2,United States,Americas,North America,non-Schengen,f,18_59
2020,2020_II,country,FALSE,USA,1,United States,Americas,North America,non-Schengen,m,18_59
2020,2020_II,country,FALSE,UZB,27,Uzbekistan,Asia,Europe & Central Asia,non-Schengen,m,18_59
2020,2020_II,country,FALSE,VNM,2,Vietnam,Asia,East Asia & Pacific,non-Schengen,f,17
2020,2020_II,country,FALSE,VNM,6,Vietnam,Asia,East Asia & Pacific,non-Schengen,f,18_59
2020,2020_II,country,FALSE,VNM,17,Vietnam,Asia,East Asia & Pacific,non-Schengen,m,18_59
2020,2020_II,country,FALSE,XXX,1,Stateless,other/unknown,other/unknown,non-Schengen,m,18_59
2020,2020_II,country,FALSE,YEM,1,Yemen,Asia,"Middle East, North Africa, Afghanistan & Pakistan",non-Schengen,m,18_59
2020,2020_II,country,FALSE,ZWE,1,Zimbabwe,Africa,Sub-Saharan Africa,non-Schengen,f,18_59
2020,2020_II,country,FALSE,ZWE,2,Zimbabwe,Africa,Sub-Saharan Africa,non-Schengen,m,18_59
2020,2020_II,country,TRUE,AFG,1,Afghanistan,Asia,"Middle East, North Africa, Afghanistan & Pakistan",non-Schengen,m,18_59
2020,2020_II,country,TRUE,BLR,1,Belarus,Europe,Europe & Central Asia,non-Schengen,m,18_59
2020,2020_II,country,TRUE,CIV,1,Côte d’Ivoire,Africa,Sub-Saharan Africa,non-Schengen,m,18_59
2020,2020_II,country,TRUE,UKR,1,Ukraine,Europe,Europe & Central Asia,non-Schengen,m,18_59
2020,2020_II,external air,FALSE,ARM,2,Armenia,Asia,Europe & Central Asia,non-Schengen,m,18_59
2020,2020_II,external air,FALSE,AZE,1,Azerbaijan,Asia,Europe & Central Asia,non-Schengen,m,18_59
2020,2020_II,external air,FALSE,BHR,1,Bahrain,Asia,"Middle East, North Africa, Afghanistan & Pakistan",non-Schengen,m,18_59
2020,2020_II,external air,FALSE,BLR,1,Belarus,Europe,Europe & Central Asia,non-Schengen,f,18_59
2020,2020_II,external air,FALSE,BLR,1,Belarus,Europe,Europe & Central Asia,non-Schengen,f,60
2020,2020_II,external air,FALSE,BLR,1,Belarus,Europe,Europe & Central Asia,non-Schengen,m,18_59
2020,2020_II,external air,FALSE,BRA,1,Brazil,Americas,Latin America & Caribbean,non-Schengen,m,18_59
2020,2020_II,external air,FALSE,CAN,1,Canada,Americas,North America,non-Schengen,f,17
2020,2020_II,external air,FALSE,CHN,6,China,Asia,East Asia & Pacific,non-Schengen,f,18_59
2020,2020_II,external air,FALSE,CHN,1,China,Asia,East Asia & Pacific,non-Schengen,m,17
2020,2020_II,external air,FALSE,CHN,16,China,Asia,East Asia & Pacific,non-Schengen,m,18_59
2020,2020_II,external air,FALSE,GEO,4,Georgia,Asia,Europe & Central Asia,non-Schengen,f,18_59
2020,2020_II,external air,FALSE,GEO,17,Georgia,Asia,Europe & Central Asia,non-Schengen,m,18_59
2020,2020_II,external air,FALSE,GEO,1,Georgia,Asia,Europe & Central Asia,non-Schengen,m,60
2020,2020_II,external air,FALSE,IDN,1,Indonesia,Asia,East Asia & Pacific,non-Schengen,m,18_59
2020,2020_II,external air,FALSE,IND,2,India,Asia,South Asia,non-Schengen,m,18_59
2020,2020_II,external air,FALSE,KAZ,2,Kazakhstan,Asia,Europe & Central Asia,non-Schengen,f,18_59
2020,2020_II,external air,FALSE,KAZ,4,Kazakhstan,Asia,Europe & Central Asia,non-Schengen,m,18_59
2020,2020_II,external air,FALSE,KGZ,2,Kyrgyzstan,Asia,Europe & Central Asia,non-Schengen,f,18_59
2020,2020_II,external air,FALSE,KGZ,2,Kyrgyzstan,Asia,Europe & Central Asia,non-Schengen,m,18_59
2020,2020_II,external air,FALSE,KOR,1,South Korea,Asia,East Asia & Pacific,non-Schengen,m,18_59
2020,2020_II,external air,FALSE,LBN,1,Lebanon,Asia,"Middle East, North Africa, Afghanistan & Pakistan",non-Schengen,m,18_59
2020,2020_II,external air,FALSE,LBY,1,Libya,Africa,"Middle East, North Africa, Afghanistan & Pakistan",non-Schengen,m,18_59
2020,2020_II,external air,FALSE,MDA,1,Moldova,Europe,Europe & Central Asia,non-Schengen,m,18_59
2020,2020_II,external air,FALSE,MLI,1,Mali,Africa,Sub-Saharan Africa,non-Schengen,m,18_59
2020,2020_II,external air,FALSE,NPL,1,Nepal,Asia,South Asia,non-Schengen,f,18_59
2020,2020_II,external air,FALSE,PAK,1,Pakistan,Asia,"Middle East, North Africa, Afghanistan & Pakistan",non-Schengen,f,18_59
2020,2020_II,external air,FALSE,PHL,1,Philippines,Asia,East Asia & Pacific,non-Schengen,f,18_59
2020,2020_II,external air,FALSE,RUS,2,Russia,Europe,Europe & Central Asia,non-Schengen,m,17
2020,2020_II,external air,FALSE,RUS,3,Russia,Europe,Europe & Central Asia,non-Schengen,m,18_59
2020,2020_II,external air,FALSE,SAU,2,Saudi Arabia,Asia,"Middle East, North Africa, Afghanistan & Pakistan",non-Schengen,m,18_59
2020,2020_II,external air,FALSE,SYR,1,Syria,Asia,"Middle East, North Africa, Afghanistan & Pakistan",non-Schengen,m,18_59
2020,2020_II,external air,FALSE,TJK,3,Tajikistan,Asia,Europe & Central Asia,non-Schengen,m,18_59
2020,2020_II,external air,FALSE,TKM,1,Turkmenistan,Asia,Europe & Central Asia,non-Schengen,m,18_59
2020,2020_II,external air,FALSE,TUR,6,Turkey,Asia,Europe & Central Asia,non-Schengen,m,18_59
2020,2020_II,external air,FALSE,TWN,1,Taiwan,Asia,East Asia & Pacific,non-Schengen,f,18_59
2020,2020_II,external air,FALSE,UKR,5,Ukraine,Europe,Europe & Central Asia,non-Schengen,f,17
2020,2020_II,external air,FALSE,UKR,43,Ukraine,Europe,Europe & Central Asia,non-Schengen,f,18_59
2020,2020_II,external air,FALSE,UKR,1,Ukraine,Europe,Europe & Central Asia,non-Schengen,f,60
2020,2020_II,external air,FALSE,UKR,2,Ukraine,Europe,Europe & Central Asia,non-Schengen,m,17
2020,2020_II,external air,FALSE,UKR,98,Ukraine,Europe,Europe & Central Asia,non-Schengen,m,18_59
2020,2020_II,external air,FALSE,UZB,3,Uzbekistan,Asia,Europe & Central Asia,non-Schengen,f,18_59
2020,2020_II,external air,FALSE,UZB,12,Uzbekistan,Asia,Europe & Central Asia,non-Schengen,m,18_59
2020,2020_II,external air,FALSE,VNM,1,Vietnam,Asia,East Asia & Pacific,non-Schengen,f,18_59
2020,2020_II,external air,FALSE,VNM,1,Vietnam,Asia,East Asia & Pacific,non-Schengen,m,18_59
2020,2020_II,external air,FALSE,XXX,1,Stateless,other/unknown,other/unknown,non-Schengen,m,18_59
2021,2021_I,Belarus,FALSE,AZE,0,Azerbaijan,Asia,Europe & Central Asia,non-Schengen,m,17
2021,2021_I,Belarus,FALSE,AZE,1,Azerbaijan,Asia,Europe & Central Asia,non-Schengen,m,18_59
2021,2021_I,Belarus,FALSE,AZE,0,Azerbaijan,Asia,Europe & Central Asia,non-Schengen,m,60
2021,2021_I,Belarus,FALSE,BLR,0,Belarus,Europe,Europe & Central Asia,non-Schengen,f,17
2021,2021_I,Belarus,FALSE,BLR,4,Belarus,Europe,Europe & Central Asia,non-Schengen,f,18_59
2021,2021_I,Belarus,FALSE,BLR,1,Belarus,Europe,Europe & Central Asia,non-Schengen,f,60
2021,2021_I,Belarus,FALSE,BLR,1,Belarus,Europe,Europe & Central Asia,non-Schengen,m,17
2021,2021_I,Belarus,FALSE,BLR,41,Belarus,Europe,Europe & Central Asia,non-Schengen,m,18_59
2021,2021_I,Belarus,FALSE,BLR,0,Belarus,Europe,Europe & Central Asia,non-Schengen,m,60
2021,2021_I,Belarus,FALSE,GEO,0,Georgia,Asia,Europe & Central Asia,non-Schengen,m,17
2021,2021_I,Belarus,FALSE,GEO,3,Georgia,Asia,Europe & Central Asia,non-Schengen,m,18_59
2021,2021_I,Belarus,FALSE,GEO,0,Georgia,Asia,Europe & Central Asia,non-Schengen,m,60
2021,2021_I,Belarus,FALSE,KAZ,0,Kazakhstan,Asia,Europe & Central Asia,non-Schengen,m,17
2021,2021_I,Belarus,FALSE,KAZ,1,Kazakhstan,Asia,Europe & Central Asia,non-Schengen,m,18_59
2021,2021_I,Belarus,FALSE,KAZ,0,Kazakhstan,Asia,Europe & Central Asia,non-Schengen,m,60
2021,2021_I,Belarus,FALSE,KGZ,0,Kyrgyzstan,Asia,Europe & Central Asia,non-Schengen,m,17
2021,2021_I,Belarus,FALSE,KGZ,1,Kyrgyzstan,Asia,Europe & Central Asia,non-Schengen,m,18_59
2021,2021_I,Belarus,FALSE,KGZ,0,Kyrgyzstan,Asia,Europe & Central Asia,non-Schengen,m,60
2021,2021_I,Belarus,FALSE,MDA,0,Moldova,Europe,Europe & Central Asia,non-Schengen,m,17
2021,2021_I,Belarus,FALSE,MDA,1,Moldova,Europe,Europe & Central Asia,non-Schengen,m,18_59
2021,2021_I,Belarus,FALSE,MDA,0,Moldova,Europe,Europe & Central Asia,non-Schengen,m,60
2021,2021_I,Belarus,FALSE,RUS,7,Russia,Europe,Europe & Central Asia,non-Schengen,f,17
2021,2021_I,Belarus,FALSE,RUS,8,Russia,Europe,Europe & Central Asia,non-Schengen,f,18_59
2021,2021_I,Belarus,FALSE,RUS,0,Russia,Europe,Europe & Central Asia,non-Schengen,f,60
2021,2021_I,Belarus,FALSE,RUS,10,Russia,Europe,Europe & Central Asia,non-Schengen,m,17
2021,2021_I,Belarus,FALSE,RUS,21,Russia,Europe,Europe & Central Asia,non-Schengen,m,18_59
2021,2021_I,Belarus,FALSE,RUS,1,Russia,Europe,Europe & Central Asia,non-Schengen,m,60
2021,2021_I,Belarus,FALSE,UKR,0,Ukraine,Europe,Europe & Central Asia,non-Schengen,m,17
2021,2021_I,Belarus,FALSE,UKR,3,Ukraine,Europe,Europe & Central Asia,non-Schengen,m,18_59
2021,2021_I,Belarus,FALSE,UKR,0,Ukraine,Europe,Europe & Central Asia,non-Schengen,m,60
2021,2021_I,Belarus,FALSE,UNK,0,unknown,other/unknown,other/unknown,non-Schengen,m,17
2021,2021_I,Belarus,FALSE,UNK,1,unknown,other/unknown,other/unknown,non-Schengen,m,18_59
2021,2021_I,Belarus,FALSE,UNK,0,unknown,other/unknown,other/unknown,non-Schengen,m,60
2021,2021_I,Belarus,FALSE,UZB,0,Uzbekistan,Asia,Europe & Central Asia,non-Schengen,m,17
2021,2021_I,Belarus,FALSE,UZB,1,Uzbekistan,Asia,Europe & Central Asia,non-Schengen,m,18_59
2021,2021_I,Belarus,FALSE,UZB,0,Uzbekistan,Asia,Europe & Central Asia,non-Schengen,m,60
2021,2021_I,Russia,FALSE,MKD,0,North Macedonia,Europe,Europe & Central Asia,non-Schengen,m,17
2021,2021_I,Russia,FALSE,MKD,3,North Macedonia,Europe,Europe & Central Asia,non-Schengen,m,18_59
2021,2021_I,Russia,FALSE,MKD,0,North Macedonia,Europe,Europe & Central Asia,non-Schengen,m,60
2021,2021_I,Russia,FALSE,MLI,0,Mali,Africa,Sub-Saharan Africa,non-Schengen,m,17
2021,2021_I,Russia,FALSE,MLI,1,Mali,Africa,Sub-Saharan Africa,non-Schengen,m,18_59
2021,2021_I,Russia,FALSE,MLI,0,Mali,Africa,Sub-Saharan Africa,non-Schengen,m,60
2021,2021_I,Russia,FALSE,RUS,0,Russia,Europe,Europe & Central Asia,non-Schengen,f,17
2021,2021_I,Russia,FALSE,RUS,1,Russia,Europe,Europe & Central Asia,non-Schengen,f,18_59
2021,2021_I,Russia,FALSE,RUS,0,Russia,Europe,Europe & Central Asia,non-Schengen,f,60
2021,2021_I,Russia,FALSE,RUS,0,Russia,Europe,Europe & Central Asia,non-Schengen,m,17
2021,2021_I,Russia,FALSE,RUS,7,Russia,Europe,Europe & Central Asia,non-Schengen,m,18_59
2021,2021_I,Russia,FALSE,RUS,0,Russia,Europe,Europe & Central Asia,non-Schengen,m,60
2021,2021_I,Russia,FALSE,SRB,0,Serbia,Europe,Europe & Central Asia,non-Schengen,m,17
2021,2021_I,Russia,FALSE,SRB,2,Serbia,Europe,Europe & Central Asia,non-Schengen,m,18_59
2021,2021_I,Russia,FALSE,SRB,0,Serbia,Europe,Europe & Central Asia,non-Schengen,m,60
2021,2021_I,Ukraine,FALSE,AFG,0,Afghanistan,Asia,"Middle East, North Africa, Afghanistan & Pakistan",non-Schengen,m,17
2021,2021_I,Ukraine,FALSE,AFG,1,Afghanistan,Asia,"Middle East, North Africa, Afghanistan & Pakistan",non-Schengen,m,18_59
2021,2021_I,Ukraine,FALSE,AFG,0,Afghanistan,Asia,"Middle East, North Africa, Afghanistan & Pakistan",non-Schengen,m,60
2021,2021_I,Ukraine,FALSE,ARM,0,Armenia,Asia,Europe & Central Asia,non-Schengen,m,17
2021,2021_I,Ukraine,FALSE,ARM,1,Armenia,Asia,Europe & Central Asia,non-Schengen,m,18_59
2021,2021_I,Ukraine,FALSE,ARM,0,Armenia,Asia,Europe & Central Asia,non-Schengen,m,60
2021,2021_I,Ukraine,FALSE,GEO,0,Georgia,Asia,Europe & Central Asia,non-Schengen,m,17
2021,2021_I,Ukraine,FALSE,GEO,5,Georgia,Asia,Europe & Central Asia,non-Schengen,m,18_59
2021,2021_I,Ukraine,FALSE,GEO,0,Georgia,Asia,Europe & Central Asia,non-Schengen,m,60
2021,2021_I,Ukraine,FALSE,KAZ,0,Kazakhstan,Asia,Europe & Central Asia,non-Schengen,m,17
2021,2021_I,Ukraine,FALSE,KAZ,2,Kazakhstan,Asia,Europe & Central Asia,non-Schengen,m,18_59
2021,2021_I,Ukraine,FALSE,KAZ,0,Kazakhstan,Asia,Europe & Central Asia,non-Schengen,m,60
2021,2021_I,Ukraine,FALSE,MDA,0,Moldova,Europe,Europe & Central Asia,non-Schengen,f,17
2021,2021_I,Ukraine,FALSE,MDA,6,Moldova,Europe,Europe & Central Asia,non-Schengen,f,18_59
2021,2021_I,Ukraine,FALSE,MDA,0,Moldova,Europe,Europe & Central Asia,non-Schengen,f,60
2021,2021_I,Ukraine,FALSE,MDA,0,Moldova,Europe,Europe & Central Asia,non-Schengen,m,17
2021,2021_I,Ukraine,FALSE,MDA,33,Moldova,Europe,Europe & Central Asia,non-Schengen,m,18_59
2021,2021_I,Ukraine,FALSE,MDA,0,Moldova,Europe,Europe & Central Asia,non-Schengen,m,60
2021,2021_I,Ukraine,FALSE,RUS,0,Russia,Europe,Europe & Central Asia,non-Schengen,f,17
2021,2021_I,Ukraine,FALSE,RUS,1,Russia,Europe,Europe & Central Asia,non-Schengen,f,18_59
2021,2021_I,Ukraine,FALSE,RUS,0,Russia,Europe,Europe & Central Asia,non-Schengen,f,60
2021,2021_I,Ukraine,FALSE,RUS,0,Russia,Europe,Europe & Central Asia,non-Schengen,m,17
2021,2021_I,Ukraine,FALSE,RUS,1,Russia,Europe,Europe & Central Asia,non-Schengen,m,18_59
2021,2021_I,Ukraine,FALSE,RUS,0,Russia,Europe,Europe & Central Asia,non-Schengen,m,60
2021,2021_I,Ukraine,FALSE,TUR,0,Turkey,Asia,Europe & Central Asia,non-Schengen,m,17
2021,2021_I,Ukraine,FALSE,TUR,1,Turkey,Asia,Europe & Central Asia,non-Schengen,m,18_59
2021,2021_I,Ukraine,FALSE,TUR,0,Turkey,Asia,Europe & Central Asia,non-Schengen,m,60
2021,2021_I,Ukraine,FALSE,UKR,4,Ukraine,Europe,Europe & Central Asia,non-Schengen,f,17
2021,2021_I,Ukraine,FALSE,UKR,181,Ukraine,Europe,Europe & Central Asia,non-Schengen,f,18_59
2021,2021_I,Ukraine,FALSE,UKR,36,Ukraine,Europe,Europe & Central Asia,non-Schengen,f,60
2021,2021_I,Ukraine,FALSE,UKR,2,Ukraine,Europe,Europe & Central Asia,non-Schengen,m,17
2021,2021_I,Ukraine,FALSE,UKR,702,Ukraine,Europe,Europe & Central Asia,non-Schengen,m,18_59
2021,2021_I,Ukraine,FALSE,UKR,4,Ukraine,Europe,Europe & Central Asia,non-Schengen,m,60
2021,2021_I,Ukraine,FALSE,UZB,0,Uzbekistan,Asia,Europe & Central Asia,non-Schengen,m,17
2021,2021_I,Ukraine,FALSE,UZB,3,Uzbekistan,Asia,Europe & Central Asia,non-Schengen,m,18_59
2021,2021_I,Ukraine,FALSE,UZB,0,Uzbekistan,Asia,Europe & Central Asia,non-Schengen,m,60
2021,2021_I,country,FALSE,AFG,0,Afghanistan,Asia,"Middle East, North Africa, Afghanistan & Pakistan",non-Schengen,m,17
2021,2021_I,country,FALSE,AFG,12,Afghanistan,Asia,"Middle East, North Africa, Afghanistan & Pakistan",non-Schengen,m,18_59
2021,2021_I,country,FALSE,AFG,0,Afghanistan,Asia,"Middle East, North Africa, Afghanistan & Pakistan",non-Schengen,m,60
2021,2021_I,country,FALSE,AGO,0,Angola,Africa,Sub-Saharan Africa,non-Schengen,f,17
2021,2021_I,country,FALSE,AGO,1,Angola,Africa,Sub-Saharan Africa,non-Schengen,f,18_59
2021,2021_I,country,FALSE,AGO,0,Angola,Africa,Sub-Saharan Africa,non-Schengen,f,60
2021,2021_I,country,FALSE,ARM,1,Armenia,Asia,Europe & Central Asia,non-Schengen,f,17
2021,2021_I,country,FALSE,ARM,1,Armenia,Asia,Europe & Central Asia,non-Schengen,f,18_59
2021,2021_I,country,FALSE,ARM,3,Armenia,Asia,Europe & Central Asia,non-Schengen,f,60
2021,2021_I,country,FALSE,ARM,0,Armenia,Asia,Europe & Central Asia,non-Schengen,m,17
2021,2021_I,country,FALSE,ARM,6,Armenia,Asia,Europe & Central Asia,non-Schengen,m,18_59
2021,2021_I,country,FALSE,ARM,0,Armenia,Asia,Europe & Central Asia,non-Schengen,m,60
2021,2021_I,country,FALSE,AZE,0,Azerbaijan,Asia,Europe & Central Asia,non-Schengen,m,17
2021,2021_I,country,FALSE,AZE,1,Azerbaijan,Asia,Europe & Central Asia,non-Schengen,m,18_59
2021,2021_I,country,FALSE,AZE,0,Azerbaijan,Asia,Europe & Central Asia,non-Schengen,m,60
2021,2021_I,country,FALSE,BGD,0,Bangladesh,Asia,South Asia,non-Schengen,f,17
2021,2021_I,country,FALSE,BGD,1,Bangladesh,Asia,South Asia,non-Schengen,f,18_59
2021,2021_I,country,FALSE,BGD,0,Bangladesh,Asia,South Asia,non-Schengen,f,60
2021,2021_I,country,FALSE,BGD,0,Bangladesh,Asia,South Asia,non-Schengen,m,17
2021,2021_I,country,FALSE,BGD,10,Bangladesh,Asia,South Asia,non-Schengen,m,18_59
2021,2021_I,country,FALSE,BGD,0,Bangladesh,Asia,South Asia,non-Schengen,m,60
2021,2021_I,country,FALSE,BLR,1,Belarus,Europe,Europe & Central Asia,non-Schengen,f,17
2021,2021_I,country,FALSE,BLR,7,Belarus,Europe,Europe & Central Asia,non-Schengen,f,18_59
2021,2021_I,country,FALSE,BLR,1,Belarus,Europe,Europe & Central Asia,non-Schengen,f,60
2021,2021_I,country,FALSE,BLR,0,Belarus,Europe,Europe & Central Asia,non-Schengen,m,17
2021,2021_I,country,FALSE,BLR,38,Belarus,Europe,Europe & Central Asia,non-Schengen,m,18_59
2021,2021_I,country,FALSE,BLR,0,Belarus,Europe,Europe & Central Asia,non-Schengen,m,60
2021,2021_I,country,FALSE,BRA,0,Brazil,Americas,Latin America & Caribbean,non-Schengen,f,17
2021,2021_I,country,FALSE,BRA,1,Brazil,Americas,Latin America & Caribbean,non-Schengen,f,18_59
2021,2021_I,country,FALSE,BRA,0,Brazil,Americas,Latin America & Caribbean,non-Schengen,f,60
2021,2021_I,country,FALSE,CAN,1,Canada,Americas,North America,non-Schengen,m,17
2021,2021_I,country,FALSE,CAN,0,Canada,Americas,North America,non-Schengen,m,18_59
2021,2021_I,country,FALSE,CAN,0,Canada,Americas,North America,non-Schengen,m,60
2021,2021_I,country,FALSE,CHN,0,China,Asia,East Asia & Pacific,non-Schengen,f,17
2021,2021_I,country,FALSE,CHN,3,China,Asia,East Asia & Pacific,non-Schengen,f,18_59
2021,2021_I,country,FALSE,CHN,0,China,Asia,East Asia & Pacific,non-Schengen,f,60
2021,2021_I,country,FALSE,CHN,0,China,Asia,East Asia & Pacific,non-Schengen,m,17
2021,2021_I,country,FALSE,CHN,5,China,Asia,East Asia & Pacific,non-Schengen,m,18_59
2021,2021_I,country,FALSE,CHN,0,China,Asia,East Asia & Pacific,non-Schengen,m,60
2021,2021_I,country,FALSE,CIV,1,Côte d’Ivoire,Africa,Sub-Saharan Africa,non-Schengen,f,17
2021,2021_I,country,FALSE,CIV,0,Côte d’Ivoire,Africa,Sub-Saharan Africa,non-Schengen,f,18_59
2021,2021_I,country,FALSE,CIV,0,Côte d’Ivoire,Africa,Sub-Saharan Africa,non-Schengen,f,60
2021,2021_I,country,FALSE,CMR,0,Cameroon,Africa,Sub-Saharan Africa,non-Schengen,m,17
2021,2021_I,country,FALSE,CMR,1,Cameroon,Africa,Sub-Saharan Africa,non-Schengen,m,18_59
2021,2021_I,country,FALSE,CMR,0,Cameroon,Africa,Sub-Saharan Africa,non-Schengen,m,60
2021,2021_I,country,FALSE,COD,0,Congo - Kinshasa,Africa,Sub-Saharan Africa,non-Schengen,f,17
2021,2021_I,country,FALSE,COD,1,Congo - Kinshasa,Africa,Sub-Saharan Africa,non-Schengen,f,18_59
2021,2021_I,country,FALSE,COD,0,Congo - Kinshasa,Africa,Sub-Saharan Africa,non-Schengen,f,60
2021,2021_I,country,FALSE,COL,0,Colombia,Americas,Latin America & Caribbean,non-Schengen,f,17
2021,2021_I,country,FALSE,COL,1,Colombia,Americas,Latin America & Caribbean,non-Schengen,f,18_59
2021,2021_I,country,FALSE,COL,0,Colombia,Americas,Latin America & Caribbean,non-Schengen,f,60
2021,2021_I,country,FALSE,COL,0,Colombia,Americas,Latin America & Caribbean,non-Schengen,m,17
2021,2021_I,country,FALSE,COL,2,Colombia,Americas,Latin America & Caribbean,non-Schengen,m,18_59
2021,2021_I,country,FALSE,COL,0,Colombia,Americas,Latin America & Caribbean,non-Schengen,m,60
2021,2021_I,country,FALSE,CUB,0,Cuba,Americas,Latin America & Caribbean,non-Schengen,f,17
2021,2021_I,country,FALSE,CUB,1,Cuba,Americas,Latin America & Caribbean,non-Schengen,f,18_59
2021,2021_I,country,FALSE,CUB,0,Cuba,Americas,Latin America & Caribbean,non-Schengen,f,60
2021,2021_I,country,FALSE,CUB,0,Cuba,Americas,Latin America & Caribbean,non-Schengen,m,17
2021,2021_I,country,FALSE,CUB,1,Cuba,Americas,Latin America & Caribbean,non-Schengen,m,18_59
2021,2021_I,country,FALSE,CUB,0,Cuba,Americas,Latin America & Caribbean,non-Schengen,m,60
2021,2021_I,country,FALSE,DOM,0,Dominican Republic,Americas,Latin America & Caribbean,non-Schengen,f,17
2021,2021_I,country,FALSE,DOM,1,Dominican Republic,Americas,Latin America & Caribbean,non-Schengen,f,18_59
2021,2021_I,country,FALSE,DOM,0,Dominican Republic,Americas,Latin America & Caribbean,non-Schengen,f,60
2021,2021_I,country,FALSE,DZA,0,Algeria,Africa,"Middle East, North Africa, Afghanistan & Pakistan",non-Schengen,m,17
2021,2021_I,country,FALSE,DZA,5,Algeria,Africa,"Middle East, North Africa, Afghanistan & Pakistan",non-Schengen,m,18_59
2021,2021_I,country,FALSE,DZA,0,Algeria,Africa,"Middle East, North Africa, Afghanistan & Pakistan",non-Schengen,m,60
2021,2021_I,country,FALSE,EGY,0,Egypt,Africa,"Middle East, North Africa, Afghanistan & Pakistan",non-Schengen,m,17
2021,2021_I,country,FALSE,EGY,3,Egypt,Africa,"Middle East, North Africa, Afghanistan & Pakistan",non-Schengen,m,18_59
2021,2021_I,country,FALSE,EGY,0,Egypt,Africa,"Middle East, North Africa, Afghanistan & Pakistan",non-Schengen,m,60
2021,2021_I,country,FALSE,ETH,0,Ethiopia,Africa,Sub-Saharan Africa,non-Schengen,f,17
2021,2021_I,country,FALSE,ETH,1,Ethiopia,Africa,Sub-Saharan Africa,non-Schengen,f,18_59
2021,2021_I,country,FALSE,ETH,0,Ethiopia,Africa,Sub-Saharan Africa,non-Schengen,f,60
2021,2021_I,country,FALSE,ETH,0,Ethiopia,Africa,Sub-Saharan Africa,non-Schengen,m,17
2021,2021_I,country,FALSE,ETH,1,Ethiopia,Africa,Sub-Saharan Africa,non-Schengen,m,18_59
2021,2021_I,country,FALSE,ETH,0,Ethiopia,Africa,Sub-Saharan Africa,non-Schengen,m,60
2021,2021_I,country,FALSE,GEO,0,Georgia,Asia,Europe & Central Asia,non-Schengen,f,17
2021,2021_I,country,FALSE,GEO,7,Georgia,Asia,Europe & Central Asia,non-Schengen,f,18_59
2021,2021_I,country,FALSE,GEO,0,Georgia,Asia,Europe & Central Asia,non-Schengen,f,60
2021,2021_I,country,FALSE,GEO,1,Georgia,Asia,Europe & Central Asia,non-Schengen,m,17
2021,2021_I,country,FALSE,GEO,152,Georgia,Asia,Europe & Central Asia,non-Schengen,m,18_59
2021,2021_I,country,FALSE,GEO,0,Georgia,Asia,Europe & Central Asia,non-Schengen,m,60
2021,2021_I,country,FALSE,IND,0,India,Asia,South Asia,non-Schengen,f,17
2021,2021_I,country,FALSE,IND,4,India,Asia,South Asia,non-Schengen,f,18_59
2021,2021_I,country,FALSE,IND,0,India,Asia,South Asia,non-Schengen,f,60
2021,2021_I,country,FALSE,IND,0,India,Asia,South Asia,non-Schengen,m,17
2021,2021_I,country,FALSE,IND,25,India,Asia,South Asia,non-Schengen,m,18_59
2021,2021_I,country,FALSE,IND,0,India,Asia,South Asia,non-Schengen,m,60
2021,2021_I,country,FALSE,IRN,0,Iran,Asia,"Middle East, North Africa, Afghanistan & Pakistan",non-Schengen,m,17
2021,2021_I,country,FALSE,IRN,3,Iran,Asia,"Middle East, North Africa, Afghanistan & Pakistan",non-Schengen,m,18_59
2021,2021_I,country,FALSE,IRN,0,Iran,Asia,"Middle East, North Africa, Afghanistan & Pakistan",non-Schengen,m,60
2021,2021_I,country,FALSE,IRQ,0,Iraq,Asia,"Middle East, North Africa, Afghanistan & Pakistan",non-Schengen,m,17
2021,2021_I,country,FALSE,IRQ,1,Iraq,Asia,"Middle East, North Africa, Afghanistan & Pakistan",non-Schengen,m,18_59
2021,2021_I,country,FALSE,IRQ,0,Iraq,Asia,"Middle East, North Africa, Afghanistan & Pakistan",non-Schengen,m,60
2021,2021_I,country,FALSE,JOR,0,Jordan,Asia,"Middle East, North Africa, Afghanistan & Pakistan",non-Schengen,m,17
2021,2021_I,country,FALSE,JOR,1,Jordan,Asia,"Middle East, North Africa, Afghanistan & Pakistan",non-Schengen,m,18_59
2021,2021_I,country,FALSE,JOR,0,Jordan,Asia,"Middle East, North Africa, Afghanistan & Pakistan",non-Schengen,m,60
2021,2021_I,country,FALSE,KAZ,1,Kazakhstan,Asia,Europe & Central Asia,non-Schengen,f,17
2021,2021_I,country,FALSE,KAZ,0,Kazakhstan,Asia,Europe & Central Asia,non-Schengen,f,18_59
2021,2021_I,country,FALSE,KAZ,0,Kazakhstan,Asia,Europe & Central Asia,non-Schengen,f,60
2021,2021_I,country,FALSE,KAZ,0,Kazakhstan,Asia,Europe & Central Asia,non-Schengen,m,17
2021,2021_I,country,FALSE,KAZ,1,Kazakhstan,Asia,Europe & Central Asia,non-Schengen,m,18_59
2021,2021_I,country,FALSE,KAZ,0,Kazakhstan,Asia,Europe & Central Asia,non-Schengen,m,60
2021,2021_I,country,FALSE,KGZ,1,Kyrgyzstan,Asia,Europe & Central Asia,non-Schengen,m,17
2021,2021_I,country,FALSE,KGZ,2,Kyrgyzstan,Asia,Europe & Central Asia,non-Schengen,m,18_59
2021,2021_I,country,FALSE,KGZ,0,Kyrgyzstan,Asia,Europe & Central Asia,non-Schengen,m,60
2021,2021_I,country,FALSE,KOR,0,South Korea,Asia,East Asia & Pacific,non-Schengen,f,17
2021,2021_I,country,FALSE,KOR,1,South Korea,Asia,East Asia & Pacific,non-Schengen,f,18_59
2021,2021_I,country,FALSE,KOR,0,South Korea,Asia,East Asia & Pacific,non-Schengen,f,60
2021,2021_I,country,FALSE,LBN,0,Lebanon,Asia,"Middle East, North Africa, Afghanistan & Pakistan",non-Schengen,m,17
2021,2021_I,country,FALSE,LBN,1,Lebanon,Asia,"Middle East, North Africa, Afghanistan & Pakistan",non-Schengen,m,18_59
2021,2021_I,country,FALSE,LBN,0,Lebanon,Asia,"Middle East, North Africa, Afghanistan & Pakistan",non-Schengen,m,60
2021,2021_I,country,FALSE,LBY,0,Libya,Africa,"Middle East, North Africa, Afghanistan & Pakistan",non-Schengen,m,17
2021,2021_I,country,FALSE,LBY,1,Libya,Africa,"Middle East, North Africa, Afghanistan & Pakistan",non-Schengen,m,18_59
2021,2021_I,country,FALSE,LBY,0,Libya,Africa,"Middle East, North Africa, Afghanistan & Pakistan",non-Schengen,m,60
2021,2021_I,country,FALSE,MAR,0,Morocco,Africa,"Middle East, North Africa, Afghanistan & Pakistan",non-Schengen,m,17
2021,2021_I,country,FALSE,MAR,3,Morocco,Africa,"Middle East, North Africa, Afghanistan & Pakistan",non-Schengen,m,18_59
2021,2021_I,country,FALSE,MAR,0,Morocco,Africa,"Middle East, North Africa, Afghanistan & Pakistan",non-Schengen,m,60
2021,2021_I,country,FALSE,MDA,0,Moldova,Europe,Europe & Central Asia,non-Schengen,f,17
2021,2021_I,country,FALSE,MDA,8,Moldova,Europe,Europe & Central Asia,non-Schengen,f,18_59
2021,2021_I,country,FALSE,MDA,0,Moldova,Europe,Europe & Central Asia,non-Schengen,f,60
2021,2021_I,country,FALSE,MDA,2,Moldova,Europe,Europe & Central Asia,non-Schengen,m,17
2021,2021_I,country,FALSE,MDA,30,Moldova,Europe,Europe & Central Asia,non-Schengen,m,18_59
2021,2021_I,country,FALSE,MDA,1,Moldova,Europe,Europe & Central Asia,non-Schengen,m,60
2021,2021_I,country,FALSE,MLI,1,Mali,Africa,Sub-Saharan Africa,non-Schengen,m,17
2021,2021_I,country,FALSE,MLI,0,Mali,Africa,Sub-Saharan Africa,non-Schengen,m,18_59
2021,2021_I,country,FALSE,MLI,0,Mali,Africa,Sub-Saharan Africa,non-Schengen,m,60
2021,2021_I,country,FALSE,MNG,0,Mongolia,Asia,East Asia & Pacific,non-Schengen,f,17
2021,2021_I,country,FALSE,MNG,3,Mongolia,Asia,East Asia & Pacific,non-Schengen,f,18_59
2021,2021_I,country,FALSE,MNG,0,Mongolia,Asia,East Asia & Pacific,non-Schengen,f,60
2021,2021_I,country,FALSE,MNG,0,Mongolia,Asia,East Asia & Pacific,non-Schengen,m,17
2021,2021_I,country,FALSE,MNG,2,Mongolia,Asia,East Asia & Pacific,non-Schengen,m,18_59
2021,2021_I,country,FALSE,MNG,0,Mongolia,Asia,East Asia & Pacific,non-Schengen,m,60
2021,2021_I,country,FALSE,NGA,0,Nigeria,Africa,Sub-Saharan Africa,non-Schengen,m,17
2021,2021_I,country,FALSE,NGA,6,Nigeria,Africa,Sub-Saharan Africa,non-Schengen,m,18_59
2021,2021_I,country,FALSE,NGA,0,Nigeria,Africa,Sub-Saharan Africa,non-Schengen,m,60
2021,2021_I,country,FALSE,NZL,0,New Zealand,Oceania,East Asia & Pacific,non-Schengen,m,17
2021,2021_I,country,FALSE,NZL,1,New Zealand,Oceania,East Asia & Pacific,non-Schengen,m,18_59
2021,2021_I,country,FALSE,NZL,0,New Zealand,Oceania,East Asia & Pacific,non-Schengen,m,60
2021,2021_I,country,FALSE,PAK,0,Pakistan,Asia,"Middle East, North Africa, Afghanistan & Pakistan",non-Schengen,f,17
2021,2021_I,country,FALSE,PAK,2,Pakistan,Asia,"Middle East, North Africa, Afghanistan & Pakistan",non-Schengen,f,18_59
2021,2021_I,country,FALSE,PAK,0,Pakistan,Asia,"Middle East, North Africa, Afghanistan & Pakistan",non-Schengen,f,60
2021,2021_I,country,FALSE,PAK,0,Pakistan,Asia,"Middle East, North Africa, Afghanistan & Pakistan",non-Schengen,m,17
2021,2021_I,country,FALSE,PAK,8,Pakistan,Asia,"Middle East, North Africa, Afghanistan & Pakistan",non-Schengen,m,18_59
2021,2021_I,country,FALSE,PAK,0,Pakistan,Asia,"Middle East, North Africa, Afghanistan & Pakistan",non-Schengen,m,60
2021,2021_I,country,FALSE,PHL,0,Philippines,Asia,East Asia & Pacific,non-Schengen,m,17
2021,2021_I,country,FALSE,PHL,1,Philippines,Asia,East Asia & Pacific,non-Schengen,m,18_59
2021,2021_I,country,FALSE,PHL,0,Philippines,Asia,East Asia & Pacific,non-Schengen,m,60
2021,2021_I,country,FALSE,PSE,0,Palestinian Territories,Asia,"Middle East, North Africa, Afghanistan & Pakistan",non-Schengen,m,17
2021,2021_I,country,FALSE,PSE,1,Palestinian Territories,Asia,"Middle East, North Africa, Afghanistan & Pakistan",non-Schengen,m,18_59
2021,2021_I,country,FALSE,PSE,0,Palestinian Territories,Asia,"Middle East, North Africa, Afghanistan & Pakistan",non-Schengen,m,60
2021,2021_I,country,FALSE,RUS,16,Russia,Europe,Europe & Central Asia,non-Schengen,f,17
2021,2021_I,country,FALSE,RUS,17,Russia,Europe,Europe & Central Asia,non-Schengen,f,18_59
2021,2021_I,country,FALSE,RUS,0,Russia,Europe,Europe & Central Asia,non-Schengen,f,60
2021,2021_I,country,FALSE,RUS,13,Russia,Europe,Europe & Central Asia,non-Schengen,m,17
2021,2021_I,country,FALSE,RUS,28,Russia,Europe,Europe & Central Asia,non-Schengen,m,18_59
2021,2021_I,country,FALSE,RUS,2,Russia,Europe,Europe & Central Asia,non-Schengen,m,60
2021,2021_I,country,FALSE,SAU,0,Saudi Arabia,Asia,"Middle East, North Africa, Afghanistan & Pakistan",non-Schengen,m,17
2021,2021_I,country,FALSE,SAU,1,Saudi Arabia,Asia,"Middle East, North Africa, Afghanistan & Pakistan",non-Schengen,m,18_59
2021,2021_I,country,FALSE,SAU,0,Saudi Arabia,Asia,"Middle East, North Africa, Afghanistan & Pakistan",non-Schengen,m,60
2021,2021_I,country,FALSE,SDN,0,Sudan,Africa,Sub-Saharan Africa,non-Schengen,m,17
2021,2021_I,country,FALSE,SDN,1,Sudan,Africa,Sub-Saharan Africa,non-Schengen,m,18_59
2021,2021_I,country,FALSE,SDN,0,Sudan,Africa,Sub-Saharan Africa,non-Schengen,m,60
2021,2021_I,country,FALSE,SEN,0,Senegal,Africa,Sub-Saharan Africa,non-Schengen,m,17
2021,2021_I,country,FALSE,SEN,1,Senegal,Africa,Sub-Saharan Africa,non-Schengen,m,18_59
2021,2021_I,country,FALSE,SEN,0,Senegal,Africa,Sub-Saharan Africa,non-Schengen,m,60
2021,2021_I,country,FALSE,SOM,0,Somalia,Africa,Sub-Saharan Africa,non-Schengen,m,17
2021,2021_I,country,FALSE,SOM,1,Somalia,Africa,Sub-Saharan Africa,non-Schengen,m,18_59
2021,2021_I,country,FALSE,SOM,0,Somalia,Africa,Sub-Saharan Africa,non-Schengen,m,60
2021,2021_I,country,FALSE,SRB,0,Serbia,Europe,Europe & Central Asia,non-Schengen,m,17
2021,2021_I,country,FALSE,SRB,2,Serbia,Europe,Europe & Central Asia,non-Schengen,m,18_59
2021,2021_I,country,FALSE,SRB,1,Serbia,Europe,Europe & Central Asia,non-Schengen,m,60
2021,2021_I,country,FALSE,SVK,0,Slovakia,Europe,Europe & Central Asia,Schengen,m,17
2021,2021_I,country,FALSE,SVK,1,Slovakia,Europe,Europe & Central Asia,Schengen,m,18_59
2021,2021_I,country,FALSE,SVK,0,Slovakia,Europe,Europe & Central Asia,Schengen,m,60
2021,2021_I,country,FALSE,SYR,0,Syria,Asia,"Middle East, North Africa, Afghanistan & Pakistan",non-Schengen,f,17
2021,2021_I,country,FALSE,SYR,1,Syria,Asia,"Middle East, North Africa, Afghanistan & Pakistan",non-Schengen,f,18_59
2021,2021_I,country,FALSE,SYR,0,Syria,Asia,"Middle East, North Africa, Afghanistan & Pakistan",non-Schengen,f,60
2021,2021_I,country,FALSE,SYR,0,Syria,Asia,"Middle East, North Africa, Afghanistan & Pakistan",non-Schengen,m,17
2021,2021_I,country,FALSE,SYR,5,Syria,Asia,"Middle East, North Africa, Afghanistan & Pakistan",non-Schengen,m,18_59
2021,2021_I,country,FALSE,SYR,0,Syria,Asia,"Middle East, North Africa, Afghanistan & Pakistan",non-Schengen,m,60
2021,2021_I,country,FALSE,TJK,0,Tajikistan,Asia,Europe & Central Asia,non-Schengen,m,17
2021,2021_I,country,FALSE,TJK,2,Tajikistan,Asia,Europe & Central Asia,non-Schengen,m,18_59
2021,2021_I,country,FALSE,TJK,0,Tajikistan,Asia,Europe & Central Asia,non-Schengen,m,60
2021,2021_I,country,FALSE,TUN,0,Tunisia,Africa,"Middle East, North Africa, Afghanistan & Pakistan",non-Schengen,m,17
2021,2021_I,country,FALSE,TUN,4,Tunisia,Africa,"Middle East, North Africa, Afghanistan & Pakistan",non-Schengen,m,18_59
2021,2021_I,country,FALSE,TUN,0,Tunisia,Africa,"Middle East, North Africa, Afghanistan & Pakistan",non-Schengen,m,60
2021,2021_I,country,FALSE,TUR,0,Turkey,Asia,Europe & Central Asia,non-Schengen,m,17
2021,2021_I,country,FALSE,TUR,8,Turkey,Asia,Europe & Central Asia,non-Schengen,m,18_59
2021,2021_I,country,FALSE,TUR,0,Turkey,Asia,Europe & Central Asia,non-Schengen,m,60
2021,2021_I,country,FALSE,UKR,6,Ukraine,Europe,Europe & Central Asia,non-Schengen,f,17
2021,2021_I,country,FALSE,UKR,183,Ukraine,Europe,Europe & Central Asia,non-Schengen,f,18_59
2021,2021_I,country,FALSE,UKR,13,Ukraine,Europe,Europe & Central Asia,non-Schengen,f,60
2021,2021_I,country,FALSE,UKR,7,Ukraine,Europe,Europe & Central Asia,non-Schengen,m,17
2021,2021_I,country,FALSE,UKR,649,Ukraine,Europe,Europe & Central Asia,non-Schengen,m,18_59
2021,2021_I,country,FALSE,UKR,3,Ukraine,Europe,Europe & Central Asia,non-Schengen,m,60
2021,2021_I,country,FALSE,UNK,0,unknown,other/unknown,other/unknown,non-Schengen,m,17
2021,2021_I,country,FALSE,UNK,2,unknown,other/unknown,other/unknown,non-Schengen,m,18_59
2021,2021_I,country,FALSE,UNK,0,unknown,other/unknown,other/unknown,non-Schengen,m,60
2021,2021_I,country,FALSE,USA,0,United States,Americas,North America,non-Schengen,m,17
2021,2021_I,country,FALSE,USA,2,United States,Americas,North America,non-Schengen,m,18_59
2021,2021_I,country,FALSE,USA,0,United States,Americas,North America,non-Schengen,m,60
2021,2021_I,country,FALSE,UZB,0,Uzbekistan,Asia,Europe & Central Asia,non-Schengen,m,17
2021,2021_I,country,FALSE,UZB,17,Uzbekistan,Asia,Europe & Central Asia,non-Schengen,m,18_59
2021,2021_I,country,FALSE,UZB,0,Uzbekistan,Asia,Europe & Central Asia,non-Schengen,m,60
2021,2021_I,country,FALSE,VEN,1,Venezuela,Americas,Latin America & Caribbean,non-Schengen,f,17
2021,2021_I,country,FALSE,VEN,1,Venezuela,Americas,Latin America & Caribbean,non-Schengen,f,18_59
2021,2021_I,country,FALSE,VEN,0,Venezuela,Americas,Latin America & Caribbean,non-Schengen,f,60
2021,2021_I,country,FALSE,VNM,1,Vietnam,Asia,East Asia & Pacific,non-Schengen,f,17
2021,2021_I,country,FALSE,VNM,11,Vietnam,Asia,East Asia & Pacific,non-Schengen,f,18_59
2021,2021_I,country,FALSE,VNM,0,Vietnam,Asia,East Asia & Pacific,non-Schengen,f,60
2021,2021_I,country,FALSE,VNM,2,Vietnam,Asia,East Asia & Pacific,non-Schengen,m,17
2021,2021_I,country,FALSE,VNM,71,Vietnam,Asia,East Asia & Pacific,non-Schengen,m,18_59
2021,2021_I,country,FALSE,VNM,0,Vietnam,Asia,East Asia & Pacific,non-Schengen,m,60
2021,2021_I,country,FALSE,XXX,1,Stateless,other/unknown,other/unknown,non-Schengen,f,17
2021,2021_I,country,FALSE,XXX,0,Stateless,other/unknown,other/unknown,non-Schengen,f,18_59
2021,2021_I,country,FALSE,XXX,0,Stateless,other/unknown,other/unknown,non-Schengen,f,60
2021,2021_I,country,FALSE,XXX,0,Stateless,other/unknown,other/unknown,non-Schengen,m,17
2021,2021_I,country,FALSE,XXX,3,Stateless,other/unknown,other/unknown,non-Schengen,m,18_59
2021,2021_I,country,FALSE,XXX,0,Stateless,other/unknown,other/unknown,non-Schengen,m,60
2021,2021_I,country,FALSE,ZWE,0,Zimbabwe,Africa,Sub-Saharan Africa,non-Schengen,f,17
2021,2021_I,country,FALSE,ZWE,1,Zimbabwe,Africa,Sub-Saharan Africa,non-Schengen,f,18_59
2021,2021_I,country,FALSE,ZWE,0,Zimbabwe,Africa,Sub-Saharan Africa,non-Schengen,f,60
2021,2021_I,country,FALSE,ZWE,0,Zimbabwe,Africa,Sub-Saharan Africa,non-Schengen,m,17
2021,2021_I,country,FALSE,ZWE,4,Zimbabwe,Africa,Sub-Saharan Africa,non-Schengen,m,18_59
2021,2021_I,country,FALSE,ZWE,0,Zimbabwe,Africa,Sub-Saharan Africa,non-Schengen,m,60
2021,2021_I,country,TRUE,AFG,0,Afghanistan,Asia,"Middle East, North Africa, Afghanistan & Pakistan",non-Schengen,m,17
2021,2021_I,country,TRUE,AFG,2,Afghanistan,Asia,"Middle East, North Africa, Afghanistan & Pakistan",non-Schengen,m,18_59
2021,2021_I,country,TRUE,AFG,0,Afghanistan,Asia,"Middle East, North Africa, Afghanistan & Pakistan",non-Schengen,m,60
2021,2021_I,country,TRUE,PSE,0,Palestinian Territories,Asia,"Middle East, North Africa, Afghanistan & Pakistan",non-Schengen,m,17
2021,2021_I,country,TRUE,PSE,2,Palestinian Territories,Asia,"Middle East, North Africa, Afghanistan & Pakistan",non-Schengen,m,18_59
2021,2021_I,country,TRUE,PSE,0,Palestinian Territories,Asia,"Middle East, North Africa, Afghanistan & Pakistan",non-Schengen,m,60
2021,2021_I,country,TRUE,UKR,0,Ukraine,Europe,Europe & Central Asia,non-Schengen,m,17
2021,2021_I,country,TRUE,UKR,1,Ukraine,Europe,Europe & Central Asia,non-Schengen,m,18_59
2021,2021_I,country,TRUE,UKR,0,Ukraine,Europe,Europe & Central Asia,non-Schengen,m,60
2021,2021_I,country,TRUE,VNM,0,Vietnam,Asia,East Asia & Pacific,non-Schengen,m,17
2021,2021_I,country,TRUE,VNM,1,Vietnam,Asia,East Asia & Pacific,non-Schengen,m,18_59
2021,2021_I,country,TRUE,VNM,0,Vietnam,Asia,East Asia & Pacific,non-Schengen,m,60
2021,2021_I,external air,FALSE,ALB,0,Albania,Europe,Europe & Central Asia,non-Schengen,m,17
2021,2021_I,external air,FALSE,ALB,1,Albania,Europe,Europe & Central Asia,non-Schengen,m,18_59
2021,2021_I,external air,FALSE,ALB,0,Albania,Europe,Europe & Central Asia,non-Schengen,m,60
2021,2021_I,external air,FALSE,ARM,0,Armenia,Asia,Europe & Central Asia,non-Schengen,m,17
2021,2021_I,external air,FALSE,ARM,2,Armenia,Asia,Europe & Central Asia,non-Schengen,m,18_59
2021,2021_I,external air,FALSE,ARM,0,Armenia,Asia,Europe & Central Asia,non-Schengen,m,60
2021,2021_I,external air,FALSE,AZE,0,Azerbaijan,Asia,Europe & Central Asia,non-Schengen,m,17
2021,2021_I,external air,FALSE,AZE,1,Azerbaijan,Asia,Europe & Central Asia,non-Schengen,m,18_59
2021,2021_I,external air,FALSE,AZE,0,Azerbaijan,Asia,Europe & Central Asia,non-Schengen,m,60
2021,2021_I,external air,FALSE,BLR,0,Belarus,Europe,Europe & Central Asia,non-Schengen,m,17
2021,2021_I,external air,FALSE,BLR,2,Belarus,Europe,Europe & Central Asia,non-Schengen,m,18_59
2021,2021_I,external air,FALSE,BLR,0,Belarus,Europe,Europe & Central Asia,non-Schengen,m,60
2021,2021_I,external air,FALSE,CAN,0,Canada,Americas,North America,non-Schengen,f,17
2021,2021_I,external air,FALSE,CAN,1,Canada,Americas,North America,non-Schengen,f,18_59
2021,2021_I,external air,FALSE,CAN,0,Canada,Americas,North America,non-Schengen,f,60
2021,2021_I,external air,FALSE,CHN,0,China,Asia,East Asia & Pacific,non-Schengen,f,17
2021,2021_I,external air,FALSE,CHN,4,China,Asia,East Asia & Pacific,non-Schengen,f,18_59
2021,2021_I,external air,FALSE,CHN,0,China,Asia,East Asia & Pacific,non-Schengen,f,60
2021,2021_I,external air,FALSE,CHN,0,China,Asia,East Asia & Pacific,non-Schengen,m,17
2021,2021_I,external air,FALSE,CHN,4,China,Asia,East Asia & Pacific,non-Schengen,m,18_59
2021,2021_I,external air,FALSE,CHN,0,China,Asia,East Asia & Pacific,non-Schengen,m,60
2021,2021_I,external air,FALSE,GBR,0,United Kingdom,Europe,Europe & Central Asia,non-Schengen,m,17
2021,2021_I,external air,FALSE,GBR,2,United Kingdom,Europe,Europe & Central Asia,non-Schengen,m,18_59
2021,2021_I,external air,FALSE,GBR,0,United Kingdom,Europe,Europe & Central Asia,non-Schengen,m,60
2021,2021_I,external air,FALSE,GEO,0,Georgia,Asia,Europe & Central Asia,non-Schengen,f,17
2021,2021_I,external air,FALSE,GEO,10,Georgia,Asia,Europe & Central Asia,non-Schengen,f,18_59
2021,2021_I,external air,FALSE,GEO,1,Georgia,Asia,Europe & Central Asia,non-Schengen,f,60
2021,2021_I,external air,FALSE,GEO,0,Georgia,Asia,Europe & Central Asia,non-Schengen,m,17
2021,2021_I,external air,FALSE,GEO,66,Georgia,Asia,Europe & Central Asia,non-Schengen,m,18_59
2021,2021_I,external air,FALSE,GEO,0,Georgia,Asia,Europe & Central Asia,non-Schengen,m,60
2021,2021_I,external air,FALSE,IND,1,India,Asia,South Asia,non-Schengen,m,17
2021,2021_I,external air,FALSE,IND,6,India,Asia,South Asia,non-Schengen,m,18_59
2021,2021_I,external air,FALSE,IND,0,India,Asia,South Asia,non-Schengen,m,60
2021,2021_I,external air,FALSE,KAZ,0,Kazakhstan,Asia,Europe & Central Asia,non-Schengen,f,17
2021,2021_I,external air,FALSE,KAZ,1,Kazakhstan,Asia,Europe & Central Asia,non-Schengen,f,18_59
2021,2021_I,external air,FALSE,KAZ,0,Kazakhstan,Asia,Europe & Central Asia,non-Schengen,f,60
2021,2021_I,external air,FALSE,KAZ,0,Kazakhstan,Asia,Europe & Central Asia,non-Schengen,m,17
2021,2021_I,external air,FALSE,KAZ,2,Kazakhstan,Asia,Europe & Central Asia,non-Schengen,m,18_59
2021,2021_I,external air,FALSE,KAZ,0,Kazakhstan,Asia,Europe & Central Asia,non-Schengen,m,60
2021,2021_I,external air,FALSE,MDA,0,Moldova,Europe,Europe & Central Asia,non-Schengen,m,17
2021,2021_I,external air,FALSE,MDA,1,Moldova,Europe,Europe & Central Asia,non-Schengen,m,18_59
2021,2021_I,external air,FALSE,MDA,0,Moldova,Europe,Europe & Central Asia,non-Schengen,m,60
2021,2021_I,external air,FALSE,MOZ,0,Mozambique,Africa,Sub-Saharan Africa,non-Schengen,m,17
2021,2021_I,external air,FALSE,MOZ,1,Mozambique,Africa,Sub-Saharan Africa,non-Schengen,m,18_59
2021,2021_I,external air,FALSE,MOZ,0,Mozambique,Africa,Sub-Saharan Africa,non-Schengen,m,60
2021,2021_I,external air,FALSE,NPL,0,Nepal,Asia,South Asia,non-Schengen,m,17
2021,2021_I,external air,FALSE,NPL,3,Nepal,Asia,South Asia,non-Schengen,m,18_59
2021,2021_I,external air,FALSE,NPL,0,Nepal,Asia,South Asia,non-Schengen,m,60
2021,2021_I,external air,FALSE,PAK,0,Pakistan,Asia,"Middle East, North Africa, Afghanistan & Pakistan",non-Schengen,m,17
2021,2021_I,external air,FALSE,PAK,1,Pakistan,Asia,"Middle East, North Africa, Afghanistan & Pakistan",non-Schengen,m,18_59
2021,2021_I,external air,FALSE,PAK,0,Pakistan,Asia,"Middle East, North Africa, Afghanistan & Pakistan",non-Schengen,m,60
2021,2021_I,external air,FALSE,RUS,0,Russia,Europe,Europe & Central Asia,non-Schengen,f,17
2021,2021_I,external air,FALSE,RUS,0,Russia,Europe,Europe & Central Asia,non-Schengen,f,18_59
2021,2021_I,external air,FALSE,RUS,1,Russia,Europe,Europe & Central Asia,non-Schengen,f,60
2021,2021_I,external air,FALSE,RUS,0,Russia,Europe,Europe & Central Asia,non-Schengen,m,17
2021,2021_I,external air,FALSE,RUS,6,Russia,Europe,Europe & Central Asia,non-Schengen,m,18_59
2021,2021_I,external air,FALSE,RUS,0,Russia,Europe,Europe & Central Asia,non-Schengen,m,60
2021,2021_I,external air,FALSE,SAU,0,Saudi Arabia,Asia,"Middle East, North Africa, Afghanistan & Pakistan",non-Schengen,m,17
2021,2021_I,external air,FALSE,SAU,1,Saudi Arabia,Asia,"Middle East, North Africa, Afghanistan & Pakistan",non-Schengen,m,18_59
2021,2021_I,external air,FALSE,SAU,0,Saudi Arabia,Asia,"Middle East, North Africa, Afghanistan & Pakistan",non-Schengen,m,60
2021,2021_I,external air,FALSE,TJK,0,Tajikistan,Asia,Europe & Central Asia,non-Schengen,m,17
2021,2021_I,external air,FALSE,TJK,2,Tajikistan,Asia,Europe & Central Asia,non-Schengen,m,18_59
2021,2021_I,external air,FALSE,TJK,0,Tajikistan,Asia,Europe & Central Asia,non-Schengen,m,60
2021,2021_I,external air,FALSE,TUR,0,Turkey,Asia,Europe & Central Asia,non-Schengen,f,17
2021,2021_I,external air,FALSE,TUR,0,Turkey,Asia,Europe & Central Asia,non-Schengen,f,18_59
2021,2021_I,external air,FALSE,TUR,1,Turkey,Asia,Europe & Central Asia,non-Schengen,f,60
2021,2021_I,external air,FALSE,TUR,0,Turkey,Asia,Europe & Central Asia,non-Schengen,m,17
2021,2021_I,external air,FALSE,TUR,2,Turkey,Asia,Europe & Central Asia,non-Schengen,m,18_59
2021,2021_I,external air,FALSE,TUR,0,Turkey,Asia,Europe & Central Asia,non-Schengen,m,60
2021,2021_I,external air,FALSE,UKR,2,Ukraine,Europe,Europe & Central Asia,non-Schengen,f,17
2021,2021_I,external air,FALSE,UKR,30,Ukraine,Europe,Europe & Central Asia,non-Schengen,f,18_59
2021,2021_I,external air,FALSE,UKR,1,Ukraine,Europe,Europe & Central Asia,non-Schengen,f,60
2021,2021_I,external air,FALSE,UKR,2,Ukraine,Europe,Europe & Central Asia,non-Schengen,m,17
2021,2021_I,external air,FALSE,UKR,57,Ukraine,Europe,Europe & Central Asia,non-Schengen,m,18_59
2021,2021_I,external air,FALSE,UKR,1,Ukraine,Europe,Europe & Central Asia,non-Schengen,m,60
2021,2021_I,external air,FALSE,UZB,0,Uzbekistan,Asia,Europe & Central Asia,non-Schengen,m,17
2021,2021_I,external air,FALSE,UZB,5,Uzbekistan,Asia,Europe & Central Asia,non-Schengen,m,18_59
2021,2021_I,external air,FALSE,UZB,0,Uzbekistan,Asia,Europe & Central Asia,non-Schengen,m,60
2021,2021_I,external air,FALSE,VNM,0,Vietnam,Asia,East Asia & Pacific,non-Schengen,m,17
2021,2021_I,external air,FALSE,VNM,5,Vietnam,Asia,East Asia & Pacific,non-Schengen,m,18_59
2021,2021_I,external air,FALSE,VNM,0,Vietnam,Asia,East Asia & Pacific,non-Schengen,m,60
2021,2021_II,Belarus,FALSE,BLR,1,Belarus,Europe,Europe & Central Asia,non-Schengen,f,17
2021,2021_II,Belarus,FALSE,BLR,8,Belarus,Europe,Europe & Central Asia,non-Schengen,f,18_59
2021,2021_II,Belarus,FALSE,BLR,1,Belarus,Europe,Europe & Central Asia,non-Schengen,f,60
2021,2021_II,Belarus,FALSE,BLR,3,Belarus,Europe,Europe & Central Asia,non-Schengen,m,17
2021,2021_II,Belarus,FALSE,BLR,51,Belarus,Europe,Europe & Central Asia,non-Schengen,m,18_59
2021,2021_II,Belarus,FALSE,BLR,0,Belarus,Europe,Europe & Central Asia,non-Schengen,m,60
2021,2021_II,Belarus,FALSE,CUB,0,Cuba,Americas,Latin America & Caribbean,non-Schengen,m,17
2021,2021_II,Belarus,FALSE,CUB,1,Cuba,Americas,Latin America & Caribbean,non-Schengen,m,18_59
2021,2021_II,Belarus,FALSE,CUB,0,Cuba,Americas,Latin America & Caribbean,non-Schengen,m,60
2021,2021_II,Belarus,FALSE,KAZ,0,Kazakhstan,Asia,Europe & Central Asia,non-Schengen,f,17
2021,2021_II,Belarus,FALSE,KAZ,1,Kazakhstan,Asia,Europe & Central Asia,non-Schengen,f,18_59
2021,2021_II,Belarus,FALSE,KAZ,0,Kazakhstan,Asia,Europe & Central Asia,non-Schengen,f,60
2021,2021_II,Belarus,FALSE,KAZ,0,Kazakhstan,Asia,Europe & Central Asia,non-Schengen,m,17
2021,2021_II,Belarus,FALSE,KAZ,1,Kazakhstan,Asia,Europe & Central Asia,non-Schengen,m,18_59
2021,2021_II,Belarus,FALSE,KAZ,0,Kazakhstan,Asia,Europe & Central Asia,non-Schengen,m,60
2021,2021_II,Belarus,FALSE,RUS,8,Russia,Europe,Europe & Central Asia,non-Schengen,f,17
2021,2021_II,Belarus,FALSE,RUS,13,Russia,Europe,Europe & Central Asia,non-Schengen,f,18_59
2021,2021_II,Belarus,FALSE,RUS,1,Russia,Europe,Europe & Central Asia,non-Schengen,f,60
2021,2021_II,Belarus,FALSE,RUS,12,Russia,Europe,Europe & Central Asia,non-Schengen,m,17
2021,2021_II,Belarus,FALSE,RUS,18,Russia,Europe,Europe & Central Asia,non-Schengen,m,18_59
2021,2021_II,Belarus,FALSE,RUS,0,Russia,Europe,Europe & Central Asia,non-Schengen,m,60
2021,2021_II,Belarus,FALSE,SYR,0,Syria,Asia,"Middle East, North Africa, Afghanistan & Pakistan",non-Schengen,f,17
2021,2021_II,Belarus,FALSE,SYR,1,Syria,Asia,"Middle East, North Africa, Afghanistan & Pakistan",non-Schengen,f,18_59
2021,2021_II,Belarus,FALSE,SYR,0,Syria,Asia,"Middle East, North Africa, Afghanistan & Pakistan",non-Schengen,f,60
2021,2021_II,Belarus,FALSE,TUR,0,Turkey,Asia,Europe & Central Asia,non-Schengen,m,17
2021,2021_II,Belarus,FALSE,TUR,3,Turkey,Asia,Europe & Central Asia,non-Schengen,m,18_59
2021,2021_II,Belarus,FALSE,TUR,0,Turkey,Asia,Europe & Central Asia,non-Schengen,m,60
2021,2021_II,Belarus,FALSE,UKR,0,Ukraine,Europe,Europe & Central Asia,non-Schengen,m,17
2021,2021_II,Belarus,FALSE,UKR,1,Ukraine,Europe,Europe & Central Asia,non-Schengen,m,18_59
2021,2021_II,Belarus,FALSE,UKR,0,Ukraine,Europe,Europe & Central Asia,non-Schengen,m,60
2021,2021_II,Belarus,FALSE,UZB,0,Uzbekistan,Asia,Europe & Central Asia,non-Schengen,m,17
2021,2021_II,Belarus,FALSE,UZB,1,Uzbekistan,Asia,Europe & Central Asia,non-Schengen,m,18_59
2021,2021_II,Belarus,FALSE,UZB,0,Uzbekistan,Asia,Europe & Central Asia,non-Schengen,m,60
2021,2021_II,Belarus,FALSE,XXX,1,Stateless,other/unknown,other/unknown,non-Schengen,f,17
2021,2021_II,Belarus,FALSE,XXX,2,Stateless,other/unknown,other/unknown,non-Schengen,f,18_59
2021,2021_II,Belarus,FALSE,XXX,0,Stateless,other/unknown,other/unknown,non-Schengen,f,60
2021,2021_II,Belarus,FALSE,XXX,0,Stateless,other/unknown,other/unknown,non-Schengen,m,17
2021,2021_II,Belarus,FALSE,XXX,2,Stateless,other/unknown,other/unknown,non-Schengen,m,18_59
2021,2021_II,Belarus,FALSE,XXX,0,Stateless,other/unknown,other/unknown,non-Schengen,m,60
2021,2021_II,Russia,FALSE,RUS,0,Russia,Europe,Europe & Central Asia,non-Schengen,f,17
2021,2021_II,Russia,FALSE,RUS,1,Russia,Europe,Europe & Central Asia,non-Schengen,f,18_59
2021,2021_II,Russia,FALSE,RUS,0,Russia,Europe,Europe & Central Asia,non-Schengen,f,60
2021,2021_II,Russia,FALSE,RUS,0,Russia,Europe,Europe & Central Asia,non-Schengen,m,17
2021,2021_II,Russia,FALSE,RUS,2,Russia,Europe,Europe & Central Asia,non-Schengen,m,18_59
2021,2021_II,Russia,FALSE,RUS,0,Russia,Europe,Europe & Central Asia,non-Schengen,m,60
2021,2021_II,Russia,FALSE,UKR,0,Ukraine,Europe,Europe & Central Asia,non-Schengen,m,17
2021,2021_II,Russia,FALSE,UKR,1,Ukraine,Europe,Europe & Central Asia,non-Schengen,m,18_59
2021,2021_II,Russia,FALSE,UKR,0,Ukraine,Europe,Europe & Central Asia,non-Schengen,m,60
2021,2021_II,Ukraine,FALSE,AZE,0,Azerbaijan,Asia,Europe & Central Asia,non-Schengen,m,17
2021,2021_II,Ukraine,FALSE,AZE,2,Azerbaijan,Asia,Europe & Central Asia,non-Schengen,m,18_59
2021,2021_II,Ukraine,FALSE,AZE,0,Azerbaijan,Asia,Europe & Central Asia,non-Schengen,m,60
2021,2021_II,Ukraine,FALSE,GEO,0,Georgia,Asia,Europe & Central Asia,non-Schengen,m,17
2021,2021_II,Ukraine,FALSE,GEO,7,Georgia,Asia,Europe & Central Asia,non-Schengen,m,18_59
2021,2021_II,Ukraine,FALSE,GEO,0,Georgia,Asia,Europe & Central Asia,non-Schengen,m,60
2021,2021_II,Ukraine,FALSE,KAZ,0,Kazakhstan,Asia,Europe & Central Asia,non-Schengen,m,17
2021,2021_II,Ukraine,FALSE,KAZ,1,Kazakhstan,Asia,Europe & Central Asia,non-Schengen,m,18_59
2021,2021_II,Ukraine,FALSE,KAZ,0,Kazakhstan,Asia,Europe & Central Asia,non-Schengen,m,60
2021,2021_II,Ukraine,FALSE,KHM,0,Cambodia,Asia,East Asia & Pacific,non-Schengen,m,17
2021,2021_II,Ukraine,FALSE,KHM,1,Cambodia,Asia,East Asia & Pacific,non-Schengen,m,18_59
2021,2021_II,Ukraine,FALSE,KHM,0,Cambodia,Asia,East Asia & Pacific,non-Schengen,m,60
2021,2021_II,Ukraine,FALSE,MDA,0,Moldova,Europe,Europe & Central Asia,non-Schengen,f,17
2021,2021_II,Ukraine,FALSE,MDA,12,Moldova,Europe,Europe & Central Asia,non-Schengen,f,18_59
2021,2021_II,Ukraine,FALSE,MDA,0,Moldova,Europe,Europe & Central Asia,non-Schengen,f,60
2021,2021_II,Ukraine,FALSE,MDA,0,Moldova,Europe,Europe & Central Asia,non-Schengen,m,17
2021,2021_II,Ukraine,FALSE,MDA,42,Moldova,Europe,Europe & Central Asia,non-Schengen,m,18_59
2021,2021_II,Ukraine,FALSE,MDA,0,Moldova,Europe,Europe & Central Asia,non-Schengen,m,60
2021,2021_II,Ukraine,FALSE,MDG,0,Madagascar,Africa,Sub-Saharan Africa,non-Schengen,m,17
2021,2021_II,Ukraine,FALSE,MDG,1,Madagascar,Africa,Sub-Saharan Africa,non-Schengen,m,18_59
2021,2021_II,Ukraine,FALSE,MDG,0,Madagascar,Africa,Sub-Saharan Africa,non-Schengen,m,60
2021,2021_II,Ukraine,FALSE,RUS,0,Russia,Europe,Europe & Central Asia,non-Schengen,m,17
2021,2021_II,Ukraine,FALSE,RUS,2,Russia,Europe,Europe & Central Asia,non-Schengen,m,18_59
2021,2021_II,Ukraine,FALSE,RUS,0,Russia,Europe,Europe & Central Asia,non-Schengen,m,60
2021,2021_II,Ukraine,FALSE,SRB,0,Serbia,Europe,Europe & Central Asia,non-Schengen,m,17
2021,2021_II,Ukraine,FALSE,SRB,2,Serbia,Europe,Europe & Central Asia,non-Schengen,m,18_59
2021,2021_II,Ukraine,FALSE,SRB,0,Serbia,Europe,Europe & Central Asia,non-Schengen,m,60
2021,2021_II,Ukraine,FALSE,TJK,0,Tajikistan,Asia,Europe & Central Asia,non-Schengen,m,17
2021,2021_II,Ukraine,FALSE,TJK,1,Tajikistan,Asia,Europe & Central Asia,non-Schengen,m,18_59
2021,2021_II,Ukraine,FALSE,TJK,0,Tajikistan,Asia,Europe & Central Asia,non-Schengen,m,60
2021,2021_II,Ukraine,FALSE,TUR,0,Turkey,Asia,Europe & Central Asia,non-Schengen,m,17
2021,2021_II,Ukraine,FALSE,TUR,3,Turkey,Asia,Europe & Central Asia,non-Schengen,m,18_59
2021,2021_II,Ukraine,FALSE,TUR,0,Turkey,Asia,Europe & Central Asia,non-Schengen,m,60
2021,2021_II,Ukraine,FALSE,UKR,2,Ukraine,Europe,Europe & Central Asia,non-Schengen,f,17
2021,2021_II,Ukraine,FALSE,UKR,271,Ukraine,Europe,Europe & Central Asia,non-Schengen,f,18_59
2021,2021_II,Ukraine,FALSE,UKR,33,Ukraine,Europe,Europe & Central Asia,non-Schengen,f,60
2021,2021_II,Ukraine,FALSE,UKR,5,Ukraine,Europe,Europe & Central Asia,non-Schengen,m,17
2021,2021_II,Ukraine,FALSE,UKR,1129,Ukraine,Europe,Europe & Central Asia,non-Schengen,m,18_59
2021,2021_II,Ukraine,FALSE,UKR,7,Ukraine,Europe,Europe & Central Asia,non-Schengen,m,60
2021,2021_II,Ukraine,FALSE,UZB,0,Uzbekistan,Asia,Europe & Central Asia,non-Schengen,m,17
2021,2021_II,Ukraine,FALSE,UZB,1,Uzbekistan,Asia,Europe & Central Asia,non-Schengen,m,18_59
2021,2021_II,Ukraine,FALSE,UZB,0,Uzbekistan,Asia,Europe & Central Asia,non-Schengen,m,60
2021,2021_II,country,FALSE,AFG,0,Afghanistan,Asia,"Middle East, North Africa, Afghanistan & Pakistan",non-Schengen,f,17
2021,2021_II,country,FALSE,AFG,1,Afghanistan,Asia,"Middle East, North Africa, Afghanistan & Pakistan",non-Schengen,f,18_59
2021,2021_II,country,FALSE,AFG,0,Afghanistan,Asia,"Middle East, North Africa, Afghanistan & Pakistan",non-Schengen,f,60
2021,2021_II,country,FALSE,AFG,2,Afghanistan,Asia,"Middle East, North Africa, Afghanistan & Pakistan",non-Schengen,m,17
2021,2021_II,country,FALSE,AFG,17,Afghanistan,Asia,"Middle East, North Africa, Afghanistan & Pakistan",non-Schengen,m,18_59
2021,2021_II,country,FALSE,AFG,0,Afghanistan,Asia,"Middle East, North Africa, Afghanistan & Pakistan",non-Schengen,m,60
2021,2021_II,country,FALSE,ALB,0,Albania,Europe,Europe & Central Asia,non-Schengen,m,17
2021,2021_II,country,FALSE,ALB,3,Albania,Europe,Europe & Central Asia,non-Schengen,m,18_59
2021,2021_II,country,FALSE,ALB,0,Albania,Europe,Europe & Central Asia,non-Schengen,m,60
2021,2021_II,country,FALSE,ARM,1,Armenia,Asia,Europe & Central Asia,non-Schengen,f,17
2021,2021_II,country,FALSE,ARM,0,Armenia,Asia,Europe & Central Asia,non-Schengen,f,18_59
2021,2021_II,country,FALSE,ARM,0,Armenia,Asia,Europe & Central Asia,non-Schengen,f,60
2021,2021_II,country,FALSE,ARM,0,Armenia,Asia,Europe & Central Asia,non-Schengen,m,17
2021,2021_II,country,FALSE,ARM,9,Armenia,Asia,Europe & Central Asia,non-Schengen,m,18_59
2021,2021_II,country,FALSE,ARM,0,Armenia,Asia,Europe & Central Asia,non-Schengen,m,60
2021,2021_II,country,FALSE,AUT,1,Austria,Europe,Europe & Central Asia,Schengen,f,17
2021,2021_II,country,FALSE,AUT,0,Austria,Europe,Europe & Central Asia,Schengen,f,18_59
2021,2021_II,country,FALSE,AUT,0,Austria,Europe,Europe & Central Asia,Schengen,f,60
2021,2021_II,country,FALSE,AZE,0,Azerbaijan,Asia,Europe & Central Asia,non-Schengen,m,17
2021,2021_II,country,FALSE,AZE,13,Azerbaijan,Asia,Europe & Central Asia,non-Schengen,m,18_59
2021,2021_II,country,FALSE,AZE,0,Azerbaijan,Asia,Europe & Central Asia,non-Schengen,m,60
2021,2021_II,country,FALSE,BGD,0,Bangladesh,Asia,South Asia,non-Schengen,m,17
2021,2021_II,country,FALSE,BGD,10,Bangladesh,Asia,South Asia,non-Schengen,m,18_59
2021,2021_II,country,FALSE,BGD,0,Bangladesh,Asia,South Asia,non-Schengen,m,60
2021,2021_II,country,FALSE,BGR,0,Bulgaria,Europe,Europe & Central Asia,non-Schengen,m,17
2021,2021_II,country,FALSE,BGR,3,Bulgaria,Europe,Europe & Central Asia,non-Schengen,m,18_59
2021,2021_II,country,FALSE,BGR,0,Bulgaria,Europe,Europe & Central Asia,non-Schengen,m,60
2021,2021_II,country,FALSE,BIH,0,Bosnia & Herzegovina,Europe,Europe & Central Asia,non-Schengen,m,17
2021,2021_II,country,FALSE,BIH,1,Bosnia & Herzegovina,Europe,Europe & Central Asia,non-Schengen,m,18_59
2021,2021_II,country,FALSE,BIH,0,Bosnia & Herzegovina,Europe,Europe & Central Asia,non-Schengen,m,60
2021,2021_II,country,FALSE,BLR,0,Belarus,Europe,Europe & Central Asia,non-Schengen,f,17
2021,2021_II,country,FALSE,BLR,4,Belarus,Europe,Europe & Central Asia,non-Schengen,f,18_59
2021,2021_II,country,FALSE,BLR,0,Belarus,Europe,Europe & Central Asia,non-Schengen,f,60
2021,2021_II,country,FALSE,BLR,0,Belarus,Europe,Europe & Central Asia,non-Schengen,m,17
2021,2021_II,country,FALSE,BLR,38,Belarus,Europe,Europe & Central Asia,non-Schengen,m,18_59
2021,2021_II,country,FALSE,BLR,1,Belarus,Europe,Europe & Central Asia,non-Schengen,m,60
2021,2021_II,country,FALSE,BRA,0,Brazil,Americas,Latin America & Caribbean,non-Schengen,m,17
2021,2021_II,country,FALSE,BRA,1,Brazil,Americas,Latin America & Caribbean,non-Schengen,m,18_59
2021,2021_II,country,FALSE,BRA,0,Brazil,Americas,Latin America & Caribbean,non-Schengen,m,60
2021,2021_II,country,FALSE,CAN,0,Canada,Americas,North America,non-Schengen,m,17
2021,2021_II,country,FALSE,CAN,1,Canada,Americas,North America,non-Schengen,m,18_59
2021,2021_II,country,FALSE,CAN,0,Canada,Americas,North America,non-Schengen,m,60
2021,2021_II,country,FALSE,CHE,0,Switzerland,Europe,Europe & Central Asia,Schengen,m,17
2021,2021_II,country,FALSE,CHE,1,Switzerland,Europe,Europe & Central Asia,Schengen,m,18_59
2021,2021_II,country,FALSE,CHE,0,Switzerland,Europe,Europe & Central Asia,Schengen,m,60
2021,2021_II,country,FALSE,CHN,0,China,Asia,East Asia & Pacific,non-Schengen,f,17
2021,2021_II,country,FALSE,CHN,1,China,Asia,East Asia & Pacific,non-Schengen,f,18_59
2021,2021_II,country,FALSE,CHN,0,China,Asia,East Asia & Pacific,non-Schengen,f,60
2021,2021_II,country,FALSE,CHN,0,China,Asia,East Asia & Pacific,non-Schengen,m,17
2021,2021_II,country,FALSE,CHN,5,China,Asia,East Asia & Pacific,non-Schengen,m,18_59
2021,2021_II,country,FALSE,CHN,0,China,Asia,East Asia & Pacific,non-Schengen,m,60
2021,2021_II,country,FALSE,CMR,0,Cameroon,Africa,Sub-Saharan Africa,non-Schengen,m,17
2021,2021_II,country,FALSE,CMR,2,Cameroon,Africa,Sub-Saharan Africa,non-Schengen,m,18_59
2021,2021_II,country,FALSE,CMR,0,Cameroon,Africa,Sub-Saharan Africa,non-Schengen,m,60
2021,2021_II,country,FALSE,COD,0,Congo - Kinshasa,Africa,Sub-Saharan Africa,non-Schengen,m,17
2021,2021_II,country,FALSE,COD,0,Congo - Kinshasa,Africa,Sub-Saharan Africa,non-Schengen,m,18_59
2021,2021_II,country,FALSE,COD,1,Congo - Kinshasa,Africa,Sub-Saharan Africa,non-Schengen,m,60
2021,2021_II,country,FALSE,CUB,0,Cuba,Americas,Latin America & Caribbean,non-Schengen,m,17
2021,2021_II,country,FALSE,CUB,1,Cuba,Americas,Latin America & Caribbean,non-Schengen,m,18_59
2021,2021_II,country,FALSE,CUB,0,Cuba,Americas,Latin America & Caribbean,non-Schengen,m,60
2021,2021_II,country,FALSE,DOM,0,Dominican Republic,Americas,Latin America & Caribbean,non-Schengen,m,17
2021,2021_II,country,FALSE,DOM,1,Dominican Republic,Americas,Latin America & Caribbean,non-Schengen,m,18_59
2021,2021_II,country,FALSE,DOM,0,Dominican Republic,Americas,Latin America & Caribbean,non-Schengen,m,60
2021,2021_II,country,FALSE,DZA,1,Algeria,Africa,"Middle East, North Africa, Afghanistan & Pakistan",non-Schengen,m,17
2021,2021_II,country,FALSE,DZA,15,Algeria,Africa,"Middle East, North Africa, Afghanistan & Pakistan",non-Schengen,m,18_59
2021,2021_II,country,FALSE,DZA,0,Algeria,Africa,"Middle East, North Africa, Afghanistan & Pakistan",non-Schengen,m,60
2021,2021_II,country,FALSE,EGY,0,Egypt,Africa,"Middle East, North Africa, Afghanistan & Pakistan",non-Schengen,m,17
2021,2021_II,country,FALSE,EGY,13,Egypt,Africa,"Middle East, North Africa, Afghanistan & Pakistan",non-Schengen,m,18_59
2021,2021_II,country,FALSE,EGY,0,Egypt,Africa,"Middle East, North Africa, Afghanistan & Pakistan",non-Schengen,m,60
2021,2021_II,country,FALSE,ERI,0,Eritrea,Africa,Sub-Saharan Africa,non-Schengen,m,17
2021,2021_II,country,FALSE,ERI,1,Eritrea,Africa,Sub-Saharan Africa,non-Schengen,m,18_59
2021,2021_II,country,FALSE,ERI,0,Eritrea,Africa,Sub-Saharan Africa,non-Schengen,m,60
2021,2021_II,country,FALSE,ETH,0,Ethiopia,Africa,Sub-Saharan Africa,non-Schengen,m,17
2021,2021_II,country,FALSE,ETH,1,Ethiopia,Africa,Sub-Saharan Africa,non-Schengen,m,18_59
2021,2021_II,country,FALSE,ETH,0,Ethiopia,Africa,Sub-Saharan Africa,non-Schengen,m,60
2021,2021_II,country,FALSE,GBR,0,United Kingdom,Europe,Europe & Central Asia,non-Schengen,m,17
2021,2021_II,country,FALSE,GBR,4,United Kingdom,Europe,Europe & Central Asia,non-Schengen,m,18_59
2021,2021_II,country,FALSE,GBR,0,United Kingdom,Europe,Europe & Central Asia,non-Schengen,m,60
2021,2021_II,country,FALSE,GEO,0,Georgia,Asia,Europe & Central Asia,non-Schengen,f,17
2021,2021_II,country,FALSE,GEO,11,Georgia,Asia,Europe & Central Asia,non-Schengen,f,18_59
2021,2021_II,country,FALSE,GEO,0,Georgia,Asia,Europe & Central Asia,non-Schengen,f,60
2021,2021_II,country,FALSE,GEO,0,Georgia,Asia,Europe & Central Asia,non-Schengen,m,17
2021,2021_II,country,FALSE,GEO,190,Georgia,Asia,Europe & Central Asia,non-Schengen,m,18_59
2021,2021_II,country,FALSE,GEO,0,Georgia,Asia,Europe & Central Asia,non-Schengen,m,60
2021,2021_II,country,FALSE,GNB,0,Guinea-Bissau,Africa,Sub-Saharan Africa,non-Schengen,m,17
2021,2021_II,country,FALSE,GNB,1,Guinea-Bissau,Africa,Sub-Saharan Africa,non-Schengen,m,18_59
2021,2021_II,country,FALSE,GNB,0,Guinea-Bissau,Africa,Sub-Saharan Africa,non-Schengen,m,60
2021,2021_II,country,FALSE,IDN,0,Indonesia,Asia,East Asia & Pacific,non-Schengen,m,17
2021,2021_II,country,FALSE,IDN,1,Indonesia,Asia,East Asia & Pacific,non-Schengen,m,18_59
2021,2021_II,country,FALSE,IDN,0,Indonesia,Asia,East Asia & Pacific,non-Schengen,m,60
2021,2021_II,country,FALSE,IND,0,India,Asia,South Asia,non-Schengen,f,17
2021,2021_II,country,FALSE,IND,1,India,Asia,South Asia,non-Schengen,f,18_59
2021,2021_II,country,FALSE,IND,0,India,Asia,South Asia,non-Schengen,f,60
2021,2021_II,country,FALSE,IND,0,India,Asia,South Asia,non-Schengen,m,17
2021,2021_II,country,FALSE,IND,34,India,Asia,South Asia,non-Schengen,m,18_59
2021,2021_II,country,FALSE,IND,0,India,Asia,South Asia,non-Schengen,m,60
2021,2021_II,country,FALSE,IRN,0,Iran,Asia,"Middle East, North Africa, Afghanistan & Pakistan",non-Schengen,f,17
2021,2021_II,country,FALSE,IRN,1,Iran,Asia,"Middle East, North Africa, Afghanistan & Pakistan",non-Schengen,f,18_59
2021,2021_II,country,FALSE,IRN,0,Iran,Asia,"Middle East, North Africa, Afghanistan & Pakistan",non-Schengen,f,60
2021,2021_II,country,FALSE,IRN,0,Iran,Asia,"Middle East, North Africa, Afghanistan & Pakistan",non-Schengen,m,17
2021,2021_II,country,FALSE,IRN,8,Iran,Asia,"Middle East, North Africa, Afghanistan & Pakistan",non-Schengen,m,18_59
2021,2021_II,country,FALSE,IRN,0,Iran,Asia,"Middle East, North Africa, Afghanistan & Pakistan",non-Schengen,m,60
2021,2021_II,country,FALSE,IRQ,3,Iraq,Asia,"Middle East, North Africa, Afghanistan & Pakistan",non-Schengen,f,17
2021,2021_II,country,FALSE,IRQ,7,Iraq,Asia,"Middle East, North Africa, Afghanistan & Pakistan",non-Schengen,f,18_59
2021,2021_II,country,FALSE,IRQ,0,Iraq,Asia,"Middle East, North Africa, Afghanistan & Pakistan",non-Schengen,f,60
2021,2021_II,country,FALSE,IRQ,6,Iraq,Asia,"Middle East, North Africa, Afghanistan & Pakistan",non-Schengen,m,17
2021,2021_II,country,FALSE,IRQ,111,Iraq,Asia,"Middle East, North Africa, Afghanistan & Pakistan",non-Schengen,m,18_59
2021,2021_II,country,FALSE,IRQ,0,Iraq,Asia,"Middle East, North Africa, Afghanistan & Pakistan",non-Schengen,m,60
2021,2021_II,country,FALSE,KAZ,0,Kazakhstan,Asia,Europe & Central Asia,non-Schengen,f,17
2021,2021_II,country,FALSE,KAZ,1,Kazakhstan,Asia,Europe & Central Asia,non-Schengen,f,18_59
2021,2021_II,country,FALSE,KAZ,0,Kazakhstan,Asia,Europe & Central Asia,non-Schengen,f,60
2021,2021_II,country,FALSE,KAZ,0,Kazakhstan,Asia,Europe & Central Asia,non-Schengen,m,17
2021,2021_II,country,FALSE,KAZ,1,Kazakhstan,Asia,Europe & Central Asia,non-Schengen,m,18_59
2021,2021_II,country,FALSE,KAZ,0,Kazakhstan,Asia,Europe & Central Asia,non-Schengen,m,60
2021,2021_II,country,FALSE,KGZ,0,Kyrgyzstan,Asia,Europe & Central Asia,non-Schengen,m,17
2021,2021_II,country,FALSE,KGZ,2,Kyrgyzstan,Asia,Europe & Central Asia,non-Schengen,m,18_59
2021,2021_II,country,FALSE,KGZ,0,Kyrgyzstan,Asia,Europe & Central Asia,non-Schengen,m,60
2021,2021_II,country,FALSE,KOR,0,South Korea,Asia,East Asia & Pacific,non-Schengen,m,17
2021,2021_II,country,FALSE,KOR,2,South Korea,Asia,East Asia & Pacific,non-Schengen,m,18_59
2021,2021_II,country,FALSE,KOR,0,South Korea,Asia,East Asia & Pacific,non-Schengen,m,60
2021,2021_II,country,FALSE,LBN,0,Lebanon,Asia,"Middle East, North Africa, Afghanistan & Pakistan",non-Schengen,m,17
2021,2021_II,country,FALSE,LBN,4,Lebanon,Asia,"Middle East, North Africa, Afghanistan & Pakistan",non-Schengen,m,18_59
2021,2021_II,country,FALSE,LBN,0,Lebanon,Asia,"Middle East, North Africa, Afghanistan & Pakistan",non-Schengen,m,60
2021,2021_II,country,FALSE,LBY,0,Libya,Africa,"Middle East, North Africa, Afghanistan & Pakistan",non-Schengen,f,17
2021,2021_II,country,FALSE,LBY,1,Libya,Africa,"Middle East, North Africa, Afghanistan & Pakistan",non-Schengen,f,18_59
2021,2021_II,country,FALSE,LBY,0,Libya,Africa,"Middle East, North Africa, Afghanistan & Pakistan",non-Schengen,f,60
2021,2021_II,country,FALSE,LKA,0,Sri Lanka,Asia,South Asia,non-Schengen,f,17
2021,2021_II,country,FALSE,LKA,1,Sri Lanka,Asia,South Asia,non-Schengen,f,18_59
2021,2021_II,country,FALSE,LKA,0,Sri Lanka,Asia,South Asia,non-Schengen,f,60
2021,2021_II,country,FALSE,LKA,1,Sri Lanka,Asia,South Asia,non-Schengen,m,17
2021,2021_II,country,FALSE,LKA,4,Sri Lanka,Asia,South Asia,non-Schengen,m,18_59
2021,2021_II,country,FALSE,LKA,0,Sri Lanka,Asia,South Asia,non-Schengen,m,60
2021,2021_II,country,FALSE,MAR,0,Morocco,Africa,"Middle East, North Africa, Afghanistan & Pakistan",non-Schengen,f,17
2021,2021_II,country,FALSE,MAR,0,Morocco,Africa,"Middle East, North Africa, Afghanistan & Pakistan",non-Schengen,f,18_59
2021,2021_II,country,FALSE,MAR,1,Morocco,Africa,"Middle East, North Africa, Afghanistan & Pakistan",non-Schengen,f,60
2021,2021_II,country,FALSE,MAR,0,Morocco,Africa,"Middle East, North Africa, Afghanistan & Pakistan",non-Schengen,m,17
2021,2021_II,country,FALSE,MAR,11,Morocco,Africa,"Middle East, North Africa, Afghanistan & Pakistan",non-Schengen,m,18_59
2021,2021_II,country,FALSE,MAR,0,Morocco,Africa,"Middle East, North Africa, Afghanistan & Pakistan",non-Schengen,m,60
2021,2021_II,country,FALSE,MDA,1,Moldova,Europe,Europe & Central Asia,non-Schengen,f,17
2021,2021_II,country,FALSE,MDA,10,Moldova,Europe,Europe & Central Asia,non-Schengen,f,18_59
2021,2021_II,country,FALSE,MDA,0,Moldova,Europe,Europe & Central Asia,non-Schengen,f,60
2021,2021_II,country,FALSE,MDA,0,Moldova,Europe,Europe & Central Asia,non-Schengen,m,17
2021,2021_II,country,FALSE,MDA,45,Moldova,Europe,Europe & Central Asia,non-Schengen,m,18_59
2021,2021_II,country,FALSE,MDA,0,Moldova,Europe,Europe & Central Asia,non-Schengen,m,60
2021,2021_II,country,FALSE,MLI,0,Mali,Africa,Sub-Saharan Africa,non-Schengen,m,17
2021,2021_II,country,FALSE,MLI,1,Mali,Africa,Sub-Saharan Africa,non-Schengen,m,18_59
2021,2021_II,country,FALSE,MLI,0,Mali,Africa,Sub-Saharan Africa,non-Schengen,m,60
2021,2021_II,country,FALSE,MNG,0,Mongolia,Asia,East Asia & Pacific,non-Schengen,f,17
2021,2021_II,country,FALSE,MNG,1,Mongolia,Asia,East Asia & Pacific,non-Schengen,f,18_59
2021,2021_II,country,FALSE,MNG,0,Mongolia,Asia,East Asia & Pacific,non-Schengen,f,60
2021,2021_II,country,FALSE,MNG,0,Mongolia,Asia,East Asia & Pacific,non-Schengen,m,17
2021,2021_II,country,FALSE,MNG,3,Mongolia,Asia,East Asia & Pacific,non-Schengen,m,18_59
2021,2021_II,country,FALSE,MNG,0,Mongolia,Asia,East Asia & Pacific,non-Schengen,m,60
2021,2021_II,country,FALSE,NGA,0,Nigeria,Africa,Sub-Saharan Africa,non-Schengen,f,17
2021,2021_II,country,FALSE,NGA,1,Nigeria,Africa,Sub-Saharan Africa,non-Schengen,f,18_59
2021,2021_II,country,FALSE,NGA,0,Nigeria,Africa,Sub-Saharan Africa,non-Schengen,f,60
2021,2021_II,country,FALSE,NGA,0,Nigeria,Africa,Sub-Saharan Africa,non-Schengen,m,17
2021,2021_II,country,FALSE,NGA,6,Nigeria,Africa,Sub-Saharan Africa,non-Schengen,m,18_59
2021,2021_II,country,FALSE,NGA,0,Nigeria,Africa,Sub-Saharan Africa,non-Schengen,m,60
2021,2021_II,country,FALSE,NPL,1,Nepal,Asia,South Asia,non-Schengen,f,17
2021,2021_II,country,FALSE,NPL,0,Nepal,Asia,South Asia,non-Schengen,f,18_59
2021,2021_II,country,FALSE,NPL,0,Nepal,Asia,South Asia,non-Schengen,f,60
2021,2021_II,country,FALSE,NPL,0,Nepal,Asia,South Asia,non-Schengen,m,17
2021,2021_II,country,FALSE,NPL,3,Nepal,Asia,South Asia,non-Schengen,m,18_59
2021,2021_II,country,FALSE,NPL,0,Nepal,Asia,South Asia,non-Schengen,m,60
2021,2021_II,country,FALSE,PAK,0,Pakistan,Asia,"Middle East, North Africa, Afghanistan & Pakistan",non-Schengen,f,17
2021,2021_II,country,FALSE,PAK,1,Pakistan,Asia,"Middle East, North Africa, Afghanistan & Pakistan",non-Schengen,f,18_59
2021,2021_II,country,FALSE,PAK,0,Pakistan,Asia,"Middle East, North Africa, Afghanistan & Pakistan",non-Schengen,f,60
2021,2021_II,country,FALSE,PAK,0,Pakistan,Asia,"Middle East, North Africa, Afghanistan & Pakistan",non-Schengen,m,17
2021,2021_II,country,FALSE,PAK,8,Pakistan,Asia,"Middle East, North Africa, Afghanistan & Pakistan",non-Schengen,m,18_59
2021,2021_II,country,FALSE,PAK,0,Pakistan,Asia,"Middle East, North Africa, Afghanistan & Pakistan",non-Schengen,m,60
2021,2021_II,country,FALSE,PSE,0,Palestinian Territories,Asia,"Middle East, North Africa, Afghanistan & Pakistan",non-Schengen,f,17
2021,2021_II,country,FALSE,PSE,1,Palestinian Territories,Asia,"Middle East, North Africa, Afghanistan & Pakistan",non-Schengen,f,18_59
2021,2021_II,country,FALSE,PSE,0,Palestinian Territories,Asia,"Middle East, North Africa, Afghanistan & Pakistan",non-Schengen,f,60
2021,2021_II,country,FALSE,PSE,1,Palestinian Territories,Asia,"Middle East, North Africa, Afghanistan & Pakistan",non-Schengen,m,17
2021,2021_II,country,FALSE,PSE,5,Palestinian Territories,Asia,"Middle East, North Africa, Afghanistan & Pakistan",non-Schengen,m,18_59
2021,2021_II,country,FALSE,PSE,0,Palestinian Territories,Asia,"Middle East, North Africa, Afghanistan & Pakistan",non-Schengen,m,60
2021,2021_II,country,FALSE,ROU,0,Romania,Europe,Europe & Central Asia,non-Schengen,f,17
2021,2021_II,country,FALSE,ROU,1,Romania,Europe,Europe & Central Asia,non-Schengen,f,18_59
2021,2021_II,country,FALSE,ROU,0,Romania,Europe,Europe & Central Asia,non-Schengen,f,60
2021,2021_II,country,FALSE,ROU,0,Romania,Europe,Europe & Central Asia,non-Schengen,m,17
2021,2021_II,country,FALSE,ROU,1,Romania,Europe,Europe & Central Asia,non-Schengen,m,18_59
2021,2021_II,country,FALSE,ROU,0,Romania,Europe,Europe & Central Asia,non-Schengen,m,60
2021,2021_II,country,FALSE,RUS,6,Russia,Europe,Europe & Central Asia,non-Schengen,f,17
2021,2021_II,country,FALSE,RUS,11,Russia,Europe,Europe & Central Asia,non-Schengen,f,18_59
2021,2021_II,country,FALSE,RUS,2,Russia,Europe,Europe & Central Asia,non-Schengen,f,60
2021,2021_II,country,FALSE,RUS,5,Russia,Europe,Europe & Central Asia,non-Schengen,m,17
2021,2021_II,country,FALSE,RUS,27,Russia,Europe,Europe & Central Asia,non-Schengen,m,18_59
2021,2021_II,country,FALSE,RUS,1,Russia,Europe,Europe & Central Asia,non-Schengen,m,60
2021,2021_II,country,FALSE,RWA,0,Rwanda,Africa,Sub-Saharan Africa,non-Schengen,m,17
2021,2021_II,country,FALSE,RWA,1,Rwanda,Africa,Sub-Saharan Africa,non-Schengen,m,18_59
2021,2021_II,country,FALSE,RWA,0,Rwanda,Africa,Sub-Saharan Africa,non-Schengen,m,60
2021,2021_II,country,FALSE,SAU,0,Saudi Arabia,Asia,"Middle East, North Africa, Afghanistan & Pakistan",non-Schengen,m,17
2021,2021_II,country,FALSE,SAU,1,Saudi Arabia,Asia,"Middle East, North Africa, Afghanistan & Pakistan",non-Schengen,m,18_59
2021,2021_II,country,FALSE,SAU,0,Saudi Arabia,Asia,"Middle East, North Africa, Afghanistan & Pakistan",non-Schengen,m,60
2021,2021_II,country,FALSE,SEN,1,Senegal,Africa,Sub-Saharan Africa,non-Schengen,f,17
2021,2021_II,country,FALSE,SEN,1,Senegal,Africa,Sub-Saharan Africa,non-Schengen,f,18_59
2021,2021_II,country,FALSE,SEN,0,Senegal,Africa,Sub-Saharan Africa,non-Schengen,f,60
2021,2021_II,country,FALSE,SOM,0,Somalia,Africa,Sub-Saharan Africa,non-Schengen,m,17
2021,2021_II,country,FALSE,SOM,2,Somalia,Africa,Sub-Saharan Africa,non-Schengen,m,18_59
2021,2021_II,country,FALSE,SOM,0,Somalia,Africa,Sub-Saharan Africa,non-Schengen,m,60
2021,2021_II,country,FALSE,SRB,0,Serbia,Europe,Europe & Central Asia,non-Schengen,m,17
2021,2021_II,country,FALSE,SRB,2,Serbia,Europe,Europe & Central Asia,non-Schengen,m,18_59
2021,2021_II,country,FALSE,SRB,0,Serbia,Europe,Europe & Central Asia,non-Schengen,m,60
2021,2021_II,country,FALSE,SYR,1,Syria,Asia,"Middle East, North Africa, Afghanistan & Pakistan",non-Schengen,f,17
2021,2021_II,country,FALSE,SYR,1,Syria,Asia,"Middle East, North Africa, Afghanistan & Pakistan",non-Schengen,f,18_59
2021,2021_II,country,FALSE,SYR,0,Syria,Asia,"Middle East, North Africa, Afghanistan & Pakistan",non-Schengen,f,60
2021,2021_II,country,FALSE,SYR,2,Syria,Asia,"Middle East, North Africa, Afghanistan & Pakistan",non-Schengen,m,17
2021,2021_II,country,FALSE,SYR,109,Syria,Asia,"Middle East, North Africa, Afghanistan & Pakistan",non-Schengen,m,18_59
2021,2021_II,country,FALSE,SYR,0,Syria,Asia,"Middle East, North Africa, Afghanistan & Pakistan",non-Schengen,m,60
2021,2021_II,country,FALSE,TJK,1,Tajikistan,Asia,Europe & Central Asia,non-Schengen,f,17
2021,2021_II,country,FALSE,TJK,1,Tajikistan,Asia,Europe & Central Asia,non-Schengen,f,18_59
2021,2021_II,country,FALSE,TJK,0,Tajikistan,Asia,Europe & Central Asia,non-Schengen,f,60
2021,2021_II,country,FALSE,TJK,0,Tajikistan,Asia,Europe & Central Asia,non-Schengen,m,17
2021,2021_II,country,FALSE,TJK,18,Tajikistan,Asia,Europe & Central Asia,non-Schengen,m,18_59
2021,2021_II,country,FALSE,TJK,0,Tajikistan,Asia,Europe & Central Asia,non-Schengen,m,60
2021,2021_II,country,FALSE,TKM,0,Turkmenistan,Asia,Europe & Central Asia,non-Schengen,m,17
2021,2021_II,country,FALSE,TKM,2,Turkmenistan,Asia,Europe & Central Asia,non-Schengen,m,18_59
2021,2021_II,country,FALSE,TKM,0,Turkmenistan,Asia,Europe & Central Asia,non-Schengen,m,60
2021,2021_II,country,FALSE,TUN,0,Tunisia,Africa,"Middle East, North Africa, Afghanistan & Pakistan",non-Schengen,m,17
2021,2021_II,country,FALSE,TUN,5,Tunisia,Africa,"Middle East, North Africa, Afghanistan & Pakistan",non-Schengen,m,18_59
2021,2021_II,country,FALSE,TUN,0,Tunisia,Africa,"Middle East, North Africa, Afghanistan & Pakistan",non-Schengen,m,60
2021,2021_II,country,FALSE,TUR,0,Turkey,Asia,Europe & Central Asia,non-Schengen,f,17
2021,2021_II,country,FALSE,TUR,2,Turkey,Asia,Europe & Central Asia,non-Schengen,f,18_59
2021,2021_II,country,FALSE,TUR,0,Turkey,Asia,Europe & Central Asia,non-Schengen,f,60
2021,2021_II,country,FALSE,TUR,0,Turkey,Asia,Europe & Central Asia,non-Schengen,m,17
2021,2021_II,country,FALSE,TUR,32,Turkey,Asia,Europe & Central Asia,non-Schengen,m,18_59
2021,2021_II,country,FALSE,TUR,0,Turkey,Asia,Europe & Central Asia,non-Schengen,m,60
2021,2021_II,country,FALSE,UKR,2,Ukraine,Europe,Europe & Central Asia,non-Schengen,f,17
2021,2021_II,country,FALSE,UKR,130,Ukraine,Europe,Europe & Central Asia,non-Schengen,f,18_59
2021,2021_II,country,FALSE,UKR,13,Ukraine,Europe,Europe & Central Asia,non-Schengen,f,60
2021,2021_II,country,FALSE,UKR,1,Ukraine,Europe,Europe & Central Asia,non-Schengen,m,17
2021,2021_II,country,FALSE,UKR,631,Ukraine,Europe,Europe & Central Asia,non-Schengen,m,18_59
2021,2021_II,country,FALSE,UKR,2,Ukraine,Europe,Europe & Central Asia,non-Schengen,m,60
2021,2021_II,country,FALSE,UNK,1,unknown,other/unknown,other/unknown,non-Schengen,f,17
2021,2021_II,country,FALSE,UNK,0,unknown,other/unknown,other/unknown,non-Schengen,f,18_59
2021,2021_II,country,FALSE,UNK,0,unknown,other/unknown,other/unknown,non-Schengen,f,60
2021,2021_II,country,FALSE,UNK,0,unknown,other/unknown,other/unknown,non-Schengen,m,17
2021,2021_II,country,FALSE,UNK,3,unknown,other/unknown,other/unknown,non-Schengen,m,18_59
2021,2021_II,country,FALSE,UNK,0,unknown,other/unknown,other/unknown,non-Schengen,m,60
2021,2021_II,country,FALSE,USA,0,United States,Americas,North America,non-Schengen,m,17
2021,2021_II,country,FALSE,USA,1,United States,Americas,North America,non-Schengen,m,18_59
2021,2021_II,country,FALSE,USA,0,United States,Americas,North America,non-Schengen,m,60
2021,2021_II,country,FALSE,UZB,0,Uzbekistan,Asia,Europe & Central Asia,non-Schengen,m,17
2021,2021_II,country,FALSE,UZB,33,Uzbekistan,Asia,Europe & Central Asia,non-Schengen,m,18_59
2021,2021_II,country,FALSE,UZB,0,Uzbekistan,Asia,Europe & Central Asia,non-Schengen,m,60
2021,2021_II,country,FALSE,VEN,0,Venezuela,Americas,Latin America & Caribbean,non-Schengen,m,17
2021,2021_II,country,FALSE,VEN,1,Venezuela,Americas,Latin America & Caribbean,non-Schengen,m,18_59
2021,2021_II,country,FALSE,VEN,0,Venezuela,Americas,Latin America & Caribbean,non-Schengen,m,60
2021,2021_II,country,FALSE,VNM,2,Vietnam,Asia,East Asia & Pacific,non-Schengen,f,17
2021,2021_II,country,FALSE,VNM,3,Vietnam,Asia,East Asia & Pacific,non-Schengen,f,18_59
2021,2021_II,country,FALSE,VNM,0,Vietnam,Asia,East Asia & Pacific,non-Schengen,f,60
2021,2021_II,country,FALSE,VNM,0,Vietnam,Asia,East Asia & Pacific,non-Schengen,m,17
2021,2021_II,country,FALSE,VNM,32,Vietnam,Asia,East Asia & Pacific,non-Schengen,m,18_59
2021,2021_II,country,FALSE,VNM,0,Vietnam,Asia,East Asia & Pacific,non-Schengen,m,60
2021,2021_II,country,FALSE,XXX,0,Stateless,other/unknown,other/unknown,non-Schengen,m,17
2021,2021_II,country,FALSE,XXX,6,Stateless,other/unknown,other/unknown,non-Schengen,m,18_59
2021,2021_II,country,FALSE,XXX,0,Stateless,other/unknown,other/unknown,non-Schengen,m,60
2021,2021_II,country,FALSE,YEM,0,Yemen,Asia,"Middle East, North Africa, Afghanistan & Pakistan",non-Schengen,m,17
2021,2021_II,country,FALSE,YEM,3,Yemen,Asia,"Middle East, North Africa, Afghanistan & Pakistan",non-Schengen,m,18_59
2021,2021_II,country,FALSE,YEM,0,Yemen,Asia,"Middle East, North Africa, Afghanistan & Pakistan",non-Schengen,m,60
2021,2021_II,country,FALSE,ZWE,0,Zimbabwe,Africa,Sub-Saharan Africa,non-Schengen,f,17
2021,2021_II,country,FALSE,ZWE,2,Zimbabwe,Africa,Sub-Saharan Africa,non-Schengen,f,18_59
2021,2021_II,country,FALSE,ZWE,0,Zimbabwe,Africa,Sub-Saharan Africa,non-Schengen,f,60
2021,2021_II,country,FALSE,ZWE,0,Zimbabwe,Africa,Sub-Saharan Africa,non-Schengen,m,17
2021,2021_II,country,FALSE,ZWE,3,Zimbabwe,Africa,Sub-Saharan Africa,non-Schengen,m,18_59
2021,2021_II,country,FALSE,ZWE,0,Zimbabwe,Africa,Sub-Saharan Africa,non-Schengen,m,60
2021,2021_II,country,TRUE,IRQ,0,Iraq,Asia,"Middle East, North Africa, Afghanistan & Pakistan",non-Schengen,m,17
2021,2021_II,country,TRUE,IRQ,1,Iraq,Asia,"Middle East, North Africa, Afghanistan & Pakistan",non-Schengen,m,18_59
2021,2021_II,country,TRUE,IRQ,0,Iraq,Asia,"Middle East, North Africa, Afghanistan & Pakistan",non-Schengen,m,60
2021,2021_II,country,TRUE,SYR,0,Syria,Asia,"Middle East, North Africa, Afghanistan & Pakistan",non-Schengen,m,17
2021,2021_II,country,TRUE,SYR,1,Syria,Asia,"Middle East, North Africa, Afghanistan & Pakistan",non-Schengen,m,18_59
2021,2021_II,country,TRUE,SYR,0,Syria,Asia,"Middle East, North Africa, Afghanistan & Pakistan",non-Schengen,m,60
2021,2021_II,country,TRUE,UKR,0,Ukraine,Europe,Europe & Central Asia,non-Schengen,m,17
2021,2021_II,country,TRUE,UKR,4,Ukraine,Europe,Europe & Central Asia,non-Schengen,m,18_59
2021,2021_II,country,TRUE,UKR,0,Ukraine,Europe,Europe & Central Asia,non-Schengen,m,60
2021,2021_II,external air,FALSE,AFG,0,Afghanistan,Asia,"Middle East, North Africa, Afghanistan & Pakistan",non-Schengen,f,17
2021,2021_II,external air,FALSE,AFG,1,Afghanistan,Asia,"Middle East, North Africa, Afghanistan & Pakistan",non-Schengen,f,18_59
2021,2021_II,external air,FALSE,AFG,0,Afghanistan,Asia,"Middle East, North Africa, Afghanistan & Pakistan",non-Schengen,f,60
2021,2021_II,external air,FALSE,AFG,0,Afghanistan,Asia,"Middle East, North Africa, Afghanistan & Pakistan",non-Schengen,m,17
2021,2021_II,external air,FALSE,AFG,1,Afghanistan,Asia,"Middle East, North Africa, Afghanistan & Pakistan",non-Schengen,m,18_59
2021,2021_II,external air,FALSE,AFG,0,Afghanistan,Asia,"Middle East, North Africa, Afghanistan & Pakistan",non-Schengen,m,60
2021,2021_II,external air,FALSE,ALB,0,Albania,Europe,Europe & Central Asia,non-Schengen,m,17
2021,2021_II,external air,FALSE,ALB,4,Albania,Europe,Europe & Central Asia,non-Schengen,m,18_59
2021,2021_II,external air,FALSE,ALB,0,Albania,Europe,Europe & Central Asia,non-Schengen,m,60
2021,2021_II,external air,FALSE,ARM,0,Armenia,Asia,Europe & Central Asia,non-Schengen,f,17
2021,2021_II,external air,FALSE,ARM,2,Armenia,Asia,Europe & Central Asia,non-Schengen,f,18_59
2021,2021_II,external air,FALSE,ARM,0,Armenia,Asia,Europe & Central Asia,non-Schengen,f,60
2021,2021_II,external air,FALSE,ARM,0,Armenia,Asia,Europe & Central Asia,non-Schengen,m,17
2021,2021_II,external air,FALSE,ARM,5,Armenia,Asia,Europe & Central Asia,non-Schengen,m,18_59
2021,2021_II,external air,FALSE,ARM,0,Armenia,Asia,Europe & Central Asia,non-Schengen,m,60
2021,2021_II,external air,FALSE,AZE,0,Azerbaijan,Asia,Europe & Central Asia,non-Schengen,m,17
2021,2021_II,external air,FALSE,AZE,4,Azerbaijan,Asia,Europe & Central Asia,non-Schengen,m,18_59
2021,2021_II,external air,FALSE,AZE,0,Azerbaijan,Asia,Europe & Central Asia,non-Schengen,m,60
2021,2021_II,external air,FALSE,BLR,0,Belarus,Europe,Europe & Central Asia,non-Schengen,f,17
2021,2021_II,external air,FALSE,BLR,1,Belarus,Europe,Europe & Central Asia,non-Schengen,f,18_59
2021,2021_II,external air,FALSE,BLR,0,Belarus,Europe,Europe & Central Asia,non-Schengen,f,60
2021,2021_II,external air,FALSE,BLR,0,Belarus,Europe,Europe & Central Asia,non-Schengen,m,17
2021,2021_II,external air,FALSE,BLR,2,Belarus,Europe,Europe & Central Asia,non-Schengen,m,18_59
2021,2021_II,external air,FALSE,BLR,0,Belarus,Europe,Europe & Central Asia,non-Schengen,m,60
2021,2021_II,external air,FALSE,BWA,0,Botswana,Africa,Sub-Saharan Africa,non-Schengen,f,17
2021,2021_II,external air,FALSE,BWA,1,Botswana,Africa,Sub-Saharan Africa,non-Schengen,f,18_59
2021,2021_II,external air,FALSE,BWA,0,Botswana,Africa,Sub-Saharan Africa,non-Schengen,f,60
2021,2021_II,external air,FALSE,CHN,0,China,Asia,East Asia & Pacific,non-Schengen,f,17
2021,2021_II,external air,FALSE,CHN,4,China,Asia,East Asia & Pacific,non-Schengen,f,18_59
2021,2021_II,external air,FALSE,CHN,0,China,Asia,East Asia & Pacific,non-Schengen,f,60
2021,2021_II,external air,FALSE,CHN,0,China,Asia,East Asia & Pacific,non-Schengen,m,17
2021,2021_II,external air,FALSE,CHN,15,China,Asia,East Asia & Pacific,non-Schengen,m,18_59
2021,2021_II,external air,FALSE,CHN,0,China,Asia,East Asia & Pacific,non-Schengen,m,60
2021,2021_II,external air,FALSE,GBR,0,United Kingdom,Europe,Europe & Central Asia,non-Schengen,f,17
2021,2021_II,external air,FALSE,GBR,2,United Kingdom,Europe,Europe & Central Asia,non-Schengen,f,18_59
2021,2021_II,external air,FALSE,GBR,0,United Kingdom,Europe,Europe & Central Asia,non-Schengen,f,60
2021,2021_II,external air,FALSE,GBR,0,United Kingdom,Europe,Europe & Central Asia,non-Schengen,m,17
2021,2021_II,external air,FALSE,GBR,4,United Kingdom,Europe,Europe & Central Asia,non-Schengen,m,18_59
2021,2021_II,external air,FALSE,GBR,0,United Kingdom,Europe,Europe & Central Asia,non-Schengen,m,60
2021,2021_II,external air,FALSE,GEO,0,Georgia,Asia,Europe & Central Asia,non-Schengen,f,17
2021,2021_II,external air,FALSE,GEO,51,Georgia,Asia,Europe & Central Asia,non-Schengen,f,18_59
2021,2021_II,external air,FALSE,GEO,6,Georgia,Asia,Europe & Central Asia,non-Schengen,f,60
2021,2021_II,external air,FALSE,GEO,1,Georgia,Asia,Europe & Central Asia,non-Schengen,m,17
2021,2021_II,external air,FALSE,GEO,234,Georgia,Asia,Europe & Central Asia,non-Schengen,m,18_59
2021,2021_II,external air,FALSE,GEO,0,Georgia,Asia,Europe & Central Asia,non-Schengen,m,60
2021,2021_II,external air,FALSE,IDN,0,Indonesia,Asia,East Asia & Pacific,non-Schengen,m,17
2021,2021_II,external air,FALSE,IDN,1,Indonesia,Asia,East Asia & Pacific,non-Schengen,m,18_59
2021,2021_II,external air,FALSE,IDN,0,Indonesia,Asia,East Asia & Pacific,non-Schengen,m,60
2021,2021_II,external air,FALSE,IND,0,India,Asia,South Asia,non-Schengen,m,17
2021,2021_II,external air,FALSE,IND,6,India,Asia,South Asia,non-Schengen,m,18_59
2021,2021_II,external air,FALSE,IND,0,India,Asia,South Asia,non-Schengen,m,60
2021,2021_II,external air,FALSE,IRN,0,Iran,Asia,"Middle East, North Africa, Afghanistan & Pakistan",non-Schengen,m,17
2021,2021_II,external air,FALSE,IRN,2,Iran,Asia,"Middle East, North Africa, Afghanistan & Pakistan",non-Schengen,m,18_59
2021,2021_II,external air,FALSE,IRN,0,Iran,Asia,"Middle East, North Africa, Afghanistan & Pakistan",non-Schengen,m,60
2021,2021_II,external air,FALSE,IRQ,0,Iraq,Asia,"Middle East, North Africa, Afghanistan & Pakistan",non-Schengen,m,17
2021,2021_II,external air,FALSE,IRQ,2,Iraq,Asia,"Middle East, North Africa, Afghanistan & Pakistan",non-Schengen,m,18_59
2021,2021_II,external air,FALSE,IRQ,0,Iraq,Asia,"Middle East, North Africa, Afghanistan & Pakistan",non-Schengen,m,60
2021,2021_II,external air,FALSE,JOR,0,Jordan,Asia,"Middle East, North Africa, Afghanistan & Pakistan",non-Schengen,m,17
2021,2021_II,external air,FALSE,JOR,1,Jordan,Asia,"Middle East, North Africa, Afghanistan & Pakistan",non-Schengen,m,18_59
2021,2021_II,external air,FALSE,JOR,0,Jordan,Asia,"Middle East, North Africa, Afghanistan & Pakistan",non-Schengen,m,60
2021,2021_II,external air,FALSE,KAZ,0,Kazakhstan,Asia,Europe & Central Asia,non-Schengen,f,17
2021,2021_II,external air,FALSE,KAZ,1,Kazakhstan,Asia,Europe & Central Asia,non-Schengen,f,18_59
2021,2021_II,external air,FALSE,KAZ,0,Kazakhstan,Asia,Europe & Central Asia,non-Schengen,f,60
2021,2021_II,external air,FALSE,KAZ,0,Kazakhstan,Asia,Europe & Central Asia,non-Schengen,m,17
2021,2021_II,external air,FALSE,KAZ,1,Kazakhstan,Asia,Europe & Central Asia,non-Schengen,m,18_59
2021,2021_II,external air,FALSE,KAZ,0,Kazakhstan,Asia,Europe & Central Asia,non-Schengen,m,60
2021,2021_II,external air,FALSE,KOR,0,South Korea,Asia,East Asia & Pacific,non-Schengen,m,17
2021,2021_II,external air,FALSE,KOR,1,South Korea,Asia,East Asia & Pacific,non-Schengen,m,18_59
2021,2021_II,external air,FALSE,KOR,0,South Korea,Asia,East Asia & Pacific,non-Schengen,m,60
2021,2021_II,external air,FALSE,MDA,0,Moldova,Europe,Europe & Central Asia,non-Schengen,f,17
2021,2021_II,external air,FALSE,MDA,2,Moldova,Europe,Europe & Central Asia,non-Schengen,f,18_59
2021,2021_II,external air,FALSE,MDA,0,Moldova,Europe,Europe & Central Asia,non-Schengen,f,60
2021,2021_II,external air,FALSE,MDA,0,Moldova,Europe,Europe & Central Asia,non-Schengen,m,17
2021,2021_II,external air,FALSE,MDA,6,Moldova,Europe,Europe & Central Asia,non-Schengen,m,18_59
2021,2021_II,external air,FALSE,MDA,0,Moldova,Europe,Europe & Central Asia,non-Schengen,m,60
2021,2021_II,external air,FALSE,NPL,0,Nepal,Asia,South Asia,non-Schengen,m,17
2021,2021_II,external air,FALSE,NPL,2,Nepal,Asia,South Asia,non-Schengen,m,18_59
2021,2021_II,external air,FALSE,NPL,0,Nepal,Asia,South Asia,non-Schengen,m,60
2021,2021_II,external air,FALSE,PHL,0,Philippines,Asia,East Asia & Pacific,non-Schengen,f,17
2021,2021_II,external air,FALSE,PHL,1,Philippines,Asia,East Asia & Pacific,non-Schengen,f,18_59
2021,2021_II,external air,FALSE,PHL,0,Philippines,Asia,East Asia & Pacific,non-Schengen,f,60
2021,2021_II,external air,FALSE,RUS,0,Russia,Europe,Europe & Central Asia,non-Schengen,f,17
2021,2021_II,external air,FALSE,RUS,1,Russia,Europe,Europe & Central Asia,non-Schengen,f,18_59
2021,2021_II,external air,FALSE,RUS,0,Russia,Europe,Europe & Central Asia,non-Schengen,f,60
2021,2021_II,external air,FALSE,RUS,0,Russia,Europe,Europe & Central Asia,non-Schengen,m,17
2021,2021_II,external air,FALSE,RUS,3,Russia,Europe,Europe & Central Asia,non-Schengen,m,18_59
2021,2021_II,external air,FALSE,RUS,0,Russia,Europe,Europe & Central Asia,non-Schengen,m,60
2021,2021_II,external air,FALSE,SRB,0,Serbia,Europe,Europe & Central Asia,non-Schengen,f,17
2021,2021_II,external air,FALSE,SRB,1,Serbia,Europe,Europe & Central Asia,non-Schengen,f,18_59
2021,2021_II,external air,FALSE,SRB,0,Serbia,Europe,Europe & Central Asia,non-Schengen,f,60
2021,2021_II,external air,FALSE,SYR,0,Syria,Asia,"Middle East, North Africa, Afghanistan & Pakistan",non-Schengen,m,17
2021,2021_II,external air,FALSE,SYR,2,Syria,Asia,"Middle East, North Africa, Afghanistan & Pakistan",non-Schengen,m,18_59
2021,2021_II,external air,FALSE,SYR,0,Syria,Asia,"Middle East, North Africa, Afghanistan & Pakistan",non-Schengen,m,60
2021,2021_II,external air,FALSE,THA,0,Thailand,Asia,East Asia & Pacific,non-Schengen,f,17
2021,2021_II,external air,FALSE,THA,1,Thailand,Asia,East Asia & Pacific,non-Schengen,f,18_59
2021,2021_II,external air,FALSE,THA,0,Thailand,Asia,East Asia & Pacific,non-Schengen,f,60
2021,2021_II,external air,FALSE,TJK,0,Tajikistan,Asia,Europe & Central Asia,non-Schengen,m,17
2021,2021_II,external air,FALSE,TJK,2,Tajikistan,Asia,Europe & Central Asia,non-Schengen,m,18_59
2021,2021_II,external air,FALSE,TJK,0,Tajikistan,Asia,Europe & Central Asia,non-Schengen,m,60
2021,2021_II,external air,FALSE,TUR,0,Turkey,Asia,Europe & Central Asia,non-Schengen,m,17
2021,2021_II,external air,FALSE,TUR,6,Turkey,Asia,Europe & Central Asia,non-Schengen,m,18_59
2021,2021_II,external air,FALSE,TUR,0,Turkey,Asia,Europe & Central Asia,non-Schengen,m,60
2021,2021_II,external air,FALSE,UKR,1,Ukraine,Europe,Europe & Central Asia,non-Schengen,f,17
2021,2021_II,external air,FALSE,UKR,41,Ukraine,Europe,Europe & Central Asia,non-Schengen,f,18_59
2021,2021_II,external air,FALSE,UKR,3,Ukraine,Europe,Europe & Central Asia,non-Schengen,f,60
2021,2021_II,external air,FALSE,UKR,0,Ukraine,Europe,Europe & Central Asia,non-Schengen,m,17
2021,2021_II,external air,FALSE,UKR,158,Ukraine,Europe,Europe & Central Asia,non-Schengen,m,18_59
2021,2021_II,external air,FALSE,UKR,0,Ukraine,Europe,Europe & Central Asia,non-Schengen,m,60
2021,2021_II,external air,FALSE,USA,0,United States,Americas,North America,non-Schengen,f,17
2021,2021_II,external air,FALSE,USA,1,United States,Americas,North America,non-Schengen,f,18_59
2021,2021_II,external air,FALSE,USA,0,United States,Americas,North America,non-Schengen,f,60
2021,2021_II,external air,FALSE,USA,0,United States,Americas,North America,non-Schengen,m,17
2021,2021_II,external air,FALSE,USA,1,United States,Americas,North America,non-Schengen,m,18_59
2021,2021_II,external air,FALSE,USA,0,United States,Americas,North America,non-Schengen,m,60
2021,2021_II,external air,FALSE,UZB,0,Uzbekistan,Asia,Europe & Central Asia,non-Schengen,m,17
2021,2021_II,external air,FALSE,UZB,9,Uzbekistan,Asia,Europe & Central Asia,non-Schengen,m,18_59
2021,2021_II,external air,FALSE,UZB,0,Uzbekistan,Asia,Europe & Central Asia,non-Schengen,m,60
2021,2021_II,external air,FALSE,VNM,0,Vietnam,Asia,East Asia & Pacific,non-Schengen,m,17
2021,2021_II,external air,FALSE,VNM,1,Vietnam,Asia,East Asia & Pacific,non-Schengen,m,18_59
2021,2021_II,external air,FALSE,VNM,0,Vietnam,Asia,East Asia & Pacific,non-Schengen,m,60
2021,2021_II,external air,FALSE,XXX,0,Stateless,other/unknown,other/unknown,non-Schengen,f,17
2021,2021_II,external air,FALSE,XXX,1,Stateless,other/unknown,other/unknown,non-Schengen,f,18_59
2021,2021_II,external air,FALSE,XXX,0,Stateless,other/unknown,other/unknown,non-Schengen,f,60
2021,2021_II,external air,FALSE,ZWE,0,Zimbabwe,Africa,Sub-Saharan Africa,non-Schengen,f,17
2021,2021_II,external air,FALSE,ZWE,1,Zimbabwe,Africa,Sub-Saharan Africa,non-Schengen,f,18_59
2021,2021_II,external air,FALSE,ZWE,0,Zimbabwe,Africa,Sub-Saharan Africa,non-Schengen,f,60
2021,2021_II,external air,FALSE,ZWE,0,Zimbabwe,Africa,Sub-Saharan Africa,non-Schengen,m,17
2021,2021_II,external air,FALSE,ZWE,1,Zimbabwe,Africa,Sub-Saharan Africa,non-Schengen,m,18_59
2021,2021_II,external air,FALSE,ZWE,0,Zimbabwe,Africa,Sub-Saharan Africa,non-Schengen,m,60
2021,2021_II,external air,TRUE,GEO,0,Georgia,Asia,Europe & Central Asia,non-Schengen,m,17
2021,2021_II,external air,TRUE,GEO,1,Georgia,Asia,Europe & Central Asia,non-Schengen,m,18_59
2021,2021_II,external air,TRUE,GEO,0,Georgia,Asia,Europe & Central Asia,non-Schengen,m,60
2022,2022_I,Belarus,FALSE,ARM,2,Armenia,Asia,Europe & Central Asia,non-Schengen,m,18_59
2022,2022_I,Belarus,FALSE,BLR,4,Belarus,Europe,Europe & Central Asia,non-Schengen,f,17
2022,2022_I,Belarus,FALSE,BLR,51,Belarus,Europe,Europe & Central Asia,non-Schengen,f,18_59
2022,2022_I,Belarus,FALSE,BLR,7,Belarus,Europe,Europe & Central Asia,non-Schengen,f,60
2022,2022_I,Belarus,FALSE,BLR,5,Belarus,Europe,Europe & Central Asia,non-Schengen,m,17
2022,2022_I,Belarus,FALSE,BLR,101,Belarus,Europe,Europe & Central Asia,non-Schengen,m,18_59
2022,2022_I,Belarus,FALSE,CHN,1,China,Asia,East Asia & Pacific,non-Schengen,f,18_59
2022,2022_I,Belarus,FALSE,CHN,2,China,Asia,East Asia & Pacific,non-Schengen,m,18_59
2022,2022_I,Belarus,FALSE,GEO,1,Georgia,Asia,Europe & Central Asia,non-Schengen,m,18_59
2022,2022_I,Belarus,FALSE,KAZ,1,Kazakhstan,Asia,Europe & Central Asia,non-Schengen,f,18_59
2022,2022_I,Belarus,FALSE,KAZ,1,Kazakhstan,Asia,Europe & Central Asia,non-Schengen,f,60
2022,2022_I,Belarus,FALSE,KAZ,4,Kazakhstan,Asia,Europe & Central Asia,non-Schengen,m,18_59
2022,2022_I,Belarus,FALSE,MDA,3,Moldova,Europe,Europe & Central Asia,non-Schengen,m,18_59
2022,2022_I,Belarus,FALSE,MNG,2,Mongolia,Asia,East Asia & Pacific,non-Schengen,m,18_59
2022,2022_I,Belarus,FALSE,RUS,6,Russia,Europe,Europe & Central Asia,non-Schengen,f,17
2022,2022_I,Belarus,FALSE,RUS,27,Russia,Europe,Europe & Central Asia,non-Schengen,f,18_59
2022,2022_I,Belarus,FALSE,RUS,11,Russia,Europe,Europe & Central Asia,non-Schengen,f,60
2022,2022_I,Belarus,FALSE,RUS,17,Russia,Europe,Europe & Central Asia,non-Schengen,m,17
2022,2022_I,Belarus,FALSE,RUS,35,Russia,Europe,Europe & Central Asia,non-Schengen,m,18_59
2022,2022_I,Belarus,FALSE,RUS,2,Russia,Europe,Europe & Central Asia,non-Schengen,m,60
2022,2022_I,Belarus,FALSE,TJK,2,Tajikistan,Asia,Europe & Central Asia,non-Schengen,m,18_59
2022,2022_I,Belarus,FALSE,TKM,1,Turkmenistan,Asia,Europe & Central Asia,non-Schengen,m,18_59
2022,2022_I,Belarus,FALSE,UKR,2,Ukraine,Europe,Europe & Central Asia,non-Schengen,f,18_59
2022,2022_I,Belarus,FALSE,UKR,1,Ukraine,Europe,Europe & Central Asia,non-Schengen,m,17
2022,2022_I,Belarus,FALSE,UKR,1,Ukraine,Europe,Europe & Central Asia,non-Schengen,m,18_59
2022,2022_I,Belarus,FALSE,UZB,1,Uzbekistan,Asia,Europe & Central Asia,non-Schengen,f,18_59
2022,2022_I,Belarus,FALSE,UZB,2,Uzbekistan,Asia,Europe & Central Asia,non-Schengen,m,17
2022,2022_I,Belarus,FALSE,UZB,4,Uzbekistan,Asia,Europe & Central Asia,non-Schengen,m,18_59
2022,2022_I,Russia,FALSE,RUS,3,Russia,Europe,Europe & Central Asia,non-Schengen,f,18_59
2022,2022_I,Russia,FALSE,RUS,2,Russia,Europe,Europe & Central Asia,non-Schengen,f,60
2022,2022_I,Russia,FALSE,RUS,2,Russia,Europe,Europe & Central Asia,non-Schengen,m,18_59
2022,2022_I,Russia,FALSE,RUS,1,Russia,Europe,Europe & Central Asia,non-Schengen,m,60
2022,2022_I,Ukraine,FALSE,AGO,1,Angola,Africa,Sub-Saharan Africa,non-Schengen,m,18_59
2022,2022_I,Ukraine,FALSE,ARM,1,Armenia,Asia,Europe & Central Asia,non-Schengen,f,18_59
2022,2022_I,Ukraine,FALSE,ARM,2,Armenia,Asia,Europe & Central Asia,non-Schengen,m,17
2022,2022_I,Ukraine,FALSE,ARM,7,Armenia,Asia,Europe & Central Asia,non-Schengen,m,18_59
2022,2022_I,Ukraine,FALSE,ARM,1,Armenia,Asia,Europe & Central Asia,non-Schengen,m,60
2022,2022_I,Ukraine,FALSE,AZE,1,Azerbaijan,Asia,Europe & Central Asia,non-Schengen,f,18_59
2022,2022_I,Ukraine,FALSE,AZE,13,Azerbaijan,Asia,Europe & Central Asia,non-Schengen,m,18_59
2022,2022_I,Ukraine,FALSE,BLR,6,Belarus,Europe,Europe & Central Asia,non-Schengen,f,18_59
2022,2022_I,Ukraine,FALSE,BLR,4,Belarus,Europe,Europe & Central Asia,non-Schengen,m,18_59
2022,2022_I,Ukraine,FALSE,CHL,1,Chile,Americas,Latin America & Caribbean,non-Schengen,m,18_59
2022,2022_I,Ukraine,FALSE,CHN,2,China,Asia,East Asia & Pacific,non-Schengen,f,18_59
2022,2022_I,Ukraine,FALSE,CHN,4,China,Asia,East Asia & Pacific,non-Schengen,m,18_59
2022,2022_I,Ukraine,FALSE,COL,1,Colombia,Americas,Latin America & Caribbean,non-Schengen,m,18_59
2022,2022_I,Ukraine,FALSE,DZA,2,Algeria,Africa,"Middle East, North Africa, Afghanistan & Pakistan",non-Schengen,m,18_59
2022,2022_I,Ukraine,FALSE,ECU,1,Ecuador,Americas,Latin America & Caribbean,non-Schengen,f,18_59
2022,2022_I,Ukraine,FALSE,ECU,3,Ecuador,Americas,Latin America & Caribbean,non-Schengen,m,18_59
2022,2022_I,Ukraine,FALSE,GEO,2,Georgia,Asia,Europe & Central Asia,non-Schengen,f,18_59
2022,2022_I,Ukraine,FALSE,GEO,1,Georgia,Asia,Europe & Central Asia,non-Schengen,f,60
2022,2022_I,Ukraine,FALSE,GEO,11,Georgia,Asia,Europe & Central Asia,non-Schengen,m,18_59
2022,2022_I,Ukraine,FALSE,GHA,4,Ghana,Africa,Sub-Saharan Africa,non-Schengen,m,18_59
2022,2022_I,Ukraine,FALSE,IND,1,India,Asia,South Asia,non-Schengen,m,18_59
2022,2022_I,Ukraine,FALSE,IRN,2,Iran,Asia,"Middle East, North Africa, Afghanistan & Pakistan",non-Schengen,f,18_59
2022,2022_I,Ukraine,FALSE,IRN,6,Iran,Asia,"Middle East, North Africa, Afghanistan & Pakistan",non-Schengen,m,18_59
2022,2022_I,Ukraine,FALSE,IRQ,3,Iraq,Asia,"Middle East, North Africa, Afghanistan & Pakistan",non-Schengen,m,18_59
2022,2022_I,Ukraine,FALSE,JOR,2,Jordan,Asia,"Middle East, North Africa, Afghanistan & Pakistan",non-Schengen,m,18_59
2022,2022_I,Ukraine,FALSE,KAZ,1,Kazakhstan,Asia,Europe & Central Asia,non-Schengen,f,18_59
2022,2022_I,Ukraine,FALSE,KAZ,2,Kazakhstan,Asia,Europe & Central Asia,non-Schengen,m,18_59
2022,2022_I,Ukraine,FALSE,LBY,1,Libya,Africa,"Middle East, North Africa, Afghanistan & Pakistan",non-Schengen,m,18_59
2022,2022_I,Ukraine,FALSE,MAR,2,Morocco,Africa,"Middle East, North Africa, Afghanistan & Pakistan",non-Schengen,m,18_59
2022,2022_I,Ukraine,FALSE,MDA,9,Moldova,Europe,Europe & Central Asia,non-Schengen,f,18_59
2022,2022_I,Ukraine,FALSE,MDA,27,Moldova,Europe,Europe & Central Asia,non-Schengen,m,18_59
2022,2022_I,Ukraine,FALSE,NGA,2,Nigeria,Africa,Sub-Saharan Africa,non-Schengen,f,18_59
2022,2022_I,Ukraine,FALSE,NGA,12,Nigeria,Africa,Sub-Saharan Africa,non-Schengen,m,18_59
2022,2022_I,Ukraine,FALSE,PAK,4,Pakistan,Asia,"Middle East, North Africa, Afghanistan & Pakistan",non-Schengen,m,18_59
2022,2022_I,Ukraine,FALSE,PSE,1,Palestinian Territories,Asia,"Middle East, North Africa, Afghanistan & Pakistan",non-Schengen,m,18_59
2022,2022_I,Ukraine,FALSE,RUS,1,Russia,Europe,Europe & Central Asia,non-Schengen,f,17
2022,2022_I,Ukraine,FALSE,RUS,8,Russia,Europe,Europe & Central Asia,non-Schengen,f,18_59
2022,2022_I,Ukraine,FALSE,RUS,7,Russia,Europe,Europe & Central Asia,non-Schengen,f,60
2022,2022_I,Ukraine,FALSE,RUS,1,Russia,Europe,Europe & Central Asia,non-Schengen,m,17
2022,2022_I,Ukraine,FALSE,RUS,4,Russia,Europe,Europe & Central Asia,non-Schengen,m,18_59
2022,2022_I,Ukraine,FALSE,RUS,4,Russia,Europe,Europe & Central Asia,non-Schengen,m,60
2022,2022_I,Ukraine,FALSE,SYR,1,Syria,Asia,"Middle East, North Africa, Afghanistan & Pakistan",non-Schengen,m,18_59
2022,2022_I,Ukraine,FALSE,TJK,7,Tajikistan,Asia,Europe & Central Asia,non-Schengen,m,18_59
2022,2022_I,Ukraine,FALSE,TKM,3,Turkmenistan,Asia,Europe & Central Asia,non-Schengen,f,18_59
2022,2022_I,Ukraine,FALSE,TKM,21,Turkmenistan,Asia,Europe & Central Asia,non-Schengen,m,18_59
2022,2022_I,Ukraine,FALSE,TUR,10,Turkey,Asia,Europe & Central Asia,non-Schengen,m,18_59
2022,2022_I,Ukraine,FALSE,UKR,61,Ukraine,Europe,Europe & Central Asia,non-Schengen,f,18_59
2022,2022_I,Ukraine,FALSE,UKR,6,Ukraine,Europe,Europe & Central Asia,non-Schengen,f,60
2022,2022_I,Ukraine,FALSE,UKR,146,Ukraine,Europe,Europe & Central Asia,non-Schengen,m,18_59
2022,2022_I,Ukraine,FALSE,UKR,1,Ukraine,Europe,Europe & Central Asia,non-Schengen,m,60
2022,2022_I,Ukraine,FALSE,UZB,4,Uzbekistan,Asia,Europe & Central Asia,non-Schengen,f,18_59
2022,2022_I,Ukraine,FALSE,UZB,10,Uzbekistan,Asia,Europe & Central Asia,non-Schengen,m,18_59
2022,2022_I,Ukraine,FALSE,VNM,4,Vietnam,Asia,East Asia & Pacific,non-Schengen,f,18_59
2022,2022_I,Ukraine,FALSE,VNM,1,Vietnam,Asia,East Asia & Pacific,non-Schengen,f,60
2022,2022_I,Ukraine,FALSE,VNM,3,Vietnam,Asia,East Asia & Pacific,non-Schengen,m,18_59
2022,2022_I,Ukraine,FALSE,ZWE,1,Zimbabwe,Africa,Sub-Saharan Africa,non-Schengen,m,18_59
2022,2022_I,country,FALSE,AFG,1,Afghanistan,Asia,"Middle East, North Africa, Afghanistan & Pakistan",non-Schengen,f,17
2022,2022_I,country,FALSE,AFG,1,Afghanistan,Asia,"Middle East, North Africa, Afghanistan & Pakistan",non-Schengen,f,18_59
2022,2022_I,country,FALSE,AFG,4,Afghanistan,Asia,"Middle East, North Africa, Afghanistan & Pakistan",non-Schengen,m,17
2022,2022_I,country,FALSE,AFG,15,Afghanistan,Asia,"Middle East, North Africa, Afghanistan & Pakistan",non-Schengen,m,18_59
2022,2022_I,country,FALSE,ALB,1,Albania,Europe,Europe & Central Asia,non-Schengen,m,18_59
2022,2022_I,country,FALSE,ARM,4,Armenia,Asia,Europe & Central Asia,non-Schengen,f,18_59
2022,2022_I,country,FALSE,ARM,2,Armenia,Asia,Europe & Central Asia,non-Schengen,f,60
2022,2022_I,country,FALSE,ARM,2,Armenia,Asia,Europe & Central Asia,non-Schengen,m,17
2022,2022_I,country,FALSE,ARM,15,Armenia,Asia,Europe & Central Asia,non-Schengen,m,18_59
2022,2022_I,country,FALSE,AZE,1,Azerbaijan,Asia,Europe & Central Asia,non-Schengen,f,18_59
2022,2022_I,country,FALSE,AZE,18,Azerbaijan,Asia,Europe & Central Asia,non-Schengen,m,18_59
2022,2022_I,country,FALSE,AZE,1,Azerbaijan,Asia,Europe & Central Asia,non-Schengen,m,60
2022,2022_I,country,FALSE,BGD,1,Bangladesh,Asia,South Asia,non-Schengen,m,17
2022,2022_I,country,FALSE,BGD,4,Bangladesh,Asia,South Asia,non-Schengen,m,18_59
2022,2022_I,country,FALSE,BGR,1,Bulgaria,Europe,Europe & Central Asia,non-Schengen,m,18_59
2022,2022_I,country,FALSE,BLR,2,Belarus,Europe,Europe & Central Asia,non-Schengen,f,17
2022,2022_I,country,FALSE,BLR,9,Belarus,Europe,Europe & Central Asia,non-Schengen,f,18_59
2022,2022_I,country,FALSE,BLR,1,Belarus,Europe,Europe & Central Asia,non-Schengen,m,17
2022,2022_I,country,FALSE,BLR,68,Belarus,Europe,Europe & Central Asia,non-Schengen,m,18_59
2022,2022_I,country,FALSE,BRA,1,Brazil,Americas,Latin America & Caribbean,non-Schengen,m,18_59
2022,2022_I,country,FALSE,CAN,1,Canada,Americas,North America,non-Schengen,m,18_59
2022,2022_I,country,FALSE,CHN,3,China,Asia,East Asia & Pacific,non-Schengen,f,18_59
2022,2022_I,country,FALSE,CHN,2,China,Asia,East Asia & Pacific,non-Schengen,m,17
2022,2022_I,country,FALSE,CHN,9,China,Asia,East Asia & Pacific,non-Schengen,m,18_59
2022,2022_I,country,FALSE,CMR,4,Cameroon,Africa,Sub-Saharan Africa,non-Schengen,m,18_59
2022,2022_I,country,FALSE,COD,1,Congo - Kinshasa,Africa,Sub-Saharan Africa,non-Schengen,f,18_59
2022,2022_I,country,FALSE,COD,2,Congo - Kinshasa,Africa,Sub-Saharan Africa,non-Schengen,m,18_59
2022,2022_I,country,FALSE,COG,1,Congo - Brazzaville,Africa,Sub-Saharan Africa,non-Schengen,m,18_59
2022,2022_I,country,FALSE,COL,1,Colombia,Americas,Latin America & Caribbean,non-Schengen,f,18_59
2022,2022_I,country,FALSE,COL,2,Colombia,Americas,Latin America & Caribbean,non-Schengen,m,18_59
2022,2022_I,country,FALSE,COM,1,Comoros,Africa,Sub-Saharan Africa,non-Schengen,f,18_59
2022,2022_I,country,FALSE,CUB,1,Cuba,Americas,Latin America & Caribbean,non-Schengen,f,18_59
2022,2022_I,country,FALSE,CUB,1,Cuba,Americas,Latin America & Caribbean,non-Schengen,m,18_59
2022,2022_I,country,FALSE,DZA,6,Algeria,Africa,"Middle East, North Africa, Afghanistan & Pakistan",non-Schengen,m,18_59
2022,2022_I,country,FALSE,EGY,5,Egypt,Africa,"Middle East, North Africa, Afghanistan & Pakistan",non-Schengen,m,18_59
2022,2022_I,country,FALSE,ETH,6,Ethiopia,Africa,Sub-Saharan Africa,non-Schengen,m,18_59
2022,2022_I,country,FALSE,GBR,1,United Kingdom,Europe,Europe & Central Asia,non-Schengen,f,18_59
2022,2022_I,country,FALSE,GBR,1,United Kingdom,Europe,Europe & Central Asia,non-Schengen,m,18_59
2022,2022_I,country,FALSE,GEO,1,Georgia,Asia,Europe & Central Asia,non-Schengen,f,17
2022,2022_I,country,FALSE,GEO,8,Georgia,Asia,Europe & Central Asia,non-Schengen,f,18_59
2022,2022_I,country,FALSE,GEO,1,Georgia,Asia,Europe & Central Asia,non-Schengen,f,60
2022,2022_I,country,FALSE,GEO,246,Georgia,Asia,Europe & Central Asia,non-Schengen,m,18_59
2022,2022_I,country,FALSE,GHA,1,Ghana,Africa,Sub-Saharan Africa,non-Schengen,m,18_59
2022,2022_I,country,FALSE,GIN,8,Guinea,Africa,Sub-Saharan Africa,non-Schengen,m,18_59
2022,2022_I,country,FALSE,GMB,4,Gambia,Africa,Sub-Saharan Africa,non-Schengen,m,18_59
2022,2022_I,country,FALSE,GTM,1,Guatemala,Americas,Latin America & Caribbean,non-Schengen,m,18_59
2022,2022_I,country,FALSE,IDN,1,Indonesia,Asia,East Asia & Pacific,non-Schengen,m,18_59
2022,2022_I,country,FALSE,IND,1,India,Asia,South Asia,non-Schengen,f,17
2022,2022_I,country,FALSE,IND,2,India,Asia,South Asia,non-Schengen,f,18_59
2022,2022_I,country,FALSE,IND,1,India,Asia,South Asia,non-Schengen,m,17
2022,2022_I,country,FALSE,IND,28,India,Asia,South Asia,non-Schengen,m,18_59
2022,2022_I,country,FALSE,IRN,2,Iran,Asia,"Middle East, North Africa, Afghanistan & Pakistan",non-Schengen,m,18_59
2022,2022_I,country,FALSE,IRQ,8,Iraq,Asia,"Middle East, North Africa, Afghanistan & Pakistan",non-Schengen,m,18_59
2022,2022_I,country,FALSE,JOR,1,Jordan,Asia,"Middle East, North Africa, Afghanistan & Pakistan",non-Schengen,m,18_59
2022,2022_I,country,FALSE,JPN,1,Japan,Asia,East Asia & Pacific,non-Schengen,m,18_59
2022,2022_I,country,FALSE,KAZ,5,Kazakhstan,Asia,Europe & Central Asia,non-Schengen,m,18_59
2022,2022_I,country,FALSE,KEN,1,Kenya,Africa,Sub-Saharan Africa,non-Schengen,f,18_59
2022,2022_I,country,FALSE,KGZ,2,Kyrgyzstan,Asia,Europe & Central Asia,non-Schengen,f,17
2022,2022_I,country,FALSE,KGZ,1,Kyrgyzstan,Asia,Europe & Central Asia,non-Schengen,f,18_59
2022,2022_I,country,FALSE,KGZ,1,Kyrgyzstan,Asia,Europe & Central Asia,non-Schengen,m,17
2022,2022_I,country,FALSE,KGZ,6,Kyrgyzstan,Asia,Europe & Central Asia,non-Schengen,m,18_59
2022,2022_I,country,FALSE,KOR,2,South Korea,Asia,East Asia & Pacific,non-Schengen,m,18_59
2022,2022_I,country,FALSE,LBY,1,Libya,Africa,"Middle East, North Africa, Afghanistan & Pakistan",non-Schengen,m,18_59
2022,2022_I,country,FALSE,LKA,3,Sri Lanka,Asia,South Asia,non-Schengen,m,18_59
2022,2022_I,country,FALSE,MAR,8,Morocco,Africa,"Middle East, North Africa, Afghanistan & Pakistan",non-Schengen,m,18_59
2022,2022_I,country,FALSE,MDA,5,Moldova,Europe,Europe & Central Asia,non-Schengen,f,18_59
2022,2022_I,country,FALSE,MDA,1,Moldova,Europe,Europe & Central Asia,non-Schengen,f,60
2022,2022_I,country,FALSE,MDA,1,Moldova,Europe,Europe & Central Asia,non-Schengen,m,17
2022,2022_I,country,FALSE,MDA,52,Moldova,Europe,Europe & Central Asia,non-Schengen,m,18_59
2022,2022_I,country,FALSE,MEX,1,Mexico,Americas,Latin America & Caribbean,non-Schengen,m,18_59
2022,2022_I,country,FALSE,MKD,1,North Macedonia,Europe,Europe & Central Asia,non-Schengen,m,18_59
2022,2022_I,country,FALSE,MLI,2,Mali,Africa,Sub-Saharan Africa,non-Schengen,m,18_59
2022,2022_I,country,FALSE,MNG,1,Mongolia,Asia,East Asia & Pacific,non-Schengen,m,18_59
2022,2022_I,country,FALSE,MUS,8,Mauritius,Africa,Sub-Saharan Africa,non-Schengen,f,18_59
2022,2022_I,country,FALSE,MUS,4,Mauritius,Africa,Sub-Saharan Africa,non-Schengen,m,18_59
2022,2022_I,country,FALSE,MYS,1,Malaysia,Asia,East Asia & Pacific,non-Schengen,m,18_59
2022,2022_I,country,FALSE,NGA,2,Nigeria,Africa,Sub-Saharan Africa,non-Schengen,f,17
2022,2022_I,country,FALSE,NGA,1,Nigeria,Africa,Sub-Saharan Africa,non-Schengen,f,18_59
2022,2022_I,country,FALSE,NGA,6,Nigeria,Africa,Sub-Saharan Africa,non-Schengen,m,18_59
2022,2022_I,country,FALSE,NPL,4,Nepal,Asia,South Asia,non-Schengen,m,18_59
2022,2022_I,country,FALSE,PAK,2,Pakistan,Asia,"Middle East, North Africa, Afghanistan & Pakistan",non-Schengen,f,18_59
2022,2022_I,country,FALSE,PAK,1,Pakistan,Asia,"Middle East, North Africa, Afghanistan & Pakistan",non-Schengen,m,17
2022,2022_I,country,FALSE,PAK,13,Pakistan,Asia,"Middle East, North Africa, Afghanistan & Pakistan",non-Schengen,m,18_59
2022,2022_I,country,FALSE,PHL,1,Philippines,Asia,East Asia & Pacific,non-Schengen,f,18_59
2022,2022_I,country,FALSE,RUS,6,Russia,Europe,Europe & Central Asia,non-Schengen,f,17
2022,2022_I,country,FALSE,RUS,17,Russia,Europe,Europe & Central Asia,non-Schengen,f,18_59
2022,2022_I,country,FALSE,RUS,4,Russia,Europe,Europe & Central Asia,non-Schengen,f,60
2022,2022_I,country,FALSE,RUS,3,Russia,Europe,Europe & Central Asia,non-Schengen,m,17
2022,2022_I,country,FALSE,RUS,49,Russia,Europe,Europe & Central Asia,non-Schengen,m,18_59
2022,2022_I,country,FALSE,RWA,1,Rwanda,Africa,Sub-Saharan Africa,non-Schengen,f,18_59
2022,2022_I,country,FALSE,RWA,4,Rwanda,Africa,Sub-Saharan Africa,non-Schengen,m,18_59
2022,2022_I,country,FALSE,SAU,1,Saudi Arabia,Asia,"Middle East, North Africa, Afghanistan & Pakistan",non-Schengen,m,18_59
2022,2022_I,country,FALSE,SDN,1,Sudan,Africa,Sub-Saharan Africa,non-Schengen,m,18_59
2022,2022_I,country,FALSE,SRB,1,Serbia,Europe,Europe & Central Asia,non-Schengen,m,18_59
2022,2022_I,country,FALSE,SYR,29,Syria,Asia,"Middle East, North Africa, Afghanistan & Pakistan",non-Schengen,m,18_59
2022,2022_I,country,FALSE,TJK,1,Tajikistan,Asia,Europe & Central Asia,non-Schengen,f,17
2022,2022_I,country,FALSE,TJK,4,Tajikistan,Asia,Europe & Central Asia,non-Schengen,f,18_59
2022,2022_I,country,FALSE,TJK,4,Tajikistan,Asia,Europe & Central Asia,non-Schengen,m,17
2022,2022_I,country,FALSE,TJK,24,Tajikistan,Asia,Europe & Central Asia,non-Schengen,m,18_59
2022,2022_I,country,FALSE,TKM,24,Turkmenistan,Asia,Europe & Central Asia,non-Schengen,m,18_59
2022,2022_I,country,FALSE,TUN,6,Tunisia,Africa,"Middle East, North Africa, Afghanistan & Pakistan",non-Schengen,m,18_59
2022,2022_I,country,FALSE,TUR,22,Turkey,Asia,Europe & Central Asia,non-Schengen,m,18_59
2022,2022_I,country,FALSE,TZA,1,Tanzania,Africa,Sub-Saharan Africa,non-Schengen,m,18_59
2022,2022_I,country,FALSE,UGA,2,Uganda,Africa,Sub-Saharan Africa,non-Schengen,m,18_59
2022,2022_I,country,FALSE,UKR,3,Ukraine,Europe,Europe & Central Asia,non-Schengen,f,17
2022,2022_I,country,FALSE,UKR,49,Ukraine,Europe,Europe & Central Asia,non-Schengen,f,18_59
2022,2022_I,country,FALSE,UKR,8,Ukraine,Europe,Europe & Central Asia,non-Schengen,f,60
2022,2022_I,country,FALSE,UKR,3,Ukraine,Europe,Europe & Central Asia,non-Schengen,m,17
2022,2022_I,country,FALSE,UKR,379,Ukraine,Europe,Europe & Central Asia,non-Schengen,m,18_59
2022,2022_I,country,FALSE,UKR,2,Ukraine,Europe,Europe & Central Asia,non-Schengen,m,60
2022,2022_I,country,FALSE,UNK,1,unknown,other/unknown,other/unknown,non-Schengen,f,18_59
2022,2022_I,country,FALSE,UNK,2,unknown,other/unknown,other/unknown,non-Schengen,m,18_59
2022,2022_I,country,FALSE,USA,1,United States,Americas,North America,non-Schengen,m,60
2022,2022_I,country,FALSE,UZB,4,Uzbekistan,Asia,Europe & Central Asia,non-Schengen,f,18_59
2022,2022_I,country,FALSE,UZB,49,Uzbekistan,Asia,Europe & Central Asia,non-Schengen,m,18_59
2022,2022_I,country,FALSE,VEN,1,Venezuela,Americas,Latin America & Caribbean,non-Schengen,m,18_59
2022,2022_I,country,FALSE,VNM,6,Vietnam,Asia,East Asia & Pacific,non-Schengen,f,17
2022,2022_I,country,FALSE,VNM,9,Vietnam,Asia,East Asia & Pacific,non-Schengen,f,18_59
2022,2022_I,country,FALSE,VNM,1,Vietnam,Asia,East Asia & Pacific,non-Schengen,f,60
2022,2022_I,country,FALSE,VNM,2,Vietnam,Asia,East Asia & Pacific,non-Schengen,m,17
2022,2022_I,country,FALSE,VNM,57,Vietnam,Asia,East Asia & Pacific,non-Schengen,m,18_59
2022,2022_I,country,FALSE,XXX,4,Stateless,other/unknown,other/unknown,non-Schengen,m,18_59
2022,2022_I,country,FALSE,YEM,2,Yemen,Asia,"Middle East, North Africa, Afghanistan & Pakistan",non-Schengen,m,18_59
2022,2022_I,country,FALSE,ZWE,2,Zimbabwe,Africa,Sub-Saharan Africa,non-Schengen,m,18_59
2022,2022_I,country,TRUE,GEO,3,Georgia,Asia,Europe & Central Asia,non-Schengen,m,18_59
2022,2022_I,country,TRUE,MDA,2,Moldova,Europe,Europe & Central Asia,non-Schengen,m,18_59
2022,2022_I,country,TRUE,TKM,1,Turkmenistan,Asia,Europe & Central Asia,non-Schengen,m,18_59
2022,2022_I,external air,FALSE,ALB,2,Albania,Europe,Europe & Central Asia,non-Schengen,m,18_59
2022,2022_I,external air,FALSE,ARM,2,Armenia,Asia,Europe & Central Asia,non-Schengen,f,18_59
2022,2022_I,external air,FALSE,ARM,1,Armenia,Asia,Europe & Central Asia,non-Schengen,f,60
2022,2022_I,external air,FALSE,ARM,8,Armenia,Asia,Europe & Central Asia,non-Schengen,m,18_59
2022,2022_I,external air,FALSE,AZE,1,Azerbaijan,Asia,Europe & Central Asia,non-Schengen,f,18_59
2022,2022_I,external air,FALSE,AZE,6,Azerbaijan,Asia,Europe & Central Asia,non-Schengen,m,18_59
2022,2022_I,external air,FALSE,CHN,5,China,Asia,East Asia & Pacific,non-Schengen,m,18_59
2022,2022_I,external air,FALSE,ERI,1,Eritrea,Africa,Sub-Saharan Africa,non-Schengen,f,18_59
2022,2022_I,external air,FALSE,GBR,1,United Kingdom,Europe,Europe & Central Asia,non-Schengen,f,18_59
2022,2022_I,external air,FALSE,GBR,6,United Kingdom,Europe,Europe & Central Asia,non-Schengen,m,18_59
2022,2022_I,external air,FALSE,GEO,2,Georgia,Asia,Europe & Central Asia,non-Schengen,f,17
2022,2022_I,external air,FALSE,GEO,34,Georgia,Asia,Europe & Central Asia,non-Schengen,f,18_59
2022,2022_I,external air,FALSE,GEO,2,Georgia,Asia,Europe & Central Asia,non-Schengen,f,60
2022,2022_I,external air,FALSE,GEO,266,Georgia,Asia,Europe & Central Asia,non-Schengen,m,18_59
2022,2022_I,external air,FALSE,GHA,1,Ghana,Africa,Sub-Saharan Africa,non-Schengen,m,18_59
2022,2022_I,external air,FALSE,IDN,1,Indonesia,Asia,East Asia & Pacific,non-Schengen,f,18_59
2022,2022_I,external air,FALSE,IDN,2,Indonesia,Asia,East Asia & Pacific,non-Schengen,m,18_59
2022,2022_I,external air,FALSE,IND,1,India,Asia,South Asia,non-Schengen,f,18_59
2022,2022_I,external air,FALSE,IND,8,India,Asia,South Asia,non-Schengen,m,18_59
2022,2022_I,external air,FALSE,JOR,1,Jordan,Asia,"Middle East, North Africa, Afghanistan & Pakistan",non-Schengen,f,18_59
2022,2022_I,external air,FALSE,JOR,1,Jordan,Asia,"Middle East, North Africa, Afghanistan & Pakistan",non-Schengen,m,18_59
2022,2022_I,external air,FALSE,KAZ,2,Kazakhstan,Asia,Europe & Central Asia,non-Schengen,f,18_59
2022,2022_I,external air,FALSE,KAZ,2,Kazakhstan,Asia,Europe & Central Asia,non-Schengen,m,18_59
2022,2022_I,external air,FALSE,KOR,1,South Korea,Asia,East Asia & Pacific,non-Schengen,m,60
2022,2022_I,external air,FALSE,MDA,5,Moldova,Europe,Europe & Central Asia,non-Schengen,f,18_59
2022,2022_I,external air,FALSE,MDA,3,Moldova,Europe,Europe & Central Asia,non-Schengen,m,18_59
2022,2022_I,external air,FALSE,NGA,2,Nigeria,Africa,Sub-Saharan Africa,non-Schengen,m,18_59
2022,2022_I,external air,FALSE,NPL,1,Nepal,Asia,South Asia,non-Schengen,m,18_59
2022,2022_I,external air,FALSE,PAK,2,Pakistan,Asia,"Middle East, North Africa, Afghanistan & Pakistan",non-Schengen,m,18_59
2022,2022_I,external air,FALSE,RUS,3,Russia,Europe,Europe & Central Asia,non-Schengen,f,18_59
2022,2022_I,external air,FALSE,RUS,1,Russia,Europe,Europe & Central Asia,non-Schengen,f,60
2022,2022_I,external air,FALSE,RUS,1,Russia,Europe,Europe & Central Asia,non-Schengen,m,17
2022,2022_I,external air,FALSE,RUS,7,Russia,Europe,Europe & Central Asia,non-Schengen,m,18_59
2022,2022_I,external air,FALSE,TJK,1,Tajikistan,Asia,Europe & Central Asia,non-Schengen,m,17
2022,2022_I,external air,FALSE,TJK,3,Tajikistan,Asia,Europe & Central Asia,non-Schengen,m,18_59
2022,2022_I,external air,FALSE,TUN,1,Tunisia,Africa,"Middle East, North Africa, Afghanistan & Pakistan",non-Schengen,m,18_59
2022,2022_I,external air,FALSE,TUR,3,Turkey,Asia,Europe & Central Asia,non-Schengen,m,18_59
2022,2022_I,external air,FALSE,UKR,13,Ukraine,Europe,Europe & Central Asia,non-Schengen,f,18_59
2022,2022_I,external air,FALSE,UKR,2,Ukraine,Europe,Europe & Central Asia,non-Schengen,f,60
2022,2022_I,external air,FALSE,UKR,32,Ukraine,Europe,Europe & Central Asia,non-Schengen,m,18_59
2022,2022_I,external air,FALSE,UKR,1,Ukraine,Europe,Europe & Central Asia,non-Schengen,m,60
2022,2022_I,external air,FALSE,UZB,1,Uzbekistan,Asia,Europe & Central Asia,non-Schengen,f,18_59
2022,2022_I,external air,FALSE,UZB,9,Uzbekistan,Asia,Europe & Central Asia,non-Schengen,m,18_59
2022,2022_I,external air,FALSE,ZAF,1,South Africa,Africa,Sub-Saharan Africa,non-Schengen,f,17
2022,2022_I,external air,FALSE,ZAF,1,South Africa,Africa,Sub-Saharan Africa,non-Schengen,m,17
2022,2022_I,external air,FALSE,ZAF,2,South Africa,Africa,Sub-Saharan Africa,non-Schengen,m,18_59
2022,2022_I,external air,FALSE,ZWE,1,Zimbabwe,Africa,Sub-Saharan Africa,non-Schengen,m,18_59
2022,2022_II,Belarus,FALSE,ARM,1,Armenia,Asia,Europe & Central Asia,non-Schengen,m,18_59
2022,2022_II,Belarus,FALSE,AZE,5,Azerbaijan,Asia,Europe & Central Asia,non-Schengen,m,18_59
2022,2022_II,Belarus,FALSE,BLR,9,Belarus,Europe,Europe & Central Asia,non-Schengen,f,17
2022,2022_II,Belarus,FALSE,BLR,86,Belarus,Europe,Europe & Central Asia,non-Schengen,f,18_59
2022,2022_II,Belarus,FALSE,BLR,22,Belarus,Europe,Europe & Central Asia,non-Schengen,f,60
2022,2022_II,Belarus,FALSE,BLR,6,Belarus,Europe,Europe & Central Asia,non-Schengen,m,17
2022,2022_II,Belarus,FALSE,BLR,142,Belarus,Europe,Europe & Central Asia,non-Schengen,m,18_59
2022,2022_II,Belarus,FALSE,BLR,6,Belarus,Europe,Europe & Central Asia,non-Schengen,m,60
2022,2022_II,Belarus,FALSE,CHN,1,China,Asia,East Asia & Pacific,non-Schengen,m,18_59
2022,2022_II,Belarus,FALSE,EGY,2,Egypt,Africa,"Middle East, North Africa, Afghanistan & Pakistan",non-Schengen,m,18_59
2022,2022_II,Belarus,FALSE,GBR,1,United Kingdom,Europe,Europe & Central Asia,non-Schengen,m,18_59
2022,2022_II,Belarus,FALSE,GEO,1,Georgia,Asia,Europe & Central Asia,non-Schengen,f,18_59
2022,2022_II,Belarus,FALSE,GEO,9,Georgia,Asia,Europe & Central Asia,non-Schengen,m,18_59
2022,2022_II,Belarus,FALSE,JOR,1,Jordan,Asia,"Middle East, North Africa, Afghanistan & Pakistan",non-Schengen,m,18_59
2022,2022_II,Belarus,FALSE,KAZ,2,Kazakhstan,Asia,Europe & Central Asia,non-Schengen,f,18_59
2022,2022_II,Belarus,FALSE,KAZ,20,Kazakhstan,Asia,Europe & Central Asia,non-Schengen,m,18_59
2022,2022_II,Belarus,FALSE,KGZ,2,Kyrgyzstan,Asia,Europe & Central Asia,non-Schengen,m,18_59
2022,2022_II,Belarus,FALSE,MDA,4,Moldova,Europe,Europe & Central Asia,non-Schengen,m,18_59
2022,2022_II,Belarus,FALSE,MNG,1,Mongolia,Asia,East Asia & Pacific,non-Schengen,m,18_59
2022,2022_II,Belarus,FALSE,RUS,18,Russia,Europe,Europe & Central Asia,non-Schengen,f,17
2022,2022_II,Belarus,FALSE,RUS,60,Russia,Europe,Europe & Central Asia,non-Schengen,f,18_59
2022,2022_II,Belarus,FALSE,RUS,25,Russia,Europe,Europe & Central Asia,non-Schengen,f,60
2022,2022_II,Belarus,FALSE,RUS,14,Russia,Europe,Europe & Central Asia,non-Schengen,m,17
2022,2022_II,Belarus,FALSE,RUS,70,Russia,Europe,Europe & Central Asia,non-Schengen,m,18_59
2022,2022_II,Belarus,FALSE,RUS,7,Russia,Europe,Europe & Central Asia,non-Schengen,m,60
2022,2022_II,Belarus,FALSE,TJK,2,Tajikistan,Asia,Europe & Central Asia,non-Schengen,f,18_59
2022,2022_II,Belarus,FALSE,TJK,2,Tajikistan,Asia,Europe & Central Asia,non-Schengen,m,18_59
2022,2022_II,Belarus,FALSE,TUR,2,Turkey,Asia,Europe & Central Asia,non-Schengen,m,18_59
2022,2022_II,Belarus,FALSE,UKR,1,Ukraine,Europe,Europe & Central Asia,non-Schengen,f,18_59
2022,2022_II,Belarus,FALSE,UKR,2,Ukraine,Europe,Europe & Central Asia,non-Schengen,f,60
2022,2022_II,Belarus,FALSE,UKR,2,Ukraine,Europe,Europe & Central Asia,non-Schengen,m,18_59
2022,2022_II,Belarus,FALSE,UZB,6,Uzbekistan,Asia,Europe & Central Asia,non-Schengen,m,18_59
2022,2022_II,Belarus,TRUE,UKR,2,Ukraine,Europe,Europe & Central Asia,non-Schengen,m,18_59
2022,2022_II,Russia,FALSE,BLR,1,Belarus,Europe,Europe & Central Asia,non-Schengen,m,18_59
2022,2022_II,Russia,FALSE,RUS,10,Russia,Europe,Europe & Central Asia,non-Schengen,f,18_59
2022,2022_II,Russia,FALSE,RUS,3,Russia,Europe,Europe & Central Asia,non-Schengen,f,60
2022,2022_II,Russia,FALSE,RUS,9,Russia,Europe,Europe & Central Asia,non-Schengen,m,18_59
2022,2022_II,Russia,FALSE,RUS,2,Russia,Europe,Europe & Central Asia,non-Schengen,m,60
2022,2022_II,Ukraine,FALSE,AFG,2,Afghanistan,Asia,"Middle East, North Africa, Afghanistan & Pakistan",non-Schengen,f,18_59
2022,2022_II,Ukraine,FALSE,AFG,13,Afghanistan,Asia,"Middle East, North Africa, Afghanistan & Pakistan",non-Schengen,m,18_59
2022,2022_II,Ukraine,FALSE,ARM,1,Armenia,Asia,Europe & Central Asia,non-Schengen,f,17
2022,2022_II,Ukraine,FALSE,ARM,21,Armenia,Asia,Europe & Central Asia,non-Schengen,f,18_59
2022,2022_II,Ukraine,FALSE,ARM,4,Armenia,Asia,Europe & Central Asia,non-Schengen,f,60
2022,2022_II,Ukraine,FALSE,ARM,1,Armenia,Asia,Europe & Central Asia,non-Schengen,m,17
2022,2022_II,Ukraine,FALSE,ARM,38,Armenia,Asia,Europe & Central Asia,non-Schengen,m,18_59
2022,2022_II,Ukraine,FALSE,ARM,2,Armenia,Asia,Europe & Central Asia,non-Schengen,m,60
2022,2022_II,Ukraine,FALSE,AUS,1,Australia,Oceania,East Asia & Pacific,non-Schengen,m,18_59
2022,2022_II,Ukraine,FALSE,AZE,11,Azerbaijan,Asia,Europe & Central Asia,non-Schengen,f,18_59
2022,2022_II,Ukraine,FALSE,AZE,3,Azerbaijan,Asia,Europe & Central Asia,non-Schengen,m,17
2022,2022_II,Ukraine,FALSE,AZE,66,Azerbaijan,Asia,Europe & Central Asia,non-Schengen,m,18_59
2022,2022_II,Ukraine,FALSE,AZE,1,Azerbaijan,Asia,Europe & Central Asia,non-Schengen,m,60
2022,2022_II,Ukraine,FALSE,BIH,1,Bosnia & Herzegovina,Europe,Europe & Central Asia,non-Schengen,m,18_59
2022,2022_II,Ukraine,FALSE,BLR,4,Belarus,Europe,Europe & Central Asia,non-Schengen,f,17
2022,2022_II,Ukraine,FALSE,BLR,13,Belarus,Europe,Europe & Central Asia,non-Schengen,f,18_59
2022,2022_II,Ukraine,FALSE,BLR,1,Belarus,Europe,Europe & Central Asia,non-Schengen,f,60
2022,2022_II,Ukraine,FALSE,BLR,1,Belarus,Europe,Europe & Central Asia,non-Schengen,m,17
2022,2022_II,Ukraine,FALSE,BLR,9,Belarus,Europe,Europe & Central Asia,non-Schengen,m,18_59
2022,2022_II,Ukraine,FALSE,CHN,1,China,Asia,East Asia & Pacific,non-Schengen,f,17
2022,2022_II,Ukraine,FALSE,CHN,6,China,Asia,East Asia & Pacific,non-Schengen,f,18_59
2022,2022_II,Ukraine,FALSE,CHN,23,China,Asia,East Asia & Pacific,non-Schengen,m,18_59
2022,2022_II,Ukraine,FALSE,CHN,1,China,Asia,East Asia & Pacific,non-Schengen,m,60
2022,2022_II,Ukraine,FALSE,CMR,3,Cameroon,Africa,Sub-Saharan Africa,non-Schengen,f,18_59
2022,2022_II,Ukraine,FALSE,CMR,12,Cameroon,Africa,Sub-Saharan Africa,non-Schengen,m,18_59
2022,2022_II,Ukraine,FALSE,COG,2,Congo - Brazzaville,Africa,Sub-Saharan Africa,non-Schengen,m,18_59
2022,2022_II,Ukraine,FALSE,COL,6,Colombia,Americas,Latin America & Caribbean,non-Schengen,m,18_59
2022,2022_II,Ukraine,FALSE,CUB,1,Cuba,Americas,Latin America & Caribbean,non-Schengen,m,18_59
2022,2022_II,Ukraine,FALSE,DZA,3,Algeria,Africa,"Middle East, North Africa, Afghanistan & Pakistan",non-Schengen,f,18_59
2022,2022_II,Ukraine,FALSE,DZA,15,Algeria,Africa,"Middle East, North Africa, Afghanistan & Pakistan",non-Schengen,m,18_59
2022,2022_II,Ukraine,FALSE,ECU,3,Ecuador,Americas,Latin America & Caribbean,non-Schengen,m,18_59
2022,2022_II,Ukraine,FALSE,EGY,3,Egypt,Africa,"Middle East, North Africa, Afghanistan & Pakistan",non-Schengen,f,18_59
2022,2022_II,Ukraine,FALSE,EGY,31,Egypt,Africa,"Middle East, North Africa, Afghanistan & Pakistan",non-Schengen,m,18_59
2022,2022_II,Ukraine,FALSE,GAB,1,Gabon,Africa,Sub-Saharan Africa,non-Schengen,f,18_59
2022,2022_II,Ukraine,FALSE,GEO,5,Georgia,Asia,Europe & Central Asia,non-Schengen,f,18_59
2022,2022_II,Ukraine,FALSE,GEO,1,Georgia,Asia,Europe & Central Asia,non-Schengen,f,60
2022,2022_II,Ukraine,FALSE,GEO,37,Georgia,Asia,Europe & Central Asia,non-Schengen,m,18_59
2022,2022_II,Ukraine,FALSE,GHA,1,Ghana,Africa,Sub-Saharan Africa,non-Schengen,f,18_59
2022,2022_II,Ukraine,FALSE,GHA,10,Ghana,Africa,Sub-Saharan Africa,non-Schengen,m,18_59
2022,2022_II,Ukraine,FALSE,GMB,1,Gambia,Africa,Sub-Saharan Africa,non-Schengen,m,18_59
2022,2022_II,Ukraine,FALSE,IND,5,India,Asia,South Asia,non-Schengen,f,18_59
2022,2022_II,Ukraine,FALSE,IND,23,India,Asia,South Asia,non-Schengen,m,18_59
2022,2022_II,Ukraine,FALSE,IRN,14,Iran,Asia,"Middle East, North Africa, Afghanistan & Pakistan",non-Schengen,f,18_59
2022,2022_II,Ukraine,FALSE,IRN,23,Iran,Asia,"Middle East, North Africa, Afghanistan & Pakistan",non-Schengen,m,18_59
2022,2022_II,Ukraine,FALSE,IRQ,2,Iraq,Asia,"Middle East, North Africa, Afghanistan & Pakistan",non-Schengen,f,18_59
2022,2022_II,Ukraine,FALSE,IRQ,21,Iraq,Asia,"Middle East, North Africa, Afghanistan & Pakistan",non-Schengen,m,18_59
2022,2022_II,Ukraine,FALSE,ISR,1,Israel,Asia,"Middle East, North Africa, Afghanistan & Pakistan",non-Schengen,m,18_59
2022,2022_II,Ukraine,FALSE,JOR,8,Jordan,Asia,"Middle East, North Africa, Afghanistan & Pakistan",non-Schengen,m,18_59
2022,2022_II,Ukraine,FALSE,KAZ,3,Kazakhstan,Asia,Europe & Central Asia,non-Schengen,f,18_59
2022,2022_II,Ukraine,FALSE,KAZ,3,Kazakhstan,Asia,Europe & Central Asia,non-Schengen,m,18_59
2022,2022_II,Ukraine,FALSE,KEN,1,Kenya,Africa,Sub-Saharan Africa,non-Schengen,m,18_59
2022,2022_II,Ukraine,FALSE,KGZ,2,Kyrgyzstan,Asia,Europe & Central Asia,non-Schengen,f,17
2022,2022_II,Ukraine,FALSE,KGZ,7,Kyrgyzstan,Asia,Europe & Central Asia,non-Schengen,f,18_59
2022,2022_II,Ukraine,FALSE,KGZ,2,Kyrgyzstan,Asia,Europe & Central Asia,non-Schengen,m,17
2022,2022_II,Ukraine,FALSE,KGZ,15,Kyrgyzstan,Asia,Europe & Central Asia,non-Schengen,m,18_59
2022,2022_II,Ukraine,FALSE,LBN,14,Lebanon,Asia,"Middle East, North Africa, Afghanistan & Pakistan",non-Schengen,m,18_59
2022,2022_II,Ukraine,FALSE,LBY,2,Libya,Africa,"Middle East, North Africa, Afghanistan & Pakistan",non-Schengen,f,17
2022,2022_II,Ukraine,FALSE,LBY,2,Libya,Africa,"Middle East, North Africa, Afghanistan & Pakistan",non-Schengen,f,18_59
2022,2022_II,Ukraine,FALSE,LBY,1,Libya,Africa,"Middle East, North Africa, Afghanistan & Pakistan",non-Schengen,m,17
2022,2022_II,Ukraine,FALSE,LBY,12,Libya,Africa,"Middle East, North Africa, Afghanistan & Pakistan",non-Schengen,m,18_59
2022,2022_II,Ukraine,FALSE,LKA,1,Sri Lanka,Asia,South Asia,non-Schengen,m,18_59
2022,2022_II,Ukraine,FALSE,MAR,19,Morocco,Africa,"Middle East, North Africa, Afghanistan & Pakistan",non-Schengen,f,18_59
2022,2022_II,Ukraine,FALSE,MAR,62,Morocco,Africa,"Middle East, North Africa, Afghanistan & Pakistan",non-Schengen,m,18_59
2022,2022_II,Ukraine,FALSE,MDA,3,Moldova,Europe,Europe & Central Asia,non-Schengen,f,17
2022,2022_II,Ukraine,FALSE,MDA,56,Moldova,Europe,Europe & Central Asia,non-Schengen,f,18_59
2022,2022_II,Ukraine,FALSE,MDA,6,Moldova,Europe,Europe & Central Asia,non-Schengen,m,17
2022,2022_II,Ukraine,FALSE,MDA,189,Moldova,Europe,Europe & Central Asia,non-Schengen,m,18_59
2022,2022_II,Ukraine,FALSE,MDA,2,Moldova,Europe,Europe & Central Asia,non-Schengen,m,60
2022,2022_II,Ukraine,FALSE,MDG,1,Madagascar,Africa,Sub-Saharan Africa,non-Schengen,f,18_59
2022,2022_II,Ukraine,FALSE,MDG,1,Madagascar,Africa,Sub-Saharan Africa,non-Schengen,m,18_59
2022,2022_II,Ukraine,FALSE,NGA,13,Nigeria,Africa,Sub-Saharan Africa,non-Schengen,f,18_59
2022,2022_II,Ukraine,FALSE,NGA,63,Nigeria,Africa,Sub-Saharan Africa,non-Schengen,m,18_59
2022,2022_II,Ukraine,FALSE,PAK,1,Pakistan,Asia,"Middle East, North Africa, Afghanistan & Pakistan",non-Schengen,f,18_59
2022,2022_II,Ukraine,FALSE,PAK,15,Pakistan,Asia,"Middle East, North Africa, Afghanistan & Pakistan",non-Schengen,m,18_59
2022,2022_II,Ukraine,FALSE,PER,1,Peru,Americas,Latin America & Caribbean,non-Schengen,m,18_59
2022,2022_II,Ukraine,FALSE,PHL,1,Philippines,Asia,East Asia & Pacific,non-Schengen,m,18_59
2022,2022_II,Ukraine,FALSE,PSE,10,Palestinian Territories,Asia,"Middle East, North Africa, Afghanistan & Pakistan",non-Schengen,m,18_59
2022,2022_II,Ukraine,FALSE,RUS,4,Russia,Europe,Europe & Central Asia,non-Schengen,f,17
2022,2022_II,Ukraine,FALSE,RUS,50,Russia,Europe,Europe & Central Asia,non-Schengen,f,18_59
2022,2022_II,Ukraine,FALSE,RUS,36,Russia,Europe,Europe & Central Asia,non-Schengen,f,60
2022,2022_II,Ukraine,FALSE,RUS,33,Russia,Europe,Europe & Central Asia,non-Schengen,m,18_59
2022,2022_II,Ukraine,FALSE,RUS,11,Russia,Europe,Europe & Central Asia,non-Schengen,m,60
2022,2022_II,Ukraine,FALSE,SDN,1,Sudan,Africa,Sub-Saharan Africa,non-Schengen,f,18_59
2022,2022_II,Ukraine,FALSE,SDN,6,Sudan,Africa,Sub-Saharan Africa,non-Schengen,m,18_59
2022,2022_II,Ukraine,FALSE,SLE,1,Sierra Leone,Africa,Sub-Saharan Africa,non-Schengen,f,18_59
2022,2022_II,Ukraine,FALSE,SLE,1,Sierra Leone,Africa,Sub-Saharan Africa,non-Schengen,m,18_59
2022,2022_II,Ukraine,FALSE,SRB,1,Serbia,Europe,Europe & Central Asia,non-Schengen,m,18_59
2022,2022_II,Ukraine,FALSE,SYR,18,Syria,Asia,"Middle East, North Africa, Afghanistan & Pakistan",non-Schengen,m,18_59
2022,2022_II,Ukraine,FALSE,TGO,1,Togo,Africa,Sub-Saharan Africa,non-Schengen,m,18_59
2022,2022_II,Ukraine,FALSE,TJK,7,Tajikistan,Asia,Europe & Central Asia,non-Schengen,f,18_59
2022,2022_II,Ukraine,FALSE,TJK,1,Tajikistan,Asia,Europe & Central Asia,non-Schengen,f,60
2022,2022_II,Ukraine,FALSE,TJK,2,Tajikistan,Asia,Europe & Central Asia,non-Schengen,m,17
2022,2022_II,Ukraine,FALSE,TJK,26,Tajikistan,Asia,Europe & Central Asia,non-Schengen,m,18_59
2022,2022_II,Ukraine,FALSE,TKM,29,Turkmenistan,Asia,Europe & Central Asia,non-Schengen,f,18_59
2022,2022_II,Ukraine,FALSE,TKM,97,Turkmenistan,Asia,Europe & Central Asia,non-Schengen,m,18_59
2022,2022_II,Ukraine,FALSE,TUN,2,Tunisia,Africa,"Middle East, North Africa, Afghanistan & Pakistan",non-Schengen,f,18_59
2022,2022_II,Ukraine,FALSE,TUN,2,Tunisia,Africa,"Middle East, North Africa, Afghanistan & Pakistan",non-Schengen,m,18_59
2022,2022_II,Ukraine,FALSE,TUR,3,Turkey,Asia,Europe & Central Asia,non-Schengen,f,17
2022,2022_II,Ukraine,FALSE,TUR,2,Turkey,Asia,Europe & Central Asia,non-Schengen,f,18_59
2022,2022_II,Ukraine,FALSE,TUR,52,Turkey,Asia,Europe & Central Asia,non-Schengen,m,18_59
2022,2022_II,Ukraine,FALSE,TWN,1,Taiwan,Asia,East Asia & Pacific,non-Schengen,m,18_59
2022,2022_II,Ukraine,FALSE,UKR,2,Ukraine,Europe,Europe & Central Asia,non-Schengen,f,17
2022,2022_II,Ukraine,FALSE,UKR,7,Ukraine,Europe,Europe & Central Asia,non-Schengen,f,18_59
2022,2022_II,Ukraine,FALSE,UKR,1,Ukraine,Europe,Europe & Central Asia,non-Schengen,f,60
2022,2022_II,Ukraine,FALSE,UKR,1,Ukraine,Europe,Europe & Central Asia,non-Schengen,m,17
2022,2022_II,Ukraine,FALSE,UKR,10,Ukraine,Europe,Europe & Central Asia,non-Schengen,m,18_59
2022,2022_II,Ukraine,FALSE,UZB,2,Uzbekistan,Asia,Europe & Central Asia,non-Schengen,f,18_59
2022,2022_II,Ukraine,FALSE,UZB,1,Uzbekistan,Asia,Europe & Central Asia,non-Schengen,f,60
2022,2022_II,Ukraine,FALSE,UZB,19,Uzbekistan,Asia,Europe & Central Asia,non-Schengen,m,18_59
2022,2022_II,Ukraine,FALSE,VNM,10,Vietnam,Asia,East Asia & Pacific,non-Schengen,f,18_59
2022,2022_II,Ukraine,FALSE,VNM,1,Vietnam,Asia,East Asia & Pacific,non-Schengen,m,17
2022,2022_II,Ukraine,FALSE,VNM,12,Vietnam,Asia,East Asia & Pacific,non-Schengen,m,18_59
2022,2022_II,Ukraine,FALSE,XXX,1,Stateless,other/unknown,other/unknown,non-Schengen,m,18_59
2022,2022_II,Ukraine,FALSE,YEM,1,Yemen,Asia,"Middle East, North Africa, Afghanistan & Pakistan",non-Schengen,m,18_59
2022,2022_II,Ukraine,FALSE,ZAF,1,South Africa,Africa,Sub-Saharan Africa,non-Schengen,m,60
2022,2022_II,Ukraine,TRUE,MAR,1,Morocco,Africa,"Middle East, North Africa, Afghanistan & Pakistan",non-Schengen,m,18_59
2022,2022_II,country,FALSE,AFG,1,Afghanistan,Asia,"Middle East, North Africa, Afghanistan & Pakistan",non-Schengen,m,17
2022,2022_II,country,FALSE,AFG,12,Afghanistan,Asia,"Middle East, North Africa, Afghanistan & Pakistan",non-Schengen,m,18_59
2022,2022_II,country,FALSE,AGO,2,Angola,Africa,Sub-Saharan Africa,non-Schengen,f,18_59
2022,2022_II,country,FALSE,ALB,1,Albania,Europe,Europe & Central Asia,non-Schengen,f,18_59
2022,2022_II,country,FALSE,ALB,5,Albania,Europe,Europe & Central Asia,non-Schengen,m,18_59
2022,2022_II,country,FALSE,ARM,3,Armenia,Asia,Europe & Central Asia,non-Schengen,f,18_59
2022,2022_II,country,FALSE,ARM,3,Armenia,Asia,Europe & Central Asia,non-Schengen,m,17
2022,2022_II,country,FALSE,ARM,4,Armenia,Asia,Europe & Central Asia,non-Schengen,m,18_59
2022,2022_II,country,FALSE,AUS,1,Australia,Oceania,East Asia & Pacific,non-Schengen,m,18_59
2022,2022_II,country,FALSE,AZE,1,Azerbaijan,Asia,Europe & Central Asia,non-Schengen,f,17
2022,2022_II,country,FALSE,AZE,1,Azerbaijan,Asia,Europe & Central Asia,non-Schengen,m,17
2022,2022_II,country,FALSE,AZE,17,Azerbaijan,Asia,Europe & Central Asia,non-Schengen,m,18_59
2022,2022_II,country,FALSE,BGD,6,Bangladesh,Asia,South Asia,non-Schengen,m,18_59
2022,2022_II,country,FALSE,BLR,2,Belarus,Europe,Europe & Central Asia,non-Schengen,f,17
2022,2022_II,country,FALSE,BLR,16,Belarus,Europe,Europe & Central Asia,non-Schengen,f,18_59
2022,2022_II,country,FALSE,BLR,1,Belarus,Europe,Europe & Central Asia,non-Schengen,f,60
2022,2022_II,country,FALSE,BLR,3,Belarus,Europe,Europe & Central Asia,non-Schengen,m,17
2022,2022_II,country,FALSE,BLR,104,Belarus,Europe,Europe & Central Asia,non-Schengen,m,18_59
2022,2022_II,country,FALSE,BRA,2,Brazil,Americas,Latin America & Caribbean,non-Schengen,m,18_59
2022,2022_II,country,FALSE,CHN,1,China,Asia,East Asia & Pacific,non-Schengen,f,18_59
2022,2022_II,country,FALSE,CHN,3,China,Asia,East Asia & Pacific,non-Schengen,m,18_59
2022,2022_II,country,FALSE,CMR,1,Cameroon,Africa,Sub-Saharan Africa,non-Schengen,f,17
2022,2022_II,country,FALSE,CMR,3,Cameroon,Africa,Sub-Saharan Africa,non-Schengen,m,18_59
2022,2022_II,country,FALSE,COD,5,Congo - Kinshasa,Africa,Sub-Saharan Africa,non-Schengen,m,18_59
2022,2022_II,country,FALSE,COL,1,Colombia,Americas,Latin America & Caribbean,non-Schengen,f,18_59
2022,2022_II,country,FALSE,COL,7,Colombia,Americas,Latin America & Caribbean,non-Schengen,m,18_59
2022,2022_II,country,FALSE,CUB,1,Cuba,Americas,Latin America & Caribbean,non-Schengen,m,18_59
2022,2022_II,country,FALSE,DZA,2,Algeria,Africa,"Middle East, North Africa, Afghanistan & Pakistan",non-Schengen,m,18_59
2022,2022_II,country,FALSE,EGY,9,Egypt,Africa,"Middle East, North Africa, Afghanistan & Pakistan",non-Schengen,m,18_59
2022,2022_II,country,FALSE,ETH,4,Ethiopia,Africa,Sub-Saharan Africa,non-Schengen,f,18_59
2022,2022_II,country,FALSE,ETH,3,Ethiopia,Africa,Sub-Saharan Africa,non-Schengen,m,18_59
2022,2022_II,country,FALSE,GBR,1,United Kingdom,Europe,Europe & Central Asia,non-Schengen,m,18_59
2022,2022_II,country,FALSE,GEO,9,Georgia,Asia,Europe & Central Asia,non-Schengen,f,18_59
2022,2022_II,country,FALSE,GEO,1,Georgia,Asia,Europe & Central Asia,non-Schengen,f,60
2022,2022_II,country,FALSE,GEO,324,Georgia,Asia,Europe & Central Asia,non-Schengen,m,18_59
2022,2022_II,country,FALSE,GEO,1,Georgia,Asia,Europe & Central Asia,non-Schengen,m,60
2022,2022_II,country,FALSE,GHA,1,Ghana,Africa,Sub-Saharan Africa,non-Schengen,f,18_59
2022,2022_II,country,FALSE,GHA,4,Ghana,Africa,Sub-Saharan Africa,non-Schengen,m,18_59
2022,2022_II,country,FALSE,GTM,1,Guatemala,Americas,Latin America & Caribbean,non-Schengen,m,18_59
2022,2022_II,country,FALSE,IDN,1,Indonesia,Asia,East Asia & Pacific,non-Schengen,f,18_59
2022,2022_II,country,FALSE,IDN,1,Indonesia,Asia,East Asia & Pacific,non-Schengen,m,18_59
2022,2022_II,country,FALSE,IND,2,India,Asia,South Asia,non-Schengen,f,18_59
2022,2022_II,country,FALSE,IND,38,India,Asia,South Asia,non-Schengen,m,18_59
2022,2022_II,country,FALSE,IRN,2,Iran,Asia,"Middle East, North Africa, Afghanistan & Pakistan",non-Schengen,m,18_59
2022,2022_II,country,FALSE,IRQ,2,Iraq,Asia,"Middle East, North Africa, Afghanistan & Pakistan",non-Schengen,f,17
2022,2022_II,country,FALSE,IRQ,2,Iraq,Asia,"Middle East, North Africa, Afghanistan & Pakistan",non-Schengen,f,18_59
2022,2022_II,country,FALSE,IRQ,1,Iraq,Asia,"Middle East, North Africa, Afghanistan & Pakistan",non-Schengen,m,17
2022,2022_II,country,FALSE,IRQ,7,Iraq,Asia,"Middle East, North Africa, Afghanistan & Pakistan",non-Schengen,m,18_59
2022,2022_II,country,FALSE,ISR,1,Israel,Asia,"Middle East, North Africa, Afghanistan & Pakistan",non-Schengen,m,18_59
2022,2022_II,country,FALSE,JOR,3,Jordan,Asia,"Middle East, North Africa, Afghanistan & Pakistan",non-Schengen,m,18_59
2022,2022_II,country,FALSE,KAZ,2,Kazakhstan,Asia,Europe & Central Asia,non-Schengen,f,18_59
2022,2022_II,country,FALSE,KAZ,11,Kazakhstan,Asia,Europe & Central Asia,non-Schengen,m,18_59
2022,2022_II,country,FALSE,KGZ,1,Kyrgyzstan,Asia,Europe & Central Asia,non-Schengen,m,17
2022,2022_II,country,FALSE,KGZ,5,Kyrgyzstan,Asia,Europe & Central Asia,non-Schengen,m,18_59
2022,2022_II,country,FALSE,KOSOVO,1,KOSOVO,Europe,Europe & Central Asia,non-Schengen,m,18_59
2022,2022_II,country,FALSE,LBY,3,Libya,Africa,"Middle East, North Africa, Afghanistan & Pakistan",non-Schengen,m,18_59
2022,2022_II,country,FALSE,LKA,1,Sri Lanka,Asia,South Asia,non-Schengen,f,18_59
2022,2022_II,country,FALSE,LKA,10,Sri Lanka,Asia,South Asia,non-Schengen,m,18_59
2022,2022_II,country,FALSE,MAR,3,Morocco,Africa,"Middle East, North Africa, Afghanistan & Pakistan",non-Schengen,m,17
2022,2022_II,country,FALSE,MAR,22,Morocco,Africa,"Middle East, North Africa, Afghanistan & Pakistan",non-Schengen,m,18_59
2022,2022_II,country,FALSE,MDA,3,Moldova,Europe,Europe & Central Asia,non-Schengen,f,17
2022,2022_II,country,FALSE,MDA,28,Moldova,Europe,Europe & Central Asia,non-Schengen,f,18_59
2022,2022_II,country,FALSE,MDA,11,Moldova,Europe,Europe & Central Asia,non-Schengen,m,17
2022,2022_II,country,FALSE,MDA,121,Moldova,Europe,Europe & Central Asia,non-Schengen,m,18_59
2022,2022_II,country,FALSE,MEX,1,Mexico,Americas,Latin America & Caribbean,non-Schengen,f,18_59
2022,2022_II,country,FALSE,MEX,6,Mexico,Americas,Latin America & Caribbean,non-Schengen,m,18_59
2022,2022_II,country,FALSE,MKD,1,North Macedonia,Europe,Europe & Central Asia,non-Schengen,m,18_59
2022,2022_II,country,FALSE,NGA,1,Nigeria,Africa,Sub-Saharan Africa,non-Schengen,f,18_59
2022,2022_II,country,FALSE,NGA,17,Nigeria,Africa,Sub-Saharan Africa,non-Schengen,m,18_59
2022,2022_II,country,FALSE,NPL,1,Nepal,Asia,South Asia,non-Schengen,f,18_59
2022,2022_II,country,FALSE,NPL,6,Nepal,Asia,South Asia,non-Schengen,m,18_59
2022,2022_II,country,FALSE,PAK,16,Pakistan,Asia,"Middle East, North Africa, Afghanistan & Pakistan",non-Schengen,m,18_59
2022,2022_II,country,FALSE,PHL,2,Philippines,Asia,East Asia & Pacific,non-Schengen,f,18_59
2022,2022_II,country,FALSE,PHL,6,Philippines,Asia,East Asia & Pacific,non-Schengen,m,18_59
2022,2022_II,country,FALSE,PRY,5,Paraguay,Americas,Latin America & Caribbean,non-Schengen,m,18_59
2022,2022_II,country,FALSE,PSE,2,Palestinian Territories,Asia,"Middle East, North Africa, Afghanistan & Pakistan",non-Schengen,m,18_59
2022,2022_II,country,FALSE,RUS,5,Russia,Europe,Europe & Central Asia,non-Schengen,f,17
2022,2022_II,country,FALSE,RUS,18,Russia,Europe,Europe & Central Asia,non-Schengen,f,18_59
2022,2022_II,country,FALSE,RUS,1,Russia,Europe,Europe & Central Asia,non-Schengen,f,60
2022,2022_II,country,FALSE,RUS,2,Russia,Europe,Europe & Central Asia,non-Schengen,m,17
2022,2022_II,country,FALSE,RUS,37,Russia,Europe,Europe & Central Asia,non-Schengen,m,18_59
2022,2022_II,country,FALSE,RUS,2,Russia,Europe,Europe & Central Asia,non-Schengen,m,60
2022,2022_II,country,FALSE,RWA,4,Rwanda,Africa,Sub-Saharan Africa,non-Schengen,f,18_59
2022,2022_II,country,FALSE,RWA,3,Rwanda,Africa,Sub-Saharan Africa,non-Schengen,m,18_59
2022,2022_II,country,FALSE,SDN,4,Sudan,Africa,Sub-Saharan Africa,non-Schengen,m,18_59
2022,2022_II,country,FALSE,SRB,1,Serbia,Europe,Europe & Central Asia,non-Schengen,m,18_59
2022,2022_II,country,FALSE,SYR,14,Syria,Asia,"Middle East, North Africa, Afghanistan & Pakistan",non-Schengen,m,18_59
2022,2022_II,country,FALSE,TJK,4,Tajikistan,Asia,Europe & Central Asia,non-Schengen,f,17
2022,2022_II,country,FALSE,TJK,1,Tajikistan,Asia,Europe & Central Asia,non-Schengen,f,18_59
2022,2022_II,country,FALSE,TJK,32,Tajikistan,Asia,Europe & Central Asia,non-Schengen,m,18_59
2022,2022_II,country,FALSE,TKM,33,Turkmenistan,Asia,Europe & Central Asia,non-Schengen,m,18_59
2022,2022_II,country,FALSE,TUN,5,Tunisia,Africa,"Middle East, North Africa, Afghanistan & Pakistan",non-Schengen,m,18_59
2022,2022_II,country,FALSE,TUR,24,Turkey,Asia,Europe & Central Asia,non-Schengen,m,18_59
2022,2022_II,country,FALSE,TUR,1,Turkey,Asia,Europe & Central Asia,non-Schengen,m,60
2022,2022_II,country,FALSE,UKR,3,Ukraine,Europe,Europe & Central Asia,non-Schengen,f,17
2022,2022_II,country,FALSE,UKR,46,Ukraine,Europe,Europe & Central Asia,non-Schengen,f,18_59
2022,2022_II,country,FALSE,UKR,3,Ukraine,Europe,Europe & Central Asia,non-Schengen,f,60
2022,2022_II,country,FALSE,UKR,348,Ukraine,Europe,Europe & Central Asia,non-Schengen,m,18_59
2022,2022_II,country,FALSE,UNK,1,unknown,other/unknown,other/unknown,non-Schengen,f,18_59
2022,2022_II,country,FALSE,UNK,2,unknown,other/unknown,other/unknown,non-Schengen,m,17
2022,2022_II,country,FALSE,UNK,5,unknown,other/unknown,other/unknown,non-Schengen,m,18_59
2022,2022_II,country,FALSE,USA,1,United States,Americas,North America,non-Schengen,m,18_59
2022,2022_II,country,FALSE,UZB,52,Uzbekistan,Asia,Europe & Central Asia,non-Schengen,m,18_59
2022,2022_II,country,FALSE,VEN,3,Venezuela,Americas,Latin America & Caribbean,non-Schengen,m,18_59
2022,2022_II,country,FALSE,VNM,1,Vietnam,Asia,East Asia & Pacific,non-Schengen,f,17
2022,2022_II,country,FALSE,VNM,7,Vietnam,Asia,East Asia & Pacific,non-Schengen,f,18_59
2022,2022_II,country,FALSE,VNM,2,Vietnam,Asia,East Asia & Pacific,non-Schengen,f,60
2022,2022_II,country,FALSE,VNM,3,Vietnam,Asia,East Asia & Pacific,non-Schengen,m,17
2022,2022_II,country,FALSE,VNM,35,Vietnam,Asia,East Asia & Pacific,non-Schengen,m,18_59
2022,2022_II,country,FALSE,XXX,2,Stateless,other/unknown,other/unknown,non-Schengen,m,18_59
2022,2022_II,country,FALSE,YEM,1,Yemen,Asia,"Middle East, North Africa, Afghanistan & Pakistan",non-Schengen,m,18_59
2022,2022_II,country,FALSE,ZMB,1,Zambia,Africa,Sub-Saharan Africa,non-Schengen,m,18_59
2022,2022_II,country,FALSE,ZWE,1,Zimbabwe,Africa,Sub-Saharan Africa,non-Schengen,f,18_59
2022,2022_II,country,FALSE,ZWE,4,Zimbabwe,Africa,Sub-Saharan Africa,non-Schengen,m,18_59
2022,2022_II,country,TRUE,ARM,3,Armenia,Asia,Europe & Central Asia,non-Schengen,m,18_59
2022,2022_II,country,TRUE,AZE,2,Azerbaijan,Asia,Europe & Central Asia,non-Schengen,m,18_59
2022,2022_II,country,TRUE,BHS,1,Bahamas,Americas,Latin America & Caribbean,non-Schengen,m,18_59
2022,2022_II,country,TRUE,BLR,9,Belarus,Europe,Europe & Central Asia,non-Schengen,m,18_59
2022,2022_II,country,TRUE,ETH,3,Ethiopia,Africa,Sub-Saharan Africa,non-Schengen,m,18_59
2022,2022_II,country,TRUE,GEO,1,Georgia,Asia,Europe & Central Asia,non-Schengen,f,18_59
2022,2022_II,country,TRUE,GEO,26,Georgia,Asia,Europe & Central Asia,non-Schengen,m,18_59
2022,2022_II,country,TRUE,IND,1,India,Asia,South Asia,non-Schengen,m,18_59
2022,2022_II,country,TRUE,IRQ,3,Iraq,Asia,"Middle East, North Africa, Afghanistan & Pakistan",non-Schengen,m,18_59
2022,2022_II,country,TRUE,KGZ,1,Kyrgyzstan,Asia,Europe & Central Asia,non-Schengen,m,18_59
2022,2022_II,country,TRUE,MDA,5,Moldova,Europe,Europe & Central Asia,non-Schengen,m,18_59
2022,2022_II,country,TRUE,PAK,1,Pakistan,Asia,"Middle East, North Africa, Afghanistan & Pakistan",non-Schengen,m,18_59
2022,2022_II,country,TRUE,RUS,3,Russia,Europe,Europe & Central Asia,non-Schengen,m,18_59
2022,2022_II,country,TRUE,SYR,4,Syria,Asia,"Middle East, North Africa, Afghanistan & Pakistan",non-Schengen,m,18_59
2022,2022_II,country,TRUE,TJK,3,Tajikistan,Asia,Europe & Central Asia,non-Schengen,m,18_59
2022,2022_II,country,TRUE,TUR,3,Turkey,Asia,Europe & Central Asia,non-Schengen,m,18_59
2022,2022_II,country,TRUE,UKR,2,Ukraine,Europe,Europe & Central Asia,non-Schengen,f,18_59
2022,2022_II,country,TRUE,UKR,24,Ukraine,Europe,Europe & Central Asia,non-Schengen,m,18_59
2022,2022_II,country,TRUE,UZB,2,Uzbekistan,Asia,Europe & Central Asia,non-Schengen,m,18_59
2022,2022_II,country,TRUE,VNM,1,Vietnam,Asia,East Asia & Pacific,non-Schengen,m,18_59
2022,2022_II,external air,FALSE,AFG,1,Afghanistan,Asia,"Middle East, North Africa, Afghanistan & Pakistan",non-Schengen,m,18_59
2022,2022_II,external air,FALSE,ALB,1,Albania,Europe,Europe & Central Asia,non-Schengen,f,18_59
2022,2022_II,external air,FALSE,ALB,1,Albania,Europe,Europe & Central Asia,non-Schengen,m,18_59
2022,2022_II,external air,FALSE,ARM,2,Armenia,Asia,Europe & Central Asia,non-Schengen,f,18_59
2022,2022_II,external air,FALSE,ARM,2,Armenia,Asia,Europe & Central Asia,non-Schengen,m,17
2022,2022_II,external air,FALSE,ARM,2,Armenia,Asia,Europe & Central Asia,non-Schengen,m,18_59
2022,2022_II,external air,FALSE,AUS,1,Australia,Oceania,East Asia & Pacific,non-Schengen,m,18_59
2022,2022_II,external air,FALSE,AZE,1,Azerbaijan,Asia,Europe & Central Asia,non-Schengen,f,17
2022,2022_II,external air,FALSE,AZE,1,Azerbaijan,Asia,Europe & Central Asia,non-Schengen,f,18_59
2022,2022_II,external air,FALSE,AZE,4,Azerbaijan,Asia,Europe & Central Asia,non-Schengen,m,17
2022,2022_II,external air,FALSE,AZE,5,Azerbaijan,Asia,Europe & Central Asia,non-Schengen,m,18_59
2022,2022_II,external air,FALSE,BLR,1,Belarus,Europe,Europe & Central Asia,non-Schengen,f,18_59
2022,2022_II,external air,FALSE,BLR,4,Belarus,Europe,Europe & Central Asia,non-Schengen,m,18_59
2022,2022_II,external air,FALSE,CAN,2,Canada,Americas,North America,non-Schengen,m,18_59
2022,2022_II,external air,FALSE,CAN,1,Canada,Americas,North America,non-Schengen,m,60
2022,2022_II,external air,FALSE,CHN,4,China,Asia,East Asia & Pacific,non-Schengen,f,18_59
2022,2022_II,external air,FALSE,CHN,12,China,Asia,East Asia & Pacific,non-Schengen,m,18_59
2022,2022_II,external air,FALSE,CMR,1,Cameroon,Africa,Sub-Saharan Africa,non-Schengen,f,18_59
2022,2022_II,external air,FALSE,ETH,1,Ethiopia,Africa,Sub-Saharan Africa,non-Schengen,m,18_59
2022,2022_II,external air,FALSE,GBR,7,United Kingdom,Europe,Europe & Central Asia,non-Schengen,m,18_59
2022,2022_II,external air,FALSE,GEO,57,Georgia,Asia,Europe & Central Asia,non-Schengen,f,18_59
2022,2022_II,external air,FALSE,GEO,1,Georgia,Asia,Europe & Central Asia,non-Schengen,f,60
2022,2022_II,external air,FALSE,GEO,565,Georgia,Asia,Europe & Central Asia,non-Schengen,m,18_59
2022,2022_II,external air,FALSE,GEO,5,Georgia,Asia,Europe & Central Asia,non-Schengen,m,60
2022,2022_II,external air,FALSE,GHA,1,Ghana,Africa,Sub-Saharan Africa,non-Schengen,m,18_59
2022,2022_II,external air,FALSE,IND,4,India,Asia,South Asia,non-Schengen,f,18_59
2022,2022_II,external air,FALSE,IND,3,India,Asia,South Asia,non-Schengen,f,60
2022,2022_II,external air,FALSE,IND,15,India,Asia,South Asia,non-Schengen,m,18_59
2022,2022_II,external air,FALSE,IRN,1,Iran,Asia,"Middle East, North Africa, Afghanistan & Pakistan",non-Schengen,f,18_59
2022,2022_II,external air,FALSE,IRN,1,Iran,Asia,"Middle East, North Africa, Afghanistan & Pakistan",non-Schengen,m,18_59
2022,2022_II,external air,FALSE,IRQ,1,Iraq,Asia,"Middle East, North Africa, Afghanistan & Pakistan",non-Schengen,m,18_59
2022,2022_II,external air,FALSE,ISR,1,Israel,Asia,"Middle East, North Africa, Afghanistan & Pakistan",non-Schengen,m,18_59
2022,2022_II,external air,FALSE,JOR,3,Jordan,Asia,"Middle East, North Africa, Afghanistan & Pakistan",non-Schengen,m,18_59
2022,2022_II,external air,FALSE,KAZ,1,Kazakhstan,Asia,Europe & Central Asia,non-Schengen,f,18_59
2022,2022_II,external air,FALSE,KAZ,4,Kazakhstan,Asia,Europe & Central Asia,non-Schengen,m,18_59
2022,2022_II,external air,FALSE,KOR,1,South Korea,Asia,East Asia & Pacific,non-Schengen,m,18_59
2022,2022_II,external air,FALSE,KOSOVO,1,KOSOVO,Europe,Europe & Central Asia,non-Schengen,m,18_59
2022,2022_II,external air,FALSE,MDA,2,Moldova,Europe,Europe & Central Asia,non-Schengen,f,18_59
2022,2022_II,external air,FALSE,MDA,2,Moldova,Europe,Europe & Central Asia,non-Schengen,m,18_59
2022,2022_II,external air,FALSE,MNE,1,Montenegro,Europe,Europe & Central Asia,non-Schengen,m,18_59
2022,2022_II,external air,FALSE,NGA,1,Nigeria,Africa,Sub-Saharan Africa,non-Schengen,m,18_59
2022,2022_II,external air,FALSE,NPL,2,Nepal,Asia,South Asia,non-Schengen,m,18_59
2022,2022_II,external air,FALSE,PAK,1,Pakistan,Asia,"Middle East, North Africa, Afghanistan & Pakistan",non-Schengen,m,18_59
2022,2022_II,external air,FALSE,PHL,3,Philippines,Asia,East Asia & Pacific,non-Schengen,m,18_59
2022,2022_II,external air,FALSE,PRY,1,Paraguay,Americas,Latin America & Caribbean,non-Schengen,m,18_59
2022,2022_II,external air,FALSE,PSE,1,Palestinian Territories,Asia,"Middle East, North Africa, Afghanistan & Pakistan",non-Schengen,f,18_59
2022,2022_II,external air,FALSE,RUS,3,Russia,Europe,Europe & Central Asia,non-Schengen,f,18_59
2022,2022_II,external air,FALSE,RUS,5,Russia,Europe,Europe & Central Asia,non-Schengen,m,18_59
2022,2022_II,external air,FALSE,SAU,1,Saudi Arabia,Asia,"Middle East, North Africa, Afghanistan & Pakistan",non-Schengen,m,18_59
2022,2022_II,external air,FALSE,SDN,1,Sudan,Africa,Sub-Saharan Africa,non-Schengen,m,18_59
2022,2022_II,external air,FALSE,SRB,1,Serbia,Europe,Europe & Central Asia,non-Schengen,f,17
2022,2022_II,external air,FALSE,SRB,2,Serbia,Europe,Europe & Central Asia,non-Schengen,f,18_59
2022,2022_II,external air,FALSE,SRB,1,Serbia,Europe,Europe & Central Asia,non-Schengen,m,17
2022,2022_II,external air,FALSE,SRB,1,Serbia,Europe,Europe & Central Asia,non-Schengen,m,18_59
2022,2022_II,external air,FALSE,SYR,1,Syria,Asia,"Middle East, North Africa, Afghanistan & Pakistan",non-Schengen,m,18_59
2022,2022_II,external air,FALSE,THA,1,Thailand,Asia,East Asia & Pacific,non-Schengen,f,18_59
2022,2022_II,external air,FALSE,TJK,4,Tajikistan,Asia,Europe & Central Asia,non-Schengen,m,18_59
2022,2022_II,external air,FALSE,TUR,4,Turkey,Asia,Europe & Central Asia,non-Schengen,m,18_59
2022,2022_II,external air,FALSE,UKR,11,Ukraine,Europe,Europe & Central Asia,non-Schengen,f,18_59
2022,2022_II,external air,FALSE,UKR,26,Ukraine,Europe,Europe & Central Asia,non-Schengen,m,18_59
2022,2022_II,external air,FALSE,UZB,11,Uzbekistan,Asia,Europe & Central Asia,non-Schengen,m,18_59
2022,2022_II,external air,FALSE,VNM,2,Vietnam,Asia,East Asia & Pacific,non-Schengen,m,18_59
2023,2023_I,Belarus,FALSE,ARM,1,Armenia,Asia,Europe & Central Asia,non-Schengen,m,18_59
2023,2023_I,Belarus,FALSE,AZE,7,Azerbaijan,Asia,Europe & Central Asia,non-Schengen,m,18_59
2023,2023_I,Belarus,FALSE,BLR,5,Belarus,Europe,Europe & Central Asia,non-Schengen,f,17
2023,2023_I,Belarus,FALSE,BLR,74,Belarus,Europe,Europe & Central Asia,non-Schengen,f,18_59
2023,2023_I,Belarus,FALSE,BLR,24,Belarus,Europe,Europe & Central Asia,non-Schengen,f,60
2023,2023_I,Belarus,FALSE,BLR,3,Belarus,Europe,Europe & Central Asia,non-Schengen,m,17
2023,2023_I,Belarus,FALSE,BLR,108,Belarus,Europe,Europe & Central Asia,non-Schengen,m,18_59
2023,2023_I,Belarus,FALSE,BLR,4,Belarus,Europe,Europe & Central Asia,non-Schengen,m,60
2023,2023_I,Belarus,FALSE,CAN,1,Canada,Americas,North America,non-Schengen,m,18_59
2023,2023_I,Belarus,FALSE,CHN,1,China,Asia,East Asia & Pacific,non-Schengen,m,18_59
2023,2023_I,Belarus,FALSE,GBR,1,United Kingdom,Europe,Europe & Central Asia,non-Schengen,f,18_59
2023,2023_I,Belarus,FALSE,GEO,4,Georgia,Asia,Europe & Central Asia,non-Schengen,m,18_59
2023,2023_I,Belarus,FALSE,IRN,1,Iran,Asia,"Middle East, North Africa, Afghanistan & Pakistan",non-Schengen,f,18_59
2023,2023_I,Belarus,FALSE,IRN,1,Iran,Asia,"Middle East, North Africa, Afghanistan & Pakistan",non-Schengen,m,18_59
2023,2023_I,Belarus,FALSE,IRQ,1,Iraq,Asia,"Middle East, North Africa, Afghanistan & Pakistan",non-Schengen,m,18_59
2023,2023_I,Belarus,FALSE,KAZ,1,Kazakhstan,Asia,Europe & Central Asia,non-Schengen,f,60
2023,2023_I,Belarus,FALSE,KAZ,4,Kazakhstan,Asia,Europe & Central Asia,non-Schengen,m,18_59
2023,2023_I,Belarus,FALSE,KGZ,1,Kyrgyzstan,Asia,Europe & Central Asia,non-Schengen,m,18_59
2023,2023_I,Belarus,FALSE,MDA,6,Moldova,Europe,Europe & Central Asia,non-Schengen,m,18_59
2023,2023_I,Belarus,FALSE,MDA,1,Moldova,Europe,Europe & Central Asia,non-Schengen,m,60
2023,2023_I,Belarus,FALSE,MNG,1,Mongolia,Asia,East Asia & Pacific,non-Schengen,f,18_59
2023,2023_I,Belarus,FALSE,MNG,1,Mongolia,Asia,East Asia & Pacific,non-Schengen,m,18_59
2023,2023_I,Belarus,FALSE,PAK,1,Pakistan,Asia,"Middle East, North Africa, Afghanistan & Pakistan",non-Schengen,m,18_59
2023,2023_I,Belarus,FALSE,RUS,12,Russia,Europe,Europe & Central Asia,non-Schengen,f,17
2023,2023_I,Belarus,FALSE,RUS,44,Russia,Europe,Europe & Central Asia,non-Schengen,f,18_59
2023,2023_I,Belarus,FALSE,RUS,7,Russia,Europe,Europe & Central Asia,non-Schengen,f,60
2023,2023_I,Belarus,FALSE,RUS,12,Russia,Europe,Europe & Central Asia,non-Schengen,m,17
2023,2023_I,Belarus,FALSE,RUS,65,Russia,Europe,Europe & Central Asia,non-Schengen,m,18_59
2023,2023_I,Belarus,FALSE,RUS,3,Russia,Europe,Europe & Central Asia,non-Schengen,m,60
2023,2023_I,Belarus,FALSE,SRB,1,Serbia,Europe,Europe & Central Asia,non-Schengen,m,18_59
2023,2023_I,Belarus,FALSE,TJK,7,Tajikistan,Asia,Europe & Central Asia,non-Schengen,m,18_59
2023,2023_I,Belarus,FALSE,UKR,2,Ukraine,Europe,Europe & Central Asia,non-Schengen,f,17
2023,2023_I,Belarus,FALSE,UKR,2,Ukraine,Europe,Europe & Central Asia,non-Schengen,f,18_59
2023,2023_I,Belarus,FALSE,UKR,2,Ukraine,Europe,Europe & Central Asia,non-Schengen,f,60
2023,2023_I,Belarus,FALSE,UKR,2,Ukraine,Europe,Europe & Central Asia,non-Schengen,m,17
2023,2023_I,Belarus,FALSE,UKR,1,Ukraine,Europe,Europe & Central Asia,non-Schengen,m,18_59
2023,2023_I,Belarus,FALSE,UNK,1,unknown,other/unknown,other/unknown,non-Schengen,m,18_59
2023,2023_I,Belarus,FALSE,UZB,10,Uzbekistan,Asia,Europe & Central Asia,non-Schengen,m,18_59
2023,2023_I,Belarus,FALSE,XXX,1,Stateless,other/unknown,other/unknown,non-Schengen,m,18_59
2023,2023_I,Belarus,FALSE,XXX,1,Stateless,other/unknown,other/unknown,non-Schengen,m,60
2023,2023_I,Russia,FALSE,GBR,1,United Kingdom,Europe,Europe & Central Asia,non-Schengen,m,18_59
2023,2023_I,Russia,FALSE,MDA,1,Moldova,Europe,Europe & Central Asia,non-Schengen,f,18_59
2023,2023_I,Russia,FALSE,MDA,3,Moldova,Europe,Europe & Central Asia,non-Schengen,m,18_59
2023,2023_I,Russia,FALSE,RUS,9,Russia,Europe,Europe & Central Asia,non-Schengen,f,18_59
2023,2023_I,Russia,FALSE,RUS,2,Russia,Europe,Europe & Central Asia,non-Schengen,f,60
2023,2023_I,Russia,FALSE,RUS,3,Russia,Europe,Europe & Central Asia,non-Schengen,m,17
2023,2023_I,Russia,FALSE,RUS,11,Russia,Europe,Europe & Central Asia,non-Schengen,m,18_59
2023,2023_I,Russia,FALSE,RUS,2,Russia,Europe,Europe & Central Asia,non-Schengen,m,60
2023,2023_I,Russia,FALSE,TJK,1,Tajikistan,Asia,Europe & Central Asia,non-Schengen,m,18_59
2023,2023_I,Russia,FALSE,UZB,2,Uzbekistan,Asia,Europe & Central Asia,non-Schengen,m,18_59
2023,2023_I,Ukraine,FALSE,AFG,1,Afghanistan,Asia,"Middle East, North Africa, Afghanistan & Pakistan",non-Schengen,f,18_59
2023,2023_I,Ukraine,FALSE,AFG,5,Afghanistan,Asia,"Middle East, North Africa, Afghanistan & Pakistan",non-Schengen,m,18_59
2023,2023_I,Ukraine,FALSE,AGO,1,Angola,Africa,Sub-Saharan Africa,non-Schengen,m,18_59
2023,2023_I,Ukraine,FALSE,ARM,10,Armenia,Asia,Europe & Central Asia,non-Schengen,f,18_59
2023,2023_I,Ukraine,FALSE,ARM,3,Armenia,Asia,Europe & Central Asia,non-Schengen,f,60
2023,2023_I,Ukraine,FALSE,ARM,1,Armenia,Asia,Europe & Central Asia,non-Schengen,m,17
2023,2023_I,Ukraine,FALSE,ARM,12,Armenia,Asia,Europe & Central Asia,non-Schengen,m,18_59
2023,2023_I,Ukraine,FALSE,ARM,2,Armenia,Asia,Europe & Central Asia,non-Schengen,m,60
2023,2023_I,Ukraine,FALSE,AZE,2,Azerbaijan,Asia,Europe & Central Asia,non-Schengen,f,17
2023,2023_I,Ukraine,FALSE,AZE,18,Azerbaijan,Asia,Europe & Central Asia,non-Schengen,f,18_59
2023,2023_I,Ukraine,FALSE,AZE,1,Azerbaijan,Asia,Europe & Central Asia,non-Schengen,f,60
2023,2023_I,Ukraine,FALSE,AZE,1,Azerbaijan,Asia,Europe & Central Asia,non-Schengen,m,17
2023,2023_I,Ukraine,FALSE,AZE,61,Azerbaijan,Asia,Europe & Central Asia,non-Schengen,m,18_59
2023,2023_I,Ukraine,FALSE,BLR,3,Belarus,Europe,Europe & Central Asia,non-Schengen,f,17
2023,2023_I,Ukraine,FALSE,BLR,12,Belarus,Europe,Europe & Central Asia,non-Schengen,f,18_59
2023,2023_I,Ukraine,FALSE,BLR,3,Belarus,Europe,Europe & Central Asia,non-Schengen,m,17
2023,2023_I,Ukraine,FALSE,BLR,7,Belarus,Europe,Europe & Central Asia,non-Schengen,m,18_59
2023,2023_I,Ukraine,FALSE,BRA,1,Brazil,Americas,Latin America & Caribbean,non-Schengen,f,18_59
2023,2023_I,Ukraine,FALSE,BRA,1,Brazil,Americas,Latin America & Caribbean,non-Schengen,m,18_59
2023,2023_I,Ukraine,FALSE,CAF,1,Central African Republic,Africa,Sub-Saharan Africa,non-Schengen,m,18_59
2023,2023_I,Ukraine,FALSE,CHN,2,China,Asia,East Asia & Pacific,non-Schengen,f,18_59
2023,2023_I,Ukraine,FALSE,CHN,10,China,Asia,East Asia & Pacific,non-Schengen,m,18_59
2023,2023_I,Ukraine,FALSE,CIV,1,Côte d’Ivoire,Africa,Sub-Saharan Africa,non-Schengen,m,18_59
2023,2023_I,Ukraine,FALSE,CMR,2,Cameroon,Africa,Sub-Saharan Africa,non-Schengen,f,18_59
2023,2023_I,Ukraine,FALSE,CMR,7,Cameroon,Africa,Sub-Saharan Africa,non-Schengen,m,18_59
2023,2023_I,Ukraine,FALSE,COL,13,Colombia,Americas,Latin America & Caribbean,non-Schengen,m,18_59
2023,2023_I,Ukraine,FALSE,DZA,1,Algeria,Africa,"Middle East, North Africa, Afghanistan & Pakistan",non-Schengen,f,18_59
2023,2023_I,Ukraine,FALSE,DZA,9,Algeria,Africa,"Middle East, North Africa, Afghanistan & Pakistan",non-Schengen,m,18_59
2023,2023_I,Ukraine,FALSE,ECU,1,Ecuador,Americas,Latin America & Caribbean,non-Schengen,f,18_59
2023,2023_I,Ukraine,FALSE,ECU,2,Ecuador,Americas,Latin America & Caribbean,non-Schengen,m,18_59
2023,2023_I,Ukraine,FALSE,EGY,2,Egypt,Africa,"Middle East, North Africa, Afghanistan & Pakistan",non-Schengen,f,18_59
2023,2023_I,Ukraine,FALSE,EGY,15,Egypt,Africa,"Middle East, North Africa, Afghanistan & Pakistan",non-Schengen,m,18_59
2023,2023_I,Ukraine,FALSE,GBR,1,United Kingdom,Europe,Europe & Central Asia,non-Schengen,m,18_59
2023,2023_I,Ukraine,FALSE,GEO,5,Georgia,Asia,Europe & Central Asia,non-Schengen,f,18_59
2023,2023_I,Ukraine,FALSE,GEO,3,Georgia,Asia,Europe & Central Asia,non-Schengen,f,60
2023,2023_I,Ukraine,FALSE,GEO,36,Georgia,Asia,Europe & Central Asia,non-Schengen,m,18_59
2023,2023_I,Ukraine,FALSE,GEO,3,Georgia,Asia,Europe & Central Asia,non-Schengen,m,60
2023,2023_I,Ukraine,FALSE,GHA,3,Ghana,Africa,Sub-Saharan Africa,non-Schengen,f,18_59
2023,2023_I,Ukraine,FALSE,GHA,2,Ghana,Africa,Sub-Saharan Africa,non-Schengen,m,18_59
2023,2023_I,Ukraine,FALSE,IND,7,India,Asia,South Asia,non-Schengen,f,18_59
2023,2023_I,Ukraine,FALSE,IND,23,India,Asia,South Asia,non-Schengen,m,18_59
2023,2023_I,Ukraine,FALSE,IRN,1,Iran,Asia,"Middle East, North Africa, Afghanistan & Pakistan",non-Schengen,f,18_59
2023,2023_I,Ukraine,FALSE,IRN,8,Iran,Asia,"Middle East, North Africa, Afghanistan & Pakistan",non-Schengen,m,18_59
2023,2023_I,Ukraine,FALSE,IRN,1,Iran,Asia,"Middle East, North Africa, Afghanistan & Pakistan",non-Schengen,m,60
2023,2023_I,Ukraine,FALSE,IRQ,1,Iraq,Asia,"Middle East, North Africa, Afghanistan & Pakistan",non-Schengen,f,18_59
2023,2023_I,Ukraine,FALSE,IRQ,13,Iraq,Asia,"Middle East, North Africa, Afghanistan & Pakistan",non-Schengen,m,18_59
2023,2023_I,Ukraine,FALSE,JOR,1,Jordan,Asia,"Middle East, North Africa, Afghanistan & Pakistan",non-Schengen,f,18_59
2023,2023_I,Ukraine,FALSE,JOR,16,Jordan,Asia,"Middle East, North Africa, Afghanistan & Pakistan",non-Schengen,m,18_59
2023,2023_I,Ukraine,FALSE,KAZ,4,Kazakhstan,Asia,Europe & Central Asia,non-Schengen,f,18_59
2023,2023_I,Ukraine,FALSE,KAZ,1,Kazakhstan,Asia,Europe & Central Asia,non-Schengen,m,18_59
2023,2023_I,Ukraine,FALSE,KEN,1,Kenya,Africa,Sub-Saharan Africa,non-Schengen,m,18_59
2023,2023_I,Ukraine,FALSE,KGZ,2,Kyrgyzstan,Asia,Europe & Central Asia,non-Schengen,f,18_59
2023,2023_I,Ukraine,FALSE,LBN,10,Lebanon,Asia,"Middle East, North Africa, Afghanistan & Pakistan",non-Schengen,m,18_59
2023,2023_I,Ukraine,FALSE,LBR,1,Liberia,Africa,Sub-Saharan Africa,non-Schengen,m,18_59
2023,2023_I,Ukraine,FALSE,LBY,11,Libya,Africa,"Middle East, North Africa, Afghanistan & Pakistan",non-Schengen,m,18_59
2023,2023_I,Ukraine,FALSE,MAR,12,Morocco,Africa,"Middle East, North Africa, Afghanistan & Pakistan",non-Schengen,f,18_59
2023,2023_I,Ukraine,FALSE,MAR,31,Morocco,Africa,"Middle East, North Africa, Afghanistan & Pakistan",non-Schengen,m,18_59
2023,2023_I,Ukraine,FALSE,MDA,6,Moldova,Europe,Europe & Central Asia,non-Schengen,f,17
2023,2023_I,Ukraine,FALSE,MDA,66,Moldova,Europe,Europe & Central Asia,non-Schengen,f,18_59
2023,2023_I,Ukraine,FALSE,MDA,6,Moldova,Europe,Europe & Central Asia,non-Schengen,f,60
2023,2023_I,Ukraine,FALSE,MDA,8,Moldova,Europe,Europe & Central Asia,non-Schengen,m,17
2023,2023_I,Ukraine,FALSE,MDA,184,Moldova,Europe,Europe & Central Asia,non-Schengen,m,18_59
2023,2023_I,Ukraine,FALSE,MDA,3,Moldova,Europe,Europe & Central Asia,non-Schengen,m,60
2023,2023_I,Ukraine,FALSE,NGA,14,Nigeria,Africa,Sub-Saharan Africa,non-Schengen,f,18_59
2023,2023_I,Ukraine,FALSE,NGA,33,Nigeria,Africa,Sub-Saharan Africa,non-Schengen,m,18_59
2023,2023_I,Ukraine,FALSE,PAK,5,Pakistan,Asia,"Middle East, North Africa, Afghanistan & Pakistan",non-Schengen,m,18_59
2023,2023_I,Ukraine,FALSE,PER,2,Peru,Americas,Latin America & Caribbean,non-Schengen,m,18_59
2023,2023_I,Ukraine,FALSE,PSE,4,Palestinian Territories,Asia,"Middle East, North Africa, Afghanistan & Pakistan",non-Schengen,m,18_59
2023,2023_I,Ukraine,FALSE,RUS,1,Russia,Europe,Europe & Central Asia,non-Schengen,f,17
2023,2023_I,Ukraine,FALSE,RUS,30,Russia,Europe,Europe & Central Asia,non-Schengen,f,18_59
2023,2023_I,Ukraine,FALSE,RUS,24,Russia,Europe,Europe & Central Asia,non-Schengen,f,60
2023,2023_I,Ukraine,FALSE,RUS,16,Russia,Europe,Europe & Central Asia,non-Schengen,m,18_59
2023,2023_I,Ukraine,FALSE,RUS,11,Russia,Europe,Europe & Central Asia,non-Schengen,m,60
2023,2023_I,Ukraine,FALSE,SDN,1,Sudan,Africa,Sub-Saharan Africa,non-Schengen,m,18_59
2023,2023_I,Ukraine,FALSE,SYR,1,Syria,Asia,"Middle East, North Africa, Afghanistan & Pakistan",non-Schengen,f,18_59
2023,2023_I,Ukraine,FALSE,SYR,1,Syria,Asia,"Middle East, North Africa, Afghanistan & Pakistan",non-Schengen,f,60
2023,2023_I,Ukraine,FALSE,SYR,11,Syria,Asia,"Middle East, North Africa, Afghanistan & Pakistan",non-Schengen,m,18_59
2023,2023_I,Ukraine,FALSE,SYR,1,Syria,Asia,"Middle East, North Africa, Afghanistan & Pakistan",non-Schengen,m,60
2023,2023_I,Ukraine,FALSE,TJK,3,Tajikistan,Asia,Europe & Central Asia,non-Schengen,f,18_59
2023,2023_I,Ukraine,FALSE,TJK,1,Tajikistan,Asia,Europe & Central Asia,non-Schengen,f,60
2023,2023_I,Ukraine,FALSE,TJK,10,Tajikistan,Asia,Europe & Central Asia,non-Schengen,m,18_59
2023,2023_I,Ukraine,FALSE,TKM,16,Turkmenistan,Asia,Europe & Central Asia,non-Schengen,f,18_59
2023,2023_I,Ukraine,FALSE,TKM,54,Turkmenistan,Asia,Europe & Central Asia,non-Schengen,m,18_59
2023,2023_I,Ukraine,FALSE,TUN,3,Tunisia,Africa,"Middle East, North Africa, Afghanistan & Pakistan",non-Schengen,m,18_59
2023,2023_I,Ukraine,FALSE,TUR,1,Turkey,Asia,Europe & Central Asia,non-Schengen,f,17
2023,2023_I,Ukraine,FALSE,TUR,2,Turkey,Asia,Europe & Central Asia,non-Schengen,f,18_59
2023,2023_I,Ukraine,FALSE,TUR,32,Turkey,Asia,Europe & Central Asia,non-Schengen,m,18_59
2023,2023_I,Ukraine,FALSE,UKR,2,Ukraine,Europe,Europe & Central Asia,non-Schengen,f,17
2023,2023_I,Ukraine,FALSE,UKR,11,Ukraine,Europe,Europe & Central Asia,non-Schengen,f,18_59
2023,2023_I,Ukraine,FALSE,UKR,2,Ukraine,Europe,Europe & Central Asia,non-Schengen,f,60
2023,2023_I,Ukraine,FALSE,UKR,2,Ukraine,Europe,Europe & Central Asia,non-Schengen,m,17
2023,2023_I,Ukraine,FALSE,UKR,9,Ukraine,Europe,Europe & Central Asia,non-Schengen,m,18_59
2023,2023_I,Ukraine,FALSE,UKR,2,Ukraine,Europe,Europe & Central Asia,non-Schengen,m,60
2023,2023_I,Ukraine,FALSE,UNK,1,unknown,other/unknown,other/unknown,non-Schengen,m,18_59
2023,2023_I,Ukraine,FALSE,UZB,3,Uzbekistan,Asia,Europe & Central Asia,non-Schengen,f,17
2023,2023_I,Ukraine,FALSE,UZB,12,Uzbekistan,Asia,Europe & Central Asia,non-Schengen,f,18_59
2023,2023_I,Ukraine,FALSE,UZB,3,Uzbekistan,Asia,Europe & Central Asia,non-Schengen,m,17
2023,2023_I,Ukraine,FALSE,UZB,19,Uzbekistan,Asia,Europe & Central Asia,non-Schengen,m,18_59
2023,2023_I,Ukraine,FALSE,VNM,8,Vietnam,Asia,East Asia & Pacific,non-Schengen,f,18_59
2023,2023_I,Ukraine,FALSE,VNM,2,Vietnam,Asia,East Asia & Pacific,non-Schengen,f,60
2023,2023_I,Ukraine,FALSE,VNM,6,Vietnam,Asia,East Asia & Pacific,non-Schengen,m,18_59
2023,2023_I,Ukraine,FALSE,XXX,2,Stateless,other/unknown,other/unknown,non-Schengen,f,18_59
2023,2023_I,Ukraine,FALSE,XXX,1,Stateless,other/unknown,other/unknown,non-Schengen,m,17
2023,2023_I,Ukraine,FALSE,XXX,11,Stateless,other/unknown,other/unknown,non-Schengen,m,18_59
2023,2023_I,Ukraine,FALSE,ZAF,2,South Africa,Africa,Sub-Saharan Africa,non-Schengen,m,18_59
2023,2023_I,Ukraine,FALSE,ZMB,1,Zambia,Africa,Sub-Saharan Africa,non-Schengen,f,18_59
2023,2023_I,Ukraine,FALSE,ZWE,2,Zimbabwe,Africa,Sub-Saharan Africa,non-Schengen,f,18_59
2023,2023_I,country,FALSE,AFG,12,Afghanistan,Asia,"Middle East, North Africa, Afghanistan & Pakistan",non-Schengen,m,18_59
2023,2023_I,country,FALSE,ALB,1,Albania,Europe,Europe & Central Asia,non-Schengen,m,18_59
2023,2023_I,country,FALSE,ARG,3,Argentina,Americas,Latin America & Caribbean,non-Schengen,m,18_59
2023,2023_I,country,FALSE,ARM,1,Armenia,Asia,Europe & Central Asia,non-Schengen,f,18_59
2023,2023_I,country,FALSE,ARM,12,Armenia,Asia,Europe & Central Asia,non-Schengen,m,18_59
2023,2023_I,country,FALSE,AZE,19,Azerbaijan,Asia,Europe & Central Asia,non-Schengen,m,18_59
2023,2023_I,country,FALSE,BDI,1,Burundi,Africa,Sub-Saharan Africa,non-Schengen,m,18_59
2023,2023_I,country,FALSE,BGD,10,Bangladesh,Asia,South Asia,non-Schengen,m,18_59
2023,2023_I,country,FALSE,BLR,15,Belarus,Europe,Europe & Central Asia,non-Schengen,f,18_59
2023,2023_I,country,FALSE,BLR,1,Belarus,Europe,Europe & Central Asia,non-Schengen,f,60
2023,2023_I,country,FALSE,BLR,123,Belarus,Europe,Europe & Central Asia,non-Schengen,m,18_59
2023,2023_I,country,FALSE,BLR,1,Belarus,Europe,Europe & Central Asia,non-Schengen,m,60
2023,2023_I,country,FALSE,BRA,1,Brazil,Americas,Latin America & Caribbean,non-Schengen,f,18_59
2023,2023_I,country,FALSE,BRA,3,Brazil,Americas,Latin America & Caribbean,non-Schengen,m,18_59
2023,2023_I,country,FALSE,CAN,1,Canada,Americas,North America,non-Schengen,f,18_59
2023,2023_I,country,FALSE,CAN,3,Canada,Americas,North America,non-Schengen,m,18_59
2023,2023_I,country,FALSE,CHN,1,China,Asia,East Asia & Pacific,non-Schengen,f,18_59
2023,2023_I,country,FALSE,CHN,1,China,Asia,East Asia & Pacific,non-Schengen,f,60
2023,2023_I,country,FALSE,CHN,8,China,Asia,East Asia & Pacific,non-Schengen,m,18_59
2023,2023_I,country,FALSE,CIV,1,Côte d’Ivoire,Africa,Sub-Saharan Africa,non-Schengen,m,18_59
2023,2023_I,country,FALSE,COD,1,Congo - Kinshasa,Africa,Sub-Saharan Africa,non-Schengen,f,18_59
2023,2023_I,country,FALSE,COG,1,Congo - Brazzaville,Africa,Sub-Saharan Africa,non-Schengen,m,18_59
2023,2023_I,country,FALSE,COL,5,Colombia,Americas,Latin America & Caribbean,non-Schengen,f,18_59
2023,2023_I,country,FALSE,COL,9,Colombia,Americas,Latin America & Caribbean,non-Schengen,m,18_59
2023,2023_I,country,FALSE,CUB,1,Cuba,Americas,Latin America & Caribbean,non-Schengen,f,18_59
2023,2023_I,country,FALSE,CUB,1,Cuba,Americas,Latin America & Caribbean,non-Schengen,m,17
2023,2023_I,country,FALSE,CUB,2,Cuba,Americas,Latin America & Caribbean,non-Schengen,m,18_59
2023,2023_I,country,FALSE,DZA,11,Algeria,Africa,"Middle East, North Africa, Afghanistan & Pakistan",non-Schengen,m,18_59
2023,2023_I,country,FALSE,EGY,5,Egypt,Africa,"Middle East, North Africa, Afghanistan & Pakistan",non-Schengen,m,18_59
2023,2023_I,country,FALSE,ERI,1,Eritrea,Africa,Sub-Saharan Africa,non-Schengen,m,18_59
2023,2023_I,country,FALSE,ETH,1,Ethiopia,Africa,Sub-Saharan Africa,non-Schengen,f,18_59
2023,2023_I,country,FALSE,ETH,5,Ethiopia,Africa,Sub-Saharan Africa,non-Schengen,m,18_59
2023,2023_I,country,FALSE,GEO,2,Georgia,Asia,Europe & Central Asia,non-Schengen,f,17
2023,2023_I,country,FALSE,GEO,9,Georgia,Asia,Europe & Central Asia,non-Schengen,f,18_59
2023,2023_I,country,FALSE,GEO,2,Georgia,Asia,Europe & Central Asia,non-Schengen,m,17
2023,2023_I,country,FALSE,GEO,322,Georgia,Asia,Europe & Central Asia,non-Schengen,m,18_59
2023,2023_I,country,FALSE,GHA,3,Ghana,Africa,Sub-Saharan Africa,non-Schengen,m,18_59
2023,2023_I,country,FALSE,GMB,1,Gambia,Africa,Sub-Saharan Africa,non-Schengen,m,18_59
2023,2023_I,country,FALSE,GTM,2,Guatemala,Americas,Latin America & Caribbean,non-Schengen,m,18_59
2023,2023_I,country,FALSE,IDN,2,Indonesia,Asia,East Asia & Pacific,non-Schengen,m,18_59
2023,2023_I,country,FALSE,IND,2,India,Asia,South Asia,non-Schengen,f,18_59
2023,2023_I,country,FALSE,IND,41,India,Asia,South Asia,non-Schengen,m,18_59
2023,2023_I,country,FALSE,IRN,4,Iran,Asia,"Middle East, North Africa, Afghanistan & Pakistan",non-Schengen,m,18_59
2023,2023_I,country,FALSE,IRQ,10,Iraq,Asia,"Middle East, North Africa, Afghanistan & Pakistan",non-Schengen,m,18_59
2023,2023_I,country,FALSE,ITA,1,Italy,Europe,Europe & Central Asia,Schengen,m,60
2023,2023_I,country,FALSE,JAM,1,Jamaica,Americas,Latin America & Caribbean,non-Schengen,m,18_59
2023,2023_I,country,FALSE,JOR,1,Jordan,Asia,"Middle East, North Africa, Afghanistan & Pakistan",non-Schengen,m,18_59
2023,2023_I,country,FALSE,KAZ,1,Kazakhstan,Asia,Europe & Central Asia,non-Schengen,f,18_59
2023,2023_I,country,FALSE,KAZ,10,Kazakhstan,Asia,Europe & Central Asia,non-Schengen,m,18_59
2023,2023_I,country,FALSE,KEN,5,Kenya,Africa,Sub-Saharan Africa,non-Schengen,m,18_59
2023,2023_I,country,FALSE,KGZ,1,Kyrgyzstan,Asia,Europe & Central Asia,non-Schengen,f,18_59
2023,2023_I,country,FALSE,KGZ,12,Kyrgyzstan,Asia,Europe & Central Asia,non-Schengen,m,18_59
2023,2023_I,country,FALSE,LKA,1,Sri Lanka,Asia,South Asia,non-Schengen,m,18_59
2023,2023_I,country,FALSE,MAR,7,Morocco,Africa,"Middle East, North Africa, Afghanistan & Pakistan",non-Schengen,m,18_59
2023,2023_I,country,FALSE,MDA,20,Moldova,Europe,Europe & Central Asia,non-Schengen,f,18_59
2023,2023_I,country,FALSE,MDA,3,Moldova,Europe,Europe & Central Asia,non-Schengen,m,17
2023,2023_I,country,FALSE,MDA,111,Moldova,Europe,Europe & Central Asia,non-Schengen,m,18_59
2023,2023_I,country,FALSE,MKD,1,North Macedonia,Europe,Europe & Central Asia,non-Schengen,m,18_59
2023,2023_I,country,FALSE,MLI,1,Mali,Africa,Sub-Saharan Africa,non-Schengen,m,18_59
2023,2023_I,country,FALSE,MNG,2,Mongolia,Asia,East Asia & Pacific,non-Schengen,f,18_59
2023,2023_I,country,FALSE,NGA,8,Nigeria,Africa,Sub-Saharan Africa,non-Schengen,f,18_59
2023,2023_I,country,FALSE,NGA,20,Nigeria,Africa,Sub-Saharan Africa,non-Schengen,m,18_59
2023,2023_I,country,FALSE,NPL,2,Nepal,Asia,South Asia,non-Schengen,f,18_59
2023,2023_I,country,FALSE,NPL,12,Nepal,Asia,South Asia,non-Schengen,m,18_59
2023,2023_I,country,FALSE,PAK,8,Pakistan,Asia,"Middle East, North Africa, Afghanistan & Pakistan",non-Schengen,m,18_59
2023,2023_I,country,FALSE,PHL,4,Philippines,Asia,East Asia & Pacific,non-Schengen,m,18_59
2023,2023_I,country,FALSE,PSE,1,Palestinian Territories,Asia,"Middle East, North Africa, Afghanistan & Pakistan",non-Schengen,m,18_59
2023,2023_I,country,FALSE,ROU,1,Romania,Europe,Europe & Central Asia,non-Schengen,m,18_59
2023,2023_I,country,FALSE,RUS,6,Russia,Europe,Europe & Central Asia,non-Schengen,f,17
2023,2023_I,country,FALSE,RUS,10,Russia,Europe,Europe & Central Asia,non-Schengen,f,18_59
2023,2023_I,country,FALSE,RUS,3,Russia,Europe,Europe & Central Asia,non-Schengen,f,60
2023,2023_I,country,FALSE,RUS,4,Russia,Europe,Europe & Central Asia,non-Schengen,m,17
2023,2023_I,country,FALSE,RUS,43,Russia,Europe,Europe & Central Asia,non-Schengen,m,18_59
2023,2023_I,country,FALSE,RUS,1,Russia,Europe,Europe & Central Asia,non-Schengen,m,60
2023,2023_I,country,FALSE,RWA,7,Rwanda,Africa,Sub-Saharan Africa,non-Schengen,m,18_59
2023,2023_I,country,FALSE,SDN,2,Sudan,Africa,Sub-Saharan Africa,non-Schengen,m,18_59
2023,2023_I,country,FALSE,SEN,2,Senegal,Africa,Sub-Saharan Africa,non-Schengen,m,18_59
2023,2023_I,country,FALSE,SRB,3,Serbia,Europe,Europe & Central Asia,non-Schengen,m,18_59
2023,2023_I,country,FALSE,SYR,1,Syria,Asia,"Middle East, North Africa, Afghanistan & Pakistan",non-Schengen,f,60
2023,2023_I,country,FALSE,SYR,12,Syria,Asia,"Middle East, North Africa, Afghanistan & Pakistan",non-Schengen,m,18_59
2023,2023_I,country,FALSE,TCD,1,Chad,Africa,Sub-Saharan Africa,non-Schengen,m,18_59
2023,2023_I,country,FALSE,TGO,1,Togo,Africa,Sub-Saharan Africa,non-Schengen,m,18_59
2023,2023_I,country,FALSE,TJK,1,Tajikistan,Asia,Europe & Central Asia,non-Schengen,f,18_59
2023,2023_I,country,FALSE,TJK,35,Tajikistan,Asia,Europe & Central Asia,non-Schengen,m,18_59
2023,2023_I,country,FALSE,TKM,69,Turkmenistan,Asia,Europe & Central Asia,non-Schengen,m,18_59
2023,2023_I,country,FALSE,TUN,9,Tunisia,Africa,"Middle East, North Africa, Afghanistan & Pakistan",non-Schengen,m,18_59
2023,2023_I,country,FALSE,TUR,1,Turkey,Asia,Europe & Central Asia,non-Schengen,f,18_59
2023,2023_I,country,FALSE,TUR,29,Turkey,Asia,Europe & Central Asia,non-Schengen,m,18_59
2023,2023_I,country,FALSE,TWN,1,Taiwan,Asia,East Asia & Pacific,non-Schengen,m,18_59
2023,2023_I,country,FALSE,TZA,1,Tanzania,Africa,Sub-Saharan Africa,non-Schengen,m,18_59
2023,2023_I,country,FALSE,UKR,35,Ukraine,Europe,Europe & Central Asia,non-Schengen,f,18_59
2023,2023_I,country,FALSE,UKR,1,Ukraine,Europe,Europe & Central Asia,non-Schengen,f,60
2023,2023_I,country,FALSE,UKR,4,Ukraine,Europe,Europe & Central Asia,non-Schengen,m,17
2023,2023_I,country,FALSE,UKR,326,Ukraine,Europe,Europe & Central Asia,non-Schengen,m,18_59
2023,2023_I,country,FALSE,UKR,1,Ukraine,Europe,Europe & Central Asia,non-Schengen,m,60
2023,2023_I,country,FALSE,UNK,1,unknown,other/unknown,other/unknown,non-Schengen,m,17
2023,2023_I,country,FALSE,UNK,1,unknown,other/unknown,other/unknown,non-Schengen,m,18_59
2023,2023_I,country,FALSE,USA,2,United States,Americas,North America,non-Schengen,m,18_59
2023,2023_I,country,FALSE,UZB,102,Uzbekistan,Asia,Europe & Central Asia,non-Schengen,m,18_59
2023,2023_I,country,FALSE,VEN,1,Venezuela,Americas,Latin America & Caribbean,non-Schengen,f,18_59
2023,2023_I,country,FALSE,VNM,1,Vietnam,Asia,East Asia & Pacific,non-Schengen,f,17
2023,2023_I,country,FALSE,VNM,8,Vietnam,Asia,East Asia & Pacific,non-Schengen,f,18_59
2023,2023_I,country,FALSE,VNM,2,Vietnam,Asia,East Asia & Pacific,non-Schengen,f,60
2023,2023_I,country,FALSE,VNM,1,Vietnam,Asia,East Asia & Pacific,non-Schengen,m,17
2023,2023_I,country,FALSE,VNM,35,Vietnam,Asia,East Asia & Pacific,non-Schengen,m,18_59
2023,2023_I,country,FALSE,XXX,1,Stateless,other/unknown,other/unknown,non-Schengen,f,60
2023,2023_I,country,FALSE,XXX,2,Stateless,other/unknown,other/unknown,non-Schengen,m,18_59
2023,2023_I,country,FALSE,YEM,4,Yemen,Asia,"Middle East, North Africa, Afghanistan & Pakistan",non-Schengen,m,18_59
2023,2023_I,country,FALSE,ZAF,1,South Africa,Africa,Sub-Saharan Africa,non-Schengen,m,18_59
2023,2023_I,country,FALSE,ZWE,1,Zimbabwe,Africa,Sub-Saharan Africa,non-Schengen,f,18_59
2023,2023_I,country,FALSE,ZWE,7,Zimbabwe,Africa,Sub-Saharan Africa,non-Schengen,m,18_59
2023,2023_I,country,TRUE,AZE,1,Azerbaijan,Asia,Europe & Central Asia,non-Schengen,m,18_59
2023,2023_I,country,TRUE,EGY,2,Egypt,Africa,"Middle East, North Africa, Afghanistan & Pakistan",non-Schengen,m,18_59
2023,2023_I,country,TRUE,ETH,1,Ethiopia,Africa,Sub-Saharan Africa,non-Schengen,m,18_59
2023,2023_I,country,TRUE,GEO,9,Georgia,Asia,Europe & Central Asia,non-Schengen,m,18_59
2023,2023_I,country,TRUE,KAZ,1,Kazakhstan,Asia,Europe & Central Asia,non-Schengen,m,18_59
2023,2023_I,country,TRUE,SEN,1,Senegal,Africa,Sub-Saharan Africa,non-Schengen,m,18_59
2023,2023_I,country,TRUE,SOM,1,Somalia,Africa,Sub-Saharan Africa,non-Schengen,f,17
2023,2023_I,country,TRUE,TKM,1,Turkmenistan,Asia,Europe & Central Asia,non-Schengen,m,18_59
2023,2023_I,country,TRUE,UKR,1,Ukraine,Europe,Europe & Central Asia,non-Schengen,f,18_59
2023,2023_I,country,TRUE,UKR,27,Ukraine,Europe,Europe & Central Asia,non-Schengen,m,18_59
2023,2023_I,country,TRUE,UZB,3,Uzbekistan,Asia,Europe & Central Asia,non-Schengen,m,18_59
2023,2023_I,external air,FALSE,ALB,1,Albania,Europe,Europe & Central Asia,non-Schengen,m,18_59
2023,2023_I,external air,FALSE,ARG,1,Argentina,Americas,Latin America & Caribbean,non-Schengen,m,18_59
2023,2023_I,external air,FALSE,ARM,1,Armenia,Asia,Europe & Central Asia,non-Schengen,f,18_59
2023,2023_I,external air,FALSE,ARM,2,Armenia,Asia,Europe & Central Asia,non-Schengen,m,18_59
2023,2023_I,external air,FALSE,AZE,1,Azerbaijan,Asia,Europe & Central Asia,non-Schengen,m,17
2023,2023_I,external air,FALSE,AZE,6,Azerbaijan,Asia,Europe & Central Asia,non-Schengen,m,18_59
2023,2023_I,external air,FALSE,BGD,1,Bangladesh,Asia,South Asia,non-Schengen,m,18_59
2023,2023_I,external air,FALSE,BRA,1,Brazil,Americas,Latin America & Caribbean,non-Schengen,m,18_59
2023,2023_I,external air,FALSE,CHN,4,China,Asia,East Asia & Pacific,non-Schengen,f,18_59
2023,2023_I,external air,FALSE,CHN,8,China,Asia,East Asia & Pacific,non-Schengen,m,18_59
2023,2023_I,external air,FALSE,COL,1,Colombia,Americas,Latin America & Caribbean,non-Schengen,m,18_59
2023,2023_I,external air,FALSE,DZA,1,Algeria,Africa,"Middle East, North Africa, Afghanistan & Pakistan",non-Schengen,m,18_59
2023,2023_I,external air,FALSE,EGY,1,Egypt,Africa,"Middle East, North Africa, Afghanistan & Pakistan",non-Schengen,m,18_59
2023,2023_I,external air,FALSE,GBR,2,United Kingdom,Europe,Europe & Central Asia,non-Schengen,m,18_59
2023,2023_I,external air,FALSE,GEO,58,Georgia,Asia,Europe & Central Asia,non-Schengen,f,18_59
2023,2023_I,external air,FALSE,GEO,1,Georgia,Asia,Europe & Central Asia,non-Schengen,f,60
2023,2023_I,external air,FALSE,GEO,2,Georgia,Asia,Europe & Central Asia,non-Schengen,m,17
2023,2023_I,external air,FALSE,GEO,348,Georgia,Asia,Europe & Central Asia,non-Schengen,m,18_59
2023,2023_I,external air,FALSE,GEO,3,Georgia,Asia,Europe & Central Asia,non-Schengen,m,60
2023,2023_I,external air,FALSE,IND,1,India,Asia,South Asia,non-Schengen,f,18_59
2023,2023_I,external air,FALSE,IND,1,India,Asia,South Asia,non-Schengen,m,17
2023,2023_I,external air,FALSE,IND,10,India,Asia,South Asia,non-Schengen,m,18_59
2023,2023_I,external air,FALSE,IRN,1,Iran,Asia,"Middle East, North Africa, Afghanistan & Pakistan",non-Schengen,m,18_59
2023,2023_I,external air,FALSE,JOR,1,Jordan,Asia,"Middle East, North Africa, Afghanistan & Pakistan",non-Schengen,m,18_59
2023,2023_I,external air,FALSE,KAZ,1,Kazakhstan,Asia,Europe & Central Asia,non-Schengen,m,18_59
2023,2023_I,external air,FALSE,KOR,1,South Korea,Asia,East Asia & Pacific,non-Schengen,m,18_59
2023,2023_I,external air,FALSE,MDA,1,Moldova,Europe,Europe & Central Asia,non-Schengen,f,18_59
2023,2023_I,external air,FALSE,MDA,3,Moldova,Europe,Europe & Central Asia,non-Schengen,m,18_59
2023,2023_I,external air,FALSE,NGA,1,Nigeria,Africa,Sub-Saharan Africa,non-Schengen,f,18_59
2023,2023_I,external air,FALSE,NGA,1,Nigeria,Africa,Sub-Saharan Africa,non-Schengen,m,18_59
2023,2023_I,external air,FALSE,NPL,1,Nepal,Asia,South Asia,non-Schengen,m,18_59
2023,2023_I,external air,FALSE,PAK,2,Pakistan,Asia,"Middle East, North Africa, Afghanistan & Pakistan",non-Schengen,f,18_59
2023,2023_I,external air,FALSE,PAK,1,Pakistan,Asia,"Middle East, North Africa, Afghanistan & Pakistan",non-Schengen,m,18_59
2023,2023_I,external air,FALSE,PSE,1,Palestinian Territories,Asia,"Middle East, North Africa, Afghanistan & Pakistan",non-Schengen,f,18_59
2023,2023_I,external air,FALSE,RUS,2,Russia,Europe,Europe & Central Asia,non-Schengen,f,18_59
2023,2023_I,external air,FALSE,RUS,7,Russia,Europe,Europe & Central Asia,non-Schengen,m,18_59
2023,2023_I,external air,FALSE,SYR,1,Syria,Asia,"Middle East, North Africa, Afghanistan & Pakistan",non-Schengen,m,18_59
2023,2023_I,external air,FALSE,TJK,1,Tajikistan,Asia,Europe & Central Asia,non-Schengen,m,18_59
2023,2023_I,external air,FALSE,TUR,1,Turkey,Asia,Europe & Central Asia,non-Schengen,f,18_59
2023,2023_I,external air,FALSE,TUR,2,Turkey,Asia,Europe & Central Asia,non-Schengen,m,18_59
2023,2023_I,external air,FALSE,UKR,3,Ukraine,Europe,Europe & Central Asia,non-Schengen,f,18_59
2023,2023_I,external air,FALSE,UKR,2,Ukraine,Europe,Europe & Central Asia,non-Schengen,m,17
2023,2023_I,external air,FALSE,UKR,20,Ukraine,Europe,Europe & Central Asia,non-Schengen,m,18_59
2023,2023_I,external air,FALSE,UZB,1,Uzbekistan,Asia,Europe & Central Asia,non-Schengen,f,17
2023,2023_I,external air,FALSE,UZB,3,Uzbekistan,Asia,Europe & Central Asia,non-Schengen,f,18_59
2023,2023_I,external air,FALSE,UZB,4,Uzbekistan,Asia,Europe & Central Asia,non-Schengen,m,17
2023,2023_I,external air,FALSE,UZB,4,Uzbekistan,Asia,Europe & Central Asia,non-Schengen,m,18_59
2023,2023_I,external air,FALSE,VNM,2,Vietnam,Asia,East Asia & Pacific,non-Schengen,m,18_59
2023,2023_I,external air,FALSE,XXX,1,Stateless,other/unknown,other/unknown,non-Schengen,m,18_59
2023,2023_I,external air,TRUE,BGD,1,Bangladesh,Asia,South Asia,non-Schengen,m,18_59
2023,2023_I,internal air,FALSE,TJK,1,Tajikistan,Asia,Europe & Central Asia,non-Schengen,m,18_59
2023,2023_II,Belarus,FALSE,ARM,1,Armenia,Asia,Europe & Central Asia,non-Schengen,f,18_59
2023,2023_II,Belarus,FALSE,ARM,1,Armenia,Asia,Europe & Central Asia,non-Schengen,m,18_59
2023,2023_II,Belarus,FALSE,AZE,1,Azerbaijan,Asia,Europe & Central Asia,non-Schengen,m,18_59
2023,2023_II,Belarus,FALSE,BLR,9,Belarus,Europe,Europe & Central Asia,non-Schengen,f,17
2023,2023_II,Belarus,FALSE,BLR,211,Belarus,Europe,Europe & Central Asia,non-Schengen,f,18_59
2023,2023_II,Belarus,FALSE,BLR,28,Belarus,Europe,Europe & Central Asia,non-Schengen,f,60
2023,2023_II,Belarus,FALSE,BLR,8,Belarus,Europe,Europe & Central Asia,non-Schengen,m,17
2023,2023_II,Belarus,FALSE,BLR,444,Belarus,Europe,Europe & Central Asia,non-Schengen,m,18_59
2023,2023_II,Belarus,FALSE,BLR,3,Belarus,Europe,Europe & Central Asia,non-Schengen,m,60
2023,2023_II,Belarus,FALSE,CHN,2,China,Asia,East Asia & Pacific,non-Schengen,m,18_59
2023,2023_II,Belarus,FALSE,FRA,1,France,Europe,Europe & Central Asia,Schengen,m,18_59
2023,2023_II,Belarus,FALSE,GEO,3,Georgia,Asia,Europe & Central Asia,non-Schengen,f,17
2023,2023_II,Belarus,FALSE,GEO,4,Georgia,Asia,Europe & Central Asia,non-Schengen,f,18_59
2023,2023_II,Belarus,FALSE,GEO,1,Georgia,Asia,Europe & Central Asia,non-Schengen,m,17
2023,2023_II,Belarus,FALSE,GEO,13,Georgia,Asia,Europe & Central Asia,non-Schengen,m,18_59
2023,2023_II,Belarus,FALSE,GMB,1,Gambia,Africa,Sub-Saharan Africa,non-Schengen,m,18_59
2023,2023_II,Belarus,FALSE,KAZ,3,Kazakhstan,Asia,Europe & Central Asia,non-Schengen,m,18_59
2023,2023_II,Belarus,FALSE,KGZ,1,Kyrgyzstan,Asia,Europe & Central Asia,non-Schengen,f,18_59
2023,2023_II,Belarus,FALSE,KGZ,4,Kyrgyzstan,Asia,Europe & Central Asia,non-Schengen,m,18_59
2023,2023_II,Belarus,FALSE,MDA,1,Moldova,Europe,Europe & Central Asia,non-Schengen,f,18_59
2023,2023_II,Belarus,FALSE,MDA,7,Moldova,Europe,Europe & Central Asia,non-Schengen,m,18_59
2023,2023_II,Belarus,FALSE,RUS,7,Russia,Europe,Europe & Central Asia,non-Schengen,f,17
2023,2023_II,Belarus,FALSE,RUS,57,Russia,Europe,Europe & Central Asia,non-Schengen,f,18_59
2023,2023_II,Belarus,FALSE,RUS,11,Russia,Europe,Europe & Central Asia,non-Schengen,f,60
2023,2023_II,Belarus,FALSE,RUS,3,Russia,Europe,Europe & Central Asia,non-Schengen,m,17
2023,2023_II,Belarus,FALSE,RUS,82,Russia,Europe,Europe & Central Asia,non-Schengen,m,18_59
2023,2023_II,Belarus,FALSE,RUS,2,Russia,Europe,Europe & Central Asia,non-Schengen,m,60
2023,2023_II,Belarus,FALSE,SAU,2,Saudi Arabia,Asia,"Middle East, North Africa, Afghanistan & Pakistan",non-Schengen,f,17
2023,2023_II,Belarus,FALSE,TJK,5,Tajikistan,Asia,Europe & Central Asia,non-Schengen,m,18_59
2023,2023_II,Belarus,FALSE,UKR,1,Ukraine,Europe,Europe & Central Asia,non-Schengen,f,60
2023,2023_II,Belarus,FALSE,UKR,3,Ukraine,Europe,Europe & Central Asia,non-Schengen,m,18_59
2023,2023_II,Belarus,FALSE,UZB,1,Uzbekistan,Asia,Europe & Central Asia,non-Schengen,f,18_59
2023,2023_II,Belarus,FALSE,UZB,7,Uzbekistan,Asia,Europe & Central Asia,non-Schengen,m,18_59
2023,2023_II,Belarus,FALSE,XXX,1,Stateless,other/unknown,other/unknown,non-Schengen,m,18_59
2023,2023_II,Belarus,FALSE,ZAF,1,South Africa,Africa,Sub-Saharan Africa,non-Schengen,m,18_59
2023,2023_II,Russia,FALSE,ARM,1,Armenia,Asia,Europe & Central Asia,non-Schengen,m,18_59
2023,2023_II,Russia,FALSE,BLR,1,Belarus,Europe,Europe & Central Asia,non-Schengen,f,18_59
2023,2023_II,Russia,FALSE,BLR,1,Belarus,Europe,Europe & Central Asia,non-Schengen,m,18_59
2023,2023_II,Russia,FALSE,MDA,1,Moldova,Europe,Europe & Central Asia,non-Schengen,f,18_59
2023,2023_II,Russia,FALSE,MDA,2,Moldova,Europe,Europe & Central Asia,non-Schengen,m,18_59
2023,2023_II,Russia,FALSE,RUS,5,Russia,Europe,Europe & Central Asia,non-Schengen,f,18_59
2023,2023_II,Russia,FALSE,RUS,4,Russia,Europe,Europe & Central Asia,non-Schengen,f,60
2023,2023_II,Russia,FALSE,RUS,9,Russia,Europe,Europe & Central Asia,non-Schengen,m,18_59
2023,2023_II,Russia,FALSE,UZB,1,Uzbekistan,Asia,Europe & Central Asia,non-Schengen,m,18_59
2023,2023_II,Ukraine,FALSE,AFG,1,Afghanistan,Asia,"Middle East, North Africa, Afghanistan & Pakistan",non-Schengen,f,18_59
2023,2023_II,Ukraine,FALSE,AFG,7,Afghanistan,Asia,"Middle East, North Africa, Afghanistan & Pakistan",non-Schengen,m,18_59
2023,2023_II,Ukraine,FALSE,AGO,1,Angola,Africa,Sub-Saharan Africa,non-Schengen,f,18_59
2023,2023_II,Ukraine,FALSE,AGO,3,Angola,Africa,Sub-Saharan Africa,non-Schengen,m,18_59
2023,2023_II,Ukraine,FALSE,ALB,1,Albania,Europe,Europe & Central Asia,non-Schengen,m,18_59
2023,2023_II,Ukraine,FALSE,ARM,3,Armenia,Asia,Europe & Central Asia,non-Schengen,f,18_59
2023,2023_II,Ukraine,FALSE,ARM,6,Armenia,Asia,Europe & Central Asia,non-Schengen,f,60
2023,2023_II,Ukraine,FALSE,ARM,11,Armenia,Asia,Europe & Central Asia,non-Schengen,m,18_59
2023,2023_II,Ukraine,FALSE,AUS,1,Australia,Oceania,East Asia & Pacific,non-Schengen,m,18_59
2023,2023_II,Ukraine,FALSE,AZE,1,Azerbaijan,Asia,Europe & Central Asia,non-Schengen,f,17
2023,2023_II,Ukraine,FALSE,AZE,14,Azerbaijan,Asia,Europe & Central Asia,non-Schengen,f,18_59
2023,2023_II,Ukraine,FALSE,AZE,1,Azerbaijan,Asia,Europe & Central Asia,non-Schengen,m,17
2023,2023_II,Ukraine,FALSE,AZE,35,Azerbaijan,Asia,Europe & Central Asia,non-Schengen,m,18_59
2023,2023_II,Ukraine,FALSE,BLR,4,Belarus,Europe,Europe & Central Asia,non-Schengen,f,18_59
2023,2023_II,Ukraine,FALSE,BLR,1,Belarus,Europe,Europe & Central Asia,non-Schengen,m,17
2023,2023_II,Ukraine,FALSE,BLR,3,Belarus,Europe,Europe & Central Asia,non-Schengen,m,18_59
2023,2023_II,Ukraine,FALSE,BRA,1,Brazil,Americas,Latin America & Caribbean,non-Schengen,f,18_59
2023,2023_II,Ukraine,FALSE,BRA,7,Brazil,Americas,Latin America & Caribbean,non-Schengen,m,18_59
2023,2023_II,Ukraine,FALSE,CHN,1,China,Asia,East Asia & Pacific,non-Schengen,f,18_59
2023,2023_II,Ukraine,FALSE,CHN,3,China,Asia,East Asia & Pacific,non-Schengen,m,18_59
2023,2023_II,Ukraine,FALSE,CIV,1,Côte d’Ivoire,Africa,Sub-Saharan Africa,non-Schengen,m,18_59
2023,2023_II,Ukraine,FALSE,CMR,2,Cameroon,Africa,Sub-Saharan Africa,non-Schengen,m,18_59
2023,2023_II,Ukraine,FALSE,COL,1,Colombia,Americas,Latin America & Caribbean,non-Schengen,f,18_59
2023,2023_II,Ukraine,FALSE,COL,22,Colombia,Americas,Latin America & Caribbean,non-Schengen,m,18_59
2023,2023_II,Ukraine,FALSE,CUB,1,Cuba,Americas,Latin America & Caribbean,non-Schengen,m,18_59
2023,2023_II,Ukraine,FALSE,DZA,4,Algeria,Africa,"Middle East, North Africa, Afghanistan & Pakistan",non-Schengen,m,18_59
2023,2023_II,Ukraine,FALSE,ECU,1,Ecuador,Americas,Latin America & Caribbean,non-Schengen,f,18_59
2023,2023_II,Ukraine,FALSE,ECU,1,Ecuador,Americas,Latin America & Caribbean,non-Schengen,m,18_59
2023,2023_II,Ukraine,FALSE,EGY,4,Egypt,Africa,"Middle East, North Africa, Afghanistan & Pakistan",non-Schengen,m,18_59
2023,2023_II,Ukraine,FALSE,GBR,1,United Kingdom,Europe,Europe & Central Asia,non-Schengen,m,18_59
2023,2023_II,Ukraine,FALSE,GEO,7,Georgia,Asia,Europe & Central Asia,non-Schengen,f,18_59
2023,2023_II,Ukraine,FALSE,GEO,2,Georgia,Asia,Europe & Central Asia,non-Schengen,f,60
2023,2023_II,Ukraine,FALSE,GEO,52,Georgia,Asia,Europe & Central Asia,non-Schengen,m,18_59
2023,2023_II,Ukraine,FALSE,GHA,1,Ghana,Africa,Sub-Saharan Africa,non-Schengen,m,18_59
2023,2023_II,Ukraine,FALSE,IND,4,India,Asia,South Asia,non-Schengen,f,18_59
2023,2023_II,Ukraine,FALSE,IND,9,India,Asia,South Asia,non-Schengen,m,18_59
2023,2023_II,Ukraine,FALSE,IRN,1,Iran,Asia,"Middle East, North Africa, Afghanistan & Pakistan",non-Schengen,m,18_59
2023,2023_II,Ukraine,FALSE,IRQ,3,Iraq,Asia,"Middle East, North Africa, Afghanistan & Pakistan",non-Schengen,m,18_59
2023,2023_II,Ukraine,FALSE,JOR,4,Jordan,Asia,"Middle East, North Africa, Afghanistan & Pakistan",non-Schengen,m,18_59
2023,2023_II,Ukraine,FALSE,KAZ,1,Kazakhstan,Asia,Europe & Central Asia,non-Schengen,f,18_59
2023,2023_II,Ukraine,FALSE,KAZ,2,Kazakhstan,Asia,Europe & Central Asia,non-Schengen,m,18_59
2023,2023_II,Ukraine,FALSE,KGZ,2,Kyrgyzstan,Asia,Europe & Central Asia,non-Schengen,m,18_59
2023,2023_II,Ukraine,FALSE,LBN,1,Lebanon,Asia,"Middle East, North Africa, Afghanistan & Pakistan",non-Schengen,m,18_59
2023,2023_II,Ukraine,FALSE,LBY,3,Libya,Africa,"Middle East, North Africa, Afghanistan & Pakistan",non-Schengen,m,18_59
2023,2023_II,Ukraine,FALSE,MAR,3,Morocco,Africa,"Middle East, North Africa, Afghanistan & Pakistan",non-Schengen,f,18_59
2023,2023_II,Ukraine,FALSE,MAR,22,Morocco,Africa,"Middle East, North Africa, Afghanistan & Pakistan",non-Schengen,m,18_59
2023,2023_II,Ukraine,FALSE,MDA,2,Moldova,Europe,Europe & Central Asia,non-Schengen,f,17
2023,2023_II,Ukraine,FALSE,MDA,91,Moldova,Europe,Europe & Central Asia,non-Schengen,f,18_59
2023,2023_II,Ukraine,FALSE,MDA,5,Moldova,Europe,Europe & Central Asia,non-Schengen,f,60
2023,2023_II,Ukraine,FALSE,MDA,5,Moldova,Europe,Europe & Central Asia,non-Schengen,m,17
2023,2023_II,Ukraine,FALSE,MDA,285,Moldova,Europe,Europe & Central Asia,non-Schengen,m,18_59
2023,2023_II,Ukraine,FALSE,MDA,2,Moldova,Europe,Europe & Central Asia,non-Schengen,m,60
2023,2023_II,Ukraine,FALSE,MKD,1,North Macedonia,Europe,Europe & Central Asia,non-Schengen,m,18_59
2023,2023_II,Ukraine,FALSE,NAM,1,Namibia,Africa,Sub-Saharan Africa,non-Schengen,f,18_59
2023,2023_II,Ukraine,FALSE,NGA,6,Nigeria,Africa,Sub-Saharan Africa,non-Schengen,f,18_59
2023,2023_II,Ukraine,FALSE,NGA,31,Nigeria,Africa,Sub-Saharan Africa,non-Schengen,m,18_59
2023,2023_II,Ukraine,FALSE,PAK,7,Pakistan,Asia,"Middle East, North Africa, Afghanistan & Pakistan",non-Schengen,m,18_59
2023,2023_II,Ukraine,FALSE,PER,2,Peru,Americas,Latin America & Caribbean,non-Schengen,m,18_59
2023,2023_II,Ukraine,FALSE,PHL,1,Philippines,Asia,East Asia & Pacific,non-Schengen,f,18_59
2023,2023_II,Ukraine,FALSE,RUS,3,Russia,Europe,Europe & Central Asia,non-Schengen,f,17
2023,2023_II,Ukraine,FALSE,RUS,13,Russia,Europe,Europe & Central Asia,non-Schengen,f,18_59
2023,2023_II,Ukraine,FALSE,RUS,20,Russia,Europe,Europe & Central Asia,non-Schengen,f,60
2023,2023_II,Ukraine,FALSE,RUS,1,Russia,Europe,Europe & Central Asia,non-Schengen,m,17
2023,2023_II,Ukraine,FALSE,RUS,11,Russia,Europe,Europe & Central Asia,non-Schengen,m,18_59
2023,2023_II,Ukraine,FALSE,RUS,4,Russia,Europe,Europe & Central Asia,non-Schengen,m,60
2023,2023_II,Ukraine,FALSE,SDN,1,Sudan,Africa,Sub-Saharan Africa,non-Schengen,m,18_59
2023,2023_II,Ukraine,FALSE,SEN,1,Senegal,Africa,Sub-Saharan Africa,non-Schengen,m,18_59
2023,2023_II,Ukraine,FALSE,SRB,1,Serbia,Europe,Europe & Central Asia,non-Schengen,m,18_59
2023,2023_II,Ukraine,FALSE,SYR,1,Syria,Asia,"Middle East, North Africa, Afghanistan & Pakistan",non-Schengen,f,18_59
2023,2023_II,Ukraine,FALSE,SYR,1,Syria,Asia,"Middle East, North Africa, Afghanistan & Pakistan",non-Schengen,m,17
2023,2023_II,Ukraine,FALSE,SYR,13,Syria,Asia,"Middle East, North Africa, Afghanistan & Pakistan",non-Schengen,m,18_59
2023,2023_II,Ukraine,FALSE,TJK,1,Tajikistan,Asia,Europe & Central Asia,non-Schengen,f,18_59
2023,2023_II,Ukraine,FALSE,TJK,6,Tajikistan,Asia,Europe & Central Asia,non-Schengen,m,18_59
2023,2023_II,Ukraine,FALSE,TKM,10,Turkmenistan,Asia,Europe & Central Asia,non-Schengen,f,18_59
2023,2023_II,Ukraine,FALSE,TKM,1,Turkmenistan,Asia,Europe & Central Asia,non-Schengen,f,60
2023,2023_II,Ukraine,FALSE,TKM,26,Turkmenistan,Asia,Europe & Central Asia,non-Schengen,m,18_59
2023,2023_II,Ukraine,FALSE,TUR,1,Turkey,Asia,Europe & Central Asia,non-Schengen,f,18_59
2023,2023_II,Ukraine,FALSE,TUR,19,Turkey,Asia,Europe & Central Asia,non-Schengen,m,18_59
2023,2023_II,Ukraine,FALSE,UGA,1,Uganda,Africa,Sub-Saharan Africa,non-Schengen,m,18_59
2023,2023_II,Ukraine,FALSE,UKR,8,Ukraine,Europe,Europe & Central Asia,non-Schengen,f,18_59
2023,2023_II,Ukraine,FALSE,UKR,1,Ukraine,Europe,Europe & Central Asia,non-Schengen,f,60
2023,2023_II,Ukraine,FALSE,UKR,8,Ukraine,Europe,Europe & Central Asia,non-Schengen,m,18_59
2023,2023_II,Ukraine,FALSE,URY,1,Uruguay,Americas,Latin America & Caribbean,non-Schengen,m,18_59
2023,2023_II,Ukraine,FALSE,USA,3,United States,Americas,North America,non-Schengen,m,18_59
2023,2023_II,Ukraine,FALSE,UZB,4,Uzbekistan,Asia,Europe & Central Asia,non-Schengen,f,18_59
2023,2023_II,Ukraine,FALSE,UZB,1,Uzbekistan,Asia,Europe & Central Asia,non-Schengen,f,60
2023,2023_II,Ukraine,FALSE,UZB,9,Uzbekistan,Asia,Europe & Central Asia,non-Schengen,m,18_59
2023,2023_II,Ukraine,FALSE,VNM,1,Vietnam,Asia,East Asia & Pacific,non-Schengen,f,18_59
2023,2023_II,Ukraine,FALSE,VNM,3,Vietnam,Asia,East Asia & Pacific,non-Schengen,m,18_59
2023,2023_II,Ukraine,FALSE,XXX,5,Stateless,other/unknown,other/unknown,non-Schengen,f,18_59
2023,2023_II,Ukraine,FALSE,XXX,2,Stateless,other/unknown,other/unknown,non-Schengen,m,17
2023,2023_II,Ukraine,FALSE,XXX,1,Stateless,other/unknown,other/unknown,non-Schengen,m,18_59
2023,2023_II,Ukraine,FALSE,ZWE,1,Zimbabwe,Africa,Sub-Saharan Africa,non-Schengen,f,18_59
2023,2023_II,country,FALSE,AFG,4,Afghanistan,Asia,"Middle East, North Africa, Afghanistan & Pakistan",non-Schengen,m,18_59
2023,2023_II,country,FALSE,AGO,1,Angola,Africa,Sub-Saharan Africa,non-Schengen,m,18_59
2023,2023_II,country,FALSE,ALB,5,Albania,Europe,Europe & Central Asia,non-Schengen,m,18_59
2023,2023_II,country,FALSE,ARG,2,Argentina,Americas,Latin America & Caribbean,non-Schengen,f,17
2023,2023_II,country,FALSE,ARG,1,Argentina,Americas,Latin America & Caribbean,non-Schengen,f,18_59
2023,2023_II,country,FALSE,ARG,1,Argentina,Americas,Latin America & Caribbean,non-Schengen,m,17
2023,2023_II,country,FALSE,ARG,10,Argentina,Americas,Latin America & Caribbean,non-Schengen,m,18_59
2023,2023_II,country,FALSE,ARM,2,Armenia,Asia,Europe & Central Asia,non-Schengen,f,17
2023,2023_II,country,FALSE,ARM,3,Armenia,Asia,Europe & Central Asia,non-Schengen,f,18_59
2023,2023_II,country,FALSE,ARM,1,Armenia,Asia,Europe & Central Asia,non-Schengen,f,60
2023,2023_II,country,FALSE,ARM,1,Armenia,Asia,Europe & Central Asia,non-Schengen,m,17
2023,2023_II,country,FALSE,ARM,15,Armenia,Asia,Europe & Central Asia,non-Schengen,m,18_59
2023,2023_II,country,FALSE,ARM,1,Armenia,Asia,Europe & Central Asia,non-Schengen,m,60
2023,2023_II,country,FALSE,AUS,3,Australia,Oceania,East Asia & Pacific,non-Schengen,m,18_59
2023,2023_II,country,FALSE,AZE,1,Azerbaijan,Asia,Europe & Central Asia,non-Schengen,f,17
2023,2023_II,country,FALSE,AZE,3,Azerbaijan,Asia,Europe & Central Asia,non-Schengen,f,18_59
2023,2023_II,country,FALSE,AZE,1,Azerbaijan,Asia,Europe & Central Asia,non-Schengen,m,17
2023,2023_II,country,FALSE,AZE,47,Azerbaijan,Asia,Europe & Central Asia,non-Schengen,m,18_59
2023,2023_II,country,FALSE,BEN,1,Benin,Africa,Sub-Saharan Africa,non-Schengen,m,18_59
2023,2023_II,country,FALSE,BFA,1,Burkina Faso,Africa,Sub-Saharan Africa,non-Schengen,m,18_59
2023,2023_II,country,FALSE,BGD,13,Bangladesh,Asia,South Asia,non-Schengen,m,18_59
2023,2023_II,country,FALSE,BIH,2,Bosnia & Herzegovina,Europe,Europe & Central Asia,non-Schengen,m,18_59
2023,2023_II,country,FALSE,BLR,41,Belarus,Europe,Europe & Central Asia,non-Schengen,f,18_59
2023,2023_II,country,FALSE,BLR,6,Belarus,Europe,Europe & Central Asia,non-Schengen,f,60
2023,2023_II,country,FALSE,BLR,5,Belarus,Europe,Europe & Central Asia,non-Schengen,m,17
2023,2023_II,country,FALSE,BLR,175,Belarus,Europe,Europe & Central Asia,non-Schengen,m,18_59
2023,2023_II,country,FALSE,BLR,2,Belarus,Europe,Europe & Central Asia,non-Schengen,m,60
2023,2023_II,country,FALSE,BRA,1,Brazil,Americas,Latin America & Caribbean,non-Schengen,f,18_59
2023,2023_II,country,FALSE,BRA,4,Brazil,Americas,Latin America & Caribbean,non-Schengen,m,18_59
2023,2023_II,country,FALSE,CAN,1,Canada,Americas,North America,non-Schengen,m,17
2023,2023_II,country,FALSE,CHL,1,Chile,Americas,Latin America & Caribbean,non-Schengen,f,18_59
2023,2023_II,country,FALSE,CHL,1,Chile,Americas,Latin America & Caribbean,non-Schengen,m,18_59
2023,2023_II,country,FALSE,CHN,1,China,Asia,East Asia & Pacific,non-Schengen,f,17
2023,2023_II,country,FALSE,CHN,4,China,Asia,East Asia & Pacific,non-Schengen,f,18_59
2023,2023_II,country,FALSE,CHN,3,China,Asia,East Asia & Pacific,non-Schengen,f,60
2023,2023_II,country,FALSE,CHN,1,China,Asia,East Asia & Pacific,non-Schengen,m,17
2023,2023_II,country,FALSE,CHN,12,China,Asia,East Asia & Pacific,non-Schengen,m,18_59
2023,2023_II,country,FALSE,CMR,1,Cameroon,Africa,Sub-Saharan Africa,non-Schengen,f,18_59
2023,2023_II,country,FALSE,CMR,2,Cameroon,Africa,Sub-Saharan Africa,non-Schengen,m,17
2023,2023_II,country,FALSE,CMR,4,Cameroon,Africa,Sub-Saharan Africa,non-Schengen,m,18_59
2023,2023_II,country,FALSE,COD,1,Congo - Kinshasa,Africa,Sub-Saharan Africa,non-Schengen,f,18_59
2023,2023_II,country,FALSE,COD,3,Congo - Kinshasa,Africa,Sub-Saharan Africa,non-Schengen,m,18_59
2023,2023_II,country,FALSE,COG,1,Congo - Brazzaville,Africa,Sub-Saharan Africa,non-Schengen,m,18_59
2023,2023_II,country,FALSE,COL,30,Colombia,Americas,Latin America & Caribbean,non-Schengen,f,18_59
2023,2023_II,country,FALSE,COL,2,Colombia,Americas,Latin America & Caribbean,non-Schengen,m,17
2023,2023_II,country,FALSE,COL,82,Colombia,Americas,Latin America & Caribbean,non-Schengen,m,18_59
2023,2023_II,country,FALSE,CUB,1,Cuba,Americas,Latin America & Caribbean,non-Schengen,f,17
2023,2023_II,country,FALSE,CUB,1,Cuba,Americas,Latin America & Caribbean,non-Schengen,f,18_59
2023,2023_II,country,FALSE,CUB,1,Cuba,Americas,Latin America & Caribbean,non-Schengen,m,17
2023,2023_II,country,FALSE,CUB,4,Cuba,Americas,Latin America & Caribbean,non-Schengen,m,18_59
2023,2023_II,country,FALSE,DZA,9,Algeria,Africa,"Middle East, North Africa, Afghanistan & Pakistan",non-Schengen,m,18_59
2023,2023_II,country,FALSE,DZA,1,Algeria,Africa,"Middle East, North Africa, Afghanistan & Pakistan",non-Schengen,m,60
2023,2023_II,country,FALSE,ECU,1,Ecuador,Americas,Latin America & Caribbean,non-Schengen,m,18_59
2023,2023_II,country,FALSE,EGY,10,Egypt,Africa,"Middle East, North Africa, Afghanistan & Pakistan",non-Schengen,m,18_59
2023,2023_II,country,FALSE,ETH,1,Ethiopia,Africa,Sub-Saharan Africa,non-Schengen,f,18_59
2023,2023_II,country,FALSE,ETH,1,Ethiopia,Africa,Sub-Saharan Africa,non-Schengen,m,18_59
2023,2023_II,country,FALSE,GBR,3,United Kingdom,Europe,Europe & Central Asia,non-Schengen,m,18_59
2023,2023_II,country,FALSE,GEO,9,Georgia,Asia,Europe & Central Asia,non-Schengen,f,17
2023,2023_II,country,FALSE,GEO,52,Georgia,Asia,Europe & Central Asia,non-Schengen,f,18_59
2023,2023_II,country,FALSE,GEO,2,Georgia,Asia,Europe & Central Asia,non-Schengen,f,60
2023,2023_II,country,FALSE,GEO,6,Georgia,Asia,Europe & Central Asia,non-Schengen,m,17
2023,2023_II,country,FALSE,GEO,651,Georgia,Asia,Europe & Central Asia,non-Schengen,m,18_59
2023,2023_II,country,FALSE,GHA,3,Ghana,Africa,Sub-Saharan Africa,non-Schengen,m,18_59
2023,2023_II,country,FALSE,GIN,1,Guinea,Africa,Sub-Saharan Africa,non-Schengen,m,18_59
2023,2023_II,country,FALSE,GMB,3,Gambia,Africa,Sub-Saharan Africa,non-Schengen,m,18_59
2023,2023_II,country,FALSE,GNB,1,Guinea-Bissau,Africa,Sub-Saharan Africa,non-Schengen,m,18_59
2023,2023_II,country,FALSE,GTM,1,Guatemala,Americas,Latin America & Caribbean,non-Schengen,f,18_59
2023,2023_II,country,FALSE,HKG,1,Hong Kong SAR China,Asia,East Asia & Pacific,non-Schengen,m,18_59
2023,2023_II,country,FALSE,IDN,3,Indonesia,Asia,East Asia & Pacific,non-Schengen,f,18_59
2023,2023_II,country,FALSE,IDN,26,Indonesia,Asia,East Asia & Pacific,non-Schengen,m,18_59
2023,2023_II,country,FALSE,IND,3,India,Asia,South Asia,non-Schengen,f,18_59
2023,2023_II,country,FALSE,IND,99,India,Asia,South Asia,non-Schengen,m,18_59
2023,2023_II,country,FALSE,IRN,4,Iran,Asia,"Middle East, North Africa, Afghanistan & Pakistan",non-Schengen,m,18_59
2023,2023_II,country,FALSE,IRQ,1,Iraq,Asia,"Middle East, North Africa, Afghanistan & Pakistan",non-Schengen,f,17
2023,2023_II,country,FALSE,IRQ,1,Iraq,Asia,"Middle East, North Africa, Afghanistan & Pakistan",non-Schengen,f,18_59
2023,2023_II,country,FALSE,IRQ,2,Iraq,Asia,"Middle East, North Africa, Afghanistan & Pakistan",non-Schengen,m,17
2023,2023_II,country,FALSE,IRQ,6,Iraq,Asia,"Middle East, North Africa, Afghanistan & Pakistan",non-Schengen,m,18_59
2023,2023_II,country,FALSE,ISR,1,Israel,Asia,"Middle East, North Africa, Afghanistan & Pakistan",non-Schengen,m,18_59
2023,2023_II,country,FALSE,ITA,1,Italy,Europe,Europe & Central Asia,Schengen,m,60
2023,2023_II,country,FALSE,JPN,1,Japan,Asia,East Asia & Pacific,non-Schengen,m,18_59
2023,2023_II,country,FALSE,KAZ,2,Kazakhstan,Asia,Europe & Central Asia,non-Schengen,f,17
2023,2023_II,country,FALSE,KAZ,7,Kazakhstan,Asia,Europe & Central Asia,non-Schengen,f,18_59
2023,2023_II,country,FALSE,KAZ,1,Kazakhstan,Asia,Europe & Central Asia,non-Schengen,m,17
2023,2023_II,country,FALSE,KAZ,13,Kazakhstan,Asia,Europe & Central Asia,non-Schengen,m,18_59
2023,2023_II,country,FALSE,KAZ,1,Kazakhstan,Asia,Europe & Central Asia,non-Schengen,m,60
2023,2023_II,country,FALSE,KEN,3,Kenya,Africa,Sub-Saharan Africa,non-Schengen,f,18_59
2023,2023_II,country,FALSE,KEN,9,Kenya,Africa,Sub-Saharan Africa,non-Schengen,m,18_59
2023,2023_II,country,FALSE,KGZ,2,Kyrgyzstan,Asia,Europe & Central Asia,non-Schengen,f,17
2023,2023_II,country,FALSE,KGZ,3,Kyrgyzstan,Asia,Europe & Central Asia,non-Schengen,f,18_59
2023,2023_II,country,FALSE,KGZ,3,Kyrgyzstan,Asia,Europe & Central Asia,non-Schengen,m,17
2023,2023_II,country,FALSE,KGZ,18,Kyrgyzstan,Asia,Europe & Central Asia,non-Schengen,m,18_59
2023,2023_II,country,FALSE,KOSOVO,1,KOSOVO,Europe,Europe & Central Asia,non-Schengen,m,18_59
2023,2023_II,country,FALSE,LBN,1,Lebanon,Asia,"Middle East, North Africa, Afghanistan & Pakistan",non-Schengen,f,18_59
2023,2023_II,country,FALSE,LBN,1,Lebanon,Asia,"Middle East, North Africa, Afghanistan & Pakistan",non-Schengen,m,18_59
2023,2023_II,country,FALSE,LBR,1,Liberia,Africa,Sub-Saharan Africa,non-Schengen,m,18_59
2023,2023_II,country,FALSE,LBY,1,Libya,Africa,"Middle East, North Africa, Afghanistan & Pakistan",non-Schengen,m,18_59
2023,2023_II,country,FALSE,LKA,4,Sri Lanka,Asia,South Asia,non-Schengen,m,18_59
2023,2023_II,country,FALSE,MAR,2,Morocco,Africa,"Middle East, North Africa, Afghanistan & Pakistan",non-Schengen,f,18_59
2023,2023_II,country,FALSE,MAR,13,Morocco,Africa,"Middle East, North Africa, Afghanistan & Pakistan",non-Schengen,m,18_59
2023,2023_II,country,FALSE,MDA,24,Moldova,Europe,Europe & Central Asia,non-Schengen,f,18_59
2023,2023_II,country,FALSE,MDA,1,Moldova,Europe,Europe & Central Asia,non-Schengen,m,17
2023,2023_II,country,FALSE,MDA,172,Moldova,Europe,Europe & Central Asia,non-Schengen,m,18_59
2023,2023_II,country,FALSE,MDA,1,Moldova,Europe,Europe & Central Asia,non-Schengen,m,60
2023,2023_II,country,FALSE,MEX,2,Mexico,Americas,Latin America & Caribbean,non-Schengen,m,18_59
2023,2023_II,country,FALSE,MKD,1,North Macedonia,Europe,Europe & Central Asia,non-Schengen,m,18_59
2023,2023_II,country,FALSE,MNG,2,Mongolia,Asia,East Asia & Pacific,non-Schengen,f,18_59
2023,2023_II,country,FALSE,MNG,3,Mongolia,Asia,East Asia & Pacific,non-Schengen,m,18_59
2023,2023_II,country,FALSE,MUS,1,Mauritius,Africa,Sub-Saharan Africa,non-Schengen,f,18_59
2023,2023_II,country,FALSE,NAM,1,Namibia,Africa,Sub-Saharan Africa,non-Schengen,f,18_59
2023,2023_II,country,FALSE,NGA,4,Nigeria,Africa,Sub-Saharan Africa,non-Schengen,f,18_59
2023,2023_II,country,FALSE,NGA,28,Nigeria,Africa,Sub-Saharan Africa,non-Schengen,m,18_59
2023,2023_II,country,FALSE,NIC,1,Nicaragua,Americas,Latin America & Caribbean,non-Schengen,m,18_59
2023,2023_II,country,FALSE,NLD,1,Netherlands,Europe,Europe & Central Asia,Schengen,m,18_59
2023,2023_II,country,FALSE,NPL,1,Nepal,Asia,South Asia,non-Schengen,f,18_59
2023,2023_II,country,FALSE,NPL,14,Nepal,Asia,South Asia,non-Schengen,m,18_59
2023,2023_II,country,FALSE,NZL,1,New Zealand,Oceania,East Asia & Pacific,non-Schengen,m,18_59
2023,2023_II,country,FALSE,PAK,13,Pakistan,Asia,"Middle East, North Africa, Afghanistan & Pakistan",non-Schengen,m,18_59
2023,2023_II,country,FALSE,PER,1,Peru,Americas,Latin America & Caribbean,non-Schengen,f,18_59
2023,2023_II,country,FALSE,PER,2,Peru,Americas,Latin America & Caribbean,non-Schengen,m,18_59
2023,2023_II,country,FALSE,PHL,10,Philippines,Asia,East Asia & Pacific,non-Schengen,f,18_59
2023,2023_II,country,FALSE,PHL,15,Philippines,Asia,East Asia & Pacific,non-Schengen,m,18_59
2023,2023_II,country,FALSE,RUS,36,Russia,Europe,Europe & Central Asia,non-Schengen,f,17
2023,2023_II,country,FALSE,RUS,51,Russia,Europe,Europe & Central Asia,non-Schengen,f,18_59
2023,2023_II,country,FALSE,RUS,3,Russia,Europe,Europe & Central Asia,non-Schengen,f,60
2023,2023_II,country,FALSE,RUS,45,Russia,Europe,Europe & Central Asia,non-Schengen,m,17
2023,2023_II,country,FALSE,RUS,82,Russia,Europe,Europe & Central Asia,non-Schengen,m,18_59
2023,2023_II,country,FALSE,RUS,1,Russia,Europe,Europe & Central Asia,non-Schengen,m,60
2023,2023_II,country,FALSE,RWA,3,Rwanda,Africa,Sub-Saharan Africa,non-Schengen,f,18_59
2023,2023_II,country,FALSE,RWA,9,Rwanda,Africa,Sub-Saharan Africa,non-Schengen,m,18_59
2023,2023_II,country,FALSE,SAU,3,Saudi Arabia,Asia,"Middle East, North Africa, Afghanistan & Pakistan",non-Schengen,m,18_59
2023,2023_II,country,FALSE,SDN,1,Sudan,Africa,Sub-Saharan Africa,non-Schengen,f,18_59
2023,2023_II,country,FALSE,SDN,1,Sudan,Africa,Sub-Saharan Africa,non-Schengen,m,18_59
2023,2023_II,country,FALSE,SEN,2,Senegal,Africa,Sub-Saharan Africa,non-Schengen,m,18_59
2023,2023_II,country,FALSE,SOM,1,Somalia,Africa,Sub-Saharan Africa,non-Schengen,m,18_59
2023,2023_II,country,FALSE,SRB,3,Serbia,Europe,Europe & Central Asia,non-Schengen,m,18_59
2023,2023_II,country,FALSE,SVK,1,Slovakia,Europe,Europe & Central Asia,Schengen,m,18_59
2023,2023_II,country,FALSE,SYR,2,Syria,Asia,"Middle East, North Africa, Afghanistan & Pakistan",non-Schengen,f,18_59
2023,2023_II,country,FALSE,SYR,1,Syria,Asia,"Middle East, North Africa, Afghanistan & Pakistan",non-Schengen,m,17
2023,2023_II,country,FALSE,SYR,11,Syria,Asia,"Middle East, North Africa, Afghanistan & Pakistan",non-Schengen,m,18_59
2023,2023_II,country,FALSE,THA,7,Thailand,Asia,East Asia & Pacific,non-Schengen,f,18_59
2023,2023_II,country,FALSE,TJK,1,Tajikistan,Asia,Europe & Central Asia,non-Schengen,f,17
2023,2023_II,country,FALSE,TJK,3,Tajikistan,Asia,Europe & Central Asia,non-Schengen,f,18_59
2023,2023_II,country,FALSE,TJK,2,Tajikistan,Asia,Europe & Central Asia,non-Schengen,m,17
2023,2023_II,country,FALSE,TJK,56,Tajikistan,Asia,Europe & Central Asia,non-Schengen,m,18_59
2023,2023_II,country,FALSE,TKM,4,Turkmenistan,Asia,Europe & Central Asia,non-Schengen,f,18_59
2023,2023_II,country,FALSE,TKM,98,Turkmenistan,Asia,Europe & Central Asia,non-Schengen,m,18_59
2023,2023_II,country,FALSE,TUN,5,Tunisia,Africa,"Middle East, North Africa, Afghanistan & Pakistan",non-Schengen,m,18_59
2023,2023_II,country,FALSE,TUR,4,Turkey,Asia,Europe & Central Asia,non-Schengen,f,18_59
2023,2023_II,country,FALSE,TUR,57,Turkey,Asia,Europe & Central Asia,non-Schengen,m,18_59
2023,2023_II,country,FALSE,TWN,1,Taiwan,Asia,East Asia & Pacific,non-Schengen,m,18_59
2023,2023_II,country,FALSE,TZA,3,Tanzania,Africa,Sub-Saharan Africa,non-Schengen,f,18_59
2023,2023_II,country,FALSE,TZA,2,Tanzania,Africa,Sub-Saharan Africa,non-Schengen,m,18_59
2023,2023_II,country,FALSE,UGA,1,Uganda,Africa,Sub-Saharan Africa,non-Schengen,f,18_59
2023,2023_II,country,FALSE,UGA,3,Uganda,Africa,Sub-Saharan Africa,non-Schengen,m,18_59
2023,2023_II,country,FALSE,UKR,39,Ukraine,Europe,Europe & Central Asia,non-Schengen,f,18_59
2023,2023_II,country,FALSE,UKR,4,Ukraine,Europe,Europe & Central Asia,non-Schengen,f,60
2023,2023_II,country,FALSE,UKR,2,Ukraine,Europe,Europe & Central Asia,non-Schengen,m,17
2023,2023_II,country,FALSE,UKR,225,Ukraine,Europe,Europe & Central Asia,non-Schengen,m,18_59
2023,2023_II,country,FALSE,UKR,4,Ukraine,Europe,Europe & Central Asia,non-Schengen,m,60
2023,2023_II,country,FALSE,URY,1,Uruguay,Americas,Latin America & Caribbean,non-Schengen,f,18_59
2023,2023_II,country,FALSE,URY,1,Uruguay,Americas,Latin America & Caribbean,non-Schengen,m,17
2023,2023_II,country,FALSE,USA,1,United States,Americas,North America,non-Schengen,f,18_59
2023,2023_II,country,FALSE,USA,1,United States,Americas,North America,non-Schengen,m,18_59
2023,2023_II,country,FALSE,UZB,5,Uzbekistan,Asia,Europe & Central Asia,non-Schengen,f,18_59
2023,2023_II,country,FALSE,UZB,1,Uzbekistan,Asia,Europe & Central Asia,non-Schengen,m,17
2023,2023_II,country,FALSE,UZB,151,Uzbekistan,Asia,Europe & Central Asia,non-Schengen,m,18_59
2023,2023_II,country,FALSE,VEN,1,Venezuela,Americas,Latin America & Caribbean,non-Schengen,m,18_59
2023,2023_II,country,FALSE,VNM,2,Vietnam,Asia,East Asia & Pacific,non-Schengen,f,17
2023,2023_II,country,FALSE,VNM,11,Vietnam,Asia,East Asia & Pacific,non-Schengen,f,18_59
2023,2023_II,country,FALSE,VNM,1,Vietnam,Asia,East Asia & Pacific,non-Schengen,f,60
2023,2023_II,country,FALSE,VNM,1,Vietnam,Asia,East Asia & Pacific,non-Schengen,m,17
2023,2023_II,country,FALSE,VNM,44,Vietnam,Asia,East Asia & Pacific,non-Schengen,m,18_59
2023,2023_II,country,FALSE,XXX,9,Stateless,other/unknown,other/unknown,non-Schengen,m,18_59
2023,2023_II,country,FALSE,YEM,2,Yemen,Asia,"Middle East, North Africa, Afghanistan & Pakistan",non-Schengen,m,18_59
2023,2023_II,country,FALSE,ZAF,5,South Africa,Africa,Sub-Saharan Africa,non-Schengen,m,18_59
2023,2023_II,country,FALSE,ZMB,5,Zambia,Africa,Sub-Saharan Africa,non-Schengen,m,18_59
2023,2023_II,country,FALSE,ZWE,21,Zimbabwe,Africa,Sub-Saharan Africa,non-Schengen,f,18_59
2023,2023_II,country,FALSE,ZWE,1,Zimbabwe,Africa,Sub-Saharan Africa,non-Schengen,f,60
2023,2023_II,country,FALSE,ZWE,30,Zimbabwe,Africa,Sub-Saharan Africa,non-Schengen,m,18_59
2023,2023_II,country,TRUE,AZE,2,Azerbaijan,Asia,Europe & Central Asia,non-Schengen,m,18_59
2023,2023_II,country,TRUE,BIH,1,Bosnia & Herzegovina,Europe,Europe & Central Asia,non-Schengen,m,18_59
2023,2023_II,country,TRUE,BLR,8,Belarus,Europe,Europe & Central Asia,non-Schengen,m,18_59
2023,2023_II,country,TRUE,CHN,1,China,Asia,East Asia & Pacific,non-Schengen,f,60
2023,2023_II,country,TRUE,COL,1,Colombia,Americas,Latin America & Caribbean,non-Schengen,f,18_59
2023,2023_II,country,TRUE,COL,1,Colombia,Americas,Latin America & Caribbean,non-Schengen,m,18_59
2023,2023_II,country,TRUE,GEO,35,Georgia,Asia,Europe & Central Asia,non-Schengen,m,18_59
2023,2023_II,country,TRUE,IND,1,India,Asia,South Asia,non-Schengen,m,18_59
2023,2023_II,country,TRUE,KAZ,1,Kazakhstan,Asia,Europe & Central Asia,non-Schengen,m,18_59
2023,2023_II,country,TRUE,KGZ,1,Kyrgyzstan,Asia,Europe & Central Asia,non-Schengen,m,18_59
2023,2023_II,country,TRUE,LKA,1,Sri Lanka,Asia,South Asia,non-Schengen,m,18_59
2023,2023_II,country,TRUE,LVA,1,Latvia,Europe,Europe & Central Asia,Schengen,m,18_59
2023,2023_II,country,TRUE,MDA,1,Moldova,Europe,Europe & Central Asia,non-Schengen,f,18_59
2023,2023_II,country,TRUE,MDA,4,Moldova,Europe,Europe & Central Asia,non-Schengen,m,18_59
2023,2023_II,country,TRUE,NLD,1,Netherlands,Europe,Europe & Central Asia,Schengen,m,18_59
2023,2023_II,country,TRUE,RUS,1,Russia,Europe,Europe & Central Asia,non-Schengen,f,18_59
2023,2023_II,country,TRUE,RUS,1,Russia,Europe,Europe & Central Asia,non-Schengen,m,18_59
2023,2023_II,country,TRUE,TJK,8,Tajikistan,Asia,Europe & Central Asia,non-Schengen,m,18_59
2023,2023_II,country,TRUE,TKM,8,Turkmenistan,Asia,Europe & Central Asia,non-Schengen,m,18_59
2023,2023_II,country,TRUE,TUN,1,Tunisia,Africa,"Middle East, North Africa, Afghanistan & Pakistan",non-Schengen,m,18_59
2023,2023_II,country,TRUE,UKR,3,Ukraine,Europe,Europe & Central Asia,non-Schengen,f,18_59
2023,2023_II,country,TRUE,UKR,23,Ukraine,Europe,Europe & Central Asia,non-Schengen,m,18_59
2023,2023_II,country,TRUE,UKR,1,Ukraine,Europe,Europe & Central Asia,non-Schengen,m,60
2023,2023_II,country,TRUE,UNK,1,unknown,other/unknown,other/unknown,non-Schengen,m,18_59
2023,2023_II,country,TRUE,UZB,10,Uzbekistan,Asia,Europe & Central Asia,non-Schengen,m,18_59
2023,2023_II,country,TRUE,VNM,2,Vietnam,Asia,East Asia & Pacific,non-Schengen,m,18_59
2023,2023_II,country,TRUE,XXX,1,Stateless,other/unknown,other/unknown,non-Schengen,m,18_59
2023,2023_II,country,TRUE,YEM,1,Yemen,Asia,"Middle East, North Africa, Afghanistan & Pakistan",non-Schengen,m,18_59
2023,2023_II,country,TRUE,ZAF,1,South Africa,Africa,Sub-Saharan Africa,non-Schengen,m,18_59
2023,2023_II,external air,FALSE,ALB,11,Albania,Europe,Europe & Central Asia,non-Schengen,m,18_59
2023,2023_II,external air,FALSE,ARM,2,Armenia,Asia,Europe & Central Asia,non-Schengen,f,18_59
2023,2023_II,external air,FALSE,ARM,1,Armenia,Asia,Europe & Central Asia,non-Schengen,f,60
2023,2023_II,external air,FALSE,ARM,1,Armenia,Asia,Europe & Central Asia,non-Schengen,m,18_59
2023,2023_II,external air,FALSE,AUS,3,Australia,Oceania,East Asia & Pacific,non-Schengen,m,18_59
2023,2023_II,external air,FALSE,AZE,2,Azerbaijan,Asia,Europe & Central Asia,non-Schengen,f,18_59
2023,2023_II,external air,FALSE,AZE,11,Azerbaijan,Asia,Europe & Central Asia,non-Schengen,m,18_59
2023,2023_II,external air,FALSE,BDI,1,Burundi,Africa,Sub-Saharan Africa,non-Schengen,f,18_59
2023,2023_II,external air,FALSE,BHR,1,Bahrain,Asia,"Middle East, North Africa, Afghanistan & Pakistan",non-Schengen,m,18_59
2023,2023_II,external air,FALSE,BLR,3,Belarus,Europe,Europe & Central Asia,non-Schengen,m,18_59
2023,2023_II,external air,FALSE,BOL,1,Bolivia,Americas,Latin America & Caribbean,non-Schengen,m,18_59
2023,2023_II,external air,FALSE,BRA,1,Brazil,Americas,Latin America & Caribbean,non-Schengen,f,18_59
2023,2023_II,external air,FALSE,CAN,2,Canada,Americas,North America,non-Schengen,f,18_59
2023,2023_II,external air,FALSE,CAN,2,Canada,Americas,North America,non-Schengen,m,18_59
2023,2023_II,external air,FALSE,CHN,3,China,Asia,East Asia & Pacific,non-Schengen,f,18_59
2023,2023_II,external air,FALSE,CHN,7,China,Asia,East Asia & Pacific,non-Schengen,m,18_59
2023,2023_II,external air,FALSE,COL,4,Colombia,Americas,Latin America & Caribbean,non-Schengen,m,18_59
2023,2023_II,external air,FALSE,EGY,3,Egypt,Africa,"Middle East, North Africa, Afghanistan & Pakistan",non-Schengen,m,18_59
2023,2023_II,external air,FALSE,ERI,2,Eritrea,Africa,Sub-Saharan Africa,non-Schengen,m,18_59
2023,2023_II,external air,FALSE,GBR,10,United Kingdom,Europe,Europe & Central Asia,non-Schengen,m,18_59
2023,2023_II,external air,FALSE,GEO,14,Georgia,Asia,Europe & Central Asia,non-Schengen,f,17
2023,2023_II,external air,FALSE,GEO,184,Georgia,Asia,Europe & Central Asia,non-Schengen,f,18_59
2023,2023_II,external air,FALSE,GEO,13,Georgia,Asia,Europe & Central Asia,non-Schengen,f,60
2023,2023_II,external air,FALSE,GEO,12,Georgia,Asia,Europe & Central Asia,non-Schengen,m,17
2023,2023_II,external air,FALSE,GEO,1213,Georgia,Asia,Europe & Central Asia,non-Schengen,m,18_59
2023,2023_II,external air,FALSE,GEO,7,Georgia,Asia,Europe & Central Asia,non-Schengen,m,60
2023,2023_II,external air,FALSE,IDN,8,Indonesia,Asia,East Asia & Pacific,non-Schengen,m,18_59
2023,2023_II,external air,FALSE,IND,1,India,Asia,South Asia,non-Schengen,f,18_59
2023,2023_II,external air,FALSE,IND,16,India,Asia,South Asia,non-Schengen,m,18_59
2023,2023_II,external air,FALSE,IND,1,India,Asia,South Asia,non-Schengen,m,60
2023,2023_II,external air,FALSE,IRN,1,Iran,Asia,"Middle East, North Africa, Afghanistan & Pakistan",non-Schengen,m,18_59
2023,2023_II,external air,FALSE,JOR,2,Jordan,Asia,"Middle East, North Africa, Afghanistan & Pakistan",non-Schengen,f,17
2023,2023_II,external air,FALSE,JOR,2,Jordan,Asia,"Middle East, North Africa, Afghanistan & Pakistan",non-Schengen,f,18_59
2023,2023_II,external air,FALSE,JOR,1,Jordan,Asia,"Middle East, North Africa, Afghanistan & Pakistan",non-Schengen,m,17
2023,2023_II,external air,FALSE,JOR,6,Jordan,Asia,"Middle East, North Africa, Afghanistan & Pakistan",non-Schengen,m,18_59
2023,2023_II,external air,FALSE,KAZ,3,Kazakhstan,Asia,Europe & Central Asia,non-Schengen,f,18_59
2023,2023_II,external air,FALSE,KAZ,1,Kazakhstan,Asia,Europe & Central Asia,non-Schengen,f,60
2023,2023_II,external air,FALSE,KAZ,7,Kazakhstan,Asia,Europe & Central Asia,non-Schengen,m,18_59
2023,2023_II,external air,FALSE,KGZ,1,Kyrgyzstan,Asia,Europe & Central Asia,non-Schengen,f,18_59
2023,2023_II,external air,FALSE,KGZ,6,Kyrgyzstan,Asia,Europe & Central Asia,non-Schengen,m,18_59
2023,2023_II,external air,FALSE,KOR,1,South Korea,Asia,East Asia & Pacific,non-Schengen,m,18_59
2023,2023_II,external air,FALSE,KOSOVO,1,KOSOVO,Europe,Europe & Central Asia,non-Schengen,m,18_59
2023,2023_II,external air,FALSE,LBN,1,Lebanon,Asia,"Middle East, North Africa, Afghanistan & Pakistan",non-Schengen,f,60
2023,2023_II,external air,FALSE,MAR,3,Morocco,Africa,"Middle East, North Africa, Afghanistan & Pakistan",non-Schengen,m,18_59
2023,2023_II,external air,FALSE,MDA,2,Moldova,Europe,Europe & Central Asia,non-Schengen,f,18_59
2023,2023_II,external air,FALSE,MDA,5,Moldova,Europe,Europe & Central Asia,non-Schengen,m,18_59
2023,2023_II,external air,FALSE,MKD,1,North Macedonia,Europe,Europe & Central Asia,non-Schengen,f,18_59
2023,2023_II,external air,FALSE,MNE,2,Montenegro,Europe,Europe & Central Asia,non-Schengen,m,18_59
2023,2023_II,external air,FALSE,MNG,1,Mongolia,Asia,East Asia & Pacific,non-Schengen,f,18_59
2023,2023_II,external air,FALSE,MNG,2,Mongolia,Asia,East Asia & Pacific,non-Schengen,m,18_59
2023,2023_II,external air,FALSE,MUS,1,Mauritius,Africa,Sub-Saharan Africa,non-Schengen,m,18_59
2023,2023_II,external air,FALSE,NGA,1,Nigeria,Africa,Sub-Saharan Africa,non-Schengen,f,18_59
2023,2023_II,external air,FALSE,NGA,1,Nigeria,Africa,Sub-Saharan Africa,non-Schengen,m,18_59
2023,2023_II,external air,FALSE,OMN,1,Oman,Asia,"Middle East, North Africa, Afghanistan & Pakistan",non-Schengen,f,18_59
2023,2023_II,external air,FALSE,PAK,2,Pakistan,Asia,"Middle East, North Africa, Afghanistan & Pakistan",non-Schengen,m,18_59
2023,2023_II,external air,FALSE,PHL,1,Philippines,Asia,East Asia & Pacific,non-Schengen,f,18_59
2023,2023_II,external air,FALSE,PHL,6,Philippines,Asia,East Asia & Pacific,non-Schengen,m,18_59
2023,2023_II,external air,FALSE,RUS,1,Russia,Europe,Europe & Central Asia,non-Schengen,f,18_59
2023,2023_II,external air,FALSE,RUS,1,Russia,Europe,Europe & Central Asia,non-Schengen,f,60
2023,2023_II,external air,FALSE,RUS,8,Russia,Europe,Europe & Central Asia,non-Schengen,m,18_59
2023,2023_II,external air,FALSE,SAU,2,Saudi Arabia,Asia,"Middle East, North Africa, Afghanistan & Pakistan",non-Schengen,f,18_59
2023,2023_II,external air,FALSE,SAU,1,Saudi Arabia,Asia,"Middle East, North Africa, Afghanistan & Pakistan",non-Schengen,m,18_59
2023,2023_II,external air,FALSE,SOM,1,Somalia,Africa,Sub-Saharan Africa,non-Schengen,m,18_59
2023,2023_II,external air,FALSE,SYR,3,Syria,Asia,"Middle East, North Africa, Afghanistan & Pakistan",non-Schengen,m,18_59
2023,2023_II,external air,FALSE,THA,2,Thailand,Asia,East Asia & Pacific,non-Schengen,f,18_59
2023,2023_II,external air,FALSE,TJK,4,Tajikistan,Asia,Europe & Central Asia,non-Schengen,m,18_59
2023,2023_II,external air,FALSE,TUR,6,Turkey,Asia,Europe & Central Asia,non-Schengen,f,18_59
2023,2023_II,external air,FALSE,TUR,1,Turkey,Asia,Europe & Central Asia,non-Schengen,f,60
2023,2023_II,external air,FALSE,TUR,28,Turkey,Asia,Europe & Central Asia,non-Schengen,m,18_59
2023,2023_II,external air,FALSE,TZA,1,Tanzania,Africa,Sub-Saharan Africa,non-Schengen,f,18_59
2023,2023_II,external air,FALSE,TZA,2,Tanzania,Africa,Sub-Saharan Africa,non-Schengen,m,18_59
2023,2023_II,external air,FALSE,UKR,2,Ukraine,Europe,Europe & Central Asia,non-Schengen,f,17
2023,2023_II,external air,FALSE,UKR,7,Ukraine,Europe,Europe & Central Asia,non-Schengen,f,18_59
2023,2023_II,external air,FALSE,UKR,1,Ukraine,Europe,Europe & Central Asia,non-Schengen,f,60
2023,2023_II,external air,FALSE,UKR,21,Ukraine,Europe,Europe & Central Asia,non-Schengen,m,18_59
2023,2023_II,external air,FALSE,USA,1,United States,Americas,North America,non-Schengen,m,18_59
2023,2023_II,external air,FALSE,UZB,1,Uzbekistan,Asia,Europe & Central Asia,non-Schengen,f,18_59
2023,2023_II,external air,FALSE,UZB,35,Uzbekistan,Asia,Europe & Central Asia,non-Schengen,m,18_59
2023,2023_II,external air,FALSE,VNM,1,Vietnam,Asia,East Asia & Pacific,non-Schengen,f,18_59
2023,2023_II,external air,FALSE,VNM,1,Vietnam,Asia,East Asia & Pacific,non-Schengen,m,18_59
2023,2023_II,external air,FALSE,VNM,1,Vietnam,Asia,East Asia & Pacific,non-Schengen,m,60
2023,2023_II,external air,FALSE,XXX,3,Stateless,other/unknown,other/unknown,non-Schengen,m,18_59
2023,2023_II,external air,FALSE,ZAF,1,South Africa,Africa,Sub-Saharan Africa,non-Schengen,m,18_59
2023,2023_II,external air,FALSE,ZWE,4,Zimbabwe,Africa,Sub-Saharan Africa,non-Schengen,f,18_59
2023,2023_II,external air,FALSE,ZWE,2,Zimbabwe,Africa,Sub-Saharan Africa,non-Schengen,m,18_59
2023,2023_II,external sea,FALSE,IND,1,India,Asia,South Asia,non-Schengen,m,18_59
2024,2024_I,Belarus,FALSE,ALB,1,Albania,Europe,Europe & Central Asia,non-Schengen,m,18_59
2024,2024_I,Belarus,FALSE,AZE,2,Azerbaijan,Asia,Europe & Central Asia,non-Schengen,m,18_59
2024,2024_I,Belarus,FALSE,AZE,1,Azerbaijan,Asia,Europe & Central Asia,non-Schengen,m,60
2024,2024_I,Belarus,FALSE,BLR,4,Belarus,Europe,Europe & Central Asia,non-Schengen,f,17
2024,2024_I,Belarus,FALSE,BLR,170,Belarus,Europe,Europe & Central Asia,non-Schengen,f,18_59
2024,2024_I,Belarus,FALSE,BLR,27,Belarus,Europe,Europe & Central Asia,non-Schengen,f,60
2024,2024_I,Belarus,FALSE,BLR,9,Belarus,Europe,Europe & Central Asia,non-Schengen,m,17
2024,2024_I,Belarus,FALSE,BLR,300,Belarus,Europe,Europe & Central Asia,non-Schengen,m,18_59
2024,2024_I,Belarus,FALSE,BLR,7,Belarus,Europe,Europe & Central Asia,non-Schengen,m,60
2024,2024_I,Belarus,FALSE,CHN,1,China,Asia,East Asia & Pacific,non-Schengen,f,60
2024,2024_I,Belarus,FALSE,CHN,1,China,Asia,East Asia & Pacific,non-Schengen,m,60
2024,2024_I,Belarus,FALSE,GEO,11,Georgia,Asia,Europe & Central Asia,non-Schengen,m,18_59
2024,2024_I,Belarus,FALSE,KAZ,2,Kazakhstan,Asia,Europe & Central Asia,non-Schengen,m,18_59
2024,2024_I,Belarus,FALSE,KGZ,10,Kyrgyzstan,Asia,Europe & Central Asia,non-Schengen,m,18_59
2024,2024_I,Belarus,FALSE,MDA,5,Moldova,Europe,Europe & Central Asia,non-Schengen,m,18_59
2024,2024_I,Belarus,FALSE,MNG,1,Mongolia,Asia,East Asia & Pacific,non-Schengen,m,18_59
2024,2024_I,Belarus,FALSE,RUS,24,Russia,Europe,Europe & Central Asia,non-Schengen,f,17
2024,2024_I,Belarus,FALSE,RUS,68,Russia,Europe,Europe & Central Asia,non-Schengen,f,18_59
2024,2024_I,Belarus,FALSE,RUS,11,Russia,Europe,Europe & Central Asia,non-Schengen,f,60
2024,2024_I,Belarus,FALSE,RUS,23,Russia,Europe,Europe & Central Asia,non-Schengen,m,17
2024,2024_I,Belarus,FALSE,RUS,89,Russia,Europe,Europe & Central Asia,non-Schengen,m,18_59
2024,2024_I,Belarus,FALSE,RUS,4,Russia,Europe,Europe & Central Asia,non-Schengen,m,60
2024,2024_I,Belarus,FALSE,TJK,9,Tajikistan,Asia,Europe & Central Asia,non-Schengen,m,18_59
2024,2024_I,Belarus,FALSE,TUR,1,Turkey,Asia,Europe & Central Asia,non-Schengen,m,18_59
2024,2024_I,Belarus,FALSE,UKR,2,Ukraine,Europe,Europe & Central Asia,non-Schengen,m,18_59
2024,2024_I,Belarus,FALSE,UZB,2,Uzbekistan,Asia,Europe & Central Asia,non-Schengen,f,18_59
2024,2024_I,Belarus,FALSE,UZB,15,Uzbekistan,Asia,Europe & Central Asia,non-Schengen,m,18_59
2024,2024_I,Belarus,FALSE,XXX,1,Stateless,other/unknown,other/unknown,non-Schengen,m,18_59
2024,2024_I,Russia,FALSE,ARM,1,Armenia,Asia,Europe & Central Asia,non-Schengen,m,18_59
2024,2024_I,Russia,FALSE,ISR,1,Israel,Asia,"Middle East, North Africa, Afghanistan & Pakistan",non-Schengen,f,18_59
2024,2024_I,Russia,FALSE,ISR,1,Israel,Asia,"Middle East, North Africa, Afghanistan & Pakistan",non-Schengen,m,18_59
2024,2024_I,Russia,FALSE,KAZ,1,Kazakhstan,Asia,Europe & Central Asia,non-Schengen,m,60
2024,2024_I,Russia,FALSE,MDA,1,Moldova,Europe,Europe & Central Asia,non-Schengen,m,18_59
2024,2024_I,Russia,FALSE,RUS,1,Russia,Europe,Europe & Central Asia,non-Schengen,f,17
2024,2024_I,Russia,FALSE,RUS,13,Russia,Europe,Europe & Central Asia,non-Schengen,f,18_59
2024,2024_I,Russia,FALSE,RUS,4,Russia,Europe,Europe & Central Asia,non-Schengen,f,60
2024,2024_I,Russia,FALSE,RUS,16,Russia,Europe,Europe & Central Asia,non-Schengen,m,18_59
2024,2024_I,Russia,FALSE,RUS,1,Russia,Europe,Europe & Central Asia,non-Schengen,m,60
2024,2024_I,Ukraine,FALSE,AFG,1,Afghanistan,Asia,"Middle East, North Africa, Afghanistan & Pakistan",non-Schengen,f,18_59
2024,2024_I,Ukraine,FALSE,AFG,1,Afghanistan,Asia,"Middle East, North Africa, Afghanistan & Pakistan",non-Schengen,m,18_59
2024,2024_I,Ukraine,FALSE,ALB,1,Albania,Europe,Europe & Central Asia,non-Schengen,m,18_59
2024,2024_I,Ukraine,FALSE,ARM,3,Armenia,Asia,Europe & Central Asia,non-Schengen,f,18_59
2024,2024_I,Ukraine,FALSE,ARM,3,Armenia,Asia,Europe & Central Asia,non-Schengen,f,60
2024,2024_I,Ukraine,FALSE,ARM,7,Armenia,Asia,Europe & Central Asia,non-Schengen,m,18_59
2024,2024_I,Ukraine,FALSE,AZE,7,Azerbaijan,Asia,Europe & Central Asia,non-Schengen,f,18_59
2024,2024_I,Ukraine,FALSE,AZE,1,Azerbaijan,Asia,Europe & Central Asia,non-Schengen,f,60
2024,2024_I,Ukraine,FALSE,AZE,2,Azerbaijan,Asia,Europe & Central Asia,non-Schengen,m,17
2024,2024_I,Ukraine,FALSE,AZE,29,Azerbaijan,Asia,Europe & Central Asia,non-Schengen,m,18_59
2024,2024_I,Ukraine,FALSE,BLR,8,Belarus,Europe,Europe & Central Asia,non-Schengen,m,18_59
2024,2024_I,Ukraine,FALSE,BRA,1,Brazil,Americas,Latin America & Caribbean,non-Schengen,f,18_59
2024,2024_I,Ukraine,FALSE,BRA,8,Brazil,Americas,Latin America & Caribbean,non-Schengen,m,18_59
2024,2024_I,Ukraine,FALSE,CHN,1,China,Asia,East Asia & Pacific,non-Schengen,f,18_59
2024,2024_I,Ukraine,FALSE,CHN,2,China,Asia,East Asia & Pacific,non-Schengen,m,18_59
2024,2024_I,Ukraine,FALSE,CMR,1,Cameroon,Africa,Sub-Saharan Africa,non-Schengen,m,18_59
2024,2024_I,Ukraine,FALSE,COL,3,Colombia,Americas,Latin America & Caribbean,non-Schengen,f,18_59
2024,2024_I,Ukraine,FALSE,COL,61,Colombia,Americas,Latin America & Caribbean,non-Schengen,m,18_59
2024,2024_I,Ukraine,FALSE,DZA,3,Algeria,Africa,"Middle East, North Africa, Afghanistan & Pakistan",non-Schengen,m,18_59
2024,2024_I,Ukraine,FALSE,ECU,1,Ecuador,Americas,Latin America & Caribbean,non-Schengen,f,18_59
2024,2024_I,Ukraine,FALSE,ECU,3,Ecuador,Americas,Latin America & Caribbean,non-Schengen,m,18_59
2024,2024_I,Ukraine,FALSE,EGY,6,Egypt,Africa,"Middle East, North Africa, Afghanistan & Pakistan",non-Schengen,m,18_59
2024,2024_I,Ukraine,FALSE,GBR,2,United Kingdom,Europe,Europe & Central Asia,non-Schengen,m,18_59
2024,2024_I,Ukraine,FALSE,GEO,4,Georgia,Asia,Europe & Central Asia,non-Schengen,f,18_59
2024,2024_I,Ukraine,FALSE,GEO,37,Georgia,Asia,Europe & Central Asia,non-Schengen,m,18_59
2024,2024_I,Ukraine,FALSE,GEO,2,Georgia,Asia,Europe & Central Asia,non-Schengen,m,60
2024,2024_I,Ukraine,FALSE,GMB,1,Gambia,Africa,Sub-Saharan Africa,non-Schengen,f,18_59
2024,2024_I,Ukraine,FALSE,GNB,1,Guinea-Bissau,Africa,Sub-Saharan Africa,non-Schengen,m,18_59
2024,2024_I,Ukraine,FALSE,IND,3,India,Asia,South Asia,non-Schengen,f,18_59
2024,2024_I,Ukraine,FALSE,IND,2,India,Asia,South Asia,non-Schengen,m,18_59
2024,2024_I,Ukraine,FALSE,IRN,2,Iran,Asia,"Middle East, North Africa, Afghanistan & Pakistan",non-Schengen,m,18_59
2024,2024_I,Ukraine,FALSE,IRN,1,Iran,Asia,"Middle East, North Africa, Afghanistan & Pakistan",non-Schengen,m,60
2024,2024_I,Ukraine,FALSE,IRQ,5,Iraq,Asia,"Middle East, North Africa, Afghanistan & Pakistan",non-Schengen,m,18_59
2024,2024_I,Ukraine,FALSE,JOR,2,Jordan,Asia,"Middle East, North Africa, Afghanistan & Pakistan",non-Schengen,m,18_59
2024,2024_I,Ukraine,FALSE,KAZ,2,Kazakhstan,Asia,Europe & Central Asia,non-Schengen,f,18_59
2024,2024_I,Ukraine,FALSE,KGZ,1,Kyrgyzstan,Asia,Europe & Central Asia,non-Schengen,m,18_59
2024,2024_I,Ukraine,FALSE,KOR,1,South Korea,Asia,East Asia & Pacific,non-Schengen,f,18_59
2024,2024_I,Ukraine,FALSE,LBN,2,Lebanon,Asia,"Middle East, North Africa, Afghanistan & Pakistan",non-Schengen,m,18_59
2024,2024_I,Ukraine,FALSE,MAR,3,Morocco,Africa,"Middle East, North Africa, Afghanistan & Pakistan",non-Schengen,m,18_59
2024,2024_I,Ukraine,FALSE,MDA,2,Moldova,Europe,Europe & Central Asia,non-Schengen,f,17
2024,2024_I,Ukraine,FALSE,MDA,102,Moldova,Europe,Europe & Central Asia,non-Schengen,f,18_59
2024,2024_I,Ukraine,FALSE,MDA,6,Moldova,Europe,Europe & Central Asia,non-Schengen,f,60
2024,2024_I,Ukraine,FALSE,MDA,7,Moldova,Europe,Europe & Central Asia,non-Schengen,m,17
2024,2024_I,Ukraine,FALSE,MDA,227,Moldova,Europe,Europe & Central Asia,non-Schengen,m,18_59
2024,2024_I,Ukraine,FALSE,MDA,2,Moldova,Europe,Europe & Central Asia,non-Schengen,m,60
2024,2024_I,Ukraine,FALSE,NGA,2,Nigeria,Africa,Sub-Saharan Africa,non-Schengen,f,17
2024,2024_I,Ukraine,FALSE,NGA,2,Nigeria,Africa,Sub-Saharan Africa,non-Schengen,f,18_59
2024,2024_I,Ukraine,FALSE,NGA,8,Nigeria,Africa,Sub-Saharan Africa,non-Schengen,m,18_59
2024,2024_I,Ukraine,FALSE,PER,1,Peru,Americas,Latin America & Caribbean,non-Schengen,f,18_59
2024,2024_I,Ukraine,FALSE,PER,4,Peru,Americas,Latin America & Caribbean,non-Schengen,m,18_59
2024,2024_I,Ukraine,FALSE,PRY,1,Paraguay,Americas,Latin America & Caribbean,non-Schengen,m,18_59
2024,2024_I,Ukraine,FALSE,PSE,1,Palestinian Territories,Asia,"Middle East, North Africa, Afghanistan & Pakistan",non-Schengen,f,18_59
2024,2024_I,Ukraine,FALSE,PSE,1,Palestinian Territories,Asia,"Middle East, North Africa, Afghanistan & Pakistan",non-Schengen,m,18_59
2024,2024_I,Ukraine,FALSE,RUS,7,Russia,Europe,Europe & Central Asia,non-Schengen,f,18_59
2024,2024_I,Ukraine,FALSE,RUS,6,Russia,Europe,Europe & Central Asia,non-Schengen,f,60
2024,2024_I,Ukraine,FALSE,RUS,6,Russia,Europe,Europe & Central Asia,non-Schengen,m,18_59
2024,2024_I,Ukraine,FALSE,SEN,1,Senegal,Africa,Sub-Saharan Africa,non-Schengen,m,18_59
2024,2024_I,Ukraine,FALSE,SYR,14,Syria,Asia,"Middle East, North Africa, Afghanistan & Pakistan",non-Schengen,m,18_59
2024,2024_I,Ukraine,FALSE,SYR,1,Syria,Asia,"Middle East, North Africa, Afghanistan & Pakistan",non-Schengen,m,60
2024,2024_I,Ukraine,FALSE,TJK,1,Tajikistan,Asia,Europe & Central Asia,non-Schengen,f,18_59
2024,2024_I,Ukraine,FALSE,TJK,1,Tajikistan,Asia,Europe & Central Asia,non-Schengen,m,18_59
2024,2024_I,Ukraine,FALSE,TKM,3,Turkmenistan,Asia,Europe & Central Asia,non-Schengen,f,18_59
2024,2024_I,Ukraine,FALSE,TKM,13,Turkmenistan,Asia,Europe & Central Asia,non-Schengen,m,18_59
2024,2024_I,Ukraine,FALSE,TUN,1,Tunisia,Africa,"Middle East, North Africa, Afghanistan & Pakistan",non-Schengen,m,18_59
2024,2024_I,Ukraine,FALSE,TUR,1,Turkey,Asia,Europe & Central Asia,non-Schengen,f,18_59
2024,2024_I,Ukraine,FALSE,TUR,13,Turkey,Asia,Europe & Central Asia,non-Schengen,m,18_59
2024,2024_I,Ukraine,FALSE,TUR,1,Turkey,Asia,Europe & Central Asia,non-Schengen,m,60
2024,2024_I,Ukraine,FALSE,UGA,1,Uganda,Africa,Sub-Saharan Africa,non-Schengen,f,18_59
2024,2024_I,Ukraine,FALSE,UKR,1,Ukraine,Europe,Europe & Central Asia,non-Schengen,f,17
2024,2024_I,Ukraine,FALSE,UKR,4,Ukraine,Europe,Europe & Central Asia,non-Schengen,f,18_59
2024,2024_I,Ukraine,FALSE,UKR,1,Ukraine,Europe,Europe & Central Asia,non-Schengen,m,17
2024,2024_I,Ukraine,FALSE,UKR,17,Ukraine,Europe,Europe & Central Asia,non-Schengen,m,18_59
2024,2024_I,Ukraine,FALSE,UKR,1,Ukraine,Europe,Europe & Central Asia,non-Schengen,m,60
2024,2024_I,Ukraine,FALSE,USA,1,United States,Americas,North America,non-Schengen,f,18_59
2024,2024_I,Ukraine,FALSE,USA,1,United States,Americas,North America,non-Schengen,m,18_59
2024,2024_I,Ukraine,FALSE,UZB,3,Uzbekistan,Asia,Europe & Central Asia,non-Schengen,f,18_59
2024,2024_I,Ukraine,FALSE,UZB,4,Uzbekistan,Asia,Europe & Central Asia,non-Schengen,m,18_59
2024,2024_I,Ukraine,FALSE,VEN,1,Venezuela,Americas,Latin America & Caribbean,non-Schengen,f,18_59
2024,2024_I,Ukraine,FALSE,VEN,3,Venezuela,Americas,Latin America & Caribbean,non-Schengen,m,18_59
2024,2024_I,Ukraine,FALSE,VNM,1,Vietnam,Asia,East Asia & Pacific,non-Schengen,f,18_59
2024,2024_I,Ukraine,FALSE,VNM,4,Vietnam,Asia,East Asia & Pacific,non-Schengen,m,18_59
2024,2024_I,Ukraine,FALSE,XXX,2,Stateless,other/unknown,other/unknown,non-Schengen,f,18_59
2024,2024_I,Ukraine,FALSE,XXX,4,Stateless,other/unknown,other/unknown,non-Schengen,m,18_59
2024,2024_I,country,FALSE,AFG,14,Afghanistan,Asia,"Middle East, North Africa, Afghanistan & Pakistan",non-Schengen,m,18_59
2024,2024_I,country,FALSE,AGO,1,Angola,Africa,Sub-Saharan Africa,non-Schengen,m,18_59
2024,2024_I,country,FALSE,ALB,5,Albania,Europe,Europe & Central Asia,non-Schengen,m,18_59
2024,2024_I,country,FALSE,ARE,1,United Arab Emirates,Asia,"Middle East, North Africa, Afghanistan & Pakistan",non-Schengen,m,18_59
2024,2024_I,country,FALSE,ARG,2,Argentina,Americas,Latin America & Caribbean,non-Schengen,f,18_59
2024,2024_I,country,FALSE,ARG,19,Argentina,Americas,Latin America & Caribbean,non-Schengen,m,18_59
2024,2024_I,country,FALSE,ARM,3,Armenia,Asia,Europe & Central Asia,non-Schengen,f,17
2024,2024_I,country,FALSE,ARM,6,Armenia,Asia,Europe & Central Asia,non-Schengen,f,18_59
2024,2024_I,country,FALSE,ARM,1,Armenia,Asia,Europe & Central Asia,non-Schengen,f,60
2024,2024_I,country,FALSE,ARM,1,Armenia,Asia,Europe & Central Asia,non-Schengen,m,17
2024,2024_I,country,FALSE,ARM,21,Armenia,Asia,Europe & Central Asia,non-Schengen,m,18_59
2024,2024_I,country,FALSE,ARM,1,Armenia,Asia,Europe & Central Asia,non-Schengen,m,60
2024,2024_I,country,FALSE,AZE,1,Azerbaijan,Asia,Europe & Central Asia,non-Schengen,f,17
2024,2024_I,country,FALSE,AZE,6,Azerbaijan,Asia,Europe & Central Asia,non-Schengen,f,18_59
2024,2024_I,country,FALSE,AZE,51,Azerbaijan,Asia,Europe & Central Asia,non-Schengen,m,18_59
2024,2024_I,country,FALSE,BDI,1,Burundi,Africa,Sub-Saharan Africa,non-Schengen,m,18_59
2024,2024_I,country,FALSE,BFA,1,Burkina Faso,Africa,Sub-Saharan Africa,non-Schengen,m,18_59
2024,2024_I,country,FALSE,BGD,2,Bangladesh,Asia,South Asia,non-Schengen,f,17
2024,2024_I,country,FALSE,BGD,1,Bangladesh,Asia,South Asia,non-Schengen,f,18_59
2024,2024_I,country,FALSE,BGD,40,Bangladesh,Asia,South Asia,non-Schengen,m,18_59
2024,2024_I,country,FALSE,BLR,2,Belarus,Europe,Europe & Central Asia,non-Schengen,f,17
2024,2024_I,country,FALSE,BLR,53,Belarus,Europe,Europe & Central Asia,non-Schengen,f,18_59
2024,2024_I,country,FALSE,BLR,2,Belarus,Europe,Europe & Central Asia,non-Schengen,f,60
2024,2024_I,country,FALSE,BLR,5,Belarus,Europe,Europe & Central Asia,non-Schengen,m,17
2024,2024_I,country,FALSE,BLR,201,Belarus,Europe,Europe & Central Asia,non-Schengen,m,18_59
2024,2024_I,country,FALSE,BLR,2,Belarus,Europe,Europe & Central Asia,non-Schengen,m,60
2024,2024_I,country,FALSE,BRA,3,Brazil,Americas,Latin America & Caribbean,non-Schengen,f,18_59
2024,2024_I,country,FALSE,BRA,3,Brazil,Americas,Latin America & Caribbean,non-Schengen,m,18_59
2024,2024_I,country,FALSE,CHN,4,China,Asia,East Asia & Pacific,non-Schengen,f,18_59
2024,2024_I,country,FALSE,CHN,1,China,Asia,East Asia & Pacific,non-Schengen,m,17
2024,2024_I,country,FALSE,CHN,15,China,Asia,East Asia & Pacific,non-Schengen,m,18_59
2024,2024_I,country,FALSE,CIV,1,Côte d’Ivoire,Africa,Sub-Saharan Africa,non-Schengen,m,18_59
2024,2024_I,country,FALSE,CMR,2,Cameroon,Africa,Sub-Saharan Africa,non-Schengen,f,18_59
2024,2024_I,country,FALSE,CMR,1,Cameroon,Africa,Sub-Saharan Africa,non-Schengen,m,17
2024,2024_I,country,FALSE,CMR,7,Cameroon,Africa,Sub-Saharan Africa,non-Schengen,m,18_59
2024,2024_I,country,FALSE,COG,1,Congo - Brazzaville,Africa,Sub-Saharan Africa,non-Schengen,f,18_59
2024,2024_I,country,FALSE,COG,2,Congo - Brazzaville,Africa,Sub-Saharan Africa,non-Schengen,m,18_59
2024,2024_I,country,FALSE,COL,2,Colombia,Americas,Latin America & Caribbean,non-Schengen,f,17
2024,2024_I,country,FALSE,COL,35,Colombia,Americas,Latin America & Caribbean,non-Schengen,f,18_59
2024,2024_I,country,FALSE,COL,1,Colombia,Americas,Latin America & Caribbean,non-Schengen,m,17
2024,2024_I,country,FALSE,COL,89,Colombia,Americas,Latin America & Caribbean,non-Schengen,m,18_59
2024,2024_I,country,FALSE,CUB,1,Cuba,Americas,Latin America & Caribbean,non-Schengen,f,18_59
2024,2024_I,country,FALSE,CUB,2,Cuba,Americas,Latin America & Caribbean,non-Schengen,m,18_59
2024,2024_I,country,FALSE,CUB,1,Cuba,Americas,Latin America & Caribbean,non-Schengen,m,60
2024,2024_I,country,FALSE,DZA,15,Algeria,Africa,"Middle East, North Africa, Afghanistan & Pakistan",non-Schengen,m,18_59
2024,2024_I,country,FALSE,ECU,1,Ecuador,Americas,Latin America & Caribbean,non-Schengen,m,18_59
2024,2024_I,country,FALSE,EGY,1,Egypt,Africa,"Middle East, North Africa, Afghanistan & Pakistan",non-Schengen,f,18_59
2024,2024_I,country,FALSE,EGY,29,Egypt,Africa,"Middle East, North Africa, Afghanistan & Pakistan",non-Schengen,m,18_59
2024,2024_I,country,FALSE,ETH,2,Ethiopia,Africa,Sub-Saharan Africa,non-Schengen,f,18_59
2024,2024_I,country,FALSE,ETH,8,Ethiopia,Africa,Sub-Saharan Africa,non-Schengen,m,18_59
2024,2024_I,country,FALSE,GBR,2,United Kingdom,Europe,Europe & Central Asia,non-Schengen,f,18_59
2024,2024_I,country,FALSE,GBR,5,United Kingdom,Europe,Europe & Central Asia,non-Schengen,m,18_59
2024,2024_I,country,FALSE,GEO,6,Georgia,Asia,Europe & Central Asia,non-Schengen,f,17
2024,2024_I,country,FALSE,GEO,54,Georgia,Asia,Europe & Central Asia,non-Schengen,f,18_59
2024,2024_I,country,FALSE,GEO,2,Georgia,Asia,Europe & Central Asia,non-Schengen,f,60
2024,2024_I,country,FALSE,GEO,18,Georgia,Asia,Europe & Central Asia,non-Schengen,m,17
2024,2024_I,country,FALSE,GEO,626,Georgia,Asia,Europe & Central Asia,non-Schengen,m,18_59
2024,2024_I,country,FALSE,GEO,4,Georgia,Asia,Europe & Central Asia,non-Schengen,m,60
2024,2024_I,country,FALSE,GHA,6,Ghana,Africa,Sub-Saharan Africa,non-Schengen,m,18_59
2024,2024_I,country,FALSE,GIN,3,Guinea,Africa,Sub-Saharan Africa,non-Schengen,m,18_59
2024,2024_I,country,FALSE,GTM,1,Guatemala,Americas,Latin America & Caribbean,non-Schengen,f,18_59
2024,2024_I,country,FALSE,HND,1,Honduras,Americas,Latin America & Caribbean,non-Schengen,m,18_59
2024,2024_I,country,FALSE,IDN,19,Indonesia,Asia,East Asia & Pacific,non-Schengen,f,18_59
2024,2024_I,country,FALSE,IDN,88,Indonesia,Asia,East Asia & Pacific,non-Schengen,m,18_59
2024,2024_I,country,FALSE,IND,9,India,Asia,South Asia,non-Schengen,f,18_59
2024,2024_I,country,FALSE,IND,1,India,Asia,South Asia,non-Schengen,m,17
2024,2024_I,country,FALSE,IND,147,India,Asia,South Asia,non-Schengen,m,18_59
2024,2024_I,country,FALSE,IRN,1,Iran,Asia,"Middle East, North Africa, Afghanistan & Pakistan",non-Schengen,f,18_59
2024,2024_I,country,FALSE,IRN,3,Iran,Asia,"Middle East, North Africa, Afghanistan & Pakistan",non-Schengen,m,18_59
2024,2024_I,country,FALSE,IRQ,8,Iraq,Asia,"Middle East, North Africa, Afghanistan & Pakistan",non-Schengen,m,18_59
2024,2024_I,country,FALSE,ISR,3,Israel,Asia,"Middle East, North Africa, Afghanistan & Pakistan",non-Schengen,m,18_59
2024,2024_I,country,FALSE,JOR,2,Jordan,Asia,"Middle East, North Africa, Afghanistan & Pakistan",non-Schengen,m,18_59
2024,2024_I,country,FALSE,JPN,3,Japan,Asia,East Asia & Pacific,non-Schengen,m,18_59
2024,2024_I,country,FALSE,KAZ,6,Kazakhstan,Asia,Europe & Central Asia,non-Schengen,f,18_59
2024,2024_I,country,FALSE,KAZ,18,Kazakhstan,Asia,Europe & Central Asia,non-Schengen,m,18_59
2024,2024_I,country,FALSE,KEN,3,Kenya,Africa,Sub-Saharan Africa,non-Schengen,m,18_59
2024,2024_I,country,FALSE,KGZ,1,Kyrgyzstan,Asia,Europe & Central Asia,non-Schengen,f,17
2024,2024_I,country,FALSE,KGZ,4,Kyrgyzstan,Asia,Europe & Central Asia,non-Schengen,f,18_59
2024,2024_I,country,FALSE,KGZ,1,Kyrgyzstan,Asia,Europe & Central Asia,non-Schengen,m,17
2024,2024_I,country,FALSE,KGZ,37,Kyrgyzstan,Asia,Europe & Central Asia,non-Schengen,m,18_59
2024,2024_I,country,FALSE,LBN,2,Lebanon,Asia,"Middle East, North Africa, Afghanistan & Pakistan",non-Schengen,m,18_59
2024,2024_I,country,FALSE,LBY,2,Libya,Africa,"Middle East, North Africa, Afghanistan & Pakistan",non-Schengen,m,18_59
2024,2024_I,country,FALSE,LKA,4,Sri Lanka,Asia,South Asia,non-Schengen,m,18_59
2024,2024_I,country,FALSE,MAR,2,Morocco,Africa,"Middle East, North Africa, Afghanistan & Pakistan",non-Schengen,f,18_59
2024,2024_I,country,FALSE,MAR,15,Morocco,Africa,"Middle East, North Africa, Afghanistan & Pakistan",non-Schengen,m,18_59
2024,2024_I,country,FALSE,MDA,4,Moldova,Europe,Europe & Central Asia,non-Schengen,f,17
2024,2024_I,country,FALSE,MDA,45,Moldova,Europe,Europe & Central Asia,non-Schengen,f,18_59
2024,2024_I,country,FALSE,MDA,3,Moldova,Europe,Europe & Central Asia,non-Schengen,m,17
2024,2024_I,country,FALSE,MDA,210,Moldova,Europe,Europe & Central Asia,non-Schengen,m,18_59
2024,2024_I,country,FALSE,MDA,1,Moldova,Europe,Europe & Central Asia,non-Schengen,m,60
2024,2024_I,country,FALSE,MEX,1,Mexico,Americas,Latin America & Caribbean,non-Schengen,f,18_59
2024,2024_I,country,FALSE,MEX,3,Mexico,Americas,Latin America & Caribbean,non-Schengen,m,18_59
2024,2024_I,country,FALSE,MKD,2,North Macedonia,Europe,Europe & Central Asia,non-Schengen,m,18_59
2024,2024_I,country,FALSE,MNG,1,Mongolia,Asia,East Asia & Pacific,non-Schengen,f,18_59
2024,2024_I,country,FALSE,MNG,6,Mongolia,Asia,East Asia & Pacific,non-Schengen,m,18_59
2024,2024_I,country,FALSE,MYS,1,Malaysia,Asia,East Asia & Pacific,non-Schengen,f,18_59
2024,2024_I,country,FALSE,NGA,1,Nigeria,Africa,Sub-Saharan Africa,non-Schengen,f,17
2024,2024_I,country,FALSE,NGA,6,Nigeria,Africa,Sub-Saharan Africa,non-Schengen,f,18_59
2024,2024_I,country,FALSE,NGA,18,Nigeria,Africa,Sub-Saharan Africa,non-Schengen,m,18_59
2024,2024_I,country,FALSE,NIC,1,Nicaragua,Americas,Latin America & Caribbean,non-Schengen,m,18_59
2024,2024_I,country,FALSE,NPL,1,Nepal,Asia,South Asia,non-Schengen,f,17
2024,2024_I,country,FALSE,NPL,3,Nepal,Asia,South Asia,non-Schengen,f,18_59
2024,2024_I,country,FALSE,NPL,1,Nepal,Asia,South Asia,non-Schengen,m,17
2024,2024_I,country,FALSE,NPL,33,Nepal,Asia,South Asia,non-Schengen,m,18_59
2024,2024_I,country,FALSE,PAK,2,Pakistan,Asia,"Middle East, North Africa, Afghanistan & Pakistan",non-Schengen,f,18_59
2024,2024_I,country,FALSE,PAK,15,Pakistan,Asia,"Middle East, North Africa, Afghanistan & Pakistan",non-Schengen,m,18_59
2024,2024_I,country,FALSE,PER,1,Peru,Americas,Latin America & Caribbean,non-Schengen,f,18_59
2024,2024_I,country,FALSE,PER,6,Peru,Americas,Latin America & Caribbean,non-Schengen,m,18_59
2024,2024_I,country,FALSE,PHL,1,Philippines,Asia,East Asia & Pacific,non-Schengen,f,17
2024,2024_I,country,FALSE,PHL,30,Philippines,Asia,East Asia & Pacific,non-Schengen,f,18_59
2024,2024_I,country,FALSE,PHL,1,Philippines,Asia,East Asia & Pacific,non-Schengen,m,17
2024,2024_I,country,FALSE,PHL,57,Philippines,Asia,East Asia & Pacific,non-Schengen,m,18_59
2024,2024_I,country,FALSE,PRY,5,Paraguay,Americas,Latin America & Caribbean,non-Schengen,m,18_59
2024,2024_I,country,FALSE,PSE,1,Palestinian Territories,Asia,"Middle East, North Africa, Afghanistan & Pakistan",non-Schengen,m,18_59
2024,2024_I,country,FALSE,RKS,3,KOSOVO,Europe,Europe & Central Asia,non-Schengen,m,18_59
2024,2024_I,country,FALSE,RUS,21,Russia,Europe,Europe & Central Asia,non-Schengen,f,17
2024,2024_I,country,FALSE,RUS,42,Russia,Europe,Europe & Central Asia,non-Schengen,f,18_59
2024,2024_I,country,FALSE,RUS,4,Russia,Europe,Europe & Central Asia,non-Schengen,f,60
2024,2024_I,country,FALSE,RUS,13,Russia,Europe,Europe & Central Asia,non-Schengen,m,17
2024,2024_I,country,FALSE,RUS,94,Russia,Europe,Europe & Central Asia,non-Schengen,m,18_59
2024,2024_I,country,FALSE,RUS,3,Russia,Europe,Europe & Central Asia,non-Schengen,m,60
2024,2024_I,country,FALSE,RWA,1,Rwanda,Africa,Sub-Saharan Africa,non-Schengen,f,18_59
2024,2024_I,country,FALSE,RWA,7,Rwanda,Africa,Sub-Saharan Africa,non-Schengen,m,18_59
2024,2024_I,country,FALSE,SDN,4,Sudan,Africa,Sub-Saharan Africa,non-Schengen,m,18_59
2024,2024_I,country,FALSE,SOM,1,Somalia,Africa,Sub-Saharan Africa,non-Schengen,m,18_59
2024,2024_I,country,FALSE,SRB,1,Serbia,Europe,Europe & Central Asia,non-Schengen,f,18_59
2024,2024_I,country,FALSE,SRB,3,Serbia,Europe,Europe & Central Asia,non-Schengen,m,18_59
2024,2024_I,country,FALSE,SWZ,1,Eswatini,Africa,Sub-Saharan Africa,non-Schengen,m,18_59
2024,2024_I,country,FALSE,SYR,1,Syria,Asia,"Middle East, North Africa, Afghanistan & Pakistan",non-Schengen,m,17
2024,2024_I,country,FALSE,SYR,10,Syria,Asia,"Middle East, North Africa, Afghanistan & Pakistan",non-Schengen,m,18_59
2024,2024_I,country,FALSE,THA,9,Thailand,Asia,East Asia & Pacific,non-Schengen,f,18_59
2024,2024_I,country,FALSE,THA,1,Thailand,Asia,East Asia & Pacific,non-Schengen,m,17
2024,2024_I,country,FALSE,THA,1,Thailand,Asia,East Asia & Pacific,non-Schengen,m,18_59
2024,2024_I,country,FALSE,TJK,2,Tajikistan,Asia,Europe & Central Asia,non-Schengen,f,17
2024,2024_I,country,FALSE,TJK,4,Tajikistan,Asia,Europe & Central Asia,non-Schengen,f,18_59
2024,2024_I,country,FALSE,TJK,2,Tajikistan,Asia,Europe & Central Asia,non-Schengen,m,17
2024,2024_I,country,FALSE,TJK,62,Tajikistan,Asia,Europe & Central Asia,non-Schengen,m,18_59
2024,2024_I,country,FALSE,TKM,7,Turkmenistan,Asia,Europe & Central Asia,non-Schengen,f,18_59
2024,2024_I,country,FALSE,TKM,79,Turkmenistan,Asia,Europe & Central Asia,non-Schengen,m,18_59
2024,2024_I,country,FALSE,TUN,12,Tunisia,Africa,"Middle East, North Africa, Afghanistan & Pakistan",non-Schengen,m,18_59
2024,2024_I,country,FALSE,TUR,5,Turkey,Asia,Europe & Central Asia,non-Schengen,f,18_59
2024,2024_I,country,FALSE,TUR,2,Turkey,Asia,Europe & Central Asia,non-Schengen,m,17
2024,2024_I,country,FALSE,TUR,72,Turkey,Asia,Europe & Central Asia,non-Schengen,m,18_59
2024,2024_I,country,FALSE,TZA,1,Tanzania,Africa,Sub-Saharan Africa,non-Schengen,f,18_59
2024,2024_I,country,FALSE,UGA,3,Uganda,Africa,Sub-Saharan Africa,non-Schengen,f,18_59
2024,2024_I,country,FALSE,UGA,5,Uganda,Africa,Sub-Saharan Africa,non-Schengen,m,18_59
2024,2024_I,country,FALSE,UKR,1,Ukraine,Europe,Europe & Central Asia,non-Schengen,f,17
2024,2024_I,country,FALSE,UKR,24,Ukraine,Europe,Europe & Central Asia,non-Schengen,f,18_59
2024,2024_I,country,FALSE,UKR,2,Ukraine,Europe,Europe & Central Asia,non-Schengen,f,60
2024,2024_I,country,FALSE,UKR,306,Ukraine,Europe,Europe & Central Asia,non-Schengen,m,18_59
2024,2024_I,country,FALSE,UKR,1,Ukraine,Europe,Europe & Central Asia,non-Schengen,m,60
2024,2024_I,country,FALSE,UNK,1,unknown,other/unknown,other/unknown,non-Schengen,m,18_59
2024,2024_I,country,FALSE,USA,1,United States,Americas,North America,non-Schengen,f,18_59
2024,2024_I,country,FALSE,USA,2,United States,Americas,North America,non-Schengen,m,18_59
2024,2024_I,country,FALSE,USA,1,United States,Americas,North America,non-Schengen,m,60
2024,2024_I,country,FALSE,UZB,3,Uzbekistan,Asia,Europe & Central Asia,non-Schengen,f,18_59
2024,2024_I,country,FALSE,UZB,1,Uzbekistan,Asia,Europe & Central Asia,non-Schengen,m,17
2024,2024_I,country,FALSE,UZB,178,Uzbekistan,Asia,Europe & Central Asia,non-Schengen,m,18_59
2024,2024_I,country,FALSE,VEN,2,Venezuela,Americas,Latin America & Caribbean,non-Schengen,f,17
2024,2024_I,country,FALSE,VEN,3,Venezuela,Americas,Latin America & Caribbean,non-Schengen,f,18_59
2024,2024_I,country,FALSE,VEN,3,Venezuela,Americas,Latin America & Caribbean,non-Schengen,m,18_59
2024,2024_I,country,FALSE,VNM,1,Vietnam,Asia,East Asia & Pacific,non-Schengen,f,17
2024,2024_I,country,FALSE,VNM,16,Vietnam,Asia,East Asia & Pacific,non-Schengen,f,18_59
2024,2024_I,country,FALSE,VNM,3,Vietnam,Asia,East Asia & Pacific,non-Schengen,f,60
2024,2024_I,country,FALSE,VNM,1,Vietnam,Asia,East Asia & Pacific,non-Schengen,m,17
2024,2024_I,country,FALSE,VNM,45,Vietnam,Asia,East Asia & Pacific,non-Schengen,m,18_59
2024,2024_I,country,FALSE,XXX,4,Stateless,other/unknown,other/unknown,non-Schengen,m,18_59
2024,2024_I,country,FALSE,YEM,2,Yemen,Asia,"Middle East, North Africa, Afghanistan & Pakistan",non-Schengen,m,18_59
2024,2024_I,country,FALSE,ZAF,3,South Africa,Africa,Sub-Saharan Africa,non-Schengen,m,18_59
2024,2024_I,country,FALSE,ZMB,1,Zambia,Africa,Sub-Saharan Africa,non-Schengen,f,18_59
2024,2024_I,country,FALSE,ZMB,1,Zambia,Africa,Sub-Saharan Africa,non-Schengen,m,18_59
2024,2024_I,country,FALSE,ZWE,1,Zimbabwe,Africa,Sub-Saharan Africa,non-Schengen,f,17
2024,2024_I,country,FALSE,ZWE,8,Zimbabwe,Africa,Sub-Saharan Africa,non-Schengen,f,18_59
2024,2024_I,country,FALSE,ZWE,24,Zimbabwe,Africa,Sub-Saharan Africa,non-Schengen,m,18_59
2024,2024_I,country,TRUE,BLR,5,Belarus,Europe,Europe & Central Asia,non-Schengen,m,18_59
2024,2024_I,country,TRUE,EGY,1,Egypt,Africa,"Middle East, North Africa, Afghanistan & Pakistan",non-Schengen,m,18_59
2024,2024_I,country,TRUE,GEO,12,Georgia,Asia,Europe & Central Asia,non-Schengen,m,18_59
2024,2024_I,country,TRUE,IND,1,India,Asia,South Asia,non-Schengen,m,18_59
2024,2024_I,country,TRUE,MDA,6,Moldova,Europe,Europe & Central Asia,non-Schengen,m,18_59
2024,2024_I,country,TRUE,RUS,1,Russia,Europe,Europe & Central Asia,non-Schengen,f,18_59
2024,2024_I,country,TRUE,RUS,3,Russia,Europe,Europe & Central Asia,non-Schengen,m,18_59
2024,2024_I,country,TRUE,SYR,1,Syria,Asia,"Middle East, North Africa, Afghanistan & Pakistan",non-Schengen,m,18_59
2024,2024_I,country,TRUE,UKR,1,Ukraine,Europe,Europe & Central Asia,non-Schengen,f,18_59
2024,2024_I,country,TRUE,UKR,9,Ukraine,Europe,Europe & Central Asia,non-Schengen,m,18_59
2024,2024_I,country,TRUE,UZB,2,Uzbekistan,Asia,Europe & Central Asia,non-Schengen,m,18_59
2024,2024_I,external air,FALSE,AFG,1,Afghanistan,Asia,"Middle East, North Africa, Afghanistan & Pakistan",non-Schengen,m,18_59
2024,2024_I,external air,FALSE,ALB,4,Albania,Europe,Europe & Central Asia,non-Schengen,f,18_59
2024,2024_I,external air,FALSE,ALB,1,Albania,Europe,Europe & Central Asia,non-Schengen,f,60
2024,2024_I,external air,FALSE,ALB,17,Albania,Europe,Europe & Central Asia,non-Schengen,m,18_59
2024,2024_I,external air,FALSE,ARG,2,Argentina,Americas,Latin America & Caribbean,non-Schengen,m,18_59
2024,2024_I,external air,FALSE,ARM,1,Armenia,Asia,Europe & Central Asia,non-Schengen,f,18_59
2024,2024_I,external air,FALSE,ARM,1,Armenia,Asia,Europe & Central Asia,non-Schengen,m,18_59
2024,2024_I,external air,FALSE,AZE,1,Azerbaijan,Asia,Europe & Central Asia,non-Schengen,f,18_59
2024,2024_I,external air,FALSE,AZE,3,Azerbaijan,Asia,Europe & Central Asia,non-Schengen,m,18_59
2024,2024_I,external air,FALSE,BFA,1,Burkina Faso,Africa,Sub-Saharan Africa,non-Schengen,f,17
2024,2024_I,external air,FALSE,BFA,1,Burkina Faso,Africa,Sub-Saharan Africa,non-Schengen,m,18_59
2024,2024_I,external air,FALSE,BGD,1,Bangladesh,Asia,South Asia,non-Schengen,m,18_59
2024,2024_I,external air,FALSE,BLR,2,Belarus,Europe,Europe & Central Asia,non-Schengen,f,18_59
2024,2024_I,external air,FALSE,BLR,1,Belarus,Europe,Europe & Central Asia,non-Schengen,m,18_59
2024,2024_I,external air,FALSE,BRA,2,Brazil,Americas,Latin America & Caribbean,non-Schengen,f,18_59
2024,2024_I,external air,FALSE,BRA,4,Brazil,Americas,Latin America & Caribbean,non-Schengen,m,18_59
2024,2024_I,external air,FALSE,CAN,2,Canada,Americas,North America,non-Schengen,f,17
2024,2024_I,external air,FALSE,CAN,3,Canada,Americas,North America,non-Schengen,m,18_59
2024,2024_I,external air,FALSE,CHN,1,China,Asia,East Asia & Pacific,non-Schengen,f,18_59
2024,2024_I,external air,FALSE,CHN,7,China,Asia,East Asia & Pacific,non-Schengen,m,18_59
2024,2024_I,external air,FALSE,COL,3,Colombia,Americas,Latin America & Caribbean,non-Schengen,f,18_59
2024,2024_I,external air,FALSE,COL,4,Colombia,Americas,Latin America & Caribbean,non-Schengen,m,18_59
2024,2024_I,external air,FALSE,DMA,1,Dominica,Americas,Latin America & Caribbean,non-Schengen,m,18_59
2024,2024_I,external air,FALSE,DZA,1,Algeria,Africa,"Middle East, North Africa, Afghanistan & Pakistan",non-Schengen,m,18_59
2024,2024_I,external air,FALSE,EGY,1,Egypt,Africa,"Middle East, North Africa, Afghanistan & Pakistan",non-Schengen,m,18_59
2024,2024_I,external air,FALSE,GBR,2,United Kingdom,Europe,Europe & Central Asia,non-Schengen,f,17
2024,2024_I,external air,FALSE,GBR,2,United Kingdom,Europe,Europe & Central Asia,non-Schengen,f,18_59
2024,2024_I,external air,FALSE,GBR,9,United Kingdom,Europe,Europe & Central Asia,non-Schengen,m,18_59
2024,2024_I,external air,FALSE,GBR,1,United Kingdom,Europe,Europe & Central Asia,non-Schengen,m,60
2024,2024_I,external air,FALSE,GEO,4,Georgia,Asia,Europe & Central Asia,non-Schengen,f,17
2024,2024_I,external air,FALSE,GEO,140,Georgia,Asia,Europe & Central Asia,non-Schengen,f,18_59
2024,2024_I,external air,FALSE,GEO,6,Georgia,Asia,Europe & Central Asia,non-Schengen,f,60
2024,2024_I,external air,FALSE,GEO,10,Georgia,Asia,Europe & Central Asia,non-Schengen,m,17
2024,2024_I,external air,FALSE,GEO,474,Georgia,Asia,Europe & Central Asia,non-Schengen,m,18_59
2024,2024_I,external air,FALSE,GEO,4,Georgia,Asia,Europe & Central Asia,non-Schengen,m,60
2024,2024_I,external air,FALSE,GIN,1,Guinea,Africa,Sub-Saharan Africa,non-Schengen,m,18_59
2024,2024_I,external air,FALSE,IDN,2,Indonesia,Asia,East Asia & Pacific,non-Schengen,f,18_59
2024,2024_I,external air,FALSE,IDN,12,Indonesia,Asia,East Asia & Pacific,non-Schengen,m,18_59
2024,2024_I,external air,FALSE,IND,2,India,Asia,South Asia,non-Schengen,f,18_59
2024,2024_I,external air,FALSE,IND,5,India,Asia,South Asia,non-Schengen,m,18_59
2024,2024_I,external air,FALSE,IRN,2,Iran,Asia,"Middle East, North Africa, Afghanistan & Pakistan",non-Schengen,f,18_59
2024,2024_I,external air,FALSE,IRN,4,Iran,Asia,"Middle East, North Africa, Afghanistan & Pakistan",non-Schengen,m,18_59
2024,2024_I,external air,FALSE,IRQ,2,Iraq,Asia,"Middle East, North Africa, Afghanistan & Pakistan",non-Schengen,m,18_59
2024,2024_I,external air,FALSE,ISR,1,Israel,Asia,"Middle East, North Africa, Afghanistan & Pakistan",non-Schengen,m,18_59
2024,2024_I,external air,FALSE,JOR,3,Jordan,Asia,"Middle East, North Africa, Afghanistan & Pakistan",non-Schengen,m,18_59
2024,2024_I,external air,FALSE,KAZ,1,Kazakhstan,Asia,Europe & Central Asia,non-Schengen,f,17
2024,2024_I,external air,FALSE,KAZ,3,Kazakhstan,Asia,Europe & Central Asia,non-Schengen,f,18_59
2024,2024_I,external air,FALSE,KAZ,7,Kazakhstan,Asia,Europe & Central Asia,non-Schengen,m,18_59
2024,2024_I,external air,FALSE,KEN,3,Kenya,Africa,Sub-Saharan Africa,non-Schengen,m,18_59
2024,2024_I,external air,FALSE,KGZ,3,Kyrgyzstan,Asia,Europe & Central Asia,non-Schengen,m,18_59
2024,2024_I,external air,FALSE,LBY,1,Libya,Africa,"Middle East, North Africa, Afghanistan & Pakistan",non-Schengen,m,18_59
2024,2024_I,external air,FALSE,LKA,1,Sri Lanka,Asia,South Asia,non-Schengen,f,18_59
2024,2024_I,external air,FALSE,MAR,2,Morocco,Africa,"Middle East, North Africa, Afghanistan & Pakistan",non-Schengen,m,18_59
2024,2024_I,external air,FALSE,MDA,2,Moldova,Europe,Europe & Central Asia,non-Schengen,m,18_59
2024,2024_I,external air,FALSE,MEX,2,Mexico,Americas,Latin America & Caribbean,non-Schengen,m,18_59
2024,2024_I,external air,FALSE,MNE,1,Montenegro,Europe,Europe & Central Asia,non-Schengen,f,18_59
2024,2024_I,external air,FALSE,NGA,2,Nigeria,Africa,Sub-Saharan Africa,non-Schengen,m,18_59
2024,2024_I,external air,FALSE,NPL,2,Nepal,Asia,South Asia,non-Schengen,m,18_59
2024,2024_I,external air,FALSE,NZL,1,New Zealand,Oceania,East Asia & Pacific,non-Schengen,f,18_59
2024,2024_I,external air,FALSE,NZL,3,New Zealand,Oceania,East Asia & Pacific,non-Schengen,m,18_59
2024,2024_I,external air,FALSE,PAK,1,Pakistan,Asia,"Middle East, North Africa, Afghanistan & Pakistan",non-Schengen,m,17
2024,2024_I,external air,FALSE,PAK,1,Pakistan,Asia,"Middle East, North Africa, Afghanistan & Pakistan",non-Schengen,m,18_59
2024,2024_I,external air,FALSE,PHL,2,Philippines,Asia,East Asia & Pacific,non-Schengen,f,18_59
2024,2024_I,external air,FALSE,PHL,3,Philippines,Asia,East Asia & Pacific,non-Schengen,m,18_59
2024,2024_I,external air,FALSE,RKS,1,KOSOVO,Europe,Europe & Central Asia,non-Schengen,m,18_59
2024,2024_I,external air,FALSE,RUS,4,Russia,Europe,Europe & Central Asia,non-Schengen,f,18_59
2024,2024_I,external air,FALSE,RUS,4,Russia,Europe,Europe & Central Asia,non-Schengen,m,18_59
2024,2024_I,external air,FALSE,SAU,1,Saudi Arabia,Asia,"Middle East, North Africa, Afghanistan & Pakistan",non-Schengen,m,18_59
2024,2024_I,external air,FALSE,SYR,2,Syria,Asia,"Middle East, North Africa, Afghanistan & Pakistan",non-Schengen,m,18_59
2024,2024_I,external air,FALSE,TJK,5,Tajikistan,Asia,Europe & Central Asia,non-Schengen,m,18_59
2024,2024_I,external air,FALSE,TKM,1,Turkmenistan,Asia,Europe & Central Asia,non-Schengen,f,18_59
2024,2024_I,external air,FALSE,TKM,2,Turkmenistan,Asia,Europe & Central Asia,non-Schengen,m,18_59
2024,2024_I,external air,FALSE,TUR,5,Turkey,Asia,Europe & Central Asia,non-Schengen,f,18_59
2024,2024_I,external air,FALSE,TUR,23,Turkey,Asia,Europe & Central Asia,non-Schengen,m,18_59
2024,2024_I,external air,FALSE,TZA,1,Tanzania,Africa,Sub-Saharan Africa,non-Schengen,m,18_59
2024,2024_I,external air,FALSE,UGA,1,Uganda,Africa,Sub-Saharan Africa,non-Schengen,m,18_59
2024,2024_I,external air,FALSE,UKR,12,Ukraine,Europe,Europe & Central Asia,non-Schengen,m,18_59
2024,2024_I,external air,FALSE,USA,1,United States,Americas,North America,non-Schengen,m,18_59
2024,2024_I,external air,FALSE,UZB,1,Uzbekistan,Asia,Europe & Central Asia,non-Schengen,f,18_59
2024,2024_I,external air,FALSE,UZB,19,Uzbekistan,Asia,Europe & Central Asia,non-Schengen,m,18_59
2024,2024_I,external air,FALSE,VNM,1,Vietnam,Asia,East Asia & Pacific,non-Schengen,f,17
2024,2024_I,external air,FALSE,VNM,2,Vietnam,Asia,East Asia & Pacific,non-Schengen,f,18_59
2024,2024_I,external air,FALSE,VNM,1,Vietnam,Asia,East Asia & Pacific,non-Schengen,m,17
2024,2024_I,external air,FALSE,VNM,1,Vietnam,Asia,East Asia & Pacific,non-Schengen,m,18_59
2024,2024_I,external air,FALSE,XXX,1,Stateless,other/unknown,other/unknown,non-Schengen,m,18_59
2024,2024_I,external air,FALSE,YEM,1,Yemen,Asia,"Middle East, North Africa, Afghanistan & Pakistan",non-Schengen,m,18_59
2024,2024_I,external air,FALSE,ZAF,1,South Africa,Africa,Sub-Saharan Africa,non-Schengen,f,18_59
2024,2024_I,external air,FALSE,ZAF,1,South Africa,Africa,Sub-Saharan Africa,non-Schengen,m,18_59
2024,2024_I,external air,FALSE,ZWE,1,Zimbabwe,Africa,Sub-Saharan Africa,non-Schengen,f,17
2024,2024_I,external air,FALSE,ZWE,1,Zimbabwe,Africa,Sub-Saharan Africa,non-Schengen,f,18_59
2024,2024_I,external air,FALSE,ZWE,2,Zimbabwe,Africa,Sub-Saharan Africa,non-Schengen,m,18_59
2024,2024_II,Belarus,FALSE,AFG,0,Afghanistan,Asia,"Middle East, North Africa, Afghanistan & Pakistan",non-Schengen,m,17
2024,2024_II,Belarus,FALSE,AFG,1,Afghanistan,Asia,"Middle East, North Africa, Afghanistan & Pakistan",non-Schengen,m,18_59
2024,2024_II,Belarus,FALSE,AZE,0,Azerbaijan,Asia,Europe & Central Asia,non-Schengen,m,17
2024,2024_II,Belarus,FALSE,AZE,2,Azerbaijan,Asia,Europe & Central Asia,non-Schengen,m,18_59
2024,2024_II,Belarus,FALSE,BLR,13,Belarus,Europe,Europe & Central Asia,non-Schengen,f,17
2024,2024_II,Belarus,FALSE,BLR,222,Belarus,Europe,Europe & Central Asia,non-Schengen,f,18_59
2024,2024_II,Belarus,FALSE,BLR,55,Belarus,Europe,Europe & Central Asia,non-Schengen,f,60
2024,2024_II,Belarus,FALSE,BLR,13,Belarus,Europe,Europe & Central Asia,non-Schengen,m,17
2024,2024_II,Belarus,FALSE,BLR,323,Belarus,Europe,Europe & Central Asia,non-Schengen,m,18_59
2024,2024_II,Belarus,FALSE,BLR,10,Belarus,Europe,Europe & Central Asia,non-Schengen,m,60
2024,2024_II,Belarus,FALSE,CMR,0,Cameroon,Africa,Sub-Saharan Africa,non-Schengen,m,17
2024,2024_II,Belarus,FALSE,CMR,1,Cameroon,Africa,Sub-Saharan Africa,non-Schengen,m,18_59
2024,2024_II,Belarus,FALSE,COL,0,Colombia,Americas,Latin America & Caribbean,non-Schengen,f,17
2024,2024_II,Belarus,FALSE,COL,1,Colombia,Americas,Latin America & Caribbean,non-Schengen,f,18_59
2024,2024_II,Belarus,FALSE,COL,0,Colombia,Americas,Latin America & Caribbean,non-Schengen,m,17
2024,2024_II,Belarus,FALSE,COL,2,Colombia,Americas,Latin America & Caribbean,non-Schengen,m,18_59
2024,2024_II,Belarus,FALSE,GEO,0,Georgia,Asia,Europe & Central Asia,non-Schengen,m,17
2024,2024_II,Belarus,FALSE,GEO,2,Georgia,Asia,Europe & Central Asia,non-Schengen,m,18_59
2024,2024_II,Belarus,FALSE,GIN,0,Guinea,Africa,Sub-Saharan Africa,non-Schengen,m,17
2024,2024_II,Belarus,FALSE,GIN,1,Guinea,Africa,Sub-Saharan Africa,non-Schengen,m,18_59
2024,2024_II,Belarus,FALSE,KAZ,0,Kazakhstan,Asia,Europe & Central Asia,non-Schengen,f,17
2024,2024_II,Belarus,FALSE,KAZ,1,Kazakhstan,Asia,Europe & Central Asia,non-Schengen,f,18_59
2024,2024_II,Belarus,FALSE,KAZ,0,Kazakhstan,Asia,Europe & Central Asia,non-Schengen,m,17
2024,2024_II,Belarus,FALSE,KAZ,1,Kazakhstan,Asia,Europe & Central Asia,non-Schengen,m,18_59
2024,2024_II,Belarus,FALSE,KGZ,0,Kyrgyzstan,Asia,Europe & Central Asia,non-Schengen,f,17
2024,2024_II,Belarus,FALSE,KGZ,1,Kyrgyzstan,Asia,Europe & Central Asia,non-Schengen,f,18_59
2024,2024_II,Belarus,FALSE,KGZ,0,Kyrgyzstan,Asia,Europe & Central Asia,non-Schengen,m,17
2024,2024_II,Belarus,FALSE,KGZ,7,Kyrgyzstan,Asia,Europe & Central Asia,non-Schengen,m,18_59
2024,2024_II,Belarus,FALSE,MDA,0,Moldova,Europe,Europe & Central Asia,non-Schengen,f,17
2024,2024_II,Belarus,FALSE,MDA,2,Moldova,Europe,Europe & Central Asia,non-Schengen,f,18_59
2024,2024_II,Belarus,FALSE,MDA,0,Moldova,Europe,Europe & Central Asia,non-Schengen,m,17
2024,2024_II,Belarus,FALSE,MDA,5,Moldova,Europe,Europe & Central Asia,non-Schengen,m,18_59
2024,2024_II,Belarus,FALSE,MLI,0,Mali,Africa,Sub-Saharan Africa,non-Schengen,m,17
2024,2024_II,Belarus,FALSE,MLI,1,Mali,Africa,Sub-Saharan Africa,non-Schengen,m,18_59
2024,2024_II,Belarus,FALSE,MNG,0,Mongolia,Asia,East Asia & Pacific,non-Schengen,m,17
2024,2024_II,Belarus,FALSE,MNG,1,Mongolia,Asia,East Asia & Pacific,non-Schengen,m,18_59
2024,2024_II,Belarus,FALSE,PER,0,Peru,Americas,Latin America & Caribbean,non-Schengen,m,17
2024,2024_II,Belarus,FALSE,PER,1,Peru,Americas,Latin America & Caribbean,non-Schengen,m,18_59
2024,2024_II,Belarus,FALSE,RUS,15,Russia,Europe,Europe & Central Asia,non-Schengen,f,17
2024,2024_II,Belarus,FALSE,RUS,56,Russia,Europe,Europe & Central Asia,non-Schengen,f,18_59
2024,2024_II,Belarus,FALSE,RUS,10,Russia,Europe,Europe & Central Asia,non-Schengen,f,60
2024,2024_II,Belarus,FALSE,RUS,5,Russia,Europe,Europe & Central Asia,non-Schengen,m,17
2024,2024_II,Belarus,FALSE,RUS,88,Russia,Europe,Europe & Central Asia,non-Schengen,m,18_59
2024,2024_II,Belarus,FALSE,TJK,0,Tajikistan,Asia,Europe & Central Asia,non-Schengen,m,17
2024,2024_II,Belarus,FALSE,TJK,6,Tajikistan,Asia,Europe & Central Asia,non-Schengen,m,18_59
2024,2024_II,Belarus,FALSE,UKR,1,Ukraine,Europe,Europe & Central Asia,non-Schengen,f,17
2024,2024_II,Belarus,FALSE,UKR,0,Ukraine,Europe,Europe & Central Asia,non-Schengen,m,17
2024,2024_II,Belarus,FALSE,UKR,2,Ukraine,Europe,Europe & Central Asia,non-Schengen,m,18_59
2024,2024_II,Belarus,FALSE,UZB,0,Uzbekistan,Asia,Europe & Central Asia,non-Schengen,m,17
2024,2024_II,Belarus,FALSE,UZB,11,Uzbekistan,Asia,Europe & Central Asia,non-Schengen,m,18_59
2024,2024_II,Belarus,FALSE,XXX,0,Stateless,other/unknown,other/unknown,non-Schengen,m,17
2024,2024_II,Belarus,FALSE,XXX,1,Stateless,other/unknown,other/unknown,non-Schengen,m,18_59
2024,2024_II,Belarus,FALSE,XXX,1,Stateless,other/unknown,other/unknown,non-Schengen,m,60
2024,2024_II,Belarus,FALSE,YEM,0,Yemen,Asia,"Middle East, North Africa, Afghanistan & Pakistan",non-Schengen,m,17
2024,2024_II,Belarus,FALSE,YEM,1,Yemen,Asia,"Middle East, North Africa, Afghanistan & Pakistan",non-Schengen,m,18_59
2024,2024_II,Russia,FALSE,BLR,0,Belarus,Europe,Europe & Central Asia,non-Schengen,m,17
2024,2024_II,Russia,FALSE,BLR,2,Belarus,Europe,Europe & Central Asia,non-Schengen,m,18_59
2024,2024_II,Russia,FALSE,COL,0,Colombia,Americas,Latin America & Caribbean,non-Schengen,m,17
2024,2024_II,Russia,FALSE,COL,1,Colombia,Americas,Latin America & Caribbean,non-Schengen,m,18_59
2024,2024_II,Russia,FALSE,ISR,0,Israel,Asia,"Middle East, North Africa, Afghanistan & Pakistan",non-Schengen,f,17
2024,2024_II,Russia,FALSE,ISR,1,Israel,Asia,"Middle East, North Africa, Afghanistan & Pakistan",non-Schengen,f,18_59
2024,2024_II,Russia,FALSE,ISR,0,Israel,Asia,"Middle East, North Africa, Afghanistan & Pakistan",non-Schengen,m,17
2024,2024_II,Russia,FALSE,ISR,1,Israel,Asia,"Middle East, North Africa, Afghanistan & Pakistan",non-Schengen,m,18_59
2024,2024_II,Russia,FALSE,KAZ,0,Kazakhstan,Asia,Europe & Central Asia,non-Schengen,f,17
2024,2024_II,Russia,FALSE,KAZ,2,Kazakhstan,Asia,Europe & Central Asia,non-Schengen,f,18_59
2024,2024_II,Russia,FALSE,KAZ,0,Kazakhstan,Asia,Europe & Central Asia,non-Schengen,m,17
2024,2024_II,Russia,FALSE,KAZ,1,Kazakhstan,Asia,Europe & Central Asia,non-Schengen,m,18_59
2024,2024_II,Russia,FALSE,MDA,2,Moldova,Europe,Europe & Central Asia,non-Schengen,m,17
2024,2024_II,Russia,FALSE,MDA,3,Moldova,Europe,Europe & Central Asia,non-Schengen,m,18_59
2024,2024_II,Russia,FALSE,RUS,3,Russia,Europe,Europe & Central Asia,non-Schengen,f,17
2024,2024_II,Russia,FALSE,RUS,43,Russia,Europe,Europe & Central Asia,non-Schengen,f,18_59
2024,2024_II,Russia,FALSE,RUS,11,Russia,Europe,Europe & Central Asia,non-Schengen,f,60
2024,2024_II,Russia,FALSE,RUS,5,Russia,Europe,Europe & Central Asia,non-Schengen,m,17
2024,2024_II,Russia,FALSE,RUS,29,Russia,Europe,Europe & Central Asia,non-Schengen,m,18_59
2024,2024_II,Russia,FALSE,RUS,1,Russia,Europe,Europe & Central Asia,non-Schengen,m,60
2024,2024_II,Russia,FALSE,SRB,0,Serbia,Europe,Europe & Central Asia,non-Schengen,m,17
2024,2024_II,Russia,FALSE,SRB,1,Serbia,Europe,Europe & Central Asia,non-Schengen,m,18_59
2024,2024_II,Russia,FALSE,UKR,2,Ukraine,Europe,Europe & Central Asia,non-Schengen,f,17
2024,2024_II,Russia,FALSE,UKR,1,Ukraine,Europe,Europe & Central Asia,non-Schengen,m,17
2024,2024_II,Russia,FALSE,USA,0,United States,Americas,North America,non-Schengen,f,17
2024,2024_II,Russia,FALSE,USA,2,United States,Americas,North America,non-Schengen,f,18_59
2024,2024_II,Ukraine,FALSE,AFG,0,Afghanistan,Asia,"Middle East, North Africa, Afghanistan & Pakistan",non-Schengen,m,17
2024,2024_II,Ukraine,FALSE,AFG,2,Afghanistan,Asia,"Middle East, North Africa, Afghanistan & Pakistan",non-Schengen,m,18_59
2024,2024_II,Ukraine,FALSE,AGO,0,Angola,Africa,Sub-Saharan Africa,non-Schengen,m,17
2024,2024_II,Ukraine,FALSE,AGO,1,Angola,Africa,Sub-Saharan Africa,non-Schengen,m,18_59
2024,2024_II,Ukraine,FALSE,ALB,0,Albania,Europe,Europe & Central Asia,non-Schengen,m,17
2024,2024_II,Ukraine,FALSE,ALB,1,Albania,Europe,Europe & Central Asia,non-Schengen,m,18_59
2024,2024_II,Ukraine,FALSE,ARG,0,Argentina,Americas,Latin America & Caribbean,non-Schengen,m,17
2024,2024_II,Ukraine,FALSE,ARG,1,Argentina,Americas,Latin America & Caribbean,non-Schengen,m,18_59
2024,2024_II,Ukraine,FALSE,ARM,0,Armenia,Asia,Europe & Central Asia,non-Schengen,f,17
2024,2024_II,Ukraine,FALSE,ARM,2,Armenia,Asia,Europe & Central Asia,non-Schengen,f,18_59
2024,2024_II,Ukraine,FALSE,ARM,1,Armenia,Asia,Europe & Central Asia,non-Schengen,f,60
2024,2024_II,Ukraine,FALSE,ARM,0,Armenia,Asia,Europe & Central Asia,non-Schengen,m,17
2024,2024_II,Ukraine,FALSE,ARM,3,Armenia,Asia,Europe & Central Asia,non-Schengen,m,18_59
2024,2024_II,Ukraine,FALSE,AZE,1,Azerbaijan,Asia,Europe & Central Asia,non-Schengen,f,17
2024,2024_II,Ukraine,FALSE,AZE,5,Azerbaijan,Asia,Europe & Central Asia,non-Schengen,f,18_59
2024,2024_II,Ukraine,FALSE,AZE,0,Azerbaijan,Asia,Europe & Central Asia,non-Schengen,m,17
2024,2024_II,Ukraine,FALSE,AZE,12,Azerbaijan,Asia,Europe & Central Asia,non-Schengen,m,18_59
2024,2024_II,Ukraine,FALSE,BGD,0,Bangladesh,Asia,South Asia,non-Schengen,m,17
2024,2024_II,Ukraine,FALSE,BGD,2,Bangladesh,Asia,South Asia,non-Schengen,m,18_59
2024,2024_II,Ukraine,FALSE,BIH,0,Bosnia & Herzegovina,Europe,Europe & Central Asia,non-Schengen,m,17
2024,2024_II,Ukraine,FALSE,BIH,2,Bosnia & Herzegovina,Europe,Europe & Central Asia,non-Schengen,m,18_59
2024,2024_II,Ukraine,FALSE,BLR,0,Belarus,Europe,Europe & Central Asia,non-Schengen,f,17
2024,2024_II,Ukraine,FALSE,BLR,1,Belarus,Europe,Europe & Central Asia,non-Schengen,f,18_59
2024,2024_II,Ukraine,FALSE,BLR,0,Belarus,Europe,Europe & Central Asia,non-Schengen,m,17
2024,2024_II,Ukraine,FALSE,BLR,5,Belarus,Europe,Europe & Central Asia,non-Schengen,m,18_59
2024,2024_II,Ukraine,FALSE,BLR,1,Belarus,Europe,Europe & Central Asia,non-Schengen,m,60
2024,2024_II,Ukraine,FALSE,BRA,0,Brazil,Americas,Latin America & Caribbean,non-Schengen,m,17
2024,2024_II,Ukraine,FALSE,BRA,3,Brazil,Americas,Latin America & Caribbean,non-Schengen,m,18_59
2024,2024_II,Ukraine,FALSE,CHL,0,Chile,Americas,Latin America & Caribbean,non-Schengen,m,17
2024,2024_II,Ukraine,FALSE,CHL,1,Chile,Americas,Latin America & Caribbean,non-Schengen,m,18_59
2024,2024_II,Ukraine,FALSE,CHN,0,China,Asia,East Asia & Pacific,non-Schengen,f,17
2024,2024_II,Ukraine,FALSE,CHN,1,China,Asia,East Asia & Pacific,non-Schengen,f,60
2024,2024_II,Ukraine,FALSE,CHN,0,China,Asia,East Asia & Pacific,non-Schengen,m,17
2024,2024_II,Ukraine,FALSE,CHN,2,China,Asia,East Asia & Pacific,non-Schengen,m,18_59
2024,2024_II,Ukraine,FALSE,COG,0,Congo - Brazzaville,Africa,Sub-Saharan Africa,non-Schengen,m,17
2024,2024_II,Ukraine,FALSE,COG,1,Congo - Brazzaville,Africa,Sub-Saharan Africa,non-Schengen,m,18_59
2024,2024_II,Ukraine,FALSE,COL,0,Colombia,Americas,Latin America & Caribbean,non-Schengen,f,17
2024,2024_II,Ukraine,FALSE,COL,5,Colombia,Americas,Latin America & Caribbean,non-Schengen,f,18_59
2024,2024_II,Ukraine,FALSE,COL,0,Colombia,Americas,Latin America & Caribbean,non-Schengen,m,17
2024,2024_II,Ukraine,FALSE,COL,38,Colombia,Americas,Latin America & Caribbean,non-Schengen,m,18_59
2024,2024_II,Ukraine,FALSE,DZA,0,Algeria,Africa,"Middle East, North Africa, Afghanistan & Pakistan",non-Schengen,m,17
2024,2024_II,Ukraine,FALSE,DZA,2,Algeria,Africa,"Middle East, North Africa, Afghanistan & Pakistan",non-Schengen,m,18_59
2024,2024_II,Ukraine,FALSE,EGY,0,Egypt,Africa,"Middle East, North Africa, Afghanistan & Pakistan",non-Schengen,m,17
2024,2024_II,Ukraine,FALSE,EGY,1,Egypt,Africa,"Middle East, North Africa, Afghanistan & Pakistan",non-Schengen,m,18_59
2024,2024_II,Ukraine,FALSE,GBR,0,United Kingdom,Europe,Europe & Central Asia,non-Schengen,m,17
2024,2024_II,Ukraine,FALSE,GBR,1,United Kingdom,Europe,Europe & Central Asia,non-Schengen,m,18_59
2024,2024_II,Ukraine,FALSE,GEO,0,Georgia,Asia,Europe & Central Asia,non-Schengen,f,17
2024,2024_II,Ukraine,FALSE,GEO,6,Georgia,Asia,Europe & Central Asia,non-Schengen,f,18_59
2024,2024_II,Ukraine,FALSE,GEO,0,Georgia,Asia,Europe & Central Asia,non-Schengen,m,17
2024,2024_II,Ukraine,FALSE,GEO,38,Georgia,Asia,Europe & Central Asia,non-Schengen,m,18_59
2024,2024_II,Ukraine,FALSE,GHA,0,Ghana,Africa,Sub-Saharan Africa,non-Schengen,m,17
2024,2024_II,Ukraine,FALSE,GHA,3,Ghana,Africa,Sub-Saharan Africa,non-Schengen,m,18_59
2024,2024_II,Ukraine,FALSE,IND,0,India,Asia,South Asia,non-Schengen,m,17
2024,2024_II,Ukraine,FALSE,IND,3,India,Asia,South Asia,non-Schengen,m,18_59
2024,2024_II,Ukraine,FALSE,IRQ,0,Iraq,Asia,"Middle East, North Africa, Afghanistan & Pakistan",non-Schengen,m,17
2024,2024_II,Ukraine,FALSE,IRQ,1,Iraq,Asia,"Middle East, North Africa, Afghanistan & Pakistan",non-Schengen,m,18_59
2024,2024_II,Ukraine,FALSE,JOR,0,Jordan,Asia,"Middle East, North Africa, Afghanistan & Pakistan",non-Schengen,m,17
2024,2024_II,Ukraine,FALSE,JOR,2,Jordan,Asia,"Middle East, North Africa, Afghanistan & Pakistan",non-Schengen,m,18_59
2024,2024_II,Ukraine,FALSE,KAZ,0,Kazakhstan,Asia,Europe & Central Asia,non-Schengen,m,17
2024,2024_II,Ukraine,FALSE,KAZ,1,Kazakhstan,Asia,Europe & Central Asia,non-Schengen,m,18_59
2024,2024_II,Ukraine,FALSE,LBN,0,Lebanon,Asia,"Middle East, North Africa, Afghanistan & Pakistan",non-Schengen,m,17
2024,2024_II,Ukraine,FALSE,LBN,1,Lebanon,Asia,"Middle East, North Africa, Afghanistan & Pakistan",non-Schengen,m,18_59
2024,2024_II,Ukraine,FALSE,MAR,0,Morocco,Africa,"Middle East, North Africa, Afghanistan & Pakistan",non-Schengen,f,17
2024,2024_II,Ukraine,FALSE,MAR,2,Morocco,Africa,"Middle East, North Africa, Afghanistan & Pakistan",non-Schengen,f,18_59
2024,2024_II,Ukraine,FALSE,MAR,0,Morocco,Africa,"Middle East, North Africa, Afghanistan & Pakistan",non-Schengen,m,17
2024,2024_II,Ukraine,FALSE,MAR,1,Morocco,Africa,"Middle East, North Africa, Afghanistan & Pakistan",non-Schengen,m,18_59
2024,2024_II,Ukraine,FALSE,MDA,7,Moldova,Europe,Europe & Central Asia,non-Schengen,f,17
2024,2024_II,Ukraine,FALSE,MDA,113,Moldova,Europe,Europe & Central Asia,non-Schengen,f,18_59
2024,2024_II,Ukraine,FALSE,MDA,9,Moldova,Europe,Europe & Central Asia,non-Schengen,f,60
2024,2024_II,Ukraine,FALSE,MDA,6,Moldova,Europe,Europe & Central Asia,non-Schengen,m,17
2024,2024_II,Ukraine,FALSE,MDA,352,Moldova,Europe,Europe & Central Asia,non-Schengen,m,18_59
2024,2024_II,Ukraine,FALSE,MDA,3,Moldova,Europe,Europe & Central Asia,non-Schengen,m,60
2024,2024_II,Ukraine,FALSE,MKD,0,North Macedonia,Europe,Europe & Central Asia,non-Schengen,m,17
2024,2024_II,Ukraine,FALSE,MKD,1,North Macedonia,Europe,Europe & Central Asia,non-Schengen,m,18_59
2024,2024_II,Ukraine,FALSE,NGA,0,Nigeria,Africa,Sub-Saharan Africa,non-Schengen,m,17
2024,2024_II,Ukraine,FALSE,NGA,2,Nigeria,Africa,Sub-Saharan Africa,non-Schengen,m,18_59
2024,2024_II,Ukraine,FALSE,PAK,0,Pakistan,Asia,"Middle East, North Africa, Afghanistan & Pakistan",non-Schengen,m,17
2024,2024_II,Ukraine,FALSE,PAK,1,Pakistan,Asia,"Middle East, North Africa, Afghanistan & Pakistan",non-Schengen,m,18_59
2024,2024_II,Ukraine,FALSE,PER,0,Peru,Americas,Latin America & Caribbean,non-Schengen,m,17
2024,2024_II,Ukraine,FALSE,PER,3,Peru,Americas,Latin America & Caribbean,non-Schengen,m,18_59
2024,2024_II,Ukraine,FALSE,PHL,0,Philippines,Asia,East Asia & Pacific,non-Schengen,f,17
2024,2024_II,Ukraine,FALSE,PHL,1,Philippines,Asia,East Asia & Pacific,non-Schengen,f,60
2024,2024_II,Ukraine,FALSE,PSE,0,Palestinian Territories,Asia,"Middle East, North Africa, Afghanistan & Pakistan",non-Schengen,m,17
2024,2024_II,Ukraine,FALSE,PSE,1,Palestinian Territories,Asia,"Middle East, North Africa, Afghanistan & Pakistan",non-Schengen,m,18_59
2024,2024_II,Ukraine,FALSE,RUS,0,Russia,Europe,Europe & Central Asia,non-Schengen,f,17
2024,2024_II,Ukraine,FALSE,RUS,6,Russia,Europe,Europe & Central Asia,non-Schengen,f,18_59
2024,2024_II,Ukraine,FALSE,RUS,1,Russia,Europe,Europe & Central Asia,non-Schengen,f,60
2024,2024_II,Ukraine,FALSE,RUS,0,Russia,Europe,Europe & Central Asia,non-Schengen,m,17
2024,2024_II,Ukraine,FALSE,RUS,4,Russia,Europe,Europe & Central Asia,non-Schengen,m,18_59
2024,2024_II,Ukraine,FALSE,RUS,2,Russia,Europe,Europe & Central Asia,non-Schengen,m,60
2024,2024_II,Ukraine,FALSE,SRB,0,Serbia,Europe,Europe & Central Asia,non-Schengen,m,17
2024,2024_II,Ukraine,FALSE,SRB,1,Serbia,Europe,Europe & Central Asia,non-Schengen,m,18_59
2024,2024_II,Ukraine,FALSE,SYR,0,Syria,Asia,"Middle East, North Africa, Afghanistan & Pakistan",non-Schengen,m,17
2024,2024_II,Ukraine,FALSE,SYR,12,Syria,Asia,"Middle East, North Africa, Afghanistan & Pakistan",non-Schengen,m,18_59
2024,2024_II,Ukraine,FALSE,TJK,0,Tajikistan,Asia,Europe & Central Asia,non-Schengen,f,17
2024,2024_II,Ukraine,FALSE,TJK,1,Tajikistan,Asia,Europe & Central Asia,non-Schengen,f,18_59
2024,2024_II,Ukraine,FALSE,TJK,0,Tajikistan,Asia,Europe & Central Asia,non-Schengen,m,17
2024,2024_II,Ukraine,FALSE,TJK,3,Tajikistan,Asia,Europe & Central Asia,non-Schengen,m,18_59
2024,2024_II,Ukraine,FALSE,TKM,0,Turkmenistan,Asia,Europe & Central Asia,non-Schengen,f,17
2024,2024_II,Ukraine,FALSE,TKM,1,Turkmenistan,Asia,Europe & Central Asia,non-Schengen,f,18_59
2024,2024_II,Ukraine,FALSE,TKM,0,Turkmenistan,Asia,Europe & Central Asia,non-Schengen,m,17
2024,2024_II,Ukraine,FALSE,TKM,6,Turkmenistan,Asia,Europe & Central Asia,non-Schengen,m,18_59
2024,2024_II,Ukraine,FALSE,TUN,0,Tunisia,Africa,"Middle East, North Africa, Afghanistan & Pakistan",non-Schengen,m,17
2024,2024_II,Ukraine,FALSE,TUN,1,Tunisia,Africa,"Middle East, North Africa, Afghanistan & Pakistan",non-Schengen,m,18_59
2024,2024_II,Ukraine,FALSE,TUR,0,Turkey,Asia,Europe & Central Asia,non-Schengen,m,17
2024,2024_II,Ukraine,FALSE,TUR,14,Turkey,Asia,Europe & Central Asia,non-Schengen,m,18_59
2024,2024_II,Ukraine,FALSE,UKR,1,Ukraine,Europe,Europe & Central Asia,non-Schengen,f,17
2024,2024_II,Ukraine,FALSE,UKR,10,Ukraine,Europe,Europe & Central Asia,non-Schengen,f,18_59
2024,2024_II,Ukraine,FALSE,UKR,1,Ukraine,Europe,Europe & Central Asia,non-Schengen,f,60
2024,2024_II,Ukraine,FALSE,UKR,2,Ukraine,Europe,Europe & Central Asia,non-Schengen,m,17
2024,2024_II,Ukraine,FALSE,UKR,13,Ukraine,Europe,Europe & Central Asia,non-Schengen,m,18_59
2024,2024_II,Ukraine,FALSE,USA,0,United States,Americas,North America,non-Schengen,f,17
2024,2024_II,Ukraine,FALSE,USA,1,United States,Americas,North America,non-Schengen,f,60
2024,2024_II,Ukraine,FALSE,USA,0,United States,Americas,North America,non-Schengen,m,17
2024,2024_II,Ukraine,FALSE,USA,1,United States,Americas,North America,non-Schengen,m,18_59
2024,2024_II,Ukraine,FALSE,UZB,1,Uzbekistan,Asia,Europe & Central Asia,non-Schengen,f,17
2024,2024_II,Ukraine,FALSE,UZB,1,Uzbekistan,Asia,Europe & Central Asia,non-Schengen,f,18_59
2024,2024_II,Ukraine,FALSE,UZB,1,Uzbekistan,Asia,Europe & Central Asia,non-Schengen,m,17
2024,2024_II,Ukraine,FALSE,UZB,3,Uzbekistan,Asia,Europe & Central Asia,non-Schengen,m,18_59
2024,2024_II,Ukraine,FALSE,VNM,0,Vietnam,Asia,East Asia & Pacific,non-Schengen,f,17
2024,2024_II,Ukraine,FALSE,VNM,1,Vietnam,Asia,East Asia & Pacific,non-Schengen,f,18_59
2024,2024_II,Ukraine,FALSE,VNM,0,Vietnam,Asia,East Asia & Pacific,non-Schengen,m,17
2024,2024_II,Ukraine,FALSE,VNM,2,Vietnam,Asia,East Asia & Pacific,non-Schengen,m,18_59
2024,2024_II,Ukraine,FALSE,XXX,0,Stateless,other/unknown,other/unknown,non-Schengen,f,17
2024,2024_II,Ukraine,FALSE,XXX,2,Stateless,other/unknown,other/unknown,non-Schengen,f,18_59
2024,2024_II,Ukraine,FALSE,XXX,0,Stateless,other/unknown,other/unknown,non-Schengen,m,17
2024,2024_II,Ukraine,FALSE,XXX,8,Stateless,other/unknown,other/unknown,non-Schengen,m,18_59
2024,2024_II,Ukraine,FALSE,XXX,1,Stateless,other/unknown,other/unknown,non-Schengen,m,60
2024,2024_II,Ukraine,FALSE,ZWE,0,Zimbabwe,Africa,Sub-Saharan Africa,non-Schengen,m,17
2024,2024_II,Ukraine,FALSE,ZWE,1,Zimbabwe,Africa,Sub-Saharan Africa,non-Schengen,m,18_59
2024,2024_II,country,FALSE,AFG,1,Afghanistan,Asia,"Middle East, North Africa, Afghanistan & Pakistan",non-Schengen,f,17
2024,2024_II,country,FALSE,AFG,1,Afghanistan,Asia,"Middle East, North Africa, Afghanistan & Pakistan",non-Schengen,f,18_59
2024,2024_II,country,FALSE,AFG,0,Afghanistan,Asia,"Middle East, North Africa, Afghanistan & Pakistan",non-Schengen,m,17
2024,2024_II,country,FALSE,AFG,3,Afghanistan,Asia,"Middle East, North Africa, Afghanistan & Pakistan",non-Schengen,m,18_59
2024,2024_II,country,FALSE,AGO,0,Angola,Africa,Sub-Saharan Africa,non-Schengen,f,17
2024,2024_II,country,FALSE,AGO,2,Angola,Africa,Sub-Saharan Africa,non-Schengen,f,18_59
2024,2024_II,country,FALSE,AGO,0,Angola,Africa,Sub-Saharan Africa,non-Schengen,m,17
2024,2024_II,country,FALSE,AGO,3,Angola,Africa,Sub-Saharan Africa,non-Schengen,m,18_59
2024,2024_II,country,FALSE,ALB,0,Albania,Europe,Europe & Central Asia,non-Schengen,m,17
2024,2024_II,country,FALSE,ALB,5,Albania,Europe,Europe & Central Asia,non-Schengen,m,18_59
2024,2024_II,country,FALSE,ARG,0,Argentina,Americas,Latin America & Caribbean,non-Schengen,f,17
2024,2024_II,country,FALSE,ARG,1,Argentina,Americas,Latin America & Caribbean,non-Schengen,f,18_59
2024,2024_II,country,FALSE,ARG,2,Argentina,Americas,Latin America & Caribbean,non-Schengen,m,17
2024,2024_II,country,FALSE,ARG,18,Argentina,Americas,Latin America & Caribbean,non-Schengen,m,18_59
2024,2024_II,country,FALSE,ARM,1,Armenia,Asia,Europe & Central Asia,non-Schengen,f,17
2024,2024_II,country,FALSE,ARM,2,Armenia,Asia,Europe & Central Asia,non-Schengen,f,18_59
2024,2024_II,country,FALSE,ARM,1,Armenia,Asia,Europe & Central Asia,non-Schengen,f,60
2024,2024_II,country,FALSE,ARM,0,Armenia,Asia,Europe & Central Asia,non-Schengen,m,17
2024,2024_II,country,FALSE,ARM,16,Armenia,Asia,Europe & Central Asia,non-Schengen,m,18_59
2024,2024_II,country,FALSE,ARM,3,Armenia,Asia,Europe & Central Asia,non-Schengen,m,60
2024,2024_II,country,FALSE,AUS,0,Australia,Oceania,East Asia & Pacific,non-Schengen,m,17
2024,2024_II,country,FALSE,AUS,1,Australia,Oceania,East Asia & Pacific,non-Schengen,m,18_59
2024,2024_II,country,FALSE,AZE,2,Azerbaijan,Asia,Europe & Central Asia,non-Schengen,f,17
2024,2024_II,country,FALSE,AZE,3,Azerbaijan,Asia,Europe & Central Asia,non-Schengen,f,18_59
2024,2024_II,country,FALSE,AZE,3,Azerbaijan,Asia,Europe & Central Asia,non-Schengen,m,17
2024,2024_II,country,FALSE,AZE,45,Azerbaijan,Asia,Europe & Central Asia,non-Schengen,m,18_59
2024,2024_II,country,FALSE,BFA,0,Burkina Faso,Africa,Sub-Saharan Africa,non-Schengen,m,17
2024,2024_II,country,FALSE,BFA,1,Burkina Faso,Africa,Sub-Saharan Africa,non-Schengen,m,18_59
2024,2024_II,country,FALSE,BGD,0,Bangladesh,Asia,South Asia,non-Schengen,f,17
2024,2024_II,country,FALSE,BGD,1,Bangladesh,Asia,South Asia,non-Schengen,f,18_59
2024,2024_II,country,FALSE,BGD,1,Bangladesh,Asia,South Asia,non-Schengen,f,60
2024,2024_II,country,FALSE,BGD,0,Bangladesh,Asia,South Asia,non-Schengen,m,17
2024,2024_II,country,FALSE,BGD,55,Bangladesh,Asia,South Asia,non-Schengen,m,18_59
2024,2024_II,country,FALSE,BHR,0,Bahrain,Asia,"Middle East, North Africa, Afghanistan & Pakistan",non-Schengen,m,17
2024,2024_II,country,FALSE,BHR,1,Bahrain,Asia,"Middle East, North Africa, Afghanistan & Pakistan",non-Schengen,m,18_59
2024,2024_II,country,FALSE,BIH,0,Bosnia & Herzegovina,Europe,Europe & Central Asia,non-Schengen,m,17
2024,2024_II,country,FALSE,BIH,2,Bosnia & Herzegovina,Europe,Europe & Central Asia,non-Schengen,m,18_59
2024,2024_II,country,FALSE,BLR,4,Belarus,Europe,Europe & Central Asia,non-Schengen,f,17
2024,2024_II,country,FALSE,BLR,51,Belarus,Europe,Europe & Central Asia,non-Schengen,f,18_59
2024,2024_II,country,FALSE,BLR,1,Belarus,Europe,Europe & Central Asia,non-Schengen,m,17
2024,2024_II,country,FALSE,BLR,146,Belarus,Europe,Europe & Central Asia,non-Schengen,m,18_59
2024,2024_II,country,FALSE,BLR,1,Belarus,Europe,Europe & Central Asia,non-Schengen,m,60
2024,2024_II,country,FALSE,BOL,0,Bolivia,Americas,Latin America & Caribbean,non-Schengen,m,17
2024,2024_II,country,FALSE,BOL,2,Bolivia,Americas,Latin America & Caribbean,non-Schengen,m,18_59
2024,2024_II,country,FALSE,BRA,0,Brazil,Americas,Latin America & Caribbean,non-Schengen,m,17
2024,2024_II,country,FALSE,BRA,3,Brazil,Americas,Latin America & Caribbean,non-Schengen,m,18_59
2024,2024_II,country,FALSE,CAN,0,Canada,Americas,North America,non-Schengen,m,17
2024,2024_II,country,FALSE,CAN,3,Canada,Americas,North America,non-Schengen,m,18_59
2024,2024_II,country,FALSE,CHN,0,China,Asia,East Asia & Pacific,non-Schengen,f,17
2024,2024_II,country,FALSE,CHN,7,China,Asia,East Asia & Pacific,non-Schengen,f,18_59
2024,2024_II,country,FALSE,CHN,0,China,Asia,East Asia & Pacific,non-Schengen,m,17
2024,2024_II,country,FALSE,CHN,11,China,Asia,East Asia & Pacific,non-Schengen,m,18_59
2024,2024_II,country,FALSE,CHN,1,China,Asia,East Asia & Pacific,non-Schengen,m,60
2024,2024_II,country,FALSE,CMR,1,Cameroon,Africa,Sub-Saharan Africa,non-Schengen,f,17
2024,2024_II,country,FALSE,CMR,0,Cameroon,Africa,Sub-Saharan Africa,non-Schengen,m,17
2024,2024_II,country,FALSE,CMR,5,Cameroon,Africa,Sub-Saharan Africa,non-Schengen,m,18_59
2024,2024_II,country,FALSE,COD,1,Congo - Kinshasa,Africa,Sub-Saharan Africa,non-Schengen,m,17
2024,2024_II,country,FALSE,COD,4,Congo - Kinshasa,Africa,Sub-Saharan Africa,non-Schengen,m,18_59
2024,2024_II,country,FALSE,COD,1,Congo - Kinshasa,Africa,Sub-Saharan Africa,non-Schengen,m,60
2024,2024_II,country,FALSE,COG,0,Congo - Brazzaville,Africa,Sub-Saharan Africa,non-Schengen,f,17
2024,2024_II,country,FALSE,COG,1,Congo - Brazzaville,Africa,Sub-Saharan Africa,non-Schengen,f,18_59
2024,2024_II,country,FALSE,COG,0,Congo - Brazzaville,Africa,Sub-Saharan Africa,non-Schengen,m,17
2024,2024_II,country,FALSE,COG,2,Congo - Brazzaville,Africa,Sub-Saharan Africa,non-Schengen,m,18_59
2024,2024_II,country,FALSE,COL,1,Colombia,Americas,Latin America & Caribbean,non-Schengen,f,17
2024,2024_II,country,FALSE,COL,81,Colombia,Americas,Latin America & Caribbean,non-Schengen,f,18_59
2024,2024_II,country,FALSE,COL,1,Colombia,Americas,Latin America & Caribbean,non-Schengen,f,60
2024,2024_II,country,FALSE,COL,0,Colombia,Americas,Latin America & Caribbean,non-Schengen,m,17
2024,2024_II,country,FALSE,COL,277,Colombia,Americas,Latin America & Caribbean,non-Schengen,m,18_59
2024,2024_II,country,FALSE,CUB,0,Cuba,Americas,Latin America & Caribbean,non-Schengen,f,17
2024,2024_II,country,FALSE,CUB,1,Cuba,Americas,Latin America & Caribbean,non-Schengen,f,18_59
2024,2024_II,country,FALSE,CUB,0,Cuba,Americas,Latin America & Caribbean,non-Schengen,m,17
2024,2024_II,country,FALSE,CUB,1,Cuba,Americas,Latin America & Caribbean,non-Schengen,m,18_59
2024,2024_II,country,FALSE,CUB,1,Cuba,Americas,Latin America & Caribbean,non-Schengen,m,60
2024,2024_II,country,FALSE,DMA,0,Dominica,Americas,Latin America & Caribbean,non-Schengen,m,17
2024,2024_II,country,FALSE,DMA,1,Dominica,Americas,Latin America & Caribbean,non-Schengen,m,18_59
2024,2024_II,country,FALSE,DZA,0,Algeria,Africa,"Middle East, North Africa, Afghanistan & Pakistan",non-Schengen,f,17
2024,2024_II,country,FALSE,DZA,1,Algeria,Africa,"Middle East, North Africa, Afghanistan & Pakistan",non-Schengen,f,18_59
2024,2024_II,country,FALSE,DZA,0,Algeria,Africa,"Middle East, North Africa, Afghanistan & Pakistan",non-Schengen,m,17
2024,2024_II,country,FALSE,DZA,27,Algeria,Africa,"Middle East, North Africa, Afghanistan & Pakistan",non-Schengen,m,18_59
2024,2024_II,country,FALSE,EGY,0,Egypt,Africa,"Middle East, North Africa, Afghanistan & Pakistan",non-Schengen,f,17
2024,2024_II,country,FALSE,EGY,2,Egypt,Africa,"Middle East, North Africa, Afghanistan & Pakistan",non-Schengen,f,18_59
2024,2024_II,country,FALSE,EGY,1,Egypt,Africa,"Middle East, North Africa, Afghanistan & Pakistan",non-Schengen,m,17
2024,2024_II,country,FALSE,EGY,8,Egypt,Africa,"Middle East, North Africa, Afghanistan & Pakistan",non-Schengen,m,18_59
2024,2024_II,country,FALSE,ETH,0,Ethiopia,Africa,Sub-Saharan Africa,non-Schengen,f,17
2024,2024_II,country,FALSE,ETH,2,Ethiopia,Africa,Sub-Saharan Africa,non-Schengen,f,18_59
2024,2024_II,country,FALSE,ETH,0,Ethiopia,Africa,Sub-Saharan Africa,non-Schengen,m,17
2024,2024_II,country,FALSE,ETH,9,Ethiopia,Africa,Sub-Saharan Africa,non-Schengen,m,18_59
2024,2024_II,country,FALSE,GBR,0,United Kingdom,Europe,Europe & Central Asia,non-Schengen,m,17
2024,2024_II,country,FALSE,GBR,2,United Kingdom,Europe,Europe & Central Asia,non-Schengen,m,18_59
2024,2024_II,country,FALSE,GEO,2,Georgia,Asia,Europe & Central Asia,non-Schengen,f,17
2024,2024_II,country,FALSE,GEO,49,Georgia,Asia,Europe & Central Asia,non-Schengen,f,18_59
2024,2024_II,country,FALSE,GEO,2,Georgia,Asia,Europe & Central Asia,non-Schengen,f,60
2024,2024_II,country,FALSE,GEO,11,Georgia,Asia,Europe & Central Asia,non-Schengen,m,17
2024,2024_II,country,FALSE,GEO,512,Georgia,Asia,Europe & Central Asia,non-Schengen,m,18_59
2024,2024_II,country,FALSE,GEO,2,Georgia,Asia,Europe & Central Asia,non-Schengen,m,60
2024,2024_II,country,FALSE,GHA,0,Ghana,Africa,Sub-Saharan Africa,non-Schengen,f,17
2024,2024_II,country,FALSE,GHA,2,Ghana,Africa,Sub-Saharan Africa,non-Schengen,f,18_59
2024,2024_II,country,FALSE,GHA,3,Ghana,Africa,Sub-Saharan Africa,non-Schengen,m,17
2024,2024_II,country,FALSE,GHA,11,Ghana,Africa,Sub-Saharan Africa,non-Schengen,m,18_59
2024,2024_II,country,FALSE,GIN,3,Guinea,Africa,Sub-Saharan Africa,non-Schengen,f,17
2024,2024_II,country,FALSE,GIN,1,Guinea,Africa,Sub-Saharan Africa,non-Schengen,f,18_59
2024,2024_II,country,FALSE,GIN,1,Guinea,Africa,Sub-Saharan Africa,non-Schengen,m,17
2024,2024_II,country,FALSE,GIN,5,Guinea,Africa,Sub-Saharan Africa,non-Schengen,m,18_59
2024,2024_II,country,FALSE,GMB,0,Gambia,Africa,Sub-Saharan Africa,non-Schengen,m,17
2024,2024_II,country,FALSE,GMB,2,Gambia,Africa,Sub-Saharan Africa,non-Schengen,m,18_59
2024,2024_II,country,FALSE,GTM,0,Guatemala,Americas,Latin America & Caribbean,non-Schengen,f,17
2024,2024_II,country,FALSE,GTM,1,Guatemala,Americas,Latin America & Caribbean,non-Schengen,f,18_59
2024,2024_II,country,FALSE,IDN,0,Indonesia,Asia,East Asia & Pacific,non-Schengen,f,17
2024,2024_II,country,FALSE,IDN,15,Indonesia,Asia,East Asia & Pacific,non-Schengen,f,18_59
2024,2024_II,country,FALSE,IDN,0,Indonesia,Asia,East Asia & Pacific,non-Schengen,m,17
2024,2024_II,country,FALSE,IDN,80,Indonesia,Asia,East Asia & Pacific,non-Schengen,m,18_59
2024,2024_II,country,FALSE,IND,0,India,Asia,South Asia,non-Schengen,f,17
2024,2024_II,country,FALSE,IND,4,India,Asia,South Asia,non-Schengen,f,18_59
2024,2024_II,country,FALSE,IND,0,India,Asia,South Asia,non-Schengen,m,17
2024,2024_II,country,FALSE,IND,147,India,Asia,South Asia,non-Schengen,m,18_59
2024,2024_II,country,FALSE,IRN,0,Iran,Asia,"Middle East, North Africa, Afghanistan & Pakistan",non-Schengen,f,17
2024,2024_II,country,FALSE,IRN,1,Iran,Asia,"Middle East, North Africa, Afghanistan & Pakistan",non-Schengen,f,18_59
2024,2024_II,country,FALSE,IRN,2,Iran,Asia,"Middle East, North Africa, Afghanistan & Pakistan",non-Schengen,m,17
2024,2024_II,country,FALSE,IRN,10,Iran,Asia,"Middle East, North Africa, Afghanistan & Pakistan",non-Schengen,m,18_59
2024,2024_II,country,FALSE,IRQ,0,Iraq,Asia,"Middle East, North Africa, Afghanistan & Pakistan",non-Schengen,m,17
2024,2024_II,country,FALSE,IRQ,4,Iraq,Asia,"Middle East, North Africa, Afghanistan & Pakistan",non-Schengen,m,18_59
2024,2024_II,country,FALSE,ISR,0,Israel,Asia,"Middle East, North Africa, Afghanistan & Pakistan",non-Schengen,m,17
2024,2024_II,country,FALSE,ISR,2,Israel,Asia,"Middle East, North Africa, Afghanistan & Pakistan",non-Schengen,m,18_59
2024,2024_II,country,FALSE,JAM,0,Jamaica,Americas,Latin America & Caribbean,non-Schengen,m,17
2024,2024_II,country,FALSE,JAM,1,Jamaica,Americas,Latin America & Caribbean,non-Schengen,m,18_59
2024,2024_II,country,FALSE,JOR,0,Jordan,Asia,"Middle East, North Africa, Afghanistan & Pakistan",non-Schengen,m,17
2024,2024_II,country,FALSE,JOR,2,Jordan,Asia,"Middle East, North Africa, Afghanistan & Pakistan",non-Schengen,m,18_59
2024,2024_II,country,FALSE,KAZ,0,Kazakhstan,Asia,Europe & Central Asia,non-Schengen,f,17
2024,2024_II,country,FALSE,KAZ,14,Kazakhstan,Asia,Europe & Central Asia,non-Schengen,f,18_59
2024,2024_II,country,FALSE,KAZ,3,Kazakhstan,Asia,Europe & Central Asia,non-Schengen,f,60
2024,2024_II,country,FALSE,KAZ,0,Kazakhstan,Asia,Europe & Central Asia,non-Schengen,m,17
2024,2024_II,country,FALSE,KAZ,18,Kazakhstan,Asia,Europe & Central Asia,non-Schengen,m,18_59
2024,2024_II,country,FALSE,KEN,0,Kenya,Africa,Sub-Saharan Africa,non-Schengen,f,17
2024,2024_II,country,FALSE,KEN,6,Kenya,Africa,Sub-Saharan Africa,non-Schengen,f,18_59
2024,2024_II,country,FALSE,KEN,0,Kenya,Africa,Sub-Saharan Africa,non-Schengen,m,17
2024,2024_II,country,FALSE,KEN,2,Kenya,Africa,Sub-Saharan Africa,non-Schengen,m,18_59
2024,2024_II,country,FALSE,KGZ,2,Kyrgyzstan,Asia,Europe & Central Asia,non-Schengen,f,17
2024,2024_II,country,FALSE,KGZ,10,Kyrgyzstan,Asia,Europe & Central Asia,non-Schengen,f,18_59
2024,2024_II,country,FALSE,KGZ,4,Kyrgyzstan,Asia,Europe & Central Asia,non-Schengen,m,17
2024,2024_II,country,FALSE,KGZ,42,Kyrgyzstan,Asia,Europe & Central Asia,non-Schengen,m,18_59
2024,2024_II,country,FALSE,LBY,0,Libya,Africa,"Middle East, North Africa, Afghanistan & Pakistan",non-Schengen,m,17
2024,2024_II,country,FALSE,LBY,2,Libya,Africa,"Middle East, North Africa, Afghanistan & Pakistan",non-Schengen,m,18_59
2024,2024_II,country,FALSE,LKA,0,Sri Lanka,Asia,South Asia,non-Schengen,m,17
2024,2024_II,country,FALSE,LKA,18,Sri Lanka,Asia,South Asia,non-Schengen,m,18_59
2024,2024_II,country,FALSE,LTU,0,Lithuania,Europe,Europe & Central Asia,Schengen,f,17
2024,2024_II,country,FALSE,LTU,1,Lithuania,Europe,Europe & Central Asia,Schengen,f,18_59
2024,2024_II,country,FALSE,MAR,0,Morocco,Africa,"Middle East, North Africa, Afghanistan & Pakistan",non-Schengen,f,17
2024,2024_II,country,FALSE,MAR,1,Morocco,Africa,"Middle East, North Africa, Afghanistan & Pakistan",non-Schengen,f,18_59
2024,2024_II,country,FALSE,MAR,0,Morocco,Africa,"Middle East, North Africa, Afghanistan & Pakistan",non-Schengen,m,17
2024,2024_II,country,FALSE,MAR,11,Morocco,Africa,"Middle East, North Africa, Afghanistan & Pakistan",non-Schengen,m,18_59
2024,2024_II,country,FALSE,MDA,2,Moldova,Europe,Europe & Central Asia,non-Schengen,f,17
2024,2024_II,country,FALSE,MDA,28,Moldova,Europe,Europe & Central Asia,non-Schengen,f,18_59
2024,2024_II,country,FALSE,MDA,6,Moldova,Europe,Europe & Central Asia,non-Schengen,m,17
2024,2024_II,country,FALSE,MDA,168,Moldova,Europe,Europe & Central Asia,non-Schengen,m,18_59
2024,2024_II,country,FALSE,MEX,0,Mexico,Americas,Latin America & Caribbean,non-Schengen,m,17
2024,2024_II,country,FALSE,MEX,1,Mexico,Americas,Latin America & Caribbean,non-Schengen,m,18_59
2024,2024_II,country,FALSE,MKD,0,North Macedonia,Europe,Europe & Central Asia,non-Schengen,m,17
2024,2024_II,country,FALSE,MKD,3,North Macedonia,Europe,Europe & Central Asia,non-Schengen,m,18_59
2024,2024_II,country,FALSE,MLI,0,Mali,Africa,Sub-Saharan Africa,non-Schengen,m,17
2024,2024_II,country,FALSE,MLI,4,Mali,Africa,Sub-Saharan Africa,non-Schengen,m,18_59
2024,2024_II,country,FALSE,MMR,0,Myanmar (Burma),Asia,East Asia & Pacific,non-Schengen,m,17
2024,2024_II,country,FALSE,MMR,1,Myanmar (Burma),Asia,East Asia & Pacific,non-Schengen,m,18_59
2024,2024_II,country,FALSE,MNE,0,Montenegro,Europe,Europe & Central Asia,non-Schengen,m,17
2024,2024_II,country,FALSE,MNE,1,Montenegro,Europe,Europe & Central Asia,non-Schengen,m,18_59
2024,2024_II,country,FALSE,MNG,0,Mongolia,Asia,East Asia & Pacific,non-Schengen,f,17
2024,2024_II,country,FALSE,MNG,9,Mongolia,Asia,East Asia & Pacific,non-Schengen,f,18_59
2024,2024_II,country,FALSE,MNG,1,Mongolia,Asia,East Asia & Pacific,non-Schengen,m,17
2024,2024_II,country,FALSE,MNG,7,Mongolia,Asia,East Asia & Pacific,non-Schengen,m,18_59
2024,2024_II,country,FALSE,MOZ,0,Mozambique,Africa,Sub-Saharan Africa,non-Schengen,m,17
2024,2024_II,country,FALSE,MOZ,2,Mozambique,Africa,Sub-Saharan Africa,non-Schengen,m,18_59
2024,2024_II,country,FALSE,MUS,0,Mauritius,Africa,Sub-Saharan Africa,non-Schengen,m,17
2024,2024_II,country,FALSE,MUS,1,Mauritius,Africa,Sub-Saharan Africa,non-Schengen,m,18_59
2024,2024_II,country,FALSE,MYS,0,Malaysia,Asia,East Asia & Pacific,non-Schengen,f,17
2024,2024_II,country,FALSE,MYS,1,Malaysia,Asia,East Asia & Pacific,non-Schengen,f,18_59
2024,2024_II,country,FALSE,MYS,0,Malaysia,Asia,East Asia & Pacific,non-Schengen,m,17
2024,2024_II,country,FALSE,MYS,1,Malaysia,Asia,East Asia & Pacific,non-Schengen,m,18_59
2024,2024_II,country,FALSE,NGA,0,Nigeria,Africa,Sub-Saharan Africa,non-Schengen,f,17
2024,2024_II,country,FALSE,NGA,8,Nigeria,Africa,Sub-Saharan Africa,non-Schengen,f,18_59
2024,2024_II,country,FALSE,NGA,0,Nigeria,Africa,Sub-Saharan Africa,non-Schengen,m,17
2024,2024_II,country,FALSE,NGA,37,Nigeria,Africa,Sub-Saharan Africa,non-Schengen,m,18_59
2024,2024_II,country,FALSE,NPL,0,Nepal,Asia,South Asia,non-Schengen,f,17
2024,2024_II,country,FALSE,NPL,12,Nepal,Asia,South Asia,non-Schengen,f,18_59
2024,2024_II,country,FALSE,NPL,0,Nepal,Asia,South Asia,non-Schengen,m,17
2024,2024_II,country,FALSE,NPL,87,Nepal,Asia,South Asia,non-Schengen,m,18_59
2024,2024_II,country,FALSE,PAK,0,Pakistan,Asia,"Middle East, North Africa, Afghanistan & Pakistan",non-Schengen,m,17
2024,2024_II,country,FALSE,PAK,12,Pakistan,Asia,"Middle East, North Africa, Afghanistan & Pakistan",non-Schengen,m,18_59
2024,2024_II,country,FALSE,PER,0,Peru,Americas,Latin America & Caribbean,non-Schengen,f,17
2024,2024_II,country,FALSE,PER,1,Peru,Americas,Latin America & Caribbean,non-Schengen,f,18_59
2024,2024_II,country,FALSE,PER,1,Peru,Americas,Latin America & Caribbean,non-Schengen,f,60
2024,2024_II,country,FALSE,PER,0,Peru,Americas,Latin America & Caribbean,non-Schengen,m,17
2024,2024_II,country,FALSE,PER,5,Peru,Americas,Latin America & Caribbean,non-Schengen,m,18_59
2024,2024_II,country,FALSE,PHL,0,Philippines,Asia,East Asia & Pacific,non-Schengen,f,17
2024,2024_II,country,FALSE,PHL,32,Philippines,Asia,East Asia & Pacific,non-Schengen,f,18_59
2024,2024_II,country,FALSE,PHL,2,Philippines,Asia,East Asia & Pacific,non-Schengen,m,17
2024,2024_II,country,FALSE,PHL,104,Philippines,Asia,East Asia & Pacific,non-Schengen,m,18_59
2024,2024_II,country,FALSE,PSE,0,Palestinian Territories,Asia,"Middle East, North Africa, Afghanistan & Pakistan",non-Schengen,m,17
2024,2024_II,country,FALSE,PSE,1,Palestinian Territories,Asia,"Middle East, North Africa, Afghanistan & Pakistan",non-Schengen,m,18_59
2024,2024_II,country,FALSE,RKS,0,KOSOVO,Europe,Europe & Central Asia,non-Schengen,m,17
2024,2024_II,country,FALSE,RKS,1,KOSOVO,Europe,Europe & Central Asia,non-Schengen,m,18_59
2024,2024_II,country,FALSE,ROU,1,Romania,Europe,Europe & Central Asia,non-Schengen,f,17
2024,2024_II,country,FALSE,ROU,1,Romania,Europe,Europe & Central Asia,non-Schengen,f,18_59
2024,2024_II,country,FALSE,ROU,1,Romania,Europe,Europe & Central Asia,non-Schengen,m,17
2024,2024_II,country,FALSE,ROU,2,Romania,Europe,Europe & Central Asia,non-Schengen,m,18_59
2024,2024_II,country,FALSE,RUS,20,Russia,Europe,Europe & Central Asia,non-Schengen,f,17
2024,2024_II,country,FALSE,RUS,28,Russia,Europe,Europe & Central Asia,non-Schengen,f,18_59
2024,2024_II,country,FALSE,RUS,4,Russia,Europe,Europe & Central Asia,non-Schengen,f,60
2024,2024_II,country,FALSE,RUS,13,Russia,Europe,Europe & Central Asia,non-Schengen,m,17
2024,2024_II,country,FALSE,RUS,58,Russia,Europe,Europe & Central Asia,non-Schengen,m,18_59
2024,2024_II,country,FALSE,RUS,2,Russia,Europe,Europe & Central Asia,non-Schengen,m,60
2024,2024_II,country,FALSE,RWA,0,Rwanda,Africa,Sub-Saharan Africa,non-Schengen,f,17
2024,2024_II,country,FALSE,RWA,5,Rwanda,Africa,Sub-Saharan Africa,non-Schengen,f,18_59
2024,2024_II,country,FALSE,RWA,0,Rwanda,Africa,Sub-Saharan Africa,non-Schengen,m,17
2024,2024_II,country,FALSE,RWA,8,Rwanda,Africa,Sub-Saharan Africa,non-Schengen,m,18_59
2024,2024_II,country,FALSE,SDN,0,Sudan,Africa,Sub-Saharan Africa,non-Schengen,f,17
2024,2024_II,country,FALSE,SDN,1,Sudan,Africa,Sub-Saharan Africa,non-Schengen,f,18_59
2024,2024_II,country,FALSE,SEN,0,Senegal,Africa,Sub-Saharan Africa,non-Schengen,m,17
2024,2024_II,country,FALSE,SEN,1,Senegal,Africa,Sub-Saharan Africa,non-Schengen,m,18_59
2024,2024_II,country,FALSE,SLV,0,El Salvador,Americas,Latin America & Caribbean,non-Schengen,m,17
2024,2024_II,country,FALSE,SLV,1,El Salvador,Americas,Latin America & Caribbean,non-Schengen,m,18_59
2024,2024_II,country,FALSE,SOM,0,Somalia,Africa,Sub-Saharan Africa,non-Schengen,m,17
2024,2024_II,country,FALSE,SOM,2,Somalia,Africa,Sub-Saharan Africa,non-Schengen,m,18_59
2024,2024_II,country,FALSE,SRB,0,Serbia,Europe,Europe & Central Asia,non-Schengen,f,17
2024,2024_II,country,FALSE,SRB,1,Serbia,Europe,Europe & Central Asia,non-Schengen,f,18_59
2024,2024_II,country,FALSE,SRB,0,Serbia,Europe,Europe & Central Asia,non-Schengen,m,17
2024,2024_II,country,FALSE,SRB,5,Serbia,Europe,Europe & Central Asia,non-Schengen,m,18_59
2024,2024_II,country,FALSE,SRB,1,Serbia,Europe,Europe & Central Asia,non-Schengen,m,60
2024,2024_II,country,FALSE,SVK,0,Slovakia,Europe,Europe & Central Asia,Schengen,m,17
2024,2024_II,country,FALSE,SVK,1,Slovakia,Europe,Europe & Central Asia,Schengen,m,18_59
2024,2024_II,country,FALSE,SYR,0,Syria,Asia,"Middle East, North Africa, Afghanistan & Pakistan",non-Schengen,m,17
2024,2024_II,country,FALSE,SYR,8,Syria,Asia,"Middle East, North Africa, Afghanistan & Pakistan",non-Schengen,m,18_59
2024,2024_II,country,FALSE,THA,0,Thailand,Asia,East Asia & Pacific,non-Schengen,f,17
2024,2024_II,country,FALSE,THA,1,Thailand,Asia,East Asia & Pacific,non-Schengen,f,18_59
2024,2024_II,country,FALSE,THA,0,Thailand,Asia,East Asia & Pacific,non-Schengen,m,17
2024,2024_II,country,FALSE,THA,1,Thailand,Asia,East Asia & Pacific,non-Schengen,m,18_59
2024,2024_II,country,FALSE,TJK,1,Tajikistan,Asia,Europe & Central Asia,non-Schengen,f,17
2024,2024_II,country,FALSE,TJK,4,Tajikistan,Asia,Europe & Central Asia,non-Schengen,f,18_59
2024,2024_II,country,FALSE,TJK,0,Tajikistan,Asia,Europe & Central Asia,non-Schengen,m,17
2024,2024_II,country,FALSE,TJK,64,Tajikistan,Asia,Europe & Central Asia,non-Schengen,m,18_59
2024,2024_II,country,FALSE,TKM,0,Turkmenistan,Asia,Europe & Central Asia,non-Schengen,f,17
2024,2024_II,country,FALSE,TKM,5,Turkmenistan,Asia,Europe & Central Asia,non-Schengen,f,18_59
2024,2024_II,country,FALSE,TKM,0,Turkmenistan,Asia,Europe & Central Asia,non-Schengen,m,17
2024,2024_II,country,FALSE,TKM,59,Turkmenistan,Asia,Europe & Central Asia,non-Schengen,m,18_59
2024,2024_II,country,FALSE,TKM,1,Turkmenistan,Asia,Europe & Central Asia,non-Schengen,m,60
2024,2024_II,country,FALSE,TTO,0,Trinidad & Tobago,Americas,Latin America & Caribbean,non-Schengen,f,17
2024,2024_II,country,FALSE,TTO,1,Trinidad & Tobago,Americas,Latin America & Caribbean,non-Schengen,f,18_59
2024,2024_II,country,FALSE,TUN,0,Tunisia,Africa,"Middle East, North Africa, Afghanistan & Pakistan",non-Schengen,f,17
2024,2024_II,country,FALSE,TUN,1,Tunisia,Africa,"Middle East, North Africa, Afghanistan & Pakistan",non-Schengen,f,18_59
2024,2024_II,country,FALSE,TUN,1,Tunisia,Africa,"Middle East, North Africa, Afghanistan & Pakistan",non-Schengen,m,17
2024,2024_II,country,FALSE,TUN,8,Tunisia,Africa,"Middle East, North Africa, Afghanistan & Pakistan",non-Schengen,m,18_59
2024,2024_II,country,FALSE,TUR,0,Turkey,Asia,Europe & Central Asia,non-Schengen,f,17
2024,2024_II,country,FALSE,TUR,3,Turkey,Asia,Europe & Central Asia,non-Schengen,f,18_59
2024,2024_II,country,FALSE,TUR,0,Turkey,Asia,Europe & Central Asia,non-Schengen,m,17
2024,2024_II,country,FALSE,TUR,51,Turkey,Asia,Europe & Central Asia,non-Schengen,m,18_59
2024,2024_II,country,FALSE,TZA,2,Tanzania,Africa,Sub-Saharan Africa,non-Schengen,f,17
2024,2024_II,country,FALSE,TZA,4,Tanzania,Africa,Sub-Saharan Africa,non-Schengen,f,18_59
2024,2024_II,country,FALSE,TZA,0,Tanzania,Africa,Sub-Saharan Africa,non-Schengen,m,17
2024,2024_II,country,FALSE,TZA,4,Tanzania,Africa,Sub-Saharan Africa,non-Schengen,m,18_59
2024,2024_II,country,FALSE,UGA,0,Uganda,Africa,Sub-Saharan Africa,non-Schengen,m,17
2024,2024_II,country,FALSE,UGA,3,Uganda,Africa,Sub-Saharan Africa,non-Schengen,m,18_59
2024,2024_II,country,FALSE,UKR,0,Ukraine,Europe,Europe & Central Asia,non-Schengen,f,17
2024,2024_II,country,FALSE,UKR,41,Ukraine,Europe,Europe & Central Asia,non-Schengen,f,18_59
2024,2024_II,country,FALSE,UKR,2,Ukraine,Europe,Europe & Central Asia,non-Schengen,f,60
2024,2024_II,country,FALSE,UKR,6,Ukraine,Europe,Europe & Central Asia,non-Schengen,m,17
2024,2024_II,country,FALSE,UKR,377,Ukraine,Europe,Europe & Central Asia,non-Schengen,m,18_59
2024,2024_II,country,FALSE,UKR,6,Ukraine,Europe,Europe & Central Asia,non-Schengen,m,60
2024,2024_II,country,FALSE,USA,0,United States,Americas,North America,non-Schengen,f,17
2024,2024_II,country,FALSE,USA,2,United States,Americas,North America,non-Schengen,f,18_59
2024,2024_II,country,FALSE,USA,1,United States,Americas,North America,non-Schengen,f,60
2024,2024_II,country,FALSE,USA,0,United States,Americas,North America,non-Schengen,m,17
2024,2024_II,country,FALSE,USA,3,United States,Americas,North America,non-Schengen,m,18_59
2024,2024_II,country,FALSE,UZB,0,Uzbekistan,Asia,Europe & Central Asia,non-Schengen,f,17
2024,2024_II,country,FALSE,UZB,6,Uzbekistan,Asia,Europe & Central Asia,non-Schengen,f,18_59
2024,2024_II,country,FALSE,UZB,1,Uzbekistan,Asia,Europe & Central Asia,non-Schengen,f,60
2024,2024_II,country,FALSE,UZB,1,Uzbekistan,Asia,Europe & Central Asia,non-Schengen,m,17
2024,2024_II,country,FALSE,UZB,208,Uzbekistan,Asia,Europe & Central Asia,non-Schengen,m,18_59
2024,2024_II,country,FALSE,VEN,0,Venezuela,Americas,Latin America & Caribbean,non-Schengen,f,17
2024,2024_II,country,FALSE,VEN,3,Venezuela,Americas,Latin America & Caribbean,non-Schengen,f,18_59
2024,2024_II,country,FALSE,VEN,1,Venezuela,Americas,Latin America & Caribbean,non-Schengen,f,60
2024,2024_II,country,FALSE,VEN,0,Venezuela,Americas,Latin America & Caribbean,non-Schengen,m,17
2024,2024_II,country,FALSE,VEN,5,Venezuela,Americas,Latin America & Caribbean,non-Schengen,m,18_59
2024,2024_II,country,FALSE,VNM,0,Vietnam,Asia,East Asia & Pacific,non-Schengen,f,17
2024,2024_II,country,FALSE,VNM,19,Vietnam,Asia,East Asia & Pacific,non-Schengen,f,18_59
2024,2024_II,country,FALSE,VNM,2,Vietnam,Asia,East Asia & Pacific,non-Schengen,f,60
2024,2024_II,country,FALSE,VNM,0,Vietnam,Asia,East Asia & Pacific,non-Schengen,m,17
2024,2024_II,country,FALSE,VNM,70,Vietnam,Asia,East Asia & Pacific,non-Schengen,m,18_59
2024,2024_II,country,FALSE,XXX,0,Stateless,other/unknown,other/unknown,non-Schengen,f,17
2024,2024_II,country,FALSE,XXX,1,Stateless,other/unknown,other/unknown,non-Schengen,f,18_59
2024,2024_II,country,FALSE,XXX,0,Stateless,other/unknown,other/unknown,non-Schengen,m,17
2024,2024_II,country,FALSE,XXX,3,Stateless,other/unknown,other/unknown,non-Schengen,m,18_59
2024,2024_II,country,FALSE,YEM,1,Yemen,Asia,"Middle East, North Africa, Afghanistan & Pakistan",non-Schengen,f,17
2024,2024_II,country,FALSE,ZAF,0,South Africa,Africa,Sub-Saharan Africa,non-Schengen,f,17
2024,2024_II,country,FALSE,ZAF,2,South Africa,Africa,Sub-Saharan Africa,non-Schengen,f,18_59
2024,2024_II,country,FALSE,ZAF,0,South Africa,Africa,Sub-Saharan Africa,non-Schengen,m,17
2024,2024_II,country,FALSE,ZAF,12,South Africa,Africa,Sub-Saharan Africa,non-Schengen,m,18_59
2024,2024_II,country,FALSE,ZWE,0,Zimbabwe,Africa,Sub-Saharan Africa,non-Schengen,f,17
2024,2024_II,country,FALSE,ZWE,12,Zimbabwe,Africa,Sub-Saharan Africa,non-Schengen,f,18_59
2024,2024_II,country,FALSE,ZWE,0,Zimbabwe,Africa,Sub-Saharan Africa,non-Schengen,m,17
2024,2024_II,country,FALSE,ZWE,31,Zimbabwe,Africa,Sub-Saharan Africa,non-Schengen,m,18_59
2024,2024_II,country,TRUE,AFG,0,Afghanistan,Asia,"Middle East, North Africa, Afghanistan & Pakistan",non-Schengen,m,17
2024,2024_II,country,TRUE,AFG,3,Afghanistan,Asia,"Middle East, North Africa, Afghanistan & Pakistan",non-Schengen,m,18_59
2024,2024_II,country,TRUE,AZE,0,Azerbaijan,Asia,Europe & Central Asia,non-Schengen,m,17
2024,2024_II,country,TRUE,AZE,1,Azerbaijan,Asia,Europe & Central Asia,non-Schengen,m,18_59
2024,2024_II,country,TRUE,BLR,0,Belarus,Europe,Europe & Central Asia,non-Schengen,f,17
2024,2024_II,country,TRUE,BLR,1,Belarus,Europe,Europe & Central Asia,non-Schengen,f,18_59
2024,2024_II,country,TRUE,BLR,0,Belarus,Europe,Europe & Central Asia,non-Schengen,m,17
2024,2024_II,country,TRUE,BLR,8,Belarus,Europe,Europe & Central Asia,non-Schengen,m,18_59
2024,2024_II,country,TRUE,GEO,0,Georgia,Asia,Europe & Central Asia,non-Schengen,m,17
2024,2024_II,country,TRUE,GEO,21,Georgia,Asia,Europe & Central Asia,non-Schengen,m,18_59
2024,2024_II,country,TRUE,IDN,0,Indonesia,Asia,East Asia & Pacific,non-Schengen,m,17
2024,2024_II,country,TRUE,IDN,1,Indonesia,Asia,East Asia & Pacific,non-Schengen,m,18_59
2024,2024_II,country,TRUE,IND,0,India,Asia,South Asia,non-Schengen,m,17
2024,2024_II,country,TRUE,IND,3,India,Asia,South Asia,non-Schengen,m,18_59
2024,2024_II,country,TRUE,LKA,0,Sri Lanka,Asia,South Asia,non-Schengen,m,17
2024,2024_II,country,TRUE,LKA,1,Sri Lanka,Asia,South Asia,non-Schengen,m,18_59
2024,2024_II,country,TRUE,MDA,0,Moldova,Europe,Europe & Central Asia,non-Schengen,m,17
2024,2024_II,country,TRUE,MDA,7,Moldova,Europe,Europe & Central Asia,non-Schengen,m,18_59
2024,2024_II,country,TRUE,MNG,0,Mongolia,Asia,East Asia & Pacific,non-Schengen,m,17
2024,2024_II,country,TRUE,MNG,1,Mongolia,Asia,East Asia & Pacific,non-Schengen,m,18_59
2024,2024_II,country,TRUE,PHL,0,Philippines,Asia,East Asia & Pacific,non-Schengen,m,17
2024,2024_II,country,TRUE,PHL,2,Philippines,Asia,East Asia & Pacific,non-Schengen,m,18_59
2024,2024_II,country,TRUE,RUS,0,Russia,Europe,Europe & Central Asia,non-Schengen,m,17
2024,2024_II,country,TRUE,RUS,3,Russia,Europe,Europe & Central Asia,non-Schengen,m,18_59
2024,2024_II,country,TRUE,RWA,0,Rwanda,Africa,Sub-Saharan Africa,non-Schengen,m,17
2024,2024_II,country,TRUE,RWA,2,Rwanda,Africa,Sub-Saharan Africa,non-Schengen,m,18_59
2024,2024_II,country,TRUE,SYR,0,Syria,Asia,"Middle East, North Africa, Afghanistan & Pakistan",non-Schengen,m,17
2024,2024_II,country,TRUE,SYR,2,Syria,Asia,"Middle East, North Africa, Afghanistan & Pakistan",non-Schengen,m,18_59
2024,2024_II,country,TRUE,TJK,0,Tajikistan,Asia,Europe & Central Asia,non-Schengen,m,17
2024,2024_II,country,TRUE,TJK,3,Tajikistan,Asia,Europe & Central Asia,non-Schengen,m,18_59
2024,2024_II,country,TRUE,TUR,0,Turkey,Asia,Europe & Central Asia,non-Schengen,m,17
2024,2024_II,country,TRUE,TUR,2,Turkey,Asia,Europe & Central Asia,non-Schengen,m,18_59
2024,2024_II,country,TRUE,UKR,0,Ukraine,Europe,Europe & Central Asia,non-Schengen,f,17
2024,2024_II,country,TRUE,UKR,2,Ukraine,Europe,Europe & Central Asia,non-Schengen,f,18_59
2024,2024_II,country,TRUE,UKR,0,Ukraine,Europe,Europe & Central Asia,non-Schengen,m,17
2024,2024_II,country,TRUE,UKR,15,Ukraine,Europe,Europe & Central Asia,non-Schengen,m,18_59
2024,2024_II,country,TRUE,UZB,0,Uzbekistan,Asia,Europe & Central Asia,non-Schengen,m,17
2024,2024_II,country,TRUE,UZB,8,Uzbekistan,Asia,Europe & Central Asia,non-Schengen,m,18_59
2024,2024_II,country,TRUE,ZWE,0,Zimbabwe,Africa,Sub-Saharan Africa,non-Schengen,m,17
2024,2024_II,country,TRUE,ZWE,2,Zimbabwe,Africa,Sub-Saharan Africa,non-Schengen,m,18_59
2024,2024_II,external air,FALSE,AFG,0,Afghanistan,Asia,"Middle East, North Africa, Afghanistan & Pakistan",non-Schengen,f,17
2024,2024_II,external air,FALSE,AFG,1,Afghanistan,Asia,"Middle East, North Africa, Afghanistan & Pakistan",non-Schengen,f,18_59
2024,2024_II,external air,FALSE,AFG,0,Afghanistan,Asia,"Middle East, North Africa, Afghanistan & Pakistan",non-Schengen,m,17
2024,2024_II,external air,FALSE,AFG,2,Afghanistan,Asia,"Middle East, North Africa, Afghanistan & Pakistan",non-Schengen,m,18_59
2024,2024_II,external air,FALSE,AFG,1,Afghanistan,Asia,"Middle East, North Africa, Afghanistan & Pakistan",non-Schengen,m,60
2024,2024_II,external air,FALSE,ALB,0,Albania,Europe,Europe & Central Asia,non-Schengen,f,17
2024,2024_II,external air,FALSE,ALB,2,Albania,Europe,Europe & Central Asia,non-Schengen,f,18_59
2024,2024_II,external air,FALSE,ALB,0,Albania,Europe,Europe & Central Asia,non-Schengen,m,17
2024,2024_II,external air,FALSE,ALB,11,Albania,Europe,Europe & Central Asia,non-Schengen,m,18_59
2024,2024_II,external air,FALSE,ARE,0,United Arab Emirates,Asia,"Middle East, North Africa, Afghanistan & Pakistan",non-Schengen,m,17
2024,2024_II,external air,FALSE,ARE,1,United Arab Emirates,Asia,"Middle East, North Africa, Afghanistan & Pakistan",non-Schengen,m,18_59
2024,2024_II,external air,FALSE,ARE,1,United Arab Emirates,Asia,"Middle East, North Africa, Afghanistan & Pakistan",non-Schengen,m,60
2024,2024_II,external air,FALSE,ARG,0,Argentina,Americas,Latin America & Caribbean,non-Schengen,m,17
2024,2024_II,external air,FALSE,ARG,1,Argentina,Americas,Latin America & Caribbean,non-Schengen,m,18_59
2024,2024_II,external air,FALSE,ARM,0,Armenia,Asia,Europe & Central Asia,non-Schengen,f,17
2024,2024_II,external air,FALSE,ARM,2,Armenia,Asia,Europe & Central Asia,non-Schengen,f,18_59
2024,2024_II,external air,FALSE,ARM,0,Armenia,Asia,Europe & Central Asia,non-Schengen,m,17
2024,2024_II,external air,FALSE,ARM,4,Armenia,Asia,Europe & Central Asia,non-Schengen,m,18_59
2024,2024_II,external air,FALSE,AUS,0,Australia,Oceania,East Asia & Pacific,non-Schengen,m,17
2024,2024_II,external air,FALSE,AUS,2,Australia,Oceania,East Asia & Pacific,non-Schengen,m,18_59
2024,2024_II,external air,FALSE,AZE,0,Azerbaijan,Asia,Europe & Central Asia,non-Schengen,f,17
2024,2024_II,external air,FALSE,AZE,1,Azerbaijan,Asia,Europe & Central Asia,non-Schengen,f,18_59
2024,2024_II,external air,FALSE,AZE,0,Azerbaijan,Asia,Europe & Central Asia,non-Schengen,m,17
2024,2024_II,external air,FALSE,AZE,7,Azerbaijan,Asia,Europe & Central Asia,non-Schengen,m,18_59
2024,2024_II,external air,FALSE,BGD,0,Bangladesh,Asia,South Asia,non-Schengen,f,17
2024,2024_II,external air,FALSE,BGD,2,Bangladesh,Asia,South Asia,non-Schengen,f,18_59
2024,2024_II,external air,FALSE,BGD,0,Bangladesh,Asia,South Asia,non-Schengen,m,17
2024,2024_II,external air,FALSE,BGD,3,Bangladesh,Asia,South Asia,non-Schengen,m,18_59
2024,2024_II,external air,FALSE,BIH,0,Bosnia & Herzegovina,Europe,Europe & Central Asia,non-Schengen,f,17
2024,2024_II,external air,FALSE,BIH,1,Bosnia & Herzegovina,Europe,Europe & Central Asia,non-Schengen,f,18_59
2024,2024_II,external air,FALSE,BRA,0,Brazil,Americas,Latin America & Caribbean,non-Schengen,f,17
2024,2024_II,external air,FALSE,BRA,3,Brazil,Americas,Latin America & Caribbean,non-Schengen,f,18_59
2024,2024_II,external air,FALSE,CAN,0,Canada,Americas,North America,non-Schengen,f,17
2024,2024_II,external air,FALSE,CAN,1,Canada,Americas,North America,non-Schengen,f,18_59
2024,2024_II,external air,FALSE,CAN,0,Canada,Americas,North America,non-Schengen,m,17
2024,2024_II,external air,FALSE,CAN,3,Canada,Americas,North America,non-Schengen,m,18_59
2024,2024_II,external air,FALSE,CHL,0,Chile,Americas,Latin America & Caribbean,non-Schengen,m,17
2024,2024_II,external air,FALSE,CHL,1,Chile,Americas,Latin America & Caribbean,non-Schengen,m,18_59
2024,2024_II,external air,FALSE,CHN,0,China,Asia,East Asia & Pacific,non-Schengen,f,17
2024,2024_II,external air,FALSE,CHN,5,China,Asia,East Asia & Pacific,non-Schengen,f,18_59
2024,2024_II,external air,FALSE,CHN,0,China,Asia,East Asia & Pacific,non-Schengen,m,17
2024,2024_II,external air,FALSE,CHN,11,China,Asia,East Asia & Pacific,non-Schengen,m,18_59
2024,2024_II,external air,FALSE,COL,0,Colombia,Americas,Latin America & Caribbean,non-Schengen,f,17
2024,2024_II,external air,FALSE,COL,2,Colombia,Americas,Latin America & Caribbean,non-Schengen,f,18_59
2024,2024_II,external air,FALSE,COL,0,Colombia,Americas,Latin America & Caribbean,non-Schengen,m,17
2024,2024_II,external air,FALSE,COL,10,Colombia,Americas,Latin America & Caribbean,non-Schengen,m,18_59
2024,2024_II,external air,FALSE,EGY,0,Egypt,Africa,"Middle East, North Africa, Afghanistan & Pakistan",non-Schengen,m,17
2024,2024_II,external air,FALSE,EGY,1,Egypt,Africa,"Middle East, North Africa, Afghanistan & Pakistan",non-Schengen,m,18_59
2024,2024_II,external air,FALSE,GBR,1,United Kingdom,Europe,Europe & Central Asia,non-Schengen,f,17
2024,2024_II,external air,FALSE,GBR,3,United Kingdom,Europe,Europe & Central Asia,non-Schengen,f,18_59
2024,2024_II,external air,FALSE,GBR,1,United Kingdom,Europe,Europe & Central Asia,non-Schengen,f,60
2024,2024_II,external air,FALSE,GBR,1,United Kingdom,Europe,Europe & Central Asia,non-Schengen,m,17
2024,2024_II,external air,FALSE,GBR,22,United Kingdom,Europe,Europe & Central Asia,non-Schengen,m,18_59
2024,2024_II,external air,FALSE,GBR,2,United Kingdom,Europe,Europe & Central Asia,non-Schengen,m,60
2024,2024_II,external air,FALSE,GEO,9,Georgia,Asia,Europe & Central Asia,non-Schengen,f,17
2024,2024_II,external air,FALSE,GEO,129,Georgia,Asia,Europe & Central Asia,non-Schengen,f,18_59
2024,2024_II,external air,FALSE,GEO,5,Georgia,Asia,Europe & Central Asia,non-Schengen,f,60
2024,2024_II,external air,FALSE,GEO,15,Georgia,Asia,Europe & Central Asia,non-Schengen,m,17
2024,2024_II,external air,FALSE,GEO,681,Georgia,Asia,Europe & Central Asia,non-Schengen,m,18_59
2024,2024_II,external air,FALSE,GEO,9,Georgia,Asia,Europe & Central Asia,non-Schengen,m,60
2024,2024_II,external air,FALSE,GHA,0,Ghana,Africa,Sub-Saharan Africa,non-Schengen,f,17
2024,2024_II,external air,FALSE,GHA,1,Ghana,Africa,Sub-Saharan Africa,non-Schengen,f,18_59
2024,2024_II,external air,FALSE,HTI,0,Haiti,Americas,Latin America & Caribbean,non-Schengen,m,17
2024,2024_II,external air,FALSE,HTI,1,Haiti,Americas,Latin America & Caribbean,non-Schengen,m,18_59
2024,2024_II,external air,FALSE,IDN,0,Indonesia,Asia,East Asia & Pacific,non-Schengen,m,17
2024,2024_II,external air,FALSE,IDN,12,Indonesia,Asia,East Asia & Pacific,non-Schengen,m,18_59
2024,2024_II,external air,FALSE,IND,1,India,Asia,South Asia,non-Schengen,f,17
2024,2024_II,external air,FALSE,IND,5,India,Asia,South Asia,non-Schengen,f,18_59
2024,2024_II,external air,FALSE,IND,1,India,Asia,South Asia,non-Schengen,f,60
2024,2024_II,external air,FALSE,IND,1,India,Asia,South Asia,non-Schengen,m,17
2024,2024_II,external air,FALSE,IND,26,India,Asia,South Asia,non-Schengen,m,18_59
2024,2024_II,external air,FALSE,IRN,0,Iran,Asia,"Middle East, North Africa, Afghanistan & Pakistan",non-Schengen,m,17
2024,2024_II,external air,FALSE,IRN,2,Iran,Asia,"Middle East, North Africa, Afghanistan & Pakistan",non-Schengen,m,18_59
2024,2024_II,external air,FALSE,ISR,0,Israel,Asia,"Middle East, North Africa, Afghanistan & Pakistan",non-Schengen,f,17
2024,2024_II,external air,FALSE,ISR,2,Israel,Asia,"Middle East, North Africa, Afghanistan & Pakistan",non-Schengen,f,18_59
2024,2024_II,external air,FALSE,ISR,0,Israel,Asia,"Middle East, North Africa, Afghanistan & Pakistan",non-Schengen,m,17
2024,2024_II,external air,FALSE,ISR,1,Israel,Asia,"Middle East, North Africa, Afghanistan & Pakistan",non-Schengen,m,18_59
2024,2024_II,external air,FALSE,JOR,0,Jordan,Asia,"Middle East, North Africa, Afghanistan & Pakistan",non-Schengen,f,17
2024,2024_II,external air,FALSE,JOR,1,Jordan,Asia,"Middle East, North Africa, Afghanistan & Pakistan",non-Schengen,f,18_59
2024,2024_II,external air,FALSE,JOR,0,Jordan,Asia,"Middle East, North Africa, Afghanistan & Pakistan",non-Schengen,m,17
2024,2024_II,external air,FALSE,JOR,3,Jordan,Asia,"Middle East, North Africa, Afghanistan & Pakistan",non-Schengen,m,18_59
2024,2024_II,external air,FALSE,KAZ,0,Kazakhstan,Asia,Europe & Central Asia,non-Schengen,f,17
2024,2024_II,external air,FALSE,KAZ,3,Kazakhstan,Asia,Europe & Central Asia,non-Schengen,f,18_59
2024,2024_II,external air,FALSE,KAZ,0,Kazakhstan,Asia,Europe & Central Asia,non-Schengen,m,17
2024,2024_II,external air,FALSE,KAZ,6,Kazakhstan,Asia,Europe & Central Asia,non-Schengen,m,18_59
2024,2024_II,external air,FALSE,KEN,0,Kenya,Africa,Sub-Saharan Africa,non-Schengen,m,17
2024,2024_II,external air,FALSE,KEN,1,Kenya,Africa,Sub-Saharan Africa,non-Schengen,m,18_59
2024,2024_II,external air,FALSE,KGZ,0,Kyrgyzstan,Asia,Europe & Central Asia,non-Schengen,f,17
2024,2024_II,external air,FALSE,KGZ,2,Kyrgyzstan,Asia,Europe & Central Asia,non-Schengen,f,18_59
2024,2024_II,external air,FALSE,KGZ,0,Kyrgyzstan,Asia,Europe & Central Asia,non-Schengen,m,17
2024,2024_II,external air,FALSE,KGZ,4,Kyrgyzstan,Asia,Europe & Central Asia,non-Schengen,m,18_59
2024,2024_II,external air,FALSE,KNA,0,St. Kitts & Nevis,Americas,Latin America & Caribbean,non-Schengen,m,17
2024,2024_II,external air,FALSE,KNA,1,St. Kitts & Nevis,Americas,Latin America & Caribbean,non-Schengen,m,18_59
2024,2024_II,external air,FALSE,KOR,0,South Korea,Asia,East Asia & Pacific,non-Schengen,m,17
2024,2024_II,external air,FALSE,KOR,1,South Korea,Asia,East Asia & Pacific,non-Schengen,m,18_59
2024,2024_II,external air,FALSE,LBN,0,Lebanon,Asia,"Middle East, North Africa, Afghanistan & Pakistan",non-Schengen,m,17
2024,2024_II,external air,FALSE,LBN,2,Lebanon,Asia,"Middle East, North Africa, Afghanistan & Pakistan",non-Schengen,m,18_59
2024,2024_II,external air,FALSE,LBN,1,Lebanon,Asia,"Middle East, North Africa, Afghanistan & Pakistan",non-Schengen,m,60
2024,2024_II,external air,FALSE,MAR,0,Morocco,Africa,"Middle East, North Africa, Afghanistan & Pakistan",non-Schengen,m,17
2024,2024_II,external air,FALSE,MAR,2,Morocco,Africa,"Middle East, North Africa, Afghanistan & Pakistan",non-Schengen,m,18_59
2024,2024_II,external air,FALSE,MDA,1,Moldova,Europe,Europe & Central Asia,non-Schengen,f,17
2024,2024_II,external air,FALSE,MDA,4,Moldova,Europe,Europe & Central Asia,non-Schengen,f,18_59
2024,2024_II,external air,FALSE,MDA,0,Moldova,Europe,Europe & Central Asia,non-Schengen,m,17
2024,2024_II,external air,FALSE,MDA,7,Moldova,Europe,Europe & Central Asia,non-Schengen,m,18_59
2024,2024_II,external air,FALSE,MEX,0,Mexico,Americas,Latin America & Caribbean,non-Schengen,f,17
2024,2024_II,external air,FALSE,MEX,1,Mexico,Americas,Latin America & Caribbean,non-Schengen,f,18_59
2024,2024_II,external air,FALSE,MNE,0,Montenegro,Europe,Europe & Central Asia,non-Schengen,m,17
2024,2024_II,external air,FALSE,MNE,1,Montenegro,Europe,Europe & Central Asia,non-Schengen,m,18_59
2024,2024_II,external air,FALSE,MNG,0,Mongolia,Asia,East Asia & Pacific,non-Schengen,f,17
2024,2024_II,external air,FALSE,MNG,1,Mongolia,Asia,East Asia & Pacific,non-Schengen,f,18_59
2024,2024_II,external air,FALSE,MNG,1,Mongolia,Asia,East Asia & Pacific,non-Schengen,f,60
2024,2024_II,external air,FALSE,MNG,0,Mongolia,Asia,East Asia & Pacific,non-Schengen,m,17
2024,2024_II,external air,FALSE,MNG,1,Mongolia,Asia,East Asia & Pacific,non-Schengen,m,18_59
2024,2024_II,external air,FALSE,MNG,1,Mongolia,Asia,East Asia & Pacific,non-Schengen,m,60
2024,2024_II,external air,FALSE,NGA,0,Nigeria,Africa,Sub-Saharan Africa,non-Schengen,f,17
2024,2024_II,external air,FALSE,NGA,1,Nigeria,Africa,Sub-Saharan Africa,non-Schengen,f,18_59
2024,2024_II,external air,FALSE,NGA,0,Nigeria,Africa,Sub-Saharan Africa,non-Schengen,m,17
2024,2024_II,external air,FALSE,NGA,1,Nigeria,Africa,Sub-Saharan Africa,non-Schengen,m,18_59
2024,2024_II,external air,FALSE,NGA,1,Nigeria,Africa,Sub-Saharan Africa,non-Schengen,m,60
2024,2024_II,external air,FALSE,NPL,0,Nepal,Asia,South Asia,non-Schengen,f,17
2024,2024_II,external air,FALSE,NPL,1,Nepal,Asia,South Asia,non-Schengen,f,18_59
2024,2024_II,external air,FALSE,NPL,0,Nepal,Asia,South Asia,non-Schengen,m,17
2024,2024_II,external air,FALSE,NPL,4,Nepal,Asia,South Asia,non-Schengen,m,18_59
2024,2024_II,external air,FALSE,NZL,0,New Zealand,Oceania,East Asia & Pacific,non-Schengen,m,17
2024,2024_II,external air,FALSE,NZL,1,New Zealand,Oceania,East Asia & Pacific,non-Schengen,m,18_59
2024,2024_II,external air,FALSE,PAK,0,Pakistan,Asia,"Middle East, North Africa, Afghanistan & Pakistan",non-Schengen,f,17
2024,2024_II,external air,FALSE,PAK,1,Pakistan,Asia,"Middle East, North Africa, Afghanistan & Pakistan",non-Schengen,f,18_59
2024,2024_II,external air,FALSE,PAK,0,Pakistan,Asia,"Middle East, North Africa, Afghanistan & Pakistan",non-Schengen,m,17
2024,2024_II,external air,FALSE,PAK,2,Pakistan,Asia,"Middle East, North Africa, Afghanistan & Pakistan",non-Schengen,m,18_59
2024,2024_II,external air,FALSE,PHL,0,Philippines,Asia,East Asia & Pacific,non-Schengen,f,17
2024,2024_II,external air,FALSE,PHL,4,Philippines,Asia,East Asia & Pacific,non-Schengen,f,18_59
2024,2024_II,external air,FALSE,PHL,0,Philippines,Asia,East Asia & Pacific,non-Schengen,m,17
2024,2024_II,external air,FALSE,PHL,10,Philippines,Asia,East Asia & Pacific,non-Schengen,m,18_59
2024,2024_II,external air,FALSE,PHL,1,Philippines,Asia,East Asia & Pacific,non-Schengen,m,60
2024,2024_II,external air,FALSE,RUS,1,Russia,Europe,Europe & Central Asia,non-Schengen,f,17
2024,2024_II,external air,FALSE,RUS,3,Russia,Europe,Europe & Central Asia,non-Schengen,f,18_59
2024,2024_II,external air,FALSE,RUS,0,Russia,Europe,Europe & Central Asia,non-Schengen,m,17
2024,2024_II,external air,FALSE,RUS,2,Russia,Europe,Europe & Central Asia,non-Schengen,m,18_59
2024,2024_II,external air,FALSE,RWA,0,Rwanda,Africa,Sub-Saharan Africa,non-Schengen,f,17
2024,2024_II,external air,FALSE,RWA,1,Rwanda,Africa,Sub-Saharan Africa,non-Schengen,f,18_59
2024,2024_II,external air,FALSE,SAU,1,Saudi Arabia,Asia,"Middle East, North Africa, Afghanistan & Pakistan",non-Schengen,m,17
2024,2024_II,external air,FALSE,SAU,1,Saudi Arabia,Asia,"Middle East, North Africa, Afghanistan & Pakistan",non-Schengen,m,18_59
2024,2024_II,external air,FALSE,SDN,0,Sudan,Africa,Sub-Saharan Africa,non-Schengen,m,17
2024,2024_II,external air,FALSE,SDN,1,Sudan,Africa,Sub-Saharan Africa,non-Schengen,m,18_59
2024,2024_II,external air,FALSE,SRB,0,Serbia,Europe,Europe & Central Asia,non-Schengen,m,17
2024,2024_II,external air,FALSE,SRB,2,Serbia,Europe,Europe & Central Asia,non-Schengen,m,18_59
2024,2024_II,external air,FALSE,SYR,0,Syria,Asia,"Middle East, North Africa, Afghanistan & Pakistan",non-Schengen,f,17
2024,2024_II,external air,FALSE,SYR,1,Syria,Asia,"Middle East, North Africa, Afghanistan & Pakistan",non-Schengen,f,18_59
2024,2024_II,external air,FALSE,TJK,0,Tajikistan,Asia,Europe & Central Asia,non-Schengen,m,17
2024,2024_II,external air,FALSE,TJK,7,Tajikistan,Asia,Europe & Central Asia,non-Schengen,m,18_59
2024,2024_II,external air,FALSE,TKM,0,Turkmenistan,Asia,Europe & Central Asia,non-Schengen,m,17
2024,2024_II,external air,FALSE,TKM,11,Turkmenistan,Asia,Europe & Central Asia,non-Schengen,m,18_59
2024,2024_II,external air,FALSE,TTO,0,Trinidad & Tobago,Americas,Latin America & Caribbean,non-Schengen,m,17
2024,2024_II,external air,FALSE,TTO,1,Trinidad & Tobago,Americas,Latin America & Caribbean,non-Schengen,m,18_59
2024,2024_II,external air,FALSE,TUR,0,Turkey,Asia,Europe & Central Asia,non-Schengen,f,17
2024,2024_II,external air,FALSE,TUR,10,Turkey,Asia,Europe & Central Asia,non-Schengen,f,18_59
2024,2024_II,external air,FALSE,TUR,2,Turkey,Asia,Europe & Central Asia,non-Schengen,m,17
2024,2024_II,external air,FALSE,TUR,32,Turkey,Asia,Europe & Central Asia,non-Schengen,m,18_59
2024,2024_II,external air,FALSE,UGA,0,Uganda,Africa,Sub-Saharan Africa,non-Schengen,m,17
2024,2024_II,external air,FALSE,UGA,1,Uganda,Africa,Sub-Saharan Africa,non-Schengen,m,18_59
2024,2024_II,external air,FALSE,UKR,0,Ukraine,Europe,Europe & Central Asia,non-Schengen,f,17
2024,2024_II,external air,FALSE,UKR,1,Ukraine,Europe,Europe & Central Asia,non-Schengen,f,18_59
2024,2024_II,external air,FALSE,UKR,0,Ukraine,Europe,Europe & Central Asia,non-Schengen,m,17
2024,2024_II,external air,FALSE,UKR,6,Ukraine,Europe,Europe & Central Asia,non-Schengen,m,18_59
2024,2024_II,external air,FALSE,USA,0,United States,Americas,North America,non-Schengen,m,17
2024,2024_II,external air,FALSE,USA,1,United States,Americas,North America,non-Schengen,m,18_59
2024,2024_II,external air,FALSE,UZB,0,Uzbekistan,Asia,Europe & Central Asia,non-Schengen,m,17
2024,2024_II,external air,FALSE,UZB,43,Uzbekistan,Asia,Europe & Central Asia,non-Schengen,m,18_59
2024,2024_II,external air,FALSE,VEN,0,Venezuela,Americas,Latin America & Caribbean,non-Schengen,f,17
2024,2024_II,external air,FALSE,VEN,1,Venezuela,Americas,Latin America & Caribbean,non-Schengen,f,18_59
2024,2024_II,external air,FALSE,VNM,0,Vietnam,Asia,East Asia & Pacific,non-Schengen,m,17
2024,2024_II,external air,FALSE,VNM,3,Vietnam,Asia,East Asia & Pacific,non-Schengen,m,18_59
2024,2024_II,external air,FALSE,XXX,0,Stateless,other/unknown,other/unknown,non-Schengen,m,17
2024,2024_II,external air,FALSE,XXX,1,Stateless,other/unknown,other/unknown,non-Schengen,m,18_59
2024,2024_II,external air,FALSE,YEM,0,Yemen,Asia,"Middle East, North Africa, Afghanistan & Pakistan",non-Schengen,m,17
2024,2024_II,external air,FALSE,YEM,1,Yemen,Asia,"Middle East, North Africa, Afghanistan & Pakistan",non-Schengen,m,18_59
2024,2024_II,external air,FALSE,ZAF,0,South Africa,Africa,Sub-Saharan Africa,non-Schengen,f,17
2024,2024_II,external air,FALSE,ZAF,1,South Africa,Africa,Sub-Saharan Africa,non-Schengen,f,18_59
2024,2024_II,external air,FALSE,ZAF,0,South Africa,Africa,Sub-Saharan Africa,non-Schengen,m,17
2024,2024_II,external air,FALSE,ZAF,1,South Africa,Africa,Sub-Saharan Africa,non-Schengen,m,18_59
2024,2024_II,external air,FALSE,ZWE,0,Zimbabwe,Africa,Sub-Saharan Africa,non-Schengen,f,17
2024,2024_II,external air,FALSE,ZWE,3,Zimbabwe,Africa,Sub-Saharan Africa,non-Schengen,f,18_59
2024,2024_II,external air,FALSE,ZWE,0,Zimbabwe,Africa,Sub-Saharan Africa,non-Schengen,m,17
2024,2024_II,external air,FALSE,ZWE,2,Zimbabwe,Africa,Sub-Saharan Africa,non-Schengen,m,18_59
